date,time,home_team,away_team,home_score,away_score,home_pens,away_pens,tournament,season,phase,group,matchday,venue,neutral,source,status
2009-02-06,19:00,Tigre,San Lorenzo,1,3,,,Primera Division - Clausura,2009,zonas,,Fecha 1,Monumental de Victoria,false,https://es.wikipedia.org/wiki/Anexo:Torneo_Clausura_2009_(Argentina),
2009-02-06,21:00,Huracán,San Martín (T),1,0,,,Primera Division - Clausura,2009,zonas,,Fecha 1,Tomás A. Ducó,false,https://es.wikipedia.org/wiki/Anexo:Torneo_Clausura_2009_(Argentina),
2009-02-07,17:10,Argentinos Juniors,Arsenal,0,2,,,Primera Division - Clausura,2009,zonas,,Fecha 1,Diego Armando Maradona,false,https://es.wikipedia.org/wiki/Anexo:Torneo_Clausura_2009_(Argentina),
2009-02-07,17:10,Newell's Old Boys,Gimnasia y Esgrima (LP),3,0,,,Primera Division - Clausura,2009,zonas,,Fecha 1,Coloso del Parque,false,https://es.wikipedia.org/wiki/Anexo:Torneo_Clausura_2009_(Argentina),
2009-02-07,19:20,Godoy Cruz,Banfield,1,1,,,Primera Division - Clausura,2009,zonas,,Fecha 1,Malvinas Argentinas,false,https://es.wikipedia.org/wiki/Anexo:Torneo_Clausura_2009_(Argentina),
2009-02-07,21:30,Estudiantes (LP),Rosario Central,0,0,,,Primera Division - Clausura,2009,zonas,,Fecha 1,Ciudad de La Plata,false,https://es.wikipedia.org/wiki/Anexo:Torneo_Clausura_2009_(Argentina),
2009-02-07,21:30,Lanús,Racing Club,3,1,,,Primera Division - Clausura,2009,zonas,,Fecha 1,Ciudad de Lanús,false,https://es.wikipedia.org/wiki/Anexo:Torneo_Clausura_2009_(Argentina),
2009-02-08,17:10,Independiente,Vélez Sarsfield,0,0,,,Primera Division - Clausura,2009,zonas,,Fecha 1,Tomás A. Ducó,false,https://es.wikipedia.org/wiki/Anexo:Torneo_Clausura_2009_(Argentina),
2009-02-08,17:10,River Plate,Colón,2,2,,,Primera Division - Clausura,2009,zonas,,Fecha 1,Monumental,false,https://es.wikipedia.org/wiki/Anexo:Torneo_Clausura_2009_(Argentina),
2009-02-08,19:30,Gimnasia y Esgrima (J),Boca Juniors,1,2,,,Primera Division - Clausura,2009,zonas,,Fecha 1,23 de Agosto,false,https://es.wikipedia.org/wiki/Anexo:Torneo_Clausura_2009_(Argentina),
2009-02-13,19:00,Racing Club,Huracán,1,4,,,Primera Division - Clausura,2009,zonas,,Fecha 2,El Cilindro,false,https://es.wikipedia.org/wiki/Anexo:Torneo_Clausura_2009_(Argentina),
2009-02-13,21:15,Colón,Gimnasia y Esgrima (J),1,0,,,Primera Division - Clausura,2009,zonas,,Fecha 2,Brigadier Estanislao López,false,https://es.wikipedia.org/wiki/Anexo:Torneo_Clausura_2009_(Argentina),
2009-02-14,17:10,Boca Juniors,Newell's Old Boys,0,2,,,Primera Division - Clausura,2009,zonas,,Fecha 2,La Bombonera,false,https://es.wikipedia.org/wiki/Anexo:Torneo_Clausura_2009_(Argentina),
2009-02-14,17:10,Vélez Sarsfield,Argentinos Juniors,1,1,,,Primera Division - Clausura,2009,zonas,,Fecha 2,José Amalfitani,false,https://es.wikipedia.org/wiki/Anexo:Torneo_Clausura_2009_(Argentina),
2009-02-14,19:20,Banfield,Estudiantes (LP),1,0,,,Primera Division - Clausura,2009,zonas,,Fecha 2,Florencio Sola,false,https://es.wikipedia.org/wiki/Anexo:Torneo_Clausura_2009_(Argentina),
2009-02-14,21:30,Arsenal,Tigre,2,0,,,Primera Division - Clausura,2009,zonas,,Fecha 2,El Viaducto,false,https://es.wikipedia.org/wiki/Anexo:Torneo_Clausura_2009_(Argentina),
2009-02-15,17:10,Gimnasia y Esgrima (LP),Lanús,3,2,,,Primera Division - Clausura,2009,zonas,,Fecha 2,Juan Carmelo Zerillo,false,https://es.wikipedia.org/wiki/Anexo:Torneo_Clausura_2009_(Argentina),
2009-02-15,17:10,Rosario Central,River Plate,1,2,,,Primera Division - Clausura,2009,zonas,,Fecha 2,Gigante de Arroyito,false,https://es.wikipedia.org/wiki/Anexo:Torneo_Clausura_2009_(Argentina),
2009-02-15,19:30,San Lorenzo,Godoy Cruz,1,2,,,Primera Division - Clausura,2009,zonas,,Fecha 2,Nuevo Gasómetro,false,https://es.wikipedia.org/wiki/Anexo:Torneo_Clausura_2009_(Argentina),
2009-02-15,19:30,San Martín (T),Independiente,3,0,,,Primera Division - Clausura,2009,zonas,,Fecha 2,La Ciudadela,false,https://es.wikipedia.org/wiki/Anexo:Torneo_Clausura_2009_(Argentina),
2009-02-20,19:00,Newell's Old Boys,Gimnasia y Esgrima (J),1,1,,,Primera Division - Clausura,2009,zonas,,Fecha 3,Coloso del Parque,false,https://es.wikipedia.org/wiki/Anexo:Torneo_Clausura_2009_(Argentina),
2009-02-20,21:15,Huracán,Gimnasia y Esgrima (LP),0,2,,,Primera Division - Clausura,2009,zonas,,Fecha 3,Tomás A. Ducó,false,https://es.wikipedia.org/wiki/Anexo:Torneo_Clausura_2009_(Argentina),
2009-02-21,17:10,Independiente,Racing Club,2,0,,,Primera Division - Clausura,2009,zonas,,Fecha 3,Tomás A. Ducó,false,https://es.wikipedia.org/wiki/Anexo:Torneo_Clausura_2009_(Argentina),
2009-02-21,18:45,Colón,Rosario Central,2,0,,,Primera Division - Clausura,2009,zonas,,Fecha 3,Brigadier Estanislao López,false,https://es.wikipedia.org/wiki/Anexo:Torneo_Clausura_2009_(Argentina),
2009-02-21,21:30,Godoy Cruz,Arsenal,1,0,,,Primera Division - Clausura,2009,zonas,,Fecha 3,Malvinas Argentinas,false,https://es.wikipedia.org/wiki/Anexo:Torneo_Clausura_2009_(Argentina),
2009-02-21,21:30,Tigre,Vélez Sarsfield,1,2,,,Primera Division - Clausura,2009,zonas,,Fecha 3,Monumental de Victoria,false,https://es.wikipedia.org/wiki/Anexo:Torneo_Clausura_2009_(Argentina),
2009-02-22,17:10,Argentinos Juniors,San Martín (T),2,2,,,Primera Division - Clausura,2009,zonas,,Fecha 3,Diego Armando Maradona,false,https://es.wikipedia.org/wiki/Anexo:Torneo_Clausura_2009_(Argentina),
2009-02-22,17:10,Lanús,Boca Juniors,1,0,,,Primera Division - Clausura,2009,zonas,,Fecha 3,Ciudad de Lanús,false,https://es.wikipedia.org/wiki/Anexo:Torneo_Clausura_2009_(Argentina),
2009-02-22,19:30,Estudiantes (LP),San Lorenzo,2,1,,,Primera Division - Clausura,2009,zonas,,Fecha 3,Ciudad de La Plata,false,https://es.wikipedia.org/wiki/Anexo:Torneo_Clausura_2009_(Argentina),
2009-02-22,19:30,River Plate,Banfield,2,0,,,Primera Division - Clausura,2009,zonas,,Fecha 3,Monumental,false,https://es.wikipedia.org/wiki/Anexo:Torneo_Clausura_2009_(Argentina),
2009-02-27,19:00,Gimnasia y Esgrima (LP),Independiente,2,0,,,Primera Division - Clausura,2009,zonas,,Fecha 4,Juan Carmelo Zerillo,false,https://es.wikipedia.org/wiki/Anexo:Torneo_Clausura_2009_(Argentina),
2009-02-27,21:15,Banfield,Rosario Central,3,1,,,Primera Division - Clausura,2009,zonas,,Fecha 4,Florencio Sola,false,https://es.wikipedia.org/wiki/Anexo:Torneo_Clausura_2009_(Argentina),
2009-02-28,17:10,Newell's Old Boys,Colón,1,1,,,Primera Division - Clausura,2009,zonas,,Fecha 4,Coloso del Parque,false,https://es.wikipedia.org/wiki/Anexo:Torneo_Clausura_2009_(Argentina),
2009-02-28,17:10,Vélez Sarsfield,Godoy Cruz,4,0,,,Primera Division - Clausura,2009,zonas,,Fecha 4,José Amalfitani,false,https://es.wikipedia.org/wiki/Anexo:Torneo_Clausura_2009_(Argentina),
2009-02-28,19:20,San Martín (T),Tigre,2,2,,,Primera Division - Clausura,2009,zonas,,Fecha 4,La Ciudadela,false,https://es.wikipedia.org/wiki/Anexo:Torneo_Clausura_2009_(Argentina),
2009-02-28,21:30,Racing Club,Argentinos Juniors,1,1,,,Primera Division - Clausura,2009,zonas,,Fecha 4,El Cilindro,false,https://es.wikipedia.org/wiki/Anexo:Torneo_Clausura_2009_(Argentina),
2009-03-01,17:10,Arsenal,Estudiantes (LP),3,1,,,Primera Division - Clausura,2009,zonas,,Fecha 4,El Viaducto,false,https://es.wikipedia.org/wiki/Anexo:Torneo_Clausura_2009_(Argentina),
2009-03-01,17:10,San Lorenzo,River Plate,5,1,,,Primera Division - Clausura,2009,zonas,,Fecha 4,Nuevo Gasómetro,false,https://es.wikipedia.org/wiki/Anexo:Torneo_Clausura_2009_(Argentina),
2009-03-01,19:30,Boca Juniors,Huracán,3,1,,,Primera Division - Clausura,2009,zonas,,Fecha 4,La Bombonera,false,https://es.wikipedia.org/wiki/Anexo:Torneo_Clausura_2009_(Argentina),
2009-03-01,19:30,Gimnasia y Esgrima (J),Lanús,0,2,,,Primera Division - Clausura,2009,zonas,,Fecha 4,23 de Agosto,false,https://es.wikipedia.org/wiki/Anexo:Torneo_Clausura_2009_(Argentina),
2009-03-05,21:30,Godoy Cruz,San Martín (T),3,2,,,Primera Division - Clausura,2009,zonas,,Fecha 5,Malvinas Argentinas,false,https://es.wikipedia.org/wiki/Anexo:Torneo_Clausura_2009_(Argentina),
2009-03-06,19:00,Estudiantes (LP),Vélez Sarsfield,0,1,,,Primera Division - Clausura,2009,zonas,,Fecha 5,Ciudad de La Plata,false,https://es.wikipedia.org/wiki/Anexo:Torneo_Clausura_2009_(Argentina),
2009-03-06,21:15,Lanús,Newell's Old Boys,2,1,,,Primera Division - Clausura,2009,zonas,,Fecha 5,Ciudad de Lanús,false,https://es.wikipedia.org/wiki/Anexo:Torneo_Clausura_2009_(Argentina),
2009-03-07,17:10,Huracán,Gimnasia y Esgrima (J),2,1,,,Primera Division - Clausura,2009,zonas,,Fecha 5,Tomás A. Ducó,false,https://es.wikipedia.org/wiki/Anexo:Torneo_Clausura_2009_(Argentina),
2009-03-07,19:20,Argentinos Juniors,Gimnasia y Esgrima (LP),1,1,,,Primera Division - Clausura,2009,zonas,,Fecha 5,Diego Armando Maradona,false,https://es.wikipedia.org/wiki/Anexo:Torneo_Clausura_2009_(Argentina),
2009-03-07,21:30,Colón,Banfield,2,0,,,Primera Division - Clausura,2009,zonas,,Fecha 5,Brigadier Estanislao López,false,https://es.wikipedia.org/wiki/Anexo:Torneo_Clausura_2009_(Argentina),
2009-03-07,21:30,Tigre,Racing Club,4,1,,,Primera Division - Clausura,2009,zonas,,Fecha 5,Monumental de Victoria,false,https://es.wikipedia.org/wiki/Anexo:Torneo_Clausura_2009_(Argentina),
2009-03-08,17:10,River Plate,Arsenal,3,1,,,Primera Division - Clausura,2009,zonas,,Fecha 5,Monumental,false,https://es.wikipedia.org/wiki/Anexo:Torneo_Clausura_2009_(Argentina),
2009-03-08,19:30,Independiente,Boca Juniors,2,0,,,Primera Division - Clausura,2009,zonas,,Fecha 5,Tomás A. Ducó,false,https://es.wikipedia.org/wiki/Anexo:Torneo_Clausura_2009_(Argentina),
2009-03-08,19:30,Rosario Central,San Lorenzo,3,1,,,Primera Division - Clausura,2009,zonas,,Fecha 5,Gigante de Arroyito,false,https://es.wikipedia.org/wiki/Anexo:Torneo_Clausura_2009_(Argentina),
2009-03-13,19:00,Gimnasia y Esgrima (J),Independiente,4,1,,,Primera Division - Clausura,2009,zonas,,Fecha 6,23 de Agosto,false,https://es.wikipedia.org/wiki/Anexo:Torneo_Clausura_2009_(Argentina),
2009-03-13,21:15,Arsenal,Rosario Central,0,5,,,Primera Division - Clausura,2009,zonas,,Fecha 6,El Viaducto,false,https://es.wikipedia.org/wiki/Anexo:Torneo_Clausura_2009_(Argentina),
2009-03-14,17:10,Gimnasia y Esgrima (LP),Tigre,0,1,,,Primera Division - Clausura,2009,zonas,,Fecha 6,Juan Carmelo Zerillo,false,https://es.wikipedia.org/wiki/Anexo:Torneo_Clausura_2009_(Argentina),
2009-03-14,19:20,Lanús,Colón,2,1,,,Primera Division - Clausura,2009,zonas,,Fecha 6,Ciudad de Lanús,false,https://es.wikipedia.org/wiki/Anexo:Torneo_Clausura_2009_(Argentina),
2009-03-14,19:20,San Martín (T),Estudiantes (LP),1,0,,,Primera Division - Clausura,2009,zonas,,Fecha 6,La Ciudadela,false,https://es.wikipedia.org/wiki/Anexo:Torneo_Clausura_2009_(Argentina),
2009-03-14,21:30,San Lorenzo,Banfield,3,1,,,Primera Division - Clausura,2009,zonas,,Fecha 6,Nuevo Gasómetro,false,https://es.wikipedia.org/wiki/Anexo:Torneo_Clausura_2009_(Argentina),
2009-03-15,17:10,Newell's Old Boys,Huracán,2,2,,,Primera Division - Clausura,2009,zonas,,Fecha 6,Coloso del Parque,false,https://es.wikipedia.org/wiki/Anexo:Torneo_Clausura_2009_(Argentina),
2009-03-15,17:10,Vélez Sarsfield,River Plate,1,1,,,Primera Division - Clausura,2009,zonas,,Fecha 6,José Amalfitani,false,https://es.wikipedia.org/wiki/Anexo:Torneo_Clausura_2009_(Argentina),
2009-03-15,19:30,Boca Juniors,Argentinos Juniors,3,0,,,Primera Division - Clausura,2009,zonas,,Fecha 6,La Bombonera,false,https://es.wikipedia.org/wiki/Anexo:Torneo_Clausura_2009_(Argentina),
2009-03-15,19:30,Racing Club,Godoy Cruz,1,0,,,Primera Division - Clausura,2009,zonas,,Fecha 6,El Cilindro,false,https://es.wikipedia.org/wiki/Anexo:Torneo_Clausura_2009_(Argentina),
2009-03-20,19:00,Independiente,Newell's Old Boys,4,1,,,Primera Division - Clausura,2009,zonas,,Fecha 7,Tomás A. Ducó,false,https://es.wikipedia.org/wiki/Anexo:Torneo_Clausura_2009_(Argentina),
2009-03-20,21:15,Banfield,Arsenal,2,0,,,Primera Division - Clausura,2009,zonas,,Fecha 7,Florencio Sola,false,https://es.wikipedia.org/wiki/Anexo:Torneo_Clausura_2009_(Argentina),
2009-03-21,16:10,Godoy Cruz,Gimnasia y Esgrima (LP),1,1,,,Primera Division - Clausura,2009,zonas,,Fecha 7,Malvinas Argentinas,false,https://es.wikipedia.org/wiki/Anexo:Torneo_Clausura_2009_(Argentina),
2009-03-21,18:20,Argentinos Juniors,Gimnasia y Esgrima (J),0,1,,,Primera Division - Clausura,2009,zonas,,Fecha 7,Diego Armando Maradona,false,https://es.wikipedia.org/wiki/Anexo:Torneo_Clausura_2009_(Argentina),
2009-03-21,21:10,Rosario Central,Vélez Sarsfield,1,1,,,Primera Division - Clausura,2009,zonas,,Fecha 7,Gigante de Arroyito,false,https://es.wikipedia.org/wiki/Anexo:Torneo_Clausura_2009_(Argentina),
2009-03-22,15:00,Tigre,Boca Juniors,0,0,,,Primera Division - Clausura,2009,zonas,,Fecha 7,Monumental de Victoria,false,https://es.wikipedia.org/wiki/Anexo:Torneo_Clausura_2009_(Argentina),
2009-03-22,17:10,Huracán,Lanús,3,0,,,Primera Division - Clausura,2009,zonas,,Fecha 7,Tomás A. Ducó,false,https://es.wikipedia.org/wiki/Anexo:Torneo_Clausura_2009_(Argentina),
2009-03-22,17:10,River Plate,San Martín (T),2,1,,,Primera Division - Clausura,2009,zonas,,Fecha 7,Monumental,false,https://es.wikipedia.org/wiki/Anexo:Torneo_Clausura_2009_(Argentina),
2009-03-22,19:30,Colón,San Lorenzo,3,0,,,Primera Division - Clausura,2009,zonas,,Fecha 7,Brigadier Estanislao López,false,https://es.wikipedia.org/wiki/Anexo:Torneo_Clausura_2009_(Argentina),
2009-03-22,19:30,Estudiantes (LP),Racing Club,0,0,,,Primera Division - Clausura,2009,zonas,,Fecha 7,Ciudad de La Plata,false,https://es.wikipedia.org/wiki/Anexo:Torneo_Clausura_2009_(Argentina),
2009-04-03,19:00,Arsenal,San Lorenzo,1,1,,,Primera Division - Clausura,2009,zonas,,Fecha 8,El Viaducto,false,https://es.wikipedia.org/wiki/Anexo:Torneo_Clausura_2009_(Argentina),
2009-04-03,21:15,Huracán,Colón,0,1,,,Primera Division - Clausura,2009,zonas,,Fecha 8,Tomás A. Ducó,false,https://es.wikipedia.org/wiki/Anexo:Torneo_Clausura_2009_(Argentina),
2009-04-04,16:10,Racing Club,River Plate,1,0,,,Primera Division - Clausura,2009,zonas,,Fecha 8,El Cilindro,false,https://es.wikipedia.org/wiki/Anexo:Torneo_Clausura_2009_(Argentina),
2009-04-04,18:20,Gimnasia y Esgrima (J),Tigre,1,1,,,Primera Division - Clausura,2009,zonas,,Fecha 8,23 de Agosto,false,https://es.wikipedia.org/wiki/Anexo:Torneo_Clausura_2009_(Argentina),
2009-04-04,18:20,Newell's Old Boys,Argentinos Juniors,1,1,,,Primera Division - Clausura,2009,zonas,,Fecha 8,Coloso del Parque,false,https://es.wikipedia.org/wiki/Anexo:Torneo_Clausura_2009_(Argentina),
2009-04-04,21:10,Vélez Sarsfield,Banfield,2,1,,,Primera Division - Clausura,2009,zonas,,Fecha 8,José Amalfitani,false,https://es.wikipedia.org/wiki/Anexo:Torneo_Clausura_2009_(Argentina),
2009-04-05,15:00,Gimnasia y Esgrima (LP),Estudiantes (LP),1,1,,,Primera Division - Clausura,2009,zonas,,Fecha 8,Ciudad de La Plata,false,https://es.wikipedia.org/wiki/Anexo:Torneo_Clausura_2009_(Argentina),
2009-04-05,17:10,Boca Juniors,Godoy Cruz,1,1,,,Primera Division - Clausura,2009,zonas,,Fecha 8,La Bombonera,false,https://es.wikipedia.org/wiki/Anexo:Torneo_Clausura_2009_(Argentina),
2009-04-05,19:30,Lanús,Independiente,5,1,,,Primera Division - Clausura,2009,zonas,,Fecha 8,Ciudad de Lanús,false,https://es.wikipedia.org/wiki/Anexo:Torneo_Clausura_2009_(Argentina),
2009-04-05,19:30,San Martín (T),Rosario Central,0,1,,,Primera Division - Clausura,2009,zonas,,Fecha 8,La Ciudadela,false,https://es.wikipedia.org/wiki/Anexo:Torneo_Clausura_2009_(Argentina),
2009-04-10,19:00,Argentinos Juniors,Lanús,2,1,,,Primera Division - Clausura,2009,zonas,,Fecha 9,Diego Armando Maradona,false,https://es.wikipedia.org/wiki/Anexo:Torneo_Clausura_2009_(Argentina),
2009-04-10,21:15,Tigre,Newell's Old Boys,1,1,,,Primera Division - Clausura,2009,zonas,,Fecha 9,Monumental de Victoria,false,https://es.wikipedia.org/wiki/Anexo:Torneo_Clausura_2009_(Argentina),
2009-04-11,16:10,Godoy Cruz,Gimnasia y Esgrima (J),2,2,,,Primera Division - Clausura,2009,zonas,,Fecha 9,Malvinas Argentinas,false,https://es.wikipedia.org/wiki/Anexo:Torneo_Clausura_2009_(Argentina),
2009-04-11,18:20,Colón,Arsenal,1,1,,,Primera Division - Clausura,2009,zonas,,Fecha 9,Brigadier Estanislao López,false,https://es.wikipedia.org/wiki/Anexo:Torneo_Clausura_2009_(Argentina),
2009-04-11,18:20,Independiente,Huracán,2,1,,,Primera Division - Clausura,2009,zonas,,Fecha 9,Tomás A. Ducó,false,https://es.wikipedia.org/wiki/Anexo:Torneo_Clausura_2009_(Argentina),
2009-04-11,21:10,Banfield,San Martín (T),0,0,,,Primera Division - Clausura,2009,zonas,,Fecha 9,Florencio Sola,false,https://es.wikipedia.org/wiki/Anexo:Torneo_Clausura_2009_(Argentina),
2009-04-12,15:00,San Lorenzo,Vélez Sarsfield,0,1,,,Primera Division - Clausura,2009,zonas,,Fecha 9,Nuevo Gasómetro,false,https://es.wikipedia.org/wiki/Anexo:Torneo_Clausura_2009_(Argentina),
2009-04-12,17:10,Estudiantes (LP),Boca Juniors,1,0,,,Primera Division - Clausura,2009,zonas,,Fecha 9,Ciudad de La Plata,false,https://es.wikipedia.org/wiki/Anexo:Torneo_Clausura_2009_(Argentina),
2009-04-12,17:10,Rosario Central,Racing Club,0,1,,,Primera Division - Clausura,2009,zonas,,Fecha 9,Gigante de Arroyito,false,https://es.wikipedia.org/wiki/Anexo:Torneo_Clausura_2009_(Argentina),
2009-04-12,19:30,River Plate,Gimnasia y Esgrima (LP),2,2,,,Primera Division - Clausura,2009,zonas,,Fecha 9,Monumental,false,https://es.wikipedia.org/wiki/Anexo:Torneo_Clausura_2009_(Argentina),
2009-04-17,19:00,Independiente,Colón,0,1,,,Primera Division - Clausura,2009,zonas,,Fecha 10,Tomás A. Ducó,false,https://es.wikipedia.org/wiki/Anexo:Torneo_Clausura_2009_(Argentina),
2009-04-17,21:15,Gimnasia y Esgrima (J),Estudiantes (LP),0,0,,,Primera Division - Clausura,2009,zonas,,Fecha 10,23 de Agosto,false,https://es.wikipedia.org/wiki/Anexo:Torneo_Clausura_2009_(Argentina),
2009-04-18,15:40,Huracán,Argentinos Juniors,4,1,,,Primera Division - Clausura,2009,zonas,,Fecha 10,Tomás A. Ducó,false,https://es.wikipedia.org/wiki/Anexo:Torneo_Clausura_2009_(Argentina),
2009-04-18,17:50,Vélez Sarsfield,Arsenal,2,0,,,Primera Division - Clausura,2009,zonas,,Fecha 10,José Amalfitani,false,https://es.wikipedia.org/wiki/Anexo:Torneo_Clausura_2009_(Argentina),
2009-04-18,18:20,Gimnasia y Esgrima (LP),Rosario Central,1,1,,,Primera Division - Clausura,2009,zonas,,Fecha 10,Juan Carmelo Zerillo,false,https://es.wikipedia.org/wiki/Anexo:Torneo_Clausura_2009_(Argentina),
2009-04-18,21:10,Racing Club,Banfield,1,0,,,Primera Division - Clausura,2009,zonas,,Fecha 10,El Cilindro,false,https://es.wikipedia.org/wiki/Anexo:Torneo_Clausura_2009_(Argentina),
2009-04-19,15:00,Boca Juniors,River Plate,1,1,,,Primera Division - Clausura,2009,zonas,,Fecha 10,La Bombonera,false,https://es.wikipedia.org/wiki/Anexo:Torneo_Clausura_2009_(Argentina),
2009-04-19,17:10,Newell's Old Boys,Godoy Cruz,1,1,,,Primera Division - Clausura,2009,zonas,,Fecha 10,Coloso del Parque,false,https://es.wikipedia.org/wiki/Anexo:Torneo_Clausura_2009_(Argentina),
2009-04-19,19:30,Lanús,Tigre,2,1,,,Primera Division - Clausura,2009,zonas,,Fecha 10,Ciudad de Lanús,false,https://es.wikipedia.org/wiki/Anexo:Torneo_Clausura_2009_(Argentina),
2009-04-19,19:30,San Martín (T),San Lorenzo,3,0,,,Primera Division - Clausura,2009,zonas,,Fecha 10,La Ciudadela,false,https://es.wikipedia.org/wiki/Anexo:Torneo_Clausura_2009_(Argentina),
2009-04-24,19:00,Arsenal,San Martín (T),1,1,,,Primera Division - Clausura,2009,zonas,,Fecha 11,El Viaducto,false,https://es.wikipedia.org/wiki/Anexo:Torneo_Clausura_2009_(Argentina),
2009-04-24,21:15,Banfield,Gimnasia y Esgrima (LP),3,1,,,Primera Division - Clausura,2009,zonas,,Fecha 11,Florencio Sola,false,https://es.wikipedia.org/wiki/Anexo:Torneo_Clausura_2009_(Argentina),
2009-04-25,16:10,San Lorenzo,Racing Club,1,1,,,Primera Division - Clausura,2009,zonas,,Fecha 11,Nuevo Gasómetro,false,https://es.wikipedia.org/wiki/Anexo:Torneo_Clausura_2009_(Argentina),
2009-04-25,18:20,Tigre,Huracán,0,1,,,Primera Division - Clausura,2009,zonas,,Fecha 11,Monumental de Victoria,false,https://es.wikipedia.org/wiki/Anexo:Torneo_Clausura_2009_(Argentina),
2009-04-25,21:10,Estudiantes (LP),Newell's Old Boys,1,0,,,Primera Division - Clausura,2009,zonas,,Fecha 11,Ciudad de La Plata,false,https://es.wikipedia.org/wiki/Anexo:Torneo_Clausura_2009_(Argentina),
2009-04-26,15:00,Argentinos Juniors,Independiente,1,1,,,Primera Division - Clausura,2009,zonas,,Fecha 11,Diego Armando Maradona,false,https://es.wikipedia.org/wiki/Anexo:Torneo_Clausura_2009_(Argentina),
2009-04-26,15:00,Godoy Cruz,Lanús,0,1,,,Primera Division - Clausura,2009,zonas,,Fecha 11,Malvinas Argentinas,false,https://es.wikipedia.org/wiki/Anexo:Torneo_Clausura_2009_(Argentina),
2009-04-26,17:10,Colón,Vélez Sarsfield,2,4,,,Primera Division - Clausura,2009,zonas,,Fecha 11,Brigadier Estanislao López,false,https://es.wikipedia.org/wiki/Anexo:Torneo_Clausura_2009_(Argentina),
2009-04-26,17:10,Rosario Central,Boca Juniors,2,0,,,Primera Division - Clausura,2009,zonas,,Fecha 11,Gigante de Arroyito,false,https://es.wikipedia.org/wiki/Anexo:Torneo_Clausura_2009_(Argentina),
2009-04-26,19:30,River Plate,Gimnasia y Esgrima (J),1,0,,,Primera Division - Clausura,2009,zonas,,Fecha 11,Monumental,false,https://es.wikipedia.org/wiki/Anexo:Torneo_Clausura_2009_(Argentina),
2009-05-02,16:10,Independiente,Tigre,4,1,,,Primera Division - Clausura,2009,zonas,,Fecha 12,Tomás A. Ducó,false,https://es.wikipedia.org/wiki/Anexo:Torneo_Clausura_2009_(Argentina),
2009-05-02,18:20,Gimnasia y Esgrima (J),Rosario Central,0,1,,,Primera Division - Clausura,2009,zonas,,Fecha 12,23 de Agosto,false,https://es.wikipedia.org/wiki/Anexo:Torneo_Clausura_2009_(Argentina),
2009-05-02,18:20,Gimnasia y Esgrima (LP),San Lorenzo,1,2,,,Primera Division - Clausura,2009,zonas,,Fecha 12,Juan Carmelo Zerillo,false,https://es.wikipedia.org/wiki/Anexo:Torneo_Clausura_2009_(Argentina),
2009-05-02,21:10,Argentinos Juniors,Colón,2,0,,,Primera Division - Clausura,2009,zonas,,Fecha 12,Diego Armando Maradona,false,https://es.wikipedia.org/wiki/Anexo:Torneo_Clausura_2009_(Argentina),
2009-05-02,21:10,Lanús,Estudiantes (LP),0,3,,,Primera Division - Clausura,2009,zonas,,Fecha 12,Ciudad de Lanús,false,https://es.wikipedia.org/wiki/Anexo:Torneo_Clausura_2009_(Argentina),
2009-05-03,15:00,Racing Club,Arsenal,4,1,,,Primera Division - Clausura,2009,zonas,,Fecha 12,El Cilindro,false,https://es.wikipedia.org/wiki/Anexo:Torneo_Clausura_2009_(Argentina),
2009-05-03,15:00,San Martín (T),Vélez Sarsfield,0,0,,,Primera Division - Clausura,2009,zonas,,Fecha 12,La Ciudadela,false,https://es.wikipedia.org/wiki/Anexo:Torneo_Clausura_2009_(Argentina),
2009-05-03,17:10,Huracán,Godoy Cruz,3,2,,,Primera Division - Clausura,2009,zonas,,Fecha 12,Tomás A. Ducó,false,https://es.wikipedia.org/wiki/Anexo:Torneo_Clausura_2009_(Argentina),
2009-05-03,17:10,Newell's Old Boys,River Plate,1,0,,,Primera Division - Clausura,2009,zonas,,Fecha 12,Coloso del Parque,false,https://es.wikipedia.org/wiki/Anexo:Torneo_Clausura_2009_(Argentina),
2009-05-03,19:30,Boca Juniors,Banfield,2,3,,,Primera Division - Clausura,2009,zonas,,Fecha 12,La Bombonera,false,https://es.wikipedia.org/wiki/Anexo:Torneo_Clausura_2009_(Argentina),
2009-05-08,19:00,Banfield,Gimnasia y Esgrima (J),2,2,,,Primera Division - Clausura,2009,zonas,,Fecha 13,Florencio Sola,false,https://es.wikipedia.org/wiki/Anexo:Torneo_Clausura_2009_(Argentina),
2009-05-08,21:15,Tigre,Argentinos Juniors,1,1,,,Primera Division - Clausura,2009,zonas,,Fecha 13,Monumental de Victoria,false,https://es.wikipedia.org/wiki/Anexo:Torneo_Clausura_2009_(Argentina),
2009-05-09,16:10,Arsenal,Gimnasia y Esgrima (LP),0,0,,,Primera Division - Clausura,2009,zonas,,Fecha 13,El Viaducto,false,https://es.wikipedia.org/wiki/Anexo:Torneo_Clausura_2009_(Argentina),
2009-05-09,18:05,Vélez Sarsfield,Racing Club,2,2,,,Primera Division - Clausura,2009,zonas,,Fecha 13,José Amalfitani,false,https://es.wikipedia.org/wiki/Anexo:Torneo_Clausura_2009_(Argentina),
2009-05-09,20:10,Colón,San Martín (T),2,0,,,Primera Division - Clausura,2009,zonas,,Fecha 13,Brigadier Estanislao López,false,https://es.wikipedia.org/wiki/Anexo:Torneo_Clausura_2009_(Argentina),
2009-05-10,15:00,Godoy Cruz,Independiente,2,0,,,Primera Division - Clausura,2009,zonas,,Fecha 13,Malvinas Argentinas,false,https://es.wikipedia.org/wiki/Anexo:Torneo_Clausura_2009_(Argentina),
2009-05-10,15:00,Rosario Central,Newell's Old Boys,1,1,,,Primera Division - Clausura,2009,zonas,,Fecha 13,Gigante de Arroyito,false,https://es.wikipedia.org/wiki/Anexo:Torneo_Clausura_2009_(Argentina),
2009-05-10,17:10,San Lorenzo,Boca Juniors,1,1,,,Primera Division - Clausura,2009,zonas,,Fecha 13,Nuevo Gasómetro,false,https://es.wikipedia.org/wiki/Anexo:Torneo_Clausura_2009_(Argentina),
2009-05-10,19:30,Estudiantes (LP),Huracán,1,1,,,Primera Division - Clausura,2009,zonas,,Fecha 13,Ciudad de La Plata,false,https://es.wikipedia.org/wiki/Anexo:Torneo_Clausura_2009_(Argentina),
2009-05-10,19:30,River Plate,Lanús,1,1,,,Primera Division - Clausura,2009,zonas,,Fecha 13,Monumental,false,https://es.wikipedia.org/wiki/Anexo:Torneo_Clausura_2009_(Argentina),
2009-05-15,19:00,Argentinos Juniors,Godoy Cruz,2,4,,,Primera Division - Clausura,2009,zonas,,Fecha 14,Diego Armando Maradona,false,https://es.wikipedia.org/wiki/Anexo:Torneo_Clausura_2009_(Argentina),
2009-05-15,21:15,Lanús,Rosario Central,2,1,,,Primera Division - Clausura,2009,zonas,,Fecha 14,Ciudad de Lanús,false,https://es.wikipedia.org/wiki/Anexo:Torneo_Clausura_2009_(Argentina),
2009-05-16,16:10,Huracán,River Plate,4,0,,,Primera Division - Clausura,2009,zonas,,Fecha 14,Tomás A. Ducó,false,https://es.wikipedia.org/wiki/Anexo:Torneo_Clausura_2009_(Argentina),
2009-05-16,18:20,Gimnasia y Esgrima (LP),Vélez Sarsfield,3,1,,,Primera Division - Clausura,2009,zonas,,Fecha 14,Juan Carmelo Zerillo,false,https://es.wikipedia.org/wiki/Anexo:Torneo_Clausura_2009_(Argentina),
2009-05-16,18:20,Newell's Old Boys,Banfield,1,1,,,Primera Division - Clausura,2009,zonas,,Fecha 14,Coloso del Parque,false,https://es.wikipedia.org/wiki/Anexo:Torneo_Clausura_2009_(Argentina),
2009-05-16,21:10,Tigre,Colón,2,1,,,Primera Division - Clausura,2009,zonas,,Fecha 14,Monumental de Victoria,false,https://es.wikipedia.org/wiki/Anexo:Torneo_Clausura_2009_(Argentina),
2009-05-17,15:00,Boca Juniors,Arsenal,2,1,,,Primera Division - Clausura,2009,zonas,,Fecha 14,La Bombonera,false,https://es.wikipedia.org/wiki/Anexo:Torneo_Clausura_2009_(Argentina),
2009-05-17,17:10,Racing Club,San Martín (T),1,2,,,Primera Division - Clausura,2009,zonas,,Fecha 14,El Cilindro,false,https://es.wikipedia.org/wiki/Anexo:Torneo_Clausura_2009_(Argentina),
2009-05-17,19:30,Gimnasia y Esgrima (J),San Lorenzo,0,3,,,Primera Division - Clausura,2009,zonas,,Fecha 14,23 de Agosto,false,https://es.wikipedia.org/wiki/Anexo:Torneo_Clausura_2009_(Argentina),
2009-05-17,19:30,Independiente,Estudiantes (LP),1,5,,,Primera Division - Clausura,2009,zonas,,Fecha 14,Tomás A. Ducó,false,https://es.wikipedia.org/wiki/Anexo:Torneo_Clausura_2009_(Argentina),
2009-05-22,19:00,Arsenal,Gimnasia y Esgrima (J),0,1,,,Primera Division - Clausura,2009,zonas,,Fecha 15,El Viaducto,false,https://es.wikipedia.org/wiki/Anexo:Torneo_Clausura_2009_(Argentina),
2009-05-22,21:15,Godoy Cruz,Tigre,0,2,,,Primera Division - Clausura,2009,zonas,,Fecha 15,Malvinas Argentinas,false,https://es.wikipedia.org/wiki/Anexo:Torneo_Clausura_2009_(Argentina),
2009-05-23,16:10,Banfield,Lanús,0,1,,,Primera Division - Clausura,2009,zonas,,Fecha 15,Florencio Sola,false,https://es.wikipedia.org/wiki/Anexo:Torneo_Clausura_2009_(Argentina),
2009-05-23,18:20,Estudiantes (LP),Argentinos Juniors,3,2,,,Primera Division - Clausura,2009,zonas,,Fecha 15,Ciudad de La Plata,false,https://es.wikipedia.org/wiki/Anexo:Torneo_Clausura_2009_(Argentina),
2009-05-23,18:20,San Lorenzo,Newell's Old Boys,0,2,,,Primera Division - Clausura,2009,zonas,,Fecha 15,Nuevo Gasómetro,false,https://es.wikipedia.org/wiki/Anexo:Torneo_Clausura_2009_(Argentina),
2009-05-23,21:10,Rosario Central,Huracán,1,2,,,Primera Division - Clausura,2009,zonas,,Fecha 15,Gigante de Arroyito,false,https://es.wikipedia.org/wiki/Anexo:Torneo_Clausura_2009_(Argentina),
2009-05-24,15:00,River Plate,Independiente,2,0,,,Primera Division - Clausura,2009,zonas,,Fecha 15,Monumental,false,https://es.wikipedia.org/wiki/Anexo:Torneo_Clausura_2009_(Argentina),
2009-05-24,17:10,Vélez Sarsfield,Boca Juniors,2,0,,,Primera Division - Clausura,2009,zonas,,Fecha 15,José Amalfitani,false,https://es.wikipedia.org/wiki/Anexo:Torneo_Clausura_2009_(Argentina),
2009-05-24,19:30,Colón,Racing Club,0,0,,,Primera Division - Clausura,2009,zonas,,Fecha 15,Brigadier Estanislao López,false,https://es.wikipedia.org/wiki/Anexo:Torneo_Clausura_2009_(Argentina),
2009-05-24,19:30,San Martín (T),Gimnasia y Esgrima (LP),0,1,,,Primera Division - Clausura,2009,zonas,,Fecha 15,La Ciudadela,false,https://es.wikipedia.org/wiki/Anexo:Torneo_Clausura_2009_(Argentina),
2009-05-29,19:00,Newell's Old Boys,Arsenal,1,1,,,Primera Division - Clausura,2009,zonas,,Fecha 16,Coloso del Parque,false,https://es.wikipedia.org/wiki/Anexo:Torneo_Clausura_2009_(Argentina),
2009-05-29,21:15,Huracán,Banfield,2,1,,,Primera Division - Clausura,2009,zonas,,Fecha 16,Tomás A. Ducó,false,https://es.wikipedia.org/wiki/Anexo:Torneo_Clausura_2009_(Argentina),
2009-05-30,16:10,Independiente,Rosario Central,3,1,,,Primera Division - Clausura,2009,zonas,,Fecha 16,Tomás A. Ducó,false,https://es.wikipedia.org/wiki/Anexo:Torneo_Clausura_2009_(Argentina),
2009-05-30,18:20,Godoy Cruz,Colón,1,3,,,Primera Division - Clausura,2009,zonas,,Fecha 16,Malvinas Argentinas,false,https://es.wikipedia.org/wiki/Anexo:Torneo_Clausura_2009_(Argentina),
2009-05-30,21:10,Lanús,San Lorenzo,2,1,,,Primera Division - Clausura,2009,zonas,,Fecha 16,Ciudad de Lanús,false,https://es.wikipedia.org/wiki/Anexo:Torneo_Clausura_2009_(Argentina),
2009-05-31,15:00,Argentinos Juniors,River Plate,0,0,,,Primera Division - Clausura,2009,zonas,,Fecha 16,Diego A. Maradona,false,https://es.wikipedia.org/wiki/Anexo:Torneo_Clausura_2009_(Argentina),
2009-05-31,15:00,Gimnasia y Esgrima (J),Vélez Sarsfield,0,1,,,Primera Division - Clausura,2009,zonas,,Fecha 16,23 de agosto,false,https://es.wikipedia.org/wiki/Anexo:Torneo_Clausura_2009_(Argentina),
2009-05-31,17:10,Gimnasia y Esgrima (LP),Racing Club,0,0,,,Primera Division - Clausura,2009,zonas,,Fecha 16,Juan Carmelo Zerillo,false,https://es.wikipedia.org/wiki/Anexo:Torneo_Clausura_2009_(Argentina),
2009-05-31,19:30,Boca Juniors,San Martín (T),3,0,,,Primera Division - Clausura,2009,zonas,,Fecha 16,La Bombonera,false,https://es.wikipedia.org/wiki/Anexo:Torneo_Clausura_2009_(Argentina),
2009-05-31,19:30,Tigre,Estudiantes (LP),2,0,,,Primera Division - Clausura,2009,zonas,,Fecha 16,Monumental de Victoria,false,https://es.wikipedia.org/wiki/Anexo:Torneo_Clausura_2009_(Argentina),
2009-06-12,19:00,Banfield,Independiente,5,0,,,Primera Division - Clausura,2009,zonas,,Fecha 17,Florencio Sola,false,https://es.wikipedia.org/wiki/Anexo:Torneo_Clausura_2009_(Argentina),
2009-06-12,21:15,Colón,Gimnasia y Esgrima (LP),2,0,,,Primera Division - Clausura,2009,zonas,,Fecha 17,Brigadier Estanislao López,false,https://es.wikipedia.org/wiki/Anexo:Torneo_Clausura_2009_(Argentina),
2009-06-13,16:10,River Plate,Tigre,3,1,,,Primera Division - Clausura,2009,zonas,,Fecha 17,Monumental,false,https://es.wikipedia.org/wiki/Anexo:Torneo_Clausura_2009_(Argentina),
2009-06-13,18:20,Arsenal,Lanús,4,1,,,Primera Division - Clausura,2009,zonas,,Fecha 17,El Viaducto,false,https://es.wikipedia.org/wiki/Anexo:Torneo_Clausura_2009_(Argentina),
2009-06-13,18:20,Vélez Sarsfield,Newell's Old Boys,2,0,,,Primera Division - Clausura,2009,zonas,,Fecha 17,José Amalfitani,false,https://es.wikipedia.org/wiki/Anexo:Torneo_Clausura_2009_(Argentina),
2009-06-13,21:10,Estudiantes (LP),Godoy Cruz,1,0,,,Primera Division - Clausura,2009,zonas,,Fecha 17,Centenario,false,https://es.wikipedia.org/wiki/Anexo:Torneo_Clausura_2009_(Argentina),
2009-06-14,11:00,San Lorenzo,Huracán,0,1,,,Primera Division - Clausura,2009,zonas,,Fecha 17,La Bombonera,false,https://es.wikipedia.org/wiki/Anexo:Torneo_Clausura_2009_(Argentina),
2009-06-14,15:00,San Martín (T),Gimnasia y Esgrima (J),0,1,,,Primera Division - Clausura,2009,zonas,,Fecha 17,La Ciudadela,false,https://es.wikipedia.org/wiki/Anexo:Torneo_Clausura_2009_(Argentina),
2009-06-14,17:10,Racing Club,Boca Juniors,3,0,,,Primera Division - Clausura,2009,zonas,,Fecha 17,El Cilindro,false,https://es.wikipedia.org/wiki/Anexo:Torneo_Clausura_2009_(Argentina),
2009-06-14,19:30,Rosario Central,Argentinos Juniors,2,1,,,Primera Division - Clausura,2009,zonas,,Fecha 17,Gigante de Arroyito,false,https://es.wikipedia.org/wiki/Anexo:Torneo_Clausura_2009_(Argentina),
2009-06-19,19:00,Newell's Old Boys,San Martín (T),0,1,,,Primera Division - Clausura,2009,zonas,,Fecha 18,Coloso del Parque,false,https://es.wikipedia.org/wiki/Anexo:Torneo_Clausura_2009_(Argentina),
2009-06-19,21:15,Argentinos Juniors,Banfield,1,1,,,Primera Division - Clausura,2009,zonas,,Fecha 18,Diego A. Maradona,false,https://es.wikipedia.org/wiki/Anexo:Torneo_Clausura_2009_(Argentina),
2009-06-20,16:10,Independiente,San Lorenzo,0,1,,,Primera Division - Clausura,2009,zonas,,Fecha 18,Tomás A. Ducó,false,https://es.wikipedia.org/wiki/Anexo:Torneo_Clausura_2009_(Argentina),
2009-06-20,18:20,Gimnasia y Esgrima (J),Racing Club,0,2,,,Primera Division - Clausura,2009,zonas,,Fecha 18,23 de agosto,false,https://es.wikipedia.org/wiki/Anexo:Torneo_Clausura_2009_(Argentina),
2009-06-20,21:10,Tigre,Rosario Central,0,1,,,Primera Division - Clausura,2009,zonas,,Fecha 18,Monumental de Victoria,false,https://es.wikipedia.org/wiki/Anexo:Torneo_Clausura_2009_(Argentina),
2009-06-21,13:00,Estudiantes (LP),Colón,1,3,,,Primera Division - Clausura,2009,zonas,,Fecha 18,Ciudad de La Plata,false,https://es.wikipedia.org/wiki/Anexo:Torneo_Clausura_2009_(Argentina),
2009-06-21,15:00,Godoy Cruz,River Plate,1,0,,,Primera Division - Clausura,2009,zonas,,Fecha 18,Malvinas Argentinas,false,https://es.wikipedia.org/wiki/Anexo:Torneo_Clausura_2009_(Argentina),
2009-06-21,17:10,Huracán,Arsenal,3,0,,,Primera Division - Clausura,2009,zonas,,Fecha 18,Tomás A. Ducó,false,https://es.wikipedia.org/wiki/Anexo:Torneo_Clausura_2009_(Argentina),
2009-06-21,17:10,Lanús,Vélez Sarsfield,1,1,,,Primera Division - Clausura,2009,zonas,,Fecha 18,Ciudad de Lanús,false,https://es.wikipedia.org/wiki/Anexo:Torneo_Clausura_2009_(Argentina),
2009-06-21,19:30,Boca Juniors,Gimnasia y Esgrima (LP),1,2,,,Primera Division - Clausura,2009,zonas,,Fecha 18,La Bombonera,false,https://es.wikipedia.org/wiki/Anexo:Torneo_Clausura_2009_(Argentina),
2009-06-26,16:00,Arsenal,Independiente,1,1,,,Primera Division - Clausura,2009,zonas,,Fecha 19,El Viaducto,false,https://es.wikipedia.org/wiki/Anexo:Torneo_Clausura_2009_(Argentina),
2009-07-03,21:15,Racing Club,Newell's Old Boys,2,1,,,Primera Division - Clausura,2009,zonas,,Fecha 19,El Cilindro,false,https://es.wikipedia.org/wiki/Anexo:Torneo_Clausura_2009_(Argentina),
2009-07-04,16:10,Banfield,Tigre,0,3,,,Primera Division - Clausura,2009,zonas,,Fecha 19,Florencio Sola,false,https://es.wikipedia.org/wiki/Anexo:Torneo_Clausura_2009_(Argentina),
2009-07-04,16:10,Colón,Boca Juniors,1,3,,,Primera Division - Clausura,2009,zonas,,Fecha 19,Brigadier Estanislao López,false,https://es.wikipedia.org/wiki/Anexo:Torneo_Clausura_2009_(Argentina),
2009-07-04,18:20,Rosario Central,Godoy Cruz,0,1,,,Primera Division - Clausura,2009,zonas,,Fecha 19,Gigante de Arroyito,false,https://es.wikipedia.org/wiki/Anexo:Torneo_Clausura_2009_(Argentina),
2009-07-04,18:20,San Lorenzo,Argentinos Juniors,3,0,,,Primera Division - Clausura,2009,zonas,,Fecha 19,Nuevo Gasómetro,false,https://es.wikipedia.org/wiki/Anexo:Torneo_Clausura_2009_(Argentina),
2009-07-04,21:10,River Plate,Estudiantes (LP),1,2,,,Primera Division - Clausura,2009,zonas,,Fecha 19,Monumental,false,https://es.wikipedia.org/wiki/Anexo:Torneo_Clausura_2009_(Argentina),
2009-07-05,13:00,Gimnasia y Esgrima (LP),Gimnasia y Esgrima (J),2,0,,,Primera Division - Clausura,2009,zonas,,Fecha 19,Juan Carmelo Zerillo,false,https://es.wikipedia.org/wiki/Anexo:Torneo_Clausura_2009_(Argentina),
2009-07-05,13:00,San Martín (T),Lanús,2,3,,,Primera Division - Clausura,2009,zonas,,Fecha 19,La Ciudadela,false,https://es.wikipedia.org/wiki/Anexo:Torneo_Clausura_2009_(Argentina),
2009-07-05,15:20,Vélez Sarsfield,Huracán,1,0,,,Primera Division - Clausura,2009,zonas,,Fecha 19,José Amalfitani,false,https://es.wikipedia.org/wiki/Anexo:Torneo_Clausura_2009_(Argentina),
2009-08-21,,Atlético de Rafaela,Belgrano,1,1,,,Primera Nacional,2009,zonas,,Fecha 1,,false,https://es.wikipedia.org/wiki/Campeonato_de_Primera_B_Nacional_2009-10 + https://www.worldfootball.net/,
2009-08-21,19:00,Gimnasia y Esgrima (LP),Godoy Cruz,0,2,,,Primera Division - Apertura,2009,zonas,,Fecha 1,Juan Carmelo Zerillo,false,https://es.wikipedia.org/wiki/Anexo:Torneo_Apertura_2009_(Argentina),
2009-08-21,21:00,Independiente,Newell's Old Boys,0,1,,,Primera Division - Apertura,2009,zonas,,Fecha 1,Ciudad de Lanús,false,https://es.wikipedia.org/wiki/Anexo:Torneo_Apertura_2009_(Argentina),
2009-08-22,,Aldosivi,Deportivo Merlo,2,0,,,Primera Nacional,2009,zonas,,Fecha 1,,false,https://es.wikipedia.org/wiki/Campeonato_de_Primera_B_Nacional_2009-10 + https://www.worldfootball.net/,
2009-08-22,,All Boys,CAI,1,4,,,Primera Nacional,2009,zonas,,Fecha 1,,false,https://es.wikipedia.org/wiki/Campeonato_de_Primera_B_Nacional_2009-10 + https://www.worldfootball.net/,
2009-08-22,,Barracas Bolívar,Excursionistas,0,1,,,Primera C,2009,zonas,,Fecha 1,,false,https://es.wikipedia.org/wiki/Campeonato_de_Primera_C_2009-10_(Argentina) + https://www.rsssf.org/,
2009-08-22,,Barracas Central,J. J. de Urquiza,1,0,,,Primera C,2009,zonas,,Fecha 1,,false,https://es.wikipedia.org/wiki/Campeonato_de_Primera_C_2009-10_(Argentina) + https://www.rsssf.org/,
2009-08-22,,Fénix,Leandro N. Alem,0,0,,,Primera C,2009,zonas,,Fecha 1,,false,https://es.wikipedia.org/wiki/Campeonato_de_Primera_C_2009-10_(Argentina) + https://www.rsssf.org/,
2009-08-22,,General Lamadrid,Argentino de Rosario,2,0,,,Primera C,2009,zonas,,Fecha 1,,false,https://es.wikipedia.org/wiki/Campeonato_de_Primera_C_2009-10_(Argentina) + https://www.rsssf.org/,
2009-08-22,,Gimnasia y Esgrima (J),Unión,2,3,,,Primera Nacional,2009,zonas,,Fecha 1,,false,https://es.wikipedia.org/wiki/Campeonato_de_Primera_B_Nacional_2009-10 + https://www.worldfootball.net/,
2009-08-22,,Olimpo,Ferro Carril Oeste,0,0,,,Primera Nacional,2009,zonas,,Fecha 1,,false,https://es.wikipedia.org/wiki/Campeonato_de_Primera_B_Nacional_2009-10 + https://www.worldfootball.net/,
2009-08-22,,Quilmes,Boca Unidos,0,0,,,Primera Nacional,2009,zonas,,Fecha 1,,false,https://es.wikipedia.org/wiki/Campeonato_de_Primera_B_Nacional_2009-10 + https://www.worldfootball.net/,
2009-08-22,,San Miguel,Sacachispas,0,1,,,Primera C,2009,zonas,,Fecha 1,,false,https://es.wikipedia.org/wiki/Campeonato_de_Primera_C_2009-10_(Argentina) + https://www.rsssf.org/,
2009-08-22,,Sportivo Italiano,Independiente Rivadavia,3,1,,,Primera Nacional,2009,zonas,,Fecha 1,,false,https://es.wikipedia.org/wiki/Campeonato_de_Primera_B_Nacional_2009-10 + https://www.worldfootball.net/,
2009-08-22,,Villa Dálmine,Defensores de Cambaceres,0,1,,,Primera C,2009,zonas,,Fecha 1,,false,https://es.wikipedia.org/wiki/Campeonato_de_Primera_C_2009-10_(Argentina) + https://www.rsssf.org/,
2009-08-22,14:00,San Lorenzo,Atlético Tucumán,3,1,,,Primera Division - Apertura,2009,zonas,,Fecha 1,Nuevo Gasómetro,false,https://es.wikipedia.org/wiki/Anexo:Torneo_Apertura_2009_(Argentina),
2009-08-22,16:00,Chacarita Juniors,Tigre,1,2,,,Primera Division - Apertura,2009,zonas,,Fecha 1,José Amalfitani,false,https://es.wikipedia.org/wiki/Anexo:Torneo_Apertura_2009_(Argentina),
2009-08-22,18:00,Arsenal,Estudiantes (LP),0,2,,,Primera Division - Apertura,2009,zonas,,Fecha 1,El Viaducto,false,https://es.wikipedia.org/wiki/Anexo:Torneo_Apertura_2009_(Argentina),
2009-08-22,20:00,Rosario Central,Racing Club,1,0,,,Primera Division - Apertura,2009,zonas,,Fecha 1,Gigante de Arroyito,false,https://es.wikipedia.org/wiki/Anexo:Torneo_Apertura_2009_(Argentina),
2009-08-23,,9 de Julio (R),Ben Hur,0,1,,,Torneo Argentino A,2009,zonas,Zone 2,Fecha 1,,false,https://es.wikipedia.org/wiki/Torneo_Argentino_A_2009-10 + https://www.rsssf.org/,
2009-08-23,,Alumni (VM),Juventud Antoniana,0,1,,,Torneo Argentino A,2009,zonas,Zone 3,Fecha 1,,false,https://es.wikipedia.org/wiki/Torneo_Argentino_A_2009-10 + https://www.rsssf.org/,
2009-08-23,,Cipolletti,Guillermo Brown,2,1,,,Torneo Argentino A,2009,zonas,Zone 1,Fecha 1,,false,https://es.wikipedia.org/wiki/Torneo_Argentino_A_2009-10 + https://www.rsssf.org/,
2009-08-23,,Crucero del Norte,Sportivo Belgrano,1,0,,,Torneo Argentino A,2009,zonas,Zone 2,Fecha 1,,false,https://es.wikipedia.org/wiki/Torneo_Argentino_A_2009-10 + https://www.rsssf.org/,
2009-08-23,,Defensa y Justicia,Tiro Federal,2,0,,,Primera Nacional,2009,zonas,,Fecha 1,,false,https://es.wikipedia.org/wiki/Campeonato_de_Primera_B_Nacional_2009-10 + https://www.worldfootball.net/,
2009-08-23,,Deportivo Maipú,Estudiantes (RC),2,1,,,Torneo Argentino A,2009,zonas,Zone 3,Fecha 1,,false,https://es.wikipedia.org/wiki/Torneo_Argentino_A_2009-10 + https://www.rsssf.org/,
2009-08-23,,Desamparados,Racing (C),0,1,,,Torneo Argentino A,2009,zonas,Zone 3,Fecha 1,,false,https://es.wikipedia.org/wiki/Torneo_Argentino_A_2009-10 + https://www.rsssf.org/,
2009-08-23,,Ferrocarril Midland,El Porvenir,0,0,,,Primera C,2009,zonas,,Fecha 1,,false,https://es.wikipedia.org/wiki/Campeonato_de_Primera_C_2009-10_(Argentina) + https://www.rsssf.org/,
2009-08-23,,Juventud (P),Villa Mitre,1,1,,,Torneo Argentino A,2009,zonas,Zone 1,Fecha 1,,false,https://es.wikipedia.org/wiki/Torneo_Argentino_A_2009-10 + https://www.rsssf.org/,
2009-08-23,,Luján,Deportivo Laferrere,0,1,,,Primera C,2009,zonas,,Fecha 1,,false,https://es.wikipedia.org/wiki/Campeonato_de_Primera_C_2009-10_(Argentina) + https://www.rsssf.org/,
2009-08-23,,Patronato,Libertad (S),1,0,,,Torneo Argentino A,2009,zonas,Zone 2,Fecha 1,,false,https://es.wikipedia.org/wiki/Torneo_Argentino_A_2009-10 + https://www.rsssf.org/,
2009-08-23,,Ramón Santamarina,Rivadavia (L),0,2,,,Torneo Argentino A,2009,zonas,Zone 1,Fecha 1,,false,https://es.wikipedia.org/wiki/Torneo_Argentino_A_2009-10 + https://www.rsssf.org/,
2009-08-23,,San Martín (SJ),Platense,2,1,,,Primera Nacional,2009,zonas,,Fecha 1,,false,https://es.wikipedia.org/wiki/Campeonato_de_Primera_B_Nacional_2009-10 + https://www.worldfootball.net/,
2009-08-23,,Talleres (C),Juventud Unida Universitario,1,2,,,Torneo Argentino A,2009,zonas,Zone 3,Fecha 1,,false,https://es.wikipedia.org/wiki/Torneo_Argentino_A_2009-10 + https://www.rsssf.org/,
2009-08-23,,Talleres (RdE),Argentino de Merlo,0,1,,,Primera C,2009,zonas,,Fecha 1,,false,https://es.wikipedia.org/wiki/Campeonato_de_Primera_C_2009-10_(Argentina) + https://www.rsssf.org/,
2009-08-23,,Unión (MdP),Huracán (TA),3,2,,,Torneo Argentino A,2009,zonas,Zone 1,Fecha 1,,false,https://es.wikipedia.org/wiki/Torneo_Argentino_A_2009-10 + https://www.rsssf.org/,
2009-08-23,,Unión (S),Gimnasia y Esgrima (CdU),2,1,,,Torneo Argentino A,2009,zonas,Zone 2,Fecha 1,,false,https://es.wikipedia.org/wiki/Torneo_Argentino_A_2009-10 + https://www.rsssf.org/,
2009-08-23,14:00,Huracán,Lanús,1,2,,,Primera Division - Apertura,2009,zonas,,Fecha 1,Tomás A. Ducó,false,https://es.wikipedia.org/wiki/Anexo:Torneo_Apertura_2009_(Argentina),
2009-08-23,16:00,Boca Juniors,Argentinos Juniors,2,2,,,Primera Division - Apertura,2009,zonas,,Fecha 1,La Bombonera,false,https://es.wikipedia.org/wiki/Anexo:Torneo_Apertura_2009_(Argentina),
2009-08-23,18:00,Banfield,River Plate,2,0,,,Primera Division - Apertura,2009,zonas,,Fecha 1,Florencio Sola,false,https://es.wikipedia.org/wiki/Anexo:Torneo_Apertura_2009_(Argentina),
2009-08-23,20:00,Colón,Vélez Sarsfield,0,1,,,Primera Division - Apertura,2009,zonas,,Fecha 1,Brigadier Estanislao López,false,https://es.wikipedia.org/wiki/Anexo:Torneo_Apertura_2009_(Argentina),
2009-08-24,,Berazategui,Defensores Unidos,2,0,,,Primera C,2009,zonas,,Fecha 1,,false,https://es.wikipedia.org/wiki/Campeonato_de_Primera_C_2009-10_(Argentina) + https://www.rsssf.org/,
2009-08-25,,Instituto,San Martín (T),1,0,,,Primera Nacional,2009,zonas,,Fecha 1,,false,https://es.wikipedia.org/wiki/Campeonato_de_Primera_B_Nacional_2009-10 + https://www.worldfootball.net/,
2009-08-27,,Aldosivi,Gimnasia y Esgrima (J),0,0,,,Primera Nacional,2009,zonas,,Fecha 2,,false,https://es.wikipedia.org/wiki/Campeonato_de_Primera_B_Nacional_2009-10 + https://www.worldfootball.net/,
2009-08-28,,El Porvenir,Fénix,1,1,,,Primera C,2009,zonas,,Fecha 2,,false,https://es.wikipedia.org/wiki/Campeonato_de_Primera_C_2009-10_(Argentina) + https://www.rsssf.org/,
2009-08-28,19:10,Tigre,Rosario Central,1,2,,,Primera Division - Apertura,2009,zonas,,Fecha 2,Monumental de Victoria,false,https://es.wikipedia.org/wiki/Anexo:Torneo_Apertura_2009_(Argentina),
2009-08-28,21:10,Racing Club,Colón,1,1,,,Primera Division - Apertura,2009,zonas,,Fecha 2,El Cilindro,false,https://es.wikipedia.org/wiki/Anexo:Torneo_Apertura_2009_(Argentina),
2009-08-29,,Argentino de Merlo,General Lamadrid,0,1,,,Primera C,2009,zonas,,Fecha 2,,false,https://es.wikipedia.org/wiki/Campeonato_de_Primera_C_2009-10_(Argentina) + https://www.rsssf.org/,
2009-08-29,,Argentino de Rosario,Sacachispas,1,2,,,Primera C,2009,zonas,,Fecha 2,,false,https://es.wikipedia.org/wiki/Campeonato_de_Primera_C_2009-10_(Argentina) + https://www.rsssf.org/,
2009-08-29,,Barracas Central,San Miguel,3,1,,,Primera C,2009,zonas,,Fecha 2,,false,https://es.wikipedia.org/wiki/Campeonato_de_Primera_C_2009-10_(Argentina) + https://www.rsssf.org/,
2009-08-29,,Belgrano,San Martín (SJ),1,3,,,Primera Nacional,2009,zonas,,Fecha 2,,false,https://es.wikipedia.org/wiki/Campeonato_de_Primera_B_Nacional_2009-10 + https://www.worldfootball.net/,
2009-08-29,,CAI,Sportivo Italiano,1,0,,,Primera Nacional,2009,zonas,,Fecha 2,,false,https://es.wikipedia.org/wiki/Campeonato_de_Primera_B_Nacional_2009-10 + https://www.worldfootball.net/,
2009-08-29,,Deportivo Merlo,Quilmes,0,1,,,Primera Nacional,2009,zonas,,Fecha 2,,false,https://es.wikipedia.org/wiki/Campeonato_de_Primera_B_Nacional_2009-10 + https://www.worldfootball.net/,
2009-08-29,,Excursionistas,Ferrocarril Midland,0,0,,,Primera C,2009,zonas,,Fecha 2,,false,https://es.wikipedia.org/wiki/Campeonato_de_Primera_C_2009-10_(Argentina) + https://www.rsssf.org/,
2009-08-29,,Ferro Carril Oeste,All Boys,0,0,,,Primera Nacional,2009,zonas,,Fecha 2,,false,https://es.wikipedia.org/wiki/Campeonato_de_Primera_B_Nacional_2009-10 + https://www.worldfootball.net/,
2009-08-29,,J. J. de Urquiza,Barracas Bolívar,3,0,,,Primera C,2009,zonas,,Fecha 2,,false,https://es.wikipedia.org/wiki/Campeonato_de_Primera_C_2009-10_(Argentina) + https://www.rsssf.org/,
2009-08-29,,Leandro N. Alem,Villa Dálmine,1,0,,,Primera C,2009,zonas,,Fecha 2,,false,https://es.wikipedia.org/wiki/Campeonato_de_Primera_C_2009-10_(Argentina) + https://www.rsssf.org/,
2009-08-29,,Platense,Olimpo,0,0,,,Primera Nacional,2009,zonas,,Fecha 2,,false,https://es.wikipedia.org/wiki/Campeonato_de_Primera_B_Nacional_2009-10 + https://www.worldfootball.net/,
2009-08-29,,Tiro Federal,Unión,1,2,,,Primera Nacional,2009,zonas,,Fecha 2,,false,https://es.wikipedia.org/wiki/Campeonato_de_Primera_B_Nacional_2009-10 + https://www.worldfootball.net/,
2009-08-29,14:10,Vélez Sarsfield,Arsenal,3,1,,,Primera Division - Apertura,2009,zonas,,Fecha 2,José Amalfitani,false,https://es.wikipedia.org/wiki/Anexo:Torneo_Apertura_2009_(Argentina),
2009-08-29,16:10,Estudiantes (LP),Gimnasia y Esgrima (LP),3,0,,,Primera Division - Apertura,2009,zonas,,Fecha 2,Ciudad de La Plata,false,https://es.wikipedia.org/wiki/Anexo:Torneo_Apertura_2009_(Argentina),
2009-08-29,18:10,Argentinos Juniors,Banfield,1,1,,,Primera Division - Apertura,2009,zonas,,Fecha 2,Diego Armando Maradona,false,https://es.wikipedia.org/wiki/Anexo:Torneo_Apertura_2009_(Argentina),
2009-08-29,20:10,Godoy Cruz,San Lorenzo,1,1,,,Primera Division - Apertura,2009,zonas,,Fecha 2,Malvinas Argentinas,false,https://es.wikipedia.org/wiki/Anexo:Torneo_Apertura_2009_(Argentina),
2009-08-30,,Ben Hur,Unión (S),0,3,,,Torneo Argentino A,2009,zonas,Zone 2,Fecha 2,,false,https://es.wikipedia.org/wiki/Torneo_Argentino_A_2009-10 + https://www.rsssf.org/,
2009-08-30,,Boca Unidos,Atlético de Rafaela,1,1,,,Primera Nacional,2009,zonas,,Fecha 2,,false,https://es.wikipedia.org/wiki/Campeonato_de_Primera_B_Nacional_2009-10 + https://www.worldfootball.net/,
2009-08-30,,Defensores Unidos,Luján,2,1,,,Primera C,2009,zonas,,Fecha 2,,false,https://es.wikipedia.org/wiki/Campeonato_de_Primera_C_2009-10_(Argentina) + https://www.rsssf.org/,
2009-08-30,,Deportivo Laferrere,Talleres (RdE),0,2,,,Primera C,2009,zonas,,Fecha 2,,false,https://es.wikipedia.org/wiki/Campeonato_de_Primera_C_2009-10_(Argentina) + https://www.rsssf.org/,
2009-08-30,,Estudiantes (RC),Desamparados,2,0,,,Torneo Argentino A,2009,zonas,Zone 3,Fecha 2,,false,https://es.wikipedia.org/wiki/Torneo_Argentino_A_2009-10 + https://www.rsssf.org/,
2009-08-30,,Gimnasia y Esgrima (CdU),Crucero del Norte,0,1,,,Torneo Argentino A,2009,zonas,Zone 2,Fecha 2,,false,https://es.wikipedia.org/wiki/Torneo_Argentino_A_2009-10 + https://www.rsssf.org/,
2009-08-30,,Guillermo Brown,Juventud (P),1,0,,,Torneo Argentino A,2009,zonas,Zone 1,Fecha 2,,false,https://es.wikipedia.org/wiki/Torneo_Argentino_A_2009-10 + https://www.rsssf.org/,
2009-08-30,,Huracán (TA),Cipolletti,0,0,,,Torneo Argentino A,2009,zonas,Zone 1,Fecha 2,,false,https://es.wikipedia.org/wiki/Torneo_Argentino_A_2009-10 + https://www.rsssf.org/,
2009-08-30,,Independiente Rivadavia,Instituto,0,0,,,Primera Nacional,2009,zonas,,Fecha 2,,false,https://es.wikipedia.org/wiki/Campeonato_de_Primera_B_Nacional_2009-10 + https://www.worldfootball.net/,
2009-08-30,,Juventud Antoniana,Central Córdoba (SdE),0,2,,,Torneo Argentino A,2009,zonas,Zone 3,Fecha 2,,false,https://es.wikipedia.org/wiki/Torneo_Argentino_A_2009-10 + https://www.rsssf.org/,
2009-08-30,,Juventud Unida Universitario,Alumni (VM),2,2,,,Torneo Argentino A,2009,zonas,Zone 3,Fecha 2,,false,https://es.wikipedia.org/wiki/Torneo_Argentino_A_2009-10 + https://www.rsssf.org/,
2009-08-30,,Libertad (S),9 de Julio (R),2,1,,,Torneo Argentino A,2009,zonas,Zone 2,Fecha 2,,false,https://es.wikipedia.org/wiki/Torneo_Argentino_A_2009-10 + https://www.rsssf.org/,
2009-08-30,,Racing (C),Talleres (C),1,1,,,Torneo Argentino A,2009,zonas,Zone 3,Fecha 2,,false,https://es.wikipedia.org/wiki/Torneo_Argentino_A_2009-10 + https://www.rsssf.org/,
2009-08-30,,Rivadavia (L),Unión (MdP),1,1,,,Torneo Argentino A,2009,zonas,Zone 1,Fecha 2,,false,https://es.wikipedia.org/wiki/Torneo_Argentino_A_2009-10 + https://www.rsssf.org/,
2009-08-30,,Sportivo Belgrano,Patronato,1,2,,,Torneo Argentino A,2009,zonas,Zone 2,Fecha 2,,false,https://es.wikipedia.org/wiki/Torneo_Argentino_A_2009-10 + https://www.rsssf.org/,
2009-08-30,,Villa Mitre,Ramón Santamarina,1,1,,,Torneo Argentino A,2009,zonas,Zone 1,Fecha 2,,false,https://es.wikipedia.org/wiki/Torneo_Argentino_A_2009-10 + https://www.rsssf.org/,
2009-08-30,14:10,River Plate,Chacarita Juniors,4,3,,,Primera Division - Apertura,2009,zonas,,Fecha 2,Monumental,false,https://es.wikipedia.org/wiki/Anexo:Torneo_Apertura_2009_(Argentina),
2009-08-30,16:10,Atlético Tucumán,Independiente,2,4,,,Primera Division - Apertura,2009,zonas,,Fecha 2,Monumental José Fierro,false,https://es.wikipedia.org/wiki/Anexo:Torneo_Apertura_2009_(Argentina),
2009-08-30,18:10,Lanús,Boca Juniors,1,2,,,Primera Division - Apertura,2009,zonas,,Fecha 2,Ciudad de Lanús,false,https://es.wikipedia.org/wiki/Anexo:Torneo_Apertura_2009_(Argentina),
2009-08-30,20:10,Newell's Old Boys,Huracán,1,0,,,Primera Division - Apertura,2009,zonas,,Fecha 2,Coloso del Parque,false,https://es.wikipedia.org/wiki/Anexo:Torneo_Apertura_2009_(Argentina),
2009-08-31,,San Martín (T),Defensa y Justicia,1,0,,,Primera Nacional,2009,zonas,,Fecha 2,,false,https://es.wikipedia.org/wiki/Campeonato_de_Primera_B_Nacional_2009-10 + https://www.worldfootball.net/,
2009-09-02,14:10,Arsenal,Racing Club,0,0,,,Primera Division - Apertura,2009,zonas,,Fecha 3,El Viaducto,false,https://es.wikipedia.org/wiki/Anexo:Torneo_Apertura_2009_(Argentina),
2009-09-02,16:10,San Lorenzo,Estudiantes (LP),2,2,,,Primera Division - Apertura,2009,zonas,,Fecha 3,Nuevo Gasómetro,false,https://es.wikipedia.org/wiki/Anexo:Torneo_Apertura_2009_(Argentina),
2009-09-02,20:10,Argentinos Juniors,Lanús,0,0,,,Primera Division - Apertura,2009,zonas,,Fecha 3,Diego Armando Maradona,false,https://es.wikipedia.org/wiki/Anexo:Torneo_Apertura_2009_(Argentina),
2009-09-03,,Defensores de Cambaceres,Berazategui,0,0,,,Primera C,2009,zonas,,Fecha 2,,false,https://es.wikipedia.org/wiki/Campeonato_de_Primera_C_2009-10_(Argentina) + https://www.rsssf.org/,
2009-09-03,,Olimpo,Belgrano,1,0,,,Primera Nacional,2009,zonas,,Fecha 3,,false,https://es.wikipedia.org/wiki/Campeonato_de_Primera_B_Nacional_2009-10 + https://www.worldfootball.net/,
2009-09-03,16:00,Huracán,Atlético Tucumán,0,2,,,Primera Division - Apertura,2009,zonas,,Fecha 3,Tomás A. Ducó,false,https://es.wikipedia.org/wiki/Anexo:Torneo_Apertura_2009_(Argentina),
2009-09-03,18:10,Independiente,Godoy Cruz,2,0,,,Primera Division - Apertura,2009,zonas,,Fecha 3,Ciudad de Lanús,false,https://es.wikipedia.org/wiki/Anexo:Torneo_Apertura_2009_(Argentina),
2009-09-03,20:10,Boca Juniors,Newell's Old Boys,1,1,,,Primera Division - Apertura,2009,zonas,,Fecha 3,La Bombonera,false,https://es.wikipedia.org/wiki/Anexo:Torneo_Apertura_2009_(Argentina),
2009-09-04,,Atlético de Rafaela,Deportivo Merlo,1,3,,,Primera Nacional,2009,zonas,,Fecha 3,,false,https://es.wikipedia.org/wiki/Campeonato_de_Primera_B_Nacional_2009-10 + https://www.worldfootball.net/,
2009-09-04,,Barracas Bolívar,Barracas Central,1,1,,,Primera C,2009,zonas,,Fecha 3,,false,https://es.wikipedia.org/wiki/Campeonato_de_Primera_C_2009-10_(Argentina) + https://www.rsssf.org/,
2009-09-04,14:10,Banfield,Chacarita Juniors,1,0,,,Primera Division - Apertura,2009,zonas,,Fecha 3,Florencio Sola,false,https://es.wikipedia.org/wiki/Anexo:Torneo_Apertura_2009_(Argentina),
2009-09-04,19:10,Colón,Tigre,5,1,,,Primera Division - Apertura,2009,zonas,,Fecha 3,Brigadier Estanislao López,false,https://es.wikipedia.org/wiki/Anexo:Torneo_Apertura_2009_(Argentina),
2009-09-04,21:10,Gimnasia y Esgrima (LP),Vélez Sarsfield,0,1,,,Primera Division - Apertura,2009,zonas,,Fecha 3,Juan Carmelo Zerillo,false,https://es.wikipedia.org/wiki/Anexo:Torneo_Apertura_2009_(Argentina),
2009-09-05,,Ferrocarril Midland,J. J. de Urquiza,1,0,,,Primera C,2009,zonas,,Fecha 3,,false,https://es.wikipedia.org/wiki/Campeonato_de_Primera_C_2009-10_(Argentina) + https://www.rsssf.org/,
2009-09-05,,Talleres (C),Estudiantes (RC),1,0,,,Torneo Argentino A,2009,zonas,Zone 3,Fecha 3,,false,https://es.wikipedia.org/wiki/Torneo_Argentino_A_2009-10 + https://www.rsssf.org/,
2009-09-06,,9 de Julio (R),Patronato,1,1,,,Torneo Argentino A,2009,zonas,Zone 2,Fecha 3,,false,https://es.wikipedia.org/wiki/Torneo_Argentino_A_2009-10 + https://www.rsssf.org/,
2009-09-06,,All Boys,Platense,3,1,,,Primera Nacional,2009,zonas,,Fecha 3,,false,https://es.wikipedia.org/wiki/Campeonato_de_Primera_B_Nacional_2009-10 + https://www.worldfootball.net/,
2009-09-06,,Alumni (VM),Racing (C),2,0,,,Torneo Argentino A,2009,zonas,Zone 3,Fecha 3,,false,https://es.wikipedia.org/wiki/Torneo_Argentino_A_2009-10 + https://www.rsssf.org/,
2009-09-06,,Central Córdoba (SdE),Juventud Unida Universitario,0,1,,,Torneo Argentino A,2009,zonas,Zone 3,Fecha 3,,false,https://es.wikipedia.org/wiki/Torneo_Argentino_A_2009-10 + https://www.rsssf.org/,
2009-09-06,,Cipolletti,Unión (MdP),1,1,,,Torneo Argentino A,2009,zonas,Zone 1,Fecha 3,,false,https://es.wikipedia.org/wiki/Torneo_Argentino_A_2009-10 + https://www.rsssf.org/,
2009-09-06,,Crucero del Norte,Ben Hur,1,0,,,Torneo Argentino A,2009,zonas,Zone 2,Fecha 3,,false,https://es.wikipedia.org/wiki/Torneo_Argentino_A_2009-10 + https://www.rsssf.org/,
2009-09-06,,Defensa y Justicia,Independiente Rivadavia,4,4,,,Primera Nacional,2009,zonas,,Fecha 3,,false,https://es.wikipedia.org/wiki/Campeonato_de_Primera_B_Nacional_2009-10 + https://www.worldfootball.net/,
2009-09-06,,Desamparados,Deportivo Maipú,0,0,,,Torneo Argentino A,2009,zonas,Zone 3,Fecha 3,,false,https://es.wikipedia.org/wiki/Torneo_Argentino_A_2009-10 + https://www.rsssf.org/,
2009-09-06,,Fénix,Excursionistas,0,0,,,Primera C,2009,zonas,,Fecha 3,,false,https://es.wikipedia.org/wiki/Campeonato_de_Primera_C_2009-10_(Argentina) + https://www.rsssf.org/,
2009-09-06,,General Lamadrid,Deportivo Laferrere,2,0,,,Primera C,2009,zonas,,Fecha 3,,false,https://es.wikipedia.org/wiki/Campeonato_de_Primera_C_2009-10_(Argentina) + https://www.rsssf.org/,
2009-09-06,,Gimnasia y Esgrima (CdU),Sportivo Belgrano,1,0,,,Torneo Argentino A,2009,zonas,Zone 2,Fecha 3,,false,https://es.wikipedia.org/wiki/Torneo_Argentino_A_2009-10 + https://www.rsssf.org/,
2009-09-06,,Gimnasia y Esgrima (J),Tiro Federal,1,1,,,Primera Nacional,2009,zonas,,Fecha 3,,false,https://es.wikipedia.org/wiki/Campeonato_de_Primera_B_Nacional_2009-10 + https://www.worldfootball.net/,
2009-09-06,,Instituto,CAI,2,0,,,Primera Nacional,2009,zonas,,Fecha 3,,false,https://es.wikipedia.org/wiki/Campeonato_de_Primera_B_Nacional_2009-10 + https://www.worldfootball.net/,
2009-09-06,,Juventud (P),Huracán (TA),0,2,,,Torneo Argentino A,2009,zonas,Zone 1,Fecha 3,,false,https://es.wikipedia.org/wiki/Torneo_Argentino_A_2009-10 + https://www.rsssf.org/,
2009-09-06,,Quilmes,Aldosivi,2,0,,,Primera Nacional,2009,zonas,,Fecha 3,,false,https://es.wikipedia.org/wiki/Campeonato_de_Primera_B_Nacional_2009-10 + https://www.worldfootball.net/,
2009-09-06,,Ramón Santamarina,Guillermo Brown,2,2,,,Torneo Argentino A,2009,zonas,Zone 1,Fecha 3,,false,https://es.wikipedia.org/wiki/Torneo_Argentino_A_2009-10 + https://www.rsssf.org/,
2009-09-06,,Sacachispas,Argentino de Merlo,1,1,,,Primera C,2009,zonas,,Fecha 3,,false,https://es.wikipedia.org/wiki/Campeonato_de_Primera_C_2009-10_(Argentina) + https://www.rsssf.org/,
2009-09-06,,San Martín (SJ),Boca Unidos,2,0,,,Primera Nacional,2009,zonas,,Fecha 3,,false,https://es.wikipedia.org/wiki/Campeonato_de_Primera_B_Nacional_2009-10 + https://www.worldfootball.net/,
2009-09-06,,San Miguel,Argentino de Rosario,1,1,,,Primera C,2009,zonas,,Fecha 3,,false,https://es.wikipedia.org/wiki/Campeonato_de_Primera_C_2009-10_(Argentina) + https://www.rsssf.org/,
2009-09-06,,Sportivo Italiano,Ferro Carril Oeste,0,4,,,Primera Nacional,2009,zonas,,Fecha 3,,false,https://es.wikipedia.org/wiki/Campeonato_de_Primera_B_Nacional_2009-10 + https://www.worldfootball.net/,
2009-09-06,,Talleres (RdE),Defensores Unidos,1,4,,,Primera C,2009,zonas,,Fecha 3,,false,https://es.wikipedia.org/wiki/Campeonato_de_Primera_C_2009-10_(Argentina) + https://www.rsssf.org/,
2009-09-06,,Unión (S),Libertad (S),1,1,,,Torneo Argentino A,2009,zonas,Zone 2,Fecha 3,,false,https://es.wikipedia.org/wiki/Torneo_Argentino_A_2009-10 + https://www.rsssf.org/,
2009-09-06,,Villa Dálmine,El Porvenir,0,0,,,Primera C,2009,zonas,,Fecha 3,,false,https://es.wikipedia.org/wiki/Campeonato_de_Primera_C_2009-10_(Argentina) + https://www.rsssf.org/,
2009-09-06,,Villa Mitre,Rivadavia (L),2,0,,,Torneo Argentino A,2009,zonas,Zone 1,Fecha 3,,false,https://es.wikipedia.org/wiki/Torneo_Argentino_A_2009-10 + https://www.rsssf.org/,
2009-09-07,,Unión,San Martín (T),1,0,,,Primera Nacional,2009,zonas,,Fecha 3,,false,https://es.wikipedia.org/wiki/Campeonato_de_Primera_B_Nacional_2009-10 + https://www.worldfootball.net/,
2009-09-08,,Berazategui,Leandro N. Alem,1,0,,,Primera C,2009,zonas,,Fecha 3,,false,https://es.wikipedia.org/wiki/Campeonato_de_Primera_C_2009-10_(Argentina) + http://josecarluccio.blogspot.com/2014/11/argentina-1ra-c-afa-200910.html,
2009-09-08,,Luján,Defensores de Cambaceres,1,3,,,Primera C,2009,zonas,,Fecha 3,,false,https://es.wikipedia.org/wiki/Campeonato_de_Primera_C_2009-10_(Argentina) + http://josecarluccio.blogspot.com/2014/11/argentina-1ra-c-afa-200910.html,
2009-09-08,20:10,Rosario Central,River Plate,2,1,,,Primera Division - Apertura,2009,zonas,,Fecha 3,Gigante de Arroyito,false,https://es.wikipedia.org/wiki/Anexo:Torneo_Apertura_2009_(Argentina),
2009-09-11,,Barracas Bolívar,San Miguel,0,0,,,Primera C,2009,zonas,,Fecha 4,,false,https://es.wikipedia.org/wiki/Campeonato_de_Primera_C_2009-10_(Argentina) + https://www.rsssf.org/,
2009-09-11,,Deportivo Laferrere,Sacachispas,3,0,,,Primera C,2009,zonas,,Fecha 4,,false,https://es.wikipedia.org/wiki/Campeonato_de_Primera_C_2009-10_(Argentina) + https://www.rsssf.org/,
2009-09-11,,Ferro Carril Oeste,Instituto,0,0,,,Primera Nacional,2009,zonas,,Fecha 4,,false,https://es.wikipedia.org/wiki/Campeonato_de_Primera_B_Nacional_2009-10 + https://www.worldfootball.net/,
2009-09-11,,Racing (C),Central Córdoba (SdE),0,2,,,Torneo Argentino A,2009,zonas,Zone 3,Fecha 4,,false,https://es.wikipedia.org/wiki/Torneo_Argentino_A_2009-10 + https://www.rsssf.org/,
2009-09-11,19:10,Racing Club,Gimnasia y Esgrima (LP),1,1,,,Primera Division - Apertura,2009,zonas,,Fecha 4,El Cilindro,false,https://es.wikipedia.org/wiki/Anexo:Torneo_Apertura_2009_(Argentina),
2009-09-11,21:10,Newell's Old Boys,Argentinos Juniors,0,1,,,Primera Division - Apertura,2009,zonas,,Fecha 4,Coloso del Parque,false,https://es.wikipedia.org/wiki/Anexo:Torneo_Apertura_2009_(Argentina),
2009-09-12,,Aldosivi,Atlético de Rafaela,0,1,,,Primera Nacional,2009,zonas,,Fecha 4,,false,https://es.wikipedia.org/wiki/Campeonato_de_Primera_B_Nacional_2009-10 + https://www.worldfootball.net/,
2009-09-12,,Argentino de Merlo,Argentino de Rosario,2,1,,,Primera C,2009,zonas,,Fecha 4,,false,https://es.wikipedia.org/wiki/Campeonato_de_Primera_C_2009-10_(Argentina) + https://www.rsssf.org/,
2009-09-12,,Barracas Central,Ferrocarril Midland,2,0,,,Primera C,2009,zonas,,Fecha 4,,false,https://es.wikipedia.org/wiki/Campeonato_de_Primera_C_2009-10_(Argentina) + https://www.rsssf.org/,
2009-09-12,,Belgrano,All Boys,1,0,,,Primera Nacional,2009,zonas,,Fecha 4,,false,https://es.wikipedia.org/wiki/Campeonato_de_Primera_B_Nacional_2009-10 + https://www.worldfootball.net/,
2009-09-12,,Boca Unidos,Olimpo,1,0,,,Primera Nacional,2009,zonas,,Fecha 4,,false,https://es.wikipedia.org/wiki/Campeonato_de_Primera_B_Nacional_2009-10 + https://www.worldfootball.net/,
2009-09-12,,CAI,Defensa y Justicia,1,3,,,Primera Nacional,2009,zonas,,Fecha 4,,false,https://es.wikipedia.org/wiki/Campeonato_de_Primera_B_Nacional_2009-10 + https://www.worldfootball.net/,
2009-09-12,,Defensores Unidos,General Lamadrid,3,0,,,Primera C,2009,zonas,,Fecha 4,,false,https://es.wikipedia.org/wiki/Campeonato_de_Primera_C_2009-10_(Argentina) + https://www.rsssf.org/,
2009-09-12,,Deportivo Maipú,Talleres (C),2,1,,,Torneo Argentino A,2009,zonas,Zone 3,Fecha 4,,false,https://es.wikipedia.org/wiki/Torneo_Argentino_A_2009-10 + https://www.rsssf.org/,
2009-09-12,,Deportivo Merlo,San Martín (SJ),1,1,,,Primera Nacional,2009,zonas,,Fecha 4,,false,https://es.wikipedia.org/wiki/Campeonato_de_Primera_B_Nacional_2009-10 + https://www.worldfootball.net/,
2009-09-12,,El Porvenir,Berazategui,1,0,,,Primera C,2009,zonas,,Fecha 4,,false,https://es.wikipedia.org/wiki/Campeonato_de_Primera_C_2009-10_(Argentina) + https://www.rsssf.org/,
2009-09-12,,Excursionistas,Villa Dálmine,2,1,,,Primera C,2009,zonas,,Fecha 4,,false,https://es.wikipedia.org/wiki/Campeonato_de_Primera_C_2009-10_(Argentina) + https://www.rsssf.org/,
2009-09-12,,Huracán (TA),Ramón Santamarina,1,0,,,Torneo Argentino A,2009,zonas,Zone 1,Fecha 4,,false,https://es.wikipedia.org/wiki/Torneo_Argentino_A_2009-10 + https://www.rsssf.org/,
2009-09-12,,Quilmes,Gimnasia y Esgrima (J),0,0,,,Primera Nacional,2009,zonas,,Fecha 4,,false,https://es.wikipedia.org/wiki/Campeonato_de_Primera_B_Nacional_2009-10 + https://www.worldfootball.net/,
2009-09-12,14:00,Chacarita Juniors,Rosario Central,0,1,,,Primera Division - Apertura,2009,zonas,,Fecha 4,Tomás A. Ducó,false,https://es.wikipedia.org/wiki/Anexo:Torneo_Apertura_2009_(Argentina),
2009-09-12,16:10,Vélez Sarsfield,San Lorenzo,0,0,,,Primera Division - Apertura,2009,zonas,,Fecha 4,José Amalfitani,false,https://es.wikipedia.org/wiki/Anexo:Torneo_Apertura_2009_(Argentina),
2009-09-12,18:10,Tigre,Arsenal,1,2,,,Primera Division - Apertura,2009,zonas,,Fecha 4,Monumental de Victoria,false,https://es.wikipedia.org/wiki/Anexo:Torneo_Apertura_2009_(Argentina),
2009-09-12,20:10,Atlético Tucumán,Boca Juniors,2,0,,,Primera Division - Apertura,2009,zonas,,Fecha 4,Monumental José Fierro,false,https://es.wikipedia.org/wiki/Anexo:Torneo_Apertura_2009_(Argentina),
2009-09-13,,Ben Hur,Gimnasia y Esgrima (CdU),0,0,,,Torneo Argentino A,2009,zonas,Zone 2,Fecha 4,,false,https://es.wikipedia.org/wiki/Torneo_Argentino_A_2009-10 + https://www.rsssf.org/,
2009-09-13,,Defensores de Cambaceres,Talleres (RdE),0,2,,,Primera C,2009,zonas,,Fecha 4,,false,https://es.wikipedia.org/wiki/Campeonato_de_Primera_C_2009-10_(Argentina) + https://www.rsssf.org/,
2009-09-13,,Estudiantes (RC),Alumni (VM),0,0,,,Torneo Argentino A,2009,zonas,Zone 3,Fecha 4,,false,https://es.wikipedia.org/wiki/Torneo_Argentino_A_2009-10 + https://www.rsssf.org/,
2009-09-13,,Guillermo Brown,Villa Mitre,2,0,,,Torneo Argentino A,2009,zonas,Zone 1,Fecha 4,,false,https://es.wikipedia.org/wiki/Torneo_Argentino_A_2009-10 + https://www.rsssf.org/,
2009-09-13,,J. J. de Urquiza,Fénix,2,1,,,Primera C,2009,zonas,,Fecha 4,,false,https://es.wikipedia.org/wiki/Campeonato_de_Primera_C_2009-10_(Argentina) + https://www.rsssf.org/,
2009-09-13,,Juventud Unida Universitario,Juventud Antoniana,2,2,,,Torneo Argentino A,2009,zonas,Zone 3,Fecha 4,,false,https://es.wikipedia.org/wiki/Torneo_Argentino_A_2009-10 + https://www.rsssf.org/,
2009-09-13,,Leandro N. Alem,Luján,1,0,,,Primera C,2009,zonas,,Fecha 4,,false,https://es.wikipedia.org/wiki/Campeonato_de_Primera_C_2009-10_(Argentina) + https://www.rsssf.org/,
2009-09-13,,Libertad (S),Crucero del Norte,2,1,,,Torneo Argentino A,2009,zonas,Zone 2,Fecha 4,,false,https://es.wikipedia.org/wiki/Torneo_Argentino_A_2009-10 + https://www.rsssf.org/,
2009-09-13,,Patronato,Unión (S),1,1,,,Torneo Argentino A,2009,zonas,Zone 2,Fecha 4,,false,https://es.wikipedia.org/wiki/Torneo_Argentino_A_2009-10 + https://www.rsssf.org/,
2009-09-13,,Platense,Sportivo Italiano,2,1,,,Primera Nacional,2009,zonas,,Fecha 4,,false,https://es.wikipedia.org/wiki/Campeonato_de_Primera_B_Nacional_2009-10 + https://www.worldfootball.net/,
2009-09-13,,Rivadavia (L),Cipolletti,0,0,,,Torneo Argentino A,2009,zonas,Zone 1,Fecha 4,,false,https://es.wikipedia.org/wiki/Torneo_Argentino_A_2009-10 + https://www.rsssf.org/,
2009-09-13,,San Martín (T),Tiro Federal,3,2,,,Primera Nacional,2009,zonas,,Fecha 4,,false,https://es.wikipedia.org/wiki/Campeonato_de_Primera_B_Nacional_2009-10 + https://www.worldfootball.net/,
2009-09-13,,Sportivo Belgrano,9 de Julio (R),1,2,,,Torneo Argentino A,2009,zonas,Zone 2,Fecha 4,,false,https://es.wikipedia.org/wiki/Torneo_Argentino_A_2009-10 + https://www.rsssf.org/,
2009-09-13,,Unión (MdP),Juventud (P),1,1,,,Torneo Argentino A,2009,zonas,Zone 1,Fecha 4,,false,https://es.wikipedia.org/wiki/Torneo_Argentino_A_2009-10 + https://www.rsssf.org/,
2009-09-13,14:00,Lanús,Banfield,1,2,,,Primera Division - Apertura,2009,zonas,,Fecha 4,Ciudad de Lanús,false,https://es.wikipedia.org/wiki/Anexo:Torneo_Apertura_2009_(Argentina),
2009-09-13,16:10,River Plate,Colón,0,0,,,Primera Division - Apertura,2009,zonas,,Fecha 4,Monumental,false,https://es.wikipedia.org/wiki/Anexo:Torneo_Apertura_2009_(Argentina),
2009-09-13,18:10,Estudiantes (LP),Independiente,2,1,,,Primera Division - Apertura,2009,zonas,,Fecha 4,Centenario,false,https://es.wikipedia.org/wiki/Anexo:Torneo_Apertura_2009_(Argentina),
2009-09-13,20:10,Godoy Cruz,Huracán,1,1,,,Primera Division - Apertura,2009,zonas,,Fecha 4,Malvinas Argentinas,false,https://es.wikipedia.org/wiki/Anexo:Torneo_Apertura_2009_(Argentina),
2009-09-14,,Independiente Rivadavia,Unión,1,1,,,Primera Nacional,2009,zonas,,Fecha 4,,false,https://es.wikipedia.org/wiki/Campeonato_de_Primera_B_Nacional_2009-10 + https://www.worldfootball.net/,
2009-09-17,,San Martín (SJ),Aldosivi,2,1,,,Primera Nacional,2009,zonas,,Fecha 5,,false,https://es.wikipedia.org/wiki/Campeonato_de_Primera_B_Nacional_2009-10 + https://www.worldfootball.net/,
2009-09-18,,All Boys,Boca Unidos,1,1,,,Primera Nacional,2009,zonas,,Fecha 5,,false,https://es.wikipedia.org/wiki/Campeonato_de_Primera_B_Nacional_2009-10 + https://www.worldfootball.net/,
2009-09-18,,Alumni (VM),Deportivo Maipú,1,2,,,Torneo Argentino A,2009,zonas,Zone 3,Fecha 5,,false,https://es.wikipedia.org/wiki/Torneo_Argentino_A_2009-10 + https://www.rsssf.org/,
2009-09-18,,Central Córdoba (SdE),Estudiantes (RC),0,3,,,Torneo Argentino A,2009,zonas,Zone 3,Fecha 5,,false,https://es.wikipedia.org/wiki/Torneo_Argentino_A_2009-10 + https://www.rsssf.org/,
2009-09-18,,Juventud Antoniana,Racing (C),1,0,,,Torneo Argentino A,2009,zonas,Zone 3,Fecha 5,,false,https://es.wikipedia.org/wiki/Torneo_Argentino_A_2009-10 + https://www.rsssf.org/,
2009-09-18,,Villa Mitre,Patronato,1,1,,,Torneo Argentino A,2009,zonas,Zone 1,Fecha 5,,false,https://es.wikipedia.org/wiki/Torneo_Argentino_A_2009-10 + https://www.rsssf.org/,
2009-09-18,19:10,Huracán,Estudiantes (LP),1,4,,,Primera Division - Apertura,2009,zonas,,Fecha 5,Tomás A. Ducó,false,https://es.wikipedia.org/wiki/Anexo:Torneo_Apertura_2009_(Argentina),
2009-09-18,21:10,Rosario Central,Banfield,0,0,,,Primera Division - Apertura,2009,zonas,,Fecha 5,Gigante de Arroyito,false,https://es.wikipedia.org/wiki/Anexo:Torneo_Apertura_2009_(Argentina),
2009-09-19,,9 de Julio (R),Guillermo Brown,1,0,,,Torneo Argentino A,2009,zonas,Zone 1,Fecha 5,,false,https://es.wikipedia.org/wiki/Torneo_Argentino_A_2009-10 + https://www.rsssf.org/,
2009-09-19,,Argentino de Rosario,Deportivo Laferrere,1,0,,,Primera C,2009,zonas,,Fecha 5,,false,https://es.wikipedia.org/wiki/Campeonato_de_Primera_C_2009-10_(Argentina) + https://www.rsssf.org/,
2009-09-19,,Atlético de Rafaela,Quilmes,1,0,,,Primera Nacional,2009,zonas,,Fecha 5,,false,https://es.wikipedia.org/wiki/Campeonato_de_Primera_B_Nacional_2009-10 + https://www.worldfootball.net/,
2009-09-19,,Cipolletti,Ben Hur,3,2,,,Torneo Argentino A,2009,zonas,Zone 1,Fecha 5,,false,https://es.wikipedia.org/wiki/Torneo_Argentino_A_2009-10 + https://www.rsssf.org/,
2009-09-19,,Defensa y Justicia,Ferro Carril Oeste,3,1,,,Primera Nacional,2009,zonas,,Fecha 5,,false,https://es.wikipedia.org/wiki/Campeonato_de_Primera_B_Nacional_2009-10 + https://www.worldfootball.net/,
2009-09-19,,Fénix,Barracas Central,2,1,,,Primera C,2009,zonas,,Fecha 5,,false,https://es.wikipedia.org/wiki/Campeonato_de_Primera_C_2009-10_(Argentina) + https://www.rsssf.org/,
2009-09-19,,General Lamadrid,Defensores de Cambaceres,2,2,,,Primera C,2009,zonas,,Fecha 5,,false,https://es.wikipedia.org/wiki/Campeonato_de_Primera_C_2009-10_(Argentina) + https://www.rsssf.org/,
2009-09-19,,Gimnasia y Esgrima (CdU),Huracán (TA),2,0,,,Torneo Argentino A,2009,zonas,Zone 1,Fecha 5,,false,https://es.wikipedia.org/wiki/Torneo_Argentino_A_2009-10 + https://www.rsssf.org/,
2009-09-19,,Gimnasia y Esgrima (J),San Martín (T),2,1,,,Primera Nacional,2009,zonas,,Fecha 5,,false,https://es.wikipedia.org/wiki/Campeonato_de_Primera_B_Nacional_2009-10 + https://www.worldfootball.net/,
2009-09-19,,Juventud (P),Crucero del Norte,1,1,,,Torneo Argentino A,2009,zonas,Zone 1,Fecha 5,,false,https://es.wikipedia.org/wiki/Torneo_Argentino_A_2009-10 + https://www.rsssf.org/,
2009-09-19,,Luján,El Porvenir,0,0,,,Primera C,2009,zonas,,Fecha 5,,false,https://es.wikipedia.org/wiki/Campeonato_de_Primera_C_2009-10_(Argentina) + https://www.rsssf.org/,
2009-09-19,,Olimpo,Deportivo Merlo,0,0,,,Primera Nacional,2009,zonas,,Fecha 5,,false,https://es.wikipedia.org/wiki/Campeonato_de_Primera_B_Nacional_2009-10 + https://www.worldfootball.net/,
2009-09-19,,San Miguel,Argentino de Merlo,1,0,,,Primera C,2009,zonas,,Fecha 5,,false,https://es.wikipedia.org/wiki/Campeonato_de_Primera_C_2009-10_(Argentina) + https://www.rsssf.org/,
2009-09-19,,Sportivo Belgrano,Rivadavia (L),2,1,,,Torneo Argentino A,2009,zonas,Zone 1,Fecha 5,,false,https://es.wikipedia.org/wiki/Torneo_Argentino_A_2009-10 + https://www.rsssf.org/,
2009-09-19,,Sportivo Italiano,Belgrano,3,0,,,Primera Nacional,2009,zonas,,Fecha 5,,false,https://es.wikipedia.org/wiki/Campeonato_de_Primera_B_Nacional_2009-10 + https://www.worldfootball.net/,
2009-09-19,,Tiro Federal,Independiente Rivadavia,4,1,,,Primera Nacional,2009,zonas,,Fecha 5,,false,https://es.wikipedia.org/wiki/Campeonato_de_Primera_B_Nacional_2009-10 + https://www.worldfootball.net/,
2009-09-19,,Unión (MdP),Libertad (S),3,1,,,Torneo Argentino A,2009,zonas,Zone 1,Fecha 5,,false,https://es.wikipedia.org/wiki/Torneo_Argentino_A_2009-10 + https://www.rsssf.org/,
2009-09-19,,Unión (S),Ramón Santamarina,1,2,,,Torneo Argentino A,2009,zonas,Zone 1,Fecha 5,,false,https://es.wikipedia.org/wiki/Torneo_Argentino_A_2009-10 + https://www.rsssf.org/,
2009-09-19,,Villa Dálmine,J. J. de Urquiza,1,2,,,Primera C,2009,zonas,,Fecha 5,,false,https://es.wikipedia.org/wiki/Campeonato_de_Primera_C_2009-10_(Argentina) + https://www.rsssf.org/,
2009-09-19,14:00,Colón,Chacarita Juniors,3,1,,,Primera Division - Apertura,2009,zonas,,Fecha 5,Brigadier Estanislao López,false,https://es.wikipedia.org/wiki/Anexo:Torneo_Apertura_2009_(Argentina),
2009-09-19,16:10,Gimnasia y Esgrima (LP),Tigre,2,0,,,Primera Division - Apertura,2009,zonas,,Fecha 5,Juan Carmelo Zerillo,false,https://es.wikipedia.org/wiki/Anexo:Torneo_Apertura_2009_(Argentina),
2009-09-19,18:10,Argentinos Juniors,Atlético Tucumán,2,1,,,Primera Division - Apertura,2009,zonas,,Fecha 5,Diego Armando Maradona,false,https://es.wikipedia.org/wiki/Anexo:Torneo_Apertura_2009_(Argentina),
2009-09-19,20:10,Independiente,Vélez Sarsfield,2,2,,,Primera Division - Apertura,2009,zonas,,Fecha 5,Ciudad de Lanús,false,https://es.wikipedia.org/wiki/Anexo:Torneo_Apertura_2009_(Argentina),
2009-09-20,,Ferrocarril Midland,Barracas Bolívar,2,0,,,Primera C,2009,zonas,,Fecha 5,,false,https://es.wikipedia.org/wiki/Campeonato_de_Primera_C_2009-10_(Argentina) + https://www.rsssf.org/,
2009-09-20,,Talleres (C),Desamparados,3,0,,,Torneo Argentino A,2009,zonas,Zone 3,Fecha 5,,false,https://es.wikipedia.org/wiki/Torneo_Argentino_A_2009-10 + https://www.rsssf.org/,
2009-09-20,,Unión,CAI,0,0,,,Primera Nacional,2009,zonas,,Fecha 5,,false,https://es.wikipedia.org/wiki/Campeonato_de_Primera_B_Nacional_2009-10 + https://www.worldfootball.net/,
2009-09-20,14:00,Lanús,Newell's Old Boys,0,2,,,Primera Division - Apertura,2009,zonas,,Fecha 5,Ciudad de Lanús,false,https://es.wikipedia.org/wiki/Anexo:Torneo_Apertura_2009_(Argentina),
2009-09-20,16:10,San Lorenzo,Racing Club,0,0,,,Primera Division - Apertura,2009,zonas,,Fecha 5,Nuevo Gasómetro,false,https://es.wikipedia.org/wiki/Anexo:Torneo_Apertura_2009_(Argentina),
2009-09-20,18:10,Boca Juniors,Godoy Cruz,2,3,,,Primera Division - Apertura,2009,zonas,,Fecha 5,La Bombonera,false,https://es.wikipedia.org/wiki/Anexo:Torneo_Apertura_2009_(Argentina),
2009-09-20,20:10,Arsenal,River Plate,1,0,,,Primera Division - Apertura,2009,zonas,,Fecha 5,El Viaducto,false,https://es.wikipedia.org/wiki/Anexo:Torneo_Apertura_2009_(Argentina),
2009-09-21,,Instituto,Platense,1,0,,,Primera Nacional,2009,zonas,,Fecha 5,,false,https://es.wikipedia.org/wiki/Campeonato_de_Primera_B_Nacional_2009-10 + https://www.worldfootball.net/,
2009-09-22,,Berazategui,Excursionistas,1,0,,,Primera C,2009,zonas,,Fecha 5,,false,https://es.wikipedia.org/wiki/Campeonato_de_Primera_C_2009-10_(Argentina) + https://www.rsssf.org/,
2009-09-22,,Sacachispas,Defensores Unidos,1,1,,,Primera C,2009,zonas,,Fecha 5,,false,https://es.wikipedia.org/wiki/Campeonato_de_Primera_C_2009-10_(Argentina) + https://www.rsssf.org/,
2009-09-22,,Talleres (RdE),Leandro N. Alem,2,1,,,Primera C,2009,zonas,,Fecha 5,,false,https://es.wikipedia.org/wiki/Campeonato_de_Primera_C_2009-10_(Argentina) + https://www.rsssf.org/,
2009-09-23,,Ben Hur,Sportivo Belgrano,0,1,,,Torneo Argentino A,2009,zonas,Zone 2,Fecha 6,,false,https://es.wikipedia.org/wiki/Torneo_Argentino_A_2009-10 + https://www.rsssf.org/,
2009-09-23,,Crucero del Norte,Patronato,1,1,,,Torneo Argentino A,2009,zonas,Zone 2,Fecha 6,,false,https://es.wikipedia.org/wiki/Torneo_Argentino_A_2009-10 + https://www.rsssf.org/,
2009-09-23,,Deportivo Maipú,Central Córdoba (SdE),2,1,,,Torneo Argentino A,2009,zonas,Zone 3,Fecha 6,,false,https://es.wikipedia.org/wiki/Torneo_Argentino_A_2009-10 + https://www.rsssf.org/,
2009-09-23,,Desamparados,Alumni (VM),1,1,,,Torneo Argentino A,2009,zonas,Zone 3,Fecha 6,,false,https://es.wikipedia.org/wiki/Torneo_Argentino_A_2009-10 + https://www.rsssf.org/,
2009-09-23,,Estudiantes (RC),Juventud Antoniana,0,1,,,Torneo Argentino A,2009,zonas,Zone 3,Fecha 6,,false,https://es.wikipedia.org/wiki/Torneo_Argentino_A_2009-10 + https://www.rsssf.org/,
2009-09-23,,Gimnasia y Esgrima (CdU),Libertad (S),1,0,,,Torneo Argentino A,2009,zonas,Zone 2,Fecha 6,,false,https://es.wikipedia.org/wiki/Torneo_Argentino_A_2009-10 + https://www.rsssf.org/,
2009-09-23,,Guillermo Brown,Rivadavia (L),2,2,,,Torneo Argentino A,2009,zonas,Zone 1,Fecha 6,,false,https://es.wikipedia.org/wiki/Torneo_Argentino_A_2009-10 + https://www.rsssf.org/,
2009-09-23,,Juventud (P),Cipolletti,0,0,,,Torneo Argentino A,2009,zonas,Zone 1,Fecha 6,,false,https://es.wikipedia.org/wiki/Torneo_Argentino_A_2009-10 + https://www.rsssf.org/,
2009-09-23,,Racing (C),Juventud Unida Universitario,2,0,,,Torneo Argentino A,2009,zonas,Zone 3,Fecha 6,,false,https://es.wikipedia.org/wiki/Torneo_Argentino_A_2009-10 + https://www.rsssf.org/,
2009-09-23,,Ramón Santamarina,Unión (MdP),3,1,,,Torneo Argentino A,2009,zonas,Zone 1,Fecha 6,,false,https://es.wikipedia.org/wiki/Torneo_Argentino_A_2009-10 + https://www.rsssf.org/,
2009-09-23,,Unión (S),9 de Julio (R),1,0,,,Torneo Argentino A,2009,zonas,Zone 2,Fecha 6,,false,https://es.wikipedia.org/wiki/Torneo_Argentino_A_2009-10 + https://www.rsssf.org/,
2009-09-23,,Villa Mitre,Huracán (TA),1,1,,,Torneo Argentino A,2009,zonas,Zone 1,Fecha 6,,false,https://es.wikipedia.org/wiki/Torneo_Argentino_A_2009-10 + https://www.rsssf.org/,
2009-09-24,,Ferro Carril Oeste,Unión,1,1,,,Primera Nacional,2009,zonas,,Fecha 6,,false,https://es.wikipedia.org/wiki/Campeonato_de_Primera_B_Nacional_2009-10 + https://www.worldfootball.net/,
2009-09-24,,Independiente Rivadavia,San Martín (T),1,4,,,Primera Nacional,2009,zonas,,Fecha 6,,false,https://es.wikipedia.org/wiki/Campeonato_de_Primera_B_Nacional_2009-10 + https://www.worldfootball.net/,
2009-09-25,,Atlético de Rafaela,Gimnasia y Esgrima (J),1,0,,,Primera Nacional,2009,zonas,,Fecha 6,,false,https://es.wikipedia.org/wiki/Campeonato_de_Primera_B_Nacional_2009-10 + https://www.worldfootball.net/,
2009-09-25,,Deportivo Merlo,All Boys,1,0,,,Primera Nacional,2009,zonas,,Fecha 6,,false,https://es.wikipedia.org/wiki/Campeonato_de_Primera_B_Nacional_2009-10 + https://www.worldfootball.net/,
2009-09-25,,Ferrocarril Midland,San Miguel,1,1,,,Primera C,2009,zonas,,Fecha 6,,false,https://es.wikipedia.org/wiki/Campeonato_de_Primera_C_2009-10_(Argentina) + https://www.rsssf.org/,
2009-09-25,,Platense,Defensa y Justicia,1,1,,,Primera Nacional,2009,zonas,,Fecha 6,,false,https://es.wikipedia.org/wiki/Campeonato_de_Primera_B_Nacional_2009-10 + https://www.worldfootball.net/,
2009-09-25,,Quilmes,San Martín (SJ),1,0,,,Primera Nacional,2009,zonas,,Fecha 6,,false,https://es.wikipedia.org/wiki/Campeonato_de_Primera_B_Nacional_2009-10 + https://www.worldfootball.net/,
2009-09-25,19:10,Godoy Cruz,Argentinos Juniors,2,4,,,Primera Division - Apertura,2009,zonas,,Fecha 6,Malvinas Argentinas,false,https://es.wikipedia.org/wiki/Anexo:Torneo_Apertura_2009_(Argentina),
2009-09-25,21:10,Banfield,Newell's Old Boys,2,1,,,Primera Division - Apertura,2009,zonas,,Fecha 6,Florencio Sola,false,https://es.wikipedia.org/wiki/Anexo:Torneo_Apertura_2009_(Argentina),
2009-09-26,,Aldosivi,Olimpo,2,5,,,Primera Nacional,2009,zonas,,Fecha 6,,false,https://es.wikipedia.org/wiki/Campeonato_de_Primera_B_Nacional_2009-10 + https://www.worldfootball.net/,
2009-09-26,,Barracas Bolívar,Fénix,1,0,,,Primera C,2009,zonas,,Fecha 6,,false,https://es.wikipedia.org/wiki/Campeonato_de_Primera_C_2009-10_(Argentina) + https://www.rsssf.org/,
2009-09-26,,Barracas Central,Villa Dálmine,3,0,,,Primera C,2009,zonas,,Fecha 6,,false,https://es.wikipedia.org/wiki/Campeonato_de_Primera_C_2009-10_(Argentina) + https://www.rsssf.org/,
2009-09-26,,Belgrano,Instituto,1,1,,,Primera Nacional,2009,zonas,,Fecha 6,,false,https://es.wikipedia.org/wiki/Campeonato_de_Primera_B_Nacional_2009-10 + https://www.worldfootball.net/,
2009-09-26,,Boca Unidos,Sportivo Italiano,2,1,,,Primera Nacional,2009,zonas,,Fecha 6,,false,https://es.wikipedia.org/wiki/Campeonato_de_Primera_B_Nacional_2009-10 + https://www.worldfootball.net/,
2009-09-26,,CAI,Tiro Federal,2,3,,,Primera Nacional,2009,zonas,,Fecha 6,,false,https://es.wikipedia.org/wiki/Campeonato_de_Primera_B_Nacional_2009-10 + https://www.worldfootball.net/,
2009-09-26,,Defensores Unidos,Argentino de Rosario,2,1,,,Primera C,2009,zonas,,Fecha 6,,false,https://es.wikipedia.org/wiki/Campeonato_de_Primera_C_2009-10_(Argentina) + https://www.rsssf.org/,
2009-09-26,,Defensores de Cambaceres,Sacachispas,0,0,,,Primera C,2009,zonas,,Fecha 6,,false,https://es.wikipedia.org/wiki/Campeonato_de_Primera_C_2009-10_(Argentina) + https://www.rsssf.org/,
2009-09-26,,Deportivo Laferrere,Argentino de Merlo,2,0,,,Primera C,2009,zonas,,Fecha 6,,false,https://es.wikipedia.org/wiki/Campeonato_de_Primera_C_2009-10_(Argentina) + https://www.rsssf.org/,
2009-09-26,,El Porvenir,Talleres (RdE),1,1,,,Primera C,2009,zonas,,Fecha 6,,false,https://es.wikipedia.org/wiki/Campeonato_de_Primera_C_2009-10_(Argentina) + https://www.rsssf.org/,
2009-09-26,,Excursionistas,Luján,4,3,,,Primera C,2009,zonas,,Fecha 6,,false,https://es.wikipedia.org/wiki/Campeonato_de_Primera_C_2009-10_(Argentina) + https://www.rsssf.org/,
2009-09-26,,J. J. de Urquiza,Berazategui,1,0,,,Primera C,2009,zonas,,Fecha 6,,false,https://es.wikipedia.org/wiki/Campeonato_de_Primera_C_2009-10_(Argentina) + https://www.rsssf.org/,
2009-09-26,,Leandro N. Alem,General Lamadrid,0,0,,,Primera C,2009,zonas,,Fecha 6,,false,https://es.wikipedia.org/wiki/Campeonato_de_Primera_C_2009-10_(Argentina) + https://www.rsssf.org/,
2009-09-26,14:00,Chacarita Juniors,Arsenal,1,0,,,Primera Division - Apertura,2009,zonas,,Fecha 6,Diego Armando Maradona,false,https://es.wikipedia.org/wiki/Anexo:Torneo_Apertura_2009_(Argentina),
2009-09-26,16:10,Rosario Central,Colón,0,1,,,Primera Division - Apertura,2009,zonas,,Fecha 6,Gigante de Arroyito,false,https://es.wikipedia.org/wiki/Anexo:Torneo_Apertura_2009_(Argentina),
2009-09-26,18:10,Estudiantes (LP),Boca Juniors,2,1,,,Primera Division - Apertura,2009,zonas,,Fecha 6,Centenario,false,https://es.wikipedia.org/wiki/Anexo:Torneo_Apertura_2009_(Argentina),
2009-09-26,20:15,Tigre,San Lorenzo,2,3,,,Primera Division - Apertura,2009,zonas,,Fecha 6,Monumental de Victoria,false,https://es.wikipedia.org/wiki/Anexo:Torneo_Apertura_2009_(Argentina),
2009-09-27,,Alumni (VM),Talleres (C),1,2,,,Torneo Argentino A,2009,zonas,Zone 3,Fecha 7,,false,https://es.wikipedia.org/wiki/Torneo_Argentino_A_2009-10 + https://www.rsssf.org/,
2009-09-27,,Central Córdoba (SdE),Desamparados,1,0,,,Torneo Argentino A,2009,zonas,Zone 3,Fecha 7,,false,https://es.wikipedia.org/wiki/Torneo_Argentino_A_2009-10 + https://www.rsssf.org/,
2009-09-27,,Cipolletti,Ramón Santamarina,0,0,,,Torneo Argentino A,2009,zonas,Zone 1,Fecha 7,,false,https://es.wikipedia.org/wiki/Torneo_Argentino_A_2009-10 + https://www.rsssf.org/,
2009-09-27,,Huracán (TA),Guillermo Brown,4,2,,,Torneo Argentino A,2009,zonas,Zone 1,Fecha 7,,false,https://es.wikipedia.org/wiki/Torneo_Argentino_A_2009-10 + https://www.rsssf.org/,
2009-09-27,,Juventud Antoniana,Deportivo Maipú,1,1,,,Torneo Argentino A,2009,zonas,Zone 3,Fecha 7,,false,https://es.wikipedia.org/wiki/Torneo_Argentino_A_2009-10 + https://www.rsssf.org/,
2009-09-27,,Juventud Unida Universitario,Estudiantes (RC),1,0,,,Torneo Argentino A,2009,zonas,Zone 3,Fecha 7,,false,https://es.wikipedia.org/wiki/Torneo_Argentino_A_2009-10 + https://www.rsssf.org/,
2009-09-27,,Patronato,Gimnasia y Esgrima (CdU),1,0,,,Torneo Argentino A,2009,zonas,Zone 2,Fecha 7,,false,https://es.wikipedia.org/wiki/Torneo_Argentino_A_2009-10 + https://www.rsssf.org/,
2009-09-27,,Rivadavia (L),Juventud (P),0,0,,,Torneo Argentino A,2009,zonas,Zone 1,Fecha 7,,false,https://es.wikipedia.org/wiki/Torneo_Argentino_A_2009-10 + https://www.rsssf.org/,
2009-09-27,,Unión (MdP),Villa Mitre,3,2,,,Torneo Argentino A,2009,zonas,Zone 1,Fecha 7,,false,https://es.wikipedia.org/wiki/Torneo_Argentino_A_2009-10 + https://www.rsssf.org/,
2009-09-27,14:00,Vélez Sarsfield,Huracán,2,0,,,Primera Division - Apertura,2009,zonas,,Fecha 6,José Amalfitani,false,https://es.wikipedia.org/wiki/Anexo:Torneo_Apertura_2009_(Argentina),
2009-09-27,16:10,Racing Club,Independiente,1,2,,,Primera Division - Apertura,2009,zonas,,Fecha 6,El Cilindro,false,https://es.wikipedia.org/wiki/Anexo:Torneo_Apertura_2009_(Argentina),
2009-09-27,18:10,River Plate,Gimnasia y Esgrima (LP),2,2,,,Primera Division - Apertura,2009,zonas,,Fecha 6,Monumental,false,https://es.wikipedia.org/wiki/Anexo:Torneo_Apertura_2009_(Argentina),
2009-09-27,20:15,Atlético Tucumán,Lanús,2,2,,,Primera Division - Apertura,2009,zonas,,Fecha 6,Monumental José Fierro,false,https://es.wikipedia.org/wiki/Anexo:Torneo_Apertura_2009_(Argentina),
2009-09-28,,9 de Julio (R),Crucero del Norte,1,2,,,Torneo Argentino A,2009,zonas,Zone 2,Fecha 7,,false,https://es.wikipedia.org/wiki/Torneo_Argentino_A_2009-10 + https://www.rsssf.org/,
2009-09-28,,Libertad (S),Ben Hur,1,0,,,Torneo Argentino A,2009,zonas,Zone 2,Fecha 7,,false,https://es.wikipedia.org/wiki/Torneo_Argentino_A_2009-10 + https://www.rsssf.org/,
2009-09-28,,Sportivo Belgrano,Unión (S),1,2,,,Torneo Argentino A,2009,zonas,Zone 2,Fecha 7,,false,https://es.wikipedia.org/wiki/Torneo_Argentino_A_2009-10 + https://www.rsssf.org/,
2009-09-29,,All Boys,Aldosivi,2,0,,,Primera Nacional,2009,zonas,,Fecha 7,,false,https://es.wikipedia.org/wiki/Campeonato_de_Primera_B_Nacional_2009-10 + https://www.worldfootball.net/,
2009-09-29,,Argentino de Merlo,Defensores Unidos,0,0,,,Primera C,2009,zonas,,Fecha 7,,false,https://es.wikipedia.org/wiki/Campeonato_de_Primera_C_2009-10_(Argentina) + https://www.rsssf.org/,
2009-09-29,,Argentino de Rosario,Defensores de Cambaceres,5,1,,,Primera C,2009,zonas,,Fecha 7,,false,https://es.wikipedia.org/wiki/Campeonato_de_Primera_C_2009-10_(Argentina) + https://www.rsssf.org/,
2009-09-29,,Defensa y Justicia,Belgrano,2,2,,,Primera Nacional,2009,zonas,,Fecha 7,,false,https://es.wikipedia.org/wiki/Campeonato_de_Primera_B_Nacional_2009-10 + https://www.worldfootball.net/,
2009-09-29,,Fénix,Ferrocarril Midland,2,0,,,Primera C,2009,zonas,,Fecha 7,,false,https://es.wikipedia.org/wiki/Campeonato_de_Primera_C_2009-10_(Argentina) + https://www.rsssf.org/,
2009-09-29,,General Lamadrid,El Porvenir,1,1,,,Primera C,2009,zonas,,Fecha 7,,false,https://es.wikipedia.org/wiki/Campeonato_de_Primera_C_2009-10_(Argentina) + https://www.rsssf.org/,
2009-09-29,,Gimnasia y Esgrima (J),Independiente Rivadavia,1,1,,,Primera Nacional,2009,zonas,,Fecha 7,,false,https://es.wikipedia.org/wiki/Campeonato_de_Primera_B_Nacional_2009-10 + https://www.worldfootball.net/,
2009-09-29,,Instituto,Boca Unidos,2,0,,,Primera Nacional,2009,zonas,,Fecha 7,,false,https://es.wikipedia.org/wiki/Campeonato_de_Primera_B_Nacional_2009-10 + https://www.worldfootball.net/,
2009-09-29,,Luján,J. J. de Urquiza,0,0,,,Primera C,2009,zonas,,Fecha 7,,false,https://es.wikipedia.org/wiki/Campeonato_de_Primera_C_2009-10_(Argentina) + https://www.rsssf.org/,
2009-09-29,,Olimpo,Quilmes,2,2,,,Primera Nacional,2009,zonas,,Fecha 7,,false,https://es.wikipedia.org/wiki/Campeonato_de_Primera_B_Nacional_2009-10 + https://www.worldfootball.net/,
2009-09-29,,San Martín (SJ),Atlético de Rafaela,2,2,,,Primera Nacional,2009,zonas,,Fecha 7,,false,https://es.wikipedia.org/wiki/Campeonato_de_Primera_B_Nacional_2009-10 + https://www.worldfootball.net/,
2009-09-29,,San Martín (T),CAI,1,0,,,Primera Nacional,2009,zonas,,Fecha 7,,false,https://es.wikipedia.org/wiki/Campeonato_de_Primera_B_Nacional_2009-10 + https://www.worldfootball.net/,
2009-09-29,,San Miguel,Deportivo Laferrere,2,1,,,Primera C,2009,zonas,,Fecha 7,,false,https://es.wikipedia.org/wiki/Campeonato_de_Primera_C_2009-10_(Argentina) + https://www.rsssf.org/,
2009-09-29,,Tiro Federal,Ferro Carril Oeste,0,0,,,Primera Nacional,2009,zonas,,Fecha 7,,false,https://es.wikipedia.org/wiki/Campeonato_de_Primera_B_Nacional_2009-10 + https://www.worldfootball.net/,
2009-09-29,,Unión,Platense,5,1,,,Primera Nacional,2009,zonas,,Fecha 7,,false,https://es.wikipedia.org/wiki/Campeonato_de_Primera_B_Nacional_2009-10 + https://www.worldfootball.net/,
2009-09-29,,Villa Dálmine,Barracas Bolívar,0,0,,,Primera C,2009,zonas,,Fecha 7,,false,https://es.wikipedia.org/wiki/Campeonato_de_Primera_C_2009-10_(Argentina) + https://www.rsssf.org/,
2009-09-30,,Berazategui,Barracas Central,0,0,,,Primera C,2009,zonas,,Fecha 7,,false,https://es.wikipedia.org/wiki/Campeonato_de_Primera_C_2009-10_(Argentina) + https://www.rsssf.org/,
2009-09-30,,Sacachispas,Leandro N. Alem,2,1,,,Primera C,2009,zonas,,Fecha 7,,false,https://es.wikipedia.org/wiki/Campeonato_de_Primera_C_2009-10_(Argentina) + https://www.rsssf.org/,
2009-09-30,,Sportivo Italiano,Deportivo Merlo,0,1,,,Primera Nacional,2009,zonas,,Fecha 7,,false,https://es.wikipedia.org/wiki/Campeonato_de_Primera_B_Nacional_2009-10 + https://www.worldfootball.net/,
2009-09-30,,Talleres (RdE),Excursionistas,0,2,,,Primera C,2009,zonas,,Fecha 7,,false,https://es.wikipedia.org/wiki/Campeonato_de_Primera_C_2009-10_(Argentina) + https://www.rsssf.org/,
2009-10-02,,Desamparados,Juventud Antoniana,1,1,,,Torneo Argentino A,2009,zonas,Zone 3,Fecha 8,,false,https://es.wikipedia.org/wiki/Torneo_Argentino_A_2009-10 + https://www.rsssf.org/,
2009-10-02,,Talleres (C),Central Córdoba (SdE),3,1,,,Torneo Argentino A,2009,zonas,Zone 3,Fecha 8,,false,https://es.wikipedia.org/wiki/Torneo_Argentino_A_2009-10 + https://www.rsssf.org/,
2009-10-02,19:10,Colón,Banfield,0,0,,,Primera Division - Apertura,2009,zonas,,Fecha 7,Brigadier Estanislao López,false,https://es.wikipedia.org/wiki/Anexo:Torneo_Apertura_2009_(Argentina),
2009-10-02,21:10,Independiente,Tigre,2,1,,,Primera Division - Apertura,2009,zonas,,Fecha 7,Ciudad de Lanús,false,https://es.wikipedia.org/wiki/Anexo:Torneo_Apertura_2009_(Argentina),
2009-10-03,,Barracas Bolívar,Berazategui,0,1,,,Primera C,2009,zonas,,Fecha 8,,false,https://es.wikipedia.org/wiki/Campeonato_de_Primera_C_2009-10_(Argentina) + https://www.rsssf.org/,
2009-10-03,,Barracas Central,Luján,3,0,,,Primera C,2009,zonas,,Fecha 8,,false,https://es.wikipedia.org/wiki/Campeonato_de_Primera_C_2009-10_(Argentina) + https://www.rsssf.org/,
2009-10-03,,Boca Unidos,Defensa y Justicia,3,3,,,Primera Nacional,2009,zonas,,Fecha 8,,false,https://es.wikipedia.org/wiki/Campeonato_de_Primera_B_Nacional_2009-10 + https://www.worldfootball.net/,
2009-10-03,,CAI,Independiente Rivadavia,0,1,,,Primera Nacional,2009,zonas,,Fecha 8,,false,https://es.wikipedia.org/wiki/Campeonato_de_Primera_B_Nacional_2009-10 + https://www.worldfootball.net/,
2009-10-03,,Defensores Unidos,Deportivo Laferrere,0,0,,,Primera C,2009,zonas,,Fecha 8,,false,https://es.wikipedia.org/wiki/Campeonato_de_Primera_C_2009-10_(Argentina) + https://www.rsssf.org/,
2009-10-03,,Defensores de Cambaceres,Argentino de Merlo,1,0,,,Primera C,2009,zonas,,Fecha 8,,false,https://es.wikipedia.org/wiki/Campeonato_de_Primera_C_2009-10_(Argentina) + https://www.rsssf.org/,
2009-10-03,,Deportivo Maipú,Juventud Unida Universitario,1,1,,,Torneo Argentino A,2009,zonas,Zone 3,Fecha 8,,false,https://es.wikipedia.org/wiki/Torneo_Argentino_A_2009-10 + https://www.rsssf.org/,
2009-10-03,,El Porvenir,Sacachispas,1,1,,,Primera C,2009,zonas,,Fecha 8,,false,https://es.wikipedia.org/wiki/Campeonato_de_Primera_C_2009-10_(Argentina) + https://www.rsssf.org/,
2009-10-03,,Estudiantes (RC),Racing (C),1,1,,,Torneo Argentino A,2009,zonas,Zone 3,Fecha 8,,false,https://es.wikipedia.org/wiki/Torneo_Argentino_A_2009-10 + https://www.rsssf.org/,
2009-10-03,,Ferro Carril Oeste,San Martín (T),1,1,,,Primera Nacional,2009,zonas,,Fecha 8,,false,https://es.wikipedia.org/wiki/Campeonato_de_Primera_B_Nacional_2009-10 + https://www.worldfootball.net/,
2009-10-03,,Fénix,San Miguel,0,2,,,Primera C,2009,zonas,,Fecha 8,,false,https://es.wikipedia.org/wiki/Campeonato_de_Primera_C_2009-10_(Argentina) + https://www.rsssf.org/,
2009-10-03,14:00,Huracán,Racing Club,3,1,,,Primera Division - Apertura,2009,zonas,,Fecha 7,Tomás A. Ducó,false,https://es.wikipedia.org/wiki/Anexo:Torneo_Apertura_2009_(Argentina),
2009-10-03,16:10,Argentinos Juniors,Estudiantes (LP),1,0,,,Primera Division - Apertura,2009,zonas,,Fecha 7,Diego Armando Maradona,false,https://es.wikipedia.org/wiki/Anexo:Torneo_Apertura_2009_(Argentina),
2009-10-03,18:10,Arsenal,Rosario Central,1,0,,,Primera Division - Apertura,2009,zonas,,Fecha 7,El Viaducto,false,https://es.wikipedia.org/wiki/Anexo:Torneo_Apertura_2009_(Argentina),
2009-10-03,20:15,Newell's Old Boys,Atlético Tucumán,3,0,,,Primera Division - Apertura,2009,zonas,,Fecha 7,Coloso del Parque,false,https://es.wikipedia.org/wiki/Anexo:Torneo_Apertura_2009_(Argentina),
2009-10-04,,Aldosivi,Sportivo Italiano,2,1,,,Primera Nacional,2009,zonas,,Fecha 8,,false,https://es.wikipedia.org/wiki/Campeonato_de_Primera_B_Nacional_2009-10 + https://www.worldfootball.net/,
2009-10-04,,Atlético de Rafaela,Olimpo,0,0,,,Primera Nacional,2009,zonas,,Fecha 8,,false,https://es.wikipedia.org/wiki/Campeonato_de_Primera_B_Nacional_2009-10 + https://www.worldfootball.net/,
2009-10-04,,Belgrano,Unión,3,2,,,Primera Nacional,2009,zonas,,Fecha 8,,false,https://es.wikipedia.org/wiki/Campeonato_de_Primera_B_Nacional_2009-10 + https://www.worldfootball.net/,
2009-10-04,,Ben Hur,Patronato,0,2,,,Torneo Argentino A,2009,zonas,Zone 2,Fecha 8,,false,https://es.wikipedia.org/wiki/Torneo_Argentino_A_2009-10 + https://www.rsssf.org/,
2009-10-04,,Crucero del Norte,Unión (S),2,0,,,Torneo Argentino A,2009,zonas,Zone 2,Fecha 8,,false,https://es.wikipedia.org/wiki/Torneo_Argentino_A_2009-10 + https://www.rsssf.org/,
2009-10-04,,Deportivo Merlo,Instituto,2,1,,,Primera Nacional,2009,zonas,,Fecha 8,,false,https://es.wikipedia.org/wiki/Campeonato_de_Primera_B_Nacional_2009-10 + https://www.worldfootball.net/,
2009-10-04,,Excursionistas,General Lamadrid,2,0,,,Primera C,2009,zonas,,Fecha 8,,false,https://es.wikipedia.org/wiki/Campeonato_de_Primera_C_2009-10_(Argentina) + https://www.rsssf.org/,
2009-10-04,,Gimnasia y Esgrima (CdU),9 de Julio (R),0,0,,,Torneo Argentino A,2009,zonas,Zone 2,Fecha 8,,false,https://es.wikipedia.org/wiki/Torneo_Argentino_A_2009-10 + https://www.rsssf.org/,
2009-10-04,,Guillermo Brown,Unión (MdP),0,3,,,Torneo Argentino A,2009,zonas,Zone 1,Fecha 8,,false,https://es.wikipedia.org/wiki/Torneo_Argentino_A_2009-10 + https://www.rsssf.org/,
2009-10-04,,Huracán (TA),Rivadavia (L),0,0,,,Torneo Argentino A,2009,zonas,Zone 1,Fecha 8,,false,https://es.wikipedia.org/wiki/Torneo_Argentino_A_2009-10 + https://www.rsssf.org/,
2009-10-04,,J. J. de Urquiza,Talleres (RdE),1,1,,,Primera C,2009,zonas,,Fecha 8,,false,https://es.wikipedia.org/wiki/Campeonato_de_Primera_C_2009-10_(Argentina) + https://www.rsssf.org/,
2009-10-04,,Libertad (S),Sportivo Belgrano,2,0,,,Torneo Argentino A,2009,zonas,Zone 2,Fecha 8,,false,https://es.wikipedia.org/wiki/Torneo_Argentino_A_2009-10 + https://www.rsssf.org/,
2009-10-04,,Platense,Tiro Federal,0,0,,,Primera Nacional,2009,zonas,,Fecha 8,,false,https://es.wikipedia.org/wiki/Campeonato_de_Primera_B_Nacional_2009-10 + https://www.worldfootball.net/,
2009-10-04,,Ramón Santamarina,Juventud (P),2,1,,,Torneo Argentino A,2009,zonas,Zone 1,Fecha 8,,false,https://es.wikipedia.org/wiki/Torneo_Argentino_A_2009-10 + https://www.rsssf.org/,
2009-10-04,,San Martín (SJ),Gimnasia y Esgrima (J),3,0,,,Primera Nacional,2009,zonas,,Fecha 8,,false,https://es.wikipedia.org/wiki/Campeonato_de_Primera_B_Nacional_2009-10 + https://www.worldfootball.net/,
2009-10-04,,Villa Mitre,Cipolletti,0,2,,,Torneo Argentino A,2009,zonas,Zone 1,Fecha 8,,false,https://es.wikipedia.org/wiki/Torneo_Argentino_A_2009-10 + https://www.rsssf.org/,
2009-10-04,14:00,Gimnasia y Esgrima (LP),Chacarita Juniors,2,0,,,Primera Division - Apertura,2009,zonas,,Fecha 7,Juan Carmelo Zerillo,false,https://es.wikipedia.org/wiki/Anexo:Torneo_Apertura_2009_(Argentina),
2009-10-04,16:10,San Lorenzo,River Plate,2,1,,,Primera Division - Apertura,2009,zonas,,Fecha 7,Nuevo Gasómetro,false,https://es.wikipedia.org/wiki/Anexo:Torneo_Apertura_2009_(Argentina),
2009-10-04,18:10,Boca Juniors,Vélez Sarsfield,3,2,,,Primera Division - Apertura,2009,zonas,,Fecha 7,La Bombonera,false,https://es.wikipedia.org/wiki/Anexo:Torneo_Apertura_2009_(Argentina),
2009-10-04,20:15,Lanús,Godoy Cruz,1,0,,,Primera Division - Apertura,2009,zonas,,Fecha 7,Ciudad de Lanús,false,https://es.wikipedia.org/wiki/Anexo:Torneo_Apertura_2009_(Argentina),
2009-10-05,,Ferrocarril Midland,Villa Dálmine,0,1,,,Primera C,2009,zonas,,Fecha 8,,false,https://es.wikipedia.org/wiki/Campeonato_de_Primera_C_2009-10_(Argentina) + http://josecarluccio.blogspot.com/2014/11/argentina-1ra-c-afa-200910.html,
2009-10-05,,Leandro N. Alem,Argentino de Rosario,1,1,,,Primera C,2009,zonas,,Fecha 8,,false,https://es.wikipedia.org/wiki/Campeonato_de_Primera_C_2009-10_(Argentina) + https://www.rsssf.org/,
2009-10-05,,Quilmes,All Boys,0,1,,,Primera Nacional,2009,zonas,,Fecha 8,,false,https://es.wikipedia.org/wiki/Campeonato_de_Primera_B_Nacional_2009-10 + https://www.worldfootball.net/,
2009-10-07,,Central Córdoba (SdE),Alumni (VM),1,0,,,Torneo Argentino A,2009,zonas,Zone 3,Fecha 9,,false,https://es.wikipedia.org/wiki/Torneo_Argentino_A_2009-10 + https://www.rsssf.org/,
2009-10-07,,Juventud Antoniana,Talleres (C),1,0,,,Torneo Argentino A,2009,zonas,Zone 3,Fecha 9,,false,https://es.wikipedia.org/wiki/Torneo_Argentino_A_2009-10 + https://www.rsssf.org/,
2009-10-07,,Juventud Unida Universitario,Desamparados,2,3,,,Torneo Argentino A,2009,zonas,Zone 3,Fecha 9,,false,https://es.wikipedia.org/wiki/Torneo_Argentino_A_2009-10 + https://www.rsssf.org/,
2009-10-07,,Racing (C),Deportivo Maipú,2,2,,,Torneo Argentino A,2009,zonas,Zone 3,Fecha 9,,false,https://es.wikipedia.org/wiki/Torneo_Argentino_A_2009-10 + https://www.rsssf.org/,
2009-10-07,17:00,Tigre,Huracán,2,2,,,Primera Division - Apertura,2009,zonas,,Fecha 8,Monumental de Victoria,false,https://es.wikipedia.org/wiki/Anexo:Torneo_Apertura_2009_(Argentina),
2009-10-07,19:10,Banfield,Atlético Tucumán,1,1,,,Primera Division - Apertura,2009,zonas,,Fecha 8,Florencio Sola,false,https://es.wikipedia.org/wiki/Anexo:Torneo_Apertura_2009_(Argentina),
2009-10-07,21:15,Godoy Cruz,Newell's Old Boys,1,1,,,Primera Division - Apertura,2009,zonas,,Fecha 8,Malvinas Argentinas,false,https://es.wikipedia.org/wiki/Anexo:Torneo_Apertura_2009_(Argentina),
2009-10-08,17:00,Colón,Arsenal,4,1,,,Primera Division - Apertura,2009,zonas,,Fecha 8,Brigadier Estanislao López,false,https://es.wikipedia.org/wiki/Anexo:Torneo_Apertura_2009_(Argentina),
2009-10-08,19:10,Vélez Sarsfield,Argentinos Juniors,1,0,,,Primera Division - Apertura,2009,zonas,,Fecha 8,José Amalfitani,false,https://es.wikipedia.org/wiki/Anexo:Torneo_Apertura_2009_(Argentina),
2009-10-08,21:15,Racing Club,Boca Juniors,1,2,,,Primera Division - Apertura,2009,zonas,,Fecha 8,El Cilindro,false,https://es.wikipedia.org/wiki/Anexo:Torneo_Apertura_2009_(Argentina),
2009-10-09,,Independiente Rivadavia,Ferro Carril Oeste,3,2,,,Primera Nacional,2009,zonas,,Fecha 9,,false,https://es.wikipedia.org/wiki/Campeonato_de_Primera_B_Nacional_2009-10 + https://www.worldfootball.net/,
2009-10-09,,Luján,Barracas Bolívar,1,0,,,Primera C,2009,zonas,,Fecha 9,,false,https://es.wikipedia.org/wiki/Campeonato_de_Primera_C_2009-10_(Argentina) + http://josecarluccio.blogspot.com/2014/11/argentina-1ra-c-afa-200910.html,
2009-10-09,,Sacachispas,Excursionistas,0,2,,,Primera C,2009,zonas,,Fecha 9,,false,https://es.wikipedia.org/wiki/Campeonato_de_Primera_C_2009-10_(Argentina) + https://www.espn.com.ar/,
2009-10-09,,Talleres (RdE),Barracas Central,0,0,,,Primera C,2009,zonas,,Fecha 9,,false,https://es.wikipedia.org/wiki/Campeonato_de_Primera_C_2009-10_(Argentina) + https://www.espn.com.ar/,
2009-10-09,,Unión,Boca Unidos,1,0,,,Primera Nacional,2009,zonas,,Fecha 9,,false,https://es.wikipedia.org/wiki/Campeonato_de_Primera_B_Nacional_2009-10 + https://www.worldfootball.net/,
2009-10-09,,Villa Mitre,Juventud (P),1,0,,,Torneo Argentino A,2009,zonas,Zone 1,Fecha 9,,false,https://es.wikipedia.org/wiki/Torneo_Argentino_A_2009-10 + https://www.rsssf.org/,
2009-10-09,15:50,Chacarita Juniors,San Lorenzo,0,2,,,Primera Division - Apertura,2009,zonas,,Fecha 8,Diego Armando Maradona,false,https://es.wikipedia.org/wiki/Anexo:Torneo_Apertura_2009_(Argentina),
2009-10-09,19:10,Rosario Central,Gimnasia y Esgrima (LP),1,1,,,Primera Division - Apertura,2009,zonas,,Fecha 8,Gigante de Arroyito,false,https://es.wikipedia.org/wiki/Anexo:Torneo_Apertura_2009_(Argentina),
2009-10-09,21:15,Estudiantes (LP),Lanús,1,1,,,Primera Division - Apertura,2009,zonas,,Fecha 8,Centenario,false,https://es.wikipedia.org/wiki/Anexo:Torneo_Apertura_2009_(Argentina),
2009-10-11,,All Boys,Atlético de Rafaela,2,0,,,Primera Nacional,2009,zonas,,Fecha 9,,false,https://es.wikipedia.org/wiki/Campeonato_de_Primera_B_Nacional_2009-10 + https://www.worldfootball.net/,
2009-10-11,,Argentino de Merlo,Leandro N. Alem,1,1,,,Primera C,2009,zonas,,Fecha 9,,false,https://es.wikipedia.org/wiki/Campeonato_de_Primera_C_2009-10_(Argentina) + https://www.rsssf.org/,
2009-10-11,,Argentino de Rosario,El Porvenir,3,2,,,Primera C,2009,zonas,,Fecha 9,,false,https://es.wikipedia.org/wiki/Campeonato_de_Primera_C_2009-10_(Argentina) + https://www.rsssf.org/,
2009-10-11,,Ben Hur,9 de Julio (R),2,2,,,Torneo Argentino A,2009,zonas,Zone 2,Fecha 9,,false,https://es.wikipedia.org/wiki/Torneo_Argentino_A_2009-10 + https://www.rsssf.org/,
2009-10-11,,Berazategui,Ferrocarril Midland,2,2,,,Primera C,2009,zonas,,Fecha 9,,false,https://es.wikipedia.org/wiki/Campeonato_de_Primera_C_2009-10_(Argentina) + https://www.rsssf.org/,
2009-10-11,,Deportivo Laferrere,Defensores de Cambaceres,1,1,,,Primera C,2009,zonas,,Fecha 9,,false,https://es.wikipedia.org/wiki/Campeonato_de_Primera_C_2009-10_(Argentina) + https://www.rsssf.org/,
2009-10-11,,General Lamadrid,J. J. de Urquiza,2,3,,,Primera C,2009,zonas,,Fecha 9,,false,https://es.wikipedia.org/wiki/Campeonato_de_Primera_C_2009-10_(Argentina) + https://www.rsssf.org/,
2009-10-11,,Gimnasia y Esgrima (CdU),Unión (S),1,2,,,Torneo Argentino A,2009,zonas,Zone 2,Fecha 9,,false,https://es.wikipedia.org/wiki/Torneo_Argentino_A_2009-10 + https://www.rsssf.org/,
2009-10-11,,Guillermo Brown,Cipolletti,1,2,,,Torneo Argentino A,2009,zonas,Zone 1,Fecha 9,,false,https://es.wikipedia.org/wiki/Torneo_Argentino_A_2009-10 + https://www.rsssf.org/,
2009-10-11,,Huracán (TA),Unión (MdP),3,0,,,Torneo Argentino A,2009,zonas,Zone 1,Fecha 9,,false,https://es.wikipedia.org/wiki/Torneo_Argentino_A_2009-10 + https://www.rsssf.org/,
2009-10-11,,Instituto,Aldosivi,0,0,,,Primera Nacional,2009,zonas,,Fecha 9,,false,https://es.wikipedia.org/wiki/Campeonato_de_Primera_B_Nacional_2009-10 + https://www.worldfootball.net/,
2009-10-11,,Juventud Antoniana,Alumni (VM),1,1,,,Torneo Argentino A,2009,zonas,Zone 3,Fecha 10,,false,https://es.wikipedia.org/wiki/Torneo_Argentino_A_2009-10 + https://www.rsssf.org/,
2009-10-11,,Juventud Unida Universitario,Talleres (C),2,1,,,Torneo Argentino A,2009,zonas,Zone 3,Fecha 10,,false,https://es.wikipedia.org/wiki/Torneo_Argentino_A_2009-10 + https://www.rsssf.org/,
2009-10-11,,Libertad (S),Patronato,0,0,,,Torneo Argentino A,2009,zonas,Zone 2,Fecha 9,,false,https://es.wikipedia.org/wiki/Torneo_Argentino_A_2009-10 + https://www.rsssf.org/,
2009-10-11,,Olimpo,San Martín (SJ),3,1,,,Primera Nacional,2009,zonas,,Fecha 9,,false,https://es.wikipedia.org/wiki/Campeonato_de_Primera_B_Nacional_2009-10 + https://www.worldfootball.net/,
2009-10-11,,Racing (C),Desamparados,2,0,,,Torneo Argentino A,2009,zonas,Zone 3,Fecha 10,,false,https://es.wikipedia.org/wiki/Torneo_Argentino_A_2009-10 + https://www.rsssf.org/,
2009-10-11,,Rivadavia (L),Ramón Santamarina,1,0,,,Torneo Argentino A,2009,zonas,Zone 1,Fecha 9,,false,https://es.wikipedia.org/wiki/Torneo_Argentino_A_2009-10 + https://www.rsssf.org/,
2009-10-11,,San Miguel,Defensores Unidos,0,2,,,Primera C,2009,zonas,,Fecha 9,,false,https://es.wikipedia.org/wiki/Campeonato_de_Primera_C_2009-10_(Argentina) + https://www.rsssf.org/,
2009-10-11,,Sportivo Belgrano,Crucero del Norte,0,1,,,Torneo Argentino A,2009,zonas,Zone 2,Fecha 9,,false,https://es.wikipedia.org/wiki/Torneo_Argentino_A_2009-10 + https://www.rsssf.org/,
2009-10-11,,Sportivo Italiano,Quilmes,0,1,,,Primera Nacional,2009,zonas,,Fecha 9,,false,https://es.wikipedia.org/wiki/Campeonato_de_Primera_B_Nacional_2009-10 + https://www.worldfootball.net/,
2009-10-11,,Tiro Federal,Belgrano,1,2,,,Primera Nacional,2009,zonas,,Fecha 9,,false,https://es.wikipedia.org/wiki/Campeonato_de_Primera_B_Nacional_2009-10 + https://www.worldfootball.net/,
2009-10-11,,Villa Dálmine,Fénix,1,0,,,Primera C,2009,zonas,,Fecha 9,,false,https://es.wikipedia.org/wiki/Campeonato_de_Primera_C_2009-10_(Argentina) + https://www.rsssf.org/,
2009-10-12,,Defensa y Justicia,Deportivo Merlo,1,0,,,Primera Nacional,2009,zonas,,Fecha 9,,false,https://es.wikipedia.org/wiki/Campeonato_de_Primera_B_Nacional_2009-10 + https://www.worldfootball.net/,
2009-10-12,,Estudiantes (RC),Deportivo Maipú,1,2,,,Torneo Argentino A,2009,zonas,Zone 3,Fecha 10,,false,https://es.wikipedia.org/wiki/Torneo_Argentino_A_2009-10 + https://www.rsssf.org/,
2009-10-12,,Gimnasia y Esgrima (J),CAI,3,0,,,Primera Nacional,2009,zonas,,Fecha 9,,false,https://es.wikipedia.org/wiki/Campeonato_de_Primera_B_Nacional_2009-10 + https://www.worldfootball.net/,
2009-10-12,,San Martín (T),Platense,2,2,,,Primera Nacional,2009,zonas,,Fecha 9,,false,https://es.wikipedia.org/wiki/Campeonato_de_Primera_B_Nacional_2009-10 + https://www.worldfootball.net/,
2009-10-12,16:00,River Plate,Independiente,1,3,,,Primera Division - Apertura,2009,zonas,,Fecha 8,Monumental,false,https://es.wikipedia.org/wiki/Anexo:Torneo_Apertura_2009_(Argentina),
2009-10-13,,Barracas Bolívar,Talleres (RdE),1,0,,,Primera C,2009,zonas,,Fecha 10,,false,https://es.wikipedia.org/wiki/Campeonato_de_Primera_C_2009-10_(Argentina) + https://www.rsssf.org/,
2009-10-14,,Barracas Central,General Lamadrid,1,1,,,Primera C,2009,zonas,,Fecha 10,,false,https://es.wikipedia.org/wiki/Campeonato_de_Primera_C_2009-10_(Argentina) + https://www.rsssf.org/,
2009-10-14,,Defensores de Cambaceres,Defensores Unidos,1,0,,,Primera C,2009,zonas,,Fecha 10,,false,https://es.wikipedia.org/wiki/Campeonato_de_Primera_C_2009-10_(Argentina) + https://www.rsssf.org/,
2009-10-14,,El Porvenir,Argentino de Merlo,1,1,,,Primera C,2009,zonas,,Fecha 10,,false,https://es.wikipedia.org/wiki/Campeonato_de_Primera_C_2009-10_(Argentina) + https://www.rsssf.org/,
2009-10-14,,Excursionistas,Argentino de Rosario,3,0,,,Primera C,2009,zonas,,Fecha 10,,false,https://es.wikipedia.org/wiki/Campeonato_de_Primera_C_2009-10_(Argentina) + https://www.rsssf.org/,
2009-10-14,,Ferrocarril Midland,Luján,0,2,,,Primera C,2009,zonas,,Fecha 10,,false,https://es.wikipedia.org/wiki/Campeonato_de_Primera_C_2009-10_(Argentina) + https://www.rsssf.org/,
2009-10-14,,Fénix,Berazategui,3,1,,,Primera C,2009,zonas,,Fecha 10,,false,https://es.wikipedia.org/wiki/Campeonato_de_Primera_C_2009-10_(Argentina) + https://www.rsssf.org/,
2009-10-14,,J. J. de Urquiza,Sacachispas,4,2,,,Primera C,2009,zonas,,Fecha 10,,false,https://es.wikipedia.org/wiki/Campeonato_de_Primera_C_2009-10_(Argentina) + https://www.rsssf.org/,
2009-10-14,,Leandro N. Alem,Deportivo Laferrere,1,0,,,Primera C,2009,zonas,,Fecha 10,,false,https://es.wikipedia.org/wiki/Campeonato_de_Primera_C_2009-10_(Argentina) + https://www.rsssf.org/,
2009-10-14,,Villa Dálmine,San Miguel,1,0,,,Primera C,2009,zonas,,Fecha 10,,false,https://es.wikipedia.org/wiki/Campeonato_de_Primera_C_2009-10_(Argentina) + https://www.rsssf.org/,
2009-10-16,,Alumni (VM),Juventud Unida Universitario,0,1,,,Torneo Argentino A,2009,zonas,Zone 3,Fecha 11,,false,https://es.wikipedia.org/wiki/Torneo_Argentino_A_2009-10 + https://www.rsssf.org/,
2009-10-16,,Atlético de Rafaela,Sportivo Italiano,5,1,,,Primera Nacional,2009,zonas,,Fecha 10,,false,https://es.wikipedia.org/wiki/Campeonato_de_Primera_B_Nacional_2009-10 + https://www.worldfootball.net/,
2009-10-16,,Central Córdoba (SdE),Juventud Antoniana,4,3,,,Torneo Argentino A,2009,zonas,Zone 3,Fecha 11,,false,https://es.wikipedia.org/wiki/Torneo_Argentino_A_2009-10 + https://www.rsssf.org/,
2009-10-16,,Desamparados,Estudiantes (RC),1,0,,,Torneo Argentino A,2009,zonas,Zone 3,Fecha 11,,false,https://es.wikipedia.org/wiki/Torneo_Argentino_A_2009-10 + https://www.rsssf.org/,
2009-10-16,19:00,San Lorenzo,Rosario Central,1,0,,,Primera Division - Apertura,2009,zonas,,Fecha 9,Nuevo Gasómetro,false,https://es.wikipedia.org/wiki/Anexo:Torneo_Apertura_2009_(Argentina),
2009-10-16,21:10,Lanús,Vélez Sarsfield,1,1,,,Primera Division - Apertura,2009,zonas,,Fecha 9,Ciudad de Lanús,false,https://es.wikipedia.org/wiki/Anexo:Torneo_Apertura_2009_(Argentina),
2009-10-17,,Aldosivi,Defensa y Justicia,3,1,,,Primera Nacional,2009,zonas,,Fecha 10,,false,https://es.wikipedia.org/wiki/Campeonato_de_Primera_B_Nacional_2009-10 + https://www.worldfootball.net/,
2009-10-17,,Argentino de Merlo,Excursionistas,2,0,,,Primera C,2009,zonas,,Fecha 11,,false,https://es.wikipedia.org/wiki/Campeonato_de_Primera_C_2009-10_(Argentina) + https://www.rsssf.org/,
2009-10-17,,Argentino de Rosario,J. J. de Urquiza,3,0,,,Primera C,2009,zonas,,Fecha 11,,false,https://es.wikipedia.org/wiki/Campeonato_de_Primera_C_2009-10_(Argentina) + https://www.rsssf.org/,
2009-10-17,,Defensores Unidos,Leandro N. Alem,3,0,,,Primera C,2009,zonas,,Fecha 11,,false,https://es.wikipedia.org/wiki/Campeonato_de_Primera_C_2009-10_(Argentina) + https://www.rsssf.org/,
2009-10-17,,Ferro Carril Oeste,CAI,1,0,,,Primera Nacional,2009,zonas,,Fecha 10,,false,https://es.wikipedia.org/wiki/Campeonato_de_Primera_B_Nacional_2009-10 + https://www.worldfootball.net/,
2009-10-17,,General Lamadrid,Barracas Bolívar,3,0,,,Primera C,2009,zonas,,Fecha 11,,false,https://es.wikipedia.org/wiki/Campeonato_de_Primera_C_2009-10_(Argentina) + http://josecarluccio.blogspot.com/2014/11/argentina-1ra-c-afa-200910.html,
2009-10-17,,Luján,Fénix,1,1,,,Primera C,2009,zonas,,Fecha 11,,false,https://es.wikipedia.org/wiki/Campeonato_de_Primera_C_2009-10_(Argentina) + https://www.rsssf.org/,
2009-10-17,,Olimpo,Gimnasia y Esgrima (J),1,1,,,Primera Nacional,2009,zonas,,Fecha 10,,false,https://es.wikipedia.org/wiki/Campeonato_de_Primera_B_Nacional_2009-10 + https://www.worldfootball.net/,
2009-10-17,,Platense,Independiente Rivadavia,0,0,,,Primera Nacional,2009,zonas,,Fecha 10,,false,https://es.wikipedia.org/wiki/Campeonato_de_Primera_B_Nacional_2009-10 + https://www.worldfootball.net/,
2009-10-17,,Quilmes,Instituto,2,2,,,Primera Nacional,2009,zonas,,Fecha 10,,false,https://es.wikipedia.org/wiki/Campeonato_de_Primera_B_Nacional_2009-10 + https://www.worldfootball.net/,
2009-10-17,,Sacachispas,Barracas Central,1,3,,,Primera C,2009,zonas,,Fecha 11,,false,https://es.wikipedia.org/wiki/Campeonato_de_Primera_C_2009-10_(Argentina) + https://www.rsssf.org/,
2009-10-17,14:00,Gimnasia y Esgrima (LP),Colón,1,2,,,Primera Division - Apertura,2009,zonas,,Fecha 9,Juan Carmelo Zerillo,false,https://es.wikipedia.org/wiki/Anexo:Torneo_Apertura_2009_(Argentina),
2009-10-17,16:10,Atlético Tucumán,Godoy Cruz,1,1,,,Primera Division - Apertura,2009,zonas,,Fecha 9,Monumental José Fierro,false,https://es.wikipedia.org/wiki/Anexo:Torneo_Apertura_2009_(Argentina),
2009-10-17,18:10,Argentinos Juniors,Racing Club,2,0,,,Primera Division - Apertura,2009,zonas,,Fecha 9,Diego Armando Maradona,false,https://es.wikipedia.org/wiki/Anexo:Torneo_Apertura_2009_(Argentina),
2009-10-17,20:15,Arsenal,Banfield,1,1,,,Primera Division - Apertura,2009,zonas,,Fecha 9,El Viaducto,false,https://es.wikipedia.org/wiki/Anexo:Torneo_Apertura_2009_(Argentina),
2009-10-18,,9 de Julio (R),Libertad (S),2,0,,,Torneo Argentino A,2009,zonas,Zone 2,Fecha 10,,false,https://es.wikipedia.org/wiki/Torneo_Argentino_A_2009-10 + https://www.rsssf.org/,
2009-10-18,,Boca Unidos,Tiro Federal,2,0,,,Primera Nacional,2009,zonas,,Fecha 10,,false,https://es.wikipedia.org/wiki/Campeonato_de_Primera_B_Nacional_2009-10 + https://www.worldfootball.net/,
2009-10-18,,Cipolletti,Huracán (TA),1,4,,,Torneo Argentino A,2009,zonas,Zone 1,Fecha 10,,false,https://es.wikipedia.org/wiki/Torneo_Argentino_A_2009-10 + https://www.rsssf.org/,
2009-10-18,,Crucero del Norte,Gimnasia y Esgrima (CdU),3,1,,,Torneo Argentino A,2009,zonas,Zone 2,Fecha 10,,false,https://es.wikipedia.org/wiki/Torneo_Argentino_A_2009-10 + https://www.rsssf.org/,
2009-10-18,,Deportivo Laferrere,El Porvenir,1,0,,,Primera C,2009,zonas,,Fecha 11,,false,https://es.wikipedia.org/wiki/Campeonato_de_Primera_C_2009-10_(Argentina) + https://www.rsssf.org/,
2009-10-18,,Deportivo Merlo,Unión,1,1,,,Primera Nacional,2009,zonas,,Fecha 10,,false,https://es.wikipedia.org/wiki/Campeonato_de_Primera_B_Nacional_2009-10 + https://www.worldfootball.net/,
2009-10-18,,Juventud (P),Guillermo Brown,2,0,,,Torneo Argentino A,2009,zonas,Zone 1,Fecha 10,,false,https://es.wikipedia.org/wiki/Torneo_Argentino_A_2009-10 + https://www.rsssf.org/,
2009-10-18,,Patronato,Sportivo Belgrano,0,0,,,Torneo Argentino A,2009,zonas,Zone 2,Fecha 10,,false,https://es.wikipedia.org/wiki/Torneo_Argentino_A_2009-10 + https://www.rsssf.org/,
2009-10-18,,Ramón Santamarina,Villa Mitre,2,0,,,Torneo Argentino A,2009,zonas,Zone 1,Fecha 10,,false,https://es.wikipedia.org/wiki/Torneo_Argentino_A_2009-10 + https://www.rsssf.org/,
2009-10-18,,San Martín (SJ),All Boys,1,1,,,Primera Nacional,2009,zonas,,Fecha 10,,false,https://es.wikipedia.org/wiki/Campeonato_de_Primera_B_Nacional_2009-10 + https://www.worldfootball.net/,
2009-10-18,,San Miguel,Defensores de Cambaceres,4,0,,,Primera C,2009,zonas,,Fecha 11,,false,https://es.wikipedia.org/wiki/Campeonato_de_Primera_C_2009-10_(Argentina) + https://www.rsssf.org/,
2009-10-18,,Talleres (C),Racing (C),3,0,,,Torneo Argentino A,2009,zonas,Zone 3,Fecha 11,,false,https://es.wikipedia.org/wiki/Torneo_Argentino_A_2009-10 + https://www.rsssf.org/,
2009-10-18,,Unión (MdP),Rivadavia (L),1,2,,,Torneo Argentino A,2009,zonas,Zone 1,Fecha 10,,false,https://es.wikipedia.org/wiki/Torneo_Argentino_A_2009-10 + https://www.rsssf.org/,
2009-10-18,,Unión (S),Ben Hur,2,0,,,Torneo Argentino A,2009,zonas,Zone 2,Fecha 10,,false,https://es.wikipedia.org/wiki/Torneo_Argentino_A_2009-10 + https://www.rsssf.org/,
2009-10-18,14:00,Independiente,Chacarita Juniors,1,1,,,Primera Division - Apertura,2009,zonas,,Fecha 9,Ciudad de Lanús,false,https://es.wikipedia.org/wiki/Anexo:Torneo_Apertura_2009_(Argentina),
2009-10-18,16:10,Huracán,River Plate,0,0,,,Primera Division - Apertura,2009,zonas,,Fecha 9,Tomás A. Ducó,false,https://es.wikipedia.org/wiki/Anexo:Torneo_Apertura_2009_(Argentina),
2009-10-18,18:10,Boca Juniors,Tigre,2,1,,,Primera Division - Apertura,2009,zonas,,Fecha 9,José Amalfitani,false,https://es.wikipedia.org/wiki/Anexo:Torneo_Apertura_2009_(Argentina),
2009-10-18,20:15,Newell's Old Boys,Estudiantes (LP),2,1,,,Primera Division - Apertura,2009,zonas,,Fecha 9,Coloso del Parque,false,https://es.wikipedia.org/wiki/Anexo:Torneo_Apertura_2009_(Argentina),
2009-10-19,,Belgrano,San Martín (T),0,1,,,Primera Nacional,2009,zonas,,Fecha 10,,false,https://es.wikipedia.org/wiki/Campeonato_de_Primera_B_Nacional_2009-10 + https://www.worldfootball.net/,
2009-10-19,,Berazategui,Villa Dálmine,0,0,,,Primera C,2009,zonas,,Fecha 11,,false,https://es.wikipedia.org/wiki/Campeonato_de_Primera_C_2009-10_(Argentina) + https://www.rsssf.org/,
2009-10-19,,Talleres (RdE),Ferrocarril Midland,1,1,,,Primera C,2009,zonas,,Fecha 11,,false,https://es.wikipedia.org/wiki/Campeonato_de_Primera_C_2009-10_(Argentina) + https://www.rsssf.org/,
2009-10-21,,Deportivo Maipú,Desamparados,2,1,,,Torneo Argentino A,2009,zonas,Zone 3,Fecha 12,,false,https://es.wikipedia.org/wiki/Torneo_Argentino_A_2009-10 + https://www.rsssf.org/,
2009-10-21,,Estudiantes (RC),Talleres (C),1,1,,,Torneo Argentino A,2009,zonas,Zone 3,Fecha 12,,false,https://es.wikipedia.org/wiki/Torneo_Argentino_A_2009-10 + https://www.rsssf.org/,
2009-10-21,,Juventud Unida Universitario,Central Córdoba (SdE),1,0,,,Torneo Argentino A,2009,zonas,Zone 3,Fecha 12,,false,https://es.wikipedia.org/wiki/Torneo_Argentino_A_2009-10 + https://www.rsssf.org/,
2009-10-21,,Racing (C),Alumni (VM),1,1,,,Torneo Argentino A,2009,zonas,Zone 3,Fecha 12,,false,https://es.wikipedia.org/wiki/Torneo_Argentino_A_2009-10 + https://www.rsssf.org/,
2009-10-22,,Instituto,Atlético de Rafaela,0,1,,,Primera Nacional,2009,zonas,,Fecha 11,,false,https://es.wikipedia.org/wiki/Campeonato_de_Primera_B_Nacional_2009-10 + https://www.worldfootball.net/,
2009-10-23,,El Porvenir,Defensores Unidos,1,2,,,Primera C,2009,zonas,,Fecha 12,,false,https://es.wikipedia.org/wiki/Campeonato_de_Primera_C_2009-10_(Argentina) + http://josecarluccio.blogspot.com/2014/11/argentina-1ra-c-afa-200910.html,
2009-10-23,19:00,Estudiantes (LP),Atlético Tucumán,1,0,,,Primera Division - Apertura,2009,zonas,,Fecha 10,Centenario,false,https://es.wikipedia.org/wiki/Anexo:Torneo_Apertura_2009_(Argentina),
2009-10-23,21:10,Rosario Central,Independiente,2,0,,,Primera Division - Apertura,2009,zonas,,Fecha 10,Gigante de Arroyito,false,https://es.wikipedia.org/wiki/Anexo:Torneo_Apertura_2009_(Argentina),
2009-10-24,,All Boys,Olimpo,1,2,,,Primera Nacional,2009,zonas,,Fecha 11,,false,https://es.wikipedia.org/wiki/Campeonato_de_Primera_B_Nacional_2009-10 + https://www.worldfootball.net/,
2009-10-24,,Barracas Bolívar,Sacachispas,4,1,,,Primera C,2009,zonas,,Fecha 12,,false,https://es.wikipedia.org/wiki/Campeonato_de_Primera_C_2009-10_(Argentina) + https://www.rsssf.org/,
2009-10-24,,Barracas Central,Argentino de Rosario,1,2,,,Primera C,2009,zonas,,Fecha 12,,false,https://es.wikipedia.org/wiki/Campeonato_de_Primera_C_2009-10_(Argentina) + https://www.rsssf.org/,
2009-10-24,,CAI,Platense,0,1,,,Primera Nacional,2009,zonas,,Fecha 11,,false,https://es.wikipedia.org/wiki/Campeonato_de_Primera_B_Nacional_2009-10 + https://www.worldfootball.net/,
2009-10-24,,Defensa y Justicia,Quilmes,1,1,,,Primera Nacional,2009,zonas,,Fecha 11,,false,https://es.wikipedia.org/wiki/Campeonato_de_Primera_B_Nacional_2009-10 + https://www.worldfootball.net/,
2009-10-24,,Excursionistas,Deportivo Laferrere,1,0,,,Primera C,2009,zonas,,Fecha 12,,false,https://es.wikipedia.org/wiki/Campeonato_de_Primera_C_2009-10_(Argentina) + https://www.rsssf.org/,
2009-10-24,,Fénix,Talleres (RdE),5,2,,,Primera C,2009,zonas,,Fecha 12,,false,https://es.wikipedia.org/wiki/Campeonato_de_Primera_C_2009-10_(Argentina) + https://www.rsssf.org/,
2009-10-24,,Independiente Rivadavia,Belgrano,1,0,,,Primera Nacional,2009,zonas,,Fecha 11,,false,https://es.wikipedia.org/wiki/Campeonato_de_Primera_B_Nacional_2009-10 + https://www.worldfootball.net/,
2009-10-24,,J. J. de Urquiza,Argentino de Merlo,1,0,,,Primera C,2009,zonas,,Fecha 12,,false,https://es.wikipedia.org/wiki/Campeonato_de_Primera_C_2009-10_(Argentina) + https://www.rsssf.org/,
2009-10-24,,Sportivo Italiano,San Martín (SJ),0,1,,,Primera Nacional,2009,zonas,,Fecha 11,,false,https://es.wikipedia.org/wiki/Campeonato_de_Primera_B_Nacional_2009-10 + https://www.worldfootball.net/,
2009-10-24,,Tiro Federal,Deportivo Merlo,2,0,,,Primera Nacional,2009,zonas,,Fecha 11,,false,https://es.wikipedia.org/wiki/Campeonato_de_Primera_B_Nacional_2009-10 + https://www.worldfootball.net/,
2009-10-24,,Villa Dálmine,Luján,1,4,,,Primera C,2009,zonas,,Fecha 12,,false,https://es.wikipedia.org/wiki/Campeonato_de_Primera_C_2009-10_(Argentina) + https://www.rsssf.org/,
2009-10-24,14:00,Banfield,Godoy Cruz,3,0,,,Primera Division - Apertura,2009,zonas,,Fecha 10,Florencio Sola,false,https://es.wikipedia.org/wiki/Anexo:Torneo_Apertura_2009_(Argentina),
2009-10-24,16:10,Chacarita Juniors,Huracán,1,0,,,Primera Division - Apertura,2009,zonas,,Fecha 10,Diego Armando Maradona,false,https://es.wikipedia.org/wiki/Anexo:Torneo_Apertura_2009_(Argentina),
2009-10-24,18:10,Racing Club,Lanús,1,1,,,Primera Division - Apertura,2009,zonas,,Fecha 10,El Cilindro,false,https://es.wikipedia.org/wiki/Anexo:Torneo_Apertura_2009_(Argentina),
2009-10-24,20:15,Vélez Sarsfield,Newell's Old Boys,1,2,,,Primera Division - Apertura,2009,zonas,,Fecha 10,José Amalfitani,false,https://es.wikipedia.org/wiki/Anexo:Torneo_Apertura_2009_(Argentina),
2009-10-25,,Alumni (VM),Estudiantes (RC),0,0,,,Torneo Argentino A,2009,zonas,Zone 3,Fecha 13,,false,https://es.wikipedia.org/wiki/Torneo_Argentino_A_2009-10 + https://www.rsssf.org/,
2009-10-25,,Ben Hur,Crucero del Norte,3,1,,,Torneo Argentino A,2009,zonas,Zone 2,Fecha 11,,false,https://es.wikipedia.org/wiki/Torneo_Argentino_A_2009-10 + https://www.rsssf.org/,
2009-10-25,,Central Córdoba (SdE),Racing (C),1,0,,,Torneo Argentino A,2009,zonas,Zone 3,Fecha 13,,false,https://es.wikipedia.org/wiki/Torneo_Argentino_A_2009-10 + https://www.rsssf.org/,
2009-10-25,,Ferrocarril Midland,General Lamadrid,0,0,,,Primera C,2009,zonas,,Fecha 12,,false,https://es.wikipedia.org/wiki/Campeonato_de_Primera_C_2009-10_(Argentina) + https://www.rsssf.org/,
2009-10-25,,Gimnasia y Esgrima (J),Ferro Carril Oeste,1,0,,,Primera Nacional,2009,zonas,,Fecha 11,,false,https://es.wikipedia.org/wiki/Campeonato_de_Primera_B_Nacional_2009-10 + https://www.worldfootball.net/,
2009-10-25,,Guillermo Brown,Ramón Santamarina,1,1,,,Torneo Argentino A,2009,zonas,Zone 1,Fecha 11,,false,https://es.wikipedia.org/wiki/Torneo_Argentino_A_2009-10 + https://www.rsssf.org/,
2009-10-25,,Huracán (TA),Juventud (P),4,0,,,Torneo Argentino A,2009,zonas,Zone 1,Fecha 11,,false,https://es.wikipedia.org/wiki/Torneo_Argentino_A_2009-10 + https://www.rsssf.org/,
2009-10-25,,Juventud Antoniana,Juventud Unida Universitario,2,2,,,Torneo Argentino A,2009,zonas,Zone 3,Fecha 13,,false,https://es.wikipedia.org/wiki/Torneo_Argentino_A_2009-10 + https://www.rsssf.org/,
2009-10-25,,Leandro N. Alem,Defensores de Cambaceres,3,1,,,Primera C,2009,zonas,,Fecha 12,,false,https://es.wikipedia.org/wiki/Campeonato_de_Primera_C_2009-10_(Argentina) + https://www.rsssf.org/,
2009-10-25,,Libertad (S),Unión (S),1,0,,,Torneo Argentino A,2009,zonas,Zone 2,Fecha 11,,false,https://es.wikipedia.org/wiki/Torneo_Argentino_A_2009-10 + https://www.rsssf.org/,
2009-10-25,,Patronato,9 de Julio (R),3,3,,,Torneo Argentino A,2009,zonas,Zone 2,Fecha 11,,false,https://es.wikipedia.org/wiki/Torneo_Argentino_A_2009-10 + https://www.rsssf.org/,
2009-10-25,,Rivadavia (L),Villa Mitre,0,0,,,Torneo Argentino A,2009,zonas,Zone 1,Fecha 11,,false,https://es.wikipedia.org/wiki/Torneo_Argentino_A_2009-10 + https://www.rsssf.org/,
2009-10-25,,San Martín (T),Boca Unidos,2,3,,,Primera Nacional,2009,zonas,,Fecha 11,,false,https://es.wikipedia.org/wiki/Campeonato_de_Primera_B_Nacional_2009-10 + https://www.worldfootball.net/,
2009-10-25,,Sportivo Belgrano,Gimnasia y Esgrima (CdU),0,0,,,Torneo Argentino A,2009,zonas,Zone 2,Fecha 11,,false,https://es.wikipedia.org/wiki/Torneo_Argentino_A_2009-10 + https://www.rsssf.org/,
2009-10-25,,Talleres (C),Deportivo Maipú,2,1,,,Torneo Argentino A,2009,zonas,Zone 3,Fecha 13,,false,https://es.wikipedia.org/wiki/Torneo_Argentino_A_2009-10 + https://www.rsssf.org/,
2009-10-25,,Unión (MdP),Cipolletti,0,2,,,Torneo Argentino A,2009,zonas,Zone 1,Fecha 11,,false,https://es.wikipedia.org/wiki/Torneo_Argentino_A_2009-10 + https://www.rsssf.org/,
2009-10-25,13:45,Arsenal,Gimnasia y Esgrima (LP),1,0,,,Primera Division - Apertura,2009,zonas,,Fecha 10,El Viaducto,false,https://es.wikipedia.org/wiki/Anexo:Torneo_Apertura_2009_(Argentina),
2009-10-25,16:15,River Plate,Boca Juniors,1,1,,,Primera Division - Apertura,2009,zonas,,Fecha 10,Monumental,false,https://es.wikipedia.org/wiki/Anexo:Torneo_Apertura_2009_(Argentina),
2009-10-25,18:15,Tigre,Argentinos Juniors,1,1,,,Primera Division - Apertura,2009,zonas,,Fecha 10,Monumental de Victoria,false,https://es.wikipedia.org/wiki/Anexo:Torneo_Apertura_2009_(Argentina),
2009-10-25,20:15,Colón,San Lorenzo,2,1,,,Primera Division - Apertura,2009,zonas,,Fecha 10,Brigadier Estanislao López,false,https://es.wikipedia.org/wiki/Anexo:Torneo_Apertura_2009_(Argentina),
2009-10-26,,Berazategui,San Miguel,0,1,,,Primera C,2009,zonas,,Fecha 12,,false,https://es.wikipedia.org/wiki/Campeonato_de_Primera_C_2009-10_(Argentina) + https://www.rsssf.org/,
2009-10-26,,Unión,Aldosivi,2,1,,,Primera Nacional,2009,zonas,,Fecha 11,,false,https://es.wikipedia.org/wiki/Campeonato_de_Primera_B_Nacional_2009-10 + https://www.worldfootball.net/,
2009-10-27,17:00,Newell's Old Boys,Racing Club,1,0,,,Primera Division - Apertura,2009,zonas,,Fecha 11,Coloso del Parque,false,https://es.wikipedia.org/wiki/Anexo:Torneo_Apertura_2009_(Argentina),
2009-10-27,19:10,Atlético Tucumán,Vélez Sarsfield,1,2,,,Primera Division - Apertura,2009,zonas,,Fecha 11,Monumental José Fierro,false,https://es.wikipedia.org/wiki/Anexo:Torneo_Apertura_2009_(Argentina),
2009-10-27,21:15,Godoy Cruz,Estudiantes (LP),1,2,,,Primera Division - Apertura,2009,zonas,,Fecha 11,Malvinas Argentinas,false,https://es.wikipedia.org/wiki/Anexo:Torneo_Apertura_2009_(Argentina),
2009-10-28,15:00,Gimnasia y Esgrima (LP),Banfield,0,1,,,Primera Division - Apertura,2009,zonas,,Fecha 11,Juan Carmelo Zerillo,false,https://es.wikipedia.org/wiki/Anexo:Torneo_Apertura_2009_(Argentina),
2009-10-28,17:10,San Lorenzo,Arsenal,3,2,,,Primera Division - Apertura,2009,zonas,,Fecha 11,Nuevo Gasómetro,false,https://es.wikipedia.org/wiki/Anexo:Torneo_Apertura_2009_(Argentina),
2009-10-28,19:40,Huracán,Rosario Central,1,0,,,Primera Division - Apertura,2009,zonas,,Fecha 11,Tomás A. Ducó,false,https://es.wikipedia.org/wiki/Anexo:Torneo_Apertura_2009_(Argentina),
2009-10-28,21:40,Independiente,Colón,3,2,,,Primera Division - Apertura,2009,zonas,,Fecha 11,Libertadores de América,false,https://es.wikipedia.org/wiki/Anexo:Torneo_Apertura_2009_(Argentina),
2009-10-29,,All Boys,Gimnasia y Esgrima (J),0,0,,,Primera Nacional,2009,zonas,,Fecha 12,,false,https://es.wikipedia.org/wiki/Campeonato_de_Primera_B_Nacional_2009-10 + https://www.worldfootball.net/,
2009-10-29,15:00,Boca Juniors,Chacarita Juniors,3,0,,,Primera Division - Apertura,2009,zonas,,Fecha 11,La Bombonera,false,https://es.wikipedia.org/wiki/Anexo:Torneo_Apertura_2009_(Argentina),
2009-10-29,17:00,Lanús,Tigre,4,0,,,Primera Division - Apertura,2009,zonas,,Fecha 11,Ciudad de Lanús,false,https://es.wikipedia.org/wiki/Anexo:Torneo_Apertura_2009_(Argentina),
2009-10-29,21:10,Argentinos Juniors,River Plate,1,2,,,Primera Division - Apertura,2009,zonas,,Fecha 11,Diego Armando Maradona,false,https://es.wikipedia.org/wiki/Anexo:Torneo_Apertura_2009_(Argentina),
2009-10-30,,Atlético de Rafaela,Defensa y Justicia,0,0,,,Primera Nacional,2009,zonas,,Fecha 12,,false,https://es.wikipedia.org/wiki/Campeonato_de_Primera_B_Nacional_2009-10 + https://www.worldfootball.net/,
2009-10-30,,Belgrano,CAI,1,3,,,Primera Nacional,2009,zonas,,Fecha 12,,false,https://es.wikipedia.org/wiki/Campeonato_de_Primera_B_Nacional_2009-10 + https://www.worldfootball.net/,
2009-10-30,,Deportivo Merlo,San Martín (T),1,1,,,Primera Nacional,2009,zonas,,Fecha 12,,false,https://es.wikipedia.org/wiki/Campeonato_de_Primera_B_Nacional_2009-10 + https://www.worldfootball.net/,
2009-10-30,,Olimpo,Sportivo Italiano,1,0,,,Primera Nacional,2009,zonas,,Fecha 12,,false,https://es.wikipedia.org/wiki/Campeonato_de_Primera_B_Nacional_2009-10 + https://www.worldfootball.net/,
2009-10-30,,Platense,Ferro Carril Oeste,0,2,,,Primera Nacional,2009,zonas,,Fecha 12,,false,https://es.wikipedia.org/wiki/Campeonato_de_Primera_B_Nacional_2009-10 + https://www.worldfootball.net/,
2009-10-30,,San Martín (SJ),Instituto,2,0,,,Primera Nacional,2009,zonas,,Fecha 12,,false,https://es.wikipedia.org/wiki/Campeonato_de_Primera_B_Nacional_2009-10 + https://www.worldfootball.net/,
2009-10-31,,Aldosivi,Tiro Federal,3,0,,,Primera Nacional,2009,zonas,,Fecha 12,,false,https://es.wikipedia.org/wiki/Campeonato_de_Primera_B_Nacional_2009-10 + https://www.worldfootball.net/,
2009-10-31,,Argentino de Merlo,Barracas Central,2,1,,,Primera C,2009,zonas,,Fecha 13,,false,https://es.wikipedia.org/wiki/Campeonato_de_Primera_C_2009-10_(Argentina) + https://www.rsssf.org/,
2009-10-31,,Argentino de Rosario,Barracas Bolívar,2,0,,,Primera C,2009,zonas,,Fecha 13,,false,https://es.wikipedia.org/wiki/Campeonato_de_Primera_C_2009-10_(Argentina) + https://www.rsssf.org/,
2009-10-31,,Boca Unidos,Independiente Rivadavia,0,0,,,Primera Nacional,2009,zonas,,Fecha 12,,false,https://es.wikipedia.org/wiki/Campeonato_de_Primera_B_Nacional_2009-10 + https://www.worldfootball.net/,
2009-10-31,,Defensores Unidos,Excursionistas,1,5,,,Primera C,2009,zonas,,Fecha 13,,false,https://es.wikipedia.org/wiki/Campeonato_de_Primera_C_2009-10_(Argentina) + https://www.rsssf.org/,
2009-10-31,,General Lamadrid,Fénix,1,2,,,Primera C,2009,zonas,,Fecha 13,,false,https://es.wikipedia.org/wiki/Campeonato_de_Primera_C_2009-10_(Argentina) + https://www.rsssf.org/,
2009-10-31,,Quilmes,Unión,2,1,,,Primera Nacional,2009,zonas,,Fecha 12,,false,https://es.wikipedia.org/wiki/Campeonato_de_Primera_B_Nacional_2009-10 + https://www.worldfootball.net/,
2009-10-31,,Ramón Santamarina,Huracán (TA),1,0,,,Torneo Argentino A,2009,zonas,Zone 1,Fecha 12,,false,https://es.wikipedia.org/wiki/Torneo_Argentino_A_2009-10 + https://www.rsssf.org/,
2009-10-31,17:00,Vélez Sarsfield,Godoy Cruz,2,0,,,Primera Division - Apertura,2009,zonas,,Fecha 12,José Amalfitani,false,https://es.wikipedia.org/wiki/Anexo:Torneo_Apertura_2009_(Argentina),
2009-10-31,19:10,Racing Club,Atlético Tucumán,4,0,,,Primera Division - Apertura,2009,zonas,,Fecha 12,El Cilindro,false,https://es.wikipedia.org/wiki/Anexo:Torneo_Apertura_2009_(Argentina),
2009-10-31,21:15,Gimnasia y Esgrima (LP),San Lorenzo,2,2,,,Primera Division - Apertura,2009,zonas,,Fecha 12,Juan Carmelo Zerillo,false,https://es.wikipedia.org/wiki/Anexo:Torneo_Apertura_2009_(Argentina),
2009-11-01,,9 de Julio (R),Sportivo Belgrano,1,1,,,Torneo Argentino A,2009,zonas,Zone 2,Fecha 12,,false,https://es.wikipedia.org/wiki/Torneo_Argentino_A_2009-10 + https://www.rsssf.org/,
2009-11-01,,Cipolletti,Rivadavia (L),2,0,,,Torneo Argentino A,2009,zonas,Zone 1,Fecha 12,,false,https://es.wikipedia.org/wiki/Torneo_Argentino_A_2009-10 + https://www.rsssf.org/,
2009-11-01,,Crucero del Norte,Libertad (S),2,0,,,Torneo Argentino A,2009,zonas,Zone 2,Fecha 12,,false,https://es.wikipedia.org/wiki/Torneo_Argentino_A_2009-10 + https://www.rsssf.org/,
2009-11-01,,Deportivo Maipú,Alumni (VM),1,0,,,Torneo Argentino A,2009,zonas,Zone 3,Fecha 14,,false,https://es.wikipedia.org/wiki/Torneo_Argentino_A_2009-10 + https://www.rsssf.org/,
2009-11-01,,Desamparados,Talleres (C),1,1,,,Torneo Argentino A,2009,zonas,Zone 3,Fecha 14,,false,https://es.wikipedia.org/wiki/Torneo_Argentino_A_2009-10 + https://www.rsssf.org/,
2009-11-01,,Estudiantes (RC),Central Córdoba (SdE),1,1,,,Torneo Argentino A,2009,zonas,Zone 3,Fecha 14,,false,https://es.wikipedia.org/wiki/Torneo_Argentino_A_2009-10 + https://www.rsssf.org/,
2009-11-01,,Gimnasia y Esgrima (CdU),Ben Hur,2,1,,,Torneo Argentino A,2009,zonas,Zone 2,Fecha 12,,false,https://es.wikipedia.org/wiki/Torneo_Argentino_A_2009-10 + https://www.rsssf.org/,
2009-11-01,,Juventud (P),Unión (MdP),2,3,,,Torneo Argentino A,2009,zonas,Zone 1,Fecha 12,,false,https://es.wikipedia.org/wiki/Torneo_Argentino_A_2009-10 + https://www.rsssf.org/,
2009-11-01,,Racing (C),Juventud Antoniana,1,0,,,Torneo Argentino A,2009,zonas,Zone 3,Fecha 14,,false,https://es.wikipedia.org/wiki/Torneo_Argentino_A_2009-10 + https://www.rsssf.org/,
2009-11-01,,Unión (S),Patronato,2,1,,,Torneo Argentino A,2009,zonas,Zone 2,Fecha 12,,false,https://es.wikipedia.org/wiki/Torneo_Argentino_A_2009-10 + https://www.rsssf.org/,
2009-11-01,,Villa Mitre,Guillermo Brown,6,1,,,Torneo Argentino A,2009,zonas,Zone 1,Fecha 12,,false,https://es.wikipedia.org/wiki/Torneo_Argentino_A_2009-10 + https://www.rsssf.org/,
2009-11-01,14:00,Chacarita Juniors,Argentinos Juniors,2,2,,,Primera Division - Apertura,2009,zonas,,Fecha 12,Diego Armando Maradona,false,https://es.wikipedia.org/wiki/Anexo:Torneo_Apertura_2009_(Argentina),
2009-11-01,16:10,River Plate,Lanús,0,1,,,Primera Division - Apertura,2009,zonas,,Fecha 12,Monumental,false,https://es.wikipedia.org/wiki/Anexo:Torneo_Apertura_2009_(Argentina),
2009-11-01,18:10,Rosario Central,Boca Juniors,2,1,,,Primera Division - Apertura,2009,zonas,,Fecha 12,Gigante de Arroyito,false,https://es.wikipedia.org/wiki/Anexo:Torneo_Apertura_2009_(Argentina),
2009-11-01,20:15,Arsenal,Independiente,1,0,,,Primera Division - Apertura,2009,zonas,,Fecha 12,El Viaducto,false,https://es.wikipedia.org/wiki/Anexo:Torneo_Apertura_2009_(Argentina),
2009-11-02,,Deportivo Laferrere,J. J. de Urquiza,1,0,,,Primera C,2009,zonas,,Fecha 13,,false,https://es.wikipedia.org/wiki/Campeonato_de_Primera_C_2009-10_(Argentina) + http://josecarluccio.blogspot.com/2014/11/argentina-1ra-c-afa-200910.html,
2009-11-02,,Sacachispas,Ferrocarril Midland,1,1,,,Primera C,2009,zonas,,Fecha 13,,false,https://es.wikipedia.org/wiki/Campeonato_de_Primera_C_2009-10_(Argentina) + http://josecarluccio.blogspot.com/2014/11/argentina-1ra-c-afa-200910.html,
2009-11-02,,San Miguel,Leandro N. Alem,1,1,,,Primera C,2009,zonas,,Fecha 13,,false,https://es.wikipedia.org/wiki/Campeonato_de_Primera_C_2009-10_(Argentina) + http://josecarluccio.blogspot.com/2014/11/argentina-1ra-c-afa-200910.html,
2009-11-02,,Talleres (RdE),Villa Dálmine,3,0,,,Primera C,2009,zonas,,Fecha 13,,false,https://es.wikipedia.org/wiki/Campeonato_de_Primera_C_2009-10_(Argentina) + https://www.rsssf.org/,
2009-11-02,19:00,Banfield,Estudiantes (LP),2,1,,,Primera Division - Apertura,2009,zonas,,Fecha 12,Florencio Sola,false,https://es.wikipedia.org/wiki/Anexo:Torneo_Apertura_2009_(Argentina),
2009-11-02,21:10,Tigre,Newell's Old Boys,1,2,,,Primera Division - Apertura,2009,zonas,,Fecha 12,Monumental de Victoria,false,https://es.wikipedia.org/wiki/Anexo:Torneo_Apertura_2009_(Argentina),
2009-11-03,,Ferro Carril Oeste,Belgrano,2,1,,,Primera Nacional,2009,zonas,,Fecha 13,,false,https://es.wikipedia.org/wiki/Campeonato_de_Primera_B_Nacional_2009-10 + https://www.worldfootball.net/,
2009-11-03,,Gimnasia y Esgrima (J),Platense,0,0,,,Primera Nacional,2009,zonas,,Fecha 13,,false,https://es.wikipedia.org/wiki/Campeonato_de_Primera_B_Nacional_2009-10 + https://www.worldfootball.net/,
2009-11-03,,Instituto,Olimpo,1,1,,,Primera Nacional,2009,zonas,,Fecha 13,,false,https://es.wikipedia.org/wiki/Campeonato_de_Primera_B_Nacional_2009-10 + https://www.worldfootball.net/,
2009-11-03,,San Martín (T),Aldosivi,2,2,,,Primera Nacional,2009,zonas,,Fecha 13,,false,https://es.wikipedia.org/wiki/Campeonato_de_Primera_B_Nacional_2009-10 + https://www.worldfootball.net/,
2009-11-03,,Sportivo Italiano,All Boys,1,2,,,Primera Nacional,2009,zonas,,Fecha 13,,false,https://es.wikipedia.org/wiki/Campeonato_de_Primera_B_Nacional_2009-10 + https://www.worldfootball.net/,
2009-11-03,,Tiro Federal,Quilmes,0,0,,,Primera Nacional,2009,zonas,,Fecha 13,,false,https://es.wikipedia.org/wiki/Campeonato_de_Primera_B_Nacional_2009-10 + https://www.worldfootball.net/,
2009-11-03,19:00,Colón,Huracán,3,0,,,Primera Division - Apertura,2009,zonas,,Fecha 12,Brigadier Estanislao López,false,https://es.wikipedia.org/wiki/Anexo:Torneo_Apertura_2009_(Argentina),
2009-11-04,,CAI,Boca Unidos,0,0,,,Primera Nacional,2009,zonas,,Fecha 13,,false,https://es.wikipedia.org/wiki/Campeonato_de_Primera_B_Nacional_2009-10 + https://www.worldfootball.net/,
2009-11-04,,Defensa y Justicia,San Martín (SJ),0,2,,,Primera Nacional,2009,zonas,,Fecha 13,,false,https://es.wikipedia.org/wiki/Campeonato_de_Primera_B_Nacional_2009-10 + https://www.worldfootball.net/,
2009-11-04,,Independiente Rivadavia,Deportivo Merlo,0,1,,,Primera Nacional,2009,zonas,,Fecha 13,,false,https://es.wikipedia.org/wiki/Campeonato_de_Primera_B_Nacional_2009-10 + https://www.worldfootball.net/,
2009-11-04,,Unión,Atlético de Rafaela,2,0,,,Primera Nacional,2009,zonas,,Fecha 13,,false,https://es.wikipedia.org/wiki/Campeonato_de_Primera_B_Nacional_2009-10 + https://www.worldfootball.net/,
2009-11-06,,Berazategui,Talleres (RdE),1,0,,,Primera C,2009,zonas,,Fecha 14,,false,https://es.wikipedia.org/wiki/Campeonato_de_Primera_C_2009-10_(Argentina) + https://www.rsssf.org/,
2009-11-06,,Juventud Unida Universitario,Racing (C),4,5,,,Torneo Argentino A,2009,zonas,Zone 3,Fecha 15,,false,https://es.wikipedia.org/wiki/Torneo_Argentino_A_2009-10 + https://www.rsssf.org/,
2009-11-06,19:00,Argentinos Juniors,Rosario Central,1,1,,,Primera Division - Apertura,2009,zonas,,Fecha 13,Diego Armando Maradona,false,https://es.wikipedia.org/wiki/Anexo:Torneo_Apertura_2009_(Argentina),
2009-11-06,21:10,Independiente,Gimnasia y Esgrima (LP),1,0,,,Primera Division - Apertura,2009,zonas,,Fecha 13,Libertadores de América,false,https://es.wikipedia.org/wiki/Anexo:Torneo_Apertura_2009_(Argentina),
2009-11-07,,All Boys,Instituto,0,1,,,Primera Nacional,2009,zonas,,Fecha 14,,false,https://es.wikipedia.org/wiki/Campeonato_de_Primera_B_Nacional_2009-10 + https://www.worldfootball.net/,
2009-11-07,,Barracas Bolívar,Argentino de Merlo,0,0,,,Primera C,2009,zonas,,Fecha 14,,false,https://es.wikipedia.org/wiki/Campeonato_de_Primera_C_2009-10_(Argentina) + https://www.rsssf.org/,
2009-11-07,,Barracas Central,Deportivo Laferrere,2,0,,,Primera C,2009,zonas,,Fecha 14,,false,https://es.wikipedia.org/wiki/Campeonato_de_Primera_C_2009-10_(Argentina) + https://www.rsssf.org/,
2009-11-07,,Belgrano,Platense,2,1,,,Primera Nacional,2009,zonas,,Fecha 14,,false,https://es.wikipedia.org/wiki/Campeonato_de_Primera_B_Nacional_2009-10 + https://www.worldfootball.net/,
2009-11-07,,Crucero del Norte,Juventud (P),1,0,,,Torneo Argentino A,2009,zonas,Zone 1,Fecha 13,,false,https://es.wikipedia.org/wiki/Torneo_Argentino_A_2009-10 + https://www.rsssf.org/,
2009-11-07,,Excursionistas,Defensores de Cambaceres,1,0,,,Primera C,2009,zonas,,Fecha 14,,false,https://es.wikipedia.org/wiki/Campeonato_de_Primera_C_2009-10_(Argentina) + https://www.rsssf.org/,
2009-11-07,,Ferrocarril Midland,Argentino de Rosario,0,0,,,Primera C,2009,zonas,,Fecha 14,,false,https://es.wikipedia.org/wiki/Campeonato_de_Primera_C_2009-10_(Argentina) + https://www.rsssf.org/,
2009-11-07,,Fénix,Sacachispas,1,1,,,Primera C,2009,zonas,,Fecha 14,,false,https://es.wikipedia.org/wiki/Campeonato_de_Primera_C_2009-10_(Argentina) + https://www.rsssf.org/,
2009-11-07,,Huracán (TA),Gimnasia y Esgrima (CdU),0,0,,,Torneo Argentino A,2009,zonas,Zone 1,Fecha 13,,false,https://es.wikipedia.org/wiki/Torneo_Argentino_A_2009-10 + https://www.rsssf.org/,
2009-11-07,,Quilmes,San Martín (T),2,1,,,Primera Nacional,2009,zonas,,Fecha 14,,false,https://es.wikipedia.org/wiki/Campeonato_de_Primera_B_Nacional_2009-10 + https://www.worldfootball.net/,
2009-11-07,,Ramón Santamarina,Unión (S),0,2,,,Torneo Argentino A,2009,zonas,Zone 1,Fecha 13,,false,https://es.wikipedia.org/wiki/Torneo_Argentino_A_2009-10 + https://www.rsssf.org/,
2009-11-07,,Sportivo Italiano,Gimnasia y Esgrima (J),0,1,,,Primera Nacional,2009,zonas,,Fecha 14,,false,https://es.wikipedia.org/wiki/Campeonato_de_Primera_B_Nacional_2009-10 + https://www.worldfootball.net/,
2009-11-07,,Villa Dálmine,General Lamadrid,4,0,,,Primera C,2009,zonas,,Fecha 14,,false,https://es.wikipedia.org/wiki/Campeonato_de_Primera_C_2009-10_(Argentina) + https://www.rsssf.org/,
2009-11-07,14:00,Lanús,Chacarita Juniors,0,3,,,Primera Division - Apertura,2009,zonas,,Fecha 13,Ciudad de Lanús,false,https://es.wikipedia.org/wiki/Anexo:Torneo_Apertura_2009_(Argentina),
2009-11-07,16:10,Godoy Cruz,Racing Club,3,1,,,Primera Division - Apertura,2009,zonas,,Fecha 13,Malvinas Argentinas,false,https://es.wikipedia.org/wiki/Anexo:Torneo_Apertura_2009_(Argentina),
2009-11-07,18:10,Newell's Old Boys,River Plate,2,1,,,Primera Division - Apertura,2009,zonas,,Fecha 13,Coloso del Parque,false,https://es.wikipedia.org/wiki/Anexo:Torneo_Apertura_2009_(Argentina),
2009-11-07,20:15,Atlético Tucumán,Tigre,4,2,,,Primera Division - Apertura,2009,zonas,,Fecha 13,Monumental José Fierro,false,https://es.wikipedia.org/wiki/Anexo:Torneo_Apertura_2009_(Argentina),
2009-11-08,,Aldosivi,Independiente Rivadavia,0,2,,,Primera Nacional,2009,zonas,,Fecha 14,,false,https://es.wikipedia.org/wiki/Campeonato_de_Primera_B_Nacional_2009-10 + https://www.worldfootball.net/,
2009-11-08,,Alumni (VM),Desamparados,2,0,,,Torneo Argentino A,2009,zonas,Zone 3,Fecha 15,,false,https://es.wikipedia.org/wiki/Torneo_Argentino_A_2009-10 + https://www.rsssf.org/,
2009-11-08,,Atlético de Rafaela,Tiro Federal,2,0,,,Primera Nacional,2009,zonas,,Fecha 14,,false,https://es.wikipedia.org/wiki/Campeonato_de_Primera_B_Nacional_2009-10 + https://www.worldfootball.net/,
2009-11-08,,Ben Hur,Cipolletti,0,1,,,Torneo Argentino A,2009,zonas,Zone 1,Fecha 13,,false,https://es.wikipedia.org/wiki/Torneo_Argentino_A_2009-10 + https://www.rsssf.org/,
2009-11-08,,Boca Unidos,Ferro Carril Oeste,1,2,,,Primera Nacional,2009,zonas,,Fecha 14,,false,https://es.wikipedia.org/wiki/Campeonato_de_Primera_B_Nacional_2009-10 + https://www.worldfootball.net/,
2009-11-08,,Central Córdoba (SdE),Deportivo Maipú,2,0,,,Torneo Argentino A,2009,zonas,Zone 3,Fecha 15,,false,https://es.wikipedia.org/wiki/Torneo_Argentino_A_2009-10 + https://www.rsssf.org/,
2009-11-08,,Deportivo Merlo,CAI,1,0,,,Primera Nacional,2009,zonas,,Fecha 14,,false,https://es.wikipedia.org/wiki/Campeonato_de_Primera_B_Nacional_2009-10 + https://www.worldfootball.net/,
2009-11-08,,El Porvenir,Leandro N. Alem,1,0,,,Primera C,2009,zonas,,Fecha 14,,false,https://es.wikipedia.org/wiki/Campeonato_de_Primera_C_2009-10_(Argentina) + https://www.rsssf.org/,
2009-11-08,,Guillermo Brown,9 de Julio (R),3,1,,,Torneo Argentino A,2009,zonas,Zone 1,Fecha 13,,false,https://es.wikipedia.org/wiki/Torneo_Argentino_A_2009-10 + https://www.rsssf.org/,
2009-11-08,,J. J. de Urquiza,Defensores Unidos,2,1,,,Primera C,2009,zonas,,Fecha 14,,false,https://es.wikipedia.org/wiki/Campeonato_de_Primera_C_2009-10_(Argentina) + https://www.rsssf.org/,
2009-11-08,,Juventud Antoniana,Estudiantes (RC),1,0,,,Torneo Argentino A,2009,zonas,Zone 3,Fecha 15,,false,https://es.wikipedia.org/wiki/Torneo_Argentino_A_2009-10 + https://www.rsssf.org/,
2009-11-08,,Libertad (S),Unión (MdP),3,0,,,Torneo Argentino A,2009,zonas,Zone 1,Fecha 13,,false,https://es.wikipedia.org/wiki/Torneo_Argentino_A_2009-10 + https://www.rsssf.org/,
2009-11-08,,Luján,San Miguel,1,2,,,Primera C,2009,zonas,,Fecha 14,,false,https://es.wikipedia.org/wiki/Campeonato_de_Primera_C_2009-10_(Argentina) + https://www.rsssf.org/,
2009-11-08,,Patronato,Villa Mitre,3,0,,,Torneo Argentino A,2009,zonas,Zone 1,Fecha 13,,false,https://es.wikipedia.org/wiki/Torneo_Argentino_A_2009-10 + https://www.rsssf.org/,
2009-11-08,,Rivadavia (L),Sportivo Belgrano,0,0,,,Torneo Argentino A,2009,zonas,Zone 1,Fecha 13,,false,https://es.wikipedia.org/wiki/Torneo_Argentino_A_2009-10 + https://www.rsssf.org/,
2009-11-08,,San Martín (SJ),Unión,3,0,,,Primera Nacional,2009,zonas,,Fecha 14,,false,https://es.wikipedia.org/wiki/Campeonato_de_Primera_B_Nacional_2009-10 + https://www.worldfootball.net/,
2009-11-08,16:10,San Lorenzo,Banfield,0,1,,,Primera Division - Apertura,2009,zonas,,Fecha 13,Nuevo Gasómetro,false,https://es.wikipedia.org/wiki/Anexo:Torneo_Apertura_2009_(Argentina),
2009-11-08,18:10,Estudiantes (LP),Vélez Sarsfield,3,0,,,Primera Division - Apertura,2009,zonas,,Fecha 13,Centenario,false,https://es.wikipedia.org/wiki/Anexo:Torneo_Apertura_2009_(Argentina),
2009-11-08,20:15,Boca Juniors,Colón,0,0,,,Primera Division - Apertura,2009,zonas,,Fecha 13,La Bombonera,false,https://es.wikipedia.org/wiki/Anexo:Torneo_Apertura_2009_(Argentina),
2009-11-09,,Olimpo,Defensa y Justicia,2,0,,,Primera Nacional,2009,zonas,,Fecha 14,,false,https://es.wikipedia.org/wiki/Campeonato_de_Primera_B_Nacional_2009-10 + https://www.worldfootball.net/,
2009-11-09,18:10,Huracán,Arsenal,1,1,,,Primera Division - Apertura,2009,zonas,,Fecha 13,Tomás A. Ducó,false,https://es.wikipedia.org/wiki/Anexo:Torneo_Apertura_2009_(Argentina),
2009-11-10,,Argentino de Rosario,Fénix,0,1,,,Primera C,2009,zonas,,Fecha 15,,false,https://es.wikipedia.org/wiki/Campeonato_de_Primera_C_2009-10_(Argentina) + https://www.rsssf.org/,
2009-11-11,,Argentino de Merlo,Ferrocarril Midland,1,1,,,Primera C,2009,zonas,,Fecha 15,,false,https://es.wikipedia.org/wiki/Campeonato_de_Primera_C_2009-10_(Argentina) + https://www.rsssf.org/,
2009-11-11,,Defensores Unidos,Barracas Central,2,1,,,Primera C,2009,zonas,,Fecha 15,,false,https://es.wikipedia.org/wiki/Campeonato_de_Primera_C_2009-10_(Argentina) + https://www.rsssf.org/,
2009-11-11,,Defensores de Cambaceres,J. J. de Urquiza,2,0,,,Primera C,2009,zonas,,Fecha 15,,false,https://es.wikipedia.org/wiki/Campeonato_de_Primera_C_2009-10_(Argentina) + https://www.rsssf.org/,
2009-11-11,,Deportivo Laferrere,Barracas Bolívar,0,1,,,Primera C,2009,zonas,,Fecha 15,,false,https://es.wikipedia.org/wiki/Campeonato_de_Primera_C_2009-10_(Argentina) + https://www.rsssf.org/,
2009-11-11,,General Lamadrid,Berazategui,0,1,,,Primera C,2009,zonas,,Fecha 15,,false,https://es.wikipedia.org/wiki/Campeonato_de_Primera_C_2009-10_(Argentina) + https://www.rsssf.org/,
2009-11-11,,Leandro N. Alem,Excursionistas,2,2,,,Primera C,2009,zonas,,Fecha 15,,false,https://es.wikipedia.org/wiki/Campeonato_de_Primera_C_2009-10_(Argentina) + https://www.rsssf.org/,
2009-11-11,,Sacachispas,Villa Dálmine,1,0,,,Primera C,2009,zonas,,Fecha 15,,false,https://es.wikipedia.org/wiki/Campeonato_de_Primera_C_2009-10_(Argentina) + https://www.rsssf.org/,
2009-11-11,,San Miguel,El Porvenir,0,1,,,Primera C,2009,zonas,,Fecha 15,,false,https://es.wikipedia.org/wiki/Campeonato_de_Primera_C_2009-10_(Argentina) + https://www.rsssf.org/,
2009-11-11,,Talleres (RdE),Luján,2,0,,,Primera C,2009,zonas,,Fecha 15,,false,https://es.wikipedia.org/wiki/Campeonato_de_Primera_C_2009-10_(Argentina) + https://www.rsssf.org/,
2009-11-11,20:00,Rosario Central,Estudiantes (LP),3,0,,,Primera Division - Apertura,2009,zonas,,Fecha 18,Gigante de Arroyito,false,https://es.wikipedia.org/wiki/Anexo:Torneo_Apertura_2009_(Argentina),
2009-11-13,,Tiro Federal,San Martín (SJ),0,2,,,Primera Nacional,2009,zonas,,Fecha 15,,false,https://es.wikipedia.org/wiki/Campeonato_de_Primera_B_Nacional_2009-10 + https://www.worldfootball.net/,
2009-11-13,19:00,Chacarita Juniors,Newell's Old Boys,0,1,,,Primera Division - Apertura,2009,zonas,,Fecha 14,Diego Armando Maradona,false,https://es.wikipedia.org/wiki/Anexo:Torneo_Apertura_2009_(Argentina),
2009-11-13,21:10,Tigre,Godoy Cruz,2,0,,,Primera Division - Apertura,2009,zonas,,Fecha 14,Monumental de Victoria,false,https://es.wikipedia.org/wiki/Anexo:Torneo_Apertura_2009_(Argentina),
2009-11-14,,Barracas Bolívar,Defensores Unidos,0,0,,,Primera C,2009,zonas,,Fecha 16,,false,https://es.wikipedia.org/wiki/Campeonato_de_Primera_C_2009-10_(Argentina) + https://www.rsssf.org/,
2009-11-14,,Barracas Central,Defensores de Cambaceres,0,1,,,Primera C,2009,zonas,,Fecha 16,,false,https://es.wikipedia.org/wiki/Campeonato_de_Primera_C_2009-10_(Argentina) + https://www.rsssf.org/,
2009-11-14,,CAI,Aldosivi,3,2,,,Primera Nacional,2009,zonas,,Fecha 15,,false,https://es.wikipedia.org/wiki/Campeonato_de_Primera_B_Nacional_2009-10 + https://www.worldfootball.net/,
2009-11-14,,Defensa y Justicia,All Boys,0,1,,,Primera Nacional,2009,zonas,,Fecha 15,,false,https://es.wikipedia.org/wiki/Campeonato_de_Primera_B_Nacional_2009-10 + https://www.worldfootball.net/,
2009-11-14,,Excursionistas,El Porvenir,4,0,,,Primera C,2009,zonas,,Fecha 16,,false,https://es.wikipedia.org/wiki/Campeonato_de_Primera_C_2009-10_(Argentina) + https://www.rsssf.org/,
2009-11-14,,Ferro Carril Oeste,Deportivo Merlo,2,1,,,Primera Nacional,2009,zonas,,Fecha 15,,false,https://es.wikipedia.org/wiki/Campeonato_de_Primera_B_Nacional_2009-10 + https://www.worldfootball.net/,
2009-11-14,,Fénix,Argentino de Merlo,0,1,,,Primera C,2009,zonas,,Fecha 16,,false,https://es.wikipedia.org/wiki/Campeonato_de_Primera_C_2009-10_(Argentina) + https://www.rsssf.org/,
2009-11-14,,Gimnasia y Esgrima (J),Belgrano,2,0,,,Primera Nacional,2009,zonas,,Fecha 15,,false,https://es.wikipedia.org/wiki/Campeonato_de_Primera_B_Nacional_2009-10 + https://www.worldfootball.net/,
2009-11-14,,Independiente Rivadavia,Quilmes,2,4,,,Primera Nacional,2009,zonas,,Fecha 15,,false,https://es.wikipedia.org/wiki/Campeonato_de_Primera_B_Nacional_2009-10 + https://www.worldfootball.net/,
2009-11-14,,Instituto,Sportivo Italiano,3,0,,,Primera Nacional,2009,zonas,,Fecha 15,,false,https://es.wikipedia.org/wiki/Campeonato_de_Primera_B_Nacional_2009-10 + https://www.worldfootball.net/,
2009-11-14,,Luján,General Lamadrid,2,1,,,Primera C,2009,zonas,,Fecha 16,,false,https://es.wikipedia.org/wiki/Campeonato_de_Primera_C_2009-10_(Argentina) + https://www.rsssf.org/,
2009-11-14,,Platense,Boca Unidos,2,0,,,Primera Nacional,2009,zonas,,Fecha 15,,false,https://es.wikipedia.org/wiki/Campeonato_de_Primera_B_Nacional_2009-10 + https://www.worldfootball.net/,
2009-11-14,,Rivadavia (L),Guillermo Brown,2,0,,,Torneo Argentino A,2009,zonas,Zone 1,Fecha 14,,false,https://es.wikipedia.org/wiki/Torneo_Argentino_A_2009-10 + https://www.rsssf.org/,
2009-11-14,,San Martín (T),Atlético de Rafaela,2,2,,,Primera Nacional,2009,zonas,,Fecha 15,,false,https://es.wikipedia.org/wiki/Campeonato_de_Primera_B_Nacional_2009-10 + https://www.worldfootball.net/,
2009-11-14,,Unión (MdP),Ramón Santamarina,0,0,,,Torneo Argentino A,2009,zonas,Zone 1,Fecha 14,,false,https://es.wikipedia.org/wiki/Torneo_Argentino_A_2009-10 + https://www.rsssf.org/,
2009-11-14,,Villa Dálmine,Argentino de Rosario,0,1,,,Primera C,2009,zonas,,Fecha 16,,false,https://es.wikipedia.org/wiki/Campeonato_de_Primera_C_2009-10_(Argentina) + https://www.rsssf.org/,
2009-11-14,19:10,Banfield,Vélez Sarsfield,3,0,,,Primera Division - Apertura,2009,zonas,,Fecha 14,Florencio Sola,false,https://es.wikipedia.org/wiki/Anexo:Torneo_Apertura_2009_(Argentina),
2009-11-14,21:10,Colón,Argentinos Juniors,2,0,,,Primera Division - Apertura,2009,zonas,,Fecha 14,Brigadier Estanislao López,false,https://es.wikipedia.org/wiki/Anexo:Torneo_Apertura_2009_(Argentina),
2009-11-15,,9 de Julio (R),Unión (S),1,5,,,Torneo Argentino A,2009,zonas,Zone 2,Fecha 14,,false,https://es.wikipedia.org/wiki/Torneo_Argentino_A_2009-10 + https://www.rsssf.org/,
2009-11-15,,Cipolletti,Juventud (P),4,5,,,Torneo Argentino A,2009,zonas,Zone 1,Fecha 14,,false,https://es.wikipedia.org/wiki/Torneo_Argentino_A_2009-10 + https://www.rsssf.org/,
2009-11-15,,Deportivo Maipú,Juventud Antoniana,0,0,,,Torneo Argentino A,2009,zonas,Zone 3,Fecha 16,,false,https://es.wikipedia.org/wiki/Torneo_Argentino_A_2009-10 + https://www.rsssf.org/,
2009-11-15,,Desamparados,Central Córdoba (SdE),4,1,,,Torneo Argentino A,2009,zonas,Zone 3,Fecha 16,,false,https://es.wikipedia.org/wiki/Torneo_Argentino_A_2009-10 + https://www.rsssf.org/,
2009-11-15,,Estudiantes (RC),Juventud Unida Universitario,2,2,,,Torneo Argentino A,2009,zonas,Zone 3,Fecha 16,,false,https://es.wikipedia.org/wiki/Torneo_Argentino_A_2009-10 + https://www.rsssf.org/,
2009-11-15,,Huracán (TA),Villa Mitre,0,1,,,Torneo Argentino A,2009,zonas,Zone 1,Fecha 14,,false,https://es.wikipedia.org/wiki/Torneo_Argentino_A_2009-10 + https://www.rsssf.org/,
2009-11-15,,J. J. de Urquiza,Leandro N. Alem,1,1,,,Primera C,2009,zonas,,Fecha 16,,false,https://es.wikipedia.org/wiki/Campeonato_de_Primera_C_2009-10_(Argentina) + https://www.rsssf.org/,
2009-11-15,,Libertad (S),Gimnasia y Esgrima (CdU),2,0,,,Torneo Argentino A,2009,zonas,Zone 2,Fecha 14,,false,https://es.wikipedia.org/wiki/Torneo_Argentino_A_2009-10 + https://www.rsssf.org/,
2009-11-15,,Patronato,Crucero del Norte,0,1,,,Torneo Argentino A,2009,zonas,Zone 2,Fecha 14,,false,https://es.wikipedia.org/wiki/Torneo_Argentino_A_2009-10 + https://www.rsssf.org/,
2009-11-15,,Sportivo Belgrano,Ben Hur,2,1,,,Torneo Argentino A,2009,zonas,Zone 2,Fecha 14,,false,https://es.wikipedia.org/wiki/Torneo_Argentino_A_2009-10 + https://www.rsssf.org/,
2009-11-15,,Talleres (C),Alumni (VM),2,0,,,Torneo Argentino A,2009,zonas,Zone 3,Fecha 16,,false,https://es.wikipedia.org/wiki/Torneo_Argentino_A_2009-10 + https://www.rsssf.org/,
2009-11-15,17:00,San Lorenzo,Independiente,0,3,,,Primera Division - Apertura,2009,zonas,,Fecha 14,Nuevo Gasómetro,false,https://es.wikipedia.org/wiki/Anexo:Torneo_Apertura_2009_(Argentina),
2009-11-15,19:10,River Plate,Atlético Tucumán,3,1,,,Primera Division - Apertura,2009,zonas,,Fecha 14,Monumental,false,https://es.wikipedia.org/wiki/Anexo:Torneo_Apertura_2009_(Argentina),
2009-11-15,21:15,Arsenal,Boca Juniors,1,1,,,Primera Division - Apertura,2009,zonas,,Fecha 14,El Viaducto,false,https://es.wikipedia.org/wiki/Anexo:Torneo_Apertura_2009_(Argentina),
2009-11-16,,Ferrocarril Midland,Deportivo Laferrere,0,0,,,Primera C,2009,zonas,,Fecha 16,,false,https://es.wikipedia.org/wiki/Campeonato_de_Primera_C_2009-10_(Argentina) + https://www.rsssf.org/,
2009-11-16,,Talleres (RdE),San Miguel,0,0,,,Primera C,2009,zonas,,Fecha 16,,false,https://es.wikipedia.org/wiki/Campeonato_de_Primera_C_2009-10_(Argentina) + https://www.rsssf.org/,
2009-11-16,,Unión,Olimpo,2,0,,,Primera Nacional,2009,zonas,,Fecha 15,,false,https://es.wikipedia.org/wiki/Campeonato_de_Primera_B_Nacional_2009-10 + https://www.worldfootball.net/,
2009-11-16,17:00,Racing Club,Estudiantes (LP),1,0,,,Primera Division - Apertura,2009,zonas,,Fecha 14,El Cilindro,false,https://es.wikipedia.org/wiki/Anexo:Torneo_Apertura_2009_(Argentina),
2009-11-16,19:10,Gimnasia y Esgrima (LP),Huracán,4,1,,,Primera Division - Apertura,2009,zonas,,Fecha 14,Juan Carmelo Zerillo,false,https://es.wikipedia.org/wiki/Anexo:Torneo_Apertura_2009_(Argentina),
2009-11-16,21:15,Rosario Central,Lanús,0,0,,,Primera Division - Apertura,2009,zonas,,Fecha 14,Gigante de Arroyito,false,https://es.wikipedia.org/wiki/Anexo:Torneo_Apertura_2009_(Argentina),
2009-11-17,,Berazategui,Sacachispas,2,2,,,Primera C,2009,zonas,,Fecha 16,,false,https://es.wikipedia.org/wiki/Campeonato_de_Primera_C_2009-10_(Argentina) + https://www.rsssf.org/,
2009-11-19,,San Martín (SJ),San Martín (T),2,1,,,Primera Nacional,2009,zonas,,Fecha 16,,false,https://es.wikipedia.org/wiki/Campeonato_de_Primera_B_Nacional_2009-10 + https://www.worldfootball.net/,
2009-11-20,,Atlético de Rafaela,Independiente Rivadavia,0,1,,,Primera Nacional,2009,zonas,,Fecha 16,,false,https://es.wikipedia.org/wiki/Campeonato_de_Primera_B_Nacional_2009-10 + https://www.worldfootball.net/,
2009-11-20,,Racing (C),Estudiantes (RC),1,1,,,Torneo Argentino A,2009,zonas,Zone 3,Fecha 17,,false,https://es.wikipedia.org/wiki/Torneo_Argentino_A_2009-10 + https://www.rsssf.org/,
2009-11-20,19:00,Estudiantes (LP),Tigre,3,1,,,Primera Division - Apertura,2009,zonas,,Fecha 15,Centenario,false,https://es.wikipedia.org/wiki/Anexo:Torneo_Apertura_2009_(Argentina),
2009-11-20,21:10,Lanús,Colón,3,0,,,Primera Division - Apertura,2009,zonas,,Fecha 15,Ciudad de Lanús,false,https://es.wikipedia.org/wiki/Anexo:Torneo_Apertura_2009_(Argentina),
2009-11-21,,All Boys,Unión,3,2,,,Primera Nacional,2009,zonas,,Fecha 16,,false,https://es.wikipedia.org/wiki/Campeonato_de_Primera_B_Nacional_2009-10 + https://www.worldfootball.net/,
2009-11-21,,Argentino de Merlo,Villa Dálmine,1,0,,,Primera C,2009,zonas,,Fecha 17,,false,https://es.wikipedia.org/wiki/Campeonato_de_Primera_C_2009-10_(Argentina) + https://www.rsssf.org/,
2009-11-21,,Argentino de Rosario,Berazategui,2,0,,,Primera C,2009,zonas,,Fecha 17,,false,https://es.wikipedia.org/wiki/Campeonato_de_Primera_C_2009-10_(Argentina) + https://www.rsssf.org/,
2009-11-21,,Crucero del Norte,9 de Julio (R),3,1,,,Torneo Argentino A,2009,zonas,Zone 2,Fecha 15,,false,https://es.wikipedia.org/wiki/Torneo_Argentino_A_2009-10 + https://www.rsssf.org/,
2009-11-21,,Defensores Unidos,Ferrocarril Midland,4,0,,,Primera C,2009,zonas,,Fecha 17,,false,https://es.wikipedia.org/wiki/Campeonato_de_Primera_C_2009-10_(Argentina) + https://www.rsssf.org/,
2009-11-21,,El Porvenir,J. J. de Urquiza,2,2,,,Primera C,2009,zonas,,Fecha 17,,false,https://es.wikipedia.org/wiki/Campeonato_de_Primera_C_2009-10_(Argentina) + https://www.rsssf.org/,
2009-11-21,,General Lamadrid,Talleres (RdE),2,2,,,Primera C,2009,zonas,,Fecha 17,,false,https://es.wikipedia.org/wiki/Campeonato_de_Primera_C_2009-10_(Argentina) + https://www.rsssf.org/,
2009-11-21,,Instituto,Gimnasia y Esgrima (J),1,0,,,Primera Nacional,2009,zonas,,Fecha 16,,false,https://es.wikipedia.org/wiki/Campeonato_de_Primera_B_Nacional_2009-10 + https://www.worldfootball.net/,
2009-11-21,,Juventud Unida Universitario,Deportivo Maipú,3,3,,,Torneo Argentino A,2009,zonas,Zone 3,Fecha 17,,false,https://es.wikipedia.org/wiki/Torneo_Argentino_A_2009-10 + https://www.rsssf.org/,
2009-11-21,,Leandro N. Alem,Barracas Central,3,2,,,Primera C,2009,zonas,,Fecha 17,,false,https://es.wikipedia.org/wiki/Campeonato_de_Primera_C_2009-10_(Argentina) + https://www.rsssf.org/,
2009-11-21,,Olimpo,Tiro Federal,2,0,,,Primera Nacional,2009,zonas,,Fecha 16,,false,https://es.wikipedia.org/wiki/Campeonato_de_Primera_B_Nacional_2009-10 + https://www.worldfootball.net/,
2009-11-21,,San Miguel,Excursionistas,2,2,,,Primera C,2009,zonas,,Fecha 17,,false,https://es.wikipedia.org/wiki/Campeonato_de_Primera_C_2009-10_(Argentina) + https://www.rsssf.org/,
2009-11-21,,Sportivo Italiano,Defensa y Justicia,0,1,,,Primera Nacional,2009,zonas,,Fecha 16,,false,https://es.wikipedia.org/wiki/Campeonato_de_Primera_B_Nacional_2009-10 + https://www.worldfootball.net/,
2009-11-21,17:00,Huracán,San Lorenzo,0,2,,,Primera Division - Apertura,2009,zonas,,Fecha 15,Tomás A. Ducó,false,https://es.wikipedia.org/wiki/Anexo:Torneo_Apertura_2009_(Argentina),
2009-11-21,19:10,Atlético Tucumán,Chacarita Juniors,2,1,,,Primera Division - Apertura,2009,zonas,,Fecha 15,Monumental José Fierro,false,https://es.wikipedia.org/wiki/Anexo:Torneo_Apertura_2009_(Argentina),
2009-11-21,21:15,Independiente,Banfield,1,2,,,Primera Division - Apertura,2009,zonas,,Fecha 15,Libertadores de América,false,https://es.wikipedia.org/wiki/Anexo:Torneo_Apertura_2009_(Argentina),
2009-11-22,,Ben Hur,Libertad (S),1,2,,,Torneo Argentino A,2009,zonas,Zone 2,Fecha 15,,false,https://es.wikipedia.org/wiki/Torneo_Argentino_A_2009-10 + https://www.rsssf.org/,
2009-11-22,,Boca Unidos,Belgrano,2,1,,,Primera Nacional,2009,zonas,,Fecha 16,,false,https://es.wikipedia.org/wiki/Campeonato_de_Primera_B_Nacional_2009-10 + https://www.worldfootball.net/,
2009-11-22,,Central Córdoba (SdE),Talleres (C),2,2,,,Torneo Argentino A,2009,zonas,Zone 3,Fecha 17,,false,https://es.wikipedia.org/wiki/Torneo_Argentino_A_2009-10 + https://www.rsssf.org/,
2009-11-22,,Defensores de Cambaceres,Barracas Bolívar,4,2,,,Primera C,2009,zonas,,Fecha 17,,false,https://es.wikipedia.org/wiki/Campeonato_de_Primera_C_2009-10_(Argentina) + https://www.rsssf.org/,
2009-11-22,,Deportivo Laferrere,Fénix,1,1,,,Primera C,2009,zonas,,Fecha 17,,false,https://es.wikipedia.org/wiki/Campeonato_de_Primera_C_2009-10_(Argentina) + https://www.rsssf.org/,
2009-11-22,,Deportivo Merlo,Platense,0,0,,,Primera Nacional,2009,zonas,,Fecha 16,,false,https://es.wikipedia.org/wiki/Campeonato_de_Primera_B_Nacional_2009-10 + https://www.worldfootball.net/,
2009-11-22,,Gimnasia y Esgrima (CdU),Patronato,1,2,,,Torneo Argentino A,2009,zonas,Zone 2,Fecha 15,,false,https://es.wikipedia.org/wiki/Torneo_Argentino_A_2009-10 + https://www.rsssf.org/,
2009-11-22,,Guillermo Brown,Huracán (TA),0,1,,,Torneo Argentino A,2009,zonas,Zone 1,Fecha 15,,false,https://es.wikipedia.org/wiki/Torneo_Argentino_A_2009-10 + https://www.rsssf.org/,
2009-11-22,,Juventud (P),Rivadavia (L),2,2,,,Torneo Argentino A,2009,zonas,Zone 1,Fecha 15,,false,https://es.wikipedia.org/wiki/Torneo_Argentino_A_2009-10 + https://www.rsssf.org/,
2009-11-22,,Juventud Antoniana,Desamparados,2,0,,,Torneo Argentino A,2009,zonas,Zone 3,Fecha 17,,false,https://es.wikipedia.org/wiki/Torneo_Argentino_A_2009-10 + https://www.rsssf.org/,
2009-11-22,,Ramón Santamarina,Cipolletti,1,0,,,Torneo Argentino A,2009,zonas,Zone 1,Fecha 15,,false,https://es.wikipedia.org/wiki/Torneo_Argentino_A_2009-10 + https://www.rsssf.org/,
2009-11-22,,Sacachispas,Luján,2,0,,,Primera C,2009,zonas,,Fecha 17,,false,https://es.wikipedia.org/wiki/Campeonato_de_Primera_C_2009-10_(Argentina) + https://www.rsssf.org/,
2009-11-22,,Unión (S),Sportivo Belgrano,1,2,,,Torneo Argentino A,2009,zonas,Zone 2,Fecha 15,,false,https://es.wikipedia.org/wiki/Torneo_Argentino_A_2009-10 + https://www.rsssf.org/,
2009-11-22,,Villa Mitre,Unión (MdP),1,1,,,Torneo Argentino A,2009,zonas,Zone 1,Fecha 15,,false,https://es.wikipedia.org/wiki/Torneo_Argentino_A_2009-10 + https://www.rsssf.org/,
2009-11-22,17:00,Newell's Old Boys,Rosario Central,2,2,,,Primera Division - Apertura,2009,zonas,,Fecha 15,Coloso del Parque,false,https://es.wikipedia.org/wiki/Anexo:Torneo_Apertura_2009_(Argentina),
2009-11-22,19:10,Boca Juniors,Gimnasia y Esgrima (LP),4,0,,,Primera Division - Apertura,2009,zonas,,Fecha 15,La Bombonera,false,https://es.wikipedia.org/wiki/Anexo:Torneo_Apertura_2009_(Argentina),
2009-11-22,21:15,Godoy Cruz,River Plate,1,1,,,Primera Division - Apertura,2009,zonas,,Fecha 15,Malvinas Argentinas,false,https://es.wikipedia.org/wiki/Anexo:Torneo_Apertura_2009_(Argentina),
2009-11-23,,Aldosivi,Ferro Carril Oeste,2,1,,,Primera Nacional,2009,zonas,,Fecha 16,,false,https://es.wikipedia.org/wiki/Campeonato_de_Primera_B_Nacional_2009-10 + https://www.worldfootball.net/,
2009-11-23,,Quilmes,CAI,3,1,,,Primera Nacional,2009,zonas,,Fecha 16,,false,https://es.wikipedia.org/wiki/Campeonato_de_Primera_B_Nacional_2009-10 + https://www.worldfootball.net/,
2009-11-23,18:00,Argentinos Juniors,Arsenal,1,1,,,Primera Division - Apertura,2009,zonas,,Fecha 15,Diego Armando Maradona,false,https://es.wikipedia.org/wiki/Anexo:Torneo_Apertura_2009_(Argentina),
2009-11-23,21:00,Vélez Sarsfield,Racing Club,4,2,,,Primera Division - Apertura,2009,zonas,,Fecha 15,José Amalfitani,false,https://es.wikipedia.org/wiki/Anexo:Torneo_Apertura_2009_(Argentina),
2009-11-25,,Defensores de Cambaceres,El Porvenir,2,0,,,Primera C,2009,zonas,,Fecha 13,,false,https://es.wikipedia.org/wiki/Campeonato_de_Primera_C_2009-10_(Argentina) + https://www.rsssf.org/,
2009-11-25,,Luján,Berazategui,1,1,,,Primera C,2009,zonas,,Fecha 13,,false,https://es.wikipedia.org/wiki/Campeonato_de_Primera_C_2009-10_(Argentina) + https://www.rsssf.org/,
2009-11-25,19:00,Estudiantes (LP),Colón,0,1,,,Primera Division - Apertura,2009,zonas,,Fecha 19,Centenario,false,https://es.wikipedia.org/wiki/Anexo:Torneo_Apertura_2009_(Argentina),
2009-11-26,,San Martín (T),Olimpo,2,2,,,Primera Nacional,2009,zonas,,Fecha 17,,false,https://es.wikipedia.org/wiki/Campeonato_de_Primera_B_Nacional_2009-10 + https://www.worldfootball.net/,
2009-11-27,19:00,Rosario Central,Atlético Tucumán,1,1,,,Primera Division - Apertura,2009,zonas,,Fecha 16,Gigante de Arroyito,false,https://es.wikipedia.org/wiki/Anexo:Torneo_Apertura_2009_(Argentina),
2009-11-27,21:10,Independiente,Huracán,2,0,,,Primera Division - Apertura,2009,zonas,,Fecha 16,Libertadores de América,false,https://es.wikipedia.org/wiki/Anexo:Torneo_Apertura_2009_(Argentina),
2009-11-28,,Barracas Bolívar,Leandro N. Alem,4,2,,,Primera C,2009,zonas,,Fecha 18,,false,https://es.wikipedia.org/wiki/Campeonato_de_Primera_C_2009-10_(Argentina) + https://www.rsssf.org/,
2009-11-28,,Barracas Central,El Porvenir,0,0,,,Primera C,2009,zonas,,Fecha 18,,false,https://es.wikipedia.org/wiki/Campeonato_de_Primera_C_2009-10_(Argentina) + https://www.rsssf.org/,
2009-11-28,,Belgrano,Deportivo Merlo,2,1,,,Primera Nacional,2009,zonas,,Fecha 17,,false,https://es.wikipedia.org/wiki/Campeonato_de_Primera_B_Nacional_2009-10 + https://www.worldfootball.net/,
2009-11-28,,Berazategui,Argentino de Merlo,1,0,,,Primera C,2009,zonas,,Fecha 18,,false,https://es.wikipedia.org/wiki/Campeonato_de_Primera_C_2009-10_(Argentina) + https://www.rsssf.org/,
2009-11-28,,CAI,Atlético de Rafaela,3,1,,,Primera Nacional,2009,zonas,,Fecha 17,,false,https://es.wikipedia.org/wiki/Campeonato_de_Primera_B_Nacional_2009-10 + https://www.worldfootball.net/,
2009-11-28,,Defensa y Justicia,Instituto,1,3,,,Primera Nacional,2009,zonas,,Fecha 17,,false,https://es.wikipedia.org/wiki/Campeonato_de_Primera_B_Nacional_2009-10 + https://www.worldfootball.net/,
2009-11-28,,Ferro Carril Oeste,Quilmes,1,0,,,Primera Nacional,2009,zonas,,Fecha 17,,false,https://es.wikipedia.org/wiki/Campeonato_de_Primera_B_Nacional_2009-10 + https://www.worldfootball.net/,
2009-11-28,,Ferrocarril Midland,Defensores de Cambaceres,1,1,,,Primera C,2009,zonas,,Fecha 18,,false,https://es.wikipedia.org/wiki/Campeonato_de_Primera_C_2009-10_(Argentina) + https://www.rsssf.org/,
2009-11-28,,Fénix,Defensores Unidos,3,1,,,Primera C,2009,zonas,,Fecha 18,,false,https://es.wikipedia.org/wiki/Campeonato_de_Primera_C_2009-10_(Argentina) + https://www.rsssf.org/,
2009-11-28,,General Lamadrid,San Miguel,0,0,,,Primera C,2009,zonas,,Fecha 18,,false,https://es.wikipedia.org/wiki/Campeonato_de_Primera_C_2009-10_(Argentina) + https://www.rsssf.org/,
2009-11-28,,Gimnasia y Esgrima (J),Boca Unidos,1,1,,,Primera Nacional,2009,zonas,,Fecha 17,,false,https://es.wikipedia.org/wiki/Campeonato_de_Primera_B_Nacional_2009-10 + https://www.worldfootball.net/,
2009-11-28,,Platense,Aldosivi,0,0,,,Primera Nacional,2009,zonas,,Fecha 17,,false,https://es.wikipedia.org/wiki/Campeonato_de_Primera_B_Nacional_2009-10 + https://www.worldfootball.net/,
2009-11-28,,Tiro Federal,All Boys,0,0,,,Primera Nacional,2009,zonas,,Fecha 17,,false,https://es.wikipedia.org/wiki/Campeonato_de_Primera_B_Nacional_2009-10 + https://www.worldfootball.net/,
2009-11-28,,Unión (MdP),Guillermo Brown,1,0,,,Torneo Argentino A,2009,zonas,Zone 1,Fecha 16,,false,https://es.wikipedia.org/wiki/Torneo_Argentino_A_2009-10 + https://www.rsssf.org/,
2009-11-28,,Unión (S),Crucero del Norte,3,0,,,Torneo Argentino A,2009,zonas,Zone 2,Fecha 16,,false,https://es.wikipedia.org/wiki/Torneo_Argentino_A_2009-10 + https://www.rsssf.org/,
2009-11-28,,Villa Dálmine,Deportivo Laferrere,0,2,,,Primera C,2009,zonas,,Fecha 18,,false,https://es.wikipedia.org/wiki/Campeonato_de_Primera_C_2009-10_(Argentina) + https://www.rsssf.org/,
2009-11-28,17:00,Chacarita Juniors,Godoy Cruz,2,1,,,Primera Division - Apertura,2009,zonas,,Fecha 16,Diego Armando Maradona,false,https://es.wikipedia.org/wiki/Anexo:Torneo_Apertura_2009_(Argentina),
2009-11-28,19:10,River Plate,Estudiantes (LP),1,1,,,Primera Division - Apertura,2009,zonas,,Fecha 16,Monumental,false,https://es.wikipedia.org/wiki/Anexo:Torneo_Apertura_2009_(Argentina),
2009-11-29,,9 de Julio (R),Gimnasia y Esgrima (CdU),0,1,,,Torneo Argentino A,2009,zonas,Zone 2,Fecha 16,,false,https://es.wikipedia.org/wiki/Torneo_Argentino_A_2009-10 + https://www.rsssf.org/,
2009-11-29,,Alumni (VM),Central Córdoba (SdE),0,1,,,Torneo Argentino A,2009,zonas,Zone 3,Fecha 18,,false,https://es.wikipedia.org/wiki/Torneo_Argentino_A_2009-10 + https://www.rsssf.org/,
2009-11-29,,Cipolletti,Villa Mitre,1,1,,,Torneo Argentino A,2009,zonas,Zone 1,Fecha 16,,false,https://es.wikipedia.org/wiki/Torneo_Argentino_A_2009-10 + https://www.rsssf.org/,
2009-11-29,,Deportivo Maipú,Racing (C),3,0,,,Torneo Argentino A,2009,zonas,Zone 3,Fecha 18,,false,https://es.wikipedia.org/wiki/Torneo_Argentino_A_2009-10 + https://www.rsssf.org/,
2009-11-29,,Desamparados,Juventud Unida Universitario,1,0,,,Torneo Argentino A,2009,zonas,Zone 3,Fecha 18,,false,https://es.wikipedia.org/wiki/Torneo_Argentino_A_2009-10 + https://www.rsssf.org/,
2009-11-29,,J. J. de Urquiza,Excursionistas,1,1,,,Primera C,2009,zonas,,Fecha 18,,false,https://es.wikipedia.org/wiki/Campeonato_de_Primera_C_2009-10_(Argentina) + https://www.rsssf.org/,
2009-11-29,,Juventud (P),Ramón Santamarina,3,0,,,Torneo Argentino A,2009,zonas,Zone 1,Fecha 16,,false,https://es.wikipedia.org/wiki/Torneo_Argentino_A_2009-10 + https://www.rsssf.org/,
2009-11-29,,Patronato,Ben Hur,1,1,,,Torneo Argentino A,2009,zonas,Zone 2,Fecha 16,,false,https://es.wikipedia.org/wiki/Torneo_Argentino_A_2009-10 + https://www.rsssf.org/,
2009-11-29,,Rivadavia (L),Huracán (TA),2,1,,,Torneo Argentino A,2009,zonas,Zone 1,Fecha 16,,false,https://es.wikipedia.org/wiki/Torneo_Argentino_A_2009-10 + https://www.rsssf.org/,
2009-11-29,,Sportivo Belgrano,Libertad (S),1,0,,,Torneo Argentino A,2009,zonas,Zone 2,Fecha 16,,false,https://es.wikipedia.org/wiki/Torneo_Argentino_A_2009-10 + https://www.rsssf.org/,
2009-11-29,,Talleres (C),Juventud Antoniana,0,1,,,Torneo Argentino A,2009,zonas,Zone 3,Fecha 18,,false,https://es.wikipedia.org/wiki/Torneo_Argentino_A_2009-10 + https://www.rsssf.org/,
2009-11-29,,Unión,Sportivo Italiano,2,1,,,Primera Nacional,2009,zonas,,Fecha 17,,false,https://es.wikipedia.org/wiki/Campeonato_de_Primera_B_Nacional_2009-10 + https://www.worldfootball.net/,
2009-11-29,17:00,San Lorenzo,Boca Juniors,3,0,,,Primera Division - Apertura,2009,zonas,,Fecha 16,Nuevo Gasómetro,false,https://es.wikipedia.org/wiki/Anexo:Torneo_Apertura_2009_(Argentina),
2009-11-29,19:10,Tigre,Vélez Sarsfield,0,3,,,Primera Division - Apertura,2009,zonas,,Fecha 16,Monumental de Victoria,false,https://es.wikipedia.org/wiki/Anexo:Torneo_Apertura_2009_(Argentina),
2009-11-29,21:15,Banfield,Racing Club,1,2,,,Primera Division - Apertura,2009,zonas,,Fecha 16,Florencio Sola,false,https://es.wikipedia.org/wiki/Anexo:Torneo_Apertura_2009_(Argentina),
2009-11-30,,Independiente Rivadavia,San Martín (SJ),0,0,,,Primera Nacional,2009,zonas,,Fecha 17,,false,https://es.wikipedia.org/wiki/Campeonato_de_Primera_B_Nacional_2009-10 + https://www.worldfootball.net/,
2009-11-30,,Talleres (RdE),Sacachispas,3,1,,,Primera C,2009,zonas,,Fecha 18,,false,https://es.wikipedia.org/wiki/Campeonato_de_Primera_C_2009-10_(Argentina) + https://www.rsssf.org/,
2009-11-30,17:00,Arsenal,Lanús,2,5,,,Primera Division - Apertura,2009,zonas,,Fecha 16,El Viaducto,false,https://es.wikipedia.org/wiki/Anexo:Torneo_Apertura_2009_(Argentina),
2009-11-30,19:10,Colón,Newell's Old Boys,0,1,,,Primera Division - Apertura,2009,zonas,,Fecha 16,Brigadier Estanislao López,false,https://es.wikipedia.org/wiki/Anexo:Torneo_Apertura_2009_(Argentina),
2009-11-30,21:15,Gimnasia y Esgrima (LP),Argentinos Juniors,1,2,,,Primera Division - Apertura,2009,zonas,,Fecha 16,Juan Carmelo Zerillo,false,https://es.wikipedia.org/wiki/Anexo:Torneo_Apertura_2009_(Argentina),
2009-12-03,,Atlético de Rafaela,Ferro Carril Oeste,3,0,,,Primera Nacional,2009,zonas,,Fecha 18,,false,https://es.wikipedia.org/wiki/Campeonato_de_Primera_B_Nacional_2009-10 + https://www.worldfootball.net/,
2009-12-03,18:00,Estudiantes (LP),Chacarita Juniors,0,0,,,Primera Division - Apertura,2009,zonas,,Fecha 17,Centenario,false,https://es.wikipedia.org/wiki/Anexo:Torneo_Apertura_2009_(Argentina),
2009-12-04,,Quilmes,Platense,0,0,,,Primera Nacional,2009,zonas,,Fecha 18,,false,https://es.wikipedia.org/wiki/Campeonato_de_Primera_B_Nacional_2009-10 + https://www.worldfootball.net/,
2009-12-04,17:00,Godoy Cruz,Rosario Central,1,1,,,Primera Division - Apertura,2009,zonas,,Fecha 17,Malvinas Argentinas,false,https://es.wikipedia.org/wiki/Anexo:Torneo_Apertura_2009_(Argentina),
2009-12-04,19:10,Huracán,Banfield,0,1,,,Primera Division - Apertura,2009,zonas,,Fecha 17,Tomás A. Ducó,false,https://es.wikipedia.org/wiki/Anexo:Torneo_Apertura_2009_(Argentina),
2009-12-04,21:15,Racing Club,Tigre,1,0,,,Primera Division - Apertura,2009,zonas,,Fecha 17,El Cilindro,false,https://es.wikipedia.org/wiki/Anexo:Torneo_Apertura_2009_(Argentina),
2009-12-05,,Aldosivi,Belgrano,1,2,,,Primera Nacional,2009,zonas,,Fecha 18,,false,https://es.wikipedia.org/wiki/Campeonato_de_Primera_B_Nacional_2009-10 + https://www.worldfootball.net/,
2009-12-05,,All Boys,San Martín (T),1,0,,,Primera Nacional,2009,zonas,,Fecha 18,,false,https://es.wikipedia.org/wiki/Campeonato_de_Primera_B_Nacional_2009-10 + https://www.worldfootball.net/,
2009-12-05,,Argentino de Merlo,Luján,0,0,,,Primera C,2009,zonas,,Fecha 19,,false,https://es.wikipedia.org/wiki/Campeonato_de_Primera_C_2009-10_(Argentina) + https://www.rsssf.org/,
2009-12-05,,Argentino de Rosario,Talleres (RdE),1,1,,,Primera C,2009,zonas,,Fecha 19,,false,https://es.wikipedia.org/wiki/Campeonato_de_Primera_C_2009-10_(Argentina) + https://www.rsssf.org/,
2009-12-05,,Central Córdoba (SdE),Deportivo Maipú,1,0,,,Torneo Argentino A,2009,zonas,Group B,Fecha 1,,false,https://es.wikipedia.org/wiki/Torneo_Argentino_A_2009-10 + https://www.rsssf.org/,
2009-12-05,,Cipolletti,Huracán (TA),1,0,,,Torneo Argentino A,2009,zonas,Group B,Fecha 1,,false,https://es.wikipedia.org/wiki/Torneo_Argentino_A_2009-10 + https://www.rsssf.org/,
2009-12-05,,Defensa y Justicia,Gimnasia y Esgrima (J),2,0,,,Primera Nacional,2009,zonas,,Fecha 18,,false,https://es.wikipedia.org/wiki/Campeonato_de_Primera_B_Nacional_2009-10 + https://www.worldfootball.net/,
2009-12-05,,Defensores Unidos,Villa Dálmine,1,0,,,Primera C,2009,zonas,,Fecha 19,,false,https://es.wikipedia.org/wiki/Campeonato_de_Primera_C_2009-10_(Argentina) + https://www.rsssf.org/,
2009-12-05,,Defensores de Cambaceres,Fénix,0,3,,,Primera C,2009,zonas,,Fecha 19,,false,https://es.wikipedia.org/wiki/Campeonato_de_Primera_C_2009-10_(Argentina) + https://www.rsssf.org/,
2009-12-05,,El Porvenir,Barracas Bolívar,1,1,,,Primera C,2009,zonas,,Fecha 19,,false,https://es.wikipedia.org/wiki/Campeonato_de_Primera_C_2009-10_(Argentina) + https://www.rsssf.org/,
2009-12-05,,Olimpo,Independiente Rivadavia,2,1,,,Primera Nacional,2009,zonas,,Fecha 18,,false,https://es.wikipedia.org/wiki/Campeonato_de_Primera_B_Nacional_2009-10 + https://www.worldfootball.net/,
2009-12-05,,Patronato,Crucero del Norte,1,2,,,Torneo Argentino A,2009,zonas,Group A,Fecha 1,,false,https://es.wikipedia.org/wiki/Torneo_Argentino_A_2009-10 + https://www.rsssf.org/,
2009-12-05,,Sacachispas,General Lamadrid,2,1,,,Primera C,2009,zonas,,Fecha 19,,false,https://es.wikipedia.org/wiki/Campeonato_de_Primera_C_2009-10_(Argentina) + https://www.rsssf.org/,
2009-12-05,,San Miguel,J. J. de Urquiza,1,0,,,Primera C,2009,zonas,,Fecha 19,,false,https://es.wikipedia.org/wiki/Campeonato_de_Primera_C_2009-10_(Argentina) + https://www.rsssf.org/,
2009-12-05,,Sportivo Italiano,Tiro Federal,2,2,,,Primera Nacional,2009,zonas,,Fecha 18,,false,https://es.wikipedia.org/wiki/Campeonato_de_Primera_B_Nacional_2009-10 + https://www.worldfootball.net/,
2009-12-05,,Unión (S),Juventud Antoniana,3,1,,,Torneo Argentino A,2009,zonas,Group A,Fecha 1,,false,https://es.wikipedia.org/wiki/Torneo_Argentino_A_2009-10 + https://www.rsssf.org/,
2009-12-05,17:00,Argentinos Juniors,San Lorenzo,2,1,,,Primera Division - Apertura,2009,zonas,,Fecha 17,Diego Armando Maradona,false,https://es.wikipedia.org/wiki/Anexo:Torneo_Apertura_2009_(Argentina),
2009-12-05,19:10,Atlético Tucumán,Colón,2,0,,,Primera Division - Apertura,2009,zonas,,Fecha 17,Monumental José Fierro,false,https://es.wikipedia.org/wiki/Anexo:Torneo_Apertura_2009_(Argentina),
2009-12-05,21:15,Boca Juniors,Independiente,1,2,,,Primera Division - Apertura,2009,zonas,,Fecha 17,La Bombonera,false,https://es.wikipedia.org/wiki/Anexo:Torneo_Apertura_2009_(Argentina),
2009-12-06,,Deportivo Laferrere,Berazategui,1,1,,,Primera C,2009,zonas,,Fecha 19,,false,https://es.wikipedia.org/wiki/Campeonato_de_Primera_C_2009-10_(Argentina) + https://www.rsssf.org/,
2009-12-06,,Deportivo Merlo,Boca Unidos,1,1,,,Primera Nacional,2009,zonas,,Fecha 18,,false,https://es.wikipedia.org/wiki/Campeonato_de_Primera_B_Nacional_2009-10 + https://www.worldfootball.net/,
2009-12-06,,Leandro N. Alem,Ferrocarril Midland,1,1,,,Primera C,2009,zonas,,Fecha 19,,false,https://es.wikipedia.org/wiki/Campeonato_de_Primera_C_2009-10_(Argentina) + https://www.rsssf.org/,
2009-12-06,,San Martín (SJ),CAI,1,0,,,Primera Nacional,2009,zonas,,Fecha 18,,false,https://es.wikipedia.org/wiki/Campeonato_de_Primera_B_Nacional_2009-10 + https://www.worldfootball.net/,
2009-12-06,17:00,Vélez Sarsfield,River Plate,3,1,,,Primera Division - Apertura,2009,zonas,,Fecha 17,José Amalfitani,false,https://es.wikipedia.org/wiki/Anexo:Torneo_Apertura_2009_(Argentina),
2009-12-06,19:10,Newell's Old Boys,Arsenal,1,2,,,Primera Division - Apertura,2009,zonas,,Fecha 17,Coloso del Parque,false,https://es.wikipedia.org/wiki/Anexo:Torneo_Apertura_2009_(Argentina),
2009-12-06,21:15,Lanús,Gimnasia y Esgrima (LP),2,0,,,Primera Division - Apertura,2009,zonas,,Fecha 17,Ciudad de Lanús,false,https://es.wikipedia.org/wiki/Anexo:Torneo_Apertura_2009_(Argentina),
2009-12-07,,Excursionistas,Barracas Central,0,1,,,Primera C,2009,zonas,,Fecha 19,,false,https://es.wikipedia.org/wiki/Campeonato_de_Primera_C_2009-10_(Argentina) + https://www.rsssf.org/,
2009-12-07,,Instituto,Unión,2,1,,,Primera Nacional,2009,zonas,,Fecha 18,,false,https://es.wikipedia.org/wiki/Campeonato_de_Primera_B_Nacional_2009-10 + https://www.worldfootball.net/,
2009-12-08,,Crucero del Norte,Unión (S),0,1,,,Torneo Argentino A,2009,zonas,Group A,Fecha 2,,false,https://es.wikipedia.org/wiki/Torneo_Argentino_A_2009-10 + https://www.rsssf.org/,
2009-12-08,,Deportivo Maipú,Cipolletti,0,0,,,Torneo Argentino A,2009,zonas,Group B,Fecha 2,,false,https://es.wikipedia.org/wiki/Torneo_Argentino_A_2009-10 + https://www.rsssf.org/,
2009-12-08,,Libertad (S),Patronato,0,1,,,Torneo Argentino A,2009,zonas,Group A,Fecha 2,,false,https://es.wikipedia.org/wiki/Torneo_Argentino_A_2009-10 + https://www.rsssf.org/,
2009-12-08,,Rivadavia (L),Central Córdoba (SdE),2,0,,,Torneo Argentino A,2009,zonas,Group B,Fecha 2,,false,https://es.wikipedia.org/wiki/Torneo_Argentino_A_2009-10 + https://www.rsssf.org/,
2009-12-08,17:00,Huracán,Boca Juniors,0,0,,,Primera Division - Apertura,2009,zonas,,Fecha 18,Tomás A. Ducó,false,https://es.wikipedia.org/wiki/Anexo:Torneo_Apertura_2009_(Argentina),
2009-12-08,19:10,Colón,Godoy Cruz,1,0,,,Primera Division - Apertura,2009,zonas,,Fecha 18,Brigadier Estanislao López,false,https://es.wikipedia.org/wiki/Anexo:Torneo_Apertura_2009_(Argentina),
2009-12-08,21:15,Independiente,Argentinos Juniors,1,1,,,Primera Division - Apertura,2009,zonas,,Fecha 18,Libertadores de América,false,https://es.wikipedia.org/wiki/Anexo:Torneo_Apertura_2009_(Argentina),
2009-12-09,,Luján,Argentino de Rosario,0,0,,,Primera C,2009,zonas,,Fecha 18,,false,https://es.wikipedia.org/wiki/Campeonato_de_Primera_C_2009-10_(Argentina) + https://www.rsssf.org/,
2009-12-09,17:00,San Lorenzo,Lanús,0,1,,,Primera Division - Apertura,2009,zonas,,Fecha 18,Nuevo Gasómetro,false,https://es.wikipedia.org/wiki/Anexo:Torneo_Apertura_2009_(Argentina),
2009-12-09,19:10,Gimnasia y Esgrima (LP),Newell's Old Boys,0,2,,,Primera Division - Apertura,2009,zonas,,Fecha 18,Juan Carmelo Zerillo,false,https://es.wikipedia.org/wiki/Anexo:Torneo_Apertura_2009_(Argentina),
2009-12-09,21:15,Banfield,Tigre,1,0,,,Primera Division - Apertura,2009,zonas,,Fecha 18,Florencio Sola,false,https://es.wikipedia.org/wiki/Anexo:Torneo_Apertura_2009_(Argentina),
2009-12-10,,Belgrano,Quilmes,4,1,,,Primera Nacional,2009,zonas,,Fecha 19,,false,https://es.wikipedia.org/wiki/Campeonato_de_Primera_B_Nacional_2009-10 + https://www.worldfootball.net/,
2009-12-10,17:00,Chacarita Juniors,Vélez Sarsfield,0,0,,,Primera Division - Apertura,2009,zonas,,Fecha 18,Diego Armando Maradona,false,https://es.wikipedia.org/wiki/Anexo:Torneo_Apertura_2009_(Argentina),
2009-12-10,19:10,Arsenal,Atlético Tucumán,2,0,,,Primera Division - Apertura,2009,zonas,,Fecha 18,El Viaducto,false,https://es.wikipedia.org/wiki/Anexo:Torneo_Apertura_2009_(Argentina),
2009-12-10,21:15,River Plate,Racing Club,2,0,,,Primera Division - Apertura,2009,zonas,,Fecha 18,Monumental,false,https://es.wikipedia.org/wiki/Anexo:Torneo_Apertura_2009_(Argentina),
2009-12-11,,Argentino de Merlo,Talleres (RdE),1,2,,,Primera C,2009,zonas,,Fecha 20,,false,https://es.wikipedia.org/wiki/Campeonato_de_Primera_C_2009-10_(Argentina) + https://www.rsssf.org/,
2009-12-11,,El Porvenir,Ferrocarril Midland,1,0,,,Primera C,2009,zonas,,Fecha 20,,false,https://es.wikipedia.org/wiki/Campeonato_de_Primera_C_2009-10_(Argentina) + https://www.rsssf.org/,
2009-12-11,,Independiente Rivadavia,All Boys,0,1,,,Primera Nacional,2009,zonas,,Fecha 19,,false,https://es.wikipedia.org/wiki/Campeonato_de_Primera_B_Nacional_2009-10 + https://www.worldfootball.net/,
2009-12-11,,J. J. de Urquiza,Barracas Central,0,2,,,Primera C,2009,zonas,,Fecha 20,,false,https://es.wikipedia.org/wiki/Campeonato_de_Primera_C_2009-10_(Argentina) + https://www.rsssf.org/,
2009-12-11,,Sacachispas,San Miguel,1,0,,,Primera C,2009,zonas,,Fecha 20,,false,https://es.wikipedia.org/wiki/Campeonato_de_Primera_C_2009-10_(Argentina) + https://www.rsssf.org/,
2009-12-11,,San Martín (T),Sportivo Italiano,1,0,,,Primera Nacional,2009,zonas,,Fecha 19,,false,https://es.wikipedia.org/wiki/Campeonato_de_Primera_B_Nacional_2009-10 + https://www.worldfootball.net/,
2009-12-12,,Argentino de Rosario,General Lamadrid,0,1,,,Primera C,2009,zonas,,Fecha 20,,false,https://es.wikipedia.org/wiki/Campeonato_de_Primera_C_2009-10_(Argentina) + https://www.rsssf.org/,
2009-12-12,,CAI,Olimpo,2,2,,,Primera Nacional,2009,zonas,,Fecha 19,,false,https://es.wikipedia.org/wiki/Campeonato_de_Primera_B_Nacional_2009-10 + https://www.worldfootball.net/,
2009-12-12,,Defensores Unidos,Berazategui,3,1,,,Primera C,2009,zonas,,Fecha 20,,false,https://es.wikipedia.org/wiki/Campeonato_de_Primera_C_2009-10_(Argentina) + https://www.rsssf.org/,
2009-12-12,,Defensores de Cambaceres,Villa Dálmine,1,1,,,Primera C,2009,zonas,,Fecha 20,,false,https://es.wikipedia.org/wiki/Campeonato_de_Primera_C_2009-10_(Argentina) + https://www.rsssf.org/,
2009-12-12,,Deportivo Laferrere,Luján,2,3,,,Primera C,2009,zonas,,Fecha 20,,false,https://es.wikipedia.org/wiki/Campeonato_de_Primera_C_2009-10_(Argentina) + https://www.rsssf.org/,
2009-12-12,,Excursionistas,Barracas Bolívar,0,0,,,Primera C,2009,zonas,,Fecha 20,,false,https://es.wikipedia.org/wiki/Campeonato_de_Primera_C_2009-10_(Argentina) + https://www.rsssf.org/,
2009-12-12,,Ferro Carril Oeste,San Martín (SJ),0,0,,,Primera Nacional,2009,zonas,,Fecha 19,,false,https://es.wikipedia.org/wiki/Campeonato_de_Primera_B_Nacional_2009-10 + https://www.worldfootball.net/,
2009-12-12,,Gimnasia y Esgrima (J),Deportivo Merlo,2,1,,,Primera Nacional,2009,zonas,,Fecha 19,,false,https://es.wikipedia.org/wiki/Campeonato_de_Primera_B_Nacional_2009-10 + https://www.worldfootball.net/,
2009-12-12,,Leandro N. Alem,Fénix,2,0,,,Primera C,2009,zonas,,Fecha 20,,false,https://es.wikipedia.org/wiki/Campeonato_de_Primera_C_2009-10_(Argentina) + https://www.rsssf.org/,
2009-12-12,,Platense,Atlético de Rafaela,1,0,,,Primera Nacional,2009,zonas,,Fecha 19,,false,https://es.wikipedia.org/wiki/Campeonato_de_Primera_B_Nacional_2009-10 + https://www.worldfootball.net/,
2009-12-12,,Tiro Federal,Instituto,2,0,,,Primera Nacional,2009,zonas,,Fecha 19,,false,https://es.wikipedia.org/wiki/Campeonato_de_Primera_B_Nacional_2009-10 + https://www.worldfootball.net/,
2009-12-12,19:10,Argentinos Juniors,Huracán,5,1,,,Primera Division - Apertura,2009,zonas,,Fecha 19,Diego Armando Maradona,false,https://es.wikipedia.org/wiki/Anexo:Torneo_Apertura_2009_(Argentina),
2009-12-12,21:15,Lanús,Independiente,0,0,,,Primera Division - Apertura,2009,zonas,,Fecha 19,Ciudad de Lanús,false,https://es.wikipedia.org/wiki/Anexo:Torneo_Apertura_2009_(Argentina),
2009-12-13,,Boca Unidos,Aldosivi,2,1,,,Primera Nacional,2009,zonas,,Fecha 19,,false,https://es.wikipedia.org/wiki/Campeonato_de_Primera_B_Nacional_2009-10 + https://www.worldfootball.net/,
2009-12-13,,Cipolletti,Rivadavia (L),1,0,,,Torneo Argentino A,2009,zonas,Group B,Fecha 3,,false,https://es.wikipedia.org/wiki/Torneo_Argentino_A_2009-10 + https://www.rsssf.org/,
2009-12-13,,Huracán (TA),Deportivo Maipú,2,0,,,Torneo Argentino A,2009,zonas,Group B,Fecha 3,,false,https://es.wikipedia.org/wiki/Torneo_Argentino_A_2009-10 + https://www.rsssf.org/,
2009-12-13,,Juventud Antoniana,Crucero del Norte,3,4,,,Torneo Argentino A,2009,zonas,Group A,Fecha 3,,false,https://es.wikipedia.org/wiki/Torneo_Argentino_A_2009-10 + https://www.rsssf.org/,
2009-12-13,,Unión,Defensa y Justicia,1,0,,,Primera Nacional,2009,zonas,,Fecha 19,,false,https://es.wikipedia.org/wiki/Campeonato_de_Primera_B_Nacional_2009-10 + https://www.worldfootball.net/,
2009-12-13,,Unión (S),Libertad (S),3,1,,,Torneo Argentino A,2009,zonas,Group A,Fecha 3,,false,https://es.wikipedia.org/wiki/Torneo_Argentino_A_2009-10 + https://www.rsssf.org/,
2009-12-13,17:00,Boca Juniors,Banfield,2,0,,,Primera Division - Apertura,2009,zonas,,Fecha 19,La Bombonera,false,https://es.wikipedia.org/wiki/Anexo:Torneo_Apertura_2009_(Argentina),
2009-12-13,17:00,Newell's Old Boys,San Lorenzo,0,2,,,Primera Division - Apertura,2009,zonas,,Fecha 19,Coloso del Parque,false,https://es.wikipedia.org/wiki/Anexo:Torneo_Apertura_2009_(Argentina),
2009-12-13,19:30,Racing Club,Chacarita Juniors,0,2,,,Primera Division - Apertura,2009,zonas,,Fecha 19,El Cilindro,false,https://es.wikipedia.org/wiki/Anexo:Torneo_Apertura_2009_(Argentina),
2009-12-13,19:30,Tigre,River Plate,0,2,,,Primera Division - Apertura,2009,zonas,,Fecha 19,Monumental de Victoria,false,https://es.wikipedia.org/wiki/Anexo:Torneo_Apertura_2009_(Argentina),
2009-12-13,21:30,Vélez Sarsfield,Rosario Central,1,2,,,Primera Division - Apertura,2009,zonas,,Fecha 19,José Amalfitani,false,https://es.wikipedia.org/wiki/Anexo:Torneo_Apertura_2009_(Argentina),
2009-12-14,18:00,Atlético Tucumán,Gimnasia y Esgrima (LP),1,0,,,Primera Division - Apertura,2009,zonas,,Fecha 19,Monumental José Fierro,false,https://es.wikipedia.org/wiki/Anexo:Torneo_Apertura_2009_(Argentina),
2009-12-14,21:10,Godoy Cruz,Arsenal,0,0,,,Primera Division - Apertura,2009,zonas,,Fecha 19,Malvinas Argentinas,false,https://es.wikipedia.org/wiki/Anexo:Torneo_Apertura_2009_(Argentina),
2009-12-16,,Barracas Bolívar,J. J. de Urquiza,1,0,,,Primera C,2009,zonas,,Fecha 21,,false,https://es.wikipedia.org/wiki/Campeonato_de_Primera_C_2009-10_(Argentina) + https://www.rsssf.org/,
2009-12-16,,Berazategui,Defensores de Cambaceres,3,2,,,Primera C,2009,zonas,,Fecha 21,,false,https://es.wikipedia.org/wiki/Campeonato_de_Primera_C_2009-10_(Argentina) + https://www.rsssf.org/,
2009-12-16,,Central Córdoba (SdE),Cipolletti,1,1,,,Torneo Argentino A,2009,zonas,Group B,Fecha 4,,false,https://es.wikipedia.org/wiki/Torneo_Argentino_A_2009-10 + https://www.rsssf.org/,
2009-12-16,,Ferrocarril Midland,Excursionistas,1,3,,,Primera C,2009,zonas,,Fecha 21,,false,https://es.wikipedia.org/wiki/Campeonato_de_Primera_C_2009-10_(Argentina) + https://www.rsssf.org/,
2009-12-16,,Fénix,El Porvenir,4,2,,,Primera C,2009,zonas,,Fecha 21,,false,https://es.wikipedia.org/wiki/Campeonato_de_Primera_C_2009-10_(Argentina) + https://www.rsssf.org/,
2009-12-16,,General Lamadrid,Argentino de Merlo,1,0,,,Primera C,2009,zonas,,Fecha 21,,false,https://es.wikipedia.org/wiki/Campeonato_de_Primera_C_2009-10_(Argentina) + https://www.rsssf.org/,
2009-12-16,,Libertad (S),Juventud Antoniana,0,0,,,Torneo Argentino A,2009,zonas,Group A,Fecha 4,,false,https://es.wikipedia.org/wiki/Torneo_Argentino_A_2009-10 + https://www.rsssf.org/,
2009-12-16,,Luján,Defensores Unidos,1,2,,,Primera C,2009,zonas,,Fecha 21,,false,https://es.wikipedia.org/wiki/Campeonato_de_Primera_C_2009-10_(Argentina) + https://www.rsssf.org/,
2009-12-16,,Patronato,Unión (S),2,1,,,Torneo Argentino A,2009,zonas,Group A,Fecha 4,,false,https://es.wikipedia.org/wiki/Torneo_Argentino_A_2009-10 + https://www.rsssf.org/,
2009-12-16,,Rivadavia (L),Huracán (TA),2,2,,,Torneo Argentino A,2009,zonas,Group B,Fecha 4,,false,https://es.wikipedia.org/wiki/Torneo_Argentino_A_2009-10 + https://www.rsssf.org/,
2009-12-16,,Sacachispas,Argentino de Rosario,1,3,,,Primera C,2009,zonas,,Fecha 21,,false,https://es.wikipedia.org/wiki/Campeonato_de_Primera_C_2009-10_(Argentina) + https://www.rsssf.org/,
2009-12-16,,San Miguel,Barracas Central,0,0,,,Primera C,2009,zonas,,Fecha 21,,false,https://es.wikipedia.org/wiki/Campeonato_de_Primera_C_2009-10_(Argentina) + https://www.rsssf.org/,
2009-12-16,,Talleres (RdE),Deportivo Laferrere,1,1,,,Primera C,2009,zonas,,Fecha 21,,false,https://es.wikipedia.org/wiki/Campeonato_de_Primera_C_2009-10_(Argentina) + https://www.rsssf.org/,
2009-12-16,,Villa Dálmine,Leandro N. Alem,1,1,,,Primera C,2009,zonas,,Fecha 21,,false,https://es.wikipedia.org/wiki/Campeonato_de_Primera_C_2009-10_(Argentina) + https://www.rsssf.org/,
2009-12-19,,Argentino de Merlo,Sacachispas,2,4,,,Primera C,2009,zonas,,Fecha 22,,false,https://es.wikipedia.org/wiki/Campeonato_de_Primera_C_2009-10_(Argentina) + https://www.rsssf.org/,
2009-12-19,,Deportivo Laferrere,General Lamadrid,3,1,,,Primera C,2009,zonas,,Fecha 22,,false,https://es.wikipedia.org/wiki/Campeonato_de_Primera_C_2009-10_(Argentina) + https://www.rsssf.org/,
2009-12-19,,El Porvenir,Villa Dálmine,1,0,,,Primera C,2009,zonas,,Fecha 22,,false,https://es.wikipedia.org/wiki/Campeonato_de_Primera_C_2009-10_(Argentina) + https://www.rsssf.org/,
2009-12-19,,J. J. de Urquiza,Ferrocarril Midland,0,1,,,Primera C,2009,zonas,,Fecha 22,,false,https://es.wikipedia.org/wiki/Campeonato_de_Primera_C_2009-10_(Argentina) + https://www.rsssf.org/,
2009-12-19,,Leandro N. Alem,Berazategui,1,0,,,Primera C,2009,zonas,,Fecha 22,,false,https://es.wikipedia.org/wiki/Campeonato_de_Primera_C_2009-10_(Argentina) + https://www.rsssf.org/,
2009-12-20,,Crucero del Norte,Libertad (S),3,4,,,Torneo Argentino A,2009,zonas,Group A,Fecha 5,,false,https://es.wikipedia.org/wiki/Torneo_Argentino_A_2009-10 + https://www.rsssf.org/,
2009-12-20,,Deportivo Maipú,Rivadavia (L),1,0,,,Torneo Argentino A,2009,zonas,Group B,Fecha 5,,false,https://es.wikipedia.org/wiki/Torneo_Argentino_A_2009-10 + https://www.rsssf.org/,
2009-12-20,,Huracán (TA),Central Córdoba (SdE),1,1,,,Torneo Argentino A,2009,zonas,Group B,Fecha 5,,false,https://es.wikipedia.org/wiki/Torneo_Argentino_A_2009-10 + https://www.rsssf.org/,
2009-12-20,,Juventud Antoniana,Patronato,4,1,,,Torneo Argentino A,2009,zonas,Group A,Fecha 5,,false,https://es.wikipedia.org/wiki/Torneo_Argentino_A_2009-10 + https://www.rsssf.org/,
2009-12-21,,Argentino de Rosario,San Miguel,0,1,,,Primera C,2009,zonas,,Fecha 22,,false,https://es.wikipedia.org/wiki/Campeonato_de_Primera_C_2009-10_(Argentina) + https://www.rsssf.org/,
2009-12-21,,Defensores Unidos,Talleres (RdE),3,1,,,Primera C,2009,zonas,,Fecha 22,,false,https://es.wikipedia.org/wiki/Campeonato_de_Primera_C_2009-10_(Argentina) + https://www.rsssf.org/,
2009-12-21,,Defensores de Cambaceres,Luján,1,1,,,Primera C,2009,zonas,,Fecha 22,,false,https://es.wikipedia.org/wiki/Campeonato_de_Primera_C_2009-10_(Argentina) + https://www.rsssf.org/,
2009-12-22,,Barracas Central,Barracas Bolívar,1,0,,,Primera C,2009,zonas,,Fecha 22,,false,https://es.wikipedia.org/wiki/Campeonato_de_Primera_C_2009-10_(Argentina) + https://www.rsssf.org/,
2009-12-22,,Excursionistas,Fénix,4,0,,,Primera C,2009,zonas,,Fecha 22,,false,https://es.wikipedia.org/wiki/Campeonato_de_Primera_C_2009-10_(Argentina) + https://www.rsssf.org/,
2010-01-15,,Estudiantes (RC),Juventud Unida Universitario,1,0,,,Torneo Argentino A,2009,zonas,Zone 3,Fecha 1,,false,https://es.wikipedia.org/wiki/Torneo_Argentino_A_2009-10 + https://www.rsssf.org/,
2010-01-15,,Juventud Antoniana,Central Córdoba (SdE),3,2,,,Torneo Argentino A,2009,zonas,Zone 2,Fecha 1,,false,https://es.wikipedia.org/wiki/Torneo_Argentino_A_2009-10 + https://www.rsssf.org/,
2010-01-16,,Villa Mitre,Guillermo Brown,1,1,,,Torneo Argentino A,2009,zonas,Zone 3,Fecha 1,,false,https://es.wikipedia.org/wiki/Torneo_Argentino_A_2009-10 + https://www.rsssf.org/,
2010-01-17,,9 de Julio (R),Rivadavia (L),1,1,,,Torneo Argentino A,2009,zonas,Zone 1,Fecha 1,,false,https://es.wikipedia.org/wiki/Torneo_Argentino_A_2009-10 + https://www.rsssf.org/,
2010-01-17,,Cipolletti,Huracán (TA),1,1,,,Torneo Argentino A,2009,zonas,Zone 3,Fecha 1,,false,https://es.wikipedia.org/wiki/Torneo_Argentino_A_2009-10 + https://www.rsssf.org/,
2010-01-17,,Desamparados,Alumni (VM),0,1,,,Torneo Argentino A,2009,zonas,Zone 3,Fecha 1,,false,https://es.wikipedia.org/wiki/Torneo_Argentino_A_2009-10 + https://www.rsssf.org/,
2010-01-17,,Gimnasia y Esgrima (CdU),Patronato,0,0,,,Torneo Argentino A,2009,zonas,Zone 1,Fecha 1,,false,https://es.wikipedia.org/wiki/Torneo_Argentino_A_2009-10 + https://www.rsssf.org/,
2010-01-17,,Juventud (P),Ben Hur,0,1,,,Torneo Argentino A,2009,zonas,Zone 1,Fecha 1,,false,https://es.wikipedia.org/wiki/Torneo_Argentino_A_2009-10 + https://www.rsssf.org/,
2010-01-17,,Libertad (S),Crucero del Norte,3,0,,,Torneo Argentino A,2009,zonas,Zone 2,Fecha 1,,false,https://es.wikipedia.org/wiki/Torneo_Argentino_A_2009-10 + https://www.rsssf.org/,
2010-01-17,,Racing (C),Talleres (C),0,2,,,Torneo Argentino A,2009,zonas,Zone 2,Fecha 1,,false,https://es.wikipedia.org/wiki/Torneo_Argentino_A_2009-10 + https://www.rsssf.org/,
2010-01-17,,Ramón Santamarina,Unión (MdP),5,2,,,Torneo Argentino A,2009,zonas,Zone 1,Fecha 1,,false,https://es.wikipedia.org/wiki/Torneo_Argentino_A_2009-10 + https://www.rsssf.org/,
2010-01-17,,Sportivo Belgrano,Unión (S),0,1,,,Torneo Argentino A,2009,zonas,Zone 2,Fecha 1,,false,https://es.wikipedia.org/wiki/Torneo_Argentino_A_2009-10 + https://www.rsssf.org/,
2010-01-22,,Alumni (VM),Villa Mitre,1,2,,,Torneo Argentino A,2009,zonas,Zone 3,Fecha 2,,false,https://es.wikipedia.org/wiki/Torneo_Argentino_A_2009-10 + https://www.rsssf.org/,
2010-01-22,,Central Córdoba (SdE),Libertad (S),1,1,,,Torneo Argentino A,2009,zonas,Zone 2,Fecha 2,,false,https://es.wikipedia.org/wiki/Torneo_Argentino_A_2009-10 + https://www.rsssf.org/,
2010-01-22,,Huracán (TA),Estudiantes (RC),5,3,,,Torneo Argentino A,2009,zonas,Zone 3,Fecha 2,,false,https://es.wikipedia.org/wiki/Torneo_Argentino_A_2009-10 + https://www.rsssf.org/,
2010-01-22,,Patronato,9 de Julio (R),2,0,,,Torneo Argentino A,2009,zonas,Zone 1,Fecha 2,,false,https://es.wikipedia.org/wiki/Torneo_Argentino_A_2009-10 + https://www.rsssf.org/,
2010-01-22,,Rivadavia (L),Ramón Santamarina,0,0,,,Torneo Argentino A,2009,zonas,Zone 1,Fecha 2,,false,https://es.wikipedia.org/wiki/Torneo_Argentino_A_2009-10 + https://www.rsssf.org/,
2010-01-22,,Talleres (C),Sportivo Belgrano,2,1,,,Torneo Argentino A,2009,zonas,Zone 2,Fecha 2,,false,https://es.wikipedia.org/wiki/Torneo_Argentino_A_2009-10 + https://www.rsssf.org/,
2010-01-23,,Ben Hur,Gimnasia y Esgrima (CdU),0,2,,,Torneo Argentino A,2009,zonas,Zone 1,Fecha 2,,false,https://es.wikipedia.org/wiki/Torneo_Argentino_A_2009-10 + https://www.rsssf.org/,
2010-01-23,,Crucero del Norte,Racing (C),1,0,,,Torneo Argentino A,2009,zonas,Zone 2,Fecha 2,,false,https://es.wikipedia.org/wiki/Torneo_Argentino_A_2009-10 + https://www.rsssf.org/,
2010-01-23,,Guillermo Brown,Cipolletti,1,0,,,Torneo Argentino A,2009,zonas,Zone 3,Fecha 2,,false,https://es.wikipedia.org/wiki/Torneo_Argentino_A_2009-10 + https://www.rsssf.org/,
2010-01-23,,Juventud Unida Universitario,Deportivo Maipú,2,0,,,Torneo Argentino A,2009,zonas,Zone 3,Fecha 2,,false,https://es.wikipedia.org/wiki/Torneo_Argentino_A_2009-10 + https://www.rsssf.org/,
2010-01-23,,Unión (S),Juventud Antoniana,1,1,,,Torneo Argentino A,2009,zonas,Zone 2,Fecha 2,,false,https://es.wikipedia.org/wiki/Torneo_Argentino_A_2009-10 + https://www.rsssf.org/,
2010-01-24,,Unión (MdP),Juventud (P),3,0,,,Torneo Argentino A,2009,zonas,Zone 1,Fecha 2,,false,https://es.wikipedia.org/wiki/Torneo_Argentino_A_2009-10 + https://www.rsssf.org/,
2010-01-26,,Argentino de Rosario,Argentino de Merlo,2,1,,,Primera C,2009,zonas,,Fecha 23,,false,https://es.wikipedia.org/wiki/Campeonato_de_Primera_C_2009-10_(Argentina) + https://www.rsssf.org/,
2010-01-26,,Berazategui,El Porvenir,2,1,,,Primera C,2009,zonas,,Fecha 23,,false,https://es.wikipedia.org/wiki/Campeonato_de_Primera_C_2009-10_(Argentina) + https://www.rsssf.org/,
2010-01-26,,Ferrocarril Midland,Barracas Central,1,1,,,Primera C,2009,zonas,,Fecha 23,,false,https://es.wikipedia.org/wiki/Campeonato_de_Primera_C_2009-10_(Argentina) + https://www.rsssf.org/,
2010-01-26,,Fénix,J. J. de Urquiza,0,1,,,Primera C,2009,zonas,,Fecha 23,,false,https://es.wikipedia.org/wiki/Campeonato_de_Primera_C_2009-10_(Argentina) + https://www.rsssf.org/,
2010-01-26,,General Lamadrid,Defensores Unidos,1,2,,,Primera C,2009,zonas,,Fecha 23,,false,https://es.wikipedia.org/wiki/Campeonato_de_Primera_C_2009-10_(Argentina) + https://www.rsssf.org/,
2010-01-26,,Luján,Leandro N. Alem,0,0,,,Primera C,2009,zonas,,Fecha 23,,false,https://es.wikipedia.org/wiki/Campeonato_de_Primera_C_2009-10_(Argentina) + https://www.rsssf.org/,
2010-01-26,,Sacachispas,Deportivo Laferrere,2,1,,,Primera C,2009,zonas,,Fecha 23,,false,https://es.wikipedia.org/wiki/Campeonato_de_Primera_C_2009-10_(Argentina) + https://www.rsssf.org/,
2010-01-26,,San Miguel,Barracas Bolívar,1,0,,,Primera C,2009,zonas,,Fecha 23,,false,https://es.wikipedia.org/wiki/Campeonato_de_Primera_C_2009-10_(Argentina) + https://www.rsssf.org/,
2010-01-26,,Talleres (RdE),Defensores de Cambaceres,1,1,,,Primera C,2009,zonas,,Fecha 23,,false,https://es.wikipedia.org/wiki/Campeonato_de_Primera_C_2009-10_(Argentina) + https://www.rsssf.org/,
2010-01-26,,Villa Dálmine,Excursionistas,0,0,,,Primera C,2009,zonas,,Fecha 23,,false,https://es.wikipedia.org/wiki/Campeonato_de_Primera_C_2009-10_(Argentina) + https://www.rsssf.org/,
2010-01-27,,9 de Julio (R),Ben Hur,0,1,,,Torneo Argentino A,2009,zonas,Zone 1,Fecha 3,,false,https://es.wikipedia.org/wiki/Torneo_Argentino_A_2009-10 + https://www.rsssf.org/,
2010-01-27,,Cipolletti,Alumni (VM),4,1,,,Torneo Argentino A,2009,zonas,Zone 3,Fecha 3,,false,https://es.wikipedia.org/wiki/Torneo_Argentino_A_2009-10 + https://www.rsssf.org/,
2010-01-27,,Crucero del Norte,Talleres (C),3,2,,,Torneo Argentino A,2009,zonas,Zone 2,Fecha 3,,false,https://es.wikipedia.org/wiki/Torneo_Argentino_A_2009-10 + https://www.rsssf.org/,
2010-01-27,,Deportivo Maipú,Huracán (TA),1,1,,,Torneo Argentino A,2009,zonas,Zone 3,Fecha 3,,false,https://es.wikipedia.org/wiki/Torneo_Argentino_A_2009-10 + https://www.rsssf.org/,
2010-01-27,,Estudiantes (RC),Guillermo Brown,1,1,,,Torneo Argentino A,2009,zonas,Zone 3,Fecha 3,,false,https://es.wikipedia.org/wiki/Torneo_Argentino_A_2009-10 + https://www.rsssf.org/,
2010-01-27,,Gimnasia y Esgrima (CdU),Juventud (P),1,1,,,Torneo Argentino A,2009,zonas,Zone 1,Fecha 3,,false,https://es.wikipedia.org/wiki/Torneo_Argentino_A_2009-10 + https://www.rsssf.org/,
2010-01-27,,Juventud Antoniana,Sportivo Belgrano,1,0,,,Torneo Argentino A,2009,zonas,Zone 2,Fecha 3,,false,https://es.wikipedia.org/wiki/Torneo_Argentino_A_2009-10 + https://www.rsssf.org/,
2010-01-27,,Libertad (S),Unión (S),1,2,,,Torneo Argentino A,2009,zonas,Zone 2,Fecha 3,,false,https://es.wikipedia.org/wiki/Torneo_Argentino_A_2009-10 + https://www.rsssf.org/,
2010-01-27,,Racing (C),Central Córdoba (SdE),1,1,,,Torneo Argentino A,2009,zonas,Zone 2,Fecha 3,,false,https://es.wikipedia.org/wiki/Torneo_Argentino_A_2009-10 + https://www.rsssf.org/,
2010-01-27,,Ramón Santamarina,Patronato,2,3,,,Torneo Argentino A,2009,zonas,Zone 1,Fecha 3,,false,https://es.wikipedia.org/wiki/Torneo_Argentino_A_2009-10 + https://www.rsssf.org/,
2010-01-27,,Rivadavia (L),Unión (MdP),3,1,,,Torneo Argentino A,2009,zonas,Zone 1,Fecha 3,,false,https://es.wikipedia.org/wiki/Torneo_Argentino_A_2009-10 + https://www.rsssf.org/,
2010-01-27,,Villa Mitre,Desamparados,2,2,,,Torneo Argentino A,2009,zonas,Zone 3,Fecha 3,,false,https://es.wikipedia.org/wiki/Torneo_Argentino_A_2009-10 + https://www.rsssf.org/,
2010-01-28,,Unión,Gimnasia y Esgrima (J),1,0,,,Primera Nacional,2009,zonas,,Fecha 20,,false,https://es.wikipedia.org/wiki/Campeonato_de_Primera_B_Nacional_2009-10 + https://www.worldfootball.net/,
2010-01-29,,Belgrano,Atlético de Rafaela,1,0,,,Primera Nacional,2009,zonas,,Fecha 20,,false,https://es.wikipedia.org/wiki/Campeonato_de_Primera_B_Nacional_2009-10 + https://www.worldfootball.net/,
2010-01-29,,Platense,San Martín (SJ),1,1,,,Primera Nacional,2009,zonas,,Fecha 20,,false,https://es.wikipedia.org/wiki/Campeonato_de_Primera_B_Nacional_2009-10 + https://www.worldfootball.net/,
2010-01-30,,Barracas Bolívar,Ferrocarril Midland,0,1,,,Primera C,2009,zonas,,Fecha 24,,false,https://es.wikipedia.org/wiki/Campeonato_de_Primera_C_2009-10_(Argentina) + https://www.rsssf.org/,
2010-01-30,,Barracas Central,Fénix,2,0,,,Primera C,2009,zonas,,Fecha 24,,false,https://es.wikipedia.org/wiki/Campeonato_de_Primera_C_2009-10_(Argentina) + https://www.rsssf.org/,
2010-01-30,,CAI,All Boys,1,2,,,Primera Nacional,2009,zonas,,Fecha 20,,false,https://es.wikipedia.org/wiki/Campeonato_de_Primera_B_Nacional_2009-10 + https://www.worldfootball.net/,
2010-01-30,,Excursionistas,Berazategui,2,1,,,Primera C,2009,zonas,,Fecha 24,,false,https://es.wikipedia.org/wiki/Campeonato_de_Primera_C_2009-10_(Argentina) + https://www.rsssf.org/,
2010-01-30,,Ferro Carril Oeste,Olimpo,0,1,,,Primera Nacional,2009,zonas,,Fecha 20,,false,https://es.wikipedia.org/wiki/Campeonato_de_Primera_B_Nacional_2009-10 + https://www.worldfootball.net/,
2010-01-30,,Huracán (TA),Juventud Unida Universitario,3,1,,,Torneo Argentino A,2009,zonas,Zone 3,Fecha 4,,false,https://es.wikipedia.org/wiki/Torneo_Argentino_A_2009-10 + https://www.rsssf.org/,
2010-01-30,,Tiro Federal,Defensa y Justicia,2,0,,,Primera Nacional,2009,zonas,,Fecha 20,,false,https://es.wikipedia.org/wiki/Campeonato_de_Primera_B_Nacional_2009-10 + https://www.worldfootball.net/,
2010-01-31,,Alumni (VM),Estudiantes (RC),0,0,,,Torneo Argentino A,2009,zonas,Zone 3,Fecha 4,,false,https://es.wikipedia.org/wiki/Torneo_Argentino_A_2009-10 + https://www.rsssf.org/,
2010-01-31,,Ben Hur,Ramón Santamarina,1,1,,,Torneo Argentino A,2009,zonas,Zone 1,Fecha 4,,false,https://es.wikipedia.org/wiki/Torneo_Argentino_A_2009-10 + https://www.rsssf.org/,
2010-01-31,,Boca Unidos,Quilmes,4,0,,,Primera Nacional,2009,zonas,,Fecha 20,,false,https://es.wikipedia.org/wiki/Campeonato_de_Primera_B_Nacional_2009-10 + https://www.worldfootball.net/,
2010-01-31,,Central Córdoba (SdE),Crucero del Norte,1,1,,,Torneo Argentino A,2009,zonas,Zone 2,Fecha 4,,false,https://es.wikipedia.org/wiki/Torneo_Argentino_A_2009-10 + https://www.rsssf.org/,
2010-01-31,,Deportivo Merlo,Aldosivi,2,0,,,Primera Nacional,2009,zonas,,Fecha 20,,false,https://es.wikipedia.org/wiki/Campeonato_de_Primera_B_Nacional_2009-10 + https://www.worldfootball.net/,
2010-01-31,,Desamparados,Cipolletti,2,1,,,Torneo Argentino A,2009,zonas,Zone 3,Fecha 4,,false,https://es.wikipedia.org/wiki/Torneo_Argentino_A_2009-10 + https://www.rsssf.org/,
2010-01-31,,Guillermo Brown,Deportivo Maipú,3,0,,,Torneo Argentino A,2009,zonas,Zone 3,Fecha 4,,false,https://es.wikipedia.org/wiki/Torneo_Argentino_A_2009-10 + https://www.rsssf.org/,
2010-01-31,,Independiente Rivadavia,Sportivo Italiano,4,1,,,Primera Nacional,2009,zonas,,Fecha 20,,false,https://es.wikipedia.org/wiki/Campeonato_de_Primera_B_Nacional_2009-10 + https://www.worldfootball.net/,
2010-01-31,,J. J. de Urquiza,Villa Dálmine,0,1,,,Primera C,2009,zonas,,Fecha 24,,false,https://es.wikipedia.org/wiki/Campeonato_de_Primera_C_2009-10_(Argentina) + https://www.rsssf.org/,
2010-01-31,,Juventud (P),9 de Julio (R),2,1,,,Torneo Argentino A,2009,zonas,Zone 1,Fecha 4,,false,https://es.wikipedia.org/wiki/Torneo_Argentino_A_2009-10 + https://www.rsssf.org/,
2010-01-31,,Patronato,Rivadavia (L),1,1,,,Torneo Argentino A,2009,zonas,Zone 1,Fecha 4,,false,https://es.wikipedia.org/wiki/Torneo_Argentino_A_2009-10 + https://www.rsssf.org/,
2010-01-31,,Sportivo Belgrano,Libertad (S),3,3,,,Torneo Argentino A,2009,zonas,Zone 2,Fecha 4,,false,https://es.wikipedia.org/wiki/Torneo_Argentino_A_2009-10 + https://www.rsssf.org/,
2010-01-31,,Talleres (C),Juventud Antoniana,2,1,,,Torneo Argentino A,2009,zonas,Zone 2,Fecha 4,,false,https://es.wikipedia.org/wiki/Torneo_Argentino_A_2009-10 + https://www.rsssf.org/,
2010-01-31,,Unión (S),Racing (C),1,2,,,Torneo Argentino A,2009,zonas,Zone 2,Fecha 4,,false,https://es.wikipedia.org/wiki/Torneo_Argentino_A_2009-10 + https://www.rsssf.org/,
2010-02-01,,Argentino de Merlo,San Miguel,2,1,,,Primera C,2009,zonas,,Fecha 24,,false,https://es.wikipedia.org/wiki/Campeonato_de_Primera_C_2009-10_(Argentina) + https://www.rsssf.org/,
2010-02-01,,Defensores Unidos,Sacachispas,3,1,,,Primera C,2009,zonas,,Fecha 24,,false,https://es.wikipedia.org/wiki/Campeonato_de_Primera_C_2009-10_(Argentina) + https://www.rsssf.org/,
2010-02-01,,Defensores de Cambaceres,General Lamadrid,0,1,,,Primera C,2009,zonas,,Fecha 24,,false,https://es.wikipedia.org/wiki/Campeonato_de_Primera_C_2009-10_(Argentina) + https://www.rsssf.org/,
2010-02-01,,Deportivo Laferrere,Argentino de Rosario,3,0,,,Primera C,2009,zonas,,Fecha 24,,false,https://es.wikipedia.org/wiki/Campeonato_de_Primera_C_2009-10_(Argentina) + https://www.rsssf.org/,
2010-02-01,,El Porvenir,Luján,0,0,,,Primera C,2009,zonas,,Fecha 24,,false,https://es.wikipedia.org/wiki/Campeonato_de_Primera_C_2009-10_(Argentina) + https://www.rsssf.org/,
2010-02-01,,Leandro N. Alem,Talleres (RdE),1,1,,,Primera C,2009,zonas,,Fecha 24,,false,https://es.wikipedia.org/wiki/Campeonato_de_Primera_C_2009-10_(Argentina) + https://www.rsssf.org/,
2010-02-01,,San Martín (T),Instituto,0,2,,,Primera Nacional,2009,zonas,,Fecha 20,,false,https://es.wikipedia.org/wiki/Campeonato_de_Primera_B_Nacional_2009-10 + https://www.worldfootball.net/,
2010-02-01,,Unión (MdP),Gimnasia y Esgrima (CdU),2,3,,,Torneo Argentino A,2009,zonas,Zone 1,Fecha 4,,false,https://es.wikipedia.org/wiki/Torneo_Argentino_A_2009-10 + https://www.rsssf.org/,
2010-02-04,,San Martín (SJ),Belgrano,2,2,,,Primera Nacional,2009,zonas,,Fecha 21,,false,https://es.wikipedia.org/wiki/Campeonato_de_Primera_B_Nacional_2009-10 + https://www.worldfootball.net/,
2010-02-05,,Atlético de Rafaela,Boca Unidos,2,0,,,Primera Nacional,2009,zonas,,Fecha 21,,false,https://es.wikipedia.org/wiki/Campeonato_de_Primera_B_Nacional_2009-10 + https://www.worldfootball.net/,
2010-02-05,,Estudiantes (RC),Desamparados,5,2,,,Torneo Argentino A,2009,zonas,Zone 3,Fecha 5,,false,https://es.wikipedia.org/wiki/Torneo_Argentino_A_2009-10 + https://www.rsssf.org/,
2010-02-05,,Unión,Tiro Federal,2,3,,,Primera Nacional,2009,zonas,,Fecha 21,,false,https://es.wikipedia.org/wiki/Campeonato_de_Primera_B_Nacional_2009-10 + https://www.worldfootball.net/,
2010-02-06,,All Boys,Ferro Carril Oeste,2,0,,,Primera Nacional,2009,zonas,,Fecha 21,,false,https://es.wikipedia.org/wiki/Campeonato_de_Primera_B_Nacional_2009-10 + https://www.worldfootball.net/,
2010-02-06,,Defensa y Justicia,San Martín (T),2,1,,,Primera Nacional,2009,zonas,,Fecha 21,,false,https://es.wikipedia.org/wiki/Campeonato_de_Primera_B_Nacional_2009-10 + https://www.worldfootball.net/,
2010-02-06,,General Lamadrid,Leandro N. Alem,2,3,,,Primera C,2009,zonas,,Fecha 25,,false,https://es.wikipedia.org/wiki/Campeonato_de_Primera_C_2009-10_(Argentina) + https://www.rsssf.org/,
2010-02-06,,Gimnasia y Esgrima (J),Aldosivi,1,0,,,Primera Nacional,2009,zonas,,Fecha 21,,false,https://es.wikipedia.org/wiki/Campeonato_de_Primera_B_Nacional_2009-10 + https://www.worldfootball.net/,
2010-02-06,,Instituto,Independiente Rivadavia,1,0,,,Primera Nacional,2009,zonas,,Fecha 21,,false,https://es.wikipedia.org/wiki/Campeonato_de_Primera_B_Nacional_2009-10 + https://www.worldfootball.net/,
2010-02-06,,Quilmes,Deportivo Merlo,2,0,,,Primera Nacional,2009,zonas,,Fecha 21,,false,https://es.wikipedia.org/wiki/Campeonato_de_Primera_B_Nacional_2009-10 + https://www.worldfootball.net/,
2010-02-06,,Rivadavia (L),Crucero del Norte,2,0,,,Torneo Argentino A,2009,zonas,Zone 1,Fecha 5,,false,https://es.wikipedia.org/wiki/Torneo_Argentino_A_2009-10 + https://www.rsssf.org/,
2010-02-06,,Sacachispas,Defensores de Cambaceres,4,0,,,Primera C,2009,zonas,,Fecha 25,,false,https://es.wikipedia.org/wiki/Campeonato_de_Primera_C_2009-10_(Argentina) + https://www.rsssf.org/,
2010-02-06,,Sportivo Italiano,CAI,2,3,,,Primera Nacional,2009,zonas,,Fecha 21,,false,https://es.wikipedia.org/wiki/Campeonato_de_Primera_B_Nacional_2009-10 + https://www.worldfootball.net/,
2010-02-07,,Argentino de Rosario,Defensores Unidos,5,2,,,Primera C,2009,zonas,,Fecha 25,,false,https://es.wikipedia.org/wiki/Campeonato_de_Primera_C_2009-10_(Argentina) + https://www.rsssf.org/,
2010-02-07,,Ben Hur,Talleres (C),0,1,,,Torneo Argentino A,2009,zonas,Zone 1,Fecha 5,,false,https://es.wikipedia.org/wiki/Torneo_Argentino_A_2009-10 + https://www.rsssf.org/,
2010-02-07,,Cipolletti,Villa Mitre,3,0,,,Torneo Argentino A,2009,zonas,Zone 3,Fecha 5,,false,https://es.wikipedia.org/wiki/Torneo_Argentino_A_2009-10 + https://www.rsssf.org/,
2010-02-07,,Deportivo Maipú,Alumni (VM),1,2,,,Torneo Argentino A,2009,zonas,Zone 3,Fecha 5,,false,https://es.wikipedia.org/wiki/Torneo_Argentino_A_2009-10 + https://www.rsssf.org/,
2010-02-07,,Gimnasia y Esgrima (CdU),Central Córdoba (SdE),3,2,,,Torneo Argentino A,2009,zonas,Zone 1,Fecha 5,,false,https://es.wikipedia.org/wiki/Torneo_Argentino_A_2009-10 + https://www.rsssf.org/,
2010-02-07,,Juventud Antoniana,Patronato,2,1,,,Torneo Argentino A,2009,zonas,Zone 1,Fecha 5,,false,https://es.wikipedia.org/wiki/Torneo_Argentino_A_2009-10 + https://www.rsssf.org/,
2010-02-07,,Juventud Unida Universitario,Guillermo Brown,1,1,,,Torneo Argentino A,2009,zonas,Zone 3,Fecha 5,,false,https://es.wikipedia.org/wiki/Torneo_Argentino_A_2009-10 + https://www.rsssf.org/,
2010-02-07,,Racing (C),9 de Julio (R),3,0,,,Torneo Argentino A,2009,zonas,Zone 1,Fecha 5,,false,https://es.wikipedia.org/wiki/Torneo_Argentino_A_2009-10 + https://www.rsssf.org/,
2010-02-07,,Ramón Santamarina,Libertad (S),1,0,,,Torneo Argentino A,2009,zonas,Zone 1,Fecha 5,,false,https://es.wikipedia.org/wiki/Torneo_Argentino_A_2009-10 + https://www.rsssf.org/,
2010-02-07,,Sportivo Belgrano,Juventud (P),3,1,,,Torneo Argentino A,2009,zonas,Zone 1,Fecha 5,,false,https://es.wikipedia.org/wiki/Torneo_Argentino_A_2009-10 + https://www.rsssf.org/,
2010-02-07,,Unión (S),Unión (MdP),2,2,,,Torneo Argentino A,2009,zonas,Zone 1,Fecha 5,,false,https://es.wikipedia.org/wiki/Torneo_Argentino_A_2009-10 + https://www.rsssf.org/,
2010-02-08,,Argentino de Merlo,Deportivo Laferrere,2,1,,,Primera C,2009,zonas,,Fecha 25,,false,https://es.wikipedia.org/wiki/Campeonato_de_Primera_C_2009-10_(Argentina) + http://josecarluccio.blogspot.com/2014/11/argentina-1ra-c-afa-200910.html,
2010-02-08,,Berazategui,J. J. de Urquiza,0,2,,,Primera C,2009,zonas,,Fecha 25,,false,https://es.wikipedia.org/wiki/Campeonato_de_Primera_C_2009-10_(Argentina) + https://www.rsssf.org/,
2010-02-08,,Fénix,Barracas Bolívar,2,1,,,Primera C,2009,zonas,,Fecha 25,,false,https://es.wikipedia.org/wiki/Campeonato_de_Primera_C_2009-10_(Argentina) + https://www.rsssf.org/,
2010-02-08,,Luján,Excursionistas,1,2,,,Primera C,2009,zonas,,Fecha 25,,false,https://es.wikipedia.org/wiki/Campeonato_de_Primera_C_2009-10_(Argentina) + https://www.rsssf.org/,
2010-02-08,,Olimpo,Platense,2,1,,,Primera Nacional,2009,zonas,,Fecha 21,,false,https://es.wikipedia.org/wiki/Campeonato_de_Primera_B_Nacional_2009-10 + https://www.worldfootball.net/,
2010-02-08,,San Miguel,Ferrocarril Midland,0,1,,,Primera C,2009,zonas,,Fecha 25,,false,https://es.wikipedia.org/wiki/Campeonato_de_Primera_C_2009-10_(Argentina) + https://www.rsssf.org/,
2010-02-08,,Talleres (RdE),El Porvenir,2,0,,,Primera C,2009,zonas,,Fecha 25,,false,https://es.wikipedia.org/wiki/Campeonato_de_Primera_C_2009-10_(Argentina) + https://www.rsssf.org/,
2010-02-08,,Villa Dálmine,Barracas Central,1,2,,,Primera C,2009,zonas,,Fecha 25,,false,https://es.wikipedia.org/wiki/Campeonato_de_Primera_C_2009-10_(Argentina) + https://www.rsssf.org/,
2010-02-11,,San Martín (T),Unión,1,0,,,Primera Nacional,2009,zonas,,Fecha 22,,false,https://es.wikipedia.org/wiki/Campeonato_de_Primera_B_Nacional_2009-10 + https://www.worldfootball.net/,
2010-02-12,,Alumni (VM),Juventud Unida Universitario,0,0,,,Torneo Argentino A,2009,zonas,Zone 3,Fecha 6,,false,https://es.wikipedia.org/wiki/Torneo_Argentino_A_2009-10 + https://www.rsssf.org/,
2010-02-12,,Barracas Bolívar,Villa Dálmine,0,0,,,Primera C,2009,zonas,,Fecha 26,,false,https://es.wikipedia.org/wiki/Campeonato_de_Primera_C_2009-10_(Argentina) + https://www.rsssf.org/,
2010-02-12,,Desamparados,Deportivo Maipú,3,1,,,Torneo Argentino A,2009,zonas,Zone 3,Fecha 6,,false,https://es.wikipedia.org/wiki/Torneo_Argentino_A_2009-10 + https://www.rsssf.org/,
2010-02-12,,Independiente Rivadavia,Defensa y Justicia,3,4,,,Primera Nacional,2009,zonas,,Fecha 22,,false,https://es.wikipedia.org/wiki/Campeonato_de_Primera_B_Nacional_2009-10 + https://www.worldfootball.net/,
2010-02-12,,Racing (C),Sportivo Belgrano,1,0,,,Torneo Argentino A,2009,zonas,Zone 2,Fecha 6,,false,https://es.wikipedia.org/wiki/Torneo_Argentino_A_2009-10 + https://www.rsssf.org/,
2010-02-13,,Aldosivi,Quilmes,0,1,,,Primera Nacional,2009,zonas,,Fecha 22,,false,https://es.wikipedia.org/wiki/Campeonato_de_Primera_B_Nacional_2009-10 + https://www.worldfootball.net/,
2010-02-13,,Barracas Central,Berazategui,1,0,,,Primera C,2009,zonas,,Fecha 26,,false,https://es.wikipedia.org/wiki/Campeonato_de_Primera_C_2009-10_(Argentina) + https://www.rsssf.org/,
2010-02-13,,Belgrano,Olimpo,0,0,,,Primera Nacional,2009,zonas,,Fecha 22,,false,https://es.wikipedia.org/wiki/Campeonato_de_Primera_B_Nacional_2009-10 + https://www.worldfootball.net/,
2010-02-13,,CAI,Instituto,1,1,,,Primera Nacional,2009,zonas,,Fecha 22,,false,https://es.wikipedia.org/wiki/Campeonato_de_Primera_B_Nacional_2009-10 + https://www.worldfootball.net/,
2010-02-13,,Crucero del Norte,Unión (S),4,0,,,Torneo Argentino A,2009,zonas,Zone 2,Fecha 6,,false,https://es.wikipedia.org/wiki/Torneo_Argentino_A_2009-10 + https://www.rsssf.org/,
2010-02-13,,Ferro Carril Oeste,Sportivo Italiano,1,2,,,Primera Nacional,2009,zonas,,Fecha 22,,false,https://es.wikipedia.org/wiki/Campeonato_de_Primera_B_Nacional_2009-10 + https://www.worldfootball.net/,
2010-02-13,,Libertad (S),Juventud Antoniana,2,2,,,Torneo Argentino A,2009,zonas,Zone 2,Fecha 6,,false,https://es.wikipedia.org/wiki/Torneo_Argentino_A_2009-10 + https://www.rsssf.org/,
2010-02-13,,Platense,All Boys,2,0,,,Primera Nacional,2009,zonas,,Fecha 22,,false,https://es.wikipedia.org/wiki/Campeonato_de_Primera_B_Nacional_2009-10 + https://www.worldfootball.net/,
2010-02-13,,Rivadavia (L),Ben Hur,1,0,,,Torneo Argentino A,2009,zonas,Zone 1,Fecha 6,,false,https://es.wikipedia.org/wiki/Torneo_Argentino_A_2009-10 + https://www.rsssf.org/,
2010-02-13,,Tiro Federal,Gimnasia y Esgrima (J),1,1,,,Primera Nacional,2009,zonas,,Fecha 22,,false,https://es.wikipedia.org/wiki/Campeonato_de_Primera_B_Nacional_2009-10 + https://www.worldfootball.net/,
2010-02-14,,9 de Julio (R),Gimnasia y Esgrima (CdU),2,1,,,Torneo Argentino A,2009,zonas,Zone 1,Fecha 6,,false,https://es.wikipedia.org/wiki/Torneo_Argentino_A_2009-10 + https://www.rsssf.org/,
2010-02-14,,Boca Unidos,San Martín (SJ),2,1,,,Primera Nacional,2009,zonas,,Fecha 22,,false,https://es.wikipedia.org/wiki/Campeonato_de_Primera_B_Nacional_2009-10 + https://www.worldfootball.net/,
2010-02-14,,Central Córdoba (SdE),Talleres (C),2,0,,,Torneo Argentino A,2009,zonas,Zone 2,Fecha 6,,false,https://es.wikipedia.org/wiki/Torneo_Argentino_A_2009-10 + https://www.rsssf.org/,
2010-02-14,,Defensores de Cambaceres,Argentino de Rosario,0,1,,,Primera C,2009,zonas,,Fecha 26,,false,https://es.wikipedia.org/wiki/Campeonato_de_Primera_C_2009-10_(Argentina) + https://www.rsssf.org/,
2010-02-14,,Deportivo Laferrere,San Miguel,2,2,,,Primera C,2009,zonas,,Fecha 26,,false,https://es.wikipedia.org/wiki/Campeonato_de_Primera_C_2009-10_(Argentina) + https://www.rsssf.org/,
2010-02-14,,Deportivo Merlo,Atlético de Rafaela,0,1,,,Primera Nacional,2009,zonas,,Fecha 22,,false,https://es.wikipedia.org/wiki/Campeonato_de_Primera_B_Nacional_2009-10 + https://www.worldfootball.net/,
2010-02-14,,Guillermo Brown,Huracán (TA),1,0,,,Torneo Argentino A,2009,zonas,Zone 3,Fecha 6,,false,https://es.wikipedia.org/wiki/Torneo_Argentino_A_2009-10 + https://www.rsssf.org/,
2010-02-14,,Patronato,Unión (MdP),0,0,,,Torneo Argentino A,2009,zonas,Zone 1,Fecha 6,,false,https://es.wikipedia.org/wiki/Torneo_Argentino_A_2009-10 + https://www.rsssf.org/,
2010-02-14,,Ramón Santamarina,Juventud (P),2,1,,,Torneo Argentino A,2009,zonas,Zone 1,Fecha 6,,false,https://es.wikipedia.org/wiki/Torneo_Argentino_A_2009-10 + https://www.rsssf.org/,
2010-02-14,,Villa Mitre,Estudiantes (RC),0,0,,,Torneo Argentino A,2009,zonas,Zone 3,Fecha 6,,false,https://es.wikipedia.org/wiki/Torneo_Argentino_A_2009-10 + https://www.rsssf.org/,
2010-02-15,,Defensores Unidos,Argentino de Merlo,1,2,,,Primera C,2009,zonas,,Fecha 26,,false,https://es.wikipedia.org/wiki/Campeonato_de_Primera_C_2009-10_(Argentina) + https://www.rsssf.org/,
2010-02-15,,El Porvenir,General Lamadrid,3,2,,,Primera C,2009,zonas,,Fecha 26,,false,https://es.wikipedia.org/wiki/Campeonato_de_Primera_C_2009-10_(Argentina) + https://www.rsssf.org/,
2010-02-15,,Excursionistas,Talleres (RdE),2,0,,,Primera C,2009,zonas,,Fecha 26,,false,https://es.wikipedia.org/wiki/Campeonato_de_Primera_C_2009-10_(Argentina) + https://www.rsssf.org/,
2010-02-15,,Ferrocarril Midland,Fénix,2,1,,,Primera C,2009,zonas,,Fecha 26,,false,https://es.wikipedia.org/wiki/Campeonato_de_Primera_C_2009-10_(Argentina) + https://www.rsssf.org/,
2010-02-15,,J. J. de Urquiza,Luján,1,1,,,Primera C,2009,zonas,,Fecha 26,,false,https://es.wikipedia.org/wiki/Campeonato_de_Primera_C_2009-10_(Argentina) + https://www.rsssf.org/,
2010-02-15,,Leandro N. Alem,Sacachispas,1,1,,,Primera C,2009,zonas,,Fecha 26,,false,https://es.wikipedia.org/wiki/Campeonato_de_Primera_C_2009-10_(Argentina) + https://www.rsssf.org/,
2010-02-19,,Atlético de Rafaela,Aldosivi,4,0,,,Primera Nacional,2009,zonas,,Fecha 23,,false,https://es.wikipedia.org/wiki/Campeonato_de_Primera_B_Nacional_2009-10 + https://www.worldfootball.net/,
2010-02-19,,Ben Hur,Patronato,2,7,,,Torneo Argentino A,2009,zonas,Zone 1,Fecha 7,,false,https://es.wikipedia.org/wiki/Torneo_Argentino_A_2009-10 + https://www.rsssf.org/,
2010-02-19,,Deportivo Maipú,Villa Mitre,2,0,,,Torneo Argentino A,2009,zonas,Zone 3,Fecha 7,,false,https://es.wikipedia.org/wiki/Torneo_Argentino_A_2009-10 + https://www.rsssf.org/,
2010-02-19,,Estudiantes (RC),Cipolletti,1,2,,,Torneo Argentino A,2009,zonas,Zone 3,Fecha 7,,false,https://es.wikipedia.org/wiki/Torneo_Argentino_A_2009-10 + https://www.rsssf.org/,
2010-02-19,,Gimnasia y Esgrima (J),Quilmes,1,2,,,Primera Nacional,2009,zonas,,Fecha 23,,false,https://es.wikipedia.org/wiki/Campeonato_de_Primera_B_Nacional_2009-10 + https://www.worldfootball.net/,
2010-02-19,,Huracán (TA),Alumni (VM),3,0,,,Torneo Argentino A,2009,zonas,Zone 3,Fecha 7,,false,https://es.wikipedia.org/wiki/Torneo_Argentino_A_2009-10 + https://www.rsssf.org/,
2010-02-19,,Juventud Antoniana,Racing (C),2,1,,,Torneo Argentino A,2009,zonas,Zone 2,Fecha 7,,false,https://es.wikipedia.org/wiki/Torneo_Argentino_A_2009-10 + https://www.rsssf.org/,
2010-02-19,,Juventud Unida Universitario,Desamparados,0,2,,,Torneo Argentino A,2009,zonas,Zone 3,Fecha 7,,false,https://es.wikipedia.org/wiki/Torneo_Argentino_A_2009-10 + https://www.rsssf.org/,
2010-02-19,,San Miguel,Fénix,1,0,,,Primera C,2009,zonas,,Fecha 27,,false,https://es.wikipedia.org/wiki/Campeonato_de_Primera_C_2009-10_(Argentina) + https://www.rsssf.org/,
2010-02-19,,Sportivo Belgrano,Crucero del Norte,1,3,,,Torneo Argentino A,2009,zonas,Zone 2,Fecha 7,,false,https://es.wikipedia.org/wiki/Torneo_Argentino_A_2009-10 + https://www.rsssf.org/,
2010-02-19,,Tiro Federal,San Martín (T),0,1,,,Primera Nacional,2009,zonas,,Fecha 23,,false,https://es.wikipedia.org/wiki/Campeonato_de_Primera_B_Nacional_2009-10 + https://www.worldfootball.net/,
2010-02-19,,Unión,Independiente Rivadavia,3,0,,,Primera Nacional,2009,zonas,,Fecha 23,,false,https://es.wikipedia.org/wiki/Campeonato_de_Primera_B_Nacional_2009-10 + https://www.worldfootball.net/,
2010-02-20,,All Boys,Belgrano,0,1,,,Primera Nacional,2009,zonas,,Fecha 23,,false,https://es.wikipedia.org/wiki/Campeonato_de_Primera_B_Nacional_2009-10 + https://www.worldfootball.net/,
2010-02-20,,Argentino de Rosario,Leandro N. Alem,1,2,,,Primera C,2009,zonas,,Fecha 27,,false,https://es.wikipedia.org/wiki/Campeonato_de_Primera_C_2009-10_(Argentina) + https://www.rsssf.org/,
2010-02-20,,Defensa y Justicia,CAI,3,2,,,Primera Nacional,2009,zonas,,Fecha 23,,false,https://es.wikipedia.org/wiki/Campeonato_de_Primera_B_Nacional_2009-10 + https://www.worldfootball.net/,
2010-02-20,,General Lamadrid,Excursionistas,2,0,,,Primera C,2009,zonas,,Fecha 27,,false,https://es.wikipedia.org/wiki/Campeonato_de_Primera_C_2009-10_(Argentina) + https://www.rsssf.org/,
2010-02-20,,Gimnasia y Esgrima (CdU),Ramón Santamarina,2,2,,,Torneo Argentino A,2009,zonas,Zone 1,Fecha 7,,false,https://es.wikipedia.org/wiki/Torneo_Argentino_A_2009-10 + https://www.rsssf.org/,
2010-02-20,,Juventud (P),Rivadavia (L),1,2,,,Torneo Argentino A,2009,zonas,Zone 1,Fecha 7,,false,https://es.wikipedia.org/wiki/Torneo_Argentino_A_2009-10 + https://www.rsssf.org/,
2010-02-20,,Olimpo,Boca Unidos,0,0,,,Primera Nacional,2009,zonas,,Fecha 23,,false,https://es.wikipedia.org/wiki/Campeonato_de_Primera_B_Nacional_2009-10 + https://www.worldfootball.net/,
2010-02-20,,Sacachispas,El Porvenir,2,0,,,Primera C,2009,zonas,,Fecha 27,,false,https://es.wikipedia.org/wiki/Campeonato_de_Primera_C_2009-10_(Argentina) + https://www.rsssf.org/,
2010-02-20,,Sportivo Italiano,Platense,0,2,,,Primera Nacional,2009,zonas,,Fecha 23,,false,https://es.wikipedia.org/wiki/Campeonato_de_Primera_B_Nacional_2009-10 + https://www.worldfootball.net/,
2010-02-20,,Talleres (C),Libertad (S),2,1,,,Torneo Argentino A,2009,zonas,Zone 2,Fecha 7,,false,https://es.wikipedia.org/wiki/Torneo_Argentino_A_2009-10 + https://www.rsssf.org/,
2010-02-20,,Unión (MdP),9 de Julio (R),0,2,,,Torneo Argentino A,2009,zonas,Zone 1,Fecha 7,,false,https://es.wikipedia.org/wiki/Torneo_Argentino_A_2009-10 + https://www.rsssf.org/,
2010-02-20,,Unión (S),Central Córdoba (SdE),2,1,,,Torneo Argentino A,2009,zonas,Zone 2,Fecha 7,,false,https://es.wikipedia.org/wiki/Torneo_Argentino_A_2009-10 + https://www.rsssf.org/,
2010-02-21,,San Martín (SJ),Deportivo Merlo,3,0,,,Primera Nacional,2009,zonas,,Fecha 23,,false,https://es.wikipedia.org/wiki/Campeonato_de_Primera_B_Nacional_2009-10 + https://www.worldfootball.net/,
2010-02-22,,Instituto,Ferro Carril Oeste,1,0,,,Primera Nacional,2009,zonas,,Fecha 23,,false,https://es.wikipedia.org/wiki/Campeonato_de_Primera_B_Nacional_2009-10 + https://www.worldfootball.net/,
2010-02-24,,Alumni (VM),Guillermo Brown,3,0,,,Torneo Argentino A,2009,zonas,Zone 3,Fecha 8,,false,https://es.wikipedia.org/wiki/Torneo_Argentino_A_2009-10 + https://www.rsssf.org/,
2010-02-24,,Barracas Bolívar,Luján,0,2,,,Primera C,2009,zonas,,Fecha 28,,false,https://es.wikipedia.org/wiki/Campeonato_de_Primera_C_2009-10_(Argentina) + https://www.rsssf.org/,
2010-02-24,,Barracas Central,Talleres (RdE),0,0,,,Primera C,2009,zonas,,Fecha 28,,false,https://es.wikipedia.org/wiki/Campeonato_de_Primera_C_2009-10_(Argentina) + https://www.rsssf.org/,
2010-02-24,,Ben Hur,Unión (MdP),5,1,,,Torneo Argentino A,2009,zonas,Zone 1,Fecha 8,,false,https://es.wikipedia.org/wiki/Torneo_Argentino_A_2009-10 + https://www.rsssf.org/,
2010-02-24,,Central Córdoba (SdE),Sportivo Belgrano,0,3,,,Torneo Argentino A,2009,zonas,Zone 2,Fecha 8,,false,https://es.wikipedia.org/wiki/Torneo_Argentino_A_2009-10 + https://www.rsssf.org/,
2010-02-24,,Cipolletti,Deportivo Maipú,3,0,,,Torneo Argentino A,2009,zonas,Zone 3,Fecha 8,,false,https://es.wikipedia.org/wiki/Torneo_Argentino_A_2009-10 + https://www.rsssf.org/,
2010-02-24,,Crucero del Norte,Juventud Antoniana,1,1,,,Torneo Argentino A,2009,zonas,Zone 2,Fecha 8,,false,https://es.wikipedia.org/wiki/Torneo_Argentino_A_2009-10 + https://www.rsssf.org/,
2010-02-24,,Defensores Unidos,San Miguel,2,0,,,Primera C,2009,zonas,,Fecha 28,,false,https://es.wikipedia.org/wiki/Campeonato_de_Primera_C_2009-10_(Argentina) + https://www.rsssf.org/,
2010-02-24,,Defensores de Cambaceres,Deportivo Laferrere,0,0,,,Primera C,2009,zonas,,Fecha 28,,false,https://es.wikipedia.org/wiki/Campeonato_de_Primera_C_2009-10_(Argentina) + https://www.rsssf.org/,
2010-02-24,,Desamparados,Huracán (TA),0,1,,,Torneo Argentino A,2009,zonas,Zone 3,Fecha 8,,false,https://es.wikipedia.org/wiki/Torneo_Argentino_A_2009-10 + https://www.rsssf.org/,
2010-02-24,,El Porvenir,Argentino de Rosario,1,0,,,Primera C,2009,zonas,,Fecha 28,,false,https://es.wikipedia.org/wiki/Campeonato_de_Primera_C_2009-10_(Argentina) + https://www.rsssf.org/,
2010-02-24,,Excursionistas,Sacachispas,3,0,,,Primera C,2009,zonas,,Fecha 28,,false,https://es.wikipedia.org/wiki/Campeonato_de_Primera_C_2009-10_(Argentina) + https://www.rsssf.org/,
2010-02-24,,Ferrocarril Midland,Berazategui,1,1,,,Primera C,2009,zonas,,Fecha 28,,false,https://es.wikipedia.org/wiki/Campeonato_de_Primera_C_2009-10_(Argentina) + https://www.rsssf.org/,
2010-02-24,,Fénix,Villa Dálmine,1,2,,,Primera C,2009,zonas,,Fecha 28,,false,https://es.wikipedia.org/wiki/Campeonato_de_Primera_C_2009-10_(Argentina) + https://www.rsssf.org/,
2010-02-24,,J. J. de Urquiza,General Lamadrid,2,0,,,Primera C,2009,zonas,,Fecha 28,,false,https://es.wikipedia.org/wiki/Campeonato_de_Primera_C_2009-10_(Argentina) + https://www.rsssf.org/,
2010-02-24,,Leandro N. Alem,Argentino de Merlo,0,0,,,Primera C,2009,zonas,,Fecha 28,,false,https://es.wikipedia.org/wiki/Campeonato_de_Primera_C_2009-10_(Argentina) + https://www.rsssf.org/,
2010-02-24,,Patronato,Juventud (P),1,0,,,Torneo Argentino A,2009,zonas,Zone 1,Fecha 8,,false,https://es.wikipedia.org/wiki/Torneo_Argentino_A_2009-10 + https://www.rsssf.org/,
2010-02-24,,Racing (C),Libertad (S),3,4,,,Torneo Argentino A,2009,zonas,Zone 2,Fecha 8,,false,https://es.wikipedia.org/wiki/Torneo_Argentino_A_2009-10 + https://www.rsssf.org/,
2010-02-24,,Ramón Santamarina,9 de Julio (R),3,1,,,Torneo Argentino A,2009,zonas,Zone 1,Fecha 8,,false,https://es.wikipedia.org/wiki/Torneo_Argentino_A_2009-10 + https://www.rsssf.org/,
2010-02-24,,Rivadavia (L),Gimnasia y Esgrima (CdU),1,1,,,Torneo Argentino A,2009,zonas,Zone 1,Fecha 8,,false,https://es.wikipedia.org/wiki/Torneo_Argentino_A_2009-10 + https://www.rsssf.org/,
2010-02-24,,Unión (S),Talleres (C),1,3,,,Torneo Argentino A,2009,zonas,Zone 2,Fecha 8,,false,https://es.wikipedia.org/wiki/Torneo_Argentino_A_2009-10 + https://www.rsssf.org/,
2010-02-24,,Villa Mitre,Juventud Unida Universitario,1,1,,,Torneo Argentino A,2009,zonas,Zone 3,Fecha 8,,false,https://es.wikipedia.org/wiki/Torneo_Argentino_A_2009-10 + https://www.rsssf.org/,
2010-02-25,,Quilmes,Atlético de Rafaela,1,3,,,Primera Nacional,2009,zonas,,Fecha 24,,false,https://es.wikipedia.org/wiki/Campeonato_de_Primera_B_Nacional_2009-10 + https://www.worldfootball.net/,
2010-02-26,,Deportivo Merlo,Olimpo,0,0,,,Primera Nacional,2009,zonas,,Fecha 24,,false,https://es.wikipedia.org/wiki/Campeonato_de_Primera_B_Nacional_2009-10 + https://www.worldfootball.net/,
2010-02-26,,Independiente Rivadavia,Tiro Federal,1,3,,,Primera Nacional,2009,zonas,,Fecha 24,,false,https://es.wikipedia.org/wiki/Campeonato_de_Primera_B_Nacional_2009-10 + https://www.worldfootball.net/,
2010-02-27,,Aldosivi,San Martín (SJ),0,0,,,Primera Nacional,2009,zonas,,Fecha 24,,false,https://es.wikipedia.org/wiki/Campeonato_de_Primera_B_Nacional_2009-10 + https://www.worldfootball.net/,
2010-02-27,,Argentino de Rosario,Excursionistas,4,1,,,Primera C,2009,zonas,,Fecha 29,,false,https://es.wikipedia.org/wiki/Campeonato_de_Primera_C_2009-10_(Argentina) + https://www.rsssf.org/,
2010-02-27,,Belgrano,Sportivo Italiano,4,1,,,Primera Nacional,2009,zonas,,Fecha 24,,false,https://es.wikipedia.org/wiki/Campeonato_de_Primera_B_Nacional_2009-10 + https://www.worldfootball.net/,
2010-02-27,,CAI,Unión,1,1,,,Primera Nacional,2009,zonas,,Fecha 24,,false,https://es.wikipedia.org/wiki/Campeonato_de_Primera_B_Nacional_2009-10 + https://www.worldfootball.net/,
2010-02-27,,Ferro Carril Oeste,Defensa y Justicia,2,2,,,Primera Nacional,2009,zonas,,Fecha 24,,false,https://es.wikipedia.org/wiki/Campeonato_de_Primera_B_Nacional_2009-10 + https://www.worldfootball.net/,
2010-02-27,,General Lamadrid,Barracas Central,2,1,,,Primera C,2009,zonas,,Fecha 29,,false,https://es.wikipedia.org/wiki/Campeonato_de_Primera_C_2009-10_(Argentina) + https://www.rsssf.org/,
2010-02-27,,Patronato,Gimnasia y Esgrima (CdU),1,0,,,Torneo Argentino A,2009,zonas,Zone 1,Fecha 9,,false,https://es.wikipedia.org/wiki/Torneo_Argentino_A_2009-10 + https://www.rsssf.org/,
2010-02-27,,Platense,Instituto,1,2,,,Primera Nacional,2009,zonas,,Fecha 24,,false,https://es.wikipedia.org/wiki/Campeonato_de_Primera_B_Nacional_2009-10 + https://www.worldfootball.net/,
2010-02-27,,Rivadavia (L),9 de Julio (R),1,1,,,Torneo Argentino A,2009,zonas,Zone 1,Fecha 9,,false,https://es.wikipedia.org/wiki/Torneo_Argentino_A_2009-10 + https://www.rsssf.org/,
2010-02-28,,Ben Hur,Juventud (P),0,0,,,Torneo Argentino A,2009,zonas,Zone 1,Fecha 9,,false,https://es.wikipedia.org/wiki/Torneo_Argentino_A_2009-10 + https://www.rsssf.org/,
2010-02-28,,Boca Unidos,All Boys,0,1,,,Primera Nacional,2009,zonas,,Fecha 24,,false,https://es.wikipedia.org/wiki/Campeonato_de_Primera_B_Nacional_2009-10 + https://www.worldfootball.net/,
2010-02-28,,Central Córdoba (SdE),Juventud Antoniana,1,1,,,Torneo Argentino A,2009,zonas,Zone 2,Fecha 9,,false,https://es.wikipedia.org/wiki/Torneo_Argentino_A_2009-10 + https://www.rsssf.org/,
2010-02-28,,Crucero del Norte,Libertad (S),2,1,,,Torneo Argentino A,2009,zonas,Zone 2,Fecha 9,,false,https://es.wikipedia.org/wiki/Torneo_Argentino_A_2009-10 + https://www.rsssf.org/,
2010-02-28,,Deportivo Laferrere,Leandro N. Alem,2,1,,,Primera C,2009,zonas,,Fecha 29,,false,https://es.wikipedia.org/wiki/Campeonato_de_Primera_C_2009-10_(Argentina) + https://www.rsssf.org/,
2010-02-28,,Guillermo Brown,Desamparados,1,0,,,Torneo Argentino A,2009,zonas,Zone 3,Fecha 9,,false,https://es.wikipedia.org/wiki/Torneo_Argentino_A_2009-10 + https://www.rsssf.org/,
2010-02-28,,Juventud Unida Universitario,Cipolletti,1,2,,,Torneo Argentino A,2009,zonas,Zone 3,Fecha 9,,false,https://es.wikipedia.org/wiki/Torneo_Argentino_A_2009-10 + https://www.rsssf.org/,
2010-02-28,,Talleres (C),Racing (C),1,1,,,Torneo Argentino A,2009,zonas,Zone 2,Fecha 9,,false,https://es.wikipedia.org/wiki/Torneo_Argentino_A_2009-10 + https://www.rsssf.org/,
2010-02-28,,Unión (MdP),Ramón Santamarina,0,2,,,Torneo Argentino A,2009,zonas,Zone 1,Fecha 9,,false,https://es.wikipedia.org/wiki/Torneo_Argentino_A_2009-10 + https://www.rsssf.org/,
2010-02-28,,Unión (S),Sportivo Belgrano,1,2,,,Torneo Argentino A,2009,zonas,Zone 2,Fecha 9,,false,https://es.wikipedia.org/wiki/Torneo_Argentino_A_2009-10 + https://www.rsssf.org/,
2010-03-01,,Argentino de Merlo,El Porvenir,1,1,,,Primera C,2009,zonas,,Fecha 29,,false,https://es.wikipedia.org/wiki/Campeonato_de_Primera_C_2009-10_(Argentina) + https://www.rsssf.org/,
2010-03-01,,Berazategui,Fénix,0,2,,,Primera C,2009,zonas,,Fecha 29,,false,https://es.wikipedia.org/wiki/Campeonato_de_Primera_C_2009-10_(Argentina) + https://www.rsssf.org/,
2010-03-01,,Defensores Unidos,Defensores de Cambaceres,4,2,,,Primera C,2009,zonas,,Fecha 29,,false,https://es.wikipedia.org/wiki/Campeonato_de_Primera_C_2009-10_(Argentina) + https://www.rsssf.org/,
2010-03-01,,Deportivo Maipú,Estudiantes (RC),3,1,,,Torneo Argentino A,2009,zonas,Zone 3,Fecha 9,,false,https://es.wikipedia.org/wiki/Torneo_Argentino_A_2009-10 + https://www.rsssf.org/,
2010-03-01,,Huracán (TA),Villa Mitre,4,0,,,Torneo Argentino A,2009,zonas,Zone 3,Fecha 9,,false,https://es.wikipedia.org/wiki/Torneo_Argentino_A_2009-10 + https://www.rsssf.org/,
2010-03-01,,Luján,Ferrocarril Midland,1,0,,,Primera C,2009,zonas,,Fecha 29,,false,https://es.wikipedia.org/wiki/Campeonato_de_Primera_C_2009-10_(Argentina) + https://www.rsssf.org/,
2010-03-01,,Sacachispas,J. J. de Urquiza,1,3,,,Primera C,2009,zonas,,Fecha 29,,false,https://es.wikipedia.org/wiki/Campeonato_de_Primera_C_2009-10_(Argentina) + https://www.rsssf.org/,
2010-03-01,,San Martín (T),Gimnasia y Esgrima (J),0,1,,,Primera Nacional,2009,zonas,,Fecha 24,,false,https://es.wikipedia.org/wiki/Campeonato_de_Primera_B_Nacional_2009-10 + https://www.worldfootball.net/,
2010-03-01,,San Miguel,Villa Dálmine,2,1,,,Primera C,2009,zonas,,Fecha 29,,false,https://es.wikipedia.org/wiki/Campeonato_de_Primera_C_2009-10_(Argentina) + https://www.rsssf.org/,
2010-03-01,,Talleres (RdE),Barracas Bolívar,1,0,,,Primera C,2009,zonas,,Fecha 29,,false,https://es.wikipedia.org/wiki/Campeonato_de_Primera_C_2009-10_(Argentina) + https://www.rsssf.org/,
2010-03-04,,San Martín (SJ),Quilmes,0,1,,,Primera Nacional,2009,zonas,,Fecha 25,,false,https://es.wikipedia.org/wiki/Campeonato_de_Primera_B_Nacional_2009-10 + https://www.worldfootball.net/,
2010-03-05,,All Boys,Deportivo Merlo,1,2,,,Primera Nacional,2009,zonas,,Fecha 25,,false,https://es.wikipedia.org/wiki/Campeonato_de_Primera_B_Nacional_2009-10 + https://www.worldfootball.net/,
2010-03-05,,Defensa y Justicia,Platense,1,1,,,Primera Nacional,2009,zonas,,Fecha 25,,false,https://es.wikipedia.org/wiki/Campeonato_de_Primera_B_Nacional_2009-10 + https://www.worldfootball.net/,
2010-03-05,,El Porvenir,Deportivo Laferrere,1,3,,,Primera C,2009,zonas,,Fecha 30,,false,https://es.wikipedia.org/wiki/Campeonato_de_Primera_C_2009-10_(Argentina) + https://www.rsssf.org/,
2010-03-05,,Gimnasia y Esgrima (J),Atlético de Rafaela,1,0,,,Primera Nacional,2009,zonas,,Fecha 25,,false,https://es.wikipedia.org/wiki/Campeonato_de_Primera_B_Nacional_2009-10 + https://www.worldfootball.net/,
2010-03-05,,Instituto,Belgrano,1,1,,,Primera Nacional,2009,zonas,,Fecha 25,,false,https://es.wikipedia.org/wiki/Campeonato_de_Primera_B_Nacional_2009-10 + https://www.worldfootball.net/,
2010-03-05,,Olimpo,Aldosivi,2,0,,,Primera Nacional,2009,zonas,,Fecha 25,,false,https://es.wikipedia.org/wiki/Campeonato_de_Primera_B_Nacional_2009-10 + https://www.worldfootball.net/,
2010-03-05,,San Martín (T),Independiente Rivadavia,0,0,,,Primera Nacional,2009,zonas,,Fecha 25,,false,https://es.wikipedia.org/wiki/Campeonato_de_Primera_B_Nacional_2009-10 + https://www.worldfootball.net/,
2010-03-05,,Tiro Federal,CAI,2,3,,,Primera Nacional,2009,zonas,,Fecha 25,,false,https://es.wikipedia.org/wiki/Campeonato_de_Primera_B_Nacional_2009-10 + https://www.worldfootball.net/,
2010-03-05,,Unión,Ferro Carril Oeste,2,2,,,Primera Nacional,2009,zonas,,Fecha 25,,false,https://es.wikipedia.org/wiki/Campeonato_de_Primera_B_Nacional_2009-10 + https://www.worldfootball.net/,
2010-03-06,,Barracas Bolívar,General Lamadrid,2,1,,,Primera C,2009,zonas,,Fecha 30,,false,https://es.wikipedia.org/wiki/Campeonato_de_Primera_C_2009-10_(Argentina) + https://www.rsssf.org/,
2010-03-06,,Barracas Central,Sacachispas,2,0,,,Primera C,2009,zonas,,Fecha 30,,false,https://es.wikipedia.org/wiki/Campeonato_de_Primera_C_2009-10_(Argentina) + https://www.rsssf.org/,
2010-03-06,,Defensores de Cambaceres,San Miguel,2,0,,,Primera C,2009,zonas,,Fecha 30,,false,https://es.wikipedia.org/wiki/Campeonato_de_Primera_C_2009-10_(Argentina) + https://www.rsssf.org/,
2010-03-06,,Excursionistas,Argentino de Merlo,1,0,,,Primera C,2009,zonas,,Fecha 30,,false,https://es.wikipedia.org/wiki/Campeonato_de_Primera_C_2009-10_(Argentina) + https://www.rsssf.org/,
2010-03-06,,Ferrocarril Midland,Talleres (RdE),1,0,,,Primera C,2009,zonas,,Fecha 30,,false,https://es.wikipedia.org/wiki/Campeonato_de_Primera_C_2009-10_(Argentina) + https://www.rsssf.org/,
2010-03-06,,Fénix,Luján,2,1,,,Primera C,2009,zonas,,Fecha 30,,false,https://es.wikipedia.org/wiki/Campeonato_de_Primera_C_2009-10_(Argentina) + https://www.rsssf.org/,
2010-03-06,,Huracán (TA),Cipolletti,4,0,,,Torneo Argentino A,2009,zonas,Zone 3,Fecha 10,,false,https://es.wikipedia.org/wiki/Torneo_Argentino_A_2009-10 + https://www.rsssf.org/,
2010-03-06,,J. J. de Urquiza,Argentino de Rosario,2,0,,,Primera C,2009,zonas,,Fecha 30,,false,https://es.wikipedia.org/wiki/Campeonato_de_Primera_C_2009-10_(Argentina) + https://www.rsssf.org/,
2010-03-06,,Leandro N. Alem,Defensores Unidos,0,0,,,Primera C,2009,zonas,,Fecha 30,,false,https://es.wikipedia.org/wiki/Campeonato_de_Primera_C_2009-10_(Argentina) + https://www.rsssf.org/,
2010-03-06,,Racing (C),Crucero del Norte,6,3,,,Torneo Argentino A,2009,zonas,Zone 2,Fecha 10,,false,https://es.wikipedia.org/wiki/Torneo_Argentino_A_2009-10 + https://www.rsssf.org/,
2010-03-06,,Sportivo Italiano,Boca Unidos,0,3,,,Primera Nacional,2009,zonas,,Fecha 25,,false,https://es.wikipedia.org/wiki/Campeonato_de_Primera_B_Nacional_2009-10 + https://www.worldfootball.net/,
2010-03-06,,Villa Dálmine,Berazategui,1,0,,,Primera C,2009,zonas,,Fecha 30,,false,https://es.wikipedia.org/wiki/Campeonato_de_Primera_C_2009-10_(Argentina) + https://www.rsssf.org/,
2010-03-07,,9 de Julio (R),Patronato,1,1,,,Torneo Argentino A,2009,zonas,Zone 1,Fecha 10,,false,https://es.wikipedia.org/wiki/Torneo_Argentino_A_2009-10 + https://www.rsssf.org/,
2010-03-07,,Alumni (VM),Desamparados,1,1,,,Torneo Argentino A,2009,zonas,Zone 3,Fecha 10,,false,https://es.wikipedia.org/wiki/Torneo_Argentino_A_2009-10 + https://www.rsssf.org/,
2010-03-07,,Gimnasia y Esgrima (CdU),Ben Hur,2,0,,,Torneo Argentino A,2009,zonas,Zone 1,Fecha 10,,false,https://es.wikipedia.org/wiki/Torneo_Argentino_A_2009-10 + https://www.rsssf.org/,
2010-03-07,,Guillermo Brown,Villa Mitre,1,0,,,Torneo Argentino A,2009,zonas,Zone 3,Fecha 10,,false,https://es.wikipedia.org/wiki/Torneo_Argentino_A_2009-10 + https://www.rsssf.org/,
2010-03-07,,Juventud (P),Unión (MdP),0,0,,,Torneo Argentino A,2009,zonas,Zone 1,Fecha 10,,false,https://es.wikipedia.org/wiki/Torneo_Argentino_A_2009-10 + https://www.rsssf.org/,
2010-03-07,,Juventud Antoniana,Unión (S),5,0,,,Torneo Argentino A,2009,zonas,Zone 2,Fecha 10,,false,https://es.wikipedia.org/wiki/Torneo_Argentino_A_2009-10 + https://www.rsssf.org/,
2010-03-07,,Juventud Unida Universitario,Estudiantes (RC),0,1,,,Torneo Argentino A,2009,zonas,Zone 3,Fecha 10,,false,https://es.wikipedia.org/wiki/Torneo_Argentino_A_2009-10 + https://www.rsssf.org/,
2010-03-07,,Libertad (S),Central Córdoba (SdE),3,0,,,Torneo Argentino A,2009,zonas,Zone 2,Fecha 10,,false,https://es.wikipedia.org/wiki/Torneo_Argentino_A_2009-10 + https://www.rsssf.org/,
2010-03-07,,Sportivo Belgrano,Talleres (C),1,1,,,Torneo Argentino A,2009,zonas,Zone 2,Fecha 10,,false,https://es.wikipedia.org/wiki/Torneo_Argentino_A_2009-10 + https://www.rsssf.org/,
2010-03-08,,Ramón Santamarina,Rivadavia (L),3,2,,,Torneo Argentino A,2009,zonas,Zone 1,Fecha 10,,false,https://es.wikipedia.org/wiki/Torneo_Argentino_A_2009-10 + https://www.rsssf.org/,
2010-03-09,,Aldosivi,All Boys,2,0,,,Primera Nacional,2009,zonas,,Fecha 26,,false,https://es.wikipedia.org/wiki/Campeonato_de_Primera_B_Nacional_2009-10 + https://www.worldfootball.net/,
2010-03-09,,Belgrano,Defensa y Justicia,2,0,,,Primera Nacional,2009,zonas,,Fecha 26,,false,https://es.wikipedia.org/wiki/Campeonato_de_Primera_B_Nacional_2009-10 + https://www.worldfootball.net/,
2010-03-09,,Boca Unidos,Instituto,0,0,,,Primera Nacional,2009,zonas,,Fecha 26,,false,https://es.wikipedia.org/wiki/Campeonato_de_Primera_B_Nacional_2009-10 + https://www.worldfootball.net/,
2010-03-09,,CAI,San Martín (T),1,1,,,Primera Nacional,2009,zonas,,Fecha 26,,false,https://es.wikipedia.org/wiki/Campeonato_de_Primera_B_Nacional_2009-10 + https://www.worldfootball.net/,
2010-03-09,,Deportivo Merlo,Sportivo Italiano,1,0,,,Primera Nacional,2009,zonas,,Fecha 26,,false,https://es.wikipedia.org/wiki/Campeonato_de_Primera_B_Nacional_2009-10 + https://www.worldfootball.net/,
2010-03-09,,Ferro Carril Oeste,Tiro Federal,0,0,,,Primera Nacional,2009,zonas,,Fecha 26,,false,https://es.wikipedia.org/wiki/Campeonato_de_Primera_B_Nacional_2009-10 + https://www.worldfootball.net/,
2010-03-09,,Platense,Unión,2,1,,,Primera Nacional,2009,zonas,,Fecha 26,,false,https://es.wikipedia.org/wiki/Campeonato_de_Primera_B_Nacional_2009-10 + https://www.worldfootball.net/,
2010-03-09,,Quilmes,Olimpo,1,0,,,Primera Nacional,2009,zonas,,Fecha 26,,false,https://es.wikipedia.org/wiki/Campeonato_de_Primera_B_Nacional_2009-10 + https://www.worldfootball.net/,
2010-03-10,,Argentino de Merlo,J. J. de Urquiza,3,1,,,Primera C,2009,zonas,,Fecha 31,,false,https://es.wikipedia.org/wiki/Campeonato_de_Primera_C_2009-10_(Argentina) + https://www.rsssf.org/,
2010-03-10,,Argentino de Rosario,Barracas Central,1,2,,,Primera C,2009,zonas,,Fecha 31,,false,https://es.wikipedia.org/wiki/Campeonato_de_Primera_C_2009-10_(Argentina) + https://www.rsssf.org/,
2010-03-10,,Atlético de Rafaela,San Martín (SJ),0,0,,,Primera Nacional,2009,zonas,,Fecha 26,,false,https://es.wikipedia.org/wiki/Campeonato_de_Primera_B_Nacional_2009-10 + https://www.worldfootball.net/,
2010-03-10,,Defensores Unidos,El Porvenir,1,1,,,Primera C,2009,zonas,,Fecha 31,,false,https://es.wikipedia.org/wiki/Campeonato_de_Primera_C_2009-10_(Argentina) + https://www.rsssf.org/,
2010-03-10,,Defensores de Cambaceres,Leandro N. Alem,1,1,,,Primera C,2009,zonas,,Fecha 31,,false,https://es.wikipedia.org/wiki/Campeonato_de_Primera_C_2009-10_(Argentina) + https://www.rsssf.org/,
2010-03-10,,Deportivo Laferrere,Excursionistas,1,1,,,Primera C,2009,zonas,,Fecha 31,,false,https://es.wikipedia.org/wiki/Campeonato_de_Primera_C_2009-10_(Argentina) + https://www.rsssf.org/,
2010-03-10,,General Lamadrid,Ferrocarril Midland,0,1,,,Primera C,2009,zonas,,Fecha 31,,false,https://es.wikipedia.org/wiki/Campeonato_de_Primera_C_2009-10_(Argentina) + https://www.rsssf.org/,
2010-03-10,,Independiente Rivadavia,Gimnasia y Esgrima (J),0,3,,,Primera Nacional,2009,zonas,,Fecha 26,,false,https://es.wikipedia.org/wiki/Campeonato_de_Primera_B_Nacional_2009-10 + https://www.worldfootball.net/,
2010-03-10,,Luján,Villa Dálmine,0,1,,,Primera C,2009,zonas,,Fecha 31,,false,https://es.wikipedia.org/wiki/Campeonato_de_Primera_C_2009-10_(Argentina) + https://www.rsssf.org/,
2010-03-10,,Sacachispas,Barracas Bolívar,2,0,,,Primera C,2009,zonas,,Fecha 31,,false,https://es.wikipedia.org/wiki/Campeonato_de_Primera_C_2009-10_(Argentina) + https://www.rsssf.org/,
2010-03-10,,San Miguel,Berazategui,1,0,,,Primera C,2009,zonas,,Fecha 31,,false,https://es.wikipedia.org/wiki/Campeonato_de_Primera_C_2009-10_(Argentina) + https://www.rsssf.org/,
2010-03-10,,Talleres (RdE),Fénix,5,1,,,Primera C,2009,zonas,,Fecha 31,,false,https://es.wikipedia.org/wiki/Campeonato_de_Primera_C_2009-10_(Argentina) + https://www.rsssf.org/,
2010-03-12,,Cipolletti,Guillermo Brown,0,0,,,Torneo Argentino A,2009,zonas,Zone 3,Fecha 11,,false,https://es.wikipedia.org/wiki/Torneo_Argentino_A_2009-10 + https://www.rsssf.org/,
2010-03-12,,Deportivo Maipú,Juventud Unida Universitario,1,1,,,Torneo Argentino A,2009,zonas,Zone 3,Fecha 11,,false,https://es.wikipedia.org/wiki/Torneo_Argentino_A_2009-10 + https://www.rsssf.org/,
2010-03-12,,Estudiantes (RC),Huracán (TA),2,2,,,Torneo Argentino A,2009,zonas,Zone 3,Fecha 11,,false,https://es.wikipedia.org/wiki/Torneo_Argentino_A_2009-10 + https://www.rsssf.org/,
2010-03-12,,Villa Mitre,Alumni (VM),0,0,,,Torneo Argentino A,2009,zonas,Zone 3,Fecha 11,,false,https://es.wikipedia.org/wiki/Torneo_Argentino_A_2009-10 + https://www.rsssf.org/,
2010-03-13,,All Boys,Quilmes,1,0,,,Primera Nacional,2009,zonas,,Fecha 27,,false,https://es.wikipedia.org/wiki/Campeonato_de_Primera_B_Nacional_2009-10 + https://www.worldfootball.net/,
2010-03-13,,Barracas Bolívar,Argentino de Rosario,1,0,,,Primera C,2009,zonas,,Fecha 32,,false,https://es.wikipedia.org/wiki/Campeonato_de_Primera_C_2009-10_(Argentina) + https://www.rsssf.org/,
2010-03-13,,Barracas Central,Argentino de Merlo,3,0,,,Primera C,2009,zonas,,Fecha 32,,false,https://es.wikipedia.org/wiki/Campeonato_de_Primera_C_2009-10_(Argentina) + https://www.rsssf.org/,
2010-03-13,,Excursionistas,Defensores Unidos,2,1,,,Primera C,2009,zonas,,Fecha 32,,false,https://es.wikipedia.org/wiki/Campeonato_de_Primera_C_2009-10_(Argentina) + https://www.rsssf.org/,
2010-03-13,,Fénix,General Lamadrid,2,2,,,Primera C,2009,zonas,,Fecha 32,,false,https://es.wikipedia.org/wiki/Campeonato_de_Primera_C_2009-10_(Argentina) + https://www.rsssf.org/,
2010-03-13,,J. J. de Urquiza,Deportivo Laferrere,0,0,,,Primera C,2009,zonas,,Fecha 32,,false,https://es.wikipedia.org/wiki/Campeonato_de_Primera_C_2009-10_(Argentina) + https://www.rsssf.org/,
2010-03-13,,Sportivo Italiano,Aldosivi,1,1,,,Primera Nacional,2009,zonas,,Fecha 27,,false,https://es.wikipedia.org/wiki/Campeonato_de_Primera_B_Nacional_2009-10 + https://www.worldfootball.net/,
2010-03-13,,Talleres (C),Crucero del Norte,2,0,,,Torneo Argentino A,2009,zonas,Zone 2,Fecha 11,,false,https://es.wikipedia.org/wiki/Torneo_Argentino_A_2009-10 + https://www.rsssf.org/,
2010-03-13,,Tiro Federal,Platense,3,1,,,Primera Nacional,2009,zonas,,Fecha 27,,false,https://es.wikipedia.org/wiki/Campeonato_de_Primera_B_Nacional_2009-10 + https://www.worldfootball.net/,
2010-03-13,,Villa Dálmine,Talleres (RdE),0,2,,,Primera C,2009,zonas,,Fecha 32,,false,https://es.wikipedia.org/wiki/Campeonato_de_Primera_C_2009-10_(Argentina) + https://www.rsssf.org/,
2010-03-14,,Ben Hur,9 de Julio (R),0,1,,,Torneo Argentino A,2009,zonas,Zone 1,Fecha 11,,false,https://es.wikipedia.org/wiki/Torneo_Argentino_A_2009-10 + https://www.rsssf.org/,
2010-03-14,,Central Córdoba (SdE),Racing (C),2,1,,,Torneo Argentino A,2009,zonas,Zone 2,Fecha 11,,false,https://es.wikipedia.org/wiki/Torneo_Argentino_A_2009-10 + https://www.rsssf.org/,
2010-03-14,,Defensa y Justicia,Boca Unidos,3,1,,,Primera Nacional,2009,zonas,,Fecha 27,,false,https://es.wikipedia.org/wiki/Campeonato_de_Primera_B_Nacional_2009-10 + https://www.worldfootball.net/,
2010-03-14,,El Porvenir,Defensores de Cambaceres,3,1,,,Primera C,2009,zonas,,Fecha 32,,false,https://es.wikipedia.org/wiki/Campeonato_de_Primera_C_2009-10_(Argentina) + https://www.rsssf.org/,
2010-03-14,,Independiente Rivadavia,CAI,2,2,,,Primera Nacional,2009,zonas,,Fecha 27,,false,https://es.wikipedia.org/wiki/Campeonato_de_Primera_B_Nacional_2009-10 + https://www.worldfootball.net/,
2010-03-14,,Juventud (P),Gimnasia y Esgrima (CdU),2,0,,,Torneo Argentino A,2009,zonas,Zone 1,Fecha 11,,false,https://es.wikipedia.org/wiki/Torneo_Argentino_A_2009-10 + https://www.rsssf.org/,
2010-03-14,,Olimpo,Atlético de Rafaela,0,2,,,Primera Nacional,2009,zonas,,Fecha 27,,false,https://es.wikipedia.org/wiki/Campeonato_de_Primera_B_Nacional_2009-10 + https://www.worldfootball.net/,
2010-03-14,,Patronato,Ramón Santamarina,2,2,,,Torneo Argentino A,2009,zonas,Zone 1,Fecha 11,,false,https://es.wikipedia.org/wiki/Torneo_Argentino_A_2009-10 + https://www.rsssf.org/,
2010-03-14,,San Martín (T),Ferro Carril Oeste,1,0,,,Primera Nacional,2009,zonas,,Fecha 27,,false,https://es.wikipedia.org/wiki/Campeonato_de_Primera_B_Nacional_2009-10 + https://www.worldfootball.net/,
2010-03-14,,Sportivo Belgrano,Juventud Antoniana,2,1,,,Torneo Argentino A,2009,zonas,Zone 2,Fecha 11,,false,https://es.wikipedia.org/wiki/Torneo_Argentino_A_2009-10 + https://www.rsssf.org/,
2010-03-14,,Unión,Belgrano,2,2,,,Primera Nacional,2009,zonas,,Fecha 27,,false,https://es.wikipedia.org/wiki/Campeonato_de_Primera_B_Nacional_2009-10 + https://www.worldfootball.net/,
2010-03-14,,Unión (MdP),Rivadavia (L),2,1,,,Torneo Argentino A,2009,zonas,Zone 1,Fecha 11,,false,https://es.wikipedia.org/wiki/Torneo_Argentino_A_2009-10 + https://www.rsssf.org/,
2010-03-14,,Unión (S),Libertad (S),4,0,,,Torneo Argentino A,2009,zonas,Zone 2,Fecha 11,,false,https://es.wikipedia.org/wiki/Torneo_Argentino_A_2009-10 + https://www.rsssf.org/,
2010-03-15,,Berazategui,Luján,1,2,,,Primera C,2009,zonas,,Fecha 32,,false,https://es.wikipedia.org/wiki/Campeonato_de_Primera_C_2009-10_(Argentina) + https://www.rsssf.org/,
2010-03-15,,Ferrocarril Midland,Sacachispas,0,0,,,Primera C,2009,zonas,,Fecha 32,,false,https://es.wikipedia.org/wiki/Campeonato_de_Primera_C_2009-10_(Argentina) + https://www.rsssf.org/,
2010-03-15,,Gimnasia y Esgrima (J),San Martín (SJ),3,2,,,Primera Nacional,2009,zonas,,Fecha 27,,false,https://es.wikipedia.org/wiki/Campeonato_de_Primera_B_Nacional_2009-10 + https://www.worldfootball.net/,
2010-03-15,,Instituto,Deportivo Merlo,1,0,,,Primera Nacional,2009,zonas,,Fecha 27,,false,https://es.wikipedia.org/wiki/Campeonato_de_Primera_B_Nacional_2009-10 + https://www.worldfootball.net/,
2010-03-15,,Leandro N. Alem,San Miguel,1,1,,,Primera C,2009,zonas,,Fecha 32,,false,https://es.wikipedia.org/wiki/Campeonato_de_Primera_C_2009-10_(Argentina) + https://www.rsssf.org/,
2010-03-17,,Alumni (VM),Cipolletti,4,0,,,Torneo Argentino A,2009,zonas,Zone 3,Fecha 12,,false,https://es.wikipedia.org/wiki/Torneo_Argentino_A_2009-10 + https://www.rsssf.org/,
2010-03-17,,Argentino de Merlo,Defensores de Cambaceres,0,1,,,Primera C,2009,zonas,,Fecha 27,,false,https://es.wikipedia.org/wiki/Campeonato_de_Primera_C_2009-10_(Argentina) + https://www.rsssf.org/,
2010-03-17,,Deportivo Laferrere,Defensores Unidos,0,2,,,Primera C,2009,zonas,,Fecha 27,,false,https://es.wikipedia.org/wiki/Campeonato_de_Primera_C_2009-10_(Argentina) + https://www.rsssf.org/,
2010-03-17,,Desamparados,Villa Mitre,2,0,,,Torneo Argentino A,2009,zonas,Zone 3,Fecha 12,,false,https://es.wikipedia.org/wiki/Torneo_Argentino_A_2009-10 + https://www.rsssf.org/,
2010-03-17,,Guillermo Brown,Estudiantes (RC),1,1,,,Torneo Argentino A,2009,zonas,Zone 3,Fecha 12,,false,https://es.wikipedia.org/wiki/Torneo_Argentino_A_2009-10 + https://www.rsssf.org/,
2010-03-17,,Huracán (TA),Deportivo Maipú,2,1,,,Torneo Argentino A,2009,zonas,Zone 3,Fecha 12,,false,https://es.wikipedia.org/wiki/Torneo_Argentino_A_2009-10 + https://www.rsssf.org/,
2010-03-17,,Talleres (RdE),J. J. de Urquiza,2,0,,,Primera C,2009,zonas,,Fecha 27,,false,https://es.wikipedia.org/wiki/Campeonato_de_Primera_C_2009-10_(Argentina) + https://www.rsssf.org/,
2010-03-19,,Platense,San Martín (T),3,0,,,Primera Nacional,2009,zonas,,Fecha 28,,false,https://es.wikipedia.org/wiki/Campeonato_de_Primera_B_Nacional_2009-10 + https://www.worldfootball.net/,
2010-03-19,,Racing (C),Unión (S),0,2,,,Torneo Argentino A,2009,zonas,Zone 2,Fecha 12,,false,https://es.wikipedia.org/wiki/Torneo_Argentino_A_2009-10 + https://www.rsssf.org/,
2010-03-19,,Sacachispas,Fénix,1,0,,,Primera C,2009,zonas,,Fecha 33,,false,https://es.wikipedia.org/wiki/Campeonato_de_Primera_C_2009-10_(Argentina) + https://www.rsssf.org/,
2010-03-20,,Aldosivi,Instituto,2,0,,,Primera Nacional,2009,zonas,,Fecha 28,,false,https://es.wikipedia.org/wiki/Campeonato_de_Primera_B_Nacional_2009-10 + https://www.worldfootball.net/,
2010-03-20,,Argentino de Merlo,Barracas Bolívar,0,0,,,Primera C,2009,zonas,,Fecha 33,,false,https://es.wikipedia.org/wiki/Campeonato_de_Primera_C_2009-10_(Argentina) + https://www.rsssf.org/,
2010-03-20,,CAI,Gimnasia y Esgrima (J),1,1,,,Primera Nacional,2009,zonas,,Fecha 28,,false,https://es.wikipedia.org/wiki/Campeonato_de_Primera_B_Nacional_2009-10 + https://www.worldfootball.net/,
2010-03-20,,Defensores Unidos,J. J. de Urquiza,0,2,,,Primera C,2009,zonas,,Fecha 33,,false,https://es.wikipedia.org/wiki/Campeonato_de_Primera_C_2009-10_(Argentina) + https://www.rsssf.org/,
2010-03-20,,Defensores de Cambaceres,Excursionistas,1,0,,,Primera C,2009,zonas,,Fecha 33,,false,https://es.wikipedia.org/wiki/Campeonato_de_Primera_C_2009-10_(Argentina) + https://www.rsssf.org/,
2010-03-20,,Ferro Carril Oeste,Independiente Rivadavia,1,0,,,Primera Nacional,2009,zonas,,Fecha 28,,false,https://es.wikipedia.org/wiki/Campeonato_de_Primera_B_Nacional_2009-10 + https://www.worldfootball.net/,
2010-03-20,,General Lamadrid,Villa Dálmine,1,0,,,Primera C,2009,zonas,,Fecha 33,,false,https://es.wikipedia.org/wiki/Campeonato_de_Primera_C_2009-10_(Argentina) + https://www.rsssf.org/,
2010-03-20,,Leandro N. Alem,El Porvenir,0,1,,,Primera C,2009,zonas,,Fecha 33,,false,https://es.wikipedia.org/wiki/Campeonato_de_Primera_C_2009-10_(Argentina) + https://www.rsssf.org/,
2010-03-20,,Quilmes,Sportivo Italiano,2,0,,,Primera Nacional,2009,zonas,,Fecha 28,,false,https://es.wikipedia.org/wiki/Campeonato_de_Primera_B_Nacional_2009-10 + https://www.worldfootball.net/,
2010-03-21,,9 de Julio (R),Juventud (P),3,1,,,Torneo Argentino A,2009,zonas,Zone 1,Fecha 12,,false,https://es.wikipedia.org/wiki/Torneo_Argentino_A_2009-10 + https://www.rsssf.org/,
2010-03-21,,Argentino de Rosario,Ferrocarril Midland,3,0,,,Primera C,2009,zonas,,Fecha 33,,false,https://es.wikipedia.org/wiki/Campeonato_de_Primera_C_2009-10_(Argentina) + https://www.rsssf.org/,
2010-03-21,,Atlético de Rafaela,All Boys,4,1,,,Primera Nacional,2009,zonas,,Fecha 28,,false,https://es.wikipedia.org/wiki/Campeonato_de_Primera_B_Nacional_2009-10 + https://www.worldfootball.net/,
2010-03-21,,Boca Unidos,Unión,2,2,,,Primera Nacional,2009,zonas,,Fecha 28,,false,https://es.wikipedia.org/wiki/Campeonato_de_Primera_B_Nacional_2009-10 + https://www.worldfootball.net/,
2010-03-21,,Cipolletti,Desamparados,0,1,,,Torneo Argentino A,2009,zonas,Zone 3,Fecha 13,,false,https://es.wikipedia.org/wiki/Torneo_Argentino_A_2009-10 + https://www.rsssf.org/,
2010-03-21,,Crucero del Norte,Central Córdoba (SdE),2,0,,,Torneo Argentino A,2009,zonas,Zone 2,Fecha 12,,false,https://es.wikipedia.org/wiki/Torneo_Argentino_A_2009-10 + https://www.rsssf.org/,
2010-03-21,,Deportivo Laferrere,Barracas Central,0,2,,,Primera C,2009,zonas,,Fecha 33,,false,https://es.wikipedia.org/wiki/Campeonato_de_Primera_C_2009-10_(Argentina) + https://www.rsssf.org/,
2010-03-21,,Deportivo Merlo,Defensa y Justicia,2,1,,,Primera Nacional,2009,zonas,,Fecha 28,,false,https://es.wikipedia.org/wiki/Campeonato_de_Primera_B_Nacional_2009-10 + https://www.worldfootball.net/,
2010-03-21,,Estudiantes (RC),Alumni (VM),1,0,,,Torneo Argentino A,2009,zonas,Zone 3,Fecha 13,,false,https://es.wikipedia.org/wiki/Torneo_Argentino_A_2009-10 + https://www.rsssf.org/,
2010-03-21,,Gimnasia y Esgrima (CdU),Unión (MdP),3,0,,,Torneo Argentino A,2009,zonas,Zone 1,Fecha 12,,false,https://es.wikipedia.org/wiki/Torneo_Argentino_A_2009-10 + https://www.rsssf.org/,
2010-03-21,,Juventud Antoniana,Talleres (C),1,2,,,Torneo Argentino A,2009,zonas,Zone 2,Fecha 12,,false,https://es.wikipedia.org/wiki/Torneo_Argentino_A_2009-10 + https://www.rsssf.org/,
2010-03-21,,Juventud Unida Universitario,Huracán (TA),1,1,,,Torneo Argentino A,2009,zonas,Zone 3,Fecha 13,,false,https://es.wikipedia.org/wiki/Torneo_Argentino_A_2009-10 + https://www.rsssf.org/,
2010-03-21,,Libertad (S),Sportivo Belgrano,0,0,,,Torneo Argentino A,2009,zonas,Zone 2,Fecha 12,,false,https://es.wikipedia.org/wiki/Torneo_Argentino_A_2009-10 + https://www.rsssf.org/,
2010-03-21,,Rivadavia (L),Patronato,0,1,,,Torneo Argentino A,2009,zonas,Zone 1,Fecha 12,,false,https://es.wikipedia.org/wiki/Torneo_Argentino_A_2009-10 + https://www.rsssf.org/,
2010-03-21,,San Miguel,Luján,2,0,,,Primera C,2009,zonas,,Fecha 33,,false,https://es.wikipedia.org/wiki/Campeonato_de_Primera_C_2009-10_(Argentina) + https://www.rsssf.org/,
2010-03-21,,Talleres (RdE),Berazategui,0,1,,,Primera C,2009,zonas,,Fecha 33,,false,https://es.wikipedia.org/wiki/Campeonato_de_Primera_C_2009-10_(Argentina) + https://www.rsssf.org/,
2010-03-22,,Belgrano,Tiro Federal,2,0,,,Primera Nacional,2009,zonas,,Fecha 28,,false,https://es.wikipedia.org/wiki/Campeonato_de_Primera_B_Nacional_2009-10 + https://www.worldfootball.net/,
2010-03-22,,Deportivo Maipú,Guillermo Brown,1,1,,,Torneo Argentino A,2009,zonas,Zone 3,Fecha 13,,false,https://es.wikipedia.org/wiki/Torneo_Argentino_A_2009-10 + https://www.rsssf.org/,
2010-03-22,,Ramón Santamarina,Ben Hur,3,0,,,Torneo Argentino A,2009,zonas,Zone 1,Fecha 12,,false,https://es.wikipedia.org/wiki/Torneo_Argentino_A_2009-10 + https://www.rsssf.org/,
2010-03-22,,San Martín (SJ),Olimpo,1,1,,,Primera Nacional,2009,zonas,,Fecha 28,,false,https://es.wikipedia.org/wiki/Campeonato_de_Primera_B_Nacional_2009-10 + https://www.worldfootball.net/,
2010-03-23,,J. J. de Urquiza,Defensores de Cambaceres,1,1,,,Primera C,2009,zonas,,Fecha 34,,false,https://es.wikipedia.org/wiki/Campeonato_de_Primera_C_2009-10_(Argentina) + https://www.rsssf.org/,
2010-03-23,,Villa Dálmine,Sacachispas,2,0,,,Primera C,2009,zonas,,Fecha 34,,false,https://es.wikipedia.org/wiki/Campeonato_de_Primera_C_2009-10_(Argentina) + https://www.rsssf.org/,
2010-03-25,,Instituto,Quilmes,0,1,,,Primera Nacional,2009,zonas,,Fecha 29,,false,https://es.wikipedia.org/wiki/Campeonato_de_Primera_B_Nacional_2009-10 + https://www.worldfootball.net/,
2010-03-27,,All Boys,San Martín (SJ),3,0,,,Primera Nacional,2009,zonas,,Fecha 29,,false,https://es.wikipedia.org/wiki/Campeonato_de_Primera_B_Nacional_2009-10 + https://www.worldfootball.net/,
2010-03-27,,Argentino de Rosario,Villa Dálmine,1,1,,,Primera C,2009,zonas,,Fecha 35,,false,https://es.wikipedia.org/wiki/Campeonato_de_Primera_C_2009-10_(Argentina) + https://www.rsssf.org/,
2010-03-27,,CAI,Ferro Carril Oeste,2,0,,,Primera Nacional,2009,zonas,,Fecha 29,,false,https://es.wikipedia.org/wiki/Campeonato_de_Primera_B_Nacional_2009-10 + https://www.worldfootball.net/,
2010-03-27,,General Lamadrid,Luján,2,1,,,Primera C,2009,zonas,,Fecha 35,,false,https://es.wikipedia.org/wiki/Campeonato_de_Primera_C_2009-10_(Argentina) + https://www.rsssf.org/,
2010-03-27,,Independiente Rivadavia,Platense,2,1,,,Primera Nacional,2009,zonas,,Fecha 29,,false,https://es.wikipedia.org/wiki/Campeonato_de_Primera_B_Nacional_2009-10 + https://www.worldfootball.net/,
2010-03-27,,Sacachispas,Berazategui,2,1,,,Primera C,2009,zonas,,Fecha 35,,false,https://es.wikipedia.org/wiki/Campeonato_de_Primera_C_2009-10_(Argentina) + https://www.rsssf.org/,
2010-03-27,,Sportivo Italiano,Atlético de Rafaela,3,1,,,Primera Nacional,2009,zonas,,Fecha 29,,false,https://es.wikipedia.org/wiki/Campeonato_de_Primera_B_Nacional_2009-10 + https://www.worldfootball.net/,
2010-03-27,,Unión,Deportivo Merlo,2,0,,,Primera Nacional,2009,zonas,,Fecha 29,,false,https://es.wikipedia.org/wiki/Campeonato_de_Primera_B_Nacional_2009-10 + https://www.worldfootball.net/,
2010-03-28,,9 de Julio (R),Racing (C),1,0,,,Torneo Argentino A,2009,zonas,Zone 1,Fecha 13,,false,https://es.wikipedia.org/wiki/Torneo_Argentino_A_2009-10 + https://www.rsssf.org/,
2010-03-28,,Alumni (VM),Deportivo Maipú,0,0,,,Torneo Argentino A,2009,zonas,Zone 3,Fecha 14,,false,https://es.wikipedia.org/wiki/Torneo_Argentino_A_2009-10 + https://www.rsssf.org/,
2010-03-28,,Argentino de Merlo,Fénix,0,0,,,Primera C,2009,zonas,,Fecha 35,,false,https://es.wikipedia.org/wiki/Campeonato_de_Primera_C_2009-10_(Argentina) + https://www.rsssf.org/,
2010-03-28,,Central Córdoba (SdE),Gimnasia y Esgrima (CdU),2,1,,,Torneo Argentino A,2009,zonas,Zone 1,Fecha 13,,false,https://es.wikipedia.org/wiki/Torneo_Argentino_A_2009-10 + https://www.rsssf.org/,
2010-03-28,,Crucero del Norte,Rivadavia (L),3,2,,,Torneo Argentino A,2009,zonas,Zone 1,Fecha 13,,false,https://es.wikipedia.org/wiki/Torneo_Argentino_A_2009-10 + https://www.rsssf.org/,
2010-03-28,,Defensa y Justicia,Aldosivi,1,4,,,Primera Nacional,2009,zonas,,Fecha 29,,false,https://es.wikipedia.org/wiki/Campeonato_de_Primera_B_Nacional_2009-10 + https://www.worldfootball.net/,
2010-03-28,,Defensores Unidos,Barracas Bolívar,2,1,,,Primera C,2009,zonas,,Fecha 35,,false,https://es.wikipedia.org/wiki/Campeonato_de_Primera_C_2009-10_(Argentina) + https://www.rsssf.org/,
2010-03-28,,Defensores de Cambaceres,Barracas Central,0,3,,,Primera C,2009,zonas,,Fecha 35,,false,https://es.wikipedia.org/wiki/Campeonato_de_Primera_C_2009-10_(Argentina) + https://www.rsssf.org/,
2010-03-28,,Deportivo Laferrere,Ferrocarril Midland,0,1,,,Primera C,2009,zonas,,Fecha 35,,false,https://es.wikipedia.org/wiki/Campeonato_de_Primera_C_2009-10_(Argentina) + https://www.rsssf.org/,
2010-03-28,,Desamparados,Estudiantes (RC),0,1,,,Torneo Argentino A,2009,zonas,Zone 3,Fecha 14,,false,https://es.wikipedia.org/wiki/Torneo_Argentino_A_2009-10 + https://www.rsssf.org/,
2010-03-28,,Gimnasia y Esgrima (J),Olimpo,0,4,,,Primera Nacional,2009,zonas,,Fecha 29,,false,https://es.wikipedia.org/wiki/Campeonato_de_Primera_B_Nacional_2009-10 + https://www.worldfootball.net/,
2010-03-28,,Guillermo Brown,Juventud Unida Universitario,3,1,,,Torneo Argentino A,2009,zonas,Zone 3,Fecha 14,,false,https://es.wikipedia.org/wiki/Torneo_Argentino_A_2009-10 + https://www.rsssf.org/,
2010-03-28,,Juventud (P),Sportivo Belgrano,1,2,,,Torneo Argentino A,2009,zonas,Zone 1,Fecha 13,,false,https://es.wikipedia.org/wiki/Torneo_Argentino_A_2009-10 + https://www.rsssf.org/,
2010-03-28,,Leandro N. Alem,J. J. de Urquiza,3,3,,,Primera C,2009,zonas,,Fecha 35,,false,https://es.wikipedia.org/wiki/Campeonato_de_Primera_C_2009-10_(Argentina) + https://www.rsssf.org/,
2010-03-28,,Libertad (S),Ramón Santamarina,3,0,,,Torneo Argentino A,2009,zonas,Zone 1,Fecha 13,,false,https://es.wikipedia.org/wiki/Torneo_Argentino_A_2009-10 + https://www.rsssf.org/,
2010-03-28,,Patronato,Juventud Antoniana,2,0,,,Torneo Argentino A,2009,zonas,Zone 1,Fecha 13,,false,https://es.wikipedia.org/wiki/Torneo_Argentino_A_2009-10 + https://www.rsssf.org/,
2010-03-28,,San Miguel,Talleres (RdE),0,2,,,Primera C,2009,zonas,,Fecha 35,,false,https://es.wikipedia.org/wiki/Campeonato_de_Primera_C_2009-10_(Argentina) + https://www.rsssf.org/,
2010-03-28,,Talleres (C),Ben Hur,4,0,,,Torneo Argentino A,2009,zonas,Zone 1,Fecha 13,,false,https://es.wikipedia.org/wiki/Torneo_Argentino_A_2009-10 + https://www.rsssf.org/,
2010-03-28,,Tiro Federal,Boca Unidos,6,0,,,Primera Nacional,2009,zonas,,Fecha 29,,false,https://es.wikipedia.org/wiki/Campeonato_de_Primera_B_Nacional_2009-10 + https://www.worldfootball.net/,
2010-03-28,,Unión (MdP),Unión (S),2,4,,,Torneo Argentino A,2009,zonas,Zone 1,Fecha 13,,false,https://es.wikipedia.org/wiki/Torneo_Argentino_A_2009-10 + https://www.rsssf.org/,
2010-03-28,,Villa Mitre,Cipolletti,4,1,,,Torneo Argentino A,2009,zonas,Zone 3,Fecha 14,,false,https://es.wikipedia.org/wiki/Torneo_Argentino_A_2009-10 + https://www.rsssf.org/,
2010-03-29,,El Porvenir,Excursionistas,1,0,,,Primera C,2009,zonas,,Fecha 35,,false,https://es.wikipedia.org/wiki/Campeonato_de_Primera_C_2009-10_(Argentina) + https://www.rsssf.org/,
2010-03-29,,San Martín (T),Belgrano,1,0,,,Primera Nacional,2009,zonas,,Fecha 29,,false,https://es.wikipedia.org/wiki/Campeonato_de_Primera_B_Nacional_2009-10 + https://www.worldfootball.net/,
2010-03-31,,Berazategui,Barracas Bolívar,1,2,,,Primera C,2009,zonas,,Fecha 27,,false,https://es.wikipedia.org/wiki/Campeonato_de_Primera_C_2009-10_(Argentina) + https://www.rsssf.org/,
2010-03-31,,Luján,Barracas Central,1,2,,,Primera C,2009,zonas,,Fecha 27,,false,https://es.wikipedia.org/wiki/Campeonato_de_Primera_C_2009-10_(Argentina) + https://www.rsssf.org/,
2010-03-31,,Villa Dálmine,Ferrocarril Midland,0,0,,,Primera C,2009,zonas,,Fecha 27,,false,https://es.wikipedia.org/wiki/Campeonato_de_Primera_C_2009-10_(Argentina) + https://www.rsssf.org/,suspendido
2010-04-01,,Estudiantes (RC),Villa Mitre,2,0,,,Torneo Argentino A,2009,zonas,Zone 3,Fecha 15,,false,https://es.wikipedia.org/wiki/Torneo_Argentino_A_2009-10 + https://www.rsssf.org/,
2010-04-01,,Platense,CAI,4,1,,,Primera Nacional,2009,zonas,,Fecha 30,,false,https://es.wikipedia.org/wiki/Campeonato_de_Primera_B_Nacional_2009-10 + https://www.worldfootball.net/,
2010-04-02,,Deportivo Maipú,Desamparados,2,2,,,Torneo Argentino A,2009,zonas,Zone 3,Fecha 15,,false,https://es.wikipedia.org/wiki/Torneo_Argentino_A_2009-10 + https://www.rsssf.org/,
2010-04-02,,J. J. de Urquiza,El Porvenir,1,2,,,Primera C,2009,zonas,,Fecha 36,,false,https://es.wikipedia.org/wiki/Campeonato_de_Primera_C_2009-10_(Argentina) + https://www.rsssf.org/,
2010-04-02,,San Martín (SJ),Sportivo Italiano,4,0,,,Primera Nacional,2009,zonas,,Fecha 30,,false,https://es.wikipedia.org/wiki/Campeonato_de_Primera_B_Nacional_2009-10 + https://www.worldfootball.net/,
2010-04-03,,Aldosivi,Unión,1,0,,,Primera Nacional,2009,zonas,,Fecha 30,,false,https://es.wikipedia.org/wiki/Campeonato_de_Primera_B_Nacional_2009-10 + https://www.worldfootball.net/,
2010-04-03,,Barracas Bolívar,Defensores de Cambaceres,1,2,,,Primera C,2009,zonas,,Fecha 36,,false,https://es.wikipedia.org/wiki/Campeonato_de_Primera_C_2009-10_(Argentina) + https://www.rsssf.org/,
2010-04-03,,Barracas Central,Leandro N. Alem,2,0,,,Primera C,2009,zonas,,Fecha 36,,false,https://es.wikipedia.org/wiki/Campeonato_de_Primera_C_2009-10_(Argentina) + https://www.rsssf.org/,
2010-04-03,,Belgrano,Independiente Rivadavia,0,1,,,Primera Nacional,2009,zonas,,Fecha 30,,false,https://es.wikipedia.org/wiki/Campeonato_de_Primera_B_Nacional_2009-10 + https://www.worldfootball.net/,
2010-04-03,,Berazategui,Argentino de Rosario,2,0,,,Primera C,2009,zonas,,Fecha 36,,false,https://es.wikipedia.org/wiki/Campeonato_de_Primera_C_2009-10_(Argentina) + https://www.rsssf.org/,
2010-04-03,,Excursionistas,San Miguel,2,1,,,Primera C,2009,zonas,,Fecha 36,,false,https://es.wikipedia.org/wiki/Campeonato_de_Primera_C_2009-10_(Argentina) + https://www.rsssf.org/,
2010-04-03,,Ferro Carril Oeste,Gimnasia y Esgrima (J),1,0,,,Primera Nacional,2009,zonas,,Fecha 30,,false,https://es.wikipedia.org/wiki/Campeonato_de_Primera_B_Nacional_2009-10 + https://www.worldfootball.net/,
2010-04-03,,Ferrocarril Midland,Defensores Unidos,1,0,,,Primera C,2009,zonas,,Fecha 36,,false,https://es.wikipedia.org/wiki/Campeonato_de_Primera_C_2009-10_(Argentina) + https://www.rsssf.org/,
2010-04-03,,Fénix,Deportivo Laferrere,0,1,,,Primera C,2009,zonas,,Fecha 36,,false,https://es.wikipedia.org/wiki/Campeonato_de_Primera_C_2009-10_(Argentina) + https://www.rsssf.org/,
2010-04-03,,Huracán (TA),Guillermo Brown,0,1,,,Torneo Argentino A,2009,zonas,Zone 3,Fecha 15,,false,https://es.wikipedia.org/wiki/Torneo_Argentino_A_2009-10 + https://www.rsssf.org/,
2010-04-03,,Juventud Unida Universitario,Alumni (VM),3,0,,,Torneo Argentino A,2009,zonas,Zone 3,Fecha 15,,false,https://es.wikipedia.org/wiki/Torneo_Argentino_A_2009-10 + https://www.rsssf.org/,
2010-04-03,,Luján,Sacachispas,0,1,,,Primera C,2009,zonas,,Fecha 36,,false,https://es.wikipedia.org/wiki/Campeonato_de_Primera_C_2009-10_(Argentina) + https://www.rsssf.org/,
2010-04-03,,Olimpo,All Boys,2,1,,,Primera Nacional,2009,zonas,,Fecha 30,,false,https://es.wikipedia.org/wiki/Campeonato_de_Primera_B_Nacional_2009-10 + https://www.worldfootball.net/,
2010-04-03,,Quilmes,Defensa y Justicia,2,1,,,Primera Nacional,2009,zonas,,Fecha 30,,false,https://es.wikipedia.org/wiki/Campeonato_de_Primera_B_Nacional_2009-10 + https://www.worldfootball.net/,
2010-04-03,,Talleres (RdE),General Lamadrid,0,0,,,Primera C,2009,zonas,,Fecha 36,,false,https://es.wikipedia.org/wiki/Campeonato_de_Primera_C_2009-10_(Argentina) + https://www.rsssf.org/,
2010-04-03,,Unión (S),Crucero del Norte,1,0,,,Torneo Argentino A,2009,zonas,Zone 2,Fecha 14,,false,https://es.wikipedia.org/wiki/Torneo_Argentino_A_2009-10 + https://www.rsssf.org/,
2010-04-03,,Villa Dálmine,Argentino de Merlo,2,2,,,Primera C,2009,zonas,,Fecha 36,,false,https://es.wikipedia.org/wiki/Campeonato_de_Primera_C_2009-10_(Argentina) + https://www.rsssf.org/,
2010-04-04,,Ben Hur,Rivadavia (L),1,0,,,Torneo Argentino A,2009,zonas,Zone 1,Fecha 14,,false,https://es.wikipedia.org/wiki/Torneo_Argentino_A_2009-10 + https://www.rsssf.org/,
2010-04-04,,Boca Unidos,San Martín (T),0,0,,,Primera Nacional,2009,zonas,,Fecha 30,,false,https://es.wikipedia.org/wiki/Campeonato_de_Primera_B_Nacional_2009-10 + https://www.worldfootball.net/,
2010-04-04,,Deportivo Merlo,Tiro Federal,1,2,,,Primera Nacional,2009,zonas,,Fecha 30,,false,https://es.wikipedia.org/wiki/Campeonato_de_Primera_B_Nacional_2009-10 + https://www.worldfootball.net/,
2010-04-04,,Gimnasia y Esgrima (CdU),9 de Julio (R),1,1,,,Torneo Argentino A,2009,zonas,Zone 1,Fecha 14,,false,https://es.wikipedia.org/wiki/Torneo_Argentino_A_2009-10 + https://www.rsssf.org/,
2010-04-04,,Juventud (P),Ramón Santamarina,0,2,,,Torneo Argentino A,2009,zonas,Zone 1,Fecha 14,,false,https://es.wikipedia.org/wiki/Torneo_Argentino_A_2009-10 + https://www.rsssf.org/,
2010-04-04,,Juventud Antoniana,Libertad (S),1,2,,,Torneo Argentino A,2009,zonas,Zone 2,Fecha 14,,false,https://es.wikipedia.org/wiki/Torneo_Argentino_A_2009-10 + https://www.rsssf.org/,
2010-04-04,,Sportivo Belgrano,Racing (C),0,1,,,Torneo Argentino A,2009,zonas,Zone 2,Fecha 14,,false,https://es.wikipedia.org/wiki/Torneo_Argentino_A_2009-10 + https://www.rsssf.org/,
2010-04-04,,Talleres (C),Central Córdoba (SdE),2,2,,,Torneo Argentino A,2009,zonas,Zone 2,Fecha 14,,false,https://es.wikipedia.org/wiki/Torneo_Argentino_A_2009-10 + https://www.rsssf.org/,
2010-04-04,,Unión (MdP),Patronato,2,1,,,Torneo Argentino A,2009,zonas,Zone 1,Fecha 14,,false,https://es.wikipedia.org/wiki/Torneo_Argentino_A_2009-10 + https://www.rsssf.org/,
2010-04-05,,Atlético de Rafaela,Instituto,1,0,,,Primera Nacional,2009,zonas,,Fecha 30,,false,https://es.wikipedia.org/wiki/Campeonato_de_Primera_B_Nacional_2009-10 + https://www.worldfootball.net/,
2010-04-06,,Barracas Central,Defensores Unidos,1,1,,,Primera C,2009,zonas,,Fecha 34,,false,https://es.wikipedia.org/wiki/Campeonato_de_Primera_C_2009-10_(Argentina) + https://www.rsssf.org/,
2010-04-06,,Excursionistas,Leandro N. Alem,2,0,,,Primera C,2009,zonas,,Fecha 34,,false,https://es.wikipedia.org/wiki/Campeonato_de_Primera_C_2009-10_(Argentina) + https://www.rsssf.org/,
2010-04-07,,Alumni (VM),Huracán (TA),2,1,,,Torneo Argentino A,2009,zonas,Zone 3,Fecha 16,,false,https://es.wikipedia.org/wiki/Torneo_Argentino_A_2009-10 + https://www.rsssf.org/,
2010-04-07,,Barracas Bolívar,Deportivo Laferrere,1,3,,,Primera C,2009,zonas,,Fecha 34,,false,https://es.wikipedia.org/wiki/Campeonato_de_Primera_C_2009-10_(Argentina) + https://www.rsssf.org/,
2010-04-07,,Berazategui,General Lamadrid,3,0,,,Primera C,2009,zonas,,Fecha 34,,false,https://es.wikipedia.org/wiki/Campeonato_de_Primera_C_2009-10_(Argentina) + https://www.rsssf.org/,
2010-04-07,,Cipolletti,Estudiantes (RC),0,4,,,Torneo Argentino A,2009,zonas,Zone 3,Fecha 16,,false,https://es.wikipedia.org/wiki/Torneo_Argentino_A_2009-10 + https://www.rsssf.org/,suspendido
2010-04-07,,Desamparados,Juventud Unida Universitario,3,1,,,Torneo Argentino A,2009,zonas,Zone 3,Fecha 16,,false,https://es.wikipedia.org/wiki/Torneo_Argentino_A_2009-10 + https://www.rsssf.org/,
2010-04-07,,El Porvenir,San Miguel,2,0,,,Primera C,2009,zonas,,Fecha 34,,false,https://es.wikipedia.org/wiki/Campeonato_de_Primera_C_2009-10_(Argentina) + https://www.rsssf.org/,
2010-04-07,,Ferrocarril Midland,Argentino de Merlo,2,1,,,Primera C,2009,zonas,,Fecha 34,,false,https://es.wikipedia.org/wiki/Campeonato_de_Primera_C_2009-10_(Argentina) + https://www.rsssf.org/,
2010-04-07,,Fénix,Argentino de Rosario,0,2,,,Primera C,2009,zonas,,Fecha 34,,false,https://es.wikipedia.org/wiki/Campeonato_de_Primera_C_2009-10_(Argentina) + https://www.rsssf.org/,
2010-04-07,,Luján,Talleres (RdE),0,1,,,Primera C,2009,zonas,,Fecha 34,,false,https://es.wikipedia.org/wiki/Campeonato_de_Primera_C_2009-10_(Argentina) + https://www.rsssf.org/,
2010-04-07,,Villa Mitre,Deportivo Maipú,1,0,,,Torneo Argentino A,2009,zonas,Zone 3,Fecha 16,,false,https://es.wikipedia.org/wiki/Torneo_Argentino_A_2009-10 + https://www.rsssf.org/,
2010-04-08,,Ferro Carril Oeste,Platense,1,0,,,Primera Nacional,2009,zonas,,Fecha 31,,false,https://es.wikipedia.org/wiki/Campeonato_de_Primera_B_Nacional_2009-10 + https://www.worldfootball.net/,
2010-04-09,,CAI,Belgrano,0,1,,,Primera Nacional,2009,zonas,,Fecha 31,,false,https://es.wikipedia.org/wiki/Campeonato_de_Primera_B_Nacional_2009-10 + https://www.worldfootball.net/,
2010-04-09,,Gimnasia y Esgrima (J),All Boys,1,0,,,Primera Nacional,2009,zonas,,Fecha 31,,false,https://es.wikipedia.org/wiki/Campeonato_de_Primera_B_Nacional_2009-10 + https://www.worldfootball.net/,
2010-04-09,,Independiente Rivadavia,Boca Unidos,2,2,,,Primera Nacional,2009,zonas,,Fecha 31,,false,https://es.wikipedia.org/wiki/Campeonato_de_Primera_B_Nacional_2009-10 + https://www.worldfootball.net/,
2010-04-09,,San Martín (T),Deportivo Merlo,4,3,,,Primera Nacional,2009,zonas,,Fecha 31,,false,https://es.wikipedia.org/wiki/Campeonato_de_Primera_B_Nacional_2009-10 + https://www.worldfootball.net/,
2010-04-09,,Tiro Federal,Aldosivi,3,4,,,Primera Nacional,2009,zonas,,Fecha 31,,false,https://es.wikipedia.org/wiki/Campeonato_de_Primera_B_Nacional_2009-10 + https://www.worldfootball.net/,
2010-04-09,,Unión,Quilmes,0,0,,,Primera Nacional,2009,zonas,,Fecha 31,,false,https://es.wikipedia.org/wiki/Campeonato_de_Primera_B_Nacional_2009-10 + https://www.worldfootball.net/,
2010-04-10,,Defensa y Justicia,Atlético de Rafaela,3,1,,,Primera Nacional,2009,zonas,,Fecha 31,,false,https://es.wikipedia.org/wiki/Campeonato_de_Primera_B_Nacional_2009-10 + https://www.worldfootball.net/,
2010-04-10,,El Porvenir,Barracas Central,1,2,,,Primera C,2009,zonas,,Fecha 37,,false,https://es.wikipedia.org/wiki/Campeonato_de_Primera_C_2009-10_(Argentina) + https://www.rsssf.org/,
2010-04-10,,Excursionistas,J. J. de Urquiza,0,0,,,Primera C,2009,zonas,,Fecha 37,,false,https://es.wikipedia.org/wiki/Campeonato_de_Primera_C_2009-10_(Argentina) + https://www.rsssf.org/,
2010-04-10,,Instituto,San Martín (SJ),2,0,,,Primera Nacional,2009,zonas,,Fecha 31,,false,https://es.wikipedia.org/wiki/Campeonato_de_Primera_B_Nacional_2009-10 + https://www.worldfootball.net/,
2010-04-10,,Rivadavia (L),Juventud (P),1,1,,,Torneo Argentino A,2009,zonas,Zone 1,Fecha 15,,false,https://es.wikipedia.org/wiki/Torneo_Argentino_A_2009-10 + https://www.rsssf.org/,
2010-04-10,,Sacachispas,Talleres (RdE),5,0,,,Primera C,2009,zonas,,Fecha 37,,false,https://es.wikipedia.org/wiki/Campeonato_de_Primera_C_2009-10_(Argentina) + https://www.rsssf.org/,
2010-04-10,,Sportivo Italiano,Olimpo,0,3,,,Primera Nacional,2009,zonas,,Fecha 31,,false,https://es.wikipedia.org/wiki/Campeonato_de_Primera_B_Nacional_2009-10 + https://www.worldfootball.net/,
2010-04-11,,9 de Julio (R),Unión (MdP),2,3,,,Torneo Argentino A,2009,zonas,Zone 1,Fecha 15,,false,https://es.wikipedia.org/wiki/Torneo_Argentino_A_2009-10 + https://www.rsssf.org/,
2010-04-11,,Argentino de Merlo,Berazategui,0,1,,,Primera C,2009,zonas,,Fecha 37,,false,https://es.wikipedia.org/wiki/Campeonato_de_Primera_C_2009-10_(Argentina) + https://www.rsssf.org/,
2010-04-11,,Argentino de Rosario,Luján,1,0,,,Primera C,2009,zonas,,Fecha 37,,false,https://es.wikipedia.org/wiki/Campeonato_de_Primera_C_2009-10_(Argentina) + https://www.rsssf.org/,
2010-04-11,,Central Córdoba (SdE),Unión (S),3,3,,,Torneo Argentino A,2009,zonas,Zone 2,Fecha 15,,false,https://es.wikipedia.org/wiki/Torneo_Argentino_A_2009-10 + https://www.rsssf.org/,
2010-04-11,,Crucero del Norte,Sportivo Belgrano,0,0,,,Torneo Argentino A,2009,zonas,Zone 2,Fecha 15,,false,https://es.wikipedia.org/wiki/Torneo_Argentino_A_2009-10 + https://www.rsssf.org/,
2010-04-11,,Defensores Unidos,Fénix,1,1,,,Primera C,2009,zonas,,Fecha 37,,false,https://es.wikipedia.org/wiki/Campeonato_de_Primera_C_2009-10_(Argentina) + https://www.rsssf.org/,
2010-04-11,,Defensores de Cambaceres,Ferrocarril Midland,0,1,,,Primera C,2009,zonas,,Fecha 37,,false,https://es.wikipedia.org/wiki/Campeonato_de_Primera_C_2009-10_(Argentina) + https://www.rsssf.org/,
2010-04-11,,Deportivo Laferrere,Villa Dálmine,3,2,,,Primera C,2009,zonas,,Fecha 37,,false,https://es.wikipedia.org/wiki/Campeonato_de_Primera_C_2009-10_(Argentina) + https://www.rsssf.org/,
2010-04-11,,Deportivo Maipú,Cipolletti,2,4,,,Torneo Argentino A,2009,zonas,Zone 3,Fecha 17,,false,https://es.wikipedia.org/wiki/Torneo_Argentino_A_2009-10 + https://www.rsssf.org/,
2010-04-11,,Guillermo Brown,Alumni (VM),2,2,,,Torneo Argentino A,2009,zonas,Zone 3,Fecha 17,,false,https://es.wikipedia.org/wiki/Torneo_Argentino_A_2009-10 + https://www.rsssf.org/,
2010-04-11,,Huracán (TA),Desamparados,0,2,,,Torneo Argentino A,2009,zonas,Zone 3,Fecha 17,,false,https://es.wikipedia.org/wiki/Torneo_Argentino_A_2009-10 + https://www.rsssf.org/,
2010-04-11,,Juventud Unida Universitario,Villa Mitre,3,1,,,Torneo Argentino A,2009,zonas,Zone 3,Fecha 17,,false,https://es.wikipedia.org/wiki/Torneo_Argentino_A_2009-10 + https://www.rsssf.org/,
2010-04-11,,Leandro N. Alem,Barracas Bolívar,0,0,,,Primera C,2009,zonas,,Fecha 37,,false,https://es.wikipedia.org/wiki/Campeonato_de_Primera_C_2009-10_(Argentina) + https://www.rsssf.org/,
2010-04-11,,Libertad (S),Talleres (C),1,0,,,Torneo Argentino A,2009,zonas,Zone 2,Fecha 15,,false,https://es.wikipedia.org/wiki/Torneo_Argentino_A_2009-10 + https://www.rsssf.org/,
2010-04-11,,Patronato,Ben Hur,2,0,,,Torneo Argentino A,2009,zonas,Zone 1,Fecha 15,,false,https://es.wikipedia.org/wiki/Torneo_Argentino_A_2009-10 + https://www.rsssf.org/,
2010-04-11,,Racing (C),Juventud Antoniana,0,1,,,Torneo Argentino A,2009,zonas,Zone 2,Fecha 15,,false,https://es.wikipedia.org/wiki/Torneo_Argentino_A_2009-10 + https://www.rsssf.org/,
2010-04-11,,Ramón Santamarina,Gimnasia y Esgrima (CdU),1,1,,,Torneo Argentino A,2009,zonas,Zone 1,Fecha 15,,false,https://es.wikipedia.org/wiki/Torneo_Argentino_A_2009-10 + https://www.rsssf.org/,
2010-04-11,,San Miguel,General Lamadrid,2,1,,,Primera C,2009,zonas,,Fecha 37,,false,https://es.wikipedia.org/wiki/Campeonato_de_Primera_C_2009-10_(Argentina) + https://www.rsssf.org/,
2010-04-13,,Aldosivi,San Martín (T),3,1,,,Primera Nacional,2009,zonas,,Fecha 32,,false,https://es.wikipedia.org/wiki/Campeonato_de_Primera_B_Nacional_2009-10 + https://www.worldfootball.net/,
2010-04-13,,All Boys,Sportivo Italiano,5,4,,,Primera Nacional,2009,zonas,,Fecha 32,,false,https://es.wikipedia.org/wiki/Campeonato_de_Primera_B_Nacional_2009-10 + https://www.worldfootball.net/,
2010-04-13,,Belgrano,Ferro Carril Oeste,3,1,,,Primera Nacional,2009,zonas,,Fecha 32,,false,https://es.wikipedia.org/wiki/Campeonato_de_Primera_B_Nacional_2009-10 + https://www.worldfootball.net/,
2010-04-13,,Boca Unidos,CAI,0,1,,,Primera Nacional,2009,zonas,,Fecha 32,,false,https://es.wikipedia.org/wiki/Campeonato_de_Primera_B_Nacional_2009-10 + https://www.worldfootball.net/,
2010-04-13,,Deportivo Merlo,Independiente Rivadavia,4,1,,,Primera Nacional,2009,zonas,,Fecha 32,,false,https://es.wikipedia.org/wiki/Campeonato_de_Primera_B_Nacional_2009-10 + https://www.worldfootball.net/,
2010-04-13,,San Martín (SJ),Defensa y Justicia,1,1,,,Primera Nacional,2009,zonas,,Fecha 32,,false,https://es.wikipedia.org/wiki/Campeonato_de_Primera_B_Nacional_2009-10 + https://www.worldfootball.net/,
2010-04-14,,Atlético de Rafaela,Unión,3,0,,,Primera Nacional,2009,zonas,,Fecha 32,,false,https://es.wikipedia.org/wiki/Campeonato_de_Primera_B_Nacional_2009-10 + https://www.worldfootball.net/,
2010-04-14,,Olimpo,Instituto,1,0,,,Primera Nacional,2009,zonas,,Fecha 32,,false,https://es.wikipedia.org/wiki/Campeonato_de_Primera_B_Nacional_2009-10 + https://www.worldfootball.net/,
2010-04-14,,Platense,Gimnasia y Esgrima (J),3,1,,,Primera Nacional,2009,zonas,,Fecha 32,,false,https://es.wikipedia.org/wiki/Campeonato_de_Primera_B_Nacional_2009-10 + https://www.worldfootball.net/,
2010-04-14,,Quilmes,Tiro Federal,1,0,,,Primera Nacional,2009,zonas,,Fecha 32,,false,https://es.wikipedia.org/wiki/Campeonato_de_Primera_B_Nacional_2009-10 + https://www.worldfootball.net/,
2010-04-15,,Barracas Bolívar,El Porvenir,2,3,,,Primera C,2009,zonas,,Fecha 38,,false,https://es.wikipedia.org/wiki/Campeonato_de_Primera_C_2009-10_(Argentina) + https://www.rsssf.org/,
2010-04-15,,Barracas Central,Excursionistas,0,0,,,Primera C,2009,zonas,,Fecha 38,,false,https://es.wikipedia.org/wiki/Campeonato_de_Primera_C_2009-10_(Argentina) + https://www.rsssf.org/,
2010-04-15,,Berazategui,Deportivo Laferrere,1,1,,,Primera C,2009,zonas,,Fecha 38,,false,https://es.wikipedia.org/wiki/Campeonato_de_Primera_C_2009-10_(Argentina) + https://www.rsssf.org/,
2010-04-15,,Ferrocarril Midland,Leandro N. Alem,1,1,,,Primera C,2009,zonas,,Fecha 38,,false,https://es.wikipedia.org/wiki/Campeonato_de_Primera_C_2009-10_(Argentina) + https://www.rsssf.org/,
2010-04-15,,Fénix,Defensores de Cambaceres,3,3,,,Primera C,2009,zonas,,Fecha 38,,false,https://es.wikipedia.org/wiki/Campeonato_de_Primera_C_2009-10_(Argentina) + https://www.rsssf.org/,
2010-04-15,,General Lamadrid,Sacachispas,2,2,,,Primera C,2009,zonas,,Fecha 38,,false,https://es.wikipedia.org/wiki/Campeonato_de_Primera_C_2009-10_(Argentina) + https://www.rsssf.org/,
2010-04-15,,J. J. de Urquiza,San Miguel,3,2,,,Primera C,2009,zonas,,Fecha 38,,false,https://es.wikipedia.org/wiki/Campeonato_de_Primera_C_2009-10_(Argentina) + https://www.rsssf.org/,
2010-04-15,,Luján,Argentino de Merlo,3,0,,,Primera C,2009,zonas,,Fecha 38,,false,https://es.wikipedia.org/wiki/Campeonato_de_Primera_C_2009-10_(Argentina) + https://www.rsssf.org/,
2010-04-15,,Talleres (RdE),Argentino de Rosario,2,1,,,Primera C,2009,zonas,,Fecha 38,,false,https://es.wikipedia.org/wiki/Campeonato_de_Primera_C_2009-10_(Argentina) + https://www.rsssf.org/,
2010-04-15,,Villa Dálmine,Defensores Unidos,1,0,,,Primera C,2009,zonas,,Fecha 38,,false,https://es.wikipedia.org/wiki/Campeonato_de_Primera_C_2009-10_(Argentina) + https://www.rsssf.org/,
2010-04-17,,CAI,Deportivo Merlo,4,0,,,Primera Nacional,2009,zonas,,Fecha 33,,false,https://es.wikipedia.org/wiki/Campeonato_de_Primera_B_Nacional_2009-10 + https://www.worldfootball.net/,
2010-04-17,,Defensa y Justicia,Olimpo,0,2,,,Primera Nacional,2009,zonas,,Fecha 33,,false,https://es.wikipedia.org/wiki/Campeonato_de_Primera_B_Nacional_2009-10 + https://www.worldfootball.net/,
2010-04-17,,Ferro Carril Oeste,Boca Unidos,3,4,,,Primera Nacional,2009,zonas,,Fecha 33,,false,https://es.wikipedia.org/wiki/Campeonato_de_Primera_B_Nacional_2009-10 + https://www.worldfootball.net/,
2010-04-17,,Instituto,All Boys,1,1,,,Primera Nacional,2009,zonas,,Fecha 33,,false,https://es.wikipedia.org/wiki/Campeonato_de_Primera_B_Nacional_2009-10 + https://www.worldfootball.net/,
2010-04-17,,Juventud (P),Patronato,0,3,,,Torneo Argentino A,2009,zonas,Zone 1,Fecha 16,,false,https://es.wikipedia.org/wiki/Torneo_Argentino_A_2009-10 + https://www.rsssf.org/,
2010-04-17,,Unión,San Martín (SJ),3,0,,,Primera Nacional,2009,zonas,,Fecha 33,,false,https://es.wikipedia.org/wiki/Campeonato_de_Primera_B_Nacional_2009-10 + https://www.worldfootball.net/,
2010-04-18,,9 de Julio (R),Ramón Santamarina,3,0,,,Torneo Argentino A,2009,zonas,Zone 1,Fecha 16,,false,https://es.wikipedia.org/wiki/Torneo_Argentino_A_2009-10 + https://www.rsssf.org/,
2010-04-18,,Barracas Central,Excursionistas,1,0,,,Primera C,2009,eliminacion,,Desempate por el campeonato,Don León Kolbowsky,false,https://es.wikipedia.org/wiki/Campeonato_de_Primera_C_2009-10_(Argentina),
2010-04-18,,Cipolletti,Juventud Unida Universitario,1,1,,,Torneo Argentino A,2009,zonas,Zone 3,Fecha 18,,false,https://es.wikipedia.org/wiki/Torneo_Argentino_A_2009-10 + https://www.rsssf.org/,
2010-04-18,,Desamparados,Guillermo Brown,1,0,,,Torneo Argentino A,2009,zonas,Zone 3,Fecha 18,,false,https://es.wikipedia.org/wiki/Torneo_Argentino_A_2009-10 + https://www.rsssf.org/,
2010-04-18,,Estudiantes (RC),Deportivo Maipú,1,1,,,Torneo Argentino A,2009,zonas,Zone 3,Fecha 18,,false,https://es.wikipedia.org/wiki/Torneo_Argentino_A_2009-10 + https://www.rsssf.org/,
2010-04-18,,Gimnasia y Esgrima (CdU),Rivadavia (L),2,0,,,Torneo Argentino A,2009,zonas,Zone 1,Fecha 16,,false,https://es.wikipedia.org/wiki/Torneo_Argentino_A_2009-10 + https://www.rsssf.org/,
2010-04-18,,Gimnasia y Esgrima (J),Sportivo Italiano,0,1,,,Primera Nacional,2009,zonas,,Fecha 33,,false,https://es.wikipedia.org/wiki/Campeonato_de_Primera_B_Nacional_2009-10 + https://www.worldfootball.net/,
2010-04-18,,Independiente Rivadavia,Aldosivi,2,0,,,Primera Nacional,2009,zonas,,Fecha 33,,false,https://es.wikipedia.org/wiki/Campeonato_de_Primera_B_Nacional_2009-10 + https://www.worldfootball.net/,
2010-04-18,,Juventud Antoniana,Crucero del Norte,3,0,,,Torneo Argentino A,2009,zonas,Zone 2,Fecha 16,,false,https://es.wikipedia.org/wiki/Torneo_Argentino_A_2009-10 + https://www.rsssf.org/,
2010-04-18,,Libertad (S),Racing (C),2,2,,,Torneo Argentino A,2009,zonas,Zone 2,Fecha 16,,false,https://es.wikipedia.org/wiki/Torneo_Argentino_A_2009-10 + https://www.rsssf.org/,
2010-04-18,,Platense,Belgrano,0,0,,,Primera Nacional,2009,zonas,,Fecha 33,,false,https://es.wikipedia.org/wiki/Campeonato_de_Primera_B_Nacional_2009-10 + https://www.worldfootball.net/,
2010-04-18,,Sportivo Belgrano,Central Córdoba (SdE),1,1,,,Torneo Argentino A,2009,zonas,Zone 2,Fecha 16,,false,https://es.wikipedia.org/wiki/Torneo_Argentino_A_2009-10 + https://www.rsssf.org/,
2010-04-18,,Talleres (C),Unión (S),2,1,,,Torneo Argentino A,2009,zonas,Zone 2,Fecha 16,,false,https://es.wikipedia.org/wiki/Torneo_Argentino_A_2009-10 + https://www.rsssf.org/,
2010-04-18,,Unión (MdP),Ben Hur,1,1,,,Torneo Argentino A,2009,zonas,Zone 1,Fecha 16,,false,https://es.wikipedia.org/wiki/Torneo_Argentino_A_2009-10 + https://www.rsssf.org/,
2010-04-18,,Villa Mitre,Huracán (TA),0,1,,,Torneo Argentino A,2009,zonas,Zone 3,Fecha 18,,false,https://es.wikipedia.org/wiki/Torneo_Argentino_A_2009-10 + https://www.rsssf.org/,
2010-04-19,,San Martín (T),Quilmes,1,1,,,Primera Nacional,2009,zonas,,Fecha 33,,false,https://es.wikipedia.org/wiki/Campeonato_de_Primera_B_Nacional_2009-10 + https://www.worldfootball.net/,
2010-04-19,,Tiro Federal,Atlético de Rafaela,1,2,,,Primera Nacional,2009,zonas,,Fecha 33,,false,https://es.wikipedia.org/wiki/Campeonato_de_Primera_B_Nacional_2009-10 + https://www.worldfootball.net/,
2010-04-21,,Estudiantes (RC),Talleres (C),2,2,,,Torneo Argentino A,2009,zonas,Group A,Fecha 1,,false,https://es.wikipedia.org/wiki/Torneo_Argentino_A_2009-10 + https://www.rsssf.org/,
2010-04-21,,Gimnasia y Esgrima (CdU),Patronato,0,2,,,Torneo Argentino A,2009,zonas,Group B,Fecha 1,,false,https://es.wikipedia.org/wiki/Torneo_Argentino_A_2009-10 + https://www.rsssf.org/,
2010-04-21,,Guillermo Brown,Juventud Antoniana,2,2,,,Torneo Argentino A,2009,zonas,Group B,Fecha 1,,false,https://es.wikipedia.org/wiki/Torneo_Argentino_A_2009-10 + https://www.rsssf.org/,
2010-04-21,,Ramón Santamarina,Huracán (TA),4,1,,,Torneo Argentino A,2009,zonas,Group A,Fecha 1,,false,https://es.wikipedia.org/wiki/Torneo_Argentino_A_2009-10 + https://www.rsssf.org/,
2010-04-22,,Olimpo,Unión,2,1,,,Primera Nacional,2009,zonas,,Fecha 34,,false,https://es.wikipedia.org/wiki/Campeonato_de_Primera_B_Nacional_2009-10 + https://www.worldfootball.net/,
2010-04-23,,Atlético de Rafaela,San Martín (T),0,0,,,Primera Nacional,2009,zonas,,Fecha 34,,false,https://es.wikipedia.org/wiki/Campeonato_de_Primera_B_Nacional_2009-10 + https://www.worldfootball.net/,
2010-04-24,,Aldosivi,CAI,0,2,,,Primera Nacional,2009,zonas,,Fecha 34,,false,https://es.wikipedia.org/wiki/Campeonato_de_Primera_B_Nacional_2009-10 + https://www.worldfootball.net/,
2010-04-24,,All Boys,Defensa y Justicia,1,0,,,Primera Nacional,2009,zonas,,Fecha 34,,false,https://es.wikipedia.org/wiki/Campeonato_de_Primera_B_Nacional_2009-10 + https://www.worldfootball.net/,
2010-04-24,,Belgrano,Gimnasia y Esgrima (J),0,0,,,Primera Nacional,2009,zonas,,Fecha 34,,false,https://es.wikipedia.org/wiki/Campeonato_de_Primera_B_Nacional_2009-10 + https://www.worldfootball.net/,
2010-04-24,,Boca Unidos,Platense,1,0,,,Primera Nacional,2009,zonas,,Fecha 34,,false,https://es.wikipedia.org/wiki/Campeonato_de_Primera_B_Nacional_2009-10 + https://www.worldfootball.net/,
2010-04-24,,Deportivo Merlo,Ferro Carril Oeste,0,0,,,Primera Nacional,2009,zonas,,Fecha 34,,false,https://es.wikipedia.org/wiki/Campeonato_de_Primera_B_Nacional_2009-10 + https://www.worldfootball.net/,
2010-04-24,,San Martín (SJ),Tiro Federal,1,3,,,Primera Nacional,2009,zonas,,Fecha 34,,false,https://es.wikipedia.org/wiki/Campeonato_de_Primera_B_Nacional_2009-10 + https://www.worldfootball.net/,
2010-04-24,,Sportivo Italiano,Instituto,0,3,,,Primera Nacional,2009,zonas,,Fecha 34,,false,https://es.wikipedia.org/wiki/Campeonato_de_Primera_B_Nacional_2009-10 + https://www.worldfootball.net/,
2010-04-25,,Crucero del Norte,Gimnasia y Esgrima (CdU),2,0,,,Torneo Argentino A,2009,zonas,Group B,Fecha 2,,false,https://es.wikipedia.org/wiki/Torneo_Argentino_A_2009-10 + https://www.rsssf.org/,
2010-04-25,,Desamparados,Estudiantes (RC),1,1,,,Torneo Argentino A,2009,zonas,Group A,Fecha 2,,false,https://es.wikipedia.org/wiki/Torneo_Argentino_A_2009-10 + https://www.rsssf.org/,
2010-04-25,,Patronato,Guillermo Brown,3,0,,,Torneo Argentino A,2009,zonas,Group B,Fecha 2,,false,https://es.wikipedia.org/wiki/Torneo_Argentino_A_2009-10 + https://www.rsssf.org/,
2010-04-25,,Quilmes,Independiente Rivadavia,1,1,,,Primera Nacional,2009,zonas,,Fecha 34,,false,https://es.wikipedia.org/wiki/Campeonato_de_Primera_B_Nacional_2009-10 + https://www.worldfootball.net/,
2010-04-25,,Talleres (C),Ramón Santamarina,1,1,,,Torneo Argentino A,2009,zonas,Group A,Fecha 2,,false,https://es.wikipedia.org/wiki/Torneo_Argentino_A_2009-10 + https://www.rsssf.org/,
2010-04-28,,Guillermo Brown,Crucero del Norte,5,4,,,Torneo Argentino A,2009,zonas,Group B,Fecha 3,,false,https://es.wikipedia.org/wiki/Torneo_Argentino_A_2009-10 + https://www.rsssf.org/,
2010-04-28,,Huracán (TA),Talleres (C),2,1,,,Torneo Argentino A,2009,zonas,Group A,Fecha 3,,false,https://es.wikipedia.org/wiki/Torneo_Argentino_A_2009-10 + https://www.rsssf.org/,
2010-04-28,,Juventud Antoniana,Patronato,3,0,,,Torneo Argentino A,2009,zonas,Group B,Fecha 3,,false,https://es.wikipedia.org/wiki/Torneo_Argentino_A_2009-10 + https://www.rsssf.org/,
2010-04-28,,Ramón Santamarina,Desamparados,3,2,,,Torneo Argentino A,2009,zonas,Group A,Fecha 3,,false,https://es.wikipedia.org/wiki/Torneo_Argentino_A_2009-10 + https://www.rsssf.org/,
2010-04-29,,Ferro Carril Oeste,Aldosivi,2,1,,,Primera Nacional,2009,zonas,,Fecha 35,,false,https://es.wikipedia.org/wiki/Campeonato_de_Primera_B_Nacional_2009-10 + https://www.worldfootball.net/,
2010-04-29,,Platense,Deportivo Merlo,2,2,,,Primera Nacional,2009,zonas,,Fecha 35,,false,https://es.wikipedia.org/wiki/Campeonato_de_Primera_B_Nacional_2009-10 + https://www.worldfootball.net/,
2010-04-29,,San Martín (T),San Martín (SJ),0,0,,,Primera Nacional,2009,zonas,,Fecha 35,,false,https://es.wikipedia.org/wiki/Campeonato_de_Primera_B_Nacional_2009-10 + https://www.worldfootball.net/,
2010-04-29,,Tiro Federal,Olimpo,0,2,,,Primera Nacional,2009,zonas,,Fecha 35,,false,https://es.wikipedia.org/wiki/Campeonato_de_Primera_B_Nacional_2009-10 + https://www.worldfootball.net/,
2010-04-30,,Belgrano,Boca Unidos,2,2,,,Primera Nacional,2009,zonas,,Fecha 35,,false,https://es.wikipedia.org/wiki/Campeonato_de_Primera_B_Nacional_2009-10 + https://www.worldfootball.net/,
2010-04-30,,CAI,Quilmes,0,0,,,Primera Nacional,2009,zonas,,Fecha 35,,false,https://es.wikipedia.org/wiki/Campeonato_de_Primera_B_Nacional_2009-10 + https://www.worldfootball.net/,
2010-04-30,,Defensa y Justicia,Sportivo Italiano,1,0,,,Primera Nacional,2009,zonas,,Fecha 35,,false,https://es.wikipedia.org/wiki/Campeonato_de_Primera_B_Nacional_2009-10 + https://www.worldfootball.net/,
2010-04-30,,Gimnasia y Esgrima (J),Instituto,2,1,,,Primera Nacional,2009,zonas,,Fecha 35,,false,https://es.wikipedia.org/wiki/Campeonato_de_Primera_B_Nacional_2009-10 + https://www.worldfootball.net/,
2010-04-30,,Independiente Rivadavia,Atlético de Rafaela,4,3,,,Primera Nacional,2009,zonas,,Fecha 35,,false,https://es.wikipedia.org/wiki/Campeonato_de_Primera_B_Nacional_2009-10 + https://www.worldfootball.net/,
2010-04-30,,Unión,All Boys,0,2,,,Primera Nacional,2009,zonas,,Fecha 35,,false,https://es.wikipedia.org/wiki/Campeonato_de_Primera_B_Nacional_2009-10 + https://www.worldfootball.net/,
2010-05-02,,Crucero del Norte,Juventud Antoniana,3,1,,,Torneo Argentino A,2009,zonas,Group B,Fecha 4,,false,https://es.wikipedia.org/wiki/Torneo_Argentino_A_2009-10 + https://www.rsssf.org/,
2010-05-02,,Desamparados,Huracán (TA),1,2,,,Torneo Argentino A,2009,zonas,Group A,Fecha 4,,false,https://es.wikipedia.org/wiki/Torneo_Argentino_A_2009-10 + https://www.rsssf.org/,
2010-05-02,,Estudiantes (RC),Ramón Santamarina,2,3,,,Torneo Argentino A,2009,zonas,Group A,Fecha 4,,false,https://es.wikipedia.org/wiki/Torneo_Argentino_A_2009-10 + https://www.rsssf.org/,
2010-05-02,,Gimnasia y Esgrima (CdU),Guillermo Brown,2,3,,,Torneo Argentino A,2009,zonas,Group B,Fecha 4,,false,https://es.wikipedia.org/wiki/Torneo_Argentino_A_2009-10 + https://www.rsssf.org/,
2010-05-04,,Aldosivi,Platense,1,2,,,Primera Nacional,2009,zonas,,Fecha 36,,false,https://es.wikipedia.org/wiki/Campeonato_de_Primera_B_Nacional_2009-10 + https://www.worldfootball.net/,
2010-05-04,,All Boys,Tiro Federal,2,1,,,Primera Nacional,2009,zonas,,Fecha 36,,false,https://es.wikipedia.org/wiki/Campeonato_de_Primera_B_Nacional_2009-10 + https://www.worldfootball.net/,
2010-05-04,,Atlético de Rafaela,CAI,2,1,,,Primera Nacional,2009,zonas,,Fecha 36,,false,https://es.wikipedia.org/wiki/Campeonato_de_Primera_B_Nacional_2009-10 + https://www.worldfootball.net/,
2010-05-04,,Boca Unidos,Gimnasia y Esgrima (J),0,0,,,Primera Nacional,2009,zonas,,Fecha 36,,false,https://es.wikipedia.org/wiki/Campeonato_de_Primera_B_Nacional_2009-10 + https://www.worldfootball.net/,
2010-05-04,,Deportivo Merlo,Belgrano,1,1,,,Primera Nacional,2009,zonas,,Fecha 36,,false,https://es.wikipedia.org/wiki/Campeonato_de_Primera_B_Nacional_2009-10 + https://www.worldfootball.net/,
2010-05-04,,Instituto,Defensa y Justicia,0,0,,,Primera Nacional,2009,zonas,,Fecha 36,,false,https://es.wikipedia.org/wiki/Campeonato_de_Primera_B_Nacional_2009-10 + https://www.worldfootball.net/,
2010-05-04,,Olimpo,San Martín (T),0,0,,,Primera Nacional,2009,zonas,,Fecha 36,,false,https://es.wikipedia.org/wiki/Campeonato_de_Primera_B_Nacional_2009-10 + https://www.worldfootball.net/,
2010-05-04,,Quilmes,Ferro Carril Oeste,0,1,,,Primera Nacional,2009,zonas,,Fecha 36,,false,https://es.wikipedia.org/wiki/Campeonato_de_Primera_B_Nacional_2009-10 + https://www.worldfootball.net/,
2010-05-04,,San Martín (SJ),Independiente Rivadavia,0,3,,,Primera Nacional,2009,zonas,,Fecha 36,,false,https://es.wikipedia.org/wiki/Campeonato_de_Primera_B_Nacional_2009-10 + https://www.worldfootball.net/,
2010-05-04,,Sportivo Italiano,Unión,2,2,,,Primera Nacional,2009,zonas,,Fecha 36,,false,https://es.wikipedia.org/wiki/Campeonato_de_Primera_B_Nacional_2009-10 + https://www.worldfootball.net/,
2010-05-05,,Huracán (TA),Estudiantes (RC),1,0,,,Torneo Argentino A,2009,zonas,Group A,Fecha 5,,false,https://es.wikipedia.org/wiki/Torneo_Argentino_A_2009-10 + https://www.rsssf.org/,
2010-05-05,,Patronato,Crucero del Norte,3,1,,,Torneo Argentino A,2009,zonas,Group B,Fecha 5,,false,https://es.wikipedia.org/wiki/Torneo_Argentino_A_2009-10 + https://www.rsssf.org/,
2010-05-05,,Talleres (C),Desamparados,0,0,,,Torneo Argentino A,2009,zonas,Group A,Fecha 5,,false,https://es.wikipedia.org/wiki/Torneo_Argentino_A_2009-10 + https://www.rsssf.org/,
2010-05-08,,Boca Unidos,Deportivo Merlo,0,1,,,Primera Nacional,2009,zonas,,Fecha 37,,false,https://es.wikipedia.org/wiki/Campeonato_de_Primera_B_Nacional_2009-10 + https://www.worldfootball.net/,
2010-05-08,,CAI,San Martín (SJ),1,1,,,Primera Nacional,2009,zonas,,Fecha 37,,false,https://es.wikipedia.org/wiki/Campeonato_de_Primera_B_Nacional_2009-10 + https://www.worldfootball.net/,
2010-05-08,,Ferro Carril Oeste,Atlético de Rafaela,0,0,,,Primera Nacional,2009,zonas,,Fecha 37,,false,https://es.wikipedia.org/wiki/Campeonato_de_Primera_B_Nacional_2009-10 + https://www.worldfootball.net/,
2010-05-08,,Gimnasia y Esgrima (J),Defensa y Justicia,0,4,,,Primera Nacional,2009,zonas,,Fecha 37,,false,https://es.wikipedia.org/wiki/Campeonato_de_Primera_B_Nacional_2009-10 + https://www.worldfootball.net/,
2010-05-08,,Independiente Rivadavia,Olimpo,1,0,,,Primera Nacional,2009,zonas,,Fecha 37,,false,https://es.wikipedia.org/wiki/Campeonato_de_Primera_B_Nacional_2009-10 + https://www.worldfootball.net/,
2010-05-08,,Platense,Quilmes,1,1,,,Primera Nacional,2009,zonas,,Fecha 37,,false,https://es.wikipedia.org/wiki/Campeonato_de_Primera_B_Nacional_2009-10 + https://www.worldfootball.net/,
2010-05-08,,San Martín (T),All Boys,1,0,,,Primera Nacional,2009,zonas,,Fecha 37,,false,https://es.wikipedia.org/wiki/Campeonato_de_Primera_B_Nacional_2009-10 + https://www.worldfootball.net/,
2010-05-08,,Tiro Federal,Sportivo Italiano,1,3,,,Primera Nacional,2009,zonas,,Fecha 37,,false,https://es.wikipedia.org/wiki/Campeonato_de_Primera_B_Nacional_2009-10 + https://www.worldfootball.net/,
2010-05-08,,Unión,Instituto,2,2,,,Primera Nacional,2009,zonas,,Fecha 37,,false,https://es.wikipedia.org/wiki/Campeonato_de_Primera_B_Nacional_2009-10 + https://www.worldfootball.net/,
2010-05-10,,Belgrano,Aldosivi,1,0,,,Primera Nacional,2009,zonas,,Fecha 37,,false,https://es.wikipedia.org/wiki/Campeonato_de_Primera_B_Nacional_2009-10 + https://www.worldfootball.net/,
2010-05-15,,Aldosivi,Boca Unidos,3,1,,,Primera Nacional,2009,zonas,,Fecha 38,,false,https://es.wikipedia.org/wiki/Campeonato_de_Primera_B_Nacional_2009-10 + https://www.worldfootball.net/,
2010-05-15,,All Boys,Independiente Rivadavia,2,0,,,Primera Nacional,2009,zonas,,Fecha 38,,false,https://es.wikipedia.org/wiki/Campeonato_de_Primera_B_Nacional_2009-10 + https://www.worldfootball.net/,
2010-05-15,,Atlético de Rafaela,Platense,2,0,,,Primera Nacional,2009,zonas,,Fecha 38,,false,https://es.wikipedia.org/wiki/Campeonato_de_Primera_B_Nacional_2009-10 + https://www.worldfootball.net/,
2010-05-15,,Defensa y Justicia,Unión,2,0,,,Primera Nacional,2009,zonas,,Fecha 38,,false,https://es.wikipedia.org/wiki/Campeonato_de_Primera_B_Nacional_2009-10 + https://www.worldfootball.net/,
2010-05-15,,Deportivo Merlo,Gimnasia y Esgrima (J),0,1,,,Primera Nacional,2009,zonas,,Fecha 38,,false,https://es.wikipedia.org/wiki/Campeonato_de_Primera_B_Nacional_2009-10 + https://www.worldfootball.net/,
2010-05-15,,Instituto,Tiro Federal,0,3,,,Primera Nacional,2009,zonas,,Fecha 38,,false,https://es.wikipedia.org/wiki/Campeonato_de_Primera_B_Nacional_2009-10 + https://www.worldfootball.net/,
2010-05-15,,Olimpo,CAI,2,0,,,Primera Nacional,2009,zonas,,Fecha 38,,false,https://es.wikipedia.org/wiki/Campeonato_de_Primera_B_Nacional_2009-10 + https://www.worldfootball.net/,
2010-05-15,,Quilmes,Belgrano,0,0,,,Primera Nacional,2009,zonas,,Fecha 38,,false,https://es.wikipedia.org/wiki/Campeonato_de_Primera_B_Nacional_2009-10 + https://www.worldfootball.net/,
2010-05-15,,San Martín (SJ),Ferro Carril Oeste,1,1,,,Primera Nacional,2009,zonas,,Fecha 38,,false,https://es.wikipedia.org/wiki/Campeonato_de_Primera_B_Nacional_2009-10 + https://www.worldfootball.net/,
2010-05-17,,Sportivo Italiano,San Martín (T),0,0,,,Primera Nacional,2009,zonas,,Fecha 38,,false,https://es.wikipedia.org/wiki/Campeonato_de_Primera_B_Nacional_2009-10 + https://www.worldfootball.net/,
2010-05-18,13:00 (TV),Talleres (RdE),Almagro,0,3,,,Primera C,2009,eliminacion,,Promoción por el ascenso a la Primera B Metropolitana,Talleres de Remedios de Escalada,false,https://es.wikipedia.org/wiki/Campeonato_de_Primera_C_2009-10_(Argentina),
2010-05-18,15:00,Liniers,Argentino de Rosario,3,1,,,Primera C,2009,eliminacion,,Promoción por el ascenso a la Primera C,Juan Antonio Arias,false,https://es.wikipedia.org/wiki/Campeonato_de_Primera_C_2009-10_(Argentina),
2010-05-18,15:00,Sarmiento (J),Deportivo Merlo,0,1,,,Primera Nacional,2009,eliminacion,,Promoción 1,Eva Perón,false,https://es.wikipedia.org/wiki/Campeonato_de_Primera_B_Nacional_2009-10,
2010-05-19,14:10,All Boys,Rosario Central,1,1,,,Primera Nacional,2009,eliminacion,,Promoción 1,Islas Malvinas,false,https://es.wikipedia.org/wiki/Campeonato_de_Primera_B_Nacional_2009-10,
2010-05-19,21:10,Atlético de Rafaela,Gimnasia y Esgrima (LP),1,0,,,Primera Nacional,2009,eliminacion,,Promoción 2,Nuevo Monumental,false,https://es.wikipedia.org/wiki/Campeonato_de_Primera_B_Nacional_2009-10,
2010-05-22,15:00,Argentino de Rosario,Liniers,1,0,,,Primera C,2009,eliminacion,,Promoción por el ascenso a la Primera C,José María Olaeta,false,https://es.wikipedia.org/wiki/Campeonato_de_Primera_C_2009-10_(Argentina),
2010-05-22,15:00,Deportivo Merlo,Sarmiento (J),1,0,,,Primera Nacional,2009,eliminacion,,Promoción 1,Armenia,false,https://es.wikipedia.org/wiki/Campeonato_de_Primera_B_Nacional_2009-10,
2010-05-22,15:00 (TV),Almagro,Talleres (RdE),1,0,,,Primera C,2009,eliminacion,,Promoción por el ascenso a la Primera B Metropolitana,Tres de Febrero,false,https://es.wikipedia.org/wiki/Campeonato_de_Primera_C_2009-10_(Argentina),
2010-05-23,14:00,Ramón Santamarina,CAI,2,2,,,Primera Nacional,2009,eliminacion,,Promoción 1,Estadio Municipal General San Martín,false,https://es.wikipedia.org/wiki/Campeonato_de_Primera_B_Nacional_2009-10,
2010-05-23,15:10,Rosario Central,All Boys,0,3,,,Primera Nacional,2009,eliminacion,,Promoción 1,Gigante de Arroyito,false,https://es.wikipedia.org/wiki/Campeonato_de_Primera_B_Nacional_2009-10,
2010-05-23,16:10,Gimnasia y Esgrima (LP),Atlético de Rafaela,3,1,,,Primera Nacional,2009,eliminacion,,Promoción 2,Del Bosque,false,https://es.wikipedia.org/wiki/Campeonato_de_Primera_B_Nacional_2009-10,
2010-05-30,15:00,CAI,Ramón Santamarina,5,0,,,Primera Nacional,2009,eliminacion,,Promoción 1,Municipal de Comodoro Rivadavia,false,https://es.wikipedia.org/wiki/Campeonato_de_Primera_B_Nacional_2009-10,
