date,time,home_team,away_team,home_score,away_score,home_pens,away_pens,tournament,season,phase,group,matchday,venue,neutral,source
2018-05-09,,Argentinos Juniors,Independiente (C),2,1,,,Copa Argentina,2018,eliminacion,,Treintaidosavos,Eva Perón,true,https://es.wikipedia.org/wiki/Copa_Argentina_2017-18
2018-05-15,,Chacarita Juniors,Deportivo Maipú,0,3,,,Copa Argentina,2018,eliminacion,,Treintaidosavos,Coloso del Ruca Quimey,true,https://es.wikipedia.org/wiki/Copa_Argentina_2017-18
2018-05-17,,Racing Club,Sarmiento (R),0,1,,,Copa Argentina,2018,eliminacion,,Treintaidosavos,Florencio Sola,true,https://es.wikipedia.org/wiki/Copa_Argentina_2017-18
2018-05-17,,Unión,Juventud Unida (G),2,0,,,Copa Argentina,2018,eliminacion,,Treintaidosavos,Presbítero Bartolomé Grella,true,https://es.wikipedia.org/wiki/Copa_Argentina_2017-18
2018-05-18,,Defensa y Justicia,Mitre (SdE),1,0,,,Copa Argentina,2018,eliminacion,,Treintaidosavos,Julio Humberto Grondona,true,https://es.wikipedia.org/wiki/Copa_Argentina_2017-18
2018-05-18,,Newell's Old Boys,Deportivo Rincón,2,0,,,Copa Argentina,2018,eliminacion,,Treintaidosavos,15 de abril,true,https://es.wikipedia.org/wiki/Copa_Argentina_2017-18
2018-05-20,,Belgrano,Platense,0,1,,,Copa Argentina,2018,eliminacion,,Treintaidosavos,Florencio Sola,true,https://es.wikipedia.org/wiki/Copa_Argentina_2017-18
2018-07-16,,Agropecuario,Luján,0,1,,,Copa Argentina,2018,eliminacion,,Treintaidosavos,Eva Perón,true,https://es.wikipedia.org/wiki/Copa_Argentina_2017-18
2018-07-16,,San Lorenzo,Racing (C),1,0,,,Copa Argentina,2018,eliminacion,,Treintaidosavos,Julio Humberto Grondona,true,https://es.wikipedia.org/wiki/Copa_Argentina_2017-18
2018-07-19,,Tigre,Guillermo Brown,1,0,,,Copa Argentina,2018,eliminacion,,Treintaidosavos,Nuevo Francisco Urbano,true,https://es.wikipedia.org/wiki/Copa_Argentina_2017-18
2018-07-20,,Independiente,Central Ballester,8,0,,,Copa Argentina,2018,eliminacion,,Treintaidosavos,Antonio Romero,true,https://es.wikipedia.org/wiki/Copa_Argentina_2017-18
2018-07-21,,Gimnasia y Esgrima (LP),Sportivo Belgrano,1,0,,,Copa Argentina,2018,eliminacion,,Treintaidosavos,Alfredo Beranger,true,https://es.wikipedia.org/wiki/Copa_Argentina_2017-18
2018-07-22,,Atlético Tucumán,Tristán Suárez,2,1,,,Copa Argentina,2018,eliminacion,,Treintaidosavos,Julio Humberto Grondona,true,https://es.wikipedia.org/wiki/Copa_Argentina_2017-18
2018-07-22,,River Plate,Central Norte (S),7,0,,,Copa Argentina,2018,eliminacion,,Treintaidosavos,Brigadier General Estanislao López,true,https://es.wikipedia.org/wiki/Copa_Argentina_2017-18
2018-07-24,,Estudiantes (LP),Central Córdoba (R),4,0,,,Copa Argentina,2018,eliminacion,,Treintaidosavos,Julio Humberto Grondona,true,https://es.wikipedia.org/wiki/Copa_Argentina_2017-18
2018-07-25,,Huracán,Victoriano Arenas,1,0,,,Copa Argentina,2018,eliminacion,,Treintaidosavos,Alfredo Beranger,true,https://es.wikipedia.org/wiki/Copa_Argentina_2017-18
2018-07-26,,Patronato,San Martín (T),1,2,,,Copa Argentina,2018,eliminacion,,Treintaidosavos,Nuevo Francisco Urbano,true,https://es.wikipedia.org/wiki/Copa_Argentina_2017-18
2018-07-27,,Temperley,Estudiantes (BA),1,0,,,Copa Argentina,2018,eliminacion,,Treintaidosavos,Julio Humberto Grondona,true,https://es.wikipedia.org/wiki/Copa_Argentina_2017-18
2018-07-28,,River Plate,Villa Dálmine,3,1,,,Copa Argentina,2018,eliminacion,,Dieciseisavos,Antonio Romero,true,https://es.wikipedia.org/wiki/Copa_Argentina_2017-18
2018-07-29,,Almagro,Gimnasia y Esgrima (J),1,0,,,Copa Argentina,2018,eliminacion,,Treintaidosavos,Alfredo Beranger,true,https://es.wikipedia.org/wiki/Copa_Argentina_2017-18
2018-07-29,,Gimnasia y Esgrima (LP),Olimpo,1,0,,,Copa Argentina,2018,eliminacion,,Dieciseisavos,Coloso del Ruca Quimey,true,https://es.wikipedia.org/wiki/Copa_Argentina_2017-18
2018-07-31,,Talleres (C),Ferrocarril Midland,2,1,,,Copa Argentina,2018,eliminacion,,Treintaidosavos,Brigadier General Estanislao López,true,https://es.wikipedia.org/wiki/Copa_Argentina_2017-18
2018-08-01,,Boca Juniors,Alvarado,6,0,,,Copa Argentina,2018,eliminacion,,Treintaidosavos,Ciudad de Lanús,true,https://es.wikipedia.org/wiki/Copa_Argentina_2017-18
2018-08-02,,Rosario Central,Juventud Antoniana,6,0,,,Copa Argentina,2018,eliminacion,,Treintaidosavos,15 de abril,true,https://es.wikipedia.org/wiki/Copa_Argentina_2017-18
2018-08-03,,Huracán,Atlético Tucumán,0,2,,,Copa Argentina,2018,eliminacion,,Dieciseisavos,Padre Ernesto Martearena,true,https://es.wikipedia.org/wiki/Copa_Argentina_2017-18
2018-08-04,,Central Córdoba (SdE),Tigre,2,0,,,Copa Argentina,2018,eliminacion,,Dieciseisavos,15 de abril,true,https://es.wikipedia.org/wiki/Copa_Argentina_2017-18
2018-08-05,,Newell's Old Boys,Defensores Unidos,3,0,,,Copa Argentina,2018,eliminacion,,Dieciseisavos,Eva Perón,true,https://es.wikipedia.org/wiki/Copa_Argentina_2017-18
2018-08-08,,General Lamadrid,Platense,0,1,,,Copa Argentina,2018,eliminacion,,Dieciseisavos,Julio Humberto Grondona,true,https://es.wikipedia.org/wiki/Copa_Argentina_2017-18
2018-08-10,19:00,Vélez Sarsfield,Newell's Old Boys,2,0,,,Primera Division,2018,zonas,,Fecha 1,José Amalfitani,false,https://es.wikipedia.org/wiki/Campeonato_de_Primera_División_2018-19_(Argentina)
2018-08-10,21:00,Tigre,San Lorenzo,2,2,,,Primera Division,2018,zonas,,Fecha 1,Monumental de Victoria,false,https://es.wikipedia.org/wiki/Campeonato_de_Primera_División_2018-19_(Argentina)
2018-08-11,13:15,Gimnasia y Esgrima (LP),Argentinos Juniors,1,0,,,Primera Division,2018,zonas,,Fecha 1,Del Bosque,false,https://es.wikipedia.org/wiki/Campeonato_de_Primera_División_2018-19_(Argentina)
2018-08-11,15:30,Unión,Aldosivi,1,0,,,Primera Division,2018,zonas,,Fecha 1,15 de abril,false,https://es.wikipedia.org/wiki/Campeonato_de_Primera_División_2018-19_(Argentina)
2018-08-11,17:45,Patronato,Colón,0,0,,,Primera Division,2018,zonas,,Fecha 1,Presbítero Bartolomé Grella,false,https://es.wikipedia.org/wiki/Campeonato_de_Primera_División_2018-19_(Argentina)
2018-08-11,20:00,Belgrano,San Martín (SJ),0,0,,,Primera Division,2018,zonas,,Fecha 1,Gigante de Alberdi,false,https://es.wikipedia.org/wiki/Campeonato_de_Primera_División_2018-19_(Argentina)
2018-08-12,11:00,Boca Juniors,Talleres (C),1,0,,,Primera Division,2018,zonas,,Fecha 1,La Bombonera,false,https://es.wikipedia.org/wiki/Campeonato_de_Primera_División_2018-19_(Argentina)
2018-08-12,13:15,Godoy Cruz,Estudiantes (LP),1,0,,,Primera Division,2018,zonas,,Fecha 1,Malvinas Argentinas,false,https://es.wikipedia.org/wiki/Campeonato_de_Primera_División_2018-19_(Argentina)
2018-08-12,15:30,Lanús,Defensa y Justicia,2,2,,,Primera Division,2018,zonas,,Fecha 1,Ciudad de Lanús,false,https://es.wikipedia.org/wiki/Campeonato_de_Primera_División_2018-19_(Argentina)
2018-08-12,17:45,Rosario Central,Banfield,1,0,,,Primera Division,2018,zonas,,Fecha 1,Gigante de Arroyito,false,https://es.wikipedia.org/wiki/Campeonato_de_Primera_División_2018-19_(Argentina)
2018-08-12,20:00,Huracán,River Plate,0,0,,,Primera Division,2018,zonas,,Fecha 1,Tomás A. Ducó,false,https://es.wikipedia.org/wiki/Campeonato_de_Primera_División_2018-19_(Argentina)
2018-08-13,21:00,Atlético Tucumán,Racing Club,2,2,,,Primera Division,2018,zonas,,Fecha 1,Monumental José Fierro,false,https://es.wikipedia.org/wiki/Campeonato_de_Primera_División_2018-19_(Argentina)
2018-08-17,,Deportivo Maipú,Temperley,0,4,,,Copa Argentina,2018,eliminacion,,Dieciseisavos,Julio Humberto Grondona,true,https://es.wikipedia.org/wiki/Copa_Argentina_2017-18
2018-08-17,15:30,Barracas Central,Sacachispas,2,2,,,Primera B,2018,zonas,,Fecha 1,Claudio Chiqui Tapia,false,https://es.wikipedia.org/wiki/Campeonato_de_Primera_B_2018-19_(Argentina)
2018-08-17,19:00,Talleres (C),Rosario Central,0,1,,,Primera Division,2018,zonas,,Fecha 2,Mario Alberto Kempes,false,https://es.wikipedia.org/wiki/Campeonato_de_Primera_División_2018-19_(Argentina)
2018-08-17,21:00,Newell's Old Boys,Independiente,2,2,,,Primera Division,2018,zonas,,Fecha 2,Marcelo Bielsa,false,https://es.wikipedia.org/wiki/Campeonato_de_Primera_División_2018-19_(Argentina)
2018-08-18,11:00,Victoriano Arenas,Deportivo Laferrere,2,1,,,Primera C,2018,zonas,,Fecha 1,Saturnino Moure,false,https://es.wikipedia.org/wiki/Campeonato_de_Primera_C_2018-19_(Argentina)
2018-08-18,13:05,Deportivo Riestra,Comunicaciones,1,0,,,Primera B,2018,zonas,,Fecha 1,Guillermo Laza,false,https://es.wikipedia.org/wiki/Campeonato_de_Primera_B_2018-19_(Argentina)
2018-08-18,13:15,Defensa y Justicia,Atlético Tucumán,1,1,,,Primera Division,2018,zonas,,Fecha 2,Norberto Tomaghello,false,https://es.wikipedia.org/wiki/Campeonato_de_Primera_División_2018-19_(Argentina)
2018-08-18,13:15,San Miguel,All Boys,0,0,,,Primera B,2018,zonas,,Fecha 1,Malvinas Argentinas,false,https://es.wikipedia.org/wiki/Campeonato_de_Primera_B_2018-19_(Argentina)
2018-08-18,15:30,Banfield,Gimnasia y Esgrima (LP),1,0,,,Primera Division,2018,zonas,,Fecha 2,Florencio Sola,false,https://es.wikipedia.org/wiki/Campeonato_de_Primera_División_2018-19_(Argentina)
2018-08-18,15:30,Central Córdoba (R),Argentino de Quilmes,0,4,,,Primera C,2018,zonas,,Fecha 1,Gabino Sosa,false,https://es.wikipedia.org/wiki/Campeonato_de_Primera_C_2018-19_(Argentina)
2018-08-18,15:30,Flandria,J. J. de Urquiza,1,1,,,Primera B,2018,zonas,,Fecha 1,Carlos V,false,https://es.wikipedia.org/wiki/Campeonato_de_Primera_B_2018-19_(Argentina)
2018-08-18,15:30,Ituzaingó,Dock Sud,1,1,,,Primera C,2018,zonas,,Fecha 1,Ituzaingó,false,https://es.wikipedia.org/wiki/Campeonato_de_Primera_C_2018-19_(Argentina)
2018-08-18,15:30,Sportivo Italiano,Cañuelas,4,1,,,Primera C,2018,zonas,,Fecha 1,República de Italia,false,https://es.wikipedia.org/wiki/Campeonato_de_Primera_C_2018-19_(Argentina)
2018-08-18,17:05,Atlanta,Tristán Suárez,4,0,,,Primera B,2018,zonas,,Fecha 1,Don León Kolbowsky,false,https://es.wikipedia.org/wiki/Campeonato_de_Primera_B_2018-19_(Argentina)
2018-08-18,17:45,Argentinos Juniors,Godoy Cruz,0,0,,,Primera Division,2018,zonas,,Fecha 2,Diego Armando Maradona,false,https://es.wikipedia.org/wiki/Campeonato_de_Primera_División_2018-19_(Argentina)
2018-08-18,20:00,River Plate,Belgrano,0,0,,,Primera Division,2018,zonas,,Fecha 2,Monumental,false,https://es.wikipedia.org/wiki/Campeonato_de_Primera_División_2018-19_(Argentina)
2018-08-19,,Cipolletti,Almagro,0,2,,,Copa Argentina,2018,eliminacion,,Dieciseisavos,Coloso del Ruca Quimey,true,https://es.wikipedia.org/wiki/Copa_Argentina_2017-18
2018-08-19,11:00,San Martín (SJ),Patronato,1,0,,,Primera Division,2018,zonas,,Fecha 2,Ingeniero Hilario Sánchez,false,https://es.wikipedia.org/wiki/Campeonato_de_Primera_División_2018-19_(Argentina)
2018-08-19,12:00,El Porvenir,General Lamadrid,0,2,,,Primera C,2018,zonas,,Fecha 1,Gildo Francisco Ghersinich,false,https://es.wikipedia.org/wiki/Campeonato_de_Primera_C_2018-19_(Argentina)
2018-08-19,13:15,Colón,Tigre,2,2,,,Primera Division,2018,zonas,,Fecha 2,Brigadier Estanislao López,false,https://es.wikipedia.org/wiki/Campeonato_de_Primera_División_2018-19_(Argentina)
2018-08-19,15:30,Aldosivi,Huracán,2,1,,,Primera Division,2018,zonas,,Fecha 2,José María Minella,false,https://es.wikipedia.org/wiki/Campeonato_de_Primera_División_2018-19_(Argentina)
2018-08-19,15:30,Berazategui,Deportivo Armenio,0,0,,,Primera C,2018,zonas,,Fecha 1,Norman Lee,false,https://es.wikipedia.org/wiki/Campeonato_de_Primera_C_2018-19_(Argentina)
2018-08-19,15:30,Excursionistas,San Martín (B),1,2,,,Primera C,2018,zonas,,Fecha 1,Excursionistas,false,https://es.wikipedia.org/wiki/Campeonato_de_Primera_C_2018-19_(Argentina)
2018-08-19,15:30,Leandro N. Alem,Ferrocarril Midland,1,0,,,Primera C,2018,zonas,,Fecha 1,Leandro N. Alem,false,https://es.wikipedia.org/wiki/Campeonato_de_Primera_C_2018-19_(Argentina)
2018-08-19,15:30,UAI Urquiza,Defensores Unidos,1,0,,,Primera B,2018,zonas,,Fecha 1,Monumental de Villa Lynch,false,https://es.wikipedia.org/wiki/Campeonato_de_Primera_B_2018-19_(Argentina)
2018-08-19,17:45,San Lorenzo,Lanús,2,2,,,Primera Division,2018,zonas,,Fecha 2,Nuevo Gasómetro,false,https://es.wikipedia.org/wiki/Campeonato_de_Primera_División_2018-19_(Argentina)
2018-08-19,20:00,Racing Club,Vélez Sarsfield,2,0,,,Primera Division,2018,zonas,,Fecha 2,El Cilindro,false,https://es.wikipedia.org/wiki/Campeonato_de_Primera_División_2018-19_(Argentina)
2018-08-20,15:30,Deportivo Español,Talleres (RdE),0,1,,,Primera B,2018,zonas,,Fecha 1,Nueva España,false,https://es.wikipedia.org/wiki/Campeonato_de_Primera_B_2018-19_(Argentina)
2018-08-20,15:30,Deportivo Merlo,Luján,2,1,,,Primera C,2018,zonas,,Fecha 1,José Manuel Moreno,false,https://es.wikipedia.org/wiki/Campeonato_de_Primera_C_2018-19_(Argentina)
2018-08-20,15:30,Estudiantes (LP),Boca Juniors,2,0,,,Primera Division,2018,zonas,,Fecha 2,Centenario,false,https://es.wikipedia.org/wiki/Campeonato_de_Primera_División_2018-19_(Argentina)
2018-08-20,15:30,San Telmo,Fénix,1,1,,,Primera B,2018,zonas,,Fecha 1,Dr. Osvaldo Baletto,false,https://es.wikipedia.org/wiki/Campeonato_de_Primera_B_2018-19_(Argentina)
2018-08-20,15:30,Villa San Carlos,Sportivo Barracas,2,1,,,Primera C,2018,zonas,,Fecha 1,Juan Carmelo Zerillo,false,https://es.wikipedia.org/wiki/Campeonato_de_Primera_C_2018-19_(Argentina)
2018-08-20,17:45,San Martín (T),Unión,1,1,,,Primera Division,2018,zonas,,Fecha 2,La Ciudadela,false,https://es.wikipedia.org/wiki/Campeonato_de_Primera_División_2018-19_(Argentina)
2018-08-20,21:05,Estudiantes (BA),Almirante Brown,2,0,,,Primera B,2018,zonas,,Fecha 1,Ciudad de Caseros,false,https://es.wikipedia.org/wiki/Campeonato_de_Primera_B_2018-19_(Argentina)
2018-08-21,21:05,Acassuso,Colegiales,1,0,,,Primera B,2018,zonas,,Fecha 1,República de Italia,false,https://es.wikipedia.org/wiki/Campeonato_de_Primera_B_2018-19_(Argentina)
2018-08-24,15:30,Defensores Unidos,Estudiantes (BA),0,1,,,Primera B,2018,zonas,,Fecha 2,Gigante de Villa Fox,false,https://es.wikipedia.org/wiki/Campeonato_de_Primera_B_2018-19_(Argentina)
2018-08-24,15:30,Tristán Suárez,Deportivo Español,0,0,,,Primera B,2018,zonas,,Fecha 2,20 de Octubre,false,https://es.wikipedia.org/wiki/Campeonato_de_Primera_B_2018-19_(Argentina)
2018-08-24,15:35,Fénix,All Boys,1,2,,,Primera B,2018,zonas,,Fecha 2,Nueva España,false,https://es.wikipedia.org/wiki/Campeonato_de_Primera_B_2018-19_(Argentina)
2018-08-24,19:00,Belgrano,Estudiantes (LP),2,1,,,Primera Division,2018,zonas,,Fecha 3,Gigante de Alberdi,false,https://es.wikipedia.org/wiki/Campeonato_de_Primera_División_2018-19_(Argentina)
2018-08-24,19:00,Patronato,Racing Club,0,3,,,Primera Division,2018,zonas,,Fecha 3,Presbítero Bartolomé Grella,false,https://es.wikipedia.org/wiki/Campeonato_de_Primera_División_2018-19_(Argentina)
2018-08-24,20:05,Talleres (RdE),Deportivo Riestra,0,1,,,Primera B,2018,zonas,,Fecha 2,Talleres (RdE),false,https://es.wikipedia.org/wiki/Campeonato_de_Primera_B_2018-19_(Argentina)
2018-08-24,21:15,Atlético Tucumán,Colón,2,1,,,Primera Division,2018,zonas,,Fecha 3,Monumental José Fierro,false,https://es.wikipedia.org/wiki/Campeonato_de_Primera_División_2018-19_(Argentina)
2018-08-24,21:15,Independiente,Defensa y Justicia,0,1,,,Primera Division,2018,zonas,,Fecha 3,Libertadores de América,false,https://es.wikipedia.org/wiki/Campeonato_de_Primera_División_2018-19_(Argentina)
2018-08-25,11:00,Colegiales,Flandria,1,0,,,Primera B,2018,zonas,,Fecha 2,Colegiales,false,https://es.wikipedia.org/wiki/Campeonato_de_Primera_B_2018-19_(Argentina)
2018-08-25,11:00,J. J. de Urquiza,UAI Urquiza,0,0,,,Primera B,2018,zonas,,Fecha 2,Malvinas Argentinas,false,https://es.wikipedia.org/wiki/Campeonato_de_Primera_B_2018-19_(Argentina)
2018-08-25,13:10,Nueva Chicago,Ferro Carril Oeste,2,0,,,Primera Nacional,2018,zonas,,Fecha 1,Nueva Chicago,false,https://es.wikipedia.org/wiki/Campeonato_de_Primera_B_Nacional_2018-19
2018-08-25,15:30,Almirante Brown,Barracas Central,1,0,,,Primera B,2018,zonas,,Fecha 2,Fragata Presidente Sarmiento,false,https://es.wikipedia.org/wiki/Campeonato_de_Primera_B_2018-19_(Argentina)
2018-08-25,15:30,Arsenal,Gimnasia y Esgrima (J),1,1,,,Primera Nacional,2018,zonas,,Fecha 1,El Viaducto,false,https://es.wikipedia.org/wiki/Campeonato_de_Primera_B_Nacional_2018-19
2018-08-25,15:30,Comunicaciones,Acassuso,1,1,,,Primera B,2018,zonas,,Fecha 2,Alfredo Ramos,false,https://es.wikipedia.org/wiki/Campeonato_de_Primera_B_2018-19_(Argentina)
2018-08-25,15:30,Gimnasia y Esgrima (LP),Talleres (C),0,2,,,Primera Division,2018,zonas,,Fecha 3,Del Bosque,false,https://es.wikipedia.org/wiki/Campeonato_de_Primera_División_2018-19_(Argentina)
2018-08-25,15:30,Los Andes,Independiente Rivadavia,0,1,,,Primera Nacional,2018,zonas,,Fecha 1,Eduardo Gallardón,false,https://es.wikipedia.org/wiki/Campeonato_de_Primera_B_Nacional_2018-19
2018-08-25,15:30,Sacachispas,San Telmo,1,1,,,Primera B,2018,zonas,,Fecha 2,Beto Larrosa,false,https://es.wikipedia.org/wiki/Campeonato_de_Primera_B_2018-19_(Argentina)
2018-08-25,15:30,Villa Dálmine,Instituto,3,0,,,Primera Nacional,2018,zonas,,Fecha 1,El Coliseo de Mitre y Puccini,false,https://es.wikipedia.org/wiki/Campeonato_de_Primera_B_Nacional_2018-19
2018-08-25,16:00,Agropecuario,Ramón Santamarina,2,1,,,Primera Nacional,2018,zonas,,Fecha 1,Ofelia Rosenzuaig,false,https://es.wikipedia.org/wiki/Campeonato_de_Primera_B_Nacional_2018-19
2018-08-25,17:05,Atlanta,San Miguel,3,0,,,Primera B,2018,zonas,,Fecha 2,Don León Kolbowsky,false,https://es.wikipedia.org/wiki/Campeonato_de_Primera_B_2018-19_(Argentina)
2018-08-25,17:45,Tigre,San Martín (SJ),2,2,,,Primera Division,2018,zonas,,Fecha 3,Monumental de Victoria,false,https://es.wikipedia.org/wiki/Campeonato_de_Primera_División_2018-19_(Argentina)
2018-08-25,20:00,River Plate,Argentinos Juniors,0,0,,,Primera Division,2018,zonas,,Fecha 3,Monumental,false,https://es.wikipedia.org/wiki/Campeonato_de_Primera_División_2018-19_(Argentina)
2018-08-26,11:00,Vélez Sarsfield,Banfield,1,1,,,Primera Division,2018,zonas,,Fecha 3,José Amalfitani,false,https://es.wikipedia.org/wiki/Campeonato_de_Primera_División_2018-19_(Argentina)
2018-08-26,12:00,Ferrocarril Midland,Excursionistas,2,1,,,Primera C,2018,zonas,,Fecha 2,Ciudad de Libertad,false,https://es.wikipedia.org/wiki/Campeonato_de_Primera_C_2018-19_(Argentina)
2018-08-26,15:05,Platense,Mitre (SdE),0,1,,,Primera Nacional,2018,zonas,,Fecha 1,Ciudad de Vicente López,false,https://es.wikipedia.org/wiki/Campeonato_de_Primera_B_Nacional_2018-19
2018-08-26,15:30,Argentino de Quilmes,Ituzaingó,1,1,,,Primera C,2018,zonas,,Fecha 2,Argentino de Quilmes,false,https://es.wikipedia.org/wiki/Campeonato_de_Primera_C_2018-19_(Argentina)
2018-08-26,15:30,Cañuelas,Leandro N. Alem,2,2,,,Primera C,2018,zonas,,Fecha 2,José Alfredo Arín,false,https://es.wikipedia.org/wiki/Campeonato_de_Primera_C_2018-19_(Argentina)
2018-08-26,15:30,Deportivo Armenio,Central Córdoba (R),1,0,,,Primera C,2018,zonas,,Fecha 2,Armenia,false,https://es.wikipedia.org/wiki/Campeonato_de_Primera_C_2018-19_(Argentina)
2018-08-26,15:30,General Lamadrid,Deportivo Merlo,0,0,,,Primera C,2018,zonas,,Fecha 2,Enrique Sexto,false,https://es.wikipedia.org/wiki/Campeonato_de_Primera_C_2018-19_(Argentina)
2018-08-26,15:30,Guillermo Brown,Brown de Adrogué,0,1,,,Primera Nacional,2018,zonas,,Fecha 1,Raúl Conti,false,https://es.wikipedia.org/wiki/Campeonato_de_Primera_B_Nacional_2018-19
2018-08-26,15:30,Lanús,Aldosivi,0,1,,,Primera Division,2018,zonas,,Fecha 3,Ciudad de Lanús,false,https://es.wikipedia.org/wiki/Campeonato_de_Primera_División_2018-19_(Argentina)
2018-08-26,15:30,Olimpo,Sarmiento (J),0,1,,,Primera Nacional,2018,zonas,,Fecha 1,Roberto N. Carminati,false,https://es.wikipedia.org/wiki/Campeonato_de_Primera_B_Nacional_2018-19
2018-08-26,15:30,Sportivo Italiano,Villa San Carlos,0,1,,,Primera C,2018,zonas,,Fecha 2,República de Italia,false,https://es.wikipedia.org/wiki/Campeonato_de_Primera_C_2018-19_(Argentina)
2018-08-26,16:00,Central Córdoba (SdE),Deportivo Morón,1,1,,,Primera Nacional,2018,zonas,,Fecha 1,Alfredo Terrera,false,https://es.wikipedia.org/wiki/Campeonato_de_Primera_B_Nacional_2018-19
2018-08-26,16:30,Gimnasia y Esgrima (M),Temperley,2,1,,,Primera Nacional,2018,zonas,,Fecha 1,Víctor Antonio Legrotaglie,false,https://es.wikipedia.org/wiki/Campeonato_de_Primera_B_Nacional_2018-19
2018-08-26,17:45,Rosario Central,San Martín (T),2,0,,,Primera Division,2018,zonas,,Fecha 3,Gigante de Arroyito,false,https://es.wikipedia.org/wiki/Campeonato_de_Primera_División_2018-19_(Argentina)
2018-08-26,20:00,Huracán,Boca Juniors,0,0,,,Primera Division,2018,zonas,,Fecha 3,Tomás A. Ducó,false,https://es.wikipedia.org/wiki/Campeonato_de_Primera_División_2018-19_(Argentina)
2018-08-27,15:30,Dock Sud,El Porvenir,0,1,,,Primera C,2018,zonas,,Fecha 2,De los Inmigrantes,false,https://es.wikipedia.org/wiki/Campeonato_de_Primera_C_2018-19_(Argentina)
2018-08-27,15:30,Luján,Sportivo Barracas,0,0,,,Primera C,2018,zonas,,Fecha 2,Municipal de la Ciudad de Luján,false,https://es.wikipedia.org/wiki/Campeonato_de_Primera_C_2018-19_(Argentina)
2018-08-27,15:30,San Martín (B),Victoriano Arenas,0,2,,,Primera C,2018,zonas,,Fecha 2,Francisco Boga,false,https://es.wikipedia.org/wiki/Campeonato_de_Primera_C_2018-19_(Argentina)
2018-08-27,19:00,Godoy Cruz,Newell's Old Boys,2,1,,,Primera Division,2018,zonas,,Fecha 3,Malvinas Argentinas,false,https://es.wikipedia.org/wiki/Campeonato_de_Primera_División_2018-19_(Argentina)
2018-08-27,20:00,Atlético de Rafaela,Quilmes,2,1,,,Primera Nacional,2018,zonas,,Fecha 1,Nuevo Monumental,false,https://es.wikipedia.org/wiki/Campeonato_de_Primera_B_Nacional_2018-19
2018-08-27,21:00,Unión,San Lorenzo,1,1,,,Primera Division,2018,zonas,,Fecha 3,15 de abril,false,https://es.wikipedia.org/wiki/Campeonato_de_Primera_División_2018-19_(Argentina)
2018-08-27,21:05,Almagro,Chacarita Juniors,1,0,,,Primera Nacional,2018,zonas,,Fecha 1,Tres de Febrero,false,https://es.wikipedia.org/wiki/Campeonato_de_Primera_B_Nacional_2018-19
2018-08-28,15:30,Deportivo Laferrere,Berazategui,0,1,,,Primera C,2018,zonas,,Fecha 2,Ciudad de Laferrere,false,https://es.wikipedia.org/wiki/Campeonato_de_Primera_C_2018-19_(Argentina)
2018-08-28,15:30,Deportivo Riestra,Tristán Suárez,2,2,,,Primera B,2018,zonas,,Fecha 3,Guillermo Laza,false,https://es.wikipedia.org/wiki/Campeonato_de_Primera_B_2018-19_(Argentina)
2018-08-28,21:05,Estudiantes (BA),J. J. de Urquiza,4,2,,,Primera B,2018,zonas,,Fecha 3,Ciudad de Caseros,false,https://es.wikipedia.org/wiki/Campeonato_de_Primera_B_2018-19_(Argentina)
2018-08-29,15:05,Deportivo Español,Atlanta,0,1,,,Primera B,2018,zonas,,Fecha 3,Nueva España,false,https://es.wikipedia.org/wiki/Campeonato_de_Primera_B_2018-19_(Argentina)
2018-08-29,15:30,Acassuso,Talleres (RdE),3,1,,,Primera B,2018,zonas,,Fecha 3,República de Italia,false,https://es.wikipedia.org/wiki/Campeonato_de_Primera_B_2018-19_(Argentina)
2018-08-29,15:30,Barracas Central,Defensores Unidos,5,1,,,Primera B,2018,zonas,,Fecha 3,Claudio Chiqui Tapia,false,https://es.wikipedia.org/wiki/Campeonato_de_Primera_B_2018-19_(Argentina)
2018-08-29,15:30,Flandria,Comunicaciones,1,0,,,Primera B,2018,zonas,,Fecha 3,Carlos V,false,https://es.wikipedia.org/wiki/Campeonato_de_Primera_B_2018-19_(Argentina)
2018-08-29,15:30,San Miguel,Fénix,0,0,,,Primera B,2018,zonas,,Fecha 3,Malvinas Argentinas,false,https://es.wikipedia.org/wiki/Campeonato_de_Primera_B_2018-19_(Argentina)
2018-08-29,15:30,San Telmo,Almirante Brown,0,1,,,Primera B,2018,zonas,,Fecha 3,Dr. Osvaldo Baletto,false,https://es.wikipedia.org/wiki/Campeonato_de_Primera_B_2018-19_(Argentina)
2018-08-29,15:30,UAI Urquiza,Colegiales,1,0,,,Primera B,2018,zonas,,Fecha 3,Monumental de Villa Lynch,false,https://es.wikipedia.org/wiki/Campeonato_de_Primera_B_2018-19_(Argentina)
2018-08-29,19:35,All Boys,Sacachispas,3,2,,,Primera B,2018,zonas,,Fecha 3,Islas Malvinas,false,https://es.wikipedia.org/wiki/Campeonato_de_Primera_B_2018-19_(Argentina)
2018-08-31,15:30,Ituzaingó,Deportivo Armenio,0,2,,,Primera C,2018,zonas,,Fecha 3,Ituzaingó,false,https://es.wikipedia.org/wiki/Campeonato_de_Primera_C_2018-19_(Argentina)
2018-08-31,15:30,Sportivo Barracas,General Lamadrid,2,1,,,Primera C,2018,zonas,,Fecha 3,República de Italia,false,https://es.wikipedia.org/wiki/Campeonato_de_Primera_C_2018-19_(Argentina)
2018-08-31,15:30,Victoriano Arenas,Ferrocarril Midland,3,1,,,Primera C,2018,zonas,,Fecha 3,Saturnino Moure,false,https://es.wikipedia.org/wiki/Campeonato_de_Primera_C_2018-19_(Argentina)
2018-08-31,15:30,Villa San Carlos,Luján,1,1,,,Primera C,2018,zonas,,Fecha 3,Genacio Sálice,false,https://es.wikipedia.org/wiki/Campeonato_de_Primera_C_2018-19_(Argentina)
2018-08-31,19:00,Argentinos Juniors,Lanús,2,0,,,Primera Division,2018,zonas,,Fecha 4,Diego Armando Maradona,false,https://es.wikipedia.org/wiki/Campeonato_de_Primera_División_2018-19_(Argentina)
2018-08-31,21:00,San Martín (SJ),Huracán,1,2,,,Primera Division,2018,zonas,,Fecha 4,Ingeniero Hilario Sánchez,false,https://es.wikipedia.org/wiki/Campeonato_de_Primera_División_2018-19_(Argentina)
2018-08-31,21:00,Temperley,Villa Dálmine,0,2,,,Primera Nacional,2018,zonas,,Fecha 2,Alfredo Beranger,false,https://es.wikipedia.org/wiki/Campeonato_de_Primera_B_Nacional_2018-19
2018-08-31,21:05,Instituto,Agropecuario,0,1,,,Primera Nacional,2018,zonas,,Fecha 2,Juan Domingo Perón,false,https://es.wikipedia.org/wiki/Campeonato_de_Primera_B_Nacional_2018-19
2018-09-01,11:00,El Porvenir,Argentino de Quilmes,2,2,,,Primera C,2018,zonas,,Fecha 3,Gildo Francisco Ghersinich,false,https://es.wikipedia.org/wiki/Campeonato_de_Primera_C_2018-19_(Argentina)
2018-09-01,13:05,Almirante Brown,All Boys,2,0,,,Primera B,2018,zonas,,Fecha 4,Fragata Presidente Sarmiento,false,https://es.wikipedia.org/wiki/Campeonato_de_Primera_B_2018-19_(Argentina)
2018-09-01,13:15,Defensa y Justicia,Belgrano,1,1,,,Primera Division,2018,zonas,,Fecha 4,Norberto Tomaghello,false,https://es.wikipedia.org/wiki/Campeonato_de_Primera_División_2018-19_(Argentina)
2018-09-01,14:00,Sarmiento (J),Atlético de Rafaela,1,1,,,Primera Nacional,2018,zonas,,Fecha 2,Eva Perón,false,https://es.wikipedia.org/wiki/Campeonato_de_Primera_B_Nacional_2018-19
2018-09-01,15:30,Banfield,Patronato,1,0,,,Primera Division,2018,zonas,,Fecha 4,Florencio Sola,false,https://es.wikipedia.org/wiki/Campeonato_de_Primera_División_2018-19_(Argentina)
2018-09-01,15:30,Brown de Adrogué,Olimpo,3,0,,,Primera Nacional,2018,zonas,,Fecha 2,Lorenzo Arandilla,false,https://es.wikipedia.org/wiki/Campeonato_de_Primera_B_Nacional_2018-19
2018-09-01,15:30,Central Córdoba (R),Deportivo Laferrere,0,1,,,Primera C,2018,zonas,,Fecha 3,Gabino Sosa,false,https://es.wikipedia.org/wiki/Campeonato_de_Primera_C_2018-19_(Argentina)
2018-09-01,15:30,Excursionistas,Cañuelas,4,1,,,Primera C,2018,zonas,,Fecha 3,Excursionistas,false,https://es.wikipedia.org/wiki/Campeonato_de_Primera_C_2018-19_(Argentina)
2018-09-01,15:30,Ferro Carril Oeste,Guillermo Brown,2,0,,,Primera Nacional,2018,zonas,,Fecha 2,Arquitecto Ricardo Echeverri,false,https://es.wikipedia.org/wiki/Campeonato_de_Primera_B_Nacional_2018-19
2018-09-01,16:05,Chacarita Juniors,Platense,0,2,,,Primera Nacional,2018,zonas,,Fecha 2,Chacarita Juniors,false,https://es.wikipedia.org/wiki/Campeonato_de_Primera_B_Nacional_2018-19
2018-09-01,17:45,Talleres (C),Godoy Cruz,1,0,,,Primera Division,2018,zonas,,Fecha 4,Mario Alberto Kempes,false,https://es.wikipedia.org/wiki/Campeonato_de_Primera_División_2018-19_(Argentina)
2018-09-01,20:00,San Lorenzo,River Plate,1,1,,,Primera Division,2018,zonas,,Fecha 4,Nuevo Gasómetro,false,https://es.wikipedia.org/wiki/Campeonato_de_Primera_División_2018-19_(Argentina)
2018-09-01,20:30,Ramón Santamarina,Arsenal,0,0,,,Primera Nacional,2018,zonas,,Fecha 2,Municipal General San Martin,false,https://es.wikipedia.org/wiki/Campeonato_de_Primera_B_Nacional_2018-19
2018-09-02,11:00,Deportivo Merlo,Dock Sud,1,2,,,Primera C,2018,zonas,,Fecha 3,José Manuel Moreno,false,https://es.wikipedia.org/wiki/Campeonato_de_Primera_C_2018-19_(Argentina)
2018-09-02,11:00,Racing Club,Rosario Central,2,0,,,Primera Division,2018,zonas,,Fecha 4,El Cilindro,false,https://es.wikipedia.org/wiki/Campeonato_de_Primera_División_2018-19_(Argentina)
2018-09-02,13:00,J. J. de Urquiza,Barracas Central,1,2,,,Primera B,2018,zonas,,Fecha 4,República de Italia,false,https://es.wikipedia.org/wiki/Campeonato_de_Primera_B_2018-19_(Argentina)
2018-09-02,13:15,Estudiantes (LP),Independiente,2,2,,,Primera Division,2018,zonas,,Fecha 4,Centenario,false,https://es.wikipedia.org/wiki/Campeonato_de_Primera_División_2018-19_(Argentina)
2018-09-02,15:30,Aldosivi,Tigre,0,2,,,Primera Division,2018,zonas,,Fecha 4,José María Minella,false,https://es.wikipedia.org/wiki/Campeonato_de_Primera_División_2018-19_(Argentina)
2018-09-02,15:30,Comunicaciones,UAI Urquiza,1,3,,,Primera B,2018,zonas,,Fecha 4,Alfredo Ramos,false,https://es.wikipedia.org/wiki/Campeonato_de_Primera_B_2018-19_(Argentina)
2018-09-02,15:30,Defensores Unidos,San Telmo,2,0,,,Primera B,2018,zonas,,Fecha 4,Gigante de Villa Fox,false,https://es.wikipedia.org/wiki/Campeonato_de_Primera_B_2018-19_(Argentina)
2018-09-02,15:30,Deportivo Español,San Miguel,2,0,,,Primera B,2018,zonas,,Fecha 4,Nueva España,false,https://es.wikipedia.org/wiki/Campeonato_de_Primera_B_2018-19_(Argentina)
2018-09-02,17:00,Gimnasia y Esgrima (J),Defensores de Belgrano,0,0,,,Primera Nacional,2018,zonas,,Fecha 2,23 de agosto,false,https://es.wikipedia.org/wiki/Campeonato_de_Primera_B_Nacional_2018-19
2018-09-02,17:00,Independiente Rivadavia,Central Córdoba (SdE),2,0,,,Primera Nacional,2018,zonas,,Fecha 2,Bautista Gargantini,false,https://es.wikipedia.org/wiki/Campeonato_de_Primera_B_Nacional_2018-19
2018-09-02,17:00,Mitre (SdE),Gimnasia y Esgrima (M),2,0,,,Primera Nacional,2018,zonas,,Fecha 2,Dres. José y Antonio Castiglione,false,https://es.wikipedia.org/wiki/Campeonato_de_Primera_B_Nacional_2018-19
2018-09-02,17:45,Colón,Unión,0,0,,,Primera Division,2018,zonas,,Fecha 4,Brigadier Estanislao López,false,https://es.wikipedia.org/wiki/Campeonato_de_Primera_División_2018-19_(Argentina)
2018-09-02,20:00,Boca Juniors,Vélez Sarsfield,3,0,,,Primera Division,2018,zonas,,Fecha 4,La Bombonera,false,https://es.wikipedia.org/wiki/Campeonato_de_Primera_División_2018-19_(Argentina)
2018-09-03,15:05,Colegiales,Estudiantes (BA),2,1,,,Primera B,2018,zonas,,Fecha 4,Colegiales,false,https://es.wikipedia.org/wiki/Campeonato_de_Primera_B_2018-19_(Argentina)
2018-09-03,15:30,Leandro N. Alem,Sportivo Italiano,0,2,,,Primera C,2018,zonas,,Fecha 3,Leandro N. Alem,false,https://es.wikipedia.org/wiki/Campeonato_de_Primera_C_2018-19_(Argentina)
2018-09-03,15:30,Sacachispas,Fénix,1,0,,,Primera B,2018,zonas,,Fecha 4,Beto Larrosa,false,https://es.wikipedia.org/wiki/Campeonato_de_Primera_B_2018-19_(Argentina)
2018-09-03,15:30,Tristán Suárez,Acassuso,0,0,,,Primera B,2018,zonas,,Fecha 4,20 de Octubre,false,https://es.wikipedia.org/wiki/Campeonato_de_Primera_B_2018-19_(Argentina)
2018-09-03,19:00,Newell's Old Boys,Atlético Tucumán,1,2,,,Primera Division,2018,zonas,,Fecha 4,Marcelo Bielsa,false,https://es.wikipedia.org/wiki/Campeonato_de_Primera_División_2018-19_(Argentina)
2018-09-03,19:30,Talleres (RdE),Flandria,0,1,,,Primera B,2018,zonas,,Fecha 4,Talleres (RdE),false,https://es.wikipedia.org/wiki/Campeonato_de_Primera_B_2018-19_(Argentina)
2018-09-03,20:00,Deportivo Morón,Almagro,0,2,,,Primera Nacional,2018,zonas,,Fecha 2,Nuevo Francisco Urbano,false,https://es.wikipedia.org/wiki/Campeonato_de_Primera_B_Nacional_2018-19
2018-09-03,21:00,San Martín (T),Gimnasia y Esgrima (LP),1,1,,,Primera Division,2018,zonas,,Fecha 4,La Ciudadela,false,https://es.wikipedia.org/wiki/Campeonato_de_Primera_División_2018-19_(Argentina)
2018-09-03,21:05,Quilmes,Los Andes,2,0,,,Primera Nacional,2018,zonas,,Fecha 2,Centenario,false,https://es.wikipedia.org/wiki/Campeonato_de_Primera_B_Nacional_2018-19
2018-09-04,15:30,Berazategui,San Martín (B),1,0,,,Primera C,2018,zonas,,Fecha 3,Norman Lee,false,https://es.wikipedia.org/wiki/Campeonato_de_Primera_C_2018-19_(Argentina)
2018-09-04,21:05,Atlanta,Deportivo Riestra,0,1,,,Primera B,2018,zonas,,Fecha 4,Don León Kolbowsky,false,https://es.wikipedia.org/wiki/Campeonato_de_Primera_B_2018-19_(Argentina)
2018-09-07,,Boca Juniors,San Martín (T),2,0,,,Copa Argentina,2018,eliminacion,,Dieciseisavos,Antonio Romero,true,https://es.wikipedia.org/wiki/Copa_Argentina_2017-18
2018-09-07,15:30,Argentino de Quilmes,Deportivo Merlo,1,0,,,Primera C,2018,zonas,,Fecha 4,Argentino de Quilmes,false,https://es.wikipedia.org/wiki/Campeonato_de_Primera_C_2018-19_(Argentina)
2018-09-07,15:30,Deportivo Laferrere,Ituzaingó,1,1,,,Primera C,2018,zonas,,Fecha 4,Ciudad de Laferrere,false,https://es.wikipedia.org/wiki/Campeonato_de_Primera_C_2018-19_(Argentina)
2018-09-07,15:30,Dock Sud,Sportivo Barracas,1,0,,,Primera C,2018,zonas,,Fecha 4,De los Inmigrantes,false,https://es.wikipedia.org/wiki/Campeonato_de_Primera_C_2018-19_(Argentina)
2018-09-07,15:30,Leandro N. Alem,Villa San Carlos,0,0,,,Primera C,2018,zonas,,Fecha 4,Leandro N. Alem,false,https://es.wikipedia.org/wiki/Campeonato_de_Primera_C_2018-19_(Argentina)
2018-09-08,15:00,Deportivo Camioneros,Juventud Unida (G),0,0,,,Torneo Federal A,2018,zonas,Zona 2,Fecha 1,Hugo Moyano,false,https://es.wikipedia.org/wiki/Torneo_Federal_A_2018-19
2018-09-08,15:30,Cañuelas,Victoriano Arenas,1,1,,,Primera C,2018,zonas,,Fecha 4,José Alfredo Arín,false,https://es.wikipedia.org/wiki/Campeonato_de_Primera_C_2018-19_(Argentina)
2018-09-08,15:30,Deportivo Armenio,El Porvenir,0,0,,,Primera C,2018,zonas,,Fecha 4,Armenia,false,https://es.wikipedia.org/wiki/Campeonato_de_Primera_C_2018-19_(Argentina)
2018-09-08,15:30,Deportivo Riestra,Deportivo Español,3,0,,,Primera B,2018,zonas,,Fecha 5,Guillermo Laza,false,https://es.wikipedia.org/wiki/Campeonato_de_Primera_B_2018-19_(Argentina)
2018-09-08,15:30,Ferrocarril Midland,Berazategui,0,2,,,Primera C,2018,zonas,,Fecha 4,Ciudad de Libertad,false,https://es.wikipedia.org/wiki/Campeonato_de_Primera_C_2018-19_(Argentina)
2018-09-08,15:30,San Martín (B),Central Córdoba (R),1,1,,,Primera C,2018,zonas,,Fecha 4,Francisco Boga,false,https://es.wikipedia.org/wiki/Campeonato_de_Primera_C_2018-19_(Argentina)
2018-09-08,17:05,Acassuso,Atlanta,1,0,,,Primera B,2018,zonas,,Fecha 5,República de Italia,false,https://es.wikipedia.org/wiki/Campeonato_de_Primera_B_2018-19_(Argentina)
2018-09-08,18:00,All Boys,Defensores Unidos,1,0,,,Primera B,2018,zonas,,Fecha 5,Islas Malvinas,false,https://es.wikipedia.org/wiki/Campeonato_de_Primera_B_2018-19_(Argentina)
2018-09-08,19:05,Estudiantes (BA),Comunicaciones,3,1,,,Primera B,2018,zonas,,Fecha 5,Ciudad de Caseros,false,https://es.wikipedia.org/wiki/Campeonato_de_Primera_B_2018-19_(Argentina)
2018-09-09,,Sarmiento (R),Unión,2,1,,,Copa Argentina,2018,eliminacion,,Dieciseisavos,Florencio Sola,true,https://es.wikipedia.org/wiki/Copa_Argentina_2017-18
2018-09-09,,Temperley,Argentinos Juniors,2,0,,,Copa Argentina,2018,eliminacion,,Octavos,Coloso del Ruca Quimey,true,https://es.wikipedia.org/wiki/Copa_Argentina_2017-18
2018-09-09,15:30,Flandria,Tristán Suárez,1,1,,,Primera B,2018,zonas,,Fecha 5,Carlos V,false,https://es.wikipedia.org/wiki/Campeonato_de_Primera_B_2018-19_(Argentina)
2018-09-09,15:30,General Lamadrid,Luján,1,1,,,Primera C,2018,zonas,,Fecha 4,Enrique Sexto,false,https://es.wikipedia.org/wiki/Campeonato_de_Primera_C_2018-19_(Argentina)
2018-09-09,15:30,San Miguel,Sacachispas,1,2,,,Primera B,2018,zonas,,Fecha 5,Malvinas Argentinas,false,https://es.wikipedia.org/wiki/Campeonato_de_Primera_B_2018-19_(Argentina)
2018-09-09,15:30,San Telmo,J. J. de Urquiza,2,0,,,Primera B,2018,zonas,,Fecha 5,Dr. Osvaldo Baletto,false,https://es.wikipedia.org/wiki/Campeonato_de_Primera_B_2018-19_(Argentina)
2018-09-09,15:30,Sportivo Italiano,Excursionistas,1,1,,,Primera C,2018,zonas,,Fecha 4,República de Italia,false,https://es.wikipedia.org/wiki/Campeonato_de_Primera_C_2018-19_(Argentina)
2018-09-09,15:30,UAI Urquiza,Talleres (RdE),2,0,,,Primera B,2018,zonas,,Fecha 5,Monumental de Villa Lynch,false,https://es.wikipedia.org/wiki/Campeonato_de_Primera_B_2018-19_(Argentina)
2018-09-09,16:00,Alvarado,Independiente (N),1,0,,,Torneo Federal A,2018,zonas,Zona 1,Fecha 1,José María Minella,false,https://es.wikipedia.org/wiki/Torneo_Federal_A_2018-19
2018-09-09,16:00,Defensores de Belgrano (VR),Defensores de Pronunciamiento,0,1,,,Torneo Federal A,2018,zonas,Zona 2,Fecha 1,Salomón Boeseldín,false,https://es.wikipedia.org/wiki/Torneo_Federal_A_2018-19
2018-09-09,16:00,Deportivo Roca,Sol de Mayo (V),2,2,,,Torneo Federal A,2018,zonas,Zona 1,Fecha 1,Luis Maiolino,false,https://es.wikipedia.org/wiki/Torneo_Federal_A_2018-19
2018-09-09,16:00,Ferro Carril Oeste (GP),Sansinena,1,1,,,Torneo Federal A,2018,zonas,Zona 1,Fecha 1,El Coloso del Barrio Talleres,false,https://es.wikipedia.org/wiki/Torneo_Federal_A_2018-19
2018-09-09,16:00,Gimnasia y Esgrima (CdU),Douglas Haig,1,1,,,Torneo Federal A,2018,zonas,Zona 2,Fecha 1,Manuel y Ramón Núñez,false,https://es.wikipedia.org/wiki/Torneo_Federal_A_2018-19
2018-09-09,16:00,San Jorge (T),San Martín (F),0,2,,,Torneo Federal A,2018,zonas,Zona 4,Fecha 1,La Ciudadela,false,https://es.wikipedia.org/wiki/Torneo_Federal_A_2018-19
2018-09-09,16:00,Villa Mitre,Cipolletti,1,0,,,Torneo Federal A,2018,zonas,Zona 1,Fecha 1,El Fortín,false,https://es.wikipedia.org/wiki/Torneo_Federal_A_2018-19
2018-09-09,16:30,Chaco For Ever,Boca Unidos,0,0,,,Torneo Federal A,2018,zonas,Zona 4,Fecha 1,Juan Alberto García,false,https://es.wikipedia.org/wiki/Torneo_Federal_A_2018-19
2018-09-09,16:30,Deportivo Maipú,Racing Club,2,0,,,Torneo Federal A,2018,zonas,Zona 3,Fecha 1,Omar Higinio Sperdutti,false,https://es.wikipedia.org/wiki/Torneo_Federal_A_2018-19
2018-09-09,16:30,Estudiantes (RC),Huracán Las Heras,1,0,,,Torneo Federal A,2018,zonas,Zona 3,Fecha 1,Ciudad de Río Cuarto,false,https://es.wikipedia.org/wiki/Torneo_Federal_A_2018-19
2018-09-09,16:30,Juventud Antoniana,Altos Hornos Zapla,1,0,,,Torneo Federal A,2018,zonas,Zona 4,Fecha 1,Padre Ernesto Martearena,false,https://es.wikipedia.org/wiki/Torneo_Federal_A_2018-19
2018-09-09,16:30,San Lorenzo de Alem,Desamparados,0,0,,,Torneo Federal A,2018,zonas,Zona 3,Fecha 1,Malvinas Argentinas,false,https://es.wikipedia.org/wiki/Torneo_Federal_A_2018-19
2018-09-09,16:30,Sportivo Las Parejas,Unión (S),0,2,,,Torneo Federal A,2018,zonas,Zona 2,Fecha 1,4 de Septiembre,false,https://es.wikipedia.org/wiki/Torneo_Federal_A_2018-19
2018-09-09,17:00,Crucero del Norte,Gimnasia y Tiro (S),2,0,,,Torneo Federal A,2018,zonas,Zona 4,Fecha 1,Comandante Andrés Guacurarí,false,https://es.wikipedia.org/wiki/Torneo_Federal_A_2018-19
2018-09-09,17:00,Sportivo Estudiantes (SL),Sportivo Belgrano,2,0,,,Torneo Federal A,2018,zonas,Zona 3,Fecha 1,Héctor Odicino y Pedro Benoza,false,https://es.wikipedia.org/wiki/Torneo_Federal_A_2018-19
2018-09-10,15:30,Fénix,Almirante Brown,2,1,,,Primera B,2018,zonas,,Fecha 5,Nueva España,false,https://es.wikipedia.org/wiki/Campeonato_de_Primera_B_2018-19_(Argentina)
2018-09-12,,River Plate,Platense,2,0,,,Copa Argentina,2018,eliminacion,,Octavos,Ciudad de Lanús,true,https://es.wikipedia.org/wiki/Copa_Argentina_2017-18
2018-09-12,15:30,Berazategui,Cañuelas,1,0,,,Primera C,2018,zonas,,Fecha 5,Norman Lee,false,https://es.wikipedia.org/wiki/Campeonato_de_Primera_C_2018-19_(Argentina)
2018-09-12,15:30,Central Córdoba (R),Ferrocarril Midland,0,0,,,Primera C,2018,zonas,,Fecha 5,Gabino Sosa,false,https://es.wikipedia.org/wiki/Campeonato_de_Primera_C_2018-19_(Argentina)
2018-09-12,15:30,Deportivo Merlo,Deportivo Armenio,0,2,,,Primera C,2018,zonas,,Fecha 5,José Manuel Moreno,false,https://es.wikipedia.org/wiki/Campeonato_de_Primera_C_2018-19_(Argentina)
2018-09-12,15:30,Ituzaingó,San Martín (B),1,0,,,Primera C,2018,zonas,,Fecha 5,Ituzaingó,false,https://es.wikipedia.org/wiki/Campeonato_de_Primera_C_2018-19_(Argentina)
2018-09-12,15:30,Sportivo Barracas,Argentino de Quilmes,4,1,,,Primera C,2018,zonas,,Fecha 5,República de Italia,false,https://es.wikipedia.org/wiki/Campeonato_de_Primera_C_2018-19_(Argentina)
2018-09-12,21:00,Excursionistas,Leandro N. Alem,1,1,,,Primera C,2018,zonas,,Fecha 5,Excursionistas,false,https://es.wikipedia.org/wiki/Campeonato_de_Primera_C_2018-19_(Argentina)
2018-09-13,15:30,Barracas Central,Colegiales,1,1,,,Primera B,2018,zonas,,Fecha 5,Claudio Chiqui Tapia,false,https://es.wikipedia.org/wiki/Campeonato_de_Primera_B_2018-19_(Argentina)
2018-09-13,15:30,El Porvenir,Deportivo Laferrere,1,1,,,Primera C,2018,zonas,,Fecha 5,Gildo Francisco Ghersinich,false,https://es.wikipedia.org/wiki/Campeonato_de_Primera_C_2018-19_(Argentina)
2018-09-13,15:30,Luján,Dock Sud,1,2,,,Primera C,2018,zonas,,Fecha 5,Municipal de la Ciudad de Luján,false,https://es.wikipedia.org/wiki/Campeonato_de_Primera_C_2018-19_(Argentina)
2018-09-13,15:30,Victoriano Arenas,Sportivo Italiano,2,3,,,Primera C,2018,zonas,,Fecha 5,Saturnino Moure,false,https://es.wikipedia.org/wiki/Campeonato_de_Primera_C_2018-19_(Argentina)
2018-09-13,15:30,Villa San Carlos,General Lamadrid,1,0,,,Primera C,2018,zonas,,Fecha 5,Genacio Sálice,false,https://es.wikipedia.org/wiki/Campeonato_de_Primera_C_2018-19_(Argentina)
2018-09-14,15:30,Almagro,Independiente Rivadavia,1,0,,,Primera Nacional,2018,zonas,,Fecha 3,Tres de Febrero,false,https://es.wikipedia.org/wiki/Campeonato_de_Primera_B_Nacional_2018-19
2018-09-14,19:00,Estudiantes (LP),Aldosivi,0,2,,,Primera Division,2018,zonas,,Fecha 5,Centenario,false,https://es.wikipedia.org/wiki/Campeonato_de_Primera_División_2018-19_(Argentina)
2018-09-14,19:05,Talleres (RdE),Estudiantes (BA),0,1,,,Primera B,2018,zonas,,Fecha 6,Talleres (RdE),false,https://es.wikipedia.org/wiki/Campeonato_de_Primera_B_2018-19_(Argentina)
2018-09-14,21:00,Atlético Tucumán,Tigre,3,0,,,Primera Division,2018,zonas,,Fecha 5,Monumental José Fierro,false,https://es.wikipedia.org/wiki/Campeonato_de_Primera_División_2018-19_(Argentina)
2018-09-14,21:00,Boca Unidos,Crucero del Norte,2,1,,,Torneo Federal A,2018,zonas,Zona 4,Fecha 2,Leoncio Benítez,false,https://es.wikipedia.org/wiki/Torneo_Federal_A_2018-19
2018-09-14,21:00,Cipolletti,Alvarado,0,1,,,Torneo Federal A,2018,zonas,Zona 1,Fecha 2,La Visera de Cemento,false,https://es.wikipedia.org/wiki/Torneo_Federal_A_2018-19
2018-09-14,21:00,Racing Club,Juventud Unida Universitario,0,2,,,Torneo Federal A,2018,zonas,Zona 3,Fecha 2,Miguel Sancho,false,https://es.wikipedia.org/wiki/Torneo_Federal_A_2018-19
2018-09-14,21:00,Sportivo Belgrano,Estudiantes (RC),0,1,,,Torneo Federal A,2018,zonas,Zona 3,Fecha 2,Oscar C. Boero,false,https://es.wikipedia.org/wiki/Torneo_Federal_A_2018-19
2018-09-14,21:30,Gimnasia y Tiro (S),San Jorge (T),0,0,,,Torneo Federal A,2018,zonas,Zona 4,Fecha 2,El Gigante del Norte,false,https://es.wikipedia.org/wiki/Torneo_Federal_A_2018-19
2018-09-14,22:00,Central Córdoba (SdE),Quilmes,1,0,,,Primera Nacional,2018,zonas,,Fecha 3,Alfredo Terrera,false,https://es.wikipedia.org/wiki/Campeonato_de_Primera_B_Nacional_2018-19
2018-09-14,22:00,Desamparados,Deportivo Maipú,0,1,,,Torneo Federal A,2018,zonas,Zona 3,Fecha 2,El Serpentario,false,https://es.wikipedia.org/wiki/Torneo_Federal_A_2018-19
2018-09-15,13:00,Almirante Brown,Sacachispas,1,0,,,Primera B,2018,zonas,,Fecha 6,Fragata Presidente Sarmiento,false,https://es.wikipedia.org/wiki/Campeonato_de_Primera_B_2018-19_(Argentina)
2018-09-15,13:15,Independiente,Colón,3,0,,,Primera Division,2018,zonas,,Fecha 5,Libertadores de América,false,https://es.wikipedia.org/wiki/Campeonato_de_Primera_División_2018-19_(Argentina)
2018-09-15,14:00,Douglas Haig,Atlético Paraná,1,1,,,Torneo Federal A,2018,zonas,Zona 2,Fecha 2,Miguel Morales,false,https://es.wikipedia.org/wiki/Torneo_Federal_A_2018-19
2018-09-15,15:00,Defensores de Pronunciamiento,Sportivo Las Parejas,1,1,,,Torneo Federal A,2018,zonas,Zona 2,Fecha 2,Delio Cardozo,false,https://es.wikipedia.org/wiki/Torneo_Federal_A_2018-19
2018-09-15,15:00,Juventud Unida (G),Gimnasia y Esgrima (CdU),0,2,,,Torneo Federal A,2018,zonas,Zona 2,Fecha 2,De Los Eucaliptos,false,https://es.wikipedia.org/wiki/Torneo_Federal_A_2018-19
2018-09-15,15:30,Cañuelas,Central Córdoba (R),1,2,,,Primera C,2018,zonas,,Fecha 6,José Alfredo Arín,false,https://es.wikipedia.org/wiki/Campeonato_de_Primera_C_2018-19_(Argentina)
2018-09-15,15:30,Deportivo Español,Acassuso,0,1,,,Primera B,2018,zonas,,Fecha 6,Nueva España,false,https://es.wikipedia.org/wiki/Campeonato_de_Primera_B_2018-19_(Argentina)
2018-09-15,15:30,River Plate,San Martín (SJ),4,1,,,Primera Division,2018,zonas,,Fecha 5,Monumental,false,https://es.wikipedia.org/wiki/Campeonato_de_Primera_División_2018-19_(Argentina)
2018-09-15,15:30,Sol de Mayo (V),Ferro Carril Oeste (GP),2,1,,,Torneo Federal A,2018,zonas,Zona 1,Fecha 2,Sol de Mayo,false,https://es.wikipedia.org/wiki/Torneo_Federal_A_2018-19
2018-09-15,15:40,Villa Dálmine,Mitre (SdE),2,2,,,Primera Nacional,2018,zonas,,Fecha 3,El Coliseo de Mitre y Puccini,false,https://es.wikipedia.org/wiki/Campeonato_de_Primera_B_Nacional_2018-19
2018-09-15,16:00,Huracán Las Heras,San Lorenzo de Alem,1,1,,,Torneo Federal A,2018,zonas,Zona 3,Fecha 2,General San Martín,false,https://es.wikipedia.org/wiki/Torneo_Federal_A_2018-19
2018-09-15,16:00,Independiente (N),Deportivo Roca,0,0,,,Torneo Federal A,2018,zonas,Zona 1,Fecha 2,La Nueva Caldera,false,https://es.wikipedia.org/wiki/Torneo_Federal_A_2018-19
2018-09-15,16:00,San Martín (F),Juventud Antoniana,0,0,,,Torneo Federal A,2018,zonas,Zona 4,Fecha 2,17 de Octubre,false,https://es.wikipedia.org/wiki/Torneo_Federal_A_2018-19
2018-09-15,16:00,Sansinena,Deportivo Madryn,0,0,,,Torneo Federal A,2018,zonas,Zona 1,Fecha 2,Luis Molina,false,https://es.wikipedia.org/wiki/Torneo_Federal_A_2018-19
2018-09-15,16:00,Unión (S),Deportivo Camioneros,1,0,,,Torneo Federal A,2018,zonas,Zona 2,Fecha 2,De la Avenida,false,https://es.wikipedia.org/wiki/Torneo_Federal_A_2018-19
2018-09-15,16:30,Gimnasia y Esgrima (M),Chacarita Juniors,2,1,,,Primera Nacional,2018,zonas,,Fecha 3,Víctor Antonio Legrotaglie,false,https://es.wikipedia.org/wiki/Campeonato_de_Primera_B_Nacional_2018-19
2018-09-15,17:30,Atlanta,Flandria,1,1,,,Primera B,2018,zonas,,Fecha 6,Don León Kolbowsky,false,https://es.wikipedia.org/wiki/Campeonato_de_Primera_B_2018-19_(Argentina)
2018-09-15,17:45,Belgrano,Newell's Old Boys,0,0,,,Primera Division,2018,zonas,,Fecha 5,Gigante de Alberdi,false,https://es.wikipedia.org/wiki/Campeonato_de_Primera_División_2018-19_(Argentina)
2018-09-15,18:00,Agropecuario,Temperley,1,1,,,Primera Nacional,2018,zonas,,Fecha 3,Ofelia Rosenzuaig,false,https://es.wikipedia.org/wiki/Campeonato_de_Primera_B_Nacional_2018-19
2018-09-15,19:30,Arsenal,Instituto,1,2,,,Primera Nacional,2018,zonas,,Fecha 3,El Viaducto,false,https://es.wikipedia.org/wiki/Campeonato_de_Primera_B_Nacional_2018-19
2018-09-15,20:00,Argentinos Juniors,Boca Juniors,0,1,,,Primera Division,2018,zonas,,Fecha 5,Diego Armando Maradona,false,https://es.wikipedia.org/wiki/Campeonato_de_Primera_División_2018-19_(Argentina)
2018-09-15,21:30,Altos Hornos Zapla,Sarmiento (R),0,0,,,Torneo Federal A,2018,zonas,Zona 4,Fecha 2,Emilio Fabrizzi,false,https://es.wikipedia.org/wiki/Torneo_Federal_A_2018-19
2018-09-16,11:00,Argentino de Quilmes,Luján,2,0,,,Primera C,2018,zonas,,Fecha 6,Argentino de Quilmes,false,https://es.wikipedia.org/wiki/Campeonato_de_Primera_C_2018-19_(Argentina)
2018-09-16,11:00,Patronato,Gimnasia y Esgrima (LP),0,2,,,Primera Division,2018,zonas,,Fecha 5,Presbítero Bartolomé Grella,false,https://es.wikipedia.org/wiki/Campeonato_de_Primera_División_2018-19_(Argentina)
2018-09-16,12:00,Los Andes,Sarmiento (J),0,1,,,Primera Nacional,2018,zonas,,Fecha 3,Eduardo Gallardón,false,https://es.wikipedia.org/wiki/Campeonato_de_Primera_B_Nacional_2018-19
2018-09-16,13:15,Vélez Sarsfield,San Martín (T),1,0,,,Primera Division,2018,zonas,,Fecha 5,José Amalfitani,false,https://es.wikipedia.org/wiki/Campeonato_de_Primera_División_2018-19_(Argentina)
2018-09-16,13:30,Deportivo Riestra,San Miguel,4,1,,,Primera B,2018,zonas,,Fecha 6,Guillermo Laza,false,https://es.wikipedia.org/wiki/Campeonato_de_Primera_B_2018-19_(Argentina)
2018-09-16,15:30,Colegiales,San Telmo,2,2,,,Primera B,2018,zonas,,Fecha 6,Colegiales,false,https://es.wikipedia.org/wiki/Campeonato_de_Primera_B_2018-19_(Argentina)
2018-09-16,15:30,Defensores Unidos,Fénix,1,2,,,Primera B,2018,zonas,,Fecha 6,Gigante de Villa Fox,false,https://es.wikipedia.org/wiki/Campeonato_de_Primera_B_2018-19_(Argentina)
2018-09-16,15:30,Guillermo Brown,Nueva Chicago,0,1,,,Primera Nacional,2018,zonas,,Fecha 3,Raúl Conti,false,https://es.wikipedia.org/wiki/Campeonato_de_Primera_B_Nacional_2018-19
2018-09-16,15:30,J. J. de Urquiza,All Boys,1,2,,,Primera B,2018,zonas,,Fecha 6,Malvinas Argentinas,false,https://es.wikipedia.org/wiki/Campeonato_de_Primera_B_2018-19_(Argentina)
2018-09-16,15:30,Leandro N. Alem,Victoriano Arenas,4,0,,,Primera C,2018,zonas,,Fecha 6,Leandro N. Alem,false,https://es.wikipedia.org/wiki/Campeonato_de_Primera_C_2018-19_(Argentina)
2018-09-16,15:30,Olimpo,Ferro Carril Oeste,2,1,,,Primera Nacional,2018,zonas,,Fecha 3,Roberto N. Carminatti,false,https://es.wikipedia.org/wiki/Campeonato_de_Primera_B_Nacional_2018-19
2018-09-16,15:30,Sportivo Italiano,Berazategui,1,1,,,Primera C,2018,zonas,,Fecha 6,República de Italia,false,https://es.wikipedia.org/wiki/Campeonato_de_Primera_C_2018-19_(Argentina)
2018-09-16,15:30,Tristán Suárez,UAI Urquiza,2,0,,,Primera B,2018,zonas,,Fecha 6,20 de Octubre,false,https://es.wikipedia.org/wiki/Campeonato_de_Primera_B_2018-19_(Argentina)
2018-09-16,15:30,Unión,Talleres (C),2,1,,,Primera Division,2018,zonas,,Fecha 5,15 de abril,false,https://es.wikipedia.org/wiki/Campeonato_de_Primera_División_2018-19_(Argentina)
2018-09-16,15:45,Defensores de Belgrano,Ramón Santamarina,1,0,,,Primera Nacional,2018,zonas,,Fecha 3,Juan Pasquale,false,https://es.wikipedia.org/wiki/Campeonato_de_Primera_B_Nacional_2018-19
2018-09-16,17:45,Lanús,Racing Club,0,1,,,Primera Division,2018,zonas,,Fecha 5,Ciudad de Lanús,false,https://es.wikipedia.org/wiki/Campeonato_de_Primera_División_2018-19_(Argentina)
2018-09-16,18:00,Atlético de Rafaela,Brown de Adrogué,3,1,,,Primera Nacional,2018,zonas,,Fecha 3,Nuevo Monumental,false,https://es.wikipedia.org/wiki/Campeonato_de_Primera_B_Nacional_2018-19
2018-09-16,20:00,Godoy Cruz,San Lorenzo,1,0,,,Primera Division,2018,zonas,,Fecha 5,Malvinas Argentinas,false,https://es.wikipedia.org/wiki/Campeonato_de_Primera_División_2018-19_(Argentina)
2018-09-17,15:30,Deportivo Armenio,Sportivo Barracas,1,1,,,Primera C,2018,zonas,,Fecha 6,Armenia,false,https://es.wikipedia.org/wiki/Campeonato_de_Primera_C_2018-19_(Argentina)
2018-09-17,15:30,Ferrocarril Midland,Ituzaingó,2,0,,,Primera C,2018,zonas,,Fecha 6,Ciudad de Libertad,false,https://es.wikipedia.org/wiki/Campeonato_de_Primera_C_2018-19_(Argentina)
2018-09-17,16:00,Comunicaciones,Barracas Central,0,0,,,Primera B,2018,zonas,,Fecha 6,Alfredo Ramos,false,https://es.wikipedia.org/wiki/Campeonato_de_Primera_B_2018-19_(Argentina)
2018-09-17,19:00,Huracán,Banfield,3,0,,,Primera Division,2018,zonas,,Fecha 5,Tomás A. Ducó,false,https://es.wikipedia.org/wiki/Campeonato_de_Primera_División_2018-19_(Argentina)
2018-09-17,21:00,Excursionistas,Villa San Carlos,0,0,,,Primera C,2018,zonas,,Fecha 6,Excursionistas,false,https://es.wikipedia.org/wiki/Campeonato_de_Primera_C_2018-19_(Argentina)
2018-09-17,21:00,Rosario Central,Defensa y Justicia,0,1,,,Primera Division,2018,zonas,,Fecha 5,Gigante de Arroyito,false,https://es.wikipedia.org/wiki/Campeonato_de_Primera_División_2018-19_(Argentina)
2018-09-18,15:30,Deportivo Laferrere,Deportivo Merlo,1,0,,,Primera C,2018,zonas,,Fecha 6,Ciudad de Laferrere,false,https://es.wikipedia.org/wiki/Campeonato_de_Primera_C_2018-19_(Argentina)
2018-09-18,15:30,Dock Sud,General Lamadrid,0,1,,,Primera C,2018,zonas,,Fecha 6,De los Inmigrantes,false,https://es.wikipedia.org/wiki/Campeonato_de_Primera_C_2018-19_(Argentina)
2018-09-18,15:30,San Martín (B),El Porvenir,1,3,,,Primera C,2018,zonas,,Fecha 6,Francisco Boga,false,https://es.wikipedia.org/wiki/Campeonato_de_Primera_C_2018-19_(Argentina)
2018-09-18,20:30,Alvarado,Villa Mitre,2,2,,,Torneo Federal A,2018,zonas,Zona 1,Fecha 3,José María Minella,false,https://es.wikipedia.org/wiki/Torneo_Federal_A_2018-19
2018-09-18,21:05,Platense,Deportivo Morón,2,0,,,Primera Nacional,2018,zonas,,Fecha 3,Ciudad de Vicente López,false,https://es.wikipedia.org/wiki/Campeonato_de_Primera_B_Nacional_2018-19
2018-09-19,14:00,Deportivo Roca,Cipolletti,1,0,,,Torneo Federal A,2018,zonas,Zona 1,Fecha 3,Luis Maiolino,false,https://es.wikipedia.org/wiki/Torneo_Federal_A_2018-19
2018-09-19,14:00,Ferro Carril Oeste (GP),Independiente (N),3,1,,,Torneo Federal A,2018,zonas,Zona 1,Fecha 3,El Coloso de Barrio Talleres,false,https://es.wikipedia.org/wiki/Torneo_Federal_A_2018-19
2018-09-19,16:00,Deportivo Camioneros,Defensores de Pronunciamiento,2,2,,,Torneo Federal A,2018,zonas,Zona 2,Fecha 3,Hugo Moyano,false,https://es.wikipedia.org/wiki/Torneo_Federal_A_2018-19
2018-09-19,16:00,Deportivo Madryn,Sol de Mayo (V),2,1,,,Torneo Federal A,2018,zonas,Zona 1,Fecha 3,El Coliseo del Golfo,false,https://es.wikipedia.org/wiki/Torneo_Federal_A_2018-19
2018-09-19,16:00,San Jorge (T),Boca Unidos,0,1,,,Torneo Federal A,2018,zonas,Zona 4,Fecha 3,Ángel Pascual Sáez,false,https://es.wikipedia.org/wiki/Torneo_Federal_A_2018-19
2018-09-19,16:30,Juventud Unida Universitario,Desamparados,1,1,,,Torneo Federal A,2018,zonas,Zona 3,Fecha 3,Mario Sebastián Diez,false,https://es.wikipedia.org/wiki/Torneo_Federal_A_2018-19
2018-09-19,20:45,Atlético Paraná,Juventud Unida (G),0,0,,,Torneo Federal A,2018,zonas,Zona 2,Fecha 3,Pedro Mutio,false,https://es.wikipedia.org/wiki/Torneo_Federal_A_2018-19
2018-09-19,21:00,Crucero del Norte,Chaco For Ever,2,1,,,Torneo Federal A,2018,zonas,Zona 4,Fecha 3,Comandante Andrés Guacurarí,false,https://es.wikipedia.org/wiki/Torneo_Federal_A_2018-19
2018-09-19,21:00,San Lorenzo de Alem,Sportivo Belgrano,1,1,,,Torneo Federal A,2018,zonas,Zona 3,Fecha 3,Malvinas Argentinas,false,https://es.wikipedia.org/wiki/Torneo_Federal_A_2018-19
2018-09-19,21:00,Sportivo Las Parejas,Defensores de Belgrano (VR),2,1,,,Torneo Federal A,2018,zonas,Zona 2,Fecha 3,4 de Septiembre,false,https://es.wikipedia.org/wiki/Torneo_Federal_A_2018-19
2018-09-19,21:15,Estudiantes (RC),Sportivo Estudiantes (SL),1,1,,,Torneo Federal A,2018,zonas,Zona 3,Fecha 3,Ciudad de Río Cuarto,false,https://es.wikipedia.org/wiki/Torneo_Federal_A_2018-19
2018-09-19,21:15,Gimnasia y Esgrima (CdU),Unión (S),1,0,,,Torneo Federal A,2018,zonas,Zona 2,Fecha 3,Manuel y Ramón Nuñez,false,https://es.wikipedia.org/wiki/Torneo_Federal_A_2018-19
2018-09-19,21:30,Deportivo Maipú,Huracán Las Heras,0,0,,,Torneo Federal A,2018,zonas,Zona 3,Fecha 3,Omar Higinio Sperdutti,false,https://es.wikipedia.org/wiki/Torneo_Federal_A_2018-19
2018-09-19,21:30,Sarmiento (R),San Martín (F),2,1,,,Torneo Federal A,2018,zonas,Zona 4,Fecha 3,Centenario,false,https://es.wikipedia.org/wiki/Torneo_Federal_A_2018-19
2018-09-19,22:00,Juventud Antoniana,Gimnasia y Tiro (S),0,0,,,Torneo Federal A,2018,zonas,Zona 4,Fecha 3,Padre Ernesto Martearena,false,https://es.wikipedia.org/wiki/Torneo_Federal_A_2018-19
2018-09-21,15:05,UAI Urquiza,Atlanta,0,2,,,Primera B,2018,zonas,,Fecha 7,Monumental de Villa Lynch,false,https://es.wikipedia.org/wiki/Campeonato_de_Primera_B_2018-19_(Argentina)
2018-09-21,15:30,Berazategui,Leandro N. Alem,0,1,,,Primera C,2018,zonas,,Fecha 7,Norman Lee,false,https://es.wikipedia.org/wiki/Campeonato_de_Primera_C_2018-19_(Argentina)
2018-09-21,15:30,Ituzaingó,Cañuelas,0,1,,,Primera C,2018,zonas,,Fecha 7,Ituzaingó,false,https://es.wikipedia.org/wiki/Campeonato_de_Primera_C_2018-19_(Argentina)
2018-09-21,15:30,San Miguel,Almirante Brown,0,0,,,Primera B,2018,zonas,,Fecha 7,Armenia,false,https://es.wikipedia.org/wiki/Campeonato_de_Primera_B_2018-19_(Argentina)
2018-09-21,19:00,San Lorenzo,Patronato,3,2,,,Primera Division,2018,zonas,,Fecha 6,Nuevo Gasómetro,false,https://es.wikipedia.org/wiki/Campeonato_de_Primera_División_2018-19_(Argentina)
2018-09-21,21:00,Colón,Godoy Cruz,3,1,,,Primera Division,2018,zonas,,Fecha 6,Brigadier Estanislao López,false,https://es.wikipedia.org/wiki/Campeonato_de_Primera_División_2018-19_(Argentina)
2018-09-21,21:05,Instituto,Defensores de Belgrano,4,3,,,Primera Nacional,2018,zonas,,Fecha 4,Juan Domingo Perón,false,https://es.wikipedia.org/wiki/Campeonato_de_Primera_B_Nacional_2018-19
2018-09-22,11:00,Deportivo Merlo,San Martín (B),1,0,,,Primera C,2018,zonas,,Fecha 7,José Manuel Moreno,false,https://es.wikipedia.org/wiki/Campeonato_de_Primera_C_2018-19_(Argentina)
2018-09-22,11:00,El Porvenir,Ferrocarril Midland,1,2,,,Primera C,2018,zonas,,Fecha 7,Gildo Francisco Ghersinich,false,https://es.wikipedia.org/wiki/Campeonato_de_Primera_C_2018-19_(Argentina)
2018-09-22,13:05,Acassuso,Deportivo Riestra,0,0,,,Primera B,2018,zonas,,Fecha 7,República de Italia,false,https://es.wikipedia.org/wiki/Campeonato_de_Primera_B_2018-19_(Argentina)
2018-09-22,13:15,Newell's Old Boys,Lanús,2,0,,,Primera Division,2018,zonas,,Fecha 6,Marcelo Bielsa,false,https://es.wikipedia.org/wiki/Campeonato_de_Primera_División_2018-19_(Argentina)
2018-09-22,15:30,All Boys,Colegiales,1,1,,,Primera B,2018,zonas,,Fecha 7,Islas Malvinas,false,https://es.wikipedia.org/wiki/Campeonato_de_Primera_B_2018-19_(Argentina)
2018-09-22,15:30,Flandria,Deportivo Español,0,0,,,Primera B,2018,zonas,,Fecha 7,Carlos V,false,https://es.wikipedia.org/wiki/Campeonato_de_Primera_B_2018-19_(Argentina)
2018-09-22,15:30,General Lamadrid,Argentino de Quilmes,1,1,,,Primera C,2018,zonas,,Fecha 7,Enrique Sexto,false,https://es.wikipedia.org/wiki/Campeonato_de_Primera_C_2018-19_(Argentina)
2018-09-22,15:30,Sacachispas,Defensores Unidos,0,2,,,Primera B,2018,zonas,,Fecha 7,Beto Larrosa,false,https://es.wikipedia.org/wiki/Campeonato_de_Primera_B_2018-19_(Argentina)
2018-09-22,15:30,Talleres (C),Vélez Sarsfield,1,1,,,Primera Division,2018,zonas,,Fecha 6,Mario Alberto Kempes,false,https://es.wikipedia.org/wiki/Campeonato_de_Primera_División_2018-19_(Argentina)
2018-09-22,17:05,Chacarita Juniors,Villa Dálmine,2,1,,,Primera Nacional,2018,zonas,,Fecha 4,Chacarita Juniors,false,https://es.wikipedia.org/wiki/Campeonato_de_Primera_B_Nacional_2018-19
2018-09-22,17:45,Defensa y Justicia,Estudiantes (LP),1,1,,,Primera Division,2018,zonas,,Fecha 6,Norberto Tomaghello,false,https://es.wikipedia.org/wiki/Campeonato_de_Primera_División_2018-19_(Argentina)
2018-09-22,19:05,Sarmiento (J),Central Córdoba (SdE),1,1,,,Primera Nacional,2018,zonas,,Fecha 4,Eva Perón,false,https://es.wikipedia.org/wiki/Campeonato_de_Primera_B_Nacional_2018-19
2018-09-22,20:00,Banfield,Independiente,1,1,,,Primera Division,2018,zonas,,Fecha 6,Florencio Sola,false,https://es.wikipedia.org/wiki/Campeonato_de_Primera_División_2018-19_(Argentina)
2018-09-22,20:30,Ramón Santamarina,Gimnasia y Esgrima (J),2,2,,,Primera Nacional,2018,zonas,,Fecha 4,Municipal General San Martin,false,https://es.wikipedia.org/wiki/Campeonato_de_Primera_B_Nacional_2018-19
2018-09-23,11:00,Brown de Adrogué,Los Andes,0,0,,,Primera Nacional,2018,zonas,,Fecha 4,Lorenzo Arandilla,false,https://es.wikipedia.org/wiki/Campeonato_de_Primera_B_Nacional_2018-19
2018-09-23,11:00,Chaco For Ever,San Jorge (T),1,0,,,Torneo Federal A,2018,zonas,Zona 4,Fecha 4,Juan Alberto García,false,https://es.wikipedia.org/wiki/Torneo_Federal_A_2018-19
2018-09-23,11:00,Juventud Unida (G),Douglas Haig,1,2,,,Torneo Federal A,2018,zonas,Zona 2,Fecha 4,De Los Eucaliptos,false,https://es.wikipedia.org/wiki/Torneo_Federal_A_2018-19
2018-09-23,11:00,Nueva Chicago,Olimpo,1,0,,,Primera Nacional,2018,zonas,,Fecha 4,Nueva Chicago,false,https://es.wikipedia.org/wiki/Campeonato_de_Primera_B_Nacional_2018-19
2018-09-23,11:00,San Martín (T),Argentinos Juniors,0,0,,,Primera Division,2018,zonas,,Fecha 6,La Ciudadela,false,https://es.wikipedia.org/wiki/Campeonato_de_Primera_División_2018-19_(Argentina)
2018-09-23,11:00,Sportivo Estudiantes (SL),San Lorenzo de Alem,1,1,,,Torneo Federal A,2018,zonas,Zona 3,Fecha 4,Héctor Odicino y Pedro Benoza,false,https://es.wikipedia.org/wiki/Torneo_Federal_A_2018-19
2018-09-23,11:00,Tigre,Huracán,0,2,,,Primera Division,2018,zonas,,Fecha 6,Monumental de Victoria,false,https://es.wikipedia.org/wiki/Campeonato_de_Primera_División_2018-19_(Argentina)
2018-09-23,13:15,Gimnasia y Esgrima (LP),Rosario Central,1,1,,,Primera Division,2018,zonas,,Fecha 6,Del Bosque,false,https://es.wikipedia.org/wiki/Campeonato_de_Primera_División_2018-19_(Argentina)
2018-09-23,13:15,San Martín (SJ),Atlético Tucumán,1,3,,,Primera Division,2018,zonas,,Fecha 6,Ingeniero Hilario Sánchez,false,https://es.wikipedia.org/wiki/Campeonato_de_Primera_División_2018-19_(Argentina)
2018-09-23,14:45,Gimnasia y Tiro (S),Sarmiento (R),1,0,,,Torneo Federal A,2018,zonas,Zona 4,Fecha 4,El Gigante del Norte,false,https://es.wikipedia.org/wiki/Torneo_Federal_A_2018-19
2018-09-23,15:00,Cipolletti,Ferro Carril Oeste (GP),2,0,,,Torneo Federal A,2018,zonas,Zona 1,Fecha 4,La Visera de Cemento,false,https://es.wikipedia.org/wiki/Torneo_Federal_A_2018-19
2018-09-23,15:00,Defensores de Pronunciamiento,Gimnasia y Esgrima (CdU),0,2,,,Torneo Federal A,2018,zonas,Zona 2,Fecha 4,Delio Cardozo,false,https://es.wikipedia.org/wiki/Torneo_Federal_A_2018-19
2018-09-23,15:00,Independiente (N),Deportivo Madryn,1,1,,,Torneo Federal A,2018,zonas,Zona 1,Fecha 4,La Nueva Caldera,false,https://es.wikipedia.org/wiki/Torneo_Federal_A_2018-19
2018-09-23,15:00,Independiente Rivadavia,Platense,1,0,,,Primera Nacional,2018,zonas,,Fecha 4,Bautista Gargantini,false,https://es.wikipedia.org/wiki/Campeonato_de_Primera_B_Nacional_2018-19
2018-09-23,15:00,San Martín (F),Altos Hornos Zapla,0,1,,,Torneo Federal A,2018,zonas,Zona 4,Fecha 4,17 de Octubre,false,https://es.wikipedia.org/wiki/Torneo_Federal_A_2018-19
2018-09-23,15:00,Sol de Mayo (V),Sansinena,1,3,,,Torneo Federal A,2018,zonas,Zona 1,Fecha 4,Sol de Mayo,false,https://es.wikipedia.org/wiki/Torneo_Federal_A_2018-19
2018-09-23,15:30,Central Córdoba (R),Sportivo Italiano,2,1,,,Primera C,2018,zonas,,Fecha 7,Gabino Sosa,false,https://es.wikipedia.org/wiki/Campeonato_de_Primera_C_2018-19_(Argentina)
2018-09-23,15:30,Estudiantes (BA),Tristán Suárez,0,0,,,Primera B,2018,zonas,,Fecha 7,Ciudad de Caseros,false,https://es.wikipedia.org/wiki/Campeonato_de_Primera_B_2018-19_(Argentina)
2018-09-23,15:30,Huracán Las Heras,Juventud Unida Universitario,1,0,,,Torneo Federal A,2018,zonas,Zona 3,Fecha 4,General San Martín,false,https://es.wikipedia.org/wiki/Torneo_Federal_A_2018-19
2018-09-23,15:30,Temperley,Arsenal,2,3,,,Primera Nacional,2018,zonas,,Fecha 4,Alfredo Beranger,false,https://es.wikipedia.org/wiki/Campeonato_de_Primera_B_Nacional_2018-19
2018-09-23,15:30,Unión (S),Atlético Paraná,1,0,,,Torneo Federal A,2018,zonas,Zona 2,Fecha 4,De la Avenida,false,https://es.wikipedia.org/wiki/Torneo_Federal_A_2018-19
2018-09-23,15:30,Victoriano Arenas,Excursionistas,2,2,,,Primera C,2018,zonas,,Fecha 7,Saturnino Moure,false,https://es.wikipedia.org/wiki/Campeonato_de_Primera_C_2018-19_(Argentina)
2018-09-23,15:30,Villa San Carlos,Dock Sud,0,1,,,Primera C,2018,zonas,,Fecha 7,Genacio Sálice,false,https://es.wikipedia.org/wiki/Campeonato_de_Primera_C_2018-19_(Argentina)
2018-09-23,15:35,Quilmes,Almagro,0,1,,,Primera Nacional,2018,zonas,,Fecha 4,Centenario,false,https://es.wikipedia.org/wiki/Campeonato_de_Primera_B_Nacional_2018-19
2018-09-23,17:45,Boca Juniors,River Plate,0,2,,,Primera Division,2018,zonas,,Fecha 6,La Bombonera,false,https://es.wikipedia.org/wiki/Campeonato_de_Primera_División_2018-19_(Argentina)
2018-09-23,20:00,Villa Mitre,Deportivo Roca,1,0,,,Torneo Federal A,2018,zonas,Zona 1,Fecha 4,El Fortín,false,https://es.wikipedia.org/wiki/Torneo_Federal_A_2018-19
2018-09-23,20:15,Sportivo Belgrano,Deportivo Maipú,0,0,,,Torneo Federal A,2018,zonas,Zona 3,Fecha 4,Oscar C. Boero,false,https://es.wikipedia.org/wiki/Torneo_Federal_A_2018-19
2018-09-23,20:30,Desamparados,Racing Club,1,1,,,Torneo Federal A,2018,zonas,Zona 3,Fecha 4,El Serpentario,false,https://es.wikipedia.org/wiki/Torneo_Federal_A_2018-19
2018-09-23,21:00,Boca Unidos,Juventud Antoniana,2,0,,,Torneo Federal A,2018,zonas,Zona 4,Fecha 4,Leoncio Benítez,false,https://es.wikipedia.org/wiki/Torneo_Federal_A_2018-19
2018-09-23,21:00,Mitre (SdE),Agropecuario,2,1,,,Primera Nacional,2018,zonas,,Fecha 4,Dres. José y Antonio Castiglione,false,https://es.wikipedia.org/wiki/Campeonato_de_Primera_B_Nacional_2018-19
2018-09-24,15:30,Barracas Central,Talleres (RdE),1,0,,,Primera B,2018,zonas,,Fecha 7,Claudio Chiqui Tapia,false,https://es.wikipedia.org/wiki/Campeonato_de_Primera_B_2018-19_(Argentina)
2018-09-24,15:30,Deportivo Morón,Gimnasia y Esgrima (M),0,0,,,Primera Nacional,2018,zonas,,Fecha 4,Nuevo Francisco Urbano,false,https://es.wikipedia.org/wiki/Campeonato_de_Primera_B_Nacional_2018-19
2018-09-24,15:30,Fénix,J. J. de Urquiza,0,1,,,Primera B,2018,zonas,,Fecha 7,Nueva España,false,https://es.wikipedia.org/wiki/Campeonato_de_Primera_B_2018-19_(Argentina)
2018-09-24,15:30,Luján,Deportivo Armenio,0,1,,,Primera C,2018,zonas,,Fecha 7,Municipal de la Ciudad de Luján,false,https://es.wikipedia.org/wiki/Campeonato_de_Primera_C_2018-19_(Argentina)
2018-09-24,15:30,San Telmo,Comunicaciones,1,1,,,Primera B,2018,zonas,,Fecha 7,Dr. Osvaldo Baletto,false,https://es.wikipedia.org/wiki/Campeonato_de_Primera_B_2018-19_(Argentina)
2018-09-24,15:30,Sportivo Barracas,Deportivo Laferrere,2,2,,,Primera C,2018,zonas,,Fecha 7,República de Italia,false,https://es.wikipedia.org/wiki/Campeonato_de_Primera_C_2018-19_(Argentina)
2018-09-24,18:00,Aldosivi,Belgrano,2,0,,,Primera Division,2018,zonas,,Fecha 6,José María Minella,false,https://es.wikipedia.org/wiki/Campeonato_de_Primera_División_2018-19_(Argentina)
2018-09-24,19:00,Ferro Carril Oeste,Atlético de Rafaela,2,1,,,Primera Nacional,2018,zonas,,Fecha 4,Arquitecto Ricardo Echeverri,false,https://es.wikipedia.org/wiki/Campeonato_de_Primera_B_Nacional_2018-19
2018-09-24,20:00,Racing Club,Unión,1,0,,,Primera Division,2018,zonas,,Fecha 6,El Cilindro,false,https://es.wikipedia.org/wiki/Campeonato_de_Primera_División_2018-19_(Argentina)
2018-09-26,,Central Córdoba (SdE),Brown de Adrogué,1,0,,,Copa Argentina,2018,eliminacion,,Octavos,Brigadier General Estanislao López,true,https://es.wikipedia.org/wiki/Copa_Argentina_2017-18
2018-09-26,20:30,Defensores de Belgrano (VR),Deportivo Camioneros,0,0,,,Torneo Federal A,2018,zonas,Zona 2,Fecha 4,Salomón Boeseldin,false,https://es.wikipedia.org/wiki/Torneo_Federal_A_2018-19
2018-09-28,15:30,Defensores Unidos,Almirante Brown,3,1,,,Primera B,2018,zonas,,Fecha 8,Gigante de Villa Fox,false,https://es.wikipedia.org/wiki/Campeonato_de_Primera_B_2018-19_(Argentina)
2018-09-28,15:30,Deportivo Español,UAI Urquiza,0,0,,,Primera B,2018,zonas,,Fecha 8,Nueva España,false,https://es.wikipedia.org/wiki/Campeonato_de_Primera_B_2018-19_(Argentina)
2018-09-28,15:30,J. J. de Urquiza,Sacachispas,2,2,,,Primera B,2018,zonas,,Fecha 8,Malvinas Argentinas,false,https://es.wikipedia.org/wiki/Campeonato_de_Primera_B_2018-19_(Argentina)
2018-09-28,15:35,Almagro,Sarmiento (J),0,2,,,Primera Nacional,2018,zonas,,Fecha 5,Tres de Febrero,false,https://es.wikipedia.org/wiki/Campeonato_de_Primera_B_Nacional_2018-19
2018-09-28,18:45,Independiente,Tigre,0,0,,,Primera Division,2018,zonas,,Fecha 7,Libertadores de América,false,https://es.wikipedia.org/wiki/Campeonato_de_Primera_División_2018-19_(Argentina)
2018-09-28,21:00,Atlético de Rafaela,Nueva Chicago,0,1,,,Primera Nacional,2018,zonas,,Fecha 5,Nuevo Monumental,false,https://es.wikipedia.org/wiki/Campeonato_de_Primera_B_Nacional_2018-19
2018-09-28,21:00,Sarmiento (R),Boca Unidos,0,1,,,Torneo Federal A,2018,zonas,Zona 4,Fecha 5,Centenario,false,https://es.wikipedia.org/wiki/Torneo_Federal_A_2018-19
2018-09-28,21:00,Sportivo Italiano,Ituzaingó,1,0,,,Primera C,2018,zonas,,Fecha 8,República de Italia,false,https://es.wikipedia.org/wiki/Campeonato_de_Primera_C_2018-19_(Argentina)
2018-09-28,21:15,Lanús,River Plate,1,5,,,Primera Division,2018,zonas,,Fecha 7,Ciudad de Lanús,false,https://es.wikipedia.org/wiki/Campeonato_de_Primera_División_2018-19_(Argentina)
2018-09-28,22:00,Juventud Antoniana,Chaco For Ever,1,1,,,Torneo Federal A,2018,zonas,Zona 4,Fecha 5,Padre Ernesto Martearena,false,https://es.wikipedia.org/wiki/Torneo_Federal_A_2018-19
2018-09-29,12:00,Talleres (RdE),San Telmo,4,1,,,Primera B,2018,zonas,,Fecha 8,Talleres (RdE),false,https://es.wikipedia.org/wiki/Campeonato_de_Primera_B_2018-19_(Argentina)
2018-09-29,13:15,San Lorenzo,Atlético Tucumán,0,2,,,Primera Division,2018,zonas,,Fecha 7,Nuevo Gasómetro,false,https://es.wikipedia.org/wiki/Campeonato_de_Primera_División_2018-19_(Argentina)
2018-09-29,13:30,Comunicaciones,All Boys,1,1,,,Primera B,2018,zonas,,Fecha 8,Alfredo Ramos,false,https://es.wikipedia.org/wiki/Campeonato_de_Primera_B_2018-19_(Argentina)
2018-09-29,15:30,Acassuso,San Miguel,1,1,,,Primera B,2018,zonas,,Fecha 8,República de Italia,false,https://es.wikipedia.org/wiki/Campeonato_de_Primera_B_2018-19_(Argentina)
2018-09-29,15:30,Arsenal,Mitre (SdE),3,0,,,Primera Nacional,2018,zonas,,Fecha 5,El Viaducto,false,https://es.wikipedia.org/wiki/Campeonato_de_Primera_B_Nacional_2018-19
2018-09-29,15:30,Colegiales,Fénix,1,1,,,Primera B,2018,zonas,,Fecha 8,Colegiales,false,https://es.wikipedia.org/wiki/Campeonato_de_Primera_B_2018-19_(Argentina)
2018-09-29,15:30,Leandro N. Alem,Central Córdoba (R),5,0,,,Primera C,2018,zonas,,Fecha 8,Leandro N. Alem,false,https://es.wikipedia.org/wiki/Campeonato_de_Primera_C_2018-19_(Argentina)
2018-09-29,15:30,Tristán Suárez,Barracas Central,0,0,,,Primera B,2018,zonas,,Fecha 8,20 de Octubre,false,https://es.wikipedia.org/wiki/Campeonato_de_Primera_B_2018-19_(Argentina)
2018-09-29,15:30,Villa Dálmine,Deportivo Morón,1,1,,,Primera Nacional,2018,zonas,,Fecha 5,El Coliseo de Mitre y Puccini,false,https://es.wikipedia.org/wiki/Campeonato_de_Primera_B_Nacional_2018-19
2018-09-29,17:05,Atlanta,Estudiantes (BA),4,3,,,Primera B,2018,zonas,,Fecha 8,Don León Kolbowsky,false,https://es.wikipedia.org/wiki/Campeonato_de_Primera_B_2018-19_(Argentina)
2018-09-29,17:05,Defensores de Belgrano,Temperley,0,0,,,Primera Nacional,2018,zonas,,Fecha 5,Juan Pasquale,false,https://es.wikipedia.org/wiki/Campeonato_de_Primera_B_Nacional_2018-19
2018-09-29,17:45,Estudiantes (LP),Newell's Old Boys,1,0,,,Primera Division,2018,zonas,,Fecha 7,Centenario,false,https://es.wikipedia.org/wiki/Campeonato_de_Primera_División_2018-19_(Argentina)
2018-09-29,19:30,Atlético Paraná,Defensores de Pronunciamiento,1,1,,,Torneo Federal A,2018,zonas,Zona 2,Fecha 5,Pedro Mutio,false,https://es.wikipedia.org/wiki/Torneo_Federal_A_2018-19
2018-09-29,20:00,Argentinos Juniors,Racing Club,0,2,,,Primera Division,2018,zonas,,Fecha 7,Diego Armando Maradona,false,https://es.wikipedia.org/wiki/Campeonato_de_Primera_División_2018-19_(Argentina)
2018-09-30,13:15,Patronato,Talleres (C),2,1,,,Primera Division,2018,zonas,,Fecha 7,Presbítero Bartolomé Grella,false,https://es.wikipedia.org/wiki/Campeonato_de_Primera_División_2018-19_(Argentina)
2018-09-30,14:35,Los Andes,Ferro Carril Oeste,1,1,,,Primera Nacional,2018,zonas,,Fecha 5,Eduardo Gallardón,false,https://es.wikipedia.org/wiki/Campeonato_de_Primera_B_Nacional_2018-19
2018-09-30,15:30,Argentino de Quilmes,Dock Sud,1,2,,,Primera C,2018,zonas,,Fecha 8,Argentino de Quilmes,false,https://es.wikipedia.org/wiki/Campeonato_de_Primera_C_2018-19_(Argentina)
2018-09-30,15:30,Cañuelas,El Porvenir,3,2,,,Primera C,2018,zonas,,Fecha 8,José Alfredo Arín,false,https://es.wikipedia.org/wiki/Campeonato_de_Primera_C_2018-19_(Argentina)
2018-09-30,15:30,Deportivo Armenio,General Lamadrid,2,1,,,Primera C,2018,zonas,,Fecha 8,Armenia,false,https://es.wikipedia.org/wiki/Campeonato_de_Primera_C_2018-19_(Argentina)
2018-09-30,15:30,Deportivo Laferrere,Luján,2,2,,,Primera C,2018,zonas,,Fecha 8,Ciudad de Laferrere,false,https://es.wikipedia.org/wiki/Campeonato_de_Primera_C_2018-19_(Argentina)
2018-09-30,15:30,Deportivo Riestra,Flandria,1,0,,,Primera B,2018,zonas,,Fecha 8,Guillermo Laza,false,https://es.wikipedia.org/wiki/Campeonato_de_Primera_B_2018-19_(Argentina)
2018-09-30,15:30,Douglas Haig,Unión (S),1,1,,,Torneo Federal A,2018,zonas,Zona 2,Fecha 5,Miguel Morales,false,https://es.wikipedia.org/wiki/Torneo_Federal_A_2018-19
2018-09-30,15:30,Excursionistas,Berazategui,1,0,,,Primera C,2018,zonas,,Fecha 8,Excursionistas,false,https://es.wikipedia.org/wiki/Campeonato_de_Primera_C_2018-19_(Argentina)
2018-09-30,15:30,Ferrocarril Midland,Deportivo Merlo,2,2,,,Primera C,2018,zonas,,Fecha 8,Ciudad de Libertad,false,https://es.wikipedia.org/wiki/Campeonato_de_Primera_C_2018-19_(Argentina)
2018-09-30,15:30,Olimpo,Guillermo Brown,2,0,,,Primera Nacional,2018,zonas,,Fecha 5,Roberto N. Carminatti,false,https://es.wikipedia.org/wiki/Campeonato_de_Primera_B_Nacional_2018-19
2018-09-30,15:30,Unión,Gimnasia y Esgrima (LP),1,0,,,Primera Division,2018,zonas,,Fecha 7,15 de abril,false,https://es.wikipedia.org/wiki/Campeonato_de_Primera_División_2018-19_(Argentina)
2018-09-30,16:00,Deportivo Camioneros,Sportivo Las Parejas,0,0,,,Torneo Federal A,2018,zonas,Zona 2,Fecha 5,Hugo Moyano,false,https://es.wikipedia.org/wiki/Torneo_Federal_A_2018-19
2018-09-30,16:00,Deportivo Madryn,Cipolletti,1,0,,,Torneo Federal A,2018,zonas,Zona 1,Fecha 5,El Coliseo del Golfo,false,https://es.wikipedia.org/wiki/Torneo_Federal_A_2018-19
2018-09-30,16:00,Gimnasia y Esgrima (CdU),Defensores de Belgrano (VR),0,1,,,Torneo Federal A,2018,zonas,Zona 2,Fecha 5,Manuel y Ramón Nuñez,false,https://es.wikipedia.org/wiki/Torneo_Federal_A_2018-19
2018-09-30,16:00,Sansinena,Independiente (N),2,0,,,Torneo Federal A,2018,zonas,Zona 1,Fecha 5,Luis Molina,false,https://es.wikipedia.org/wiki/Torneo_Federal_A_2018-19
2018-09-30,16:30,Gimnasia y Esgrima (M),Independiente Rivadavia,1,0,,,Primera Nacional,2018,zonas,,Fecha 5,Víctor Antonio Legrotaglie,false,https://es.wikipedia.org/wiki/Campeonato_de_Primera_B_Nacional_2018-19
2018-09-30,16:30,San Jorge (T),Crucero del Norte,3,1,,,Torneo Federal A,2018,zonas,Zona 4,Fecha 5,Ángel Pascual Sáez,false,https://es.wikipedia.org/wiki/Torneo_Federal_A_2018-19
2018-09-30,16:35,Platense,Quilmes,1,2,,,Primera Nacional,2018,zonas,,Fecha 5,Ciudad de Vicente López,false,https://es.wikipedia.org/wiki/Campeonato_de_Primera_B_Nacional_2018-19
2018-09-30,17:00,Deportivo Maipú,Sportivo Estudiantes (SL),2,2,,,Torneo Federal A,2018,zonas,Zona 3,Fecha 5,Omar Higinio Sperdutti,false,https://es.wikipedia.org/wiki/Torneo_Federal_A_2018-19
2018-09-30,17:00,Deportivo Roca,Alvarado,2,3,,,Torneo Federal A,2018,zonas,Zona 1,Fecha 5,Luis Maiolino,false,https://es.wikipedia.org/wiki/Torneo_Federal_A_2018-19
2018-09-30,17:00,Juventud Unida Universitario,Sportivo Belgrano,1,0,,,Torneo Federal A,2018,zonas,Zona 3,Fecha 5,Mario Sebastián Diez,false,https://es.wikipedia.org/wiki/Torneo_Federal_A_2018-19
2018-09-30,17:00,San Lorenzo de Alem,Estudiantes (RC),1,0,,,Torneo Federal A,2018,zonas,Zona 3,Fecha 5,Malvinas Argentinas,false,https://es.wikipedia.org/wiki/Torneo_Federal_A_2018-19
2018-09-30,17:45,Belgrano,Huracán,0,1,,,Primera Division,2018,zonas,,Fecha 7,Gigante de Alberdi,false,https://es.wikipedia.org/wiki/Campeonato_de_Primera_División_2018-19_(Argentina)
2018-09-30,18:00,Altos Hornos Zapla,Gimnasia y Tiro (S),2,1,,,Torneo Federal A,2018,zonas,Zona 4,Fecha 5,Emilio Fabrizzi,false,https://es.wikipedia.org/wiki/Torneo_Federal_A_2018-19
2018-09-30,18:00,Ferro Carril Oeste (GP),Villa Mitre,0,1,,,Torneo Federal A,2018,zonas,Zona 1,Fecha 5,El Coloso de Barrio Talleres,false,https://es.wikipedia.org/wiki/Torneo_Federal_A_2018-19
2018-09-30,18:00,Racing Club,Huracán Las Heras,0,2,,,Torneo Federal A,2018,zonas,Zona 3,Fecha 5,Miguel Sancho,false,https://es.wikipedia.org/wiki/Torneo_Federal_A_2018-19
2018-09-30,20:00,Boca Juniors,Colón,3,1,,,Primera Division,2018,zonas,,Fecha 7,La Bombonera,false,https://es.wikipedia.org/wiki/Campeonato_de_Primera_División_2018-19_(Argentina)
2018-10-01,15:30,San Martín (B),Sportivo Barracas,0,0,,,Primera C,2018,zonas,,Fecha 8,Francisco Boga,false,https://es.wikipedia.org/wiki/Campeonato_de_Primera_C_2018-19_(Argentina)
2018-10-01,15:30,Victoriano Arenas,Villa San Carlos,5,0,,,Primera C,2018,zonas,,Fecha 8,Saturnino Moure,false,https://es.wikipedia.org/wiki/Campeonato_de_Primera_C_2018-19_(Argentina)
2018-10-01,19:00,Godoy Cruz,Defensa y Justicia,0,1,,,Primera Division,2018,zonas,,Fecha 7,Malvinas Argentinas,false,https://es.wikipedia.org/wiki/Campeonato_de_Primera_División_2018-19_(Argentina)
2018-10-01,20:00,Agropecuario,Chacarita Juniors,0,0,,,Primera Nacional,2018,zonas,,Fecha 5,Ofelia Rosenzuaig,false,https://es.wikipedia.org/wiki/Campeonato_de_Primera_B_Nacional_2018-19
2018-10-01,21:15,San Martín (T),Banfield,1,1,,,Primera Division,2018,zonas,,Fecha 7,La Ciudadela,false,https://es.wikipedia.org/wiki/Campeonato_de_Primera_División_2018-19_(Argentina)
2018-10-01,21:15,Vélez Sarsfield,Aldosivi,2,0,,,Primera Division,2018,zonas,,Fecha 7,José Amalfitani,false,https://es.wikipedia.org/wiki/Campeonato_de_Primera_División_2018-19_(Argentina)
2018-10-01,22:00,Central Córdoba (SdE),Brown de Adrogué,1,1,,,Primera Nacional,2018,zonas,,Fecha 5,Alfredo Terrera,false,https://es.wikipedia.org/wiki/Campeonato_de_Primera_B_Nacional_2018-19
2018-10-02,,Sarmiento (R),Atlético de Rafaela,2,0,,,Copa Argentina,2018,eliminacion,,Octavos,Presbítero Bartolomé Grella,true,https://es.wikipedia.org/wiki/Copa_Argentina_2017-18
2018-10-02,15:30,Almirante Brown,J. J. de Urquiza,1,2,,,Primera B,2018,zonas,,Fecha 9,20 de Octubre,false,https://es.wikipedia.org/wiki/Campeonato_de_Primera_B_2018-19_(Argentina)
2018-10-02,15:30,Sacachispas,Colegiales,2,0,,,Primera B,2018,zonas,,Fecha 9,Beto Larrosa,false,https://es.wikipedia.org/wiki/Campeonato_de_Primera_B_2018-19_(Argentina)
2018-10-02,15:35,All Boys,Talleres (RdE),1,0,,,Primera B,2018,zonas,,Fecha 9,Islas Malvinas,false,https://es.wikipedia.org/wiki/Campeonato_de_Primera_B_2018-19_(Argentina)
2018-10-03,,Estudiantes (LP),San Lorenzo,1,3,,,Copa Argentina,2018,eliminacion,,Octavos,Malvinas Argentinas,true,https://es.wikipedia.org/wiki/Copa_Argentina_2017-18
2018-10-03,15:30,Fénix,Comunicaciones,0,0,,,Primera B,2018,zonas,,Fecha 9,Nueva España,false,https://es.wikipedia.org/wiki/Campeonato_de_Primera_B_2018-19_(Argentina)
2018-10-03,15:30,San Miguel,Defensores Unidos,0,0,,,Primera B,2018,zonas,,Fecha 9,Armenia,false,https://es.wikipedia.org/wiki/Campeonato_de_Primera_B_2018-19_(Argentina)
2018-10-03,15:30,San Telmo,Tristán Suárez,0,0,,,Primera B,2018,zonas,,Fecha 9,Dr. Osvaldo Baletto,false,https://es.wikipedia.org/wiki/Campeonato_de_Primera_B_2018-19_(Argentina)
2018-10-03,15:35,Estudiantes (BA),Deportivo Español,2,0,,,Primera B,2018,zonas,,Fecha 9,Ciudad de Caseros,false,https://es.wikipedia.org/wiki/Campeonato_de_Primera_B_2018-19_(Argentina)
2018-10-04,15:05,Barracas Central,Atlanta,0,0,,,Primera B,2018,zonas,,Fecha 9,Claudio Chiqui Tapia,false,https://es.wikipedia.org/wiki/Campeonato_de_Primera_B_2018-19_(Argentina)
2018-10-04,15:30,Flandria,Acassuso,0,0,,,Primera B,2018,zonas,,Fecha 9,Carlos V,false,https://es.wikipedia.org/wiki/Campeonato_de_Primera_B_2018-19_(Argentina)
2018-10-04,15:30,General Lamadrid,Deportivo Laferrere,0,2,,,Primera C,2018,zonas,,Fecha 9,Enrique Sexto,false,https://es.wikipedia.org/wiki/Campeonato_de_Primera_C_2018-19_(Argentina)
2018-10-04,15:30,UAI Urquiza,Deportivo Riestra,1,3,,,Primera B,2018,zonas,,Fecha 9,Monumental de Villa Lynch,false,https://es.wikipedia.org/wiki/Campeonato_de_Primera_B_2018-19_(Argentina)
2018-10-04,15:35,Nueva Chicago,Los Andes,1,0,,,Primera Nacional,2018,zonas,,Fecha 6,Nueva Chicago,false,https://es.wikipedia.org/wiki/Campeonato_de_Primera_B_Nacional_2018-19
2018-10-05,15:30,El Porvenir,Sportivo Italiano,0,0,,,Primera C,2018,zonas,,Fecha 9,Gildo Francisco Ghersinich,false,https://es.wikipedia.org/wiki/Campeonato_de_Primera_C_2018-19_(Argentina)
2018-10-05,16:30,Deportivo Morón,Agropecuario,1,0,,,Primera Nacional,2018,zonas,,Fecha 6,Nuevo Francisco Urbano,false,https://es.wikipedia.org/wiki/Campeonato_de_Primera_B_Nacional_2018-19
2018-10-05,21:00,Alvarado,Ferro Carril Oeste (GP),2,1,,,Torneo Federal A,2018,zonas,Zona 1,Fecha 6,José María Minella,false,https://es.wikipedia.org/wiki/Torneo_Federal_A_2018-19
2018-10-05,21:05,Instituto,Ramón Santamarina,1,2,,,Primera Nacional,2018,zonas,,Fecha 6,Juan Domingo Perón,false,https://es.wikipedia.org/wiki/Campeonato_de_Primera_B_Nacional_2018-19
2018-10-05,21:15,Estudiantes (RC),Deportivo Maipú,2,0,,,Torneo Federal A,2018,zonas,Zona 3,Fecha 6,Ciudad de Río Cuarto,false,https://es.wikipedia.org/wiki/Torneo_Federal_A_2018-19
2018-10-05,21:15,Sportivo Belgrano,Racing Club,2,1,,,Torneo Federal A,2018,zonas,Zona 3,Fecha 6,Oscar C. Boero,false,https://es.wikipedia.org/wiki/Torneo_Federal_A_2018-19
2018-10-05,21:30,Cipolletti,Sansinena,1,1,,,Torneo Federal A,2018,zonas,Zona 1,Fecha 6,La Visera de Cemento,false,https://es.wikipedia.org/wiki/Torneo_Federal_A_2018-19
2018-10-05,21:30,Crucero del Norte,Juventud Antoniana,1,0,,,Torneo Federal A,2018,zonas,Zona 4,Fecha 6,Comandante Andrés Guacurarí,false,https://es.wikipedia.org/wiki/Torneo_Federal_A_2018-19
2018-10-05,21:30,Gimnasia y Tiro (S),San Martín (F),2,0,,,Torneo Federal A,2018,zonas,Zona 4,Fecha 6,El Gigante del Norte,false,https://es.wikipedia.org/wiki/Torneo_Federal_A_2018-19
2018-10-06,11:00,Dock Sud,Deportivo Armenio,0,1,,,Primera C,2018,zonas,,Fecha 9,De los Inmigrantes,false,https://es.wikipedia.org/wiki/Campeonato_de_Primera_C_2018-19_(Argentina)
2018-10-06,13:05,Colegiales,Almirante Brown,0,2,,,Primera B,2018,zonas,,Fecha 10,Colegiales,false,https://es.wikipedia.org/wiki/Campeonato_de_Primera_B_2018-19_(Argentina)
2018-10-06,13:15,Aldosivi,San Martín (T),2,0,,,Primera Division,2018,zonas,,Fecha 8,José María Minella,false,https://es.wikipedia.org/wiki/Campeonato_de_Primera_División_2018-19_(Argentina)
2018-10-06,13:30,Brown de Adrogué,Almagro,1,1,,,Primera Nacional,2018,zonas,,Fecha 6,Lorenzo Arandilla,false,https://es.wikipedia.org/wiki/Campeonato_de_Primera_B_Nacional_2018-19
2018-10-06,14:30,Defensores de Pronunciamiento,Douglas Haig,0,0,,,Torneo Federal A,2018,zonas,Zona 2,Fecha 6,Delio Cardozo,false,https://es.wikipedia.org/wiki/Torneo_Federal_A_2018-19
2018-10-06,15:30,Central Córdoba (R),Excursionistas,2,0,,,Primera C,2018,zonas,,Fecha 9,Gabino Sosa,false,https://es.wikipedia.org/wiki/Campeonato_de_Primera_C_2018-19_(Argentina)
2018-10-06,15:30,Gimnasia y Esgrima (LP),Godoy Cruz,1,0,,,Primera Division,2018,zonas,,Fecha 8,Del Bosque,false,https://es.wikipedia.org/wiki/Campeonato_de_Primera_División_2018-19_(Argentina)
2018-10-06,15:30,Quilmes,Gimnasia y Esgrima (M),1,1,,,Primera Nacional,2018,zonas,,Fecha 6,Centenario,false,https://es.wikipedia.org/wiki/Campeonato_de_Primera_B_Nacional_2018-19
2018-10-06,15:30,Temperley,Gimnasia y Esgrima (J),1,0,,,Primera Nacional,2018,zonas,,Fecha 6,Alfredo Beranger,false,https://es.wikipedia.org/wiki/Campeonato_de_Primera_B_Nacional_2018-19
2018-10-06,16:00,Huracán Las Heras,Desamparados,1,2,,,Torneo Federal A,2018,zonas,Zona 3,Fecha 6,General San Martín,false,https://es.wikipedia.org/wiki/Torneo_Federal_A_2018-19
2018-10-06,16:00,Independiente (N),Sol de Mayo (V),1,0,,,Torneo Federal A,2018,zonas,Zona 1,Fecha 6,La Nueva Caldera,false,https://es.wikipedia.org/wiki/Torneo_Federal_A_2018-19
2018-10-06,16:00,Sportivo Las Parejas,Gimnasia y Esgrima (CdU),0,0,,,Torneo Federal A,2018,zonas,Zona 2,Fecha 6,4 de Septiembre,false,https://es.wikipedia.org/wiki/Torneo_Federal_A_2018-19
2018-10-06,16:30,Defensores de Belgrano (VR),Atlético Paraná,2,1,,,Torneo Federal A,2018,zonas,Zona 2,Fecha 6,Salomón Boeseldin,false,https://es.wikipedia.org/wiki/Torneo_Federal_A_2018-19
2018-10-06,17:00,Villa Mitre,Deportivo Madryn,2,1,,,Torneo Federal A,2018,zonas,Zona 1,Fecha 6,El Fortín,false,https://es.wikipedia.org/wiki/Torneo_Federal_A_2018-19
2018-10-06,17:05,Chacarita Juniors,Arsenal,0,2,,,Primera Nacional,2018,zonas,,Fecha 6,Chacarita Juniors,false,https://es.wikipedia.org/wiki/Campeonato_de_Primera_B_Nacional_2018-19
2018-10-06,17:45,San Martín (SJ),Vélez Sarsfield,3,1,,,Primera Division,2018,zonas,,Fecha 8,Ingeniero Hilario Sánchez,false,https://es.wikipedia.org/wiki/Campeonato_de_Primera_División_2018-19_(Argentina)
2018-10-06,18:00,Sportivo Estudiantes (SL),Juventud Unida Universitario,1,1,,,Torneo Federal A,2018,zonas,Zona 3,Fecha 6,Héctor Odicino y Pedro Benoza,false,https://es.wikipedia.org/wiki/Torneo_Federal_A_2018-19
2018-10-06,18:00,Unión (S),Juventud Unida (G),1,0,,,Torneo Federal A,2018,zonas,Zona 2,Fecha 6,De la Avenida,false,https://es.wikipedia.org/wiki/Torneo_Federal_A_2018-19
2018-10-06,20:00,Patronato,Independiente,1,2,,,Primera Division,2018,zonas,,Fecha 8,Presbítero Bartolomé Grella,false,https://es.wikipedia.org/wiki/Campeonato_de_Primera_División_2018-19_(Argentina)
2018-10-06,21:00,Boca Unidos,Altos Hornos Zapla,1,0,,,Torneo Federal A,2018,zonas,Zona 4,Fecha 6,Leoncio Benítez,false,https://es.wikipedia.org/wiki/Torneo_Federal_A_2018-19
2018-10-07,,River Plate,Sarmiento (R),3,1,,,Copa Argentina,2018,eliminacion,,Cuartos,Malvinas Argentinas,true,https://es.wikipedia.org/wiki/Copa_Argentina_2017-18
2018-10-07,11:00,Banfield,San Lorenzo,2,0,,,Primera Division,2018,zonas,,Fecha 8,Florencio Sola,false,https://es.wikipedia.org/wiki/Campeonato_de_Primera_División_2018-19_(Argentina)
2018-10-07,12:00,Sportivo Barracas,Ferrocarril Midland,0,4,,,Primera C,2018,zonas,,Fecha 9,República de Italia,false,https://es.wikipedia.org/wiki/Campeonato_de_Primera_C_2018-19_(Argentina)
2018-10-07,13:15,Atlético Tucumán,Lanús,0,0,,,Primera Division,2018,zonas,,Fecha 8,Monumental José Fierro,false,https://es.wikipedia.org/wiki/Campeonato_de_Primera_División_2018-19_(Argentina)
2018-10-07,15:00,Rosario Central,Unión,0,4,,,Primera Division,2018,zonas,,Fecha 8,Gigante de Arroyito,false,https://es.wikipedia.org/wiki/Campeonato_de_Primera_División_2018-19_(Argentina)
2018-10-07,15:30,Berazategui,Victoriano Arenas,0,0,,,Primera C,2018,zonas,,Fecha 9,Norman Lee,false,https://es.wikipedia.org/wiki/Campeonato_de_Primera_C_2018-19_(Argentina)
2018-10-07,16:00,Guillermo Brown,Atlético de Rafaela,2,0,,,Primera Nacional,2018,zonas,,Fecha 6,Raúl Conti,false,https://es.wikipedia.org/wiki/Campeonato_de_Primera_B_Nacional_2018-19
2018-10-07,17:00,Independiente Rivadavia,Villa Dálmine,2,1,,,Primera Nacional,2018,zonas,,Fecha 6,Bautista Gargantini,false,https://es.wikipedia.org/wiki/Campeonato_de_Primera_B_Nacional_2018-19
2018-10-07,17:00,Mitre (SdE),Defensores de Belgrano,1,0,,,Primera Nacional,2018,zonas,,Fecha 6,Dres. José y Antonio Castiglione,false,https://es.wikipedia.org/wiki/Campeonato_de_Primera_B_Nacional_2018-19
2018-10-07,17:00,Talleres (C),Belgrano,3,0,,,Primera Division,2018,zonas,,Fecha 8,Mario Alberto Kempes,false,https://es.wikipedia.org/wiki/Campeonato_de_Primera_División_2018-19_(Argentina)
2018-10-07,19:00,Racing Club,Boca Juniors,2,2,,,Primera Division,2018,zonas,,Fecha 8,El Cilindro,false,https://es.wikipedia.org/wiki/Campeonato_de_Primera_División_2018-19_(Argentina)
2018-10-08,15:30,Flandria,San Miguel,0,1,,,Primera B,2018,zonas,,Fecha 10,Carlos V,false,https://es.wikipedia.org/wiki/Campeonato_de_Primera_B_2018-19_(Argentina)
2018-10-08,15:30,Ituzaingó,Leandro N. Alem,0,0,,,Primera C,2018,zonas,,Fecha 9,Ituzaingó,false,https://es.wikipedia.org/wiki/Campeonato_de_Primera_C_2018-19_(Argentina)
2018-10-08,15:30,Talleres (RdE),Fénix,0,0,,,Primera B,2018,zonas,,Fecha 10,Talleres (RdE),false,https://es.wikipedia.org/wiki/Campeonato_de_Primera_B_2018-19_(Argentina)
2018-10-08,15:30,Tristán Suárez,All Boys,1,3,,,Primera B,2018,zonas,,Fecha 10,20 de Octubre,false,https://es.wikipedia.org/wiki/Campeonato_de_Primera_B_2018-19_(Argentina)
2018-10-08,15:30,Villa San Carlos,Argentino de Quilmes,3,1,,,Primera C,2018,zonas,,Fecha 9,Genacio Sálice,false,https://es.wikipedia.org/wiki/Campeonato_de_Primera_C_2018-19_(Argentina)
2018-10-08,19:00,Tigre,Estudiantes (LP),1,0,,,Primera Division,2018,zonas,,Fecha 8,Monumental de Victoria,false,https://es.wikipedia.org/wiki/Campeonato_de_Primera_División_2018-19_(Argentina)
2018-10-08,21:00,Colón,Newell's Old Boys,1,0,,,Primera Division,2018,zonas,,Fecha 8,Brigadier Estanislao López,false,https://es.wikipedia.org/wiki/Campeonato_de_Primera_División_2018-19_(Argentina)
2018-10-08,21:05,Sarmiento (J),Platense,3,1,,,Primera Nacional,2018,zonas,,Fecha 6,Eva Perón,false,https://es.wikipedia.org/wiki/Campeonato_de_Primera_B_Nacional_2018-19
2018-10-09,15:05,Atlanta,San Telmo,1,1,,,Primera B,2018,zonas,,Fecha 10,Armenia,false,https://es.wikipedia.org/wiki/Campeonato_de_Primera_B_2018-19_(Argentina)
2018-10-09,15:30,Deportivo Español,Barracas Central,0,3,,,Primera B,2018,zonas,,Fecha 10,Ciudad de Caseros,false,https://es.wikipedia.org/wiki/Campeonato_de_Primera_B_2018-19_(Argentina)
2018-10-09,15:30,Deportivo Merlo,Cañuelas,1,1,,,Primera C,2018,zonas,,Fecha 9,José Manuel Moreno,false,https://es.wikipedia.org/wiki/Campeonato_de_Primera_C_2018-19_(Argentina)
2018-10-09,15:30,J. J. de Urquiza,Defensores Unidos,0,0,,,Primera B,2018,zonas,,Fecha 10,Talleres (RdE),false,https://es.wikipedia.org/wiki/Campeonato_de_Primera_B_2018-19_(Argentina)
2018-10-09,15:30,Luján,San Martín (B),1,0,,,Primera C,2018,zonas,,Fecha 9,Municipal de la Ciudad de Luján,false,https://es.wikipedia.org/wiki/Campeonato_de_Primera_C_2018-19_(Argentina)
2018-10-09,20:05,Acassuso,UAI Urquiza,2,2,,,Primera B,2018,zonas,,Fecha 10,República de Italia,false,https://es.wikipedia.org/wiki/Campeonato_de_Primera_B_2018-19_(Argentina)
2018-10-10,14:00,Juventud Unida (G),Defensores de Pronunciamiento,2,0,,,Torneo Federal A,2018,zonas,Zona 2,Fecha 7,De Los Eucaliptos,false,https://es.wikipedia.org/wiki/Torneo_Federal_A_2018-19
2018-10-10,15:00,Sol de Mayo (V),Cipolletti,1,0,,,Torneo Federal A,2018,zonas,Zona 1,Fecha 7,Sol de Mayo,false,https://es.wikipedia.org/wiki/Torneo_Federal_A_2018-19
2018-10-10,16:00,Deportivo Madryn,Alvarado,1,3,,,Torneo Federal A,2018,zonas,Zona 1,Fecha 7,El Coliseo del Golfo,false,https://es.wikipedia.org/wiki/Torneo_Federal_A_2018-19
2018-10-10,16:00,Sansinena,Villa Mitre,0,0,,,Torneo Federal A,2018,zonas,Zona 1,Fecha 7,Luis Molina,false,https://es.wikipedia.org/wiki/Torneo_Federal_A_2018-19
2018-10-10,17:00,San Martín (F),Boca Unidos,0,1,,,Torneo Federal A,2018,zonas,Zona 4,Fecha 7,17 de Octubre,false,https://es.wikipedia.org/wiki/Torneo_Federal_A_2018-19
2018-10-10,21:00,Altos Hornos Zapla,Chaco For Ever,1,1,,,Torneo Federal A,2018,zonas,Zona 4,Fecha 7,Emilio Fabrizzi,false,https://es.wikipedia.org/wiki/Torneo_Federal_A_2018-19
2018-10-10,21:00,Atlético Paraná,Sportivo Las Parejas,0,0,,,Torneo Federal A,2018,zonas,Zona 2,Fecha 7,Pedro Mutio,false,https://es.wikipedia.org/wiki/Torneo_Federal_A_2018-19
2018-10-10,21:00,Douglas Haig,Defensores de Belgrano (VR),2,2,,,Torneo Federal A,2018,zonas,Zona 2,Fecha 7,Miguel Morales,false,https://es.wikipedia.org/wiki/Torneo_Federal_A_2018-19
2018-10-10,21:00,Ferro Carril Oeste (GP),Deportivo Roca,1,0,,,Torneo Federal A,2018,zonas,Zona 1,Fecha 7,El Coloso de Barrio Talleres,false,https://es.wikipedia.org/wiki/Torneo_Federal_A_2018-19
2018-10-10,21:15,Deportivo Maipú,San Lorenzo de Alem,3,1,,,Torneo Federal A,2018,zonas,Zona 3,Fecha 7,Omar Higinio Sperdutti,false,https://es.wikipedia.org/wiki/Torneo_Federal_A_2018-19
2018-10-10,21:15,Gimnasia y Esgrima (CdU),Deportivo Camioneros,1,0,,,Torneo Federal A,2018,zonas,Zona 2,Fecha 7,Manuel y Ramón Nuñez,false,https://es.wikipedia.org/wiki/Torneo_Federal_A_2018-19
2018-10-10,21:30,Juventud Unida Universitario,Estudiantes (RC),2,2,,,Torneo Federal A,2018,zonas,Zona 3,Fecha 7,Mario Sebastián Diez,false,https://es.wikipedia.org/wiki/Torneo_Federal_A_2018-19
2018-10-10,21:30,Racing Club,Sportivo Estudiantes (SL),0,1,,,Torneo Federal A,2018,zonas,Zona 3,Fecha 7,Miguel Sancho,false,https://es.wikipedia.org/wiki/Torneo_Federal_A_2018-19
2018-10-10,21:45,Desamparados,Sportivo Belgrano,1,0,,,Torneo Federal A,2018,zonas,Zona 3,Fecha 7,El Serpentario,false,https://es.wikipedia.org/wiki/Torneo_Federal_A_2018-19
2018-10-10,22:00,Juventud Antoniana,San Jorge (T),3,3,,,Torneo Federal A,2018,zonas,Zona 4,Fecha 7,Padre Ernesto Martearena,false,https://es.wikipedia.org/wiki/Torneo_Federal_A_2018-19
2018-10-11,21:00,Sarmiento (R),Crucero del Norte,2,0,,,Torneo Federal A,2018,zonas,Zona 4,Fecha 7,Centenario,false,https://es.wikipedia.org/wiki/Torneo_Federal_A_2018-19
2018-10-13,15:30,Deportivo Laferrere,Dock Sud,0,0,,,Primera C,2018,zonas,,Fecha 10,Ciudad de Laferrere,false,https://es.wikipedia.org/wiki/Campeonato_de_Primera_C_2018-19_(Argentina)
2018-10-13,15:30,Leandro N. Alem,El Porvenir,2,0,,,Primera C,2018,zonas,,Fecha 10,Leandro N. Alem,false,https://es.wikipedia.org/wiki/Campeonato_de_Primera_C_2018-19_(Argentina)
2018-10-13,15:30,San Martín (B),General Lamadrid,0,0,,,Primera C,2018,zonas,,Fecha 10,Francisco Boga,false,https://es.wikipedia.org/wiki/Campeonato_de_Primera_C_2018-19_(Argentina)
2018-10-13,17:00,Gimnasia y Esgrima (J),Instituto,1,0,,,Primera Nacional,2018,zonas,,Fecha 5,23 de agosto,false,https://es.wikipedia.org/wiki/Campeonato_de_Primera_B_Nacional_2018-19
2018-10-14,12:00,Ferrocarril Midland,Luján,2,0,,,Primera C,2018,zonas,,Fecha 10,Ciudad de Libertad,false,https://es.wikipedia.org/wiki/Campeonato_de_Primera_C_2018-19_(Argentina)
2018-10-14,13:00,Deportivo Armenio,Argentino de Quilmes,2,0,,,Primera C,2018,zonas,,Fecha 10,Armenia,false,https://es.wikipedia.org/wiki/Campeonato_de_Primera_C_2018-19_(Argentina)
2018-10-14,15:30,Almirante Brown,Comunicaciones,4,2,,,Primera B,2018,zonas,,Fecha 11,Fragata Presidente Sarmiento,false,https://es.wikipedia.org/wiki/Campeonato_de_Primera_B_2018-19_(Argentina)
2018-10-14,15:30,Berazategui,Villa San Carlos,0,4,,,Primera C,2018,zonas,,Fecha 10,Norman Lee,false,https://es.wikipedia.org/wiki/Campeonato_de_Primera_C_2018-19_(Argentina)
2018-10-14,15:30,Cañuelas,Sportivo Barracas,2,0,,,Primera C,2018,zonas,,Fecha 10,José Alfredo Arín,false,https://es.wikipedia.org/wiki/Campeonato_de_Primera_C_2018-19_(Argentina)
2018-10-14,15:30,Defensores Unidos,Colegiales,1,0,,,Primera B,2018,zonas,,Fecha 11,Gigante de Villa Fox,false,https://es.wikipedia.org/wiki/Campeonato_de_Primera_B_2018-19_(Argentina)
2018-10-14,15:30,UAI Urquiza,Flandria,1,0,,,Primera B,2018,zonas,,Fecha 11,Monumental de Villa Lynch,false,https://es.wikipedia.org/wiki/Campeonato_de_Primera_B_2018-19_(Argentina)
2018-10-14,15:30,Victoriano Arenas,Central Córdoba (R),0,1,,,Primera C,2018,zonas,,Fecha 10,Saturnino Moure,false,https://es.wikipedia.org/wiki/Campeonato_de_Primera_C_2018-19_(Argentina)
2018-10-14,16:00,Defensores de Pronunciamiento,Unión (S),3,3,,,Torneo Federal A,2018,zonas,Zona 2,Fecha 8,Delio Cardozo,false,https://es.wikipedia.org/wiki/Torneo_Federal_A_2018-19
2018-10-14,16:00,Deportivo Camioneros,Atlético Paraná,0,0,,,Torneo Federal A,2018,zonas,Zona 2,Fecha 8,Hugo Moyano,false,https://es.wikipedia.org/wiki/Torneo_Federal_A_2018-19
2018-10-14,16:00,Deportivo Roca,Deportivo Madryn,2,2,,,Torneo Federal A,2018,zonas,Zona 1,Fecha 8,Luis Maiolino,false,https://es.wikipedia.org/wiki/Torneo_Federal_A_2018-19
2018-10-14,16:30,Estudiantes (RC),Racing Club,2,1,,,Torneo Federal A,2018,zonas,Zona 3,Fecha 8,Ciudad de Río Cuarto,false,https://es.wikipedia.org/wiki/Torneo_Federal_A_2018-19
2018-10-14,16:30,Villa Mitre,Sol de Mayo (V),0,1,,,Torneo Federal A,2018,zonas,Zona 1,Fecha 8,El Fortín,false,https://es.wikipedia.org/wiki/Torneo_Federal_A_2018-19
2018-10-14,17:00,San Lorenzo de Alem,Juventud Unida Universitario,1,2,,,Torneo Federal A,2018,zonas,Zona 3,Fecha 8,Malvinas Argentinas,false,https://es.wikipedia.org/wiki/Torneo_Federal_A_2018-19
2018-10-14,18:00,Cipolletti,Independiente (N),0,0,,,Torneo Federal A,2018,zonas,Zona 1,Fecha 8,La Visera de Cemento,false,https://es.wikipedia.org/wiki/Torneo_Federal_A_2018-19
2018-10-14,18:00,Sportivo Estudiantes (SL),Desamparados,0,3,,,Torneo Federal A,2018,zonas,Zona 3,Fecha 8,Héctor Odicino y Pedro Benoza,false,https://es.wikipedia.org/wiki/Torneo_Federal_A_2018-19
2018-10-14,19:30,Defensores de Belgrano (VR),Juventud Unida (G),1,1,,,Torneo Federal A,2018,zonas,Zona 2,Fecha 8,Salomón Boeseldin,false,https://es.wikipedia.org/wiki/Torneo_Federal_A_2018-19
2018-10-14,20:00,Alvarado,Sansinena,1,0,,,Torneo Federal A,2018,zonas,Zona 1,Fecha 8,José María Minella,false,https://es.wikipedia.org/wiki/Torneo_Federal_A_2018-19
2018-10-14,20:15,Sportivo Belgrano,Huracán Las Heras,0,2,,,Torneo Federal A,2018,zonas,Zona 3,Fecha 8,Oscar C. Boero,false,https://es.wikipedia.org/wiki/Torneo_Federal_A_2018-19
2018-10-14,21:00,Boca Unidos,Gimnasia y Tiro (S),2,0,,,Torneo Federal A,2018,zonas,Zona 4,Fecha 8,Leoncio Benítez,false,https://es.wikipedia.org/wiki/Torneo_Federal_A_2018-19
2018-10-15,15:30,Sacachispas,Talleres (RdE),1,0,,,Primera B,2018,zonas,,Fecha 11,José Manuel Moreno,false,https://es.wikipedia.org/wiki/Campeonato_de_Primera_B_2018-19_(Argentina)
2018-10-15,15:30,San Telmo,Deportivo Español,3,1,,,Primera B,2018,zonas,,Fecha 11,Dr. Osvaldo Baletto,false,https://es.wikipedia.org/wiki/Campeonato_de_Primera_B_2018-19_(Argentina)
2018-10-15,16:30,Sportivo Las Parejas,Douglas Haig,3,0,,,Torneo Federal A,2018,zonas,Zona 2,Fecha 8,4 de Septiembre,false,https://es.wikipedia.org/wiki/Torneo_Federal_A_2018-19
2018-10-15,17:00,Crucero del Norte,Altos Hornos Zapla,4,0,,,Torneo Federal A,2018,zonas,Zona 4,Fecha 8,Comandante Andrés Guacurarí,false,https://es.wikipedia.org/wiki/Torneo_Federal_A_2018-19
2018-10-15,17:30,Chaco For Ever,Sarmiento (R),1,3,,,Torneo Federal A,2018,zonas,Zona 4,Fecha 6,Juan Alberto García,false,https://es.wikipedia.org/wiki/Torneo_Federal_A_2018-19
2018-10-15,21:35,Estudiantes (BA),Acassuso,2,1,,,Primera B,2018,zonas,,Fecha 11,Ciudad de Caseros,false,https://es.wikipedia.org/wiki/Campeonato_de_Primera_B_2018-19_(Argentina)
2018-10-16,13:00,San Miguel,J. J. de Urquiza,1,0,,,Primera B,2018,zonas,,Fecha 11,Armenia,false,https://es.wikipedia.org/wiki/Campeonato_de_Primera_B_2018-19_(Argentina)
2018-10-16,20:00,Sportivo Italiano,Deportivo Merlo,0,0,,,Primera C,2018,zonas,,Fecha 10,República de Italia,false,https://es.wikipedia.org/wiki/Campeonato_de_Primera_C_2018-19_(Argentina)
2018-10-19,15:00,Deportivo Riestra,San Telmo,0,3,,,Primera B,2018,zonas,,Fecha 12,Guillermo Laza,false,https://es.wikipedia.org/wiki/Campeonato_de_Primera_B_2018-19_(Argentina)
2018-10-19,15:30,Almagro,Ferro Carril Oeste,1,2,,,Primera Nacional,2018,zonas,,Fecha 7,Tres de Febrero,false,https://es.wikipedia.org/wiki/Campeonato_de_Primera_B_Nacional_2018-19
2018-10-19,15:30,Arsenal,Deportivo Morón,1,0,,,Primera Nacional,2018,zonas,,Fecha 7,El Viaducto,false,https://es.wikipedia.org/wiki/Campeonato_de_Primera_B_Nacional_2018-19
2018-10-19,15:30,General Lamadrid,Ferrocarril Midland,2,1,,,Primera C,2018,zonas,,Fecha 11,Enrique Sexto,false,https://es.wikipedia.org/wiki/Campeonato_de_Primera_C_2018-19_(Argentina)
2018-10-19,15:30,Ituzaingó,Victoriano Arenas,1,4,,,Primera C,2018,zonas,,Fecha 11,Ituzaingó,false,https://es.wikipedia.org/wiki/Campeonato_de_Primera_C_2018-19_(Argentina)
2018-10-19,15:30,Luján,Cañuelas,1,1,,,Primera C,2018,zonas,,Fecha 11,Municipal de la Ciudad de Luján,false,https://es.wikipedia.org/wiki/Campeonato_de_Primera_C_2018-19_(Argentina)
2018-10-19,15:30,Talleres (RdE),Almirante Brown,2,1,,,Primera B,2018,zonas,,Fecha 12,Talleres (RdE),false,https://es.wikipedia.org/wiki/Campeonato_de_Primera_B_2018-19_(Argentina)
2018-10-19,15:30,Tristán Suárez,Sacachispas,3,0,,,Primera B,2018,zonas,,Fecha 12,20 de Octubre,false,https://es.wikipedia.org/wiki/Campeonato_de_Primera_B_2018-19_(Argentina)
2018-10-19,15:30,Villa San Carlos,Deportivo Armenio,0,0,,,Primera C,2018,zonas,,Fecha 11,Genacio Sálice,false,https://es.wikipedia.org/wiki/Campeonato_de_Primera_C_2018-19_(Argentina)
2018-10-19,16:00,Central Córdoba (R),Berazategui,3,1,,,Primera C,2018,zonas,,Fecha 11,Gabino Sosa,false,https://es.wikipedia.org/wiki/Campeonato_de_Primera_C_2018-19_(Argentina)
2018-10-19,16:00,San Jorge (T),Sarmiento (R),2,1,,,Torneo Federal A,2018,zonas,Zona 4,Fecha 8,Ángel Pascual Sáez,false,https://es.wikipedia.org/wiki/Torneo_Federal_A_2018-19
2018-10-19,19:00,Defensa y Justicia,Talleres (C),2,0,,,Primera Division,2018,zonas,,Fecha 9,Norberto Tomaghello,false,https://es.wikipedia.org/wiki/Campeonato_de_Primera_División_2018-19_(Argentina)
2018-10-19,19:00,Vélez Sarsfield,Gimnasia y Esgrima (LP),1,0,,,Primera Division,2018,zonas,,Fecha 9,José Amalfitani,false,https://es.wikipedia.org/wiki/Campeonato_de_Primera_División_2018-19_(Argentina)
2018-10-19,21:00,Atlético de Rafaela,Olimpo,2,0,,,Primera Nacional,2018,zonas,,Fecha 7,Nuevo Monumental,false,https://es.wikipedia.org/wiki/Campeonato_de_Primera_B_Nacional_2018-19
2018-10-19,21:15,Colón,River Plate,1,0,,,Primera Division,2018,zonas,,Fecha 9,Brigadier Estanislao López,false,https://es.wikipedia.org/wiki/Campeonato_de_Primera_División_2018-19_(Argentina)
2018-10-19,21:30,Chaco For Ever,San Martín (F),1,0,,,Torneo Federal A,2018,zonas,Zona 4,Fecha 8,Juan Alberto García,false,https://es.wikipedia.org/wiki/Torneo_Federal_A_2018-19
2018-10-20,12:00,Los Andes,Guillermo Brown,0,0,,,Primera Nacional,2018,zonas,,Fecha 7,Eduardo Gallardón,false,https://es.wikipedia.org/wiki/Campeonato_de_Primera_B_Nacional_2018-19
2018-10-20,13:00,Deportivo Merlo,Leandro N. Alem,2,1,,,Primera C,2018,zonas,,Fecha 11,José Manuel Moreno,false,https://es.wikipedia.org/wiki/Campeonato_de_Primera_C_2018-19_(Argentina)
2018-10-20,13:05,Atlanta,Fénix,2,0,,,Primera B,2018,zonas,,Fecha 12,Don León Kolbowsky,false,https://es.wikipedia.org/wiki/Campeonato_de_Primera_B_2018-19_(Argentina)
2018-10-20,13:15,Godoy Cruz,Aldosivi,2,0,,,Primera Division,2018,zonas,,Fecha 9,Malvinas Argentinas,false,https://es.wikipedia.org/wiki/Campeonato_de_Primera_División_2018-19_(Argentina)
2018-10-20,15:30,Acassuso,Barracas Central,0,0,,,Primera B,2018,zonas,,Fecha 12,República de Italia,false,https://es.wikipedia.org/wiki/Campeonato_de_Primera_B_2018-19_(Argentina)
2018-10-20,15:30,Argentino de Quilmes,Deportivo Laferrere,0,2,,,Primera C,2018,zonas,,Fecha 11,Argentino de Quilmes,false,https://es.wikipedia.org/wiki/Campeonato_de_Primera_C_2018-19_(Argentina)
2018-10-20,15:30,Comunicaciones,Defensores Unidos,0,1,,,Primera B,2018,zonas,,Fecha 12,Alfredo Ramos,false,https://es.wikipedia.org/wiki/Campeonato_de_Primera_B_2018-19_(Argentina)
2018-10-20,15:30,Deportivo Español,All Boys,1,1,,,Primera B,2018,zonas,,Fecha 12,Nueva España,false,https://es.wikipedia.org/wiki/Campeonato_de_Primera_B_2018-19_(Argentina)
2018-10-20,15:30,Flandria,Estudiantes (BA),1,1,,,Primera B,2018,zonas,,Fecha 12,Carlos V,false,https://es.wikipedia.org/wiki/Campeonato_de_Primera_B_2018-19_(Argentina)
2018-10-20,15:30,Lanús,Patronato,3,1,,,Primera Division,2018,zonas,,Fecha 9,Ciudad de Lanús,false,https://es.wikipedia.org/wiki/Campeonato_de_Primera_División_2018-19_(Argentina)
2018-10-20,15:30,UAI Urquiza,San Miguel,2,1,,,Primera B,2018,zonas,,Fecha 12,Monumental de Villa Lynch,false,https://es.wikipedia.org/wiki/Campeonato_de_Primera_B_2018-19_(Argentina)
2018-10-20,17:45,Boca Juniors,Rosario Central,0,0,,,Primera Division,2018,zonas,,Fecha 9,La Bombonera,false,https://es.wikipedia.org/wiki/Campeonato_de_Primera_División_2018-19_(Argentina)
2018-10-20,18:00,Agropecuario,Independiente Rivadavia,0,0,,,Primera Nacional,2018,zonas,,Fecha 7,Ofelia Rosenzuaig,false,https://es.wikipedia.org/wiki/Campeonato_de_Primera_B_Nacional_2018-19
2018-10-20,20:00,Newell's Old Boys,Tigre,2,0,,,Primera Division,2018,zonas,,Fecha 9,Marcelo Bielsa,false,https://es.wikipedia.org/wiki/Campeonato_de_Primera_División_2018-19_(Argentina)
2018-10-20,20:00,Ramón Santamarina,Temperley,0,1,,,Primera Nacional,2018,zonas,,Fecha 7,Municipal General San Martin,false,https://es.wikipedia.org/wiki/Campeonato_de_Primera_B_Nacional_2018-19
2018-10-20,20:05,Platense,Brown de Adrogué,0,0,,,Primera Nacional,2018,zonas,,Fecha 7,Ciudad de Vicente López,false,https://es.wikipedia.org/wiki/Campeonato_de_Primera_B_Nacional_2018-19
2018-10-20,20:05,Villa Dálmine,Quilmes,1,1,,,Primera Nacional,2018,zonas,,Fecha 7,El Coliseo de Mitre y Puccini,false,https://es.wikipedia.org/wiki/Campeonato_de_Primera_B_Nacional_2018-19
2018-10-21,12:00,El Porvenir,Excursionistas,3,0,,,Primera C,2018,zonas,,Fecha 11,Gildo Francisco Ghersinich,false,https://es.wikipedia.org/wiki/Campeonato_de_Primera_C_2018-19_(Argentina)
2018-10-21,13:15,Estudiantes (LP),Atlético Tucumán,1,1,,,Primera Division,2018,zonas,,Fecha 9,Centenario,false,https://es.wikipedia.org/wiki/Campeonato_de_Primera_División_2018-19_(Argentina)
2018-10-21,14:35,Defensores de Belgrano,Chacarita Juniors,1,2,,,Primera Nacional,2018,zonas,,Fecha 7,Juan Pasquale,false,https://es.wikipedia.org/wiki/Campeonato_de_Primera_B_Nacional_2018-19
2018-10-21,15:30,Argentinos Juniors,Unión,0,1,,,Primera Division,2018,zonas,,Fecha 9,Diego Armando Maradona,false,https://es.wikipedia.org/wiki/Campeonato_de_Primera_División_2018-19_(Argentina)
2018-10-21,15:30,Colegiales,J. J. de Urquiza,0,0,,,Primera B,2018,zonas,,Fecha 12,Colegiales,false,https://es.wikipedia.org/wiki/Campeonato_de_Primera_B_2018-19_(Argentina)
2018-10-21,15:30,Sportivo Barracas,Sportivo Italiano,0,1,,,Primera C,2018,zonas,,Fecha 11,República de Italia,false,https://es.wikipedia.org/wiki/Campeonato_de_Primera_C_2018-19_(Argentina)
2018-10-21,16:00,Juventud Unida (G),Sportivo Las Parejas,1,1,,,Torneo Federal A,2018,zonas,Zona 2,Fecha 9,De Los Eucaliptos,false,https://es.wikipedia.org/wiki/Torneo_Federal_A_2018-19
2018-10-21,16:00,Sansinena,Deportivo Roca,2,0,,,Torneo Federal A,2018,zonas,Zona 1,Fecha 9,Luis Molina,false,https://es.wikipedia.org/wiki/Torneo_Federal_A_2018-19
2018-10-21,16:00,Sol de Mayo (V),Alvarado,2,0,,,Torneo Federal A,2018,zonas,Zona 1,Fecha 9,Sol de Mayo,false,https://es.wikipedia.org/wiki/Torneo_Federal_A_2018-19
2018-10-21,16:30,Deportivo Madryn,Ferro Carril Oeste (GP),2,1,,,Torneo Federal A,2018,zonas,Zona 1,Fecha 9,El Coloso de Barrio Talleres,false,https://es.wikipedia.org/wiki/Torneo_Federal_A_2018-19
2018-10-21,17:00,Atlético Paraná,Gimnasia y Esgrima (CdU),2,1,,,Torneo Federal A,2018,zonas,Zona 2,Fecha 9,Pedro Mutio,false,https://es.wikipedia.org/wiki/Torneo_Federal_A_2018-19
2018-10-21,17:00,Gimnasia y Esgrima (J),Mitre (SdE),1,0,,,Primera Nacional,2018,zonas,,Fecha 7,23 de agosto,false,https://es.wikipedia.org/wiki/Campeonato_de_Primera_B_Nacional_2018-19
2018-10-21,17:00,Gimnasia y Esgrima (M),Sarmiento (J),0,2,,,Primera Nacional,2018,zonas,,Fecha 7,Víctor Antonio Legrotaglie,false,https://es.wikipedia.org/wiki/Campeonato_de_Primera_B_Nacional_2018-19
2018-10-21,17:00,Huracán Las Heras,Sportivo Estudiantes (SL),1,1,,,Torneo Federal A,2018,zonas,Zona 3,Fecha 9,General San Martín,false,https://es.wikipedia.org/wiki/Torneo_Federal_A_2018-19
2018-10-21,17:00,Independiente (N),Villa Mitre,2,2,,,Torneo Federal A,2018,zonas,Zona 1,Fecha 9,La Nueva Caldera,false,https://es.wikipedia.org/wiki/Torneo_Federal_A_2018-19
2018-10-21,17:30,Unión (S),Defensores de Belgrano (VR),1,3,,,Torneo Federal A,2018,zonas,Zona 2,Fecha 9,De la Avenida,false,https://es.wikipedia.org/wiki/Torneo_Federal_A_2018-19
2018-10-21,17:45,Independiente,Huracán,3,1,,,Primera Division,2018,zonas,,Fecha 9,Libertadores de América,false,https://es.wikipedia.org/wiki/Campeonato_de_Primera_División_2018-19_(Argentina)
2018-10-21,20:00,Desamparados,Estudiantes (RC),1,1,,,Torneo Federal A,2018,zonas,Zona 3,Fecha 9,El Serpentario,false,https://es.wikipedia.org/wiki/Torneo_Federal_A_2018-19
2018-10-21,20:00,Juventud Unida Universitario,Deportivo Maipú,1,1,,,Torneo Federal A,2018,zonas,Zona 3,Fecha 9,Mario Sebastián Diez,false,https://es.wikipedia.org/wiki/Torneo_Federal_A_2018-19
2018-10-21,20:00,Racing Club,San Lorenzo de Alem,1,1,,,Torneo Federal A,2018,zonas,Zona 3,Fecha 9,Miguel Sancho,false,https://es.wikipedia.org/wiki/Torneo_Federal_A_2018-19
2018-10-21,20:00,San Martín (T),Racing Club,2,1,,,Primera Division,2018,zonas,,Fecha 9,La Ciudadela,false,https://es.wikipedia.org/wiki/Campeonato_de_Primera_División_2018-19_(Argentina)
2018-10-22,15:30,Dock Sud,San Martín (B),2,1,,,Primera C,2018,zonas,,Fecha 11,De los Inmigrantes,false,https://es.wikipedia.org/wiki/Campeonato_de_Primera_C_2018-19_(Argentina)
2018-10-22,19:00,Belgrano,Banfield,1,1,,,Primera Division,2018,zonas,,Fecha 9,Gigante de Alberdi,false,https://es.wikipedia.org/wiki/Campeonato_de_Primera_División_2018-19_(Argentina)
2018-10-22,20:05,Central Córdoba (SdE),Nueva Chicago,1,2,,,Primera Nacional,2018,zonas,,Fecha 7,Alfredo Terrera,false,https://es.wikipedia.org/wiki/Campeonato_de_Primera_B_Nacional_2018-19
2018-10-22,21:00,Douglas Haig,Deportivo Camioneros,0,2,,,Torneo Federal A,2018,zonas,Zona 2,Fecha 9,Miguel Morales,false,https://es.wikipedia.org/wiki/Torneo_Federal_A_2018-19
2018-10-22,21:00,San Lorenzo,San Martín (SJ),2,1,,,Primera Division,2018,zonas,,Fecha 9,Nuevo Gasómetro,false,https://es.wikipedia.org/wiki/Campeonato_de_Primera_División_2018-19_(Argentina)
2018-10-23,15:30,Cañuelas,General Lamadrid,0,0,,,Primera C,2018,zonas,,Fecha 12,José Alfredo Arín,false,https://es.wikipedia.org/wiki/Campeonato_de_Primera_C_2018-19_(Argentina)
2018-10-23,16:00,Central Córdoba (R),Villa San Carlos,0,0,,,Primera C,2018,zonas,,Fecha 12,Gabino Sosa,false,https://es.wikipedia.org/wiki/Campeonato_de_Primera_C_2018-19_(Argentina)
2018-10-23,17:00,San Martín (F),Crucero del Norte,0,3,,,Torneo Federal A,2018,zonas,Zona 4,Fecha 9,17 de Octubre,false,https://es.wikipedia.org/wiki/Torneo_Federal_A_2018-19
2018-10-23,20:00,Gimnasia y Tiro (S),Chaco For Ever,1,3,,,Torneo Federal A,2018,zonas,Zona 4,Fecha 9,El Gigante del Norte,false,https://es.wikipedia.org/wiki/Torneo_Federal_A_2018-19
2018-10-23,21:00,Sarmiento (R),Juventud Antoniana,1,0,,,Torneo Federal A,2018,zonas,Zona 4,Fecha 9,Centenario,false,https://es.wikipedia.org/wiki/Torneo_Federal_A_2018-19
2018-10-23,22:00,Altos Hornos Zapla,San Jorge (T),1,2,,,Torneo Federal A,2018,zonas,Zona 4,Fecha 9,Emilio Fabrizzi,false,https://es.wikipedia.org/wiki/Torneo_Federal_A_2018-19
2018-10-24,15:30,Berazategui,Ituzaingó,1,1,,,Primera C,2018,zonas,,Fecha 12,Norman Lee,false,https://es.wikipedia.org/wiki/Campeonato_de_Primera_C_2018-19_(Argentina)
2018-10-24,15:30,Deportivo Laferrere,Deportivo Armenio,1,1,,,Primera C,2018,zonas,,Fecha 12,Ciudad de Laferrere,false,https://es.wikipedia.org/wiki/Campeonato_de_Primera_C_2018-19_(Argentina)
2018-10-24,15:30,Victoriano Arenas,El Porvenir,2,3,,,Primera C,2018,zonas,,Fecha 12,Saturnino Moure,false,https://es.wikipedia.org/wiki/Campeonato_de_Primera_C_2018-19_(Argentina)
2018-10-24,20:00,Excursionistas,Deportivo Merlo,3,0,,,Primera C,2018,zonas,,Fecha 12,Excursionistas,false,https://es.wikipedia.org/wiki/Campeonato_de_Primera_C_2018-19_(Argentina)
2018-10-25,15:30,Ferrocarril Midland,Dock Sud,1,0,,,Primera C,2018,zonas,,Fecha 12,Ciudad de Libertad,false,https://es.wikipedia.org/wiki/Campeonato_de_Primera_C_2018-19_(Argentina)
2018-10-25,15:30,Leandro N. Alem,Sportivo Barracas,2,1,,,Primera C,2018,zonas,,Fecha 12,Leandro N. Alem,false,https://es.wikipedia.org/wiki/Campeonato_de_Primera_C_2018-19_(Argentina)
2018-10-25,15:30,San Martín (B),Argentino de Quilmes,0,1,,,Primera C,2018,zonas,,Fecha 12,Francisco Boga,false,https://es.wikipedia.org/wiki/Campeonato_de_Primera_C_2018-19_(Argentina)
2018-10-25,20:00,Sportivo Italiano,Luján,1,0,,,Primera C,2018,zonas,,Fecha 12,República de Italia,false,https://es.wikipedia.org/wiki/Campeonato_de_Primera_C_2018-19_(Argentina)
2018-10-26,15:30,J. J. de Urquiza,Comunicaciones,3,1,,,Primera B,2018,zonas,,Fecha 13,Malvinas Argentinas,false,https://es.wikipedia.org/wiki/Campeonato_de_Primera_B_2018-19_(Argentina)
2018-10-26,19:00,Tigre,Lanús,1,1,,,Primera Division,2018,zonas,,Fecha 10,Monumental de Victoria,false,https://es.wikipedia.org/wiki/Campeonato_de_Primera_División_2018-19_(Argentina)
2018-10-26,20:05,Temperley,Instituto,0,1,,,Primera Nacional,2018,zonas,,Fecha 8,Alfredo Beranger,false,https://es.wikipedia.org/wiki/Campeonato_de_Primera_B_Nacional_2018-19
2018-10-26,21:00,Huracán,Colón,3,2,,,Primera Division,2018,zonas,,Fecha 10,Tomás A. Ducó,false,https://es.wikipedia.org/wiki/Campeonato_de_Primera_División_2018-19_(Argentina)
2018-10-26,21:05,Estudiantes (BA),UAI Urquiza,3,0,,,Primera B,2018,zonas,,Fecha 13,Ciudad de Caseros,false,https://es.wikipedia.org/wiki/Campeonato_de_Primera_B_2018-19_(Argentina)
2018-10-27,12:00,San Telmo,Acassuso,0,2,,,Primera B,2018,zonas,,Fecha 13,Dr. Osvaldo Baletto,false,https://es.wikipedia.org/wiki/Campeonato_de_Primera_B_2018-19_(Argentina)
2018-10-27,13:05,All Boys,Deportivo Riestra,3,2,,,Primera B,2018,zonas,,Fecha 13,Islas Malvinas,false,https://es.wikipedia.org/wiki/Campeonato_de_Primera_B_2018-19_(Argentina)
2018-10-27,15:00,Brown de Adrogué,Gimnasia y Esgrima (M),1,0,,,Primera Nacional,2018,zonas,,Fecha 8,Lorenzo Arandilla,false,https://es.wikipedia.org/wiki/Campeonato_de_Primera_B_Nacional_2018-19
2018-10-27,15:00,River Plate,Aldosivi,1,0,,,Primera Division,2018,zonas,,Fecha 10,Monumental,false,https://es.wikipedia.org/wiki/Campeonato_de_Primera_División_2018-19_(Argentina)
2018-10-27,15:30,Almirante Brown,Tristán Suárez,2,2,,,Primera B,2018,zonas,,Fecha 13,Fragata Presidente Sarmiento,false,https://es.wikipedia.org/wiki/Campeonato_de_Primera_B_2018-19_(Argentina)
2018-10-27,15:30,Barracas Central,Flandria,3,0,,,Primera B,2018,zonas,,Fecha 13,Claudio Chiqui Tapia,false,https://es.wikipedia.org/wiki/Campeonato_de_Primera_B_2018-19_(Argentina)
2018-10-27,15:30,Defensores Unidos,Talleres (RdE),1,1,,,Primera B,2018,zonas,,Fecha 13,Gigante de Villa Fox,false,https://es.wikipedia.org/wiki/Campeonato_de_Primera_B_2018-19_(Argentina)
2018-10-27,15:30,Fénix,Deportivo Español,1,2,,,Primera B,2018,zonas,,Fecha 13,Nueva España,false,https://es.wikipedia.org/wiki/Campeonato_de_Primera_B_2018-19_(Argentina)
2018-10-27,15:30,San Miguel,Colegiales,1,2,,,Primera B,2018,zonas,,Fecha 13,Malvinas Argentinas,false,https://es.wikipedia.org/wiki/Campeonato_de_Primera_B_2018-19_(Argentina)
2018-10-27,16:00,Ferro Carril Oeste,Platense,0,2,,,Primera Nacional,2018,zonas,,Fecha 8,Arquitecto Ricardo Echeverri,false,https://es.wikipedia.org/wiki/Campeonato_de_Primera_B_Nacional_2018-19
2018-10-27,17:15,Gimnasia y Esgrima (LP),Boca Juniors,2,1,,,Primera Division,2018,zonas,,Fecha 10,Del Bosque,false,https://es.wikipedia.org/wiki/Campeonato_de_Primera_División_2018-19_(Argentina)
2018-10-27,18:00,Sarmiento (J),Villa Dálmine,2,1,,,Primera Nacional,2018,zonas,,Fecha 8,Eva Perón,false,https://es.wikipedia.org/wiki/Campeonato_de_Primera_B_Nacional_2018-19
2018-10-27,20:30,Talleres (C),San Martín (T),0,0,,,Primera Division,2018,zonas,,Fecha 10,Mario Alberto Kempes,false,https://es.wikipedia.org/wiki/Campeonato_de_Primera_División_2018-19_(Argentina)
2018-10-27,20:30,Unión,Godoy Cruz,0,3,,,Primera Division,2018,zonas,,Fecha 10,15 de abril,false,https://es.wikipedia.org/wiki/Campeonato_de_Primera_División_2018-19_(Argentina)
2018-10-28,11:00,Racing Club,San Lorenzo,2,1,,,Primera Division,2018,zonas,,Fecha 10,El Cilindro,false,https://es.wikipedia.org/wiki/Campeonato_de_Primera_División_2018-19_(Argentina)
2018-10-28,13:00,Deportivo Merlo,Victoriano Arenas,1,1,,,Primera C,2018,zonas,,Fecha 13,José Manuel Moreno,false,https://es.wikipedia.org/wiki/Campeonato_de_Primera_C_2018-19_(Argentina)
2018-10-28,13:15,Patronato,Rosario Central,2,1,,,Primera Division,2018,zonas,,Fecha 10,Presbítero Bartolomé Grella,false,https://es.wikipedia.org/wiki/Campeonato_de_Primera_División_2018-19_(Argentina)
2018-10-28,15:05,Nueva Chicago,Almagro,0,0,,,Primera Nacional,2018,zonas,,Fecha 8,Nueva Chicago,false,https://es.wikipedia.org/wiki/Campeonato_de_Primera_B_Nacional_2018-19
2018-10-28,15:30,Argentino de Quilmes,Ferrocarril Midland,3,1,,,Primera C,2018,zonas,,Fecha 13,Argentino de Quilmes,false,https://es.wikipedia.org/wiki/Campeonato_de_Primera_C_2018-19_(Argentina)
2018-10-28,15:30,Deportivo Armenio,San Martín (B),2,2,,,Primera C,2018,zonas,,Fecha 13,Armenia,false,https://es.wikipedia.org/wiki/Campeonato_de_Primera_C_2018-19_(Argentina)
2018-10-28,15:30,General Lamadrid,Sportivo Italiano,0,1,,,Primera C,2018,zonas,,Fecha 13,Enrique Sexto,false,https://es.wikipedia.org/wiki/Campeonato_de_Primera_C_2018-19_(Argentina)
2018-10-28,15:30,Luján,Leandro N. Alem,0,0,,,Primera C,2018,zonas,,Fecha 13,Municipal de la Ciudad de Luján,false,https://es.wikipedia.org/wiki/Campeonato_de_Primera_C_2018-19_(Argentina)
2018-10-28,15:30,Sacachispas,Atlanta,0,0,,,Primera B,2018,zonas,,Fecha 13,Beto Larrosa,false,https://es.wikipedia.org/wiki/Campeonato_de_Primera_B_2018-19_(Argentina)
2018-10-28,15:30,Sportivo Barracas,Excursionistas,0,1,,,Primera C,2018,zonas,,Fecha 13,República de Italia,false,https://es.wikipedia.org/wiki/Campeonato_de_Primera_C_2018-19_(Argentina)
2018-10-28,15:30,Vélez Sarsfield,Belgrano,1,0,,,Primera Division,2018,zonas,,Fecha 10,José Amalfitani,false,https://es.wikipedia.org/wiki/Campeonato_de_Primera_División_2018-19_(Argentina)
2018-10-28,16:00,Defensores de Pronunciamiento,Defensores de Belgrano (VR),1,1,,,Torneo Federal A,2018,zonas,Zona 2,Fecha 10,Delio Cardozo,false,https://es.wikipedia.org/wiki/Torneo_Federal_A_2018-19
2018-10-28,16:00,Douglas Haig,Gimnasia y Esgrima (CdU),1,1,,,Torneo Federal A,2018,zonas,Zona 2,Fecha 10,Miguel Morales,false,https://es.wikipedia.org/wiki/Torneo_Federal_A_2018-19
2018-10-28,16:00,Guillermo Brown,Central Córdoba (SdE),0,0,,,Primera Nacional,2018,zonas,,Fecha 8,Raúl Conti,false,https://es.wikipedia.org/wiki/Campeonato_de_Primera_B_Nacional_2018-19
2018-10-28,16:00,Juventud Unida (G),Deportivo Camioneros,2,3,,,Torneo Federal A,2018,zonas,Zona 2,Fecha 10,De Los Eucaliptos,false,https://es.wikipedia.org/wiki/Torneo_Federal_A_2018-19
2018-10-28,16:00,Sansinena,Ferro Carril Oeste (GP),0,1,,,Torneo Federal A,2018,zonas,Zona 1,Fecha 10,Luis Molina,false,https://es.wikipedia.org/wiki/Torneo_Federal_A_2018-19
2018-10-28,16:00,Sportivo Belgrano,Sportivo Estudiantes (SL),2,0,,,Torneo Federal A,2018,zonas,Zona 3,Fecha 10,Oscar C. Boero,false,https://es.wikipedia.org/wiki/Torneo_Federal_A_2018-19
2018-10-28,16:30,Olimpo,Los Andes,1,1,,,Primera Nacional,2018,zonas,,Fecha 8,Roberto N. Carminatti,false,https://es.wikipedia.org/wiki/Campeonato_de_Primera_B_Nacional_2018-19
2018-10-28,16:30,Sol de Mayo (V),Deportivo Roca,1,1,,,Torneo Federal A,2018,zonas,Zona 1,Fecha 10,Sol de Mayo,false,https://es.wikipedia.org/wiki/Torneo_Federal_A_2018-19
2018-10-28,17:00,Altos Hornos Zapla,Juventud Antoniana,1,1,,,Torneo Federal A,2018,zonas,Zona 4,Fecha 10,Emilio Fabrizzi,false,https://es.wikipedia.org/wiki/Torneo_Federal_A_2018-19
2018-10-28,17:00,Desamparados,San Lorenzo de Alem,1,0,,,Torneo Federal A,2018,zonas,Zona 3,Fecha 10,El Serpentario,false,https://es.wikipedia.org/wiki/Torneo_Federal_A_2018-19
2018-10-28,17:00,Huracán Las Heras,Estudiantes (RC),0,0,,,Torneo Federal A,2018,zonas,Zona 3,Fecha 10,General San Martín,false,https://es.wikipedia.org/wiki/Torneo_Federal_A_2018-19
2018-10-28,17:00,Independiente (N),Alvarado,2,2,,,Torneo Federal A,2018,zonas,Zona 1,Fecha 10,La Nueva Caldera,false,https://es.wikipedia.org/wiki/Torneo_Federal_A_2018-19
2018-10-28,17:00,Independiente Rivadavia,Arsenal,1,1,,,Primera Nacional,2018,zonas,,Fecha 8,Bautista Gargantini,false,https://es.wikipedia.org/wiki/Campeonato_de_Primera_B_Nacional_2018-19
2018-10-28,17:00,Mitre (SdE),Ramón Santamarina,2,2,,,Primera Nacional,2018,zonas,,Fecha 8,Dres. José y Antonio Castiglione,false,https://es.wikipedia.org/wiki/Campeonato_de_Primera_B_Nacional_2018-19
2018-10-28,17:00,San Martín (F),San Jorge (T),2,3,,,Torneo Federal A,2018,zonas,Zona 4,Fecha 10,17 de Octubre,false,https://es.wikipedia.org/wiki/Torneo_Federal_A_2018-19
2018-10-28,17:30,Gimnasia y Tiro (S),Crucero del Norte,0,0,,,Torneo Federal A,2018,zonas,Zona 4,Fecha 10,El Gigante del Norte,false,https://es.wikipedia.org/wiki/Torneo_Federal_A_2018-19
2018-10-28,17:30,Unión (S),Sportivo Las Parejas,1,0,,,Torneo Federal A,2018,zonas,Zona 2,Fecha 10,De la Avenida,false,https://es.wikipedia.org/wiki/Torneo_Federal_A_2018-19
2018-10-28,17:45,Banfield,Estudiantes (LP),0,2,,,Primera Division,2018,zonas,,Fecha 10,Florencio Sola,false,https://es.wikipedia.org/wiki/Campeonato_de_Primera_División_2018-19_(Argentina)
2018-10-28,18:00,Boca Unidos,Chaco For Ever,1,2,,,Torneo Federal A,2018,zonas,Zona 4,Fecha 10,Leoncio Benítez,false,https://es.wikipedia.org/wiki/Torneo_Federal_A_2018-19
2018-10-28,18:00,Cipolletti,Villa Mitre,1,1,,,Torneo Federal A,2018,zonas,Zona 1,Fecha 10,La Visera de Cemento,false,https://es.wikipedia.org/wiki/Torneo_Federal_A_2018-19
2018-10-28,18:00,Racing Club,Deportivo Maipú,3,0,,,Torneo Federal A,2018,zonas,Zona 3,Fecha 10,Miguel Sancho,false,https://es.wikipedia.org/wiki/Torneo_Federal_A_2018-19
2018-10-28,20:00,Atlético Tucumán,Independiente,4,2,,,Primera Division,2018,zonas,,Fecha 10,Monumental José Fierro,false,https://es.wikipedia.org/wiki/Campeonato_de_Primera_División_2018-19_(Argentina)
2018-10-29,15:30,Deportivo Morón,Defensores de Belgrano,1,1,,,Primera Nacional,2018,zonas,,Fecha 8,Nuevo Francisco Urbano,false,https://es.wikipedia.org/wiki/Campeonato_de_Primera_B_Nacional_2018-19
2018-10-29,15:30,Dock Sud,Cañuelas,1,0,,,Primera C,2018,zonas,,Fecha 13,De los Inmigrantes,false,https://es.wikipedia.org/wiki/Campeonato_de_Primera_C_2018-19_(Argentina)
2018-10-29,15:30,El Porvenir,Berazategui,0,0,,,Primera C,2018,zonas,,Fecha 13,Gildo Francisco Ghersinich,false,https://es.wikipedia.org/wiki/Campeonato_de_Primera_C_2018-19_(Argentina)
2018-10-29,15:30,Villa San Carlos,Deportivo Laferrere,1,2,,,Primera C,2018,zonas,,Fecha 13,Genacio Sálice,false,https://es.wikipedia.org/wiki/Campeonato_de_Primera_C_2018-19_(Argentina)
2018-10-29,19:00,Newell's Old Boys,Argentinos Juniors,2,0,,,Primera Division,2018,zonas,,Fecha 10,Marcelo Bielsa,false,https://es.wikipedia.org/wiki/Campeonato_de_Primera_División_2018-19_(Argentina)
2018-10-29,21:00,San Martín (SJ),Defensa y Justicia,0,1,,,Primera Division,2018,zonas,,Fecha 10,Ingeniero Hilario Sánchez,false,https://es.wikipedia.org/wiki/Campeonato_de_Primera_División_2018-19_(Argentina)
2018-10-29,21:05,Chacarita Juniors,Gimnasia y Esgrima (J),1,0,,,Primera Nacional,2018,zonas,,Fecha 8,Chacarita Juniors,false,https://es.wikipedia.org/wiki/Campeonato_de_Primera_B_Nacional_2018-19
2018-10-30,15:30,Ituzaingó,Central Córdoba (R),2,1,,,Primera C,2018,zonas,,Fecha 13,Ituzaingó,false,https://es.wikipedia.org/wiki/Campeonato_de_Primera_C_2018-19_(Argentina)
2018-10-30,15:35,Deportivo Riestra,Estudiantes (BA),0,2,,,Primera B,2018,zonas,,Fecha 10,Guillermo Laza,false,https://es.wikipedia.org/wiki/Campeonato_de_Primera_B_2018-19_(Argentina)
2018-10-30,19:30,Quilmes,Agropecuario,0,1,,,Primera Nacional,2018,zonas,,Fecha 8,Centenario,false,https://es.wikipedia.org/wiki/Campeonato_de_Primera_B_Nacional_2018-19
2018-11-01,,Newell's Old Boys,Rosario Central,1,2,,,Copa Argentina,2018,eliminacion,,Cuartos,Julio Humberto Grondona,true,https://es.wikipedia.org/wiki/Copa_Argentina_2017-18
2018-11-02,15:30,Flandria,San Telmo,0,0,,,Primera B,2018,zonas,,Fecha 14,Carlos V,false,https://es.wikipedia.org/wiki/Campeonato_de_Primera_B_2018-19_(Argentina)
2018-11-02,15:30,Leandro N. Alem,General Lamadrid,0,0,,,Primera C,2018,zonas,,Fecha 14,Leandro N. Alem,false,https://es.wikipedia.org/wiki/Campeonato_de_Primera_C_2018-19_(Argentina)
2018-11-02,16:00,Deportivo Camioneros,Unión (S),2,1,,,Torneo Federal A,2018,zonas,Zona 2,Fecha 11,Hugo Moyano,false,https://es.wikipedia.org/wiki/Torneo_Federal_A_2018-19
2018-11-02,16:30,San Jorge (T),Gimnasia y Tiro (S),3,0,,,Torneo Federal A,2018,zonas,Zona 4,Fecha 11,Ángel Pascual Sáez,false,https://es.wikipedia.org/wiki/Torneo_Federal_A_2018-19
2018-11-02,19:00,Belgrano,Gimnasia y Esgrima (LP),2,0,,,Primera Division,2018,zonas,,Fecha 11,Gigante de Alberdi,false,https://es.wikipedia.org/wiki/Campeonato_de_Primera_División_2018-19_(Argentina)
2018-11-02,19:30,Sportivo Las Parejas,Defensores de Pronunciamiento,0,1,,,Torneo Federal A,2018,zonas,Zona 2,Fecha 11,4 de Septiembre,false,https://es.wikipedia.org/wiki/Torneo_Federal_A_2018-19
2018-11-02,20:30,Alvarado,Cipolletti,1,1,,,Torneo Federal A,2018,zonas,Zona 1,Fecha 11,José María Minella,false,https://es.wikipedia.org/wiki/Torneo_Federal_A_2018-19
2018-11-02,21:00,Crucero del Norte,Boca Unidos,0,2,,,Torneo Federal A,2018,zonas,Zona 4,Fecha 11,Comandante Andrés Guacurarí,false,https://es.wikipedia.org/wiki/Torneo_Federal_A_2018-19
2018-11-02,21:00,Instituto,Mitre (SdE),1,0,,,Primera Nacional,2018,zonas,,Fecha 9,Juan Domingo Perón,false,https://es.wikipedia.org/wiki/Campeonato_de_Primera_B_Nacional_2018-19
2018-11-02,21:00,San Lorenzo de Alem,Huracán Las Heras,0,2,,,Torneo Federal A,2018,zonas,Zona 3,Fecha 11,Malvinas Argentinas,false,https://es.wikipedia.org/wiki/Torneo_Federal_A_2018-19
2018-11-02,21:00,Unión,Patronato,2,2,,,Primera Division,2018,zonas,,Fecha 11,15 de abril,false,https://es.wikipedia.org/wiki/Campeonato_de_Primera_División_2018-19_(Argentina)
2018-11-02,21:05,Villa Dálmine,Brown de Adrogué,0,0,,,Primera Nacional,2018,zonas,,Fecha 9,El Coliseo de Mitre y Puccini,false,https://es.wikipedia.org/wiki/Campeonato_de_Primera_B_Nacional_2018-19
2018-11-02,21:15,Gimnasia y Esgrima (CdU),Juventud Unida (G),1,2,,,Torneo Federal A,2018,zonas,Zona 2,Fecha 11,Manuel y Ramón Nuñez,false,https://es.wikipedia.org/wiki/Torneo_Federal_A_2018-19
2018-11-02,21:30,Deportivo Maipú,Desamparados,1,0,,,Torneo Federal A,2018,zonas,Zona 3,Fecha 11,Omar Higinio Sperdutti,false,https://es.wikipedia.org/wiki/Torneo_Federal_A_2018-19
2018-11-02,21:30,Deportivo Roca,Independiente (N),1,1,,,Torneo Federal A,2018,zonas,Zona 1,Fecha 11,Luis Maiolino,false,https://es.wikipedia.org/wiki/Torneo_Federal_A_2018-19
2018-11-02,21:30,Estudiantes (RC),Sportivo Belgrano,3,3,,,Torneo Federal A,2018,zonas,Zona 3,Fecha 11,Ciudad de Río Cuarto,false,https://es.wikipedia.org/wiki/Torneo_Federal_A_2018-19
2018-11-02,22:00,Juventud Antoniana,San Martín (F),0,0,,,Torneo Federal A,2018,zonas,Zona 4,Fecha 11,Padre Ernesto Martearena,false,https://es.wikipedia.org/wiki/Torneo_Federal_A_2018-19
2018-11-03,13:00,Ferrocarril Midland,Deportivo Armenio,1,2,,,Primera C,2018,zonas,,Fecha 14,Ciudad de Libertad,false,https://es.wikipedia.org/wiki/Campeonato_de_Primera_C_2018-19_(Argentina)
2018-11-03,13:05,Atlanta,Almirante Brown,2,1,,,Primera B,2018,zonas,,Fecha 14,Don León Kolbowsky,false,https://es.wikipedia.org/wiki/Campeonato_de_Primera_B_2018-19_(Argentina)
2018-11-03,13:15,Aldosivi,Banfield,1,4,,,Primera Division,2018,zonas,,Fecha 11,José María Minella,false,https://es.wikipedia.org/wiki/Campeonato_de_Primera_División_2018-19_(Argentina)
2018-11-03,14:30,Defensores de Belgrano,Independiente Rivadavia,1,1,,,Primera Nacional,2018,zonas,,Fecha 9,Juan Pasquale,false,https://es.wikipedia.org/wiki/Campeonato_de_Primera_B_Nacional_2018-19
2018-11-03,15:30,Cañuelas,Argentino de Quilmes,0,1,,,Primera C,2018,zonas,,Fecha 14,José Alfredo Arín,false,https://es.wikipedia.org/wiki/Campeonato_de_Primera_C_2018-19_(Argentina)
2018-11-03,15:30,Deportivo Español,Sacachispas,1,0,,,Primera B,2018,zonas,,Fecha 14,Nueva España,false,https://es.wikipedia.org/wiki/Campeonato_de_Primera_B_2018-19_(Argentina)
2018-11-03,15:30,Godoy Cruz,Atlético Tucumán,1,0,,,Primera Division,2018,zonas,,Fecha 11,Malvinas Argentinas,false,https://es.wikipedia.org/wiki/Campeonato_de_Primera_División_2018-19_(Argentina)
2018-11-03,15:30,Ituzaingó,Villa San Carlos,1,1,,,Primera C,2018,zonas,,Fecha 14,Ituzaingó,false,https://es.wikipedia.org/wiki/Campeonato_de_Primera_C_2018-19_(Argentina)
2018-11-03,15:30,Los Andes,Atlético de Rafaela,0,2,,,Primera Nacional,2018,zonas,,Fecha 9,Eduardo Gallardón,false,https://es.wikipedia.org/wiki/Campeonato_de_Primera_B_Nacional_2018-19
2018-11-03,16:00,Deportivo Madryn,Sansinena,1,1,,,Torneo Federal A,2018,zonas,Zona 1,Fecha 11,El Coliseo del Golfo,false,https://es.wikipedia.org/wiki/Torneo_Federal_A_2018-19
2018-11-03,17:00,Atlético Paraná,Douglas Haig,0,1,,,Torneo Federal A,2018,zonas,Zona 2,Fecha 11,Pedro Mutio,false,https://es.wikipedia.org/wiki/Torneo_Federal_A_2018-19
2018-11-03,17:00,Juventud Unida Universitario,Racing Club,1,3,,,Torneo Federal A,2018,zonas,Zona 3,Fecha 11,Mario Sebastián Diez,false,https://es.wikipedia.org/wiki/Torneo_Federal_A_2018-19
2018-11-03,17:45,Estudiantes (LP),River Plate,1,0,,,Primera Division,2018,zonas,,Fecha 11,Centenario,false,https://es.wikipedia.org/wiki/Campeonato_de_Primera_División_2018-19_(Argentina)
2018-11-03,18:30,Sarmiento (R),Altos Hornos Zapla,3,1,,,Torneo Federal A,2018,zonas,Zona 4,Fecha 11,Centenario,false,https://es.wikipedia.org/wiki/Torneo_Federal_A_2018-19
2018-11-03,19:00,Ferro Carril Oeste (GP),Sol de Mayo (V),1,1,,,Torneo Federal A,2018,zonas,Zona 1,Fecha 11,El Coloso de Barrio Talleres,false,https://es.wikipedia.org/wiki/Torneo_Federal_A_2018-19
2018-11-03,20:00,Boca Juniors,Tigre,4,1,,,Primera Division,2018,zonas,,Fecha 11,La Bombonera,false,https://es.wikipedia.org/wiki/Campeonato_de_Primera_División_2018-19_(Argentina)
2018-11-04,11:00,Argentinos Juniors,Independiente,0,2,,,Primera Division,2018,zonas,,Fecha 11,Diego Armando Maradona,false,https://es.wikipedia.org/wiki/Campeonato_de_Primera_División_2018-19_(Argentina)
2018-11-04,12:00,San Martín (B),Deportivo Laferrere,1,0,,,Primera C,2018,zonas,,Fecha 14,Francisco Boga,false,https://es.wikipedia.org/wiki/Campeonato_de_Primera_C_2018-19_(Argentina)
2018-11-04,12:00,Victoriano Arenas,Sportivo Barracas,1,0,,,Primera C,2018,zonas,,Fecha 14,Saturnino Moure,false,https://es.wikipedia.org/wiki/Campeonato_de_Primera_C_2018-19_(Argentina)
2018-11-04,13:15,Rosario Central,Colón,1,1,,,Primera Division,2018,zonas,,Fecha 11,Gigante de Arroyito,false,https://es.wikipedia.org/wiki/Campeonato_de_Primera_División_2018-19_(Argentina)
2018-11-04,15:10,Platense,Nueva Chicago,3,0,,,Primera Nacional,2018,zonas,,Fecha 9,Ciudad de Vicente López,false,https://es.wikipedia.org/wiki/Campeonato_de_Primera_B_Nacional_2018-19
2018-11-04,15:30,Comunicaciones,Colegiales,2,1,,,Primera B,2018,zonas,,Fecha 14,Alfredo Ramos,false,https://es.wikipedia.org/wiki/Campeonato_de_Primera_B_2018-19_(Argentina)
2018-11-04,15:30,Excursionistas,Luján,1,0,,,Primera C,2018,zonas,,Fecha 14,Excursionistas,false,https://es.wikipedia.org/wiki/Campeonato_de_Primera_C_2018-19_(Argentina)
2018-11-04,15:30,San Lorenzo,Talleres (C),0,1,,,Primera Division,2018,zonas,,Fecha 11,Nuevo Gasómetro,false,https://es.wikipedia.org/wiki/Campeonato_de_Primera_División_2018-19_(Argentina)
2018-11-04,15:30,Sportivo Italiano,Dock Sud,1,4,,,Primera C,2018,zonas,,Fecha 14,República de Italia,false,https://es.wikipedia.org/wiki/Campeonato_de_Primera_C_2018-19_(Argentina)
2018-11-04,16:30,Gimnasia y Esgrima (M),Ferro Carril Oeste,3,1,,,Primera Nacional,2018,zonas,,Fecha 9,Víctor Antonio Legrotaglie,false,https://es.wikipedia.org/wiki/Campeonato_de_Primera_B_Nacional_2018-19
2018-11-04,17:00,Gimnasia y Esgrima (J),Deportivo Morón,1,1,,,Primera Nacional,2018,zonas,,Fecha 9,23 de agosto,false,https://es.wikipedia.org/wiki/Campeonato_de_Primera_B_Nacional_2018-19
2018-11-04,17:45,Racing Club,Newell's Old Boys,1,0,,,Primera Division,2018,zonas,,Fecha 11,El Cilindro,false,https://es.wikipedia.org/wiki/Campeonato_de_Primera_División_2018-19_(Argentina)
2018-11-04,18:00,Central Córdoba (SdE),Olimpo,1,1,,,Primera Nacional,2018,zonas,,Fecha 9,Alfredo Terrera,false,https://es.wikipedia.org/wiki/Campeonato_de_Primera_B_Nacional_2018-19
2018-11-04,19:00,Estudiantes (BA),San Miguel,0,0,,,Primera B,2018,zonas,,Fecha 14,Ciudad de Caseros,false,https://es.wikipedia.org/wiki/Campeonato_de_Primera_B_2018-19_(Argentina)
2018-11-04,20:00,San Martín (T),San Martín (SJ),2,0,,,Primera Division,2018,zonas,,Fecha 11,La Ciudadela,false,https://es.wikipedia.org/wiki/Campeonato_de_Primera_División_2018-19_(Argentina)
2018-11-05,15:30,Almagro,Guillermo Brown,1,1,,,Primera Nacional,2018,zonas,,Fecha 9,Tres de Febrero,false,https://es.wikipedia.org/wiki/Campeonato_de_Primera_B_Nacional_2018-19
2018-11-05,15:30,Arsenal,Quilmes,4,1,,,Primera Nacional,2018,zonas,,Fecha 9,El Viaducto,false,https://es.wikipedia.org/wiki/Campeonato_de_Primera_B_Nacional_2018-19
2018-11-05,15:30,Central Córdoba (R),El Porvenir,0,1,,,Primera C,2018,zonas,,Fecha 14,Gabino Sosa,false,https://es.wikipedia.org/wiki/Campeonato_de_Primera_C_2018-19_(Argentina)
2018-11-05,19:00,Defensa y Justicia,Vélez Sarsfield,3,2,,,Primera Division,2018,zonas,,Fecha 11,Norberto Tomaghello,false,https://es.wikipedia.org/wiki/Campeonato_de_Primera_División_2018-19_(Argentina)
2018-11-05,20:00,Ramón Santamarina,Chacarita Juniors,2,0,,,Primera Nacional,2018,zonas,,Fecha 9,Municipal General San Martin,false,https://es.wikipedia.org/wiki/Campeonato_de_Primera_B_Nacional_2018-19
2018-11-05,21:00,Lanús,Huracán,0,1,,,Primera Division,2018,zonas,,Fecha 11,Ciudad de Lanús,false,https://es.wikipedia.org/wiki/Campeonato_de_Primera_División_2018-19_(Argentina)
2018-11-05,21:05,Agropecuario,Sarmiento (J),0,0,,,Primera Nacional,2018,zonas,,Fecha 9,Ofelia Rosenzuaig,false,https://es.wikipedia.org/wiki/Campeonato_de_Primera_B_Nacional_2018-19
2018-11-06,15:30,Berazategui,Deportivo Merlo,1,1,,,Primera C,2018,zonas,,Fecha 14,Norman Lee,false,https://es.wikipedia.org/wiki/Campeonato_de_Primera_C_2018-19_(Argentina)
2018-11-06,15:30,Deportivo Riestra,Fénix,0,2,,,Primera B,2018,zonas,,Fecha 14,Guillermo Laza,false,https://es.wikipedia.org/wiki/Campeonato_de_Primera_B_2018-19_(Argentina)
2018-11-06,15:30,Tristán Suárez,Defensores Unidos,2,1,,,Primera B,2018,zonas,,Fecha 14,20 de Octubre,false,https://es.wikipedia.org/wiki/Campeonato_de_Primera_B_2018-19_(Argentina)
2018-11-06,15:30,UAI Urquiza,Barracas Central,0,2,,,Primera B,2018,zonas,,Fecha 14,Monumental de Villa Lynch,false,https://es.wikipedia.org/wiki/Campeonato_de_Primera_B_2018-19_(Argentina)
2018-11-06,19:30,Talleres (RdE),J. J. de Urquiza,1,1,,,Primera B,2018,zonas,,Fecha 14,Talleres (RdE),false,https://es.wikipedia.org/wiki/Campeonato_de_Primera_B_2018-19_(Argentina)
2018-11-06,21:05,Acassuso,All Boys,1,0,,,Primera B,2018,zonas,,Fecha 14,República de Italia,false,https://es.wikipedia.org/wiki/Campeonato_de_Primera_B_2018-19_(Argentina)
2018-11-06,21:30,Desamparados,Juventud Unida Universitario,2,0,,,Torneo Federal A,2018,zonas,Zona 3,Fecha 12,El Serpentario,false,https://es.wikipedia.org/wiki/Torneo_Federal_A_2018-19
2018-11-06,22:00,Gimnasia y Tiro (S),Juventud Antoniana,1,1,,,Torneo Federal A,2018,zonas,Zona 4,Fecha 12,El Gigante del Norte,false,https://es.wikipedia.org/wiki/Torneo_Federal_A_2018-19
2018-11-07,14:00,Juventud Unida (G),Atlético Paraná,1,1,,,Torneo Federal A,2018,zonas,Zona 2,Fecha 12,De Los Eucaliptos,false,https://es.wikipedia.org/wiki/Torneo_Federal_A_2018-19
2018-11-07,16:00,Sol de Mayo (V),Deportivo Madryn,1,0,,,Torneo Federal A,2018,zonas,Zona 1,Fecha 12,Sol de Mayo,false,https://es.wikipedia.org/wiki/Torneo_Federal_A_2018-19
2018-11-07,17:00,Huracán Las Heras,Deportivo Maipú,1,1,,,Torneo Federal A,2018,zonas,Zona 3,Fecha 12,General San Martín,false,https://es.wikipedia.org/wiki/Torneo_Federal_A_2018-19
2018-11-07,17:00,San Martín (F),Sarmiento (R),1,2,,,Torneo Federal A,2018,zonas,Zona 4,Fecha 12,17 de Octubre,false,https://es.wikipedia.org/wiki/Torneo_Federal_A_2018-19
2018-11-07,17:30,Independiente (N),Ferro Carril Oeste (GP),1,1,,,Torneo Federal A,2018,zonas,Zona 1,Fecha 12,La Nueva Caldera,false,https://es.wikipedia.org/wiki/Torneo_Federal_A_2018-19
2018-11-07,18:00,Defensores de Pronunciamiento,Deportivo Camioneros,2,0,,,Torneo Federal A,2018,zonas,Zona 2,Fecha 12,Delio Cardozo,false,https://es.wikipedia.org/wiki/Torneo_Federal_A_2018-19
2018-11-07,20:00,Villa Mitre,Alvarado,1,1,,,Torneo Federal A,2018,zonas,Zona 1,Fecha 12,El Fortín,false,https://es.wikipedia.org/wiki/Torneo_Federal_A_2018-19
2018-11-07,20:15,Independiente,San Martín (T),4,0,,,Primera Division,2018,zonas,,Fecha 1,Libertadores de América,false,https://es.wikipedia.org/wiki/Campeonato_de_Primera_División_2018-19_(Argentina)
2018-11-07,20:30,Defensores de Belgrano (VR),Sportivo Las Parejas,0,0,,,Torneo Federal A,2018,zonas,Zona 2,Fecha 12,Salomón Boeseldin,false,https://es.wikipedia.org/wiki/Torneo_Federal_A_2018-19
2018-11-07,21:00,Boca Unidos,San Jorge (T),1,1,,,Torneo Federal A,2018,zonas,Zona 4,Fecha 12,Leoncio Benítez,false,https://es.wikipedia.org/wiki/Torneo_Federal_A_2018-19
2018-11-07,21:00,Cipolletti,Deportivo Roca,0,0,,,Torneo Federal A,2018,zonas,Zona 1,Fecha 12,La Visera de Cemento,false,https://es.wikipedia.org/wiki/Torneo_Federal_A_2018-19
2018-11-07,21:00,Sportivo Belgrano,San Lorenzo de Alem,1,0,,,Torneo Federal A,2018,zonas,Zona 3,Fecha 12,Oscar C. Boero,false,https://es.wikipedia.org/wiki/Torneo_Federal_A_2018-19
2018-11-07,21:00,Sportivo Estudiantes (SL),Estudiantes (RC),0,0,,,Torneo Federal A,2018,zonas,Zona 3,Fecha 12,Héctor Odicino y Pedro Benoza,false,https://es.wikipedia.org/wiki/Torneo_Federal_A_2018-19
2018-11-07,21:30,Chaco For Ever,Crucero del Norte,2,0,,,Torneo Federal A,2018,zonas,Zona 4,Fecha 12,Juan Alberto García,false,https://es.wikipedia.org/wiki/Torneo_Federal_A_2018-19
2018-11-07,21:30,Unión (S),Gimnasia y Esgrima (CdU),0,0,,,Torneo Federal A,2018,zonas,Zona 2,Fecha 12,De la Avenida,false,https://es.wikipedia.org/wiki/Torneo_Federal_A_2018-19
2018-11-08,16:00,Excursionistas,Ituzaingó,2,0,,,Primera C,2018,zonas,,Fecha 10,Excursionistas,false,https://es.wikipedia.org/wiki/Campeonato_de_Primera_C_2018-19_(Argentina)
2018-11-09,15:30,Dock Sud,Leandro N. Alem,5,0,,,Primera C,2018,zonas,,Fecha 15,De los Inmigrantes,false,https://es.wikipedia.org/wiki/Campeonato_de_Primera_C_2018-19_(Argentina)
2018-11-09,15:30,Luján,Victoriano Arenas,3,2,,,Primera C,2018,zonas,,Fecha 15,Municipal de la Ciudad de Luján,false,https://es.wikipedia.org/wiki/Campeonato_de_Primera_C_2018-19_(Argentina)
2018-11-09,15:30,Villa San Carlos,San Martín (B),2,0,,,Primera C,2018,zonas,,Fecha 15,Genacio Sálice,false,https://es.wikipedia.org/wiki/Campeonato_de_Primera_C_2018-19_(Argentina)
2018-11-09,19:00,Talleres (C),Aldosivi,0,0,,,Primera Division,2018,zonas,,Fecha 12,Mario Alberto Kempes,false,https://es.wikipedia.org/wiki/Campeonato_de_Primera_División_2018-19_(Argentina)
2018-11-09,21:00,Atlético Tucumán,Rosario Central,2,1,,,Primera Division,2018,zonas,,Fecha 12,Monumental José Fierro,false,https://es.wikipedia.org/wiki/Campeonato_de_Primera_División_2018-19_(Argentina)
2018-11-09,21:05,Atlético de Rafaela,Central Córdoba (SdE),2,2,,,Primera Nacional,2018,zonas,,Fecha 10,Nuevo Monumental,false,https://es.wikipedia.org/wiki/Campeonato_de_Primera_B_Nacional_2018-19
2018-11-10,12:00,Brown de Adrogué,Agropecuario,0,0,,,Primera Nacional,2018,zonas,,Fecha 10,Lorenzo Arandilla,false,https://es.wikipedia.org/wiki/Campeonato_de_Primera_B_Nacional_2018-19
2018-11-10,12:00,San Miguel,Comunicaciones,1,1,,,Primera B,2018,zonas,,Fecha 15,Malvinas Argentinas,false,https://es.wikipedia.org/wiki/Campeonato_de_Primera_B_2018-19_(Argentina)
2018-11-10,12:00,Sportivo Barracas,Berazategui,2,0,,,Primera C,2018,zonas,,Fecha 15,República de Italia,false,https://es.wikipedia.org/wiki/Campeonato_de_Primera_C_2018-19_(Argentina)
2018-11-10,12:05,Defensores Unidos,Atlanta,2,1,,,Primera B,2018,zonas,,Fecha 15,Gigante de Villa Fox,false,https://es.wikipedia.org/wiki/Campeonato_de_Primera_B_2018-19_(Argentina)
2018-11-10,14:00,Chacarita Juniors,Instituto,2,2,,,Primera Nacional,2018,zonas,,Fecha 10,Chacarita Juniors,false,https://es.wikipedia.org/wiki/Campeonato_de_Primera_B_Nacional_2018-19
2018-11-10,14:00,Colegiales,Talleres (RdE),2,0,,,Primera B,2018,zonas,,Fecha 15,Colegiales,false,https://es.wikipedia.org/wiki/Campeonato_de_Primera_B_2018-19_(Argentina)
2018-11-10,14:00,Deportivo Morón,Ramón Santamarina,2,0,,,Primera Nacional,2018,zonas,,Fecha 10,Nuevo Francisco Urbano,false,https://es.wikipedia.org/wiki/Campeonato_de_Primera_B_Nacional_2018-19
2018-11-10,20:30,Colón,Estudiantes (LP),1,1,,,Primera Division,2018,zonas,,Fecha 12,Brigadier Estanislao López,false,https://es.wikipedia.org/wiki/Campeonato_de_Primera_División_2018-19_(Argentina)
2018-11-11,11:00,Huracán,Godoy Cruz,2,1,,,Primera Division,2018,zonas,,Fecha 12,Tomás A. Ducó,false,https://es.wikipedia.org/wiki/Campeonato_de_Primera_División_2018-19_(Argentina)
2018-11-11,11:00,Juventud Unida Universitario,Huracán Las Heras,1,1,,,Torneo Federal A,2018,zonas,Zona 3,Fecha 13,Mario Sebastián Diez,false,https://es.wikipedia.org/wiki/Torneo_Federal_A_2018-19
2018-11-11,12:00,Argentino de Quilmes,Sportivo Italiano,1,0,,,Primera C,2018,zonas,,Fecha 15,Argentino de Quilmes,false,https://es.wikipedia.org/wiki/Campeonato_de_Primera_C_2018-19_(Argentina)
2018-11-11,13:00,Ferro Carril Oeste (GP),Cipolletti,2,2,,,Torneo Federal A,2018,zonas,Zona 1,Fecha 13,El Coloso del Barrio Talleres,false,https://es.wikipedia.org/wiki/Torneo_Federal_A_2018-19
2018-11-11,13:15,Independiente,Belgrano,2,1,,,Primera Division,2018,zonas,,Fecha 12,Libertadores de América,false,https://es.wikipedia.org/wiki/Campeonato_de_Primera_División_2018-19_(Argentina)
2018-11-11,15:30,All Boys,Flandria,0,4,,,Primera B,2018,zonas,,Fecha 15,Islas Malvinas,false,https://es.wikipedia.org/wiki/Campeonato_de_Primera_B_2018-19_(Argentina)
2018-11-11,15:30,Almirante Brown,Deportivo Español,4,2,,,Primera B,2018,zonas,,Fecha 15,Fragata Presidente Sarmiento,false,https://es.wikipedia.org/wiki/Campeonato_de_Primera_B_2018-19_(Argentina)
2018-11-11,15:30,Deportivo Armenio,Cañuelas,1,1,,,Primera C,2018,zonas,,Fecha 15,Armenia,false,https://es.wikipedia.org/wiki/Campeonato_de_Primera_C_2018-19_(Argentina)
2018-11-11,15:30,General Lamadrid,Excursionistas,1,1,,,Primera C,2018,zonas,,Fecha 15,Enrique Sexto,false,https://es.wikipedia.org/wiki/Campeonato_de_Primera_C_2018-19_(Argentina)
2018-11-11,15:30,Gimnasia y Esgrima (LP),Racing Club,0,3,,,Primera Division,2018,zonas,,Fecha 12,Del Bosque,false,https://es.wikipedia.org/wiki/Campeonato_de_Primera_División_2018-19_(Argentina)
2018-11-11,15:30,J. J. de Urquiza,Tristán Suárez,2,0,,,Primera B,2018,zonas,,Fecha 15,Malvinas Argentinas,false,https://es.wikipedia.org/wiki/Campeonato_de_Primera_B_2018-19_(Argentina)
2018-11-11,15:30,Sacachispas,Deportivo Riestra,0,2,,,Primera B,2018,zonas,,Fecha 15,Beto Larrosa,false,https://es.wikipedia.org/wiki/Campeonato_de_Primera_B_2018-19_(Argentina)
2018-11-11,16:00,Deportivo Camioneros,Defensores de Belgrano (VR),2,0,,,Torneo Federal A,2018,zonas,Zona 2,Fecha 13,Hugo Moyano,false,https://es.wikipedia.org/wiki/Torneo_Federal_A_2018-19
2018-11-11,16:00,Guillermo Brown,Platense,0,0,,,Primera Nacional,2018,zonas,,Fecha 10,Cayetano Castro,false,https://es.wikipedia.org/wiki/Campeonato_de_Primera_B_Nacional_2018-19
2018-11-11,16:30,Sansinena,Sol de Mayo (V),0,1,,,Torneo Federal A,2018,zonas,Zona 1,Fecha 13,Luis Molina,false,https://es.wikipedia.org/wiki/Torneo_Federal_A_2018-19
2018-11-11,17:00,San Jorge (T),Chaco For Ever,2,2,,,Torneo Federal A,2018,zonas,Zona 4,Fecha 13,Ángel Pascual Sáez,false,https://es.wikipedia.org/wiki/Torneo_Federal_A_2018-19
2018-11-11,17:30,Juventud Antoniana,Boca Unidos,1,1,,,Torneo Federal A,2018,zonas,Zona 4,Fecha 13,Padre Ernesto Martearena,false,https://es.wikipedia.org/wiki/Torneo_Federal_A_2018-19
2018-11-11,17:45,Banfield,Lanús,0,0,,,Primera Division,2018,zonas,,Fecha 12,Florencio Sola,false,https://es.wikipedia.org/wiki/Campeonato_de_Primera_División_2018-19_(Argentina)
2018-11-11,18:30,Douglas Haig,Juventud Unida (G),0,1,,,Torneo Federal A,2018,zonas,Zona 2,Fecha 13,Miguel Morales,false,https://es.wikipedia.org/wiki/Torneo_Federal_A_2018-19
2018-11-11,18:50,Deportivo Maipú,Sportivo Belgrano,0,0,,,Torneo Federal A,2018,zonas,Zona 3,Fecha 13,Omar Higinio Sperdutti,false,https://es.wikipedia.org/wiki/Torneo_Federal_A_2018-19
2018-11-11,19:00,Sarmiento (R),Gimnasia y Tiro (S),3,0,,,Torneo Federal A,2018,zonas,Zona 4,Fecha 13,Centenario,false,https://es.wikipedia.org/wiki/Torneo_Federal_A_2018-19
2018-11-11,19:15,Racing Club,Desamparados,2,0,,,Torneo Federal A,2018,zonas,Zona 3,Fecha 13,Miguel Sancho,false,https://es.wikipedia.org/wiki/Torneo_Federal_A_2018-19
2018-11-11,19:30,Atlético Paraná,Unión (S),1,4,,,Torneo Federal A,2018,zonas,Zona 2,Fecha 13,Pedro Mutio,false,https://es.wikipedia.org/wiki/Torneo_Federal_A_2018-19
2018-11-11,19:30,Independiente Rivadavia,Gimnasia y Esgrima (J),3,1,,,Primera Nacional,2018,zonas,,Fecha 10,Bautista Gargantini,false,https://es.wikipedia.org/wiki/Campeonato_de_Primera_B_Nacional_2018-19
2018-11-11,20:00,Altos Hornos Zapla,San Martín (F),2,0,,,Torneo Federal A,2018,zonas,Zona 4,Fecha 13,Emilio Fabrizzi,false,https://es.wikipedia.org/wiki/Torneo_Federal_A_2018-19
2018-11-11,20:00,Deportivo Roca,Villa Mitre,2,0,,,Torneo Federal A,2018,zonas,Zona 1,Fecha 13,Luis Maiolino,false,https://es.wikipedia.org/wiki/Torneo_Federal_A_2018-19
2018-11-11,20:00,Gimnasia y Esgrima (CdU),Defensores de Pronunciamiento,4,2,,,Torneo Federal A,2018,zonas,Zona 2,Fecha 13,Manuel y Ramón Nuñez,false,https://es.wikipedia.org/wiki/Torneo_Federal_A_2018-19
2018-11-11,20:00,Mitre (SdE),Temperley,2,1,,,Primera Nacional,2018,zonas,,Fecha 10,Dres. José y Antonio Castiglione,false,https://es.wikipedia.org/wiki/Campeonato_de_Primera_B_Nacional_2018-19
2018-11-11,20:00,San Lorenzo de Alem,Sportivo Estudiantes (SL),1,0,,,Torneo Federal A,2018,zonas,Zona 3,Fecha 13,Malvinas Argentinas,false,https://es.wikipedia.org/wiki/Torneo_Federal_A_2018-19
2018-11-11,20:00,Vélez Sarsfield,San Lorenzo,0,0,,,Primera Division,2018,zonas,,Fecha 12,José Amalfitani,false,https://es.wikipedia.org/wiki/Campeonato_de_Primera_División_2018-19_(Argentina)
2018-11-12,15:30,Deportivo Laferrere,Ferrocarril Midland,2,0,,,Primera C,2018,zonas,,Fecha 15,Ciudad de Laferrere,false,https://es.wikipedia.org/wiki/Campeonato_de_Primera_C_2018-19_(Argentina)
2018-11-12,15:30,El Porvenir,Ituzaingó,1,1,,,Primera C,2018,zonas,,Fecha 15,Gildo Francisco Ghersinich,false,https://es.wikipedia.org/wiki/Campeonato_de_Primera_C_2018-19_(Argentina)
2018-11-12,15:30,Fénix,Acassuso,1,0,,,Primera B,2018,zonas,,Fecha 15,Nueva España,false,https://es.wikipedia.org/wiki/Campeonato_de_Primera_B_2018-19_(Argentina)
2018-11-12,15:30,San Telmo,UAI Urquiza,1,0,,,Primera B,2018,zonas,,Fecha 15,Dr. Osvaldo Baletto,false,https://es.wikipedia.org/wiki/Campeonato_de_Primera_B_2018-19_(Argentina)
2018-11-12,15:35,Barracas Central,Estudiantes (BA),2,1,,,Primera B,2018,zonas,,Fecha 15,Claudio Chiqui Tapia,false,https://es.wikipedia.org/wiki/Campeonato_de_Primera_B_2018-19_(Argentina)
2018-11-12,15:35,Nueva Chicago,Gimnasia y Esgrima (M),4,1,,,Primera Nacional,2018,zonas,,Fecha 10,Nueva Chicago,false,https://es.wikipedia.org/wiki/Campeonato_de_Primera_B_Nacional_2018-19
2018-11-12,16:00,Deportivo Madryn,Independiente (N),1,0,,,Torneo Federal A,2018,zonas,Zona 1,Fecha 13,El Coliseo del Golfo,false,https://es.wikipedia.org/wiki/Torneo_Federal_A_2018-19
2018-11-12,16:00,Deportivo Merlo,Central Córdoba (R),2,1,,,Primera C,2018,zonas,,Fecha 15,José Manuel Moreno,false,https://es.wikipedia.org/wiki/Campeonato_de_Primera_C_2018-19_(Argentina)
2018-11-12,17:00,Tigre,Argentinos Juniors,2,1,,,Primera Division,2018,zonas,,Fecha 12,Monumental de Victoria,false,https://es.wikipedia.org/wiki/Campeonato_de_Primera_División_2018-19_(Argentina)
2018-11-12,19:15,Newell's Old Boys,Defensa y Justicia,0,0,,,Primera Division,2018,zonas,,Fecha 12,Marcelo Bielsa,false,https://es.wikipedia.org/wiki/Campeonato_de_Primera_División_2018-19_(Argentina)
2018-11-12,20:00,Ferro Carril Oeste,Villa Dálmine,2,0,,,Primera Nacional,2018,zonas,,Fecha 10,Arquitecto Ricardo Echeverri,false,https://es.wikipedia.org/wiki/Campeonato_de_Primera_B_Nacional_2018-19
2018-11-12,20:00,Quilmes,Defensores de Belgrano,1,2,,,Primera Nacional,2018,zonas,,Fecha 10,Centenario,false,https://es.wikipedia.org/wiki/Campeonato_de_Primera_B_Nacional_2018-19
2018-11-12,21:05,Olimpo,Almagro,2,0,,,Primera Nacional,2018,zonas,,Fecha 10,Roberto N. Carminatti,false,https://es.wikipedia.org/wiki/Campeonato_de_Primera_B_Nacional_2018-19
2018-11-12,21:30,Patronato,San Martín (T),3,3,,,Primera Division,2018,zonas,,Fecha 12,Presbítero Bartolomé Grella,false,https://es.wikipedia.org/wiki/Campeonato_de_Primera_División_2018-19_(Argentina)
2018-11-13,20:00,Sarmiento (J),Arsenal,2,0,,,Primera Nacional,2018,zonas,,Fecha 10,Eva Perón,false,https://es.wikipedia.org/wiki/Campeonato_de_Primera_B_Nacional_2018-19
2018-11-17,17:00,Berazategui,Luján,0,0,,,Primera C,2018,zonas,,Fecha 16,Norman Lee,false,https://es.wikipedia.org/wiki/Campeonato_de_Primera_C_2018-19_(Argentina)
2018-11-17,17:00,Central Córdoba (R),Sportivo Barracas,0,0,,,Primera C,2018,zonas,,Fecha 16,Gabino Sosa,false,https://es.wikipedia.org/wiki/Campeonato_de_Primera_C_2018-19_(Argentina)
2018-11-17,17:00,Deportivo Riestra,Almirante Brown,1,1,,,Primera B,2018,zonas,,Fecha 16,Guillermo Laza,false,https://es.wikipedia.org/wiki/Campeonato_de_Primera_B_2018-19_(Argentina)
2018-11-17,17:00,Excursionistas,Dock Sud,1,1,,,Primera C,2018,zonas,,Fecha 16,Excursionistas,false,https://es.wikipedia.org/wiki/Campeonato_de_Primera_C_2018-19_(Argentina)
2018-11-17,17:00,Ferro Carril Oeste,Central Córdoba (SdE),1,3,,,Primera Nacional,2018,zonas,,Fecha 6,Arquitecto Ricardo Echeverri,false,https://es.wikipedia.org/wiki/Campeonato_de_Primera_B_Nacional_2018-19
2018-11-17,17:00,Ferrocarril Midland,San Martín (B),2,0,,,Primera C,2018,zonas,,Fecha 16,Ciudad de Libertad,false,https://es.wikipedia.org/wiki/Campeonato_de_Primera_C_2018-19_(Argentina)
2018-11-17,17:00,Flandria,Fénix,2,1,,,Primera B,2018,zonas,,Fecha 16,Carlos V,false,https://es.wikipedia.org/wiki/Campeonato_de_Primera_B_2018-19_(Argentina)
2018-11-17,17:00,Leandro N. Alem,Argentino de Quilmes,1,0,,,Primera C,2018,zonas,,Fecha 16,Leandro N. Alem,false,https://es.wikipedia.org/wiki/Campeonato_de_Primera_C_2018-19_(Argentina)
2018-11-17,17:00,Sportivo Italiano,Deportivo Armenio,1,1,,,Primera C,2018,zonas,,Fecha 16,República de Italia,false,https://es.wikipedia.org/wiki/Campeonato_de_Primera_C_2018-19_(Argentina)
2018-11-17,17:00,Talleres (RdE),Comunicaciones,0,0,,,Primera B,2018,zonas,,Fecha 16,Talleres (RdE),false,https://es.wikipedia.org/wiki/Campeonato_de_Primera_B_2018-19_(Argentina)
2018-11-17,17:00,Tristán Suárez,Colegiales,1,1,,,Primera B,2018,zonas,,Fecha 16,20 de Octubre,false,https://es.wikipedia.org/wiki/Campeonato_de_Primera_B_2018-19_(Argentina)
2018-11-17,17:00,UAI Urquiza,All Boys,0,1,,,Primera B,2018,zonas,,Fecha 16,Monumental de Villa Lynch,false,https://es.wikipedia.org/wiki/Campeonato_de_Primera_B_2018-19_(Argentina)
2018-11-17,17:10,Boca Juniors,Patronato,1,0,,,Primera Division,2018,zonas,,Fecha 13,La Bombonera,false,https://es.wikipedia.org/wiki/Campeonato_de_Primera_División_2018-19_(Argentina)
2018-11-17,19:00,Sportivo Belgrano,Juventud Unida Universitario,2,1,,,Torneo Federal A,2018,zonas,Zona 3,Fecha 14,Oscar Carlos Boero,false,https://es.wikipedia.org/wiki/Torneo_Federal_A_2018-19
2018-11-17,19:30,Atlanta,J. J. de Urquiza,3,1,,,Primera B,2018,zonas,,Fecha 16,Don León Kolbowsky,false,https://es.wikipedia.org/wiki/Campeonato_de_Primera_B_2018-19_(Argentina)
2018-11-18,17:00,Crucero del Norte,San Jorge (T),1,0,,,Torneo Federal A,2018,zonas,Zona 4,Fecha 14,Comandante Andrés Guacurarí,false,https://es.wikipedia.org/wiki/Torneo_Federal_A_2018-19
2018-11-18,17:00,Guillermo Brown,Villa Dálmine,2,2,,,Primera Nacional,2018,zonas,,Fecha 12,Cayetano Castro,false,https://es.wikipedia.org/wiki/Campeonato_de_Primera_B_Nacional_2018-19
2018-11-18,17:00,Huracán Las Heras,Racing Club,1,0,,,Torneo Federal A,2018,zonas,Zona 3,Fecha 14,General San Martín,false,https://es.wikipedia.org/wiki/Torneo_Federal_A_2018-19
2018-11-18,17:00,Independiente (N),Sansinena,1,2,,,Torneo Federal A,2018,zonas,Zona 1,Fecha 14,La Nueva Caldera,false,https://es.wikipedia.org/wiki/Torneo_Federal_A_2018-19
2018-11-18,17:00,Ituzaingó,Deportivo Merlo,0,0,,,Primera C,2018,zonas,,Fecha 16,Ituzaingó,false,https://es.wikipedia.org/wiki/Campeonato_de_Primera_C_2018-19_(Argentina)
2018-11-18,17:00,Sportivo Las Parejas,Deportivo Camioneros,1,1,,,Torneo Federal A,2018,zonas,Zona 2,Fecha 14,4 de Septiembre,false,https://es.wikipedia.org/wiki/Torneo_Federal_A_2018-19
2018-11-18,17:00,Victoriano Arenas,General Lamadrid,2,3,,,Primera C,2018,zonas,,Fecha 16,Saturnino Moure,false,https://es.wikipedia.org/wiki/Campeonato_de_Primera_C_2018-19_(Argentina)
2018-11-18,17:00,Villa Mitre,Ferro Carril Oeste (GP),2,0,,,Torneo Federal A,2018,zonas,Zona 1,Fecha 14,El Fortín,false,https://es.wikipedia.org/wiki/Torneo_Federal_A_2018-19
2018-11-18,17:30,Defensores de Pronunciamiento,Atlético Paraná,0,0,,,Torneo Federal A,2018,zonas,Zona 2,Fecha 14,Delio Cardozo,false,https://es.wikipedia.org/wiki/Torneo_Federal_A_2018-19
2018-11-18,17:30,Gimnasia y Tiro (S),Altos Hornos Zapla,1,0,,,Torneo Federal A,2018,zonas,Zona 4,Fecha 14,El Gigante del Norte,false,https://es.wikipedia.org/wiki/Torneo_Federal_A_2018-19
2018-11-18,18:00,Cipolletti,Deportivo Madryn,5,3,,,Torneo Federal A,2018,zonas,Zona 1,Fecha 14,La Visera de Cemento,false,https://es.wikipedia.org/wiki/Torneo_Federal_A_2018-19
2018-11-18,18:00,Sportivo Estudiantes (SL),Deportivo Maipú,0,2,,,Torneo Federal A,2018,zonas,Zona 3,Fecha 14,Héctor Odicino y Pedro Benoza,false,https://es.wikipedia.org/wiki/Torneo_Federal_A_2018-19
2018-11-18,19:00,Acassuso,Sacachispas,0,0,,,Primera B,2018,zonas,,Fecha 16,República de Italia,false,https://es.wikipedia.org/wiki/Campeonato_de_Primera_B_2018-19_(Argentina)
2018-11-18,19:00,Alvarado,Deportivo Roca,0,0,,,Torneo Federal A,2018,zonas,Zona 1,Fecha 14,José María Minella,false,https://es.wikipedia.org/wiki/Torneo_Federal_A_2018-19
2018-11-18,19:00,Boca Unidos,Sarmiento (R),1,0,,,Torneo Federal A,2018,zonas,Zona 4,Fecha 14,Leoncio Benítez,false,https://es.wikipedia.org/wiki/Torneo_Federal_A_2018-19
2018-11-18,19:00,Defensores de Belgrano (VR),Gimnasia y Esgrima (CdU),3,0,,,Torneo Federal A,2018,zonas,Zona 2,Fecha 14,Salomón Boeseldín,false,https://es.wikipedia.org/wiki/Torneo_Federal_A_2018-19
2018-11-18,19:05,Chaco For Ever,Juventud Antoniana,4,2,,,Torneo Federal A,2018,zonas,Zona 4,Fecha 14,Juan Alberto García,false,https://es.wikipedia.org/wiki/Torneo_Federal_A_2018-19
2018-11-18,20:00,Estudiantes (RC),San Lorenzo de Alem,2,2,,,Torneo Federal A,2018,zonas,Zona 3,Fecha 14,Ciudad de Río Cuarto,false,https://es.wikipedia.org/wiki/Torneo_Federal_A_2018-19
2018-11-19,17:00,Barracas Central,San Miguel,1,0,,,Primera B,2018,zonas,,Fecha 16,Claudio Chiqui Tapia,false,https://es.wikipedia.org/wiki/Campeonato_de_Primera_B_2018-19_(Argentina)
2018-11-19,17:00,Cañuelas,Deportivo Laferrere,1,1,,,Primera C,2018,zonas,,Fecha 16,José Alfredo Arín,false,https://es.wikipedia.org/wiki/Campeonato_de_Primera_C_2018-19_(Argentina)
2018-11-19,17:00,Deportivo Español,Defensores Unidos,2,2,,,Primera B,2018,zonas,,Fecha 16,Nueva España,false,https://es.wikipedia.org/wiki/Campeonato_de_Primera_B_2018-19_(Argentina)
2018-11-19,17:00,Nueva Chicago,Agropecuario,1,0,,,Primera Nacional,2018,zonas,,Fecha 12,Nueva Chicago,false,https://es.wikipedia.org/wiki/Campeonato_de_Primera_B_Nacional_2018-19
2018-11-19,21:05,Estudiantes (BA),San Telmo,2,1,,,Primera B,2018,zonas,,Fecha 16,Ciudad de Caseros,false,https://es.wikipedia.org/wiki/Campeonato_de_Primera_B_2018-19_(Argentina)
2018-11-20,17:00,El Porvenir,Villa San Carlos,0,4,,,Primera C,2018,zonas,,Fecha 16,Gildo Francisco Ghersinich,false,https://es.wikipedia.org/wiki/Campeonato_de_Primera_C_2018-19_(Argentina)
2018-11-20,21:00,Unión (S),Douglas Haig,1,1,,,Torneo Federal A,2018,zonas,Zona 2,Fecha 14,Fortaleza del Bicho,false,https://es.wikipedia.org/wiki/Torneo_Federal_A_2018-19
2018-11-21,17:00,All Boys,Atlanta,2,3,,,Primera B,2018,zonas,,Fecha 11,Islas Malvinas,false,https://es.wikipedia.org/wiki/Campeonato_de_Primera_B_2018-19_(Argentina)
2018-11-21,17:00,Fénix,Tristán Suárez,0,1,,,Primera B,2018,zonas,,Fecha 11,Nueva España,false,https://es.wikipedia.org/wiki/Campeonato_de_Primera_B_2018-19_(Argentina)
2018-11-21,17:10,Gimnasia y Esgrima (LP),San Martín (SJ),0,2,,,Primera Division,2018,zonas,,Fecha 13,Del Bosque,false,https://es.wikipedia.org/wiki/Campeonato_de_Primera_División_2018-19_(Argentina)
2018-11-22,17:00,Deportivo Laferrere,Sportivo Italiano,1,1,,,Primera C,2018,zonas,,Fecha 17,Ciudad de Laferrere,false,https://es.wikipedia.org/wiki/Campeonato_de_Primera_C_2018-19_(Argentina)
2018-11-22,17:00,Dock Sud,Victoriano Arenas,0,2,,,Primera C,2018,zonas,,Fecha 17,De los Inmigrantes,false,https://es.wikipedia.org/wiki/Campeonato_de_Primera_C_2018-19_(Argentina)
2018-11-22,17:00,General Lamadrid,Berazategui,1,2,,,Primera C,2018,zonas,,Fecha 17,Enrique Sexto,false,https://es.wikipedia.org/wiki/Campeonato_de_Primera_C_2018-19_(Argentina)
2018-11-23,17:00,Argentino de Quilmes,Excursionistas,1,1,,,Primera C,2018,zonas,,Fecha 17,Argentino de Quilmes,false,https://es.wikipedia.org/wiki/Campeonato_de_Primera_C_2018-19_(Argentina)
2018-11-23,17:00,Defensores Unidos,Deportivo Riestra,0,1,,,Primera B,2018,zonas,,Fecha 17,Gigante de Villa Fox,false,https://es.wikipedia.org/wiki/Campeonato_de_Primera_B_2018-19_(Argentina)
2018-11-23,17:00,Deportivo Madryn,Villa Mitre,1,0,,,Torneo Federal A,2018,zonas,Zona 1,Fecha 15,El Coliseo del Golfo,false,https://es.wikipedia.org/wiki/Torneo_Federal_A_2018-19
2018-11-23,17:00,J. J. de Urquiza,Deportivo Español,2,0,,,Primera B,2018,zonas,,Fecha 17,Malvinas Argentinas,false,https://es.wikipedia.org/wiki/Campeonato_de_Primera_B_2018-19_(Argentina)
2018-11-23,17:00,Luján,Central Córdoba (R),0,0,,,Primera C,2018,zonas,,Fecha 17,Municipal de la Ciudad de Luján,false,https://es.wikipedia.org/wiki/Campeonato_de_Primera_C_2018-19_(Argentina)
2018-11-23,17:00,Sacachispas,Flandria,1,1,,,Primera B,2018,zonas,,Fecha 17,Beto Larrosa,false,https://es.wikipedia.org/wiki/Campeonato_de_Primera_B_2018-19_(Argentina)
2018-11-23,17:00,San Martín (B),Cañuelas,1,0,,,Primera C,2018,zonas,,Fecha 17,Francisco Boga,false,https://es.wikipedia.org/wiki/Campeonato_de_Primera_C_2018-19_(Argentina)
2018-11-23,17:00,San Martín (F),Gimnasia y Tiro (S),1,1,,,Torneo Federal A,2018,zonas,Zona 4,Fecha 15,17 de Octubre,false,https://es.wikipedia.org/wiki/Torneo_Federal_A_2018-19
2018-11-23,17:00,San Telmo,Barracas Central,0,1,,,Primera B,2018,zonas,,Fecha 17,Dr. Osvaldo Baletto,false,https://es.wikipedia.org/wiki/Campeonato_de_Primera_B_2018-19_(Argentina)
2018-11-23,17:00,Sansinena,Cipolletti,2,2,,,Torneo Federal A,2018,zonas,Zona 1,Fecha 15,Luis Molina,false,https://es.wikipedia.org/wiki/Torneo_Federal_A_2018-19
2018-11-23,17:00,Sportivo Barracas,Ituzaingó,0,1,,,Primera C,2018,zonas,,Fecha 17,República de Italia,false,https://es.wikipedia.org/wiki/Campeonato_de_Primera_C_2018-19_(Argentina)
2018-11-23,19:00,Belgrano,Atlético Tucumán,1,3,,,Primera Division,2018,zonas,,Fecha 13,Gigante de Alberdi,false,https://es.wikipedia.org/wiki/Campeonato_de_Primera_División_2018-19_(Argentina)
2018-11-23,20:30,Atlético Paraná,Defensores de Belgrano (VR),3,1,,,Torneo Federal A,2018,zonas,Zona 2,Fecha 15,Pedro Mutio,false,https://es.wikipedia.org/wiki/Torneo_Federal_A_2018-19
2018-11-23,21:00,Ferro Carril Oeste (GP),Alvarado,1,2,,,Torneo Federal A,2018,zonas,Zona 1,Fecha 15,El Coloso del Barrio Talleres,false,https://es.wikipedia.org/wiki/Torneo_Federal_A_2018-19
2018-11-23,21:00,Sarmiento (R),Chaco For Ever,1,1,,,Torneo Federal A,2018,zonas,Zona 4,Fecha 15,Centenario,false,https://es.wikipedia.org/wiki/Torneo_Federal_A_2018-19
2018-11-23,21:15,Argentinos Juniors,Talleres (C),0,2,,,Primera Division,2018,zonas,,Fecha 13,Diego Armando Maradona,false,https://es.wikipedia.org/wiki/Campeonato_de_Primera_División_2018-19_(Argentina)
2018-11-23,21:15,Gimnasia y Esgrima (CdU),Sportivo Las Parejas,0,0,,,Torneo Federal A,2018,zonas,Zona 2,Fecha 15,Manuel y Ramón Núñez,false,https://es.wikipedia.org/wiki/Torneo_Federal_A_2018-19
2018-11-23,21:15,Rosario Central,Estudiantes (LP),2,1,,,Primera Division,2018,zonas,,Fecha 13,Gigante de Arroyito,false,https://es.wikipedia.org/wiki/Campeonato_de_Primera_División_2018-19_(Argentina)
2018-11-23,21:30,Deportivo Maipú,Estudiantes (RC),0,0,,,Torneo Federal A,2018,zonas,Zona 3,Fecha 15,Omar Higinio Sperdutti,false,https://es.wikipedia.org/wiki/Torneo_Federal_A_2018-19
2018-11-23,21:30,Desamparados,Huracán Las Heras,1,0,,,Torneo Federal A,2018,zonas,Zona 3,Fecha 15,El Serpentario,false,https://es.wikipedia.org/wiki/Torneo_Federal_A_2018-19
2018-11-23,21:30,Juventud Unida Universitario,Sportivo Estudiantes (SL),0,3,,,Torneo Federal A,2018,zonas,Zona 3,Fecha 15,Mario Sebastián Diez,false,https://es.wikipedia.org/wiki/Torneo_Federal_A_2018-19
2018-11-23,21:30,Racing Club,Sportivo Belgrano,0,0,,,Torneo Federal A,2018,zonas,Zona 3,Fecha 15,Miguel Sancho,false,https://es.wikipedia.org/wiki/Torneo_Federal_A_2018-19
2018-11-23,22:00,Altos Hornos Zapla,Boca Unidos,1,2,,,Torneo Federal A,2018,zonas,Zona 4,Fecha 15,Emilio Fabrizzi,false,https://es.wikipedia.org/wiki/Torneo_Federal_A_2018-19
2018-11-23,22:00,Central Córdoba (SdE),Los Andes,1,0,,,Primera Nacional,2018,zonas,,Fecha 11,Alfredo Terrera,false,https://es.wikipedia.org/wiki/Campeonato_de_Primera_B_Nacional_2018-19
2018-11-23,22:00,Juventud Antoniana,Crucero del Norte,1,1,,,Torneo Federal A,2018,zonas,Zona 4,Fecha 15,Padre Ernesto Martearena,false,https://es.wikipedia.org/wiki/Torneo_Federal_A_2018-19
2018-11-24,09:30,Sol de Mayo (V),Independiente (N),1,0,,,Torneo Federal A,2018,zonas,Zona 1,Fecha 15,Sol de Mayo,false,https://es.wikipedia.org/wiki/Torneo_Federal_A_2018-19
2018-11-24,17:00,Villa San Carlos,Ferrocarril Midland,0,1,,,Primera C,2018,zonas,,Fecha 17,Genacio Sálice,false,https://es.wikipedia.org/wiki/Campeonato_de_Primera_C_2018-19_(Argentina)
2018-11-24,21:00,Arsenal,Brown de Adrogué,2,1,,,Primera Nacional,2018,zonas,,Fecha 11,El Viaducto,false,https://es.wikipedia.org/wiki/Campeonato_de_Primera_B_Nacional_2018-19
2018-11-24,21:30,Douglas Haig,Defensores de Pronunciamiento,0,1,,,Torneo Federal A,2018,zonas,Zona 2,Fecha 15,Miguel Morales,false,https://es.wikipedia.org/wiki/Torneo_Federal_A_2018-19
2018-11-24,21:45,Juventud Unida (G),Unión (S),1,0,,,Torneo Federal A,2018,zonas,Zona 2,Fecha 15,De los Eucaliptos,false,https://es.wikipedia.org/wiki/Torneo_Federal_A_2018-19
2018-11-25,17:00,All Boys,Estudiantes (BA),0,2,,,Primera B,2018,zonas,,Fecha 17,Lorenzo Arandilla,false,https://es.wikipedia.org/wiki/Campeonato_de_Primera_B_2018-19_(Argentina)
2018-11-25,17:00,Almagro,Atlético de Rafaela,1,0,,,Primera Nacional,2018,zonas,,Fecha 11,Tres de Febrero,false,https://es.wikipedia.org/wiki/Campeonato_de_Primera_B_Nacional_2018-19
2018-11-25,17:00,Almirante Brown,Acassuso,0,3,,,Primera B,2018,zonas,,Fecha 17,Fragata Presidente Sarmiento,false,https://es.wikipedia.org/wiki/Campeonato_de_Primera_B_2018-19_(Argentina)
2018-11-25,17:00,Comunicaciones,Tristán Suárez,1,1,,,Primera B,2018,zonas,,Fecha 17,Alfredo Ramos,false,https://es.wikipedia.org/wiki/Campeonato_de_Primera_B_2018-19_(Argentina)
2018-11-25,17:00,Deportivo Armenio,Leandro N. Alem,2,1,,,Primera C,2018,zonas,,Fecha 17,Armenia,false,https://es.wikipedia.org/wiki/Campeonato_de_Primera_C_2018-19_(Argentina)
2018-11-25,17:00,Deportivo Merlo,El Porvenir,1,1,,,Primera C,2018,zonas,,Fecha 17,José Manuel Moreno,false,https://es.wikipedia.org/wiki/Campeonato_de_Primera_C_2018-19_(Argentina)
2018-11-25,17:00,Gimnasia y Esgrima (J),Quilmes,0,0,,,Primera Nacional,2018,zonas,,Fecha 11,23 de agosto,false,https://es.wikipedia.org/wiki/Campeonato_de_Primera_B_Nacional_2018-19
2018-11-25,17:00,Platense,Olimpo,2,1,,,Primera Nacional,2018,zonas,,Fecha 11,Ciudad de Vicente López,false,https://es.wikipedia.org/wiki/Campeonato_de_Primera_B_Nacional_2018-19
2018-11-25,17:00,San Miguel,Talleres (RdE),2,2,,,Primera B,2018,zonas,,Fecha 17,Malvinas Argentinas,false,https://es.wikipedia.org/wiki/Campeonato_de_Primera_B_2018-19_(Argentina)
2018-11-25,17:10,San Lorenzo,Huracán,0,0,,,Primera Division,2018,zonas,,Fecha 13,Nuevo Gasómetro,false,https://es.wikipedia.org/wiki/Campeonato_de_Primera_División_2018-19_(Argentina)
2018-11-25,17:10,Unión,Vélez Sarsfield,0,2,,,Primera Division,2018,zonas,,Fecha 13,15 de abril,false,https://es.wikipedia.org/wiki/Campeonato_de_Primera_División_2018-19_(Argentina)
2018-11-25,17:30,Gimnasia y Esgrima (M),Guillermo Brown,2,1,,,Primera Nacional,2018,zonas,,Fecha 11,Víctor Antonio Legrotaglie,false,https://es.wikipedia.org/wiki/Campeonato_de_Primera_B_Nacional_2018-19
2018-11-25,19:00,Instituto,Deportivo Morón,0,2,,,Primera Nacional,2018,zonas,,Fecha 11,Juan Domingo Perón,false,https://es.wikipedia.org/wiki/Campeonato_de_Primera_B_Nacional_2018-19
2018-11-25,19:05,Villa Dálmine,Nueva Chicago,3,1,,,Primera Nacional,2018,zonas,,Fecha 11,El Coliseo de Mitre y Puccini,false,https://es.wikipedia.org/wiki/Campeonato_de_Primera_B_Nacional_2018-19
2018-11-25,19:20,Aldosivi,Newell's Old Boys,1,0,,,Primera Division,2018,zonas,,Fecha 13,José María Minella,false,https://es.wikipedia.org/wiki/Campeonato_de_Primera_División_2018-19_(Argentina)
2018-11-25,19:20,San Martín (T),Colón,0,0,,,Primera Division,2018,zonas,,Fecha 13,La Ciudadela,false,https://es.wikipedia.org/wiki/Campeonato_de_Primera_División_2018-19_(Argentina)
2018-11-25,20:00,Agropecuario,Ferro Carril Oeste,2,1,,,Primera Nacional,2018,zonas,,Fecha 11,Ofelia Rosenzuaig,false,https://es.wikipedia.org/wiki/Campeonato_de_Primera_B_Nacional_2018-19
2018-11-25,21:30,Racing Club,Banfield,0,0,,,Primera Division,2018,zonas,,Fecha 13,El Cilindro,false,https://es.wikipedia.org/wiki/Campeonato_de_Primera_División_2018-19_(Argentina)
2018-11-26,17:00,Fénix,UAI Urquiza,0,0,,,Primera B,2018,zonas,,Fecha 17,Nueva España,false,https://es.wikipedia.org/wiki/Campeonato_de_Primera_B_2018-19_(Argentina)
2018-11-26,19:00,Defensa y Justicia,Tigre,2,1,,,Primera Division,2018,zonas,,Fecha 13,Norberto Tomaghello,false,https://es.wikipedia.org/wiki/Campeonato_de_Primera_División_2018-19_(Argentina)
2018-11-26,20:30,Ramón Santamarina,Independiente Rivadavia,0,0,,,Primera Nacional,2018,zonas,,Fecha 11,Municipal General San Martin,false,https://es.wikipedia.org/wiki/Campeonato_de_Primera_B_Nacional_2018-19
2018-11-26,21:05,Defensores de Belgrano,Sarmiento (J),0,0,,,Primera Nacional,2018,zonas,,Fecha 11,Juan Pasquale,false,https://es.wikipedia.org/wiki/Campeonato_de_Primera_B_Nacional_2018-19
2018-11-26,21:15,Lanús,Independiente,1,0,,,Primera Division,2018,zonas,,Fecha 13,Ciudad de Lanús,false,https://es.wikipedia.org/wiki/Campeonato_de_Primera_División_2018-19_(Argentina)
2018-11-27,17:00,Colegiales,Atlanta,0,0,,,Primera B,2018,zonas,,Fecha 17,Colegiales,false,https://es.wikipedia.org/wiki/Campeonato_de_Primera_B_2018-19_(Argentina)
2018-11-27,17:00,San Jorge (T),Juventud Antoniana,1,1,,,Torneo Federal A,2018,zonas,Zona 4,Fecha 16,Ángel Pascual Sáez,false,https://es.wikipedia.org/wiki/Torneo_Federal_A_2018-19
2018-11-27,21:00,Rosario Central,San Martín (SJ),1,0,,,Primera Division,2018,zonas,,Fecha 7,Gigante de Arroyito,false,https://es.wikipedia.org/wiki/Campeonato_de_Primera_División_2018-19_(Argentina)
2018-11-27,21:05,Temperley,Chacarita Juniors,0,0,,,Primera Nacional,2018,zonas,,Fecha 11,Alfredo Beranger,false,https://es.wikipedia.org/wiki/Campeonato_de_Primera_B_Nacional_2018-19
2018-11-28,17:00,Deportivo Camioneros,Gimnasia y Esgrima (CdU),1,1,,,Torneo Federal A,2018,zonas,Zona 2,Fecha 16,Hugo Moyano,false,https://es.wikipedia.org/wiki/Torneo_Federal_A_2018-19
2018-11-28,20:30,Defensores de Belgrano (VR),Douglas Haig,2,0,,,Torneo Federal A,2018,zonas,Zona 2,Fecha 16,Salomón Boeseldín,false,https://es.wikipedia.org/wiki/Torneo_Federal_A_2018-19
2018-11-28,20:30,Defensores de Pronunciamiento,Juventud Unida (G),0,0,,,Torneo Federal A,2018,zonas,Zona 2,Fecha 16,Delio Cardozo,false,https://es.wikipedia.org/wiki/Torneo_Federal_A_2018-19
2018-11-28,20:30,Villa Mitre,Sansinena,0,0,,,Torneo Federal A,2018,zonas,Zona 1,Fecha 16,El Fortín,false,https://es.wikipedia.org/wiki/Torneo_Federal_A_2018-19
2018-11-28,21:00,Boca Unidos,San Martín (F),3,0,,,Torneo Federal A,2018,zonas,Zona 4,Fecha 16,Leoncio Benítez,false,https://es.wikipedia.org/wiki/Torneo_Federal_A_2018-19
2018-11-28,21:00,San Lorenzo de Alem,Deportivo Maipú,3,2,,,Torneo Federal A,2018,zonas,Zona 3,Fecha 16,Malvinas Argentinas,false,https://es.wikipedia.org/wiki/Torneo_Federal_A_2018-19
2018-11-28,21:00,Sportivo Belgrano,Desamparados,0,0,,,Torneo Federal A,2018,zonas,Zona 3,Fecha 16,Oscar Carlos Boero,false,https://es.wikipedia.org/wiki/Torneo_Federal_A_2018-19
2018-11-28,21:00,Sportivo Las Parejas,Atlético Paraná,0,1,,,Torneo Federal A,2018,zonas,Zona 2,Fecha 16,4 de Septiembre,false,https://es.wikipedia.org/wiki/Torneo_Federal_A_2018-19
2018-11-28,21:30,Chaco For Ever,Altos Hornos Zapla,3,0,,,Torneo Federal A,2018,zonas,Zona 4,Fecha 16,Juan Alberto García,false,https://es.wikipedia.org/wiki/Torneo_Federal_A_2018-19
2018-11-28,21:30,Cipolletti,Sol de Mayo (V),3,0,,,Torneo Federal A,2018,zonas,Zona 1,Fecha 16,La Visera de Cemento,false,https://es.wikipedia.org/wiki/Torneo_Federal_A_2018-19
2018-11-28,21:30,Crucero del Norte,Sarmiento (R),1,2,,,Torneo Federal A,2018,zonas,Zona 4,Fecha 16,Comandante Andrés Guacurarí,false,https://es.wikipedia.org/wiki/Torneo_Federal_A_2018-19
2018-11-28,21:30,Deportivo Roca,Ferro Carril Oeste (GP),1,0,,,Torneo Federal A,2018,zonas,Zona 1,Fecha 16,Luis Maiolino,false,https://es.wikipedia.org/wiki/Torneo_Federal_A_2018-19
2018-11-28,21:30,Estudiantes (RC),Juventud Unida Universitario,3,0,,,Torneo Federal A,2018,zonas,Zona 3,Fecha 16,Ciudad de Río Cuarto,false,https://es.wikipedia.org/wiki/Torneo_Federal_A_2018-19
2018-11-28,21:30,Sportivo Estudiantes (SL),Racing Club,2,0,,,Torneo Federal A,2018,zonas,Zona 3,Fecha 16,Héctor Odicino y Pedro Benoza,false,https://es.wikipedia.org/wiki/Torneo_Federal_A_2018-19
2018-11-29,20:30,Alvarado,Deportivo Madryn,3,0,,,Torneo Federal A,2018,zonas,Zona 1,Fecha 16,José María Minella,false,https://es.wikipedia.org/wiki/Torneo_Federal_A_2018-19
2018-11-30,17:00,Ituzaingó,Luján,1,2,,,Primera C,2018,zonas,,Fecha 18,Ituzaingó,false,https://es.wikipedia.org/wiki/Campeonato_de_Primera_C_2018-19_(Argentina)
2018-11-30,19:00,Colón,Belgrano,1,1,,,Primera Division,2018,zonas,,Fecha 14,Brigadier Estanislao López,false,https://es.wikipedia.org/wiki/Campeonato_de_Primera_División_2018-19_(Argentina)
2018-11-30,20:00,Los Andes,Almagro,0,1,,,Primera Nacional,2018,zonas,,Fecha 12,Eduardo Gallardón,false,https://es.wikipedia.org/wiki/Campeonato_de_Primera_B_Nacional_2018-19
2018-11-30,21:15,Newell's Old Boys,Patronato,1,0,,,Primera Division,2018,zonas,,Fecha 14,Marcelo Bielsa,false,https://es.wikipedia.org/wiki/Campeonato_de_Primera_División_2018-19_(Argentina)
2018-12-01,17:00,Central Córdoba (R),General Lamadrid,0,0,,,Primera C,2018,zonas,,Fecha 18,Gabino Sosa,false,https://es.wikipedia.org/wiki/Campeonato_de_Primera_C_2018-19_(Argentina)
2018-12-01,17:00,Deportivo Merlo,Villa San Carlos,0,0,,,Primera C,2018,zonas,,Fecha 18,José Manuel Moreno,false,https://es.wikipedia.org/wiki/Campeonato_de_Primera_C_2018-19_(Argentina)
2018-12-01,17:00,Sportivo Italiano,San Martín (B),0,0,,,Primera C,2018,zonas,,Fecha 18,República de Italia,false,https://es.wikipedia.org/wiki/Campeonato_de_Primera_C_2018-19_(Argentina)
2018-12-01,17:00,UAI Urquiza,Sacachispas,0,0,,,Primera B,2018,zonas,,Fecha 18,Monumental de Villa Lynch,false,https://es.wikipedia.org/wiki/Campeonato_de_Primera_B_2018-19_(Argentina)
2018-12-01,17:05,Sarmiento (J),Gimnasia y Esgrima (J),1,1,,,Primera Nacional,2018,zonas,,Fecha 12,Eva Perón,false,https://es.wikipedia.org/wiki/Campeonato_de_Primera_B_Nacional_2018-19
2018-12-01,17:10,Estudiantes (LP),Lanús,1,1,,,Primera Division,2018,zonas,,Fecha 14,Centenario,false,https://es.wikipedia.org/wiki/Campeonato_de_Primera_División_2018-19_(Argentina)
2018-12-01,19:10,Independiente Rivadavia,Instituto,2,0,,,Primera Nacional,2018,zonas,,Fecha 12,Bautista Gargantini,false,https://es.wikipedia.org/wiki/Campeonato_de_Primera_B_Nacional_2018-19
2018-12-01,19:20,Atlético Tucumán,San Martín (T),2,3,,,Primera Division,2018,zonas,,Fecha 14,Monumental José Fierro,false,https://es.wikipedia.org/wiki/Campeonato_de_Primera_División_2018-19_(Argentina)
2018-12-01,21:30,Banfield,Argentinos Juniors,0,1,,,Primera Division,2018,zonas,,Fecha 14,Florencio Sola,false,https://es.wikipedia.org/wiki/Campeonato_de_Primera_División_2018-19_(Argentina)
2018-12-02,17:00,Acassuso,Defensores Unidos,1,0,,,Primera B,2018,zonas,,Fecha 18,República de Italia,false,https://es.wikipedia.org/wiki/Campeonato_de_Primera_B_2018-19_(Argentina)
2018-12-02,17:00,Brown de Adrogué,Defensores de Belgrano,1,1,,,Primera Nacional,2018,zonas,,Fecha 12,Lorenzo Arandilla,false,https://es.wikipedia.org/wiki/Campeonato_de_Primera_B_Nacional_2018-19
2018-12-02,17:00,Deportivo Morón,Temperley,1,3,,,Primera Nacional,2018,zonas,,Fecha 12,Nuevo Francisco Urbano,false,https://es.wikipedia.org/wiki/Campeonato_de_Primera_B_Nacional_2018-19
2018-12-02,17:00,Estudiantes (BA),Fénix,3,3,,,Primera B,2018,zonas,,Fecha 18,Ciudad de Caseros,false,https://es.wikipedia.org/wiki/Campeonato_de_Primera_B_2018-19_(Argentina)
2018-12-02,17:00,Flandria,Almirante Brown,3,0,,,Primera B,2018,zonas,,Fecha 18,Carlos V,false,https://es.wikipedia.org/wiki/Campeonato_de_Primera_B_2018-19_(Argentina)
2018-12-02,17:00,Huracán Las Heras,Sportivo Belgrano,3,1,,,Torneo Federal A,2018,zonas,Zona 3,Fecha 17,General San Martín,false,https://es.wikipedia.org/wiki/Torneo_Federal_A_2018-19
2018-12-02,17:00,Independiente (N),Cipolletti,0,1,,,Torneo Federal A,2018,zonas,Zona 1,Fecha 17,La Nueva Caldera,false,https://es.wikipedia.org/wiki/Torneo_Federal_A_2018-19
2018-12-02,17:00,Quilmes,Ramón Santamarina,0,0,,,Primera Nacional,2018,zonas,,Fecha 12,Centenario,false,https://es.wikipedia.org/wiki/Campeonato_de_Primera_B_Nacional_2018-19
2018-12-02,17:00,San Martín (F),Chaco For Ever,0,0,,,Torneo Federal A,2018,zonas,Zona 4,Fecha 17,17 de Octubre,false,https://es.wikipedia.org/wiki/Torneo_Federal_A_2018-19
2018-12-02,17:00,Sol de Mayo (V),Villa Mitre,0,1,,,Torneo Federal A,2018,zonas,Zona 1,Fecha 17,Sol de Mayo,false,https://es.wikipedia.org/wiki/Torneo_Federal_A_2018-19
2018-12-02,17:10,Aldosivi,San Lorenzo,2,2,,,Primera Division,2018,zonas,,Fecha 14,José María Minella,false,https://es.wikipedia.org/wiki/Campeonato_de_Primera_División_2018-19_(Argentina)
2018-12-02,17:15,Juventud Unida (G),Defensores de Belgrano (VR),3,0,,,Torneo Federal A,2018,zonas,Zona 2,Fecha 17,De los Eucaliptos,false,https://es.wikipedia.org/wiki/Torneo_Federal_A_2018-19
2018-12-02,17:30,Gimnasia y Tiro (S),Boca Unidos,3,1,,,Torneo Federal A,2018,zonas,Zona 4,Fecha 17,El Gigante del Norte,false,https://es.wikipedia.org/wiki/Torneo_Federal_A_2018-19
2018-12-02,17:30,Juventud Unida Universitario,San Lorenzo de Alem,2,2,,,Torneo Federal A,2018,zonas,Zona 3,Fecha 17,Mario Sebastián Diez,false,https://es.wikipedia.org/wiki/Torneo_Federal_A_2018-19
2018-12-02,18:00,Altos Hornos Zapla,Crucero del Norte,0,2,,,Torneo Federal A,2018,zonas,Zona 4,Fecha 17,Emilio Fabrizzi,false,https://es.wikipedia.org/wiki/Torneo_Federal_A_2018-19
2018-12-02,18:00,Olimpo,Gimnasia y Esgrima (M),1,1,,,Primera Nacional,2018,zonas,,Fecha 12,Roberto N. Carminatti,false,https://es.wikipedia.org/wiki/Campeonato_de_Primera_B_Nacional_2018-19
2018-12-02,18:00,Unión (S),Defensores de Pronunciamiento,4,3,,,Torneo Federal A,2018,zonas,Zona 2,Fecha 17,Fortaleza del Bicho,false,https://es.wikipedia.org/wiki/Torneo_Federal_A_2018-19
2018-12-02,18:30,Racing Club,Estudiantes (RC),0,0,,,Torneo Federal A,2018,zonas,Zona 3,Fecha 17,Miguel Sancho,false,https://es.wikipedia.org/wiki/Torneo_Federal_A_2018-19
2018-12-02,19:00,Ferro Carril Oeste,Arsenal,2,1,,,Primera Nacional,2018,zonas,,Fecha 12,Arquitecto Ricardo Echeverri,false,https://es.wikipedia.org/wiki/Campeonato_de_Primera_B_Nacional_2018-19
2018-12-02,19:05,Atlético de Rafaela,Platense,1,1,,,Primera Nacional,2018,zonas,,Fecha 12,Nuevo Monumental,false,https://es.wikipedia.org/wiki/Campeonato_de_Primera_B_Nacional_2018-19
2018-12-02,19:20,Independiente,Boca Juniors,0,1,,,Primera Division,2018,zonas,,Fecha 14,Libertadores de América,false,https://es.wikipedia.org/wiki/Campeonato_de_Primera_División_2018-19_(Argentina)
2018-12-02,19:45,Sarmiento (R),San Jorge (T),1,2,,,Torneo Federal A,2018,zonas,Zona 4,Fecha 17,Centenario,false,https://es.wikipedia.org/wiki/Torneo_Federal_A_2018-19
2018-12-02,20:30,Desamparados,Sportivo Estudiantes (SL),2,2,,,Torneo Federal A,2018,zonas,Zona 3,Fecha 17,El Serpentario,false,https://es.wikipedia.org/wiki/Torneo_Federal_A_2018-19
2018-12-02,21:00,Atlético Paraná,Deportivo Camioneros,1,1,,,Torneo Federal A,2018,zonas,Zona 2,Fecha 17,Pedro Mutio,false,https://es.wikipedia.org/wiki/Torneo_Federal_A_2018-19
2018-12-02,21:30,River Plate,Gimnasia y Esgrima (LP),3,1,,,Primera Division,2018,zonas,,Fecha 14,Monumental,false,https://es.wikipedia.org/wiki/Campeonato_de_Primera_División_2018-19_(Argentina)
2018-12-03,17:00,Atlanta,Comunicaciones,3,0,,,Primera B,2018,zonas,,Fecha 18,Don León Kolbowsky,false,https://es.wikipedia.org/wiki/Campeonato_de_Primera_B_2018-19_(Argentina)
2018-12-03,17:00,Barracas Central,All Boys,2,0,,,Primera B,2018,zonas,,Fecha 18,Claudio Chiqui Tapia,false,https://es.wikipedia.org/wiki/Campeonato_de_Primera_B_2018-19_(Argentina)
2018-12-03,17:00,Berazategui,Dock Sud,1,1,,,Primera C,2018,zonas,,Fecha 18,Norman Lee,false,https://es.wikipedia.org/wiki/Campeonato_de_Primera_C_2018-19_(Argentina)
2018-12-03,17:00,Cañuelas,Ferrocarril Midland,1,3,,,Primera C,2018,zonas,,Fecha 18,José Alfredo Arín,false,https://es.wikipedia.org/wiki/Campeonato_de_Primera_C_2018-19_(Argentina)
2018-12-03,17:00,Deportivo Madryn,Deportivo Roca,1,0,,,Torneo Federal A,2018,zonas,Zona 1,Fecha 17,El Coliseo del Golfo,false,https://es.wikipedia.org/wiki/Torneo_Federal_A_2018-19
2018-12-03,17:00,Deportivo Riestra,J. J. de Urquiza,4,0,,,Primera B,2018,zonas,,Fecha 18,Guillermo Laza,false,https://es.wikipedia.org/wiki/Campeonato_de_Primera_B_2018-19_(Argentina)
2018-12-03,17:00,El Porvenir,Sportivo Barracas,2,2,,,Primera C,2018,zonas,,Fecha 18,Gildo Francisco Ghersinich,false,https://es.wikipedia.org/wiki/Campeonato_de_Primera_C_2018-19_(Argentina)
2018-12-03,17:00,Excursionistas,Deportivo Armenio,0,0,,,Primera C,2018,zonas,,Fecha 18,Excursionistas,false,https://es.wikipedia.org/wiki/Campeonato_de_Primera_C_2018-19_(Argentina)
2018-12-03,17:00,Leandro N. Alem,Deportivo Laferrere,2,4,,,Primera C,2018,zonas,,Fecha 18,Leandro N. Alem,false,https://es.wikipedia.org/wiki/Campeonato_de_Primera_C_2018-19_(Argentina)
2018-12-03,17:00,San Telmo,San Miguel,0,0,,,Primera B,2018,zonas,,Fecha 18,Dr. Osvaldo Baletto,false,https://es.wikipedia.org/wiki/Campeonato_de_Primera_B_2018-19_(Argentina)
2018-12-03,17:00,Sansinena,Alvarado,2,1,,,Torneo Federal A,2018,zonas,Zona 1,Fecha 17,Luis Molina,false,https://es.wikipedia.org/wiki/Torneo_Federal_A_2018-19
2018-12-03,17:00,Tristán Suárez,Talleres (RdE),2,1,,,Primera B,2018,zonas,,Fecha 18,20 de Octubre,false,https://es.wikipedia.org/wiki/Campeonato_de_Primera_B_2018-19_(Argentina)
2018-12-03,17:10,Tigre,Godoy Cruz,1,3,,,Primera Division,2018,zonas,,Fecha 14,Monumental de Victoria,false,https://es.wikipedia.org/wiki/Campeonato_de_Primera_División_2018-19_(Argentina)
2018-12-03,19:20,San Martín (SJ),Unión,2,0,,,Primera Division,2018,zonas,,Fecha 14,Ingeniero Hilario Sánchez,false,https://es.wikipedia.org/wiki/Campeonato_de_Primera_División_2018-19_(Argentina)
2018-12-03,19:20,Vélez Sarsfield,Rosario Central,2,0,,,Primera Division,2018,zonas,,Fecha 14,José Amalfitani,false,https://es.wikipedia.org/wiki/Campeonato_de_Primera_División_2018-19_(Argentina)
2018-12-03,21:30,Douglas Haig,Sportivo Las Parejas,0,0,,,Torneo Federal A,2018,zonas,Zona 2,Fecha 17,Miguel Morales,false,https://es.wikipedia.org/wiki/Torneo_Federal_A_2018-19
2018-12-03,21:30,Huracán,Defensa y Justicia,1,1,,,Primera Division,2018,zonas,,Fecha 14,Tomás A. Ducó,false,https://es.wikipedia.org/wiki/Campeonato_de_Primera_División_2018-19_(Argentina)
2018-12-03,21:30,Talleres (C),Racing Club,1,3,,,Primera Division,2018,zonas,,Fecha 14,Mario Alberto Kempes,false,https://es.wikipedia.org/wiki/Campeonato_de_Primera_División_2018-19_(Argentina)
2018-12-04,17:00,Deportivo Español,Colegiales,0,2,,,Primera B,2018,zonas,,Fecha 18,Nueva España,false,https://es.wikipedia.org/wiki/Campeonato_de_Primera_B_2018-19_(Argentina)
2018-12-04,17:00,Victoriano Arenas,Argentino de Quilmes,0,1,,,Primera C,2018,zonas,,Fecha 18,Saturnino Moure,false,https://es.wikipedia.org/wiki/Campeonato_de_Primera_C_2018-19_(Argentina)
2018-12-04,21:05,Chacarita Juniors,Mitre (SdE),0,2,,,Primera Nacional,2018,zonas,,Fecha 12,Chacarita Juniors,false,https://es.wikipedia.org/wiki/Campeonato_de_Primera_B_Nacional_2018-19
2018-12-06,17:00,Comunicaciones,Sacachispas,1,0,,,Primera B,2018,zonas,,Fecha 10,Alfredo Ramos,false,https://es.wikipedia.org/wiki/Campeonato_de_Primera_B_2018-19_(Argentina)
2018-12-07,17:00,Defensores Unidos,Flandria,2,1,,,Primera B,2018,zonas,,Fecha 19,Gigante de Villa Fox,false,https://es.wikipedia.org/wiki/Campeonato_de_Primera_B_2018-19_(Argentina)
2018-12-07,17:00,Fénix,Barracas Central,0,1,,,Primera B,2018,zonas,,Fecha 19,Nueva España,false,https://es.wikipedia.org/wiki/Campeonato_de_Primera_B_2018-19_(Argentina)
2018-12-07,17:00,San Martín (B),Leandro N. Alem,0,0,,,Primera C,2018,zonas,,Fecha 19,Francisco Boga,false,https://es.wikipedia.org/wiki/Campeonato_de_Primera_C_2018-19_(Argentina)
2018-12-07,17:00,San Miguel,Tristán Suárez,0,0,,,Primera B,2018,zonas,,Fecha 19,Malvinas Argentinas,false,https://es.wikipedia.org/wiki/Campeonato_de_Primera_B_2018-19_(Argentina)
2018-12-07,17:00,Sportivo Barracas,Deportivo Merlo,2,3,,,Primera C,2018,zonas,,Fecha 19,República de Italia,false,https://es.wikipedia.org/wiki/Campeonato_de_Primera_C_2018-19_(Argentina)
2018-12-07,19:00,Temperley,Independiente Rivadavia,2,0,,,Primera Nacional,2018,zonas,,Fecha 13,Alfredo Beranger,false,https://es.wikipedia.org/wiki/Campeonato_de_Primera_B_Nacional_2018-19
2018-12-07,20:05,Defensores de Belgrano,Ferro Carril Oeste,2,0,,,Primera Nacional,2018,zonas,,Fecha 13,Juan Pasquale,false,https://es.wikipedia.org/wiki/Campeonato_de_Primera_B_Nacional_2018-19
2018-12-07,21:00,San Martín (T),Newell's Old Boys,0,3,,,Primera Division,2018,zonas,,Fecha 15,La Ciudadela,false,https://es.wikipedia.org/wiki/Campeonato_de_Primera_División_2018-19_(Argentina)
2018-12-07,21:30,Chaco For Ever,Gimnasia y Tiro (S),3,0,,,Torneo Federal A,2018,zonas,Zona 4,Fecha 18,Juan Alberto García,false,https://es.wikipedia.org/wiki/Torneo_Federal_A_2018-19
2018-12-07,21:30,Deportivo Maipú,Juventud Unida Universitario,1,1,,,Torneo Federal A,2018,zonas,Zona 3,Fecha 18,Omar Higinio Sperdutti,false,https://es.wikipedia.org/wiki/Torneo_Federal_A_2018-19
2018-12-07,21:30,Sportivo Estudiantes (SL),Huracán Las Heras,3,0,,,Torneo Federal A,2018,zonas,Zona 3,Fecha 18,Héctor Odicino y Pedro Benoza,false,https://es.wikipedia.org/wiki/Torneo_Federal_A_2018-19
2018-12-07,22:00,Juventud Antoniana,Sarmiento (R),1,1,,,Torneo Federal A,2018,zonas,Zona 4,Fecha 18,Padre Ernesto Martearena,false,https://es.wikipedia.org/wiki/Torneo_Federal_A_2018-19
2018-12-08,17:00,All Boys,San Telmo,1,2,,,Primera B,2018,zonas,,Fecha 19,Islas Malvinas,false,https://es.wikipedia.org/wiki/Campeonato_de_Primera_B_2018-19_(Argentina)
2018-12-08,17:00,Ferrocarril Midland,Sportivo Italiano,2,0,,,Primera C,2018,zonas,,Fecha 19,Ciudad de Libertad,false,https://es.wikipedia.org/wiki/Campeonato_de_Primera_C_2018-19_(Argentina)
2018-12-08,17:00,General Lamadrid,Ituzaingó,2,3,,,Primera C,2018,zonas,,Fecha 19,Enrique Sexto,false,https://es.wikipedia.org/wiki/Campeonato_de_Primera_C_2018-19_(Argentina)
2018-12-08,17:00,Villa Dálmine,Olimpo,1,0,,,Primera Nacional,2018,zonas,,Fecha 13,El Coliseo de Mitre y Puccini,false,https://es.wikipedia.org/wiki/Campeonato_de_Primera_B_Nacional_2018-19
2018-12-08,17:00,Villa San Carlos,Cañuelas,3,0,,,Primera C,2018,zonas,,Fecha 19,Genacio Sálice,false,https://es.wikipedia.org/wiki/Campeonato_de_Primera_C_2018-19_(Argentina)
2018-12-08,17:05,Platense,Los Andes,0,1,,,Primera Nacional,2018,zonas,,Fecha 13,Ciudad de Vicente López,false,https://es.wikipedia.org/wiki/Campeonato_de_Primera_B_Nacional_2018-19
2018-12-08,17:10,San Lorenzo,Estudiantes (LP),1,1,,,Primera Division,2018,zonas,,Fecha 15,Nuevo Gasómetro,false,https://es.wikipedia.org/wiki/Campeonato_de_Primera_División_2018-19_(Argentina)
2018-12-08,17:10,Unión,Banfield,0,1,,,Primera Division,2018,zonas,,Fecha 15,15 de abril,false,https://es.wikipedia.org/wiki/Campeonato_de_Primera_División_2018-19_(Argentina)
2018-12-08,19:20,Defensa y Justicia,Colón,3,0,,,Primera Division,2018,zonas,,Fecha 15,Norberto Tomaghello,false,https://es.wikipedia.org/wiki/Campeonato_de_Primera_División_2018-19_(Argentina)
2018-12-08,19:20,Lanús,Talleres (C),2,1,,,Primera Division,2018,zonas,,Fecha 15,Ciudad de Lanús,false,https://es.wikipedia.org/wiki/Campeonato_de_Primera_División_2018-19_(Argentina)
2018-12-08,20:00,Agropecuario,Guillermo Brown,0,0,,,Primera Nacional,2018,zonas,,Fecha 13,Ofelia Rosenzuaig,false,https://es.wikipedia.org/wiki/Campeonato_de_Primera_B_Nacional_2018-19
2018-12-08,21:00,Gimnasia y Esgrima (J),Brown de Adrogué,2,0,,,Primera Nacional,2018,zonas,,Fecha 13,23 de agosto,false,https://es.wikipedia.org/wiki/Campeonato_de_Primera_B_Nacional_2018-19
2018-12-08,21:30,Godoy Cruz,Independiente,1,1,,,Primera Division,2018,zonas,,Fecha 15,Malvinas Argentinas,false,https://es.wikipedia.org/wiki/Campeonato_de_Primera_División_2018-19_(Argentina)
2018-12-09,17:00,Crucero del Norte,San Martín (F),2,2,,,Torneo Federal A,2018,zonas,Zona 4,Fecha 18,Comandante Andrés Guacurarí,false,https://es.wikipedia.org/wiki/Torneo_Federal_A_2018-19
2018-12-09,17:00,Defensores de Belgrano (VR),Unión (S),2,1,,,Torneo Federal A,2018,zonas,Zona 2,Fecha 18,Salomón Boeseldín,false,https://es.wikipedia.org/wiki/Torneo_Federal_A_2018-19
2018-12-09,17:00,Deportivo Armenio,Victoriano Arenas,1,2,,,Primera C,2018,zonas,,Fecha 19,Armenia,false,https://es.wikipedia.org/wiki/Campeonato_de_Primera_C_2018-19_(Argentina)
2018-12-09,17:00,Deportivo Camioneros,Douglas Haig,0,0,,,Torneo Federal A,2018,zonas,Zona 2,Fecha 18,Hugo Moyano,false,https://es.wikipedia.org/wiki/Torneo_Federal_A_2018-19
2018-12-09,17:00,Gimnasia y Esgrima (CdU),Atlético Paraná,5,1,,,Torneo Federal A,2018,zonas,Zona 2,Fecha 18,Manuel y Ramón Núñez,false,https://es.wikipedia.org/wiki/Torneo_Federal_A_2018-19
2018-12-09,17:00,San Jorge (T),Altos Hornos Zapla,4,0,,,Torneo Federal A,2018,zonas,Zona 4,Fecha 18,Ángel Pascual Sáez,false,https://es.wikipedia.org/wiki/Torneo_Federal_A_2018-19
2018-12-09,17:00,Sportivo Las Parejas,Juventud Unida (G),1,0,,,Torneo Federal A,2018,zonas,Zona 2,Fecha 18,4 de Septiembre,false,https://es.wikipedia.org/wiki/Torneo_Federal_A_2018-19
2018-12-09,18:00,Gimnasia y Esgrima (M),Atlético de Rafaela,2,1,,,Primera Nacional,2018,zonas,,Fecha 13,Víctor Antonio Legrotaglie,false,https://es.wikipedia.org/wiki/Campeonato_de_Primera_B_Nacional_2018-19
2018-12-09,19:20,Argentinos Juniors,Aldosivi,1,2,,,Primera Division,2018,zonas,,Fecha 15,Diego Armando Maradona,false,https://es.wikipedia.org/wiki/Campeonato_de_Primera_División_2018-19_(Argentina)
2018-12-09,19:20,Gimnasia y Esgrima (LP),Huracán,2,2,,,Primera Division,2018,zonas,,Fecha 15,Del Bosque,false,https://es.wikipedia.org/wiki/Campeonato_de_Primera_División_2018-19_(Argentina)
2018-12-09,20:00,Instituto,Quilmes,1,1,,,Primera Nacional,2018,zonas,,Fecha 13,Juan Domingo Perón,false,https://es.wikipedia.org/wiki/Campeonato_de_Primera_B_Nacional_2018-19
2018-12-09,20:30,San Lorenzo de Alem,Racing Club,2,0,,,Torneo Federal A,2018,zonas,Zona 3,Fecha 18,Malvinas Argentinas,false,https://es.wikipedia.org/wiki/Torneo_Federal_A_2018-19
2018-12-09,21:30,Racing Club,San Martín (SJ),1,0,,,Primera Division,2018,zonas,,Fecha 15,El Cilindro,false,https://es.wikipedia.org/wiki/Campeonato_de_Primera_División_2018-19_(Argentina)
2018-12-10,17:00,Almagro,Central Córdoba (SdE),1,3,,,Primera Nacional,2018,zonas,,Fecha 13,Tres de Febrero,false,https://es.wikipedia.org/wiki/Campeonato_de_Primera_B_Nacional_2018-19
2018-12-10,17:00,Alvarado,Sol de Mayo (V),1,0,,,Torneo Federal A,2018,zonas,Zona 1,Fecha 18,José María Minella,false,https://es.wikipedia.org/wiki/Torneo_Federal_A_2018-19
2018-12-10,17:00,Argentino de Quilmes,Berazategui,2,0,,,Primera C,2018,zonas,,Fecha 19,Centenario,false,https://es.wikipedia.org/wiki/Campeonato_de_Primera_C_2018-19_(Argentina)
2018-12-10,17:00,Comunicaciones,Deportivo Español,2,1,,,Primera B,2018,zonas,,Fecha 19,Alfredo Ramos,false,https://es.wikipedia.org/wiki/Campeonato_de_Primera_B_2018-19_(Argentina)
2018-12-10,17:00,Deportivo Laferrere,Excursionistas,1,0,,,Primera C,2018,zonas,,Fecha 19,Ciudad de Laferrere,false,https://es.wikipedia.org/wiki/Campeonato_de_Primera_C_2018-19_(Argentina)
2018-12-10,17:00,Deportivo Roca,Sansinena,0,1,,,Torneo Federal A,2018,zonas,Zona 1,Fecha 18,Luis Maiolino,false,https://es.wikipedia.org/wiki/Torneo_Federal_A_2018-19
2018-12-10,17:00,Ferro Carril Oeste (GP),Deportivo Madryn,2,1,,,Torneo Federal A,2018,zonas,Zona 1,Fecha 18,El Coloso del Barrio Talleres,false,https://es.wikipedia.org/wiki/Torneo_Federal_A_2018-19
2018-12-10,17:00,J. J. de Urquiza,Acassuso,0,1,,,Primera B,2018,zonas,,Fecha 19,Malvinas Argentinas,false,https://es.wikipedia.org/wiki/Campeonato_de_Primera_B_2018-19_(Argentina)
2018-12-10,17:00,Luján,El Porvenir,1,0,,,Primera C,2018,zonas,,Fecha 19,Municipal de la Ciudad de Luján,false,https://es.wikipedia.org/wiki/Campeonato_de_Primera_C_2018-19_(Argentina)
2018-12-10,17:00,Sacachispas,Estudiantes (BA),0,1,,,Primera B,2018,zonas,,Fecha 19,Beto Larrosa,false,https://es.wikipedia.org/wiki/Campeonato_de_Primera_B_2018-19_(Argentina)
2018-12-10,17:00,Villa Mitre,Independiente (N),3,1,,,Torneo Federal A,2018,zonas,Zona 1,Fecha 18,El Fortín,false,https://es.wikipedia.org/wiki/Torneo_Federal_A_2018-19
2018-12-10,19:00,Patronato,Vélez Sarsfield,3,3,,,Primera Division,2018,zonas,,Fecha 15,Presbítero Bartolomé Grella,false,https://es.wikipedia.org/wiki/Campeonato_de_Primera_División_2018-19_(Argentina)
2018-12-10,21:05,Arsenal,Nueva Chicago,2,0,,,Primera Nacional,2018,zonas,,Fecha 13,El Viaducto,false,https://es.wikipedia.org/wiki/Campeonato_de_Primera_B_Nacional_2018-19
2018-12-10,21:15,Belgrano,Tigre,1,2,,,Primera Division,2018,zonas,,Fecha 15,Gigante de Alberdi,false,https://es.wikipedia.org/wiki/Campeonato_de_Primera_División_2018-19_(Argentina)
2018-12-10,21:30,Estudiantes (RC),Desamparados,1,0,,,Torneo Federal A,2018,zonas,Zona 3,Fecha 18,Ciudad de Río Cuarto,false,https://es.wikipedia.org/wiki/Torneo_Federal_A_2018-19
2018-12-10,22:00,Mitre (SdE),Deportivo Morón,1,0,,,Primera Nacional,2018,zonas,,Fecha 13,Dres. José y Antonio Castiglione,false,https://es.wikipedia.org/wiki/Campeonato_de_Primera_B_Nacional_2018-19
2018-12-11,17:00,Colegiales,Deportivo Riestra,0,0,,,Primera B,2018,zonas,,Fecha 19,Colegiales,false,https://es.wikipedia.org/wiki/Campeonato_de_Primera_B_2018-19_(Argentina)
2018-12-11,17:00,Dock Sud,Central Córdoba (R),1,0,,,Primera C,2018,zonas,,Fecha 19,De los Inmigrantes,false,https://es.wikipedia.org/wiki/Campeonato_de_Primera_C_2018-19_(Argentina)
2018-12-11,19:30,Talleres (RdE),Atlanta,0,4,,,Primera B,2018,zonas,,Fecha 19,Talleres (RdE),false,https://es.wikipedia.org/wiki/Campeonato_de_Primera_B_2018-19_(Argentina)
2018-12-11,21:05,Ramón Santamarina,Sarmiento (J),0,1,,,Primera Nacional,2018,zonas,,Fecha 13,Municipal General San Martin,false,https://es.wikipedia.org/wiki/Campeonato_de_Primera_B_Nacional_2018-19
2018-12-12,17:00,Almirante Brown,UAI Urquiza,1,0,,,Primera B,2018,zonas,,Fecha 19,Talleres (RdE),false,https://es.wikipedia.org/wiki/Campeonato_de_Primera_B_2018-19_(Argentina)
2018-12-13,21:00,Huracán,Argentinos Juniors,0,0,,,Primera Division,2018,zonas,,Fecha 8,Tomás A. Ducó,false,https://es.wikipedia.org/wiki/Campeonato_de_Primera_División_2018-19_(Argentina)
2019-01-19,20:00,River Plate,Defensa y Justicia,0,1,,,Primera Division,2018,zonas,,Fecha 8,Monumental,false,https://es.wikipedia.org/wiki/Campeonato_de_Primera_División_2018-19_(Argentina)
2019-01-23,21:00,River Plate,Unión,1,2,,,Primera Division,2018,zonas,,Fecha 12,Monumental,false,https://es.wikipedia.org/wiki/Campeonato_de_Primera_División_2018-19_(Argentina)
2019-01-25,17:00,All Boys,San Miguel,1,1,,,Primera B,2018,zonas,,Fecha 20,Islas Malvinas,false,https://es.wikipedia.org/wiki/Campeonato_de_Primera_B_2018-19_(Argentina)
2019-01-25,17:00,Comunicaciones,Deportivo Riestra,0,0,,,Primera B,2018,zonas,,Fecha 20,Alfredo Ramos,false,https://es.wikipedia.org/wiki/Campeonato_de_Primera_B_2018-19_(Argentina)
2019-01-25,17:00,Fénix,San Telmo,1,0,,,Primera B,2018,zonas,,Fecha 20,José Manuel Moreno,false,https://es.wikipedia.org/wiki/Campeonato_de_Primera_B_2018-19_(Argentina)
2019-01-25,17:00,J. J. de Urquiza,Flandria,0,1,,,Primera B,2018,zonas,,Fecha 20,Malvinas Argentinas,false,https://es.wikipedia.org/wiki/Campeonato_de_Primera_B_2018-19_(Argentina)
2019-01-25,17:00,Sacachispas,Barracas Central,1,3,,,Primera B,2018,zonas,,Fecha 20,Beto Larrosa,false,https://es.wikipedia.org/wiki/Campeonato_de_Primera_B_2018-19_(Argentina)
2019-01-25,17:00,Sportivo Barracas,Villa San Carlos,0,2,,,Primera C,2018,zonas,,Fecha 20,República de Italia,false,https://es.wikipedia.org/wiki/Campeonato_de_Primera_C_2018-19_(Argentina)
2019-01-25,19:00,Banfield,San Martín (SJ),1,1,,,Primera Division,2018,zonas,,Fecha 16,Florencio Sola,false,https://es.wikipedia.org/wiki/Campeonato_de_Primera_División_2018-19_(Argentina)
2019-01-25,19:00,Godoy Cruz,Lanús,0,2,,,Primera Division,2018,zonas,,Fecha 16,Malvinas Argentinas,false,https://es.wikipedia.org/wiki/Campeonato_de_Primera_División_2018-19_(Argentina)
2019-01-25,21:10,Defensa y Justicia,San Lorenzo,1,0,,,Primera Division,2018,zonas,,Fecha 16,Norberto Tomaghello,false,https://es.wikipedia.org/wiki/Campeonato_de_Primera_División_2018-19_(Argentina)
2019-01-26,17:00,Deportivo Armenio,Berazategui,0,0,,,Primera C,2018,zonas,,Fecha 20,Armenia,false,https://es.wikipedia.org/wiki/Campeonato_de_Primera_C_2018-19_(Argentina)
2019-01-26,17:00,Deportivo Laferrere,Victoriano Arenas,1,1,,,Primera C,2018,zonas,,Fecha 20,Ciudad de Laferrere,false,https://es.wikipedia.org/wiki/Campeonato_de_Primera_C_2018-19_(Argentina)
2019-01-26,17:00,Dock Sud,Ituzaingó,1,1,,,Primera C,2018,zonas,,Fecha 20,De los Inmigrantes,false,https://es.wikipedia.org/wiki/Campeonato_de_Primera_C_2018-19_(Argentina)
2019-01-26,17:00,Ferrocarril Midland,Leandro N. Alem,1,0,,,Primera C,2018,zonas,,Fecha 20,Ciudad de Libertad,false,https://es.wikipedia.org/wiki/Campeonato_de_Primera_C_2018-19_(Argentina)
2019-01-26,17:00,General Lamadrid,El Porvenir,3,0,,,Primera C,2018,zonas,,Fecha 20,Enrique Sexto,false,https://es.wikipedia.org/wiki/Campeonato_de_Primera_C_2018-19_(Argentina)
2019-01-26,17:00,Tristán Suárez,Atlanta,2,2,,,Primera B,2018,zonas,,Fecha 20,20 de Octubre,false,https://es.wikipedia.org/wiki/Campeonato_de_Primera_B_2018-19_(Argentina)
2019-01-26,17:10,Huracán,Rosario Central,2,1,,,Primera Division,2018,zonas,,Fecha 16,Tomás A. Ducó,false,https://es.wikipedia.org/wiki/Campeonato_de_Primera_División_2018-19_(Argentina)
2019-01-26,17:10,Tigre,San Martín (T),2,2,,,Primera Division,2018,zonas,,Fecha 16,Monumental de Victoria,false,https://es.wikipedia.org/wiki/Campeonato_de_Primera_División_2018-19_(Argentina)
2019-01-26,19:20,Atlético Tucumán,Gimnasia y Esgrima (LP),4,1,,,Primera Division,2018,zonas,,Fecha 16,Monumental José Fierro,false,https://es.wikipedia.org/wiki/Campeonato_de_Primera_División_2018-19_(Argentina)
2019-01-26,19:35,Talleres (RdE),Deportivo Español,1,1,,,Primera B,2018,zonas,,Fecha 20,Talleres (RdE),false,https://es.wikipedia.org/wiki/Campeonato_de_Primera_B_2018-19_(Argentina)
2019-01-26,21:30,Aldosivi,Racing Club,1,3,,,Primera Division,2018,zonas,,Fecha 16,José María Minella,false,https://es.wikipedia.org/wiki/Campeonato_de_Primera_División_2018-19_(Argentina)
2019-01-27,17:00,Argentino de Quilmes,Central Córdoba (R),1,1,,,Primera C,2018,zonas,,Fecha 20,Argentino de Quilmes,false,https://es.wikipedia.org/wiki/Campeonato_de_Primera_C_2018-19_(Argentina)
2019-01-27,17:00,Cañuelas,Sportivo Italiano,2,1,,,Primera C,2018,zonas,,Fecha 20,José Alfredo Arín,false,https://es.wikipedia.org/wiki/Campeonato_de_Primera_C_2018-19_(Argentina)
2019-01-27,17:00,Colegiales,Acassuso,2,0,,,Primera B,2018,zonas,,Fecha 20,Colegiales,false,https://es.wikipedia.org/wiki/Campeonato_de_Primera_B_2018-19_(Argentina)
2019-01-27,17:00,Defensores Unidos,UAI Urquiza,1,1,,,Primera B,2018,zonas,,Fecha 20,Gigante de Villa Fox,false,https://es.wikipedia.org/wiki/Campeonato_de_Primera_B_2018-19_(Argentina)
2019-01-27,17:00,Luján,Deportivo Merlo,0,0,,,Primera C,2018,zonas,,Fecha 20,Municipal de la Ciudad de Luján,false,https://es.wikipedia.org/wiki/Campeonato_de_Primera_C_2018-19_(Argentina)
2019-01-27,17:05,Almirante Brown,Estudiantes (BA),0,2,,,Primera B,2018,zonas,,Fecha 20,Fragata Presidente Sarmiento,false,https://es.wikipedia.org/wiki/Campeonato_de_Primera_B_2018-19_(Argentina)
2019-01-27,17:10,Belgrano,Unión,0,0,,,Primera Division,2018,zonas,,Fecha 16,Gigante de Alberdi,false,https://es.wikipedia.org/wiki/Campeonato_de_Primera_División_2018-19_(Argentina)
2019-01-27,17:10,Independiente,Talleres (C),1,1,,,Primera Division,2018,zonas,,Fecha 16,Libertadores de América,false,https://es.wikipedia.org/wiki/Campeonato_de_Primera_División_2018-19_(Argentina)
2019-01-27,19:20,River Plate,Patronato,1,3,,,Primera Division,2018,zonas,,Fecha 16,Monumental,false,https://es.wikipedia.org/wiki/Campeonato_de_Primera_División_2018-19_(Argentina)
2019-01-27,21:30,Newell's Old Boys,Boca Juniors,1,1,,,Primera Division,2018,zonas,,Fecha 16,Marcelo Bielsa,false,https://es.wikipedia.org/wiki/Campeonato_de_Primera_División_2018-19_(Argentina)
2019-01-28,17:00,San Martín (B),Excursionistas,0,1,,,Primera C,2018,zonas,,Fecha 20,Francisco Boga,false,https://es.wikipedia.org/wiki/Campeonato_de_Primera_C_2018-19_(Argentina)
2019-01-28,19:00,Colón,Argentinos Juniors,2,0,,,Primera Division,2018,zonas,,Fecha 16,Brigadier Estanislao López,false,https://es.wikipedia.org/wiki/Campeonato_de_Primera_División_2018-19_(Argentina)
2019-01-28,21:10,Estudiantes (LP),Vélez Sarsfield,1,2,,,Primera Division,2018,zonas,,Fecha 16,Centenario,false,https://es.wikipedia.org/wiki/Campeonato_de_Primera_División_2018-19_(Argentina)
2019-01-30,21:00,Godoy Cruz,River Plate,0,4,,,Primera Division,2018,zonas,,Fecha 13,Malvinas Argentinas,false,https://es.wikipedia.org/wiki/Campeonato_de_Primera_División_2018-19_(Argentina)
2019-01-31,17:00,Barracas Central,Almirante Brown,3,1,,,Primera B,2018,zonas,,Fecha 21,Claudio Chiqui Tapia,false,https://es.wikipedia.org/wiki/Campeonato_de_Primera_B_2018-19_(Argentina)
2019-01-31,21:00,San Martín (SJ),Boca Juniors,0,4,,,Primera Division,2018,zonas,,Fecha 12,Ingeniero Hilario Sánchez,false,https://es.wikipedia.org/wiki/Campeonato_de_Primera_División_2018-19_(Argentina)
2019-02-01,17:00,Berazategui,Deportivo Laferrere,2,1,,,Primera C,2018,zonas,,Fecha 21,Norman Lee,false,https://es.wikipedia.org/wiki/Campeonato_de_Primera_C_2018-19_(Argentina)
2019-02-01,17:00,Deportivo Español,Tristán Suárez,0,0,,,Primera B,2018,zonas,,Fecha 21,Nueva España,false,https://es.wikipedia.org/wiki/Campeonato_de_Primera_B_2018-19_(Argentina)
2019-02-01,19:00,Gimnasia y Esgrima (LP),Tigre,3,1,,,Primera Division,2018,zonas,,Fecha 17,Del Bosque,false,https://es.wikipedia.org/wiki/Campeonato_de_Primera_División_2018-19_(Argentina)
2019-02-01,20:00,Los Andes,Gimnasia y Esgrima (M),2,2,,,Primera Nacional,2018,zonas,,Fecha 14,Eduardo Gallardón,false,https://es.wikipedia.org/wiki/Campeonato_de_Primera_B_Nacional_2018-19
2019-02-01,21:00,Atlético de Rafaela,Villa Dálmine,0,1,,,Primera Nacional,2018,zonas,,Fecha 14,Nuevo Monumental,false,https://es.wikipedia.org/wiki/Campeonato_de_Primera_B_Nacional_2018-19
2019-02-01,21:05,Estudiantes (BA),Defensores Unidos,1,1,,,Primera B,2018,zonas,,Fecha 21,Ciudad de Caseros,false,https://es.wikipedia.org/wiki/Campeonato_de_Primera_B_2018-19_(Argentina)
2019-02-01,21:10,San Martín (T),Defensa y Justicia,1,2,,,Primera Division,2018,zonas,,Fecha 17,La Ciudadela,false,https://es.wikipedia.org/wiki/Campeonato_de_Primera_División_2018-19_(Argentina)
2019-02-01,21:10,Talleres (C),Banfield,3,1,,,Primera Division,2018,zonas,,Fecha 17,Mario Alberto Kempes,false,https://es.wikipedia.org/wiki/Campeonato_de_Primera_División_2018-19_(Argentina)
2019-02-01,22:00,Central Córdoba (SdE),Platense,1,0,,,Primera Nacional,2018,zonas,,Fecha 14,Alfredo Terrera,false,https://es.wikipedia.org/wiki/Campeonato_de_Primera_B_Nacional_2018-19
2019-02-02,17:00,Acassuso,Comunicaciones,2,0,,,Primera B,2018,zonas,,Fecha 21,República de Italia,false,https://es.wikipedia.org/wiki/Campeonato_de_Primera_B_2018-19_(Argentina)
2019-02-02,17:00,All Boys,Fénix,0,1,,,Primera B,2018,zonas,,Fecha 21,Islas Malvinas,false,https://es.wikipedia.org/wiki/Campeonato_de_Primera_B_2018-19_(Argentina)
2019-02-02,17:00,Brown de Adrogué,Ramón Santamarina,1,1,,,Primera Nacional,2018,zonas,,Fecha 14,Lorenzo Arandilla,false,https://es.wikipedia.org/wiki/Campeonato_de_Primera_B_Nacional_2018-19
2019-02-02,17:00,Deportivo Morón,Chacarita Juniors,0,0,,,Primera Nacional,2018,zonas,,Fecha 14,Nuevo Francisco Urbano,false,https://es.wikipedia.org/wiki/Campeonato_de_Primera_B_Nacional_2018-19
2019-02-02,17:00,Ferro Carril Oeste,Gimnasia y Esgrima (J),1,2,,,Primera Nacional,2018,zonas,,Fecha 14,Arquitecto Ricardo Echeverri,false,https://es.wikipedia.org/wiki/Campeonato_de_Primera_B_Nacional_2018-19
2019-02-02,17:00,Flandria,Colegiales,0,1,,,Primera B,2018,zonas,,Fecha 21,Carlos V,false,https://es.wikipedia.org/wiki/Campeonato_de_Primera_B_2018-19_(Argentina)
2019-02-02,17:00,Nueva Chicago,Defensores de Belgrano,0,0,,,Primera Nacional,2018,zonas,,Fecha 14,Nueva Chicago,false,https://es.wikipedia.org/wiki/Campeonato_de_Primera_B_Nacional_2018-19
2019-02-02,17:00,San Miguel,Atlanta,1,1,,,Primera B,2018,zonas,,Fecha 21,Malvinas Argentinas,false,https://es.wikipedia.org/wiki/Campeonato_de_Primera_B_2018-19_(Argentina)
2019-02-02,17:00,San Telmo,Sacachispas,2,1,,,Primera B,2018,zonas,,Fecha 21,Dr. Osvaldo Baletto,false,https://es.wikipedia.org/wiki/Campeonato_de_Primera_B_2018-19_(Argentina)
2019-02-02,17:00,UAI Urquiza,J. J. de Urquiza,0,1,,,Primera B,2018,zonas,,Fecha 21,Monumental de Villa Lynch,false,https://es.wikipedia.org/wiki/Campeonato_de_Primera_B_2018-19_(Argentina)
2019-02-02,17:10,San Lorenzo,Independiente,0,0,,,Primera Division,2018,zonas,,Fecha 17,Nuevo Gasómetro,false,https://es.wikipedia.org/wiki/Campeonato_de_Primera_División_2018-19_(Argentina)
2019-02-02,19:10,Quilmes,Temperley,1,1,,,Primera Nacional,2018,zonas,,Fecha 14,Centenario,false,https://es.wikipedia.org/wiki/Campeonato_de_Primera_B_Nacional_2018-19
2019-02-02,19:20,Argentinos Juniors,Belgrano,0,0,,,Primera Division,2018,zonas,,Fecha 17,Diego Armando Maradona,false,https://es.wikipedia.org/wiki/Campeonato_de_Primera_División_2018-19_(Argentina)
2019-02-02,19:20,Lanús,Colón,1,0,,,Primera Division,2018,zonas,,Fecha 17,Ciudad de Lanús,false,https://es.wikipedia.org/wiki/Campeonato_de_Primera_División_2018-19_(Argentina)
2019-02-02,21:30,Rosario Central,Aldosivi,0,0,,,Primera Division,2018,zonas,,Fecha 17,Gigante de Arroyito,false,https://es.wikipedia.org/wiki/Campeonato_de_Primera_División_2018-19_(Argentina)
2019-02-03,17:00,Central Córdoba (R),Deportivo Armenio,0,0,,,Primera C,2018,zonas,,Fecha 21,Gabino Sosa,false,https://es.wikipedia.org/wiki/Campeonato_de_Primera_C_2018-19_(Argentina)
2019-02-03,17:00,Deportivo Merlo,General Lamadrid,1,0,,,Primera C,2018,zonas,,Fecha 21,José Manuel Moreno,false,https://es.wikipedia.org/wiki/Campeonato_de_Primera_C_2018-19_(Argentina)
2019-02-03,17:00,Deportivo Riestra,Talleres (RdE),1,1,,,Primera B,2018,zonas,,Fecha 21,Guillermo Laza,false,https://es.wikipedia.org/wiki/Campeonato_de_Primera_B_2018-19_(Argentina)
2019-02-03,17:00,Gimnasia y Esgrima (CdU),Defensores de Belgrano (VR),2,0,,,Torneo Federal A,2018,zonas,Zona A,Fecha 1,Manuel y Ramón Núñez,false,https://es.wikipedia.org/wiki/Torneo_Federal_A_2018-19
2019-02-03,17:00,Guillermo Brown,Arsenal,0,2,,,Primera Nacional,2018,zonas,,Fecha 14,Raul Conti,false,https://es.wikipedia.org/wiki/Campeonato_de_Primera_B_Nacional_2018-19
2019-02-03,17:00,Independiente (N),Cipolletti,0,0,,,Torneo Federal A,2018,zonas,Zona A,Fecha 1,La Nueva Caldera,false,https://es.wikipedia.org/wiki/Torneo_Federal_A_2018-19
2019-02-03,17:00,Ituzaingó,Argentino de Quilmes,1,0,,,Primera C,2018,zonas,,Fecha 21,Ituzaingó,false,https://es.wikipedia.org/wiki/Campeonato_de_Primera_C_2018-19_(Argentina)
2019-02-03,17:00,Leandro N. Alem,Cañuelas,1,0,,,Primera C,2018,zonas,,Fecha 21,Leandro N. Alem,false,https://es.wikipedia.org/wiki/Campeonato_de_Primera_C_2018-19_(Argentina)
2019-02-03,17:00,Villa San Carlos,Sportivo Italiano,0,0,,,Primera C,2018,zonas,,Fecha 21,Genacio Sálice,false,https://es.wikipedia.org/wiki/Campeonato_de_Primera_C_2018-19_(Argentina)
2019-02-03,17:10,Boca Juniors,Godoy Cruz,2,0,,,Primera Division,2018,zonas,,Fecha 17,La Bombonera,false,https://es.wikipedia.org/wiki/Campeonato_de_Primera_División_2018-19_(Argentina)
2019-02-03,17:10,Unión,Newell's Old Boys,0,0,,,Primera Division,2018,zonas,,Fecha 17,15 de abril,false,https://es.wikipedia.org/wiki/Campeonato_de_Primera_División_2018-19_(Argentina)
2019-02-03,17:30,San Martín (F),Juventud Antoniana,2,0,,,Torneo Federal A,2018,zonas,Zona D,Fecha 1,17 de Octubre,false,https://es.wikipedia.org/wiki/Torneo_Federal_A_2018-19
2019-02-03,19:00,Chaco For Ever,Sarmiento (R),1,1,,,Torneo Federal A,2018,zonas,Zona B,Fecha 1,Juan Alberto García,false,https://es.wikipedia.org/wiki/Torneo_Federal_A_2018-19
2019-02-03,19:00,Gimnasia y Tiro (S),Altos Hornos Zapla,1,0,,,Torneo Federal A,2018,zonas,Zona D,Fecha 1,El Gigante del Norte,false,https://es.wikipedia.org/wiki/Torneo_Federal_A_2018-19
2019-02-03,19:00,Racing Club,Sportivo Estudiantes (SL),0,1,,,Torneo Federal A,2018,zonas,Zona C,Fecha 1,Miguel Sancho,false,https://es.wikipedia.org/wiki/Torneo_Federal_A_2018-19
2019-02-03,19:20,Racing Club,Huracán,3,1,,,Primera Division,2018,zonas,,Fecha 17,El Cilindro,false,https://es.wikipedia.org/wiki/Campeonato_de_Primera_División_2018-19_(Argentina)
2019-02-03,19:30,Atlético Paraná,Juventud Unida (G),1,1,,,Torneo Federal A,2018,zonas,Zona B,Fecha 1,Pedro Mutio,false,https://es.wikipedia.org/wiki/Torneo_Federal_A_2018-19
2019-02-03,19:30,Independiente Rivadavia,Mitre (SdE),0,1,,,Primera Nacional,2018,zonas,,Fecha 14,Bautista Gargantini,false,https://es.wikipedia.org/wiki/Campeonato_de_Primera_B_Nacional_2018-19
2019-02-03,20:00,Boca Unidos,San Jorge (T),1,1,,,Torneo Federal A,2018,zonas,Zona B,Fecha 1,Leoncio Benítez,false,https://es.wikipedia.org/wiki/Torneo_Federal_A_2018-19
2019-02-03,20:00,Douglas Haig,Sportivo Las Parejas,3,1,,,Torneo Federal A,2018,zonas,Zona B,Fecha 1,Miguel Morales,false,https://es.wikipedia.org/wiki/Torneo_Federal_A_2018-19
2019-02-03,20:00,Unión (S),Sol de Mayo (V),1,0,,,Torneo Federal A,2018,zonas,Zona A,Fecha 1,De la Avenida,false,https://es.wikipedia.org/wiki/Torneo_Federal_A_2018-19
2019-02-03,20:30,Ferro Carril Oeste (GP),Deportivo Madryn,1,1,,,Torneo Federal A,2018,zonas,Zona A,Fecha 1,El Coloso del Barrio Talleres,false,https://es.wikipedia.org/wiki/Torneo_Federal_A_2018-19
2019-02-03,20:45,Sportivo Belgrano,Juventud Unida Universitario,0,0,,,Torneo Federal A,2018,zonas,Zona C,Fecha 1,Oscar C. Boero,false,https://es.wikipedia.org/wiki/Torneo_Federal_A_2018-19
2019-02-03,21:00,Desamparados,Deportivo Maipú,1,0,,,Torneo Federal A,2018,zonas,Zona B,Fecha 1,El Serpentario,false,https://es.wikipedia.org/wiki/Torneo_Federal_A_2018-19
2019-02-03,21:00,Estudiantes (RC),Huracán Las Heras,1,0,,,Torneo Federal A,2018,zonas,Zona B,Fecha 1,Ciudad de Río Cuarto,false,https://es.wikipedia.org/wiki/Torneo_Federal_A_2018-19
2019-02-03,21:00,Olimpo,Agropecuario,1,0,,,Primera Nacional,2018,zonas,,Fecha 14,Roberto N. Carminatti,false,https://es.wikipedia.org/wiki/Campeonato_de_Primera_B_Nacional_2018-19
2019-02-03,21:30,Vélez Sarsfield,River Plate,1,2,,,Primera Division,2018,zonas,,Fecha 17,José Amalfitani,false,https://es.wikipedia.org/wiki/Campeonato_de_Primera_División_2018-19_(Argentina)
2019-02-04,17:00,Sportivo Barracas,Luján,3,3,,,Primera C,2018,zonas,,Fecha 21,República de Italia,false,https://es.wikipedia.org/wiki/Campeonato_de_Primera_C_2018-19_(Argentina)
2019-02-04,17:00,Victoriano Arenas,San Martín (B),0,3,,,Primera C,2018,zonas,,Fecha 21,Saturnino Moure,false,https://es.wikipedia.org/wiki/Campeonato_de_Primera_C_2018-19_(Argentina)
2019-02-04,18:00,Excursionistas,Ferrocarril Midland,1,0,,,Primera C,2018,zonas,,Fecha 21,Excursionistas,false,https://es.wikipedia.org/wiki/Campeonato_de_Primera_C_2018-19_(Argentina)
2019-02-04,19:00,Patronato,Atlético Tucumán,3,0,,,Primera Division,2018,zonas,,Fecha 17,Presbítero Bartolomé Grella,false,https://es.wikipedia.org/wiki/Campeonato_de_Primera_División_2018-19_(Argentina)
2019-02-04,20:05,Sarmiento (J),Instituto,1,1,,,Primera Nacional,2018,zonas,,Fecha 14,Eva Perón,false,https://es.wikipedia.org/wiki/Campeonato_de_Primera_B_Nacional_2018-19
2019-02-04,21:00,Alvarado,Deportivo Camioneros,3,1,,,Torneo Federal A,2018,zonas,Zona A,Fecha 1,José María Minella,false,https://es.wikipedia.org/wiki/Torneo_Federal_A_2018-19
2019-02-04,21:00,Villa Mitre,Sansinena,0,0,,,Torneo Federal A,2018,zonas,Zona A,Fecha 1,El Fortín,false,https://es.wikipedia.org/wiki/Torneo_Federal_A_2018-19
2019-02-04,21:10,San Martín (SJ),Estudiantes (LP),3,0,,,Primera Division,2018,zonas,,Fecha 17,Ingeniero Hilario Sánchez,false,https://es.wikipedia.org/wiki/Campeonato_de_Primera_División_2018-19_(Argentina)
2019-02-05,17:00,Almirante Brown,San Telmo,0,0,,,Primera B,2018,zonas,,Fecha 22,República de Italia,false,https://es.wikipedia.org/wiki/Campeonato_de_Primera_B_2018-19_(Argentina)
2019-02-05,17:00,Colegiales,UAI Urquiza,0,0,,,Primera B,2018,zonas,,Fecha 22,Colegiales,false,https://es.wikipedia.org/wiki/Campeonato_de_Primera_B_2018-19_(Argentina)
2019-02-05,17:00,El Porvenir,Dock Sud,0,1,,,Primera C,2018,zonas,,Fecha 21,Gildo Francisco Ghersinich,false,https://es.wikipedia.org/wiki/Campeonato_de_Primera_C_2018-19_(Argentina)
2019-02-05,17:00,Sacachispas,All Boys,0,2,,,Primera B,2018,zonas,,Fecha 22,Beto Larrosa,false,https://es.wikipedia.org/wiki/Campeonato_de_Primera_B_2018-19_(Argentina)
2019-02-05,17:05,Defensores Unidos,Barracas Central,0,1,,,Primera B,2018,zonas,,Fecha 22,Gigante de Villa Fox,false,https://es.wikipedia.org/wiki/Campeonato_de_Primera_B_2018-19_(Argentina)
2019-02-05,21:05,Atlanta,Deportivo Español,6,1,,,Primera B,2018,zonas,,Fecha 22,Don León Kolbowsky,false,https://es.wikipedia.org/wiki/Campeonato_de_Primera_B_2018-19_(Argentina)
2019-02-06,17:00,Comunicaciones,Flandria,0,1,,,Primera B,2018,zonas,,Fecha 22,Alfredo Ramos,false,https://es.wikipedia.org/wiki/Campeonato_de_Primera_B_2018-19_(Argentina)
2019-02-06,17:00,Fénix,San Miguel,0,1,,,Primera B,2018,zonas,,Fecha 22,José Manuel Moreno,false,https://es.wikipedia.org/wiki/Campeonato_de_Primera_B_2018-19_(Argentina)
2019-02-06,17:00,J. J. de Urquiza,Estudiantes (BA),1,3,,,Primera B,2018,zonas,,Fecha 22,Malvinas Argentinas,false,https://es.wikipedia.org/wiki/Campeonato_de_Primera_B_2018-19_(Argentina)
2019-02-06,17:00,Talleres (RdE),Acassuso,0,0,,,Primera B,2018,zonas,,Fecha 22,Talleres (RdE),false,https://es.wikipedia.org/wiki/Campeonato_de_Primera_B_2018-19_(Argentina)
2019-02-07,17:00,Tristán Suárez,Deportivo Riestra,3,4,,,Primera B,2018,zonas,,Fecha 22,20 de Octubre,false,https://es.wikipedia.org/wiki/Campeonato_de_Primera_B_2018-19_(Argentina)
2019-02-08,17:00,Luján,Villa San Carlos,2,1,,,Primera C,2018,zonas,,Fecha 22,Municipal de la Ciudad de Luján,false,https://es.wikipedia.org/wiki/Campeonato_de_Primera_C_2018-19_(Argentina)
2019-02-08,17:00,Sportivo Italiano,Leandro N. Alem,3,1,,,Primera C,2018,zonas,,Fecha 22,República de Italia,false,https://es.wikipedia.org/wiki/Campeonato_de_Primera_C_2018-19_(Argentina)
2019-02-08,19:00,Tigre,Banfield,4,4,,,Primera Division,2018,zonas,,Fecha 18,Monumental de Victoria,false,https://es.wikipedia.org/wiki/Campeonato_de_Primera_División_2018-19_(Argentina)
2019-02-08,20:30,Ramón Santamarina,Ferro Carril Oeste,3,1,,,Primera Nacional,2018,zonas,,Fecha 15,Municipal General San Martin,false,https://es.wikipedia.org/wiki/Campeonato_de_Primera_B_Nacional_2018-19
2019-02-08,20:30,Sportivo Las Parejas,Defensores de Pronunciamiento,1,0,,,Torneo Federal A,2018,zonas,Zona B,Fecha 2,4 de Septiembre,false,https://es.wikipedia.org/wiki/Torneo_Federal_A_2018-19
2019-02-08,21:10,Huracán,Vélez Sarsfield,1,1,,,Primera Division,2018,zonas,,Fecha 18,Tomás A. Ducó,false,https://es.wikipedia.org/wiki/Campeonato_de_Primera_División_2018-19_(Argentina)
2019-02-08,21:10,Lanús,Gimnasia y Esgrima (LP),2,0,,,Primera Division,2018,zonas,,Fecha 18,Ciudad de Lanús,false,https://es.wikipedia.org/wiki/Campeonato_de_Primera_División_2018-19_(Argentina)
2019-02-08,21:30,Altos Hornos Zapla,San Martín (F),1,1,,,Torneo Federal A,2018,zonas,Zona D,Fecha 2,Emilio Fabrizzi,false,https://es.wikipedia.org/wiki/Torneo_Federal_A_2018-19
2019-02-08,21:30,Juventud Unida (G),Douglas Haig,1,1,,,Torneo Federal A,2018,zonas,Zona B,Fecha 2,De Los Eucaliptos,false,https://es.wikipedia.org/wiki/Torneo_Federal_A_2018-19
2019-02-08,22:00,Juventud Antoniana,Crucero del Norte,1,0,,,Torneo Federal A,2018,zonas,Zona D,Fecha 2,Padre Ernesto Martearena,false,https://es.wikipedia.org/wiki/Torneo_Federal_A_2018-19
2019-02-09,17:00,All Boys,Almirante Brown,3,1,,,Primera B,2018,zonas,,Fecha 23,Islas Malvinas,false,https://es.wikipedia.org/wiki/Campeonato_de_Primera_B_2018-19_(Argentina)
2019-02-09,17:00,Defensores de Belgrano,Guillermo Brown,1,0,,,Primera Nacional,2018,zonas,,Fecha 15,Juan Pasquale,false,https://es.wikipedia.org/wiki/Campeonato_de_Primera_B_Nacional_2018-19
2019-02-09,17:00,Deportivo Laferrere,Central Córdoba (R),2,1,,,Primera C,2018,zonas,,Fecha 22,Ciudad de Laferrere,false,https://es.wikipedia.org/wiki/Campeonato_de_Primera_C_2018-19_(Argentina)
2019-02-09,17:00,General Lamadrid,Sportivo Barracas,3,1,,,Primera C,2018,zonas,,Fecha 22,Enrique Sexto,false,https://es.wikipedia.org/wiki/Campeonato_de_Primera_C_2018-19_(Argentina)
2019-02-09,17:00,Villa Dálmine,Los Andes,1,0,,,Primera Nacional,2018,zonas,,Fecha 15,El Coliseo de Mitre y Puccini,false,https://es.wikipedia.org/wiki/Campeonato_de_Primera_B_Nacional_2018-19
2019-02-09,17:05,Barracas Central,J. J. de Urquiza,4,1,,,Primera B,2018,zonas,,Fecha 23,Claudio Chiqui Tapia,false,https://es.wikipedia.org/wiki/Campeonato_de_Primera_B_2018-19_(Argentina)
2019-02-09,17:10,Estudiantes (LP),Patronato,1,0,,,Primera Division,2018,zonas,,Fecha 18,Ciudad de La Plata,false,https://es.wikipedia.org/wiki/Campeonato_de_Primera_División_2018-19_(Argentina)
2019-02-09,18:00,Deportivo Madryn,Independiente (N),2,1,,,Torneo Federal A,2018,zonas,Zona A,Fecha 2,El Coliseo del Golfo,false,https://es.wikipedia.org/wiki/Torneo_Federal_A_2018-19
2019-02-09,18:00,Gimnasia y Esgrima (M),Central Córdoba (SdE),2,0,,,Primera Nacional,2018,zonas,,Fecha 15,Víctor Antonio Legrotaglie,false,https://es.wikipedia.org/wiki/Campeonato_de_Primera_B_Nacional_2018-19
2019-02-09,19:00,Sportivo Estudiantes (SL),Sportivo Belgrano,1,1,,,Torneo Federal A,2018,zonas,Zona C,Fecha 2,Héctor Odicino y Pedro Benoza,false,https://es.wikipedia.org/wiki/Torneo_Federal_A_2018-19
2019-02-09,19:05,Chacarita Juniors,Independiente Rivadavia,0,2,,,Primera Nacional,2018,zonas,,Fecha 15,Chacarita Juniors,false,https://es.wikipedia.org/wiki/Campeonato_de_Primera_B_Nacional_2018-19
2019-02-09,19:20,Atlético Tucumán,Talleres (C),0,0,,,Primera Division,2018,zonas,,Fecha 18,Monumental José Fierro,false,https://es.wikipedia.org/wiki/Campeonato_de_Primera_División_2018-19_(Argentina)
2019-02-09,19:20,Independiente,Unión,2,1,,,Primera Division,2018,zonas,,Fecha 18,Libertadores de América,false,https://es.wikipedia.org/wiki/Campeonato_de_Primera_División_2018-19_(Argentina)
2019-02-09,20:00,Juventud Unida Universitario,San Lorenzo de Alem,2,1,,,Torneo Federal A,2018,zonas,Zona C,Fecha 2,Mario Sebastián Diez,false,https://es.wikipedia.org/wiki/Torneo_Federal_A_2018-19
2019-02-09,20:45,Sarmiento (R),Desamparados,0,0,,,Torneo Federal A,2018,zonas,Zona B,Fecha 2,Centenario,false,https://es.wikipedia.org/wiki/Torneo_Federal_A_2018-19
2019-02-09,21:30,Cipolletti,Deportivo Roca,2,0,,,Torneo Federal A,2018,zonas,Zona A,Fecha 2,La Visera de Cemento,false,https://es.wikipedia.org/wiki/Torneo_Federal_A_2018-19
2019-02-09,21:30,Colón,San Lorenzo,1,1,,,Primera Division,2018,zonas,,Fecha 18,Brigadier Estanislao López,false,https://es.wikipedia.org/wiki/Campeonato_de_Primera_División_2018-19_(Argentina)
2019-02-10,17:00,Acassuso,Tristán Suárez,0,1,,,Primera B,2018,zonas,,Fecha 23,República de Italia,false,https://es.wikipedia.org/wiki/Campeonato_de_Primera_B_2018-19_(Argentina)
2019-02-10,17:00,Argentino de Quilmes,El Porvenir,3,0,,,Primera C,2018,zonas,,Fecha 22,Argentino de Quilmes,false,https://es.wikipedia.org/wiki/Campeonato_de_Primera_C_2018-19_(Argentina)
2019-02-10,17:00,Arsenal,Olimpo,2,0,,,Primera Nacional,2018,zonas,,Fecha 15,El Viaducto,false,https://es.wikipedia.org/wiki/Campeonato_de_Primera_B_Nacional_2018-19
2019-02-10,17:00,Cañuelas,Excursionistas,2,2,,,Primera C,2018,zonas,,Fecha 22,José Alfredo Arín,false,https://es.wikipedia.org/wiki/Campeonato_de_Primera_C_2018-19_(Argentina)
2019-02-10,17:00,Deportivo Armenio,Ituzaingó,3,1,,,Primera C,2018,zonas,,Fecha 22,Armenia,false,https://es.wikipedia.org/wiki/Campeonato_de_Primera_C_2018-19_(Argentina)
2019-02-10,17:00,Deportivo Camioneros,Sol de Mayo (V),2,1,,,Torneo Federal A,2018,zonas,Zona A,Fecha 2,Hugo Moyano,false,https://es.wikipedia.org/wiki/Torneo_Federal_A_2018-19
2019-02-10,17:00,Fénix,Sacachispas,1,1,,,Primera B,2018,zonas,,Fecha 23,José Manuel Moreno,false,https://es.wikipedia.org/wiki/Campeonato_de_Primera_B_2018-19_(Argentina)
2019-02-10,17:00,Gimnasia y Esgrima (CdU),Unión (S),1,1,,,Torneo Federal A,2018,zonas,Zona A,Fecha 2,Manuel y Ramón Núñez,false,https://es.wikipedia.org/wiki/Torneo_Federal_A_2018-19
2019-02-10,17:00,Gimnasia y Esgrima (J),Nueva Chicago,1,2,,,Primera Nacional,2018,zonas,,Fecha 15,23 de agosto,false,https://es.wikipedia.org/wiki/Campeonato_de_Primera_B_Nacional_2018-19
2019-02-10,17:00,Platense,Almagro,3,1,,,Primera Nacional,2018,zonas,,Fecha 15,Ciudad de Vicente López,false,https://es.wikipedia.org/wiki/Campeonato_de_Primera_B_Nacional_2018-19
2019-02-10,17:00,San Jorge (T),Huracán Las Heras,4,0,,,Torneo Federal A,2018,zonas,Zona B,Fecha 2,Ángel Pascual Sáez,false,https://es.wikipedia.org/wiki/Torneo_Federal_A_2018-19
2019-02-10,17:00,San Martín (B),Berazategui,2,2,,,Primera C,2018,zonas,,Fecha 22,Francisco Boga,false,https://es.wikipedia.org/wiki/Campeonato_de_Primera_C_2018-19_(Argentina)
2019-02-10,17:00,Sansinena,Alvarado,1,0,,,Torneo Federal A,2018,zonas,Zona A,Fecha 2,Luis Molina,false,https://es.wikipedia.org/wiki/Torneo_Federal_A_2018-19
2019-02-10,17:10,Godoy Cruz,San Martín (T),3,2,,,Primera Division,2018,zonas,,Fecha 18,Malvinas Argentinas,false,https://es.wikipedia.org/wiki/Campeonato_de_Primera_División_2018-19_(Argentina)
2019-02-10,17:10,Newell's Old Boys,Rosario Central,0,0,,,Primera Division,2018,zonas,,Fecha 18,Marcelo Bielsa,false,https://es.wikipedia.org/wiki/Campeonato_de_Primera_División_2018-19_(Argentina)
2019-02-10,18:00,Temperley,Sarmiento (J),2,1,,,Primera Nacional,2018,zonas,,Fecha 15,Alfredo Beranger,false,https://es.wikipedia.org/wiki/Campeonato_de_Primera_B_Nacional_2018-19
2019-02-10,18:15,Deportivo Maipú,Boca Unidos,2,0,,,Torneo Federal A,2018,zonas,Zona B,Fecha 2,Omar Higinio Sperdutti,false,https://es.wikipedia.org/wiki/Torneo_Federal_A_2018-19
2019-02-10,18:30,Chaco For Ever,Estudiantes (RC),1,4,,,Torneo Federal A,2018,zonas,Zona B,Fecha 2,Juan Alberto García,false,https://es.wikipedia.org/wiki/Torneo_Federal_A_2018-19
2019-02-10,19:00,Estudiantes (BA),Colegiales,0,0,,,Primera B,2018,zonas,,Fecha 23,Ciudad de Caseros,false,https://es.wikipedia.org/wiki/Campeonato_de_Primera_B_2018-19_(Argentina)
2019-02-10,19:00,Instituto,Brown de Adrogué,0,1,,,Primera Nacional,2018,zonas,,Fecha 15,Juan Domingo Perón,false,https://es.wikipedia.org/wiki/Campeonato_de_Primera_B_Nacional_2018-19
2019-02-10,19:20,River Plate,Racing Club,2,0,,,Primera Division,2018,zonas,,Fecha 18,Monumental,false,https://es.wikipedia.org/wiki/Campeonato_de_Primera_División_2018-19_(Argentina)
2019-02-10,20:00,Agropecuario,Atlético de Rafaela,2,0,,,Primera Nacional,2018,zonas,,Fecha 15,Ofelia Rosenzuaig,false,https://es.wikipedia.org/wiki/Campeonato_de_Primera_B_Nacional_2018-19
2019-02-10,20:00,Defensores de Belgrano (VR),Villa Mitre,2,1,,,Torneo Federal A,2018,zonas,Zona A,Fecha 2,Salomón Boeseldín,false,https://es.wikipedia.org/wiki/Torneo_Federal_A_2018-19
2019-02-10,21:00,Mitre (SdE),Quilmes,1,1,,,Primera Nacional,2018,zonas,,Fecha 15,Doctores José y Antonio Castiglione,false,https://es.wikipedia.org/wiki/Campeonato_de_Primera_B_Nacional_2018-19
2019-02-10,21:30,Belgrano,Boca Juniors,1,1,,,Primera Division,2018,zonas,,Fecha 18,Gigante de Alberdi,false,https://es.wikipedia.org/wiki/Campeonato_de_Primera_División_2018-19_(Argentina)
2019-02-11,17:00,Flandria,Talleres (RdE),2,0,,,Primera B,2018,zonas,,Fecha 23,Carlos V,false,https://es.wikipedia.org/wiki/Campeonato_de_Primera_B_2018-19_(Argentina)
2019-02-11,17:00,San Miguel,Deportivo Español,0,0,,,Primera B,2018,zonas,,Fecha 23,Malvinas Argentinas,false,https://es.wikipedia.org/wiki/Campeonato_de_Primera_B_2018-19_(Argentina)
2019-02-11,17:00,San Telmo,Defensores Unidos,3,0,,,Primera B,2018,zonas,,Fecha 23,Dr. Osvaldo Baletto,false,https://es.wikipedia.org/wiki/Campeonato_de_Primera_B_2018-19_(Argentina)
2019-02-11,17:00,UAI Urquiza,Comunicaciones,0,1,,,Primera B,2018,zonas,,Fecha 23,Monumental de Villa Lynch,false,https://es.wikipedia.org/wiki/Campeonato_de_Primera_B_2018-19_(Argentina)
2019-02-11,18:00,Ferrocarril Midland,Victoriano Arenas,1,2,,,Primera C,2018,zonas,,Fecha 22,Ciudad de Libertad,false,https://es.wikipedia.org/wiki/Campeonato_de_Primera_C_2018-19_(Argentina)
2019-02-11,19:00,Defensa y Justicia,Argentinos Juniors,2,1,,,Primera Division,2018,zonas,,Fecha 18,Norberto Tomaghello,false,https://es.wikipedia.org/wiki/Campeonato_de_Primera_División_2018-19_(Argentina)
2019-02-11,21:10,Aldosivi,San Martín (SJ),1,0,,,Primera Division,2018,zonas,,Fecha 18,José María Minella,false,https://es.wikipedia.org/wiki/Campeonato_de_Primera_División_2018-19_(Argentina)
2019-02-12,17:00,Deportivo Riestra,Atlanta,2,1,,,Primera B,2018,zonas,,Fecha 23,Guillermo Laza,false,https://es.wikipedia.org/wiki/Campeonato_de_Primera_B_2018-19_(Argentina)
2019-02-12,17:00,Dock Sud,Deportivo Merlo,2,2,,,Primera C,2018,zonas,,Fecha 22,De los Inmigrantes,false,https://es.wikipedia.org/wiki/Campeonato_de_Primera_C_2018-19_(Argentina)
2019-02-13,17:00,Independiente (N),Ferro Carril Oeste (GP),0,4,,,Torneo Federal A,2018,zonas,Zona A,Fecha 3,La Nueva Caldera,false,https://es.wikipedia.org/wiki/Torneo_Federal_A_2018-19
2019-02-13,17:30,San Martín (F),Gimnasia y Tiro (S),4,0,,,Torneo Federal A,2018,zonas,Zona D,Fecha 3,17 de Octubre,false,https://es.wikipedia.org/wiki/Torneo_Federal_A_2018-19
2019-02-13,21:00,Defensores de Pronunciamiento,Juventud Unida (G),2,0,,,Torneo Federal A,2018,zonas,Zona B,Fecha 3,Delio Cardozo,false,https://es.wikipedia.org/wiki/Torneo_Federal_A_2018-19
2019-02-13,21:00,Douglas Haig,Atlético Paraná,2,2,,,Torneo Federal A,2018,zonas,Zona B,Fecha 3,Miguel Morales,false,https://es.wikipedia.org/wiki/Torneo_Federal_A_2018-19
2019-02-13,21:00,San Lorenzo de Alem,Sportivo Estudiantes (SL),1,2,,,Torneo Federal A,2018,zonas,Zona C,Fecha 3,Malvinas Argentinas,false,https://es.wikipedia.org/wiki/Torneo_Federal_A_2018-19
2019-02-13,21:00,Sportivo Belgrano,Racing Club,1,2,,,Torneo Federal A,2018,zonas,Zona C,Fecha 3,Oscar C. Boero,false,https://es.wikipedia.org/wiki/Torneo_Federal_A_2018-19
2019-02-13,21:30,Crucero del Norte,Altos Hornos Zapla,1,0,,,Torneo Federal A,2018,zonas,Zona D,Fecha 3,Comandante Andrés Guacurarí,false,https://es.wikipedia.org/wiki/Torneo_Federal_A_2018-19
2019-02-13,21:30,Deportivo Roca,Deportivo Madryn,1,1,,,Torneo Federal A,2018,zonas,Zona A,Fecha 3,Luis Maiolino,false,https://es.wikipedia.org/wiki/Torneo_Federal_A_2018-19
2019-02-14,21:00,Rosario Central,River Plate,1,1,,,Primera Division,2018,zonas,,Fecha 15,Gigante de Arroyito,false,https://es.wikipedia.org/wiki/Campeonato_de_Primera_División_2018-19_(Argentina)
2019-02-15,17:00,Berazategui,Ferrocarril Midland,1,1,,,Primera C,2018,zonas,,Fecha 23,Norman Lee,false,https://es.wikipedia.org/wiki/Campeonato_de_Primera_C_2018-19_(Argentina)
2019-02-15,17:00,Ituzaingó,Deportivo Laferrere,1,0,,,Primera C,2018,zonas,,Fecha 23,Ituzaingó,false,https://es.wikipedia.org/wiki/Campeonato_de_Primera_C_2018-19_(Argentina)
2019-02-15,17:00,J. J. de Urquiza,San Telmo,2,2,,,Primera B,2018,zonas,,Fecha 24,Malvinas Argentinas,false,https://es.wikipedia.org/wiki/Campeonato_de_Primera_B_2018-19_(Argentina)
2019-02-15,17:00,Victoriano Arenas,Cañuelas,1,1,,,Primera C,2018,zonas,,Fecha 23,Saturnino Moure,false,https://es.wikipedia.org/wiki/Campeonato_de_Primera_C_2018-19_(Argentina)
2019-02-15,17:00,Villa San Carlos,Leandro N. Alem,0,0,,,Primera C,2018,zonas,,Fecha 23,Genacio Sálice,false,https://es.wikipedia.org/wiki/Campeonato_de_Primera_C_2018-19_(Argentina)
2019-02-15,19:00,Unión,Atlético Tucumán,3,0,,,Primera Division,2018,zonas,,Fecha 19,15 de abril,false,https://es.wikipedia.org/wiki/Campeonato_de_Primera_División_2018-19_(Argentina)
2019-02-15,19:00,Vélez Sarsfield,Colón,1,1,,,Primera Division,2018,zonas,,Fecha 19,José Amalfitani,false,https://es.wikipedia.org/wiki/Campeonato_de_Primera_División_2018-19_(Argentina)
2019-02-15,21:10,San Martín (T),Belgrano,0,0,,,Primera Division,2018,zonas,,Fecha 19,La Ciudadela,false,https://es.wikipedia.org/wiki/Campeonato_de_Primera_División_2018-19_(Argentina)
2019-02-15,22:00,Central Córdoba (SdE),Villa Dálmine,1,0,,,Primera Nacional,2018,zonas,,Fecha 16,Alfredo Terrera,false,https://es.wikipedia.org/wiki/Campeonato_de_Primera_B_Nacional_2018-19
2019-02-16,17:00,Almirante Brown,Fénix,0,1,,,Primera B,2018,zonas,,Fecha 24,Fragata Presidente Sarmiento,false,https://es.wikipedia.org/wiki/Campeonato_de_Primera_B_2018-19_(Argentina)
2019-02-16,17:00,Brown de Adrogué,Temperley,0,1,,,Primera Nacional,2018,zonas,,Fecha 16,Lorenzo Arandilla,false,https://es.wikipedia.org/wiki/Campeonato_de_Primera_B_Nacional_2018-19
2019-02-16,17:00,Central Córdoba (R),San Martín (B),0,0,,,Primera C,2018,zonas,,Fecha 23,Gabino Sosa,false,https://es.wikipedia.org/wiki/Campeonato_de_Primera_C_2018-19_(Argentina)
2019-02-16,17:00,Defensores Unidos,All Boys,1,3,,,Primera B,2018,zonas,,Fecha 24,Gigante de Villa Fox,false,https://es.wikipedia.org/wiki/Campeonato_de_Primera_B_2018-19_(Argentina)
2019-02-16,17:00,Deportivo Merlo,Argentino de Quilmes,2,3,,,Primera C,2018,zonas,,Fecha 23,José Manuel Moreno,false,https://es.wikipedia.org/wiki/Campeonato_de_Primera_C_2018-19_(Argentina)
2019-02-16,17:00,El Porvenir,Deportivo Armenio,2,1,,,Primera C,2018,zonas,,Fecha 23,Gildo Francisco Ghersinich,false,https://es.wikipedia.org/wiki/Campeonato_de_Primera_C_2018-19_(Argentina)
2019-02-16,17:00,Excursionistas,Sportivo Italiano,2,1,,,Primera C,2018,zonas,,Fecha 23,Excursionistas,false,https://es.wikipedia.org/wiki/Campeonato_de_Primera_C_2018-19_(Argentina)
2019-02-16,17:00,Ferro Carril Oeste,Instituto,1,1,,,Primera Nacional,2018,zonas,,Fecha 16,Arquitecto Ricardo Echeverri,false,https://es.wikipedia.org/wiki/Campeonato_de_Primera_B_Nacional_2018-19
2019-02-16,17:00,Los Andes,Agropecuario,0,1,,,Primera Nacional,2018,zonas,,Fecha 16,Eduardo Gallardón,false,https://es.wikipedia.org/wiki/Campeonato_de_Primera_B_Nacional_2018-19
2019-02-16,17:00,Luján,General Lamadrid,2,0,,,Primera C,2018,zonas,,Fecha 23,Municipal de la Ciudad de Luján,false,https://es.wikipedia.org/wiki/Campeonato_de_Primera_C_2018-19_(Argentina)
2019-02-16,17:00,Nueva Chicago,Ramón Santamarina,0,1,,,Primera Nacional,2018,zonas,,Fecha 16,Nueva Chicago,false,https://es.wikipedia.org/wiki/Campeonato_de_Primera_B_Nacional_2018-19
2019-02-16,17:10,San Lorenzo,Newell's Old Boys,1,1,,,Primera Division,2018,zonas,,Fecha 19,Nuevo Gasómetro,false,https://es.wikipedia.org/wiki/Campeonato_de_Primera_División_2018-19_(Argentina)
2019-02-16,19:05,Sarmiento (J),Mitre (SdE),1,0,,,Primera Nacional,2018,zonas,,Fecha 16,Eva Perón,false,https://es.wikipedia.org/wiki/Campeonato_de_Primera_B_Nacional_2018-19
2019-02-16,19:20,Gimnasia y Esgrima (LP),Defensa y Justicia,0,1,,,Primera Division,2018,zonas,,Fecha 19,Del Bosque,false,https://es.wikipedia.org/wiki/Campeonato_de_Primera_División_2018-19_(Argentina)
2019-02-16,19:20,Patronato,Aldosivi,0,0,,,Primera Division,2018,zonas,,Fecha 19,Presbítero Bartolomé Grella,false,https://es.wikipedia.org/wiki/Campeonato_de_Primera_División_2018-19_(Argentina)
2019-02-16,19:30,Atlético de Rafaela,Arsenal,0,0,,,Primera Nacional,2018,zonas,,Fecha 16,Nuevo Monumental,false,https://es.wikipedia.org/wiki/Campeonato_de_Primera_B_Nacional_2018-19
2019-02-16,21:30,San Martín (SJ),Independiente,1,1,,,Primera Division,2018,zonas,,Fecha 19,Ingeniero Hilario Sánchez,false,https://es.wikipedia.org/wiki/Campeonato_de_Primera_División_2018-19_(Argentina)
2019-02-17,17:00,Almagro,Gimnasia y Esgrima (M),0,0,,,Primera Nacional,2018,zonas,,Fecha 16,Tres de Febrero,false,https://es.wikipedia.org/wiki/Campeonato_de_Primera_B_Nacional_2018-19
2019-02-17,17:00,Atlanta,Acassuso,0,1,,,Primera B,2018,zonas,,Fecha 24,Don León Kolbowsky,false,https://es.wikipedia.org/wiki/Campeonato_de_Primera_B_2018-19_(Argentina)
2019-02-17,17:00,Atlético Paraná,Defensores de Pronunciamiento,2,3,,,Torneo Federal A,2018,zonas,Zona B,Fecha 4,Pedro Mutio,false,https://es.wikipedia.org/wiki/Torneo_Federal_A_2018-19
2019-02-17,17:00,Comunicaciones,Estudiantes (BA),0,1,,,Primera B,2018,zonas,,Fecha 24,Alfredo Ramos,false,https://es.wikipedia.org/wiki/Campeonato_de_Primera_B_2018-19_(Argentina)
2019-02-17,17:00,Guillermo Brown,Gimnasia y Esgrima (J),0,1,,,Primera Nacional,2018,zonas,,Fecha 16,Raul Conti,false,https://es.wikipedia.org/wiki/Campeonato_de_Primera_B_Nacional_2018-19
2019-02-17,17:00,Sol de Mayo (V),Sansinena,0,0,,,Torneo Federal A,2018,zonas,Zona A,Fecha 3,Sol de Mayo,false,https://es.wikipedia.org/wiki/Torneo_Federal_A_2018-19
2019-02-17,17:00,Sportivo Barracas,Dock Sud,0,1,,,Primera C,2018,zonas,,Fecha 23,República de Italia,false,https://es.wikipedia.org/wiki/Campeonato_de_Primera_C_2018-19_(Argentina)
2019-02-17,17:00,Tristán Suárez,Flandria,1,2,,,Primera B,2018,zonas,,Fecha 24,20 de Octubre,false,https://es.wikipedia.org/wiki/Campeonato_de_Primera_B_2018-19_(Argentina)
2019-02-17,17:05,Colegiales,Barracas Central,0,1,,,Primera B,2018,zonas,,Fecha 24,Colegiales,false,https://es.wikipedia.org/wiki/Campeonato_de_Primera_B_2018-19_(Argentina)
2019-02-17,17:10,Rosario Central,Tigre,0,2,,,Primera Division,2018,zonas,,Fecha 19,Gigante de Arroyito,false,https://es.wikipedia.org/wiki/Campeonato_de_Primera_División_2018-19_(Argentina)
2019-02-17,17:10,Talleres (C),Huracán,0,0,,,Primera Division,2018,zonas,,Fecha 19,Mario Alberto Kempes,false,https://es.wikipedia.org/wiki/Campeonato_de_Primera_División_2018-19_(Argentina)
2019-02-17,18:00,Deportivo Madryn,Cipolletti,1,0,,,Torneo Federal A,2018,zonas,Zona A,Fecha 4,El Coliseo del Golfo,false,https://es.wikipedia.org/wiki/Torneo_Federal_A_2018-19
2019-02-17,18:00,Huracán Las Heras,Deportivo Maipú,2,1,,,Torneo Federal A,2018,zonas,Zona B,Fecha 3,General San Martín,false,https://es.wikipedia.org/wiki/Torneo_Federal_A_2018-19
2019-02-17,18:00,Racing Club,San Lorenzo de Alem,2,0,,,Torneo Federal A,2018,zonas,Zona C,Fecha 4,Miguel Sancho,false,https://es.wikipedia.org/wiki/Torneo_Federal_A_2018-19
2019-02-17,18:30,Independiente Rivadavia,Deportivo Morón,1,1,,,Primera Nacional,2018,zonas,,Fecha 16,Bautista Gargantini,false,https://es.wikipedia.org/wiki/Campeonato_de_Primera_B_Nacional_2018-19
2019-02-17,19:00,Gimnasia y Tiro (S),Crucero del Norte,1,0,,,Torneo Federal A,2018,zonas,Zona D,Fecha 4,El Gigante del Norte,false,https://es.wikipedia.org/wiki/Torneo_Federal_A_2018-19
2019-02-17,19:00,Juventud Unida (G),Sportivo Las Parejas,1,2,,,Torneo Federal A,2018,zonas,Zona B,Fecha 4,De Los Eucaliptos,false,https://es.wikipedia.org/wiki/Torneo_Federal_A_2018-19
2019-02-17,19:00,Unión (S),Deportivo Camioneros,2,1,,,Torneo Federal A,2018,zonas,Zona A,Fecha 3,De la Avenida,false,https://es.wikipedia.org/wiki/Torneo_Federal_A_2018-19
2019-02-17,19:20,Boca Juniors,Lanús,2,1,,,Primera Division,2018,zonas,,Fecha 19,La Bombonera,false,https://es.wikipedia.org/wiki/Campeonato_de_Primera_División_2018-19_(Argentina)
2019-02-17,20:30,Desamparados,Chaco For Ever,2,1,,,Torneo Federal A,2018,zonas,Zona B,Fecha 3,El Serpentario,false,https://es.wikipedia.org/wiki/Torneo_Federal_A_2018-19
2019-02-17,21:00,Alvarado,Defensores de Belgrano (VR),0,0,,,Torneo Federal A,2018,zonas,Zona A,Fecha 3,José María Minella,false,https://es.wikipedia.org/wiki/Torneo_Federal_A_2018-19
2019-02-17,21:00,Estudiantes (RC),San Jorge (T),4,2,,,Torneo Federal A,2018,zonas,Zona B,Fecha 3,Ciudad de Río Cuarto,false,https://es.wikipedia.org/wiki/Torneo_Federal_A_2018-19
2019-02-17,21:00,Olimpo,Defensores de Belgrano,0,1,,,Primera Nacional,2018,zonas,,Fecha 16,Roberto N. Carminatti,false,https://es.wikipedia.org/wiki/Campeonato_de_Primera_B_Nacional_2018-19
2019-02-17,21:00,Sportivo Estudiantes (SL),Juventud Unida Universitario,1,1,,,Torneo Federal A,2018,zonas,Zona C,Fecha 4,Héctor Odicino y Pedro Benoza,false,https://es.wikipedia.org/wiki/Torneo_Federal_A_2018-19
2019-02-17,21:30,Banfield,River Plate,1,1,,,Primera Division,2018,zonas,,Fecha 19,Florencio Sola,false,https://es.wikipedia.org/wiki/Campeonato_de_Primera_División_2018-19_(Argentina)
2019-02-18,17:00,Deportivo Español,Deportivo Riestra,1,2,,,Primera B,2018,zonas,,Fecha 24,Nueva España,false,https://es.wikipedia.org/wiki/Campeonato_de_Primera_B_2018-19_(Argentina)
2019-02-18,17:00,Sacachispas,San Miguel,1,1,,,Primera B,2018,zonas,,Fecha 24,Beto Larrosa,false,https://es.wikipedia.org/wiki/Campeonato_de_Primera_B_2018-19_(Argentina)
2019-02-18,19:00,Argentinos Juniors,Estudiantes (LP),2,1,,,Primera Division,2018,zonas,,Fecha 19,Diego Armando Maradona,false,https://es.wikipedia.org/wiki/Campeonato_de_Primera_División_2018-19_(Argentina)
2019-02-18,21:00,Altos Hornos Zapla,Juventud Antoniana,1,0,,,Torneo Federal A,2018,zonas,Zona D,Fecha 4,Emilio Fabrizzi,false,https://es.wikipedia.org/wiki/Torneo_Federal_A_2018-19
2019-02-18,21:00,Boca Unidos,Sarmiento (R),1,2,,,Torneo Federal A,2018,zonas,Zona B,Fecha 3,Leoncio Benítez,false,https://es.wikipedia.org/wiki/Torneo_Federal_A_2018-19
2019-02-18,21:00,Ferro Carril Oeste (GP),Deportivo Roca,0,0,,,Torneo Federal A,2018,zonas,Zona A,Fecha 4,El Coloso del Barrio Talleres,false,https://es.wikipedia.org/wiki/Torneo_Federal_A_2018-19
2019-02-18,21:00,Villa Mitre,Gimnasia y Esgrima (CdU),0,0,,,Torneo Federal A,2018,zonas,Zona A,Fecha 3,El Fortín,false,https://es.wikipedia.org/wiki/Torneo_Federal_A_2018-19
2019-02-18,21:10,Racing Club,Godoy Cruz,3,0,,,Primera Division,2018,zonas,,Fecha 19,El Cilindro,false,https://es.wikipedia.org/wiki/Campeonato_de_Primera_División_2018-19_(Argentina)
2019-02-19,18:00,Talleres (RdE),UAI Urquiza,2,0,,,Primera B,2018,zonas,,Fecha 24,Talleres (RdE),false,https://es.wikipedia.org/wiki/Campeonato_de_Primera_B_2018-19_(Argentina)
2019-02-19,21:05,Quilmes,Chacarita Juniors,2,1,,,Primera Nacional,2018,zonas,,Fecha 16,Centenario,false,https://es.wikipedia.org/wiki/Campeonato_de_Primera_B_Nacional_2018-19
2019-02-20,17:30,General Lamadrid,Villa San Carlos,3,1,,,Primera C,2018,zonas,,Fecha 24,Enrique Sexto,false,https://es.wikipedia.org/wiki/Campeonato_de_Primera_C_2018-19_(Argentina)
2019-02-20,18:00,Cañuelas,Berazategui,1,3,,,Primera C,2018,zonas,,Fecha 24,José Alfredo Arín,false,https://es.wikipedia.org/wiki/Campeonato_de_Primera_C_2018-19_(Argentina)
2019-02-20,18:00,Deportivo Armenio,Deportivo Merlo,0,2,,,Primera C,2018,zonas,,Fecha 24,Armenia,false,https://es.wikipedia.org/wiki/Campeonato_de_Primera_C_2018-19_(Argentina)
2019-02-20,18:00,Deportivo Laferrere,El Porvenir,2,0,,,Primera C,2018,zonas,,Fecha 24,Ciudad de Laferrere,false,https://es.wikipedia.org/wiki/Campeonato_de_Primera_C_2018-19_(Argentina)
2019-02-20,18:00,Ferrocarril Midland,Central Córdoba (R),3,3,,,Primera C,2018,zonas,,Fecha 24,Ciudad de Libertad,false,https://es.wikipedia.org/wiki/Campeonato_de_Primera_C_2018-19_(Argentina)
2019-02-20,18:00,Leandro N. Alem,Excursionistas,0,0,,,Primera C,2018,zonas,,Fecha 24,Leandro N. Alem,false,https://es.wikipedia.org/wiki/Campeonato_de_Primera_C_2018-19_(Argentina)
2019-02-20,18:00,San Martín (B),Ituzaingó,1,0,,,Primera C,2018,zonas,,Fecha 24,Francisco Boga,false,https://es.wikipedia.org/wiki/Campeonato_de_Primera_C_2018-19_(Argentina)
2019-02-20,21:00,Boca Juniors,Atlético Tucumán,1,2,,,Primera Division,2018,zonas,,Fecha 15,La Bombonera,false,https://es.wikipedia.org/wiki/Campeonato_de_Primera_División_2018-19_(Argentina)
2019-02-21,18:00,Argentino de Quilmes,Sportivo Barracas,4,0,,,Primera C,2018,zonas,,Fecha 24,Argentino de Quilmes,false,https://es.wikipedia.org/wiki/Campeonato_de_Primera_C_2018-19_(Argentina)
2019-02-21,18:00,Dock Sud,Luján,1,1,,,Primera C,2018,zonas,,Fecha 24,De los Inmigrantes,false,https://es.wikipedia.org/wiki/Campeonato_de_Primera_C_2018-19_(Argentina)
2019-02-21,20:00,Sportivo Italiano,Victoriano Arenas,2,2,,,Primera C,2018,zonas,,Fecha 24,República de Italia,false,https://es.wikipedia.org/wiki/Campeonato_de_Primera_C_2018-19_(Argentina)
2019-02-22,17:00,San Miguel,Deportivo Riestra,0,0,,,Primera B,2018,zonas,,Fecha 25,Malvinas Argentinas,false,https://es.wikipedia.org/wiki/Campeonato_de_Primera_B_2018-19_(Argentina)
2019-02-22,17:05,Barracas Central,Comunicaciones,6,0,,,Primera B,2018,zonas,,Fecha 25,Claudio Chiqui Tapia,false,https://es.wikipedia.org/wiki/Campeonato_de_Primera_B_2018-19_(Argentina)
2019-02-22,18:45,Estudiantes (BA),Talleres (RdE),2,0,,,Primera B,2018,zonas,,Fecha 25,Ciudad de Caseros,false,https://es.wikipedia.org/wiki/Campeonato_de_Primera_B_2018-19_(Argentina)
2019-02-22,19:00,Tigre,Patronato,2,1,,,Primera Division,2018,zonas,,Fecha 20,Monumental de Victoria,false,https://es.wikipedia.org/wiki/Campeonato_de_Primera_División_2018-19_(Argentina)
2019-02-22,21:00,Defensores de Belgrano (VR),Sol de Mayo (V),2,1,,,Torneo Federal A,2018,zonas,Zona A,Fecha 4,Salomón Boeseldín,false,https://es.wikipedia.org/wiki/Torneo_Federal_A_2018-19
2019-02-22,21:10,Colón,Banfield,0,1,,,Primera Division,2018,zonas,,Fecha 20,Brigadier Estanislao López,false,https://es.wikipedia.org/wiki/Campeonato_de_Primera_División_2018-19_(Argentina)
2019-02-22,21:10,Lanús,Rosario Central,2,0,,,Primera Division,2018,zonas,,Fecha 20,Ciudad de Lanús,false,https://es.wikipedia.org/wiki/Campeonato_de_Primera_División_2018-19_(Argentina)
2019-02-23,17:00,Acassuso,Deportivo Español,1,0,,,Primera B,2018,zonas,,Fecha 25,República de Italia,false,https://es.wikipedia.org/wiki/Campeonato_de_Primera_B_2018-19_(Argentina)
2019-02-23,17:00,Central Córdoba (R),Cañuelas,4,2,,,Primera C,2018,zonas,,Fecha 25,Gabino Sosa,false,https://es.wikipedia.org/wiki/Campeonato_de_Primera_C_2018-19_(Argentina)
2019-02-23,17:00,Defensores de Belgrano,Atlético de Rafaela,0,3,,,Primera Nacional,2018,zonas,,Fecha 17,Juan Pasquale,false,https://es.wikipedia.org/wiki/Campeonato_de_Primera_B_Nacional_2018-19
2019-02-23,17:00,Deportivo Merlo,Deportivo Laferrere,2,3,,,Primera C,2018,zonas,,Fecha 25,José Manuel Moreno,false,https://es.wikipedia.org/wiki/Campeonato_de_Primera_C_2018-19_(Argentina)
2019-02-23,17:00,Ituzaingó,Ferrocarril Midland,0,0,,,Primera C,2018,zonas,,Fecha 25,Ituzaingó,false,https://es.wikipedia.org/wiki/Campeonato_de_Primera_C_2018-19_(Argentina)
2019-02-23,17:00,Sacachispas,Almirante Brown,0,0,,,Primera B,2018,zonas,,Fecha 25,Beto Larrosa,false,https://es.wikipedia.org/wiki/Campeonato_de_Primera_B_2018-19_(Argentina)
2019-02-23,17:05,Chacarita Juniors,Sarmiento (J),1,3,,,Primera Nacional,2018,zonas,,Fecha 17,Chacarita Juniors,false,https://es.wikipedia.org/wiki/Campeonato_de_Primera_B_Nacional_2018-19
2019-02-23,17:10,Godoy Cruz,Vélez Sarsfield,0,2,,,Primera Division,2018,zonas,,Fecha 20,Malvinas Argentinas,false,https://es.wikipedia.org/wiki/Campeonato_de_Primera_División_2018-19_(Argentina)
2019-02-23,17:10,Huracán,Unión,1,3,,,Primera Division,2018,zonas,,Fecha 20,Tomás A. Ducó,false,https://es.wikipedia.org/wiki/Campeonato_de_Primera_División_2018-19_(Argentina)
2019-02-23,19:00,Agropecuario,Central Córdoba (SdE),1,1,,,Primera Nacional,2018,zonas,,Fecha 17,Ofelia Rosenzuaig,false,https://es.wikipedia.org/wiki/Campeonato_de_Primera_B_Nacional_2018-19
2019-02-23,19:00,Villa Dálmine,Almagro,2,0,,,Primera Nacional,2018,zonas,,Fecha 17,El Coliseo de Mitre y Puccini,false,https://es.wikipedia.org/wiki/Campeonato_de_Primera_B_Nacional_2018-19
2019-02-23,19:05,Instituto,Nueva Chicago,2,3,,,Primera Nacional,2018,zonas,,Fecha 17,Juan Domingo Perón,false,https://es.wikipedia.org/wiki/Campeonato_de_Primera_B_Nacional_2018-19
2019-02-23,19:20,Belgrano,San Lorenzo,0,0,,,Primera Division,2018,zonas,,Fecha 20,Gigante de Alberdi,false,https://es.wikipedia.org/wiki/Campeonato_de_Primera_División_2018-19_(Argentina)
2019-02-23,20:30,Ramón Santamarina,Guillermo Brown,0,2,,,Primera Nacional,2018,zonas,,Fecha 17,Municipal General San Martin,false,https://es.wikipedia.org/wiki/Campeonato_de_Primera_B_Nacional_2018-19
2019-02-23,21:00,Mitre (SdE),Brown de Adrogué,0,1,,,Primera Nacional,2018,zonas,,Fecha 17,Doctores José y Antonio Castiglione,false,https://es.wikipedia.org/wiki/Campeonato_de_Primera_B_Nacional_2018-19
2019-02-23,21:30,Chaco For Ever,Boca Unidos,2,0,,,Torneo Federal A,2018,zonas,Zona B,Fecha 4,Juan Alberto García,false,https://es.wikipedia.org/wiki/Torneo_Federal_A_2018-19
2019-02-23,21:30,Independiente,Racing Club,1,3,,,Primera Division,2018,zonas,,Fecha 20,Libertadores de América,false,https://es.wikipedia.org/wiki/Campeonato_de_Primera_División_2018-19_(Argentina)
2019-02-24,17:00,Arsenal,Los Andes,1,1,,,Primera Nacional,2018,zonas,,Fecha 17,El Viaducto,false,https://es.wikipedia.org/wiki/Campeonato_de_Primera_B_Nacional_2018-19
2019-02-24,17:00,Deportivo Morón,Quilmes,1,0,,,Primera Nacional,2018,zonas,,Fecha 17,Nuevo Francisco Urbano,false,https://es.wikipedia.org/wiki/Campeonato_de_Primera_B_Nacional_2018-19
2019-02-24,17:00,El Porvenir,San Martín (B),2,3,,,Primera C,2018,zonas,,Fecha 25,Gildo Francisco Ghersinich,false,https://es.wikipedia.org/wiki/Campeonato_de_Primera_C_2018-19_(Argentina)
2019-02-24,17:00,Flandria,Atlanta,2,2,,,Primera B,2018,zonas,,Fecha 25,Carlos V,false,https://es.wikipedia.org/wiki/Campeonato_de_Primera_B_2018-19_(Argentina)
2019-02-24,17:00,General Lamadrid,Dock Sud,0,2,,,Primera C,2018,zonas,,Fecha 25,Enrique Sexto,false,https://es.wikipedia.org/wiki/Campeonato_de_Primera_C_2018-19_(Argentina)
2019-02-24,17:00,Gimnasia y Esgrima (CdU),Alvarado,1,1,,,Torneo Federal A,2018,zonas,Zona A,Fecha 4,Manuel y Ramón Núñez,false,https://es.wikipedia.org/wiki/Torneo_Federal_A_2018-19
2019-02-24,17:00,Gimnasia y Esgrima (J),Olimpo,1,1,,,Primera Nacional,2018,zonas,,Fecha 17,23 de agosto,false,https://es.wikipedia.org/wiki/Campeonato_de_Primera_B_Nacional_2018-19
2019-02-24,17:00,Sansinena,Deportivo Camioneros,3,3,,,Torneo Federal A,2018,zonas,Zona A,Fecha 4,Luis Molina,false,https://es.wikipedia.org/wiki/Torneo_Federal_A_2018-19
2019-02-24,17:10,River Plate,San Martín (T),2,1,,,Primera Division,2018,zonas,,Fecha 20,Monumental,false,https://es.wikipedia.org/wiki/Campeonato_de_Primera_División_2018-19_(Argentina)
2019-02-24,17:30,Crucero del Norte,San Martín (F),1,0,,,Torneo Federal A,2018,zonas,Zona D,Fecha 5,Comandante Andrés Guacurarí,false,https://es.wikipedia.org/wiki/Torneo_Federal_A_2018-19
2019-02-24,18:00,Defensores de Pronunciamiento,Douglas Haig,0,0,,,Torneo Federal A,2018,zonas,Zona B,Fecha 5,Delio Cardozo,false,https://es.wikipedia.org/wiki/Torneo_Federal_A_2018-19
2019-02-24,18:00,Gimnasia y Esgrima (M),Platense,0,3,,,Primera Nacional,2018,zonas,,Fecha 17,Víctor Antonio Legrotaglie,false,https://es.wikipedia.org/wiki/Campeonato_de_Primera_B_Nacional_2018-19
2019-02-24,18:00,Juventud Antoniana,Gimnasia y Tiro (S),1,1,,,Torneo Federal A,2018,zonas,Zona D,Fecha 5,Padre Ernesto Martearena,false,https://es.wikipedia.org/wiki/Torneo_Federal_A_2018-19
2019-02-24,18:00,San Lorenzo de Alem,Sportivo Belgrano,2,3,,,Torneo Federal A,2018,zonas,Zona C,Fecha 5,Malvinas Argentinas,false,https://es.wikipedia.org/wiki/Torneo_Federal_A_2018-19
2019-02-24,18:15,Deportivo Maipú,San Jorge (T),2,1,,,Torneo Federal A,2018,zonas,Zona B,Fecha 4,Omar Higinio Sperdutti,false,https://es.wikipedia.org/wiki/Torneo_Federal_A_2018-19
2019-02-24,19:00,Cipolletti,Ferro Carril Oeste (GP),2,2,,,Torneo Federal A,2018,zonas,Zona A,Fecha 5,La Visera de Cemento,false,https://es.wikipedia.org/wiki/Torneo_Federal_A_2018-19
2019-02-24,19:00,Deportivo Roca,Independiente (N),1,2,,,Torneo Federal A,2018,zonas,Zona A,Fecha 5,Luis Maiolino,false,https://es.wikipedia.org/wiki/Torneo_Federal_A_2018-19
2019-02-24,19:00,Sportivo Las Parejas,Atlético Paraná,5,0,,,Torneo Federal A,2018,zonas,Zona B,Fecha 5,4 de Septiembre,false,https://es.wikipedia.org/wiki/Torneo_Federal_A_2018-19
2019-02-24,19:20,Atlético Tucumán,Argentinos Juniors,0,0,,,Primera Division,2018,zonas,,Fecha 20,Monumental José Fierro,false,https://es.wikipedia.org/wiki/Campeonato_de_Primera_División_2018-19_(Argentina)
2019-02-24,19:20,Estudiantes (LP),Talleres (C),0,1,,,Primera Division,2018,zonas,,Fecha 20,Ciudad de La Plata,false,https://es.wikipedia.org/wiki/Campeonato_de_Primera_División_2018-19_(Argentina)
2019-02-24,19:30,Sarmiento (R),Huracán Las Heras,1,0,,,Torneo Federal A,2018,zonas,Zona B,Fecha 4,Centenario,false,https://es.wikipedia.org/wiki/Torneo_Federal_A_2018-19
2019-02-24,20:00,Juventud Unida Universitario,Racing Club,0,0,,,Torneo Federal A,2018,zonas,Zona C,Fecha 5,Mario Sebastián Diez,false,https://es.wikipedia.org/wiki/Torneo_Federal_A_2018-19
2019-02-24,20:30,Desamparados,Estudiantes (RC),1,1,,,Torneo Federal A,2018,zonas,Zona B,Fecha 4,El Serpentario,false,https://es.wikipedia.org/wiki/Torneo_Federal_A_2018-19
2019-02-24,21:00,Villa Mitre,Unión (S),3,1,,,Torneo Federal A,2018,zonas,Zona A,Fecha 4,El Fortín,false,https://es.wikipedia.org/wiki/Torneo_Federal_A_2018-19
2019-02-24,21:30,Defensa y Justicia,Boca Juniors,0,1,,,Primera Division,2018,zonas,,Fecha 20,Norberto Tomaghello,false,https://es.wikipedia.org/wiki/Campeonato_de_Primera_División_2018-19_(Argentina)
2019-02-25,17:00,Berazategui,Sportivo Italiano,1,1,,,Primera C,2018,zonas,,Fecha 25,Norman Lee,false,https://es.wikipedia.org/wiki/Campeonato_de_Primera_C_2018-19_(Argentina)
2019-02-25,17:00,Fénix,Defensores Unidos,1,1,,,Primera B,2018,zonas,,Fecha 25,José Manuel Moreno,false,https://es.wikipedia.org/wiki/Campeonato_de_Primera_B_2018-19_(Argentina)
2019-02-25,17:00,San Telmo,Colegiales,3,1,,,Primera B,2018,zonas,,Fecha 25,Dr. Osvaldo Baletto,false,https://es.wikipedia.org/wiki/Campeonato_de_Primera_B_2018-19_(Argentina)
2019-02-25,17:00,UAI Urquiza,Tristán Suárez,2,1,,,Primera B,2018,zonas,,Fecha 25,Monumental de Villa Lynch,false,https://es.wikipedia.org/wiki/Campeonato_de_Primera_B_2018-19_(Argentina)
2019-02-25,17:00,Villa San Carlos,Excursionistas,0,1,,,Primera C,2018,zonas,,Fecha 25,Genacio Sálice,false,https://es.wikipedia.org/wiki/Campeonato_de_Primera_C_2018-19_(Argentina)
2019-02-25,19:00,Aldosivi,Gimnasia y Esgrima (LP),0,0,,,Primera Division,2018,zonas,,Fecha 20,José María Minella,false,https://es.wikipedia.org/wiki/Campeonato_de_Primera_División_2018-19_(Argentina)
2019-02-25,19:00,All Boys,J. J. de Urquiza,1,1,,,Primera B,2018,zonas,,Fecha 25,Islas Malvinas,false,https://es.wikipedia.org/wiki/Campeonato_de_Primera_B_2018-19_(Argentina)
2019-02-25,21:00,Temperley,Ferro Carril Oeste,2,2,,,Primera Nacional,2018,zonas,,Fecha 17,Alfredo Beranger,false,https://es.wikipedia.org/wiki/Campeonato_de_Primera_B_Nacional_2018-19
2019-02-25,21:10,Newell's Old Boys,San Martín (SJ),3,0,,,Primera Division,2018,zonas,,Fecha 20,Marcelo Bielsa,false,https://es.wikipedia.org/wiki/Campeonato_de_Primera_División_2018-19_(Argentina)
2019-02-26,17:00,Barracas Central,Deportivo Riestra,1,0,,,Primera B,2018,zonas,,Fecha 11,Claudio Chiqui Tapia,false,https://es.wikipedia.org/wiki/Campeonato_de_Primera_B_2018-19_(Argentina)
2019-02-26,17:00,Luján,Argentino de Quilmes,0,1,,,Primera C,2018,zonas,,Fecha 25,Municipal de la Ciudad de Luján,false,https://es.wikipedia.org/wiki/Campeonato_de_Primera_C_2018-19_(Argentina)
2019-02-26,17:00,Sportivo Barracas,Deportivo Armenio,1,0,,,Primera C,2018,zonas,,Fecha 25,República de Italia,false,https://es.wikipedia.org/wiki/Campeonato_de_Primera_C_2018-19_(Argentina)
2019-02-26,17:00,Victoriano Arenas,Leandro N. Alem,1,0,,,Primera C,2018,zonas,,Fecha 25,Saturnino Moure,false,https://es.wikipedia.org/wiki/Campeonato_de_Primera_C_2018-19_(Argentina)
2019-03-01,17:00,Almagro,Agropecuario,1,1,,,Primera Nacional,2018,zonas,,Fecha 18,Tres de Febrero,false,https://es.wikipedia.org/wiki/Campeonato_de_Primera_B_Nacional_2018-19
2019-03-01,17:00,Dock Sud,Villa San Carlos,0,0,,,Primera C,2018,zonas,,Fecha 26,De los Inmigrantes,false,https://es.wikipedia.org/wiki/Campeonato_de_Primera_C_2018-19_(Argentina)
2019-03-01,19:00,San Lorenzo,Argentinos Juniors,2,3,,,Primera Division,2018,zonas,,Fecha 21,Nuevo Gasómetro,false,https://es.wikipedia.org/wiki/Campeonato_de_Primera_División_2018-19_(Argentina)
2019-03-01,20:00,Sportivo Las Parejas,Douglas Haig,1,1,,,Torneo Federal A,2018,zonas,Zona B,Fecha 6,4 de Septiembre,false,https://es.wikipedia.org/wiki/Torneo_Federal_A_2018-19
2019-03-01,21:00,Atlético de Rafaela,Gimnasia y Esgrima (J),2,1,,,Primera Nacional,2018,zonas,,Fecha 18,Nuevo Monumental,false,https://es.wikipedia.org/wiki/Campeonato_de_Primera_B_Nacional_2018-19
2019-03-01,21:10,Unión,Boca Juniors,1,3,,,Primera Division,2018,zonas,,Fecha 21,15 de abril,false,https://es.wikipedia.org/wiki/Campeonato_de_Primera_División_2018-19_(Argentina)
2019-03-01,21:30,Altos Hornos Zapla,Gimnasia y Tiro (S),1,0,,,Torneo Federal A,2018,zonas,Zona D,Fecha 6,Emilio Fabrizzi,false,https://es.wikipedia.org/wiki/Torneo_Federal_A_2018-19
2019-03-01,21:30,Estudiantes (RC),Deportivo Maipú,4,2,,,Torneo Federal A,2018,zonas,Zona B,Fecha 5,Ciudad de Río Cuarto,false,https://es.wikipedia.org/wiki/Torneo_Federal_A_2018-19
2019-03-01,22:00,Central Córdoba (SdE),Arsenal,1,1,,,Primera Nacional,2018,zonas,,Fecha 18,Alfredo Terrera,false,https://es.wikipedia.org/wiki/Campeonato_de_Primera_B_Nacional_2018-19
2019-03-01,22:00,Juventud Antoniana,San Martín (F),1,2,,,Torneo Federal A,2018,zonas,Zona D,Fecha 6,Padre Ernesto Martearena,false,https://es.wikipedia.org/wiki/Torneo_Federal_A_2018-19
2019-03-02,17:00,Almirante Brown,San Miguel,0,0,,,Primera B,2018,zonas,,Fecha 26,Fragata Presidente Sarmiento,false,https://es.wikipedia.org/wiki/Campeonato_de_Primera_B_2018-19_(Argentina)
2019-03-02,17:00,Brown de Adrogué,Chacarita Juniors,3,0,,,Primera Nacional,2018,zonas,,Fecha 18,Lorenzo Arandilla,false,https://es.wikipedia.org/wiki/Campeonato_de_Primera_B_Nacional_2018-19
2019-03-02,17:00,Cañuelas,Ituzaingó,1,2,,,Primera C,2018,zonas,,Fecha 26,José Alfredo Arín,false,https://es.wikipedia.org/wiki/Campeonato_de_Primera_C_2018-19_(Argentina)
2019-03-02,17:00,Comunicaciones,San Telmo,0,2,,,Primera B,2018,zonas,,Fecha 26,Alfredo Ramos,false,https://es.wikipedia.org/wiki/Campeonato_de_Primera_B_2018-19_(Argentina)
2019-03-02,17:00,Defensores Unidos,Sacachispas,0,0,,,Primera B,2018,zonas,,Fecha 26,Gigante de Villa Fox,false,https://es.wikipedia.org/wiki/Campeonato_de_Primera_B_2018-19_(Argentina)
2019-03-02,17:00,Ferrocarril Midland,El Porvenir,1,1,,,Primera C,2018,zonas,,Fecha 26,Ciudad de Libertad,false,https://es.wikipedia.org/wiki/Campeonato_de_Primera_C_2018-19_(Argentina)
2019-03-02,17:00,Los Andes,Defensores de Belgrano,1,1,,,Primera Nacional,2018,zonas,,Fecha 18,Eduardo Gallardón,false,https://es.wikipedia.org/wiki/Campeonato_de_Primera_B_Nacional_2018-19
2019-03-02,17:05,Talleres (RdE),Barracas Central,0,0,,,Primera B,2018,zonas,,Fecha 26,Talleres (RdE),false,https://es.wikipedia.org/wiki/Campeonato_de_Primera_B_2018-19_(Argentina)
2019-03-02,17:10,Rosario Central,Belgrano,0,0,,,Primera Division,2018,zonas,,Fecha 21,Gigante de Arroyito,false,https://es.wikipedia.org/wiki/Campeonato_de_Primera_División_2018-19_(Argentina)
2019-03-02,18:00,Juventud Unida Universitario,Sportivo Belgrano,1,4,,,Torneo Federal A,2018,zonas,Zona C,Fecha 6,Mario Sebastián Diez,false,https://es.wikipedia.org/wiki/Torneo_Federal_A_2018-19
2019-03-02,19:05,Quilmes,Independiente Rivadavia,2,2,,,Primera Nacional,2018,zonas,,Fecha 18,Centenario,false,https://es.wikipedia.org/wiki/Campeonato_de_Primera_B_Nacional_2018-19
2019-03-02,19:20,San Martín (SJ),Godoy Cruz,0,0,,,Primera Division,2018,zonas,,Fecha 21,Ingeniero Hilario Sánchez,false,https://es.wikipedia.org/wiki/Campeonato_de_Primera_División_2018-19_(Argentina)
2019-03-02,19:20,San Martín (T),Lanús,1,2,,,Primera Division,2018,zonas,,Fecha 21,La Ciudadela,false,https://es.wikipedia.org/wiki/Campeonato_de_Primera_División_2018-19_(Argentina)
2019-03-02,21:30,River Plate,Newell's Old Boys,4,2,,,Primera Division,2018,zonas,,Fecha 21,Monumental,false,https://es.wikipedia.org/wiki/Campeonato_de_Primera_División_2018-19_(Argentina)
2019-03-03,17:00,Argentino de Quilmes,General Lamadrid,2,0,,,Primera C,2018,zonas,,Fecha 26,Argentino de Quilmes,false,https://es.wikipedia.org/wiki/Campeonato_de_Primera_C_2018-19_(Argentina)
2019-03-03,17:00,Deportivo Armenio,Luján,2,0,,,Primera C,2018,zonas,,Fecha 26,Armenia,false,https://es.wikipedia.org/wiki/Campeonato_de_Primera_C_2018-19_(Argentina)
2019-03-03,17:00,Deportivo Camioneros,Defensores de Belgrano (VR),1,3,,,Torneo Federal A,2018,zonas,Zona A,Fecha 5,Hugo Moyano,false,https://es.wikipedia.org/wiki/Torneo_Federal_A_2018-19
2019-03-03,17:00,Deportivo Español,Flandria,1,0,,,Primera B,2018,zonas,,Fecha 26,Nueva España,false,https://es.wikipedia.org/wiki/Campeonato_de_Primera_B_2018-19_(Argentina)
2019-03-03,17:00,Deportivo Laferrere,Sportivo Barracas,0,0,,,Primera C,2018,zonas,,Fecha 26,Ciudad de Laferrere,false,https://es.wikipedia.org/wiki/Campeonato_de_Primera_C_2018-19_(Argentina)
2019-03-03,17:00,Deportivo Madryn,Ferro Carril Oeste (GP),1,1,,,Torneo Federal A,2018,zonas,Zona A,Fecha 6,El Coliseo del Golfo,false,https://es.wikipedia.org/wiki/Torneo_Federal_A_2018-19
2019-03-03,17:00,Excursionistas,Victoriano Arenas,0,0,,,Primera C,2018,zonas,,Fecha 26,Excursionistas,false,https://es.wikipedia.org/wiki/Campeonato_de_Primera_C_2018-19_(Argentina)
2019-03-03,17:00,Guillermo Brown,Instituto,1,0,,,Primera Nacional,2018,zonas,,Fecha 18,Raul Conti,false,https://es.wikipedia.org/wiki/Campeonato_de_Primera_B_Nacional_2018-19
2019-03-03,17:00,J. J. de Urquiza,Fénix,1,1,,,Primera B,2018,zonas,,Fecha 26,Malvinas Argentinas,false,https://es.wikipedia.org/wiki/Campeonato_de_Primera_B_2018-19_(Argentina)
2019-03-03,17:00,Olimpo,Ramón Santamarina,3,1,,,Primera Nacional,2018,zonas,,Fecha 18,Roberto N. Carminatti,false,https://es.wikipedia.org/wiki/Campeonato_de_Primera_B_Nacional_2018-19
2019-03-03,17:00,San Jorge (T),Sarmiento (R),2,1,,,Torneo Federal A,2018,zonas,Zona B,Fecha 5,Ángel Pascual Sáez,false,https://es.wikipedia.org/wiki/Torneo_Federal_A_2018-19
2019-03-03,17:00,Sol de Mayo (V),Gimnasia y Esgrima (CdU),3,3,,,Torneo Federal A,2018,zonas,Zona A,Fecha 5,Sol de Mayo,false,https://es.wikipedia.org/wiki/Torneo_Federal_A_2018-19
2019-03-03,17:05,Nueva Chicago,Temperley,4,1,,,Primera Nacional,2018,zonas,,Fecha 18,Nueva Chicago,false,https://es.wikipedia.org/wiki/Campeonato_de_Primera_B_Nacional_2018-19
2019-03-03,17:10,Patronato,Huracán,1,0,,,Primera Division,2018,zonas,,Fecha 21,Presbítero Bartolomé Grella,false,https://es.wikipedia.org/wiki/Campeonato_de_Primera_División_2018-19_(Argentina)
2019-03-03,17:10,Talleres (C),Colón,2,0,,,Primera Division,2018,zonas,,Fecha 21,Mario Alberto Kempes,false,https://es.wikipedia.org/wiki/Campeonato_de_Primera_División_2018-19_(Argentina)
2019-03-03,18:00,Cipolletti,Independiente (N),4,0,,,Torneo Federal A,2018,zonas,Zona A,Fecha 6,La Visera de Cemento,false,https://es.wikipedia.org/wiki/Torneo_Federal_A_2018-19
2019-03-03,18:00,Ferro Carril Oeste,Mitre (SdE),2,0,,,Primera Nacional,2018,zonas,,Fecha 18,Arquitecto Ricardo Echeverri,false,https://es.wikipedia.org/wiki/Campeonato_de_Primera_B_Nacional_2018-19
2019-03-03,18:00,Huracán Las Heras,Chaco For Ever,0,2,,,Torneo Federal A,2018,zonas,Zona B,Fecha 5,General San Martín,false,https://es.wikipedia.org/wiki/Torneo_Federal_A_2018-19
2019-03-03,19:00,Boca Unidos,Desamparados,1,0,,,Torneo Federal A,2018,zonas,Zona B,Fecha 5,Leoncio Benítez,false,https://es.wikipedia.org/wiki/Torneo_Federal_A_2018-19
2019-03-03,19:00,Platense,Villa Dálmine,0,0,,,Primera Nacional,2018,zonas,,Fecha 18,Ciudad de Vicente López,false,https://es.wikipedia.org/wiki/Campeonato_de_Primera_B_Nacional_2018-19
2019-03-03,19:00,Sportivo Estudiantes (SL),Racing Club,1,0,,,Torneo Federal A,2018,zonas,Zona C,Fecha 6,Héctor Odicino y Pedro Benoza,false,https://es.wikipedia.org/wiki/Torneo_Federal_A_2018-19
2019-03-03,19:20,Racing Club,Estudiantes (LP),1,0,,,Primera Division,2018,zonas,,Fecha 21,El Cilindro,false,https://es.wikipedia.org/wiki/Campeonato_de_Primera_División_2018-19_(Argentina)
2019-03-03,19:30,Unión (S),Sansinena,1,3,,,Torneo Federal A,2018,zonas,Zona A,Fecha 5,De la Avenida,false,https://es.wikipedia.org/wiki/Torneo_Federal_A_2018-19
2019-03-03,21:00,Alvarado,Villa Mitre,1,1,,,Torneo Federal A,2018,zonas,Zona A,Fecha 5,José María Minella,false,https://es.wikipedia.org/wiki/Torneo_Federal_A_2018-19
2019-03-03,21:30,Gimnasia y Esgrima (LP),Independiente,1,0,,,Primera Division,2018,zonas,,Fecha 21,Del Bosque,false,https://es.wikipedia.org/wiki/Campeonato_de_Primera_División_2018-19_(Argentina)
2019-03-04,17:00,Atlanta,UAI Urquiza,3,0,,,Primera B,2018,zonas,,Fecha 26,Don León Kolbowsky,false,https://es.wikipedia.org/wiki/Campeonato_de_Primera_B_2018-19_(Argentina)
2019-03-04,17:00,Deportivo Riestra,Acassuso,1,4,,,Primera B,2018,zonas,,Fecha 26,Guillermo Laza,false,https://es.wikipedia.org/wiki/Campeonato_de_Primera_B_2018-19_(Argentina)
2019-03-04,17:00,Leandro N. Alem,Berazategui,0,1,,,Primera C,2018,zonas,,Fecha 26,Leandro N. Alem,false,https://es.wikipedia.org/wiki/Campeonato_de_Primera_C_2018-19_(Argentina)
2019-03-04,17:00,Sportivo Italiano,Central Córdoba (R),0,0,,,Primera C,2018,zonas,,Fecha 26,República de Italia,false,https://es.wikipedia.org/wiki/Campeonato_de_Primera_C_2018-19_(Argentina)
2019-03-04,17:05,Tristán Suárez,Estudiantes (BA),1,0,,,Primera B,2018,zonas,,Fecha 26,20 de Octubre,false,https://es.wikipedia.org/wiki/Campeonato_de_Primera_B_2018-19_(Argentina)
2019-03-04,17:10,Banfield,Atlético Tucumán,1,2,,,Primera Division,2018,zonas,,Fecha 21,Florencio Sola,false,https://es.wikipedia.org/wiki/Campeonato_de_Primera_División_2018-19_(Argentina)
2019-03-04,19:20,Vélez Sarsfield,Tigre,1,2,,,Primera Division,2018,zonas,,Fecha 21,José Amalfitani,false,https://es.wikipedia.org/wiki/Campeonato_de_Primera_División_2018-19_(Argentina)
2019-03-04,21:05,Sarmiento (J),Deportivo Morón,1,1,,,Primera Nacional,2018,zonas,,Fecha 18,Eva Perón,false,https://es.wikipedia.org/wiki/Campeonato_de_Primera_B_Nacional_2018-19
2019-03-04,21:30,Aldosivi,Defensa y Justicia,0,1,,,Primera Division,2018,zonas,,Fecha 21,José María Minella,false,https://es.wikipedia.org/wiki/Campeonato_de_Primera_División_2018-19_(Argentina)
2019-03-05,17:00,Colegiales,All Boys,2,1,,,Primera B,2018,zonas,,Fecha 26,Colegiales,false,https://es.wikipedia.org/wiki/Campeonato_de_Primera_B_2018-19_(Argentina)
2019-03-05,17:00,San Martín (B),Deportivo Merlo,0,1,,,Primera C,2018,zonas,,Fecha 26,Francisco Boga,false,https://es.wikipedia.org/wiki/Campeonato_de_Primera_C_2018-19_(Argentina)
2019-03-06,21:00,Juventud Unida (G),Atlético Paraná,0,0,,,Torneo Federal A,2018,zonas,Zona B,Fecha 6,De Los Eucaliptos,false,https://es.wikipedia.org/wiki/Torneo_Federal_A_2018-19
2019-03-08,17:00,Barracas Central,Tristán Suárez,3,0,,,Primera B,2018,zonas,,Fecha 27,Claudio Chiqui Tapia,false,https://es.wikipedia.org/wiki/Campeonato_de_Primera_B_2018-19_(Argentina)
2019-03-08,17:00,Luján,Deportivo Laferrere,1,1,,,Primera C,2018,zonas,,Fecha 27,Municipal de la Ciudad de Luján,false,https://es.wikipedia.org/wiki/Campeonato_de_Primera_C_2018-19_(Argentina)
2019-03-08,17:00,Sacachispas,J. J. de Urquiza,0,1,,,Primera B,2018,zonas,,Fecha 27,Beto Larrosa,false,https://es.wikipedia.org/wiki/Campeonato_de_Primera_B_2018-19_(Argentina)
2019-03-08,17:00,San Telmo,Talleres (RdE),3,0,,,Primera B,2018,zonas,,Fecha 27,Dr. Osvaldo Baletto,false,https://es.wikipedia.org/wiki/Campeonato_de_Primera_B_2018-19_(Argentina)
2019-03-08,17:00,UAI Urquiza,Deportivo Español,0,0,,,Primera B,2018,zonas,,Fecha 27,Monumental de Villa Lynch,false,https://es.wikipedia.org/wiki/Campeonato_de_Primera_B_2018-19_(Argentina)
2019-03-08,17:00,Villa San Carlos,Victoriano Arenas,3,0,,,Primera C,2018,zonas,,Fecha 27,Genacio Sálice,false,https://es.wikipedia.org/wiki/Campeonato_de_Primera_C_2018-19_(Argentina)
2019-03-08,19:00,Lanús,San Martín (SJ),1,1,,,Primera Division,2018,zonas,,Fecha 22,Ciudad de Lanús,false,https://es.wikipedia.org/wiki/Campeonato_de_Primera_División_2018-19_(Argentina)
2019-03-08,21:00,San Lorenzo de Alem,Juventud Unida Universitario,1,1,,,Torneo Federal A,2018,zonas,Zona C,Fecha 7,Malvinas Argentinas,false,https://es.wikipedia.org/wiki/Torneo_Federal_A_2018-19
2019-03-08,21:10,Belgrano,Patronato,3,0,,,Primera Division,2018,zonas,,Fecha 22,Gigante de Alberdi,false,https://es.wikipedia.org/wiki/Campeonato_de_Primera_División_2018-19_(Argentina)
2019-03-09,17:00,All Boys,Comunicaciones,0,2,,,Primera B,2018,zonas,,Fecha 27,Islas Malvinas,false,https://es.wikipedia.org/wiki/Campeonato_de_Primera_B_2018-19_(Argentina)
2019-03-09,17:00,Almirante Brown,Defensores Unidos,0,2,,,Primera B,2018,zonas,,Fecha 27,Fragata Presidente Sarmiento,false,https://es.wikipedia.org/wiki/Campeonato_de_Primera_B_2018-19_(Argentina)
2019-03-09,17:00,Deportivo Merlo,Ferrocarril Midland,2,1,,,Primera C,2018,zonas,,Fecha 27,José Manuel Moreno,false,https://es.wikipedia.org/wiki/Campeonato_de_Primera_C_2018-19_(Argentina)
2019-03-09,17:00,Deportivo Morón,Brown de Adrogué,0,1,,,Primera Nacional,2018,zonas,,Fecha 19,Nuevo Francisco Urbano,false,https://es.wikipedia.org/wiki/Campeonato_de_Primera_B_Nacional_2018-19
2019-03-09,17:00,Dock Sud,Argentino de Quilmes,0,2,,,Primera C,2018,zonas,,Fecha 27,De los Inmigrantes,false,https://es.wikipedia.org/wiki/Campeonato_de_Primera_C_2018-19_(Argentina)
2019-03-09,17:00,Flandria,Deportivo Riestra,0,1,,,Primera B,2018,zonas,,Fecha 27,Carlos V,false,https://es.wikipedia.org/wiki/Campeonato_de_Primera_B_2018-19_(Argentina)
2019-03-09,17:00,San Miguel,Acassuso,1,0,,,Primera B,2018,zonas,,Fecha 27,Malvinas Argentinas,false,https://es.wikipedia.org/wiki/Campeonato_de_Primera_B_2018-19_(Argentina)
2019-03-09,17:00,Villa Dálmine,Gimnasia y Esgrima (M),2,0,,,Primera Nacional,2018,zonas,,Fecha 19,El Coliseo de Mitre y Puccini,false,https://es.wikipedia.org/wiki/Campeonato_de_Primera_B_Nacional_2018-19
2019-03-09,17:05,Temperley,Guillermo Brown,0,0,,,Primera Nacional,2018,zonas,,Fecha 19,Alfredo Beranger,false,https://es.wikipedia.org/wiki/Campeonato_de_Primera_B_Nacional_2018-19
2019-03-09,17:10,Godoy Cruz,Rosario Central,0,0,,,Primera Division,2018,zonas,,Fecha 22,Malvinas Argentinas,false,https://es.wikipedia.org/wiki/Campeonato_de_Primera_División_2018-19_(Argentina)
2019-03-09,17:10,Newell's Old Boys,Talleres (C),1,2,,,Primera Division,2018,zonas,,Fecha 22,Marcelo Bielsa,false,https://es.wikipedia.org/wiki/Campeonato_de_Primera_División_2018-19_(Argentina)
2019-03-09,17:30,Crucero del Norte,Juventud Antoniana,1,2,,,Torneo Federal A,2018,zonas,Zona D,Fecha 7,Comandante Andrés Guacurarí,false,https://es.wikipedia.org/wiki/Torneo_Federal_A_2018-19
2019-03-09,17:30,San Martín (F),Altos Hornos Zapla,2,1,,,Torneo Federal A,2018,zonas,Zona D,Fecha 7,17 de Octubre,false,https://es.wikipedia.org/wiki/Torneo_Federal_A_2018-19
2019-03-09,18:00,Sportivo Belgrano,Sportivo Estudiantes (SL),2,2,,,Torneo Federal A,2018,zonas,Zona C,Fecha 7,Oscar C. Boero,false,https://es.wikipedia.org/wiki/Torneo_Federal_A_2018-19
2019-03-09,19:00,Estudiantes (BA),Atlanta,3,1,,,Primera B,2018,zonas,,Fecha 27,Ciudad de Caseros,false,https://es.wikipedia.org/wiki/Campeonato_de_Primera_B_2018-19_(Argentina)
2019-03-09,19:00,Sarmiento (R),Deportivo Maipú,3,0,,,Torneo Federal A,2018,zonas,Zona B,Fecha 6,Centenario,false,https://es.wikipedia.org/wiki/Torneo_Federal_A_2018-19
2019-03-09,19:20,Colón,Racing Club,1,1,,,Primera Division,2018,zonas,,Fecha 22,Brigadier Estanislao López,false,https://es.wikipedia.org/wiki/Campeonato_de_Primera_División_2018-19_(Argentina)
2019-03-09,20:00,Defensores de Pronunciamiento,Sportivo Las Parejas,0,0,,,Torneo Federal A,2018,zonas,Zona B,Fecha 7,Delio Cardozo,false,https://es.wikipedia.org/wiki/Torneo_Federal_A_2018-19
2019-03-09,21:00,Deportivo Roca,Cipolletti,1,0,,,Torneo Federal A,2018,zonas,Zona A,Fecha 7,Luis Maiolino,false,https://es.wikipedia.org/wiki/Torneo_Federal_A_2018-19
2019-03-09,21:30,Boca Juniors,San Lorenzo,3,0,,,Primera Division,2018,zonas,,Fecha 22,La Bombonera,false,https://es.wikipedia.org/wiki/Campeonato_de_Primera_División_2018-19_(Argentina)
2019-03-10,17:00,Berazategui,Excursionistas,2,2,,,Primera C,2018,zonas,,Fecha 27,Norman Lee,false,https://es.wikipedia.org/wiki/Campeonato_de_Primera_C_2018-19_(Argentina)
2019-03-10,17:00,Central Córdoba (R),Leandro N. Alem,2,2,,,Primera C,2018,zonas,,Fecha 27,Gabino Sosa,false,https://es.wikipedia.org/wiki/Campeonato_de_Primera_C_2018-19_(Argentina)
2019-03-10,17:00,Defensores de Belgrano,Central Córdoba (SdE),2,0,,,Primera Nacional,2018,zonas,,Fecha 19,Juan Pasquale,false,https://es.wikipedia.org/wiki/Campeonato_de_Primera_B_Nacional_2018-19
2019-03-10,17:00,Defensores de Belgrano (VR),Sansinena,0,0,,,Torneo Federal A,2018,zonas,Zona A,Fecha 6,Salomón Boeseldín,false,https://es.wikipedia.org/wiki/Torneo_Federal_A_2018-19
2019-03-10,17:00,Fénix,Colegiales,1,1,,,Primera B,2018,zonas,,Fecha 27,José Manuel Moreno,false,https://es.wikipedia.org/wiki/Campeonato_de_Primera_B_2018-19_(Argentina)
2019-03-10,17:00,General Lamadrid,Deportivo Armenio,2,1,,,Primera C,2018,zonas,,Fecha 27,Enrique Sexto,false,https://es.wikipedia.org/wiki/Campeonato_de_Primera_C_2018-19_(Argentina)
2019-03-10,17:00,Gimnasia y Esgrima (CdU),Deportivo Camioneros,3,2,,,Torneo Federal A,2018,zonas,Zona A,Fecha 6,Manuel y Ramón Núñez,false,https://es.wikipedia.org/wiki/Torneo_Federal_A_2018-19
2019-03-10,17:00,Sportivo Barracas,San Martín (B),1,1,,,Primera C,2018,zonas,,Fecha 27,República de Italia,false,https://es.wikipedia.org/wiki/Campeonato_de_Primera_C_2018-19_(Argentina)
2019-03-10,17:10,Estudiantes (LP),Gimnasia y Esgrima (LP),1,0,,,Primera Division,2018,zonas,,Fecha 22,Ciudad de La Plata,false,https://es.wikipedia.org/wiki/Campeonato_de_Primera_División_2018-19_(Argentina)
2019-03-10,17:45,Desamparados,Huracán Las Heras,0,2,,,Torneo Federal A,2018,zonas,Zona B,Fecha 6,El Serpentario,false,https://es.wikipedia.org/wiki/Torneo_Federal_A_2018-19
2019-03-10,18:30,Chaco For Ever,San Jorge (T),3,3,,,Torneo Federal A,2018,zonas,Zona B,Fecha 6,Juan Alberto García,false,https://es.wikipedia.org/wiki/Torneo_Federal_A_2018-19
2019-03-10,19:00,Boca Unidos,Estudiantes (RC),1,1,,,Torneo Federal A,2018,zonas,Zona B,Fecha 6,Leoncio Benítez,false,https://es.wikipedia.org/wiki/Torneo_Federal_A_2018-19
2019-03-10,19:00,Chacarita Juniors,Ferro Carril Oeste,0,1,,,Primera Nacional,2018,zonas,,Fecha 19,Chacarita Juniors,false,https://es.wikipedia.org/wiki/Campeonato_de_Primera_B_Nacional_2018-19
2019-03-10,19:00,Instituto,Olimpo,4,0,,,Primera Nacional,2018,zonas,,Fecha 19,Juan Domingo Perón,false,https://es.wikipedia.org/wiki/Campeonato_de_Primera_B_Nacional_2018-19
2019-03-10,19:20,Huracán,San Martín (T),1,3,,,Primera Division,2018,zonas,,Fecha 22,Tomás A. Ducó,false,https://es.wikipedia.org/wiki/Campeonato_de_Primera_División_2018-19_(Argentina)
2019-03-10,19:20,Independiente,Aldosivi,2,0,,,Primera Division,2018,zonas,,Fecha 22,Libertadores de América,false,https://es.wikipedia.org/wiki/Campeonato_de_Primera_División_2018-19_(Argentina)
2019-03-10,20:00,Alvarado,Unión (S),2,1,,,Torneo Federal A,2018,zonas,Zona A,Fecha 6,José María Minella,false,https://es.wikipedia.org/wiki/Torneo_Federal_A_2018-19
2019-03-10,20:00,Douglas Haig,Juventud Unida (G),2,0,,,Torneo Federal A,2018,zonas,Zona B,Fecha 7,Miguel Morales,false,https://es.wikipedia.org/wiki/Torneo_Federal_A_2018-19
2019-03-10,21:00,Mitre (SdE),Nueva Chicago,1,1,,,Primera Nacional,2018,zonas,,Fecha 19,Doctores José y Antonio Castiglione,false,https://es.wikipedia.org/wiki/Campeonato_de_Primera_B_Nacional_2018-19
2019-03-10,21:00,Villa Mitre,Sol de Mayo (V),1,1,,,Torneo Federal A,2018,zonas,Zona A,Fecha 6,El Fortín,false,https://es.wikipedia.org/wiki/Torneo_Federal_A_2018-19
2019-03-10,21:30,Atlético Tucumán,River Plate,0,1,,,Primera Division,2018,zonas,,Fecha 22,Monumental José Fierro,false,https://es.wikipedia.org/wiki/Campeonato_de_Primera_División_2018-19_(Argentina)
2019-03-11,17:00,Independiente (N),Deportivo Madryn,0,1,,,Torneo Federal A,2018,zonas,Zona A,Fecha 7,La Nueva Caldera,false,https://es.wikipedia.org/wiki/Torneo_Federal_A_2018-19
2019-03-11,17:00,Ituzaingó,Sportivo Italiano,0,1,,,Primera C,2018,zonas,,Fecha 27,Ituzaingó,false,https://es.wikipedia.org/wiki/Campeonato_de_Primera_C_2018-19_(Argentina)
2019-03-11,17:05,Arsenal,Almagro,0,0,,,Primera Nacional,2018,zonas,,Fecha 19,El Viaducto,false,https://es.wikipedia.org/wiki/Campeonato_de_Primera_B_Nacional_2018-19
2019-03-11,18:00,Gimnasia y Esgrima (J),Los Andes,1,1,,,Primera Nacional,2018,zonas,,Fecha 19,23 de agosto,false,https://es.wikipedia.org/wiki/Campeonato_de_Primera_B_Nacional_2018-19
2019-03-11,19:00,Tigre,Unión,2,2,,,Primera Division,2018,zonas,,Fecha 22,Monumental de Victoria,false,https://es.wikipedia.org/wiki/Campeonato_de_Primera_División_2018-19_(Argentina)
2019-03-11,20:30,Ramón Santamarina,Atlético de Rafaela,1,0,,,Primera Nacional,2018,zonas,,Fecha 19,Municipal General San Martin,false,https://es.wikipedia.org/wiki/Campeonato_de_Primera_B_Nacional_2018-19
2019-03-11,21:05,Agropecuario,Platense,2,0,,,Primera Nacional,2018,zonas,,Fecha 19,Ofelia Rosenzuaig,false,https://es.wikipedia.org/wiki/Campeonato_de_Primera_B_Nacional_2018-19
2019-03-11,21:10,Argentinos Juniors,Vélez Sarsfield,0,0,,,Primera Division,2018,zonas,,Fecha 22,Diego Armando Maradona,false,https://es.wikipedia.org/wiki/Campeonato_de_Primera_División_2018-19_(Argentina)
2019-03-11,21:10,Defensa y Justicia,Banfield,3,2,,,Primera Division,2018,zonas,,Fecha 22,Norberto Tomaghello,false,https://es.wikipedia.org/wiki/Campeonato_de_Primera_División_2018-19_(Argentina)
2019-03-12,17:00,El Porvenir,Cañuelas,1,1,,,Primera C,2018,zonas,,Fecha 27,Gildo Francisco Ghersinich,false,https://es.wikipedia.org/wiki/Campeonato_de_Primera_C_2018-19_(Argentina)
2019-03-12,21:40,Independiente Rivadavia,Sarmiento (J),0,0,,,Primera Nacional,2018,zonas,,Fecha 19,Bautista Gargantini,false,https://es.wikipedia.org/wiki/Campeonato_de_Primera_B_Nacional_2018-19
2019-03-13,16:00,Acassuso,Flandria,2,2,,,Primera B,2018,zonas,,Fecha 28,República de Italia,false,https://es.wikipedia.org/wiki/Campeonato_de_Primera_B_2018-19_(Argentina)
2019-03-13,16:00,Defensores Unidos,San Miguel,1,2,,,Primera B,2018,zonas,,Fecha 28,Gigante de Villa Fox,false,https://es.wikipedia.org/wiki/Campeonato_de_Primera_B_2018-19_(Argentina)
2019-03-13,16:00,J. J. de Urquiza,Almirante Brown,1,0,,,Primera B,2018,zonas,,Fecha 28,Malvinas Argentinas,false,https://es.wikipedia.org/wiki/Campeonato_de_Primera_B_2018-19_(Argentina)
2019-03-13,16:00,Tristán Suárez,San Telmo,0,1,,,Primera B,2018,zonas,,Fecha 28,20 de Octubre,false,https://es.wikipedia.org/wiki/Campeonato_de_Primera_B_2018-19_(Argentina)
2019-03-13,19:00,Altos Hornos Zapla,Crucero del Norte,0,0,,,Torneo Federal A,2018,zonas,Zona D,Fecha 8,Emilio Fabrizzi,false,https://es.wikipedia.org/wiki/Torneo_Federal_A_2018-19
2019-03-13,20:00,Talleres (RdE),All Boys,2,0,,,Primera B,2018,zonas,,Fecha 28,Talleres (RdE),false,https://es.wikipedia.org/wiki/Campeonato_de_Primera_B_2018-19_(Argentina)
2019-03-13,21:15,Racing Club,Sportivo Belgrano,1,2,,,Torneo Federal A,2018,zonas,Zona C,Fecha 8,Miguel Sancho,false,https://es.wikipedia.org/wiki/Torneo_Federal_A_2018-19
2019-03-13,21:30,Gimnasia y Tiro (S),San Martín (F),1,1,,,Torneo Federal A,2018,zonas,Zona D,Fecha 8,El Gigante del Norte,false,https://es.wikipedia.org/wiki/Torneo_Federal_A_2018-19
2019-03-13,21:30,Sportivo Estudiantes (SL),San Lorenzo de Alem,2,1,,,Torneo Federal A,2018,zonas,Zona C,Fecha 8,Héctor Odicino y Pedro Benoza,false,https://es.wikipedia.org/wiki/Torneo_Federal_A_2018-19
2019-03-14,16:00,Colegiales,Sacachispas,0,1,,,Primera B,2018,zonas,,Fecha 28,Colegiales,false,https://es.wikipedia.org/wiki/Campeonato_de_Primera_B_2018-19_(Argentina)
2019-03-14,16:00,Comunicaciones,Fénix,1,3,,,Primera B,2018,zonas,,Fecha 28,Alfredo Ramos,false,https://es.wikipedia.org/wiki/Campeonato_de_Primera_B_2018-19_(Argentina)
2019-03-14,16:00,Deportivo Riestra,UAI Urquiza,0,0,,,Primera B,2018,zonas,,Fecha 28,Guillermo Laza,false,https://es.wikipedia.org/wiki/Campeonato_de_Primera_B_2018-19_(Argentina)
2019-03-14,16:05,Deportivo Español,Estudiantes (BA),0,1,,,Primera B,2018,zonas,,Fecha 28,Nueva España,false,https://es.wikipedia.org/wiki/Campeonato_de_Primera_B_2018-19_(Argentina)
2019-03-14,20:05,Atlanta,Barracas Central,1,1,,,Primera B,2018,zonas,,Fecha 28,Don León Kolbowsky,false,https://es.wikipedia.org/wiki/Campeonato_de_Primera_B_2018-19_(Argentina)
2019-03-14,21:00,Atlético Paraná,Douglas Haig,1,2,,,Torneo Federal A,2018,zonas,Zona B,Fecha 8,Pedro Mutio,false,https://es.wikipedia.org/wiki/Torneo_Federal_A_2018-19
2019-03-14,21:00,Juventud Unida (G),Defensores de Pronunciamiento,1,4,,,Torneo Federal A,2018,zonas,Zona B,Fecha 8,De Los Eucaliptos,false,https://es.wikipedia.org/wiki/Torneo_Federal_A_2018-19
2019-03-15,16:00,Leandro N. Alem,Ituzaingó,2,2,,,Primera C,2018,zonas,,Fecha 28,Leandro N. Alem,false,https://es.wikipedia.org/wiki/Campeonato_de_Primera_C_2018-19_(Argentina)
2019-03-15,16:00,San Martín (B),Luján,0,4,,,Primera C,2018,zonas,,Fecha 28,Francisco Boga,false,https://es.wikipedia.org/wiki/Campeonato_de_Primera_C_2018-19_(Argentina)
2019-03-15,17:30,Gimnasia y Esgrima (M),Agropecuario,1,0,,,Primera Nacional,2018,zonas,,Fecha 20,Víctor Antonio Legrotaglie,false,https://es.wikipedia.org/wiki/Campeonato_de_Primera_B_Nacional_2018-19
2019-03-15,19:00,Gimnasia y Esgrima (LP),Newell's Old Boys,1,0,,,Primera Division,2018,zonas,,Fecha 23,Del Bosque,false,https://es.wikipedia.org/wiki/Campeonato_de_Primera_División_2018-19_(Argentina)
2019-03-15,21:00,Ferro Carril Oeste (GP),Independiente (N),3,0,,,Torneo Federal A,2018,zonas,Zona A,Fecha 8,El Coloso del Barrio Talleres,false,https://es.wikipedia.org/wiki/Torneo_Federal_A_2018-19
2019-03-15,21:10,Aldosivi,Colón,3,0,,,Primera Division,2018,zonas,,Fecha 23,José María Minella,false,https://es.wikipedia.org/wiki/Campeonato_de_Primera_División_2018-19_(Argentina)
2019-03-16,12:00,Ferrocarril Midland,Sportivo Barracas,0,0,,,Primera C,2018,zonas,,Fecha 28,Ciudad de Libertad,false,https://es.wikipedia.org/wiki/Campeonato_de_Primera_C_2018-19_(Argentina)
2019-03-16,12:00,Victoriano Arenas,Berazategui,1,1,,,Primera C,2018,zonas,,Fecha 28,Saturnino Moure,false,https://es.wikipedia.org/wiki/Campeonato_de_Primera_C_2018-19_(Argentina)
2019-03-16,13:00,Deportivo Laferrere,General Lamadrid,3,0,,,Primera C,2018,zonas,,Fecha 28,Ciudad de Laferrere,false,https://es.wikipedia.org/wiki/Campeonato_de_Primera_C_2018-19_(Argentina)
2019-03-16,13:05,Defensores Unidos,J. J. de Urquiza,1,1,,,Primera B,2018,zonas,,Fecha 29,Gigante de Villa Fox,false,https://es.wikipedia.org/wiki/Campeonato_de_Primera_B_2018-19_(Argentina)
2019-03-16,13:15,Vélez Sarsfield,Atlético Tucumán,2,0,,,Primera Division,2018,zonas,,Fecha 23,José Amalfitani,false,https://es.wikipedia.org/wiki/Campeonato_de_Primera_División_2018-19_(Argentina)
2019-03-16,15:30,Unión,Lanús,3,0,,,Primera Division,2018,zonas,,Fecha 23,15 de abril,false,https://es.wikipedia.org/wiki/Campeonato_de_Primera_División_2018-19_(Argentina)
2019-03-16,16:00,Argentino de Quilmes,Villa San Carlos,0,1,,,Primera C,2018,zonas,,Fecha 28,Argentino de Quilmes,false,https://es.wikipedia.org/wiki/Campeonato_de_Primera_C_2018-19_(Argentina)
2019-03-16,16:00,Cañuelas,Deportivo Merlo,1,1,,,Primera C,2018,zonas,,Fecha 28,José Alfredo Arín,false,https://es.wikipedia.org/wiki/Campeonato_de_Primera_C_2018-19_(Argentina)
2019-03-16,16:00,Excursionistas,Central Córdoba (R),3,2,,,Primera C,2018,zonas,,Fecha 28,Excursionistas,false,https://es.wikipedia.org/wiki/Campeonato_de_Primera_C_2018-19_(Argentina)
2019-03-16,16:30,Deportivo Madryn,Deportivo Roca,4,0,,,Torneo Federal A,2018,zonas,Zona A,Fecha 8,El Coliseo del Golfo,false,https://es.wikipedia.org/wiki/Torneo_Federal_A_2018-19
2019-03-16,17:05,Platense,Arsenal,3,0,,,Primera Nacional,2018,zonas,,Fecha 20,Ciudad de Vicente López,false,https://es.wikipedia.org/wiki/Campeonato_de_Primera_B_Nacional_2018-19
2019-03-16,17:45,San Martín (SJ),Argentinos Juniors,2,3,,,Primera Division,2018,zonas,,Fecha 23,Ingeniero Hilario Sánchez,false,https://es.wikipedia.org/wiki/Campeonato_de_Primera_División_2018-19_(Argentina)
2019-03-16,20:00,Racing Club,Belgrano,1,0,,,Primera Division,2018,zonas,,Fecha 23,El Cilindro,false,https://es.wikipedia.org/wiki/Campeonato_de_Primera_División_2018-19_(Argentina)
2019-03-17,11:00,Deportivo Armenio,Dock Sud,1,1,,,Primera C,2018,zonas,,Fecha 28,Armenia,false,https://es.wikipedia.org/wiki/Campeonato_de_Primera_C_2018-19_(Argentina)
2019-03-17,11:00,Patronato,Defensa y Justicia,2,0,,,Primera Division,2018,zonas,,Fecha 23,Presbítero Bartolomé Grella,false,https://es.wikipedia.org/wiki/Campeonato_de_Primera_División_2018-19_(Argentina)
2019-03-17,13:15,Talleres (C),Tigre,1,3,,,Primera Division,2018,zonas,,Fecha 23,Mario Alberto Kempes,false,https://es.wikipedia.org/wiki/Campeonato_de_Primera_División_2018-19_(Argentina)
2019-03-17,14:00,Almirante Brown,Colegiales,2,1,,,Primera B,2018,zonas,,Fecha 29,Fragata Presidente Sarmiento,false,https://es.wikipedia.org/wiki/Campeonato_de_Primera_B_2018-19_(Argentina)
2019-03-17,15:05,Nueva Chicago,Chacarita Juniors,1,1,,,Primera Nacional,2018,zonas,,Fecha 20,Nueva Chicago,false,https://es.wikipedia.org/wiki/Campeonato_de_Primera_B_Nacional_2018-19
2019-03-17,15:30,Rosario Central,San Lorenzo,0,1,,,Primera Division,2018,zonas,,Fecha 23,Gigante de Arroyito,false,https://es.wikipedia.org/wiki/Campeonato_de_Primera_División_2018-19_(Argentina)
2019-03-17,16:00,Brown de Adrogué,Independiente Rivadavia,1,0,,,Primera Nacional,2018,zonas,,Fecha 20,Lorenzo Arandilla,false,https://es.wikipedia.org/wiki/Campeonato_de_Primera_B_Nacional_2018-19
2019-03-17,16:00,Deportivo Camioneros,Villa Mitre,0,2,,,Torneo Federal A,2018,zonas,Zona A,Fecha 7,Hugo Moyano,false,https://es.wikipedia.org/wiki/Torneo_Federal_A_2018-19
2019-03-17,16:00,Deportivo Maipú,Chaco For Ever,2,3,,,Torneo Federal A,2018,zonas,Zona B,Fecha 7,Omar Higinio Sperdutti,false,https://es.wikipedia.org/wiki/Torneo_Federal_A_2018-19
2019-03-17,16:00,Estudiantes (RC),Sarmiento (R),1,1,,,Torneo Federal A,2018,zonas,Zona B,Fecha 7,Ciudad de Río Cuarto,false,https://es.wikipedia.org/wiki/Torneo_Federal_A_2018-19
2019-03-17,16:00,Ferro Carril Oeste,Deportivo Morón,5,1,,,Primera Nacional,2018,zonas,,Fecha 20,Arquitecto Ricardo Echeverri,false,https://es.wikipedia.org/wiki/Campeonato_de_Primera_B_Nacional_2018-19
2019-03-17,16:00,Guillermo Brown,Mitre (SdE),3,0,,,Primera Nacional,2018,zonas,,Fecha 20,Raul Conti,false,https://es.wikipedia.org/wiki/Campeonato_de_Primera_B_Nacional_2018-19
2019-03-17,16:00,Los Andes,Ramón Santamarina,2,0,,,Primera Nacional,2018,zonas,,Fecha 20,Eduardo Gallardón,false,https://es.wikipedia.org/wiki/Campeonato_de_Primera_B_Nacional_2018-19
2019-03-17,16:00,Olimpo,Temperley,0,2,,,Primera Nacional,2018,zonas,,Fecha 20,Roberto N. Carminatti,false,https://es.wikipedia.org/wiki/Campeonato_de_Primera_B_Nacional_2018-19
2019-03-17,16:00,San Jorge (T),Desamparados,3,0,,,Torneo Federal A,2018,zonas,Zona B,Fecha 7,Ángel Pascual Sáez,false,https://es.wikipedia.org/wiki/Torneo_Federal_A_2018-19
2019-03-17,16:00,Sansinena,Gimnasia y Esgrima (CdU),0,0,,,Torneo Federal A,2018,zonas,Zona A,Fecha 7,Luis Molina,false,https://es.wikipedia.org/wiki/Torneo_Federal_A_2018-19
2019-03-17,16:00,Sol de Mayo (V),Alvarado,1,3,,,Torneo Federal A,2018,zonas,Zona A,Fecha 7,Sol de Mayo,false,https://es.wikipedia.org/wiki/Torneo_Federal_A_2018-19
2019-03-17,16:00,Unión (S),Defensores de Belgrano (VR),2,2,,,Torneo Federal A,2018,zonas,Zona A,Fecha 7,De la Avenida,false,https://es.wikipedia.org/wiki/Torneo_Federal_A_2018-19
2019-03-17,17:00,Huracán Las Heras,Boca Unidos,2,1,,,Torneo Federal A,2018,zonas,Zona B,Fecha 7,General San Martín,false,https://es.wikipedia.org/wiki/Torneo_Federal_A_2018-19
2019-03-17,17:30,Crucero del Norte,Gimnasia y Tiro (S),1,0,,,Torneo Federal A,2018,zonas,Zona D,Fecha 9,Comandante Andrés Guacurarí,false,https://es.wikipedia.org/wiki/Torneo_Federal_A_2018-19
2019-03-17,17:45,River Plate,Independiente,3,0,,,Primera Division,2018,zonas,,Fecha 23,Monumental,false,https://es.wikipedia.org/wiki/Campeonato_de_Primera_División_2018-19_(Argentina)
2019-03-17,18:00,Juventud Antoniana,Altos Hornos Zapla,1,1,,,Torneo Federal A,2018,zonas,Zona D,Fecha 9,Padre Ernesto Martearena,false,https://es.wikipedia.org/wiki/Torneo_Federal_A_2018-19
2019-03-17,18:00,San Lorenzo de Alem,Racing Club,3,3,,,Torneo Federal A,2018,zonas,Zona C,Fecha 9,Malvinas Argentinas,false,https://es.wikipedia.org/wiki/Torneo_Federal_A_2018-19
2019-03-17,19:00,Almagro,Defensores de Belgrano,3,0,,,Primera Nacional,2018,zonas,,Fecha 20,Tres de Febrero,false,https://es.wikipedia.org/wiki/Campeonato_de_Primera_B_Nacional_2018-19
2019-03-17,19:00,Central Córdoba (SdE),Gimnasia y Esgrima (J),2,0,,,Primera Nacional,2018,zonas,,Fecha 20,Alfredo Terrera,false,https://es.wikipedia.org/wiki/Campeonato_de_Primera_B_Nacional_2018-19
2019-03-17,20:00,Atlético de Rafaela,Instituto,1,0,,,Primera Nacional,2018,zonas,,Fecha 20,Nuevo Monumental,false,https://es.wikipedia.org/wiki/Campeonato_de_Primera_B_Nacional_2018-19
2019-03-17,20:00,San Martín (T),Boca Juniors,1,4,,,Primera Division,2018,zonas,,Fecha 23,La Ciudadela,false,https://es.wikipedia.org/wiki/Campeonato_de_Primera_División_2018-19_(Argentina)
2019-03-17,22:00,Juventud Unida Universitario,Sportivo Estudiantes (SL),1,0,,,Torneo Federal A,2018,zonas,Zona C,Fecha 9,Mario Sebastián Diez,false,https://es.wikipedia.org/wiki/Torneo_Federal_A_2018-19
2019-03-18,15:00,All Boys,Tristán Suárez,1,1,,,Primera B,2018,zonas,,Fecha 29,Islas Malvinas,false,https://es.wikipedia.org/wiki/Campeonato_de_Primera_B_2018-19_(Argentina)
2019-03-18,16:00,Fénix,Talleres (RdE),0,0,,,Primera B,2018,zonas,,Fecha 29,José Manuel Moreno,false,https://es.wikipedia.org/wiki/Campeonato_de_Primera_B_2018-19_(Argentina)
2019-03-18,16:00,Sacachispas,Comunicaciones,1,0,,,Primera B,2018,zonas,,Fecha 29,Beto Larrosa,false,https://es.wikipedia.org/wiki/Campeonato_de_Primera_B_2018-19_(Argentina)
2019-03-18,16:00,San Miguel,Flandria,0,0,,,Primera B,2018,zonas,,Fecha 29,Malvinas Argentinas,false,https://es.wikipedia.org/wiki/Campeonato_de_Primera_B_2018-19_(Argentina)
2019-03-18,16:00,San Telmo,Atlanta,1,1,,,Primera B,2018,zonas,,Fecha 29,Dr. Osvaldo Baletto,false,https://es.wikipedia.org/wiki/Campeonato_de_Primera_B_2018-19_(Argentina)
2019-03-18,16:00,Sportivo Italiano,El Porvenir,0,2,,,Primera C,2018,zonas,,Fecha 28,República de Italia,false,https://es.wikipedia.org/wiki/Campeonato_de_Primera_C_2018-19_(Argentina)
2019-03-18,16:00,UAI Urquiza,Acassuso,1,0,,,Primera B,2018,zonas,,Fecha 29,Monumental de Villa Lynch,false,https://es.wikipedia.org/wiki/Campeonato_de_Primera_B_2018-19_(Argentina)
2019-03-18,17:00,Defensores de Pronunciamiento,Atlético Paraná,1,3,,,Torneo Federal A,2018,zonas,Zona B,Fecha 9,Delio Cardozo,false,https://es.wikipedia.org/wiki/Torneo_Federal_A_2018-19
2019-03-18,19:00,Banfield,Godoy Cruz,2,2,,,Primera Division,2018,zonas,,Fecha 23,Florencio Sola,false,https://es.wikipedia.org/wiki/Campeonato_de_Primera_División_2018-19_(Argentina)
2019-03-18,20:00,Sportivo Las Parejas,Juventud Unida (G),1,3,,,Torneo Federal A,2018,zonas,Zona B,Fecha 9,4 de Septiembre,false,https://es.wikipedia.org/wiki/Torneo_Federal_A_2018-19
2019-03-18,21:05,Sarmiento (J),Quilmes,0,0,,,Primera Nacional,2018,zonas,,Fecha 20,Eva Perón,false,https://es.wikipedia.org/wiki/Campeonato_de_Primera_B_Nacional_2018-19
2019-03-18,21:10,Huracán,Estudiantes (LP),0,1,,,Primera Division,2018,zonas,,Fecha 23,Tomás A. Ducó,false,https://es.wikipedia.org/wiki/Campeonato_de_Primera_División_2018-19_(Argentina)
2019-03-19,16:00,Barracas Central,Deportivo Español,4,0,,,Primera B,2018,zonas,,Fecha 29,Claudio Chiqui Tapia,false,https://es.wikipedia.org/wiki/Campeonato_de_Primera_B_2018-19_(Argentina)
2019-03-19,21:05,Estudiantes (BA),Deportivo Riestra,1,2,,,Primera B,2018,zonas,,Fecha 29,Ciudad de Caseros,false,https://es.wikipedia.org/wiki/Campeonato_de_Primera_B_2018-19_(Argentina)
2019-03-20,21:00,Deportivo Roca,Ferro Carril Oeste (GP),1,0,,,Torneo Federal A,2018,zonas,Zona A,Fecha 9,Luis Maiolino,false,https://es.wikipedia.org/wiki/Torneo_Federal_A_2018-19
2019-03-20,21:30,Cipolletti,Deportivo Madryn,1,1,,,Torneo Federal A,2018,zonas,Zona A,Fecha 9,La Visera de Cemento,false,https://es.wikipedia.org/wiki/Torneo_Federal_A_2018-19
2019-03-21,16:00,Dock Sud,Deportivo Laferrere,2,0,,,Primera C,2018,zonas,,Fecha 29,De los Inmigrantes,false,https://es.wikipedia.org/wiki/Campeonato_de_Primera_C_2018-19_(Argentina)
2019-03-22,15:00,Luján,Ferrocarril Midland,0,0,,,Primera C,2018,zonas,,Fecha 29,Municipal de la Ciudad de Luján,false,https://es.wikipedia.org/wiki/Campeonato_de_Primera_C_2018-19_(Argentina)
2019-03-22,21:00,Instituto,Los Andes,0,1,,,Primera Nacional,2018,zonas,,Fecha 21,Juan Domingo Perón,false,https://es.wikipedia.org/wiki/Campeonato_de_Primera_B_Nacional_2018-19
2019-03-23,14:30,Arsenal,Gimnasia y Esgrima (M),3,1,,,Primera Nacional,2018,zonas,,Fecha 21,El Viaducto,false,https://es.wikipedia.org/wiki/Campeonato_de_Primera_B_Nacional_2018-19
2019-03-23,16:00,Central Córdoba (R),Victoriano Arenas,3,2,,,Primera C,2018,zonas,,Fecha 29,Gabino Sosa,false,https://es.wikipedia.org/wiki/Campeonato_de_Primera_C_2018-19_(Argentina)
2019-03-23,16:00,Chacarita Juniors,Guillermo Brown,3,1,,,Primera Nacional,2018,zonas,,Fecha 21,Chacarita Juniors,false,https://es.wikipedia.org/wiki/Campeonato_de_Primera_B_Nacional_2018-19
2019-03-23,16:00,Ituzaingó,Excursionistas,1,1,,,Primera C,2018,zonas,,Fecha 29,Ituzaingó,false,https://es.wikipedia.org/wiki/Campeonato_de_Primera_C_2018-19_(Argentina)
2019-03-23,16:00,Tristán Suárez,Fénix,0,0,,,Primera B,2018,zonas,,Fecha 30,20 de Octubre,false,https://es.wikipedia.org/wiki/Campeonato_de_Primera_B_2018-19_(Argentina)
2019-03-23,16:00,Villa San Carlos,Berazategui,3,1,,,Primera C,2018,zonas,,Fecha 29,Genacio Sálice,false,https://es.wikipedia.org/wiki/Campeonato_de_Primera_C_2018-19_(Argentina)
2019-03-23,19:00,Acassuso,Estudiantes (BA),1,1,,,Primera B,2018,zonas,,Fecha 30,República de Italia,false,https://es.wikipedia.org/wiki/Campeonato_de_Primera_B_2018-19_(Argentina)
2019-03-23,19:00,Atlanta,All Boys,1,0,,,Primera B,2018,zonas,,Fecha 30,Don León Kolbowsky,false,https://es.wikipedia.org/wiki/Campeonato_de_Primera_B_2018-19_(Argentina)
2019-03-23,19:00,Temperley,Atlético de Rafaela,2,1,,,Primera Nacional,2018,zonas,,Fecha 21,Alfredo Beranger,false,https://es.wikipedia.org/wiki/Campeonato_de_Primera_B_Nacional_2018-19
2019-03-23,20:30,Ramón Santamarina,Central Córdoba (SdE),1,2,,,Primera Nacional,2018,zonas,,Fecha 21,Municipal General San Martin,false,https://es.wikipedia.org/wiki/Campeonato_de_Primera_B_Nacional_2018-19
2019-03-24,11:00,Ferro Carril Oeste (GP),Cipolletti,0,2,,,Torneo Federal A,2018,zonas,Zona A,Fecha 10,El Coloso del Barrio Talleres,false,https://es.wikipedia.org/wiki/Torneo_Federal_A_2018-19
2019-03-24,15:05,Deportivo Morón,Nueva Chicago,1,1,,,Primera Nacional,2018,zonas,,Fecha 21,Nuevo Francisco Urbano,false,https://es.wikipedia.org/wiki/Campeonato_de_Primera_B_Nacional_2018-19
2019-03-24,16:00,Atlético Paraná,Sportivo Las Parejas,0,1,,,Torneo Federal A,2018,zonas,Zona B,Fecha 10,Pedro Mutio,false,https://es.wikipedia.org/wiki/Torneo_Federal_A_2018-19
2019-03-24,16:00,Colegiales,Defensores Unidos,0,1,,,Primera B,2018,zonas,,Fecha 30,Colegiales,false,https://es.wikipedia.org/wiki/Campeonato_de_Primera_B_2018-19_(Argentina)
2019-03-24,16:00,Comunicaciones,Almirante Brown,0,1,,,Primera B,2018,zonas,,Fecha 30,Alfredo Ramos,false,https://es.wikipedia.org/wiki/Campeonato_de_Primera_B_2018-19_(Argentina)
2019-03-24,16:00,Deportivo Merlo,Sportivo Italiano,0,1,,,Primera C,2018,zonas,,Fecha 29,José Manuel Moreno,false,https://es.wikipedia.org/wiki/Campeonato_de_Primera_C_2018-19_(Argentina)
2019-03-24,16:00,Douglas Haig,Defensores de Pronunciamiento,0,1,,,Torneo Federal A,2018,zonas,Zona B,Fecha 10,Miguel Morales,false,https://es.wikipedia.org/wiki/Torneo_Federal_A_2018-19
2019-03-24,16:00,Flandria,UAI Urquiza,2,3,,,Primera B,2018,zonas,,Fecha 30,Carlos V,false,https://es.wikipedia.org/wiki/Campeonato_de_Primera_B_2018-19_(Argentina)
2019-03-24,16:00,Gimnasia y Tiro (S),Juventud Antoniana,0,2,,,Torneo Federal A,2018,zonas,Zona D,Fecha 10,El Gigante del Norte,false,https://es.wikipedia.org/wiki/Torneo_Federal_A_2018-19
2019-03-24,16:00,J. J. de Urquiza,San Miguel,0,0,,,Primera B,2018,zonas,,Fecha 30,Malvinas Argentinas,false,https://es.wikipedia.org/wiki/Campeonato_de_Primera_B_2018-19_(Argentina)
2019-03-24,16:00,Racing Club,Juventud Unida Universitario,5,2,,,Torneo Federal A,2018,zonas,Zona C,Fecha 10,Miguel Sancho,false,https://es.wikipedia.org/wiki/Torneo_Federal_A_2018-19
2019-03-24,16:00,San Martín (F),Crucero del Norte,2,1,,,Torneo Federal A,2018,zonas,Zona D,Fecha 10,17 de Octubre,false,https://es.wikipedia.org/wiki/Torneo_Federal_A_2018-19
2019-03-24,16:00,Talleres (RdE),Sacachispas,0,1,,,Primera B,2018,zonas,,Fecha 30,Talleres (RdE),false,https://es.wikipedia.org/wiki/Campeonato_de_Primera_B_2018-19_(Argentina)
2019-03-24,17:00,Gimnasia y Esgrima (J),Almagro,0,1,,,Primera Nacional,2018,zonas,,Fecha 21,23 de agosto,false,https://es.wikipedia.org/wiki/Campeonato_de_Primera_B_Nacional_2018-19
2019-03-24,17:00,Independiente Rivadavia,Ferro Carril Oeste,0,1,,,Primera Nacional,2018,zonas,,Fecha 21,Bautista Gargantini,false,https://es.wikipedia.org/wiki/Campeonato_de_Primera_B_Nacional_2018-19
2019-03-24,19:00,Agropecuario,Villa Dálmine,0,0,,,Primera Nacional,2018,zonas,,Fecha 21,Ofelia Rosenzuaig,false,https://es.wikipedia.org/wiki/Campeonato_de_Primera_B_Nacional_2018-19
2019-03-24,19:30,Sportivo Belgrano,San Lorenzo de Alem,2,2,,,Torneo Federal A,2018,zonas,Zona C,Fecha 10,Oscar C. Boero,false,https://es.wikipedia.org/wiki/Torneo_Federal_A_2018-19
2019-03-24,21:00,Mitre (SdE),Olimpo,3,4,,,Primera Nacional,2018,zonas,,Fecha 21,Doctores José y Antonio Castiglione,false,https://es.wikipedia.org/wiki/Campeonato_de_Primera_B_Nacional_2018-19
2019-03-24,21:10,Defensores de Belgrano,Platense,1,2,,,Primera Nacional,2018,zonas,,Fecha 21,Juan Pasquale,false,https://es.wikipedia.org/wiki/Campeonato_de_Primera_B_Nacional_2018-19
2019-03-25,16:00,El Porvenir,Leandro N. Alem,0,0,,,Primera C,2018,zonas,,Fecha 29,Gildo Francisco Ghersinich,false,https://es.wikipedia.org/wiki/Campeonato_de_Primera_C_2018-19_(Argentina)
2019-03-25,16:00,Sportivo Barracas,Cañuelas,0,2,,,Primera C,2018,zonas,,Fecha 29,República de Italia,false,https://es.wikipedia.org/wiki/Campeonato_de_Primera_C_2018-19_(Argentina)
2019-03-25,16:05,Deportivo Riestra,Barracas Central,0,0,,,Primera B,2018,zonas,,Fecha 30,Guillermo Laza,false,https://es.wikipedia.org/wiki/Campeonato_de_Primera_B_2018-19_(Argentina)
2019-03-25,21:05,Quilmes,Brown de Adrogué,0,0,,,Primera Nacional,2018,zonas,,Fecha 21,Centenario,false,https://es.wikipedia.org/wiki/Campeonato_de_Primera_B_Nacional_2018-19
2019-03-26,10:00,General Lamadrid,San Martín (B),2,2,,,Primera C,2018,zonas,,Fecha 29,Beto Larrosa,false,https://es.wikipedia.org/wiki/Campeonato_de_Primera_C_2018-19_(Argentina)
2019-03-26,14:00,Deportivo Español,San Telmo,0,1,,,Primera B,2018,zonas,,Fecha 30,Nueva España,false,https://es.wikipedia.org/wiki/Campeonato_de_Primera_B_2018-19_(Argentina)
2019-03-27,16:00,Argentino de Quilmes,Deportivo Armenio,1,0,,,Primera C,2018,zonas,,Fecha 29,Argentino de Quilmes,false,https://es.wikipedia.org/wiki/Campeonato_de_Primera_C_2018-19_(Argentina)
2019-03-29,16:00,Cañuelas,Luján,2,3,,,Primera C,2018,zonas,,Fecha 30,José Alfredo Arín,false,https://es.wikipedia.org/wiki/Campeonato_de_Primera_C_2018-19_(Argentina)
2019-03-29,16:00,Defensores Unidos,Comunicaciones,1,0,,,Primera B,2018,zonas,,Fecha 31,Gigante de Villa Fox,false,https://es.wikipedia.org/wiki/Campeonato_de_Primera_B_2018-19_(Argentina)
2019-03-29,16:00,San Martín (B),Dock Sud,0,0,,,Primera C,2018,zonas,,Fecha 30,Francisco Boga,false,https://es.wikipedia.org/wiki/Campeonato_de_Primera_C_2018-19_(Argentina)
2019-03-29,16:00,San Miguel,UAI Urquiza,0,0,,,Primera B,2018,zonas,,Fecha 31,Malvinas Argentinas,false,https://es.wikipedia.org/wiki/Campeonato_de_Primera_B_2018-19_(Argentina)
2019-03-29,16:00,Victoriano Arenas,Ituzaingó,1,1,,,Primera C,2018,zonas,,Fecha 30,Saturnino Moure,false,https://es.wikipedia.org/wiki/Campeonato_de_Primera_C_2018-19_(Argentina)
2019-03-29,16:05,Fénix,Atlanta,0,2,,,Primera B,2018,zonas,,Fecha 31,José Manuel Moreno,false,https://es.wikipedia.org/wiki/Campeonato_de_Primera_B_2018-19_(Argentina)
2019-03-29,19:00,Estudiantes (BA),Flandria,2,0,,,Primera B,2018,zonas,,Fecha 31,Ciudad de Caseros,false,https://es.wikipedia.org/wiki/Campeonato_de_Primera_B_2018-19_(Argentina)
2019-03-29,19:00,Newell's Old Boys,Huracán,3,1,,,Primera Division,2018,zonas,,Fecha 24,Marcelo Bielsa,false,https://es.wikipedia.org/wiki/Campeonato_de_Primera_División_2018-19_(Argentina)
2019-03-29,20:00,Sportivo Italiano,Sportivo Barracas,3,0,,,Primera C,2018,zonas,,Fecha 30,República de Italia,false,https://es.wikipedia.org/wiki/Campeonato_de_Primera_C_2018-19_(Argentina)
2019-03-29,21:10,Boca Juniors,Banfield,2,0,,,Primera Division,2018,zonas,,Fecha 24,La Bombonera,false,https://es.wikipedia.org/wiki/Campeonato_de_Primera_División_2018-19_(Argentina)
2019-03-29,22:00,Central Córdoba (SdE),Instituto,1,3,,,Primera Nacional,2018,zonas,,Fecha 22,Alfredo Terrera,false,https://es.wikipedia.org/wiki/Campeonato_de_Primera_B_Nacional_2018-19
2019-03-30,11:00,Ferrocarril Midland,General Lamadrid,1,1,,,Primera C,2018,zonas,,Fecha 30,Ciudad de Libertad,false,https://es.wikipedia.org/wiki/Campeonato_de_Primera_C_2018-19_(Argentina)
2019-03-30,12:00,Berazategui,Central Córdoba (R),0,0,,,Primera C,2018,zonas,,Fecha 30,Norman Lee,false,https://es.wikipedia.org/wiki/Campeonato_de_Primera_C_2018-19_(Argentina)
2019-03-30,12:00,Leandro N. Alem,Deportivo Merlo,0,3,,,Primera C,2018,zonas,,Fecha 30,Leandro N. Alem,false,https://es.wikipedia.org/wiki/Campeonato_de_Primera_C_2018-19_(Argentina)
2019-03-30,13:05,Los Andes,Temperley,1,0,,,Primera Nacional,2018,zonas,,Fecha 22,Eduardo Gallardón,false,https://es.wikipedia.org/wiki/Campeonato_de_Primera_B_Nacional_2018-19
2019-03-30,13:15,San Lorenzo,Gimnasia y Esgrima (LP),1,1,,,Primera Division,2018,zonas,,Fecha 24,Nuevo Gasómetro,false,https://es.wikipedia.org/wiki/Campeonato_de_Primera_División_2018-19_(Argentina)
2019-03-30,15:05,Nueva Chicago,Independiente Rivadavia,2,2,,,Primera Nacional,2018,zonas,,Fecha 22,Nueva Chicago,false,https://es.wikipedia.org/wiki/Campeonato_de_Primera_B_Nacional_2018-19
2019-03-30,15:30,Godoy Cruz,Patronato,2,1,,,Primera Division,2018,zonas,,Fecha 24,Malvinas Argentinas,false,https://es.wikipedia.org/wiki/Campeonato_de_Primera_División_2018-19_(Argentina)
2019-03-30,16:00,Almagro,Ramón Santamarina,2,0,,,Primera Nacional,2018,zonas,,Fecha 22,Tres de Febrero,false,https://es.wikipedia.org/wiki/Campeonato_de_Primera_B_Nacional_2018-19
2019-03-30,16:00,Deportivo Laferrere,Argentino de Quilmes,2,2,,,Primera C,2018,zonas,,Fecha 30,Ciudad de Laferrere,false,https://es.wikipedia.org/wiki/Campeonato_de_Primera_C_2018-19_(Argentina)
2019-03-30,16:00,Excursionistas,El Porvenir,2,4,,,Primera C,2018,zonas,,Fecha 30,Excursionistas,false,https://es.wikipedia.org/wiki/Campeonato_de_Primera_C_2018-19_(Argentina)
2019-03-30,17:05,Villa Dálmine,Arsenal,1,3,,,Primera Nacional,2018,zonas,,Fecha 22,El Coliseo de Mitre y Puccini,false,https://es.wikipedia.org/wiki/Campeonato_de_Primera_B_Nacional_2018-19
2019-03-30,17:45,Independiente,Vélez Sarsfield,2,1,,,Primera Division,2018,zonas,,Fecha 24,Libertadores de América,false,https://es.wikipedia.org/wiki/Campeonato_de_Primera_División_2018-19_(Argentina)
2019-03-30,20:00,Talleres (C),River Plate,0,2,,,Primera Division,2018,zonas,,Fecha 24,Mario Alberto Kempes,false,https://es.wikipedia.org/wiki/Campeonato_de_Primera_División_2018-19_(Argentina)
2019-03-31,11:00,Atlético Tucumán,Aldosivi,1,0,,,Primera Division,2018,zonas,,Fecha 24,Monumental José Fierro,false,https://es.wikipedia.org/wiki/Campeonato_de_Primera_División_2018-19_(Argentina)
2019-03-31,13:15,Argentinos Juniors,Rosario Central,0,2,,,Primera Division,2018,zonas,,Fecha 24,Diego Armando Maradona,false,https://es.wikipedia.org/wiki/Campeonato_de_Primera_División_2018-19_(Argentina)
2019-03-31,13:15,Lanús,Belgrano,3,1,,,Primera Division,2018,zonas,,Fecha 24,Ciudad de Lanús,false,https://es.wikipedia.org/wiki/Campeonato_de_Primera_División_2018-19_(Argentina)
2019-03-31,15:30,Almirante Brown,Talleres (RdE),1,0,,,Primera B,2018,zonas,,Fecha 31,Fragata Presidente Sarmiento,false,https://es.wikipedia.org/wiki/Campeonato_de_Primera_B_2018-19_(Argentina)
2019-03-31,16:00,All Boys,Deportivo Español,1,0,,,Primera B,2018,zonas,,Fecha 31,Islas Malvinas,false,https://es.wikipedia.org/wiki/Campeonato_de_Primera_B_2018-19_(Argentina)
2019-03-31,16:00,Deportivo Armenio,Villa San Carlos,1,0,,,Primera C,2018,zonas,,Fecha 30,Armenia,false,https://es.wikipedia.org/wiki/Campeonato_de_Primera_C_2018-19_(Argentina)
2019-03-31,16:00,Deportivo Camioneros,Deportivo Maipú,0,0,,,Torneo Federal A,2018,zonas,Partidos de ida,,Hugo Moyano,false,https://es.wikipedia.org/wiki/Torneo_Federal_A_2018-19
2019-03-31,16:00,Ferro Carril Oeste,Quilmes,1,1,,,Primera Nacional,2018,zonas,,Fecha 22,Arquitecto Ricardo Echeverri,false,https://es.wikipedia.org/wiki/Campeonato_de_Primera_B_Nacional_2018-19
2019-03-31,16:00,Gimnasia y Esgrima (M),Defensores de Belgrano,1,0,,,Primera Nacional,2018,zonas,,Fecha 22,Víctor Antonio Legrotaglie,false,https://es.wikipedia.org/wiki/Campeonato_de_Primera_B_Nacional_2018-19
2019-03-31,16:00,Guillermo Brown,Deportivo Morón,3,1,,,Primera Nacional,2018,zonas,,Fecha 22,Raul Conti,false,https://es.wikipedia.org/wiki/Campeonato_de_Primera_B_Nacional_2018-19
2019-03-31,16:00,Olimpo,Chacarita Juniors,2,1,,,Primera Nacional,2018,zonas,,Fecha 22,Roberto N. Carminatti,false,https://es.wikipedia.org/wiki/Campeonato_de_Primera_B_Nacional_2018-19
2019-03-31,16:00,Sacachispas,Tristán Suárez,3,2,,,Primera B,2018,zonas,,Fecha 31,Beto Larrosa,false,https://es.wikipedia.org/wiki/Campeonato_de_Primera_B_2018-19_(Argentina)
2019-03-31,16:00,Sol de Mayo (V),Unión (S),3,0,,,Torneo Federal A,2018,zonas,Partidos de ida,,Sol de Mayo,false,https://es.wikipedia.org/wiki/Torneo_Federal_A_2018-19
2019-03-31,17:00,Defensores de Belgrano (VR),Estudiantes (RC),0,1,,,Torneo Federal A,2018,zonas,Tabla de posiciones final,Fecha 1,Salomón Boeseldín,false,https://es.wikipedia.org/wiki/Torneo_Federal_A_2018-19
2019-03-31,18:10,Defensa y Justicia,Unión,1,1,,,Primera Division,2018,zonas,,Fecha 24,Norberto Tomaghello,false,https://es.wikipedia.org/wiki/Campeonato_de_Primera_División_2018-19_(Argentina)
2019-03-31,18:10,Tigre,Racing Club,1,1,,,Primera Division,2018,zonas,,Fecha 24,Monumental de Victoria,false,https://es.wikipedia.org/wiki/Campeonato_de_Primera_División_2018-19_(Argentina)
2019-03-31,19:00,Boca Unidos,Desamparados,0,0,,,Torneo Federal A,2018,zonas,Partidos de ida,,Leoncio Benítez,false,https://es.wikipedia.org/wiki/Torneo_Federal_A_2018-19
2019-03-31,19:30,Sarmiento (R),San Jorge (T),3,1,,,Torneo Federal A,2018,zonas,Tabla de posiciones final,Fecha 1,Centenario,false,https://es.wikipedia.org/wiki/Torneo_Federal_A_2018-19
2019-03-31,20:00,Atlético de Rafaela,Mitre (SdE),0,1,,,Primera Nacional,2018,zonas,,Fecha 22,Nuevo Monumental,false,https://es.wikipedia.org/wiki/Campeonato_de_Primera_B_Nacional_2018-19
2019-04-01,15:30,Barracas Central,Acassuso,1,0,,,Primera B,2018,zonas,,Fecha 31,Claudio Chiqui Tapia,false,https://es.wikipedia.org/wiki/Campeonato_de_Primera_B_2018-19_(Argentina)
2019-04-01,15:30,Brown de Adrogué,Sarmiento (J),0,3,,,Primera Nacional,2018,zonas,,Fecha 22,Lorenzo Arandilla,false,https://es.wikipedia.org/wiki/Campeonato_de_Primera_B_Nacional_2018-19
2019-04-01,19:00,Estudiantes (LP),San Martín (T),1,1,,,Primera Division,2018,zonas,,Fecha 24,Ciudad de La Plata,false,https://es.wikipedia.org/wiki/Campeonato_de_Primera_División_2018-19_(Argentina)
2019-04-01,21:05,Platense,Gimnasia y Esgrima (J),1,0,,,Primera Nacional,2018,zonas,,Fecha 22,Ciudad de Vicente López,false,https://es.wikipedia.org/wiki/Campeonato_de_Primera_B_Nacional_2018-19
2019-04-01,21:10,Colón,San Martín (SJ),0,0,,,Primera Division,2018,zonas,,Fecha 24,Brigadier Estanislao López,false,https://es.wikipedia.org/wiki/Campeonato_de_Primera_División_2018-19_(Argentina)
2019-04-02,15:30,Deportivo Merlo,Excursionistas,3,2,,,Primera C,2018,zonas,,Fecha 31,José Manuel Moreno,false,https://es.wikipedia.org/wiki/Campeonato_de_Primera_C_2018-19_(Argentina)
2019-04-02,15:30,Ituzaingó,Berazategui,0,0,,,Primera C,2018,zonas,,Fecha 31,Ituzaingó,false,https://es.wikipedia.org/wiki/Campeonato_de_Primera_C_2018-19_(Argentina)
2019-04-02,15:30,J. J. de Urquiza,Colegiales,0,1,,,Primera B,2018,zonas,,Fecha 31,Malvinas Argentinas,false,https://es.wikipedia.org/wiki/Campeonato_de_Primera_B_2018-19_(Argentina)
2019-04-02,15:30,Luján,Sportivo Italiano,1,1,,,Primera C,2018,zonas,,Fecha 31,Municipal de la Ciudad de Luján,false,https://es.wikipedia.org/wiki/Campeonato_de_Primera_C_2018-19_(Argentina)
2019-04-02,15:30,San Telmo,Deportivo Riestra,1,1,,,Primera B,2018,zonas,,Fecha 31,Dr. Osvaldo Baletto,false,https://es.wikipedia.org/wiki/Campeonato_de_Primera_B_2018-19_(Argentina)
2019-04-03,15:00,San Martín (F),Gimnasia y Tiro (S),2,2,,,Torneo Federal A,2018,zonas,Ronda de desempate,Fecha 1,Miguel Sancho,false,https://es.wikipedia.org/wiki/Torneo_Federal_A_2018-19
2019-04-03,15:30,Argentino de Quilmes,San Martín (B),1,0,,,Primera C,2018,zonas,,Fecha 31,Argentino de Quilmes,false,https://es.wikipedia.org/wiki/Campeonato_de_Primera_C_2018-19_(Argentina)
2019-04-03,15:30,El Porvenir,Victoriano Arenas,1,0,,,Primera C,2018,zonas,,Fecha 31,Gildo Francisco Ghersinich,false,https://es.wikipedia.org/wiki/Campeonato_de_Primera_C_2018-19_(Argentina)
2019-04-03,15:30,General Lamadrid,Cañuelas,1,4,,,Primera C,2018,zonas,,Fecha 31,Beto Larrosa,false,https://es.wikipedia.org/wiki/Campeonato_de_Primera_C_2018-19_(Argentina)
2019-04-04,15:30,Deportivo Armenio,Deportivo Laferrere,1,1,,,Primera C,2018,zonas,,Fecha 31,Armenia,false,https://es.wikipedia.org/wiki/Campeonato_de_Primera_C_2018-19_(Argentina)
2019-04-04,15:30,Dock Sud,Ferrocarril Midland,0,0,,,Primera C,2018,zonas,,Fecha 31,De los Inmigrantes,false,https://es.wikipedia.org/wiki/Campeonato_de_Primera_C_2018-19_(Argentina)
2019-04-04,15:30,Sportivo Barracas,Leandro N. Alem,0,0,,,Primera C,2018,zonas,,Fecha 31,República de Italia,false,https://es.wikipedia.org/wiki/Campeonato_de_Primera_C_2018-19_(Argentina)
2019-04-04,15:30,Villa San Carlos,Central Córdoba (R),0,1,,,Primera C,2018,zonas,,Fecha 31,Genacio Sálice,false,https://es.wikipedia.org/wiki/Campeonato_de_Primera_C_2018-19_(Argentina)
2019-04-05,15:00,Arsenal,Agropecuario,2,0,,,Primera Nacional,2018,zonas,,Fecha 23,El Viaducto,false,https://es.wikipedia.org/wiki/Campeonato_de_Primera_B_Nacional_2018-19
2019-04-05,15:30,Deportivo Morón,Olimpo,1,0,,,Primera Nacional,2018,zonas,,Fecha 23,Nuevo Francisco Urbano,false,https://es.wikipedia.org/wiki/Campeonato_de_Primera_B_Nacional_2018-19
2019-04-05,21:00,Instituto,Almagro,1,1,,,Primera Nacional,2018,zonas,,Fecha 23,Juan Domingo Perón,false,https://es.wikipedia.org/wiki/Campeonato_de_Primera_B_Nacional_2018-19
2019-04-05,21:10,San Martín (T),San Lorenzo,0,0,,,Primera Division,2018,zonas,,Fecha 25,La Ciudadela,false,https://es.wikipedia.org/wiki/Campeonato_de_Primera_División_2018-19_(Argentina)
2019-04-06,12:00,Berazategui,El Porvenir,1,1,,,Primera C,2018,zonas,,Fecha 32,Norman Lee,false,https://es.wikipedia.org/wiki/Campeonato_de_Primera_C_2018-19_(Argentina)
2019-04-06,13:10,Atlanta,Sacachispas,0,0,,,Primera B,2018,zonas,,Fecha 32,Don León Kolbowsky,false,https://es.wikipedia.org/wiki/Campeonato_de_Primera_B_2018-19_(Argentina)
2019-04-06,13:15,Gimnasia y Esgrima (LP),Colón,3,2,,,Primera Division,2018,zonas,,Fecha 25,Del Bosque,false,https://es.wikipedia.org/wiki/Campeonato_de_Primera_División_2018-19_(Argentina)
2019-04-06,13:30,Tristán Suárez,Almirante Brown,1,1,,,Primera B,2018,zonas,,Fecha 32,20 de Octubre,false,https://es.wikipedia.org/wiki/Campeonato_de_Primera_B_2018-19_(Argentina)
2019-04-06,15:30,Banfield,Newell's Old Boys,1,1,,,Primera Division,2018,zonas,,Fecha 25,Florencio Sola,false,https://es.wikipedia.org/wiki/Campeonato_de_Primera_División_2018-19_(Argentina)
2019-04-06,15:30,Chacarita Juniors,Atlético de Rafaela,1,0,,,Primera Nacional,2018,zonas,,Fecha 23,Chacarita Juniors,false,https://es.wikipedia.org/wiki/Campeonato_de_Primera_B_Nacional_2018-19
2019-04-06,15:30,Comunicaciones,J. J. de Urquiza,1,1,,,Primera B,2018,zonas,,Fecha 32,Alfredo Ramos,false,https://es.wikipedia.org/wiki/Campeonato_de_Primera_B_2018-19_(Argentina)
2019-04-06,15:30,Defensores de Belgrano,Villa Dálmine,2,1,,,Primera Nacional,2018,zonas,,Fecha 23,Juan Pasquale,false,https://es.wikipedia.org/wiki/Campeonato_de_Primera_B_Nacional_2018-19
2019-04-06,15:30,Sportivo Italiano,General Lamadrid,4,2,,,Primera C,2018,zonas,,Fecha 32,República de Italia,false,https://es.wikipedia.org/wiki/Campeonato_de_Primera_C_2018-19_(Argentina)
2019-04-06,15:30,Unión,Estudiantes (LP),0,0,,,Primera Division,2018,zonas,,Fecha 25,15 de abril,false,https://es.wikipedia.org/wiki/Campeonato_de_Primera_División_2018-19_(Argentina)
2019-04-06,17:45,Vélez Sarsfield,Lanús,4,0,,,Primera Division,2018,zonas,,Fecha 25,José Amalfitani,false,https://es.wikipedia.org/wiki/Campeonato_de_Primera_División_2018-19_(Argentina)
2019-04-06,20:00,Aldosivi,Boca Juniors,1,1,,,Primera Division,2018,zonas,,Fecha 25,José María Minella,false,https://es.wikipedia.org/wiki/Campeonato_de_Primera_División_2018-19_(Argentina)
2019-04-06,20:10,Sarmiento (J),Ferro Carril Oeste,2,2,,,Primera Nacional,2018,zonas,,Fecha 23,Eva Perón,false,https://es.wikipedia.org/wiki/Campeonato_de_Primera_B_Nacional_2018-19
2019-04-06,22:00,Mitre (SdE),Los Andes,2,1,,,Primera Nacional,2018,zonas,,Fecha 23,Doctores José y Antonio Castiglione,false,https://es.wikipedia.org/wiki/Campeonato_de_Primera_B_Nacional_2018-19
2019-04-07,11:00,Huracán,Atlético Tucumán,2,0,,,Primera Division,2018,zonas,,Fecha 25,Tomás A. Ducó,false,https://es.wikipedia.org/wiki/Campeonato_de_Primera_División_2018-19_(Argentina)
2019-04-07,11:00,Temperley,Central Córdoba (SdE),1,2,,,Primera Nacional,2018,zonas,,Fecha 23,Alfredo Beranger,false,https://es.wikipedia.org/wiki/Campeonato_de_Primera_B_Nacional_2018-19
2019-04-07,12:00,Leandro N. Alem,Luján,2,2,,,Primera C,2018,zonas,,Fecha 32,Leandro N. Alem,false,https://es.wikipedia.org/wiki/Campeonato_de_Primera_C_2018-19_(Argentina)
2019-04-07,13:00,Rosario Central,Independiente,1,2,,,Primera Division,2018,zonas,,Fecha 25,Gigante de Arroyito,false,https://es.wikipedia.org/wiki/Campeonato_de_Primera_División_2018-19_(Argentina)
2019-04-07,15:00,Juventud Antoniana,Gimnasia y Tiro (S),0,0,,,Torneo Federal A,2018,zonas,Ronda de desempate,Fecha 2,Miguel Sancho,false,https://es.wikipedia.org/wiki/Torneo_Federal_A_2018-19
2019-04-07,15:15,Belgrano,Godoy Cruz,1,0,,,Primera Division,2018,zonas,,Fecha 25,Gigante de Alberdi,false,https://es.wikipedia.org/wiki/Campeonato_de_Primera_División_2018-19_(Argentina)
2019-04-07,15:15,Patronato,Argentinos Juniors,2,1,,,Primera Division,2018,zonas,,Fecha 25,Presbítero Bartolomé Grella,false,https://es.wikipedia.org/wiki/Campeonato_de_Primera_División_2018-19_(Argentina)
2019-04-07,15:15,River Plate,Tigre,2,3,,,Primera Division,2018,zonas,,Fecha 25,Monumental,false,https://es.wikipedia.org/wiki/Campeonato_de_Primera_División_2018-19_(Argentina)
2019-04-07,15:15,San Martín (SJ),Talleres (C),2,1,,,Primera Division,2018,zonas,,Fecha 25,Ingeniero Hilario Sánchez,false,https://es.wikipedia.org/wiki/Campeonato_de_Primera_División_2018-19_(Argentina)
2019-04-07,15:30,Cañuelas,Dock Sud,0,1,,,Primera C,2018,zonas,,Fecha 32,José Alfredo Arín,false,https://es.wikipedia.org/wiki/Campeonato_de_Primera_C_2018-19_(Argentina)
2019-04-07,15:30,Colegiales,San Miguel,1,0,,,Primera B,2018,zonas,,Fecha 32,Colegiales,false,https://es.wikipedia.org/wiki/Campeonato_de_Primera_B_2018-19_(Argentina)
2019-04-07,15:30,Deportivo Español,Fénix,0,3,,,Primera B,2018,zonas,,Fecha 32,Nueva España,false,https://es.wikipedia.org/wiki/Campeonato_de_Primera_B_2018-19_(Argentina)
2019-04-07,15:30,Ferrocarril Midland,Argentino de Quilmes,0,1,,,Primera C,2018,zonas,,Fecha 32,Ciudad de Libertad,false,https://es.wikipedia.org/wiki/Campeonato_de_Primera_C_2018-19_(Argentina)
2019-04-07,16:00,San Jorge (T),Defensores de Belgrano (VR),1,0,,,Torneo Federal A,2018,zonas,Tabla de posiciones final,Fecha 2,Ángel Pascual Sáez,false,https://es.wikipedia.org/wiki/Torneo_Federal_A_2018-19
2019-04-07,16:00,Unión (S),Sol de Mayo (V),1,1,,,Torneo Federal A,2018,zonas,Partidos de vuelta,,Fortaleza del Bicho,false,https://es.wikipedia.org/wiki/Torneo_Federal_A_2018-19
2019-04-07,16:30,Estudiantes (RC),Alvarado,2,1,,,Torneo Federal A,2018,zonas,Tabla de posiciones final,Fecha 2,Ciudad de Río Cuarto,false,https://es.wikipedia.org/wiki/Torneo_Federal_A_2018-19
2019-04-07,16:45,Deportivo Maipú,Deportivo Camioneros,0,0,,,Torneo Federal A,2018,zonas,Partidos de vuelta,,Omar Higinio Sperdutti,false,https://es.wikipedia.org/wiki/Torneo_Federal_A_2018-19
2019-04-07,17:00,Gimnasia y Esgrima (J),Gimnasia y Esgrima (M),1,2,,,Primera Nacional,2018,zonas,,Fecha 23,23 de agosto,false,https://es.wikipedia.org/wiki/Campeonato_de_Primera_B_Nacional_2018-19
2019-04-07,18:30,Racing Club,Defensa y Justicia,1,1,,,Primera Division,2018,zonas,,Fecha 25,El Cilindro,false,https://es.wikipedia.org/wiki/Campeonato_de_Primera_División_2018-19_(Argentina)
2019-04-07,19:00,Independiente Rivadavia,Guillermo Brown,1,0,,,Primera Nacional,2018,zonas,,Fecha 23,Bautista Gargantini,false,https://es.wikipedia.org/wiki/Campeonato_de_Primera_B_Nacional_2018-19
2019-04-07,21:00,Desamparados,Boca Unidos,1,1,,,Torneo Federal A,2018,zonas,Partidos de vuelta,,El Serpentario,false,https://es.wikipedia.org/wiki/Torneo_Federal_A_2018-19
2019-04-08,15:30,Central Córdoba (R),Ituzaingó,1,1,,,Primera C,2018,zonas,,Fecha 32,Gabino Sosa,false,https://es.wikipedia.org/wiki/Campeonato_de_Primera_C_2018-19_(Argentina)
2019-04-08,15:30,Deportivo Laferrere,Villa San Carlos,6,3,,,Primera C,2018,zonas,,Fecha 32,Ciudad de Laferrere,false,https://es.wikipedia.org/wiki/Campeonato_de_Primera_C_2018-19_(Argentina)
2019-04-08,15:30,Flandria,Barracas Central,1,0,,,Primera B,2018,zonas,,Fecha 32,Carlos V,false,https://es.wikipedia.org/wiki/Campeonato_de_Primera_B_2018-19_(Argentina)
2019-04-08,15:30,San Martín (B),Deportivo Armenio,0,1,,,Primera C,2018,zonas,,Fecha 32,Francisco Boga,false,https://es.wikipedia.org/wiki/Campeonato_de_Primera_C_2018-19_(Argentina)
2019-04-08,15:30,Talleres (RdE),Defensores Unidos,1,1,,,Primera B,2018,zonas,,Fecha 32,Talleres (RdE),false,https://es.wikipedia.org/wiki/Campeonato_de_Primera_B_2018-19_(Argentina)
2019-04-08,15:30,UAI Urquiza,Estudiantes (BA),1,1,,,Primera B,2018,zonas,,Fecha 32,Monumental de Villa Lynch,false,https://es.wikipedia.org/wiki/Campeonato_de_Primera_B_2018-19_(Argentina)
2019-04-08,15:35,Deportivo Riestra,All Boys,0,1,,,Primera B,2018,zonas,,Fecha 32,Guillermo Laza,false,https://es.wikipedia.org/wiki/Campeonato_de_Primera_B_2018-19_(Argentina)
2019-04-08,20:00,Excursionistas,Sportivo Barracas,3,0,,,Primera C,2018,zonas,,Fecha 32,Excursionistas,false,https://es.wikipedia.org/wiki/Campeonato_de_Primera_C_2018-19_(Argentina)
2019-04-08,20:30,Ramón Santamarina,Platense,1,1,,,Primera Nacional,2018,zonas,,Fecha 23,Municipal General San Martin,false,https://es.wikipedia.org/wiki/Campeonato_de_Primera_B_Nacional_2018-19
2019-04-08,21:05,Quilmes,Nueva Chicago,3,2,,,Primera Nacional,2018,zonas,,Fecha 23,Centenario,false,https://es.wikipedia.org/wiki/Campeonato_de_Primera_B_Nacional_2018-19
2019-04-09,15:30,Victoriano Arenas,Deportivo Merlo,0,1,,,Primera C,2018,zonas,,Fecha 32,Saturnino Moure,false,https://es.wikipedia.org/wiki/Campeonato_de_Primera_C_2018-19_(Argentina)
2019-04-09,21:05,Acassuso,San Telmo,0,2,,,Primera B,2018,zonas,,Fecha 32,República de Italia,false,https://es.wikipedia.org/wiki/Campeonato_de_Primera_B_2018-19_(Argentina)
2019-04-11,15:00,Juventud Antoniana,San Martín (F),1,1,,,Torneo Federal A,2018,zonas,Ronda de desempate,Fecha 3,Miguel Sancho,false,https://es.wikipedia.org/wiki/Torneo_Federal_A_2018-19
2019-04-12,15:30,El Porvenir,Central Córdoba (R),2,2,,,Primera C,2018,zonas,,Fecha 33,Gildo Francisco Ghersinich,false,https://es.wikipedia.org/wiki/Campeonato_de_Primera_C_2018-19_(Argentina)
2019-04-12,15:30,Luján,Excursionistas,3,0,,,Primera C,2018,zonas,,Fecha 33,Municipal de la Ciudad de Luján,false,https://es.wikipedia.org/wiki/Campeonato_de_Primera_C_2018-19_(Argentina)
2019-04-13,11:00,Dock Sud,Sportivo Italiano,1,0,,,Primera C,2018,zonas,,Fecha 33,De los Inmigrantes,false,https://es.wikipedia.org/wiki/Campeonato_de_Primera_C_2018-19_(Argentina)
2019-04-13,12:00,Villa San Carlos,Ituzaingó,3,0,,,Primera C,2018,zonas,,Fecha 33,Genacio Sálice,false,https://es.wikipedia.org/wiki/Campeonato_de_Primera_C_2018-19_(Argentina)
2019-04-13,13:05,Colegiales,Comunicaciones,0,0,,,Primera B,2018,zonas,,Fecha 33,Colegiales,false,https://es.wikipedia.org/wiki/Campeonato_de_Primera_B_2018-19_(Argentina)
2019-04-13,15:30,Defensores Unidos,Tristán Suárez,0,0,,,Primera B,2018,zonas,,Fecha 33,Gigante de Villa Fox,false,https://es.wikipedia.org/wiki/Campeonato_de_Primera_B_2018-19_(Argentina)
2019-04-13,15:30,Deportivo Laferrere,San Martín (B),2,1,,,Primera C,2018,zonas,,Fecha 33,Ciudad de Laferrere,false,https://es.wikipedia.org/wiki/Campeonato_de_Primera_C_2018-19_(Argentina)
2019-04-13,15:30,Deportivo Merlo,Berazategui,2,3,,,Primera C,2018,zonas,,Fecha 33,José Manuel Moreno,false,https://es.wikipedia.org/wiki/Campeonato_de_Primera_C_2018-19_(Argentina)
2019-04-13,15:30,Fénix,Deportivo Riestra,1,4,,,Primera B,2018,zonas,,Fecha 33,Nuevo Francisco Urbano,false,https://es.wikipedia.org/wiki/Campeonato_de_Primera_B_2018-19_(Argentina)
2019-04-13,15:30,Los Andes,Chacarita Juniors,0,1,,,Primera Nacional,2018,zonas,,Fecha 24,Eduardo Gallardón,false,https://es.wikipedia.org/wiki/Campeonato_de_Primera_B_Nacional_2018-19
2019-04-13,15:30,Sacachispas,Deportivo Español,2,3,,,Primera B,2018,zonas,,Fecha 33,Beto Larrosa,false,https://es.wikipedia.org/wiki/Campeonato_de_Primera_B_2018-19_(Argentina)
2019-04-13,15:35,All Boys,Acassuso,0,3,,,Primera B,2018,zonas,,Fecha 33,Islas Malvinas,false,https://es.wikipedia.org/wiki/Campeonato_de_Primera_B_2018-19_(Argentina)
2019-04-13,16:00,Ferro Carril Oeste,Brown de Adrogué,1,0,,,Primera Nacional,2018,zonas,,Fecha 24,Arquitecto Ricardo Etcheverri,false,https://es.wikipedia.org/wiki/Campeonato_de_Primera_B_Nacional_2018-19
2019-04-13,16:00,Olimpo,Independiente Rivadavia,2,3,,,Primera Nacional,2018,zonas,,Fecha 24,Roberto Natalio Carminatti,false,https://es.wikipedia.org/wiki/Campeonato_de_Primera_B_Nacional_2018-19
2019-04-13,17:05,Almagro,Temperley,2,1,,,Primera Nacional,2018,zonas,,Fecha 24,Tres de Febrero,false,https://es.wikipedia.org/wiki/Campeonato_de_Primera_B_Nacional_2018-19
2019-04-14,11:00,Deportivo Armenio,Ferrocarril Midland,3,1,,,Primera C,2018,zonas,,Fecha 33,Armenia,false,https://es.wikipedia.org/wiki/Campeonato_de_Primera_C_2018-19_(Argentina)
2019-04-14,12:00,San Telmo,Flandria,1,1,,,Primera B,2018,zonas,,Fecha 33,Dr. Osvaldo Baletto,false,https://es.wikipedia.org/wiki/Campeonato_de_Primera_B_2018-19_(Argentina)
2019-04-14,15:30,Almirante Brown,Atlanta,0,1,,,Primera B,2018,zonas,,Fecha 33,Fragata Presidente Sarmiento,false,https://es.wikipedia.org/wiki/Campeonato_de_Primera_B_2018-19_(Argentina)
2019-04-14,15:30,Argentino de Quilmes,Cañuelas,2,2,,,Primera C,2018,zonas,,Fecha 33,Argentino de Quilmes,false,https://es.wikipedia.org/wiki/Campeonato_de_Primera_C_2018-19_(Argentina)
2019-04-14,15:30,J. J. de Urquiza,Talleres (RdE),0,2,,,Primera B,2018,zonas,,Fecha 33,Ramón Roque Martín,false,https://es.wikipedia.org/wiki/Campeonato_de_Primera_B_2018-19_(Argentina)
2019-04-14,15:30,Platense,Instituto,2,1,,,Primera Nacional,2018,zonas,,Fecha 24,Ciudad de Vicente López,false,https://es.wikipedia.org/wiki/Campeonato_de_Primera_B_Nacional_2018-19
2019-04-14,15:30,San Miguel,Estudiantes (BA),0,1,,,Primera B,2018,zonas,,Fecha 33,Malvinas Argentinas,false,https://es.wikipedia.org/wiki/Campeonato_de_Primera_B_2018-19_(Argentina)
2019-04-14,16:00,Agropecuario,Defensores de Belgrano,1,0,,,Primera Nacional,2018,zonas,,Fecha 24,Ofelia Rosenzuaig,false,https://es.wikipedia.org/wiki/Campeonato_de_Primera_B_Nacional_2018-19
2019-04-14,16:00,Guillermo Brown,Quilmes,2,1,,,Primera Nacional,2018,zonas,,Fecha 24,Raúl Conti,false,https://es.wikipedia.org/wiki/Campeonato_de_Primera_B_Nacional_2018-19
2019-04-14,16:00,Villa Dálmine,Gimnasia y Esgrima (J),4,4,,,Primera Nacional,2018,zonas,,Fecha 24,El Coliseo de Mitre y Puccini,false,https://es.wikipedia.org/wiki/Campeonato_de_Primera_B_Nacional_2018-19
2019-04-14,16:30,Defensores de Belgrano (VR),Sarmiento (R),3,4,,,Torneo Federal A,2018,zonas,Tabla de posiciones final,Fecha 3,Salomón Boeseldín,false,https://es.wikipedia.org/wiki/Torneo_Federal_A_2018-19
2019-04-14,16:30,Gimnasia y Esgrima (M),Ramón Santamarina,3,3,,,Primera Nacional,2018,zonas,,Fecha 24,Víctor Antonio Legrotaglie,false,https://es.wikipedia.org/wiki/Campeonato_de_Primera_B_Nacional_2018-19
2019-04-14,17:00,Alvarado,San Jorge (T),1,1,,,Torneo Federal A,2018,zonas,Tabla de posiciones final,Fecha 3,José María Minella,false,https://es.wikipedia.org/wiki/Torneo_Federal_A_2018-19
2019-04-14,17:30,Central Córdoba (SdE),Mitre (SdE),1,1,,,Primera Nacional,2018,zonas,,Fecha 24,Alfredo Terrera,false,https://es.wikipedia.org/wiki/Campeonato_de_Primera_B_Nacional_2018-19
2019-04-15,15:30,Barracas Central,UAI Urquiza,1,0,,,Primera B,2018,zonas,,Fecha 33,Claudio Chiqui Tapia,false,https://es.wikipedia.org/wiki/Campeonato_de_Primera_B_2018-19_(Argentina)
2019-04-15,15:30,General Lamadrid,Leandro N. Alem,1,0,,,Primera C,2018,zonas,,Fecha 33,Enrique Sexto,false,https://es.wikipedia.org/wiki/Campeonato_de_Primera_C_2018-19_(Argentina)
2019-04-15,15:30,Sportivo Barracas,Victoriano Arenas,2,1,,,Primera C,2018,zonas,,Fecha 33,República de Italia,false,https://es.wikipedia.org/wiki/Campeonato_de_Primera_C_2018-19_(Argentina)
2019-04-15,15:35,Nueva Chicago,Sarmiento (J),1,0,,,Primera Nacional,2018,zonas,,Fecha 24,Nueva Chicago,false,https://es.wikipedia.org/wiki/Campeonato_de_Primera_B_Nacional_2018-19
2019-04-15,21:05,Atlético de Rafaela,Deportivo Morón,0,1,,,Primera Nacional,2018,zonas,,Fecha 24,Nuevo Monumental,false,https://es.wikipedia.org/wiki/Campeonato_de_Primera_B_Nacional_2018-19
2019-04-16,16:00,Deportivo Madryn,Villa Mitre,2,0,,,Torneo Federal A,2018,zonas,Partidos de ida,,El Coliseo del Golfo,false,https://es.wikipedia.org/wiki/Torneo_Federal_A_2018-19
2019-04-16,17:00,San Martín (F),Huracán Las Heras,1,1,,,Torneo Federal A,2018,zonas,Partidos de ida,,17 de Octubre,false,https://es.wikipedia.org/wiki/Torneo_Federal_A_2018-19
2019-04-16,20:00,Sportivo Las Parejas,Sansinena,0,0,,,Torneo Federal A,2018,zonas,Partidos de ida,,4 de Septiembre,false,https://es.wikipedia.org/wiki/Torneo_Federal_A_2018-19
2019-04-16,21:30,Sportivo Estudiantes (SL),Chaco For Ever,0,0,,,Torneo Federal A,2018,zonas,Partidos de ida,,Héctor Odicino y Pedro Benoza,false,https://es.wikipedia.org/wiki/Torneo_Federal_A_2018-19
2019-04-18,15:30,Ituzaingó,El Porvenir,0,1,,,Primera C,2018,zonas,,Fecha 34,Ituzaingó,false,https://es.wikipedia.org/wiki/Campeonato_de_Primera_C_2018-19_(Argentina)
2019-04-18,15:30,San Martín (B),Villa San Carlos,0,0,,,Primera C,2018,zonas,,Fecha 34,Francisco Boga,false,https://es.wikipedia.org/wiki/Campeonato_de_Primera_C_2018-19_(Argentina)
2019-04-19,15:30,Acassuso,Fénix,1,1,,,Primera B,2018,zonas,,Fecha 34,República de Italia,false,https://es.wikipedia.org/wiki/Campeonato_de_Primera_B_2018-19_(Argentina)
2019-04-19,15:30,Berazategui,Sportivo Barracas,0,0,,,Primera C,2018,zonas,,Fecha 34,Norman Lee,false,https://es.wikipedia.org/wiki/Campeonato_de_Primera_C_2018-19_(Argentina)
2019-04-19,15:30,Ferrocarril Midland,Deportivo Laferrere,2,1,,,Primera C,2018,zonas,,Fecha 34,Ciudad de Libertad,false,https://es.wikipedia.org/wiki/Campeonato_de_Primera_C_2018-19_(Argentina)
2019-04-19,15:30,Leandro N. Alem,Dock Sud,1,0,,,Primera C,2018,zonas,,Fecha 34,Leandro N. Alem,false,https://es.wikipedia.org/wiki/Campeonato_de_Primera_C_2018-19_(Argentina)
2019-04-19,15:30,Tristán Suárez,J. J. de Urquiza,0,2,,,Primera B,2018,zonas,,Fecha 34,20 de Octubre,false,https://es.wikipedia.org/wiki/Campeonato_de_Primera_B_2018-19_(Argentina)
2019-04-19,17:30,Independiente Rivadavia,Atlético de Rafaela,1,1,,,Primera Nacional,2018,zonas,,Fecha 25,Bautista Gargantini,false,https://es.wikipedia.org/wiki/Campeonato_de_Primera_B_Nacional_2018-19
2019-04-19,20:00,Chacarita Juniors,Central Córdoba (SdE),0,0,,,Primera Nacional,2018,zonas,,Fecha 25,Chacarita Juniors,false,https://es.wikipedia.org/wiki/Campeonato_de_Primera_B_Nacional_2018-19
2019-04-20,13:05,Deportivo Morón,Los Andes,3,0,,,Primera Nacional,2018,zonas,,Fecha 25,Nuevo Francisco Urbano,false,https://es.wikipedia.org/wiki/Campeonato_de_Primera_B_Nacional_2018-19
2019-04-20,13:05,Quilmes,Olimpo,3,1,,,Primera Nacional,2018,zonas,,Fecha 25,Centenario,false,https://es.wikipedia.org/wiki/Campeonato_de_Primera_B_Nacional_2018-19
2019-04-20,15:30,Atlanta,Defensores Unidos,1,0,,,Primera B,2018,zonas,,Fecha 34,Don León Kolbowsky,false,https://es.wikipedia.org/wiki/Campeonato_de_Primera_B_2018-19_(Argentina)
2019-04-20,15:30,Central Córdoba (R),Deportivo Merlo,1,0,,,Primera C,2018,zonas,,Fecha 34,Gabino Sosa,false,https://es.wikipedia.org/wiki/Campeonato_de_Primera_C_2018-19_(Argentina)
2019-04-20,15:30,Comunicaciones,San Miguel,0,0,,,Primera B,2018,zonas,,Fecha 34,Alfredo Ramos,false,https://es.wikipedia.org/wiki/Campeonato_de_Primera_B_2018-19_(Argentina)
2019-04-20,15:30,Deportivo Español,Almirante Brown,0,2,,,Primera B,2018,zonas,,Fecha 34,Nueva España,false,https://es.wikipedia.org/wiki/Campeonato_de_Primera_B_2018-19_(Argentina)
2019-04-20,15:30,Excursionistas,General Lamadrid,1,0,,,Primera C,2018,zonas,,Fecha 34,Excursionistas,false,https://es.wikipedia.org/wiki/Campeonato_de_Primera_C_2018-19_(Argentina)
2019-04-20,15:30,Sportivo Italiano,Argentino de Quilmes,1,1,,,Primera C,2018,zonas,,Fecha 34,República de Italia,false,https://es.wikipedia.org/wiki/Campeonato_de_Primera_C_2018-19_(Argentina)
2019-04-20,16:00,Gimnasia y Esgrima (J),Agropecuario,0,0,,,Primera Nacional,2018,zonas,,Fecha 25,23 de agosto,false,https://es.wikipedia.org/wiki/Campeonato_de_Primera_B_Nacional_2018-19
2019-04-20,17:05,Estudiantes (BA),Barracas Central,0,0,,,Primera B,2018,zonas,,Fecha 34,Ciudad de Caseros,false,https://es.wikipedia.org/wiki/Campeonato_de_Primera_B_2018-19_(Argentina)
2019-04-20,19:00,Instituto,Gimnasia y Esgrima (M),1,1,,,Primera Nacional,2018,zonas,,Fecha 25,Juan Domingo Perón,false,https://es.wikipedia.org/wiki/Campeonato_de_Primera_B_Nacional_2018-19
2019-04-20,21:00,Temperley,Platense,1,1,,,Primera Nacional,2018,zonas,,Fecha 25,Alfredo Beranger,false,https://es.wikipedia.org/wiki/Campeonato_de_Primera_B_Nacional_2018-19
2019-04-21,11:00,Victoriano Arenas,Luján,1,0,,,Primera C,2018,zonas,,Fecha 34,Saturnino Moure,false,https://es.wikipedia.org/wiki/Campeonato_de_Primera_C_2018-19_(Argentina)
2019-04-21,15:10,Brown de Adrogué,Nueva Chicago,2,1,,,Primera Nacional,2018,zonas,,Fecha 25,Lorenzo Arandilla,false,https://es.wikipedia.org/wiki/Campeonato_de_Primera_B_Nacional_2018-19
2019-04-21,15:10,Defensores de Belgrano,Arsenal,0,1,,,Primera Nacional,2018,zonas,,Fecha 25,Juan Pasquale,false,https://es.wikipedia.org/wiki/Campeonato_de_Primera_B_Nacional_2018-19
2019-04-21,15:10,Sarmiento (J),Guillermo Brown,3,1,,,Primera Nacional,2018,zonas,,Fecha 25,Eva Perón,false,https://es.wikipedia.org/wiki/Campeonato_de_Primera_B_Nacional_2018-19
2019-04-21,15:30,Cañuelas,Deportivo Armenio,3,2,,,Primera C,2018,zonas,,Fecha 34,José Alfredo Arín,false,https://es.wikipedia.org/wiki/Campeonato_de_Primera_C_2018-19_(Argentina)
2019-04-21,15:30,Flandria,All Boys,0,0,,,Primera B,2018,zonas,,Fecha 34,Carlos V,false,https://es.wikipedia.org/wiki/Campeonato_de_Primera_B_2018-19_(Argentina)
2019-04-21,16:00,Huracán Las Heras,San Martín (F),1,0,,,Torneo Federal A,2018,zonas,Partidos de vuelta,,General San Martín,false,https://es.wikipedia.org/wiki/Torneo_Federal_A_2018-19
2019-04-21,16:00,Sansinena,Sportivo Las Parejas,0,0,,,Torneo Federal A,2018,zonas,Partidos de vuelta,,Luis Molina,false,https://es.wikipedia.org/wiki/Torneo_Federal_A_2018-19
2019-04-21,16:30,Chaco For Ever,Sportivo Estudiantes (SL),1,0,,,Torneo Federal A,2018,zonas,Partidos de vuelta,,Juan Alberto García,false,https://es.wikipedia.org/wiki/Torneo_Federal_A_2018-19
2019-04-21,20:00,Villa Mitre,Deportivo Madryn,1,1,,,Torneo Federal A,2018,zonas,Partidos de vuelta,,El Fortín,false,https://es.wikipedia.org/wiki/Torneo_Federal_A_2018-19
2019-04-21,21:30,Mitre (SdE),Almagro,2,4,,,Primera Nacional,2018,zonas,,Fecha 25,Doctores José y Antonio Castiglione,false,https://es.wikipedia.org/wiki/Campeonato_de_Primera_B_Nacional_2018-19
2019-04-22,15:30,Deportivo Riestra,Sacachispas,1,0,,,Primera B,2018,zonas,,Fecha 34,Guillermo Laza,false,https://es.wikipedia.org/wiki/Campeonato_de_Primera_B_2018-19_(Argentina)
2019-04-22,15:30,UAI Urquiza,San Telmo,1,0,,,Primera B,2018,zonas,,Fecha 34,Monumental de Villa Lynch,false,https://es.wikipedia.org/wiki/Campeonato_de_Primera_B_2018-19_(Argentina)
2019-04-22,20:30,Ramón Santamarina,Villa Dálmine,0,0,,,Primera Nacional,2018,zonas,,Fecha 25,Municipal General San Martín,false,https://es.wikipedia.org/wiki/Campeonato_de_Primera_B_Nacional_2018-19
2019-04-22,21:05,Talleres (RdE),Colegiales,1,2,,,Primera B,2018,zonas,,Fecha 34,Talleres,false,https://es.wikipedia.org/wiki/Campeonato_de_Primera_B_2018-19_(Argentina)
2019-04-26,15:30,Luján,Berazategui,3,2,,,Primera C,2018,zonas,,Fecha 35,Municipal de la Ciudad de Luján,false,https://es.wikipedia.org/wiki/Campeonato_de_Primera_C_2018-19_(Argentina)
2019-04-26,15:30,Sportivo Barracas,Central Córdoba (R),2,0,,,Primera C,2018,zonas,,Fecha 35,República de Italia,false,https://es.wikipedia.org/wiki/Campeonato_de_Primera_C_2018-19_(Argentina)
2019-04-27,11:00,Dock Sud,Excursionistas,1,2,,,Primera C,2018,zonas,,Fecha 35,De los Inmigrantes,false,https://es.wikipedia.org/wiki/Campeonato_de_Primera_C_2018-19_(Argentina)
2019-04-27,13:05,Almirante Brown,Deportivo Riestra,0,1,,,Primera B,2018,zonas,,Fecha 35,Fragata Presidente Sarmiento,false,https://es.wikipedia.org/wiki/Campeonato_de_Primera_B_2018-19_(Argentina)
2019-04-27,15:30,All Boys,UAI Urquiza,1,2,,,Primera B,2018,zonas,,Fecha 35,Islas Malvinas,false,https://es.wikipedia.org/wiki/Campeonato_de_Primera_B_2018-19_(Argentina)
2019-04-27,15:30,Argentino de Quilmes,Leandro N. Alem,3,0,,,Primera C,2018,zonas,,Fecha 35,Argentino de Quilmes,false,https://es.wikipedia.org/wiki/Campeonato_de_Primera_C_2018-19_(Argentina)
2019-04-27,15:30,Comunicaciones,Talleres (RdE),0,0,,,Primera B,2018,zonas,,Fecha 35,Alfredo Ramos,false,https://es.wikipedia.org/wiki/Campeonato_de_Primera_B_2018-19_(Argentina)
2019-04-27,15:30,Deportivo Armenio,Sportivo Italiano,2,1,,,Primera C,2018,zonas,,Fecha 35,Armenia,false,https://es.wikipedia.org/wiki/Campeonato_de_Primera_C_2018-19_(Argentina)
2019-04-27,15:30,Deportivo Merlo,Ituzaingó,0,1,,,Primera C,2018,zonas,,Fecha 35,José Manuel Moreno,false,https://es.wikipedia.org/wiki/Campeonato_de_Primera_C_2018-19_(Argentina)
2019-04-27,15:30,General Lamadrid,Victoriano Arenas,2,0,,,Primera C,2018,zonas,,Fecha 35,Enrique Sexto,false,https://es.wikipedia.org/wiki/Campeonato_de_Primera_C_2018-19_(Argentina)
2019-04-27,15:30,J. J. de Urquiza,Atlanta,0,0,,,Primera B,2018,zonas,,Fecha 35,Ramón Roque Martín,false,https://es.wikipedia.org/wiki/Campeonato_de_Primera_B_2018-19_(Argentina)
2019-04-28,12:00,San Martín (B),Ferrocarril Midland,1,0,,,Primera C,2018,zonas,,Fecha 35,Francisco Boga,false,https://es.wikipedia.org/wiki/Campeonato_de_Primera_C_2018-19_(Argentina)
2019-04-28,15:00,Sarmiento (J),Arsenal,0,1,,,Primera Nacional,2018,zonas,,,Florencio Sola,false,https://es.wikipedia.org/wiki/Campeonato_de_Primera_B_Nacional_2018-19
2019-04-28,15:30,Colegiales,Tristán Suárez,3,1,,,Primera B,2018,zonas,,Fecha 35,Colegiales,false,https://es.wikipedia.org/wiki/Campeonato_de_Primera_B_2018-19_(Argentina)
2019-04-28,15:30,Defensores Unidos,Deportivo Español,1,1,,,Primera B,2018,zonas,,Fecha 35,Gigante de Villa Fox,false,https://es.wikipedia.org/wiki/Campeonato_de_Primera_B_2018-19_(Argentina)
2019-04-28,15:30,Sol de Mayo (V),Huracán Las Heras,1,0,,,Torneo Federal A,2018,zonas,Partidos de ida,,Sol de Mayo,false,https://es.wikipedia.org/wiki/Torneo_Federal_A_2018-19
2019-04-28,15:30,Villa San Carlos,El Porvenir,1,0,,,Primera C,2018,zonas,,Fecha 35,Genacio Sálice,false,https://es.wikipedia.org/wiki/Campeonato_de_Primera_C_2018-19_(Argentina)
2019-04-28,16:00,Deportivo Madryn,Chaco For Ever,1,0,,,Torneo Federal A,2018,zonas,Partidos de ida,,El Coliseo del Golfo,false,https://es.wikipedia.org/wiki/Torneo_Federal_A_2018-19
2019-04-28,16:00,Deportivo Maipú,Desamparados,1,0,,,Torneo Federal A,2018,zonas,Partidos de ida,,Omar Higinio Sperdutti,false,https://es.wikipedia.org/wiki/Torneo_Federal_A_2018-19
2019-04-28,16:00,San Jorge (T),Estudiantes (RC),0,2,,,Torneo Federal A,2018,zonas,Tabla de posiciones final,Fecha 4,Ángel Pascual Sáez,false,https://es.wikipedia.org/wiki/Torneo_Federal_A_2018-19
2019-04-28,19:00,Sarmiento (R),Alvarado,2,1,,,Torneo Federal A,2018,zonas,Tabla de posiciones final,Fecha 4,Centenario,false,https://es.wikipedia.org/wiki/Torneo_Federal_A_2018-19
2019-04-29,15:30,Deportivo Laferrere,Cañuelas,1,1,,,Primera C,2018,zonas,,Fecha 35,Ciudad de Laferrere,false,https://es.wikipedia.org/wiki/Campeonato_de_Primera_C_2018-19_(Argentina)
2019-04-29,15:30,Fénix,Flandria,0,0,,,Primera B,2018,zonas,,Fecha 35,José Manuel Moreno,false,https://es.wikipedia.org/wiki/Campeonato_de_Primera_B_2018-19_(Argentina)
2019-04-29,15:30,Sacachispas,Acassuso,0,3,,,Primera B,2018,zonas,,Fecha 35,Beto Larrosa,false,https://es.wikipedia.org/wiki/Campeonato_de_Primera_B_2018-19_(Argentina)
2019-04-29,15:30,San Telmo,Estudiantes (BA),2,1,,,Primera B,2018,zonas,,Fecha 35,Dr. Osvaldo Baletto,false,https://es.wikipedia.org/wiki/Campeonato_de_Primera_B_2018-19_(Argentina)
2019-04-29,15:35,San Miguel,Barracas Central,1,1,,,Primera B,2018,zonas,,Fecha 35,Malvinas Argentinas,false,https://es.wikipedia.org/wiki/Campeonato_de_Primera_B_2018-19_(Argentina)
2019-04-29,20:00,Sportivo Las Parejas,Gimnasia y Esgrima (CdU),0,0,,,Torneo Federal A,2018,zonas,Partidos de ida,,4 de Septiembre,false,https://es.wikipedia.org/wiki/Torneo_Federal_A_2018-19
2019-05-03,15:30,Ituzaingó,Sportivo Barracas,1,0,,,Primera C,2018,zonas,,Fecha 36,Ituzaingó,false,https://es.wikipedia.org/wiki/Campeonato_de_Primera_C_2018-19_(Argentina)
2019-05-03,15:35,Deportivo Riestra,Defensores Unidos,1,1,,,Primera B,2018,zonas,,Fecha 36,Guillermo Laza,false,https://es.wikipedia.org/wiki/Campeonato_de_Primera_B_2018-19_(Argentina)
2019-05-04,,Central Córdoba (SdE),Platense,0,0,,,Primera Nacional,2018,eliminacion,,Cuartos,Estadio Alfredo Terrera,false,https://es.wikipedia.org/wiki/Campeonato_de_Primera_B_Nacional_2018-19
2019-05-04,,Independiente Rivadavia,Nueva Chicago,4,1,,,Primera Nacional,2018,eliminacion,,Cuartos,Estadio Bautista Gargantini,false,https://es.wikipedia.org/wiki/Campeonato_de_Primera_B_Nacional_2018-19
2019-05-04,12:00,Victoriano Arenas,Dock Sud,1,2,,,Primera C,2018,zonas,,Fecha 36,Saturnino Moure,false,https://es.wikipedia.org/wiki/Campeonato_de_Primera_C_2018-19_(Argentina)
2019-05-04,13:00,Flandria,Sacachispas,2,0,,,Primera B,2018,zonas,,Fecha 36,Carlos V,false,https://es.wikipedia.org/wiki/Campeonato_de_Primera_B_2018-19_(Argentina)
2019-05-04,13:05,Atlanta,Colegiales,3,0,,,Primera B,2018,zonas,,Fecha 36,Don León Kolbowsky,false,https://es.wikipedia.org/wiki/Campeonato_de_Primera_B_2018-19_(Argentina)
2019-05-04,15:30,Berazategui,General Lamadrid,1,1,,,Primera C,2018,zonas,,Fecha 36,Norman Lee,false,https://es.wikipedia.org/wiki/Campeonato_de_Primera_C_2018-19_(Argentina)
2019-05-04,15:30,Central Córdoba (R),Luján,0,2,,,Primera C,2018,zonas,,Fecha 36,Gabino Sosa,false,https://es.wikipedia.org/wiki/Campeonato_de_Primera_C_2018-19_(Argentina)
2019-05-04,15:30,Deportivo Español,J. J. de Urquiza,1,0,,,Primera B,2018,zonas,,Fecha 36,Nueva España,false,https://es.wikipedia.org/wiki/Campeonato_de_Primera_B_2018-19_(Argentina)
2019-05-04,15:30,Excursionistas,Argentino de Quilmes,0,0,,,Primera C,2018,zonas,,Fecha 36,Excursionistas,false,https://es.wikipedia.org/wiki/Campeonato_de_Primera_C_2018-19_(Argentina)
2019-05-04,15:30,Ferrocarril Midland,Villa San Carlos,2,0,,,Primera C,2018,zonas,,Fecha 36,Ciudad de Libertad,false,https://es.wikipedia.org/wiki/Campeonato_de_Primera_C_2018-19_(Argentina)
2019-05-04,15:30,Leandro N. Alem,Deportivo Armenio,0,1,,,Primera C,2018,zonas,,Fecha 36,Leandro N. Alem,false,https://es.wikipedia.org/wiki/Campeonato_de_Primera_C_2018-19_(Argentina)
2019-05-04,15:30,Tristán Suárez,Comunicaciones,0,1,,,Primera B,2018,zonas,,Fecha 36,20 de Octubre,false,https://es.wikipedia.org/wiki/Campeonato_de_Primera_B_2018-19_(Argentina)
2019-05-05,,Brown de Adrogué,Sarmiento (J),0,1,,,Primera Nacional,2018,eliminacion,,Cuartos,Estadio Lorenzo Arandilla,false,https://es.wikipedia.org/wiki/Campeonato_de_Primera_B_Nacional_2018-19
2019-05-05,12:00,El Porvenir,Deportivo Merlo,1,0,,,Primera C,2018,zonas,,Fecha 36,Gildo Francisco Ghersinich,false,https://es.wikipedia.org/wiki/Campeonato_de_Primera_C_2018-19_(Argentina)
2019-05-05,15:00,Gimnasia y Esgrima (CdU),Sportivo Las Parejas,1,0,,,Torneo Federal A,2018,zonas,Partidos de vuelta,,Manuel y Ramón Núñez,false,https://es.wikipedia.org/wiki/Torneo_Federal_A_2018-19
2019-05-05,15:30,Barracas Central,San Telmo,0,0,,,Primera B,2018,zonas,,Fecha 36,Claudio Chiqui Tapia,false,https://es.wikipedia.org/wiki/Campeonato_de_Primera_B_2018-19_(Argentina)
2019-05-05,15:30,Cañuelas,San Martín (B),1,1,,,Primera C,2018,zonas,,Fecha 36,José Alfredo Arín,false,https://es.wikipedia.org/wiki/Campeonato_de_Primera_C_2018-19_(Argentina)
2019-05-05,15:30,Sportivo Italiano,Deportivo Laferrere,1,4,,,Primera C,2018,zonas,,Fecha 36,República de Italia,false,https://es.wikipedia.org/wiki/Campeonato_de_Primera_C_2018-19_(Argentina)
2019-05-05,15:30,Talleres (RdE),San Miguel,0,3,,,Primera B,2018,zonas,,Fecha 36,Talleres,false,https://es.wikipedia.org/wiki/Campeonato_de_Primera_B_2018-19_(Argentina)
2019-05-05,16:00,Alvarado,Defensores de Belgrano (VR),1,0,,,Torneo Federal A,2018,zonas,Tabla de posiciones final,Fecha 5,José María Minella,false,https://es.wikipedia.org/wiki/Torneo_Federal_A_2018-19
2019-05-05,16:00,Chaco For Ever,Deportivo Madryn,0,0,,,Torneo Federal A,2018,zonas,Partidos de vuelta,,Juan Alberto García,false,https://es.wikipedia.org/wiki/Torneo_Federal_A_2018-19
2019-05-05,16:00,Desamparados,Deportivo Maipú,3,1,,,Torneo Federal A,2018,zonas,Partidos de vuelta,,El Serpentario,false,https://es.wikipedia.org/wiki/Torneo_Federal_A_2018-19
2019-05-05,16:00,Estudiantes (RC),Sarmiento (R),2,0,,,Torneo Federal A,2018,zonas,Tabla de posiciones final,Fecha 5,Ciudad de Río Cuarto,false,https://es.wikipedia.org/wiki/Torneo_Federal_A_2018-19
2019-05-05,16:00,Huracán Las Heras,Sol de Mayo (V),1,2,,,Torneo Federal A,2018,zonas,Partidos de vuelta,,General San Martín,false,https://es.wikipedia.org/wiki/Torneo_Federal_A_2018-19
2019-05-06,,Gimnasia y Esgrima (M),Almagro,1,1,,,Primera Nacional,2018,eliminacion,,Cuartos,Estadio Víctor Antonio Legrotaglie,false,https://es.wikipedia.org/wiki/Campeonato_de_Primera_B_Nacional_2018-19
2019-05-06,15:30,UAI Urquiza,Fénix,1,0,,,Primera B,2018,zonas,,Fecha 36,Monumental de Villa Lynch,false,https://es.wikipedia.org/wiki/Campeonato_de_Primera_B_2018-19_(Argentina)
2019-05-06,20:00,Acassuso,Almirante Brown,0,1,,,Primera B,2018,zonas,,Fecha 36,República de Italia,false,https://es.wikipedia.org/wiki/Campeonato_de_Primera_B_2018-19_(Argentina)
2019-05-07,21:35,Estudiantes (BA),All Boys,1,2,,,Primera B,2018,zonas,,Fecha 36,Ciudad de Caseros,false,https://es.wikipedia.org/wiki/Campeonato_de_Primera_B_2018-19_(Argentina)
2019-05-11,,Nueva Chicago,Independiente Rivadavia,2,2,,,Primera Nacional,2018,eliminacion,,Cuartos,Estadio de Nueva Chicago,false,https://es.wikipedia.org/wiki/Campeonato_de_Primera_B_Nacional_2018-19
2019-05-11,,Sarmiento (J),Brown de Adrogué,0,1,,,Primera Nacional,2018,eliminacion,,Cuartos,Estadio Eva Perón,false,https://es.wikipedia.org/wiki/Campeonato_de_Primera_B_Nacional_2018-19
2019-05-11,12:00,Talleres (RdE),Tristán Suárez,0,1,,,Primera B,2018,zonas,,Fecha 37,Talleres,false,https://es.wikipedia.org/wiki/Campeonato_de_Primera_B_2018-19_(Argentina)
2019-05-11,15:30,Comunicaciones,Atlanta,0,1,,,Primera B,2018,zonas,,Fecha 37,Alfredo Ramos,false,https://es.wikipedia.org/wiki/Campeonato_de_Primera_B_2018-19_(Argentina)
2019-05-11,15:30,Defensores Unidos,Acassuso,1,1,,,Primera B,2018,zonas,,Fecha 37,Gigante de Villa Fox,false,https://es.wikipedia.org/wiki/Campeonato_de_Primera_B_2018-19_(Argentina)
2019-05-11,15:30,Fénix,Estudiantes (BA),1,0,,,Primera B,2018,zonas,,Fecha 37,José Manuel Moreno,false,https://es.wikipedia.org/wiki/Campeonato_de_Primera_B_2018-19_(Argentina)
2019-05-12,,Platense,Central Córdoba (SdE),0,1,,,Primera Nacional,2018,eliminacion,,Cuartos,Estadio Ciudad de Vicente López,false,https://es.wikipedia.org/wiki/Campeonato_de_Primera_B_Nacional_2018-19
2019-05-12,12:00,San Miguel,San Telmo,0,1,,,Primera B,2018,zonas,,Fecha 37,Malvinas Argentinas,false,https://es.wikipedia.org/wiki/Campeonato_de_Primera_B_2018-19_(Argentina)
2019-05-12,13:00,Argentino de Quilmes,Victoriano Arenas,1,0,,,Primera C,2018,zonas,,Fecha 37,Argentino de Quilmes,false,https://es.wikipedia.org/wiki/Campeonato_de_Primera_C_2018-19_(Argentina)
2019-05-12,15:00,Gimnasia y Esgrima (CdU),Defensores de Belgrano (VR),2,3,,,Torneo Federal A,2018,zonas,Partidos de ida,,Manuel y Ramón Núñez,false,https://es.wikipedia.org/wiki/Torneo_Federal_A_2018-19
2019-05-12,15:05,Almirante Brown,Flandria,2,0,,,Primera B,2018,zonas,,Fecha 37,Fragata Presidente Sarmiento,false,https://es.wikipedia.org/wiki/Campeonato_de_Primera_B_2018-19_(Argentina)
2019-05-12,15:30,Ferrocarril Midland,Cañuelas,2,0,,,Primera C,2018,zonas,,Fecha 37,Ciudad de Libertad,false,https://es.wikipedia.org/wiki/Campeonato_de_Primera_C_2018-19_(Argentina)
2019-05-12,15:30,Luján,Ituzaingó,0,0,,,Primera C,2018,zonas,,Fecha 37,Municipal de la Ciudad de Luján,false,https://es.wikipedia.org/wiki/Campeonato_de_Primera_C_2018-19_(Argentina)
2019-05-12,15:30,Sol de Mayo (V),Alvarado,1,1,,,Torneo Federal A,2018,zonas,Partidos de ida,,Sol de Mayo,false,https://es.wikipedia.org/wiki/Torneo_Federal_A_2018-19
2019-05-12,15:30,Villa San Carlos,Deportivo Merlo,1,1,,,Primera C,2018,zonas,,Fecha 37,Genacio Sálice,false,https://es.wikipedia.org/wiki/Campeonato_de_Primera_C_2018-19_(Argentina)
2019-05-12,16:00,Deportivo Madryn,Sarmiento (R),3,0,,,Torneo Federal A,2018,zonas,Partidos de ida,,El Coliseo del Golfo,false,https://es.wikipedia.org/wiki/Torneo_Federal_A_2018-19
2019-05-12,16:00,Desamparados,San Jorge (T),0,3,,,Torneo Federal A,2018,zonas,Partidos de ida,,El Serpentario,false,https://es.wikipedia.org/wiki/Torneo_Federal_A_2018-19
2019-05-13,,Almagro,Gimnasia y Esgrima (M),2,2,,,Primera Nacional,2018,eliminacion,,Cuartos,Estadio Tres de Febrero,false,https://es.wikipedia.org/wiki/Campeonato_de_Primera_B_Nacional_2018-19
2019-05-13,15:30,Deportivo Armenio,Excursionistas,3,0,,,Primera C,2018,zonas,,Fecha 37,Armenia,false,https://es.wikipedia.org/wiki/Campeonato_de_Primera_C_2018-19_(Argentina)
2019-05-13,15:30,Deportivo Laferrere,Leandro N. Alem,2,2,,,Primera C,2018,zonas,,Fecha 37,Ciudad de Laferrere,false,https://es.wikipedia.org/wiki/Campeonato_de_Primera_C_2018-19_(Argentina)
2019-05-13,15:30,Dock Sud,Berazategui,0,0,,,Primera C,2018,zonas,,Fecha 37,De los Inmigrantes,false,https://es.wikipedia.org/wiki/Campeonato_de_Primera_C_2018-19_(Argentina)
2019-05-13,15:30,General Lamadrid,Central Córdoba (R),0,0,,,Primera C,2018,zonas,,Fecha 37,Enrique Sexto,false,https://es.wikipedia.org/wiki/Campeonato_de_Primera_C_2018-19_(Argentina)
2019-05-13,15:30,San Martín (B),Sportivo Italiano,2,1,,,Primera C,2018,zonas,,Fecha 37,Francisco Boga,false,https://es.wikipedia.org/wiki/Campeonato_de_Primera_C_2018-19_(Argentina)
2019-05-13,15:30,Sportivo Barracas,El Porvenir,0,0,,,Primera C,2018,zonas,,Fecha 37,República de Italia,false,https://es.wikipedia.org/wiki/Campeonato_de_Primera_C_2018-19_(Argentina)
2019-05-13,18:10,All Boys,Barracas Central,2,1,,,Primera B,2018,zonas,,Fecha 37,Islas Malvinas,false,https://es.wikipedia.org/wiki/Campeonato_de_Primera_B_2018-19_(Argentina)
2019-05-14,15:30,Colegiales,Deportivo Español,2,0,,,Primera B,2018,zonas,,Fecha 37,Colegiales,false,https://es.wikipedia.org/wiki/Campeonato_de_Primera_B_2018-19_(Argentina)
2019-05-14,15:30,J. J. de Urquiza,Deportivo Riestra,2,3,,,Primera B,2018,zonas,,Fecha 37,Ramón Roque Martín,false,https://es.wikipedia.org/wiki/Campeonato_de_Primera_B_2018-19_(Argentina)
2019-05-14,15:30,Sacachispas,UAI Urquiza,0,0,,,Primera B,2018,zonas,,Fecha 37,Beto Larrosa,false,https://es.wikipedia.org/wiki/Campeonato_de_Primera_B_2018-19_(Argentina)
2019-05-18,,Independiente Rivadavia,Sarmiento (J),0,1,,,Primera Nacional,2018,eliminacion,,Semifinales,Estadio Bautista Gargantini,false,https://es.wikipedia.org/wiki/Campeonato_de_Primera_B_Nacional_2018-19
2019-05-18,13:05,Deportivo Español,Comunicaciones,2,1,,,Primera B,2018,zonas,,Fecha 38,Nueva España,false,https://es.wikipedia.org/wiki/Campeonato_de_Primera_B_2018-19_(Argentina)
2019-05-18,13:05,Estudiantes (BA),Sacachispas,4,2,,,Primera B,2018,zonas,,Fecha 38,Ciudad de Caseros,false,https://es.wikipedia.org/wiki/Campeonato_de_Primera_B_2018-19_(Argentina)
2019-05-18,15:30,Central Córdoba (R),Dock Sud,0,1,,,Primera C,2018,zonas,,Fecha 38,Gabino Sosa,false,https://es.wikipedia.org/wiki/Campeonato_de_Primera_C_2018-19_(Argentina)
2019-05-18,15:30,Excursionistas,Deportivo Laferrere,0,0,,,Primera C,2018,zonas,,Fecha 38,Excursionistas,false,https://es.wikipedia.org/wiki/Campeonato_de_Primera_C_2018-19_(Argentina)
2019-05-18,15:30,Flandria,Defensores Unidos,3,1,,,Primera B,2018,zonas,,Fecha 38,Carlos V,false,https://es.wikipedia.org/wiki/Campeonato_de_Primera_B_2018-19_(Argentina)
2019-05-18,15:30,Tristán Suárez,San Miguel,0,0,,,Primera B,2018,zonas,,Fecha 38,20 de Octubre,false,https://es.wikipedia.org/wiki/Campeonato_de_Primera_B_2018-19_(Argentina)
2019-05-18,15:30,Victoriano Arenas,Deportivo Armenio,0,2,,,Primera C,2018,zonas,,Fecha 38,Saturnino Moure,false,https://es.wikipedia.org/wiki/Campeonato_de_Primera_C_2018-19_(Argentina)
2019-05-18,15:35,Barracas Central,Fénix,2,0,,,Primera B,2018,zonas,,Fecha 38,Claudio Chiqui Tapia,false,https://es.wikipedia.org/wiki/Campeonato_de_Primera_B_2018-19_(Argentina)
2019-05-19,13:05,Atlanta,Talleres (RdE),3,0,,,Primera B,2018,zonas,,Fecha 38,Don León Kolbowsky,false,https://es.wikipedia.org/wiki/Campeonato_de_Primera_B_2018-19_(Argentina)
2019-05-19,15:00,Berazategui,Argentino de Quilmes,2,1,,,Primera C,2018,zonas,,Fecha 38,Centenario,false,https://es.wikipedia.org/wiki/Campeonato_de_Primera_C_2018-19_(Argentina)
2019-05-19,15:00,Deportivo Merlo,Sportivo Barracas,1,1,,,Primera C,2018,zonas,,Fecha 38,José Manuel Moreno,false,https://es.wikipedia.org/wiki/Campeonato_de_Primera_C_2018-19_(Argentina)
2019-05-19,15:00,Leandro N. Alem,San Martín (B),1,1,,,Primera C,2018,zonas,,Fecha 38,Leandro N. Alem,false,https://es.wikipedia.org/wiki/Campeonato_de_Primera_C_2018-19_(Argentina)
2019-05-19,15:30,Cañuelas,Villa San Carlos,1,0,,,Primera C,2018,zonas,,Fecha 38,José Alfredo Arín,false,https://es.wikipedia.org/wiki/Campeonato_de_Primera_C_2018-19_(Argentina)
2019-05-19,15:30,Defensores de Belgrano (VR),Gimnasia y Esgrima (CdU),1,1,,,Torneo Federal A,2018,zonas,Partidos de vuelta,,Salomón Boeseldín,false,https://es.wikipedia.org/wiki/Torneo_Federal_A_2018-19
2019-05-19,15:30,El Porvenir,Luján,1,1,,,Primera C,2018,zonas,,Fecha 38,Gildo Francisco Ghersinich,false,https://es.wikipedia.org/wiki/Campeonato_de_Primera_C_2018-19_(Argentina)
2019-05-19,15:30,Sportivo Italiano,Ferrocarril Midland,0,2,,,Primera C,2018,zonas,,Fecha 38,República de Italia,false,https://es.wikipedia.org/wiki/Campeonato_de_Primera_C_2018-19_(Argentina)
2019-05-19,16:00,San Jorge (T),Desamparados,3,1,,,Torneo Federal A,2018,zonas,Partidos de vuelta,,Ángel Pascual Sáez,false,https://es.wikipedia.org/wiki/Torneo_Federal_A_2018-19
2019-05-19,19:00,Sarmiento (R),Deportivo Madryn,2,1,,,Torneo Federal A,2018,zonas,Partidos de vuelta,,Centenario,false,https://es.wikipedia.org/wiki/Torneo_Federal_A_2018-19
2019-05-20,,Central Córdoba (SdE),Almagro,2,1,,,Primera Nacional,2018,eliminacion,,Semifinales,Estadio Alfredo Terrera,false,https://es.wikipedia.org/wiki/Campeonato_de_Primera_B_Nacional_2018-19
2019-05-20,15:30,Ituzaingó,General Lamadrid,1,1,,,Primera C,2018,zonas,,Fecha 38,Ituzaingó,false,https://es.wikipedia.org/wiki/Campeonato_de_Primera_C_2018-19_(Argentina)
2019-05-20,15:35,Acassuso,J. J. de Urquiza,0,0,,,Primera B,2018,zonas,,Fecha 38,República de Italia,false,https://es.wikipedia.org/wiki/Campeonato_de_Primera_B_2018-19_(Argentina)
2019-05-20,15:35,Deportivo Riestra,Colegiales,0,1,,,Primera B,2018,zonas,,Fecha 38,Guillermo Laza,false,https://es.wikipedia.org/wiki/Campeonato_de_Primera_B_2018-19_(Argentina)
2019-05-20,15:35,San Telmo,All Boys,2,2,,,Primera B,2018,zonas,,Fecha 38,Dr. Osvaldo Baletto,false,https://es.wikipedia.org/wiki/Campeonato_de_Primera_B_2018-19_(Argentina)
2019-05-20,15:35,UAI Urquiza,Almirante Brown,0,1,,,Primera B,2018,zonas,,Fecha 38,Monumental de Villa Lynch,false,https://es.wikipedia.org/wiki/Campeonato_de_Primera_B_2018-19_(Argentina)
2019-05-20,21:00,Alvarado,Sol de Mayo (V),1,0,,,Torneo Federal A,2018,zonas,Partidos de vuelta,,José María Minella,false,https://es.wikipedia.org/wiki/Torneo_Federal_A_2018-19
2019-05-25,,Colegiales,San Telmo,0,1,,,Primera B,2018,eliminacion,,Semifinales,Estadio de Colegiales,false,https://es.wikipedia.org/wiki/Campeonato_de_Primera_B_2018-19_(Argentina)
2019-05-25,,Sarmiento (J),Independiente Rivadavia,2,0,,,Primera Nacional,2018,eliminacion,,Semifinales,Estadio Eva Perón,false,https://es.wikipedia.org/wiki/Campeonato_de_Primera_B_Nacional_2018-19
2019-05-26,,Almagro,Central Córdoba (SdE),1,2,,,Primera Nacional,2018,eliminacion,,Semifinales,Estadio Tres de Febrero,false,https://es.wikipedia.org/wiki/Campeonato_de_Primera_B_Nacional_2018-19
2019-05-26,,Deportivo Laferrere,Deportivo Merlo,3,1,,,Primera C,2018,eliminacion,,Cuartos,Estadio Ciudad de Laferrere,false,https://es.wikipedia.org/wiki/Campeonato_de_Primera_C_2018-19_(Argentina)
2019-05-26,,Dock Sud,Berazategui,2,1,,,Primera C,2018,eliminacion,,Cuartos,Estadio De los Inmigrantes,false,https://es.wikipedia.org/wiki/Campeonato_de_Primera_C_2018-19_(Argentina)
2019-05-26,,Excursionistas,Luján,1,1,,,Primera C,2018,eliminacion,,Cuartos,Estadio Excursionistas,false,https://es.wikipedia.org/wiki/Campeonato_de_Primera_C_2018-19_(Argentina)
2019-05-26,,Ferrocarril Midland,Villa San Carlos,1,2,,,Primera C,2018,eliminacion,,Cuartos,Estadio Ciudad de Libertad,false,https://es.wikipedia.org/wiki/Campeonato_de_Primera_C_2018-19_(Argentina)
2019-05-26,15:00,Deportivo Madryn,Alvarado,0,0,,,Torneo Federal A,2018,zonas,Partidos de ida,,El Coliseo del Golfo,false,https://es.wikipedia.org/wiki/Torneo_Federal_A_2018-19
2019-05-26,15:30,Defensores de Belgrano (VR),San Jorge (T),0,3,,,Torneo Federal A,2018,zonas,Partidos de ida,,Salomón Boeseldín,false,https://es.wikipedia.org/wiki/Torneo_Federal_A_2018-19
2019-05-28,,All Boys,Acassuso,1,1,,,Primera B,2018,eliminacion,,Semifinales,Estadio Islas Malvinas,false,https://es.wikipedia.org/wiki/Campeonato_de_Primera_B_2018-19_(Argentina)
2019-06-01,,Central Córdoba (SdE),Sarmiento (J),1,1,,,Primera Nacional,2018,eliminacion,,Final,Estadio Alfredo Terrera,false,https://es.wikipedia.org/wiki/Campeonato_de_Primera_B_Nacional_2018-19
2019-06-01,,San Telmo,Colegiales,1,1,,,Primera B,2018,eliminacion,,Semifinales,Estadio Dr. Osvaldo Baletto,false,https://es.wikipedia.org/wiki/Campeonato_de_Primera_B_2018-19_(Argentina)
2019-06-02,,Excursionistas,Deportivo Laferrere,1,1,,,Primera C,2018,eliminacion,,Semifinales,Estadio Excursionistas,false,https://es.wikipedia.org/wiki/Campeonato_de_Primera_C_2018-19_(Argentina)
2019-06-02,,Villa San Carlos,Dock Sud,2,0,,,Primera C,2018,eliminacion,,Semifinales,Estadio Genacio Sálice,false,https://es.wikipedia.org/wiki/Campeonato_de_Primera_C_2018-19_(Argentina)
2019-06-02,15:45,San Jorge (T),Defensores de Belgrano (VR),1,2,,,Torneo Federal A,2018,zonas,Partidos de vuelta,,Ángel Pascual Sáez,false,https://es.wikipedia.org/wiki/Torneo_Federal_A_2018-19
2019-06-02,16:00,Alvarado,Deportivo Madryn,4,2,,,Torneo Federal A,2018,zonas,Partidos de vuelta,,José María Minella,false,https://es.wikipedia.org/wiki/Torneo_Federal_A_2018-19
2019-06-03,,Acassuso,All Boys,1,2,,,Primera B,2018,eliminacion,,Semifinales,Estadio República de Italia,false,https://es.wikipedia.org/wiki/Campeonato_de_Primera_B_2018-19_(Argentina)
2019-06-08,,Deportivo Laferrere,Excursionistas,1,1,7,8,Primera C,2018,eliminacion,,Semifinales,Estadio Ciudad de Laferrere,false,https://es.wikipedia.org/wiki/Campeonato_de_Primera_C_2018-19_(Argentina)
2019-06-08,,Dock Sud,Villa San Carlos,0,3,,,Primera C,2018,eliminacion,,Semifinales,Estadio De los Inmigrantes,false,https://es.wikipedia.org/wiki/Campeonato_de_Primera_C_2018-19_(Argentina)
2019-06-08,,Sarmiento (J),Central Córdoba (SdE),0,0,3,5,Primera Nacional,2018,eliminacion,,Final,Estadio Eva Perón,false,https://es.wikipedia.org/wiki/Campeonato_de_Primera_B_Nacional_2018-19
2019-06-09,,All Boys,San Telmo,3,1,,,Primera B,2018,eliminacion,,Final,Estadio Islas Malvinas,false,https://es.wikipedia.org/wiki/Campeonato_de_Primera_B_2018-19_(Argentina)
2019-06-15,,Villa San Carlos,Excursionistas,3,2,,,Primera C,2018,eliminacion,,Final,Estadio Genacio Sálice,false,https://es.wikipedia.org/wiki/Campeonato_de_Primera_C_2018-19_(Argentina)
2019-06-16,16:00,San Jorge (T),Alvarado,0,0,,,Torneo Federal A,2018,zonas,Partido de ida,,Ángel Pascual Sáez,false,https://es.wikipedia.org/wiki/Torneo_Federal_A_2018-19
2019-06-20,,San Telmo,All Boys,2,1,,,Primera B,2018,eliminacion,,Final,Estadio Dr. Osvaldo Baletto,false,https://es.wikipedia.org/wiki/Campeonato_de_Primera_B_2018-19_(Argentina)
2019-06-23,19:30,Alvarado,San Jorge (T),1,0,,,Torneo Federal A,2018,zonas,Partido de vuelta,,José María Minella,false,https://es.wikipedia.org/wiki/Torneo_Federal_A_2018-19
2019-06-30,,Excursionistas,Villa San Carlos,1,0,3,4,Primera C,2018,eliminacion,,Final,Estadio Excursionistas,false,https://es.wikipedia.org/wiki/Campeonato_de_Primera_C_2018-19_(Argentina)
