date,time,home_team,away_team,home_score,away_score,home_pens,away_pens,tournament,season,phase,group,matchday,venue,neutral,source
2007-02-09,19:00,Gimnasia y Esgrima (LP),Arsenal,0,2,,,Primera Division - Clausura,2007,zonas,,Fecha 1,Ciudad de La Plata,false,https://es.wikipedia.org/wiki/Anexo:Torneo_Clausura_2007_(Argentina)
2007-02-09,21:10,Independiente,Colón,1,3,,,Primera Division - Clausura,2007,zonas,,Fecha 1,El Cilindro,false,https://es.wikipedia.org/wiki/Anexo:Torneo_Clausura_2007_(Argentina)
2007-02-10,18:20,Vélez Sarsfield,Newell's Old Boys,2,0,,,Primera Division - Clausura,2007,zonas,,Fecha 1,José Amalfitani,false,https://es.wikipedia.org/wiki/Anexo:Torneo_Clausura_2007_(Argentina)
2007-02-10,21:10,Banfield,Boca Juniors,0,4,,,Primera Division - Clausura,2007,zonas,,Fecha 1,El Cilindro,false,https://es.wikipedia.org/wiki/Anexo:Torneo_Clausura_2007_(Argentina)
2007-02-11,16:00,Nueva Chicago,Racing Club,1,1,,,Primera Division - Clausura,2007,zonas,,Fecha 1,Nueva Chicago,false,https://es.wikipedia.org/wiki/Anexo:Torneo_Clausura_2007_(Argentina)
2007-02-11,17:00,Godoy Cruz,Argentinos Juniors,2,0,,,Primera Division - Clausura,2007,zonas,,Fecha 1,Malvinas Argentinas,false,https://es.wikipedia.org/wiki/Anexo:Torneo_Clausura_2007_(Argentina)
2007-02-11,17:00,Rosario Central,Belgrano,1,0,,,Primera Division - Clausura,2007,zonas,,Fecha 1,Gigante de Arroyito,false,https://es.wikipedia.org/wiki/Anexo:Torneo_Clausura_2007_(Argentina)
2007-02-11,17:10,River Plate,Lanús,1,0,,,Primera Division - Clausura,2007,zonas,,Fecha 1,Monumental,false,https://es.wikipedia.org/wiki/Anexo:Torneo_Clausura_2007_(Argentina)
2007-02-11,19:30,San Lorenzo,Gimnasia y Esgrima (J),2,1,,,Primera Division - Clausura,2007,zonas,,Fecha 1,Nuevo Gasómetro,false,https://es.wikipedia.org/wiki/Anexo:Torneo_Clausura_2007_(Argentina)
2007-02-12,21:00,Estudiantes (LP),Quilmes,2,0,,,Primera Division - Clausura,2007,zonas,,Fecha 1,Ciudad de La Plata,false,https://es.wikipedia.org/wiki/Anexo:Torneo_Clausura_2007_(Argentina)
2007-02-16,18:00,Lanús,Banfield,2,1,,,Primera Division - Clausura,2007,zonas,,Fecha 2,Ciudad de Lanús,false,https://es.wikipedia.org/wiki/Anexo:Torneo_Clausura_2007_(Argentina)
2007-02-16,21:10,Belgrano,Independiente,0,0,,,Primera Division - Clausura,2007,zonas,,Fecha 2,Chateau Carreras,false,https://es.wikipedia.org/wiki/Anexo:Torneo_Clausura_2007_(Argentina)
2007-02-17,17:00,Newell's Old Boys,River Plate,1,2,,,Primera Division - Clausura,2007,zonas,,Fecha 2,Coloso del Parque,false,https://es.wikipedia.org/wiki/Anexo:Torneo_Clausura_2007_(Argentina)
2007-02-17,20:00,Arsenal,Godoy Cruz,2,1,,,Primera Division - Clausura,2007,zonas,,Fecha 2,El Viaducto,false,https://es.wikipedia.org/wiki/Anexo:Torneo_Clausura_2007_(Argentina)
2007-02-17,21:00,Colón,San Lorenzo,1,1,,,Primera Division - Clausura,2007,zonas,,Fecha 2,Brigadier Estanislao López,false,https://es.wikipedia.org/wiki/Anexo:Torneo_Clausura_2007_(Argentina)
2007-02-17,21:10,Gimnasia y Esgrima (J),Estudiantes (LP),0,0,,,Primera Division - Clausura,2007,zonas,,Fecha 2,23 de Agosto,false,https://es.wikipedia.org/wiki/Anexo:Torneo_Clausura_2007_(Argentina)
2007-02-18,17:00,Argentinos Juniors,Nueva Chicago,3,0,,,Primera Division - Clausura,2007,zonas,,Fecha 2,Diego Armando Maradona,false,https://es.wikipedia.org/wiki/Anexo:Torneo_Clausura_2007_(Argentina)
2007-02-18,17:00,Quilmes,Gimnasia y Esgrima (LP),2,2,,,Primera Division - Clausura,2007,zonas,,Fecha 2,Centenario,false,https://es.wikipedia.org/wiki/Anexo:Torneo_Clausura_2007_(Argentina)
2007-02-18,17:10,Boca Juniors,Rosario Central,1,1,,,Primera Division - Clausura,2007,zonas,,Fecha 2,La Bombonera,false,https://es.wikipedia.org/wiki/Anexo:Torneo_Clausura_2007_(Argentina)
2007-02-18,19:30,Racing Club,Vélez Sarsfield,2,2,,,Primera Division - Clausura,2007,zonas,,Fecha 2,El Cilindro,false,https://es.wikipedia.org/wiki/Anexo:Torneo_Clausura_2007_(Argentina)
2007-02-23,19:00,Nueva Chicago,Arsenal,0,4,,,Primera Division - Clausura,2007,zonas,,Fecha 3,Nueva Chicago,false,https://es.wikipedia.org/wiki/Anexo:Torneo_Clausura_2007_(Argentina)
2007-02-23,21:10,Estudiantes (LP),Colón,2,2,,,Primera Division - Clausura,2007,zonas,,Fecha 3,Ciudad de La Plata,false,https://es.wikipedia.org/wiki/Anexo:Torneo_Clausura_2007_(Argentina)
2007-02-24,18:30,Rosario Central,Banfield,1,1,,,Primera Division - Clausura,2007,zonas,,Fecha 3,Gigante de Arroyito,false,https://es.wikipedia.org/wiki/Anexo:Torneo_Clausura_2007_(Argentina)
2007-02-24,19:00,Independiente,Boca Juniors,1,3,,,Primera Division - Clausura,2007,zonas,,Fecha 3,El Cilindro,false,https://es.wikipedia.org/wiki/Anexo:Torneo_Clausura_2007_(Argentina)
2007-02-24,21:10,Vélez Sarsfield,Argentinos Juniors,0,2,,,Primera Division - Clausura,2007,zonas,,Fecha 3,José Amalfitani,false,https://es.wikipedia.org/wiki/Anexo:Torneo_Clausura_2007_(Argentina)
2007-02-25,17:00,Gimnasia y Esgrima (LP),Gimnasia y Esgrima (J),2,0,,,Primera Division - Clausura,2007,zonas,,Fecha 3,Ciudad de La Plata,false,https://es.wikipedia.org/wiki/Anexo:Torneo_Clausura_2007_(Argentina)
2007-02-25,17:00,Godoy Cruz,Quilmes,3,0,,,Primera Division - Clausura,2007,zonas,,Fecha 3,Malvinas Argentinas,false,https://es.wikipedia.org/wiki/Anexo:Torneo_Clausura_2007_(Argentina)
2007-02-25,17:00,Lanús,Newell's Old Boys,3,2,,,Primera Division - Clausura,2007,zonas,,Fecha 3,Ciudad de Lanús,false,https://es.wikipedia.org/wiki/Anexo:Torneo_Clausura_2007_(Argentina)
2007-02-25,17:10,River Plate,Racing Club,4,2,,,Primera Division - Clausura,2007,zonas,,Fecha 3,José Amalfitani,false,https://es.wikipedia.org/wiki/Anexo:Torneo_Clausura_2007_(Argentina)
2007-02-25,19:30,San Lorenzo,Belgrano,1,0,,,Primera Division - Clausura,2007,zonas,,Fecha 3,La Bombonera,false,https://es.wikipedia.org/wiki/Anexo:Torneo_Clausura_2007_(Argentina)
2007-03-02,19:00,Colón,Gimnasia y Esgrima (LP),1,2,,,Primera Division - Clausura,2007,zonas,,Fecha 4,Brigadier Estanislao López,false,https://es.wikipedia.org/wiki/Anexo:Torneo_Clausura_2007_(Argentina)
2007-03-02,21:10,Racing Club,Newell's Old Boys,0,1,,,Primera Division - Clausura,2007,zonas,,Fecha 4,El Cilindro,false,https://es.wikipedia.org/wiki/Anexo:Torneo_Clausura_2007_(Argentina)
2007-03-03,18:20,Banfield,Independiente,2,1,,,Primera Division - Clausura,2007,zonas,,Fecha 4,Florencio Sola,false,https://es.wikipedia.org/wiki/Anexo:Torneo_Clausura_2007_(Argentina)
2007-03-03,21:10,Belgrano,Estudiantes (LP),1,2,,,Primera Division - Clausura,2007,zonas,,Fecha 4,Chateau Carreras,false,https://es.wikipedia.org/wiki/Anexo:Torneo_Clausura_2007_(Argentina)
2007-03-04,16:00,Arsenal,Vélez Sarsfield,3,1,,,Primera Division - Clausura,2007,zonas,,Fecha 4,El Viaducto,false,https://es.wikipedia.org/wiki/Anexo:Torneo_Clausura_2007_(Argentina)
2007-03-04,16:10,Boca Juniors,San Lorenzo,0,3,,,Primera Division - Clausura,2007,zonas,,Fecha 4,La Bombonera,false,https://es.wikipedia.org/wiki/Anexo:Torneo_Clausura_2007_(Argentina)
2007-03-04,17:00,Gimnasia y Esgrima (J),Godoy Cruz,2,1,,,Primera Division - Clausura,2007,zonas,,Fecha 4,23 de Agosto,false,https://es.wikipedia.org/wiki/Anexo:Torneo_Clausura_2007_(Argentina)
2007-03-04,17:30,Quilmes,Nueva Chicago,1,0,,,Primera Division - Clausura,2007,zonas,,Fecha 4,Centenario,false,https://es.wikipedia.org/wiki/Anexo:Torneo_Clausura_2007_(Argentina)
2007-03-04,18:00,Rosario Central,Lanús,2,3,,,Primera Division - Clausura,2007,zonas,,Fecha 4,Gigante de Arroyito,false,https://es.wikipedia.org/wiki/Anexo:Torneo_Clausura_2007_(Argentina)
2007-03-04,18:30,Argentinos Juniors,River Plate,2,1,,,Primera Division - Clausura,2007,zonas,,Fecha 4,Diego Armando Maradona,false,https://es.wikipedia.org/wiki/Anexo:Torneo_Clausura_2007_(Argentina)
2007-03-09,19:00,Nueva Chicago,Gimnasia y Esgrima (J),0,0,,,Primera Division - Clausura,2007,zonas,,Fecha 5,Nueva Chicago,false,https://es.wikipedia.org/wiki/Anexo:Torneo_Clausura_2007_(Argentina)
2007-03-09,21:10,Independiente,Rosario Central,2,0,,,Primera Division - Clausura,2007,zonas,,Fecha 5,El Cilindro,false,https://es.wikipedia.org/wiki/Anexo:Torneo_Clausura_2007_(Argentina)
2007-03-10,18:20,Vélez Sarsfield,Quilmes,1,0,,,Primera Division - Clausura,2007,zonas,,Fecha 5,José Amalfitani,false,https://es.wikipedia.org/wiki/Anexo:Torneo_Clausura_2007_(Argentina)
2007-03-10,21:10,Estudiantes (LP),Boca Juniors,1,3,,,Primera Division - Clausura,2007,zonas,,Fecha 5,Ciudad de La Plata,false,https://es.wikipedia.org/wiki/Anexo:Torneo_Clausura_2007_(Argentina)
2007-03-11,16:10,River Plate,Arsenal,2,1,,,Primera Division - Clausura,2007,zonas,,Fecha 5,José Amalfitani,false,https://es.wikipedia.org/wiki/Anexo:Torneo_Clausura_2007_(Argentina)
2007-03-11,17:00,Gimnasia y Esgrima (LP),Belgrano,2,2,,,Primera Division - Clausura,2007,zonas,,Fecha 5,Ciudad de La Plata,false,https://es.wikipedia.org/wiki/Anexo:Torneo_Clausura_2007_(Argentina)
2007-03-11,17:00,Godoy Cruz,Colón,2,0,,,Primera Division - Clausura,2007,zonas,,Fecha 5,Malvinas Argentinas,false,https://es.wikipedia.org/wiki/Anexo:Torneo_Clausura_2007_(Argentina)
2007-03-11,17:00,Newell's Old Boys,Argentinos Juniors,1,0,,,Primera Division - Clausura,2007,zonas,,Fecha 5,Coloso del Parque,false,https://es.wikipedia.org/wiki/Anexo:Torneo_Clausura_2007_(Argentina)
2007-03-11,17:00,San Lorenzo,Banfield,2,1,,,Primera Division - Clausura,2007,zonas,,Fecha 5,Nuevo Gasómetro,false,https://es.wikipedia.org/wiki/Anexo:Torneo_Clausura_2007_(Argentina)
2007-03-11,18:30,Lanús,Racing Club,1,2,,,Primera Division - Clausura,2007,zonas,,Fecha 5,Ciudad de Lanús,false,https://es.wikipedia.org/wiki/Anexo:Torneo_Clausura_2007_(Argentina)
2007-03-16,21:00,Banfield,Estudiantes (LP),0,2,,,Primera Division - Clausura,2007,zonas,,Fecha 6,Florencio Sola,false,https://es.wikipedia.org/wiki/Anexo:Torneo_Clausura_2007_(Argentina)
2007-03-16,21:10,Arsenal,Newell's Old Boys,2,3,,,Primera Division - Clausura,2007,zonas,,Fecha 6,El Viaducto,false,https://es.wikipedia.org/wiki/Anexo:Torneo_Clausura_2007_(Argentina)
2007-03-17,18:20,Independiente,Lanús,1,0,,,Primera Division - Clausura,2007,zonas,,Fecha 6,El Cilindro,false,https://es.wikipedia.org/wiki/Anexo:Torneo_Clausura_2007_(Argentina)
2007-03-17,21:10,Rosario Central,San Lorenzo,0,1,,,Primera Division - Clausura,2007,zonas,,Fecha 6,Gigante de Arroyito,false,https://es.wikipedia.org/wiki/Anexo:Torneo_Clausura_2007_(Argentina)
2007-03-18,14:00,Gimnasia y Esgrima (J),Vélez Sarsfield,0,1,,,Primera Division - Clausura,2007,zonas,,Fecha 6,23 de Agosto,false,https://es.wikipedia.org/wiki/Anexo:Torneo_Clausura_2007_(Argentina)
2007-03-18,16:00,Argentinos Juniors,Racing Club,1,0,,,Primera Division - Clausura,2007,zonas,,Fecha 6,Diego Armando Maradona,false,https://es.wikipedia.org/wiki/Anexo:Torneo_Clausura_2007_(Argentina)
2007-03-18,16:10,Boca Juniors,Gimnasia y Esgrima (LP),5,1,,,Primera Division - Clausura,2007,zonas,,Fecha 6,La Bombonera,false,https://es.wikipedia.org/wiki/Anexo:Torneo_Clausura_2007_(Argentina)
2007-03-18,17:00,Colón,Nueva Chicago,1,2,,,Primera Division - Clausura,2007,zonas,,Fecha 6,Brigadier Estanislao López,false,https://es.wikipedia.org/wiki/Anexo:Torneo_Clausura_2007_(Argentina)
2007-03-18,18:00,Belgrano,Godoy Cruz,3,2,,,Primera Division - Clausura,2007,zonas,,Fecha 6,Chateau Carreras,false,https://es.wikipedia.org/wiki/Anexo:Torneo_Clausura_2007_(Argentina)
2007-03-18,18:30,Quilmes,River Plate,0,1,,,Primera Division - Clausura,2007,zonas,,Fecha 6,Centenario,false,https://es.wikipedia.org/wiki/Anexo:Torneo_Clausura_2007_(Argentina)
2007-03-23,16:00,Nueva Chicago,Belgrano,2,0,,,Primera Division - Clausura,2007,zonas,,Fecha 7,Nueva Chicago,false,https://es.wikipedia.org/wiki/Anexo:Torneo_Clausura_2007_(Argentina)
2007-03-23,21:10,Racing Club,Arsenal,2,2,,,Primera Division - Clausura,2007,zonas,,Fecha 7,El Cilindro,false,https://es.wikipedia.org/wiki/Anexo:Torneo_Clausura_2007_(Argentina)
2007-03-24,18:20,Estudiantes (LP),Rosario Central,3,0,,,Primera Division - Clausura,2007,zonas,,Fecha 7,Ciudad de La Plata,false,https://es.wikipedia.org/wiki/Anexo:Torneo_Clausura_2007_(Argentina)
2007-03-24,21:10,Vélez Sarsfield,Colón,1,1,,,Primera Division - Clausura,2007,zonas,,Fecha 7,José Amalfitani,false,https://es.wikipedia.org/wiki/Anexo:Torneo_Clausura_2007_(Argentina)
2007-03-25,14:00,Gimnasia y Esgrima (LP),Banfield,0,1,,,Primera Division - Clausura,2007,zonas,,Fecha 7,Ciudad de La Plata,false,https://es.wikipedia.org/wiki/Anexo:Torneo_Clausura_2007_(Argentina)
2007-03-25,16:00,Lanús,Argentinos Juniors,2,1,,,Primera Division - Clausura,2007,zonas,,Fecha 7,Ciudad de Lanús,false,https://es.wikipedia.org/wiki/Anexo:Torneo_Clausura_2007_(Argentina)
2007-03-25,16:00,Newell's Old Boys,Quilmes,2,2,,,Primera Division - Clausura,2007,zonas,,Fecha 7,Coloso del Parque,false,https://es.wikipedia.org/wiki/Anexo:Torneo_Clausura_2007_(Argentina)
2007-03-25,16:00,River Plate,Gimnasia y Esgrima (J),0,1,,,Primera Division - Clausura,2007,zonas,,Fecha 7,José Amalfitani,false,https://es.wikipedia.org/wiki/Anexo:Torneo_Clausura_2007_(Argentina)
2007-03-25,16:10,San Lorenzo,Independiente,4,3,,,Primera Division - Clausura,2007,zonas,,Fecha 7,Nuevo Gasómetro,false,https://es.wikipedia.org/wiki/Anexo:Torneo_Clausura_2007_(Argentina)
2007-03-25,18:30,Godoy Cruz,Boca Juniors,0,1,,,Primera Division - Clausura,2007,zonas,,Fecha 7,Malvinas Argentinas,false,https://es.wikipedia.org/wiki/Anexo:Torneo_Clausura_2007_(Argentina)
2007-03-30,21:10,Banfield,Godoy Cruz,0,0,,,Primera Division - Clausura,2007,zonas,,Fecha 8,Florencio Sola,false,https://es.wikipedia.org/wiki/Anexo:Torneo_Clausura_2007_(Argentina)
2007-03-31,16:10,Boca Juniors,Nueva Chicago,2,0,,,Primera Division - Clausura,2007,zonas,,Fecha 8,La Bombonera,false,https://es.wikipedia.org/wiki/Anexo:Torneo_Clausura_2007_(Argentina)
2007-03-31,21:10,Quilmes,Racing Club,2,3,,,Primera Division - Clausura,2007,zonas,,Fecha 8,Centenario,false,https://es.wikipedia.org/wiki/Anexo:Torneo_Clausura_2007_(Argentina)
2007-04-01,11:00,Arsenal,Argentinos Juniors,0,2,,,Primera Division - Clausura,2007,zonas,,Fecha 8,El Viaducto,false,https://es.wikipedia.org/wiki/Anexo:Torneo_Clausura_2007_(Argentina)
2007-04-01,14:00,Belgrano,Vélez Sarsfield,3,0,,,Primera Division - Clausura,2007,zonas,,Fecha 8,Chateau Carreras,false,https://es.wikipedia.org/wiki/Anexo:Torneo_Clausura_2007_(Argentina)
2007-04-01,16:00,Gimnasia y Esgrima (J),Newell's Old Boys,0,1,,,Primera Division - Clausura,2007,zonas,,Fecha 8,23 de Agosto,false,https://es.wikipedia.org/wiki/Anexo:Torneo_Clausura_2007_(Argentina)
2007-04-01,16:30,Independiente,Estudiantes (LP),0,0,,,Primera Division - Clausura,2007,zonas,,Fecha 8,El Cilindro,false,https://es.wikipedia.org/wiki/Anexo:Torneo_Clausura_2007_(Argentina)
2007-04-01,18:30,San Lorenzo,Lanús,1,0,,,Primera Division - Clausura,2007,zonas,,Fecha 8,Nuevo Gasómetro,false,https://es.wikipedia.org/wiki/Anexo:Torneo_Clausura_2007_(Argentina)
2007-04-06,21:10,Racing Club,Gimnasia y Esgrima (J),0,1,,,Primera Division - Clausura,2007,zonas,,Fecha 9,El Cilindro,false,https://es.wikipedia.org/wiki/Anexo:Torneo_Clausura_2007_(Argentina)
2007-04-07,15:30,Argentinos Juniors,Quilmes,1,1,,,Primera Division - Clausura,2007,zonas,,Fecha 9,Diego Armando Maradona,false,https://es.wikipedia.org/wiki/Anexo:Torneo_Clausura_2007_(Argentina)
2007-04-07,18:20,Nueva Chicago,Banfield,2,1,,,Primera Division - Clausura,2007,zonas,,Fecha 9,Nueva Chicago,false,https://es.wikipedia.org/wiki/Anexo:Torneo_Clausura_2007_(Argentina)
2007-04-07,21:10,Estudiantes (LP),San Lorenzo,2,1,,,Primera Division - Clausura,2007,zonas,,Fecha 9,Ciudad de La Plata,false,https://es.wikipedia.org/wiki/Anexo:Torneo_Clausura_2007_(Argentina)
2007-04-08,14:00,Gimnasia y Esgrima (LP),Independiente,4,1,,,Primera Division - Clausura,2007,zonas,,Fecha 9,Ciudad de La Plata,false,https://es.wikipedia.org/wiki/Anexo:Torneo_Clausura_2007_(Argentina)
2007-04-08,15:30,Lanús,Arsenal,0,0,,,Primera Division - Clausura,2007,zonas,,Fecha 9,Ciudad de Lanús,false,https://es.wikipedia.org/wiki/Anexo:Torneo_Clausura_2007_(Argentina)
2007-04-08,15:30,Newell's Old Boys,Colón,1,3,,,Primera Division - Clausura,2007,zonas,,Fecha 9,Coloso del Parque,false,https://es.wikipedia.org/wiki/Anexo:Torneo_Clausura_2007_(Argentina)
2007-04-08,16:10,Vélez Sarsfield,Boca Juniors,1,3,,,Primera Division - Clausura,2007,zonas,,Fecha 9,José Amalfitani,false,https://es.wikipedia.org/wiki/Anexo:Torneo_Clausura_2007_(Argentina)
2007-04-08,16:30,Godoy Cruz,Rosario Central,2,1,,,Primera Division - Clausura,2007,zonas,,Fecha 9,Malvinas Argentinas,false,https://es.wikipedia.org/wiki/Anexo:Torneo_Clausura_2007_(Argentina)
2007-04-08,18:30,River Plate,Belgrano,1,1,,,Primera Division - Clausura,2007,zonas,,Fecha 9,Monumental,false,https://es.wikipedia.org/wiki/Anexo:Torneo_Clausura_2007_(Argentina)
2007-04-13,21:10,Colón,Racing Club,1,1,,,Primera Division - Clausura,2007,zonas,,Fecha 10,Brigadier Estanislao López,false,https://es.wikipedia.org/wiki/Anexo:Torneo_Clausura_2007_(Argentina)
2007-04-14,15:30,Quilmes,Arsenal,0,1,,,Primera Division - Clausura,2007,zonas,,Fecha 10,Centenario,false,https://es.wikipedia.org/wiki/Anexo:Torneo_Clausura_2007_(Argentina)
2007-04-14,18:20,San Lorenzo,Gimnasia y Esgrima (LP),1,0,,,Primera Division - Clausura,2007,zonas,,Fecha 10,Nuevo Gasómetro,false,https://es.wikipedia.org/wiki/Anexo:Torneo_Clausura_2007_(Argentina)
2007-04-14,21:10,Independiente,Godoy Cruz,0,2,,,Primera Division - Clausura,2007,zonas,,Fecha 10,El Cilindro,false,https://es.wikipedia.org/wiki/Anexo:Torneo_Clausura_2007_(Argentina)
2007-04-15,14:00,Banfield,Vélez Sarsfield,2,3,,,Primera Division - Clausura,2007,zonas,,Fecha 10,Florencio Sola,false,https://es.wikipedia.org/wiki/Anexo:Torneo_Clausura_2007_(Argentina)
2007-04-15,15:30,Belgrano,Newell's Old Boys,0,2,,,Primera Division - Clausura,2007,zonas,,Fecha 10,Gigante de Alberdi,false,https://es.wikipedia.org/wiki/Anexo:Torneo_Clausura_2007_(Argentina)
2007-04-15,15:30,Gimnasia y Esgrima (J),Argentinos Juniors,0,0,,,Primera Division - Clausura,2007,zonas,,Fecha 10,23 de Agosto,false,https://es.wikipedia.org/wiki/Anexo:Torneo_Clausura_2007_(Argentina)
2007-04-15,15:30,Rosario Central,Nueva Chicago,3,0,,,Primera Division - Clausura,2007,zonas,,Fecha 10,Gigante de Arroyito,false,https://es.wikipedia.org/wiki/Anexo:Torneo_Clausura_2007_(Argentina)
2007-04-15,16:25,Boca Juniors,River Plate,1,1,,,Primera Division - Clausura,2007,zonas,,Fecha 10,La Bombonera,false,https://es.wikipedia.org/wiki/Anexo:Torneo_Clausura_2007_(Argentina)
2007-04-15,18:30,Estudiantes (LP),Lanús,0,0,,,Primera Division - Clausura,2007,zonas,,Fecha 10,Ciudad de La Plata,false,https://es.wikipedia.org/wiki/Anexo:Torneo_Clausura_2007_(Argentina)
2007-04-20,19:00,Arsenal,Gimnasia y Esgrima (J),1,0,,,Primera Division - Clausura,2007,zonas,,Fecha 11,El Viaducto,false,https://es.wikipedia.org/wiki/Anexo:Torneo_Clausura_2007_(Argentina)
2007-04-20,21:10,Argentinos Juniors,Colón,1,1,,,Primera Division - Clausura,2007,zonas,,Fecha 11,Diego Armando Maradona,false,https://es.wikipedia.org/wiki/Anexo:Torneo_Clausura_2007_(Argentina)
2007-04-21,18:20,Lanús,Quilmes,3,1,,,Primera Division - Clausura,2007,zonas,,Fecha 11,Ciudad de Lanús,false,https://es.wikipedia.org/wiki/Anexo:Torneo_Clausura_2007_(Argentina)
2007-04-21,21:10,Nueva Chicago,Independiente,0,0,,,Primera Division - Clausura,2007,zonas,,Fecha 11,Nueva Chicago,false,https://es.wikipedia.org/wiki/Anexo:Torneo_Clausura_2007_(Argentina)
2007-04-22,14:00,Newell's Old Boys,Boca Juniors,1,2,,,Primera Division - Clausura,2007,zonas,,Fecha 11,Coloso del Parque,false,https://es.wikipedia.org/wiki/Anexo:Torneo_Clausura_2007_(Argentina)
2007-04-22,15:30,River Plate,Banfield,2,1,,,Primera Division - Clausura,2007,zonas,,Fecha 11,Monumental,false,https://es.wikipedia.org/wiki/Anexo:Torneo_Clausura_2007_(Argentina)
2007-04-22,16:10,Gimnasia y Esgrima (LP),Estudiantes (LP),1,2,,,Primera Division - Clausura,2007,zonas,,Fecha 11,Ciudad de La Plata,false,https://es.wikipedia.org/wiki/Anexo:Torneo_Clausura_2007_(Argentina)
2007-04-22,16:10,Godoy Cruz,San Lorenzo,1,2,,,Primera Division - Clausura,2007,zonas,,Fecha 11,Malvinas Argentinas,false,https://es.wikipedia.org/wiki/Anexo:Torneo_Clausura_2007_(Argentina)
2007-04-22,18:30,Racing Club,Belgrano,3,3,,,Primera Division - Clausura,2007,zonas,,Fecha 11,El Cilindro,false,https://es.wikipedia.org/wiki/Anexo:Torneo_Clausura_2007_(Argentina)
2007-04-22,18:30,Vélez Sarsfield,Rosario Central,0,2,,,Primera Division - Clausura,2007,zonas,,Fecha 11,José Amalfitani,false,https://es.wikipedia.org/wiki/Anexo:Torneo_Clausura_2007_(Argentina)
2007-04-23,21:30,Gimnasia y Esgrima (LP),Arsenal,1,1,,,Primera Division - Apertura,2007,zonas,,Fecha 19,Ciudad de La Plata,false,https://es.wikipedia.org/wiki/Anexo:Torneo_Apertura_2007_(Argentina)
2007-04-25,21:00,Rosario Central,Gimnasia y Esgrima (LP),1,0,,,Primera Division - Clausura,2007,zonas,,Fecha 8,Gigante de Arroyito,false,https://es.wikipedia.org/wiki/Anexo:Torneo_Clausura_2007_(Argentina)
2007-04-27,21:00,Belgrano,Argentinos Juniors,0,2,,,Primera Division - Clausura,2007,zonas,,Fecha 12,Chateau Carreras,false,https://es.wikipedia.org/wiki/Anexo:Torneo_Clausura_2007_(Argentina)
2007-04-27,21:00,Colón,Arsenal,1,1,,,Primera Division - Clausura,2007,zonas,,Fecha 12,Brigadier Estanislao López,false,https://es.wikipedia.org/wiki/Anexo:Torneo_Clausura_2007_(Argentina)
2007-04-27,21:10,Estudiantes (LP),Godoy Cruz,1,0,,,Primera Division - Clausura,2007,zonas,,Fecha 12,Ciudad de La Plata,false,https://es.wikipedia.org/wiki/Anexo:Torneo_Clausura_2007_(Argentina)
2007-04-28,16:10,Rosario Central,River Plate,0,2,,,Primera Division - Clausura,2007,zonas,,Fecha 12,Gigante de Arroyito,false,https://es.wikipedia.org/wiki/Anexo:Torneo_Clausura_2007_(Argentina)
2007-04-28,19:00,Gimnasia y Esgrima (J),Quilmes,2,1,,,Primera Division - Clausura,2007,zonas,,Fecha 12,23 de Agosto,false,https://es.wikipedia.org/wiki/Anexo:Torneo_Clausura_2007_(Argentina)
2007-04-28,21:10,Independiente,Vélez Sarsfield,1,0,,,Primera Division - Clausura,2007,zonas,,Fecha 12,El Cilindro,false,https://es.wikipedia.org/wiki/Anexo:Torneo_Clausura_2007_(Argentina)
2007-04-29,14:00,Gimnasia y Esgrima (LP),Lanús,0,1,,,Primera Division - Clausura,2007,zonas,,Fecha 12,El Viaducto,false,https://es.wikipedia.org/wiki/Anexo:Torneo_Clausura_2007_(Argentina)
2007-04-29,15:30,Banfield,Newell's Old Boys,4,0,,,Primera Division - Clausura,2007,zonas,,Fecha 12,Florencio Sola,false,https://es.wikipedia.org/wiki/Anexo:Torneo_Clausura_2007_(Argentina)
2007-04-29,16:10,Boca Juniors,Racing Club,2,2,,,Primera Division - Clausura,2007,zonas,,Fecha 12,La Bombonera,false,https://es.wikipedia.org/wiki/Anexo:Torneo_Clausura_2007_(Argentina)
2007-04-29,18:30,San Lorenzo,Nueva Chicago,3,2,,,Primera Division - Clausura,2007,zonas,,Fecha 12,Nuevo Gasómetro,false,https://es.wikipedia.org/wiki/Anexo:Torneo_Clausura_2007_(Argentina)
2007-05-02,16:10,Colón,River Plate,0,0,,,Primera Division - Clausura,2007,zonas,,Fecha 8,Brigadier Estanislao López,false,https://es.wikipedia.org/wiki/Anexo:Torneo_Clausura_2007_(Argentina)
2007-05-04,18:00,Arsenal,Belgrano,4,3,,,Primera Division - Clausura,2007,zonas,,Fecha 13,El Viaducto,false,https://es.wikipedia.org/wiki/Anexo:Torneo_Clausura_2007_(Argentina)
2007-05-04,21:10,Nueva Chicago,Estudiantes (LP),1,2,,,Primera Division - Clausura,2007,zonas,,Fecha 13,Nueva Chicago,false,https://es.wikipedia.org/wiki/Anexo:Torneo_Clausura_2007_(Argentina)
2007-05-05,15:30,Quilmes,Colón,2,1,,,Primera Division - Clausura,2007,zonas,,Fecha 13,Centenario,false,https://es.wikipedia.org/wiki/Anexo:Torneo_Clausura_2007_(Argentina)
2007-05-05,18:20,Racing Club,Banfield,1,1,,,Primera Division - Clausura,2007,zonas,,Fecha 13,El Cilindro,false,https://es.wikipedia.org/wiki/Anexo:Torneo_Clausura_2007_(Argentina)
2007-05-05,21:10,Vélez Sarsfield,San Lorenzo,2,1,,,Primera Division - Clausura,2007,zonas,,Fecha 13,José Amalfitani,false,https://es.wikipedia.org/wiki/Anexo:Torneo_Clausura_2007_(Argentina)
2007-05-06,14:00,Newell's Old Boys,Rosario Central,1,0,,,Primera Division - Clausura,2007,zonas,,Fecha 13,Coloso del Parque,false,https://es.wikipedia.org/wiki/Anexo:Torneo_Clausura_2007_(Argentina)
2007-05-06,15:30,Godoy Cruz,Gimnasia y Esgrima (LP),2,1,,,Primera Division - Clausura,2007,zonas,,Fecha 13,Malvinas Argentinas,false,https://es.wikipedia.org/wiki/Anexo:Torneo_Clausura_2007_(Argentina)
2007-05-06,15:30,Lanús,Gimnasia y Esgrima (J),1,1,,,Primera Division - Clausura,2007,zonas,,Fecha 13,Ciudad de Lanús,false,https://es.wikipedia.org/wiki/Anexo:Torneo_Clausura_2007_(Argentina)
2007-05-06,16:10,River Plate,Independiente,1,1,,,Primera Division - Clausura,2007,zonas,,Fecha 13,Monumental,false,https://es.wikipedia.org/wiki/Anexo:Torneo_Clausura_2007_(Argentina)
2007-05-06,18:30,Argentinos Juniors,Boca Juniors,3,3,,,Primera Division - Clausura,2007,zonas,,Fecha 13,Diego Armando Maradona,false,https://es.wikipedia.org/wiki/Anexo:Torneo_Clausura_2007_(Argentina)
2007-05-11,21:00,Belgrano,Quilmes,3,0,,,Primera Division - Clausura,2007,zonas,,Fecha 14,Chateau Carreras,false,https://es.wikipedia.org/wiki/Anexo:Torneo_Clausura_2007_(Argentina)
2007-05-11,21:10,Independiente,Newell's Old Boys,1,1,,,Primera Division - Clausura,2007,zonas,,Fecha 14,El Cilindro,false,https://es.wikipedia.org/wiki/Anexo:Torneo_Clausura_2007_(Argentina)
2007-05-12,18:20,Rosario Central,Racing Club,1,0,,,Primera Division - Clausura,2007,zonas,,Fecha 14,Gigante de Arroyito,false,https://es.wikipedia.org/wiki/Anexo:Torneo_Clausura_2007_(Argentina)
2007-05-12,21:10,Estudiantes (LP),Vélez Sarsfield,1,1,,,Primera Division - Clausura,2007,zonas,,Fecha 14,Ciudad de La Plata,false,https://es.wikipedia.org/wiki/Anexo:Torneo_Clausura_2007_(Argentina)
2007-05-13,14:00,Godoy Cruz,Lanús,2,2,,,Primera Division - Clausura,2007,zonas,,Fecha 14,Malvinas Argentinas,false,https://es.wikipedia.org/wiki/Anexo:Torneo_Clausura_2007_(Argentina)
2007-05-13,15:30,Banfield,Argentinos Juniors,2,1,,,Primera Division - Clausura,2007,zonas,,Fecha 14,Florencio Sola,false,https://es.wikipedia.org/wiki/Anexo:Torneo_Clausura_2007_(Argentina)
2007-05-13,15:30,Colón,Gimnasia y Esgrima (J),3,1,,,Primera Division - Clausura,2007,zonas,,Fecha 14,Brigadier Estanislao López,false,https://es.wikipedia.org/wiki/Anexo:Torneo_Clausura_2007_(Argentina)
2007-05-13,15:30,Gimnasia y Esgrima (LP),Nueva Chicago,2,2,,,Primera Division - Clausura,2007,zonas,,Fecha 14,El Cilindro,false,https://es.wikipedia.org/wiki/Anexo:Torneo_Clausura_2007_(Argentina)
2007-05-13,16:10,San Lorenzo,River Plate,0,0,,,Primera Division - Clausura,2007,zonas,,Fecha 14,Nuevo Gasómetro,false,https://es.wikipedia.org/wiki/Anexo:Torneo_Clausura_2007_(Argentina)
2007-05-13,18:30,Boca Juniors,Arsenal,1,1,,,Primera Division - Clausura,2007,zonas,,Fecha 14,La Bombonera,false,https://es.wikipedia.org/wiki/Anexo:Torneo_Clausura_2007_(Argentina)
2007-05-18,21:00,Argentinos Juniors,Rosario Central,0,0,,,Primera Division - Clausura,2007,zonas,,Fecha 15,Diego Armando Maradona,false,https://es.wikipedia.org/wiki/Anexo:Torneo_Clausura_2007_(Argentina)
2007-05-18,21:10,Arsenal,Banfield,2,2,,,Primera Division - Clausura,2007,zonas,,Fecha 15,El Viaducto,false,https://es.wikipedia.org/wiki/Anexo:Torneo_Clausura_2007_(Argentina)
2007-05-19,18:20,Newell's Old Boys,San Lorenzo,0,1,,,Primera Division - Clausura,2007,zonas,,Fecha 15,Coloso del Parque,false,https://es.wikipedia.org/wiki/Anexo:Torneo_Clausura_2007_(Argentina)
2007-05-19,20:00,Lanús,Colón,3,0,,,Primera Division - Clausura,2007,zonas,,Fecha 15,Ciudad de Lanús,false,https://es.wikipedia.org/wiki/Anexo:Torneo_Clausura_2007_(Argentina)
2007-05-19,21:10,Vélez Sarsfield,Gimnasia y Esgrima (LP),0,0,,,Primera Division - Clausura,2007,zonas,,Fecha 15,José Amalfitani,false,https://es.wikipedia.org/wiki/Anexo:Torneo_Clausura_2007_(Argentina)
2007-05-20,11:00,Racing Club,Independiente,1,1,,,Primera Division - Clausura,2007,zonas,,Fecha 15,El Cilindro,false,https://es.wikipedia.org/wiki/Anexo:Torneo_Clausura_2007_(Argentina)
2007-05-20,15:00,River Plate,Estudiantes (LP),0,1,,,Primera Division - Clausura,2007,zonas,,Fecha 15,Monumental,false,https://es.wikipedia.org/wiki/Anexo:Torneo_Clausura_2007_(Argentina)
2007-05-20,15:30,Gimnasia y Esgrima (J),Belgrano,0,0,,,Primera Division - Clausura,2007,zonas,,Fecha 15,23 de Agosto,false,https://es.wikipedia.org/wiki/Anexo:Torneo_Clausura_2007_(Argentina)
2007-05-20,15:30,Nueva Chicago,Godoy Cruz,0,0,,,Primera Division - Clausura,2007,zonas,,Fecha 15,Nueva Chicago,false,https://es.wikipedia.org/wiki/Anexo:Torneo_Clausura_2007_(Argentina)
2007-05-20,17:30,Quilmes,Boca Juniors,1,2,,,Primera Division - Clausura,2007,zonas,,Fecha 15,Centenario,false,https://es.wikipedia.org/wiki/Anexo:Torneo_Clausura_2007_(Argentina)
2007-05-25,21:10,Independiente,Argentinos Juniors,1,1,,,Primera Division - Clausura,2007,zonas,,Fecha 16,El Cilindro,false,https://es.wikipedia.org/wiki/Anexo:Torneo_Clausura_2007_(Argentina)
2007-05-26,19:00,Nueva Chicago,Lanús,2,1,,,Primera Division - Clausura,2007,zonas,,Fecha 16,Nueva Chicago,false,https://es.wikipedia.org/wiki/Anexo:Torneo_Clausura_2007_(Argentina)
2007-05-26,21:10,Estudiantes (LP),Newell's Old Boys,4,4,,,Primera Division - Clausura,2007,zonas,,Fecha 16,Ciudad de La Plata,false,https://es.wikipedia.org/wiki/Anexo:Torneo_Clausura_2007_(Argentina)
2007-05-27,14:00,Godoy Cruz,Vélez Sarsfield,0,2,,,Primera Division - Clausura,2007,zonas,,Fecha 16,Malvinas Argentinas,false,https://es.wikipedia.org/wiki/Anexo:Torneo_Clausura_2007_(Argentina)
2007-05-27,15:30,Banfield,Quilmes,2,3,,,Primera Division - Clausura,2007,zonas,,Fecha 16,Florencio Sola,false,https://es.wikipedia.org/wiki/Anexo:Torneo_Clausura_2007_(Argentina)
2007-05-27,15:30,Boca Juniors,Gimnasia y Esgrima (J),3,1,,,Primera Division - Clausura,2007,zonas,,Fecha 16,La Bombonera,false,https://es.wikipedia.org/wiki/Anexo:Torneo_Clausura_2007_(Argentina)
2007-05-27,15:30,Rosario Central,Arsenal,0,2,,,Primera Division - Clausura,2007,zonas,,Fecha 16,Gigante de Arroyito,false,https://es.wikipedia.org/wiki/Anexo:Torneo_Clausura_2007_(Argentina)
2007-05-27,16:10,San Lorenzo,Racing Club,3,0,,,Primera Division - Clausura,2007,zonas,,Fecha 16,Nuevo Gasómetro,false,https://es.wikipedia.org/wiki/Anexo:Torneo_Clausura_2007_(Argentina)
2007-05-27,17:00,Belgrano,Colón,1,3,,,Primera Division - Clausura,2007,zonas,,Fecha 16,Chateau Carreras,false,https://es.wikipedia.org/wiki/Anexo:Torneo_Clausura_2007_(Argentina)
2007-05-27,18:30,Gimnasia y Esgrima (LP),River Plate,0,3,,,Primera Division - Clausura,2007,zonas,,Fecha 16,Ciudad de La Plata,false,https://es.wikipedia.org/wiki/Anexo:Torneo_Clausura_2007_(Argentina)
2007-06-01,15:00,Vélez Sarsfield,Nueva Chicago,2,1,,,Primera Division - Clausura,2007,zonas,,Fecha 17,José Amalfitani,false,https://es.wikipedia.org/wiki/Anexo:Torneo_Clausura_2007_(Argentina)
2007-06-01,19:00,Quilmes,Rosario Central,0,1,,,Primera Division - Clausura,2007,zonas,,Fecha 17,Centenario,false,https://es.wikipedia.org/wiki/Anexo:Torneo_Clausura_2007_(Argentina)
2007-06-01,20:10,Argentinos Juniors,San Lorenzo,1,1,,,Primera Division - Clausura,2007,zonas,,Fecha 17,Diego Armando Maradona,false,https://es.wikipedia.org/wiki/Anexo:Torneo_Clausura_2007_(Argentina)
2007-06-02,21:10,Arsenal,Independiente,0,1,,,Primera Division - Clausura,2007,zonas,,Fecha 17,El Viaducto,false,https://es.wikipedia.org/wiki/Anexo:Torneo_Clausura_2007_(Argentina)
2007-06-03,14:00,Lanús,Belgrano,1,1,,,Primera Division - Clausura,2007,zonas,,Fecha 17,Ciudad de Lanús,false,https://es.wikipedia.org/wiki/Anexo:Torneo_Clausura_2007_(Argentina)
2007-06-03,15:30,Gimnasia y Esgrima (J),Banfield,0,1,,,Primera Division - Clausura,2007,zonas,,Fecha 17,23 de Agosto,false,https://es.wikipedia.org/wiki/Anexo:Torneo_Clausura_2007_(Argentina)
2007-06-03,16:00,Newell's Old Boys,Gimnasia y Esgrima (LP),0,1,,,Primera Division - Clausura,2007,zonas,,Fecha 17,Coloso del Parque,false,https://es.wikipedia.org/wiki/Anexo:Torneo_Clausura_2007_(Argentina)
2007-06-03,16:10,Colón,Boca Juniors,2,1,,,Primera Division - Clausura,2007,zonas,,Fecha 17,Brigadier Estanislao López,false,https://es.wikipedia.org/wiki/Anexo:Torneo_Clausura_2007_(Argentina)
2007-06-03,18:30,Racing Club,Estudiantes (LP),2,0,,,Primera Division - Clausura,2007,zonas,,Fecha 17,El Cilindro,false,https://es.wikipedia.org/wiki/Anexo:Torneo_Clausura_2007_(Argentina)
2007-06-04,19:10,River Plate,Godoy Cruz,0,1,,,Primera Division - Clausura,2007,zonas,,Fecha 17,José Amalfitani,false,https://es.wikipedia.org/wiki/Anexo:Torneo_Clausura_2007_(Argentina)
2007-06-08,21:10,Vélez Sarsfield,Lanús,1,1,,,Primera Division - Clausura,2007,zonas,,Fecha 18,José Amalfitani,false,https://es.wikipedia.org/wiki/Anexo:Torneo_Clausura_2007_(Argentina)
2007-06-09,15:10,Nueva Chicago,River Plate,2,2,,,Primera Division - Clausura,2007,zonas,,Fecha 18,Nueva Chicago,false,https://es.wikipedia.org/wiki/Anexo:Torneo_Clausura_2007_(Argentina)
2007-06-09,21:30,Gimnasia y Esgrima (LP),Racing Club,1,2,,,Primera Division - Clausura,2007,zonas,,Fecha 18,Ciudad de La Plata,false,https://es.wikipedia.org/wiki/Anexo:Torneo_Clausura_2007_(Argentina)
2007-06-10,14:00,Boca Juniors,Belgrano,1,0,,,Primera Division - Clausura,2007,zonas,,Fecha 18,La Bombonera,false,https://es.wikipedia.org/wiki/Anexo:Torneo_Clausura_2007_(Argentina)
2007-06-10,15:30,Banfield,Colón,0,1,,,Primera Division - Clausura,2007,zonas,,Fecha 18,Florencio Sola,false,https://es.wikipedia.org/wiki/Anexo:Torneo_Clausura_2007_(Argentina)
2007-06-10,15:30,Godoy Cruz,Newell's Old Boys,1,1,,,Primera Division - Clausura,2007,zonas,,Fecha 18,Malvinas Argentinas,false,https://es.wikipedia.org/wiki/Anexo:Torneo_Clausura_2007_(Argentina)
2007-06-10,15:30,Rosario Central,Gimnasia y Esgrima (J),2,0,,,Primera Division - Clausura,2007,zonas,,Fecha 18,Gigante de Arroyito,false,https://es.wikipedia.org/wiki/Anexo:Torneo_Clausura_2007_(Argentina)
2007-06-10,16:00,Independiente,Quilmes,4,1,,,Primera Division - Clausura,2007,zonas,,Fecha 18,El Cilindro,false,https://es.wikipedia.org/wiki/Anexo:Torneo_Clausura_2007_(Argentina)
2007-06-10,16:10,San Lorenzo,Arsenal,4,2,,,Primera Division - Clausura,2007,zonas,,Fecha 18,Nuevo Gasómetro,false,https://es.wikipedia.org/wiki/Anexo:Torneo_Clausura_2007_(Argentina)
2007-06-10,19:00,Estudiantes (LP),Argentinos Juniors,2,0,,,Primera Division - Clausura,2007,zonas,,Fecha 18,Ciudad de La Plata,false,https://es.wikipedia.org/wiki/Anexo:Torneo_Clausura_2007_(Argentina)
2007-06-15,19:00,River Plate,Vélez Sarsfield,3,2,,,Primera Division - Clausura,2007,zonas,,Fecha 19,Nuevo Gasómetro,false,https://es.wikipedia.org/wiki/Anexo:Torneo_Clausura_2007_(Argentina)
2007-06-15,21:10,Argentinos Juniors,Gimnasia y Esgrima (LP),0,0,,,Primera Division - Clausura,2007,zonas,,Fecha 19,Diego Armando Maradona,false,https://es.wikipedia.org/wiki/Anexo:Torneo_Clausura_2007_(Argentina)
2007-06-16,15:30,Colón,Rosario Central,3,1,,,Primera Division - Clausura,2007,zonas,,Fecha 19,Brigadier Estanislao López,false,https://es.wikipedia.org/wiki/Anexo:Torneo_Clausura_2007_(Argentina)
2007-06-16,16:10,Quilmes,San Lorenzo,1,2,,,Primera Division - Clausura,2007,zonas,,Fecha 19,Centenario,false,https://es.wikipedia.org/wiki/Anexo:Torneo_Clausura_2007_(Argentina)
2007-06-16,21:10,Gimnasia y Esgrima (J),Independiente,1,3,,,Primera Division - Clausura,2007,zonas,,Fecha 19,23 de Agosto,false,https://es.wikipedia.org/wiki/Anexo:Torneo_Clausura_2007_(Argentina)
2007-06-16,21:10,Racing Club,Godoy Cruz,4,2,,,Primera Division - Clausura,2007,zonas,,Fecha 19,El Cilindro,false,https://es.wikipedia.org/wiki/Anexo:Torneo_Clausura_2007_(Argentina)
2007-06-17,15:30,Belgrano,Banfield,3,0,,,Primera Division - Clausura,2007,zonas,,Fecha 19,Chateau Carreras,false,https://es.wikipedia.org/wiki/Anexo:Torneo_Clausura_2007_(Argentina)
2007-06-17,15:30,Newell's Old Boys,Nueva Chicago,0,2,,,Primera Division - Clausura,2007,zonas,,Fecha 19,Coloso del Parque,false,https://es.wikipedia.org/wiki/Anexo:Torneo_Clausura_2007_(Argentina)
2007-06-17,16:10,Arsenal,Estudiantes (LP),1,1,,,Primera Division - Clausura,2007,zonas,,Fecha 19,El Viaducto,false,https://es.wikipedia.org/wiki/Anexo:Torneo_Clausura_2007_(Argentina)
2007-06-17,16:10,Lanús,Boca Juniors,0,0,,,Primera Division - Clausura,2007,zonas,,Fecha 19,Ciudad de Lanús,false,https://es.wikipedia.org/wiki/Anexo:Torneo_Clausura_2007_(Argentina)
2007-08-03,19:00,Colón,Vélez Sarsfield,0,1,,,Primera Division - Apertura,2007,zonas,,Fecha 1,Brigadier Estanislao López,false,https://es.wikipedia.org/wiki/Anexo:Torneo_Apertura_2007_(Argentina)
2007-08-03,21:10,Banfield,Estudiantes (LP),0,3,,,Primera Division - Apertura,2007,zonas,,Fecha 1,Florencio Sola,false,https://es.wikipedia.org/wiki/Anexo:Torneo_Apertura_2007_(Argentina)
2007-08-04,18:20,Argentinos Juniors,San Martín (SJ),0,1,,,Primera Division - Apertura,2007,zonas,,Fecha 1,Diego Armando Maradona,false,https://es.wikipedia.org/wiki/Anexo:Torneo_Apertura_2007_(Argentina)
2007-08-04,18:20,Gimnasia y Esgrima (LP),Tigre,0,1,,,Primera Division - Apertura,2007,zonas,,Fecha 1,Ciudad de La Plata,false,https://es.wikipedia.org/wiki/Anexo:Torneo_Apertura_2007_(Argentina)
2007-08-04,21:10,Independiente,Lanús,5,3,,,Primera Division - Apertura,2007,zonas,,Fecha 1,El Cilindro,false,https://es.wikipedia.org/wiki/Anexo:Torneo_Apertura_2007_(Argentina)
2007-08-05,14:00,Newell's Old Boys,San Lorenzo,1,0,,,Primera Division - Apertura,2007,zonas,,Fecha 1,Coloso del Parque,false,https://es.wikipedia.org/wiki/Anexo:Torneo_Apertura_2007_(Argentina)
2007-08-05,14:00,Olimpo,Racing Club,0,2,,,Primera Division - Apertura,2007,zonas,,Fecha 1,Roberto N. Carminatti,false,https://es.wikipedia.org/wiki/Anexo:Torneo_Apertura_2007_(Argentina)
2007-08-05,16:10,Boca Juniors,Rosario Central,0,0,,,Primera Division - Apertura,2007,zonas,,Fecha 1,La Bombonera,false,https://es.wikipedia.org/wiki/Anexo:Torneo_Apertura_2007_(Argentina)
2007-08-05,18:30,Huracán,Arsenal,1,1,,,Primera Division - Apertura,2007,zonas,,Fecha 1,Tomás A. Ducó,false,https://es.wikipedia.org/wiki/Anexo:Torneo_Apertura_2007_(Argentina)
2007-08-10,,Instituto,Chacarita Juniors,1,1,,,Primera Nacional,2007,zonas,,Fecha 1,,false,https://es.wikipedia.org/wiki/Campeonato_de_Primera_B_Nacional_2007-08 + https://www.worldfootball.net/
2007-08-10,19:00,Arsenal,Colón,2,0,,,Primera Division - Apertura,2007,zonas,,Fecha 2,El Viaducto,false,https://es.wikipedia.org/wiki/Anexo:Torneo_Apertura_2007_(Argentina)
2007-08-10,21:10,San Martín (SJ),San Lorenzo,1,2,,,Primera Division - Apertura,2007,zonas,,Fecha 2,Ingeniero Hilario Sánchez,false,https://es.wikipedia.org/wiki/Anexo:Torneo_Apertura_2007_(Argentina)
2007-08-11,,Defensa y Justicia,Godoy Cruz,1,1,,,Primera Nacional,2007,zonas,,Fecha 1,,false,https://es.wikipedia.org/wiki/Campeonato_de_Primera_B_Nacional_2007-08 + https://www.worldfootball.net/
2007-08-11,,Independiente Rivadavia,Tiro Federal,1,0,,,Primera Nacional,2007,zonas,,Fecha 1,,false,https://es.wikipedia.org/wiki/Campeonato_de_Primera_B_Nacional_2007-08 + https://www.worldfootball.net/
2007-08-11,,Nueva Chicago,Atlético de Rafaela,1,1,,,Primera Nacional,2007,zonas,,Fecha 1,,false,https://es.wikipedia.org/wiki/Campeonato_de_Primera_B_Nacional_2007-08 + https://www.worldfootball.net/
2007-08-11,,Quilmes,CAI,2,0,,,Primera Nacional,2007,zonas,,Fecha 1,,false,https://es.wikipedia.org/wiki/Campeonato_de_Primera_B_Nacional_2007-08 + https://www.worldfootball.net/
2007-08-11,,Talleres (C),Platense,2,4,,,Primera Nacional,2007,zonas,,Fecha 1,,false,https://es.wikipedia.org/wiki/Campeonato_de_Primera_B_Nacional_2007-08 + https://www.worldfootball.net/
2007-08-11,16:10,Rosario Central,Gimnasia y Esgrima (LP),2,2,,,Primera Division - Apertura,2007,zonas,,Fecha 2,Gigante de Arroyito,false,https://es.wikipedia.org/wiki/Anexo:Torneo_Apertura_2007_(Argentina)
2007-08-11,18:20,Vélez Sarsfield,Olimpo,3,0,,,Primera Division - Apertura,2007,zonas,,Fecha 2,José Amalfitani,false,https://es.wikipedia.org/wiki/Anexo:Torneo_Apertura_2007_(Argentina)
2007-08-11,21:10,Racing Club,Banfield,0,1,,,Primera Division - Apertura,2007,zonas,,Fecha 2,El Cilindro,false,https://es.wikipedia.org/wiki/Anexo:Torneo_Apertura_2007_(Argentina)
2007-08-12,,Aldosivi,Almagro,1,0,,,Primera Nacional,2007,zonas,,Fecha 1,,false,https://es.wikipedia.org/wiki/Campeonato_de_Primera_B_Nacional_2007-08 + https://www.worldfootball.net/
2007-08-12,,San Martín (T),Unión,1,0,,,Primera Nacional,2007,zonas,,Fecha 1,,false,https://es.wikipedia.org/wiki/Campeonato_de_Primera_B_Nacional_2007-08 + https://www.worldfootball.net/
2007-08-12,11:45,Estudiantes (LP),Gimnasia y Esgrima (J),1,0,,,Primera Division - Apertura,2007,zonas,,Fecha 2,Ciudad de La Plata,false,https://es.wikipedia.org/wiki/Anexo:Torneo_Apertura_2007_(Argentina)
2007-08-12,14:10,River Plate,Newell's Old Boys,3,1,,,Primera Division - Apertura,2007,zonas,,Fecha 2,Monumental,false,https://es.wikipedia.org/wiki/Anexo:Torneo_Apertura_2007_(Argentina)
2007-08-12,16:10,Lanús,Huracán,1,1,,,Primera Division - Apertura,2007,zonas,,Fecha 2,Ciudad de Lanús,false,https://es.wikipedia.org/wiki/Anexo:Torneo_Apertura_2007_(Argentina)
2007-08-12,16:10,Tigre,Independiente,0,3,,,Primera Division - Apertura,2007,zonas,,Fecha 2,José Amalfitani,false,https://es.wikipedia.org/wiki/Anexo:Torneo_Apertura_2007_(Argentina)
2007-08-12,18:30,Argentinos Juniors,Boca Juniors,3,2,,,Primera Division - Apertura,2007,zonas,,Fecha 2,Diego Armando Maradona,false,https://es.wikipedia.org/wiki/Anexo:Torneo_Apertura_2007_(Argentina)
2007-08-14,,Almirante Brown,Belgrano,1,1,,,Primera Nacional,2007,zonas,,Fecha 1,,false,https://es.wikipedia.org/wiki/Campeonato_de_Primera_B_Nacional_2007-08 + https://www.worldfootball.net/
2007-08-17,,Atlético de Rafaela,Defensa y Justicia,2,0,,,Primera Nacional,2007,zonas,,Fecha 2,,false,https://es.wikipedia.org/wiki/Campeonato_de_Primera_B_Nacional_2007-08 + https://www.worldfootball.net/
2007-08-17,19:00,Gimnasia y Esgrima (LP),Argentinos Juniors,0,2,,,Primera Division - Apertura,2007,zonas,,Fecha 3,Ciudad de La Plata,false,https://es.wikipedia.org/wiki/Anexo:Torneo_Apertura_2007_(Argentina)
2007-08-17,21:10,Independiente,Rosario Central,1,0,,,Primera Division - Apertura,2007,zonas,,Fecha 3,El Cilindro,false,https://es.wikipedia.org/wiki/Anexo:Torneo_Apertura_2007_(Argentina)
2007-08-18,,Aldosivi,Instituto,0,0,,,Primera Nacional,2007,zonas,,Fecha 2,,false,https://es.wikipedia.org/wiki/Campeonato_de_Primera_B_Nacional_2007-08 + https://www.worldfootball.net/
2007-08-18,,Almagro,Talleres (C),1,1,,,Primera Nacional,2007,zonas,,Fecha 2,,false,https://es.wikipedia.org/wiki/Campeonato_de_Primera_B_Nacional_2007-08 + https://www.worldfootball.net/
2007-08-18,,Belgrano,Chacarita Juniors,1,0,,,Primera Nacional,2007,zonas,,Fecha 2,,false,https://es.wikipedia.org/wiki/Campeonato_de_Primera_B_Nacional_2007-08 + https://www.worldfootball.net/
2007-08-18,,Godoy Cruz,Almirante Brown,3,2,,,Primera Nacional,2007,zonas,,Fecha 2,,false,https://es.wikipedia.org/wiki/Campeonato_de_Primera_B_Nacional_2007-08 + https://www.worldfootball.net/
2007-08-18,,Platense,Independiente Rivadavia,1,1,,,Primera Nacional,2007,zonas,,Fecha 2,,false,https://es.wikipedia.org/wiki/Campeonato_de_Primera_B_Nacional_2007-08 + https://www.worldfootball.net/
2007-08-18,,Tiro Federal,Ben Hur,0,1,,,Primera Nacional,2007,zonas,,Fecha 2,,false,https://es.wikipedia.org/wiki/Campeonato_de_Primera_B_Nacional_2007-08 + https://www.worldfootball.net/
2007-08-18,15:10,Huracán,Tigre,0,0,,,Primera Division - Apertura,2007,zonas,,Fecha 3,Tomás A. Ducó,false,https://es.wikipedia.org/wiki/Anexo:Torneo_Apertura_2007_(Argentina)
2007-08-18,16:10,Colón,Lanús,2,1,,,Primera Division - Apertura,2007,zonas,,Fecha 3,Brigadier Estanislao López,false,https://es.wikipedia.org/wiki/Anexo:Torneo_Apertura_2007_(Argentina)
2007-08-18,18:20,Olimpo,Arsenal,1,0,,,Primera Division - Apertura,2007,zonas,,Fecha 3,Roberto N. Carminatti,false,https://es.wikipedia.org/wiki/Anexo:Torneo_Apertura_2007_(Argentina)
2007-08-18,21:10,Banfield,Vélez Sarsfield,1,0,,,Primera Division - Apertura,2007,zonas,,Fecha 3,Florencio Sola,false,https://es.wikipedia.org/wiki/Anexo:Torneo_Apertura_2007_(Argentina)
2007-08-19,,CAI,San Martín (T),0,0,,,Primera Nacional,2007,zonas,,Fecha 2,,false,https://es.wikipedia.org/wiki/Campeonato_de_Primera_B_Nacional_2007-08 + https://www.worldfootball.net/
2007-08-19,,Unión,Nueva Chicago,1,0,,,Primera Nacional,2007,zonas,,Fecha 2,,false,https://es.wikipedia.org/wiki/Campeonato_de_Primera_B_Nacional_2007-08 + https://www.worldfootball.net/
2007-08-19,14:00,Gimnasia y Esgrima (J),Racing Club,2,1,,,Primera Division - Apertura,2007,zonas,,Fecha 3,23 de agosto,false,https://es.wikipedia.org/wiki/Anexo:Torneo_Apertura_2007_(Argentina)
2007-08-19,14:00,San Lorenzo,River Plate,1,1,,,Primera Division - Apertura,2007,zonas,,Fecha 3,Nuevo Gasómetro,false,https://es.wikipedia.org/wiki/Anexo:Torneo_Apertura_2007_(Argentina)
2007-08-19,16:10,Newell's Old Boys,Estudiantes (LP),2,1,,,Primera Division - Apertura,2007,zonas,,Fecha 3,Coloso del Parque,false,https://es.wikipedia.org/wiki/Anexo:Torneo_Apertura_2007_(Argentina)
2007-08-19,18:30,Boca Juniors,San Martín (SJ),1,0,,,Primera Division - Apertura,2007,zonas,,Fecha 3,La Bombonera,false,https://es.wikipedia.org/wiki/Anexo:Torneo_Apertura_2007_(Argentina)
2007-08-21,,Ferro Carril Oeste,Quilmes,1,0,,,Primera Nacional,2007,zonas,,Fecha 2,,false,https://es.wikipedia.org/wiki/Campeonato_de_Primera_B_Nacional_2007-08 + https://www.worldfootball.net/
2007-08-23,16:10,Gimnasia y Esgrima (J),River Plate,2,2,,,Primera Division - Apertura,2007,zonas,,Fecha 1,23 de agosto,false,https://es.wikipedia.org/wiki/Anexo:Torneo_Apertura_2007_(Argentina)
2007-08-24,,Ben Hur,Platense,1,1,,,Primera Nacional,2007,zonas,,Fecha 3,,false,https://es.wikipedia.org/wiki/Campeonato_de_Primera_B_Nacional_2007-08 + https://www.worldfootball.net/
2007-08-24,19:00,Tigre,Colón,0,2,,,Primera Division - Apertura,2007,zonas,,Fecha 4,Monumental de Victoria,false,https://es.wikipedia.org/wiki/Anexo:Torneo_Apertura_2007_(Argentina)
2007-08-24,21:10,Racing Club,Newell's Old Boys,2,0,,,Primera Division - Apertura,2007,zonas,,Fecha 4,El Cilindro,false,https://es.wikipedia.org/wiki/Anexo:Torneo_Apertura_2007_(Argentina)
2007-08-25,,Chacarita Juniors,Godoy Cruz,3,2,,,Primera Nacional,2007,zonas,,Fecha 3,,false,https://es.wikipedia.org/wiki/Campeonato_de_Primera_B_Nacional_2007-08 + https://www.worldfootball.net/
2007-08-25,,Defensa y Justicia,Unión,2,3,,,Primera Nacional,2007,zonas,,Fecha 3,,false,https://es.wikipedia.org/wiki/Campeonato_de_Primera_B_Nacional_2007-08 + https://www.worldfootball.net/
2007-08-25,,Independiente Rivadavia,Almagro,0,0,,,Primera Nacional,2007,zonas,,Fecha 3,,false,https://es.wikipedia.org/wiki/Campeonato_de_Primera_B_Nacional_2007-08 + https://www.worldfootball.net/
2007-08-25,,Instituto,Belgrano,1,3,,,Primera Nacional,2007,zonas,,Fecha 3,,false,https://es.wikipedia.org/wiki/Campeonato_de_Primera_B_Nacional_2007-08 + https://www.worldfootball.net/
2007-08-25,,San Martín (T),Ferro Carril Oeste,1,1,,,Primera Nacional,2007,zonas,,Fecha 3,,false,https://es.wikipedia.org/wiki/Campeonato_de_Primera_B_Nacional_2007-08 + https://www.worldfootball.net/
2007-08-25,16:10,Arsenal,Banfield,0,4,,,Primera Division - Apertura,2007,zonas,,Fecha 4,El Viaducto,false,https://es.wikipedia.org/wiki/Anexo:Torneo_Apertura_2007_(Argentina)
2007-08-25,16:10,Rosario Central,Huracán,0,1,,,Primera Division - Apertura,2007,zonas,,Fecha 4,Gigante de Arroyito,false,https://es.wikipedia.org/wiki/Anexo:Torneo_Apertura_2007_(Argentina)
2007-08-25,18:20,Argentinos Juniors,Independiente,0,1,,,Primera Division - Apertura,2007,zonas,,Fecha 4,Diego Armando Maradona,false,https://es.wikipedia.org/wiki/Anexo:Torneo_Apertura_2007_(Argentina)
2007-08-25,18:20,Lanús,Olimpo,2,1,,,Primera Division - Apertura,2007,zonas,,Fecha 4,Ciudad de Lanús,false,https://es.wikipedia.org/wiki/Anexo:Torneo_Apertura_2007_(Argentina)
2007-08-25,21:10,Estudiantes (LP),San Lorenzo,1,1,,,Primera Division - Apertura,2007,zonas,,Fecha 4,Ciudad de La Plata,false,https://es.wikipedia.org/wiki/Anexo:Torneo_Apertura_2007_(Argentina)
2007-08-26,,Quilmes,Tiro Federal,0,0,,,Primera Nacional,2007,zonas,,Fecha 3,,false,https://es.wikipedia.org/wiki/Campeonato_de_Primera_B_Nacional_2007-08 + https://www.worldfootball.net/
2007-08-26,,Talleres (C),Aldosivi,2,1,,,Primera Nacional,2007,zonas,,Fecha 3,,false,https://es.wikipedia.org/wiki/Campeonato_de_Primera_B_Nacional_2007-08 + https://www.worldfootball.net/
2007-08-26,14:00,San Martín (SJ),River Plate,1,0,,,Primera Division - Apertura,2007,zonas,,Fecha 4,Ingeniero Hilario Sánchez,false,https://es.wikipedia.org/wiki/Anexo:Torneo_Apertura_2007_(Argentina)
2007-08-26,16:10,Boca Juniors,Gimnasia y Esgrima (LP),2,1,,,Primera Division - Apertura,2007,zonas,,Fecha 4,La Bombonera,false,https://es.wikipedia.org/wiki/Anexo:Torneo_Apertura_2007_(Argentina)
2007-08-26,18:30,Vélez Sarsfield,Gimnasia y Esgrima (J),4,2,,,Primera Division - Apertura,2007,zonas,,Fecha 4,José Amalfitani,false,https://es.wikipedia.org/wiki/Anexo:Torneo_Apertura_2007_(Argentina)
2007-08-27,,Almirante Brown,Atlético de Rafaela,1,1,,,Primera Nacional,2007,zonas,,Fecha 3,,false,https://es.wikipedia.org/wiki/Campeonato_de_Primera_B_Nacional_2007-08 + https://www.worldfootball.net/
2007-08-28,,Nueva Chicago,CAI,2,1,,,Primera Nacional,2007,zonas,,Fecha 3,,false,https://es.wikipedia.org/wiki/Campeonato_de_Primera_B_Nacional_2007-08 + https://www.worldfootball.net/
2007-08-28,15:00,Banfield,Lanús,1,2,,,Primera Division - Apertura,2007,zonas,,Fecha 5,Florencio Sola,false,https://es.wikipedia.org/wiki/Anexo:Torneo_Apertura_2007_(Argentina)
2007-08-28,17:10,Colón,Rosario Central,2,0,,,Primera Division - Apertura,2007,zonas,,Fecha 5,Brigadier Estanislao López,false,https://es.wikipedia.org/wiki/Anexo:Torneo_Apertura_2007_(Argentina)
2007-08-28,19:20,Olimpo,Tigre,0,1,,,Primera Division - Apertura,2007,zonas,,Fecha 5,Roberto N. Carminatti,false,https://es.wikipedia.org/wiki/Anexo:Torneo_Apertura_2007_(Argentina)
2007-08-28,21:30,San Lorenzo,Racing Club,4,3,,,Primera Division - Apertura,2007,zonas,,Fecha 5,Nuevo Gasómetro,false,https://es.wikipedia.org/wiki/Anexo:Torneo_Apertura_2007_(Argentina)
2007-08-29,14:00,Gimnasia y Esgrima (J),Arsenal,1,0,,,Primera Division - Apertura,2007,zonas,,Fecha 5,23 de agosto,false,https://es.wikipedia.org/wiki/Anexo:Torneo_Apertura_2007_(Argentina)
2007-08-29,14:00,River Plate,Estudiantes (LP),4,2,,,Primera Division - Apertura,2007,zonas,,Fecha 5,Monumental,false,https://es.wikipedia.org/wiki/Anexo:Torneo_Apertura_2007_(Argentina)
2007-08-29,16:10,Huracán,Argentinos Juniors,3,2,,,Primera Division - Apertura,2007,zonas,,Fecha 5,Tomás A. Ducó,false,https://es.wikipedia.org/wiki/Anexo:Torneo_Apertura_2007_(Argentina)
2007-08-29,16:10,Independiente,Boca Juniors,2,3,,,Primera Division - Apertura,2007,zonas,,Fecha 5,El Cilindro,false,https://es.wikipedia.org/wiki/Anexo:Torneo_Apertura_2007_(Argentina)
2007-08-29,19:30,Gimnasia y Esgrima (LP),San Martín (SJ),2,0,,,Primera Division - Apertura,2007,zonas,,Fecha 5,Ciudad de La Plata,false,https://es.wikipedia.org/wiki/Anexo:Torneo_Apertura_2007_(Argentina)
2007-08-29,19:30,Newell's Old Boys,Vélez Sarsfield,2,0,,,Primera Division - Apertura,2007,zonas,,Fecha 5,Coloso del Parque,false,https://es.wikipedia.org/wiki/Anexo:Torneo_Apertura_2007_(Argentina)
2007-08-31,,Talleres (C),Instituto,2,0,,,Primera Nacional,2007,zonas,,Fecha 4,,false,https://es.wikipedia.org/wiki/Campeonato_de_Primera_B_Nacional_2007-08 + https://www.worldfootball.net/
2007-08-31,,Unión,Almirante Brown,1,1,,,Primera Nacional,2007,zonas,,Fecha 4,,false,https://es.wikipedia.org/wiki/Campeonato_de_Primera_B_Nacional_2007-08 + https://www.worldfootball.net/
2007-08-31,19:00,Tigre,Banfield,1,0,,,Primera Division - Apertura,2007,zonas,,Fecha 6,Monumental de Victoria,false,https://es.wikipedia.org/wiki/Anexo:Torneo_Apertura_2007_(Argentina)
2007-08-31,21:10,Rosario Central,Olimpo,1,1,,,Primera Division - Apertura,2007,zonas,,Fecha 6,Gigante de Arroyito,false,https://es.wikipedia.org/wiki/Anexo:Torneo_Apertura_2007_(Argentina)
2007-09-01,,Aldosivi,Independiente Rivadavia,4,0,,,Primera Nacional,2007,zonas,,Fecha 4,,false,https://es.wikipedia.org/wiki/Campeonato_de_Primera_B_Nacional_2007-08 + https://www.worldfootball.net/
2007-09-01,,Almagro,Ben Hur,3,2,,,Primera Nacional,2007,zonas,,Fecha 4,,false,https://es.wikipedia.org/wiki/Campeonato_de_Primera_B_Nacional_2007-08 + https://www.worldfootball.net/
2007-09-01,,Atlético de Rafaela,Chacarita Juniors,2,0,,,Primera Nacional,2007,zonas,,Fecha 4,,false,https://es.wikipedia.org/wiki/Campeonato_de_Primera_B_Nacional_2007-08 + https://www.worldfootball.net/
2007-09-01,,Ferro Carril Oeste,Nueva Chicago,1,0,,,Primera Nacional,2007,zonas,,Fecha 4,,false,https://es.wikipedia.org/wiki/Campeonato_de_Primera_B_Nacional_2007-08 + https://www.worldfootball.net/
2007-09-01,,Godoy Cruz,Belgrano,1,0,,,Primera Nacional,2007,zonas,,Fecha 4,,false,https://es.wikipedia.org/wiki/Campeonato_de_Primera_B_Nacional_2007-08 + https://www.worldfootball.net/
2007-09-01,,Tiro Federal,San Martín (T),1,0,,,Primera Nacional,2007,zonas,,Fecha 4,,false,https://es.wikipedia.org/wiki/Campeonato_de_Primera_B_Nacional_2007-08 + https://www.worldfootball.net/
2007-09-01,16:10,Arsenal,Newell's Old Boys,1,0,,,Primera Division - Apertura,2007,zonas,,Fecha 6,El Viaducto,false,https://es.wikipedia.org/wiki/Anexo:Torneo_Apertura_2007_(Argentina)
2007-09-01,18:20,Argentinos Juniors,Colón,2,1,,,Primera Division - Apertura,2007,zonas,,Fecha 6,Diego Armando Maradona,false,https://es.wikipedia.org/wiki/Anexo:Torneo_Apertura_2007_(Argentina)
2007-09-01,19:00,Lanús,Gimnasia y Esgrima (J),2,0,,,Primera Division - Apertura,2007,zonas,,Fecha 6,Ciudad de Lanús,false,https://es.wikipedia.org/wiki/Anexo:Torneo_Apertura_2007_(Argentina)
2007-09-01,21:10,Gimnasia y Esgrima (LP),Independiente,1,0,,,Primera Division - Apertura,2007,zonas,,Fecha 6,Ciudad de La Plata,false,https://es.wikipedia.org/wiki/Anexo:Torneo_Apertura_2007_(Argentina)
2007-09-02,,CAI,Defensa y Justicia,0,1,,,Primera Nacional,2007,zonas,,Fecha 4,,false,https://es.wikipedia.org/wiki/Campeonato_de_Primera_B_Nacional_2007-08 + https://www.worldfootball.net/
2007-09-02,14:00,San Martín (SJ),Estudiantes (LP),1,0,,,Primera Division - Apertura,2007,zonas,,Fecha 6,Ingeniero Hilario Sánchez,false,https://es.wikipedia.org/wiki/Anexo:Torneo_Apertura_2007_(Argentina)
2007-09-02,14:00,Vélez Sarsfield,San Lorenzo,2,0,,,Primera Division - Apertura,2007,zonas,,Fecha 6,José Amalfitani,false,https://es.wikipedia.org/wiki/Anexo:Torneo_Apertura_2007_(Argentina)
2007-09-02,16:10,Racing Club,River Plate,1,1,,,Primera Division - Apertura,2007,zonas,,Fecha 6,El Cilindro,false,https://es.wikipedia.org/wiki/Anexo:Torneo_Apertura_2007_(Argentina)
2007-09-02,18:30,Boca Juniors,Huracán,1,0,,,Primera Division - Apertura,2007,zonas,,Fecha 6,La Bombonera,false,https://es.wikipedia.org/wiki/Anexo:Torneo_Apertura_2007_(Argentina)
2007-09-04,,Platense,Quilmes,1,1,,,Primera Nacional,2007,zonas,,Fecha 4,,false,https://es.wikipedia.org/wiki/Campeonato_de_Primera_B_Nacional_2007-08 + https://www.worldfootball.net/
2007-09-07,,Independiente Rivadavia,Talleres (C),2,1,,,Primera Nacional,2007,zonas,,Fecha 5,,false,https://es.wikipedia.org/wiki/Campeonato_de_Primera_B_Nacional_2007-08 + https://www.worldfootball.net/
2007-09-07,17:00,Gimnasia y Esgrima (J),Tigre,0,2,,,Primera Division - Apertura,2007,zonas,,Fecha 7,23 de agosto,false,https://es.wikipedia.org/wiki/Anexo:Torneo_Apertura_2007_(Argentina)
2007-09-07,19:00,Olimpo,Argentinos Juniors,1,1,,,Primera Division - Apertura,2007,zonas,,Fecha 7,Roberto N. Carminatti,false,https://es.wikipedia.org/wiki/Anexo:Torneo_Apertura_2007_(Argentina)
2007-09-07,21:10,Banfield,Rosario Central,3,2,,,Primera Division - Apertura,2007,zonas,,Fecha 7,Florencio Sola,false,https://es.wikipedia.org/wiki/Anexo:Torneo_Apertura_2007_(Argentina)
2007-09-08,,Ben Hur,Aldosivi,0,0,,,Primera Nacional,2007,zonas,,Fecha 5,,false,https://es.wikipedia.org/wiki/Campeonato_de_Primera_B_Nacional_2007-08 + https://www.worldfootball.net/
2007-09-08,,Chacarita Juniors,Unión,1,0,,,Primera Nacional,2007,zonas,,Fecha 5,,false,https://es.wikipedia.org/wiki/Campeonato_de_Primera_B_Nacional_2007-08 + https://www.worldfootball.net/
2007-09-08,,Instituto,Godoy Cruz,0,2,,,Primera Nacional,2007,zonas,,Fecha 5,,false,https://es.wikipedia.org/wiki/Campeonato_de_Primera_B_Nacional_2007-08 + https://www.worldfootball.net/
2007-09-08,,Quilmes,Almagro,5,0,,,Primera Nacional,2007,zonas,,Fecha 5,,false,https://es.wikipedia.org/wiki/Campeonato_de_Primera_B_Nacional_2007-08 + https://www.worldfootball.net/
2007-09-08,18:20,Huracán,Gimnasia y Esgrima (LP),0,1,,,Primera Division - Apertura,2007,zonas,,Fecha 7,Tomás A. Ducó,false,https://es.wikipedia.org/wiki/Anexo:Torneo_Apertura_2007_(Argentina)
2007-09-08,18:20,Newell's Old Boys,Lanús,0,0,,,Primera Division - Apertura,2007,zonas,,Fecha 7,Coloso del Parque,false,https://es.wikipedia.org/wiki/Anexo:Torneo_Apertura_2007_(Argentina)
2007-09-08,21:10,Independiente,San Martín (SJ),2,2,,,Primera Division - Apertura,2007,zonas,,Fecha 7,El Cilindro,false,https://es.wikipedia.org/wiki/Anexo:Torneo_Apertura_2007_(Argentina)
2007-09-09,,Almirante Brown,CAI,3,0,,,Primera Nacional,2007,zonas,,Fecha 5,,false,https://es.wikipedia.org/wiki/Campeonato_de_Primera_B_Nacional_2007-08 + https://www.worldfootball.net/
2007-09-09,,Belgrano,Atlético de Rafaela,2,0,,,Primera Nacional,2007,zonas,,Fecha 5,,false,https://es.wikipedia.org/wiki/Campeonato_de_Primera_B_Nacional_2007-08 + https://www.worldfootball.net/
2007-09-09,,Defensa y Justicia,Ferro Carril Oeste,1,0,,,Primera Nacional,2007,zonas,,Fecha 5,,false,https://es.wikipedia.org/wiki/Campeonato_de_Primera_B_Nacional_2007-08 + https://www.worldfootball.net/
2007-09-09,14:00,Estudiantes (LP),Racing Club,2,1,,,Primera Division - Apertura,2007,zonas,,Fecha 7,Ciudad de La Plata,false,https://es.wikipedia.org/wiki/Anexo:Torneo_Apertura_2007_(Argentina)
2007-09-09,14:00,San Lorenzo,Arsenal,2,4,,,Primera Division - Apertura,2007,zonas,,Fecha 7,Nuevo Gasómetro,false,https://es.wikipedia.org/wiki/Anexo:Torneo_Apertura_2007_(Argentina)
2007-09-09,16:10,River Plate,Vélez Sarsfield,5,0,,,Primera Division - Apertura,2007,zonas,,Fecha 7,Monumental,false,https://es.wikipedia.org/wiki/Anexo:Torneo_Apertura_2007_(Argentina)
2007-09-09,18:30,Colón,Boca Juniors,1,0,,,Primera Division - Apertura,2007,zonas,,Fecha 7,Brigadier Estanislao López,false,https://es.wikipedia.org/wiki/Anexo:Torneo_Apertura_2007_(Argentina)
2007-09-11,,Nueva Chicago,Tiro Federal,1,0,,,Primera Nacional,2007,zonas,,Fecha 5,,false,https://es.wikipedia.org/wiki/Campeonato_de_Primera_B_Nacional_2007-08 + https://www.worldfootball.net/
2007-09-11,,San Martín (T),Platense,2,2,,,Primera Nacional,2007,zonas,,Fecha 5,,false,https://es.wikipedia.org/wiki/Campeonato_de_Primera_B_Nacional_2007-08 + https://www.worldfootball.net/
2007-09-11,15:00,Tigre,Newell's Old Boys,2,2,,,Primera Division - Apertura,2007,zonas,,Fecha 8,Monumental de Victoria,false,https://es.wikipedia.org/wiki/Anexo:Torneo_Apertura_2007_(Argentina)
2007-09-11,17:10,Rosario Central,Gimnasia y Esgrima (J),1,1,,,Primera Division - Apertura,2007,zonas,,Fecha 8,Gigante de Arroyito,false,https://es.wikipedia.org/wiki/Anexo:Torneo_Apertura_2007_(Argentina)
2007-09-11,19:20,Argentinos Juniors,Banfield,2,0,,,Primera Division - Apertura,2007,zonas,,Fecha 8,Diego Armando Maradona,false,https://es.wikipedia.org/wiki/Anexo:Torneo_Apertura_2007_(Argentina)
2007-09-11,21:30,Independiente,Huracán,3,0,,,Primera Division - Apertura,2007,zonas,,Fecha 8,El Cilindro,false,https://es.wikipedia.org/wiki/Anexo:Torneo_Apertura_2007_(Argentina)
2007-09-12,15:00,Arsenal,River Plate,2,1,,,Primera Division - Apertura,2007,zonas,,Fecha 8,El Viaducto,false,https://es.wikipedia.org/wiki/Anexo:Torneo_Apertura_2007_(Argentina)
2007-09-12,15:00,San Martín (SJ),Racing Club,0,2,,,Primera Division - Apertura,2007,zonas,,Fecha 8,Ingeniero Hilario Sánchez,false,https://es.wikipedia.org/wiki/Anexo:Torneo_Apertura_2007_(Argentina)
2007-09-12,17:10,Boca Juniors,Olimpo,2,0,,,Primera Division - Apertura,2007,zonas,,Fecha 8,La Bombonera,false,https://es.wikipedia.org/wiki/Anexo:Torneo_Apertura_2007_(Argentina)
2007-09-12,17:10,Vélez Sarsfield,Estudiantes (LP),1,0,,,Primera Division - Apertura,2007,zonas,,Fecha 8,José Amalfitani,false,https://es.wikipedia.org/wiki/Anexo:Torneo_Apertura_2007_(Argentina)
2007-09-12,19:30,Gimnasia y Esgrima (LP),Colón,2,0,,,Primera Division - Apertura,2007,zonas,,Fecha 8,Ciudad de La Plata,false,https://es.wikipedia.org/wiki/Anexo:Torneo_Apertura_2007_(Argentina)
2007-09-12,19:30,Lanús,San Lorenzo,4,3,,,Primera Division - Apertura,2007,zonas,,Fecha 8,Ciudad de Lanús,false,https://es.wikipedia.org/wiki/Anexo:Torneo_Apertura_2007_(Argentina)
2007-09-14,,Talleres (C),Ben Hur,3,1,,,Primera Nacional,2007,zonas,,Fecha 6,,false,https://es.wikipedia.org/wiki/Campeonato_de_Primera_B_Nacional_2007-08 + https://www.worldfootball.net/
2007-09-15,,Aldosivi,Quilmes,0,0,,,Primera Nacional,2007,zonas,,Fecha 6,,false,https://es.wikipedia.org/wiki/Campeonato_de_Primera_B_Nacional_2007-08 + https://www.worldfootball.net/
2007-09-15,,Almagro,San Martín (T),1,4,,,Primera Nacional,2007,zonas,,Fecha 6,,false,https://es.wikipedia.org/wiki/Campeonato_de_Primera_B_Nacional_2007-08 + https://www.worldfootball.net/
2007-09-15,,CAI,Chacarita Juniors,1,3,,,Primera Nacional,2007,zonas,,Fecha 6,,false,https://es.wikipedia.org/wiki/Campeonato_de_Primera_B_Nacional_2007-08 + https://www.worldfootball.net/
2007-09-15,,Ferro Carril Oeste,Almirante Brown,0,0,,,Primera Nacional,2007,zonas,,Fecha 6,,false,https://es.wikipedia.org/wiki/Campeonato_de_Primera_B_Nacional_2007-08 + https://www.worldfootball.net/
2007-09-15,,Independiente Rivadavia,Instituto,1,1,,,Primera Nacional,2007,zonas,,Fecha 6,,false,https://es.wikipedia.org/wiki/Campeonato_de_Primera_B_Nacional_2007-08 + https://www.worldfootball.net/
2007-09-15,,Platense,Nueva Chicago,3,3,,,Primera Nacional,2007,zonas,,Fecha 6,,false,https://es.wikipedia.org/wiki/Campeonato_de_Primera_B_Nacional_2007-08 + https://www.worldfootball.net/
2007-09-15,,Tiro Federal,Defensa y Justicia,1,2,,,Primera Nacional,2007,zonas,,Fecha 6,,false,https://es.wikipedia.org/wiki/Campeonato_de_Primera_B_Nacional_2007-08 + https://www.worldfootball.net/
2007-09-15,14:00,Gimnasia y Esgrima (J),Argentinos Juniors,1,1,,,Primera Division - Apertura,2007,zonas,,Fecha 9,23 de agosto,false,https://es.wikipedia.org/wiki/Anexo:Torneo_Apertura_2007_(Argentina)
2007-09-15,16:10,Colón,Independiente,1,3,,,Primera Division - Apertura,2007,zonas,,Fecha 9,Brigadier Estanislao López,false,https://es.wikipedia.org/wiki/Anexo:Torneo_Apertura_2007_(Argentina)
2007-09-15,16:10,Olimpo,Gimnasia y Esgrima (LP),0,0,,,Primera Division - Apertura,2007,zonas,,Fecha 9,Roberto N. Carminatti,false,https://es.wikipedia.org/wiki/Anexo:Torneo_Apertura_2007_(Argentina)
2007-09-15,18:20,Estudiantes (LP),Arsenal,1,1,,,Primera Division - Apertura,2007,zonas,,Fecha 9,Ciudad de La Plata,false,https://es.wikipedia.org/wiki/Anexo:Torneo_Apertura_2007_(Argentina)
2007-09-15,18:20,Huracán,San Martín (SJ),2,1,,,Primera Division - Apertura,2007,zonas,,Fecha 9,Tomás A. Ducó,false,https://es.wikipedia.org/wiki/Anexo:Torneo_Apertura_2007_(Argentina)
2007-09-15,21:10,Racing Club,Vélez Sarsfield,1,0,,,Primera Division - Apertura,2007,zonas,,Fecha 9,El Cilindro,false,https://es.wikipedia.org/wiki/Anexo:Torneo_Apertura_2007_(Argentina)
2007-09-16,,Atlético de Rafaela,Godoy Cruz,1,0,,,Primera Nacional,2007,zonas,,Fecha 6,,false,https://es.wikipedia.org/wiki/Campeonato_de_Primera_B_Nacional_2007-08 + https://www.worldfootball.net/
2007-09-16,14:00,Newell's Old Boys,Rosario Central,0,1,,,Primera Division - Apertura,2007,zonas,,Fecha 9,Coloso del Parque,false,https://es.wikipedia.org/wiki/Anexo:Torneo_Apertura_2007_(Argentina)
2007-09-16,14:00,San Lorenzo,Tigre,2,1,,,Primera Division - Apertura,2007,zonas,,Fecha 9,Nuevo Gasómetro,false,https://es.wikipedia.org/wiki/Anexo:Torneo_Apertura_2007_(Argentina)
2007-09-16,16:10,River Plate,Lanús,3,1,,,Primera Division - Apertura,2007,zonas,,Fecha 9,Monumental,false,https://es.wikipedia.org/wiki/Anexo:Torneo_Apertura_2007_(Argentina)
2007-09-16,18:30,Banfield,Boca Juniors,0,6,,,Primera Division - Apertura,2007,zonas,,Fecha 9,Florencio Sola,false,https://es.wikipedia.org/wiki/Anexo:Torneo_Apertura_2007_(Argentina)
2007-09-18,,Unión,Belgrano,1,0,,,Primera Nacional,2007,zonas,,Fecha 6,,false,https://es.wikipedia.org/wiki/Campeonato_de_Primera_B_Nacional_2007-08 + https://www.worldfootball.net/
2007-09-20,,Ben Hur,Ferro Carril Oeste,2,2,,,Primera Nacional,2007,zonas,,Fecha 1,,false,https://es.wikipedia.org/wiki/Campeonato_de_Primera_B_Nacional_2007-08 + https://www.worldfootball.net/
2007-09-21,,Nueva Chicago,Almagro,0,1,,,Primera Nacional,2007,zonas,,Fecha 7,,false,https://es.wikipedia.org/wiki/Campeonato_de_Primera_B_Nacional_2007-08 + https://www.worldfootball.net/
2007-09-21,19:00,Huracán,Colón,2,2,,,Primera Division - Apertura,2007,zonas,,Fecha 10,Tomás A. Ducó,false,https://es.wikipedia.org/wiki/Anexo:Torneo_Apertura_2007_(Argentina)
2007-09-21,21:10,Rosario Central,San Lorenzo,1,3,,,Primera Division - Apertura,2007,zonas,,Fecha 10,Gigante de Arroyito,false,https://es.wikipedia.org/wiki/Anexo:Torneo_Apertura_2007_(Argentina)
2007-09-22,,Defensa y Justicia,Platense,0,2,,,Primera Nacional,2007,zonas,,Fecha 7,,false,https://es.wikipedia.org/wiki/Campeonato_de_Primera_B_Nacional_2007-08 + https://www.worldfootball.net/
2007-09-22,,Godoy Cruz,Unión,0,1,,,Primera Nacional,2007,zonas,,Fecha 7,,false,https://es.wikipedia.org/wiki/Campeonato_de_Primera_B_Nacional_2007-08 + https://www.worldfootball.net/
2007-09-22,,Instituto,Atlético de Rafaela,0,0,,,Primera Nacional,2007,zonas,,Fecha 7,,false,https://es.wikipedia.org/wiki/Campeonato_de_Primera_B_Nacional_2007-08 + https://www.worldfootball.net/
2007-09-22,,Quilmes,Talleres (C),1,0,,,Primera Nacional,2007,zonas,,Fecha 7,,false,https://es.wikipedia.org/wiki/Campeonato_de_Primera_B_Nacional_2007-08 + https://www.worldfootball.net/
2007-09-22,16:10,Gimnasia y Esgrima (LP),Banfield,0,1,,,Primera Division - Apertura,2007,zonas,,Fecha 10,Ciudad de La Plata,false,https://es.wikipedia.org/wiki/Anexo:Torneo_Apertura_2007_(Argentina)
2007-09-22,18:20,Argentinos Juniors,Newell's Old Boys,4,0,,,Primera Division - Apertura,2007,zonas,,Fecha 10,Diego Armando Maradona,false,https://es.wikipedia.org/wiki/Anexo:Torneo_Apertura_2007_(Argentina)
2007-09-22,18:20,San Martín (SJ),Vélez Sarsfield,3,2,,,Primera Division - Apertura,2007,zonas,,Fecha 10,Ingeniero Hilario Sánchez,false,https://es.wikipedia.org/wiki/Anexo:Torneo_Apertura_2007_(Argentina)
2007-09-22,21:10,Independiente,Olimpo,3,0,,,Primera Division - Apertura,2007,zonas,,Fecha 10,El Cilindro,false,https://es.wikipedia.org/wiki/Anexo:Torneo_Apertura_2007_(Argentina)
2007-09-23,,Almirante Brown,Tiro Federal,0,1,,,Primera Nacional,2007,zonas,,Fecha 7,,false,https://es.wikipedia.org/wiki/Campeonato_de_Primera_B_Nacional_2007-08 + https://www.worldfootball.net/
2007-09-23,,Belgrano,CAI,3,0,,,Primera Nacional,2007,zonas,,Fecha 7,,false,https://es.wikipedia.org/wiki/Campeonato_de_Primera_B_Nacional_2007-08 + https://www.worldfootball.net/
2007-09-23,,San Martín (T),Aldosivi,1,0,,,Primera Nacional,2007,zonas,,Fecha 7,,false,https://es.wikipedia.org/wiki/Campeonato_de_Primera_B_Nacional_2007-08 + https://www.worldfootball.net/
2007-09-23,11:00,Tigre,River Plate,4,1,,,Primera Division - Apertura,2007,zonas,,Fecha 10,Monumental de Victoria,false,https://es.wikipedia.org/wiki/Anexo:Torneo_Apertura_2007_(Argentina)
2007-09-23,16:10,Boca Juniors,Gimnasia y Esgrima (J),2,2,,,Primera Division - Apertura,2007,zonas,,Fecha 10,La Bombonera,false,https://es.wikipedia.org/wiki/Anexo:Torneo_Apertura_2007_(Argentina)
2007-09-23,18:30,Lanús,Estudiantes (LP),1,0,,,Primera Division - Apertura,2007,zonas,,Fecha 10,Ciudad de Lanús,false,https://es.wikipedia.org/wiki/Anexo:Torneo_Apertura_2007_(Argentina)
2007-09-23,19:10,Arsenal,Racing Club,0,1,,,Primera Division - Apertura,2007,zonas,,Fecha 10,El Viaducto,false,https://es.wikipedia.org/wiki/Anexo:Torneo_Apertura_2007_(Argentina)
2007-09-25,,Ben Hur,Independiente Rivadavia,0,1,,,Primera Nacional,2007,zonas,,Fecha 7,,false,https://es.wikipedia.org/wiki/Campeonato_de_Primera_B_Nacional_2007-08 + https://www.worldfootball.net/
2007-09-25,,Chacarita Juniors,Ferro Carril Oeste,1,1,,,Primera Nacional,2007,zonas,,Fecha 7,,false,https://es.wikipedia.org/wiki/Campeonato_de_Primera_B_Nacional_2007-08 + https://www.worldfootball.net/
2007-09-28,,Platense,Almirante Brown,0,1,,,Primera Nacional,2007,zonas,,Fecha 8,,false,https://es.wikipedia.org/wiki/Campeonato_de_Primera_B_Nacional_2007-08 + https://www.worldfootball.net/
2007-09-28,19:00,Olimpo,Huracán,3,1,,,Primera Division - Apertura,2007,zonas,,Fecha 11,Roberto N. Carminatti,false,https://es.wikipedia.org/wiki/Anexo:Torneo_Apertura_2007_(Argentina)
2007-09-28,21:10,Estudiantes (LP),Tigre,2,2,,,Primera Division - Apertura,2007,zonas,,Fecha 11,Ciudad de La Plata,false,https://es.wikipedia.org/wiki/Anexo:Torneo_Apertura_2007_(Argentina)
2007-09-29,,Aldosivi,Nueva Chicago,2,2,,,Primera Nacional,2007,zonas,,Fecha 8,,false,https://es.wikipedia.org/wiki/Campeonato_de_Primera_B_Nacional_2007-08 + https://www.worldfootball.net/
2007-09-29,,Almagro,Defensa y Justicia,0,0,,,Primera Nacional,2007,zonas,,Fecha 8,,false,https://es.wikipedia.org/wiki/Campeonato_de_Primera_B_Nacional_2007-08 + https://www.worldfootball.net/
2007-09-29,,Ben Hur,Instituto,0,1,,,Primera Nacional,2007,zonas,,Fecha 8,,false,https://es.wikipedia.org/wiki/Campeonato_de_Primera_B_Nacional_2007-08 + https://www.worldfootball.net/
2007-09-29,,CAI,Godoy Cruz,1,0,,,Primera Nacional,2007,zonas,,Fecha 8,,false,https://es.wikipedia.org/wiki/Campeonato_de_Primera_B_Nacional_2007-08 + https://www.worldfootball.net/
2007-09-29,,Ferro Carril Oeste,Belgrano,0,0,,,Primera Nacional,2007,zonas,,Fecha 8,,false,https://es.wikipedia.org/wiki/Campeonato_de_Primera_B_Nacional_2007-08 + https://www.worldfootball.net/
2007-09-29,,Tiro Federal,Chacarita Juniors,3,0,,,Primera Nacional,2007,zonas,,Fecha 8,,false,https://es.wikipedia.org/wiki/Campeonato_de_Primera_B_Nacional_2007-08 + https://www.worldfootball.net/
2007-09-29,16:10,Gimnasia y Esgrima (J),Gimnasia y Esgrima (LP),4,0,,,Primera Division - Apertura,2007,zonas,,Fecha 11,23 de agosto,false,https://es.wikipedia.org/wiki/Anexo:Torneo_Apertura_2007_(Argentina)
2007-09-29,18:20,Colón,San Martín (SJ),1,1,,,Primera Division - Apertura,2007,zonas,,Fecha 11,Brigadier Estanislao López,false,https://es.wikipedia.org/wiki/Anexo:Torneo_Apertura_2007_(Argentina)
2007-09-29,18:20,Vélez Sarsfield,Arsenal,0,0,,,Primera Division - Apertura,2007,zonas,,Fecha 11,José Amalfitani,false,https://es.wikipedia.org/wiki/Anexo:Torneo_Apertura_2007_(Argentina)
2007-09-29,21:10,Banfield,Independiente,2,0,,,Primera Division - Apertura,2007,zonas,,Fecha 11,Florencio Sola,false,https://es.wikipedia.org/wiki/Anexo:Torneo_Apertura_2007_(Argentina)
2007-09-30,,Talleres (C),San Martín (T),1,1,,,Primera Nacional,2007,zonas,,Fecha 8,,false,https://es.wikipedia.org/wiki/Campeonato_de_Primera_B_Nacional_2007-08 + https://www.worldfootball.net/
2007-09-30,,Unión,Atlético de Rafaela,0,1,,,Primera Nacional,2007,zonas,,Fecha 8,,false,https://es.wikipedia.org/wiki/Campeonato_de_Primera_B_Nacional_2007-08 + https://www.worldfootball.net/
2007-09-30,14:30,River Plate,Rosario Central,3,3,,,Primera Division - Apertura,2007,zonas,,Fecha 11,Monumental,false,https://es.wikipedia.org/wiki/Anexo:Torneo_Apertura_2007_(Argentina)
2007-09-30,16:45,Racing Club,Lanús,1,1,,,Primera Division - Apertura,2007,zonas,,Fecha 11,El Cilindro,false,https://es.wikipedia.org/wiki/Anexo:Torneo_Apertura_2007_(Argentina)
2007-09-30,16:45,San Lorenzo,Argentinos Juniors,2,1,,,Primera Division - Apertura,2007,zonas,,Fecha 11,Nuevo Gasómetro,false,https://es.wikipedia.org/wiki/Anexo:Torneo_Apertura_2007_(Argentina)
2007-09-30,19:00,Newell's Old Boys,Boca Juniors,1,0,,,Primera Division - Apertura,2007,zonas,,Fecha 11,Coloso del Parque,false,https://es.wikipedia.org/wiki/Anexo:Torneo_Apertura_2007_(Argentina)
2007-10-02,,Independiente Rivadavia,Quilmes,1,2,,,Primera Nacional,2007,zonas,,Fecha 8,,false,https://es.wikipedia.org/wiki/Campeonato_de_Primera_B_Nacional_2007-08 + https://www.worldfootball.net/
2007-10-02,17:10,Colón,Olimpo,3,0,,,Primera Division - Apertura,2007,zonas,,Fecha 12,Brigadier Estanislao López,false,https://es.wikipedia.org/wiki/Anexo:Torneo_Apertura_2007_(Argentina)
2007-10-02,19:20,Independiente,Gimnasia y Esgrima (J),3,0,,,Primera Division - Apertura,2007,zonas,,Fecha 12,El Cilindro,false,https://es.wikipedia.org/wiki/Anexo:Torneo_Apertura_2007_(Argentina)
2007-10-02,21:30,Huracán,Banfield,1,0,,,Primera Division - Apertura,2007,zonas,,Fecha 12,Tomás A. Ducó,false,https://es.wikipedia.org/wiki/Anexo:Torneo_Apertura_2007_(Argentina)
2007-10-03,14:20,Argentinos Juniors,River Plate,4,1,,,Primera Division - Apertura,2007,zonas,,Fecha 12,Diego Armando Maradona,false,https://es.wikipedia.org/wiki/Anexo:Torneo_Apertura_2007_(Argentina)
2007-10-03,15:00,Lanús,Vélez Sarsfield,2,1,,,Primera Division - Apertura,2007,zonas,,Fecha 12,Ciudad de Lanús,false,https://es.wikipedia.org/wiki/Anexo:Torneo_Apertura_2007_(Argentina)
2007-10-03,16:30,Boca Juniors,San Lorenzo,2,0,,,Primera Division - Apertura,2007,zonas,,Fecha 12,La Bombonera,false,https://es.wikipedia.org/wiki/Anexo:Torneo_Apertura_2007_(Argentina)
2007-10-03,17:10,Rosario Central,Estudiantes (LP),2,2,,,Primera Division - Apertura,2007,zonas,,Fecha 12,Gigante de Arroyito,false,https://es.wikipedia.org/wiki/Anexo:Torneo_Apertura_2007_(Argentina)
2007-10-03,19:00,San Martín (SJ),Arsenal,1,1,,,Primera Division - Apertura,2007,zonas,,Fecha 12,Ingeniero Hilario Sánchez,false,https://es.wikipedia.org/wiki/Anexo:Torneo_Apertura_2007_(Argentina)
2007-10-03,19:30,Tigre,Racing Club,3,2,,,Primera Division - Apertura,2007,zonas,,Fecha 12,Monumental de Victoria,false,https://es.wikipedia.org/wiki/Anexo:Torneo_Apertura_2007_(Argentina)
2007-10-05,,Godoy Cruz,Ferro Carril Oeste,3,2,,,Primera Nacional,2007,zonas,,Fecha 9,,false,https://es.wikipedia.org/wiki/Campeonato_de_Primera_B_Nacional_2007-08 + https://www.worldfootball.net/
2007-10-05,15:10,Gimnasia y Esgrima (J),Huracán,2,0,,,Primera Division - Apertura,2007,zonas,,Fecha 13,23 de agosto,false,https://es.wikipedia.org/wiki/Anexo:Torneo_Apertura_2007_(Argentina)
2007-10-05,21:10,Banfield,Colón,3,1,,,Primera Division - Apertura,2007,zonas,,Fecha 13,Florencio Sola,false,https://es.wikipedia.org/wiki/Anexo:Torneo_Apertura_2007_(Argentina)
2007-10-06,,Almirante Brown,Almagro,2,0,,,Primera Nacional,2007,zonas,,Fecha 9,,false,https://es.wikipedia.org/wiki/Campeonato_de_Primera_B_Nacional_2007-08 + https://www.worldfootball.net/
2007-10-06,,Atlético de Rafaela,CAI,1,2,,,Primera Nacional,2007,zonas,,Fecha 9,,false,https://es.wikipedia.org/wiki/Campeonato_de_Primera_B_Nacional_2007-08 + https://www.worldfootball.net/
2007-10-06,,Chacarita Juniors,Platense,1,1,,,Primera Nacional,2007,zonas,,Fecha 9,,false,https://es.wikipedia.org/wiki/Campeonato_de_Primera_B_Nacional_2007-08 + https://www.worldfootball.net/
2007-10-06,,Defensa y Justicia,Aldosivi,2,1,,,Primera Nacional,2007,zonas,,Fecha 9,,false,https://es.wikipedia.org/wiki/Campeonato_de_Primera_B_Nacional_2007-08 + https://www.worldfootball.net/
2007-10-06,,Instituto,Unión,2,1,,,Primera Nacional,2007,zonas,,Fecha 9,,false,https://es.wikipedia.org/wiki/Campeonato_de_Primera_B_Nacional_2007-08 + https://www.worldfootball.net/
2007-10-06,,Nueva Chicago,Talleres (C),1,1,,,Primera Nacional,2007,zonas,,Fecha 9,,false,https://es.wikipedia.org/wiki/Campeonato_de_Primera_B_Nacional_2007-08 + https://www.worldfootball.net/
2007-10-06,16:10,Olimpo,San Martín (SJ),2,1,,,Primera Division - Apertura,2007,zonas,,Fecha 13,Roberto N. Carminatti,false,https://es.wikipedia.org/wiki/Anexo:Torneo_Apertura_2007_(Argentina)
2007-10-06,18:20,Racing Club,Rosario Central,2,2,,,Primera Division - Apertura,2007,zonas,,Fecha 13,El Cilindro,false,https://es.wikipedia.org/wiki/Anexo:Torneo_Apertura_2007_(Argentina)
2007-10-06,18:20,Vélez Sarsfield,Tigre,1,1,,,Primera Division - Apertura,2007,zonas,,Fecha 13,José Amalfitani,false,https://es.wikipedia.org/wiki/Anexo:Torneo_Apertura_2007_(Argentina)
2007-10-06,21:10,San Lorenzo,Gimnasia y Esgrima (LP),1,1,,,Primera Division - Apertura,2007,zonas,,Fecha 13,Nuevo Gasómetro,false,https://es.wikipedia.org/wiki/Anexo:Torneo_Apertura_2007_(Argentina)
2007-10-07,,Belgrano,Tiro Federal,1,0,,,Primera Nacional,2007,zonas,,Fecha 9,,false,https://es.wikipedia.org/wiki/Campeonato_de_Primera_B_Nacional_2007-08 + https://www.worldfootball.net/
2007-10-07,,San Martín (T),Independiente Rivadavia,1,0,,,Primera Nacional,2007,zonas,,Fecha 9,,false,https://es.wikipedia.org/wiki/Campeonato_de_Primera_B_Nacional_2007-08 + https://www.worldfootball.net/
2007-10-07,14:00,River Plate,Boca Juniors,2,0,,,Primera Division - Apertura,2007,zonas,,Fecha 13,Monumental,false,https://es.wikipedia.org/wiki/Anexo:Torneo_Apertura_2007_(Argentina)
2007-10-07,17:20,Newell's Old Boys,Independiente,2,1,,,Primera Division - Apertura,2007,zonas,,Fecha 13,Coloso del Parque,false,https://es.wikipedia.org/wiki/Anexo:Torneo_Apertura_2007_(Argentina)
2007-10-07,19:30,Arsenal,Lanús,0,1,,,Primera Division - Apertura,2007,zonas,,Fecha 13,El Viaducto,false,https://es.wikipedia.org/wiki/Anexo:Torneo_Apertura_2007_(Argentina)
2007-10-07,19:30,Estudiantes (LP),Argentinos Juniors,3,0,,,Primera Division - Apertura,2007,zonas,,Fecha 13,Ciudad de La Plata,false,https://es.wikipedia.org/wiki/Anexo:Torneo_Apertura_2007_(Argentina)
2007-10-09,,Quilmes,Ben Hur,1,1,,,Primera Nacional,2007,zonas,,Fecha 9,,false,https://es.wikipedia.org/wiki/Campeonato_de_Primera_B_Nacional_2007-08 + https://www.worldfootball.net/
2007-10-12,,Ferro Carril Oeste,Atlético de Rafaela,4,2,,,Primera Nacional,2007,zonas,,Fecha 10,,false,https://es.wikipedia.org/wiki/Campeonato_de_Primera_B_Nacional_2007-08 + https://www.worldfootball.net/
2007-10-13,,Ben Hur,San Martín (T),0,1,,,Primera Nacional,2007,zonas,,Fecha 10,,false,https://es.wikipedia.org/wiki/Campeonato_de_Primera_B_Nacional_2007-08 + https://www.worldfootball.net/
2007-10-13,,Talleres (C),Defensa y Justicia,2,0,,,Primera Nacional,2007,zonas,,Fecha 10,,false,https://es.wikipedia.org/wiki/Campeonato_de_Primera_B_Nacional_2007-08 + https://www.worldfootball.net/
2007-10-14,,Aldosivi,Almirante Brown,1,0,,,Primera Nacional,2007,zonas,,Fecha 10,,false,https://es.wikipedia.org/wiki/Campeonato_de_Primera_B_Nacional_2007-08 + https://www.worldfootball.net/
2007-10-14,,CAI,Unión,2,2,,,Primera Nacional,2007,zonas,,Fecha 10,,false,https://es.wikipedia.org/wiki/Campeonato_de_Primera_B_Nacional_2007-08 + https://www.worldfootball.net/
2007-10-14,,Platense,Belgrano,1,1,,,Primera Nacional,2007,zonas,,Fecha 10,,false,https://es.wikipedia.org/wiki/Campeonato_de_Primera_B_Nacional_2007-08 + https://www.worldfootball.net/
2007-10-14,,Quilmes,Instituto,2,0,,,Primera Nacional,2007,zonas,,Fecha 10,,false,https://es.wikipedia.org/wiki/Campeonato_de_Primera_B_Nacional_2007-08 + https://www.worldfootball.net/
2007-10-14,,Tiro Federal,Godoy Cruz,0,2,,,Primera Nacional,2007,zonas,,Fecha 10,,false,https://es.wikipedia.org/wiki/Campeonato_de_Primera_B_Nacional_2007-08 + https://www.worldfootball.net/
2007-10-16,,Almagro,Chacarita Juniors,0,1,,,Primera Nacional,2007,zonas,,Fecha 10,,false,https://es.wikipedia.org/wiki/Campeonato_de_Primera_B_Nacional_2007-08 + https://www.worldfootball.net/
2007-10-19,,San Martín (T),Quilmes,1,0,,,Primera Nacional,2007,zonas,,Fecha 11,,false,https://es.wikipedia.org/wiki/Campeonato_de_Primera_B_Nacional_2007-08 + https://www.worldfootball.net/
2007-10-19,19:00,Tigre,Arsenal,2,0,,,Primera Division - Apertura,2007,zonas,,Fecha 14,Monumental de Victoria,false,https://es.wikipedia.org/wiki/Anexo:Torneo_Apertura_2007_(Argentina)
2007-10-19,21:10,Lanús,San Martín (SJ),2,0,,,Primera Division - Apertura,2007,zonas,,Fecha 14,Ciudad de Lanús,false,https://es.wikipedia.org/wiki/Anexo:Torneo_Apertura_2007_(Argentina)
2007-10-20,,Almirante Brown,Talleres (C),4,0,,,Primera Nacional,2007,zonas,,Fecha 11,,false,https://es.wikipedia.org/wiki/Campeonato_de_Primera_B_Nacional_2007-08 + https://www.worldfootball.net/
2007-10-20,,Belgrano,Almagro,2,0,,,Primera Nacional,2007,zonas,,Fecha 11,,false,https://es.wikipedia.org/wiki/Campeonato_de_Primera_B_Nacional_2007-08 + https://www.worldfootball.net/
2007-10-20,,Defensa y Justicia,Independiente Rivadavia,0,1,,,Primera Nacional,2007,zonas,,Fecha 11,,false,https://es.wikipedia.org/wiki/Campeonato_de_Primera_B_Nacional_2007-08 + https://www.worldfootball.net/
2007-10-20,,Instituto,CAI,1,3,,,Primera Nacional,2007,zonas,,Fecha 11,,false,https://es.wikipedia.org/wiki/Campeonato_de_Primera_B_Nacional_2007-08 + https://www.worldfootball.net/
2007-10-20,,Nueva Chicago,Ben Hur,1,0,,,Primera Nacional,2007,zonas,,Fecha 11,,false,https://es.wikipedia.org/wiki/Campeonato_de_Primera_B_Nacional_2007-08 + https://www.worldfootball.net/
2007-10-20,16:10,Olimpo,Banfield,1,1,,,Primera Division - Apertura,2007,zonas,,Fecha 14,Roberto N. Carminatti,false,https://es.wikipedia.org/wiki/Anexo:Torneo_Apertura_2007_(Argentina)
2007-10-20,18:20,Colón,Gimnasia y Esgrima (J),0,1,,,Primera Division - Apertura,2007,zonas,,Fecha 14,Brigadier Estanislao López,false,https://es.wikipedia.org/wiki/Anexo:Torneo_Apertura_2007_(Argentina)
2007-10-20,18:20,Rosario Central,Vélez Sarsfield,0,2,,,Primera Division - Apertura,2007,zonas,,Fecha 14,Gigante de Arroyito,false,https://es.wikipedia.org/wiki/Anexo:Torneo_Apertura_2007_(Argentina)
2007-10-20,21:10,Argentinos Juniors,Racing Club,1,0,,,Primera Division - Apertura,2007,zonas,,Fecha 14,Diego Armando Maradona,false,https://es.wikipedia.org/wiki/Anexo:Torneo_Apertura_2007_(Argentina)
2007-10-21,,Chacarita Juniors,Aldosivi,0,0,,,Primera Nacional,2007,zonas,,Fecha 11,,false,https://es.wikipedia.org/wiki/Campeonato_de_Primera_B_Nacional_2007-08 + https://www.worldfootball.net/
2007-10-21,,Godoy Cruz,Platense,1,1,,,Primera Nacional,2007,zonas,,Fecha 11,,false,https://es.wikipedia.org/wiki/Campeonato_de_Primera_B_Nacional_2007-08 + https://www.worldfootball.net/
2007-10-21,,Unión,Ferro Carril Oeste,4,3,,,Primera Nacional,2007,zonas,,Fecha 11,,false,https://es.wikipedia.org/wiki/Campeonato_de_Primera_B_Nacional_2007-08 + https://www.worldfootball.net/
2007-10-21,14:00,Gimnasia y Esgrima (LP),River Plate,0,2,,,Primera Division - Apertura,2007,zonas,,Fecha 14,Ciudad de La Plata,false,https://es.wikipedia.org/wiki/Anexo:Torneo_Apertura_2007_(Argentina)
2007-10-21,14:00,Huracán,Newell's Old Boys,3,1,,,Primera Division - Apertura,2007,zonas,,Fecha 14,José Amalfitani,false,https://es.wikipedia.org/wiki/Anexo:Torneo_Apertura_2007_(Argentina)
2007-10-21,16:10,Boca Juniors,Estudiantes (LP),1,1,,,Primera Division - Apertura,2007,zonas,,Fecha 14,La Bombonera,false,https://es.wikipedia.org/wiki/Anexo:Torneo_Apertura_2007_(Argentina)
2007-10-21,18:30,Independiente,San Lorenzo,1,2,,,Primera Division - Apertura,2007,zonas,,Fecha 14,El Cilindro,false,https://es.wikipedia.org/wiki/Anexo:Torneo_Apertura_2007_(Argentina)
2007-10-22,,Atlético de Rafaela,Tiro Federal,1,1,,,Primera Nacional,2007,zonas,,Fecha 11,,false,https://es.wikipedia.org/wiki/Campeonato_de_Primera_B_Nacional_2007-08 + https://www.worldfootball.net/
2007-10-26,,Almagro,Godoy Cruz,3,2,,,Primera Nacional,2007,zonas,,Fecha 12,,false,https://es.wikipedia.org/wiki/Campeonato_de_Primera_B_Nacional_2007-08 + https://www.worldfootball.net/
2007-10-26,,Ferro Carril Oeste,CAI,1,0,,,Primera Nacional,2007,zonas,,Fecha 12,,false,https://es.wikipedia.org/wiki/Campeonato_de_Primera_B_Nacional_2007-08 + https://www.worldfootball.net/
2007-10-26,,Platense,Atlético de Rafaela,2,0,,,Primera Nacional,2007,zonas,,Fecha 12,,false,https://es.wikipedia.org/wiki/Campeonato_de_Primera_B_Nacional_2007-08 + https://www.worldfootball.net/
2007-10-26,,Tiro Federal,Unión,1,2,,,Primera Nacional,2007,zonas,,Fecha 12,,false,https://es.wikipedia.org/wiki/Campeonato_de_Primera_B_Nacional_2007-08 + https://www.worldfootball.net/
2007-10-26,21:10,Gimnasia y Esgrima (LP),Newell's Old Boys,2,0,,,Primera Division - Apertura,2007,zonas,,Fecha 12,Ciudad de La Plata,false,https://es.wikipedia.org/wiki/Anexo:Torneo_Apertura_2007_(Argentina)
2007-10-27,,Aldosivi,Belgrano,2,0,,,Primera Nacional,2007,zonas,,Fecha 12,,false,https://es.wikipedia.org/wiki/Campeonato_de_Primera_B_Nacional_2007-08 + https://www.worldfootball.net/
2007-10-27,,Ben Hur,Defensa y Justicia,0,0,,,Primera Nacional,2007,zonas,,Fecha 12,,false,https://es.wikipedia.org/wiki/Campeonato_de_Primera_B_Nacional_2007-08 + https://www.worldfootball.net/
2007-10-27,,Independiente Rivadavia,Almirante Brown,1,2,,,Primera Nacional,2007,zonas,,Fecha 12,,false,https://es.wikipedia.org/wiki/Campeonato_de_Primera_B_Nacional_2007-08 + https://www.worldfootball.net/
2007-10-27,,Quilmes,Nueva Chicago,1,3,,,Primera Nacional,2007,zonas,,Fecha 12,,false,https://es.wikipedia.org/wiki/Campeonato_de_Primera_B_Nacional_2007-08 + https://www.worldfootball.net/
2007-10-27,,San Martín (T),Instituto,2,0,,,Primera Nacional,2007,zonas,,Fecha 12,,false,https://es.wikipedia.org/wiki/Campeonato_de_Primera_B_Nacional_2007-08 + https://www.worldfootball.net/
2007-10-30,,Talleres (C),Chacarita Juniors,1,2,,,Primera Nacional,2007,zonas,,Fecha 12,,false,https://es.wikipedia.org/wiki/Campeonato_de_Primera_B_Nacional_2007-08 + https://www.worldfootball.net/
2007-11-02,,Nueva Chicago,San Martín (T),1,0,,,Primera Nacional,2007,zonas,,Fecha 13,,false,https://es.wikipedia.org/wiki/Campeonato_de_Primera_B_Nacional_2007-08 + https://www.worldfootball.net/
2007-11-02,19:00,Arsenal,Rosario Central,1,0,,,Primera Division - Apertura,2007,zonas,,Fecha 15,El Viaducto,false,https://es.wikipedia.org/wiki/Anexo:Torneo_Apertura_2007_(Argentina)
2007-11-02,21:10,San Martín (SJ),Banfield,0,1,,,Primera Division - Apertura,2007,zonas,,Fecha 15,Ingeniero Hilario Sánchez,false,https://es.wikipedia.org/wiki/Anexo:Torneo_Apertura_2007_(Argentina)
2007-11-03,,Almirante Brown,Ben Hur,3,0,,,Primera Nacional,2007,zonas,,Fecha 13,,false,https://es.wikipedia.org/wiki/Campeonato_de_Primera_B_Nacional_2007-08 + https://www.worldfootball.net/
2007-11-03,,Atlético de Rafaela,Almagro,2,1,,,Primera Nacional,2007,zonas,,Fecha 13,,false,https://es.wikipedia.org/wiki/Campeonato_de_Primera_B_Nacional_2007-08 + https://www.worldfootball.net/
2007-11-03,,Belgrano,Talleres (C),0,1,,,Primera Nacional,2007,zonas,,Fecha 13,,false,https://es.wikipedia.org/wiki/Campeonato_de_Primera_B_Nacional_2007-08 + https://www.worldfootball.net/
2007-11-03,,CAI,Tiro Federal,1,1,,,Primera Nacional,2007,zonas,,Fecha 13,,false,https://es.wikipedia.org/wiki/Campeonato_de_Primera_B_Nacional_2007-08 + https://www.worldfootball.net/
2007-11-03,,Chacarita Juniors,Independiente Rivadavia,1,0,,,Primera Nacional,2007,zonas,,Fecha 13,,false,https://es.wikipedia.org/wiki/Campeonato_de_Primera_B_Nacional_2007-08 + https://www.worldfootball.net/
2007-11-03,,Defensa y Justicia,Quilmes,1,1,,,Primera Nacional,2007,zonas,,Fecha 13,,false,https://es.wikipedia.org/wiki/Campeonato_de_Primera_B_Nacional_2007-08 + https://www.worldfootball.net/
2007-11-03,,Godoy Cruz,Aldosivi,2,1,,,Primera Nacional,2007,zonas,,Fecha 13,,false,https://es.wikipedia.org/wiki/Campeonato_de_Primera_B_Nacional_2007-08 + https://www.worldfootball.net/
2007-11-03,,Instituto,Ferro Carril Oeste,3,1,,,Primera Nacional,2007,zonas,,Fecha 13,,false,https://es.wikipedia.org/wiki/Campeonato_de_Primera_B_Nacional_2007-08 + https://www.worldfootball.net/
2007-11-03,15:00,Gimnasia y Esgrima (J),Olimpo,0,3,,,Primera Division - Apertura,2007,zonas,,Fecha 15,23 de agosto,false,https://es.wikipedia.org/wiki/Anexo:Torneo_Apertura_2007_(Argentina)
2007-11-03,17:10,Racing Club,Boca Juniors,0,3,,,Primera Division - Apertura,2007,zonas,,Fecha 15,El Cilindro,false,https://es.wikipedia.org/wiki/Anexo:Torneo_Apertura_2007_(Argentina)
2007-11-03,21:10,Newell's Old Boys,Colón,1,1,,,Primera Division - Apertura,2007,zonas,,Fecha 15,Coloso del Parque,false,https://es.wikipedia.org/wiki/Anexo:Torneo_Apertura_2007_(Argentina)
2007-11-04,15:00,Estudiantes (LP),Gimnasia y Esgrima (LP),1,0,,,Primera Division - Apertura,2007,zonas,,Fecha 15,Ciudad de La Plata,false,https://es.wikipedia.org/wiki/Anexo:Torneo_Apertura_2007_(Argentina)
2007-11-04,15:00,San Lorenzo,Huracán,1,1,,,Primera Division - Apertura,2007,zonas,,Fecha 15,Nuevo Gasómetro,false,https://es.wikipedia.org/wiki/Anexo:Torneo_Apertura_2007_(Argentina)
2007-11-04,17:10,River Plate,Independiente,1,1,,,Primera Division - Apertura,2007,zonas,,Fecha 15,Monumental,false,https://es.wikipedia.org/wiki/Anexo:Torneo_Apertura_2007_(Argentina)
2007-11-04,19:45,Lanús,Tigre,2,1,,,Primera Division - Apertura,2007,zonas,,Fecha 15,Ciudad de Lanús,false,https://es.wikipedia.org/wiki/Anexo:Torneo_Apertura_2007_(Argentina)
2007-11-05,19:00,Vélez Sarsfield,Argentinos Juniors,3,0,,,Primera Division - Apertura,2007,zonas,,Fecha 15,José Amalfitani,false,https://es.wikipedia.org/wiki/Anexo:Torneo_Apertura_2007_(Argentina)
2007-11-06,,Unión,Platense,1,1,,,Primera Nacional,2007,zonas,,Fecha 13,,false,https://es.wikipedia.org/wiki/Campeonato_de_Primera_B_Nacional_2007-08 + https://www.worldfootball.net/
2007-11-09,,San Martín (T),Defensa y Justicia,1,0,,,Primera Nacional,2007,zonas,,Fecha 14,,false,https://es.wikipedia.org/wiki/Campeonato_de_Primera_B_Nacional_2007-08 + https://www.worldfootball.net/
2007-11-09,19:00,Gimnasia y Esgrima (LP),Racing Club,1,3,,,Primera Division - Apertura,2007,zonas,,Fecha 16,Ciudad de La Plata,false,https://es.wikipedia.org/wiki/Anexo:Torneo_Apertura_2007_(Argentina)
2007-11-09,21:10,Rosario Central,Lanús,1,4,,,Primera Division - Apertura,2007,zonas,,Fecha 16,Gigante de Arroyito,false,https://es.wikipedia.org/wiki/Anexo:Torneo_Apertura_2007_(Argentina)
2007-11-10,,Almagro,Unión,1,0,,,Primera Nacional,2007,zonas,,Fecha 14,,false,https://es.wikipedia.org/wiki/Campeonato_de_Primera_B_Nacional_2007-08 + https://www.worldfootball.net/
2007-11-10,,Ben Hur,Chacarita Juniors,0,0,,,Primera Nacional,2007,zonas,,Fecha 14,,false,https://es.wikipedia.org/wiki/Campeonato_de_Primera_B_Nacional_2007-08 + https://www.worldfootball.net/
2007-11-10,,Independiente Rivadavia,Belgrano,7,0,,,Primera Nacional,2007,zonas,,Fecha 14,,false,https://es.wikipedia.org/wiki/Campeonato_de_Primera_B_Nacional_2007-08 + https://www.worldfootball.net/
2007-11-10,,Nueva Chicago,Instituto,2,0,,,Primera Nacional,2007,zonas,,Fecha 14,,false,https://es.wikipedia.org/wiki/Campeonato_de_Primera_B_Nacional_2007-08 + https://www.worldfootball.net/
2007-11-10,,Quilmes,Almirante Brown,2,0,,,Primera Nacional,2007,zonas,,Fecha 14,,false,https://es.wikipedia.org/wiki/Campeonato_de_Primera_B_Nacional_2007-08 + https://www.worldfootball.net/
2007-11-10,,Tiro Federal,Ferro Carril Oeste,1,0,,,Primera Nacional,2007,zonas,,Fecha 14,,false,https://es.wikipedia.org/wiki/Campeonato_de_Primera_B_Nacional_2007-08 + https://www.worldfootball.net/
2007-11-10,16:10,Banfield,Gimnasia y Esgrima (J),1,1,,,Primera Division - Apertura,2007,zonas,,Fecha 16,Florencio Sola,false,https://es.wikipedia.org/wiki/Anexo:Torneo_Apertura_2007_(Argentina)
2007-11-10,18:20,Colón,San Lorenzo,0,0,,,Primera Division - Apertura,2007,zonas,,Fecha 16,Brigadier Estanislao López,false,https://es.wikipedia.org/wiki/Anexo:Torneo_Apertura_2007_(Argentina)
2007-11-10,18:20,Olimpo,Newell's Old Boys,1,0,,,Primera Division - Apertura,2007,zonas,,Fecha 16,Roberto N. Carminatti,false,https://es.wikipedia.org/wiki/Anexo:Torneo_Apertura_2007_(Argentina)
2007-11-10,21:10,Huracán,River Plate,2,1,,,Primera Division - Apertura,2007,zonas,,Fecha 16,Diego Armando Maradona,false,https://es.wikipedia.org/wiki/Anexo:Torneo_Apertura_2007_(Argentina)
2007-11-11,,Aldosivi,Atlético de Rafaela,2,0,,,Primera Nacional,2007,zonas,,Fecha 14,,false,https://es.wikipedia.org/wiki/Campeonato_de_Primera_B_Nacional_2007-08 + https://www.worldfootball.net/
2007-11-11,,Talleres (C),Godoy Cruz,3,2,,,Primera Nacional,2007,zonas,,Fecha 14,,false,https://es.wikipedia.org/wiki/Campeonato_de_Primera_B_Nacional_2007-08 + https://www.worldfootball.net/
2007-11-11,15:00,Independiente,Estudiantes (LP),1,2,,,Primera Division - Apertura,2007,zonas,,Fecha 16,El Cilindro,false,https://es.wikipedia.org/wiki/Anexo:Torneo_Apertura_2007_(Argentina)
2007-11-11,15:00,Tigre,San Martín (SJ),3,0,,,Primera Division - Apertura,2007,zonas,,Fecha 16,Monumental de Victoria,false,https://es.wikipedia.org/wiki/Anexo:Torneo_Apertura_2007_(Argentina)
2007-11-11,17:30,Boca Juniors,Vélez Sarsfield,4,0,,,Primera Division - Apertura,2007,zonas,,Fecha 16,La Bombonera,false,https://es.wikipedia.org/wiki/Anexo:Torneo_Apertura_2007_(Argentina)
2007-11-11,19:30,Argentinos Juniors,Arsenal,4,0,,,Primera Division - Apertura,2007,zonas,,Fecha 16,Diego Armando Maradona,false,https://es.wikipedia.org/wiki/Anexo:Torneo_Apertura_2007_(Argentina)
2007-11-13,,Platense,CAI,2,1,,,Primera Nacional,2007,zonas,,Fecha 14,,false,https://es.wikipedia.org/wiki/Campeonato_de_Primera_B_Nacional_2007-08 + https://www.worldfootball.net/
2007-11-16,,Belgrano,Ben Hur,0,2,,,Primera Nacional,2007,zonas,,Fecha 15,,false,https://es.wikipedia.org/wiki/Campeonato_de_Primera_B_Nacional_2007-08 + https://www.worldfootball.net/
2007-11-16,,Chacarita Juniors,Quilmes,0,1,,,Primera Nacional,2007,zonas,,Fecha 15,,false,https://es.wikipedia.org/wiki/Campeonato_de_Primera_B_Nacional_2007-08 + https://www.worldfootball.net/
2007-11-17,,Ferro Carril Oeste,Platense,2,0,,,Primera Nacional,2007,zonas,,Fecha 15,,false,https://es.wikipedia.org/wiki/Campeonato_de_Primera_B_Nacional_2007-08 + https://www.worldfootball.net/
2007-11-17,,Instituto,Tiro Federal,0,0,,,Primera Nacional,2007,zonas,,Fecha 15,,false,https://es.wikipedia.org/wiki/Campeonato_de_Primera_B_Nacional_2007-08 + https://www.worldfootball.net/
2007-11-18,,Almirante Brown,San Martín (T),2,0,,,Primera Nacional,2007,zonas,,Fecha 15,,false,https://es.wikipedia.org/wiki/Campeonato_de_Primera_B_Nacional_2007-08 + https://www.worldfootball.net/
2007-11-18,,CAI,Almagro,1,1,,,Primera Nacional,2007,zonas,,Fecha 15,,false,https://es.wikipedia.org/wiki/Campeonato_de_Primera_B_Nacional_2007-08 + https://www.worldfootball.net/
2007-11-18,,Defensa y Justicia,Nueva Chicago,1,1,,,Primera Nacional,2007,zonas,,Fecha 15,,false,https://es.wikipedia.org/wiki/Campeonato_de_Primera_B_Nacional_2007-08 + https://www.worldfootball.net/
2007-11-18,,Godoy Cruz,Independiente Rivadavia,3,2,,,Primera Nacional,2007,zonas,,Fecha 15,,false,https://es.wikipedia.org/wiki/Campeonato_de_Primera_B_Nacional_2007-08 + https://www.worldfootball.net/
2007-11-18,,Unión,Aldosivi,2,2,,,Primera Nacional,2007,zonas,,Fecha 15,,false,https://es.wikipedia.org/wiki/Campeonato_de_Primera_B_Nacional_2007-08 + https://www.worldfootball.net/
2007-11-20,,Atlético de Rafaela,Talleres (C),2,1,,,Primera Nacional,2007,zonas,,Fecha 15,,false,https://es.wikipedia.org/wiki/Campeonato_de_Primera_B_Nacional_2007-08 + https://www.worldfootball.net/
2007-11-23,,Aldosivi,CAI,2,3,,,Primera Nacional,2007,zonas,,Fecha 16,,false,https://es.wikipedia.org/wiki/Campeonato_de_Primera_B_Nacional_2007-08 + https://www.worldfootball.net/
2007-11-23,,Almagro,Ferro Carril Oeste,1,1,,,Primera Nacional,2007,zonas,,Fecha 16,,false,https://es.wikipedia.org/wiki/Campeonato_de_Primera_B_Nacional_2007-08 + https://www.worldfootball.net/
2007-11-23,,Quilmes,Belgrano,2,1,,,Primera Nacional,2007,zonas,,Fecha 16,,false,https://es.wikipedia.org/wiki/Campeonato_de_Primera_B_Nacional_2007-08 + https://www.worldfootball.net/
2007-11-23,,San Martín (T),Chacarita Juniors,1,1,,,Primera Nacional,2007,zonas,,Fecha 16,,false,https://es.wikipedia.org/wiki/Campeonato_de_Primera_B_Nacional_2007-08 + https://www.worldfootball.net/
2007-11-23,19:00,San Lorenzo,Olimpo,1,0,,,Primera Division - Apertura,2007,zonas,,Fecha 17,Nuevo Gasómetro,false,https://es.wikipedia.org/wiki/Anexo:Torneo_Apertura_2007_(Argentina)
2007-11-23,21:10,Tigre,Rosario Central,2,1,,,Primera Division - Apertura,2007,zonas,,Fecha 17,Monumental de Victoria,false,https://es.wikipedia.org/wiki/Anexo:Torneo_Apertura_2007_(Argentina)
2007-11-24,,Ben Hur,Godoy Cruz,1,2,,,Primera Nacional,2007,zonas,,Fecha 16,,false,https://es.wikipedia.org/wiki/Campeonato_de_Primera_B_Nacional_2007-08 + https://www.worldfootball.net/
2007-11-24,,Defensa y Justicia,Instituto,2,1,,,Primera Nacional,2007,zonas,,Fecha 16,,false,https://es.wikipedia.org/wiki/Campeonato_de_Primera_B_Nacional_2007-08 + https://www.worldfootball.net/
2007-11-24,,Independiente Rivadavia,Atlético de Rafaela,0,0,,,Primera Nacional,2007,zonas,,Fecha 16,,false,https://es.wikipedia.org/wiki/Campeonato_de_Primera_B_Nacional_2007-08 + https://www.worldfootball.net/
2007-11-24,,Nueva Chicago,Almirante Brown,2,0,,,Primera Nacional,2007,zonas,,Fecha 16,,false,https://es.wikipedia.org/wiki/Campeonato_de_Primera_B_Nacional_2007-08 + https://www.worldfootball.net/
2007-11-24,,Platense,Tiro Federal,0,3,,,Primera Nacional,2007,zonas,,Fecha 16,,false,https://es.wikipedia.org/wiki/Campeonato_de_Primera_B_Nacional_2007-08 + https://www.worldfootball.net/
2007-11-24,,Talleres (C),Unión,2,2,,,Primera Nacional,2007,zonas,,Fecha 16,,false,https://es.wikipedia.org/wiki/Campeonato_de_Primera_B_Nacional_2007-08 + https://www.worldfootball.net/
2007-11-24,16:10,Racing Club,Independiente,0,0,,,Primera Division - Apertura,2007,zonas,,Fecha 17,El Cilindro,false,https://es.wikipedia.org/wiki/Anexo:Torneo_Apertura_2007_(Argentina)
2007-11-24,18:20,Newell's Old Boys,Banfield,1,0,,,Primera Division - Apertura,2007,zonas,,Fecha 17,Coloso del Parque,false,https://es.wikipedia.org/wiki/Anexo:Torneo_Apertura_2007_(Argentina)
2007-11-24,18:20,River Plate,Colón,0,2,,,Primera Division - Apertura,2007,zonas,,Fecha 17,Monumental,false,https://es.wikipedia.org/wiki/Anexo:Torneo_Apertura_2007_(Argentina)
2007-11-24,20:30,Vélez Sarsfield,Gimnasia y Esgrima (LP),3,1,,,Primera Division - Apertura,2007,zonas,,Fecha 17,José Amalfitani,false,https://es.wikipedia.org/wiki/Anexo:Torneo_Apertura_2007_(Argentina)
2007-11-24,21:10,San Martín (SJ),Gimnasia y Esgrima (J),3,2,,,Primera Division - Apertura,2007,zonas,,Fecha 17,Ingeniero Hilario Sánchez,false,https://es.wikipedia.org/wiki/Anexo:Torneo_Apertura_2007_(Argentina)
2007-11-25,16:10,Arsenal,Boca Juniors,2,1,,,Primera Division - Apertura,2007,zonas,,Fecha 17,El Viaducto,false,https://es.wikipedia.org/wiki/Anexo:Torneo_Apertura_2007_(Argentina)
2007-11-25,18:30,Estudiantes (LP),Huracán,1,1,,,Primera Division - Apertura,2007,zonas,,Fecha 17,Ciudad de La Plata,false,https://es.wikipedia.org/wiki/Anexo:Torneo_Apertura_2007_(Argentina)
2007-11-25,18:30,Lanús,Argentinos Juniors,0,0,,,Primera Division - Apertura,2007,zonas,,Fecha 17,Ciudad de Lanús,false,https://es.wikipedia.org/wiki/Anexo:Torneo_Apertura_2007_(Argentina)
2007-11-27,,Almirante Brown,Defensa y Justicia,3,0,,,Primera Nacional,2007,zonas,,Fecha 17,,false,https://es.wikipedia.org/wiki/Campeonato_de_Primera_B_Nacional_2007-08 + https://www.worldfootball.net/
2007-11-27,,CAI,Talleres (C),2,0,,,Primera Nacional,2007,zonas,,Fecha 17,,false,https://es.wikipedia.org/wiki/Campeonato_de_Primera_B_Nacional_2007-08 + https://www.worldfootball.net/
2007-11-27,,Chacarita Juniors,Nueva Chicago,6,2,,,Primera Nacional,2007,zonas,,Fecha 17,,false,https://es.wikipedia.org/wiki/Campeonato_de_Primera_B_Nacional_2007-08 + https://www.worldfootball.net/
2007-11-27,,Ferro Carril Oeste,Aldosivi,4,2,,,Primera Nacional,2007,zonas,,Fecha 17,,false,https://es.wikipedia.org/wiki/Campeonato_de_Primera_B_Nacional_2007-08 + https://www.worldfootball.net/
2007-11-27,,Tiro Federal,Almagro,1,0,,,Primera Nacional,2007,zonas,,Fecha 17,,false,https://es.wikipedia.org/wiki/Campeonato_de_Primera_B_Nacional_2007-08 + https://www.worldfootball.net/
2007-11-28,,Atlético de Rafaela,Ben Hur,2,2,,,Primera Nacional,2007,zonas,,Fecha 17,,false,https://es.wikipedia.org/wiki/Campeonato_de_Primera_B_Nacional_2007-08 + https://www.worldfootball.net/
2007-11-28,,Belgrano,San Martín (T),2,3,,,Primera Nacional,2007,zonas,,Fecha 17,,false,https://es.wikipedia.org/wiki/Campeonato_de_Primera_B_Nacional_2007-08 + https://www.worldfootball.net/
2007-11-28,,Godoy Cruz,Quilmes,2,1,,,Primera Nacional,2007,zonas,,Fecha 17,,false,https://es.wikipedia.org/wiki/Campeonato_de_Primera_B_Nacional_2007-08 + https://www.worldfootball.net/
2007-11-28,,Instituto,Platense,0,0,,,Primera Nacional,2007,zonas,,Fecha 17,,false,https://es.wikipedia.org/wiki/Campeonato_de_Primera_B_Nacional_2007-08 + https://www.worldfootball.net/
2007-11-28,,Unión,Independiente Rivadavia,3,1,,,Primera Nacional,2007,zonas,,Fecha 17,,false,https://es.wikipedia.org/wiki/Campeonato_de_Primera_B_Nacional_2007-08 + https://www.worldfootball.net/
2007-11-28,18:00,Tigre,Boca Juniors,2,1,,,Primera Division - Apertura,2007,zonas,,Fecha 18,Monumental de Victoria,false,https://es.wikipedia.org/wiki/Anexo:Torneo_Apertura_2007_(Argentina)
2007-11-28,20:10,Lanús,Gimnasia y Esgrima (LP),4,0,,,Primera Division - Apertura,2007,zonas,,Fecha 18,Ciudad de Lanús,false,https://es.wikipedia.org/wiki/Anexo:Torneo_Apertura_2007_(Argentina)
2007-11-30,18:10,Rosario Central,San Martín (SJ),3,2,,,Primera Division - Apertura,2007,zonas,,Fecha 19,Gigante de Arroyito,false,https://es.wikipedia.org/wiki/Anexo:Torneo_Apertura_2007_(Argentina)
2007-11-30,20:10,Colón,Estudiantes (LP),0,2,,,Primera Division - Apertura,2007,zonas,,Fecha 19,Brigadier Estanislao López,false,https://es.wikipedia.org/wiki/Anexo:Torneo_Apertura_2007_(Argentina)
2007-12-01,,Ben Hur,Unión,1,0,,,Primera Nacional,2007,zonas,,Fecha 18,,false,https://es.wikipedia.org/wiki/Campeonato_de_Primera_B_Nacional_2007-08 + https://www.worldfootball.net/
2007-12-01,,Defensa y Justicia,Chacarita Juniors,1,2,,,Primera Nacional,2007,zonas,,Fecha 18,,false,https://es.wikipedia.org/wiki/Campeonato_de_Primera_B_Nacional_2007-08 + https://www.worldfootball.net/
2007-12-01,,Nueva Chicago,Belgrano,1,3,,,Primera Nacional,2007,zonas,,Fecha 18,,false,https://es.wikipedia.org/wiki/Campeonato_de_Primera_B_Nacional_2007-08 + https://www.worldfootball.net/
2007-12-01,,Quilmes,Atlético de Rafaela,1,0,,,Primera Nacional,2007,zonas,,Fecha 18,,false,https://es.wikipedia.org/wiki/Campeonato_de_Primera_B_Nacional_2007-08 + https://www.worldfootball.net/
2007-12-01,16:10,Olimpo,River Plate,4,0,,,Primera Division - Apertura,2007,zonas,,Fecha 19,Roberto N. Carminatti,false,https://es.wikipedia.org/wiki/Anexo:Torneo_Apertura_2007_(Argentina)
2007-12-01,18:20,Gimnasia y Esgrima (J),Newell's Old Boys,0,1,,,Primera Division - Apertura,2007,zonas,,Fecha 19,23 de agosto,false,https://es.wikipedia.org/wiki/Anexo:Torneo_Apertura_2007_(Argentina)
2007-12-01,18:20,Huracán,Racing Club,3,0,,,Primera Division - Apertura,2007,zonas,,Fecha 19,Diego Armando Maradona,false,https://es.wikipedia.org/wiki/Anexo:Torneo_Apertura_2007_(Argentina)
2007-12-01,21:10,Banfield,San Lorenzo,1,0,,,Primera Division - Apertura,2007,zonas,,Fecha 19,Florencio Sola,false,https://es.wikipedia.org/wiki/Anexo:Torneo_Apertura_2007_(Argentina)
2007-12-02,,Aldosivi,Tiro Federal,1,0,,,Primera Nacional,2007,zonas,,Fecha 18,,false,https://es.wikipedia.org/wiki/Campeonato_de_Primera_B_Nacional_2007-08 + https://www.worldfootball.net/
2007-12-02,,Almirante Brown,Instituto,3,0,,,Primera Nacional,2007,zonas,,Fecha 18,,false,https://es.wikipedia.org/wiki/Campeonato_de_Primera_B_Nacional_2007-08 + https://www.worldfootball.net/
2007-12-02,,Talleres (C),Ferro Carril Oeste,1,1,,,Primera Nacional,2007,zonas,,Fecha 18,,false,https://es.wikipedia.org/wiki/Campeonato_de_Primera_B_Nacional_2007-08 + https://www.worldfootball.net/
2007-12-02,17:10,Argentinos Juniors,Tigre,1,0,,,Primera Division - Apertura,2007,zonas,,Fecha 19,Diego Armando Maradona,false,https://es.wikipedia.org/wiki/Anexo:Torneo_Apertura_2007_(Argentina)
2007-12-02,17:10,Boca Juniors,Lanús,1,1,,,Primera Division - Apertura,2007,zonas,,Fecha 19,La Bombonera,false,https://es.wikipedia.org/wiki/Anexo:Torneo_Apertura_2007_(Argentina)
2007-12-02,19:30,Independiente,Vélez Sarsfield,1,1,,,Primera Division - Apertura,2007,zonas,,Fecha 19,El Cilindro,false,https://es.wikipedia.org/wiki/Anexo:Torneo_Apertura_2007_(Argentina)
2007-12-03,,Almagro,Platense,2,0,,,Primera Nacional,2007,zonas,,Fecha 18,,false,https://es.wikipedia.org/wiki/Campeonato_de_Primera_B_Nacional_2007-08 + https://www.worldfootball.net/
2007-12-03,,Independiente Rivadavia,CAI,3,4,,,Primera Nacional,2007,zonas,,Fecha 18,,false,https://es.wikipedia.org/wiki/Campeonato_de_Primera_B_Nacional_2007-08 + https://www.worldfootball.net/
2007-12-04,,San Martín (T),Godoy Cruz,2,1,,,Primera Nacional,2007,zonas,,Fecha 18,,false,https://es.wikipedia.org/wiki/Campeonato_de_Primera_B_Nacional_2007-08 + https://www.worldfootball.net/
2007-12-06,,Independiente Rivadavia,Nueva Chicago,1,0,,,Primera Nacional,2007,zonas,,Fecha 10,,false,https://es.wikipedia.org/wiki/Campeonato_de_Primera_B_Nacional_2007-08 + https://www.worldfootball.net/
2007-12-07,,Belgrano,Defensa y Justicia,3,0,,,Primera Nacional,2007,zonas,,Fecha 19,,false,https://es.wikipedia.org/wiki/Campeonato_de_Primera_B_Nacional_2007-08 + https://www.worldfootball.net/
2007-12-07,,Unión,Quilmes,1,1,,,Primera Nacional,2007,zonas,,Fecha 19,,false,https://es.wikipedia.org/wiki/Campeonato_de_Primera_B_Nacional_2007-08 + https://www.worldfootball.net/
2007-12-07,19:00,Rosario Central,Argentinos Juniors,1,1,,,Primera Division - Apertura,2007,zonas,,Fecha 18,Gigante de Arroyito,false,https://es.wikipedia.org/wiki/Anexo:Torneo_Apertura_2007_(Argentina)
2007-12-07,21:10,Estudiantes (LP),Olimpo,2,0,,,Primera Division - Apertura,2007,zonas,,Fecha 18,Ciudad de La Plata,false,https://es.wikipedia.org/wiki/Anexo:Torneo_Apertura_2007_(Argentina)
2007-12-08,,Chacarita Juniors,Almirante Brown,3,1,,,Primera Nacional,2007,zonas,,Fecha 19,,false,https://es.wikipedia.org/wiki/Campeonato_de_Primera_B_Nacional_2007-08 + https://www.worldfootball.net/
2007-12-08,,Instituto,Almagro,1,0,,,Primera Nacional,2007,zonas,,Fecha 19,,false,https://es.wikipedia.org/wiki/Campeonato_de_Primera_B_Nacional_2007-08 + https://www.worldfootball.net/
2007-12-08,,Platense,Aldosivi,1,0,,,Primera Nacional,2007,zonas,,Fecha 19,,false,https://es.wikipedia.org/wiki/Campeonato_de_Primera_B_Nacional_2007-08 + https://www.worldfootball.net/
2007-12-08,,Tiro Federal,Talleres (C),2,0,,,Primera Nacional,2007,zonas,,Fecha 19,,false,https://es.wikipedia.org/wiki/Campeonato_de_Primera_B_Nacional_2007-08 + https://www.worldfootball.net/
2007-12-08,17:10,River Plate,Banfield,0,2,,,Primera Division - Apertura,2007,zonas,,Fecha 18,José Amalfitani,false,https://es.wikipedia.org/wiki/Anexo:Torneo_Apertura_2007_(Argentina)
2007-12-08,21:10,Racing Club,Colón,1,0,,,Primera Division - Apertura,2007,zonas,,Fecha 18,El Cilindro,false,https://es.wikipedia.org/wiki/Anexo:Torneo_Apertura_2007_(Argentina)
2007-12-08,21:10,San Martín (SJ),Newell's Old Boys,0,1,,,Primera Division - Apertura,2007,zonas,,Fecha 18,Ingeniero Hilario Sánchez,false,https://es.wikipedia.org/wiki/Anexo:Torneo_Apertura_2007_(Argentina)
2007-12-09,,CAI,Ben Hur,3,0,,,Primera Nacional,2007,zonas,,Fecha 19,,false,https://es.wikipedia.org/wiki/Campeonato_de_Primera_B_Nacional_2007-08 + https://www.worldfootball.net/
2007-12-09,17:10,Arsenal,Independiente,3,2,,,Primera Division - Apertura,2007,zonas,,Fecha 18,El Viaducto,false,https://es.wikipedia.org/wiki/Anexo:Torneo_Apertura_2007_(Argentina)
2007-12-09,17:10,San Lorenzo,Gimnasia y Esgrima (J),4,1,,,Primera Division - Apertura,2007,zonas,,Fecha 18,Nuevo Gasómetro,false,https://es.wikipedia.org/wiki/Anexo:Torneo_Apertura_2007_(Argentina)
2007-12-09,19:30,Vélez Sarsfield,Huracán,1,2,,,Primera Division - Apertura,2007,zonas,,Fecha 18,José Amalfitani,false,https://es.wikipedia.org/wiki/Anexo:Torneo_Apertura_2007_(Argentina)
2007-12-10,,Atlético de Rafaela,San Martín (T),1,0,,,Primera Nacional,2007,zonas,,Fecha 19,,false,https://es.wikipedia.org/wiki/Campeonato_de_Primera_B_Nacional_2007-08 + https://www.worldfootball.net/
2007-12-12,,Godoy Cruz,Nueva Chicago,0,2,,,Primera Nacional,2007,zonas,,Fecha 19,,false,https://es.wikipedia.org/wiki/Campeonato_de_Primera_B_Nacional_2007-08 + https://www.worldfootball.net/
2008-02-08,,Unión,San Martín (T),2,0,,,Primera Nacional,2007,zonas,,Fecha 20,,false,https://es.wikipedia.org/wiki/Campeonato_de_Primera_B_Nacional_2007-08 + https://www.worldfootball.net/
2008-02-09,,Almagro,Aldosivi,1,0,,,Primera Nacional,2007,zonas,,Fecha 20,,false,https://es.wikipedia.org/wiki/Campeonato_de_Primera_B_Nacional_2007-08 + https://www.worldfootball.net/
2008-02-09,,Atlético de Rafaela,Nueva Chicago,3,2,,,Primera Nacional,2007,zonas,,Fecha 20,,false,https://es.wikipedia.org/wiki/Campeonato_de_Primera_B_Nacional_2007-08 + https://www.worldfootball.net/
2008-02-09,,Chacarita Juniors,Instituto,1,1,,,Primera Nacional,2007,zonas,,Fecha 20,,false,https://es.wikipedia.org/wiki/Campeonato_de_Primera_B_Nacional_2007-08 + https://www.worldfootball.net/
2008-02-09,,Ferro Carril Oeste,Ben Hur,2,1,,,Primera Nacional,2007,zonas,,Fecha 20,,false,https://es.wikipedia.org/wiki/Campeonato_de_Primera_B_Nacional_2007-08 + https://www.worldfootball.net/
2008-02-09,,Godoy Cruz,Defensa y Justicia,2,0,,,Primera Nacional,2007,zonas,,Fecha 20,,false,https://es.wikipedia.org/wiki/Campeonato_de_Primera_B_Nacional_2007-08 + https://www.worldfootball.net/
2008-02-09,,Tiro Federal,Independiente Rivadavia,2,1,,,Primera Nacional,2007,zonas,,Fecha 20,,false,https://es.wikipedia.org/wiki/Campeonato_de_Primera_B_Nacional_2007-08 + https://www.worldfootball.net/
2008-02-10,,Belgrano,Almirante Brown,2,0,,,Primera Nacional,2007,zonas,,Fecha 20,,false,https://es.wikipedia.org/wiki/Campeonato_de_Primera_B_Nacional_2007-08 + https://www.worldfootball.net/
2008-02-10,,CAI,Quilmes,0,0,,,Primera Nacional,2007,zonas,,Fecha 20,,false,https://es.wikipedia.org/wiki/Campeonato_de_Primera_B_Nacional_2007-08 + https://www.worldfootball.net/
2008-02-12,,Platense,Talleres (C),2,3,,,Primera Nacional,2007,zonas,,Fecha 20,,false,https://es.wikipedia.org/wiki/Campeonato_de_Primera_B_Nacional_2007-08 + https://www.worldfootball.net/
2008-02-15,,Nueva Chicago,Unión,1,0,,,Primera Nacional,2007,zonas,,Fecha 21,,false,https://es.wikipedia.org/wiki/Campeonato_de_Primera_B_Nacional_2007-08 + https://www.worldfootball.net/
2008-02-16,,Almirante Brown,Godoy Cruz,0,0,,,Primera Nacional,2007,zonas,,Fecha 21,,false,https://es.wikipedia.org/wiki/Campeonato_de_Primera_B_Nacional_2007-08 + https://www.worldfootball.net/
2008-02-16,,Ben Hur,Tiro Federal,1,0,,,Primera Nacional,2007,zonas,,Fecha 21,,false,https://es.wikipedia.org/wiki/Campeonato_de_Primera_B_Nacional_2007-08 + https://www.worldfootball.net/
2008-02-16,,Defensa y Justicia,Atlético de Rafaela,2,2,,,Primera Nacional,2007,zonas,,Fecha 21,,false,https://es.wikipedia.org/wiki/Campeonato_de_Primera_B_Nacional_2007-08 + https://www.worldfootball.net/
2008-02-16,,Independiente Rivadavia,Platense,4,0,,,Primera Nacional,2007,zonas,,Fecha 21,,false,https://es.wikipedia.org/wiki/Campeonato_de_Primera_B_Nacional_2007-08 + https://www.worldfootball.net/
2008-02-16,,Instituto,Aldosivi,1,0,,,Primera Nacional,2007,zonas,,Fecha 21,,false,https://es.wikipedia.org/wiki/Campeonato_de_Primera_B_Nacional_2007-08 + https://www.worldfootball.net/
2008-02-16,,Quilmes,Ferro Carril Oeste,2,0,,,Primera Nacional,2007,zonas,,Fecha 21,,false,https://es.wikipedia.org/wiki/Campeonato_de_Primera_B_Nacional_2007-08 + https://www.worldfootball.net/
2008-02-16,,Talleres (C),Almagro,4,3,,,Primera Nacional,2007,zonas,,Fecha 21,,false,https://es.wikipedia.org/wiki/Campeonato_de_Primera_B_Nacional_2007-08 + https://www.worldfootball.net/
2008-02-17,,San Martín (T),CAI,4,0,,,Primera Nacional,2007,zonas,,Fecha 21,,false,https://es.wikipedia.org/wiki/Campeonato_de_Primera_B_Nacional_2007-08 + https://www.worldfootball.net/
2008-02-19,,Chacarita Juniors,Belgrano,1,2,,,Primera Nacional,2007,zonas,,Fecha 21,,false,https://es.wikipedia.org/wiki/Campeonato_de_Primera_B_Nacional_2007-08 + https://www.worldfootball.net/
2008-02-22,,Tiro Federal,Quilmes,1,1,,,Primera Nacional,2007,zonas,,Fecha 22,,false,https://es.wikipedia.org/wiki/Campeonato_de_Primera_B_Nacional_2007-08 + https://www.worldfootball.net/
2008-02-23,,Almagro,Independiente Rivadavia,3,2,,,Primera Nacional,2007,zonas,,Fecha 22,,false,https://es.wikipedia.org/wiki/Campeonato_de_Primera_B_Nacional_2007-08 + https://www.worldfootball.net/
2008-02-23,,Atlético de Rafaela,Almirante Brown,1,2,,,Primera Nacional,2007,zonas,,Fecha 22,,false,https://es.wikipedia.org/wiki/Campeonato_de_Primera_B_Nacional_2007-08 + https://www.worldfootball.net/
2008-02-23,,Belgrano,Instituto,2,2,,,Primera Nacional,2007,zonas,,Fecha 22,,false,https://es.wikipedia.org/wiki/Campeonato_de_Primera_B_Nacional_2007-08 + https://www.worldfootball.net/
2008-02-23,,Godoy Cruz,Chacarita Juniors,3,1,,,Primera Nacional,2007,zonas,,Fecha 22,,false,https://es.wikipedia.org/wiki/Campeonato_de_Primera_B_Nacional_2007-08 + https://www.worldfootball.net/
2008-02-23,,Platense,Ben Hur,0,1,,,Primera Nacional,2007,zonas,,Fecha 22,,false,https://es.wikipedia.org/wiki/Campeonato_de_Primera_B_Nacional_2007-08 + https://www.worldfootball.net/
2008-02-23,,Unión,Defensa y Justicia,3,0,,,Primera Nacional,2007,zonas,,Fecha 22,,false,https://es.wikipedia.org/wiki/Campeonato_de_Primera_B_Nacional_2007-08 + https://www.worldfootball.net/
2008-02-24,,Aldosivi,Talleres (C),4,2,,,Primera Nacional,2007,zonas,,Fecha 22,,false,https://es.wikipedia.org/wiki/Campeonato_de_Primera_B_Nacional_2007-08 + https://www.worldfootball.net/
2008-02-24,,CAI,Nueva Chicago,3,0,,,Primera Nacional,2007,zonas,,Fecha 22,,false,https://es.wikipedia.org/wiki/Campeonato_de_Primera_B_Nacional_2007-08 + https://www.worldfootball.net/
2008-02-26,,Ferro Carril Oeste,San Martín (T),0,1,,,Primera Nacional,2007,zonas,,Fecha 22,,false,https://es.wikipedia.org/wiki/Campeonato_de_Primera_B_Nacional_2007-08 + https://www.worldfootball.net/
2008-02-29,,Ferro Carril Oeste,Independiente Rivadavia,1,1,,,Primera Nacional,2007,zonas,,Fecha 19,,false,https://es.wikipedia.org/wiki/Campeonato_de_Primera_B_Nacional_2007-08 + https://www.worldfootball.net/
2008-02-29,,Quilmes,Platense,1,1,,,Primera Nacional,2007,zonas,,Fecha 23,,false,https://es.wikipedia.org/wiki/Campeonato_de_Primera_B_Nacional_2007-08 + https://www.worldfootball.net/
2008-03-01,,Almirante Brown,Unión,0,0,,,Primera Nacional,2007,zonas,,Fecha 23,,false,https://es.wikipedia.org/wiki/Campeonato_de_Primera_B_Nacional_2007-08 + https://www.worldfootball.net/
2008-03-01,,Ben Hur,Almagro,0,2,,,Primera Nacional,2007,zonas,,Fecha 23,,false,https://es.wikipedia.org/wiki/Campeonato_de_Primera_B_Nacional_2007-08 + https://www.worldfootball.net/
2008-03-01,,Defensa y Justicia,CAI,0,2,,,Primera Nacional,2007,zonas,,Fecha 23,,false,https://es.wikipedia.org/wiki/Campeonato_de_Primera_B_Nacional_2007-08 + https://www.worldfootball.net/
2008-03-01,,Instituto,Talleres (C),3,1,,,Primera Nacional,2007,zonas,,Fecha 23,,false,https://es.wikipedia.org/wiki/Campeonato_de_Primera_B_Nacional_2007-08 + https://www.worldfootball.net/
2008-03-02,,Belgrano,Godoy Cruz,3,0,,,Primera Nacional,2007,zonas,,Fecha 23,,false,https://es.wikipedia.org/wiki/Campeonato_de_Primera_B_Nacional_2007-08 + https://www.worldfootball.net/
2008-03-02,,San Martín (T),Tiro Federal,0,0,,,Primera Nacional,2007,zonas,,Fecha 23,,false,https://es.wikipedia.org/wiki/Campeonato_de_Primera_B_Nacional_2007-08 + https://www.worldfootball.net/
2008-03-04,,Chacarita Juniors,Atlético de Rafaela,1,0,,,Primera Nacional,2007,zonas,,Fecha 23,,false,https://es.wikipedia.org/wiki/Campeonato_de_Primera_B_Nacional_2007-08 + https://www.worldfootball.net/
2008-03-04,,Independiente Rivadavia,Aldosivi,3,2,,,Primera Nacional,2007,zonas,,Fecha 23,,false,https://es.wikipedia.org/wiki/Campeonato_de_Primera_B_Nacional_2007-08 + https://www.worldfootball.net/
2008-03-04,,Nueva Chicago,Ferro Carril Oeste,3,0,,,Primera Nacional,2007,zonas,,Fecha 23,,false,https://es.wikipedia.org/wiki/Campeonato_de_Primera_B_Nacional_2007-08 + https://www.worldfootball.net/
2008-03-07,,Platense,San Martín (T),0,3,,,Primera Nacional,2007,zonas,,Fecha 24,,false,https://es.wikipedia.org/wiki/Campeonato_de_Primera_B_Nacional_2007-08 + https://www.worldfootball.net/
2008-03-08,,Almagro,Quilmes,2,1,,,Primera Nacional,2007,zonas,,Fecha 24,,false,https://es.wikipedia.org/wiki/Campeonato_de_Primera_B_Nacional_2007-08 + https://www.worldfootball.net/
2008-03-08,,Talleres (C),Independiente Rivadavia,1,3,,,Primera Nacional,2007,zonas,,Fecha 24,,false,https://es.wikipedia.org/wiki/Campeonato_de_Primera_B_Nacional_2007-08 + https://www.worldfootball.net/
2008-03-08,,Tiro Federal,Nueva Chicago,1,1,,,Primera Nacional,2007,zonas,,Fecha 24,,false,https://es.wikipedia.org/wiki/Campeonato_de_Primera_B_Nacional_2007-08 + https://www.worldfootball.net/
2008-03-09,,Aldosivi,Ben Hur,2,0,,,Primera Nacional,2007,zonas,,Fecha 24,,false,https://es.wikipedia.org/wiki/Campeonato_de_Primera_B_Nacional_2007-08 + https://www.worldfootball.net/
2008-03-09,,Atlético de Rafaela,Belgrano,1,1,,,Primera Nacional,2007,zonas,,Fecha 24,,false,https://es.wikipedia.org/wiki/Campeonato_de_Primera_B_Nacional_2007-08 + https://www.worldfootball.net/
2008-03-09,,CAI,Almirante Brown,0,0,,,Primera Nacional,2007,zonas,,Fecha 24,,false,https://es.wikipedia.org/wiki/Campeonato_de_Primera_B_Nacional_2007-08 + https://www.worldfootball.net/
2008-03-09,,Unión,Chacarita Juniors,1,0,,,Primera Nacional,2007,zonas,,Fecha 24,,false,https://es.wikipedia.org/wiki/Campeonato_de_Primera_B_Nacional_2007-08 + https://www.worldfootball.net/
2008-03-10,,Ferro Carril Oeste,Defensa y Justicia,0,1,,,Primera Nacional,2007,zonas,,Fecha 24,,false,https://es.wikipedia.org/wiki/Campeonato_de_Primera_B_Nacional_2007-08 + https://www.worldfootball.net/
2008-03-12,,Godoy Cruz,Instituto,3,0,,,Primera Nacional,2007,zonas,,Fecha 24,,false,https://es.wikipedia.org/wiki/Campeonato_de_Primera_B_Nacional_2007-08 + https://www.worldfootball.net/
2008-03-14,,Nueva Chicago,Platense,1,1,,,Primera Nacional,2007,zonas,,Fecha 25,,false,https://es.wikipedia.org/wiki/Campeonato_de_Primera_B_Nacional_2007-08 + https://www.worldfootball.net/
2008-03-14,,Quilmes,Aldosivi,0,4,,,Primera Nacional,2007,zonas,,Fecha 25,,false,https://es.wikipedia.org/wiki/Campeonato_de_Primera_B_Nacional_2007-08 + https://www.worldfootball.net/
2008-03-15,,Almirante Brown,Ferro Carril Oeste,1,0,,,Primera Nacional,2007,zonas,,Fecha 25,,false,https://es.wikipedia.org/wiki/Campeonato_de_Primera_B_Nacional_2007-08 + https://www.worldfootball.net/
2008-03-15,,Belgrano,Unión,1,1,,,Primera Nacional,2007,zonas,,Fecha 25,,false,https://es.wikipedia.org/wiki/Campeonato_de_Primera_B_Nacional_2007-08 + https://www.worldfootball.net/
2008-03-15,,Ben Hur,Talleres (C),1,0,,,Primera Nacional,2007,zonas,,Fecha 25,,false,https://es.wikipedia.org/wiki/Campeonato_de_Primera_B_Nacional_2007-08 + https://www.worldfootball.net/
2008-03-15,,Chacarita Juniors,CAI,2,3,,,Primera Nacional,2007,zonas,,Fecha 25,,false,https://es.wikipedia.org/wiki/Campeonato_de_Primera_B_Nacional_2007-08 + https://www.worldfootball.net/
2008-03-15,,Defensa y Justicia,Tiro Federal,2,1,,,Primera Nacional,2007,zonas,,Fecha 25,,false,https://es.wikipedia.org/wiki/Campeonato_de_Primera_B_Nacional_2007-08 + https://www.worldfootball.net/
2008-03-16,,Godoy Cruz,Atlético de Rafaela,3,2,,,Primera Nacional,2007,zonas,,Fecha 25,,false,https://es.wikipedia.org/wiki/Campeonato_de_Primera_B_Nacional_2007-08 + https://www.worldfootball.net/
2008-03-16,,Instituto,Independiente Rivadavia,2,1,,,Primera Nacional,2007,zonas,,Fecha 25,,false,https://es.wikipedia.org/wiki/Campeonato_de_Primera_B_Nacional_2007-08 + https://www.worldfootball.net/
2008-03-18,,San Martín (T),Almagro,2,0,,,Primera Nacional,2007,zonas,,Fecha 25,,false,https://es.wikipedia.org/wiki/Campeonato_de_Primera_B_Nacional_2007-08 + https://www.worldfootball.net/
2008-03-21,,Talleres (C),Quilmes,2,1,,,Primera Nacional,2007,zonas,,Fecha 26,,false,https://es.wikipedia.org/wiki/Campeonato_de_Primera_B_Nacional_2007-08 + https://www.worldfootball.net/
2008-03-22,,Aldosivi,San Martín (T),1,1,,,Primera Nacional,2007,zonas,,Fecha 26,,false,https://es.wikipedia.org/wiki/Campeonato_de_Primera_B_Nacional_2007-08 + https://www.worldfootball.net/
2008-03-22,,Ferro Carril Oeste,Chacarita Juniors,1,1,,,Primera Nacional,2007,zonas,,Fecha 26,,false,https://es.wikipedia.org/wiki/Campeonato_de_Primera_B_Nacional_2007-08 + https://www.worldfootball.net/
2008-03-22,,Independiente Rivadavia,Ben Hur,1,1,,,Primera Nacional,2007,zonas,,Fecha 26,,false,https://es.wikipedia.org/wiki/Campeonato_de_Primera_B_Nacional_2007-08 + https://www.worldfootball.net/
2008-03-22,,Platense,Defensa y Justicia,2,0,,,Primera Nacional,2007,zonas,,Fecha 26,,false,https://es.wikipedia.org/wiki/Campeonato_de_Primera_B_Nacional_2007-08 + https://www.worldfootball.net/
2008-03-23,,CAI,Belgrano,1,1,,,Primera Nacional,2007,zonas,,Fecha 26,,false,https://es.wikipedia.org/wiki/Campeonato_de_Primera_B_Nacional_2007-08 + https://www.worldfootball.net/
2008-03-23,,Tiro Federal,Almirante Brown,3,1,,,Primera Nacional,2007,zonas,,Fecha 26,,false,https://es.wikipedia.org/wiki/Campeonato_de_Primera_B_Nacional_2007-08 + https://www.worldfootball.net/
2008-03-23,,Unión,Godoy Cruz,0,1,,,Primera Nacional,2007,zonas,,Fecha 26,,false,https://es.wikipedia.org/wiki/Campeonato_de_Primera_B_Nacional_2007-08 + https://www.worldfootball.net/
2008-03-25,,Almagro,Nueva Chicago,2,2,,,Primera Nacional,2007,zonas,,Fecha 26,,false,https://es.wikipedia.org/wiki/Campeonato_de_Primera_B_Nacional_2007-08 + https://www.worldfootball.net/
2008-03-25,,Atlético de Rafaela,Instituto,4,1,,,Primera Nacional,2007,zonas,,Fecha 26,,false,https://es.wikipedia.org/wiki/Campeonato_de_Primera_B_Nacional_2007-08 + https://www.worldfootball.net/
2008-03-28,,San Martín (T),Talleres (C),3,0,,,Primera Nacional,2007,zonas,,Fecha 27,,false,https://es.wikipedia.org/wiki/Campeonato_de_Primera_B_Nacional_2007-08 + https://www.worldfootball.net/
2008-03-29,,Almirante Brown,Platense,2,0,,,Primera Nacional,2007,zonas,,Fecha 27,,false,https://es.wikipedia.org/wiki/Campeonato_de_Primera_B_Nacional_2007-08 + https://www.worldfootball.net/
2008-03-29,,Defensa y Justicia,Almagro,3,2,,,Primera Nacional,2007,zonas,,Fecha 27,,false,https://es.wikipedia.org/wiki/Campeonato_de_Primera_B_Nacional_2007-08 + https://www.worldfootball.net/
2008-03-29,,Godoy Cruz,CAI,2,0,,,Primera Nacional,2007,zonas,,Fecha 27,,false,https://es.wikipedia.org/wiki/Campeonato_de_Primera_B_Nacional_2007-08 + https://www.worldfootball.net/
2008-03-29,,Nueva Chicago,Aldosivi,2,1,,,Primera Nacional,2007,zonas,,Fecha 27,,false,https://es.wikipedia.org/wiki/Campeonato_de_Primera_B_Nacional_2007-08 + https://www.worldfootball.net/
2008-03-29,,Quilmes,Independiente Rivadavia,3,2,,,Primera Nacional,2007,zonas,,Fecha 27,,false,https://es.wikipedia.org/wiki/Campeonato_de_Primera_B_Nacional_2007-08 + https://www.worldfootball.net/
2008-03-30,,Atlético de Rafaela,Unión,2,1,,,Primera Nacional,2007,zonas,,Fecha 27,,false,https://es.wikipedia.org/wiki/Campeonato_de_Primera_B_Nacional_2007-08 + https://www.worldfootball.net/
2008-04-01,,Belgrano,Ferro Carril Oeste,0,1,,,Primera Nacional,2007,zonas,,Fecha 27,,false,https://es.wikipedia.org/wiki/Campeonato_de_Primera_B_Nacional_2007-08 + https://www.worldfootball.net/
2008-04-01,,Chacarita Juniors,Tiro Federal,1,2,,,Primera Nacional,2007,zonas,,Fecha 27,,false,https://es.wikipedia.org/wiki/Campeonato_de_Primera_B_Nacional_2007-08 + https://www.worldfootball.net/
2008-04-01,,Instituto,Ben Hur,2,2,,,Primera Nacional,2007,zonas,,Fecha 27,,false,https://es.wikipedia.org/wiki/Campeonato_de_Primera_B_Nacional_2007-08 + https://www.worldfootball.net/
2008-04-04,,Aldosivi,Defensa y Justicia,3,2,,,Primera Nacional,2007,zonas,,Fecha 28,,false,https://es.wikipedia.org/wiki/Campeonato_de_Primera_B_Nacional_2007-08 + https://www.worldfootball.net/
2008-04-05,,Almagro,Almirante Brown,0,0,,,Primera Nacional,2007,zonas,,Fecha 28,,false,https://es.wikipedia.org/wiki/Campeonato_de_Primera_B_Nacional_2007-08 + https://www.worldfootball.net/
2008-04-05,,Ferro Carril Oeste,Godoy Cruz,1,0,,,Primera Nacional,2007,zonas,,Fecha 28,,false,https://es.wikipedia.org/wiki/Campeonato_de_Primera_B_Nacional_2007-08 + https://www.worldfootball.net/
2008-04-05,,Independiente Rivadavia,San Martín (T),1,0,,,Primera Nacional,2007,zonas,,Fecha 28,,false,https://es.wikipedia.org/wiki/Campeonato_de_Primera_B_Nacional_2007-08 + https://www.worldfootball.net/
2008-04-05,,Platense,Chacarita Juniors,4,0,,,Primera Nacional,2007,zonas,,Fecha 28,,false,https://es.wikipedia.org/wiki/Campeonato_de_Primera_B_Nacional_2007-08 + https://www.worldfootball.net/
2008-04-06,,Ben Hur,Quilmes,2,1,,,Primera Nacional,2007,zonas,,Fecha 28,,false,https://es.wikipedia.org/wiki/Campeonato_de_Primera_B_Nacional_2007-08 + https://www.worldfootball.net/
2008-04-06,,CAI,Atlético de Rafaela,1,0,,,Primera Nacional,2007,zonas,,Fecha 28,,false,https://es.wikipedia.org/wiki/Campeonato_de_Primera_B_Nacional_2007-08 + https://www.worldfootball.net/
2008-04-06,,Tiro Federal,Belgrano,1,2,,,Primera Nacional,2007,zonas,,Fecha 28,,false,https://es.wikipedia.org/wiki/Campeonato_de_Primera_B_Nacional_2007-08 + https://www.worldfootball.net/
2008-04-06,,Unión,Instituto,0,0,,,Primera Nacional,2007,zonas,,Fecha 28,,false,https://es.wikipedia.org/wiki/Campeonato_de_Primera_B_Nacional_2007-08 + https://www.worldfootball.net/
2008-04-08,,Talleres (C),Nueva Chicago,1,0,,,Primera Nacional,2007,zonas,,Fecha 28,,false,https://es.wikipedia.org/wiki/Campeonato_de_Primera_B_Nacional_2007-08 + https://www.worldfootball.net/
2008-04-11,,Belgrano,Platense,1,1,,,Primera Nacional,2007,zonas,,Fecha 29,,false,https://es.wikipedia.org/wiki/Campeonato_de_Primera_B_Nacional_2007-08 + https://www.worldfootball.net/
2008-04-12,,Almirante Brown,Aldosivi,2,1,,,Primera Nacional,2007,zonas,,Fecha 29,,false,https://es.wikipedia.org/wiki/Campeonato_de_Primera_B_Nacional_2007-08 + https://www.worldfootball.net/
2008-04-12,,Chacarita Juniors,Almagro,0,1,,,Primera Nacional,2007,zonas,,Fecha 29,,false,https://es.wikipedia.org/wiki/Campeonato_de_Primera_B_Nacional_2007-08 + https://www.worldfootball.net/
2008-04-12,,Defensa y Justicia,Talleres (C),0,1,,,Primera Nacional,2007,zonas,,Fecha 29,,false,https://es.wikipedia.org/wiki/Campeonato_de_Primera_B_Nacional_2007-08 + https://www.worldfootball.net/
2008-04-12,,Instituto,Quilmes,2,0,,,Primera Nacional,2007,zonas,,Fecha 29,,false,https://es.wikipedia.org/wiki/Campeonato_de_Primera_B_Nacional_2007-08 + https://www.worldfootball.net/
2008-04-12,,Nueva Chicago,Independiente Rivadavia,1,2,,,Primera Nacional,2007,zonas,,Fecha 29,,false,https://es.wikipedia.org/wiki/Campeonato_de_Primera_B_Nacional_2007-08 + https://www.worldfootball.net/
2008-04-13,,Godoy Cruz,Tiro Federal,0,0,,,Primera Nacional,2007,zonas,,Fecha 29,,false,https://es.wikipedia.org/wiki/Campeonato_de_Primera_B_Nacional_2007-08 + https://www.worldfootball.net/
2008-04-13,,Unión,CAI,3,1,,,Primera Nacional,2007,zonas,,Fecha 29,,false,https://es.wikipedia.org/wiki/Campeonato_de_Primera_B_Nacional_2007-08 + https://www.worldfootball.net/
2008-04-14,,Atlético de Rafaela,Ferro Carril Oeste,4,0,,,Primera Nacional,2007,zonas,,Fecha 29,,false,https://es.wikipedia.org/wiki/Campeonato_de_Primera_B_Nacional_2007-08 + https://www.worldfootball.net/
2008-04-15,,San Martín (T),Ben Hur,2,0,,,Primera Nacional,2007,zonas,,Fecha 29,,false,https://es.wikipedia.org/wiki/Campeonato_de_Primera_B_Nacional_2007-08 + https://www.worldfootball.net/
2008-04-18,,Aldosivi,Chacarita Juniors,0,1,,,Primera Nacional,2007,zonas,,Fecha 30,,false,https://es.wikipedia.org/wiki/Campeonato_de_Primera_B_Nacional_2007-08 + https://www.worldfootball.net/
2008-04-19,,Ferro Carril Oeste,Unión,1,0,,,Primera Nacional,2007,zonas,,Fecha 30,,false,https://es.wikipedia.org/wiki/Campeonato_de_Primera_B_Nacional_2007-08 + https://www.worldfootball.net/
2008-04-19,,Independiente Rivadavia,Defensa y Justicia,0,0,,,Primera Nacional,2007,zonas,,Fecha 30,,false,https://es.wikipedia.org/wiki/Campeonato_de_Primera_B_Nacional_2007-08 + https://www.worldfootball.net/
2008-04-19,,Platense,Godoy Cruz,1,1,,,Primera Nacional,2007,zonas,,Fecha 30,,false,https://es.wikipedia.org/wiki/Campeonato_de_Primera_B_Nacional_2007-08 + https://www.worldfootball.net/
2008-04-19,,Quilmes,San Martín (T),0,0,,,Primera Nacional,2007,zonas,,Fecha 30,,false,https://es.wikipedia.org/wiki/Campeonato_de_Primera_B_Nacional_2007-08 + https://www.worldfootball.net/
2008-04-19,,Talleres (C),Almirante Brown,2,1,,,Primera Nacional,2007,zonas,,Fecha 30,,false,https://es.wikipedia.org/wiki/Campeonato_de_Primera_B_Nacional_2007-08 + https://www.worldfootball.net/
2008-04-19,,Tiro Federal,Atlético de Rafaela,1,1,,,Primera Nacional,2007,zonas,,Fecha 30,,false,https://es.wikipedia.org/wiki/Campeonato_de_Primera_B_Nacional_2007-08 + https://www.worldfootball.net/
2008-04-20,,Ben Hur,Nueva Chicago,0,2,,,Primera Nacional,2007,zonas,,Fecha 30,,false,https://es.wikipedia.org/wiki/Campeonato_de_Primera_B_Nacional_2007-08 + https://www.worldfootball.net/
2008-04-20,,CAI,Instituto,0,0,,,Primera Nacional,2007,zonas,,Fecha 30,,false,https://es.wikipedia.org/wiki/Campeonato_de_Primera_B_Nacional_2007-08 + https://www.worldfootball.net/
2008-04-22,,Almagro,Belgrano,0,1,,,Primera Nacional,2007,zonas,,Fecha 30,,false,https://es.wikipedia.org/wiki/Campeonato_de_Primera_B_Nacional_2007-08 + https://www.worldfootball.net/
2008-04-25,,Chacarita Juniors,Talleres (C),2,1,,,Primera Nacional,2007,zonas,,Fecha 31,,false,https://es.wikipedia.org/wiki/Campeonato_de_Primera_B_Nacional_2007-08 + https://www.worldfootball.net/
2008-04-26,,Almirante Brown,Independiente Rivadavia,1,0,,,Primera Nacional,2007,zonas,,Fecha 31,,false,https://es.wikipedia.org/wiki/Campeonato_de_Primera_B_Nacional_2007-08 + https://www.worldfootball.net/
2008-04-26,,Atlético de Rafaela,Platense,2,1,,,Primera Nacional,2007,zonas,,Fecha 31,,false,https://es.wikipedia.org/wiki/Campeonato_de_Primera_B_Nacional_2007-08 + https://www.worldfootball.net/
2008-04-26,,Belgrano,Aldosivi,1,1,,,Primera Nacional,2007,zonas,,Fecha 31,,false,https://es.wikipedia.org/wiki/Campeonato_de_Primera_B_Nacional_2007-08 + https://www.worldfootball.net/
2008-04-26,,Defensa y Justicia,Ben Hur,1,0,,,Primera Nacional,2007,zonas,,Fecha 31,,false,https://es.wikipedia.org/wiki/Campeonato_de_Primera_B_Nacional_2007-08 + https://www.worldfootball.net/
2008-04-26,,Godoy Cruz,Almagro,1,1,,,Primera Nacional,2007,zonas,,Fecha 31,,false,https://es.wikipedia.org/wiki/Campeonato_de_Primera_B_Nacional_2007-08 + https://www.worldfootball.net/
2008-04-26,,Nueva Chicago,Quilmes,0,0,,,Primera Nacional,2007,zonas,,Fecha 31,,false,https://es.wikipedia.org/wiki/Campeonato_de_Primera_B_Nacional_2007-08 + https://www.worldfootball.net/
2008-04-27,,CAI,Ferro Carril Oeste,1,2,,,Primera Nacional,2007,zonas,,Fecha 31,,false,https://es.wikipedia.org/wiki/Campeonato_de_Primera_B_Nacional_2007-08 + https://www.worldfootball.net/
2008-04-27,,Unión,Tiro Federal,1,2,,,Primera Nacional,2007,zonas,,Fecha 31,,false,https://es.wikipedia.org/wiki/Campeonato_de_Primera_B_Nacional_2007-08 + https://www.worldfootball.net/
2008-04-29,,Instituto,San Martín (T),0,1,,,Primera Nacional,2007,zonas,,Fecha 31,,false,https://es.wikipedia.org/wiki/Campeonato_de_Primera_B_Nacional_2007-08 + https://www.worldfootball.net/
2008-05-03,,Aldosivi,Godoy Cruz,2,3,,,Primera Nacional,2007,zonas,,Fecha 32,,false,https://es.wikipedia.org/wiki/Campeonato_de_Primera_B_Nacional_2007-08 + https://www.worldfootball.net/
2008-05-03,,Almagro,Atlético de Rafaela,2,0,,,Primera Nacional,2007,zonas,,Fecha 32,,false,https://es.wikipedia.org/wiki/Campeonato_de_Primera_B_Nacional_2007-08 + https://www.worldfootball.net/
2008-05-03,,Ben Hur,Almirante Brown,0,0,,,Primera Nacional,2007,zonas,,Fecha 32,,false,https://es.wikipedia.org/wiki/Campeonato_de_Primera_B_Nacional_2007-08 + https://www.worldfootball.net/
2008-05-03,,Ferro Carril Oeste,Instituto,1,0,,,Primera Nacional,2007,zonas,,Fecha 32,,false,https://es.wikipedia.org/wiki/Campeonato_de_Primera_B_Nacional_2007-08 + https://www.worldfootball.net/
2008-05-03,,Independiente Rivadavia,Chacarita Juniors,1,2,,,Primera Nacional,2007,zonas,,Fecha 32,,false,https://es.wikipedia.org/wiki/Campeonato_de_Primera_B_Nacional_2007-08 + https://www.worldfootball.net/
2008-05-03,,Platense,Unión,1,2,,,Primera Nacional,2007,zonas,,Fecha 32,,false,https://es.wikipedia.org/wiki/Campeonato_de_Primera_B_Nacional_2007-08 + https://www.worldfootball.net/
2008-05-03,,Quilmes,Defensa y Justicia,0,1,,,Primera Nacional,2007,zonas,,Fecha 32,,false,https://es.wikipedia.org/wiki/Campeonato_de_Primera_B_Nacional_2007-08 + https://www.worldfootball.net/
2008-05-03,,Talleres (C),Belgrano,0,0,,,Primera Nacional,2007,zonas,,Fecha 32,,false,https://es.wikipedia.org/wiki/Campeonato_de_Primera_B_Nacional_2007-08 + https://www.worldfootball.net/
2008-05-03,,Tiro Federal,CAI,3,2,,,Primera Nacional,2007,zonas,,Fecha 32,,false,https://es.wikipedia.org/wiki/Campeonato_de_Primera_B_Nacional_2007-08 + https://www.worldfootball.net/
2008-05-06,,San Martín (T),Nueva Chicago,1,1,,,Primera Nacional,2007,zonas,,Fecha 32,,false,https://es.wikipedia.org/wiki/Campeonato_de_Primera_B_Nacional_2007-08 + https://www.worldfootball.net/
2008-05-09,,Godoy Cruz,Talleres (C),2,1,,,Primera Nacional,2007,zonas,,Fecha 33,,false,https://es.wikipedia.org/wiki/Campeonato_de_Primera_B_Nacional_2007-08 + https://www.worldfootball.net/
2008-05-10,,Almirante Brown,Quilmes,2,0,,,Primera Nacional,2007,zonas,,Fecha 33,,false,https://es.wikipedia.org/wiki/Campeonato_de_Primera_B_Nacional_2007-08 + https://www.worldfootball.net/
2008-05-10,,Atlético de Rafaela,Aldosivi,0,1,,,Primera Nacional,2007,zonas,,Fecha 33,,false,https://es.wikipedia.org/wiki/Campeonato_de_Primera_B_Nacional_2007-08 + https://www.worldfootball.net/
2008-05-10,,Belgrano,Independiente Rivadavia,0,1,,,Primera Nacional,2007,zonas,,Fecha 33,,false,https://es.wikipedia.org/wiki/Campeonato_de_Primera_B_Nacional_2007-08 + https://www.worldfootball.net/
2008-05-10,,Chacarita Juniors,Ben Hur,3,1,,,Primera Nacional,2007,zonas,,Fecha 33,,false,https://es.wikipedia.org/wiki/Campeonato_de_Primera_B_Nacional_2007-08 + https://www.worldfootball.net/
2008-05-10,,Defensa y Justicia,San Martín (T),3,1,,,Primera Nacional,2007,zonas,,Fecha 33,,false,https://es.wikipedia.org/wiki/Campeonato_de_Primera_B_Nacional_2007-08 + https://www.worldfootball.net/
2008-05-10,,Ferro Carril Oeste,Tiro Federal,0,0,,,Primera Nacional,2007,zonas,,Fecha 33,,false,https://es.wikipedia.org/wiki/Campeonato_de_Primera_B_Nacional_2007-08 + https://www.worldfootball.net/
2008-05-11,,CAI,Platense,3,1,,,Primera Nacional,2007,zonas,,Fecha 33,,false,https://es.wikipedia.org/wiki/Campeonato_de_Primera_B_Nacional_2007-08 + https://www.worldfootball.net/
2008-05-11,,Unión,Almagro,2,1,,,Primera Nacional,2007,zonas,,Fecha 33,,false,https://es.wikipedia.org/wiki/Campeonato_de_Primera_B_Nacional_2007-08 + https://www.worldfootball.net/
2008-05-13,,Instituto,Nueva Chicago,1,1,,,Primera Nacional,2007,zonas,,Fecha 33,,false,https://es.wikipedia.org/wiki/Campeonato_de_Primera_B_Nacional_2007-08 + https://www.worldfootball.net/
2008-05-16,,Ben Hur,Belgrano,1,2,,,Primera Nacional,2007,zonas,,Fecha 34,,false,https://es.wikipedia.org/wiki/Campeonato_de_Primera_B_Nacional_2007-08 + https://www.worldfootball.net/
2008-05-17,,Aldosivi,Unión,0,0,,,Primera Nacional,2007,zonas,,Fecha 34,,false,https://es.wikipedia.org/wiki/Campeonato_de_Primera_B_Nacional_2007-08 + https://www.worldfootball.net/
2008-05-17,,Almagro,CAI,2,0,,,Primera Nacional,2007,zonas,,Fecha 34,,false,https://es.wikipedia.org/wiki/Campeonato_de_Primera_B_Nacional_2007-08 + https://www.worldfootball.net/
2008-05-17,,Independiente Rivadavia,Godoy Cruz,0,1,,,Primera Nacional,2007,zonas,,Fecha 34,,false,https://es.wikipedia.org/wiki/Campeonato_de_Primera_B_Nacional_2007-08 + https://www.worldfootball.net/
2008-05-17,,Nueva Chicago,Defensa y Justicia,2,2,,,Primera Nacional,2007,zonas,,Fecha 34,,false,https://es.wikipedia.org/wiki/Campeonato_de_Primera_B_Nacional_2007-08 + https://www.worldfootball.net/
2008-05-17,,Talleres (C),Atlético de Rafaela,1,2,,,Primera Nacional,2007,zonas,,Fecha 34,,false,https://es.wikipedia.org/wiki/Campeonato_de_Primera_B_Nacional_2007-08 + https://www.worldfootball.net/
2008-05-17,,Tiro Federal,Instituto,3,3,,,Primera Nacional,2007,zonas,,Fecha 34,,false,https://es.wikipedia.org/wiki/Campeonato_de_Primera_B_Nacional_2007-08 + https://www.worldfootball.net/
2008-05-18,,Quilmes,Chacarita Juniors,2,0,,,Primera Nacional,2007,zonas,,Fecha 34,,false,https://es.wikipedia.org/wiki/Campeonato_de_Primera_B_Nacional_2007-08 + https://www.worldfootball.net/
2008-05-20,,Platense,Ferro Carril Oeste,2,1,,,Primera Nacional,2007,zonas,,Fecha 34,,false,https://es.wikipedia.org/wiki/Campeonato_de_Primera_B_Nacional_2007-08 + https://www.worldfootball.net/
2008-05-20,,San Martín (T),Almirante Brown,1,1,,,Primera Nacional,2007,zonas,,Fecha 34,,false,https://es.wikipedia.org/wiki/Campeonato_de_Primera_B_Nacional_2007-08 + https://www.worldfootball.net/
2008-05-23,,Belgrano,Quilmes,0,2,,,Primera Nacional,2007,zonas,,Fecha 35,,false,https://es.wikipedia.org/wiki/Campeonato_de_Primera_B_Nacional_2007-08 + https://www.worldfootball.net/
2008-05-24,,Almirante Brown,Nueva Chicago,0,0,,,Primera Nacional,2007,zonas,,Fecha 35,,false,https://es.wikipedia.org/wiki/Campeonato_de_Primera_B_Nacional_2007-08 + https://www.worldfootball.net/
2008-05-24,,Atlético de Rafaela,Independiente Rivadavia,4,0,,,Primera Nacional,2007,zonas,,Fecha 35,,false,https://es.wikipedia.org/wiki/Campeonato_de_Primera_B_Nacional_2007-08 + https://www.worldfootball.net/
2008-05-24,,Ferro Carril Oeste,Almagro,0,0,,,Primera Nacional,2007,zonas,,Fecha 35,,false,https://es.wikipedia.org/wiki/Campeonato_de_Primera_B_Nacional_2007-08 + https://www.worldfootball.net/
2008-05-24,,Instituto,Defensa y Justicia,0,0,,,Primera Nacional,2007,zonas,,Fecha 35,,false,https://es.wikipedia.org/wiki/Campeonato_de_Primera_B_Nacional_2007-08 + https://www.worldfootball.net/
2008-05-25,,CAI,Aldosivi,4,2,,,Primera Nacional,2007,zonas,,Fecha 35,,false,https://es.wikipedia.org/wiki/Campeonato_de_Primera_B_Nacional_2007-08 + https://www.worldfootball.net/
2008-05-25,,Godoy Cruz,Ben Hur,0,1,,,Primera Nacional,2007,zonas,,Fecha 35,,false,https://es.wikipedia.org/wiki/Campeonato_de_Primera_B_Nacional_2007-08 + https://www.worldfootball.net/
2008-05-25,,Unión,Talleres (C),3,1,,,Primera Nacional,2007,zonas,,Fecha 35,,false,https://es.wikipedia.org/wiki/Campeonato_de_Primera_B_Nacional_2007-08 + https://www.worldfootball.net/
2008-05-26,,Tiro Federal,Platense,2,1,,,Primera Nacional,2007,zonas,,Fecha 35,,false,https://es.wikipedia.org/wiki/Campeonato_de_Primera_B_Nacional_2007-08 + https://www.worldfootball.net/
2008-05-27,,Chacarita Juniors,San Martín (T),2,2,,,Primera Nacional,2007,zonas,,Fecha 35,,false,https://es.wikipedia.org/wiki/Campeonato_de_Primera_B_Nacional_2007-08 + https://www.worldfootball.net/
2008-05-30,,Ben Hur,Atlético de Rafaela,2,0,,,Primera Nacional,2007,zonas,,Fecha 36,,false,https://es.wikipedia.org/wiki/Campeonato_de_Primera_B_Nacional_2007-08 + https://www.worldfootball.net/
2008-05-31,,Almagro,Tiro Federal,3,3,,,Primera Nacional,2007,zonas,,Fecha 36,,false,https://es.wikipedia.org/wiki/Campeonato_de_Primera_B_Nacional_2007-08 + https://www.worldfootball.net/
2008-05-31,,Defensa y Justicia,Almirante Brown,0,0,,,Primera Nacional,2007,zonas,,Fecha 36,,false,https://es.wikipedia.org/wiki/Campeonato_de_Primera_B_Nacional_2007-08 + https://www.worldfootball.net/
2008-05-31,,Independiente Rivadavia,Unión,3,4,,,Primera Nacional,2007,zonas,,Fecha 36,,false,https://es.wikipedia.org/wiki/Campeonato_de_Primera_B_Nacional_2007-08 + https://www.worldfootball.net/
2008-05-31,,Nueva Chicago,Chacarita Juniors,1,1,,,Primera Nacional,2007,zonas,,Fecha 36,,false,https://es.wikipedia.org/wiki/Campeonato_de_Primera_B_Nacional_2007-08 + https://www.worldfootball.net/
2008-05-31,,Platense,Instituto,1,1,,,Primera Nacional,2007,zonas,,Fecha 36,,false,https://es.wikipedia.org/wiki/Campeonato_de_Primera_B_Nacional_2007-08 + https://www.worldfootball.net/
2008-05-31,,Quilmes,Godoy Cruz,0,0,,,Primera Nacional,2007,zonas,,Fecha 36,,false,https://es.wikipedia.org/wiki/Campeonato_de_Primera_B_Nacional_2007-08 + https://www.worldfootball.net/
2008-06-01,,Aldosivi,Ferro Carril Oeste,3,0,,,Primera Nacional,2007,zonas,,Fecha 36,,false,https://es.wikipedia.org/wiki/Campeonato_de_Primera_B_Nacional_2007-08 + https://www.worldfootball.net/
2008-06-01,,Talleres (C),CAI,1,1,,,Primera Nacional,2007,zonas,,Fecha 36,,false,https://es.wikipedia.org/wiki/Campeonato_de_Primera_B_Nacional_2007-08 + https://www.worldfootball.net/
2008-06-03,,San Martín (T),Belgrano,2,0,,,Primera Nacional,2007,zonas,,Fecha 36,,false,https://es.wikipedia.org/wiki/Campeonato_de_Primera_B_Nacional_2007-08 + https://www.worldfootball.net/
2008-06-06,,Chacarita Juniors,Defensa y Justicia,1,0,,,Primera Nacional,2007,zonas,,Fecha 37,,false,https://es.wikipedia.org/wiki/Campeonato_de_Primera_B_Nacional_2007-08 + https://www.worldfootball.net/
2008-06-07,,Atlético de Rafaela,Quilmes,1,1,,,Primera Nacional,2007,zonas,,Fecha 37,,false,https://es.wikipedia.org/wiki/Campeonato_de_Primera_B_Nacional_2007-08 + https://www.worldfootball.net/
2008-06-07,,Belgrano,Nueva Chicago,1,1,,,Primera Nacional,2007,zonas,,Fecha 37,,false,https://es.wikipedia.org/wiki/Campeonato_de_Primera_B_Nacional_2007-08 + https://www.worldfootball.net/
2008-06-07,,Ferro Carril Oeste,Talleres (C),4,1,,,Primera Nacional,2007,zonas,,Fecha 37,,false,https://es.wikipedia.org/wiki/Campeonato_de_Primera_B_Nacional_2007-08 + https://www.worldfootball.net/
2008-06-07,,Instituto,Almirante Brown,0,0,,,Primera Nacional,2007,zonas,,Fecha 37,,false,https://es.wikipedia.org/wiki/Campeonato_de_Primera_B_Nacional_2007-08 + https://www.worldfootball.net/
2008-06-07,,Platense,Almagro,1,0,,,Primera Nacional,2007,zonas,,Fecha 37,,false,https://es.wikipedia.org/wiki/Campeonato_de_Primera_B_Nacional_2007-08 + https://www.worldfootball.net/
2008-06-07,,Tiro Federal,Aldosivi,3,1,,,Primera Nacional,2007,zonas,,Fecha 37,,false,https://es.wikipedia.org/wiki/Campeonato_de_Primera_B_Nacional_2007-08 + https://www.worldfootball.net/
2008-06-07,,Unión,Ben Hur,1,1,,,Primera Nacional,2007,zonas,,Fecha 37,,false,https://es.wikipedia.org/wiki/Campeonato_de_Primera_B_Nacional_2007-08 + https://www.worldfootball.net/
2008-06-08,,CAI,Independiente Rivadavia,0,1,,,Primera Nacional,2007,zonas,,Fecha 37,,false,https://es.wikipedia.org/wiki/Campeonato_de_Primera_B_Nacional_2007-08 + https://www.worldfootball.net/
2008-06-10,,Godoy Cruz,San Martín (T),2,0,,,Primera Nacional,2007,zonas,,Fecha 37,,false,https://es.wikipedia.org/wiki/Campeonato_de_Primera_B_Nacional_2007-08 + https://www.worldfootball.net/
2008-06-14,,Aldosivi,Platense,4,2,,,Primera Nacional,2007,zonas,,Fecha 38,,false,https://es.wikipedia.org/wiki/Campeonato_de_Primera_B_Nacional_2007-08 + https://www.worldfootball.net/
2008-06-14,,Almagro,Instituto,0,1,,,Primera Nacional,2007,zonas,,Fecha 38,,false,https://es.wikipedia.org/wiki/Campeonato_de_Primera_B_Nacional_2007-08 + https://www.worldfootball.net/
2008-06-14,,Almirante Brown,Chacarita Juniors,0,0,,,Primera Nacional,2007,zonas,,Fecha 38,,false,https://es.wikipedia.org/wiki/Campeonato_de_Primera_B_Nacional_2007-08 + https://www.worldfootball.net/
2008-06-14,,Ben Hur,CAI,0,1,,,Primera Nacional,2007,zonas,,Fecha 38,,false,https://es.wikipedia.org/wiki/Campeonato_de_Primera_B_Nacional_2007-08 + https://www.worldfootball.net/
2008-06-14,,Defensa y Justicia,Belgrano,1,2,,,Primera Nacional,2007,zonas,,Fecha 38,,false,https://es.wikipedia.org/wiki/Campeonato_de_Primera_B_Nacional_2007-08 + https://www.worldfootball.net/
2008-06-14,,Independiente Rivadavia,Ferro Carril Oeste,0,0,,,Primera Nacional,2007,zonas,,Fecha 38,,false,https://es.wikipedia.org/wiki/Campeonato_de_Primera_B_Nacional_2007-08 + https://www.worldfootball.net/
2008-06-14,,Nueva Chicago,Godoy Cruz,1,1,,,Primera Nacional,2007,zonas,,Fecha 38,,false,https://es.wikipedia.org/wiki/Campeonato_de_Primera_B_Nacional_2007-08 + https://www.worldfootball.net/
2008-06-14,,Quilmes,Unión,4,3,,,Primera Nacional,2007,zonas,,Fecha 38,,false,https://es.wikipedia.org/wiki/Campeonato_de_Primera_B_Nacional_2007-08 + https://www.worldfootball.net/
2008-06-14,,San Martín (T),Atlético de Rafaela,1,1,,,Primera Nacional,2007,zonas,,Fecha 38,,false,https://es.wikipedia.org/wiki/Campeonato_de_Primera_B_Nacional_2007-08 + https://www.worldfootball.net/
2008-06-14,,Talleres (C),Tiro Federal,1,0,,,Primera Nacional,2007,zonas,,Fecha 38,,false,https://es.wikipedia.org/wiki/Campeonato_de_Primera_B_Nacional_2007-08 + https://www.worldfootball.net/
2008-06-25,18:00,Unión,Gimnasia y Esgrima (J),1,1,,,Primera Nacional,2007,eliminacion,,Promoción 2,15 de Abril,false,https://es.wikipedia.org/wiki/Campeonato_de_Primera_B_Nacional_2007-08
2008-06-25,21:00,Belgrano,Racing Club,1,1,,,Primera Nacional,2007,eliminacion,,Promoción 1,Estadio Mario Alberto Kempes,false,https://es.wikipedia.org/wiki/Campeonato_de_Primera_B_Nacional_2007-08
2008-06-29,15:10,Racing Club,Belgrano,1,0,,,Primera Nacional,2007,eliminacion,,Promoción 1,Presidente Perón,false,https://es.wikipedia.org/wiki/Campeonato_de_Primera_B_Nacional_2007-08
2008-06-29,18:10,Gimnasia y Esgrima (J),Unión,1,0,,,Primera Nacional,2007,eliminacion,,Promoción 2,23 de Agosto,false,https://es.wikipedia.org/wiki/Campeonato_de_Primera_B_Nacional_2007-08
