date,time,home_team,away_team,home_score,away_score,home_pens,away_pens,tournament,season,phase,group,matchday,venue,neutral,source
2010-01-29,19:00,Godoy Cruz,Gimnasia y Esgrima (LP),1,0,,,Primera Division - Clausura,2010,zonas,,Fecha 1,Malvinas Argentina,false,https://es.wikipedia.org/wiki/Anexo:Torneo_Clausura_2010_(Argentina)
2010-01-29,21:10,Estudiantes (LP),Arsenal,3,0,,,Primera Division - Clausura,2010,zonas,,Fecha 1,Centenario,false,https://es.wikipedia.org/wiki/Anexo:Torneo_Clausura_2010_(Argentina)
2010-01-30,17:00,Tigre,Chacarita Juniors,0,2,,,Primera Division - Clausura,2010,zonas,,Fecha 1,Monumental de Victoria,false,https://es.wikipedia.org/wiki/Anexo:Torneo_Clausura_2010_(Argentina)
2010-01-30,17:00,Vélez Sarsfield,Colón,1,1,,,Primera Division - Clausura,2010,zonas,,Fecha 1,José Amalfitani,false,https://es.wikipedia.org/wiki/Anexo:Torneo_Clausura_2010_(Argentina)
2010-01-30,19:10,Racing Club,Rosario Central,3,0,,,Primera Division - Clausura,2010,zonas,,Fecha 1,El Cilindro,false,https://es.wikipedia.org/wiki/Anexo:Torneo_Clausura_2010_(Argentina)
2010-01-30,21:15,Atlético Tucumán,San Lorenzo,0,1,,,Primera Division - Clausura,2010,zonas,,Fecha 1,Monumental José Fierro,false,https://es.wikipedia.org/wiki/Anexo:Torneo_Clausura_2010_(Argentina)
2010-01-31,17:00,River Plate,Banfield,0,1,,,Primera Division - Clausura,2010,zonas,,Fecha 1,Monumental,false,https://es.wikipedia.org/wiki/Anexo:Torneo_Clausura_2010_(Argentina)
2010-01-31,19:10,Lanús,Huracán,3,2,,,Primera Division - Clausura,2010,zonas,,Fecha 1,Ciudad de Lanús,false,https://es.wikipedia.org/wiki/Anexo:Torneo_Clausura_2010_(Argentina)
2010-01-31,19:10,Newell's Old Boys,Independiente,0,0,,,Primera Division - Clausura,2010,zonas,,Fecha 1,Marcelo Bielsa,false,https://es.wikipedia.org/wiki/Anexo:Torneo_Clausura_2010_(Argentina)
2010-01-31,21:15,Argentinos Juniors,Boca Juniors,2,2,,,Primera Division - Clausura,2010,zonas,,Fecha 1,Diego Armando Maradona,false,https://es.wikipedia.org/wiki/Anexo:Torneo_Clausura_2010_(Argentina)
2010-02-02,17:00,Rosario Central,Tigre,0,1,,,Primera Division - Clausura,2010,zonas,,Fecha 2,Gigante de Arroyito,false,https://es.wikipedia.org/wiki/Anexo:Torneo_Clausura_2010_(Argentina)
2010-02-02,19:10,Arsenal,Vélez Sarsfield,0,3,,,Primera Division - Clausura,2010,zonas,,Fecha 2,El Viaducto,false,https://es.wikipedia.org/wiki/Anexo:Torneo_Clausura_2010_(Argentina)
2010-02-02,21:15,Colón,Racing Club,2,1,,,Primera Division - Clausura,2010,zonas,,Fecha 2,Brigadier Estanislao López,false,https://es.wikipedia.org/wiki/Anexo:Torneo_Clausura_2010_(Argentina)
2010-02-03,17:00,Gimnasia y Esgrima (LP),Estudiantes (LP),3,1,,,Primera Division - Clausura,2010,zonas,,Fecha 2,Juan Carmelo Zerillo,false,https://es.wikipedia.org/wiki/Anexo:Torneo_Clausura_2010_(Argentina)
2010-02-03,19:10,Huracán,Newell's Old Boys,2,1,,,Primera Division - Clausura,2010,zonas,,Fecha 2,Tomás A. Ducó,false,https://es.wikipedia.org/wiki/Anexo:Torneo_Clausura_2010_(Argentina)
2010-02-03,21:15,Banfield,Argentinos Juniors,3,0,,,Primera Division - Clausura,2010,zonas,,Fecha 2,Florencio Sola,false,https://es.wikipedia.org/wiki/Anexo:Torneo_Clausura_2010_(Argentina)
2010-02-03,21:15,Boca Juniors,Lanús,3,1,,,Primera Division - Clausura,2010,zonas,,Fecha 2,La Bombonera,false,https://es.wikipedia.org/wiki/Anexo:Torneo_Clausura_2010_(Argentina)
2010-02-04,17:00,Chacarita Juniors,River Plate,2,3,,,Primera Division - Clausura,2010,zonas,,Fecha 2,Diego Armando Maradona,false,https://es.wikipedia.org/wiki/Anexo:Torneo_Clausura_2010_(Argentina)
2010-02-04,19:10,San Lorenzo,Godoy Cruz,0,1,,,Primera Division - Clausura,2010,zonas,,Fecha 2,Nuevo Gasómetro,false,https://es.wikipedia.org/wiki/Anexo:Torneo_Clausura_2010_(Argentina)
2010-02-04,21:15,Independiente,Atlético Tucumán,3,1,,,Primera Division - Clausura,2010,zonas,,Fecha 2,Libertadores de América,false,https://es.wikipedia.org/wiki/Anexo:Torneo_Clausura_2010_(Argentina)
2010-02-06,17:00,Lanús,Argentinos Juniors,3,6,,,Primera Division - Clausura,2010,zonas,,Fecha 3,Ciudad de Lanús,false,https://es.wikipedia.org/wiki/Anexo:Torneo_Clausura_2010_(Argentina)
2010-02-06,19:10,Independiente,Tigre,0,1,,,Primera Division - Apertura,2010,zonas,,Fecha 18,Libertadores de América,false,https://es.wikipedia.org/wiki/Anexo:Torneo_Apertura_2010_(Argentina)
2010-02-06,19:10,Newell's Old Boys,Boca Juniors,4,2,,,Primera Division - Clausura,2010,zonas,,Fecha 3,Marcelo Bielsa,false,https://es.wikipedia.org/wiki/Anexo:Torneo_Clausura_2010_(Argentina)
2010-02-06,19:10,Vélez Sarsfield,Gimnasia y Esgrima (LP),2,1,,,Primera Division - Clausura,2010,zonas,,Fecha 3,José Amalfitani,false,https://es.wikipedia.org/wiki/Anexo:Torneo_Clausura_2010_(Argentina)
2010-02-06,21:15,Tigre,Colón,2,2,,,Primera Division - Clausura,2010,zonas,,Fecha 3,Monumental de Victoria,false,https://es.wikipedia.org/wiki/Anexo:Torneo_Clausura_2010_(Argentina)
2010-02-07,17:00,Chacarita Juniors,Banfield,2,1,,,Primera Division - Clausura,2010,zonas,,Fecha 3,Diego Armando Maradona,false,https://es.wikipedia.org/wiki/Anexo:Torneo_Clausura_2010_(Argentina)
2010-02-07,17:00,Estudiantes (LP),San Lorenzo,2,0,,,Primera Division - Clausura,2010,zonas,,Fecha 3,Centenario,false,https://es.wikipedia.org/wiki/Anexo:Torneo_Clausura_2010_(Argentina)
2010-02-07,19:10,River Plate,Rosario Central,0,0,,,Primera Division - Clausura,2010,zonas,,Fecha 3,Monumental,false,https://es.wikipedia.org/wiki/Anexo:Torneo_Clausura_2010_(Argentina)
2010-02-07,21:15,Racing Club,Arsenal,2,4,,,Primera Division - Clausura,2010,zonas,,Fecha 3,El Cilindro,false,https://es.wikipedia.org/wiki/Anexo:Torneo_Clausura_2010_(Argentina)
2010-02-08,19:00,Atlético Tucumán,Huracán,0,0,,,Primera Division - Clausura,2010,zonas,,Fecha 3,Monumental José Fierro,false,https://es.wikipedia.org/wiki/Anexo:Torneo_Clausura_2010_(Argentina)
2010-02-08,21:10,Godoy Cruz,Independiente,0,0,,,Primera Division - Clausura,2010,zonas,,Fecha 3,Malvinas Argentinas,false,https://es.wikipedia.org/wiki/Anexo:Torneo_Clausura_2010_(Argentina)
2010-02-12,19:00,Rosario Central,Chacarita Juniors,1,1,,,Primera Division - Clausura,2010,zonas,,Fecha 4,Gigante de Arroyito,false,https://es.wikipedia.org/wiki/Anexo:Torneo_Clausura_2010_(Argentina)
2010-02-12,21:10,Arsenal,Tigre,0,2,,,Primera Division - Clausura,2010,zonas,,Fecha 4,El Viaducto,false,https://es.wikipedia.org/wiki/Anexo:Torneo_Clausura_2010_(Argentina)
2010-02-13,17:00,Banfield,Lanús,2,0,,,Primera Division - Clausura,2010,zonas,,Fecha 4,Florencio Sola,false,https://es.wikipedia.org/wiki/Anexo:Torneo_Clausura_2010_(Argentina)
2010-02-13,19:10,Huracán,Godoy Cruz,0,0,,,Primera Division - Clausura,2010,zonas,,Fecha 4,Tomás A. Ducó,false,https://es.wikipedia.org/wiki/Anexo:Torneo_Clausura_2010_(Argentina)
2010-02-13,21:15,Gimnasia y Esgrima (LP),Racing Club,1,0,,,Primera Division - Clausura,2010,zonas,,Fecha 4,Juan Carmelo Zerillo,false,https://es.wikipedia.org/wiki/Anexo:Torneo_Clausura_2010_(Argentina)
2010-02-14,17:00,Independiente,Estudiantes (LP),3,2,,,Primera Division - Clausura,2010,zonas,,Fecha 4,Libertadores de América,false,https://es.wikipedia.org/wiki/Anexo:Torneo_Clausura_2010_(Argentina)
2010-02-14,17:00,San Lorenzo,Vélez Sarsfield,0,0,,,Primera Division - Clausura,2010,zonas,,Fecha 4,Nuevo Gasómetro,false,https://es.wikipedia.org/wiki/Anexo:Torneo_Clausura_2010_(Argentina)
2010-02-14,19:10,Boca Juniors,Atlético Tucumán,0,0,,,Primera Division - Clausura,2010,zonas,,Fecha 4,La Bombonera,false,https://es.wikipedia.org/wiki/Anexo:Torneo_Clausura_2010_(Argentina)
2010-02-14,21:15,Colón,River Plate,1,0,,,Primera Division - Clausura,2010,zonas,,Fecha 4,Brigadier Estanislao López,false,https://es.wikipedia.org/wiki/Anexo:Torneo_Clausura_2010_(Argentina)
2010-02-15,20:00,Argentinos Juniors,Newell's Old Boys,1,1,,,Primera Division - Clausura,2010,zonas,,Fecha 4,Diego Armando Maradona,false,https://es.wikipedia.org/wiki/Anexo:Torneo_Clausura_2010_(Argentina)
2010-02-19,18:00,Chacarita Juniors,Colón,1,2,,,Primera Division - Clausura,2010,zonas,,Fecha 5,Diego Armando Maradona,false,https://es.wikipedia.org/wiki/Anexo:Torneo_Clausura_2010_(Argentina)
2010-02-19,21:10,Vélez Sarsfield,Independiente,3,0,,,Primera Division - Clausura,2010,zonas,,Fecha 5,José Amalfitani,false,https://es.wikipedia.org/wiki/Anexo:Torneo_Clausura_2010_(Argentina)
2010-02-20,17:00,Tigre,Gimnasia y Esgrima (LP),1,1,,,Primera Division - Clausura,2010,zonas,,Fecha 5,Monumental de Victoria,false,https://es.wikipedia.org/wiki/Anexo:Torneo_Clausura_2010_(Argentina)
2010-02-20,19:10,Newell's Old Boys,Lanús,1,1,,,Primera Division - Clausura,2010,zonas,,Fecha 5,Marcelo Bielsa,false,https://es.wikipedia.org/wiki/Anexo:Torneo_Clausura_2010_(Argentina)
2010-02-20,21:15,Racing Club,San Lorenzo,1,0,,,Primera Division - Clausura,2010,zonas,,Fecha 5,El Cilindro,false,https://es.wikipedia.org/wiki/Anexo:Torneo_Clausura_2010_(Argentina)
2010-02-21,17:00,Banfield,Rosario Central,0,0,,,Primera Division - Clausura,2010,zonas,,Fecha 5,Florencio Sola,false,https://es.wikipedia.org/wiki/Anexo:Torneo_Clausura_2010_(Argentina)
2010-02-21,17:00,River Plate,Arsenal,1,1,,,Primera Division - Clausura,2010,zonas,,Fecha 5,Monumental,false,https://es.wikipedia.org/wiki/Anexo:Torneo_Clausura_2010_(Argentina)
2010-02-21,19:10,Atlético Tucumán,Argentinos Juniors,1,1,,,Primera Division - Clausura,2010,zonas,,Fecha 5,Monumental José Fierro,false,https://es.wikipedia.org/wiki/Anexo:Torneo_Clausura_2010_(Argentina)
2010-02-21,21:15,Godoy Cruz,Boca Juniors,1,1,,,Primera Division - Clausura,2010,zonas,,Fecha 5,Malvinas Argentinas,false,https://es.wikipedia.org/wiki/Anexo:Torneo_Clausura_2010_(Argentina)
2010-02-22,21:00,Estudiantes (LP),Huracán,2,0,,,Primera Division - Clausura,2010,zonas,,Fecha 5,Centenario,false,https://es.wikipedia.org/wiki/Anexo:Torneo_Clausura_2010_(Argentina)
2010-02-26,19:00,Arsenal,Chacarita Juniors,0,3,,,Primera Division - Clausura,2010,zonas,,Fecha 6,El Viaducto,false,https://es.wikipedia.org/wiki/Anexo:Torneo_Clausura_2010_(Argentina)
2010-02-26,21:10,Boca Juniors,Estudiantes (LP),1,1,,,Primera Division - Clausura,2010,zonas,,Fecha 6,La Bombonera,false,https://es.wikipedia.org/wiki/Anexo:Torneo_Clausura_2010_(Argentina)
2010-02-27,17:00,Huracán,Vélez Sarsfield,3,2,,,Primera Division - Clausura,2010,zonas,,Fecha 6,Tomas A. Ducó,false,https://es.wikipedia.org/wiki/Anexo:Torneo_Clausura_2010_(Argentina)
2010-02-27,17:00,Independiente,Racing Club,1,0,,,Primera Division - Clausura,2010,zonas,,Fecha 6,Libertadores de América,false,https://es.wikipedia.org/wiki/Anexo:Torneo_Clausura_2010_(Argentina)
2010-02-27,19:10,Colón,Rosario Central,1,1,,,Primera Division - Clausura,2010,zonas,,Fecha 6,Brigadier Estanislao López,false,https://es.wikipedia.org/wiki/Anexo:Torneo_Clausura_2010_(Argentina)
2010-02-28,17:00,Lanús,Atlético Tucumán,3,0,,,Primera Division - Clausura,2010,zonas,,Fecha 6,Ciudad de Lanús,false,https://es.wikipedia.org/wiki/Anexo:Torneo_Clausura_2010_(Argentina)
2010-02-28,17:00,San Lorenzo,Tigre,1,0,,,Primera Division - Clausura,2010,zonas,,Fecha 6,Nuevo Gasómetro,false,https://es.wikipedia.org/wiki/Anexo:Torneo_Clausura_2010_(Argentina)
2010-02-28,19:10,Argentinos Juniors,Godoy Cruz,1,2,,,Primera Division - Clausura,2010,zonas,,Fecha 6,Diego Armando Maradona,false,https://es.wikipedia.org/wiki/Anexo:Torneo_Clausura_2010_(Argentina)
2010-02-28,19:10,Newell's Old Boys,Banfield,2,1,,,Primera Division - Clausura,2010,zonas,,Fecha 6,Marcelo Bielsa,false,https://es.wikipedia.org/wiki/Anexo:Torneo_Clausura_2010_(Argentina)
2010-02-28,21:15,Gimnasia y Esgrima (LP),River Plate,1,1,,,Primera Division - Clausura,2010,zonas,,Fecha 6,Juan Carmelo Zerillo,false,https://es.wikipedia.org/wiki/Anexo:Torneo_Clausura_2010_(Argentina)
2010-03-02,17:00,Rosario Central,Arsenal,2,3,,,Primera Division - Clausura,2010,zonas,,Fecha 7,Gigante de Arroyito,false,https://es.wikipedia.org/wiki/Anexo:Torneo_Clausura_2010_(Argentina)
2010-03-02,19:10,Vélez Sarsfield,Boca Juniors,4,4,,,Primera Division - Clausura,2010,zonas,,Fecha 7,José Amalfitani,false,https://es.wikipedia.org/wiki/Anexo:Torneo_Clausura_2010_(Argentina)
2010-03-02,21:15,Racing Club,Huracán,1,1,,,Primera Division - Clausura,2010,zonas,,Fecha 7,El Cilindro,false,https://es.wikipedia.org/wiki/Anexo:Torneo_Clausura_2010_(Argentina)
2010-03-03,19:00,Estudiantes (LP),Argentinos Juniors,0,1,,,Primera Division - Clausura,2010,zonas,,Fecha 7,Centenario,false,https://es.wikipedia.org/wiki/Anexo:Torneo_Clausura_2010_(Argentina)
2010-03-03,19:00,Godoy Cruz,Lanús,2,1,,,Primera Division - Clausura,2010,zonas,,Fecha 7,Malvinas Argentinas,false,https://es.wikipedia.org/wiki/Anexo:Torneo_Clausura_2010_(Argentina)
2010-03-03,21:10,Tigre,Independiente,0,1,,,Primera Division - Clausura,2010,zonas,,Fecha 7,Monumental de Victoria,false,https://es.wikipedia.org/wiki/Anexo:Torneo_Clausura_2010_(Argentina)
2010-03-04,17:00,Chacarita Juniors,Gimnasia y Esgrima (LP),0,1,,,Primera Division - Clausura,2010,zonas,,Fecha 7,Diego Armando Maradona,false,https://es.wikipedia.org/wiki/Anexo:Torneo_Clausura_2010_(Argentina)
2010-03-04,19:10,Atlético Tucumán,Newell's Old Boys,1,1,,,Primera Division - Clausura,2010,zonas,,Fecha 7,Monumental José Fierro,false,https://es.wikipedia.org/wiki/Anexo:Torneo_Clausura_2010_(Argentina)
2010-03-04,19:10,River Plate,San Lorenzo,1,0,,,Primera Division - Clausura,2010,zonas,,Fecha 7,Monumental,false,https://es.wikipedia.org/wiki/Anexo:Torneo_Clausura_2010_(Argentina)
2010-03-04,21:15,Banfield,Colón,3,1,,,Primera Division - Clausura,2010,zonas,,Fecha 7,Florencio Sola,false,https://es.wikipedia.org/wiki/Anexo:Torneo_Clausura_2010_(Argentina)
2010-03-06,19:00,Boca Juniors,Racing Club,1,2,,,Primera Division - Clausura,2010,zonas,,Fecha 8,La Bombonera,false,https://es.wikipedia.org/wiki/Anexo:Torneo_Clausura_2010_(Argentina)
2010-03-06,21:10,Lanús,Estudiantes (LP),0,0,,,Primera Division - Clausura,2010,zonas,,Fecha 8,Ciudad de Lanús,false,https://es.wikipedia.org/wiki/Anexo:Torneo_Clausura_2010_(Argentina)
2010-03-07,17:00,Huracán,Tigre,2,3,,,Primera Division - Clausura,2010,zonas,,Fecha 8,Tomas A. Ducó,false,https://es.wikipedia.org/wiki/Anexo:Torneo_Clausura_2010_(Argentina)
2010-03-07,17:00,Newell's Old Boys,Godoy Cruz,2,1,,,Primera Division - Clausura,2010,zonas,,Fecha 8,Marcelo Bielsa,false,https://es.wikipedia.org/wiki/Anexo:Torneo_Clausura_2010_(Argentina)
2010-03-07,19:10,Argentinos Juniors,Vélez Sarsfield,1,0,,,Primera Division - Clausura,2010,zonas,,Fecha 8,Diego Armando Maradona,false,https://es.wikipedia.org/wiki/Anexo:Torneo_Clausura_2010_(Argentina)
2010-03-07,19:10,Independiente,River Plate,2,0,,,Primera Division - Clausura,2010,zonas,,Fecha 8,Libertadores de América,false,https://es.wikipedia.org/wiki/Anexo:Torneo_Clausura_2010_(Argentina)
2010-03-07,21:15,Atlético Tucumán,Banfield,0,0,,,Primera Division - Clausura,2010,zonas,,Fecha 8,Monumental José Fierro,false,https://es.wikipedia.org/wiki/Anexo:Torneo_Clausura_2010_(Argentina)
2010-03-08,17:00,San Lorenzo,Chacarita Juniors,3,1,,,Primera Division - Clausura,2010,zonas,,Fecha 8,Nuevo Gasómetro,false,https://es.wikipedia.org/wiki/Anexo:Torneo_Clausura_2010_(Argentina)
2010-03-08,19:15,Gimnasia y Esgrima (LP),Rosario Central,1,1,,,Primera Division - Clausura,2010,zonas,,Fecha 8,Juan Carmelo Zerillo,false,https://es.wikipedia.org/wiki/Anexo:Torneo_Clausura_2010_(Argentina)
2010-03-08,21:15,Arsenal,Colón,3,0,,,Primera Division - Clausura,2010,zonas,,Fecha 8,El Viaducto,false,https://es.wikipedia.org/wiki/Anexo:Torneo_Clausura_2010_(Argentina)
2010-03-12,19:00,Vélez Sarsfield,Lanús,1,0,,,Primera Division - Clausura,2010,zonas,,Fecha 9,José Amalfitani,false,https://es.wikipedia.org/wiki/Anexo:Torneo_Clausura_2010_(Argentina)
2010-03-12,21:10,Godoy Cruz,Atlético Tucumán,2,1,,,Primera Division - Clausura,2010,zonas,,Fecha 9,Malvinas Argentinas,false,https://es.wikipedia.org/wiki/Anexo:Torneo_Clausura_2010_(Argentina)
2010-03-13,17:00,Chacarita Juniors,Independiente,0,1,,,Primera Division - Clausura,2010,zonas,,Fecha 9,Diego Armando Maradona,false,https://es.wikipedia.org/wiki/Anexo:Torneo_Clausura_2010_(Argentina)
2010-03-13,19:10,Colón,Gimnasia y Esgrima (LP),1,1,,,Primera Division - Clausura,2010,zonas,,Fecha 9,Brigadier Estanislao López,false,https://es.wikipedia.org/wiki/Anexo:Torneo_Clausura_2010_(Argentina)
2010-03-13,19:10,Estudiantes (LP),Newell's Old Boys,2,0,,,Primera Division - Clausura,2010,zonas,,Fecha 9,Centenario,false,https://es.wikipedia.org/wiki/Anexo:Torneo_Clausura_2010_(Argentina)
2010-03-13,21:15,Banfield,Arsenal,0,0,,,Primera Division - Clausura,2010,zonas,,Fecha 9,Florencio Sola,false,https://es.wikipedia.org/wiki/Anexo:Torneo_Clausura_2010_(Argentina)
2010-03-14,17:00,River Plate,Huracán,2,0,,,Primera Division - Clausura,2010,zonas,,Fecha 9,Monumental,false,https://es.wikipedia.org/wiki/Anexo:Torneo_Clausura_2010_(Argentina)
2010-03-14,17:00,Rosario Central,San Lorenzo,1,0,,,Primera Division - Clausura,2010,zonas,,Fecha 9,Gigante de Arroyito,false,https://es.wikipedia.org/wiki/Anexo:Torneo_Clausura_2010_(Argentina)
2010-03-14,19:10,Tigre,Boca Juniors,3,0,,,Primera Division - Clausura,2010,zonas,,Fecha 9,Monumental de Victoria,false,https://es.wikipedia.org/wiki/Anexo:Torneo_Clausura_2010_(Argentina)
2010-03-14,21:15,Racing Club,Argentinos Juniors,0,1,,,Primera Division - Clausura,2010,zonas,,Fecha 9,El Cilindro,false,https://es.wikipedia.org/wiki/Anexo:Torneo_Clausura_2010_(Argentina)
2010-03-19,18:00,Huracán,Chacarita Juniors,2,0,,,Primera Division - Clausura,2010,zonas,,Fecha 10,Tomas A. Ducó,false,https://es.wikipedia.org/wiki/Anexo:Torneo_Clausura_2010_(Argentina)
2010-03-19,21:10,Atlético Tucumán,Estudiantes (LP),1,3,,,Primera Division - Clausura,2010,zonas,,Fecha 10,Monumental José Fierro,false,https://es.wikipedia.org/wiki/Anexo:Torneo_Clausura_2010_(Argentina)
2010-03-20,15:00,San Lorenzo,Colón,2,2,,,Primera Division - Clausura,2010,zonas,,Fecha 10,Nuevo Gasómetro,false,https://es.wikipedia.org/wiki/Anexo:Torneo_Clausura_2010_(Argentina)
2010-03-20,17:10,Lanús,Racing Club,1,0,,,Primera Division - Clausura,2010,zonas,,Fecha 10,Ciudad de Lanús,false,https://es.wikipedia.org/wiki/Anexo:Torneo_Clausura_2010_(Argentina)
2010-03-20,17:10,Newell's Old Boys,Vélez Sarsfield,1,1,,,Primera Division - Clausura,2010,zonas,,Fecha 10,Marcelo Bielsa,false,https://es.wikipedia.org/wiki/Anexo:Torneo_Clausura_2010_(Argentina)
2010-03-20,19:10,Argentinos Juniors,Tigre,1,1,,,Primera Division - Clausura,2010,zonas,,Fecha 10,Diego Armando Maradona,false,https://es.wikipedia.org/wiki/Anexo:Torneo_Clausura_2010_(Argentina)
2010-03-21,15:00,Boca Juniors,River Plate,2,0,,,Primera Division - Clausura,2010,zonas,,Fecha 10,La Bombonera,false,https://es.wikipedia.org/wiki/Anexo:Torneo_Clausura_2010_(Argentina)
2010-03-21,17:10,Independiente,Rosario Central,2,0,,,Primera Division - Clausura,2010,zonas,,Fecha 10,Libertadores de América,false,https://es.wikipedia.org/wiki/Anexo:Torneo_Clausura_2010_(Argentina)
2010-03-21,19:10,Gimnasia y Esgrima (LP),Arsenal,0,2,,,Primera Division - Clausura,2010,zonas,,Fecha 10,Juan Carmelo Zerillo,false,https://es.wikipedia.org/wiki/Anexo:Torneo_Clausura_2010_(Argentina)
2010-03-21,21:15,Godoy Cruz,Banfield,2,0,,,Primera Division - Clausura,2010,zonas,,Fecha 10,Malvinas Argentinas,false,https://es.wikipedia.org/wiki/Anexo:Torneo_Clausura_2010_(Argentina)
2010-03-26,19:00,Estudiantes (LP),Godoy Cruz,2,1,,,Primera Division - Clausura,2010,zonas,,Fecha 11,Centenario,false,https://es.wikipedia.org/wiki/Anexo:Torneo_Clausura_2010_(Argentina)
2010-03-26,21:10,Rosario Central,Huracán,0,2,,,Primera Division - Clausura,2010,zonas,,Fecha 11,Gigante de Arroyito,false,https://es.wikipedia.org/wiki/Anexo:Torneo_Clausura_2010_(Argentina)
2010-03-27,15:00,Racing Club,Newell's Old Boys,1,0,,,Primera Division - Clausura,2010,zonas,,Fecha 11,El Cilindro,false,https://es.wikipedia.org/wiki/Anexo:Torneo_Clausura_2010_(Argentina)
2010-03-27,19:10,Tigre,Lanús,0,1,,,Primera Division - Clausura,2010,zonas,,Fecha 11,Monumental de Victoria,false,https://es.wikipedia.org/wiki/Anexo:Torneo_Clausura_2010_(Argentina)
2010-03-27,21:15,Banfield,Gimnasia y Esgrima (LP),3,2,,,Primera Division - Clausura,2010,zonas,,Fecha 11,Florencio Sola,false,https://es.wikipedia.org/wiki/Anexo:Torneo_Clausura_2010_(Argentina)
2010-03-28,15:00,Chacarita Juniors,Boca Juniors,4,1,,,Primera Division - Clausura,2010,zonas,,Fecha 11,Tomás A. Ducó,false,https://es.wikipedia.org/wiki/Anexo:Torneo_Clausura_2010_(Argentina)
2010-03-28,17:10,Colón,Independiente,1,1,,,Primera Division - Clausura,2010,zonas,,Fecha 11,Brigadier Estanislao López,false,https://es.wikipedia.org/wiki/Anexo:Torneo_Clausura_2010_(Argentina)
2010-03-28,19:10,Vélez Sarsfield,Atlético Tucumán,1,0,,,Primera Division - Clausura,2010,zonas,,Fecha 11,José Amalfitani,false,https://es.wikipedia.org/wiki/Anexo:Torneo_Clausura_2010_(Argentina)
2010-03-28,21:15,Arsenal,San Lorenzo,1,0,,,Primera Division - Clausura,2010,zonas,,Fecha 11,El Viaducto,false,https://es.wikipedia.org/wiki/Anexo:Torneo_Clausura_2010_(Argentina)
2010-03-29,20:00,River Plate,Argentinos Juniors,0,1,,,Primera Division - Clausura,2010,zonas,,Fecha 11,Monumental,false,https://es.wikipedia.org/wiki/Anexo:Torneo_Clausura_2010_(Argentina)
2010-04-02,19:00,Huracán,Colón,0,0,,,Primera Division - Clausura,2010,zonas,,Fecha 12,Tomás A. Ducó,false,https://es.wikipedia.org/wiki/Anexo:Torneo_Clausura_2010_(Argentina)
2010-04-02,21:10,Atlético Tucumán,Racing Club,0,1,,,Primera Division - Clausura,2010,zonas,,Fecha 12,Monumental José Fierro,false,https://es.wikipedia.org/wiki/Anexo:Torneo_Clausura_2010_(Argentina)
2010-04-03,15:00,Argentinos Juniors,Chacarita Juniors,2,1,,,Primera Division - Clausura,2010,zonas,,Fecha 12,Diego Armando Maradona,false,https://es.wikipedia.org/wiki/Anexo:Torneo_Clausura_2010_(Argentina)
2010-04-03,17:10,San Lorenzo,Gimnasia y Esgrima (LP),0,1,,,Primera Division - Clausura,2010,zonas,,Fecha 12,Nuevo Gasómetro,false,https://es.wikipedia.org/wiki/Anexo:Torneo_Clausura_2010_(Argentina)
2010-04-03,19:10,Newell's Old Boys,Tigre,0,2,,,Primera Division - Clausura,2010,zonas,,Fecha 12,Marcelo Bielsa,false,https://es.wikipedia.org/wiki/Anexo:Torneo_Clausura_2010_(Argentina)
2010-04-03,21:15,Independiente,Arsenal,1,0,,,Primera Division - Clausura,2010,zonas,,Fecha 12,Libertadores de América,false,https://es.wikipedia.org/wiki/Anexo:Torneo_Clausura_2010_(Argentina)
2010-04-04,15:00,Estudiantes (LP),Banfield,1,1,,,Primera Division - Clausura,2010,zonas,,Fecha 12,Centenario,false,https://es.wikipedia.org/wiki/Anexo:Torneo_Clausura_2010_(Argentina)
2010-04-04,17:10,Boca Juniors,Rosario Central,1,2,,,Primera Division - Clausura,2010,zonas,,Fecha 12,La Bombonera,false,https://es.wikipedia.org/wiki/Anexo:Torneo_Clausura_2010_(Argentina)
2010-04-04,19:10,Godoy Cruz,Vélez Sarsfield,2,0,,,Primera Division - Clausura,2010,zonas,,Fecha 12,Malvinas Argentinas,false,https://es.wikipedia.org/wiki/Anexo:Torneo_Clausura_2010_(Argentina)
2010-04-04,21:15,Lanús,River Plate,1,0,,,Primera Division - Clausura,2010,zonas,,Fecha 12,Ciudad de Lanús,false,https://es.wikipedia.org/wiki/Anexo:Torneo_Clausura_2010_(Argentina)
2010-04-06,17:00,Tigre,Atlético Tucumán,3,1,,,Primera Division - Clausura,2010,zonas,,Fecha 13,Monumental de Victoria,false,https://es.wikipedia.org/wiki/Anexo:Torneo_Clausura_2010_(Argentina)
2010-04-06,19:10,Arsenal,Huracán,0,1,,,Primera Division - Clausura,2010,zonas,,Fecha 13,El Viaducto,false,https://es.wikipedia.org/wiki/Anexo:Torneo_Clausura_2010_(Argentina)
2010-04-07,15:00,Chacarita Juniors,Lanús,1,2,,,Primera Division - Clausura,2010,zonas,,Fecha 13,Diego Armando Maradona,false,https://es.wikipedia.org/wiki/Anexo:Torneo_Clausura_2010_(Argentina)
2010-04-07,17:10,Gimnasia y Esgrima (LP),Independiente,2,1,,,Primera Division - Clausura,2010,zonas,,Fecha 13,Juan Carmelo Zerillo,false,https://es.wikipedia.org/wiki/Anexo:Torneo_Clausura_2010_(Argentina)
2010-04-07,19:10,River Plate,Newell's Old Boys,0,1,,,Primera Division - Clausura,2010,zonas,,Fecha 13,Monumental,false,https://es.wikipedia.org/wiki/Anexo:Torneo_Clausura_2010_(Argentina)
2010-04-07,21:15,Banfield,San Lorenzo,2,0,,,Primera Division - Clausura,2010,zonas,,Fecha 13,Florencio Sola,false,https://es.wikipedia.org/wiki/Anexo:Torneo_Clausura_2010_(Argentina)
2010-04-08,17:00,Vélez Sarsfield,Estudiantes (LP),0,1,,,Primera Division - Clausura,2010,zonas,,Fecha 13,José Amalfitani,false,https://es.wikipedia.org/wiki/Anexo:Torneo_Clausura_2010_(Argentina)
2010-04-08,19:10,Colón,Boca Juniors,3,0,,,Primera Division - Clausura,2010,zonas,,Fecha 13,Brigadier Estanislao López,false,https://es.wikipedia.org/wiki/Anexo:Torneo_Clausura_2010_(Argentina)
2010-04-08,19:10,Rosario Central,Argentinos Juniors,0,1,,,Primera Division - Clausura,2010,zonas,,Fecha 13,Gigante de Arroyito,false,https://es.wikipedia.org/wiki/Anexo:Torneo_Clausura_2010_(Argentina)
2010-04-08,21:15,Racing Club,Godoy Cruz,0,0,,,Primera Division - Clausura,2010,zonas,,Fecha 13,El Cilindro,false,https://es.wikipedia.org/wiki/Anexo:Torneo_Clausura_2010_(Argentina)
2010-04-10,16:00,Newell's Old Boys,Chacarita Juniors,3,0,,,Primera Division - Clausura,2010,zonas,,Fecha 14,Marcelo Bielsa,false,https://es.wikipedia.org/wiki/Anexo:Torneo_Clausura_2010_(Argentina)
2010-04-10,18:10,Huracán,Gimnasia y Esgrima (LP),3,1,,,Primera Division - Clausura,2010,zonas,,Fecha 14,Tomas A. Ducó,false,https://es.wikipedia.org/wiki/Anexo:Torneo_Clausura_2010_(Argentina)
2010-04-10,20:15,Independiente,San Lorenzo,0,1,,,Primera Division - Clausura,2010,zonas,,Fecha 14,Libertadores de América,false,https://es.wikipedia.org/wiki/Anexo:Torneo_Clausura_2010_(Argentina)
2010-04-11,16:00,Lanús,Rosario Central,0,0,,,Primera Division - Clausura,2010,zonas,,Fecha 14,Ciudad de Lanús,false,https://es.wikipedia.org/wiki/Anexo:Torneo_Clausura_2010_(Argentina)
2010-04-11,18:10,Vélez Sarsfield,Banfield,0,0,,,Primera Division - Clausura,2010,zonas,,Fecha 14,José Amalfitani,false,https://es.wikipedia.org/wiki/Anexo:Torneo_Clausura_2010_(Argentina)
2010-04-11,20:15,Atlético Tucumán,River Plate,0,0,,,Primera Division - Clausura,2010,zonas,,Fecha 14,Monumental José Fierro,false,https://es.wikipedia.org/wiki/Anexo:Torneo_Clausura_2010_(Argentina)
2010-04-12,14:00,Godoy Cruz,Tigre,6,2,,,Primera Division - Clausura,2010,zonas,,Fecha 14,Malvinas Argentinas,false,https://es.wikipedia.org/wiki/Anexo:Torneo_Clausura_2010_(Argentina)
2010-04-12,16:10,Estudiantes (LP),Racing Club,4,0,,,Primera Division - Clausura,2010,zonas,,Fecha 14,Centenario,false,https://es.wikipedia.org/wiki/Anexo:Torneo_Clausura_2010_(Argentina)
2010-04-12,18:10,Boca Juniors,Arsenal,4,0,,,Primera Division - Clausura,2010,zonas,,Fecha 14,La Bombonera,false,https://es.wikipedia.org/wiki/Anexo:Torneo_Clausura_2010_(Argentina)
2010-04-12,20:15,Argentinos Juniors,Colón,3,1,,,Primera Division - Clausura,2010,zonas,,Fecha 14,Diego Armando Maradona,false,https://es.wikipedia.org/wiki/Anexo:Torneo_Clausura_2010_(Argentina)
2010-04-17,14:00,Chacarita Juniors,Atlético Tucumán,1,2,,,Primera Division - Clausura,2010,zonas,,Fecha 15,Diego Armando Maradona,false,https://es.wikipedia.org/wiki/Anexo:Torneo_Clausura_2010_(Argentina)
2010-04-17,16:10,Tigre,Estudiantes (LP),1,2,,,Primera Division - Clausura,2010,zonas,,Fecha 15,Monumental de Victoria,false,https://es.wikipedia.org/wiki/Anexo:Torneo_Clausura_2010_(Argentina)
2010-04-17,18:10,Banfield,Independiente,1,3,,,Primera Division - Clausura,2010,zonas,,Fecha 15,Florencio Sola,false,https://es.wikipedia.org/wiki/Anexo:Torneo_Clausura_2010_(Argentina)
2010-04-17,20:15,River Plate,Godoy Cruz,2,1,,,Primera Division - Clausura,2010,zonas,,Fecha 15,Monumental,false,https://es.wikipedia.org/wiki/Anexo:Torneo_Clausura_2010_(Argentina)
2010-04-18,14:00,San Lorenzo,Huracán,3,0,,,Primera Division - Clausura,2010,zonas,,Fecha 15,Nuevo Gasómetro,false,https://es.wikipedia.org/wiki/Anexo:Torneo_Clausura_2010_(Argentina)
2010-04-18,16:10,Gimnasia y Esgrima (LP),Boca Juniors,1,0,,,Primera Division - Clausura,2010,zonas,,Fecha 15,Juan Carmelo Zerillo,false,https://es.wikipedia.org/wiki/Anexo:Torneo_Clausura_2010_(Argentina)
2010-04-18,16:10,Rosario Central,Newell's Old Boys,1,1,,,Primera Division - Clausura,2010,zonas,,Fecha 15,Gigante de Arroyito,false,https://es.wikipedia.org/wiki/Anexo:Torneo_Clausura_2010_(Argentina)
2010-04-18,19:00,Racing Club,Vélez Sarsfield,3,1,,,Primera Division - Clausura,2010,zonas,,Fecha 15,El Cilindro,false,https://es.wikipedia.org/wiki/Anexo:Torneo_Clausura_2010_(Argentina)
2010-04-19,19:00,Arsenal,Argentinos Juniors,2,2,,,Primera Division - Clausura,2010,zonas,,Fecha 15,El Viaducto,false,https://es.wikipedia.org/wiki/Anexo:Torneo_Clausura_2010_(Argentina)
2010-04-19,21:10,Colón,Lanús,1,1,,,Primera Division - Clausura,2010,zonas,,Fecha 15,Brigadier Estanislao López,false,https://es.wikipedia.org/wiki/Anexo:Torneo_Clausura_2010_(Argentina)
2010-04-23,19:00,Vélez Sarsfield,Tigre,1,0,,,Primera Division - Clausura,2010,zonas,,Fecha 16,José Amalfitani,false,https://es.wikipedia.org/wiki/Anexo:Torneo_Clausura_2010_(Argentina)
2010-04-23,21:10,Godoy Cruz,Chacarita Juniors,1,0,,,Primera Division - Clausura,2010,zonas,,Fecha 16,Malvinas Argentinas,false,https://es.wikipedia.org/wiki/Anexo:Torneo_Clausura_2010_(Argentina)
2010-04-24,14:00,Lanús,Arsenal,4,1,,,Primera Division - Clausura,2010,zonas,,Fecha 16,Ciudad de Lanús,false,https://es.wikipedia.org/wiki/Anexo:Torneo_Clausura_2010_(Argentina)
2010-04-24,16:10,Newell's Old Boys,Colón,5,0,,,Primera Division - Clausura,2010,zonas,,Fecha 16,Marcelo Bielsa,false,https://es.wikipedia.org/wiki/Anexo:Torneo_Clausura_2010_(Argentina)
2010-04-24,18:20,Estudiantes (LP),River Plate,1,0,,,Primera Division - Clausura,2010,zonas,,Fecha 16,Centenario,false,https://es.wikipedia.org/wiki/Anexo:Torneo_Clausura_2010_(Argentina)
2010-04-24,20:30,Huracán,Independiente,0,0,,,Primera Division - Clausura,2010,zonas,,Fecha 16,Tomás A. Ducó,false,https://es.wikipedia.org/wiki/Anexo:Torneo_Clausura_2010_(Argentina)
2010-04-25,14:00,Argentinos Juniors,Gimnasia y Esgrima (LP),3,1,,,Primera Division - Clausura,2010,zonas,,Fecha 16,Diego Armando Maradona,false,https://es.wikipedia.org/wiki/Anexo:Torneo_Clausura_2010_(Argentina)
2010-04-25,16:10,Racing Club,Banfield,2,0,,,Primera Division - Clausura,2010,zonas,,Fecha 16,El Cilindro,false,https://es.wikipedia.org/wiki/Anexo:Torneo_Clausura_2010_(Argentina)
2010-04-25,18:20,Atlético Tucumán,Rosario Central,2,2,,,Primera Division - Clausura,2010,zonas,,Fecha 16,Monumental José Fierro,false,https://es.wikipedia.org/wiki/Anexo:Torneo_Clausura_2010_(Argentina)
2010-04-25,20:30,Boca Juniors,San Lorenzo,2,0,,,Primera Division - Clausura,2010,zonas,,Fecha 16,La Bombonera,false,https://es.wikipedia.org/wiki/Anexo:Torneo_Clausura_2010_(Argentina)
2010-04-29,19:10,Arsenal,Newell's Old Boys,0,2,,,Primera Division - Clausura,2010,zonas,,Fecha 17,El Viaducto,false,https://es.wikipedia.org/wiki/Anexo:Torneo_Clausura_2010_(Argentina)
2010-04-30,14:10,Gimnasia y Esgrima (LP),Lanús,0,0,,,Primera Division - Clausura,2010,zonas,,Fecha 17,Juan Carmelo Zerillo,false,https://es.wikipedia.org/wiki/Anexo:Torneo_Clausura_2010_(Argentina)
2010-04-30,16:15,Tigre,Racing Club,1,2,,,Primera Division - Clausura,2010,zonas,,Fecha 17,Monumental de Victoria,false,https://es.wikipedia.org/wiki/Anexo:Torneo_Clausura_2010_(Argentina)
2010-04-30,18:20,Rosario Central,Godoy Cruz,1,0,,,Primera Division - Clausura,2010,zonas,,Fecha 17,Gigante de Arroyito,false,https://es.wikipedia.org/wiki/Anexo:Torneo_Clausura_2010_(Argentina)
2010-04-30,20:30,River Plate,Vélez Sarsfield,2,1,,,Primera Division - Clausura,2010,zonas,,Fecha 17,Monumental,false,https://es.wikipedia.org/wiki/Anexo:Torneo_Clausura_2010_(Argentina)
2010-05-02,11:10,Banfield,Huracán,1,0,,,Primera Division - Clausura,2010,zonas,,Fecha 17,Florencio Sola,false,https://es.wikipedia.org/wiki/Anexo:Torneo_Clausura_2010_(Argentina)
2010-05-02,14:10,Colón,Atlético Tucumán,0,0,,,Primera Division - Clausura,2010,zonas,,Fecha 17,Brigadier Estanislao López,false,https://es.wikipedia.org/wiki/Anexo:Torneo_Clausura_2010_(Argentina)
2010-05-02,16:15,Chacarita Juniors,Estudiantes (LP),1,2,,,Primera Division - Clausura,2010,zonas,,Fecha 17,Diego Armando Maradona,false,https://es.wikipedia.org/wiki/Anexo:Torneo_Clausura_2010_(Argentina)
2010-05-02,16:15,San Lorenzo,Argentinos Juniors,1,2,,,Primera Division - Clausura,2010,zonas,,Fecha 17,Nuevo Gasómetro,false,https://es.wikipedia.org/wiki/Anexo:Torneo_Clausura_2010_(Argentina)
2010-05-02,18:30,Independiente,Boca Juniors,2,3,,,Primera Division - Clausura,2010,zonas,,Fecha 17,Libertadores de América,false,https://es.wikipedia.org/wiki/Anexo:Torneo_Clausura_2010_(Argentina)
2010-05-08,15:10,Vélez Sarsfield,Chacarita Juniors,4,1,,,Primera Division - Clausura,2010,zonas,,Fecha 18,José Amalfitani,false,https://es.wikipedia.org/wiki/Anexo:Torneo_Clausura_2010_(Argentina)
2010-05-08,17:20,Newell's Old Boys,Gimnasia y Esgrima (LP),6,0,,,Primera Division - Clausura,2010,zonas,,Fecha 18,Marcelo Bielsa,false,https://es.wikipedia.org/wiki/Anexo:Torneo_Clausura_2010_(Argentina)
2010-05-08,19:30,Racing Club,River Plate,0,3,,,Primera Division - Clausura,2010,zonas,,Fecha 18,El Cilindro,false,https://es.wikipedia.org/wiki/Anexo:Torneo_Clausura_2010_(Argentina)
2010-05-09,14:10,Argentinos Juniors,Independiente,4,3,,,Primera Division - Clausura,2010,zonas,,Fecha 18,Diego Armando Maradona,false,https://es.wikipedia.org/wiki/Anexo:Torneo_Clausura_2010_(Argentina)
2010-05-09,14:10,Estudiantes (LP),Rosario Central,0,0,,,Primera Division - Clausura,2010,zonas,,Fecha 18,Centenario,false,https://es.wikipedia.org/wiki/Anexo:Torneo_Clausura_2010_(Argentina)
2010-05-09,16:20,Tigre,Banfield,1,2,,,Primera Division - Clausura,2010,zonas,,Fecha 18,Monumental de Victoria,false,https://es.wikipedia.org/wiki/Anexo:Torneo_Clausura_2010_(Argentina)
2010-05-09,18:30,Atlético Tucumán,Arsenal,1,1,,,Primera Division - Clausura,2010,zonas,,Fecha 18,Monumental José Fierro,false,https://es.wikipedia.org/wiki/Anexo:Torneo_Clausura_2010_(Argentina)
2010-05-09,18:30,Boca Juniors,Huracán,1,2,,,Primera Division - Clausura,2010,zonas,,Fecha 18,La Bombonera,false,https://es.wikipedia.org/wiki/Anexo:Torneo_Clausura_2010_(Argentina)
2010-05-10,19:10,Lanús,San Lorenzo,3,2,,,Primera Division - Clausura,2010,zonas,,Fecha 18,Ciudad de Lanús,false,https://es.wikipedia.org/wiki/Anexo:Torneo_Clausura_2010_(Argentina)
2010-05-10,21:20,Godoy Cruz,Colón,3,0,,,Primera Division - Clausura,2010,zonas,,Fecha 18,Malvinas Argentinas,false,https://es.wikipedia.org/wiki/Anexo:Torneo_Clausura_2010_(Argentina)
2010-05-14,14:10,Arsenal,Godoy Cruz,1,2,,,Primera Division - Clausura,2010,zonas,,Fecha 19,El Viaducto,false,https://es.wikipedia.org/wiki/Anexo:Torneo_Clausura_2010_(Argentina)
2010-05-14,16:15,San Lorenzo,Newell's Old Boys,2,1,,,Primera Division - Clausura,2010,zonas,,Fecha 19,Nuevo Gasómetro,false,https://es.wikipedia.org/wiki/Anexo:Torneo_Clausura_2010_(Argentina)
2010-05-14,20:20,Banfield,Boca Juniors,3,0,,,Primera Division - Clausura,2010,zonas,,Fecha 19,Florencio Sola,false,https://es.wikipedia.org/wiki/Anexo:Torneo_Clausura_2010_(Argentina)
2010-05-15,16:10,Chacarita Juniors,Racing Club,1,2,,,Primera Division - Clausura,2010,zonas,,Fecha 19,José Amalfitani,false,https://es.wikipedia.org/wiki/Anexo:Torneo_Clausura_2010_(Argentina)
2010-05-15,16:10,Gimnasia y Esgrima (LP),Atlético Tucumán,3,3,,,Primera Division - Clausura,2010,zonas,,Fecha 19,Juan Carmelo Zerillo,false,https://es.wikipedia.org/wiki/Anexo:Torneo_Clausura_2010_(Argentina)
2010-05-15,18:20,River Plate,Tigre,1,5,,,Primera Division - Clausura,2010,zonas,,Fecha 19,Monumental,false,https://es.wikipedia.org/wiki/Anexo:Torneo_Clausura_2010_(Argentina)
2010-05-15,20:30,Independiente,Lanús,1,0,,,Primera Division - Clausura,2010,zonas,,Fecha 19,Libertadores de América,false,https://es.wikipedia.org/wiki/Anexo:Torneo_Clausura_2010_(Argentina)
2010-05-15,20:30,Rosario Central,Vélez Sarsfield,0,0,,,Primera Division - Clausura,2010,zonas,,Fecha 19,Gigante de Arroyito,false,https://es.wikipedia.org/wiki/Anexo:Torneo_Clausura_2010_(Argentina)
2010-05-16,16:00,Colón,Estudiantes (LP),1,4,,,Primera Division - Clausura,2010,zonas,,Fecha 19,Brigadier Estanislao López,false,https://es.wikipedia.org/wiki/Anexo:Torneo_Clausura_2010_(Argentina)
2010-05-16,16:00,Huracán,Argentinos Juniors,1,2,,,Primera Division - Clausura,2010,zonas,,Fecha 19,Tomás A. Ducó,false,https://es.wikipedia.org/wiki/Anexo:Torneo_Clausura_2010_(Argentina)
2010-08-06,21:00,Arsenal,Lanús,1,2,,,Primera Division - Apertura,2010,zonas,,Fecha 1,El Viaducto,false,https://es.wikipedia.org/wiki/Anexo:Torneo_Apertura_2010_(Argentina)
2010-08-07,,Aldosivi,CAI,0,1,,,Primera Nacional,2010,zonas,,Fecha 1,,false,https://es.wikipedia.org/wiki/Campeonato_de_Primera_B_Nacional_2010-11 + https://www.worldfootball.net/
2010-08-07,,Atlético Tucumán,Independiente Rivadavia,2,1,,,Primera Nacional,2010,zonas,,Fecha 1,,false,https://es.wikipedia.org/wiki/Campeonato_de_Primera_B_Nacional_2010-11 + https://www.worldfootball.net/
2010-08-07,,Instituto,Boca Unidos,0,0,,,Primera Nacional,2010,zonas,,Fecha 1,,false,https://es.wikipedia.org/wiki/Campeonato_de_Primera_B_Nacional_2010-11 + https://www.worldfootball.net/
2010-08-07,,Unión,Deportivo Merlo,2,0,,,Primera Nacional,2010,zonas,,Fecha 1,,false,https://es.wikipedia.org/wiki/Campeonato_de_Primera_B_Nacional_2010-11 + https://www.worldfootball.net/
2010-08-07,14:00,Quilmes,Colón,1,1,,,Primera Division - Apertura,2010,zonas,,Fecha 1,Centenario,false,https://es.wikipedia.org/wiki/Anexo:Torneo_Apertura_2010_(Argentina)
2010-08-07,16:10,Argentinos Juniors,Huracán,1,2,,,Primera Division - Apertura,2010,zonas,,Fecha 1,Diego Armando Maradona,false,https://es.wikipedia.org/wiki/Anexo:Torneo_Apertura_2010_(Argentina)
2010-08-07,18:15,Newell's Old Boys,Estudiantes (LP),0,1,,,Primera Division - Apertura,2010,zonas,,Fecha 1,Marcelo Bielsa,false,https://es.wikipedia.org/wiki/Anexo:Torneo_Apertura_2010_(Argentina)
2010-08-07,20:20,Racing Club,All Boys,1,0,,,Primera Division - Apertura,2010,zonas,,Fecha 1,El Cilindro,false,https://es.wikipedia.org/wiki/Anexo:Torneo_Apertura_2010_(Argentina)
2010-08-08,,Defensa y Justicia,Atlético de Rafaela,0,1,,,Primera Nacional,2010,zonas,,Fecha 1,,false,https://es.wikipedia.org/wiki/Campeonato_de_Primera_B_Nacional_2010-11 + https://www.worldfootball.net/
2010-08-08,,Gimnasia y Esgrima (J),Ferro Carril Oeste,0,0,,,Primera Nacional,2010,zonas,,Fecha 1,,false,https://es.wikipedia.org/wiki/Campeonato_de_Primera_B_Nacional_2010-11 + https://www.worldfootball.net/
2010-08-08,,Patronato,Belgrano,2,0,,,Primera Nacional,2010,zonas,,Fecha 1,,false,https://es.wikipedia.org/wiki/Campeonato_de_Primera_B_Nacional_2010-11 + https://www.worldfootball.net/
2010-08-08,,San Martín (SJ),San Martín (T),0,0,,,Primera Nacional,2010,zonas,,Fecha 1,,false,https://es.wikipedia.org/wiki/Campeonato_de_Primera_B_Nacional_2010-11 + https://www.worldfootball.net/
2010-08-08,11:00,Banfield,Olimpo,2,1,,,Primera Division - Apertura,2010,zonas,,Fecha 1,Florencio Sola,false,https://es.wikipedia.org/wiki/Anexo:Torneo_Apertura_2010_(Argentina)
2010-08-08,14:00,River Plate,Tigre,1,0,,,Primera Division - Apertura,2010,zonas,,Fecha 1,Monumental,false,https://es.wikipedia.org/wiki/Anexo:Torneo_Apertura_2010_(Argentina)
2010-08-08,16:10,Gimnasia y Esgrima (LP),San Lorenzo,0,0,,,Primera Division - Apertura,2010,zonas,,Fecha 1,Juan Carmelo Zerillo,false,https://es.wikipedia.org/wiki/Anexo:Torneo_Apertura_2010_(Argentina)
2010-08-08,18:15,Vélez Sarsfield,Independiente,1,0,,,Primera Division - Apertura,2010,zonas,,Fecha 1,José Amalfitani,false,https://es.wikipedia.org/wiki/Anexo:Torneo_Apertura_2010_(Argentina)
2010-08-08,20:20,Godoy Cruz,Boca Juniors,1,1,,,Primera Division - Apertura,2010,zonas,,Fecha 1,Malvinas Argentinas,false,https://es.wikipedia.org/wiki/Anexo:Torneo_Apertura_2010_(Argentina)
2010-08-09,,Tiro Federal,Chacarita Juniors,1,1,,,Primera Nacional,2010,zonas,,Fecha 1,,false,https://es.wikipedia.org/wiki/Campeonato_de_Primera_B_Nacional_2010-11 + https://www.worldfootball.net/
2010-08-12,,Instituto,Patronato,0,0,,,Primera Nacional,2010,zonas,,Fecha 2,,false,https://es.wikipedia.org/wiki/Campeonato_de_Primera_B_Nacional_2010-11 + https://www.worldfootball.net/
2010-08-13,,Atlético de Rafaela,Almirante Brown,1,1,,,Primera Nacional,2010,zonas,,Fecha 2,,false,https://es.wikipedia.org/wiki/Campeonato_de_Primera_B_Nacional_2010-11 + https://www.worldfootball.net/
2010-08-13,21:15,Colón,Banfield,0,1,,,Primera Division - Apertura,2010,zonas,,Fecha 2,Brigadier Estanislao López,false,https://es.wikipedia.org/wiki/Anexo:Torneo_Apertura_2010_(Argentina)
2010-08-14,,CAI,Defensa y Justicia,2,2,,,Primera Nacional,2010,zonas,,Fecha 2,,false,https://es.wikipedia.org/wiki/Campeonato_de_Primera_B_Nacional_2010-11 + https://www.worldfootball.net/
2010-08-14,,Deportivo Merlo,Gimnasia y Esgrima (J),2,0,,,Primera Nacional,2010,zonas,,Fecha 2,,false,https://es.wikipedia.org/wiki/Campeonato_de_Primera_B_Nacional_2010-11 + https://www.worldfootball.net/
2010-08-14,,Ferro Carril Oeste,Aldosivi,3,1,,,Primera Nacional,2010,zonas,,Fecha 2,,false,https://es.wikipedia.org/wiki/Campeonato_de_Primera_B_Nacional_2010-11 + https://www.worldfootball.net/
2010-08-14,,Rosario Central,San Martín (SJ),1,1,,,Primera Nacional,2010,zonas,,Fecha 2,,false,https://es.wikipedia.org/wiki/Campeonato_de_Primera_B_Nacional_2010-11 + https://www.worldfootball.net/
2010-08-14,14:15,Boca Juniors,Racing Club,1,2,,,Primera Division - Apertura,2010,zonas,,Fecha 2,La Bombonera,false,https://es.wikipedia.org/wiki/Anexo:Torneo_Apertura_2010_(Argentina)
2010-08-14,16:15,Lanús,Newell's Old Boys,1,1,,,Primera Division - Apertura,2010,zonas,,Fecha 2,Ciudad de Lanús,false,https://es.wikipedia.org/wiki/Anexo:Torneo_Apertura_2010_(Argentina)
2010-08-14,18:20,Tigre,Arsenal,1,2,,,Primera Division - Apertura,2010,zonas,,Fecha 2,Monumental de Victoria,false,https://es.wikipedia.org/wiki/Anexo:Torneo_Apertura_2010_(Argentina)
2010-08-14,20:20,San Lorenzo,Godoy Cruz,2,2,,,Primera Division - Apertura,2010,zonas,,Fecha 2,Nuevo Gasómetro,false,https://es.wikipedia.org/wiki/Anexo:Torneo_Apertura_2010_(Argentina)
2010-08-15,,Boca Unidos,Atlético Tucumán,2,0,,,Primera Nacional,2010,zonas,,Fecha 2,,false,https://es.wikipedia.org/wiki/Campeonato_de_Primera_B_Nacional_2010-11 + https://www.worldfootball.net/
2010-08-15,,Independiente Rivadavia,Tiro Federal,2,0,,,Primera Nacional,2010,zonas,,Fecha 2,,false,https://es.wikipedia.org/wiki/Campeonato_de_Primera_B_Nacional_2010-11 + https://www.worldfootball.net/
2010-08-15,,San Martín (T),Belgrano,1,0,,,Primera Nacional,2010,zonas,,Fecha 2,,false,https://es.wikipedia.org/wiki/Campeonato_de_Primera_B_Nacional_2010-11 + https://www.worldfootball.net/
2010-08-15,14:15,Huracán,River Plate,0,1,,,Primera Division - Apertura,2010,zonas,,Fecha 2,Tomás A. Ducó,false,https://es.wikipedia.org/wiki/Anexo:Torneo_Apertura_2010_(Argentina)
2010-08-15,16:15,All Boys,Vélez Sarsfield,1,2,,,Primera Division - Apertura,2010,zonas,,Fecha 2,Islas Malvinas,false,https://es.wikipedia.org/wiki/Anexo:Torneo_Apertura_2010_(Argentina)
2010-08-15,18:20,Estudiantes (LP),Quilmes,2,0,,,Primera Division - Apertura,2010,zonas,,Fecha 2,Centenario,false,https://es.wikipedia.org/wiki/Anexo:Torneo_Apertura_2010_(Argentina)
2010-08-15,20:20,Olimpo,Gimnasia y Esgrima (LP),1,0,,,Primera Division - Apertura,2010,zonas,,Fecha 2,Roberto N. Carminatti,false,https://es.wikipedia.org/wiki/Anexo:Torneo_Apertura_2010_(Argentina)
2010-08-16,,Chacarita Juniors,Unión,1,0,,,Primera Nacional,2010,zonas,,Fecha 2,,false,https://es.wikipedia.org/wiki/Campeonato_de_Primera_B_Nacional_2010-11 + https://www.worldfootball.net/
2010-08-16,19:10,Independiente,Argentinos Juniors,1,1,,,Primera Division - Apertura,2010,zonas,,Fecha 2,Libertadores de América,false,https://es.wikipedia.org/wiki/Anexo:Torneo_Apertura_2010_(Argentina)
2010-08-19,,Almirante Brown,CAI,1,0,,,Primera Nacional,2010,zonas,,Fecha 3,,false,https://es.wikipedia.org/wiki/Campeonato_de_Primera_B_Nacional_2010-11 + https://www.worldfootball.net/
2010-08-20,19:10,Banfield,Estudiantes (LP),0,0,,,Primera Division - Apertura,2010,zonas,,Fecha 3,Florencio Sola,false,https://es.wikipedia.org/wiki/Anexo:Torneo_Apertura_2010_(Argentina)
2010-08-20,21:15,Newell's Old Boys,Tigre,2,0,,,Primera Division - Apertura,2010,zonas,,Fecha 3,Marcelo Bielsa,false,https://es.wikipedia.org/wiki/Anexo:Torneo_Apertura_2010_(Argentina)
2010-08-21,,Aldosivi,Deportivo Merlo,1,0,,,Primera Nacional,2010,zonas,,Fecha 3,,false,https://es.wikipedia.org/wiki/Campeonato_de_Primera_B_Nacional_2010-11 + https://www.worldfootball.net/
2010-08-21,,Belgrano,Rosario Central,1,1,,,Primera Nacional,2010,zonas,,Fecha 3,,false,https://es.wikipedia.org/wiki/Campeonato_de_Primera_B_Nacional_2010-11 + https://www.worldfootball.net/
2010-08-21,,San Martín (SJ),Atlético de Rafaela,1,0,,,Primera Nacional,2010,zonas,,Fecha 3,,false,https://es.wikipedia.org/wiki/Campeonato_de_Primera_B_Nacional_2010-11 + https://www.worldfootball.net/
2010-08-21,,Unión,Independiente Rivadavia,1,2,,,Primera Nacional,2010,zonas,,Fecha 3,,false,https://es.wikipedia.org/wiki/Campeonato_de_Primera_B_Nacional_2010-11 + https://www.worldfootball.net/
2010-08-21,14:10,Quilmes,Lanús,1,1,,,Primera Division - Apertura,2010,zonas,,Fecha 3,Centenario,false,https://es.wikipedia.org/wiki/Anexo:Torneo_Apertura_2010_(Argentina)
2010-08-21,16:15,Vélez Sarsfield,Argentinos Juniors,2,0,,,Primera Division - Apertura,2010,zonas,,Fecha 3,José Amalfitani,false,https://es.wikipedia.org/wiki/Anexo:Torneo_Apertura_2010_(Argentina)
2010-08-21,18:20,Godoy Cruz,Olimpo,1,0,,,Primera Division - Apertura,2010,zonas,,Fecha 3,Malvinas Argentinas,false,https://es.wikipedia.org/wiki/Anexo:Torneo_Apertura_2010_(Argentina)
2010-08-21,20:20,Racing Club,San Lorenzo,1,2,,,Primera Division - Apertura,2010,zonas,,Fecha 3,El Cilindro,false,https://es.wikipedia.org/wiki/Anexo:Torneo_Apertura_2010_(Argentina)
2010-08-22,,Atlético Tucumán,Instituto,1,2,,,Primera Nacional,2010,zonas,,Fecha 3,,false,https://es.wikipedia.org/wiki/Campeonato_de_Primera_B_Nacional_2010-11 + https://www.worldfootball.net/
2010-08-22,,Defensa y Justicia,Ferro Carril Oeste,1,1,,,Primera Nacional,2010,zonas,,Fecha 3,,false,https://es.wikipedia.org/wiki/Campeonato_de_Primera_B_Nacional_2010-11 + https://www.worldfootball.net/
2010-08-22,,Patronato,San Martín (T),0,0,,,Primera Nacional,2010,zonas,,Fecha 3,,false,https://es.wikipedia.org/wiki/Campeonato_de_Primera_B_Nacional_2010-11 + https://www.worldfootball.net/
2010-08-22,,Tiro Federal,Boca Unidos,1,2,,,Primera Nacional,2010,zonas,,Fecha 3,,false,https://es.wikipedia.org/wiki/Campeonato_de_Primera_B_Nacional_2010-11 + https://www.worldfootball.net/
2010-08-22,14:10,Gimnasia y Esgrima (LP),Colón,0,0,,,Primera Division - Apertura,2010,zonas,,Fecha 3,Juan Carmelo Zerillo,false,https://es.wikipedia.org/wiki/Anexo:Torneo_Apertura_2010_(Argentina)
2010-08-22,16:15,River Plate,Independiente,3,2,,,Primera Division - Apertura,2010,zonas,,Fecha 3,Monumental,false,https://es.wikipedia.org/wiki/Anexo:Torneo_Apertura_2010_(Argentina)
2010-08-22,18:20,Arsenal,Huracán,2,0,,,Primera Division - Apertura,2010,zonas,,Fecha 3,El Viaducto,false,https://es.wikipedia.org/wiki/Anexo:Torneo_Apertura_2010_(Argentina)
2010-08-22,20:20,All Boys,Boca Juniors,2,0,,,Primera Division - Apertura,2010,zonas,,Fecha 3,Tomás A. Ducó,false,https://es.wikipedia.org/wiki/Anexo:Torneo_Apertura_2010_(Argentina)
2010-08-23,,Gimnasia y Esgrima (J),Chacarita Juniors,0,0,,,Primera Nacional,2010,zonas,,Fecha 3,,false,https://es.wikipedia.org/wiki/Campeonato_de_Primera_B_Nacional_2010-11 + https://www.worldfootball.net/
2010-08-26,,Atlético de Rafaela,Belgrano,2,1,,,Primera Nacional,2010,zonas,,Fecha 4,,false,https://es.wikipedia.org/wiki/Campeonato_de_Primera_B_Nacional_2010-11 + https://www.worldfootball.net/
2010-08-27,20:10,Huracán,Newell's Old Boys,1,1,,,Primera Division - Apertura,2010,zonas,,Fecha 4,Tomás A. Ducó,false,https://es.wikipedia.org/wiki/Anexo:Torneo_Apertura_2010_(Argentina)
2010-08-28,,CAI,San Martín (SJ),0,1,,,Primera Nacional,2010,zonas,,Fecha 4,,false,https://es.wikipedia.org/wiki/Campeonato_de_Primera_B_Nacional_2010-11 + https://www.worldfootball.net/
2010-08-28,,Deportivo Merlo,Defensa y Justicia,1,0,,,Primera Nacional,2010,zonas,,Fecha 4,,false,https://es.wikipedia.org/wiki/Campeonato_de_Primera_B_Nacional_2010-11 + https://www.worldfootball.net/
2010-08-28,,Ferro Carril Oeste,Almirante Brown,0,0,,,Primera Nacional,2010,zonas,,Fecha 4,,false,https://es.wikipedia.org/wiki/Campeonato_de_Primera_B_Nacional_2010-11 + https://www.worldfootball.net/
2010-08-28,,Instituto,Tiro Federal,1,1,,,Primera Nacional,2010,zonas,,Fecha 4,,false,https://es.wikipedia.org/wiki/Campeonato_de_Primera_B_Nacional_2010-11 + https://www.worldfootball.net/
2010-08-28,,Rosario Central,San Martín (T),0,1,,,Primera Nacional,2010,zonas,,Fecha 4,,false,https://es.wikipedia.org/wiki/Campeonato_de_Primera_B_Nacional_2010-11 + https://www.worldfootball.net/
2010-08-28,13:30,Lanús,Banfield,0,0,,,Primera Division - Apertura,2010,zonas,,Fecha 4,Ciudad de Lanús,false,https://es.wikipedia.org/wiki/Anexo:Torneo_Apertura_2010_(Argentina)
2010-08-28,15:30,Tigre,Quilmes,3,0,,,Primera Division - Apertura,2010,zonas,,Fecha 4,Monumental de Victoria,false,https://es.wikipedia.org/wiki/Anexo:Torneo_Apertura_2010_(Argentina)
2010-08-28,18:10,Colón,Godoy Cruz,1,3,,,Primera Division - Apertura,2010,zonas,,Fecha 4,Brigadier Estanislao López,false,https://es.wikipedia.org/wiki/Anexo:Torneo_Apertura_2010_(Argentina)
2010-08-28,20:20,San Lorenzo,All Boys,3,1,,,Primera Division - Apertura,2010,zonas,,Fecha 4,Nuevo Gasómetro,false,https://es.wikipedia.org/wiki/Anexo:Torneo_Apertura_2010_(Argentina)
2010-08-29,,Atlético Tucumán,Patronato,2,0,,,Primera Nacional,2010,zonas,,Fecha 4,,false,https://es.wikipedia.org/wiki/Campeonato_de_Primera_B_Nacional_2010-11 + https://www.worldfootball.net/
2010-08-29,,Boca Unidos,Unión,2,1,,,Primera Nacional,2010,zonas,,Fecha 4,,false,https://es.wikipedia.org/wiki/Campeonato_de_Primera_B_Nacional_2010-11 + https://www.worldfootball.net/
2010-08-29,,Independiente Rivadavia,Gimnasia y Esgrima (J),0,1,,,Primera Nacional,2010,zonas,,Fecha 4,,false,https://es.wikipedia.org/wiki/Campeonato_de_Primera_B_Nacional_2010-11 + https://www.worldfootball.net/
2010-08-29,13:30,Independiente,Arsenal,1,2,,,Primera Division - Apertura,2010,zonas,,Fecha 4,Libertadores de América,false,https://es.wikipedia.org/wiki/Anexo:Torneo_Apertura_2010_(Argentina)
2010-08-29,15:30,Argentinos Juniors,River Plate,0,0,,,Primera Division - Apertura,2010,zonas,,Fecha 4,Diego Armando Maradona,false,https://es.wikipedia.org/wiki/Anexo:Torneo_Apertura_2010_(Argentina)
2010-08-29,17:30,Boca Juniors,Vélez Sarsfield,2,1,,,Primera Division - Apertura,2010,zonas,,Fecha 4,La Bombonera,false,https://es.wikipedia.org/wiki/Anexo:Torneo_Apertura_2010_(Argentina)
2010-08-29,19:30,Olimpo,Racing Club,1,0,,,Primera Division - Apertura,2010,zonas,,Fecha 4,Roberto N. Carminatti,false,https://es.wikipedia.org/wiki/Anexo:Torneo_Apertura_2010_(Argentina)
2010-08-30,,Chacarita Juniors,Aldosivi,1,1,,,Primera Nacional,2010,zonas,,Fecha 4,,false,https://es.wikipedia.org/wiki/Campeonato_de_Primera_B_Nacional_2010-11 + https://www.worldfootball.net/
2010-09-02,,Almirante Brown,Deportivo Merlo,0,1,,,Primera Nacional,2010,zonas,,Fecha 5,,false,https://es.wikipedia.org/wiki/Campeonato_de_Primera_B_Nacional_2010-11 + https://www.worldfootball.net/
2010-09-03,,Tiro Federal,Atlético Tucumán,2,4,,,Primera Nacional,2010,zonas,,Fecha 5,,false,https://es.wikipedia.org/wiki/Campeonato_de_Primera_B_Nacional_2010-11 + https://www.worldfootball.net/
2010-09-03,19:10,Godoy Cruz,Estudiantes (LP),1,2,,,Primera Division - Apertura,2010,zonas,,Fecha 5,Malvinas Argentinas,false,https://es.wikipedia.org/wiki/Anexo:Torneo_Apertura_2010_(Argentina)
2010-09-03,21:15,Racing Club,Colón,1,2,,,Primera Division - Apertura,2010,zonas,,Fecha 5,El Cilindro,false,https://es.wikipedia.org/wiki/Anexo:Torneo_Apertura_2010_(Argentina)
2010-09-04,,Aldosivi,Independiente Rivadavia,1,1,,,Primera Nacional,2010,zonas,,Fecha 5,,false,https://es.wikipedia.org/wiki/Campeonato_de_Primera_B_Nacional_2010-11 + https://www.worldfootball.net/
2010-09-04,,Belgrano,CAI,0,0,,,Primera Nacional,2010,zonas,,Fecha 5,,false,https://es.wikipedia.org/wiki/Campeonato_de_Primera_B_Nacional_2010-11 + https://www.worldfootball.net/
2010-09-04,,Defensa y Justicia,Chacarita Juniors,3,1,,,Primera Nacional,2010,zonas,,Fecha 5,,false,https://es.wikipedia.org/wiki/Campeonato_de_Primera_B_Nacional_2010-11 + https://www.worldfootball.net/
2010-09-04,,Patronato,Rosario Central,2,2,,,Primera Nacional,2010,zonas,,Fecha 5,,false,https://es.wikipedia.org/wiki/Campeonato_de_Primera_B_Nacional_2010-11 + https://www.worldfootball.net/
2010-09-04,,Unión,Instituto,1,0,,,Primera Nacional,2010,zonas,,Fecha 5,,false,https://es.wikipedia.org/wiki/Campeonato_de_Primera_B_Nacional_2010-11 + https://www.worldfootball.net/
2010-09-04,14:10,All Boys,Olimpo,1,0,,,Primera Division - Apertura,2010,zonas,,Fecha 5,Islas Malvinas,false,https://es.wikipedia.org/wiki/Anexo:Torneo_Apertura_2010_(Argentina)
2010-09-04,16:15,Boca Juniors,San Lorenzo,1,2,,,Primera Division - Apertura,2010,zonas,,Fecha 5,La Bombonera,false,https://es.wikipedia.org/wiki/Anexo:Torneo_Apertura_2010_(Argentina)
2010-09-04,18:15,Arsenal,Argentinos Juniors,1,0,,,Primera Division - Apertura,2010,zonas,,Fecha 5,El Viaducto,false,https://es.wikipedia.org/wiki/Anexo:Torneo_Apertura_2010_(Argentina)
2010-09-04,20:20,Newell's Old Boys,Independiente,1,1,,,Primera Division - Apertura,2010,zonas,,Fecha 5,Marcelo Bielsa,false,https://es.wikipedia.org/wiki/Anexo:Torneo_Apertura_2010_(Argentina)
2010-09-05,,Gimnasia y Esgrima (J),Boca Unidos,1,0,,,Primera Nacional,2010,zonas,,Fecha 5,,false,https://es.wikipedia.org/wiki/Campeonato_de_Primera_B_Nacional_2010-11 + https://www.worldfootball.net/
2010-09-05,,San Martín (T),Atlético de Rafaela,0,3,,,Primera Nacional,2010,zonas,,Fecha 5,,false,https://es.wikipedia.org/wiki/Campeonato_de_Primera_B_Nacional_2010-11 + https://www.worldfootball.net/
2010-09-05,14:10,Quilmes,Huracán,1,2,,,Primera Division - Apertura,2010,zonas,,Fecha 5,Centenario,false,https://es.wikipedia.org/wiki/Anexo:Torneo_Apertura_2010_(Argentina)
2010-09-05,16:15,Gimnasia y Esgrima (LP),Lanús,0,2,,,Primera Division - Apertura,2010,zonas,,Fecha 5,Juan Carmelo Zerillo,false,https://es.wikipedia.org/wiki/Anexo:Torneo_Apertura_2010_(Argentina)
2010-09-05,19:30,Banfield,Tigre,1,1,,,Primera Division - Apertura,2010,zonas,,Fecha 5,Florencio Sola,false,https://es.wikipedia.org/wiki/Anexo:Torneo_Apertura_2010_(Argentina)
2010-09-05,20:20,Vélez Sarsfield,River Plate,2,1,,,Primera Division - Apertura,2010,zonas,,Fecha 5,José Amalfitani,false,https://es.wikipedia.org/wiki/Anexo:Torneo_Apertura_2010_(Argentina)
2010-09-06,,San Martín (SJ),Ferro Carril Oeste,3,1,,,Primera Nacional,2010,zonas,,Fecha 5,,false,https://es.wikipedia.org/wiki/Campeonato_de_Primera_B_Nacional_2010-11 + https://www.worldfootball.net/
2010-09-09,,Chacarita Juniors,Almirante Brown,0,1,,,Primera Nacional,2010,zonas,,Fecha 6,,false,https://es.wikipedia.org/wiki/Campeonato_de_Primera_B_Nacional_2010-11 + https://www.worldfootball.net/
2010-09-10,,Atlético de Rafaela,Rosario Central,0,1,,,Primera Nacional,2010,zonas,,Fecha 6,,false,https://es.wikipedia.org/wiki/Campeonato_de_Primera_B_Nacional_2010-11 + https://www.worldfootball.net/
2010-09-10,19:10,Tigre,Gimnasia y Esgrima (LP),2,0,,,Primera Division - Apertura,2010,zonas,,Fecha 6,Monumental de Victoria,false,https://es.wikipedia.org/wiki/Anexo:Torneo_Apertura_2010_(Argentina)
2010-09-10,21:20,Colón,All Boys,1,1,,,Primera Division - Apertura,2010,zonas,,Fecha 6,Brigadier Estanislao López,false,https://es.wikipedia.org/wiki/Anexo:Torneo_Apertura_2010_(Argentina)
2010-09-11,,CAI,San Martín (T),1,0,,,Primera Nacional,2010,zonas,,Fecha 6,,false,https://es.wikipedia.org/wiki/Campeonato_de_Primera_B_Nacional_2010-11 + https://www.worldfootball.net/
2010-09-11,,Deportivo Merlo,San Martín (SJ),0,3,,,Primera Nacional,2010,zonas,,Fecha 6,,false,https://es.wikipedia.org/wiki/Campeonato_de_Primera_B_Nacional_2010-11 + https://www.worldfootball.net/
2010-09-11,,Ferro Carril Oeste,Belgrano,1,1,,,Primera Nacional,2010,zonas,,Fecha 6,,false,https://es.wikipedia.org/wiki/Campeonato_de_Primera_B_Nacional_2010-11 + https://www.worldfootball.net/
2010-09-11,,Instituto,Gimnasia y Esgrima (J),2,0,,,Primera Nacional,2010,zonas,,Fecha 6,,false,https://es.wikipedia.org/wiki/Campeonato_de_Primera_B_Nacional_2010-11 + https://www.worldfootball.net/
2010-09-11,,Tiro Federal,Patronato,1,0,,,Primera Nacional,2010,zonas,,Fecha 6,,false,https://es.wikipedia.org/wiki/Campeonato_de_Primera_B_Nacional_2010-11 + https://www.worldfootball.net/
2010-09-11,14:10,Huracán,Banfield,2,2,,,Primera Division - Apertura,2010,zonas,,Fecha 6,Tomás A. Ducó,false,https://es.wikipedia.org/wiki/Anexo:Torneo_Apertura_2010_(Argentina)
2010-09-11,16:20,San Lorenzo,Vélez Sarsfield,0,0,,,Primera Division - Apertura,2010,zonas,,Fecha 6,Nuevo Gasómetro,false,https://es.wikipedia.org/wiki/Anexo:Torneo_Apertura_2010_(Argentina)
2010-09-11,18:30,Lanús,Godoy Cruz,1,4,,,Primera Division - Apertura,2010,zonas,,Fecha 6,Ciudad de Lanús,false,https://es.wikipedia.org/wiki/Anexo:Torneo_Apertura_2010_(Argentina)
2010-09-11,20:30,Estudiantes (LP),Racing Club,2,0,,,Primera Division - Apertura,2010,zonas,,Fecha 6,Centenario,false,https://es.wikipedia.org/wiki/Anexo:Torneo_Apertura_2010_(Argentina)
2010-09-12,,Atlético Tucumán,Unión,0,1,,,Primera Nacional,2010,zonas,,Fecha 6,,false,https://es.wikipedia.org/wiki/Campeonato_de_Primera_B_Nacional_2010-11 + https://www.worldfootball.net/
2010-09-12,,Boca Unidos,Aldosivi,0,0,,,Primera Nacional,2010,zonas,,Fecha 6,,false,https://es.wikipedia.org/wiki/Campeonato_de_Primera_B_Nacional_2010-11 + https://www.worldfootball.net/
2010-09-12,14:00,Argentinos Juniors,Newell's Old Boys,1,2,,,Primera Division - Apertura,2010,zonas,,Fecha 6,Diego Armando Maradona,false,https://es.wikipedia.org/wiki/Anexo:Torneo_Apertura_2010_(Argentina)
2010-09-12,16:00,River Plate,Arsenal,1,0,,,Primera Division - Apertura,2010,zonas,,Fecha 6,Monumental,false,https://es.wikipedia.org/wiki/Anexo:Torneo_Apertura_2010_(Argentina)
2010-09-12,18:10,Independiente,Quilmes,0,0,,,Primera Division - Apertura,2010,zonas,,Fecha 6,Libertadores de América,false,https://es.wikipedia.org/wiki/Anexo:Torneo_Apertura_2010_(Argentina)
2010-09-12,20:20,Olimpo,Boca Juniors,1,3,,,Primera Division - Apertura,2010,zonas,,Fecha 6,Roberto N. Carminatti,false,https://es.wikipedia.org/wiki/Anexo:Torneo_Apertura_2010_(Argentina)
2010-09-13,,Independiente Rivadavia,Defensa y Justicia,3,1,,,Primera Nacional,2010,zonas,,Fecha 6,,false,https://es.wikipedia.org/wiki/Campeonato_de_Primera_B_Nacional_2010-11 + https://www.worldfootball.net/
2010-09-15,,Almirante Brown,Rosario Central,1,0,,,Primera Nacional,2010,zonas,,Fecha 1,,false,https://es.wikipedia.org/wiki/Campeonato_de_Primera_B_Nacional_2010-11 + https://www.worldfootball.net/
2010-09-16,,San Martín (SJ),Chacarita Juniors,0,1,,,Primera Nacional,2010,zonas,,Fecha 7,,false,https://es.wikipedia.org/wiki/Campeonato_de_Primera_B_Nacional_2010-11 + https://www.worldfootball.net/
2010-09-17,19:10,Gimnasia y Esgrima (LP),Huracán,3,0,,,Primera Division - Apertura,2010,zonas,,Fecha 7,Juan Carmelo Zerillo,false,https://es.wikipedia.org/wiki/Anexo:Torneo_Apertura_2010_(Argentina)
2010-09-17,21:20,Racing Club,Lanús,4,0,,,Primera Division - Apertura,2010,zonas,,Fecha 7,El Cilindro,false,https://es.wikipedia.org/wiki/Anexo:Torneo_Apertura_2010_(Argentina)
2010-09-18,,Aldosivi,Instituto,0,0,,,Primera Nacional,2010,zonas,,Fecha 7,,false,https://es.wikipedia.org/wiki/Campeonato_de_Primera_B_Nacional_2010-11 + https://www.worldfootball.net/
2010-09-18,,Belgrano,Deportivo Merlo,1,0,,,Primera Nacional,2010,zonas,,Fecha 7,,false,https://es.wikipedia.org/wiki/Campeonato_de_Primera_B_Nacional_2010-11 + https://www.worldfootball.net/
2010-09-18,,Patronato,Atlético de Rafaela,0,1,,,Primera Nacional,2010,zonas,,Fecha 7,,false,https://es.wikipedia.org/wiki/Campeonato_de_Primera_B_Nacional_2010-11 + https://www.worldfootball.net/
2010-09-18,,Unión,Tiro Federal,3,0,,,Primera Nacional,2010,zonas,,Fecha 7,,false,https://es.wikipedia.org/wiki/Campeonato_de_Primera_B_Nacional_2010-11 + https://www.worldfootball.net/
2010-09-18,14:10,San Lorenzo,Olimpo,3,1,,,Primera Division - Apertura,2010,zonas,,Fecha 7,Nuevo Gasómetro,false,https://es.wikipedia.org/wiki/Anexo:Torneo_Apertura_2010_(Argentina)
2010-09-18,16:20,Godoy Cruz,Tigre,1,2,,,Primera Division - Apertura,2010,zonas,,Fecha 7,Malvinas Argentinas,false,https://es.wikipedia.org/wiki/Anexo:Torneo_Apertura_2010_(Argentina)
2010-09-18,18:30,Quilmes,Argentinos Juniors,2,2,,,Primera Division - Apertura,2010,zonas,,Fecha 7,Centenario,false,https://es.wikipedia.org/wiki/Anexo:Torneo_Apertura_2010_(Argentina)
2010-09-18,20:30,Arsenal,Vélez Sarsfield,0,0,,,Primera Division - Apertura,2010,zonas,,Fecha 7,El Viaducto,false,https://es.wikipedia.org/wiki/Anexo:Torneo_Apertura_2010_(Argentina)
2010-09-19,,Almirante Brown,Independiente Rivadavia,2,2,,,Primera Nacional,2010,zonas,,Fecha 7,,false,https://es.wikipedia.org/wiki/Campeonato_de_Primera_B_Nacional_2010-11 + https://www.worldfootball.net/
2010-09-19,,Defensa y Justicia,Boca Unidos,1,0,,,Primera Nacional,2010,zonas,,Fecha 7,,false,https://es.wikipedia.org/wiki/Campeonato_de_Primera_B_Nacional_2010-11 + https://www.worldfootball.net/
2010-09-19,,Gimnasia y Esgrima (J),Atlético Tucumán,2,1,,,Primera Nacional,2010,zonas,,Fecha 7,,false,https://es.wikipedia.org/wiki/Campeonato_de_Primera_B_Nacional_2010-11 + https://www.worldfootball.net/
2010-09-19,,San Martín (T),Ferro Carril Oeste,1,1,,,Primera Nacional,2010,zonas,,Fecha 7,,false,https://es.wikipedia.org/wiki/Campeonato_de_Primera_B_Nacional_2010-11 + https://www.worldfootball.net/
2010-09-19,14:00,All Boys,Estudiantes (LP),2,1,,,Primera Division - Apertura,2010,zonas,,Fecha 7,Islas Malvinas,false,https://es.wikipedia.org/wiki/Anexo:Torneo_Apertura_2010_(Argentina)
2010-09-19,16:00,Newell's Old Boys,River Plate,1,0,,,Primera Division - Apertura,2010,zonas,,Fecha 7,Marcelo Bielsa,false,https://es.wikipedia.org/wiki/Anexo:Torneo_Apertura_2010_(Argentina)
2010-09-19,18:10,Banfield,Independiente,4,0,,,Primera Division - Apertura,2010,zonas,,Fecha 7,Florencio Sola,false,https://es.wikipedia.org/wiki/Anexo:Torneo_Apertura_2010_(Argentina)
2010-09-19,20:20,Boca Juniors,Colón,3,1,,,Primera Division - Apertura,2010,zonas,,Fecha 7,La Bombonera,false,https://es.wikipedia.org/wiki/Anexo:Torneo_Apertura_2010_(Argentina)
2010-09-20,,Rosario Central,CAI,1,0,,,Primera Nacional,2010,zonas,,Fecha 7,,false,https://es.wikipedia.org/wiki/Campeonato_de_Primera_B_Nacional_2010-11 + https://www.worldfootball.net/
2010-09-23,,Chacarita Juniors,Belgrano,1,0,,,Primera Nacional,2010,zonas,,Fecha 8,,false,https://es.wikipedia.org/wiki/Campeonato_de_Primera_B_Nacional_2010-11 + https://www.worldfootball.net/
2010-09-24,,Instituto,Defensa y Justicia,2,0,,,Primera Nacional,2010,zonas,,Fecha 8,,false,https://es.wikipedia.org/wiki/Campeonato_de_Primera_B_Nacional_2010-11 + https://www.worldfootball.net/
2010-09-24,,Unión,Patronato,0,2,,,Primera Nacional,2010,zonas,,Fecha 8,,false,https://es.wikipedia.org/wiki/Campeonato_de_Primera_B_Nacional_2010-11 + https://www.worldfootball.net/
2010-09-24,19:10,Vélez Sarsfield,Olimpo,3,0,,,Primera Division - Apertura,2010,zonas,,Fecha 8,José Amalfitani,false,https://es.wikipedia.org/wiki/Anexo:Torneo_Apertura_2010_(Argentina)
2010-09-24,21:20,Independiente,Gimnasia y Esgrima (LP),1,0,,,Primera Division - Apertura,2010,zonas,,Fecha 8,Libertadores de América,false,https://es.wikipedia.org/wiki/Anexo:Torneo_Apertura_2010_(Argentina)
2010-09-25,,CAI,Atlético de Rafaela,0,0,,,Primera Nacional,2010,zonas,,Fecha 8,,false,https://es.wikipedia.org/wiki/Campeonato_de_Primera_B_Nacional_2010-11 + https://www.worldfootball.net/
2010-09-25,,Deportivo Merlo,San Martín (T),1,1,,,Primera Nacional,2010,zonas,,Fecha 8,,false,https://es.wikipedia.org/wiki/Campeonato_de_Primera_B_Nacional_2010-11 + https://www.worldfootball.net/
2010-09-25,,Ferro Carril Oeste,Rosario Central,1,0,,,Primera Nacional,2010,zonas,,Fecha 8,,false,https://es.wikipedia.org/wiki/Campeonato_de_Primera_B_Nacional_2010-11 + https://www.worldfootball.net/
2010-09-25,,Tiro Federal,Gimnasia y Esgrima (J),1,0,,,Primera Nacional,2010,zonas,,Fecha 8,,false,https://es.wikipedia.org/wiki/Campeonato_de_Primera_B_Nacional_2010-11 + https://www.worldfootball.net/
2010-09-25,14:10,Argentinos Juniors,Banfield,1,0,,,Primera Division - Apertura,2010,zonas,,Fecha 8,Diego Armando Maradona,false,https://es.wikipedia.org/wiki/Anexo:Torneo_Apertura_2010_(Argentina)
2010-09-25,16:20,Estudiantes (LP),Boca Juniors,1,0,,,Primera Division - Apertura,2010,zonas,,Fecha 8,Centenario,false,https://es.wikipedia.org/wiki/Anexo:Torneo_Apertura_2010_(Argentina)
2010-09-25,18:30,Lanús,All Boys,1,0,,,Primera Division - Apertura,2010,zonas,,Fecha 8,Ciudad de Lanús,false,https://es.wikipedia.org/wiki/Anexo:Torneo_Apertura_2010_(Argentina)
2010-09-25,20:30,Colón,San Lorenzo,2,0,,,Primera Division - Apertura,2010,zonas,,Fecha 8,Brigadier Estanislao López,false,https://es.wikipedia.org/wiki/Anexo:Torneo_Apertura_2010_(Argentina)
2010-09-26,,Atlético Tucumán,Aldosivi,2,1,,,Primera Nacional,2010,zonas,,Fecha 8,,false,https://es.wikipedia.org/wiki/Campeonato_de_Primera_B_Nacional_2010-11 + https://www.worldfootball.net/
2010-09-26,,Boca Unidos,Almirante Brown,1,1,,,Primera Nacional,2010,zonas,,Fecha 8,,false,https://es.wikipedia.org/wiki/Campeonato_de_Primera_B_Nacional_2010-11 + https://www.worldfootball.net/
2010-09-26,14:00,Arsenal,Newell's Old Boys,0,0,,,Primera Division - Apertura,2010,zonas,,Fecha 8,El Viaducto,false,https://es.wikipedia.org/wiki/Anexo:Torneo_Apertura_2010_(Argentina)
2010-09-26,16:00,Huracán,Godoy Cruz,1,1,,,Primera Division - Apertura,2010,zonas,,Fecha 8,Tomás A. Ducó,false,https://es.wikipedia.org/wiki/Anexo:Torneo_Apertura_2010_(Argentina)
2010-09-26,18:10,Tigre,Racing Club,0,0,,,Primera Division - Apertura,2010,zonas,,Fecha 8,Monumental de Victoria,false,https://es.wikipedia.org/wiki/Anexo:Torneo_Apertura_2010_(Argentina)
2010-09-26,20:20,River Plate,Quilmes,1,1,,,Primera Division - Apertura,2010,zonas,,Fecha 8,Monumental,false,https://es.wikipedia.org/wiki/Anexo:Torneo_Apertura_2010_(Argentina)
2010-09-27,,Independiente Rivadavia,San Martín (SJ),0,1,,,Primera Nacional,2010,zonas,,Fecha 8,,false,https://es.wikipedia.org/wiki/Campeonato_de_Primera_B_Nacional_2010-11 + https://www.worldfootball.net/
2010-09-29,16:00,Estudiantes (LP),Gimnasia y Esgrima (LP),2,0,,,Primera Division - Apertura,2010,zonas,,Fecha 4,Centenario,false,https://es.wikipedia.org/wiki/Anexo:Torneo_Apertura_2010_(Argentina)
2010-09-30,,San Martín (T),Chacarita Juniors,0,0,,,Primera Nacional,2010,zonas,,Fecha 9,,false,https://es.wikipedia.org/wiki/Campeonato_de_Primera_B_Nacional_2010-11 + https://www.worldfootball.net/
2010-10-01,,Atlético de Rafaela,Ferro Carril Oeste,3,0,,,Primera Nacional,2010,zonas,,Fecha 9,,false,https://es.wikipedia.org/wiki/Campeonato_de_Primera_B_Nacional_2010-11 + https://www.worldfootball.net/
2010-10-01,19:10,Quilmes,Arsenal,0,1,,,Primera Division - Apertura,2010,zonas,,Fecha 9,Centenario,false,https://es.wikipedia.org/wiki/Anexo:Torneo_Apertura_2010_(Argentina)
2010-10-01,21:20,Newell's Old Boys,Vélez Sarsfield,2,0,,,Primera Division - Apertura,2010,zonas,,Fecha 9,Marcelo Bielsa,false,https://es.wikipedia.org/wiki/Anexo:Torneo_Apertura_2010_(Argentina)
2010-10-02,,Aldosivi,Tiro Federal,1,1,,,Primera Nacional,2010,zonas,,Fecha 9,,false,https://es.wikipedia.org/wiki/Campeonato_de_Primera_B_Nacional_2010-11 + https://www.worldfootball.net/
2010-10-02,,Belgrano,Independiente Rivadavia,3,0,,,Primera Nacional,2010,zonas,,Fecha 9,,false,https://es.wikipedia.org/wiki/Campeonato_de_Primera_B_Nacional_2010-11 + https://www.worldfootball.net/
2010-10-02,,Defensa y Justicia,Atlético Tucumán,1,1,,,Primera Nacional,2010,zonas,,Fecha 9,,false,https://es.wikipedia.org/wiki/Campeonato_de_Primera_B_Nacional_2010-11 + https://www.worldfootball.net/
2010-10-02,,Rosario Central,Deportivo Merlo,2,1,,,Primera Nacional,2010,zonas,,Fecha 9,,false,https://es.wikipedia.org/wiki/Campeonato_de_Primera_B_Nacional_2010-11 + https://www.worldfootball.net/
2010-10-02,14:10,All Boys,Tigre,3,3,,,Primera Division - Apertura,2010,zonas,,Fecha 9,Islas Malvinas,false,https://es.wikipedia.org/wiki/Anexo:Torneo_Apertura_2010_(Argentina)
2010-10-02,16:20,Godoy Cruz,Independiente,4,1,,,Primera Division - Apertura,2010,zonas,,Fecha 9,Malvinas Argentinas,false,https://es.wikipedia.org/wiki/Anexo:Torneo_Apertura_2010_(Argentina)
2010-10-02,18:30,Gimnasia y Esgrima (LP),Argentinos Juniors,2,4,,,Primera Division - Apertura,2010,zonas,,Fecha 9,Juan Carmelo Zerillo,false,https://es.wikipedia.org/wiki/Anexo:Torneo_Apertura_2010_(Argentina)
2010-10-02,20:30,Racing Club,Huracán,3,0,,,Primera Division - Apertura,2010,zonas,,Fecha 9,El Cilindro,false,https://es.wikipedia.org/wiki/Anexo:Torneo_Apertura_2010_(Argentina)
2010-10-03,,Gimnasia y Esgrima (J),Unión,0,2,,,Primera Nacional,2010,zonas,,Fecha 9,,false,https://es.wikipedia.org/wiki/Campeonato_de_Primera_B_Nacional_2010-11 + https://www.worldfootball.net/
2010-10-03,,Patronato,CAI,1,0,,,Primera Nacional,2010,zonas,,Fecha 9,,false,https://es.wikipedia.org/wiki/Campeonato_de_Primera_B_Nacional_2010-11 + https://www.worldfootball.net/
2010-10-03,,San Martín (SJ),Boca Unidos,2,1,,,Primera Nacional,2010,zonas,,Fecha 9,,false,https://es.wikipedia.org/wiki/Campeonato_de_Primera_B_Nacional_2010-11 + https://www.worldfootball.net/
2010-10-03,14:00,Olimpo,Colón,2,3,,,Primera Division - Apertura,2010,zonas,,Fecha 9,Roberto N. Carminatti,false,https://es.wikipedia.org/wiki/Anexo:Torneo_Apertura_2010_(Argentina)
2010-10-03,16:00,San Lorenzo,Estudiantes (LP),0,1,,,Primera Division - Apertura,2010,zonas,,Fecha 9,Nuevo Gasómetro,false,https://es.wikipedia.org/wiki/Anexo:Torneo_Apertura_2010_(Argentina)
2010-10-03,18:10,Boca Juniors,Lanús,1,2,,,Primera Division - Apertura,2010,zonas,,Fecha 9,La Bombonera,false,https://es.wikipedia.org/wiki/Anexo:Torneo_Apertura_2010_(Argentina)
2010-10-03,20:20,Banfield,River Plate,2,2,,,Primera Division - Apertura,2010,zonas,,Fecha 9,Florencio Sola,false,https://es.wikipedia.org/wiki/Anexo:Torneo_Apertura_2010_(Argentina)
2010-10-04,,Almirante Brown,Instituto,1,1,,,Primera Nacional,2010,zonas,,Fecha 9,,false,https://es.wikipedia.org/wiki/Campeonato_de_Primera_B_Nacional_2010-11 + https://www.worldfootball.net/
2010-10-07,,Chacarita Juniors,Rosario Central,0,2,,,Primera Nacional,2010,zonas,,Fecha 10,,false,https://es.wikipedia.org/wiki/Campeonato_de_Primera_B_Nacional_2010-11 + https://www.worldfootball.net/
2010-10-08,,Tiro Federal,Defensa y Justicia,0,0,,,Primera Nacional,2010,zonas,,Fecha 10,,false,https://es.wikipedia.org/wiki/Campeonato_de_Primera_B_Nacional_2010-11 + https://www.worldfootball.net/
2010-10-08,19:10,Estudiantes (LP),Olimpo,2,0,,,Primera Division - Apertura,2010,zonas,,Fecha 10,Centenario,false,https://es.wikipedia.org/wiki/Anexo:Torneo_Apertura_2010_(Argentina)
2010-10-08,21:20,Arsenal,Banfield,1,0,,,Primera Division - Apertura,2010,zonas,,Fecha 10,El Viaducto,false,https://es.wikipedia.org/wiki/Anexo:Torneo_Apertura_2010_(Argentina)
2010-10-09,,Deportivo Merlo,Atlético de Rafaela,1,0,,,Primera Nacional,2010,zonas,,Fecha 10,,false,https://es.wikipedia.org/wiki/Campeonato_de_Primera_B_Nacional_2010-11 + https://www.worldfootball.net/
2010-10-09,,Ferro Carril Oeste,CAI,2,2,,,Primera Nacional,2010,zonas,,Fecha 10,,false,https://es.wikipedia.org/wiki/Campeonato_de_Primera_B_Nacional_2010-11 + https://www.worldfootball.net/
2010-10-09,,Unión,Aldosivi,0,3,,,Primera Nacional,2010,zonas,,Fecha 10,,false,https://es.wikipedia.org/wiki/Campeonato_de_Primera_B_Nacional_2010-11 + https://www.worldfootball.net/
2010-10-09,14:10,Huracán,All Boys,1,1,,,Primera Division - Apertura,2010,zonas,,Fecha 10,Tomás A. Ducó,false,https://es.wikipedia.org/wiki/Anexo:Torneo_Apertura_2010_(Argentina)
2010-10-09,16:20,Lanús,San Lorenzo,2,0,,,Primera Division - Apertura,2010,zonas,,Fecha 10,Ciudad de Lanús,false,https://es.wikipedia.org/wiki/Anexo:Torneo_Apertura_2010_(Argentina)
2010-10-09,18:30,Argentinos Juniors,Godoy Cruz,0,0,,,Primera Division - Apertura,2010,zonas,,Fecha 10,Diego Armando Maradona,false,https://es.wikipedia.org/wiki/Anexo:Torneo_Apertura_2010_(Argentina)
2010-10-09,20:30,Newell's Old Boys,Quilmes,1,1,,,Primera Division - Apertura,2010,zonas,,Fecha 10,Marcelo Bielsa,false,https://es.wikipedia.org/wiki/Anexo:Torneo_Apertura_2010_(Argentina)
2010-10-10,,Boca Unidos,Belgrano,3,3,,,Primera Nacional,2010,zonas,,Fecha 10,,false,https://es.wikipedia.org/wiki/Campeonato_de_Primera_B_Nacional_2010-11 + https://www.worldfootball.net/
2010-10-10,,Gimnasia y Esgrima (J),Patronato,1,0,,,Primera Nacional,2010,zonas,,Fecha 10,,false,https://es.wikipedia.org/wiki/Campeonato_de_Primera_B_Nacional_2010-11 + https://www.worldfootball.net/
2010-10-10,,Independiente Rivadavia,San Martín (T),1,1,,,Primera Nacional,2010,zonas,,Fecha 10,,false,https://es.wikipedia.org/wiki/Campeonato_de_Primera_B_Nacional_2010-11 + https://www.worldfootball.net/
2010-10-10,14:10,Independiente,Racing Club,1,0,,,Primera Division - Apertura,2010,zonas,,Fecha 10,Libertadores de América,false,https://es.wikipedia.org/wiki/Anexo:Torneo_Apertura_2010_(Argentina)
2010-10-10,18:00,Vélez Sarsfield,Colón,6,0,,,Primera Division - Apertura,2010,zonas,,Fecha 10,José Amalfitani,false,https://es.wikipedia.org/wiki/Anexo:Torneo_Apertura_2010_(Argentina)
2010-10-10,20:10,Tigre,Boca Juniors,1,2,,,Primera Division - Apertura,2010,zonas,,Fecha 10,Monumental de Victoria,false,https://es.wikipedia.org/wiki/Anexo:Torneo_Apertura_2010_(Argentina)
2010-10-11,,Atlético Tucumán,Almirante Brown,3,0,,,Primera Nacional,2010,zonas,,Fecha 10,,false,https://es.wikipedia.org/wiki/Campeonato_de_Primera_B_Nacional_2010-11 + https://www.worldfootball.net/
2010-10-11,,Instituto,San Martín (SJ),1,0,,,Primera Nacional,2010,zonas,,Fecha 10,,false,https://es.wikipedia.org/wiki/Campeonato_de_Primera_B_Nacional_2010-11 + https://www.worldfootball.net/
2010-10-11,17:10,River Plate,Gimnasia y Esgrima (LP),0,0,,,Primera Division - Apertura,2010,zonas,,Fecha 10,Monumental,false,https://es.wikipedia.org/wiki/Anexo:Torneo_Apertura_2010_(Argentina)
2010-10-14,,Atlético de Rafaela,Chacarita Juniors,2,0,,,Primera Nacional,2010,zonas,,Fecha 11,,false,https://es.wikipedia.org/wiki/Campeonato_de_Primera_B_Nacional_2010-11 + https://www.worldfootball.net/
2010-10-15,19:10,San Lorenzo,Tigre,2,0,,,Primera Division - Apertura,2010,zonas,,Fecha 11,Nuevo Gasómetro,false,https://es.wikipedia.org/wiki/Anexo:Torneo_Apertura_2010_(Argentina)
2010-10-15,21:20,Quilmes,Vélez Sarsfield,0,2,,,Primera Division - Apertura,2010,zonas,,Fecha 11,Centenario,false,https://es.wikipedia.org/wiki/Anexo:Torneo_Apertura_2010_(Argentina)
2010-10-16,,Belgrano,Instituto,2,2,,,Primera Nacional,2010,zonas,,Fecha 11,,false,https://es.wikipedia.org/wiki/Campeonato_de_Primera_B_Nacional_2010-11 + https://www.worldfootball.net/
2010-10-16,,CAI,Deportivo Merlo,1,1,,,Primera Nacional,2010,zonas,,Fecha 11,,false,https://es.wikipedia.org/wiki/Campeonato_de_Primera_B_Nacional_2010-11 + https://www.worldfootball.net/
2010-10-16,14:10,Gimnasia y Esgrima (LP),Arsenal,2,3,,,Primera Division - Apertura,2010,zonas,,Fecha 11,Juan Carmelo Zerillo,false,https://es.wikipedia.org/wiki/Anexo:Torneo_Apertura_2010_(Argentina)
2010-10-16,16:20,All Boys,Independiente,3,1,,,Primera Division - Apertura,2010,zonas,,Fecha 11,Islas Malvinas,false,https://es.wikipedia.org/wiki/Anexo:Torneo_Apertura_2010_(Argentina)
2010-10-16,18:30,Colón,Estudiantes (LP),1,1,,,Primera Division - Apertura,2010,zonas,,Fecha 11,Brigadier Estanislao López,false,https://es.wikipedia.org/wiki/Anexo:Torneo_Apertura_2010_(Argentina)
2010-10-16,20:30,Banfield,Newell's Old Boys,0,0,,,Primera Division - Apertura,2010,zonas,,Fecha 11,Florencio Sola,false,https://es.wikipedia.org/wiki/Anexo:Torneo_Apertura_2010_(Argentina)
2010-10-17,,Defensa y Justicia,Unión,0,1,,,Primera Nacional,2010,zonas,,Fecha 11,,false,https://es.wikipedia.org/wiki/Campeonato_de_Primera_B_Nacional_2010-11 + https://www.worldfootball.net/
2010-10-17,,Patronato,Ferro Carril Oeste,0,0,,,Primera Nacional,2010,zonas,,Fecha 11,,false,https://es.wikipedia.org/wiki/Campeonato_de_Primera_B_Nacional_2010-11 + https://www.worldfootball.net/
2010-10-17,,San Martín (SJ),Atlético Tucumán,0,1,,,Primera Nacional,2010,zonas,,Fecha 11,,false,https://es.wikipedia.org/wiki/Campeonato_de_Primera_B_Nacional_2010-11 + https://www.worldfootball.net/
2010-10-17,,San Martín (T),Boca Unidos,1,1,,,Primera Nacional,2010,zonas,,Fecha 11,,false,https://es.wikipedia.org/wiki/Campeonato_de_Primera_B_Nacional_2010-11 + https://www.worldfootball.net/
2010-10-17,14:00,Olimpo,Lanús,1,0,,,Primera Division - Apertura,2010,zonas,,Fecha 11,Roberto N. Carminatti,false,https://es.wikipedia.org/wiki/Anexo:Torneo_Apertura_2010_(Argentina)
2010-10-17,16:00,Boca Juniors,Huracán,2,0,,,Primera Division - Apertura,2010,zonas,,Fecha 11,La Bombonera,false,https://es.wikipedia.org/wiki/Anexo:Torneo_Apertura_2010_(Argentina)
2010-10-17,18:10,Racing Club,Argentinos Juniors,2,1,,,Primera Division - Apertura,2010,zonas,,Fecha 11,El Cilindro,false,https://es.wikipedia.org/wiki/Anexo:Torneo_Apertura_2010_(Argentina)
2010-10-17,20:20,Godoy Cruz,River Plate,2,2,,,Primera Division - Apertura,2010,zonas,,Fecha 11,Malvinas Argentinas,false,https://es.wikipedia.org/wiki/Anexo:Torneo_Apertura_2010_(Argentina)
2010-10-18,,Aldosivi,Gimnasia y Esgrima (J),0,0,,,Primera Nacional,2010,zonas,,Fecha 11,,false,https://es.wikipedia.org/wiki/Campeonato_de_Primera_B_Nacional_2010-11 + https://www.worldfootball.net/
2010-10-18,,Almirante Brown,Tiro Federal,2,0,,,Primera Nacional,2010,zonas,,Fecha 11,,false,https://es.wikipedia.org/wiki/Campeonato_de_Primera_B_Nacional_2010-11 + https://www.worldfootball.net/
2010-10-18,,Rosario Central,Independiente Rivadavia,1,1,,,Primera Nacional,2010,zonas,,Fecha 11,,false,https://es.wikipedia.org/wiki/Campeonato_de_Primera_B_Nacional_2010-11 + https://www.worldfootball.net/
2010-10-21,,Chacarita Juniors,CAI,0,1,,,Primera Nacional,2010,zonas,,Fecha 12,,false,https://es.wikipedia.org/wiki/Campeonato_de_Primera_B_Nacional_2010-11 + https://www.worldfootball.net/
2010-10-22,19:10,Arsenal,Godoy Cruz,1,3,,,Primera Division - Apertura,2010,zonas,,Fecha 12,El Viaducto,false,https://es.wikipedia.org/wiki/Anexo:Torneo_Apertura_2010_(Argentina)
2010-10-22,21:20,Vélez Sarsfield,Estudiantes (LP),0,0,,,Primera Division - Apertura,2010,zonas,,Fecha 12,José Amalfitani,false,https://es.wikipedia.org/wiki/Anexo:Torneo_Apertura_2010_(Argentina)
2010-10-23,,Aldosivi,Patronato,4,1,,,Primera Nacional,2010,zonas,,Fecha 12,,false,https://es.wikipedia.org/wiki/Campeonato_de_Primera_B_Nacional_2010-11 + https://www.worldfootball.net/
2010-10-23,,Atlético Tucumán,Belgrano,2,0,,,Primera Nacional,2010,zonas,,Fecha 12,,false,https://es.wikipedia.org/wiki/Campeonato_de_Primera_B_Nacional_2010-11 + https://www.worldfootball.net/
2010-10-23,,Boca Unidos,Rosario Central,2,0,,,Primera Nacional,2010,zonas,,Fecha 12,,false,https://es.wikipedia.org/wiki/Campeonato_de_Primera_B_Nacional_2010-11 + https://www.worldfootball.net/
2010-10-23,,Deportivo Merlo,Ferro Carril Oeste,2,1,,,Primera Nacional,2010,zonas,,Fecha 12,,false,https://es.wikipedia.org/wiki/Campeonato_de_Primera_B_Nacional_2010-11 + https://www.worldfootball.net/
2010-10-23,,Instituto,San Martín (T),2,0,,,Primera Nacional,2010,zonas,,Fecha 12,,false,https://es.wikipedia.org/wiki/Campeonato_de_Primera_B_Nacional_2010-11 + https://www.worldfootball.net/
2010-10-23,14:10,Argentinos Juniors,All Boys,1,0,,,Primera Division - Apertura,2010,zonas,,Fecha 12,Diego Armando Maradona,false,https://es.wikipedia.org/wiki/Anexo:Torneo_Apertura_2010_(Argentina)
2010-10-23,16:20,River Plate,Racing Club,1,1,,,Primera Division - Apertura,2010,zonas,,Fecha 12,Monumental,false,https://es.wikipedia.org/wiki/Anexo:Torneo_Apertura_2010_(Argentina)
2010-10-23,18:30,Quilmes,Banfield,0,2,,,Primera Division - Apertura,2010,zonas,,Fecha 12,Centenario,false,https://es.wikipedia.org/wiki/Anexo:Torneo_Apertura_2010_(Argentina)
2010-10-23,20:30,Lanús,Colón,1,2,,,Primera Division - Apertura,2010,zonas,,Fecha 12,Ciudad de Lanús,false,https://es.wikipedia.org/wiki/Anexo:Torneo_Apertura_2010_(Argentina)
2010-10-24,,Gimnasia y Esgrima (J),Defensa y Justicia,0,0,,,Primera Nacional,2010,zonas,,Fecha 12,,false,https://es.wikipedia.org/wiki/Campeonato_de_Primera_B_Nacional_2010-11 + https://www.worldfootball.net/
2010-10-24,,Independiente Rivadavia,Atlético de Rafaela,3,1,,,Primera Nacional,2010,zonas,,Fecha 12,,false,https://es.wikipedia.org/wiki/Campeonato_de_Primera_B_Nacional_2010-11 + https://www.worldfootball.net/
2010-10-24,,Tiro Federal,San Martín (SJ),1,1,,,Primera Nacional,2010,zonas,,Fecha 12,,false,https://es.wikipedia.org/wiki/Campeonato_de_Primera_B_Nacional_2010-11 + https://www.worldfootball.net/
2010-10-24,14:00,Huracán,San Lorenzo,3,0,,,Primera Division - Apertura,2010,zonas,,Fecha 12,Tomás A. Ducó,false,https://es.wikipedia.org/wiki/Anexo:Torneo_Apertura_2010_(Argentina)
2010-10-24,16:00,Independiente,Boca Juniors,0,0,,,Primera Division - Apertura,2010,zonas,,Fecha 12,Libertadores De América,false,https://es.wikipedia.org/wiki/Anexo:Torneo_Apertura_2010_(Argentina)
2010-10-24,18:10,Tigre,Olimpo,3,2,,,Primera Division - Apertura,2010,zonas,,Fecha 12,Monumental de Victoria,false,https://es.wikipedia.org/wiki/Anexo:Torneo_Apertura_2010_(Argentina)
2010-10-24,20:20,Newell's Old Boys,Gimnasia y Esgrima (LP),1,0,,,Primera Division - Apertura,2010,zonas,,Fecha 12,Marcelo Bielsa,false,https://es.wikipedia.org/wiki/Anexo:Torneo_Apertura_2010_(Argentina)
2010-10-25,,Unión,Almirante Brown,1,0,,,Primera Nacional,2010,zonas,,Fecha 12,,false,https://es.wikipedia.org/wiki/Campeonato_de_Primera_B_Nacional_2010-11 + https://www.worldfootball.net/
2010-11-04,,Ferro Carril Oeste,Chacarita Juniors,3,0,,,Primera Nacional,2010,zonas,,Fecha 13,,false,https://es.wikipedia.org/wiki/Campeonato_de_Primera_B_Nacional_2010-11 + https://www.worldfootball.net/
2010-11-05,,Atlético de Rafaela,Boca Unidos,3,0,,,Primera Nacional,2010,zonas,,Fecha 13,,false,https://es.wikipedia.org/wiki/Campeonato_de_Primera_B_Nacional_2010-11 + https://www.worldfootball.net/
2010-11-05,19:10,Olimpo,Huracán,4,0,,,Primera Division - Apertura,2010,zonas,,Fecha 13,Roberto N. Carminatti,false,https://es.wikipedia.org/wiki/Anexo:Torneo_Apertura_2010_(Argentina)
2010-11-05,21:20,Estudiantes (LP),Lanús,3,0,,,Primera Division - Apertura,2010,zonas,,Fecha 13,Centenario,false,https://es.wikipedia.org/wiki/Anexo:Torneo_Apertura_2010_(Argentina)
2010-11-06,,Belgrano,Tiro Federal,2,3,,,Primera Nacional,2010,zonas,,Fecha 13,,false,https://es.wikipedia.org/wiki/Campeonato_de_Primera_B_Nacional_2010-11 + https://www.worldfootball.net/
2010-11-06,,Defensa y Justicia,Aldosivi,0,0,,,Primera Nacional,2010,zonas,,Fecha 13,,false,https://es.wikipedia.org/wiki/Campeonato_de_Primera_B_Nacional_2010-11 + https://www.worldfootball.net/
2010-11-06,,Patronato,Deportivo Merlo,0,1,,,Primera Nacional,2010,zonas,,Fecha 13,,false,https://es.wikipedia.org/wiki/Campeonato_de_Primera_B_Nacional_2010-11 + https://www.worldfootball.net/
2010-11-06,,San Martín (T),Atlético Tucumán,1,1,,,Primera Nacional,2010,zonas,,Fecha 13,,false,https://es.wikipedia.org/wiki/Campeonato_de_Primera_B_Nacional_2010-11 + https://www.worldfootball.net/
2010-11-06,14:10,Gimnasia y Esgrima (LP),Quilmes,1,0,,,Primera Division - Apertura,2010,zonas,,Fecha 13,Juan Carmelo Zerillo,false,https://es.wikipedia.org/wiki/Anexo:Torneo_Apertura_2010_(Argentina)
2010-11-06,16:20,Godoy Cruz,Newell's Old Boys,0,0,,,Primera Division - Apertura,2010,zonas,,Fecha 13,Malvinas Argentinas,false,https://es.wikipedia.org/wiki/Anexo:Torneo_Apertura_2010_(Argentina)
2010-11-06,18:30,Racing Club,Arsenal,2,2,,,Primera Division - Apertura,2010,zonas,,Fecha 13,El Cilindro,false,https://es.wikipedia.org/wiki/Anexo:Torneo_Apertura_2010_(Argentina)
2010-11-06,20:30,Boca Juniors,Argentinos Juniors,0,2,,,Primera Division - Apertura,2010,zonas,,Fecha 13,La Bombonera,false,https://es.wikipedia.org/wiki/Anexo:Torneo_Apertura_2010_(Argentina)
2010-11-07,,Almirante Brown,Gimnasia y Esgrima (J),0,0,,,Primera Nacional,2010,zonas,,Fecha 13,,false,https://es.wikipedia.org/wiki/Campeonato_de_Primera_B_Nacional_2010-11 + https://www.worldfootball.net/
2010-11-07,,San Martín (SJ),Unión,3,1,,,Primera Nacional,2010,zonas,,Fecha 13,,false,https://es.wikipedia.org/wiki/Campeonato_de_Primera_B_Nacional_2010-11 + https://www.worldfootball.net/
2010-11-07,14:00,San Lorenzo,Independiente,1,1,,,Primera Division - Apertura,2010,zonas,,Fecha 13,Nuevo Gasómetro,false,https://es.wikipedia.org/wiki/Anexo:Torneo_Apertura_2010_(Argentina)
2010-11-07,16:00,All Boys,River Plate,1,0,,,Primera Division - Apertura,2010,zonas,,Fecha 13,Islas Malvinas,false,https://es.wikipedia.org/wiki/Anexo:Torneo_Apertura_2010_(Argentina)
2010-11-07,18:10,Colón,Tigre,1,0,,,Primera Division - Apertura,2010,zonas,,Fecha 13,Brigadier Estanislao López,false,https://es.wikipedia.org/wiki/Anexo:Torneo_Apertura_2010_(Argentina)
2010-11-07,20:20,Banfield,Vélez Sarsfield,2,3,,,Primera Division - Apertura,2010,zonas,,Fecha 13,Florencio Sola,false,https://es.wikipedia.org/wiki/Anexo:Torneo_Apertura_2010_(Argentina)
2010-11-08,,Rosario Central,Instituto,1,0,,,Primera Nacional,2010,zonas,,Fecha 13,,false,https://es.wikipedia.org/wiki/Campeonato_de_Primera_B_Nacional_2010-11 + https://www.worldfootball.net/
2010-11-11,,Chacarita Juniors,Deportivo Merlo,0,0,,,Primera Nacional,2010,zonas,,Fecha 14,,false,https://es.wikipedia.org/wiki/Campeonato_de_Primera_B_Nacional_2010-11 + https://www.worldfootball.net/
2010-11-12,,Tiro Federal,San Martín (T),0,2,,,Primera Nacional,2010,zonas,,Fecha 14,,false,https://es.wikipedia.org/wiki/Campeonato_de_Primera_B_Nacional_2010-11 + https://www.worldfootball.net/
2010-11-12,19:10,Huracán,Colón,1,2,,,Primera Division - Apertura,2010,zonas,,Fecha 14,Tomás A. Ducó,false,https://es.wikipedia.org/wiki/Anexo:Torneo_Apertura_2010_(Argentina)
2010-11-12,21:20,Banfield,Gimnasia y Esgrima (LP),0,0,,,Primera Division - Apertura,2010,zonas,,Fecha 14,Florencio Sola,false,https://es.wikipedia.org/wiki/Anexo:Torneo_Apertura_2010_(Argentina)
2010-11-13,,Aldosivi,Almirante Brown,1,0,,,Primera Nacional,2010,zonas,,Fecha 14,,false,https://es.wikipedia.org/wiki/Campeonato_de_Primera_B_Nacional_2010-11 + https://www.worldfootball.net/
2010-11-13,,Defensa y Justicia,Patronato,1,1,,,Primera Nacional,2010,zonas,,Fecha 14,,false,https://es.wikipedia.org/wiki/Campeonato_de_Primera_B_Nacional_2010-11 + https://www.worldfootball.net/
2010-11-13,,Independiente Rivadavia,Ferro Carril Oeste,1,1,,,Primera Nacional,2010,zonas,,Fecha 14,,false,https://es.wikipedia.org/wiki/Campeonato_de_Primera_B_Nacional_2010-11 + https://www.worldfootball.net/
2010-11-13,,Instituto,Atlético de Rafaela,0,0,,,Primera Nacional,2010,zonas,,Fecha 14,,false,https://es.wikipedia.org/wiki/Campeonato_de_Primera_B_Nacional_2010-11 + https://www.worldfootball.net/
2010-11-13,,Unión,Belgrano,0,3,,,Primera Nacional,2010,zonas,,Fecha 14,,false,https://es.wikipedia.org/wiki/Campeonato_de_Primera_B_Nacional_2010-11 + https://www.worldfootball.net/
2010-11-13,18:10,Arsenal,All Boys,0,0,,,Primera Division - Apertura,2010,zonas,,Fecha 14,El Viaducto,false,https://es.wikipedia.org/wiki/Anexo:Torneo_Apertura_2010_(Argentina)
2010-11-13,20:10,Tigre,Estudiantes (LP),2,1,,,Primera Division - Apertura,2010,zonas,,Fecha 14,Monumental de Victoria,false,https://es.wikipedia.org/wiki/Anexo:Torneo_Apertura_2010_(Argentina)
2010-11-14,,Gimnasia y Esgrima (J),San Martín (SJ),2,1,,,Primera Nacional,2010,zonas,,Fecha 14,,false,https://es.wikipedia.org/wiki/Campeonato_de_Primera_B_Nacional_2010-11 + https://www.worldfootball.net/
2010-11-14,17:00,Argentinos Juniors,San Lorenzo,1,0,,,Primera Division - Apertura,2010,zonas,,Fecha 14,Diego Armando Maradona,false,https://es.wikipedia.org/wiki/Anexo:Torneo_Apertura_2010_(Argentina)
2010-11-14,17:00,Quilmes,Godoy Cruz,2,1,,,Primera Division - Apertura,2010,zonas,,Fecha 14,Florencio Sola,false,https://es.wikipedia.org/wiki/Anexo:Torneo_Apertura_2010_(Argentina)
2010-11-14,19:10,Independiente,Olimpo,1,1,,,Primera Division - Apertura,2010,zonas,,Fecha 14,Libertadores de América,false,https://es.wikipedia.org/wiki/Anexo:Torneo_Apertura_2010_(Argentina)
2010-11-14,19:10,Vélez Sarsfield,Lanús,1,0,,,Primera Division - Apertura,2010,zonas,,Fecha 14,José Amalfitani,false,https://es.wikipedia.org/wiki/Anexo:Torneo_Apertura_2010_(Argentina)
2010-11-14,21:15,Newell's Old Boys,Racing Club,0,2,,,Primera Division - Apertura,2010,zonas,,Fecha 14,Marcelo Bielsa,false,https://es.wikipedia.org/wiki/Anexo:Torneo_Apertura_2010_(Argentina)
2010-11-15,,Atlético Tucumán,Rosario Central,4,2,,,Primera Nacional,2010,zonas,,Fecha 14,,false,https://es.wikipedia.org/wiki/Campeonato_de_Primera_B_Nacional_2010-11 + https://www.worldfootball.net/
2010-11-15,,Boca Unidos,CAI,1,1,,,Primera Nacional,2010,zonas,,Fecha 14,,false,https://es.wikipedia.org/wiki/Campeonato_de_Primera_B_Nacional_2010-11 + https://www.worldfootball.net/
2010-11-16,19:00,River Plate,Boca Juniors,1,0,,,Primera Division - Apertura,2010,zonas,,Fecha 14,Monumental,false,https://es.wikipedia.org/wiki/Anexo:Torneo_Apertura_2010_(Argentina)
2010-11-18,,Almirante Brown,Defensa y Justicia,2,0,,,Primera Nacional,2010,zonas,,Fecha 15,,false,https://es.wikipedia.org/wiki/Campeonato_de_Primera_B_Nacional_2010-11 + https://www.worldfootball.net/
2010-11-19,20:10,Godoy Cruz,Banfield,2,1,,,Primera Division - Apertura,2010,zonas,,Fecha 15,Malvinas Argentinas,false,https://es.wikipedia.org/wiki/Anexo:Torneo_Apertura_2010_(Argentina)
2010-11-20,,Belgrano,Gimnasia y Esgrima (J),1,1,,,Primera Nacional,2010,zonas,,Fecha 15,,false,https://es.wikipedia.org/wiki/Campeonato_de_Primera_B_Nacional_2010-11 + https://www.worldfootball.net/
2010-11-20,,CAI,Instituto,0,1,,,Primera Nacional,2010,zonas,,Fecha 15,,false,https://es.wikipedia.org/wiki/Campeonato_de_Primera_B_Nacional_2010-11 + https://www.worldfootball.net/
2010-11-20,,Deportivo Merlo,Independiente Rivadavia,3,2,,,Primera Nacional,2010,zonas,,Fecha 15,,false,https://es.wikipedia.org/wiki/Campeonato_de_Primera_B_Nacional_2010-11 + https://www.worldfootball.net/
2010-11-20,,Ferro Carril Oeste,Boca Unidos,0,2,,,Primera Nacional,2010,zonas,,Fecha 15,,false,https://es.wikipedia.org/wiki/Campeonato_de_Primera_B_Nacional_2010-11 + https://www.worldfootball.net/
2010-11-20,,Rosario Central,Tiro Federal,1,0,,,Primera Nacional,2010,zonas,,Fecha 15,,false,https://es.wikipedia.org/wiki/Campeonato_de_Primera_B_Nacional_2010-11 + https://www.worldfootball.net/
2010-11-20,17:10,All Boys,Newell's Old Boys,2,0,,,Primera Division - Apertura,2010,zonas,,Fecha 15,Islas Malvinas,false,https://es.wikipedia.org/wiki/Anexo:Torneo_Apertura_2010_(Argentina)
2010-11-20,20:20,Estudiantes (LP),Huracán,2,0,,,Primera Division - Apertura,2010,zonas,,Fecha 15,Centenario,false,https://es.wikipedia.org/wiki/Anexo:Torneo_Apertura_2010_(Argentina)
2010-11-21,,Patronato,Chacarita Juniors,3,1,,,Primera Nacional,2010,zonas,,Fecha 15,,false,https://es.wikipedia.org/wiki/Campeonato_de_Primera_B_Nacional_2010-11 + https://www.worldfootball.net/
2010-11-21,,San Martín (SJ),Aldosivi,1,1,,,Primera Nacional,2010,zonas,,Fecha 15,,false,https://es.wikipedia.org/wiki/Campeonato_de_Primera_B_Nacional_2010-11 + https://www.worldfootball.net/
2010-11-21,,San Martín (T),Unión,1,1,,,Primera Nacional,2010,zonas,,Fecha 15,,false,https://es.wikipedia.org/wiki/Campeonato_de_Primera_B_Nacional_2010-11 + https://www.worldfootball.net/
2010-11-21,17:00,San Lorenzo,River Plate,0,0,,,Primera Division - Apertura,2010,zonas,,Fecha 15,Nuevo Gasómetro,false,https://es.wikipedia.org/wiki/Anexo:Torneo_Apertura_2010_(Argentina)
2010-11-21,19:10,Boca Juniors,Arsenal,2,1,,,Primera Division - Apertura,2010,zonas,,Fecha 15,La Bombonera,false,https://es.wikipedia.org/wiki/Anexo:Torneo_Apertura_2010_(Argentina)
2010-11-21,19:10,Gimnasia y Esgrima (LP),Vélez Sarsfield,0,0,,,Primera Division - Apertura,2010,zonas,,Fecha 15,Juan Carmelo Zerillo,false,https://es.wikipedia.org/wiki/Anexo:Torneo_Apertura_2010_(Argentina)
2010-11-21,21:15,Racing Club,Quilmes,1,1,,,Primera Division - Apertura,2010,zonas,,Fecha 15,El Cilindro,false,https://es.wikipedia.org/wiki/Anexo:Torneo_Apertura_2010_(Argentina)
2010-11-22,,Atlético de Rafaela,Atlético Tucumán,0,0,,,Primera Nacional,2010,zonas,,Fecha 15,,false,https://es.wikipedia.org/wiki/Campeonato_de_Primera_B_Nacional_2010-11 + https://www.worldfootball.net/
2010-11-22,17:00,Olimpo,Argentinos Juniors,1,1,,,Primera Division - Apertura,2010,zonas,,Fecha 15,Roberto N. Carminatti,false,https://es.wikipedia.org/wiki/Anexo:Torneo_Apertura_2010_(Argentina)
2010-11-22,19:10,Colón,Independiente,1,1,,,Primera Division - Apertura,2010,zonas,,Fecha 15,Brigadier Estanislao López,false,https://es.wikipedia.org/wiki/Anexo:Torneo_Apertura_2010_(Argentina)
2010-11-22,21:15,Lanús,Tigre,2,0,,,Primera Division - Apertura,2010,zonas,,Fecha 15,Ciudad de Lanús,false,https://es.wikipedia.org/wiki/Anexo:Torneo_Apertura_2010_(Argentina)
2010-11-24,,CAI,Independiente Rivadavia,3,3,,,Primera Nacional,2010,zonas,,Fecha 13,,false,https://es.wikipedia.org/wiki/Campeonato_de_Primera_B_Nacional_2010-11 + https://www.worldfootball.net/
2010-11-25,,Instituto,Ferro Carril Oeste,1,1,,,Primera Nacional,2010,zonas,,Fecha 16,,false,https://es.wikipedia.org/wiki/Campeonato_de_Primera_B_Nacional_2010-11 + https://www.worldfootball.net/
2010-11-26,,Gimnasia y Esgrima (J),San Martín (T),1,1,,,Primera Nacional,2010,zonas,,Fecha 16,,false,https://es.wikipedia.org/wiki/Campeonato_de_Primera_B_Nacional_2010-11 + https://www.worldfootball.net/
2010-11-26,19:10,Gimnasia y Esgrima (LP),Godoy Cruz,1,3,,,Primera Division - Apertura,2010,zonas,,Fecha 16,Juan Carmelo Zerillo,false,https://es.wikipedia.org/wiki/Anexo:Torneo_Apertura_2010_(Argentina)
2010-11-26,21:15,Arsenal,San Lorenzo,2,1,,,Primera Division - Apertura,2010,zonas,,Fecha 16,El Viaducto,false,https://es.wikipedia.org/wiki/Anexo:Torneo_Apertura_2010_(Argentina)
2010-11-27,,Tiro Federal,Atlético de Rafaela,2,4,,,Primera Nacional,2010,zonas,,Fecha 16,,false,https://es.wikipedia.org/wiki/Campeonato_de_Primera_B_Nacional_2010-11 + https://www.worldfootball.net/
2010-11-27,,Unión,Rosario Central,1,1,,,Primera Nacional,2010,zonas,,Fecha 16,,false,https://es.wikipedia.org/wiki/Campeonato_de_Primera_B_Nacional_2010-11 + https://www.worldfootball.net/
2010-11-27,17:10,Quilmes,All Boys,2,1,,,Primera Division - Apertura,2010,zonas,,Fecha 16,Centenario,false,https://es.wikipedia.org/wiki/Anexo:Torneo_Apertura_2010_(Argentina)
2010-11-27,20:10,Banfield,Racing Club,1,2,,,Primera Division - Apertura,2010,zonas,,Fecha 16,Florencio Sola,false,https://es.wikipedia.org/wiki/Anexo:Torneo_Apertura_2010_(Argentina)
2010-11-28,,Aldosivi,Belgrano,2,1,,,Primera Nacional,2010,zonas,,Fecha 16,,false,https://es.wikipedia.org/wiki/Campeonato_de_Primera_B_Nacional_2010-11 + https://www.worldfootball.net/
2010-11-28,,Atlético Tucumán,CAI,4,1,,,Primera Nacional,2010,zonas,,Fecha 16,,false,https://es.wikipedia.org/wiki/Campeonato_de_Primera_B_Nacional_2010-11 + https://www.worldfootball.net/
2010-11-28,,Boca Unidos,Deportivo Merlo,1,0,,,Primera Nacional,2010,zonas,,Fecha 16,,false,https://es.wikipedia.org/wiki/Campeonato_de_Primera_B_Nacional_2010-11 + https://www.worldfootball.net/
2010-11-28,,Defensa y Justicia,San Martín (SJ),2,0,,,Primera Nacional,2010,zonas,,Fecha 16,,false,https://es.wikipedia.org/wiki/Campeonato_de_Primera_B_Nacional_2010-11 + https://www.worldfootball.net/
2010-11-28,17:00,Independiente,Estudiantes (LP),1,2,,,Primera Division - Apertura,2010,zonas,,Fecha 16,Libertadores de América,false,https://es.wikipedia.org/wiki/Anexo:Torneo_Apertura_2010_(Argentina)
2010-11-28,17:00,Newell's Old Boys,Boca Juniors,1,0,,,Primera Division - Apertura,2010,zonas,,Fecha 16,Marcelo Bielsa,false,https://es.wikipedia.org/wiki/Anexo:Torneo_Apertura_2010_(Argentina)
2010-11-28,19:10,River Plate,Olimpo,1,0,,,Primera Division - Apertura,2010,zonas,,Fecha 16,Monumental,false,https://es.wikipedia.org/wiki/Anexo:Torneo_Apertura_2010_(Argentina)
2010-11-29,,Almirante Brown,Patronato,1,2,,,Primera Nacional,2010,zonas,,Fecha 16,,false,https://es.wikipedia.org/wiki/Campeonato_de_Primera_B_Nacional_2010-11 + https://www.worldfootball.net/
2010-11-29,,Independiente Rivadavia,Chacarita Juniors,0,2,,,Primera Nacional,2010,zonas,,Fecha 16,,false,https://es.wikipedia.org/wiki/Campeonato_de_Primera_B_Nacional_2010-11 + https://www.worldfootball.net/
2010-11-29,19:10,Huracán,Lanús,1,2,,,Primera Division - Apertura,2010,zonas,,Fecha 16,Tomás A. Ducó,false,https://es.wikipedia.org/wiki/Anexo:Torneo_Apertura_2010_(Argentina)
2010-11-29,21:15,Argentinos Juniors,Colón,3,0,,,Primera Division - Apertura,2010,zonas,,Fecha 16,Diego Armando Maradona,false,https://es.wikipedia.org/wiki/Anexo:Torneo_Apertura_2010_(Argentina)
2010-11-30,19:10,Vélez Sarsfield,Tigre,2,1,,,Primera Division - Apertura,2010,zonas,,Fecha 16,José Amalfitani,false,https://es.wikipedia.org/wiki/Anexo:Torneo_Apertura_2010_(Argentina)
2010-12-01,17:00,Olimpo,Arsenal,1,1,,,Primera Division - Apertura,2010,zonas,,Fecha 17,Roberto N. Carminatti,false,https://es.wikipedia.org/wiki/Anexo:Torneo_Apertura_2010_(Argentina)
2010-12-02,,Atlético de Rafaela,Unión,1,2,,,Primera Nacional,2010,zonas,,Fecha 17,,false,https://es.wikipedia.org/wiki/Campeonato_de_Primera_B_Nacional_2010-11 + https://www.worldfootball.net/
2010-12-03,17:10,All Boys,Banfield,2,1,,,Primera Division - Apertura,2010,zonas,,Fecha 17,Islas Malvinas,false,https://es.wikipedia.org/wiki/Anexo:Torneo_Apertura_2010_(Argentina)
2010-12-03,21:15,Racing Club,Gimnasia y Esgrima (LP),2,0,,,Primera Division - Apertura,2010,zonas,,Fecha 17,El Cilindro,false,https://es.wikipedia.org/wiki/Anexo:Torneo_Apertura_2010_(Argentina)
2010-12-04,,Belgrano,Defensa y Justicia,2,0,,,Primera Nacional,2010,zonas,,Fecha 17,,false,https://es.wikipedia.org/wiki/Campeonato_de_Primera_B_Nacional_2010-11 + https://www.worldfootball.net/
2010-12-04,,CAI,Tiro Federal,1,2,,,Primera Nacional,2010,zonas,,Fecha 17,,false,https://es.wikipedia.org/wiki/Campeonato_de_Primera_B_Nacional_2010-11 + https://www.worldfootball.net/
2010-12-04,,Rosario Central,Gimnasia y Esgrima (J),0,1,,,Primera Nacional,2010,zonas,,Fecha 17,,false,https://es.wikipedia.org/wiki/Campeonato_de_Primera_B_Nacional_2010-11 + https://www.worldfootball.net/
2010-12-04,18:10,Estudiantes (LP),Argentinos Juniors,3,1,,,Primera Division - Apertura,2010,zonas,,Fecha 17,Centenario,false,https://es.wikipedia.org/wiki/Anexo:Torneo_Apertura_2010_(Argentina)
2010-12-04,20:15,Colón,River Plate,1,2,,,Primera Division - Apertura,2010,zonas,,Fecha 17,Brigadier Estanislao López,false,https://es.wikipedia.org/wiki/Anexo:Torneo_Apertura_2010_(Argentina)
2010-12-05,,Patronato,Independiente Rivadavia,2,2,,,Primera Nacional,2010,zonas,,Fecha 17,,false,https://es.wikipedia.org/wiki/Campeonato_de_Primera_B_Nacional_2010-11 + https://www.worldfootball.net/
2010-12-05,,San Martín (T),Aldosivi,2,0,,,Primera Nacional,2010,zonas,,Fecha 17,,false,https://es.wikipedia.org/wiki/Campeonato_de_Primera_B_Nacional_2010-11 + https://www.worldfootball.net/
2010-12-05,17:00,San Lorenzo,Newell's Old Boys,0,0,,,Primera Division - Apertura,2010,zonas,,Fecha 17,Nuevo Gasómetro,false,https://es.wikipedia.org/wiki/Anexo:Torneo_Apertura_2010_(Argentina)
2010-12-05,17:00,Tigre,Huracán,3,1,,,Primera Division - Apertura,2010,zonas,,Fecha 17,Monumental de Victoria,false,https://es.wikipedia.org/wiki/Anexo:Torneo_Apertura_2010_(Argentina)
2010-12-05,19:10,Godoy Cruz,Vélez Sarsfield,0,4,,,Primera Division - Apertura,2010,zonas,,Fecha 17,Malvinas Argentinas,false,https://es.wikipedia.org/wiki/Anexo:Torneo_Apertura_2010_(Argentina)
2010-12-05,21:15,Boca Juniors,Quilmes,1,0,,,Primera Division - Apertura,2010,zonas,,Fecha 17,La Bombonera,false,https://es.wikipedia.org/wiki/Anexo:Torneo_Apertura_2010_(Argentina)
2010-12-05,22:10,Lanús,Independiente,0,0,,,Primera Division - Apertura,2010,zonas,,Fecha 17,Ciudad de Lanús,false,https://es.wikipedia.org/wiki/Anexo:Torneo_Apertura_2010_(Argentina)
2010-12-06,,Chacarita Juniors,Boca Unidos,1,1,,,Primera Nacional,2010,zonas,,Fecha 17,,false,https://es.wikipedia.org/wiki/Campeonato_de_Primera_B_Nacional_2010-11 + https://www.worldfootball.net/
2010-12-06,,Deportivo Merlo,Instituto,0,1,,,Primera Nacional,2010,zonas,,Fecha 17,,false,https://es.wikipedia.org/wiki/Campeonato_de_Primera_B_Nacional_2010-11 + https://www.worldfootball.net/
2010-12-06,,Ferro Carril Oeste,Atlético Tucumán,2,1,,,Primera Nacional,2010,zonas,,Fecha 17,,false,https://es.wikipedia.org/wiki/Campeonato_de_Primera_B_Nacional_2010-11 + https://www.worldfootball.net/
2010-12-06,,San Martín (SJ),Almirante Brown,2,1,,,Primera Nacional,2010,zonas,,Fecha 17,,false,https://es.wikipedia.org/wiki/Campeonato_de_Primera_B_Nacional_2010-11 + https://www.worldfootball.net/
2010-12-07,19:10,Gimnasia y Esgrima (LP),All Boys,3,1,,,Primera Division - Apertura,2010,zonas,,Fecha 18,Juan Carmelo Zerillo,false,https://es.wikipedia.org/wiki/Anexo:Torneo_Apertura_2010_(Argentina)
2010-12-07,21:15,Arsenal,Colón,2,1,,,Primera Division - Apertura,2010,zonas,,Fecha 18,El Viaducto,false,https://es.wikipedia.org/wiki/Anexo:Torneo_Apertura_2010_(Argentina)
2010-12-08,17:00,River Plate,Estudiantes (LP),0,4,,,Primera Division - Apertura,2010,zonas,,Fecha 18,Monumental,false,https://es.wikipedia.org/wiki/Anexo:Torneo_Apertura_2010_(Argentina)
2010-12-08,17:00,Vélez Sarsfield,Huracán,2,0,,,Primera Division - Apertura,2010,zonas,,Fecha 18,José Amalfitani,false,https://es.wikipedia.org/wiki/Anexo:Torneo_Apertura_2010_(Argentina)
2010-12-08,20:15,Godoy Cruz,Racing Club,1,1,,,Primera Division - Apertura,2010,zonas,,Fecha 18,Malvinas Argentinas,false,https://es.wikipedia.org/wiki/Anexo:Torneo_Apertura_2010_(Argentina)
2010-12-09,,Gimnasia y Esgrima (J),Atlético de Rafaela,2,2,,,Primera Nacional,2010,zonas,,Fecha 18,,false,https://es.wikipedia.org/wiki/Campeonato_de_Primera_B_Nacional_2010-11 + https://www.worldfootball.net/
2010-12-09,17:00,Newell's Old Boys,Olimpo,0,1,,,Primera Division - Apertura,2010,zonas,,Fecha 18,Marcelo Bielsa,false,https://es.wikipedia.org/wiki/Anexo:Torneo_Apertura_2010_(Argentina)
2010-12-09,19:10,Banfield,Boca Juniors,0,0,,,Primera Division - Apertura,2010,zonas,,Fecha 18,Florencio Sola,false,https://es.wikipedia.org/wiki/Anexo:Torneo_Apertura_2010_(Argentina)
2010-12-09,20:15,Argentinos Juniors,Lanús,1,2,,,Primera Division - Apertura,2010,zonas,,Fecha 18,Diego Armando Maradona,false,https://es.wikipedia.org/wiki/Anexo:Torneo_Apertura_2010_(Argentina)
2010-12-09,21:15,Quilmes,San Lorenzo,1,0,,,Primera Division - Apertura,2010,zonas,,Fecha 18,Centenario,false,https://es.wikipedia.org/wiki/Anexo:Torneo_Apertura_2010_(Argentina)
2010-12-10,,Unión,CAI,2,1,,,Primera Nacional,2010,zonas,,Fecha 18,,false,https://es.wikipedia.org/wiki/Campeonato_de_Primera_B_Nacional_2010-11 + https://www.worldfootball.net/
2010-12-11,,Aldosivi,Rosario Central,0,5,,,Primera Nacional,2010,zonas,,Fecha 18,,false,https://es.wikipedia.org/wiki/Campeonato_de_Primera_B_Nacional_2010-11 + https://www.worldfootball.net/
2010-12-11,,Almirante Brown,Belgrano,1,2,,,Primera Nacional,2010,zonas,,Fecha 18,,false,https://es.wikipedia.org/wiki/Campeonato_de_Primera_B_Nacional_2010-11 + https://www.worldfootball.net/
2010-12-11,,Boca Unidos,Independiente Rivadavia,1,0,,,Primera Nacional,2010,zonas,,Fecha 18,,false,https://es.wikipedia.org/wiki/Campeonato_de_Primera_B_Nacional_2010-11 + https://www.worldfootball.net/
2010-12-11,,Defensa y Justicia,San Martín (T),0,0,,,Primera Nacional,2010,zonas,,Fecha 18,,false,https://es.wikipedia.org/wiki/Campeonato_de_Primera_B_Nacional_2010-11 + https://www.worldfootball.net/
2010-12-11,,Instituto,Chacarita Juniors,0,0,,,Primera Nacional,2010,zonas,,Fecha 18,,false,https://es.wikipedia.org/wiki/Campeonato_de_Primera_B_Nacional_2010-11 + https://www.worldfootball.net/
2010-12-11,,Tiro Federal,Ferro Carril Oeste,4,1,,,Primera Nacional,2010,zonas,,Fecha 18,,false,https://es.wikipedia.org/wiki/Campeonato_de_Primera_B_Nacional_2010-11 + https://www.worldfootball.net/
2010-12-11,17:10,All Boys,Godoy Cruz,2,2,,,Primera Division - Apertura,2010,zonas,,Fecha 19,Islas Malvinas,false,https://es.wikipedia.org/wiki/Anexo:Torneo_Apertura_2010_(Argentina)
2010-12-12,,San Martín (SJ),Patronato,4,0,,,Primera Nacional,2010,zonas,,Fecha 18,,false,https://es.wikipedia.org/wiki/Campeonato_de_Primera_B_Nacional_2010-11 + https://www.worldfootball.net/
2010-12-12,18:00,Estudiantes (LP),Arsenal,2,0,,,Primera Division - Apertura,2010,zonas,,Fecha 19,Centenario,false,https://es.wikipedia.org/wiki/Anexo:Torneo_Apertura_2010_(Argentina)
2010-12-12,18:00,Racing Club,Vélez Sarsfield,0,2,,,Primera Division - Apertura,2010,zonas,,Fecha 19,El Cilindro,false,https://es.wikipedia.org/wiki/Anexo:Torneo_Apertura_2010_(Argentina)
2010-12-12,20:30,Colón,Newell's Old Boys,1,0,,,Primera Division - Apertura,2010,zonas,,Fecha 19,Brigadier Estanislao López,false,https://es.wikipedia.org/wiki/Anexo:Torneo_Apertura_2010_(Argentina)
2010-12-12,20:30,San Lorenzo,Banfield,2,1,,,Primera Division - Apertura,2010,zonas,,Fecha 19,Nuevo Gasómetro,false,https://es.wikipedia.org/wiki/Anexo:Torneo_Apertura_2010_(Argentina)
2010-12-13,,Atlético Tucumán,Deportivo Merlo,2,1,,,Primera Nacional,2010,zonas,,Fecha 18,,false,https://es.wikipedia.org/wiki/Campeonato_de_Primera_B_Nacional_2010-11 + https://www.worldfootball.net/
2010-12-13,17:00,Huracán,Independiente,1,0,,,Primera Division - Apertura,2010,zonas,,Fecha 19,Tomás A. Ducó,false,https://es.wikipedia.org/wiki/Anexo:Torneo_Apertura_2010_(Argentina)
2010-12-13,17:00,Lanús,River Plate,1,4,,,Primera Division - Apertura,2010,zonas,,Fecha 19,Ciudad de Lanús,false,https://es.wikipedia.org/wiki/Anexo:Torneo_Apertura_2010_(Argentina)
2010-12-13,19:10,Boca Juniors,Gimnasia y Esgrima (LP),1,1,,,Primera Division - Apertura,2010,zonas,,Fecha 19,La Bombonera,false,https://es.wikipedia.org/wiki/Anexo:Torneo_Apertura_2010_(Argentina)
2010-12-13,21:15,Tigre,Argentinos Juniors,1,1,,,Primera Division - Apertura,2010,zonas,,Fecha 19,Monumental de Victoria,false,https://es.wikipedia.org/wiki/Anexo:Torneo_Apertura_2010_(Argentina)
2010-12-13,21:40,Olimpo,Quilmes,0,1,,,Primera Division - Apertura,2010,zonas,,Fecha 19,Roberto N. Carminatti,false,https://es.wikipedia.org/wiki/Anexo:Torneo_Apertura_2010_(Argentina)
2011-02-04,,Atlético de Rafaela,Aldosivi,2,0,,,Primera Nacional,2010,zonas,,Fecha 19,,false,https://es.wikipedia.org/wiki/Campeonato_de_Primera_B_Nacional_2010-11 + https://www.worldfootball.net/
2011-02-04,,Belgrano,San Martín (SJ),1,1,,,Primera Nacional,2010,zonas,,Fecha 19,,false,https://es.wikipedia.org/wiki/Campeonato_de_Primera_B_Nacional_2010-11 + https://www.worldfootball.net/
2011-02-04,,Ferro Carril Oeste,Unión,0,2,,,Primera Nacional,2010,zonas,,Fecha 19,,false,https://es.wikipedia.org/wiki/Campeonato_de_Primera_B_Nacional_2010-11 + https://www.worldfootball.net/
2011-02-05,,Chacarita Juniors,Atlético Tucumán,1,0,,,Primera Nacional,2010,zonas,,Fecha 19,,false,https://es.wikipedia.org/wiki/Campeonato_de_Primera_B_Nacional_2010-11 + https://www.worldfootball.net/
2011-02-05,,Deportivo Merlo,Tiro Federal,0,0,,,Primera Nacional,2010,zonas,,Fecha 19,,false,https://es.wikipedia.org/wiki/Campeonato_de_Primera_B_Nacional_2010-11 + https://www.worldfootball.net/
2011-02-05,,Rosario Central,Defensa y Justicia,0,0,,,Primera Nacional,2010,zonas,,Fecha 19,,false,https://es.wikipedia.org/wiki/Campeonato_de_Primera_B_Nacional_2010-11 + https://www.worldfootball.net/
2011-02-06,,CAI,Gimnasia y Esgrima (J),1,0,,,Primera Nacional,2010,zonas,,Fecha 19,,false,https://es.wikipedia.org/wiki/Campeonato_de_Primera_B_Nacional_2010-11 + https://www.worldfootball.net/
2011-02-06,,Patronato,Boca Unidos,3,1,,,Primera Nacional,2010,zonas,,Fecha 19,,false,https://es.wikipedia.org/wiki/Campeonato_de_Primera_B_Nacional_2010-11 + https://www.worldfootball.net/
2011-02-06,,San Martín (T),Almirante Brown,1,0,,,Primera Nacional,2010,zonas,,Fecha 19,,false,https://es.wikipedia.org/wiki/Campeonato_de_Primera_B_Nacional_2010-11 + https://www.worldfootball.net/
2011-02-07,,Independiente Rivadavia,Instituto,1,1,,,Primera Nacional,2010,zonas,,Fecha 19,,false,https://es.wikipedia.org/wiki/Campeonato_de_Primera_B_Nacional_2010-11 + https://www.worldfootball.net/
2011-02-10,,Ferro Carril Oeste,Gimnasia y Esgrima (J),1,0,,,Primera Nacional,2010,zonas,,Fecha 20,,false,https://es.wikipedia.org/wiki/Campeonato_de_Primera_B_Nacional_2010-11 + https://www.worldfootball.net/
2011-02-11,,Atlético de Rafaela,Defensa y Justicia,2,0,,,Primera Nacional,2010,zonas,,Fecha 20,,false,https://es.wikipedia.org/wiki/Campeonato_de_Primera_B_Nacional_2010-11 + https://www.worldfootball.net/
2011-02-11,,Independiente Rivadavia,Atlético Tucumán,1,1,,,Primera Nacional,2010,zonas,,Fecha 20,,false,https://es.wikipedia.org/wiki/Campeonato_de_Primera_B_Nacional_2010-11 + https://www.worldfootball.net/
2011-02-11,,Rosario Central,Almirante Brown,0,1,,,Primera Nacional,2010,zonas,,Fecha 20,,false,https://es.wikipedia.org/wiki/Campeonato_de_Primera_B_Nacional_2010-11 + https://www.worldfootball.net/
2011-02-12,,Belgrano,Patronato,2,1,,,Primera Nacional,2010,zonas,,Fecha 20,,false,https://es.wikipedia.org/wiki/Campeonato_de_Primera_B_Nacional_2010-11 + https://www.worldfootball.net/
2011-02-12,,CAI,Aldosivi,2,2,,,Primera Nacional,2010,zonas,,Fecha 20,,false,https://es.wikipedia.org/wiki/Campeonato_de_Primera_B_Nacional_2010-11 + https://www.worldfootball.net/
2011-02-12,,Chacarita Juniors,Tiro Federal,0,0,,,Primera Nacional,2010,zonas,,Fecha 20,,false,https://es.wikipedia.org/wiki/Campeonato_de_Primera_B_Nacional_2010-11 + https://www.worldfootball.net/
2011-02-12,,Deportivo Merlo,Unión,1,1,,,Primera Nacional,2010,zonas,,Fecha 20,,false,https://es.wikipedia.org/wiki/Campeonato_de_Primera_B_Nacional_2010-11 + https://www.worldfootball.net/
2011-02-13,,Boca Unidos,Instituto,1,3,,,Primera Nacional,2010,zonas,,Fecha 20,,false,https://es.wikipedia.org/wiki/Campeonato_de_Primera_B_Nacional_2010-11 + https://www.worldfootball.net/
2011-02-13,,San Martín (T),San Martín (SJ),2,1,,,Primera Nacional,2010,zonas,,Fecha 20,,false,https://es.wikipedia.org/wiki/Campeonato_de_Primera_B_Nacional_2010-11 + https://www.worldfootball.net/
2011-02-18,,Belgrano,San Martín (T),4,0,,,Primera Nacional,2010,zonas,,Fecha 21,,false,https://es.wikipedia.org/wiki/Campeonato_de_Primera_B_Nacional_2010-11 + https://www.worldfootball.net/
2011-02-18,,Gimnasia y Esgrima (J),Deportivo Merlo,0,0,,,Primera Nacional,2010,zonas,,Fecha 21,,false,https://es.wikipedia.org/wiki/Campeonato_de_Primera_B_Nacional_2010-11 + https://www.worldfootball.net/
2011-02-19,,Aldosivi,Ferro Carril Oeste,5,1,,,Primera Nacional,2010,zonas,,Fecha 21,,false,https://es.wikipedia.org/wiki/Campeonato_de_Primera_B_Nacional_2010-11 + https://www.worldfootball.net/
2011-02-19,,Almirante Brown,Atlético de Rafaela,0,1,,,Primera Nacional,2010,zonas,,Fecha 21,,false,https://es.wikipedia.org/wiki/Campeonato_de_Primera_B_Nacional_2010-11 + https://www.worldfootball.net/
2011-02-19,,Defensa y Justicia,CAI,2,1,,,Primera Nacional,2010,zonas,,Fecha 21,,false,https://es.wikipedia.org/wiki/Campeonato_de_Primera_B_Nacional_2010-11 + https://www.worldfootball.net/
2011-02-19,,San Martín (SJ),Rosario Central,3,0,,,Primera Nacional,2010,zonas,,Fecha 21,,false,https://es.wikipedia.org/wiki/Campeonato_de_Primera_B_Nacional_2010-11 + https://www.worldfootball.net/
2011-02-19,,Tiro Federal,Independiente Rivadavia,1,2,,,Primera Nacional,2010,zonas,,Fecha 21,,false,https://es.wikipedia.org/wiki/Campeonato_de_Primera_B_Nacional_2010-11 + https://www.worldfootball.net/
2011-02-20,,Atlético Tucumán,Boca Unidos,1,1,,,Primera Nacional,2010,zonas,,Fecha 21,,false,https://es.wikipedia.org/wiki/Campeonato_de_Primera_B_Nacional_2010-11 + https://www.worldfootball.net/
2011-02-20,,Patronato,Instituto,0,0,,,Primera Nacional,2010,zonas,,Fecha 21,,false,https://es.wikipedia.org/wiki/Campeonato_de_Primera_B_Nacional_2010-11 + https://www.worldfootball.net/
2011-02-21,,Unión,Chacarita Juniors,2,0,,,Primera Nacional,2010,zonas,,Fecha 21,,false,https://es.wikipedia.org/wiki/Campeonato_de_Primera_B_Nacional_2010-11 + https://www.worldfootball.net/
2011-02-24,,Atlético de Rafaela,San Martín (SJ),4,1,,,Primera Nacional,2010,zonas,,Fecha 22,,false,https://es.wikipedia.org/wiki/Campeonato_de_Primera_B_Nacional_2010-11 + https://www.worldfootball.net/
2011-02-26,,CAI,Almirante Brown,0,0,,,Primera Nacional,2010,zonas,,Fecha 22,,false,https://es.wikipedia.org/wiki/Campeonato_de_Primera_B_Nacional_2010-11 + https://www.worldfootball.net/
2011-02-26,,Chacarita Juniors,Gimnasia y Esgrima (J),0,0,,,Primera Nacional,2010,zonas,,Fecha 22,,false,https://es.wikipedia.org/wiki/Campeonato_de_Primera_B_Nacional_2010-11 + https://www.worldfootball.net/
2011-02-26,,Deportivo Merlo,Aldosivi,0,2,,,Primera Nacional,2010,zonas,,Fecha 22,,false,https://es.wikipedia.org/wiki/Campeonato_de_Primera_B_Nacional_2010-11 + https://www.worldfootball.net/
2011-02-26,,Rosario Central,Belgrano,2,1,,,Primera Nacional,2010,zonas,,Fecha 22,,false,https://es.wikipedia.org/wiki/Campeonato_de_Primera_B_Nacional_2010-11 + https://www.worldfootball.net/
2011-02-27,,Boca Unidos,Tiro Federal,1,0,,,Primera Nacional,2010,zonas,,Fecha 22,,false,https://es.wikipedia.org/wiki/Campeonato_de_Primera_B_Nacional_2010-11 + https://www.worldfootball.net/
2011-02-27,,Independiente Rivadavia,Unión,1,2,,,Primera Nacional,2010,zonas,,Fecha 22,,false,https://es.wikipedia.org/wiki/Campeonato_de_Primera_B_Nacional_2010-11 + https://www.worldfootball.net/
2011-02-28,,Instituto,Atlético Tucumán,0,1,,,Primera Nacional,2010,zonas,,Fecha 22,,false,https://es.wikipedia.org/wiki/Campeonato_de_Primera_B_Nacional_2010-11 + https://www.worldfootball.net/
2011-03-03,,Almirante Brown,Ferro Carril Oeste,1,1,,,Primera Nacional,2010,zonas,,Fecha 23,,false,https://es.wikipedia.org/wiki/Campeonato_de_Primera_B_Nacional_2010-11 + https://www.worldfootball.net/
2011-03-04,,Gimnasia y Esgrima (J),Independiente Rivadavia,1,0,,,Primera Nacional,2010,zonas,,Fecha 23,,false,https://es.wikipedia.org/wiki/Campeonato_de_Primera_B_Nacional_2010-11 + https://www.worldfootball.net/
2011-03-05,,Aldosivi,Chacarita Juniors,2,0,,,Primera Nacional,2010,zonas,,Fecha 23,,false,https://es.wikipedia.org/wiki/Campeonato_de_Primera_B_Nacional_2010-11 + https://www.worldfootball.net/
2011-03-05,,Belgrano,Atlético de Rafaela,0,0,,,Primera Nacional,2010,zonas,,Fecha 23,,false,https://es.wikipedia.org/wiki/Campeonato_de_Primera_B_Nacional_2010-11 + https://www.worldfootball.net/
2011-03-05,,Defensa y Justicia,Deportivo Merlo,0,2,,,Primera Nacional,2010,zonas,,Fecha 23,,false,https://es.wikipedia.org/wiki/Campeonato_de_Primera_B_Nacional_2010-11 + https://www.worldfootball.net/
2011-03-06,,Patronato,Atlético Tucumán,2,1,,,Primera Nacional,2010,zonas,,Fecha 23,,false,https://es.wikipedia.org/wiki/Campeonato_de_Primera_B_Nacional_2010-11 + https://www.worldfootball.net/
2011-03-06,,San Martín (SJ),CAI,2,2,,,Primera Nacional,2010,zonas,,Fecha 23,,false,https://es.wikipedia.org/wiki/Campeonato_de_Primera_B_Nacional_2010-11 + https://www.worldfootball.net/
2011-03-06,,Tiro Federal,Instituto,0,0,,,Primera Nacional,2010,zonas,,Fecha 23,,false,https://es.wikipedia.org/wiki/Campeonato_de_Primera_B_Nacional_2010-11 + https://www.worldfootball.net/
2011-03-07,,San Martín (T),Rosario Central,2,1,,,Primera Nacional,2010,zonas,,Fecha 23,,false,https://es.wikipedia.org/wiki/Campeonato_de_Primera_B_Nacional_2010-11 + https://www.worldfootball.net/
2011-03-07,,Unión,Boca Unidos,3,0,,,Primera Nacional,2010,zonas,,Fecha 23,,false,https://es.wikipedia.org/wiki/Campeonato_de_Primera_B_Nacional_2010-11 + https://www.worldfootball.net/
2011-03-10,,Independiente Rivadavia,Aldosivi,2,3,,,Primera Nacional,2010,zonas,,Fecha 24,,false,https://es.wikipedia.org/wiki/Campeonato_de_Primera_B_Nacional_2010-11 + https://www.worldfootball.net/
2011-03-12,,Atlético de Rafaela,San Martín (T),2,1,,,Primera Nacional,2010,zonas,,Fecha 24,,false,https://es.wikipedia.org/wiki/Campeonato_de_Primera_B_Nacional_2010-11 + https://www.worldfootball.net/
2011-03-12,,CAI,Belgrano,1,1,,,Primera Nacional,2010,zonas,,Fecha 24,,false,https://es.wikipedia.org/wiki/Campeonato_de_Primera_B_Nacional_2010-11 + https://www.worldfootball.net/
2011-03-12,,Chacarita Juniors,Defensa y Justicia,1,0,,,Primera Nacional,2010,zonas,,Fecha 24,,false,https://es.wikipedia.org/wiki/Campeonato_de_Primera_B_Nacional_2010-11 + https://www.worldfootball.net/
2011-03-12,,Deportivo Merlo,Almirante Brown,0,2,,,Primera Nacional,2010,zonas,,Fecha 24,,false,https://es.wikipedia.org/wiki/Campeonato_de_Primera_B_Nacional_2010-11 + https://www.worldfootball.net/
2011-03-12,,Ferro Carril Oeste,San Martín (SJ),1,0,,,Primera Nacional,2010,zonas,,Fecha 24,,false,https://es.wikipedia.org/wiki/Campeonato_de_Primera_B_Nacional_2010-11 + https://www.worldfootball.net/
2011-03-13,,Atlético Tucumán,Tiro Federal,0,0,,,Primera Nacional,2010,zonas,,Fecha 24,,false,https://es.wikipedia.org/wiki/Campeonato_de_Primera_B_Nacional_2010-11 + https://www.worldfootball.net/
2011-03-13,,Boca Unidos,Gimnasia y Esgrima (J),0,0,,,Primera Nacional,2010,zonas,,Fecha 24,,false,https://es.wikipedia.org/wiki/Campeonato_de_Primera_B_Nacional_2010-11 + https://www.worldfootball.net/
2011-03-13,,Rosario Central,Patronato,1,0,,,Primera Nacional,2010,zonas,,Fecha 24,,false,https://es.wikipedia.org/wiki/Campeonato_de_Primera_B_Nacional_2010-11 + https://www.worldfootball.net/
2011-03-14,,Instituto,Unión,0,1,,,Primera Nacional,2010,zonas,,Fecha 24,,false,https://es.wikipedia.org/wiki/Campeonato_de_Primera_B_Nacional_2010-11 + https://www.worldfootball.net/
2011-03-17,,Almirante Brown,Chacarita Juniors,0,1,,,Primera Nacional,2010,zonas,,Fecha 25,,false,https://es.wikipedia.org/wiki/Campeonato_de_Primera_B_Nacional_2010-11 + https://www.worldfootball.net/
2011-03-19,,Aldosivi,Boca Unidos,2,0,,,Primera Nacional,2010,zonas,,Fecha 25,,false,https://es.wikipedia.org/wiki/Campeonato_de_Primera_B_Nacional_2010-11 + https://www.worldfootball.net/
2011-03-19,,Belgrano,Ferro Carril Oeste,1,1,,,Primera Nacional,2010,zonas,,Fecha 25,,false,https://es.wikipedia.org/wiki/Campeonato_de_Primera_B_Nacional_2010-11 + https://www.worldfootball.net/
2011-03-19,,Rosario Central,Atlético de Rafaela,0,1,,,Primera Nacional,2010,zonas,,Fecha 25,,false,https://es.wikipedia.org/wiki/Campeonato_de_Primera_B_Nacional_2010-11 + https://www.worldfootball.net/
2011-03-19,,Unión,Atlético Tucumán,1,0,,,Primera Nacional,2010,zonas,,Fecha 25,,false,https://es.wikipedia.org/wiki/Campeonato_de_Primera_B_Nacional_2010-11 + https://www.worldfootball.net/
2011-03-20,,Defensa y Justicia,Independiente Rivadavia,2,2,,,Primera Nacional,2010,zonas,,Fecha 25,,false,https://es.wikipedia.org/wiki/Campeonato_de_Primera_B_Nacional_2010-11 + https://www.worldfootball.net/
2011-03-20,,Gimnasia y Esgrima (J),Instituto,3,3,,,Primera Nacional,2010,zonas,,Fecha 25,,false,https://es.wikipedia.org/wiki/Campeonato_de_Primera_B_Nacional_2010-11 + https://www.worldfootball.net/
2011-03-20,,Patronato,Tiro Federal,4,1,,,Primera Nacional,2010,zonas,,Fecha 25,,false,https://es.wikipedia.org/wiki/Campeonato_de_Primera_B_Nacional_2010-11 + https://www.worldfootball.net/
2011-03-20,,San Martín (SJ),Deportivo Merlo,0,0,,,Primera Nacional,2010,zonas,,Fecha 25,,false,https://es.wikipedia.org/wiki/Campeonato_de_Primera_B_Nacional_2010-11 + https://www.worldfootball.net/
2011-03-20,,San Martín (T),CAI,1,2,,,Primera Nacional,2010,zonas,,Fecha 25,,false,https://es.wikipedia.org/wiki/Campeonato_de_Primera_B_Nacional_2010-11 + https://www.worldfootball.net/
2011-03-25,,Chacarita Juniors,San Martín (SJ),0,1,,,Primera Nacional,2010,zonas,,Fecha 26,,false,https://es.wikipedia.org/wiki/Campeonato_de_Primera_B_Nacional_2010-11 + https://www.worldfootball.net/
2011-03-25,,Tiro Federal,Unión,0,2,,,Primera Nacional,2010,zonas,,Fecha 26,,false,https://es.wikipedia.org/wiki/Campeonato_de_Primera_B_Nacional_2010-11 + https://www.worldfootball.net/
2011-03-26,,Atlético de Rafaela,Patronato,1,0,,,Primera Nacional,2010,zonas,,Fecha 26,,false,https://es.wikipedia.org/wiki/Campeonato_de_Primera_B_Nacional_2010-11 + https://www.worldfootball.net/
2011-03-26,,CAI,Rosario Central,3,1,,,Primera Nacional,2010,zonas,,Fecha 26,,false,https://es.wikipedia.org/wiki/Campeonato_de_Primera_B_Nacional_2010-11 + https://www.worldfootball.net/
2011-03-26,,Deportivo Merlo,Belgrano,0,2,,,Primera Nacional,2010,zonas,,Fecha 26,,false,https://es.wikipedia.org/wiki/Campeonato_de_Primera_B_Nacional_2010-11 + https://www.worldfootball.net/
2011-03-27,,Atlético Tucumán,Gimnasia y Esgrima (J),0,3,,,Primera Nacional,2010,zonas,,Fecha 26,,false,https://es.wikipedia.org/wiki/Campeonato_de_Primera_B_Nacional_2010-11 + https://www.worldfootball.net/
2011-03-27,,Boca Unidos,Defensa y Justicia,2,2,,,Primera Nacional,2010,zonas,,Fecha 26,,false,https://es.wikipedia.org/wiki/Campeonato_de_Primera_B_Nacional_2010-11 + https://www.worldfootball.net/
2011-03-27,,Ferro Carril Oeste,San Martín (T),1,0,,,Primera Nacional,2010,zonas,,Fecha 26,,false,https://es.wikipedia.org/wiki/Campeonato_de_Primera_B_Nacional_2010-11 + https://www.worldfootball.net/
2011-03-27,,Instituto,Aldosivi,4,0,,,Primera Nacional,2010,zonas,,Fecha 26,,false,https://es.wikipedia.org/wiki/Campeonato_de_Primera_B_Nacional_2010-11 + https://www.worldfootball.net/
2011-03-28,,Independiente Rivadavia,Almirante Brown,1,0,,,Primera Nacional,2010,zonas,,Fecha 26,,false,https://es.wikipedia.org/wiki/Campeonato_de_Primera_B_Nacional_2010-11 + https://www.worldfootball.net/
2011-03-31,,Patronato,Unión,1,2,,,Primera Nacional,2010,zonas,,Fecha 27,,false,https://es.wikipedia.org/wiki/Campeonato_de_Primera_B_Nacional_2010-11 + https://www.worldfootball.net/
2011-04-02,,Aldosivi,Atlético Tucumán,0,3,,,Primera Nacional,2010,zonas,,Fecha 27,,false,https://es.wikipedia.org/wiki/Campeonato_de_Primera_B_Nacional_2010-11 + https://www.worldfootball.net/
2011-04-02,,Almirante Brown,Boca Unidos,3,1,,,Primera Nacional,2010,zonas,,Fecha 27,,false,https://es.wikipedia.org/wiki/Campeonato_de_Primera_B_Nacional_2010-11 + https://www.worldfootball.net/
2011-04-02,,Atlético de Rafaela,CAI,5,1,,,Primera Nacional,2010,zonas,,Fecha 27,,false,https://es.wikipedia.org/wiki/Campeonato_de_Primera_B_Nacional_2010-11 + https://www.worldfootball.net/
2011-04-02,,Defensa y Justicia,Instituto,2,0,,,Primera Nacional,2010,zonas,,Fecha 27,,false,https://es.wikipedia.org/wiki/Campeonato_de_Primera_B_Nacional_2010-11 + https://www.worldfootball.net/
2011-04-03,,Gimnasia y Esgrima (J),Tiro Federal,2,1,,,Primera Nacional,2010,zonas,,Fecha 27,,false,https://es.wikipedia.org/wiki/Campeonato_de_Primera_B_Nacional_2010-11 + https://www.worldfootball.net/
2011-04-03,,San Martín (SJ),Independiente Rivadavia,1,0,,,Primera Nacional,2010,zonas,,Fecha 27,,false,https://es.wikipedia.org/wiki/Campeonato_de_Primera_B_Nacional_2010-11 + https://www.worldfootball.net/
2011-04-03,,San Martín (T),Deportivo Merlo,2,0,,,Primera Nacional,2010,zonas,,Fecha 27,,false,https://es.wikipedia.org/wiki/Campeonato_de_Primera_B_Nacional_2010-11 + https://www.worldfootball.net/
2011-04-04,,Belgrano,Chacarita Juniors,1,1,,,Primera Nacional,2010,zonas,,Fecha 27,,false,https://es.wikipedia.org/wiki/Campeonato_de_Primera_B_Nacional_2010-11 + https://www.worldfootball.net/
2011-04-04,,Rosario Central,Ferro Carril Oeste,3,0,,,Primera Nacional,2010,zonas,,Fecha 27,,false,https://es.wikipedia.org/wiki/Campeonato_de_Primera_B_Nacional_2010-11 + https://www.worldfootball.net/
2011-04-07,,Atlético Tucumán,Defensa y Justicia,1,0,,,Primera Nacional,2010,zonas,,Fecha 28,,false,https://es.wikipedia.org/wiki/Campeonato_de_Primera_B_Nacional_2010-11 + https://www.worldfootball.net/
2011-04-09,,Boca Unidos,San Martín (SJ),1,1,,,Primera Nacional,2010,zonas,,Fecha 28,,false,https://es.wikipedia.org/wiki/Campeonato_de_Primera_B_Nacional_2010-11 + https://www.worldfootball.net/
2011-04-09,,CAI,Patronato,1,2,,,Primera Nacional,2010,zonas,,Fecha 28,,false,https://es.wikipedia.org/wiki/Campeonato_de_Primera_B_Nacional_2010-11 + https://www.worldfootball.net/
2011-04-09,,Chacarita Juniors,San Martín (T),1,1,,,Primera Nacional,2010,zonas,,Fecha 28,,false,https://es.wikipedia.org/wiki/Campeonato_de_Primera_B_Nacional_2010-11 + https://www.worldfootball.net/
2011-04-09,,Deportivo Merlo,Rosario Central,1,0,,,Primera Nacional,2010,zonas,,Fecha 28,,false,https://es.wikipedia.org/wiki/Campeonato_de_Primera_B_Nacional_2010-11 + https://www.worldfootball.net/
2011-04-09,,Ferro Carril Oeste,Atlético de Rafaela,2,0,,,Primera Nacional,2010,zonas,,Fecha 28,,false,https://es.wikipedia.org/wiki/Campeonato_de_Primera_B_Nacional_2010-11 + https://www.worldfootball.net/
2011-04-09,,Independiente Rivadavia,Belgrano,0,2,,,Primera Nacional,2010,zonas,,Fecha 28,,false,https://es.wikipedia.org/wiki/Campeonato_de_Primera_B_Nacional_2010-11 + https://www.worldfootball.net/
2011-04-09,,Tiro Federal,Aldosivi,3,1,,,Primera Nacional,2010,zonas,,Fecha 28,,false,https://es.wikipedia.org/wiki/Campeonato_de_Primera_B_Nacional_2010-11 + https://www.worldfootball.net/
2011-04-10,,Instituto,Almirante Brown,1,1,,,Primera Nacional,2010,zonas,,Fecha 28,,false,https://es.wikipedia.org/wiki/Campeonato_de_Primera_B_Nacional_2010-11 + https://www.worldfootball.net/
2011-04-11,,Unión,Gimnasia y Esgrima (J),1,2,,,Primera Nacional,2010,zonas,,Fecha 28,,false,https://es.wikipedia.org/wiki/Campeonato_de_Primera_B_Nacional_2010-11 + https://www.worldfootball.net/
2011-04-14,,Atlético de Rafaela,Deportivo Merlo,2,0,,,Primera Nacional,2010,zonas,,Fecha 29,,false,https://es.wikipedia.org/wiki/Campeonato_de_Primera_B_Nacional_2010-11 + https://www.worldfootball.net/
2011-04-16,,Almirante Brown,Atlético Tucumán,0,0,,,Primera Nacional,2010,zonas,,Fecha 29,,false,https://es.wikipedia.org/wiki/Campeonato_de_Primera_B_Nacional_2010-11 + https://www.worldfootball.net/
2011-04-16,,Belgrano,Boca Unidos,2,1,,,Primera Nacional,2010,zonas,,Fecha 29,,false,https://es.wikipedia.org/wiki/Campeonato_de_Primera_B_Nacional_2010-11 + https://www.worldfootball.net/
2011-04-16,,CAI,Ferro Carril Oeste,0,3,,,Primera Nacional,2010,zonas,,Fecha 29,,false,https://es.wikipedia.org/wiki/Campeonato_de_Primera_B_Nacional_2010-11 + https://www.worldfootball.net/
2011-04-16,,Defensa y Justicia,Tiro Federal,5,1,,,Primera Nacional,2010,zonas,,Fecha 29,,false,https://es.wikipedia.org/wiki/Campeonato_de_Primera_B_Nacional_2010-11 + https://www.worldfootball.net/
2011-04-16,,Patronato,Gimnasia y Esgrima (J),1,0,,,Primera Nacional,2010,zonas,,Fecha 29,,false,https://es.wikipedia.org/wiki/Campeonato_de_Primera_B_Nacional_2010-11 + https://www.worldfootball.net/
2011-04-16,,San Martín (SJ),Instituto,2,0,,,Primera Nacional,2010,zonas,,Fecha 29,,false,https://es.wikipedia.org/wiki/Campeonato_de_Primera_B_Nacional_2010-11 + https://www.worldfootball.net/
2011-04-17,,Rosario Central,Chacarita Juniors,2,1,,,Primera Nacional,2010,zonas,,Fecha 29,,false,https://es.wikipedia.org/wiki/Campeonato_de_Primera_B_Nacional_2010-11 + https://www.worldfootball.net/
2011-04-17,,San Martín (T),Independiente Rivadavia,1,2,,,Primera Nacional,2010,zonas,,Fecha 29,,false,https://es.wikipedia.org/wiki/Campeonato_de_Primera_B_Nacional_2010-11 + https://www.worldfootball.net/
2011-04-18,,Aldosivi,Unión,0,1,,,Primera Nacional,2010,zonas,,Fecha 29,,false,https://es.wikipedia.org/wiki/Campeonato_de_Primera_B_Nacional_2010-11 + https://www.worldfootball.net/
2011-04-21,,Tiro Federal,Almirante Brown,1,1,,,Primera Nacional,2010,zonas,,Fecha 30,,false,https://es.wikipedia.org/wiki/Campeonato_de_Primera_B_Nacional_2010-11 + https://www.worldfootball.net/
2011-04-22,,Chacarita Juniors,Atlético de Rafaela,1,2,,,Primera Nacional,2010,zonas,,Fecha 30,,false,https://es.wikipedia.org/wiki/Campeonato_de_Primera_B_Nacional_2010-11 + https://www.worldfootball.net/
2011-04-22,,Instituto,Belgrano,0,0,,,Primera Nacional,2010,zonas,,Fecha 30,,false,https://es.wikipedia.org/wiki/Campeonato_de_Primera_B_Nacional_2010-11 + https://www.worldfootball.net/
2011-04-23,,Deportivo Merlo,CAI,1,1,,,Primera Nacional,2010,zonas,,Fecha 30,,false,https://es.wikipedia.org/wiki/Campeonato_de_Primera_B_Nacional_2010-11 + https://www.worldfootball.net/
2011-04-23,,Ferro Carril Oeste,Patronato,0,2,,,Primera Nacional,2010,zonas,,Fecha 30,,false,https://es.wikipedia.org/wiki/Campeonato_de_Primera_B_Nacional_2010-11 + https://www.worldfootball.net/
2011-04-24,,Atlético Tucumán,San Martín (SJ),1,2,,,Primera Nacional,2010,zonas,,Fecha 30,,false,https://es.wikipedia.org/wiki/Campeonato_de_Primera_B_Nacional_2010-11 + https://www.worldfootball.net/
2011-04-24,,Boca Unidos,San Martín (T),2,0,,,Primera Nacional,2010,zonas,,Fecha 30,,false,https://es.wikipedia.org/wiki/Campeonato_de_Primera_B_Nacional_2010-11 + https://www.worldfootball.net/
2011-04-24,,Gimnasia y Esgrima (J),Aldosivi,2,2,,,Primera Nacional,2010,zonas,,Fecha 30,,false,https://es.wikipedia.org/wiki/Campeonato_de_Primera_B_Nacional_2010-11 + https://www.worldfootball.net/
2011-04-24,,Unión,Defensa y Justicia,2,3,,,Primera Nacional,2010,zonas,,Fecha 30,,false,https://es.wikipedia.org/wiki/Campeonato_de_Primera_B_Nacional_2010-11 + https://www.worldfootball.net/
2011-04-25,,Independiente Rivadavia,Rosario Central,0,1,,,Primera Nacional,2010,zonas,,Fecha 30,,false,https://es.wikipedia.org/wiki/Campeonato_de_Primera_B_Nacional_2010-11 + https://www.worldfootball.net/
2011-04-28,,Ferro Carril Oeste,Deportivo Merlo,0,2,,,Primera Nacional,2010,zonas,,Fecha 31,,false,https://es.wikipedia.org/wiki/Campeonato_de_Primera_B_Nacional_2010-11 + https://www.worldfootball.net/
2011-04-29,,Almirante Brown,Unión,2,0,,,Primera Nacional,2010,zonas,,Fecha 31,,false,https://es.wikipedia.org/wiki/Campeonato_de_Primera_B_Nacional_2010-11 + https://www.worldfootball.net/
2011-04-30,,Atlético de Rafaela,Independiente Rivadavia,2,2,,,Primera Nacional,2010,zonas,,Fecha 31,,false,https://es.wikipedia.org/wiki/Campeonato_de_Primera_B_Nacional_2010-11 + https://www.worldfootball.net/
2011-04-30,,CAI,Chacarita Juniors,1,3,,,Primera Nacional,2010,zonas,,Fecha 31,,false,https://es.wikipedia.org/wiki/Campeonato_de_Primera_B_Nacional_2010-11 + https://www.worldfootball.net/
2011-04-30,,Defensa y Justicia,Gimnasia y Esgrima (J),1,3,,,Primera Nacional,2010,zonas,,Fecha 31,,false,https://es.wikipedia.org/wiki/Campeonato_de_Primera_B_Nacional_2010-11 + https://www.worldfootball.net/
2011-04-30,,Patronato,Aldosivi,3,0,,,Primera Nacional,2010,zonas,,Fecha 31,,false,https://es.wikipedia.org/wiki/Campeonato_de_Primera_B_Nacional_2010-11 + https://www.worldfootball.net/
2011-04-30,,San Martín (SJ),Tiro Federal,0,2,,,Primera Nacional,2010,zonas,,Fecha 31,,false,https://es.wikipedia.org/wiki/Campeonato_de_Primera_B_Nacional_2010-11 + https://www.worldfootball.net/
2011-04-30,,San Martín (T),Instituto,2,3,,,Primera Nacional,2010,zonas,,Fecha 31,,false,https://es.wikipedia.org/wiki/Campeonato_de_Primera_B_Nacional_2010-11 + https://www.worldfootball.net/
2011-05-02,,Belgrano,Atlético Tucumán,2,0,,,Primera Nacional,2010,zonas,,Fecha 31,,false,https://es.wikipedia.org/wiki/Campeonato_de_Primera_B_Nacional_2010-11 + https://www.worldfootball.net/
2011-05-02,,Rosario Central,Boca Unidos,1,2,,,Primera Nacional,2010,zonas,,Fecha 31,,false,https://es.wikipedia.org/wiki/Campeonato_de_Primera_B_Nacional_2010-11 + https://www.worldfootball.net/
2011-05-05,,Aldosivi,Defensa y Justicia,2,0,,,Primera Nacional,2010,zonas,,Fecha 32,,false,https://es.wikipedia.org/wiki/Campeonato_de_Primera_B_Nacional_2010-11 + https://www.worldfootball.net/
2011-05-07,,Deportivo Merlo,Patronato,1,1,,,Primera Nacional,2010,zonas,,Fecha 32,,false,https://es.wikipedia.org/wiki/Campeonato_de_Primera_B_Nacional_2010-11 + https://www.worldfootball.net/
2011-05-07,,Independiente Rivadavia,CAI,0,0,,,Primera Nacional,2010,zonas,,Fecha 32,,false,https://es.wikipedia.org/wiki/Campeonato_de_Primera_B_Nacional_2010-11 + https://www.worldfootball.net/
2011-05-07,,Instituto,Rosario Central,3,3,,,Primera Nacional,2010,zonas,,Fecha 32,,false,https://es.wikipedia.org/wiki/Campeonato_de_Primera_B_Nacional_2010-11 + https://www.worldfootball.net/
2011-05-07,,Tiro Federal,Belgrano,0,2,,,Primera Nacional,2010,zonas,,Fecha 32,,false,https://es.wikipedia.org/wiki/Campeonato_de_Primera_B_Nacional_2010-11 + https://www.worldfootball.net/
2011-05-07,,Unión,San Martín (SJ),1,2,,,Primera Nacional,2010,zonas,,Fecha 32,,false,https://es.wikipedia.org/wiki/Campeonato_de_Primera_B_Nacional_2010-11 + https://www.worldfootball.net/
2011-05-08,,Atlético Tucumán,San Martín (T),1,0,,,Primera Nacional,2010,zonas,,Fecha 32,,false,https://es.wikipedia.org/wiki/Campeonato_de_Primera_B_Nacional_2010-11 + https://www.worldfootball.net/
2011-05-08,,Chacarita Juniors,Ferro Carril Oeste,0,3,,,Primera Nacional,2010,zonas,,Fecha 32,,false,https://es.wikipedia.org/wiki/Campeonato_de_Primera_B_Nacional_2010-11 + https://www.worldfootball.net/
2011-05-08,,Gimnasia y Esgrima (J),Almirante Brown,2,1,,,Primera Nacional,2010,zonas,,Fecha 32,,false,https://es.wikipedia.org/wiki/Campeonato_de_Primera_B_Nacional_2010-11 + https://www.worldfootball.net/
2011-05-09,,Boca Unidos,Atlético de Rafaela,0,1,,,Primera Nacional,2010,zonas,,Fecha 32,,false,https://es.wikipedia.org/wiki/Campeonato_de_Primera_B_Nacional_2010-11 + https://www.worldfootball.net/
2011-05-12,,Belgrano,Unión,3,2,,,Primera Nacional,2010,zonas,,Fecha 33,,false,https://es.wikipedia.org/wiki/Campeonato_de_Primera_B_Nacional_2010-11 + https://www.worldfootball.net/
2011-05-13,,Patronato,Defensa y Justicia,0,2,,,Primera Nacional,2010,zonas,,Fecha 33,,false,https://es.wikipedia.org/wiki/Campeonato_de_Primera_B_Nacional_2010-11 + https://www.worldfootball.net/
2011-05-13,,San Martín (T),Tiro Federal,2,0,,,Primera Nacional,2010,zonas,,Fecha 33,,false,https://es.wikipedia.org/wiki/Campeonato_de_Primera_B_Nacional_2010-11 + https://www.worldfootball.net/
2011-05-14,,Almirante Brown,Aldosivi,1,0,,,Primera Nacional,2010,zonas,,Fecha 33,,false,https://es.wikipedia.org/wiki/Campeonato_de_Primera_B_Nacional_2010-11 + https://www.worldfootball.net/
2011-05-14,,Atlético de Rafaela,Instituto,4,0,,,Primera Nacional,2010,zonas,,Fecha 33,,false,https://es.wikipedia.org/wiki/Campeonato_de_Primera_B_Nacional_2010-11 + https://www.worldfootball.net/
2011-05-14,,CAI,Boca Unidos,1,3,,,Primera Nacional,2010,zonas,,Fecha 33,,false,https://es.wikipedia.org/wiki/Campeonato_de_Primera_B_Nacional_2010-11 + https://www.worldfootball.net/
2011-05-14,,Deportivo Merlo,Chacarita Juniors,0,0,,,Primera Nacional,2010,zonas,,Fecha 33,,false,https://es.wikipedia.org/wiki/Campeonato_de_Primera_B_Nacional_2010-11 + https://www.worldfootball.net/
2011-05-14,,Ferro Carril Oeste,Independiente Rivadavia,1,0,,,Primera Nacional,2010,zonas,,Fecha 33,,false,https://es.wikipedia.org/wiki/Campeonato_de_Primera_B_Nacional_2010-11 + https://www.worldfootball.net/
2011-05-14,,Rosario Central,Atlético Tucumán,2,0,,,Primera Nacional,2010,zonas,,Fecha 33,,false,https://es.wikipedia.org/wiki/Campeonato_de_Primera_B_Nacional_2010-11 + https://www.worldfootball.net/
2011-05-16,,San Martín (SJ),Gimnasia y Esgrima (J),2,1,,,Primera Nacional,2010,zonas,,Fecha 33,,false,https://es.wikipedia.org/wiki/Campeonato_de_Primera_B_Nacional_2010-11 + https://www.worldfootball.net/
2011-05-19,,Unión,San Martín (T),2,1,,,Primera Nacional,2010,zonas,,Fecha 34,,false,https://es.wikipedia.org/wiki/Campeonato_de_Primera_B_Nacional_2010-11 + https://www.worldfootball.net/
2011-05-21,,Aldosivi,San Martín (SJ),2,0,,,Primera Nacional,2010,zonas,,Fecha 34,,false,https://es.wikipedia.org/wiki/Campeonato_de_Primera_B_Nacional_2010-11 + https://www.worldfootball.net/
2011-05-21,,Atlético Tucumán,Atlético de Rafaela,0,2,,,Primera Nacional,2010,zonas,,Fecha 34,,false,https://es.wikipedia.org/wiki/Campeonato_de_Primera_B_Nacional_2010-11 + https://www.worldfootball.net/
2011-05-21,,Chacarita Juniors,Patronato,1,3,,,Primera Nacional,2010,zonas,,Fecha 34,,false,https://es.wikipedia.org/wiki/Campeonato_de_Primera_B_Nacional_2010-11 + https://www.worldfootball.net/
2011-05-21,,Defensa y Justicia,Almirante Brown,0,0,,,Primera Nacional,2010,zonas,,Fecha 34,,false,https://es.wikipedia.org/wiki/Campeonato_de_Primera_B_Nacional_2010-11 + https://www.worldfootball.net/
2011-05-21,,Independiente Rivadavia,Deportivo Merlo,0,1,,,Primera Nacional,2010,zonas,,Fecha 34,,false,https://es.wikipedia.org/wiki/Campeonato_de_Primera_B_Nacional_2010-11 + https://www.worldfootball.net/
2011-05-22,,Boca Unidos,Ferro Carril Oeste,3,2,,,Primera Nacional,2010,zonas,,Fecha 34,,false,https://es.wikipedia.org/wiki/Campeonato_de_Primera_B_Nacional_2010-11 + https://www.worldfootball.net/
2011-05-23,,Gimnasia y Esgrima (J),Belgrano,1,1,,,Primera Nacional,2010,zonas,,Fecha 34,,false,https://es.wikipedia.org/wiki/Campeonato_de_Primera_B_Nacional_2010-11 + https://www.worldfootball.net/
2011-05-23,,Instituto,CAI,1,1,,,Primera Nacional,2010,zonas,,Fecha 34,,false,https://es.wikipedia.org/wiki/Campeonato_de_Primera_B_Nacional_2010-11 + https://www.worldfootball.net/
2011-05-24,,Tiro Federal,Rosario Central,1,2,,,Primera Nacional,2010,zonas,,Fecha 34,,false,https://es.wikipedia.org/wiki/Campeonato_de_Primera_B_Nacional_2010-11 + https://www.worldfootball.net/
2011-05-26,,Patronato,Almirante Brown,0,1,,,Primera Nacional,2010,zonas,,Fecha 35,,false,https://es.wikipedia.org/wiki/Campeonato_de_Primera_B_Nacional_2010-11 + https://www.worldfootball.net/
2011-05-28,,Belgrano,Aldosivi,1,0,,,Primera Nacional,2010,zonas,,Fecha 35,,false,https://es.wikipedia.org/wiki/Campeonato_de_Primera_B_Nacional_2010-11 + https://www.worldfootball.net/
2011-05-28,,CAI,Atlético Tucumán,1,1,,,Primera Nacional,2010,zonas,,Fecha 35,,false,https://es.wikipedia.org/wiki/Campeonato_de_Primera_B_Nacional_2010-11 + https://www.worldfootball.net/
2011-05-28,,Chacarita Juniors,Independiente Rivadavia,0,0,,,Primera Nacional,2010,zonas,,Fecha 35,,false,https://es.wikipedia.org/wiki/Campeonato_de_Primera_B_Nacional_2010-11 + https://www.worldfootball.net/
2011-05-28,,Deportivo Merlo,Boca Unidos,2,2,,,Primera Nacional,2010,zonas,,Fecha 35,,false,https://es.wikipedia.org/wiki/Campeonato_de_Primera_B_Nacional_2010-11 + https://www.worldfootball.net/
2011-05-28,,Ferro Carril Oeste,Instituto,1,1,,,Primera Nacional,2010,zonas,,Fecha 35,,false,https://es.wikipedia.org/wiki/Campeonato_de_Primera_B_Nacional_2010-11 + https://www.worldfootball.net/
2011-05-28,,San Martín (T),Gimnasia y Esgrima (J),2,1,,,Primera Nacional,2010,zonas,,Fecha 35,,false,https://es.wikipedia.org/wiki/Campeonato_de_Primera_B_Nacional_2010-11 + https://www.worldfootball.net/
2011-05-29,,Atlético de Rafaela,Tiro Federal,1,1,,,Primera Nacional,2010,zonas,,Fecha 35,,false,https://es.wikipedia.org/wiki/Campeonato_de_Primera_B_Nacional_2010-11 + https://www.worldfootball.net/
2011-05-29,,Rosario Central,Unión,0,1,,,Primera Nacional,2010,zonas,,Fecha 35,,false,https://es.wikipedia.org/wiki/Campeonato_de_Primera_B_Nacional_2010-11 + https://www.worldfootball.net/
2011-05-29,,San Martín (SJ),Defensa y Justicia,1,0,,,Primera Nacional,2010,zonas,,Fecha 35,,false,https://es.wikipedia.org/wiki/Campeonato_de_Primera_B_Nacional_2010-11 + https://www.worldfootball.net/
2011-06-02,,Atlético Tucumán,Ferro Carril Oeste,0,0,,,Primera Nacional,2010,zonas,,Fecha 36,,false,https://es.wikipedia.org/wiki/Campeonato_de_Primera_B_Nacional_2010-11 + https://www.worldfootball.net/
2011-06-04,,Aldosivi,San Martín (T),0,1,,,Primera Nacional,2010,zonas,,Fecha 36,,false,https://es.wikipedia.org/wiki/Campeonato_de_Primera_B_Nacional_2010-11 + https://www.worldfootball.net/
2011-06-04,,Almirante Brown,San Martín (SJ),0,0,,,Primera Nacional,2010,zonas,,Fecha 36,,false,https://es.wikipedia.org/wiki/Campeonato_de_Primera_B_Nacional_2010-11 + https://www.worldfootball.net/
2011-06-04,,Defensa y Justicia,Belgrano,2,3,,,Primera Nacional,2010,zonas,,Fecha 36,,false,https://es.wikipedia.org/wiki/Campeonato_de_Primera_B_Nacional_2010-11 + https://www.worldfootball.net/
2011-06-04,,Independiente Rivadavia,Patronato,3,0,,,Primera Nacional,2010,zonas,,Fecha 36,,false,https://es.wikipedia.org/wiki/Campeonato_de_Primera_B_Nacional_2010-11 + https://www.worldfootball.net/
2011-06-04,,Unión,Atlético de Rafaela,0,1,,,Primera Nacional,2010,zonas,,Fecha 36,,false,https://es.wikipedia.org/wiki/Campeonato_de_Primera_B_Nacional_2010-11 + https://www.worldfootball.net/
2011-06-05,,Boca Unidos,Chacarita Juniors,0,0,,,Primera Nacional,2010,zonas,,Fecha 36,,false,https://es.wikipedia.org/wiki/Campeonato_de_Primera_B_Nacional_2010-11 + https://www.worldfootball.net/
2011-06-05,,Gimnasia y Esgrima (J),Rosario Central,3,3,,,Primera Nacional,2010,zonas,,Fecha 36,,false,https://es.wikipedia.org/wiki/Campeonato_de_Primera_B_Nacional_2010-11 + https://www.worldfootball.net/
2011-06-05,,Tiro Federal,CAI,1,1,,,Primera Nacional,2010,zonas,,Fecha 36,,false,https://es.wikipedia.org/wiki/Campeonato_de_Primera_B_Nacional_2010-11 + https://www.worldfootball.net/
2011-06-06,,Instituto,Deportivo Merlo,1,2,,,Primera Nacional,2010,zonas,,Fecha 36,,false,https://es.wikipedia.org/wiki/Campeonato_de_Primera_B_Nacional_2010-11 + https://www.worldfootball.net/
2011-06-09,,Belgrano,Almirante Brown,1,2,,,Primera Nacional,2010,zonas,,Fecha 37,,false,https://es.wikipedia.org/wiki/Campeonato_de_Primera_B_Nacional_2010-11 + https://www.worldfootball.net/
2011-06-11,,Atlético de Rafaela,Gimnasia y Esgrima (J),6,0,,,Primera Nacional,2010,zonas,,Fecha 37,,false,https://es.wikipedia.org/wiki/Campeonato_de_Primera_B_Nacional_2010-11 + https://www.worldfootball.net/
2011-06-11,,Chacarita Juniors,Instituto,2,0,,,Primera Nacional,2010,zonas,,Fecha 37,,false,https://es.wikipedia.org/wiki/Campeonato_de_Primera_B_Nacional_2010-11 + https://www.worldfootball.net/
2011-06-11,,Deportivo Merlo,Atlético Tucumán,3,2,,,Primera Nacional,2010,zonas,,Fecha 37,,false,https://es.wikipedia.org/wiki/Campeonato_de_Primera_B_Nacional_2010-11 + https://www.worldfootball.net/
2011-06-11,,Ferro Carril Oeste,Tiro Federal,1,3,,,Primera Nacional,2010,zonas,,Fecha 37,,false,https://es.wikipedia.org/wiki/Campeonato_de_Primera_B_Nacional_2010-11 + https://www.worldfootball.net/
2011-06-11,,Independiente Rivadavia,Boca Unidos,3,1,,,Primera Nacional,2010,zonas,,Fecha 37,,false,https://es.wikipedia.org/wiki/Campeonato_de_Primera_B_Nacional_2010-11 + https://www.worldfootball.net/
2011-06-11,,San Martín (T),Defensa y Justicia,0,2,,,Primera Nacional,2010,zonas,,Fecha 37,,false,https://es.wikipedia.org/wiki/Campeonato_de_Primera_B_Nacional_2010-11 + https://www.worldfootball.net/
2011-06-12,,CAI,Unión,1,2,,,Primera Nacional,2010,zonas,,Fecha 37,,false,https://es.wikipedia.org/wiki/Campeonato_de_Primera_B_Nacional_2010-11 + https://www.worldfootball.net/
2011-06-12,,Patronato,San Martín (SJ),0,2,,,Primera Nacional,2010,zonas,,Fecha 37,,false,https://es.wikipedia.org/wiki/Campeonato_de_Primera_B_Nacional_2010-11 + https://www.worldfootball.net/
2011-06-13,,Rosario Central,Aldosivi,0,2,,,Primera Nacional,2010,zonas,,Fecha 37,,false,https://es.wikipedia.org/wiki/Campeonato_de_Primera_B_Nacional_2010-11 + https://www.worldfootball.net/
2011-06-16,,Atlético Tucumán,Chacarita Juniors,0,1,,,Primera Nacional,2010,zonas,,Fecha 38,,false,https://es.wikipedia.org/wiki/Campeonato_de_Primera_B_Nacional_2010-11 + https://www.worldfootball.net/
2011-06-17,,Gimnasia y Esgrima (J),CAI,4,2,,,Primera Nacional,2010,zonas,,Fecha 38,,false,https://es.wikipedia.org/wiki/Campeonato_de_Primera_B_Nacional_2010-11 + https://www.worldfootball.net/
2011-06-18,,Instituto,Independiente Rivadavia,1,0,,,Primera Nacional,2010,zonas,,Fecha 38,,false,https://es.wikipedia.org/wiki/Campeonato_de_Primera_B_Nacional_2010-11 + https://www.worldfootball.net/
2011-06-18,,San Martín (SJ),Belgrano,0,0,,,Primera Nacional,2010,zonas,,Fecha 38,,false,https://es.wikipedia.org/wiki/Campeonato_de_Primera_B_Nacional_2010-11 + https://www.worldfootball.net/
2011-06-18,,Unión,Ferro Carril Oeste,1,0,,,Primera Nacional,2010,zonas,,Fecha 38,,false,https://es.wikipedia.org/wiki/Campeonato_de_Primera_B_Nacional_2010-11 + https://www.worldfootball.net/
2011-06-19,,Aldosivi,Atlético de Rafaela,3,2,,,Primera Nacional,2010,zonas,,Fecha 38,,false,https://es.wikipedia.org/wiki/Campeonato_de_Primera_B_Nacional_2010-11 + https://www.worldfootball.net/
2011-06-19,,Almirante Brown,San Martín (T),1,0,,,Primera Nacional,2010,zonas,,Fecha 38,,false,https://es.wikipedia.org/wiki/Campeonato_de_Primera_B_Nacional_2010-11 + https://www.worldfootball.net/
2011-06-19,,Boca Unidos,Patronato,1,0,,,Primera Nacional,2010,zonas,,Fecha 38,,false,https://es.wikipedia.org/wiki/Campeonato_de_Primera_B_Nacional_2010-11 + https://www.worldfootball.net/
2011-06-19,,Defensa y Justicia,Rosario Central,2,1,,,Primera Nacional,2010,zonas,,Fecha 38,,false,https://es.wikipedia.org/wiki/Campeonato_de_Primera_B_Nacional_2010-11 + https://www.worldfootball.net/
2011-06-19,,Tiro Federal,Deportivo Merlo,1,1,,,Primera Nacional,2010,zonas,,Fecha 38,,false,https://es.wikipedia.org/wiki/Campeonato_de_Primera_B_Nacional_2010-11 + https://www.worldfootball.net/
