date,time,home_team,away_team,home_score,away_score,home_pens,away_pens,tournament,season,phase,group,matchday,venue,neutral,source
2022-02-10,19:15,Patronato,Argentinos Juniors,0,1,,,Copa de la Liga,2022,zonas,Zona A,Fecha 1,Presbítero Bartolomé Grella,false,https://es.wikipedia.org/wiki/Copa_de_la_Liga_Profesional_2022
2022-02-10,19:15,Sarmiento (J),Atlético Tucumán,1,0,,,Copa de la Liga,2022,zonas,Zona A,Fecha 1,Eva Perón,false,https://es.wikipedia.org/wiki/Copa_de_la_Liga_Profesional_2022
2022-02-10,21:30,Central Córdoba (SdE),Barracas Central,3,1,,,Copa de la Liga,2022,zonas,Zona B,Fecha 1,Único Madre de Ciudades,false,https://es.wikipedia.org/wiki/Copa_de_la_Liga_Profesional_2022
2022-02-10,21:30,Newell's Old Boys,Defensa y Justicia,1,0,,,Copa de la Liga,2022,zonas,Zona A,Fecha 1,Marcelo Bielsa,false,https://es.wikipedia.org/wiki/Copa_de_la_Liga_Profesional_2022
2022-02-11,17:00,Arsenal,Rosario Central,1,1,,,Copa de la Liga,2022,zonas,Zona B,Fecha 1,El Viaducto,false,https://es.wikipedia.org/wiki/Copa_de_la_Liga_Profesional_2022
2022-02-11,19:15,Godoy Cruz,Tigre,1,1,,,Copa de la Liga,2022,zonas,Zona B,Fecha 1,Malvinas Argentinas,false,https://es.wikipedia.org/wiki/Copa_de_la_Liga_Profesional_2022
2022-02-11,19:15,Vélez Sarsfield,Aldosivi,2,0,,,Copa de la Liga,2022,zonas,Zona B,Fecha 1,José Amalfitani,false,https://es.wikipedia.org/wiki/Copa_de_la_Liga_Profesional_2022
2022-02-11,21:30,Banfield,San Lorenzo,0,0,,,Copa de la Liga,2022,zonas,Zona A,Fecha 1,Florencio Sola,false,https://es.wikipedia.org/wiki/Copa_de_la_Liga_Profesional_2022
2022-02-12,17:00,Claypole,El Porvenir,2,0,,,Primera C,2022,zonas,Torneo Apertura,Fecha 1,Rodolfo Capocasa,false,https://es.wikipedia.org/wiki/Campeonato_de_Primera_C_2022_(Argentina)
2022-02-12,17:00,Deportivo Armenio,Ituzaingó,1,0,,,Primera B,2022,zonas,Torneo Apertura,Fecha 1,Armenia,false,https://es.wikipedia.org/wiki/Campeonato_de_Primera_B_2022_(Argentina)
2022-02-12,17:00,Deportivo Merlo,Acassuso,1,0,,,Primera B,2022,zonas,Torneo Apertura,Fecha 1,José Manuel Moreno,false,https://es.wikipedia.org/wiki/Campeonato_de_Primera_B_2022_(Argentina)
2022-02-12,17:00,Dock Sud,Los Andes,2,1,,,Primera B,2022,zonas,Torneo Apertura,Fecha 1,De los Inmigrantes,false,https://es.wikipedia.org/wiki/Campeonato_de_Primera_B_2022_(Argentina)
2022-02-12,17:00,Excursionistas,Sportivo Italiano,1,1,,,Primera C,2022,zonas,Torneo Apertura,Fecha 1,Excursionistas,false,https://es.wikipedia.org/wiki/Campeonato_de_Primera_C_2022_(Argentina)
2022-02-12,17:00,Huracán,Lanús,1,0,,,Copa de la Liga,2022,zonas,Zona B,Fecha 1,Tomás Adolfo Ducó,false,https://es.wikipedia.org/wiki/Copa_de_la_Liga_Profesional_2022
2022-02-12,17:00,Liniers,Central Córdoba (R),0,2,,,Primera C,2022,zonas,Torneo Apertura,Fecha 1,Juan Antonio Arias,false,https://es.wikipedia.org/wiki/Campeonato_de_Primera_C_2022_(Argentina)
2022-02-12,17:00,San Miguel,Fénix,0,2,,,Primera B,2022,zonas,Torneo Apertura,Fecha 1,Malvinas Argentina,false,https://es.wikipedia.org/wiki/Campeonato_de_Primera_B_2022_(Argentina)
2022-02-12,17:00,UAI Urquiza,Comunicaciones,0,2,,,Primera B,2022,zonas,Torneo Apertura,Fecha 1,Monumental de Villa Lynch,false,https://es.wikipedia.org/wiki/Campeonato_de_Primera_B_2022_(Argentina)
2022-02-12,17:00,Victoriano Arenas,San Martín (B),1,0,,,Primera C,2022,zonas,Torneo Apertura,Fecha 1,Saturnino Moure,false,https://es.wikipedia.org/wiki/Campeonato_de_Primera_C_2022_(Argentina)
2022-02-12,17:00,Villa San Carlos,Cañuelas,1,0,,,Primera B,2022,zonas,Torneo Apertura,Fecha 1,Genacio Sálice,false,https://es.wikipedia.org/wiki/Campeonato_de_Primera_B_2022_(Argentina)
2022-02-12,19:15,Unión,River Plate,1,0,,,Copa de la Liga,2022,zonas,Zona A,Fecha 1,15 de Abril,false,https://es.wikipedia.org/wiki/Copa_de_la_Liga_Profesional_2022
2022-02-12,21:30,Estudiantes (LP),Independiente,2,1,,,Copa de la Liga,2022,zonas,Zona B,Fecha 1,Jorge Luis Hirschi,false,https://es.wikipedia.org/wiki/Copa_de_la_Liga_Profesional_2022
2022-02-13,17:00,Atlas,Leandro N. Alem,1,1,,,Primera C,2022,zonas,Torneo Apertura,Fecha 1,Ricardo Puga,false,https://es.wikipedia.org/wiki/Campeonato_de_Primera_C_2022_(Argentina)
2022-02-13,17:00,Defensores Unidos,J. J. de Urquiza,1,1,,,Primera B,2022,zonas,Torneo Apertura,Fecha 1,Gigante de Villa Fox,false,https://es.wikipedia.org/wiki/Campeonato_de_Primera_B_2022_(Argentina)
2022-02-13,17:00,Deportivo Laferrere,General Lamadrid,0,0,,,Primera C,2022,zonas,Torneo Apertura,Fecha 1,Ciudad de Laferrere,false,https://es.wikipedia.org/wiki/Campeonato_de_Primera_C_2022_(Argentina)
2022-02-13,17:00,Luján,Real Pilar,0,1,,,Primera C,2022,zonas,Torneo Apertura,Fecha 1,Municipal de la Ciudad de Luján,false,https://es.wikipedia.org/wiki/Campeonato_de_Primera_C_2022_(Argentina)
2022-02-13,17:00,Puerto Nuevo,Berazategui,1,2,,,Primera C,2022,zonas,Torneo Apertura,Fecha 1,Rubén Carlos Vallejos,false,https://es.wikipedia.org/wiki/Campeonato_de_Primera_C_2022_(Argentina)
2022-02-13,17:00,Racing Club,Gimnasia y Esgrima (LP),0,0,,,Copa de la Liga,2022,zonas,Zona A,Fecha 1,El Cilindro,false,https://es.wikipedia.org/wiki/Copa_de_la_Liga_Profesional_2022
2022-02-13,19:15,Platense,Talleres (C),1,0,,,Copa de la Liga,2022,zonas,Zona A,Fecha 1,Ciudad de Vicente López,false,https://es.wikipedia.org/wiki/Copa_de_la_Liga_Profesional_2022
2022-02-13,19:15,Talleres (RdE),Argentino de Quilmes,2,2,,,Primera B,2022,zonas,Torneo Apertura,Fecha 1,Pablo Comelli,false,https://es.wikipedia.org/wiki/Campeonato_de_Primera_B_2022_(Argentina)
2022-02-13,20:00,Ferrocarril Midland,Deportivo Español,1,1,,,Primera C,2022,zonas,Torneo Apertura,Fecha 1,Ciudad de Libertad,false,https://es.wikipedia.org/wiki/Campeonato_de_Primera_C_2022_(Argentina)
2022-02-13,21:30,Boca Juniors,Colón,1,1,,,Copa de la Liga,2022,zonas,Zona B,Fecha 1,La Bombonera,false,https://es.wikipedia.org/wiki/Copa_de_la_Liga_Profesional_2022
2022-02-15,17:00,Argentinos Juniors,Newell's Old Boys,3,0,,,Copa de la Liga,2022,zonas,Zona A,Fecha 2,Diego Armando Maradona,false,https://es.wikipedia.org/wiki/Copa_de_la_Liga_Profesional_2022
2022-02-15,19:15,Independiente,Arsenal,1,0,,,Copa de la Liga,2022,zonas,Zona B,Fecha 2,Libertadores de América Ricardo Bochini,false,https://es.wikipedia.org/wiki/Copa_de_la_Liga_Profesional_2022
2022-02-15,19:15,Rosario Central,Vélez Sarsfield,1,0,,,Copa de la Liga,2022,zonas,Zona B,Fecha 2,Gigante de Arroyito,false,https://es.wikipedia.org/wiki/Copa_de_la_Liga_Profesional_2022
2022-02-15,21:30,Huracán,Estudiantes (LP),2,3,,,Copa de la Liga,2022,zonas,Zona B,Fecha 2,Tomás Adolfo Ducó,false,https://es.wikipedia.org/wiki/Copa_de_la_Liga_Profesional_2022
2022-02-15,21:30,Lanús,Barracas Central,2,0,,,Copa de la Liga,2022,zonas,Zona B,Fecha 2,Ciudad de Lanús,false,https://es.wikipedia.org/wiki/Copa_de_la_Liga_Profesional_2022
2022-02-16,17:00,Tigre,Central Córdoba (SdE),1,1,,,Copa de la Liga,2022,zonas,Zona B,Fecha 2,Coliseo de Victoria,false,https://es.wikipedia.org/wiki/Copa_de_la_Liga_Profesional_2022
2022-02-16,19:15,Aldosivi,Boca Juniors,1,2,,,Copa de la Liga,2022,zonas,Zona B,Fecha 2,José María Minella,false,https://es.wikipedia.org/wiki/Copa_de_la_Liga_Profesional_2022
2022-02-16,21:30,River Plate,Patronato,4,1,,,Copa de la Liga,2022,zonas,Zona A,Fecha 2,Monumental,false,https://es.wikipedia.org/wiki/Copa_de_la_Liga_Profesional_2022
2022-02-17,17:00,Colón,Godoy Cruz,3,1,,,Copa de la Liga,2022,zonas,Zona B,Fecha 2,Presbítero Bartolomé Grella,false,https://es.wikipedia.org/wiki/Copa_de_la_Liga_Profesional_2022
2022-02-17,17:00,Gimnasia y Esgrima (LP),San Lorenzo,1,0,,,Copa de la Liga,2022,zonas,Zona A,Fecha 2,Del Bosque,false,https://es.wikipedia.org/wiki/Copa_de_la_Liga_Profesional_2022
2022-02-17,19:15,Defensa y Justicia,Racing Club,2,2,,,Copa de la Liga,2022,zonas,Zona A,Fecha 2,Norberto Tomaghello,false,https://es.wikipedia.org/wiki/Copa_de_la_Liga_Profesional_2022
2022-02-17,19:15,Sarmiento (J),Banfield,2,2,,,Copa de la Liga,2022,zonas,Zona A,Fecha 2,Eva Perón,false,https://es.wikipedia.org/wiki/Copa_de_la_Liga_Profesional_2022
2022-02-17,21:30,Atlético Tucumán,Platense,2,2,,,Copa de la Liga,2022,zonas,Zona A,Fecha 2,Monumental José Fierro,false,https://es.wikipedia.org/wiki/Copa_de_la_Liga_Profesional_2022
2022-02-17,21:30,Talleres (C),Unión,0,0,,,Copa de la Liga,2022,zonas,Zona A,Fecha 2,Mario Alberto Kempes,false,https://es.wikipedia.org/wiki/Copa_de_la_Liga_Profesional_2022
2022-02-18,17:00,Acassuso,Colegiales,2,1,,,Primera B,2022,zonas,Torneo Apertura,Fecha 2,Armenia,false,https://es.wikipedia.org/wiki/Campeonato_de_Primera_B_2022_(Argentina)
2022-02-19,17:00,Argentino de Quilmes,Deportivo Merlo,0,0,,,Primera B,2022,zonas,Torneo Apertura,Fecha 2,Argentino de Quilmes,false,https://es.wikipedia.org/wiki/Campeonato_de_Primera_B_2022_(Argentina)
2022-02-19,17:00,Arsenal,Huracán,2,1,,,Copa de la Liga,2022,zonas,Zona B,Fecha 3,El Viaducto,false,https://es.wikipedia.org/wiki/Copa_de_la_Liga_Profesional_2022
2022-02-19,17:00,Cañuelas,Defensores Unidos,1,2,,,Primera B,2022,zonas,Torneo Apertura,Fecha 2,Jorge Alfredo Arín,false,https://es.wikipedia.org/wiki/Campeonato_de_Primera_B_2022_(Argentina)
2022-02-19,17:00,Central Córdoba (R),Excursionistas,0,0,,,Primera C,2022,zonas,Torneo Apertura,Fecha 2,Gabino Sosa,false,https://es.wikipedia.org/wiki/Campeonato_de_Primera_C_2022_(Argentina)
2022-02-19,17:00,Comunicaciones,Villa San Carlos,1,0,,,Primera B,2022,zonas,Torneo Apertura,Fecha 2,Alfredo Ramos,false,https://es.wikipedia.org/wiki/Campeonato_de_Primera_B_2022_(Argentina)
2022-02-19,17:00,Fénix,Deportivo Armenio,0,0,,,Primera B,2022,zonas,Torneo Apertura,Fecha 2,José Manuel Moreno,false,https://es.wikipedia.org/wiki/Campeonato_de_Primera_B_2022_(Argentina)
2022-02-19,17:00,J. J. de Urquiza,Talleres (RdE),1,3,,,Primera B,2022,zonas,Torneo Apertura,Fecha 2,Ramón Roque Martín,false,https://es.wikipedia.org/wiki/Campeonato_de_Primera_B_2022_(Argentina)
2022-02-19,17:00,San Martín (B),Luján,1,1,,,Primera C,2022,zonas,Torneo Apertura,Fecha 2,Francisco Boga,false,https://es.wikipedia.org/wiki/Campeonato_de_Primera_C_2022_(Argentina)
2022-02-19,19:00,Ituzaingó,Dock Sud,1,0,,,Primera B,2022,zonas,Torneo Apertura,Fecha 2,Carlos Alberto Sacaan,false,https://es.wikipedia.org/wiki/Campeonato_de_Primera_B_2022_(Argentina)
2022-02-19,19:15,Estudiantes (LP),Lanús,2,1,,,Copa de la Liga,2022,zonas,Zona B,Fecha 3,Jorge Luis Hirschi,false,https://es.wikipedia.org/wiki/Copa_de_la_Liga_Profesional_2022
2022-02-19,21:30,Vélez Sarsfield,Independiente,0,0,,,Copa de la Liga,2022,zonas,Zona B,Fecha 3,José Amalfitani,false,https://es.wikipedia.org/wiki/Copa_de_la_Liga_Profesional_2022
2022-02-20,17:00,Berazategui,Argentino de Merlo,3,2,,,Primera C,2022,zonas,Torneo Apertura,Fecha 2,Norman Lee,false,https://es.wikipedia.org/wiki/Campeonato_de_Primera_C_2022_(Argentina)
2022-02-20,17:00,Deportivo Español,Liniers,4,2,,,Primera C,2022,zonas,Torneo Apertura,Fecha 2,Nueva España,false,https://es.wikipedia.org/wiki/Campeonato_de_Primera_C_2022_(Argentina)
2022-02-20,17:00,El Porvenir,Victoriano Arenas,2,2,,,Primera C,2022,zonas,Torneo Apertura,Fecha 2,Gildo Francisco Ghersinich,false,https://es.wikipedia.org/wiki/Campeonato_de_Primera_C_2022_(Argentina)
2022-02-20,17:00,General Lamadrid,Puerto Nuevo,0,0,,,Primera C,2022,zonas,Torneo Apertura,Fecha 2,Enrique Sexto,false,https://es.wikipedia.org/wiki/Campeonato_de_Primera_C_2022_(Argentina)
2022-02-20,17:00,Leandro N. Alem,Claypole,2,2,,,Primera C,2022,zonas,Torneo Apertura,Fecha 2,Leandro N. Alem,false,https://es.wikipedia.org/wiki/Campeonato_de_Primera_C_2022_(Argentina)
2022-02-20,17:00,Platense,Sarmiento (J),2,0,,,Copa de la Liga,2022,zonas,Zona A,Fecha 3,Ciudad de Vicente López,false,https://es.wikipedia.org/wiki/Copa_de_la_Liga_Profesional_2022
2022-02-20,17:00,Real Pilar,Deportivo Laferrere,0,1,,,Primera C,2022,zonas,Torneo Apertura,Fecha 2,Carlos Barraza,false,https://es.wikipedia.org/wiki/Campeonato_de_Primera_C_2022_(Argentina)
2022-02-20,17:00,Sportivo Italiano,Atlas,1,0,,,Primera C,2022,zonas,Torneo Apertura,Fecha 2,República de Italia,false,https://es.wikipedia.org/wiki/Campeonato_de_Primera_C_2022_(Argentina)
2022-02-20,19:15,Boca Juniors,Rosario Central,2,1,,,Copa de la Liga,2022,zonas,Zona B,Fecha 3,José Amalfitani,false,https://es.wikipedia.org/wiki/Copa_de_la_Liga_Profesional_2022
2022-02-20,21:30,Newell's Old Boys,River Plate,0,2,,,Copa de la Liga,2022,zonas,Zona A,Fecha 3,Marcelo Bielsa,false,https://es.wikipedia.org/wiki/Copa_de_la_Liga_Profesional_2022
2022-02-21,17:00,Barracas Central,Tigre,0,2,,,Copa de la Liga,2022,zonas,Zona B,Fecha 3,Tomás Adolfo Ducó,false,https://es.wikipedia.org/wiki/Copa_de_la_Liga_Profesional_2022
2022-02-21,19:15,Banfield,Gimnasia y Esgrima (LP),4,0,,,Copa de la Liga,2022,zonas,Zona A,Fecha 3,Florencio Sola,false,https://es.wikipedia.org/wiki/Copa_de_la_Liga_Profesional_2022
2022-02-21,19:15,Godoy Cruz,Aldosivi,0,2,,,Copa de la Liga,2022,zonas,Zona B,Fecha 3,Malvinas Argentinas,false,https://es.wikipedia.org/wiki/Copa_de_la_Liga_Profesional_2022
2022-02-21,21:30,San Lorenzo,Defensa y Justicia,3,4,,,Copa de la Liga,2022,zonas,Zona A,Fecha 3,Nuevo Gasómetro,false,https://es.wikipedia.org/wiki/Copa_de_la_Liga_Profesional_2022
2022-02-22,19:15,Patronato,Talleres (C),0,0,,,Copa de la Liga,2022,zonas,Zona A,Fecha 3,Presbítero Bartolomé Grella,false,https://es.wikipedia.org/wiki/Copa_de_la_Liga_Profesional_2022
2022-02-22,19:15,Unión,Atlético Tucumán,1,0,,,Copa de la Liga,2022,zonas,Zona A,Fecha 3,15 de Abril,false,https://es.wikipedia.org/wiki/Copa_de_la_Liga_Profesional_2022
2022-02-22,21:10,Los Andes,UAI Urquiza,0,0,,,Primera B,2022,zonas,Torneo Apertura,Fecha 2,Eduardo Gallardón,false,https://es.wikipedia.org/wiki/Campeonato_de_Primera_B_2022_(Argentina)
2022-02-22,21:30,Central Córdoba (SdE),Colón,0,2,,,Copa de la Liga,2022,zonas,Zona B,Fecha 3,Único Madre de Ciudades,false,https://es.wikipedia.org/wiki/Copa_de_la_Liga_Profesional_2022
2022-02-22,21:30,Racing Club,Argentinos Juniors,3,0,,,Copa de la Liga,2022,zonas,Zona A,Fecha 3,El Cilindro,false,https://es.wikipedia.org/wiki/Copa_de_la_Liga_Profesional_2022
2022-02-23,,Independiente Rivadavia,Gimnasia y Esgrima (M),2,0,,,Copa Argentina,2022,eliminacion,,Treintaidosavos,Malvinas Argentinas,true,https://es.wikipedia.org/wiki/Copa_Argentina_2022
2022-02-23,,Lanús,Defensores de Cambaceres,5,0,,,Copa Argentina,2022,eliminacion,,Treintaidosavos,Centenario Ciudad de Quilmes,true,https://es.wikipedia.org/wiki/Copa_Argentina_2022
2022-02-24,,Almirante Brown,Agropecuario,0,2,,,Copa Argentina,2022,eliminacion,,Treintaidosavos,Julio Humberto Grondona,true,https://es.wikipedia.org/wiki/Copa_Argentina_2022
2022-02-24,21:30,Huracán,Vélez Sarsfield,2,0,,,Copa de la Liga,2022,zonas,Zona B,Fecha 4,Tomás Adolfo Ducó,false,https://es.wikipedia.org/wiki/Copa_de_la_Liga_Profesional_2022
2022-02-25,17:00,Dock Sud,Fénix,0,2,,,Primera B,2022,zonas,Torneo Apertura,Fecha 3,De los Inmigrantes,false,https://es.wikipedia.org/wiki/Campeonato_de_Primera_B_2022_(Argentina)
2022-02-25,19:15,Defensa y Justicia,Gimnasia y Esgrima (LP),3,2,,,Copa de la Liga,2022,zonas,Zona A,Fecha 4,Norberto Tomaghello,false,https://es.wikipedia.org/wiki/Copa_de_la_Liga_Profesional_2022
2022-02-25,21:30,Platense,Banfield,0,1,,,Copa de la Liga,2022,zonas,Zona A,Fecha 4,Ciudad de Vicente López,false,https://es.wikipedia.org/wiki/Copa_de_la_Liga_Profesional_2022
2022-02-26,17:00,Atlas,Central Córdoba (R),2,0,,,Primera C,2022,zonas,Torneo Apertura,Fecha 3,Ricardo Puga,false,https://es.wikipedia.org/wiki/Campeonato_de_Primera_C_2022_(Argentina)
2022-02-26,17:00,Colegiales,Argentino de Quilmes,2,3,,,Primera B,2022,zonas,Torneo Apertura,Fecha 3,Colegiales,false,https://es.wikipedia.org/wiki/Campeonato_de_Primera_B_2022_(Argentina)
2022-02-26,17:00,Colón,Barracas Central,2,1,,,Copa de la Liga,2022,zonas,Zona B,Fecha 4,Presbítero Bartolomé Grella,false,https://es.wikipedia.org/wiki/Copa_de_la_Liga_Profesional_2022
2022-02-26,17:00,Defensores Unidos,Comunicaciones,2,1,,,Primera B,2022,zonas,Torneo Apertura,Fecha 3,Gigante de Villa Fox,false,https://es.wikipedia.org/wiki/Campeonato_de_Primera_B_2022_(Argentina)
2022-02-26,17:00,Deportivo Armenio,San Miguel,1,1,,,Primera B,2022,zonas,Torneo Apertura,Fecha 3,Armenia,false,https://es.wikipedia.org/wiki/Campeonato_de_Primera_B_2022_(Argentina)
2022-02-26,17:00,Deportivo Merlo,J. J. de Urquiza,1,0,,,Primera B,2022,zonas,Torneo Apertura,Fecha 3,José Manuel Moreno,false,https://es.wikipedia.org/wiki/Campeonato_de_Primera_B_2022_(Argentina)
2022-02-26,17:00,Luján,El Porvenir,2,1,,,Primera C,2022,zonas,Torneo Apertura,Fecha 3,Municipal de la Ciudad de Luján,false,https://es.wikipedia.org/wiki/Campeonato_de_Primera_C_2022_(Argentina)
2022-02-26,17:00,Rosario Central,Godoy Cruz,1,2,,,Copa de la Liga,2022,zonas,Zona B,Fecha 4,Gigante de Arroyito,false,https://es.wikipedia.org/wiki/Copa_de_la_Liga_Profesional_2022
2022-02-26,17:00,UAI Urquiza,Ituzaingó,0,1,,,Primera B,2022,zonas,Torneo Apertura,Fecha 3,Monumental de Villa Lynch,false,https://es.wikipedia.org/wiki/Campeonato_de_Primera_B_2022_(Argentina)
2022-02-26,17:00,Villa San Carlos,Los Andes,4,1,,,Primera B,2022,zonas,Torneo Apertura,Fecha 3,Genacio Sálice,false,https://es.wikipedia.org/wiki/Campeonato_de_Primera_B_2022_(Argentina)
2022-02-26,19:00,Deportivo Laferrere,San Martín (B),2,0,,,Primera C,2022,zonas,Torneo Apertura,Fecha 3,Ciudad de Laferrere,false,https://es.wikipedia.org/wiki/Campeonato_de_Primera_C_2022_(Argentina)
2022-02-26,19:15,Aldosivi,Central Córdoba (SdE),0,0,,,Copa de la Liga,2022,zonas,Zona B,Fecha 4,José María Minella,false,https://es.wikipedia.org/wiki/Copa_de_la_Liga_Profesional_2022
2022-02-26,21:30,Independiente,Boca Juniors,2,2,,,Copa de la Liga,2022,zonas,Zona B,Fecha 4,Libertadores de América Ricardo Bochini,false,https://es.wikipedia.org/wiki/Copa_de_la_Liga_Profesional_2022
2022-02-27,17:00,Estudiantes (LP),Arsenal,3,2,,,Copa de la Liga,2022,zonas,Zona B,Fecha 4,Jorge Luis Hirschi,false,https://es.wikipedia.org/wiki/Copa_de_la_Liga_Profesional_2022
2022-02-27,17:00,Liniers,Ferrocarril Midland,2,3,,,Primera C,2022,zonas,Torneo Apertura,Fecha 3,Juan Antonio Arias,false,https://es.wikipedia.org/wiki/Campeonato_de_Primera_C_2022_(Argentina)
2022-02-27,17:00,Sarmiento (J),Unión,2,1,,,Copa de la Liga,2022,zonas,Zona A,Fecha 4,Eva Perón,false,https://es.wikipedia.org/wiki/Copa_de_la_Liga_Profesional_2022
2022-02-27,17:00,Talleres (RdE),Cañuelas,1,3,,,Primera B,2022,zonas,Torneo Apertura,Fecha 3,Pablo Comelli,false,https://es.wikipedia.org/wiki/Campeonato_de_Primera_B_2022_(Argentina)
2022-02-27,17:00,Victoriano Arenas,Leandro N. Alem,0,1,,,Primera C,2022,zonas,Torneo Apertura,Fecha 3,Saturnino Moure,false,https://es.wikipedia.org/wiki/Campeonato_de_Primera_C_2022_(Argentina)
2022-02-27,19:15,River Plate,Racing Club,2,2,,,Copa de la Liga,2022,zonas,Zona A,Fecha 4,Monumental,false,https://es.wikipedia.org/wiki/Copa_de_la_Liga_Profesional_2022
2022-02-27,21:30,Argentinos Juniors,San Lorenzo,1,1,,,Copa de la Liga,2022,zonas,Zona A,Fecha 4,Diego Armando Maradona,false,https://es.wikipedia.org/wiki/Copa_de_la_Liga_Profesional_2022
2022-02-28,17:00,Argentino de Merlo,General Lamadrid,2,1,,,Primera C,2022,zonas,Torneo Apertura,Fecha 3,Merlo,false,https://es.wikipedia.org/wiki/Campeonato_de_Primera_C_2022_(Argentina)
2022-02-28,17:00,Claypole,Sportivo Italiano,2,1,,,Primera C,2022,zonas,Torneo Apertura,Fecha 3,Rodolfo Capocasa,false,https://es.wikipedia.org/wiki/Campeonato_de_Primera_C_2022_(Argentina)
2022-02-28,17:00,Excursionistas,Deportivo Español,1,0,,,Primera C,2022,zonas,Torneo Apertura,Fecha 3,Excursionistas,false,https://es.wikipedia.org/wiki/Campeonato_de_Primera_C_2022_(Argentina)
2022-02-28,17:00,Puerto Nuevo,Real Pilar,0,1,,,Primera C,2022,zonas,Torneo Apertura,Fecha 3,Rubén Carlos Vallejos,false,https://es.wikipedia.org/wiki/Campeonato_de_Primera_C_2022_(Argentina)
2022-02-28,19:15,Talleres (C),Newell's Old Boys,1,2,,,Copa de la Liga,2022,zonas,Zona A,Fecha 4,Mario Alberto Kempes,false,https://es.wikipedia.org/wiki/Copa_de_la_Liga_Profesional_2022
2022-02-28,21:30,Lanús,Tigre,0,0,,,Copa de la Liga,2022,zonas,Zona B,Fecha 4,Ciudad de Lanús,false,https://es.wikipedia.org/wiki/Copa_de_la_Liga_Profesional_2022
2022-03-01,,Colón,Sportivo Peñarol (C),2,1,,,Copa Argentina,2022,eliminacion,,Treintaidosavos,Nuevo Monumental,true,https://es.wikipedia.org/wiki/Copa_Argentina_2022
2022-03-01,,Vélez Sarsfield,Cipolletti,5,0,,,Copa Argentina,2022,eliminacion,,Treintaidosavos,Ciudad de Lanús,true,https://es.wikipedia.org/wiki/Copa_Argentina_2022
2022-03-01,21:30,Atlético Tucumán,Patronato,1,0,,,Copa de la Liga,2022,zonas,Zona A,Fecha 4,Monumental José Fierro,false,https://es.wikipedia.org/wiki/Copa_de_la_Liga_Profesional_2022
2022-03-02,,Banfield,Dock Sud,3,1,,,Copa Argentina,2022,eliminacion,,Treintaidosavos,Centenario Ciudad de Quilmes,true,https://es.wikipedia.org/wiki/Copa_Argentina_2022
2022-03-02,,Boca Juniors,Central Córdoba (R),4,1,,,Copa Argentina,2022,eliminacion,,Treintaidosavos,Mario Alberto Kempes,true,https://es.wikipedia.org/wiki/Copa_Argentina_2022
2022-03-03,21:30,Central Córdoba (SdE),Rosario Central,0,1,,,Copa de la Liga,2022,zonas,Zona B,Fecha 5,Alfredo Terrera,false,https://es.wikipedia.org/wiki/Copa_de_la_Liga_Profesional_2022
2022-03-04,17:00,Fénix,UAI Urquiza,1,1,,,Primera B,2022,zonas,Torneo Apertura,Fecha 4,José Manuel Moreno,false,https://es.wikipedia.org/wiki/Campeonato_de_Primera_B_2022_(Argentina)
2022-03-04,19:15,Unión,Platense,1,0,,,Copa de la Liga,2022,zonas,Zona A,Fecha 5,15 de Abril,false,https://es.wikipedia.org/wiki/Copa_de_la_Liga_Profesional_2022
2022-03-04,21:30,Barracas Central,Aldosivi,2,1,,,Copa de la Liga,2022,zonas,Zona B,Fecha 5,Tomás Adolfo Ducó,false,https://es.wikipedia.org/wiki/Copa_de_la_Liga_Profesional_2022
2022-03-04,21:30,Gimnasia y Esgrima (LP),Argentinos Juniors,2,2,,,Copa de la Liga,2022,zonas,Zona A,Fecha 5,Del Bosque,false,https://es.wikipedia.org/wiki/Copa_de_la_Liga_Profesional_2022
2022-03-05,17:00,Argentino de Quilmes,Acassuso,0,0,,,Primera B,2022,zonas,Torneo Apertura,Fecha 4,Argentino de Quilmes,false,https://es.wikipedia.org/wiki/Campeonato_de_Primera_B_2022_(Argentina)
2022-03-05,17:00,Cañuelas,Deportivo Merlo,1,0,,,Primera B,2022,zonas,Torneo Apertura,Fecha 4,Jorge Alfredo Arín,false,https://es.wikipedia.org/wiki/Campeonato_de_Primera_B_2022_(Argentina)
2022-03-05,17:00,Comunicaciones,Talleres (RdE),4,0,,,Primera B,2022,zonas,Torneo Apertura,Fecha 4,Alfredo Ramos,false,https://es.wikipedia.org/wiki/Campeonato_de_Primera_B_2022_(Argentina)
2022-03-05,17:00,El Porvenir,Deportivo Laferrere,0,0,,,Primera C,2022,zonas,Torneo Apertura,Fecha 4,Gildo Francisco Ghersinich,false,https://es.wikipedia.org/wiki/Campeonato_de_Primera_C_2022_(Argentina)
2022-03-05,17:00,J. J. de Urquiza,Colegiales,2,2,,,Primera B,2022,zonas,Torneo Apertura,Fecha 4,Ramón Roque Martín,false,https://es.wikipedia.org/wiki/Campeonato_de_Primera_B_2022_(Argentina)
2022-03-05,17:00,San Lorenzo,River Plate,0,1,,,Copa de la Liga,2022,zonas,Zona A,Fecha 5,Nuevo Gasómetro,false,https://es.wikipedia.org/wiki/Copa_de_la_Liga_Profesional_2022
2022-03-05,17:00,San Miguel,Dock Sud,0,1,,,Primera B,2022,zonas,Torneo Apertura,Fecha 4,Malvinas Argentinas,false,https://es.wikipedia.org/wiki/Campeonato_de_Primera_B_2022_(Argentina)
2022-03-05,19:10,Los Andes,Defensores Unidos,2,2,,,Primera B,2022,zonas,Torneo Apertura,Fecha 4,Eduardo Gallardón,false,https://es.wikipedia.org/wiki/Campeonato_de_Primera_B_2022_(Argentina)
2022-03-05,19:15,Patronato,Sarmiento (J),0,1,,,Copa de la Liga,2022,zonas,Zona A,Fecha 5,Presbítero Bartolomé Grella,false,https://es.wikipedia.org/wiki/Copa_de_la_Liga_Profesional_2022
2022-03-05,20:00,Real Pilar,Argentino de Merlo,1,1,,,Primera C,2022,zonas,Torneo Apertura,Fecha 4,Carlos Barraza,false,https://es.wikipedia.org/wiki/Campeonato_de_Primera_C_2022_(Argentina)
2022-03-05,21:30,Racing Club,Talleres (C),1,0,,,Copa de la Liga,2022,zonas,Zona A,Fecha 5,El Cilindro,false,https://es.wikipedia.org/wiki/Copa_de_la_Liga_Profesional_2022
2022-03-06,17:00,Banfield,Defensa y Justicia,2,3,,,Copa de la Liga,2022,zonas,Zona A,Fecha 5,Florencio Solá,false,https://es.wikipedia.org/wiki/Copa_de_la_Liga_Profesional_2022
2022-03-06,17:00,Leandro N. Alem,Luján,2,0,,,Primera C,2022,zonas,Torneo Apertura,Fecha 4,Leandro N. Alem,false,https://es.wikipedia.org/wiki/Campeonato_de_Primera_C_2022_(Argentina)
2022-03-06,17:00,Newell's Old Boys,Atlético Tucumán,4,0,,,Copa de la Liga,2022,zonas,Zona A,Fecha 5,Marcelo Bielsa,false,https://es.wikipedia.org/wiki/Copa_de_la_Liga_Profesional_2022
2022-03-06,17:00,San Martín (B),Puerto Nuevo,1,0,,,Primera C,2022,zonas,Torneo Apertura,Fecha 4,Francisco Boga,false,https://es.wikipedia.org/wiki/Campeonato_de_Primera_C_2022_(Argentina)
2022-03-06,17:00,Sportivo Italiano,Victoriano Arenas,3,0,,,Primera C,2022,zonas,Torneo Apertura,Fecha 4,República de Italia,false,https://es.wikipedia.org/wiki/Campeonato_de_Primera_C_2022_(Argentina)
2022-03-06,19:00,Ferrocarril Midland,Excursionistas,4,0,,,Primera C,2022,zonas,Torneo Apertura,Fecha 4,Ciudad de Libertad,false,https://es.wikipedia.org/wiki/Campeonato_de_Primera_C_2022_(Argentina)
2022-03-06,19:15,Boca Juniors,Huracán,0,1,,,Copa de la Liga,2022,zonas,Zona B,Fecha 5,La Bombonera,false,https://es.wikipedia.org/wiki/Copa_de_la_Liga_Profesional_2022
2022-03-06,21:30,Vélez Sarsfield,Estudiantes (LP),1,1,,,Copa de la Liga,2022,zonas,Zona B,Fecha 5,José Amalfitani,false,https://es.wikipedia.org/wiki/Copa_de_la_Liga_Profesional_2022
2022-03-07,17:00,Central Córdoba (R),Claypole,0,0,,,Primera C,2022,zonas,Torneo Apertura,Fecha 4,Gabino Sosa,false,https://es.wikipedia.org/wiki/Campeonato_de_Primera_C_2022_(Argentina)
2022-03-07,17:00,Deportivo Español,Atlas,0,0,,,Primera C,2022,zonas,Torneo Apertura,Fecha 4,Nueva España,false,https://es.wikipedia.org/wiki/Campeonato_de_Primera_C_2022_(Argentina)
2022-03-07,17:00,General Lamadrid,Berazategui,0,3,,,Primera C,2022,zonas,Torneo Apertura,Fecha 4,Enrique Sexto,false,https://es.wikipedia.org/wiki/Campeonato_de_Primera_C_2022_(Argentina)
2022-03-07,17:00,Godoy Cruz,Independiente,3,3,,,Copa de la Liga,2022,zonas,Zona B,Fecha 5,Malvinas Argentinas,false,https://es.wikipedia.org/wiki/Copa_de_la_Liga_Profesional_2022
2022-03-07,19:15,Arsenal,Lanús,2,2,,,Copa de la Liga,2022,zonas,Zona B,Fecha 5,El Viaducto,false,https://es.wikipedia.org/wiki/Copa_de_la_Liga_Profesional_2022
2022-03-07,21:30,Tigre,Colón,1,0,,,Copa de la Liga,2022,zonas,Zona B,Fecha 5,Coliseo de Victoria,false,https://es.wikipedia.org/wiki/Copa_de_la_Liga_Profesional_2022
2022-03-08,21:10,Ituzaingó,Villa San Carlos,2,0,,,Primera B,2022,zonas,Torneo Apertura,Fecha 4,Carlos Alberto Sacaan,false,https://es.wikipedia.org/wiki/Campeonato_de_Primera_B_2022_(Argentina)
2022-03-09,,Argentinos Juniors,Olimpo,2,0,,,Copa Argentina,2022,eliminacion,,Treintaidosavos,Marcelo Bielsa,true,https://es.wikipedia.org/wiki/Copa_Argentina_2022
2022-03-09,,River Plate,Deportivo Laferrere,5,0,,,Copa Argentina,2022,eliminacion,,Treintaidosavos,Padre Ernesto Martearena,true,https://es.wikipedia.org/wiki/Copa_Argentina_2022
2022-03-11,19:15,Arsenal,Vélez Sarsfield,0,0,,,Copa de la Liga,2022,zonas,Zona B,Fecha 6,El Viaducto,false,https://es.wikipedia.org/wiki/Copa_de_la_Liga_Profesional_2022
2022-03-11,21:30,Platense,Patronato,1,2,,,Copa de la Liga,2022,zonas,Zona A,Fecha 6,Ciudad de Vicente López,false,https://es.wikipedia.org/wiki/Copa_de_la_Liga_Profesional_2022
2022-03-12,17:00,Acassuso,J. J. de Urquiza,1,2,,,Primera B,2022,zonas,Torneo Apertura,Fecha 5,Armenia,false,https://es.wikipedia.org/wiki/Campeonato_de_Primera_B_2022_(Argentina)
2022-03-12,17:00,Aldosivi,Tigre,1,0,,,Copa de la Liga,2022,zonas,Zona B,Fecha 6,José María Minella,false,https://es.wikipedia.org/wiki/Copa_de_la_Liga_Profesional_2022
2022-03-12,17:00,Atlas,Ferrocarril Midland,3,2,,,Primera C,2022,zonas,Torneo Apertura,Fecha 5,Ricardo Puga,false,https://es.wikipedia.org/wiki/Campeonato_de_Primera_C_2022_(Argentina)
2022-03-12,17:00,Colegiales,Cañuelas,1,0,,,Primera B,2022,zonas,Torneo Apertura,Fecha 5,Colegiales,false,https://es.wikipedia.org/wiki/Campeonato_de_Primera_B_2022_(Argentina)
2022-03-12,17:00,Defensores Unidos,Ituzaingó,1,1,,,Primera B,2022,zonas,Torneo Apertura,Fecha 5,Gigante de Villa Fox,false,https://es.wikipedia.org/wiki/Campeonato_de_Primera_B_2022_(Argentina)
2022-03-12,17:00,Deportivo Merlo,Comunicaciones,0,1,,,Primera B,2022,zonas,Torneo Apertura,Fecha 5,José Manuel Moreno,false,https://es.wikipedia.org/wiki/Campeonato_de_Primera_B_2022_(Argentina)
2022-03-12,17:00,Dock Sud,Deportivo Armenio,0,0,,,Primera B,2022,zonas,Torneo Apertura,Fecha 5,De los Inmigrantes,false,https://es.wikipedia.org/wiki/Campeonato_de_Primera_B_2022_(Argentina)
2022-03-12,17:00,Excursionistas,Liniers,1,1,,,Primera C,2022,zonas,Torneo Apertura,Fecha 5,Excursionistas,false,https://es.wikipedia.org/wiki/Campeonato_de_Primera_C_2022_(Argentina)
2022-03-12,17:00,Huracán,Godoy Cruz,1,3,,,Copa de la Liga,2022,zonas,Zona B,Fecha 6,Tomás Aldolfo Ducó,false,https://es.wikipedia.org/wiki/Copa_de_la_Liga_Profesional_2022
2022-03-12,17:00,UAI Urquiza,San Miguel,2,0,,,Primera B,2022,zonas,Torneo Apertura,Fecha 5,Monumental de Villa Lynch,false,https://es.wikipedia.org/wiki/Campeonato_de_Primera_B_2022_(Argentina)
2022-03-12,17:00,Villa San Carlos,Fénix,0,0,,,Primera B,2022,zonas,Torneo Apertura,Fecha 5,Genacio Sálice,false,https://es.wikipedia.org/wiki/Campeonato_de_Primera_B_2022_(Argentina)
2022-03-12,17:05,Talleres (RdE),Los Andes,0,0,,,Primera B,2022,zonas,Torneo Apertura,Fecha 5,Pablo Comelli,false,https://es.wikipedia.org/wiki/Campeonato_de_Primera_B_2022_(Argentina)
2022-03-12,19:15,Rosario Central,Barracas Central,1,3,,,Copa de la Liga,2022,zonas,Zona B,Fecha 6,Gigante de Arroyito,false,https://es.wikipedia.org/wiki/Copa_de_la_Liga_Profesional_2022
2022-03-12,19:15,Sarmiento (J),Newell's Old Boys,2,2,,,Copa de la Liga,2022,zonas,Zona A,Fecha 6,Eva Perón,false,https://es.wikipedia.org/wiki/Copa_de_la_Liga_Profesional_2022
2022-03-12,21:30,Talleres (C),San Lorenzo,0,1,,,Copa de la Liga,2022,zonas,Zona A,Fecha 6,Mario Alberto Kempes,false,https://es.wikipedia.org/wiki/Copa_de_la_Liga_Profesional_2022
2022-03-13,17:00,Argentino de Merlo,San Martín (B),1,1,,,Primera C,2022,zonas,Torneo Apertura,Fecha 5,Merlo,false,https://es.wikipedia.org/wiki/Campeonato_de_Primera_C_2022_(Argentina)
2022-03-13,17:00,Berazategui,Real Pilar,1,0,,,Primera C,2022,zonas,Torneo Apertura,Fecha 5,Norman Lee,false,https://es.wikipedia.org/wiki/Campeonato_de_Primera_C_2022_(Argentina)
2022-03-13,17:00,Claypole,Deportivo Español,1,2,,,Primera C,2022,zonas,Torneo Apertura,Fecha 5,Rodolfo Capocasa,false,https://es.wikipedia.org/wiki/Campeonato_de_Primera_C_2022_(Argentina)
2022-03-13,17:00,Deportivo Laferrere,Leandro N. Alem,1,0,,,Primera C,2022,zonas,Torneo Apertura,Fecha 5,Ciudad de Laferrere,false,https://es.wikipedia.org/wiki/Campeonato_de_Primera_C_2022_(Argentina)
2022-03-13,17:00,Lanús,Colón,1,1,,,Copa de la Liga,2022,zonas,Zona B,Fecha 6,Ciudad de Lanús,false,https://es.wikipedia.org/wiki/Copa_de_la_Liga_Profesional_2022
2022-03-13,17:00,Luján,Sportivo Italiano,0,0,,,Primera C,2022,zonas,Torneo Apertura,Fecha 5,Municipal de la Ciudad de Luján,false,https://es.wikipedia.org/wiki/Campeonato_de_Primera_C_2022_(Argentina)
2022-03-13,17:00,Puerto Nuevo,El Porvenir,2,1,,,Primera C,2022,zonas,Torneo Apertura,Fecha 5,Rubén Carlos Vallejos,false,https://es.wikipedia.org/wiki/Campeonato_de_Primera_C_2022_(Argentina)
2022-03-13,17:00,Unión,Banfield,2,1,,,Copa de la Liga,2022,zonas,Zona A,Fecha 6,15 de Abril,false,https://es.wikipedia.org/wiki/Copa_de_la_Liga_Profesional_2022
2022-03-13,17:00,Victoriano Arenas,Central Córdoba (R),2,0,,,Primera C,2022,zonas,Torneo Apertura,Fecha 5,Saturnino Moure,false,https://es.wikipedia.org/wiki/Campeonato_de_Primera_C_2022_(Argentina)
2022-03-13,19:15,River Plate,Gimnasia y Esgrima (LP),4,0,,,Copa de la Liga,2022,zonas,Zona A,Fecha 6,Monumental,false,https://es.wikipedia.org/wiki/Copa_de_la_Liga_Profesional_2022
2022-03-13,21:30,Estudiantes (LP),Boca Juniors,0,1,,,Copa de la Liga,2022,zonas,Zona B,Fecha 6,Jorge Luis Hirschi,false,https://es.wikipedia.org/wiki/Copa_de_la_Liga_Profesional_2022
2022-03-14,19:15,Atlético Tucumán,Racing Club,0,4,,,Copa de la Liga,2022,zonas,Zona A,Fecha 6,Monumental José Fierro,false,https://es.wikipedia.org/wiki/Copa_de_la_Liga_Profesional_2022
2022-03-14,21:30,Argentinos Juniors,Defensa y Justicia,0,1,,,Copa de la Liga,2022,zonas,Zona A,Fecha 6,Diego Armando Maradona,false,https://es.wikipedia.org/wiki/Copa_de_la_Liga_Profesional_2022
2022-03-14,21:30,Independiente,Central Córdoba (SdE),1,1,,,Copa de la Liga,2022,zonas,Zona B,Fecha 6,Libertadores de América Ricardo Bochini,false,https://es.wikipedia.org/wiki/Copa_de_la_Liga_Profesional_2022
2022-03-15,,Arsenal,Chaco For Ever,0,0,4,5,Copa Argentina,2022,eliminacion,,Treintaidosavos,15 de abril,true,https://es.wikipedia.org/wiki/Copa_Argentina_2022
2022-03-16,,Talleres (C),Güemes (SdE),4,0,,,Copa Argentina,2022,eliminacion,,Treintaidosavos,Padre Ernesto Martearena,true,https://es.wikipedia.org/wiki/Copa_Argentina_2022
2022-03-18,15:30,Fénix,Defensores Unidos,1,1,,,Primera B,2022,zonas,Torneo Apertura,Fecha 6,José Manuel Moreno,false,https://es.wikipedia.org/wiki/Campeonato_de_Primera_B_2022_(Argentina)
2022-03-18,16:00,Aldosivi,Patronato,3,1,,,Copa de la Liga,2022,zonas,Interzonal,Fecha 7,José María Minella,false,https://es.wikipedia.org/wiki/Copa_de_la_Liga_Profesional_2022
2022-03-18,16:00,Comunicaciones,Colegiales,1,1,,,Primera B,2022,zonas,Torneo Apertura,Fecha 6,Alfredo Ramos,false,https://es.wikipedia.org/wiki/Campeonato_de_Primera_B_2022_(Argentina)
2022-03-18,19:15,Tigre,Platense,4,0,,,Copa de la Liga,2022,zonas,Interzonal,Fecha 7,Coliseo de Victoria,false,https://es.wikipedia.org/wiki/Copa_de_la_Liga_Profesional_2022
2022-03-18,21:30,Barracas Central,Sarmiento (J),2,1,,,Copa de la Liga,2022,zonas,Interzonal,Fecha 7,Tomás Adolfo Ducó,false,https://es.wikipedia.org/wiki/Copa_de_la_Liga_Profesional_2022
2022-03-19,14:00,Lanús,Banfield,0,1,,,Copa de la Liga,2022,zonas,Interzonal,Fecha 7,Ciudad de Lanús,false,https://es.wikipedia.org/wiki/Copa_de_la_Liga_Profesional_2022
2022-03-19,15:30,Cañuelas,Acassuso,1,1,,,Primera B,2022,zonas,Torneo Apertura,Fecha 6,Jorge Alfredo Arín,false,https://es.wikipedia.org/wiki/Campeonato_de_Primera_B_2022_(Argentina)
2022-03-19,15:30,Central Córdoba (R),Luján,3,1,,,Primera C,2022,zonas,Torneo Apertura,Fecha 6,Gabino Sosa,false,https://es.wikipedia.org/wiki/Campeonato_de_Primera_C_2022_(Argentina)
2022-03-19,15:30,Deportivo Armenio,UAI Urquiza,3,0,,,Primera B,2022,zonas,Torneo Apertura,Fecha 6,Armenia,false,https://es.wikipedia.org/wiki/Campeonato_de_Primera_B_2022_(Argentina)
2022-03-19,15:30,Sportivo Italiano,Deportivo Laferrere,0,0,,,Primera C,2022,zonas,Torneo Apertura,Fecha 6,República de Italia,false,https://es.wikipedia.org/wiki/Campeonato_de_Primera_C_2022_(Argentina)
2022-03-19,16:15,San Lorenzo,Huracán,0,0,,,Copa de la Liga,2022,zonas,Interzonal,Fecha 7,Nuevo Gasómetro,false,https://es.wikipedia.org/wiki/Copa_de_la_Liga_Profesional_2022
2022-03-19,18:30,Colón,Unión,0,0,,,Copa de la Liga,2022,zonas,Interzonal,Fecha 7,Brigadier General Estanislao López,false,https://es.wikipedia.org/wiki/Copa_de_la_Liga_Profesional_2022
2022-03-19,20:00,Real Pilar,General Lamadrid,2,1,,,Primera C,2022,zonas,Torneo Apertura,Fecha 6,Carlos Barraza,false,https://es.wikipedia.org/wiki/Campeonato_de_Primera_C_2022_(Argentina)
2022-03-19,20:45,Independiente,Racing Club,1,2,,,Copa de la Liga,2022,zonas,Interzonal,Fecha 7,Libertadores de América Ricardo Bochini,false,https://es.wikipedia.org/wiki/Copa_de_la_Liga_Profesional_2022
2022-03-20,14:00,Rosario Central,Newell's Old Boys,0,1,,,Copa de la Liga,2022,zonas,Interzonal,Fecha 7,Gigante de Arroyito,false,https://es.wikipedia.org/wiki/Copa_de_la_Liga_Profesional_2022
2022-03-20,15:30,El Porvenir,Argentino de Merlo,1,2,,,Primera C,2022,zonas,Torneo Apertura,Fecha 6,Gildo Francisco Ghersinich,false,https://es.wikipedia.org/wiki/Campeonato_de_Primera_C_2022_(Argentina)
2022-03-20,15:30,Ferrocarril Midland,Claypole,2,0,,,Primera C,2022,zonas,Torneo Apertura,Fecha 6,Ciudad de Libertad,false,https://es.wikipedia.org/wiki/Campeonato_de_Primera_C_2022_(Argentina)
2022-03-20,15:30,Ituzaingó,Talleres (RdE),1,0,,,Primera B,2022,zonas,Torneo Apertura,Fecha 6,Carlos Alberto Sacaan,false,https://es.wikipedia.org/wiki/Campeonato_de_Primera_B_2022_(Argentina)
2022-03-20,15:30,J. J. de Urquiza,Argentino de Quilmes,0,0,,,Primera B,2022,zonas,Torneo Apertura,Fecha 6,Ramón Roque Martín,false,https://es.wikipedia.org/wiki/Campeonato_de_Primera_B_2022_(Argentina)
2022-03-20,15:30,Leandro N. Alem,Puerto Nuevo,1,1,,,Primera C,2022,zonas,Torneo Apertura,Fecha 6,Leandro N. Alem,false,https://es.wikipedia.org/wiki/Campeonato_de_Primera_C_2022_(Argentina)
2022-03-20,15:30,Liniers,Atlas,2,1,,,Primera C,2022,zonas,Torneo Apertura,Fecha 6,Juan Antonio Arias,false,https://es.wikipedia.org/wiki/Campeonato_de_Primera_C_2022_(Argentina)
2022-03-20,15:30,San Martín (B),Berazategui,1,1,,,Primera C,2022,zonas,Torneo Apertura,Fecha 6,Francisco Boga,false,https://es.wikipedia.org/wiki/Campeonato_de_Primera_C_2022_(Argentina)
2022-03-20,15:30,San Miguel,Villa San Carlos,2,1,,,Primera B,2022,zonas,Torneo Apertura,Fecha 6,Malvinas Argentinas,false,https://es.wikipedia.org/wiki/Campeonato_de_Primera_B_2022_(Argentina)
2022-03-20,16:15,Gimnasia y Esgrima (LP),Estudiantes (LP),1,1,,,Copa de la Liga,2022,zonas,Interzonal,Fecha 7,Del Bosque,false,https://es.wikipedia.org/wiki/Copa_de_la_Liga_Profesional_2022
2022-03-20,19:00,River Plate,Boca Juniors,0,1,,,Copa de la Liga,2022,zonas,Interzonal,Fecha 7,Monumental,false,https://es.wikipedia.org/wiki/Copa_de_la_Liga_Profesional_2022
2022-03-21,15:30,Deportivo Español,Victoriano Arenas,2,0,,,Primera C,2022,zonas,Torneo Apertura,Fecha 6,Nueva España,false,https://es.wikipedia.org/wiki/Campeonato_de_Primera_C_2022_(Argentina)
2022-03-21,15:30,Los Andes,Deportivo Merlo,1,1,,,Primera B,2022,zonas,Torneo Apertura,Fecha 6,Eduardo Gallardón,false,https://es.wikipedia.org/wiki/Campeonato_de_Primera_B_2022_(Argentina)
2022-03-21,19:15,Defensa y Justicia,Arsenal,1,1,,,Copa de la Liga,2022,zonas,Interzonal,Fecha 7,Norberto Tomaghello,false,https://es.wikipedia.org/wiki/Copa_de_la_Liga_Profesional_2022
2022-03-21,21:30,Argentinos Juniors,Vélez Sarsfield,1,0,,,Copa de la Liga,2022,zonas,Interzonal,Fecha 7,Diego Armando Maradona,false,https://es.wikipedia.org/wiki/Copa_de_la_Liga_Profesional_2022
2022-03-22,19:15,Atlético Tucumán,Central Córdoba (SdE),0,1,,,Copa de la Liga,2022,zonas,Interzonal,Fecha 7,Monumental José Fierro,false,https://es.wikipedia.org/wiki/Copa_de_la_Liga_Profesional_2022
2022-03-22,21:30,Talleres (C),Godoy Cruz,2,1,,,Copa de la Liga,2022,zonas,Interzonal,Fecha 7,Mario Alberto Kempes,false,https://es.wikipedia.org/wiki/Copa_de_la_Liga_Profesional_2022
2022-03-23,,Unión,Sportivo Las Parejas,1,1,4,3,Copa Argentina,2022,eliminacion,,Treintaidosavos,Marcelo Bielsa,true,https://es.wikipedia.org/wiki/Copa_Argentina_2022
2022-03-25,,Estudiantes (LP),Puerto Nuevo,2,1,,,Copa Argentina,2022,eliminacion,,Treintaidosavos,Julio César Villagra,true,https://es.wikipedia.org/wiki/Copa_Argentina_2022
2022-03-26,,Independiente,Central Norte (S),1,1,4,3,Copa Argentina,2022,eliminacion,,Treintaidosavos,Mario Alberto Kempes,true,https://es.wikipedia.org/wiki/Copa_Argentina_2022
2022-03-26,14:05,Acassuso,Comunicaciones,1,1,,,Primera B,2022,zonas,Torneo Apertura,Fecha 7,Armenia,false,https://es.wikipedia.org/wiki/Campeonato_de_Primera_B_2022_(Argentina)
2022-03-26,14:30,Deportivo Merlo,Ituzaingó,0,1,,,Primera B,2022,zonas,Torneo Apertura,Fecha 7,José Manuel Moreno,false,https://es.wikipedia.org/wiki/Campeonato_de_Primera_B_2022_(Argentina)
2022-03-26,15:30,Argentino de Quilmes,Cañuelas,0,1,,,Primera B,2022,zonas,Torneo Apertura,Fecha 7,Argentino de Quilmes,false,https://es.wikipedia.org/wiki/Campeonato_de_Primera_B_2022_(Argentina)
2022-03-26,15:30,Colegiales,Los Andes,2,0,,,Primera B,2022,zonas,Torneo Apertura,Fecha 7,Colegiales,false,https://es.wikipedia.org/wiki/Campeonato_de_Primera_B_2022_(Argentina)
2022-03-26,15:30,Defensores Unidos,San Miguel,2,1,,,Primera B,2022,zonas,Torneo Apertura,Fecha 7,Gigante de Villa Fox,false,https://es.wikipedia.org/wiki/Campeonato_de_Primera_B_2022_(Argentina)
2022-03-26,15:30,General Lamadrid,San Martín (B),2,1,,,Primera C,2022,zonas,Torneo Apertura,Fecha 7,Enrique Sexto,false,https://es.wikipedia.org/wiki/Campeonato_de_Primera_C_2022_(Argentina)
2022-03-26,15:30,Talleres (RdE),Fénix,2,0,,,Primera B,2022,zonas,Torneo Apertura,Fecha 7,Pablo Comelli,false,https://es.wikipedia.org/wiki/Campeonato_de_Primera_B_2022_(Argentina)
2022-03-26,15:30,UAI Urquiza,Dock Sud,3,2,,,Primera B,2022,zonas,Torneo Apertura,Fecha 7,Monumental de Villa Lynch,false,https://es.wikipedia.org/wiki/Campeonato_de_Primera_B_2022_(Argentina)
2022-03-26,15:30,Villa San Carlos,Deportivo Armenio,0,0,,,Primera B,2022,zonas,Torneo Apertura,Fecha 7,Genacio Sálice,false,https://es.wikipedia.org/wiki/Campeonato_de_Primera_B_2022_(Argentina)
2022-03-26,16:00,Deportivo Camioneros,Juventud Unida Universitario,0,0,,,Torneo Federal A,2022,zonas,Zona Sur,Fecha 1,Hugo Moyano,false,https://es.wikipedia.org/wiki/Torneo_Federal_A_2022
2022-03-26,16:00,Olimpo,Círculo Deportivo,3,2,,,Torneo Federal A,2022,zonas,Zona Sur,Fecha 1,Roberto N. Carminatti,false,https://es.wikipedia.org/wiki/Torneo_Federal_A_2022
2022-03-26,19:30,Sarmiento (R),Unión (S),2,0,,,Torneo Federal A,2022,zonas,Zona Norte,Fecha 1,Centenario,false,https://es.wikipedia.org/wiki/Torneo_Federal_A_2022
2022-03-27,,Racing Club,Gimnasia y Tiro (S),3,1,,,Copa Argentina,2022,eliminacion,,Treintaidosavos,Único Madre de Ciudades,true,https://es.wikipedia.org/wiki/Copa_Argentina_2022
2022-03-27,15:15,Douglas Haig,Defensores de Pronunciamiento,2,0,,,Torneo Federal A,2022,zonas,Zona Norte,Fecha 1,Miguel Morales,false,https://es.wikipedia.org/wiki/Torneo_Federal_A_2022
2022-03-27,15:30,Argentino de Merlo,Leandro N. Alem,0,1,,,Primera C,2022,zonas,Torneo Apertura,Fecha 7,Merlo,false,https://es.wikipedia.org/wiki/Campeonato_de_Primera_C_2022_(Argentina)
2022-03-27,15:30,Atlas,Excursionistas,1,2,,,Primera C,2022,zonas,Torneo Apertura,Fecha 7,Ricardo Puga,false,https://es.wikipedia.org/wiki/Campeonato_de_Primera_C_2022_(Argentina)
2022-03-27,15:30,Berazategui,El Porvenir,1,0,,,Primera C,2022,zonas,Torneo Apertura,Fecha 7,Norman Lee,false,https://es.wikipedia.org/wiki/Campeonato_de_Primera_C_2022_(Argentina)
2022-03-27,15:30,Ciudad de Bolívar,Sansinena,1,0,,,Torneo Federal A,2022,zonas,Zona Sur,Fecha 1,Municipal Eva Perón,false,https://es.wikipedia.org/wiki/Torneo_Federal_A_2022
2022-03-27,15:30,Claypole,Liniers,2,1,,,Primera C,2022,zonas,Torneo Apertura,Fecha 7,Rodolfo Capocasa,false,https://es.wikipedia.org/wiki/Campeonato_de_Primera_C_2022_(Argentina)
2022-03-27,15:30,Deportivo Laferrere,Central Córdoba (R),1,1,,,Primera C,2022,zonas,Torneo Apertura,Fecha 7,Ciudad de Laferrere,false,https://es.wikipedia.org/wiki/Campeonato_de_Primera_C_2022_(Argentina)
2022-03-27,15:30,Juventud Unida (G),Crucero del Norte,0,1,,,Torneo Federal A,2022,zonas,Zona Norte,Fecha 1,De los Eucaliptos,false,https://es.wikipedia.org/wiki/Torneo_Federal_A_2022
2022-03-27,15:30,Luján,Deportivo Español,2,2,,,Primera C,2022,zonas,Torneo Apertura,Fecha 7,Municipal de la Ciudad de Luján,false,https://es.wikipedia.org/wiki/Campeonato_de_Primera_C_2022_(Argentina)
2022-03-27,15:30,Victoriano Arenas,Ferrocarril Midland,2,3,,,Primera C,2022,zonas,Torneo Apertura,Fecha 7,Saturnino Moure,false,https://es.wikipedia.org/wiki/Campeonato_de_Primera_C_2022_(Argentina)
2022-03-27,16:00,Independiente (C),Argentino (MM),1,1,,,Torneo Federal A,2022,zonas,Zona Sur,Fecha 1,Raúl Orlando Lungarzo,false,https://es.wikipedia.org/wiki/Torneo_Federal_A_2022
2022-03-27,16:30,Boca Unidos,Juventud Antoniana,0,0,,,Torneo Federal A,2022,zonas,Zona Norte,Fecha 1,Leoncio Benítez,false,https://es.wikipedia.org/wiki/Torneo_Federal_A_2022
2022-03-27,16:30,Defensores de Belgrano (VR),San Martín (F),1,2,,,Torneo Federal A,2022,zonas,Zona Norte,Fecha 1,Salomón Boeseldín,false,https://es.wikipedia.org/wiki/Torneo_Federal_A_2022
2022-03-27,16:30,Racing Club,Atlético Paraná,2,0,,,Torneo Federal A,2022,zonas,Zona Norte,Fecha 1,Miguel Sancho,false,https://es.wikipedia.org/wiki/Torneo_Federal_A_2022
2022-03-27,16:30,Villa Mitre,Huracán Las Heras,2,0,,,Torneo Federal A,2022,zonas,Zona Sur,Fecha 1,El Fortín,false,https://es.wikipedia.org/wiki/Torneo_Federal_A_2022
2022-03-27,17:00,Desamparados,Ferro Carril Oeste (GP),0,1,,,Torneo Federal A,2022,zonas,Zona Sur,Fecha 1,El Serpentario,false,https://es.wikipedia.org/wiki/Torneo_Federal_A_2022
2022-03-27,17:00,Gimnasia y Esgrima (CdU),Sportivo Las Parejas,2,1,,,Torneo Federal A,2022,zonas,Zona Norte,Fecha 1,Manuel y Ramón Núñez,false,https://es.wikipedia.org/wiki/Torneo_Federal_A_2022
2022-03-27,17:00,Sportivo Estudiantes (SL),Liniers (BB),1,1,,,Torneo Federal A,2022,zonas,Zona Sur,Fecha 1,Héctor Odicino y Pedro Benoza,false,https://es.wikipedia.org/wiki/Torneo_Federal_A_2022
2022-03-27,18:00,Cipolletti,Sportivo Peñarol (C),1,1,,,Torneo Federal A,2022,zonas,Zona Sur,Fecha 1,La Visera de Cemento,false,https://es.wikipedia.org/wiki/Torneo_Federal_A_2022
2022-03-29,15:30,Puerto Nuevo,Sportivo Italiano,1,3,,,Primera C,2022,zonas,Torneo Apertura,Fecha 7,Rubén Carlos Vallejos,false,https://es.wikipedia.org/wiki/Campeonato_de_Primera_C_2022_(Argentina)
2022-03-30,,Defensa y Justicia,Sacachispas,4,1,,,Copa Argentina,2022,eliminacion,,Treintaidosavos,Julio César Villagra,true,https://es.wikipedia.org/wiki/Copa_Argentina_2022
2022-03-30,21:00,Sportivo Belgrano,Gimnasia y Tiro (S),0,1,,,Torneo Federal A,2022,zonas,Zona Norte,Fecha 1,Oscar Carlos Boero,false,https://es.wikipedia.org/wiki/Torneo_Federal_A_2022
2022-03-31,21:30,Colón,Aldosivi,1,3,,,Copa de la Liga,2022,zonas,Zona B,Fecha 8,Brigadier General Estanislao López,false,https://es.wikipedia.org/wiki/Copa_de_la_Liga_Profesional_2022
2022-04-01,15:30,Fénix,Deportivo Merlo,3,0,,,Primera B,2022,zonas,Torneo Apertura,Fecha 8,José Manuel Moreno,false,https://es.wikipedia.org/wiki/Campeonato_de_Primera_B_2022_(Argentina)
2022-04-01,16:30,Gimnasia y Esgrima (LP),Talleres (C),2,1,,,Copa de la Liga,2022,zonas,Zona A,Fecha 8,Del Bosque,false,https://es.wikipedia.org/wiki/Copa_de_la_Liga_Profesional_2022
2022-04-01,19:00,Central Córdoba (SdE),Huracán,2,2,,,Copa de la Liga,2022,zonas,Zona B,Fecha 8,Único Madre de Ciudades,false,https://es.wikipedia.org/wiki/Copa_de_la_Liga_Profesional_2022
2022-04-01,19:00,Patronato,Unión,2,1,,,Copa de la Liga,2022,zonas,Zona A,Fecha 8,Presbítero Bartolomé Grella,false,https://es.wikipedia.org/wiki/Copa_de_la_Liga_Profesional_2022
2022-04-01,20:30,Ituzaingó,Colegiales,1,3,,,Primera B,2022,zonas,Torneo Apertura,Fecha 8,Carlos Alberto Sacaan,false,https://es.wikipedia.org/wiki/Campeonato_de_Primera_B_2022_(Argentina)
2022-04-01,21:30,Banfield,Argentinos Juniors,0,2,,,Copa de la Liga,2022,zonas,Zona A,Fecha 8,Florencio Sola,false,https://es.wikipedia.org/wiki/Copa_de_la_Liga_Profesional_2022
2022-04-01,21:30,Barracas Central,Independiente,0,1,,,Copa de la Liga,2022,zonas,Zona B,Fecha 8,Tomás Adolfo Ducó,false,https://es.wikipedia.org/wiki/Copa_de_la_Liga_Profesional_2022
2022-04-02,14:00,Racing Club,Sarmiento (J),4,1,,,Copa de la Liga,2022,zonas,Zona A,Fecha 8,El Cilindro,false,https://es.wikipedia.org/wiki/Copa_de_la_Liga_Profesional_2022
2022-04-02,15:30,Cañuelas,J. J. de Urquiza,0,2,,,Primera B,2022,zonas,Torneo Apertura,Fecha 8,Jorge Alfredo Arín,false,https://es.wikipedia.org/wiki/Campeonato_de_Primera_B_2022_(Argentina)
2022-04-02,15:30,Central Córdoba (R),Puerto Nuevo,6,2,,,Primera C,2022,zonas,Torneo Apertura,Fecha 8,Gabino Sosa,false,https://es.wikipedia.org/wiki/Campeonato_de_Primera_C_2022_(Argentina)
2022-04-02,15:30,Comunicaciones,Argentino de Quilmes,3,0,,,Primera B,2022,zonas,Torneo Apertura,Fecha 8,Alfredo Ramos,false,https://es.wikipedia.org/wiki/Campeonato_de_Primera_B_2022_(Argentina)
2022-04-02,15:30,Deportivo Armenio,Defensores Unidos,3,1,,,Primera B,2022,zonas,Torneo Apertura,Fecha 8,Armenia,false,https://es.wikipedia.org/wiki/Campeonato_de_Primera_B_2022_(Argentina)
2022-04-02,15:30,Los Andes,Acassuso,0,0,,,Primera B,2022,zonas,Torneo Apertura,Fecha 8,Eduardo Gallardón,false,https://es.wikipedia.org/wiki/Campeonato_de_Primera_B_2022_(Argentina)
2022-04-02,15:30,San Miguel,Talleres (RdE),0,1,,,Primera B,2022,zonas,Torneo Apertura,Fecha 8,Malvinas Argentinas,false,https://es.wikipedia.org/wiki/Campeonato_de_Primera_B_2022_(Argentina)
2022-04-02,16:30,Godoy Cruz,Estudiantes (LP),3,3,,,Copa de la Liga,2022,zonas,Zona B,Fecha 8,Malvinas Argentinas,false,https://es.wikipedia.org/wiki/Copa_de_la_Liga_Profesional_2022
2022-04-02,16:30,Sportivo Peñarol (C),Desamparados,2,2,,,Torneo Federal A,2022,zonas,Zona Sur,Fecha 2,Ramón Pablo Rojas,false,https://es.wikipedia.org/wiki/Torneo_Federal_A_2022
2022-04-02,16:30,Vélez Sarsfield,Lanús,3,1,,,Copa de la Liga,2022,zonas,Zona B,Fecha 8,José Amalfitani,false,https://es.wikipedia.org/wiki/Copa_de_la_Liga_Profesional_2022
2022-04-02,19:00,Defensa y Justicia,River Plate,1,2,,,Copa de la Liga,2022,zonas,Zona A,Fecha 8,Norberto Tomaghello,false,https://es.wikipedia.org/wiki/Copa_de_la_Liga_Profesional_2022
2022-04-02,21:30,Boca Juniors,Arsenal,2,2,,,Copa de la Liga,2022,zonas,Zona B,Fecha 8,La Bombonera,false,https://es.wikipedia.org/wiki/Copa_de_la_Liga_Profesional_2022
2022-04-03,15:05,Dock Sud,Villa San Carlos,3,1,,,Primera B,2022,zonas,Torneo Apertura,Fecha 8,De los Inmigrantes,false,https://es.wikipedia.org/wiki/Campeonato_de_Primera_B_2022_(Argentina)
2022-04-03,15:30,El Porvenir,General Lamadrid,0,2,,,Primera C,2022,zonas,Torneo Apertura,Fecha 8,Gildo Francisco Ghersinich,false,https://es.wikipedia.org/wiki/Campeonato_de_Primera_C_2022_(Argentina)
2022-04-03,15:30,Leandro N. Alem,Berazategui,0,1,,,Primera C,2022,zonas,Torneo Apertura,Fecha 8,Leandro N. Alem,false,https://es.wikipedia.org/wiki/Campeonato_de_Primera_C_2022_(Argentina)
2022-04-03,15:30,Liniers,Victoriano Arenas,3,1,,,Primera C,2022,zonas,Torneo Apertura,Fecha 8,Juan Antonio Arias,false,https://es.wikipedia.org/wiki/Campeonato_de_Primera_C_2022_(Argentina)
2022-04-03,15:30,San Martín (B),Real Pilar,0,1,,,Primera C,2022,zonas,Torneo Apertura,Fecha 8,Francisco Boga,false,https://es.wikipedia.org/wiki/Campeonato_de_Primera_C_2022_(Argentina)
2022-04-03,16:00,Círculo Deportivo,Independiente (C),2,2,,,Torneo Federal A,2022,zonas,Zona Sur,Fecha 2,Guillermo Trama,false,https://es.wikipedia.org/wiki/Torneo_Federal_A_2022
2022-04-03,16:00,Defensores de Pronunciamiento,Defensores de Belgrano (VR),1,1,,,Torneo Federal A,2022,zonas,Zona Norte,Fecha 2,Delio Cardozo,false,https://es.wikipedia.org/wiki/Torneo_Federal_A_2022
2022-04-03,16:00,Ferro Carril Oeste (GP),Deportivo Camioneros,0,0,,,Torneo Federal A,2022,zonas,Zona Sur,Fecha 2,El Coloso del Barrio Talleres,false,https://es.wikipedia.org/wiki/Torneo_Federal_A_2022
2022-04-03,16:00,Gimnasia y Tiro (S),Sarmiento (R),0,1,,,Torneo Federal A,2022,zonas,Zona Norte,Fecha 2,Gigante del Norte,false,https://es.wikipedia.org/wiki/Torneo_Federal_A_2022
2022-04-03,16:00,Sansinena,Villa Mitre,1,2,,,Torneo Federal A,2022,zonas,Zona Sur,Fecha 2,Luis Molina,false,https://es.wikipedia.org/wiki/Torneo_Federal_A_2022
2022-04-03,16:15,San Martín (F),Central Norte (S),2,2,,,Torneo Federal A,2022,zonas,Zona Norte,Fecha 2,17 de Octubre,false,https://es.wikipedia.org/wiki/Torneo_Federal_A_2022
2022-04-03,16:30,Argentino (MM),Sol de Mayo (V),0,0,,,Torneo Federal A,2022,zonas,Zona Sur,Fecha 2,Modesto Marrone,false,https://es.wikipedia.org/wiki/Torneo_Federal_A_2022
2022-04-03,16:30,Huracán Las Heras,Cipolletti,0,0,,,Torneo Federal A,2022,zonas,Zona Sur,Fecha 2,Predio de FADEP,false,https://es.wikipedia.org/wiki/Torneo_Federal_A_2022
2022-04-03,16:30,Juventud Antoniana,Juventud Unida (G),1,0,,,Torneo Federal A,2022,zonas,Zona Norte,Fecha 2,Padre Ernesto Martearena,false,https://es.wikipedia.org/wiki/Torneo_Federal_A_2022
2022-04-03,16:30,San Lorenzo,Atlético Tucumán,1,1,,,Copa de la Liga,2022,zonas,Zona A,Fecha 8,Nuevo Gasómetro,false,https://es.wikipedia.org/wiki/Copa_de_la_Liga_Profesional_2022
2022-04-03,16:45,Juventud Unida Universitario,Sportivo Estudiantes (SL),1,1,,,Torneo Federal A,2022,zonas,Zona Sur,Fecha 2,Mario Sebastián Diez,false,https://es.wikipedia.org/wiki/Torneo_Federal_A_2022
2022-04-03,17:00,Crucero del Norte,Gimnasia y Esgrima (CdU),2,0,,,Torneo Federal A,2022,zonas,Zona Norte,Fecha 2,Andrés Guacurarí,false,https://es.wikipedia.org/wiki/Torneo_Federal_A_2022
2022-04-03,17:00,Unión (S),Douglas Haig,1,2,,,Torneo Federal A,2022,zonas,Zona Norte,Fecha 2,De la Avenida,false,https://es.wikipedia.org/wiki/Torneo_Federal_A_2022
2022-04-03,18:00,Sportivo Las Parejas,Racing Club,0,0,,,Torneo Federal A,2022,zonas,Zona Norte,Fecha 2,4 de Septiembre,false,https://es.wikipedia.org/wiki/Torneo_Federal_A_2022
2022-04-03,19:00,Atlético Paraná,Sportivo Belgrano,0,1,,,Torneo Federal A,2022,zonas,Zona Norte,Fecha 2,Pedro Mutio,false,https://es.wikipedia.org/wiki/Torneo_Federal_A_2022
2022-04-03,19:00,Ferrocarril Midland,Luján,1,1,,,Primera C,2022,zonas,Torneo Apertura,Fecha 8,Ciudad de Libertad,false,https://es.wikipedia.org/wiki/Campeonato_de_Primera_C_2022_(Argentina)
2022-04-03,19:00,Newell's Old Boys,Platense,3,1,,,Copa de la Liga,2022,zonas,Zona A,Fecha 8,Marcelo Bielsa,false,https://es.wikipedia.org/wiki/Copa_de_la_Liga_Profesional_2022
2022-04-03,20:00,Liniers (BB),Olimpo,2,3,,,Torneo Federal A,2022,zonas,Zona Sur,Fecha 2,Alejandro Pérez,false,https://es.wikipedia.org/wiki/Torneo_Federal_A_2022
2022-04-03,21:30,Tigre,Rosario Central,2,0,,,Copa de la Liga,2022,zonas,Zona B,Fecha 8,Coliseo de Victoria,false,https://es.wikipedia.org/wiki/Copa_de_la_Liga_Profesional_2022
2022-04-04,15:30,Deportivo Español,Deportivo Laferrere,0,0,,,Primera C,2022,zonas,Torneo Apertura,Fecha 8,Nueva España,false,https://es.wikipedia.org/wiki/Campeonato_de_Primera_C_2022_(Argentina)
2022-04-04,15:30,Excursionistas,Claypole,2,0,,,Primera C,2022,zonas,Torneo Apertura,Fecha 8,Excursionistas,false,https://es.wikipedia.org/wiki/Campeonato_de_Primera_C_2022_(Argentina)
2022-04-04,15:30,Sportivo Italiano,Argentino de Merlo,0,0,,,Primera C,2022,zonas,Torneo Apertura,Fecha 8,República de Italia,false,https://es.wikipedia.org/wiki/Campeonato_de_Primera_C_2022_(Argentina)
2022-04-05,,Central Córdoba (SdE),Gimnasia y Esgrima (J),0,0,3,4,Copa Argentina,2022,eliminacion,,Treintaidosavos,Carlos Augusto Mercado Luna,true,https://es.wikipedia.org/wiki/Copa_Argentina_2022
2022-04-08,19:00,Arsenal,Godoy Cruz,3,3,,,Copa de la Liga,2022,zonas,Zona B,Fecha 9,El Viaducto,false,https://es.wikipedia.org/wiki/Copa_de_la_Liga_Profesional_2022
2022-04-08,19:00,Atlético Tucumán,Gimnasia y Esgrima (LP),1,2,,,Copa de la Liga,2022,zonas,Zona A,Fecha 9,Monumental José Fierro,false,https://es.wikipedia.org/wiki/Copa_de_la_Liga_Profesional_2022
2022-04-08,21:30,Rosario Central,Colón,2,2,,,Copa de la Liga,2022,zonas,Zona B,Fecha 9,Gigante de Arroyito,false,https://es.wikipedia.org/wiki/Copa_de_la_Liga_Profesional_2022
2022-04-08,21:30,Sarmiento (J),San Lorenzo,2,1,,,Copa de la Liga,2022,zonas,Zona A,Fecha 9,Eva Perón,false,https://es.wikipedia.org/wiki/Copa_de_la_Liga_Profesional_2022
2022-04-09,13:15,Defensores Unidos,Dock Sud,2,0,,,Primera B,2022,zonas,Torneo Apertura,Fecha 9,Gigante de Villa Fox,false,https://es.wikipedia.org/wiki/Campeonato_de_Primera_B_2022_(Argentina)
2022-04-09,14:00,Unión,Newell's Old Boys,1,0,,,Copa de la Liga,2022,zonas,Zona A,Fecha 9,15 de Abril,false,https://es.wikipedia.org/wiki/Copa_de_la_Liga_Profesional_2022
2022-04-09,15:30,Argentino de Quilmes,Los Andes,3,1,,,Primera B,2022,zonas,Torneo Apertura,Fecha 9,Argentino de Quilmes,false,https://es.wikipedia.org/wiki/Campeonato_de_Primera_B_2022_(Argentina)
2022-04-09,15:30,Colegiales,Fénix,0,1,,,Primera B,2022,zonas,Torneo Apertura,Fecha 9,Colegiales,false,https://es.wikipedia.org/wiki/Campeonato_de_Primera_B_2022_(Argentina)
2022-04-09,15:30,Deportivo Merlo,San Miguel,2,0,,,Primera B,2022,zonas,Torneo Apertura,Fecha 9,José Manuel Moreno,false,https://es.wikipedia.org/wiki/Campeonato_de_Primera_B_2022_(Argentina)
2022-04-09,15:30,Talleres (RdE),Deportivo Armenio,0,1,,,Primera B,2022,zonas,Torneo Apertura,Fecha 9,Pablo Comelli,false,https://es.wikipedia.org/wiki/Campeonato_de_Primera_B_2022_(Argentina)
2022-04-09,15:30,Villa San Carlos,UAI Urquiza,3,1,,,Primera B,2022,zonas,Torneo Apertura,Fecha 9,Genacio Sálice,false,https://es.wikipedia.org/wiki/Campeonato_de_Primera_B_2022_(Argentina)
2022-04-09,16:00,Deportivo Camioneros,Sportivo Peñarol (C),2,1,,,Torneo Federal A,2022,zonas,Zona Sur,Fecha 3,Hugo Moyano,false,https://es.wikipedia.org/wiki/Torneo_Federal_A_2022
2022-04-09,16:00,Sportivo Estudiantes (SL),Ferro Carril Oeste (GP),2,2,,,Torneo Federal A,2022,zonas,Zona Sur,Fecha 3,Héctor Odicino y Pedro Benoza,false,https://es.wikipedia.org/wiki/Torneo_Federal_A_2022
2022-04-09,16:30,Talleres (C),Defensa y Justicia,1,5,,,Copa de la Liga,2022,zonas,Zona A,Fecha 9,Mario Alberto Kempes,false,https://es.wikipedia.org/wiki/Copa_de_la_Liga_Profesional_2022
2022-04-09,19:00,Independiente,Tigre,1,1,,,Copa de la Liga,2022,zonas,Zona B,Fecha 9,Libertadores de América Ricardo Bochini,false,https://es.wikipedia.org/wiki/Copa_de_la_Liga_Profesional_2022
2022-04-09,19:00,Real Pilar,El Porvenir,3,0,,,Primera C,2022,zonas,Torneo Apertura,Fecha 9,Carlos Barraza,false,https://es.wikipedia.org/wiki/Campeonato_de_Primera_C_2022_(Argentina)
2022-04-09,19:30,Sarmiento (R),Atlético Paraná,0,0,,,Torneo Federal A,2022,zonas,Zona Norte,Fecha 3,Centenario,false,https://es.wikipedia.org/wiki/Torneo_Federal_A_2022
2022-04-09,19:30,Villa Mitre,Ciudad de Bolívar,2,1,,,Torneo Federal A,2022,zonas,Zona Sur,Fecha 3,El Fortín,false,https://es.wikipedia.org/wiki/Torneo_Federal_A_2022
2022-04-09,20:35,Racing Club,Crucero del Norte,4,1,,,Torneo Federal A,2022,zonas,Zona Norte,Fecha 3,Miguel Sancho,false,https://es.wikipedia.org/wiki/Torneo_Federal_A_2022
2022-04-09,21:30,Vélez Sarsfield,Boca Juniors,0,0,,,Copa de la Liga,2022,zonas,Zona B,Fecha 9,José Amalfitani,false,https://es.wikipedia.org/wiki/Copa_de_la_Liga_Profesional_2022
2022-04-10,14:00,Estudiantes (LP),Central Córdoba (SdE),5,0,,,Copa de la Liga,2022,zonas,Zona B,Fecha 9,Jorge Luis Hirschi,false,https://es.wikipedia.org/wiki/Copa_de_la_Liga_Profesional_2022
2022-04-10,14:00,Patronato,Banfield,0,1,,,Copa de la Liga,2022,zonas,Zona A,Fecha 9,Presbítero Bartolomé Grella,false,https://es.wikipedia.org/wiki/Copa_de_la_Liga_Profesional_2022
2022-04-10,15:15,Douglas Haig,Gimnasia y Tiro (S),4,0,,,Torneo Federal A,2022,zonas,Zona Norte,Fecha 3,Miguel Morales,false,https://es.wikipedia.org/wiki/Torneo_Federal_A_2022
2022-04-10,15:30,Berazategui,Sportivo Italiano,0,1,,,Primera C,2022,zonas,Torneo Apertura,Fecha 9,Norman Lee,false,https://es.wikipedia.org/wiki/Campeonato_de_Primera_C_2022_(Argentina)
2022-04-10,15:30,Claypole,Atlas,1,0,,,Primera C,2022,zonas,Torneo Apertura,Fecha 9,Rodolfo Capocasa,false,https://es.wikipedia.org/wiki/Campeonato_de_Primera_C_2022_(Argentina)
2022-04-10,15:30,General Lamadrid,Leandro N. Alem,0,1,,,Primera C,2022,zonas,Torneo Apertura,Fecha 9,Enrique Sexto,false,https://es.wikipedia.org/wiki/Campeonato_de_Primera_C_2022_(Argentina)
2022-04-10,15:30,Juventud Unida (G),Boca Unidos,1,2,,,Torneo Federal A,2022,zonas,Zona Norte,Fecha 3,De los Eucaliptos,false,https://es.wikipedia.org/wiki/Torneo_Federal_A_2022
2022-04-10,15:30,Luján,Liniers,1,0,,,Primera C,2022,zonas,Torneo Apertura,Fecha 9,Municipal de la Ciudad de Luján,false,https://es.wikipedia.org/wiki/Campeonato_de_Primera_C_2022_(Argentina)
2022-04-10,15:30,Puerto Nuevo,Deportivo Español,0,3,,,Primera C,2022,zonas,Torneo Apertura,Fecha 9,Rubén Carlos Vallejos,false,https://es.wikipedia.org/wiki/Campeonato_de_Primera_C_2022_(Argentina)
2022-04-10,15:30,Sol de Mayo (V),Círculo Deportivo,2,0,,,Torneo Federal A,2022,zonas,Zona Sur,Fecha 3,Sol de Mayo,false,https://es.wikipedia.org/wiki/Torneo_Federal_A_2022
2022-04-10,15:30,Victoriano Arenas,Excursionistas,0,1,,,Primera C,2022,zonas,Torneo Apertura,Fecha 9,Saturnino Moure,false,https://es.wikipedia.org/wiki/Campeonato_de_Primera_C_2022_(Argentina)
2022-04-10,16:00,Cipolletti,Sansinena,1,0,,,Torneo Federal A,2022,zonas,Zona Sur,Fecha 3,La Visera de Cemento,false,https://es.wikipedia.org/wiki/Torneo_Federal_A_2022
2022-04-10,16:00,Defensores de Belgrano (VR),Unión (S),0,0,,,Torneo Federal A,2022,zonas,Zona Norte,Fecha 3,Salomón Boeseldín,false,https://es.wikipedia.org/wiki/Torneo_Federal_A_2022
2022-04-10,16:00,Gimnasia y Esgrima (CdU),Juventud Antoniana,1,1,,,Torneo Federal A,2022,zonas,Zona Norte,Fecha 3,Manuel y Ramón Núñez,false,https://es.wikipedia.org/wiki/Torneo_Federal_A_2022
2022-04-10,16:00,Independiente (C),Liniers (BB),0,1,,,Torneo Federal A,2022,zonas,Zona Sur,Fecha 3,Raúl Orlando Lungarzo,false,https://es.wikipedia.org/wiki/Torneo_Federal_A_2022
2022-04-10,16:00,Olimpo,Juventud Unida Universitario,0,0,,,Torneo Federal A,2022,zonas,Zona Sur,Fecha 3,Roberto N. Carminatti,false,https://es.wikipedia.org/wiki/Torneo_Federal_A_2022
2022-04-10,16:30,Central Norte (S),Defensores de Pronunciamiento,1,0,,,Torneo Federal A,2022,zonas,Zona Norte,Fecha 3,Padre Ernesto Martearena,false,https://es.wikipedia.org/wiki/Torneo_Federal_A_2022
2022-04-10,16:30,Desamparados,Huracán Las Heras,0,0,,,Torneo Federal A,2022,zonas,Zona Sur,Fecha 3,Estadio Bicentenaro de San Juan,false,https://es.wikipedia.org/wiki/Torneo_Federal_A_2022
2022-04-10,16:30,Platense,Racing Club,0,1,,,Copa de la Liga,2022,zonas,Zona A,Fecha 9,Ciudad de Vicente López,false,https://es.wikipedia.org/wiki/Copa_de_la_Liga_Profesional_2022
2022-04-10,16:30,Sportivo Belgrano,Sportivo Las Parejas,2,2,,,Torneo Federal A,2022,zonas,Zona Norte,Fecha 3,Oscar Carlos Boero,false,https://es.wikipedia.org/wiki/Torneo_Federal_A_2022
2022-04-10,19:00,River Plate,Argentinos Juniors,4,2,,,Copa de la Liga,2022,zonas,Zona A,Fecha 9,Mâs Monumental,false,https://es.wikipedia.org/wiki/Copa_de_la_Liga_Profesional_2022
2022-04-11,15:05,Acassuso,Ituzaingó,2,2,,,Primera B,2022,zonas,Torneo Apertura,Fecha 9,Armenia,false,https://es.wikipedia.org/wiki/Campeonato_de_Primera_B_2022_(Argentina)
2022-04-11,15:30,Argentino de Merlo,Central Córdoba (R),1,0,,,Primera C,2022,zonas,Torneo Apertura,Fecha 9,Merlo,false,https://es.wikipedia.org/wiki/Campeonato_de_Primera_C_2022_(Argentina)
2022-04-11,15:30,J. J. de Urquiza,Comunicaciones,2,2,,,Primera B,2022,zonas,Torneo Apertura,Fecha 9,Ramón Roque Martín,false,https://es.wikipedia.org/wiki/Campeonato_de_Primera_B_2022_(Argentina)
2022-04-11,19:00,Deportivo Laferrere,Ferrocarril Midland,1,1,,,Primera C,2022,zonas,Torneo Apertura,Fecha 9,Ciudad de Laferrere,false,https://es.wikipedia.org/wiki/Campeonato_de_Primera_C_2022_(Argentina)
2022-04-11,19:00,Huracán,Barracas Central,1,2,,,Copa de la Liga,2022,zonas,Zona B,Fecha 9,Tomás Adolfo Ducó,false,https://es.wikipedia.org/wiki/Copa_de_la_Liga_Profesional_2022
2022-04-11,21:30,Lanús,Aldosivi,1,2,,,Copa de la Liga,2022,zonas,Zona B,Fecha 9,Ciudad de Lanús,false,https://es.wikipedia.org/wiki/Copa_de_la_Liga_Profesional_2022
2022-04-13,,San Lorenzo,Racing Club,1,1,2,4,Copa Argentina,2022,eliminacion,,Treintaidosavos,Juan Gilberto Funes,true,https://es.wikipedia.org/wiki/Copa_Argentina_2022
2022-04-14,21:30,Gimnasia y Esgrima (LP),Sarmiento (J),1,3,,,Copa de la Liga,2022,zonas,Zona A,Fecha 10,Del Bosque,false,https://es.wikipedia.org/wiki/Copa_de_la_Liga_Profesional_2022
2022-04-15,16:30,Tigre,Huracán,2,1,,,Copa de la Liga,2022,zonas,Zona B,Fecha 10,Coliseo de Victoria,false,https://es.wikipedia.org/wiki/Copa_de_la_Liga_Profesional_2022
2022-04-15,19:00,Aldosivi,Rosario Central,1,0,,,Copa de la Liga,2022,zonas,Zona B,Fecha 10,José María Minella,false,https://es.wikipedia.org/wiki/Copa_de_la_Liga_Profesional_2022
2022-04-15,19:00,Central Córdoba (SdE),Arsenal,3,3,,,Copa de la Liga,2022,zonas,Zona B,Fecha 10,Único Madre de Ciudades,false,https://es.wikipedia.org/wiki/Copa_de_la_Liga_Profesional_2022
2022-04-15,19:05,Los Andes,J. J. de Urquiza,1,1,,,Primera B,2022,zonas,Torneo Apertura,Fecha 10,Eduardo Gallardón,false,https://es.wikipedia.org/wiki/Campeonato_de_Primera_B_2022_(Argentina)
2022-04-15,21:30,Newell's Old Boys,Patronato,1,0,,,Copa de la Liga,2022,zonas,Zona A,Fecha 10,Marcelo Bielsa,false,https://es.wikipedia.org/wiki/Copa_de_la_Liga_Profesional_2022
2022-04-16,13:15,UAI Urquiza,Defensores Unidos,0,2,,,Primera B,2022,zonas,Torneo Apertura,Fecha 10,Monumental de Villa Lynch,false,https://es.wikipedia.org/wiki/Campeonato_de_Primera_B_2022_(Argentina)
2022-04-16,14:00,San Lorenzo,Platense,2,2,,,Copa de la Liga,2022,zonas,Zona A,Fecha 10,Nuevo Gasómetro,false,https://es.wikipedia.org/wiki/Copa_de_la_Liga_Profesional_2022
2022-04-16,15:30,Atlas,Victoriano Arenas,2,1,,,Primera C,2022,zonas,Torneo Apertura,Fecha 10,Ricardo Puga,false,https://es.wikipedia.org/wiki/Campeonato_de_Primera_C_2022_(Argentina)
2022-04-16,15:30,Comunicaciones,Cañuelas,3,1,,,Primera B,2022,zonas,Torneo Apertura,Fecha 10,Alfredo Ramos,false,https://es.wikipedia.org/wiki/Campeonato_de_Primera_B_2022_(Argentina)
2022-04-16,15:30,Deportivo Armenio,Deportivo Merlo,3,0,,,Primera B,2022,zonas,Torneo Apertura,Fecha 10,Armenia,false,https://es.wikipedia.org/wiki/Campeonato_de_Primera_B_2022_(Argentina)
2022-04-16,15:30,San Miguel,Colegiales,0,1,,,Primera B,2022,zonas,Torneo Apertura,Fecha 10,Malvinas Argentinas,false,https://es.wikipedia.org/wiki/Campeonato_de_Primera_B_2022_(Argentina)
2022-04-16,16:00,Ciudad de Bolívar,Cipolletti,0,0,,,Torneo Federal A,2022,zonas,Zona Sur,Fecha 4,Municipal Eva Perón,false,https://es.wikipedia.org/wiki/Torneo_Federal_A_2022
2022-04-16,16:00,Crucero del Norte,Sportivo Belgrano,1,0,,,Torneo Federal A,2022,zonas,Zona Norte,Fecha 4,Andrés Guacurarí,false,https://es.wikipedia.org/wiki/Torneo_Federal_A_2022
2022-04-16,16:30,Colón,Independiente,2,2,,,Copa de la Liga,2022,zonas,Zona B,Fecha 10,Brigadier General Estanislao López,false,https://es.wikipedia.org/wiki/Copa_de_la_Liga_Profesional_2022
2022-04-16,19:00,Barracas Central,Estudiantes (LP),1,6,,,Copa de la Liga,2022,zonas,Zona B,Fecha 10,Tomás Adolfo Ducó,false,https://es.wikipedia.org/wiki/Copa_de_la_Liga_Profesional_2022
2022-04-16,21:30,Racing Club,Unión,1,0,,,Copa de la Liga,2022,zonas,Zona A,Fecha 10,El Cilindro,false,https://es.wikipedia.org/wiki/Copa_de_la_Liga_Profesional_2022
2022-04-17,14:00,Defensa y Justicia,Atlético Tucumán,1,1,,,Copa de la Liga,2022,zonas,Zona A,Fecha 10,Norberto Tomaghello,false,https://es.wikipedia.org/wiki/Copa_de_la_Liga_Profesional_2022
2022-04-17,14:00,Godoy Cruz,Vélez Sarsfield,0,0,,,Copa de la Liga,2022,zonas,Zona B,Fecha 10,Malvinas Argentinas,false,https://es.wikipedia.org/wiki/Copa_de_la_Liga_Profesional_2022
2022-04-17,15:30,Central Córdoba (R),Berazategui,1,1,,,Primera C,2022,zonas,Torneo Apertura,Fecha 10,Gabino Sosa,false,https://es.wikipedia.org/wiki/Campeonato_de_Primera_C_2022_(Argentina)
2022-04-17,15:30,Defensores de Pronunciamiento,San Martín (F),0,1,,,Torneo Federal A,2022,zonas,Zona Norte,Fecha 4,Delio Cardozo,false,https://es.wikipedia.org/wiki/Torneo_Federal_A_2022
2022-04-17,15:30,Dock Sud,Talleres (RdE),1,3,,,Primera B,2022,zonas,Torneo Apertura,Fecha 10,De Los Inmigrantes,false,https://es.wikipedia.org/wiki/Campeonato_de_Primera_B_2022_(Argentina)
2022-04-17,15:30,El Porvenir,San Martín (B),1,1,,,Primera C,2022,zonas,Torneo Apertura,Fecha 10,Gildo Francisco Ghersinich,false,https://es.wikipedia.org/wiki/Campeonato_de_Primera_C_2022_(Argentina)
2022-04-17,15:30,Excursionistas,Luján,2,2,,,Primera C,2022,zonas,Torneo Apertura,Fecha 10,Excursionistas,false,https://es.wikipedia.org/wiki/Campeonato_de_Primera_C_2022_(Argentina)
2022-04-17,15:30,Leandro N. Alem,Real Pilar,1,0,,,Primera C,2022,zonas,Torneo Apertura,Fecha 10,Leandro N. Alem,false,https://es.wikipedia.org/wiki/Campeonato_de_Primera_C_2022_(Argentina)
2022-04-17,15:30,Liniers,Deportivo Laferrere,0,1,,,Primera C,2022,zonas,Torneo Apertura,Fecha 10,Juan Antonio Arias,false,https://es.wikipedia.org/wiki/Campeonato_de_Primera_C_2022_(Argentina)
2022-04-17,15:30,Liniers (BB),Sol de Mayo (V),1,2,,,Torneo Federal A,2022,zonas,Zona Sur,Fecha 4,Alejandro Pérez,false,https://es.wikipedia.org/wiki/Torneo_Federal_A_2022
2022-04-17,15:30,Sansinena,Desamparados,3,0,,,Torneo Federal A,2022,zonas,Zona Sur,Fecha 4,Luis Molina,false,https://es.wikipedia.org/wiki/Torneo_Federal_A_2022
2022-04-17,15:30,Sportivo Italiano,General Lamadrid,1,2,,,Primera C,2022,zonas,Torneo Apertura,Fecha 10,República de Italia,false,https://es.wikipedia.org/wiki/Campeonato_de_Primera_C_2022_(Argentina)
2022-04-17,15:45,Boca Unidos,Gimnasia y Esgrima (CdU),0,0,,,Torneo Federal A,2022,zonas,Zona Norte,Fecha 4,Leoncio Benítez,false,https://es.wikipedia.org/wiki/Torneo_Federal_A_2022
2022-04-17,15:45,Juventud Unida Universitario,Independiente (C),2,0,,,Torneo Federal A,2022,zonas,Zona Sur,Fecha 4,Mario Sebastián Diez,false,https://es.wikipedia.org/wiki/Torneo_Federal_A_2022
2022-04-17,16:00,Círculo Deportivo,Argentino (MM),3,0,,,Torneo Federal A,2022,zonas,Zona Sur,Fecha 4,Guillermo Trama,false,https://es.wikipedia.org/wiki/Torneo_Federal_A_2022
2022-04-17,16:00,Ferro Carril Oeste (GP),Olimpo,0,1,,,Torneo Federal A,2022,zonas,Zona Sur,Fecha 4,El Coloso del Barrio Talleres,false,https://es.wikipedia.org/wiki/Torneo_Federal_A_2022
2022-04-17,16:00,Gimnasia y Tiro (S),Defensores de Belgrano (VR),2,0,,,Torneo Federal A,2022,zonas,Zona Norte,Fecha 4,Gigante del Norte,false,https://es.wikipedia.org/wiki/Torneo_Federal_A_2022
2022-04-17,16:00,Huracán Las Heras,Deportivo Camioneros,2,1,,,Torneo Federal A,2022,zonas,Zona Sur,Fecha 4,Predio de FADEP,false,https://es.wikipedia.org/wiki/Torneo_Federal_A_2022
2022-04-17,16:00,Sportivo Peñarol (C),Sportivo Estudiantes (SL),1,0,,,Torneo Federal A,2022,zonas,Zona Sur,Fecha 4,Ramón Pablo Rojas,false,https://es.wikipedia.org/wiki/Torneo_Federal_A_2022
2022-04-17,16:00,Unión (S),Central Norte (S),0,0,,,Torneo Federal A,2022,zonas,Zona Norte,Fecha 4,De la Avenida,false,https://es.wikipedia.org/wiki/Torneo_Federal_A_2022
2022-04-17,16:30,Argentinos Juniors,Talleres (C),2,1,,,Copa de la Liga,2022,zonas,Zona A,Fecha 10,Diego Armando Maradona,false,https://es.wikipedia.org/wiki/Copa_de_la_Liga_Profesional_2022
2022-04-17,16:30,Juventud Antoniana,Racing Club,0,4,,,Torneo Federal A,2022,zonas,Zona Norte,Fecha 4,Padre Ernesto Martearena,false,https://es.wikipedia.org/wiki/Torneo_Federal_A_2022
2022-04-17,16:30,Sportivo Las Parejas,Sarmiento (R),0,1,,,Torneo Federal A,2022,zonas,Zona Norte,Fecha 4,4 de Septiembre,false,https://es.wikipedia.org/wiki/Torneo_Federal_A_2022
2022-04-17,18:05,Ituzaingó,Argentino de Quilmes,2,1,,,Primera B,2022,zonas,Torneo Apertura,Fecha 10,Carlos Alberto Sacaan,false,https://es.wikipedia.org/wiki/Campeonato_de_Primera_B_2022_(Argentina)
2022-04-17,19:00,Atlético Paraná,Douglas Haig,1,0,,,Torneo Federal A,2022,zonas,Zona Norte,Fecha 4,Pedro Mutio,false,https://es.wikipedia.org/wiki/Torneo_Federal_A_2022
2022-04-17,19:00,Boca Juniors,Lanús,1,1,,,Copa de la Liga,2022,zonas,Zona B,Fecha 10,La Bombonera,false,https://es.wikipedia.org/wiki/Copa_de_la_Liga_Profesional_2022
2022-04-17,19:00,Ferrocarril Midland,Puerto Nuevo,0,0,,,Primera C,2022,zonas,Torneo Apertura,Fecha 10,Ciudad de Libertad,false,https://es.wikipedia.org/wiki/Campeonato_de_Primera_C_2022_(Argentina)
2022-04-17,21:30,Banfield,River Plate,1,2,,,Copa de la Liga,2022,zonas,Zona A,Fecha 10,Florencio Sola,false,https://es.wikipedia.org/wiki/Copa_de_la_Liga_Profesional_2022
2022-04-18,15:30,Deportivo Español,Argentino de Merlo,0,1,,,Primera C,2022,zonas,Torneo Apertura,Fecha 10,Nueva España,false,https://es.wikipedia.org/wiki/Campeonato_de_Primera_C_2022_(Argentina)
2022-04-18,15:30,Fénix,Acassuso,2,1,,,Primera B,2022,zonas,Torneo Apertura,Fecha 10,José Manuel Moreno,false,https://es.wikipedia.org/wiki/Campeonato_de_Primera_B_2022_(Argentina)
2022-04-19,14:00,Arsenal,Barracas Central,0,1,,,Copa de la Liga,2022,zonas,Zona B,Fecha 11,El Viaducto,false,https://es.wikipedia.org/wiki/Copa_de_la_Liga_Profesional_2022
2022-04-19,16:30,Unión,San Lorenzo,1,2,,,Copa de la Liga,2022,zonas,Zona A,Fecha 11,15 de Abril,false,https://es.wikipedia.org/wiki/Copa_de_la_Liga_Profesional_2022
2022-04-19,19:00,Estudiantes (LP),Tigre,2,1,,,Copa de la Liga,2022,zonas,Zona B,Fecha 11,Jorge Luis Hirschi,false,https://es.wikipedia.org/wiki/Copa_de_la_Liga_Profesional_2022
2022-04-19,19:00,Huracán,Colón,1,1,,,Copa de la Liga,2022,zonas,Zona B,Fecha 11,Tomás Adolfo Ducó,false,https://es.wikipedia.org/wiki/Copa_de_la_Liga_Profesional_2022
2022-04-19,21:30,Independiente,Aldosivi,1,1,,,Copa de la Liga,2022,zonas,Zona B,Fecha 11,Libertadores de América Ricardo Bochini,false,https://es.wikipedia.org/wiki/Copa_de_la_Liga_Profesional_2022
2022-04-19,21:30,Platense,Gimnasia y Esgrima (LP),0,3,,,Copa de la Liga,2022,zonas,Zona A,Fecha 11,Ciudad de Vicente López,false,https://es.wikipedia.org/wiki/Copa_de_la_Liga_Profesional_2022
2022-04-20,,Ferro Carril Oeste,J. J. de Urquiza,4,0,,,Copa Argentina,2022,eliminacion,,Treintaidosavos,Álvaro Pedro Ducás,true,https://es.wikipedia.org/wiki/Copa_Argentina_2022
2022-04-20,14:00,Newell's Old Boys,Banfield,1,0,,,Copa de la Liga,2022,zonas,Zona A,Fecha 11,Marcelo Bielsa,false,https://es.wikipedia.org/wiki/Copa_de_la_Liga_Profesional_2022
2022-04-20,16:30,Patronato,Racing Club,2,3,,,Copa de la Liga,2022,zonas,Zona A,Fecha 11,Presbítero Bartolomé Grella,false,https://es.wikipedia.org/wiki/Copa_de_la_Liga_Profesional_2022
2022-04-20,16:30,Vélez Sarsfield,Central Córdoba (SdE),1,2,,,Copa de la Liga,2022,zonas,Zona B,Fecha 11,José Amalfitani,false,https://es.wikipedia.org/wiki/Copa_de_la_Liga_Profesional_2022
2022-04-20,19:00,Lanús,Rosario Central,3,1,,,Copa de la Liga,2022,zonas,Zona B,Fecha 11,Ciudad de Lanús,false,https://es.wikipedia.org/wiki/Copa_de_la_Liga_Profesional_2022
2022-04-20,19:00,Talleres (C),River Plate,1,0,,,Copa de la Liga,2022,zonas,Zona A,Fecha 11,Mario Alberto Kempes,false,https://es.wikipedia.org/wiki/Copa_de_la_Liga_Profesional_2022
2022-04-20,21:30,Boca Juniors,Godoy Cruz,1,1,,,Copa de la Liga,2022,zonas,Zona B,Fecha 11,La Bombonera,false,https://es.wikipedia.org/wiki/Copa_de_la_Liga_Profesional_2022
2022-04-21,16:00,Sarmiento (J),Defensa y Justicia,2,1,,,Copa de la Liga,2022,zonas,Zona A,Fecha 11,Eva Perón,false,https://es.wikipedia.org/wiki/Copa_de_la_Liga_Profesional_2022
2022-04-21,18:30,Atlético Tucumán,Argentinos Juniors,2,4,,,Copa de la Liga,2022,zonas,Zona A,Fecha 11,Monumental José Fierro,false,https://es.wikipedia.org/wiki/Copa_de_la_Liga_Profesional_2022
2022-04-22,20:30,Colón,Estudiantes (LP),2,2,,,Copa de la Liga,2022,zonas,Zona B,Fecha 12,Brigadier General Estanislao López,false,https://es.wikipedia.org/wiki/Copa_de_la_Liga_Profesional_2022
2022-04-23,14:00,Gimnasia y Esgrima (LP),Unión,1,0,,,Copa de la Liga,2022,zonas,Zona A,Fecha 12,Del Bosque,false,https://es.wikipedia.org/wiki/Copa_de_la_Liga_Profesional_2022
2022-04-23,14:00,San Lorenzo,Patronato,1,2,,,Copa de la Liga,2022,zonas,Zona A,Fecha 12,Nuevo Gasómetro,false,https://es.wikipedia.org/wiki/Copa_de_la_Liga_Profesional_2022
2022-04-23,14:30,Colegiales,Deportivo Armenio,2,2,,,Primera B,2022,zonas,Torneo Apertura,Fecha 11,Colegiales,false,https://es.wikipedia.org/wiki/Campeonato_de_Primera_B_2022_(Argentina)
2022-04-23,15:30,Argentino de Quilmes,Fénix,2,2,,,Primera B,2022,zonas,Torneo Apertura,Fecha 11,Argentino de Quilmes,false,https://es.wikipedia.org/wiki/Campeonato_de_Primera_B_2022_(Argentina)
2022-04-23,15:30,Berazategui,Deportivo Español,0,0,,,Primera C,2022,zonas,Torneo Apertura,Fecha 11,Norman Lee,false,https://es.wikipedia.org/wiki/Campeonato_de_Primera_C_2022_(Argentina)
2022-04-23,15:30,Cañuelas,Los Andes,1,0,,,Primera B,2022,zonas,Torneo Apertura,Fecha 11,Jorge Alfredo Arín,false,https://es.wikipedia.org/wiki/Campeonato_de_Primera_B_2022_(Argentina)
2022-04-23,15:30,Defensores Unidos,Villa San Carlos,1,1,,,Primera B,2022,zonas,Torneo Apertura,Fecha 11,Gigante de Villa Fox,false,https://es.wikipedia.org/wiki/Campeonato_de_Primera_B_2022_(Argentina)
2022-04-23,15:30,Deportivo Merlo,Dock Sud,1,1,,,Primera B,2022,zonas,Torneo Apertura,Fecha 11,José Manuel Moreno,false,https://es.wikipedia.org/wiki/Campeonato_de_Primera_B_2022_(Argentina)
2022-04-23,15:30,Talleres (RdE),UAI Urquiza,3,1,,,Primera B,2022,zonas,Torneo Apertura,Fecha 11,Pablo Comelli,false,https://es.wikipedia.org/wiki/Campeonato_de_Primera_B_2022_(Argentina)
2022-04-23,15:30,Victoriano Arenas,Claypole,0,0,,,Primera C,2022,zonas,Torneo Apertura,Fecha 11,Saturnino Moure,false,https://es.wikipedia.org/wiki/Campeonato_de_Primera_C_2022_(Argentina)
2022-04-23,16:30,Rosario Central,Independiente,3,0,,,Copa de la Liga,2022,zonas,Zona B,Fecha 12,Gigante de Arroyito,false,https://es.wikipedia.org/wiki/Copa_de_la_Liga_Profesional_2022
2022-04-23,19:00,Central Córdoba (SdE),Boca Juniors,1,2,,,Copa de la Liga,2022,zonas,Zona B,Fecha 12,Único Madre de Ciudades,false,https://es.wikipedia.org/wiki/Copa_de_la_Liga_Profesional_2022
2022-04-23,19:00,Real Pilar,Sportivo Italiano,0,0,,,Primera C,2022,zonas,Torneo Apertura,Fecha 11,Carlos Barraza,false,https://es.wikipedia.org/wiki/Campeonato_de_Primera_C_2022_(Argentina)
2022-04-23,21:30,Banfield,Talleres (C),3,1,,,Copa de la Liga,2022,zonas,Zona A,Fecha 12,Florencio Sola,false,https://es.wikipedia.org/wiki/Copa_de_la_Liga_Profesional_2022
2022-04-23,21:30,Barracas Central,Vélez Sarsfield,1,1,,,Copa de la Liga,2022,zonas,Zona B,Fecha 12,Tomás Adolfo Ducó,false,https://es.wikipedia.org/wiki/Copa_de_la_Liga_Profesional_2022
2022-04-24,15:00,Cipolletti,Villa Mitre,1,0,,,Torneo Federal A,2022,zonas,Zona Sur,Fecha 5,La Visera de Cemento,false,https://es.wikipedia.org/wiki/Torneo_Federal_A_2022
2022-04-24,15:00,Douglas Haig,Sportivo Las Parejas,1,2,,,Torneo Federal A,2022,zonas,Zona Norte,Fecha 5,Miguel Morales,false,https://es.wikipedia.org/wiki/Torneo_Federal_A_2022
2022-04-24,15:30,Acassuso,San Miguel,2,1,,,Primera B,2022,zonas,Torneo Apertura,Fecha 11,Armenia,false,https://es.wikipedia.org/wiki/Campeonato_de_Primera_B_2022_(Argentina)
2022-04-24,15:30,Argentino de Merlo,Ferrocarril Midland,1,4,,,Primera C,2022,zonas,Torneo Apertura,Fecha 11,Merlo,false,https://es.wikipedia.org/wiki/Campeonato_de_Primera_C_2022_(Argentina)
2022-04-24,15:30,Deportivo Camioneros,Sansinena,3,1,,,Torneo Federal A,2022,zonas,Zona Sur,Fecha 5,Hugo Moyano,false,https://es.wikipedia.org/wiki/Torneo_Federal_A_2022
2022-04-24,15:30,Deportivo Laferrere,Excursionistas,0,0,,,Primera C,2022,zonas,Torneo Apertura,Fecha 11,Ciudad de Laferrere,false,https://es.wikipedia.org/wiki/Campeonato_de_Primera_C_2022_(Argentina)
2022-04-24,15:30,General Lamadrid,Central Córdoba (R),3,1,,,Primera C,2022,zonas,Torneo Apertura,Fecha 11,Enrique Sexto,false,https://es.wikipedia.org/wiki/Campeonato_de_Primera_C_2022_(Argentina)
2022-04-24,15:30,Gimnasia y Esgrima (CdU),Juventud Unida (G),2,0,,,Torneo Federal A,2022,zonas,Zona Norte,Fecha 5,Manuel y Ramón Núñez,false,https://es.wikipedia.org/wiki/Torneo_Federal_A_2022
2022-04-24,15:30,Luján,Atlas,0,1,,,Primera C,2022,zonas,Torneo Apertura,Fecha 11,Municipal de la Ciudad de Luján,false,https://es.wikipedia.org/wiki/Campeonato_de_Primera_C_2022_(Argentina)
2022-04-24,15:30,Puerto Nuevo,Liniers,0,2,,,Primera C,2022,zonas,Torneo Apertura,Fecha 11,Rubén Carlos Vallejos,false,https://es.wikipedia.org/wiki/Campeonato_de_Primera_C_2022_(Argentina)
2022-04-24,15:30,San Martín (B),Leandro N. Alem,0,0,,,Primera C,2022,zonas,Torneo Apertura,Fecha 11,Francisco Boga,false,https://es.wikipedia.org/wiki/Campeonato_de_Primera_C_2022_(Argentina)
2022-04-24,15:30,Sol de Mayo (V),Juventud Unida Universitario,0,1,,,Torneo Federal A,2022,zonas,Zona Sur,Fecha 5,Sol de Mayo,false,https://es.wikipedia.org/wiki/Torneo_Federal_A_2022
2022-04-24,16:00,Argentino (MM),Liniers (BB),1,0,,,Torneo Federal A,2022,zonas,Zona Sur,Fecha 5,Modesto Marrone,false,https://es.wikipedia.org/wiki/Torneo_Federal_A_2022
2022-04-24,16:00,Defensores de Belgrano (VR),Atlético Paraná,4,1,,,Torneo Federal A,2022,zonas,Zona Norte,Fecha 5,Salomón Boeseldín,false,https://es.wikipedia.org/wiki/Torneo_Federal_A_2022
2022-04-24,16:00,Desamparados,Ciudad de Bolívar,2,1,,,Torneo Federal A,2022,zonas,Zona Sur,Fecha 5,El Serpentario,false,https://es.wikipedia.org/wiki/Torneo_Federal_A_2022
2022-04-24,16:00,Independiente (C),Ferro Carril Oeste (GP),0,0,,,Torneo Federal A,2022,zonas,Zona Sur,Fecha 5,Raúl Orlando Lungarzo,false,https://es.wikipedia.org/wiki/Torneo_Federal_A_2022
2022-04-24,16:00,Olimpo,Sportivo Peñarol (C),5,0,,,Torneo Federal A,2022,zonas,Zona Sur,Fecha 5,Roberto N. Carminatti,false,https://es.wikipedia.org/wiki/Torneo_Federal_A_2022
2022-04-24,16:00,San Martín (F),Unión (S),2,0,,,Torneo Federal A,2022,zonas,Zona Norte,Fecha 5,17 de Octubre,false,https://es.wikipedia.org/wiki/Torneo_Federal_A_2022
2022-04-24,16:30,Central Norte (S),Gimnasia y Tiro (S),0,0,,,Torneo Federal A,2022,zonas,Zona Norte,Fecha 5,Padre Ernesto Martearena,false,https://es.wikipedia.org/wiki/Torneo_Federal_A_2022
2022-04-24,16:30,Racing Club,Newell's Old Boys,0,0,,,Copa de la Liga,2022,zonas,Zona A,Fecha 12,El Cilindro,false,https://es.wikipedia.org/wiki/Copa_de_la_Liga_Profesional_2022
2022-04-24,16:30,Sportivo Belgrano,Juventud Antoniana,0,1,,,Torneo Federal A,2022,zonas,Zona Norte,Fecha 5,Oscar Carlos Boero,false,https://es.wikipedia.org/wiki/Torneo_Federal_A_2022
2022-04-24,16:30,Sportivo Estudiantes (SL),Huracán Las Heras,2,1,,,Torneo Federal A,2022,zonas,Zona Sur,Fecha 5,Héctor Odicino y Pedro Benoza,false,https://es.wikipedia.org/wiki/Torneo_Federal_A_2022
2022-04-24,19:00,River Plate,Atlético Tucumán,1,1,,,Copa de la Liga,2022,zonas,Zona A,Fecha 12,Mâs Monumental,false,https://es.wikipedia.org/wiki/Copa_de_la_Liga_Profesional_2022
2022-04-24,19:00,Sarmiento (R),Crucero del Norte,1,1,,,Torneo Federal A,2022,zonas,Zona Norte,Fecha 5,Centenario,false,https://es.wikipedia.org/wiki/Torneo_Federal_A_2022
2022-04-24,19:30,Racing Club,Boca Unidos,2,0,,,Torneo Federal A,2022,zonas,Zona Norte,Fecha 5,Mario Alberto Kempes,false,https://es.wikipedia.org/wiki/Torneo_Federal_A_2022
2022-04-24,21:30,Defensa y Justicia,Platense,1,1,,,Copa de la Liga,2022,zonas,Zona A,Fecha 12,Norberto Tomaghello,false,https://es.wikipedia.org/wiki/Copa_de_la_Liga_Profesional_2022
2022-04-24,21:30,Godoy Cruz,Lanús,1,1,,,Copa de la Liga,2022,zonas,Zona B,Fecha 12,Malvinas Argentinas,false,https://es.wikipedia.org/wiki/Copa_de_la_Liga_Profesional_2022
2022-04-25,15:30,Tigre,Arsenal,0,0,,,Copa de la Liga,2022,zonas,Zona B,Fecha 12,Coliseo de Victoria,false,https://es.wikipedia.org/wiki/Copa_de_la_Liga_Profesional_2022
2022-04-25,21:30,Aldosivi,Huracán,0,2,,,Copa de la Liga,2022,zonas,Zona B,Fecha 12,José María Minella,false,https://es.wikipedia.org/wiki/Copa_de_la_Liga_Profesional_2022
2022-04-25,21:30,Argentinos Juniors,Sarmiento (J),0,0,,,Copa de la Liga,2022,zonas,Zona A,Fecha 12,Diego Armando Maradona,false,https://es.wikipedia.org/wiki/Copa_de_la_Liga_Profesional_2022
2022-04-26,15:30,J. J. de Urquiza,Ituzaingó,0,1,,,Primera B,2022,zonas,Torneo Apertura,Fecha 11,Ramón Roque Martín,false,https://es.wikipedia.org/wiki/Campeonato_de_Primera_B_2022_(Argentina)
2022-04-27,,Atlético Tucumán,Brown de Adrogué,2,0,,,Copa Argentina,2022,eliminacion,,Treintaidosavos,Padre Ernesto Martearena,true,https://es.wikipedia.org/wiki/Copa_Argentina_2022
2022-04-27,,Quilmes,San Martín (T),2,0,,,Copa Argentina,2022,eliminacion,,Treintaidosavos,Carlos Augusto Mercado Luna,true,https://es.wikipedia.org/wiki/Copa_Argentina_2022
2022-04-27,20:30,Newell's Old Boys,San Lorenzo,1,2,,,Copa de la Liga,2022,zonas,Zona A,Fecha 13,Marcelo Bielsa,false,https://es.wikipedia.org/wiki/Copa_de_la_Liga_Profesional_2022
2022-04-29,,Juventud Antoniana,Sarmiento (R),0,3,,,Torneo Federal A,2022,zonas,Zona Norte,Fecha 6,Padre Ernesto Martearena,false,https://es.wikipedia.org/wiki/Torneo_Federal_A_2022
2022-04-29,15:30,Dock Sud,Colegiales,3,1,,,Primera B,2022,zonas,Torneo Apertura,Fecha 12,De los Inmigrantes,false,https://es.wikipedia.org/wiki/Campeonato_de_Primera_B_2022_(Argentina)
2022-04-29,15:30,Liniers,Argentino de Merlo,1,0,,,Primera C,2022,zonas,Torneo Apertura,Fecha 12,Juan Antonio Arias,false,https://es.wikipedia.org/wiki/Campeonato_de_Primera_C_2022_(Argentina)
2022-04-29,15:30,UAI Urquiza,Deportivo Merlo,3,2,,,Primera B,2022,zonas,Torneo Apertura,Fecha 12,Monumental de Villa Lynch,false,https://es.wikipedia.org/wiki/Campeonato_de_Primera_B_2022_(Argentina)
2022-04-29,18:00,Los Andes,Comunicaciones,1,0,,,Primera B,2022,zonas,Torneo Apertura,Fecha 12,Eduardo Gallardón,false,https://es.wikipedia.org/wiki/Campeonato_de_Primera_B_2022_(Argentina)
2022-04-29,19:00,Estudiantes (LP),Aldosivi,2,1,,,Copa de la Liga,2022,zonas,Zona B,Fecha 13,Jorge Luis Hirschi,false,https://es.wikipedia.org/wiki/Copa_de_la_Liga_Profesional_2022
2022-04-29,21:30,Patronato,Gimnasia y Esgrima (LP),0,6,,,Copa de la Liga,2022,zonas,Zona A,Fecha 13,Presbítero Bartolomé Grella,false,https://es.wikipedia.org/wiki/Copa_de_la_Liga_Profesional_2022
2022-04-30,12:00,Atlético Tucumán,Talleres (C),3,0,,,Copa de la Liga,2022,zonas,Zona A,Fecha 13,Monumental José Fierro,false,https://es.wikipedia.org/wiki/Copa_de_la_Liga_Profesional_2022
2022-04-30,13:30,Huracán Las Heras,Olimpo,0,0,,,Torneo Federal A,2022,zonas,Zona Sur,Fecha 6,Pipe Agüero (Montecaseros),false,https://es.wikipedia.org/wiki/Torneo_Federal_A_2022
2022-04-30,14:30,Juventud Unida (G),Racing Club,0,3,,,Torneo Federal A,2022,zonas,Zona Norte,Fecha 6,De los Eucaliptos,false,https://es.wikipedia.org/wiki/Torneo_Federal_A_2022
2022-04-30,15:00,Crucero del Norte,Douglas Haig,2,1,,,Torneo Federal A,2022,zonas,Zona Norte,Fecha 6,Andrés Guacurarí,false,https://es.wikipedia.org/wiki/Torneo_Federal_A_2022
2022-04-30,15:00,Ferro Carril Oeste (GP),Sol de Mayo (V),0,1,,,Torneo Federal A,2022,zonas,Zona Sur,Fecha 6,El Coloso del Barrio Talleres,false,https://es.wikipedia.org/wiki/Torneo_Federal_A_2022
2022-04-30,15:00,Sportivo Las Parejas,Defensores de Belgrano (VR),1,0,,,Torneo Federal A,2022,zonas,Zona Norte,Fecha 6,4 de Septiembre,false,https://es.wikipedia.org/wiki/Torneo_Federal_A_2022
2022-04-30,15:30,Central Córdoba (R),Real Pilar,0,1,,,Primera C,2022,zonas,Torneo Apertura,Fecha 12,Gabino Sosa,false,https://es.wikipedia.org/wiki/Campeonato_de_Primera_C_2022_(Argentina)
2022-04-30,15:30,Deportivo Armenio,Acassuso,0,3,,,Primera B,2022,zonas,Torneo Apertura,Fecha 12,Armenia,false,https://es.wikipedia.org/wiki/Campeonato_de_Primera_B_2022_(Argentina)
2022-04-30,15:30,Deportivo Español,General Lamadrid,3,1,,,Primera C,2022,zonas,Torneo Apertura,Fecha 12,Nueva España,false,https://es.wikipedia.org/wiki/Campeonato_de_Primera_C_2022_(Argentina)
2022-04-30,15:30,Sansinena,Sportivo Estudiantes (SL),0,0,,,Torneo Federal A,2022,zonas,Zona Sur,Fecha 6,Luis Molina,false,https://es.wikipedia.org/wiki/Torneo_Federal_A_2022
2022-04-30,15:30,Villa San Carlos,Talleres (RdE),1,1,,,Primera B,2022,zonas,Torneo Apertura,Fecha 12,Genacio Sálice,false,https://es.wikipedia.org/wiki/Campeonato_de_Primera_B_2022_(Argentina)
2022-04-30,16:00,Ciudad de Bolívar,Deportivo Camioneros,1,2,,,Torneo Federal A,2022,zonas,Zona Sur,Fecha 6,Municipal Eva Perón,false,https://es.wikipedia.org/wiki/Torneo_Federal_A_2022
2022-04-30,16:00,Gimnasia y Tiro (S),San Martín (F),0,2,,,Torneo Federal A,2022,zonas,Zona Norte,Fecha 6,Gigante del Norte,false,https://es.wikipedia.org/wiki/Torneo_Federal_A_2022
2022-04-30,16:00,Juventud Unida Universitario,Argentino (MM),1,1,,,Torneo Federal A,2022,zonas,Zona Sur,Fecha 6,Mario Sebastián Diez,false,https://es.wikipedia.org/wiki/Torneo_Federal_A_2022
2022-04-30,16:00,Liniers (BB),Círculo Deportivo,0,0,,,Torneo Federal A,2022,zonas,Zona Sur,Fecha 6,Alejandro Pérez,false,https://es.wikipedia.org/wiki/Torneo_Federal_A_2022
2022-04-30,16:00,Racing Club,Banfield,1,1,,,Copa de la Liga,2022,zonas,Zona A,Fecha 13,El Cilindro,false,https://es.wikipedia.org/wiki/Copa_de_la_Liga_Profesional_2022
2022-04-30,16:00,Sportivo Peñarol (C),Independiente (C),0,1,,,Torneo Federal A,2022,zonas,Zona Sur,Fecha 6,Ramón Pablo Rojas,false,https://es.wikipedia.org/wiki/Torneo_Federal_A_2022
2022-04-30,16:00,Vélez Sarsfield,Tigre,3,2,,,Copa de la Liga,2022,zonas,Zona B,Fecha 13,José Amalfitani,false,https://es.wikipedia.org/wiki/Copa_de_la_Liga_Profesional_2022
2022-04-30,17:00,Unión (S),Defensores de Pronunciamiento,2,0,,,Torneo Federal A,2022,zonas,Zona Norte,Fecha 6,De la Avenida,false,https://es.wikipedia.org/wiki/Torneo_Federal_A_2022
2022-04-30,18:30,Villa Mitre,Desamparados,4,0,,,Torneo Federal A,2022,zonas,Zona Sur,Fecha 6,El Fortín,false,https://es.wikipedia.org/wiki/Torneo_Federal_A_2022
2022-04-30,19:00,Arsenal,Colón,2,0,,,Copa de la Liga,2022,zonas,Zona B,Fecha 13,El Viaducto,false,https://es.wikipedia.org/wiki/Copa_de_la_Liga_Profesional_2022
2022-04-30,19:00,Atlético Paraná,Central Norte (S),0,1,,,Torneo Federal A,2022,zonas,Zona Norte,Fecha 6,Pedro Mutio,false,https://es.wikipedia.org/wiki/Torneo_Federal_A_2022
2022-04-30,19:00,Boca Juniors,Barracas Central,2,0,,,Copa de la Liga,2022,zonas,Zona B,Fecha 13,La Bombonera,false,https://es.wikipedia.org/wiki/Copa_de_la_Liga_Profesional_2022
2022-04-30,19:00,Ituzaingó,Cañuelas,1,1,,,Primera B,2022,zonas,Torneo Apertura,Fecha 12,Carlos Alberto Sacaan,false,https://es.wikipedia.org/wiki/Campeonato_de_Primera_B_2022_(Argentina)
2022-04-30,21:00,Boca Unidos,Sportivo Belgrano,2,3,,,Torneo Federal A,2022,zonas,Zona Norte,Fecha 6,Leoncio Benítez,false,https://es.wikipedia.org/wiki/Torneo_Federal_A_2022
2022-04-30,21:30,Lanús,Independiente,1,0,,,Copa de la Liga,2022,zonas,Zona B,Fecha 13,Ciudad de Lanús,false,https://es.wikipedia.org/wiki/Copa_de_la_Liga_Profesional_2022
2022-04-30,21:30,Sarmiento (J),River Plate,0,7,,,Copa de la Liga,2022,zonas,Zona A,Fecha 13,Eva Perón,false,https://es.wikipedia.org/wiki/Copa_de_la_Liga_Profesional_2022
2022-05-02,15:30,Atlas,Deportivo Laferrere,0,0,,,Primera C,2022,zonas,Torneo Apertura,Fecha 12,Ricardo Puga,false,https://es.wikipedia.org/wiki/Campeonato_de_Primera_C_2022_(Argentina)
2022-05-02,15:30,Claypole,Luján,0,0,,,Primera C,2022,zonas,Torneo Apertura,Fecha 12,Rodolfo Capocasa,false,https://es.wikipedia.org/wiki/Campeonato_de_Primera_C_2022_(Argentina)
2022-05-02,15:30,Fénix,J. J. de Urquiza,0,0,,,Primera B,2022,zonas,Torneo Apertura,Fecha 12,José Manuel Moreno,false,https://es.wikipedia.org/wiki/Campeonato_de_Primera_B_2022_(Argentina)
2022-05-02,15:30,Leandro N. Alem,El Porvenir,2,1,,,Primera C,2022,zonas,Torneo Apertura,Fecha 12,Leandro N. Alem,false,https://es.wikipedia.org/wiki/Campeonato_de_Primera_C_2022_(Argentina)
2022-05-02,15:30,San Miguel,Argentino de Quilmes,1,0,,,Primera B,2022,zonas,Torneo Apertura,Fecha 12,Malvinas Argentinas,false,https://es.wikipedia.org/wiki/Campeonato_de_Primera_B_2022_(Argentina)
2022-05-02,17:00,Excursionistas,Puerto Nuevo,2,0,,,Primera C,2022,zonas,Torneo Apertura,Fecha 12,Excursionistas,false,https://es.wikipedia.org/wiki/Campeonato_de_Primera_C_2022_(Argentina)
2022-05-02,17:00,Ferrocarril Midland,Berazategui,2,0,,,Primera C,2022,zonas,Torneo Apertura,Fecha 12,Ciudad de Libertad,false,https://es.wikipedia.org/wiki/Campeonato_de_Primera_C_2022_(Argentina)
2022-05-02,19:00,Godoy Cruz,Central Córdoba (SdE),1,0,,,Copa de la Liga,2022,zonas,Zona B,Fecha 13,Malvinas Argentinas,false,https://es.wikipedia.org/wiki/Copa_de_la_Liga_Profesional_2022
2022-05-02,19:00,Unión,Defensa y Justicia,1,2,,,Copa de la Liga,2022,zonas,Zona A,Fecha 13,15 de Abril,false,https://es.wikipedia.org/wiki/Copa_de_la_Liga_Profesional_2022
2022-05-02,20:00,Sportivo Italiano,San Martín (B),4,1,,,Primera C,2022,zonas,Torneo Apertura,Fecha 12,República de Italia,false,https://es.wikipedia.org/wiki/Campeonato_de_Primera_C_2022_(Argentina)
2022-05-02,21:30,Huracán,Rosario Central,2,1,,,Copa de la Liga,2022,zonas,Zona B,Fecha 13,Tomás Adolfo Ducó,false,https://es.wikipedia.org/wiki/Copa_de_la_Liga_Profesional_2022
2022-05-02,21:30,Platense,Argentinos Juniors,1,1,,,Copa de la Liga,2022,zonas,Zona A,Fecha 13,Ciudad de Vicente López,false,https://es.wikipedia.org/wiki/Copa_de_la_Liga_Profesional_2022
2022-05-03,,Aldosivi,Colegiales,1,1,3,2,Copa Argentina,2022,eliminacion,,Treintaidosavos,Julio César Villagra,true,https://es.wikipedia.org/wiki/Copa_Argentina_2022
2022-05-04,,Newell's Old Boys,Ituzaingó,3,1,,,Copa Argentina,2022,eliminacion,,Treintaidosavos,Presbítero Bartolomé Grella,true,https://es.wikipedia.org/wiki/Copa_Argentina_2022
2022-05-04,,Sarmiento (J),Flandria,0,2,,,Copa Argentina,2022,eliminacion,,Treintaidosavos,Julio César Villagra,true,https://es.wikipedia.org/wiki/Copa_Argentina_2022
2022-05-06,15:30,Argentino de Merlo,Excursionistas,1,0,,,Primera C,2022,zonas,Torneo Apertura,Fecha 13,Merlo,false,https://es.wikipedia.org/wiki/Campeonato_de_Primera_C_2022_(Argentina)
2022-05-06,15:30,Berazategui,Liniers,1,1,,,Primera C,2022,zonas,Torneo Apertura,Fecha 13,Norman Lee,false,https://es.wikipedia.org/wiki/Campeonato_de_Primera_C_2022_(Argentina)
2022-05-06,15:30,El Porvenir,Sportivo Italiano,1,0,,,Primera C,2022,zonas,Torneo Apertura,Fecha 13,Gildo Francisco Ghersinich,false,https://es.wikipedia.org/wiki/Campeonato_de_Primera_C_2022_(Argentina)
2022-05-06,15:30,General Lamadrid,Ferrocarril Midland,2,0,,,Primera C,2022,zonas,Torneo Apertura,Fecha 13,Enrique Sexto,false,https://es.wikipedia.org/wiki/Campeonato_de_Primera_C_2022_(Argentina)
2022-05-06,15:30,Luján,Victoriano Arenas,3,2,,,Primera C,2022,zonas,Torneo Apertura,Fecha 13,Municipal de la Ciudad de Luján,false,https://es.wikipedia.org/wiki/Campeonato_de_Primera_C_2022_(Argentina)
2022-05-06,15:30,Puerto Nuevo,Atlas,0,2,,,Primera C,2022,zonas,Torneo Apertura,Fecha 13,Rubén Carlos Vallejos,false,https://es.wikipedia.org/wiki/Campeonato_de_Primera_C_2022_(Argentina)
2022-05-06,15:30,San Martín (B),Central Córdoba (R),1,1,,,Primera C,2022,zonas,Torneo Apertura,Fecha 13,Francisco Boga,false,https://es.wikipedia.org/wiki/Campeonato_de_Primera_C_2022_(Argentina)
2022-05-06,18:30,San Lorenzo,Racing Club,1,1,,,Copa de la Liga,2022,zonas,Zona A,Fecha 14,Nuevo Gasómetro,false,https://es.wikipedia.org/wiki/Copa_de_la_Liga_Profesional_2022
2022-05-06,19:00,Real Pilar,Deportivo Español,2,1,,,Primera C,2022,zonas,Torneo Apertura,Fecha 13,Carlos Barraza,false,https://es.wikipedia.org/wiki/Campeonato_de_Primera_C_2022_(Argentina)
2022-05-06,19:15,Deportivo Laferrere,Claypole,0,0,,,Primera C,2022,zonas,Torneo Apertura,Fecha 13,Ciudad de Laferrere,false,https://es.wikipedia.org/wiki/Campeonato_de_Primera_C_2022_(Argentina)
2022-05-06,20:00,Defensores de Belgrano (VR),Crucero del Norte,1,2,,,Torneo Federal A,2022,zonas,Zona Norte,Fecha 7,Salomón Boeseldín,false,https://es.wikipedia.org/wiki/Torneo_Federal_A_2022
2022-05-06,20:30,Racing Club,Gimnasia y Esgrima (CdU),1,0,,,Torneo Federal A,2022,zonas,Zona Norte,Fecha 7,Miguel Sancho,false,https://es.wikipedia.org/wiki/Torneo_Federal_A_2022
2022-05-06,20:30,Sarmiento (R),Boca Unidos,0,0,,,Torneo Federal A,2022,zonas,Zona Norte,Fecha 7,Centenario,false,https://es.wikipedia.org/wiki/Torneo_Federal_A_2022
2022-05-06,21:00,Sportivo Belgrano,Juventud Unida (G),2,0,,,Torneo Federal A,2022,zonas,Zona Norte,Fecha 7,Oscar Carlos Boero,false,https://es.wikipedia.org/wiki/Torneo_Federal_A_2022
2022-05-06,21:30,Barracas Central,Godoy Cruz,3,1,,,Copa de la Liga,2022,zonas,Zona B,Fecha 14,Ciudad de Lanús,false,https://es.wikipedia.org/wiki/Copa_de_la_Liga_Profesional_2022
2022-05-06,21:30,Central Norte (S),Sportivo Las Parejas,3,1,,,Torneo Federal A,2022,zonas,Zona Norte,Fecha 7,Padre Ernesto Martearena,false,https://es.wikipedia.org/wiki/Torneo_Federal_A_2022
2022-05-06,21:30,Desamparados,Cipolletti,1,1,,,Torneo Federal A,2022,zonas,Zona Sur,Fecha 7,El Serpentario,false,https://es.wikipedia.org/wiki/Torneo_Federal_A_2022
2022-05-06,21:30,Sportivo Estudiantes (SL),Ciudad de Bolívar,1,0,,,Torneo Federal A,2022,zonas,Zona Sur,Fecha 7,Héctor Odicino y Pedro Benoza,false,https://es.wikipedia.org/wiki/Torneo_Federal_A_2022
2022-05-07,13:45,Douglas Haig,Juventud Antoniana,1,0,,,Torneo Federal A,2022,zonas,Zona Norte,Fecha 7,Miguel Morales,false,https://es.wikipedia.org/wiki/Torneo_Federal_A_2022
2022-05-07,14:10,Comunicaciones,Ituzaingó,2,1,,,Primera B,2022,zonas,Torneo Apertura,Fecha 13,Alfredo Ramos,false,https://es.wikipedia.org/wiki/Campeonato_de_Primera_B_2022_(Argentina)
2022-05-07,15:00,Sol de Mayo (V),Sportivo Peñarol (C),1,0,,,Torneo Federal A,2022,zonas,Zona Sur,Fecha 7,Sol de Mayo,false,https://es.wikipedia.org/wiki/Torneo_Federal_A_2022
2022-05-07,15:30,Acassuso,Dock Sud,1,1,,,Primera B,2022,zonas,Torneo Apertura,Fecha 13,Armenia,false,https://es.wikipedia.org/wiki/Campeonato_de_Primera_B_2022_(Argentina)
2022-05-07,15:30,Defensores de Pronunciamiento,Gimnasia y Tiro (S),0,1,,,Torneo Federal A,2022,zonas,Zona Norte,Fecha 7,Delio Cardozo,false,https://es.wikipedia.org/wiki/Torneo_Federal_A_2022
2022-05-07,15:30,Deportivo Camioneros,Villa Mitre,0,0,,,Torneo Federal A,2022,zonas,Zona Sur,Fecha 7,Hugo Moyano,false,https://es.wikipedia.org/wiki/Torneo_Federal_A_2022
2022-05-07,15:30,Independiente (C),Huracán Las Heras,0,1,,,Torneo Federal A,2022,zonas,Zona Sur,Fecha 7,Raúl Orlando Lungarzo,false,https://es.wikipedia.org/wiki/Torneo_Federal_A_2022
2022-05-07,15:30,Olimpo,Sansinena,3,0,,,Torneo Federal A,2022,zonas,Zona Sur,Fecha 7,Roberto N. Carminatti,false,https://es.wikipedia.org/wiki/Torneo_Federal_A_2022
2022-05-07,16:00,Círculo Deportivo,Juventud Unida Universitario,1,0,,,Torneo Federal A,2022,zonas,Zona Sur,Fecha 7,Guillermo Trama,false,https://es.wikipedia.org/wiki/Torneo_Federal_A_2022
2022-05-07,16:00,San Martín (F),Atlético Paraná,1,1,,,Torneo Federal A,2022,zonas,Zona Norte,Fecha 7,17 de Octubre,false,https://es.wikipedia.org/wiki/Torneo_Federal_A_2022
2022-05-07,16:30,Aldosivi,Arsenal,1,2,,,Copa de la Liga,2022,zonas,Zona B,Fecha 14,José María Minella,false,https://es.wikipedia.org/wiki/Copa_de_la_Liga_Profesional_2022
2022-05-07,16:30,Independiente,Huracán,3,0,,,Copa de la Liga,2022,zonas,Zona B,Fecha 14,Libertadores de América Ricardo Bochini,false,https://es.wikipedia.org/wiki/Copa_de_la_Liga_Profesional_2022
2022-05-07,16:30,Tigre,Boca Juniors,0,2,,,Copa de la Liga,2022,zonas,Zona B,Fecha 14,Coliseo de Victoria,false,https://es.wikipedia.org/wiki/Copa_de_la_Liga_Profesional_2022
2022-05-07,19:00,Argentino (MM),Ferro Carril Oeste (GP),0,1,,,Torneo Federal A,2022,zonas,Zona Sur,Fecha 7,Modesto Marrone,false,https://es.wikipedia.org/wiki/Torneo_Federal_A_2022
2022-05-07,19:00,Rosario Central,Estudiantes (LP),3,1,,,Copa de la Liga,2022,zonas,Zona B,Fecha 14,Gigante de Arroyito,false,https://es.wikipedia.org/wiki/Copa_de_la_Liga_Profesional_2022
2022-05-08,13:30,Talleres (RdE),Defensores Unidos,2,1,,,Primera B,2022,zonas,Torneo Apertura,Fecha 13,Pablo Comelli,false,https://es.wikipedia.org/wiki/Campeonato_de_Primera_B_2022_(Argentina)
2022-05-08,15:30,Cañuelas,Fénix,2,0,,,Primera B,2022,zonas,Torneo Apertura,Fecha 13,Jorge Alfredo Arín,false,https://es.wikipedia.org/wiki/Campeonato_de_Primera_B_2022_(Argentina)
2022-05-08,15:30,Colegiales,UAI Urquiza,2,1,,,Primera B,2022,zonas,Torneo Apertura,Fecha 13,Colegiales,false,https://es.wikipedia.org/wiki/Campeonato_de_Primera_B_2022_(Argentina)
2022-05-08,15:30,Deportivo Merlo,Villa San Carlos,1,2,,,Primera B,2022,zonas,Torneo Apertura,Fecha 13,José Manuel Moreno,false,https://es.wikipedia.org/wiki/Campeonato_de_Primera_B_2022_(Argentina)
2022-05-08,15:30,J. J. de Urquiza,San Miguel,3,0,,,Primera B,2022,zonas,Torneo Apertura,Fecha 13,Ramón Roque Martín,false,https://es.wikipedia.org/wiki/Campeonato_de_Primera_B_2022_(Argentina)
2022-05-08,16:00,Argentinos Juniors,Unión,2,1,,,Copa de la Liga,2022,zonas,Zona A,Fecha 14,Diego Armando Maradona,false,https://es.wikipedia.org/wiki/Copa_de_la_Liga_Profesional_2022
2022-05-08,16:00,Defensa y Justicia,Patronato,1,0,,,Copa de la Liga,2022,zonas,Zona A,Fecha 14,Norberto Tomaghello,false,https://es.wikipedia.org/wiki/Copa_de_la_Liga_Profesional_2022
2022-05-08,16:00,Gimnasia y Esgrima (LP),Newell's Old Boys,3,1,,,Copa de la Liga,2022,zonas,Zona A,Fecha 14,Del Bosque,false,https://es.wikipedia.org/wiki/Copa_de_la_Liga_Profesional_2022
2022-05-08,16:00,Talleres (C),Sarmiento (J),1,0,,,Copa de la Liga,2022,zonas,Zona A,Fecha 14,Mario Alberto Kempes,false,https://es.wikipedia.org/wiki/Copa_de_la_Liga_Profesional_2022
2022-05-08,21:00,River Plate,Platense,2,1,,,Copa de la Liga,2022,zonas,Zona A,Fecha 14,Mâs Monumental,false,https://es.wikipedia.org/wiki/Copa_de_la_Liga_Profesional_2022
2022-05-09,15:30,Argentino de Quilmes,Deportivo Armenio,1,1,,,Primera B,2022,zonas,Torneo Apertura,Fecha 13,Argentino de Quilmes,false,https://es.wikipedia.org/wiki/Campeonato_de_Primera_B_2022_(Argentina)
2022-05-09,19:00,Central Córdoba (SdE),Lanús,3,3,,,Copa de la Liga,2022,zonas,Zona B,Fecha 14,Alfredo Terrera,false,https://es.wikipedia.org/wiki/Copa_de_la_Liga_Profesional_2022
2022-05-09,19:00,Colón,Vélez Sarsfield,1,2,,,Copa de la Liga,2022,zonas,Zona B,Fecha 14,Brigadier General Estanislao López,false,https://es.wikipedia.org/wiki/Copa_de_la_Liga_Profesional_2022
2022-05-09,21:30,Banfield,Atlético Tucumán,1,1,,,Copa de la Liga,2022,zonas,Zona A,Fecha 14,Florencio Sola,false,https://es.wikipedia.org/wiki/Copa_de_la_Liga_Profesional_2022
2022-05-10,15:30,Atlas,Argentino de Merlo,1,1,,,Primera C,2022,zonas,Torneo Apertura,Fecha 14,Ricardo Puga,false,https://es.wikipedia.org/wiki/Campeonato_de_Primera_C_2022_(Argentina)
2022-05-10,15:30,Central Córdoba (R),El Porvenir,1,0,,,Primera C,2022,zonas,Torneo Apertura,Fecha 14,Gabino Sosa,false,https://es.wikipedia.org/wiki/Campeonato_de_Primera_C_2022_(Argentina)
2022-05-10,15:30,Claypole,Puerto Nuevo,1,0,,,Primera C,2022,zonas,Torneo Apertura,Fecha 14,Rodolfo Capocasa,false,https://es.wikipedia.org/wiki/Campeonato_de_Primera_C_2022_(Argentina)
2022-05-10,15:30,Deportivo Español,San Martín (B),4,1,,,Primera C,2022,zonas,Torneo Apertura,Fecha 14,Nueva España,false,https://es.wikipedia.org/wiki/Campeonato_de_Primera_C_2022_(Argentina)
2022-05-10,15:30,Liniers,General Lamadrid,4,0,,,Primera C,2022,zonas,Torneo Apertura,Fecha 14,Juan Antonio Arias,false,https://es.wikipedia.org/wiki/Campeonato_de_Primera_C_2022_(Argentina)
2022-05-10,15:30,Victoriano Arenas,Deportivo Laferrere,0,0,,,Primera C,2022,zonas,Torneo Apertura,Fecha 14,Saturnino Moure,false,https://es.wikipedia.org/wiki/Campeonato_de_Primera_C_2022_(Argentina)
2022-05-10,19:10,Excursionistas,Berazategui,5,0,,,Primera C,2022,zonas,Torneo Apertura,Fecha 14,Excursionistas,false,https://es.wikipedia.org/wiki/Campeonato_de_Primera_C_2022_(Argentina)
2022-05-10,19:15,Ferrocarril Midland,Real Pilar,2,0,,,Primera C,2022,zonas,Torneo Apertura,Fecha 14,Ciudad de Libertad,false,https://es.wikipedia.org/wiki/Campeonato_de_Primera_C_2022_(Argentina)
2022-05-10,20:00,Sportivo Italiano,Leandro N. Alem,3,2,,,Primera C,2022,zonas,Torneo Apertura,Fecha 14,República de Italia,false,https://es.wikipedia.org/wiki/Campeonato_de_Primera_C_2022_(Argentina)
2022-05-11,14:00,Crucero del Norte,Central Norte (S),0,2,,,Torneo Federal A,2022,zonas,Zona Norte,Fecha 8,Andrés Guacurarí,false,https://es.wikipedia.org/wiki/Torneo_Federal_A_2022
2022-05-11,14:30,Juventud Unida (G),Sarmiento (R),1,0,,,Torneo Federal A,2022,zonas,Zona Norte,Fecha 8,De los Eucaliptos,false,https://es.wikipedia.org/wiki/Torneo_Federal_A_2022
2022-05-11,15:30,Atlético Paraná,Defensores de Pronunciamiento,2,3,,,Torneo Federal A,2022,zonas,Zona Norte,Fecha 8,Pedro Mutio,false,https://es.wikipedia.org/wiki/Torneo_Federal_A_2022
2022-05-11,15:30,Ciudad de Bolívar,Olimpo,2,0,,,Torneo Federal A,2022,zonas,Zona Sur,Fecha 8,Municipal Eva Perón,false,https://es.wikipedia.org/wiki/Torneo_Federal_A_2022
2022-05-11,15:30,Sansinena,Independiente (C),2,0,,,Torneo Federal A,2022,zonas,Zona Sur,Fecha 8,Luis Molina,false,https://es.wikipedia.org/wiki/Torneo_Federal_A_2022
2022-05-11,16:00,Juventud Unida Universitario,Liniers (BB),0,0,,,Torneo Federal A,2022,zonas,Zona Sur,Fecha 8,Mario Sebastián Diez,false,https://es.wikipedia.org/wiki/Torneo_Federal_A_2022
2022-05-11,16:00,Sportivo Peñarol (C),Argentino (MM),2,2,,,Torneo Federal A,2022,zonas,Zona Sur,Fecha 8,Ramón Pablo Rojas,false,https://es.wikipedia.org/wiki/Torneo_Federal_A_2022
2022-05-11,20:00,Villa Mitre,Sportivo Estudiantes (SL),2,0,,,Torneo Federal A,2022,zonas,Zona Sur,Fecha 8,El Fortín,false,https://es.wikipedia.org/wiki/Torneo_Federal_A_2022
2022-05-11,20:15,Cipolletti,Deportivo Camioneros,1,1,,,Torneo Federal A,2022,zonas,Zona Sur,Fecha 8,La Visera de Cemento,false,https://es.wikipedia.org/wiki/Torneo_Federal_A_2022
2022-05-11,20:15,Ferro Carril Oeste (GP),Círculo Deportivo,2,1,,,Torneo Federal A,2022,zonas,Zona Sur,Fecha 8,El Coloso del Barrio Talleres,false,https://es.wikipedia.org/wiki/Torneo_Federal_A_2022
2022-05-11,20:15,Sportivo Las Parejas,San Martín (F),2,1,,,Torneo Federal A,2022,zonas,Zona Norte,Fecha 8,4 de Septiembre,false,https://es.wikipedia.org/wiki/Torneo_Federal_A_2022
2022-05-11,20:30,Boca Unidos,Douglas Haig,1,0,,,Torneo Federal A,2022,zonas,Zona Norte,Fecha 8,Leoncio Benítez,false,https://es.wikipedia.org/wiki/Torneo_Federal_A_2022
2022-05-11,20:45,Gimnasia y Esgrima (CdU),Sportivo Belgrano,3,0,,,Torneo Federal A,2022,zonas,Zona Norte,Fecha 8,Manuel y Ramón Núñez,false,https://es.wikipedia.org/wiki/Torneo_Federal_A_2022
2022-05-11,21:30,Gimnasia y Tiro (S),Unión (S),2,1,,,Torneo Federal A,2022,zonas,Zona Norte,Fecha 8,Gigante del Norte,false,https://es.wikipedia.org/wiki/Torneo_Federal_A_2022
2022-05-11,22:00,Juventud Antoniana,Defensores de Belgrano (VR),0,0,,,Torneo Federal A,2022,zonas,Zona Norte,Fecha 8,Padre Ernesto Martearena,false,https://es.wikipedia.org/wiki/Torneo_Federal_A_2022
2022-05-12,,Barracas Central,Acassuso,4,1,,,Copa Argentina,2022,eliminacion,,Treintaidosavos,Ciudad de Caseros,true,https://es.wikipedia.org/wiki/Copa_Argentina_2022
2022-05-12,,Patronato,Deportivo Morón,2,0,,,Copa Argentina,2022,eliminacion,,Treintaidosavos,Brigadier General Estanislao López,true,https://es.wikipedia.org/wiki/Copa_Argentina_2022
2022-05-13,,Godoy Cruz,Tristán Suárez,2,0,,,Copa Argentina,2022,eliminacion,,Treintaidosavos,Juan Gilberto Funes,true,https://es.wikipedia.org/wiki/Copa_Argentina_2022
2022-05-14,15:30,Defensores Unidos,Deportivo Merlo,0,1,,,Primera B,2022,zonas,Torneo Apertura,Fecha 14,Gigante de Villa Fox,false,https://es.wikipedia.org/wiki/Campeonato_de_Primera_B_2022_(Argentina)
2022-05-14,15:30,Deportivo Armenio,J. J. de Urquiza,0,0,,,Primera B,2022,zonas,Torneo Apertura,Fecha 14,Armenia,false,https://es.wikipedia.org/wiki/Campeonato_de_Primera_B_2022_(Argentina)
2022-05-14,15:30,General Lamadrid,Excursionistas,2,2,,,Primera C,2022,zonas,Torneo Apertura,Fecha 15,Enrique Sexto,false,https://es.wikipedia.org/wiki/Campeonato_de_Primera_C_2022_(Argentina)
2022-05-14,15:30,San Miguel,Cañuelas,1,1,,,Primera B,2022,zonas,Torneo Apertura,Fecha 14,Malvinas Argentinas,false,https://es.wikipedia.org/wiki/Campeonato_de_Primera_B_2022_(Argentina)
2022-05-14,15:30,Villa San Carlos,Colegiales,3,1,,,Primera B,2022,zonas,Torneo Apertura,Fecha 14,Genacio Sálice,false,https://es.wikipedia.org/wiki/Campeonato_de_Primera_B_2022_(Argentina)
2022-05-15,11:00,Liniers (BB),Ferro Carril Oeste (GP),1,1,,,Torneo Federal A,2022,zonas,Zona Sur,Fecha 9,Alejandro Pérez,false,https://es.wikipedia.org/wiki/Torneo_Federal_A_2022
2022-05-15,15:15,Douglas Haig,Juventud Unida (G),3,2,,,Torneo Federal A,2022,zonas,Zona Norte,Fecha 9,Miguel Morales,false,https://es.wikipedia.org/wiki/Torneo_Federal_A_2022
2022-05-15,15:30,Argentino (MM),Huracán Las Heras,1,0,,,Torneo Federal A,2022,zonas,Zona Sur,Fecha 9,Modesto Marrone,false,https://es.wikipedia.org/wiki/Torneo_Federal_A_2022
2022-05-15,15:30,Argentino de Merlo,Claypole,0,2,,,Primera C,2022,zonas,Torneo Apertura,Fecha 15,Merlo,false,https://es.wikipedia.org/wiki/Campeonato_de_Primera_C_2022_(Argentina)
2022-05-15,15:30,Berazategui,Atlas,0,1,,,Primera C,2022,zonas,Torneo Apertura,Fecha 15,Norman Lee,false,https://es.wikipedia.org/wiki/Campeonato_de_Primera_C_2022_(Argentina)
2022-05-15,15:30,Círculo Deportivo,Sportivo Peñarol (C),2,2,,,Torneo Federal A,2022,zonas,Zona Sur,Fecha 9,Guillermo Trama,false,https://es.wikipedia.org/wiki/Torneo_Federal_A_2022
2022-05-15,15:30,Defensores de Pronunciamiento,Sportivo Las Parejas,2,1,,,Torneo Federal A,2022,zonas,Zona Norte,Fecha 9,Delio Cardozo,false,https://es.wikipedia.org/wiki/Torneo_Federal_A_2022
2022-05-15,15:30,Deportivo Camioneros,Desamparados,2,0,,,Torneo Federal A,2022,zonas,Zona Sur,Fecha 9,Hugo Moyano,false,https://es.wikipedia.org/wiki/Torneo_Federal_A_2022
2022-05-15,15:30,Deportivo Laferrere,Luján,0,0,,,Primera C,2022,zonas,Torneo Apertura,Fecha 15,Ciudad de Laferrere,false,https://es.wikipedia.org/wiki/Campeonato_de_Primera_C_2022_(Argentina)
2022-05-15,15:30,Dock Sud,Argentino de Quilmes,0,2,,,Primera B,2022,zonas,Torneo Apertura,Fecha 14,De los Inmigrantes,false,https://es.wikipedia.org/wiki/Campeonato_de_Primera_B_2022_(Argentina)
2022-05-15,15:30,El Porvenir,Deportivo Español,0,2,,,Primera C,2022,zonas,Torneo Apertura,Fecha 15,Gildo Francisco Ghersinich,false,https://es.wikipedia.org/wiki/Campeonato_de_Primera_C_2022_(Argentina)
2022-05-15,15:30,Independiente (C),Ciudad de Bolívar,0,0,,,Torneo Federal A,2022,zonas,Zona Sur,Fecha 9,Raúl Orlando Lungarzo,false,https://es.wikipedia.org/wiki/Torneo_Federal_A_2022
2022-05-15,15:30,Leandro N. Alem,Central Córdoba (R),0,0,,,Primera C,2022,zonas,Torneo Apertura,Fecha 15,Leandro N. Alem,false,https://es.wikipedia.org/wiki/Campeonato_de_Primera_C_2022_(Argentina)
2022-05-15,15:30,Olimpo,Villa Mitre,2,0,,,Torneo Federal A,2022,zonas,Zona Sur,Fecha 9,Roberto N. Carminatti,false,https://es.wikipedia.org/wiki/Torneo_Federal_A_2022
2022-05-15,15:30,Puerto Nuevo,Victoriano Arenas,0,1,,,Primera C,2022,zonas,Torneo Apertura,Fecha 15,Rubén Carlos Vallejos,false,https://es.wikipedia.org/wiki/Campeonato_de_Primera_C_2022_(Argentina)
2022-05-15,15:30,Real Pilar,Liniers,1,1,,,Primera C,2022,zonas,Torneo Apertura,Fecha 15,Carlos Barraza,false,https://es.wikipedia.org/wiki/Campeonato_de_Primera_C_2022_(Argentina)
2022-05-15,15:30,San Martín (B),Ferrocarril Midland,1,1,,,Primera C,2022,zonas,Torneo Apertura,Fecha 15,Francisco Boga,false,https://es.wikipedia.org/wiki/Campeonato_de_Primera_C_2022_(Argentina)
2022-05-15,15:30,Sarmiento (R),Gimnasia y Esgrima (CdU),0,0,,,Torneo Federal A,2022,zonas,Zona Norte,Fecha 9,Centenario,false,https://es.wikipedia.org/wiki/Torneo_Federal_A_2022
2022-05-15,15:30,UAI Urquiza,Acassuso,1,1,,,Primera B,2022,zonas,Torneo Apertura,Fecha 14,Monumental de Villa Lynch,false,https://es.wikipedia.org/wiki/Campeonato_de_Primera_B_2022_(Argentina)
2022-05-15,15:30,Unión (S),Atlético Paraná,1,0,,,Torneo Federal A,2022,zonas,Zona Norte,Fecha 9,De la Avenida,false,https://es.wikipedia.org/wiki/Torneo_Federal_A_2022
2022-05-15,16:00,Defensores de Belgrano (VR),Boca Unidos,0,1,,,Torneo Federal A,2022,zonas,Zona Norte,Fecha 9,Salomón Boeseldín,false,https://es.wikipedia.org/wiki/Torneo_Federal_A_2022
2022-05-15,16:00,San Martín (F),Crucero del Norte,1,1,,,Torneo Federal A,2022,zonas,Zona Norte,Fecha 9,17 de Octubre,false,https://es.wikipedia.org/wiki/Torneo_Federal_A_2022
2022-05-15,16:30,Sportivo Belgrano,Racing Club,0,0,,,Torneo Federal A,2022,zonas,Zona Norte,Fecha 9,Oscar Carlos Boero,false,https://es.wikipedia.org/wiki/Torneo_Federal_A_2022
2022-05-15,17:00,Central Norte (S),Juventud Antoniana,1,0,,,Torneo Federal A,2022,zonas,Zona Norte,Fecha 9,Padre Ernesto Martearena,false,https://es.wikipedia.org/wiki/Torneo_Federal_A_2022
2022-05-15,18:00,Ituzaingó,Los Andes,2,2,,,Primera B,2022,zonas,Torneo Apertura,Fecha 14,Carlos Alberto Sacaan,false,https://es.wikipedia.org/wiki/Campeonato_de_Primera_B_2022_(Argentina)
2022-05-15,18:00,Sportivo Estudiantes (SL),Cipolletti,3,1,,,Torneo Federal A,2022,zonas,Zona Sur,Fecha 9,Héctor Odicino y Pedro Benoza,false,https://es.wikipedia.org/wiki/Torneo_Federal_A_2022
2022-05-17,15:30,Sol de Mayo (V),Sansinena,0,4,,,Torneo Federal A,2022,zonas,Zona Sur,Fecha 9,Sol de Mayo,false,https://es.wikipedia.org/wiki/Torneo_Federal_A_2022
2022-05-17,15:35,Fénix,Comunicaciones,1,2,,,Primera B,2022,zonas,Torneo Apertura,Fecha 14,José Manuel Moreno,false,https://es.wikipedia.org/wiki/Campeonato_de_Primera_B_2022_(Argentina)
2022-05-20,15:30,Atlas,General Lamadrid,1,3,,,Primera C,2022,zonas,Torneo Apertura,Fecha 16,Ricardo Puga,false,https://es.wikipedia.org/wiki/Campeonato_de_Primera_C_2022_(Argentina)
2022-05-20,21:30,Desamparados,Sportivo Estudiantes (SL),0,0,,,Torneo Federal A,2022,zonas,Zona Sur,Fecha 10,El Serpentario,false,https://es.wikipedia.org/wiki/Torneo_Federal_A_2022
2022-05-21,13:00,Deportivo Merlo,Talleres (RdE),0,0,,,Primera B,2022,zonas,Torneo Apertura,Fecha 15,José Manuel Moreno,false,https://es.wikipedia.org/wiki/Campeonato_de_Primera_B_2022_(Argentina)
2022-05-21,15:00,Ferro Carril Oeste (GP),Juventud Unida Universitario,0,1,,,Torneo Federal A,2022,zonas,Zona Sur,Fecha 10,El Coloso del Barrio Talleres,false,https://es.wikipedia.org/wiki/Torneo_Federal_A_2022
2022-05-21,15:30,Acassuso,Villa San Carlos,0,1,,,Primera B,2022,zonas,Torneo Apertura,Fecha 15,Armenia,false,https://es.wikipedia.org/wiki/Campeonato_de_Primera_B_2022_(Argentina)
2022-05-21,15:30,Argentino de Quilmes,UAI Urquiza,1,2,,,Primera B,2022,zonas,Torneo Apertura,Fecha 15,Argentino de Quilmes,false,https://es.wikipedia.org/wiki/Campeonato_de_Primera_B_2022_(Argentina)
2022-05-21,15:30,Cañuelas,Deportivo Armenio,5,0,,,Primera B,2022,zonas,Torneo Apertura,Fecha 15,Jorge Alfredo Arín,false,https://es.wikipedia.org/wiki/Campeonato_de_Primera_B_2022_(Argentina)
2022-05-21,15:30,Central Córdoba (R),Sportivo Italiano,1,3,,,Primera C,2022,zonas,Torneo Apertura,Fecha 16,Gabino Sosa,false,https://es.wikipedia.org/wiki/Campeonato_de_Primera_C_2022_(Argentina)
2022-05-21,15:30,Colegiales,Defensores Unidos,1,0,,,Primera B,2022,zonas,Torneo Apertura,Fecha 15,Colegiales,false,https://es.wikipedia.org/wiki/Campeonato_de_Primera_B_2022_(Argentina)
2022-05-21,15:30,J. J. de Urquiza,Dock Sud,0,0,,,Primera B,2022,zonas,Torneo Apertura,Fecha 15,Ramón Roque Martín,false,https://es.wikipedia.org/wiki/Campeonato_de_Primera_B_2022_(Argentina)
2022-05-21,15:30,Liniers,San Martín (B),2,1,,,Primera C,2022,zonas,Torneo Apertura,Fecha 16,Juan Antonio Arias,false,https://es.wikipedia.org/wiki/Campeonato_de_Primera_C_2022_(Argentina)
2022-05-21,16:00,Crucero del Norte,Defensores de Pronunciamiento,0,0,,,Torneo Federal A,2022,zonas,Zona Norte,Fecha 10,Andrés Guacurarí,false,https://es.wikipedia.org/wiki/Torneo_Federal_A_2022
2022-05-21,17:10,Los Andes,Fénix,2,0,,,Primera B,2022,zonas,Torneo Apertura,Fecha 15,Eduardo Gallardón,false,https://es.wikipedia.org/wiki/Campeonato_de_Primera_B_2022_(Argentina)
2022-05-21,20:05,Ferrocarril Midland,El Porvenir,1,1,,,Primera C,2022,zonas,Torneo Apertura,Fecha 16,Ciudad de Libertad,false,https://es.wikipedia.org/wiki/Campeonato_de_Primera_C_2022_(Argentina)
2022-05-22,11:00,Boca Unidos,Central Norte (S),3,3,,,Torneo Federal A,2022,zonas,Zona Norte,Fecha 10,Leoncio Benítez,false,https://es.wikipedia.org/wiki/Torneo_Federal_A_2022
2022-05-22,11:00,Cipolletti,Olimpo,0,2,,,Torneo Federal A,2022,zonas,Zona Sur,Fecha 10,La Visera de Cemento,false,https://es.wikipedia.org/wiki/Torneo_Federal_A_2022
2022-05-22,11:00,Luján,Puerto Nuevo,3,1,,,Primera C,2022,zonas,Torneo Apertura,Fecha 16,Municipal de la Ciudad de Luján,false,https://es.wikipedia.org/wiki/Campeonato_de_Primera_C_2022_(Argentina)
2022-05-22,11:00,Sportivo Las Parejas,Unión (S),3,1,,,Torneo Federal A,2022,zonas,Zona Norte,Fecha 10,4 de Septiembre,false,https://es.wikipedia.org/wiki/Torneo_Federal_A_2022
2022-05-22,11:00,Sportivo Peñarol (C),Liniers (BB),3,0,,,Torneo Federal A,2022,zonas,Zona Sur,Fecha 10,Ramón Pablo Rojas,false,https://es.wikipedia.org/wiki/Torneo_Federal_A_2022
2022-05-22,13:30,Comunicaciones,San Miguel,2,3,,,Primera B,2022,zonas,Torneo Apertura,Fecha 15,Alfredo Ramos,false,https://es.wikipedia.org/wiki/Campeonato_de_Primera_B_2022_(Argentina)
2022-05-22,14:00,Ciudad de Bolívar,Sol de Mayo (V),1,0,,,Torneo Federal A,2022,zonas,Zona Sur,Fecha 10,Municipal Eva Perón,false,https://es.wikipedia.org/wiki/Torneo_Federal_A_2022
2022-05-22,14:00,Claypole,Berazategui,0,2,,,Primera C,2022,zonas,Torneo Apertura,Fecha 16,Rodolfo Capocasa,false,https://es.wikipedia.org/wiki/Campeonato_de_Primera_C_2022_(Argentina)
2022-05-22,14:00,Deportivo Español,Leandro N. Alem,0,2,,,Primera C,2022,zonas,Torneo Apertura,Fecha 16,Nueva España,false,https://es.wikipedia.org/wiki/Campeonato_de_Primera_C_2022_(Argentina)
2022-05-22,14:00,Excursionistas,Real Pilar,2,0,,,Primera C,2022,zonas,Torneo Apertura,Fecha 16,Excursionistas,false,https://es.wikipedia.org/wiki/Campeonato_de_Primera_C_2022_(Argentina)
2022-05-22,14:00,Juventud Unida (G),Defensores de Belgrano (VR),1,2,,,Torneo Federal A,2022,zonas,Zona Norte,Fecha 10,De los Eucaliptos,false,https://es.wikipedia.org/wiki/Torneo_Federal_A_2022
2022-05-22,14:00,Victoriano Arenas,Argentino de Merlo,2,1,,,Primera C,2022,zonas,Torneo Apertura,Fecha 16,Saturnino Moure,false,https://es.wikipedia.org/wiki/Campeonato_de_Primera_C_2022_(Argentina)
2022-05-22,15:00,Atlético Paraná,Gimnasia y Tiro (S),0,0,,,Torneo Federal A,2022,zonas,Zona Norte,Fecha 10,Pedro Mutio,false,https://es.wikipedia.org/wiki/Torneo_Federal_A_2022
2022-05-22,15:30,Gimnasia y Esgrima (CdU),Douglas Haig,0,3,,,Torneo Federal A,2022,zonas,Zona Norte,Fecha 10,Manuel y Ramón Núñez,false,https://es.wikipedia.org/wiki/Torneo_Federal_A_2022
2022-05-22,15:30,Sansinena,Argentino (MM),3,1,,,Torneo Federal A,2022,zonas,Zona Sur,Fecha 10,Luis Molina,false,https://es.wikipedia.org/wiki/Torneo_Federal_A_2022
2022-05-22,15:30,Villa Mitre,Independiente (C),1,0,,,Torneo Federal A,2022,zonas,Zona Sur,Fecha 10,El Fortín,false,https://es.wikipedia.org/wiki/Torneo_Federal_A_2022
2022-05-22,16:00,Huracán Las Heras,Círculo Deportivo,1,0,,,Torneo Federal A,2022,zonas,Zona Sur,Fecha 10,Predio de FADEP,false,https://es.wikipedia.org/wiki/Torneo_Federal_A_2022
2022-05-22,19:00,Juventud Antoniana,San Martín (F),2,1,,,Torneo Federal A,2022,zonas,Zona Norte,Fecha 10,Padre Ernesto Martearena,false,https://es.wikipedia.org/wiki/Torneo_Federal_A_2022
2022-05-23,20:30,Racing Club,Sarmiento (R),1,1,,,Torneo Federal A,2022,zonas,Zona Norte,Fecha 10,Miguel Sancho,false,https://es.wikipedia.org/wiki/Torneo_Federal_A_2022
2022-05-24,,Huracán,Deportivo Madryn,0,0,3,4,Copa Argentina,2022,eliminacion,,Treintaidosavos,Marcelo Bielsa,true,https://es.wikipedia.org/wiki/Copa_Argentina_2022
2022-05-25,,Gimnasia y Esgrima (LP),Liniers (SJ),1,0,,,Copa Argentina,2022,eliminacion,,Treintaidosavos,Ciudad de Caseros,true,https://es.wikipedia.org/wiki/Copa_Argentina_2022
2022-05-25,,Platense,Belgrano,1,1,1,4,Copa Argentina,2022,eliminacion,,Treintaidosavos,Carlos Augusto Mercado Luna,true,https://es.wikipedia.org/wiki/Copa_Argentina_2022
2022-05-27,21:30,Sportivo Estudiantes (SL),Deportivo Camioneros,2,1,,,Torneo Federal A,2022,zonas,Zona Sur,Fecha 11,Héctor Odicino y Pedro Benoza,false,https://es.wikipedia.org/wiki/Torneo_Federal_A_2022
2022-05-28,13:05,Deportivo Armenio,Comunicaciones,0,2,,,Primera B,2022,zonas,Torneo Apertura,Fecha 16,Armenia,false,https://es.wikipedia.org/wiki/Campeonato_de_Primera_B_2022_(Argentina)
2022-05-28,13:05,Fénix,Ituzaingó,2,1,,,Primera B,2022,zonas,Torneo Apertura,Fecha 16,José Manuel Moreno,false,https://es.wikipedia.org/wiki/Campeonato_de_Primera_B_2022_(Argentina)
2022-05-28,15:30,Defensores Unidos,Acassuso,4,1,,,Primera B,2022,zonas,Torneo Apertura,Fecha 16,Gigante de Villa Fox,false,https://es.wikipedia.org/wiki/Campeonato_de_Primera_B_2022_(Argentina)
2022-05-28,15:30,Dock Sud,Cañuelas,2,2,,,Primera B,2022,zonas,Torneo Apertura,Fecha 16,De los Inmigrantes,false,https://es.wikipedia.org/wiki/Campeonato_de_Primera_B_2022_(Argentina)
2022-05-28,15:30,San Miguel,Los Andes,1,1,,,Primera B,2022,zonas,Torneo Apertura,Fecha 16,Malvinas Argentinas,false,https://es.wikipedia.org/wiki/Campeonato_de_Primera_B_2022_(Argentina)
2022-05-28,15:30,Talleres (RdE),Colegiales,0,1,,,Primera B,2022,zonas,Torneo Apertura,Fecha 16,Pablo Comelli,false,https://es.wikipedia.org/wiki/Campeonato_de_Primera_B_2022_(Argentina)
2022-05-28,15:30,UAI Urquiza,J. J. de Urquiza,1,2,,,Primera B,2022,zonas,Torneo Apertura,Fecha 16,Monumental de Villa Lynch,false,https://es.wikipedia.org/wiki/Campeonato_de_Primera_B_2022_(Argentina)
2022-05-28,15:30,Villa San Carlos,Argentino de Quilmes,1,2,,,Primera B,2022,zonas,Torneo Apertura,Fecha 16,Genacio Sálice,false,https://es.wikipedia.org/wiki/Campeonato_de_Primera_B_2022_(Argentina)
2022-05-28,19:00,Real Pilar,Atlas,1,1,,,Primera C,2022,zonas,Torneo Apertura,Fecha 17,Carlos Barraza,false,https://es.wikipedia.org/wiki/Campeonato_de_Primera_C_2022_(Argentina)
2022-05-29,13:30,Douglas Haig,Racing Club,0,0,,,Torneo Federal A,2022,zonas,Zona Norte,Fecha 11,Miguel Morales,false,https://es.wikipedia.org/wiki/Torneo_Federal_A_2022
2022-05-29,15:00,Defensores de Belgrano (VR),Gimnasia y Esgrima (CdU),3,1,,,Torneo Federal A,2022,zonas,Zona Norte,Fecha 11,Salomón Boeseldín,false,https://es.wikipedia.org/wiki/Torneo_Federal_A_2022
2022-05-29,15:00,Liniers (BB),Huracán Las Heras,1,1,,,Torneo Federal A,2022,zonas,Zona Sur,Fecha 11,Alejandro Pérez,false,https://es.wikipedia.org/wiki/Torneo_Federal_A_2022
2022-05-29,15:00,Sol de Mayo (V),Villa Mitre,0,0,,,Torneo Federal A,2022,zonas,Zona Sur,Fecha 11,Sol de Mayo,false,https://es.wikipedia.org/wiki/Torneo_Federal_A_2022
2022-05-29,15:30,Argentino de Merlo,Luján,0,1,,,Primera C,2022,zonas,Torneo Apertura,Fecha 17,Merlo,false,https://es.wikipedia.org/wiki/Campeonato_de_Primera_C_2022_(Argentina)
2022-05-29,15:30,Berazategui,Victoriano Arenas,4,0,,,Primera C,2022,zonas,Torneo Apertura,Fecha 17,Norman Lee,false,https://es.wikipedia.org/wiki/Campeonato_de_Primera_C_2022_(Argentina)
2022-05-29,15:30,Círculo Deportivo,Sansinena,1,2,,,Torneo Federal A,2022,zonas,Zona Sur,Fecha 11,Guillermo Trama,false,https://es.wikipedia.org/wiki/Torneo_Federal_A_2022
2022-05-29,15:30,Defensores de Pronunciamiento,Juventud Antoniana,1,0,,,Torneo Federal A,2022,zonas,Zona Norte,Fecha 11,Delio Cardozo,false,https://es.wikipedia.org/wiki/Torneo_Federal_A_2022
2022-05-29,15:30,El Porvenir,Liniers,1,0,,,Primera C,2022,zonas,Torneo Apertura,Fecha 17,Gildo Francisco Ghersinich,false,https://es.wikipedia.org/wiki/Campeonato_de_Primera_C_2022_(Argentina)
2022-05-29,15:30,General Lamadrid,Claypole,3,1,,,Primera C,2022,zonas,Torneo Apertura,Fecha 17,Enrique Sexto,false,https://es.wikipedia.org/wiki/Campeonato_de_Primera_C_2022_(Argentina)
2022-05-29,15:30,Independiente (C),Cipolletti,3,0,,,Torneo Federal A,2022,zonas,Zona Sur,Fecha 11,Raúl Orlando Lungarzo,false,https://es.wikipedia.org/wiki/Torneo_Federal_A_2022
2022-05-29,15:30,Juventud Unida Universitario,Sportivo Peñarol (C),0,0,,,Torneo Federal A,2022,zonas,Zona Sur,Fecha 11,Mario Sebastián Diez,false,https://es.wikipedia.org/wiki/Torneo_Federal_A_2022
2022-05-29,15:30,Leandro N. Alem,Ferrocarril Midland,1,3,,,Primera C,2022,zonas,Torneo Apertura,Fecha 17,Leandro N. Alem,false,https://es.wikipedia.org/wiki/Campeonato_de_Primera_C_2022_(Argentina)
2022-05-29,15:30,Olimpo,Desamparados,2,1,,,Torneo Federal A,2022,zonas,Zona Sur,Fecha 11,Roberto N. Carminatti,false,https://es.wikipedia.org/wiki/Torneo_Federal_A_2022
2022-05-29,15:30,Puerto Nuevo,Deportivo Laferrere,1,1,,,Primera C,2022,zonas,Torneo Apertura,Fecha 17,Rubén Carlos Vallejos,false,https://es.wikipedia.org/wiki/Campeonato_de_Primera_C_2022_(Argentina)
2022-05-29,15:30,San Martín (B),Excursionistas,2,4,,,Primera C,2022,zonas,Torneo Apertura,Fecha 17,Francisco Boga,false,https://es.wikipedia.org/wiki/Campeonato_de_Primera_C_2022_(Argentina)
2022-05-29,15:30,Sarmiento (R),Sportivo Belgrano,2,0,,,Torneo Federal A,2022,zonas,Zona Norte,Fecha 11,Centenario,false,https://es.wikipedia.org/wiki/Torneo_Federal_A_2022
2022-05-29,15:30,Sportivo Italiano,Deportivo Español,1,0,,,Primera C,2022,zonas,Torneo Apertura,Fecha 17,República de Italia,false,https://es.wikipedia.org/wiki/Campeonato_de_Primera_C_2022_(Argentina)
2022-05-29,16:00,Argentino (MM),Ciudad de Bolívar,4,1,,,Torneo Federal A,2022,zonas,Zona Sur,Fecha 11,Modesto Marrone,false,https://es.wikipedia.org/wiki/Torneo_Federal_A_2022
2022-05-29,16:00,Gimnasia y Tiro (S),Sportivo Las Parejas,0,1,,,Torneo Federal A,2022,zonas,Zona Norte,Fecha 11,Gigante del Norte,false,https://es.wikipedia.org/wiki/Torneo_Federal_A_2022
2022-05-29,16:00,San Martín (F),Boca Unidos,3,0,,,Torneo Federal A,2022,zonas,Zona Norte,Fecha 11,17 de Octubre,false,https://es.wikipedia.org/wiki/Torneo_Federal_A_2022
2022-05-29,16:30,Unión (S),Crucero del Norte,2,2,,,Torneo Federal A,2022,zonas,Zona Norte,Fecha 11,De la Avenida,false,https://es.wikipedia.org/wiki/Torneo_Federal_A_2022
2022-05-29,18:00,Central Norte (S),Juventud Unida (G),4,1,,,Torneo Federal A,2022,zonas,Zona Norte,Fecha 11,Padre Ernesto Martearena,false,https://es.wikipedia.org/wiki/Torneo_Federal_A_2022
2022-06-03,15:30,Deportivo Español,Central Córdoba (R),1,1,,,Primera C,2022,zonas,Torneo Apertura,Fecha 18,Nueva España,false,https://es.wikipedia.org/wiki/Campeonato_de_Primera_C_2022_(Argentina)
2022-06-03,20:00,Barracas Central,Central Córdoba (SdE),1,1,,,Primera Division,2022,zonas,,Fecha 1,Ciudad de Lanús,false,https://es.wikipedia.org/wiki/Campeonato_de_Primera_División_2022_(Argentina)
2022-06-04,12:00,Atlético Tucumán,Colón,1,1,,,Primera Division,2022,zonas,,Fecha 1,Monumental José Fierro,false,https://es.wikipedia.org/wiki/Campeonato_de_Primera_División_2022_(Argentina)
2022-06-04,12:00,Ituzaingó,San Miguel,1,0,,,Primera B,2022,zonas,Torneo Apertura,Fecha 17,Carlos Alberto Sacaan,false,https://es.wikipedia.org/wiki/Campeonato_de_Primera_B_2022_(Argentina)
2022-06-04,14:00,San Lorenzo,Independiente,1,1,,,Primera Division,2022,zonas,,Fecha 1,Nuevo Gasómetro,false,https://es.wikipedia.org/wiki/Campeonato_de_Primera_División_2022_(Argentina)
2022-06-04,15:00,Ciudad de Bolívar,Círculo Deportivo,1,0,,,Torneo Federal A,2022,zonas,Zona Sur,Fecha 12,Municipal Eva Perón,false,https://es.wikipedia.org/wiki/Torneo_Federal_A_2022
2022-06-04,15:00,Sansinena,Liniers (BB),3,1,,,Torneo Federal A,2022,zonas,Zona Sur,Fecha 12,Luis Molina,false,https://es.wikipedia.org/wiki/Torneo_Federal_A_2022
2022-06-04,15:30,Acassuso,Talleres (RdE),3,2,,,Primera B,2022,zonas,Torneo Apertura,Fecha 17,Armenia,false,https://es.wikipedia.org/wiki/Campeonato_de_Primera_B_2022_(Argentina)
2022-06-04,15:30,Argentino de Quilmes,Defensores Unidos,4,0,,,Primera B,2022,zonas,Torneo Apertura,Fecha 17,Argentino de Quilmes,false,https://es.wikipedia.org/wiki/Campeonato_de_Primera_B_2022_(Argentina)
2022-06-04,15:30,Cañuelas,UAI Urquiza,2,1,,,Primera B,2022,zonas,Torneo Apertura,Fecha 17,Jorge Alfredo Arín,false,https://es.wikipedia.org/wiki/Campeonato_de_Primera_B_2022_(Argentina)
2022-06-04,15:30,Claypole,Real Pilar,1,0,,,Primera C,2022,zonas,Torneo Apertura,Fecha 18,Rodolfo Capocasa,false,https://es.wikipedia.org/wiki/Campeonato_de_Primera_C_2022_(Argentina)
2022-06-04,15:30,Comunicaciones,Dock Sud,1,2,,,Primera B,2022,zonas,Torneo Apertura,Fecha 17,Alfredo Ramos,false,https://es.wikipedia.org/wiki/Campeonato_de_Primera_B_2022_(Argentina)
2022-06-04,15:30,Crucero del Norte,Gimnasia y Tiro (S),2,1,,,Torneo Federal A,2022,zonas,Zona Norte,Fecha 12,Andrés Guacurarí,false,https://es.wikipedia.org/wiki/Torneo_Federal_A_2022
2022-06-04,15:30,Luján,Berazategui,1,0,,,Primera C,2022,zonas,Torneo Apertura,Fecha 18,Municipal de la Ciudad de Luján,false,https://es.wikipedia.org/wiki/Campeonato_de_Primera_C_2022_(Argentina)
2022-06-04,16:30,Banfield,Newell's Old Boys,1,2,,,Primera Division,2022,zonas,,Fecha 1,Florencio Sola,false,https://es.wikipedia.org/wiki/Campeonato_de_Primera_División_2022_(Argentina)
2022-06-04,19:00,Patronato,Vélez Sarsfield,1,1,,,Primera Division,2022,zonas,,Fecha 1,Presbítero Bartolomé Grella,false,https://es.wikipedia.org/wiki/Campeonato_de_Primera_División_2022_(Argentina)
2022-06-04,19:00,Platense,Godoy Cruz,2,1,,,Primera Division,2022,zonas,,Fecha 1,Ciudad de Vicente López,false,https://es.wikipedia.org/wiki/Campeonato_de_Primera_División_2022_(Argentina)
2022-06-04,21:30,Racing Club,Huracán,2,0,,,Primera Division,2022,zonas,,Fecha 1,El Cilindro,false,https://es.wikipedia.org/wiki/Campeonato_de_Primera_División_2022_(Argentina)
2022-06-05,11:00,Deportivo Camioneros,Olimpo,1,2,,,Torneo Federal A,2022,zonas,Zona Sur,Fecha 12,Hugo Moyano,false,https://es.wikipedia.org/wiki/Torneo_Federal_A_2022
2022-06-05,11:00,Desamparados,Independiente (C),1,0,,,Torneo Federal A,2022,zonas,Zona Sur,Fecha 12,El Serpentario,false,https://es.wikipedia.org/wiki/Torneo_Federal_A_2022
2022-06-05,11:00,Huracán Las Heras,Juventud Unida Universitario,1,1,,,Torneo Federal A,2022,zonas,Zona Sur,Fecha 12,Predio de FADEP,false,https://es.wikipedia.org/wiki/Torneo_Federal_A_2022
2022-06-05,11:00,Juventud Antoniana,Unión (S),1,2,,,Torneo Federal A,2022,zonas,Zona Norte,Fecha 12,Padre Ernesto Martearena,false,https://es.wikipedia.org/wiki/Torneo_Federal_A_2022
2022-06-05,11:00,Juventud Unida (G),San Martín (F),1,0,,,Torneo Federal A,2022,zonas,Zona Norte,Fecha 12,De los Eucaliptos,false,https://es.wikipedia.org/wiki/Torneo_Federal_A_2022
2022-06-05,11:00,Sportivo Las Parejas,Atlético Paraná,0,0,,,Torneo Federal A,2022,zonas,Zona Norte,Fecha 12,4 de Septiembre,false,https://es.wikipedia.org/wiki/Torneo_Federal_A_2022
2022-06-05,11:15,Boca Unidos,Defensores de Pronunciamiento,0,0,,,Torneo Federal A,2022,zonas,Zona Norte,Fecha 12,Leoncio Benítez,false,https://es.wikipedia.org/wiki/Torneo_Federal_A_2022
2022-06-05,11:30,Sportivo Belgrano,Douglas Haig,0,0,,,Torneo Federal A,2022,zonas,Zona Norte,Fecha 12,Oscar Carlos Boero,false,https://es.wikipedia.org/wiki/Torneo_Federal_A_2022
2022-06-05,11:30,Sportivo Peñarol (C),Ferro Carril Oeste (GP),1,0,,,Torneo Federal A,2022,zonas,Zona Sur,Fecha 12,Ramón Pablo Rojas,false,https://es.wikipedia.org/wiki/Torneo_Federal_A_2022
2022-06-05,13:00,Atlas,San Martín (B),1,1,,,Primera C,2022,zonas,Torneo Apertura,Fecha 18,Ricardo Puga,false,https://es.wikipedia.org/wiki/Campeonato_de_Primera_C_2022_(Argentina)
2022-06-05,13:00,Colegiales,Deportivo Merlo,1,0,,,Primera B,2022,zonas,Torneo Apertura,Fecha 17,Colegiales,false,https://es.wikipedia.org/wiki/Campeonato_de_Primera_B_2022_(Argentina)
2022-06-05,13:00,Deportivo Laferrere,Argentino de Merlo,1,0,,,Primera C,2022,zonas,Torneo Apertura,Fecha 18,Ciudad de Laferrere,false,https://es.wikipedia.org/wiki/Campeonato_de_Primera_C_2022_(Argentina)
2022-06-05,13:00,Liniers,Leandro N. Alem,1,1,,,Primera C,2022,zonas,Torneo Apertura,Fecha 18,Juan Antonio Arias,false,https://es.wikipedia.org/wiki/Campeonato_de_Primera_C_2022_(Argentina)
2022-06-05,13:00,Los Andes,Deportivo Armenio,2,2,,,Primera B,2022,zonas,Torneo Apertura,Fecha 17,Eduardo Gallardón,false,https://es.wikipedia.org/wiki/Campeonato_de_Primera_B_2022_(Argentina)
2022-06-05,13:00,Talleres (C),Sarmiento (J),2,0,,,Primera Division,2022,zonas,,Fecha 1,Mario Alberto Kempes,false,https://es.wikipedia.org/wiki/Campeonato_de_Primera_División_2022_(Argentina)
2022-06-05,13:00,Unión,Tigre,1,2,,,Primera Division,2022,zonas,,Fecha 1,15 de Abril,false,https://es.wikipedia.org/wiki/Campeonato_de_Primera_División_2022_(Argentina)
2022-06-05,13:00,Victoriano Arenas,General Lamadrid,1,0,,,Primera C,2022,zonas,Torneo Apertura,Fecha 18,Saturnino Moure,false,https://es.wikipedia.org/wiki/Campeonato_de_Primera_C_2022_(Argentina)
2022-06-05,17:00,Estudiantes (LP),Gimnasia y Esgrima (LP),1,1,,,Primera Division,2022,zonas,,Fecha 1,Jorge Luis Hirschi,false,https://es.wikipedia.org/wiki/Campeonato_de_Primera_División_2022_(Argentina)
2022-06-05,17:15,Cipolletti,Sol de Mayo (V),1,1,,,Torneo Federal A,2022,zonas,Zona Sur,Fecha 12,La Visera de Cemento,false,https://es.wikipedia.org/wiki/Torneo_Federal_A_2022
2022-06-05,17:30,Gimnasia y Esgrima (CdU),Central Norte (S),0,0,,,Torneo Federal A,2022,zonas,Zona Norte,Fecha 12,Manuel y Ramón Núñez,false,https://es.wikipedia.org/wiki/Torneo_Federal_A_2022
2022-06-05,17:30,Racing Club,Defensores de Belgrano (VR),2,1,,,Torneo Federal A,2022,zonas,Zona Norte,Fecha 12,Miguel Sancho,false,https://es.wikipedia.org/wiki/Torneo_Federal_A_2022
2022-06-05,17:30,Villa Mitre,Argentino (MM),1,1,,,Torneo Federal A,2022,zonas,Zona Sur,Fecha 12,El Fortín,false,https://es.wikipedia.org/wiki/Torneo_Federal_A_2022
2022-06-05,19:00,Excursionistas,El Porvenir,0,0,,,Primera C,2022,zonas,Torneo Apertura,Fecha 18,Excursionistas,false,https://es.wikipedia.org/wiki/Campeonato_de_Primera_C_2022_(Argentina)
2022-06-05,19:00,Ferrocarril Midland,Sportivo Italiano,1,0,,,Primera C,2022,zonas,Torneo Apertura,Fecha 18,Ciudad de Libertad,false,https://es.wikipedia.org/wiki/Campeonato_de_Primera_C_2022_(Argentina)
2022-06-05,19:30,Boca Juniors,Arsenal,2,1,,,Primera Division,2022,zonas,,Fecha 1,La Bombonera,false,https://es.wikipedia.org/wiki/Campeonato_de_Primera_División_2022_(Argentina)
2022-06-05,21:30,Defensa y Justicia,River Plate,0,0,,,Primera Division,2022,zonas,,Fecha 1,Norberto Tomaghello,false,https://es.wikipedia.org/wiki/Campeonato_de_Primera_División_2022_(Argentina)
2022-06-06,15:30,J. J. de Urquiza,Villa San Carlos,0,4,,,Primera B,2022,zonas,Torneo Apertura,Fecha 17,Ramón Roque Martín,false,https://es.wikipedia.org/wiki/Campeonato_de_Primera_B_2022_(Argentina)
2022-06-06,19:00,Rosario Central,Lanús,0,0,,,Primera Division,2022,zonas,,Fecha 1,Gigante de Arroyito,false,https://es.wikipedia.org/wiki/Campeonato_de_Primera_División_2022_(Argentina)
2022-06-06,21:30,Argentinos Juniors,Aldosivi,2,1,,,Primera Division,2022,zonas,,Fecha 1,Diego Armando Maradona,false,https://es.wikipedia.org/wiki/Campeonato_de_Primera_División_2022_(Argentina)
2022-06-08,,Ferro Carril Oeste,Boca Juniors,0,1,,,Copa Argentina,2022,eliminacion,,Dieciseisavos,Carlos Augusto Mercado Luna,true,https://es.wikipedia.org/wiki/Copa_Argentina_2022
2022-06-08,,Racing Club,Agropecuario,1,2,,,Copa Argentina,2022,eliminacion,,Dieciseisavos,23 de agosto,true,https://es.wikipedia.org/wiki/Copa_Argentina_2022
2022-06-08,,Vélez Sarsfield,Independiente Rivadavia,1,0,,,Copa Argentina,2022,eliminacion,,Dieciseisavos,Juan Gilberto Funes,true,https://es.wikipedia.org/wiki/Copa_Argentina_2022
2022-06-09,20:00,Newell's Old Boys,San Lorenzo,0,0,,,Primera Division,2022,zonas,,Fecha 2,Marcelo Bielsa,false,https://es.wikipedia.org/wiki/Campeonato_de_Primera_División_2022_(Argentina)
2022-06-10,16:30,Gimnasia y Esgrima (LP),Patronato,2,0,,,Primera Division,2022,zonas,,Fecha 2,Del Bosque,false,https://es.wikipedia.org/wiki/Campeonato_de_Primera_División_2022_(Argentina)
2022-06-10,19:00,Aldosivi,Estudiantes (LP),0,1,,,Primera Division,2022,zonas,,Fecha 2,José María Minella,false,https://es.wikipedia.org/wiki/Campeonato_de_Primera_División_2022_(Argentina)
2022-06-10,19:00,Lanús,Defensa y Justicia,1,1,,,Primera Division,2022,zonas,,Fecha 2,Ciudad de Lanús,false,https://es.wikipedia.org/wiki/Campeonato_de_Primera_División_2022_(Argentina)
2022-06-10,21:30,Huracán,Rosario Central,2,0,,,Primera Division,2022,zonas,,Fecha 2,Tomás Adolfo Ducó,false,https://es.wikipedia.org/wiki/Campeonato_de_Primera_División_2022_(Argentina)
2022-06-10,21:30,Independiente,Talleres (C),1,0,,,Primera Division,2022,zonas,,Fecha 2,Libertadores de América,false,https://es.wikipedia.org/wiki/Campeonato_de_Primera_División_2022_(Argentina)
2022-06-11,11:00,San Martín (B),Claypole,0,1,,,Primera C,2022,zonas,Torneo Apertura,Fecha 19,Francisco Boga,false,https://es.wikipedia.org/wiki/Campeonato_de_Primera_C_2022_(Argentina)
2022-06-11,13:10,J. J. de Urquiza,Defensores Unidos,0,0,,,Primera B,2022,zonas,Torneo Clausura,Fecha 1,Ramón Roque Martín,false,https://es.wikipedia.org/wiki/Campeonato_de_Primera_B_2022_(Argentina)
2022-06-11,15:00,Defensores de Pronunciamiento,Juventud Unida (G),1,1,,,Torneo Federal A,2022,zonas,Zona Norte,Fecha 13,Delio Cardozo,false,https://es.wikipedia.org/wiki/Torneo_Federal_A_2022
2022-06-11,15:00,Ferro Carril Oeste (GP),Huracán Las Heras,1,1,,,Torneo Federal A,2022,zonas,Zona Sur,Fecha 13,El Coloso del Barrio Talleres,false,https://es.wikipedia.org/wiki/Torneo_Federal_A_2022
2022-06-11,15:30,Acassuso,Deportivo Merlo,1,1,,,Primera B,2022,zonas,Torneo Clausura,Fecha 1,Armenia,false,https://es.wikipedia.org/wiki/Campeonato_de_Primera_B_2022_(Argentina)
2022-06-11,15:30,Arsenal,Banfield,0,0,,,Primera Division,2022,zonas,,Fecha 2,El Viaducto,false,https://es.wikipedia.org/wiki/Campeonato_de_Primera_División_2022_(Argentina)
2022-06-11,15:30,Cañuelas,Villa San Carlos,0,0,,,Primera B,2022,zonas,Torneo Clausura,Fecha 1,Jorge Alfredo Arín,false,https://es.wikipedia.org/wiki/Campeonato_de_Primera_B_2022_(Argentina)
2022-06-11,15:30,Comunicaciones,UAI Urquiza,0,3,,,Primera B,2022,zonas,Torneo Clausura,Fecha 1,Alfredo Ramos,false,https://es.wikipedia.org/wiki/Campeonato_de_Primera_B_2022_(Argentina)
2022-06-11,15:30,Tigre,Barracas Central,1,1,,,Primera Division,2022,zonas,,Fecha 2,Monumental de Victoria,false,https://es.wikipedia.org/wiki/Campeonato_de_Primera_División_2022_(Argentina)
2022-06-11,17:10,Los Andes,Dock Sud,1,1,,,Primera B,2022,zonas,Torneo Clausura,Fecha 1,Eduardo Gallardón,false,https://es.wikipedia.org/wiki/Campeonato_de_Primera_B_2022_(Argentina)
2022-06-11,18:00,Sarmiento (J),Argentinos Juniors,1,0,,,Primera Division,2022,zonas,,Fecha 2,Eva Perón,false,https://es.wikipedia.org/wiki/Campeonato_de_Primera_División_2022_(Argentina)
2022-06-11,19:00,Ituzaingó,Deportivo Armenio,1,1,,,Primera B,2022,zonas,Torneo Clausura,Fecha 1,Carlos Alberto Sacaan,false,https://es.wikipedia.org/wiki/Campeonato_de_Primera_B_2022_(Argentina)
2022-06-11,20:30,River Plate,Atlético Tucumán,0,0,,,Primera Division,2022,zonas,,Fecha 2,Monumental,false,https://es.wikipedia.org/wiki/Campeonato_de_Primera_División_2022_(Argentina)
2022-06-11,21:00,Central Norte (S),Racing Club,0,1,,,Torneo Federal A,2022,zonas,Zona Norte,Fecha 13,Padre Ernesto Martearena,false,https://es.wikipedia.org/wiki/Torneo_Federal_A_2022
2022-06-12,13:00,Colón,Unión,2,2,,,Primera Division,2022,zonas,,Fecha 2,Brigadier Estanislao López,false,https://es.wikipedia.org/wiki/Campeonato_de_Primera_División_2022_(Argentina)
2022-06-12,15:00,Círculo Deportivo,Villa Mitre,1,0,,,Torneo Federal A,2022,zonas,Zona Sur,Fecha 13,Guillermo Trama,false,https://es.wikipedia.org/wiki/Torneo_Federal_A_2022
2022-06-12,15:00,Independiente (C),Deportivo Camioneros,1,1,,,Torneo Federal A,2022,zonas,Zona Sur,Fecha 13,Raúl Orlando Lungarzo,false,https://es.wikipedia.org/wiki/Torneo_Federal_A_2022
2022-06-12,15:00,Liniers (BB),Ciudad de Bolívar,1,0,,,Torneo Federal A,2022,zonas,Zona Sur,Fecha 13,Alejandro Pérez,false,https://es.wikipedia.org/wiki/Torneo_Federal_A_2022
2022-06-12,15:30,Argentino de Merlo,Puerto Nuevo,1,1,,,Primera C,2022,zonas,Torneo Apertura,Fecha 19,Merlo,false,https://es.wikipedia.org/wiki/Campeonato_de_Primera_C_2022_(Argentina)
2022-06-12,15:30,Argentino de Quilmes,Talleres (RdE),0,0,,,Primera B,2022,zonas,Torneo Clausura,Fecha 1,Argentino de Quilmes,false,https://es.wikipedia.org/wiki/Campeonato_de_Primera_B_2022_(Argentina)
2022-06-12,15:30,Berazategui,Deportivo Laferrere,2,0,,,Primera C,2022,zonas,Torneo Apertura,Fecha 19,Norman Lee,false,https://es.wikipedia.org/wiki/Campeonato_de_Primera_C_2022_(Argentina)
2022-06-12,15:30,Central Córdoba (R),Ferrocarril Midland,0,0,,,Primera C,2022,zonas,Torneo Apertura,Fecha 19,Gabino Sosa,false,https://es.wikipedia.org/wiki/Campeonato_de_Primera_C_2022_(Argentina)
2022-06-12,15:30,Defensores de Belgrano (VR),Sportivo Belgrano,0,2,,,Torneo Federal A,2022,zonas,Zona Norte,Fecha 13,Salomón Boeseldín,false,https://es.wikipedia.org/wiki/Torneo_Federal_A_2022
2022-06-12,15:30,Douglas Haig,Sarmiento (R),0,0,,,Torneo Federal A,2022,zonas,Zona Norte,Fecha 13,Miguel Morales,false,https://es.wikipedia.org/wiki/Torneo_Federal_A_2022
2022-06-12,15:30,El Porvenir,Atlas,0,1,,,Primera C,2022,zonas,Torneo Apertura,Fecha 19,Gildo Francisco Ghersinich,false,https://es.wikipedia.org/wiki/Campeonato_de_Primera_C_2022_(Argentina)
2022-06-12,15:30,General Lamadrid,Luján,1,1,,,Primera C,2022,zonas,Torneo Apertura,Fecha 19,Enrique Sexto,false,https://es.wikipedia.org/wiki/Campeonato_de_Primera_C_2022_(Argentina)
2022-06-12,15:30,Godoy Cruz,Racing Club,2,0,,,Primera Division,2022,zonas,,Fecha 2,Malvinas Argentinas,false,https://es.wikipedia.org/wiki/Campeonato_de_Primera_División_2022_(Argentina)
2022-06-12,15:30,Juventud Unida Universitario,Sansinena,1,1,,,Torneo Federal A,2022,zonas,Zona Sur,Fecha 13,Mario Sebastián Diez,false,https://es.wikipedia.org/wiki/Torneo_Federal_A_2022
2022-06-12,15:30,Leandro N. Alem,Excursionistas,0,0,,,Primera C,2022,zonas,Torneo Apertura,Fecha 19,Leandro N. Alem,false,https://es.wikipedia.org/wiki/Campeonato_de_Primera_C_2022_(Argentina)
2022-06-12,15:30,Real Pilar,Victoriano Arenas,3,0,,,Primera C,2022,zonas,Torneo Apertura,Fecha 19,Carlos Barraza,false,https://es.wikipedia.org/wiki/Campeonato_de_Primera_C_2022_(Argentina)
2022-06-12,15:30,Sol de Mayo (V),Desamparados,4,1,,,Torneo Federal A,2022,zonas,Zona Sur,Fecha 13,Sol de Mayo,false,https://es.wikipedia.org/wiki/Torneo_Federal_A_2022
2022-06-12,15:30,Sportivo Italiano,Liniers,0,1,,,Primera C,2022,zonas,Torneo Apertura,Fecha 19,República de Italia,false,https://es.wikipedia.org/wiki/Campeonato_de_Primera_C_2022_(Argentina)
2022-06-12,15:30,Unión (S),Boca Unidos,2,1,,,Torneo Federal A,2022,zonas,Zona Norte,Fecha 13,De la Avenida,false,https://es.wikipedia.org/wiki/Torneo_Federal_A_2022
2022-06-12,16:00,Argentino (MM),Cipolletti,1,0,,,Torneo Federal A,2022,zonas,Zona Sur,Fecha 13,Modesto Marrone,false,https://es.wikipedia.org/wiki/Torneo_Federal_A_2022
2022-06-12,16:00,Atlético Paraná,Crucero del Norte,4,0,,,Torneo Federal A,2022,zonas,Zona Norte,Fecha 13,Pedro Mutio,false,https://es.wikipedia.org/wiki/Torneo_Federal_A_2022
2022-06-12,16:00,Gimnasia y Tiro (S),Juventud Antoniana,2,0,,,Torneo Federal A,2022,zonas,Zona Norte,Fecha 13,Gigante del Norte,false,https://es.wikipedia.org/wiki/Torneo_Federal_A_2022
2022-06-12,16:00,Olimpo,Sportivo Estudiantes (SL),1,0,,,Torneo Federal A,2022,zonas,Zona Sur,Fecha 13,Roberto N. Carminatti,false,https://es.wikipedia.org/wiki/Torneo_Federal_A_2022
2022-06-12,16:00,San Martín (F),Gimnasia y Esgrima (CdU),3,0,,,Torneo Federal A,2022,zonas,Zona Norte,Fecha 13,17 de Octubre,false,https://es.wikipedia.org/wiki/Torneo_Federal_A_2022
2022-06-12,18:00,Vélez Sarsfield,Platense,0,1,,,Primera Division,2022,zonas,,Fecha 2,José Amalfitani,false,https://es.wikipedia.org/wiki/Campeonato_de_Primera_División_2022_(Argentina)
2022-06-12,20:30,Central Córdoba (SdE),Boca Juniors,1,0,,,Primera Division,2022,zonas,,Fecha 2,Único Madre de Ciudades,false,https://es.wikipedia.org/wiki/Campeonato_de_Primera_División_2022_(Argentina)
2022-06-13,15:30,Fénix,San Miguel,1,2,,,Primera B,2022,zonas,Torneo Clausura,Fecha 1,José Manuel Moreno,false,https://es.wikipedia.org/wiki/Campeonato_de_Primera_B_2022_(Argentina)
2022-06-14,15:00,San Lorenzo,Arsenal,3,3,,,Primera Division,2022,zonas,,Fecha 3,Nuevo Gasómetro,false,https://es.wikipedia.org/wiki/Campeonato_de_Primera_División_2022_(Argentina)
2022-06-14,19:00,Patronato,Aldosivi,1,0,,,Primera Division,2022,zonas,,Fecha 3,Presbítero Bartolomé Grella,false,https://es.wikipedia.org/wiki/Campeonato_de_Primera_División_2022_(Argentina)
2022-06-14,19:00,Talleres (C),Newell's Old Boys,0,1,,,Primera Division,2022,zonas,,Fecha 3,Mario Alberto Kempes,false,https://es.wikipedia.org/wiki/Campeonato_de_Primera_División_2022_(Argentina)
2022-06-14,21:30,Defensa y Justicia,Huracán,1,1,,,Primera Division,2022,zonas,,Fecha 3,Norberto Tomaghello,false,https://es.wikipedia.org/wiki/Campeonato_de_Primera_División_2022_(Argentina)
2022-06-14,21:30,Estudiantes (LP),Sarmiento (J),2,1,,,Primera Division,2022,zonas,,Fecha 3,Jorge Luis Hirschi,false,https://es.wikipedia.org/wiki/Campeonato_de_Primera_División_2022_(Argentina)
2022-06-15,,Gimnasia y Esgrima (J),Racing Club,1,0,,,Copa Argentina,2022,eliminacion,,Dieciseisavos,Carlos Augusto Mercado Luna,true,https://es.wikipedia.org/wiki/Copa_Argentina_2022
2022-06-15,14:00,Barracas Central,Unión,1,2,,,Primera Division,2022,zonas,,Fecha 3,Islas Malvinas,false,https://es.wikipedia.org/wiki/Campeonato_de_Primera_División_2022_(Argentina)
2022-06-15,16:30,Atlético Tucumán,Lanús,2,1,,,Primera Division,2022,zonas,,Fecha 3,Monumental José Fierro,false,https://es.wikipedia.org/wiki/Campeonato_de_Primera_División_2022_(Argentina)
2022-06-15,16:30,Banfield,Central Córdoba (SdE),2,1,,,Primera Division,2022,zonas,,Fecha 3,Florencio Sola,false,https://es.wikipedia.org/wiki/Campeonato_de_Primera_División_2022_(Argentina)
2022-06-15,19:00,Colón,River Plate,1,0,,,Primera Division,2022,zonas,,Fecha 3,Brigadier Estanislao López,false,https://es.wikipedia.org/wiki/Campeonato_de_Primera_División_2022_(Argentina)
2022-06-15,21:30,Boca Juniors,Tigre,5,3,,,Primera Division,2022,zonas,,Fecha 3,La Bombonera,false,https://es.wikipedia.org/wiki/Campeonato_de_Primera_División_2022_(Argentina)
2022-06-16,19:00,Argentinos Juniors,Independiente,2,1,,,Primera Division,2022,zonas,,Fecha 3,Diego Armando Maradona,false,https://es.wikipedia.org/wiki/Campeonato_de_Primera_División_2022_(Argentina)
2022-06-16,19:00,Rosario Central,Godoy Cruz,1,0,,,Primera Division,2022,zonas,,Fecha 3,Gigante de Arroyito,false,https://es.wikipedia.org/wiki/Campeonato_de_Primera_División_2022_(Argentina)
2022-06-16,21:30,Platense,Gimnasia y Esgrima (LP),1,1,,,Primera Division,2022,zonas,,Fecha 3,Ciudad de Vicente López,false,https://es.wikipedia.org/wiki/Campeonato_de_Primera_División_2022_(Argentina)
2022-06-16,21:30,Racing Club,Vélez Sarsfield,2,0,,,Primera Division,2022,zonas,,Fecha 3,El Cilindro,false,https://es.wikipedia.org/wiki/Campeonato_de_Primera_División_2022_(Argentina)
2022-06-17,15:00,Dock Sud,Ituzaingó,1,4,,,Primera B,2022,zonas,Torneo Clausura,Fecha 2,De los Inmigrantes,false,https://es.wikipedia.org/wiki/Campeonato_de_Primera_B_2022_(Argentina)
2022-06-17,15:00,Villa Mitre,Liniers (BB),0,1,,,Torneo Federal A,2022,zonas,Zona Sur,Fecha 14,El Fortín,false,https://es.wikipedia.org/wiki/Torneo_Federal_A_2022
2022-06-17,15:30,Boca Unidos,Gimnasia y Tiro (S),0,2,,,Torneo Federal A,2022,zonas,Zona Norte,Fecha 14,Leoncio Benítez,false,https://es.wikipedia.org/wiki/Torneo_Federal_A_2022
2022-06-17,15:30,Defensores Unidos,Cañuelas,3,1,,,Primera B,2022,zonas,Torneo Clausura,Fecha 2,Gigante de Villa Fox,false,https://es.wikipedia.org/wiki/Campeonato_de_Primera_B_2022_(Argentina)
2022-06-17,15:30,Sarmiento (R),Defensores de Belgrano (VR),3,1,,,Torneo Federal A,2022,zonas,Zona Norte,Fecha 14,Centenario,false,https://es.wikipedia.org/wiki/Torneo_Federal_A_2022
2022-06-17,15:45,Juventud Unida (G),Unión (S),2,1,,,Torneo Federal A,2022,zonas,Zona Norte,Fecha 14,De los Eucaliptos,false,https://es.wikipedia.org/wiki/Torneo_Federal_A_2022
2022-06-18,12:05,UAI Urquiza,Los Andes,0,0,,,Primera B,2022,zonas,Torneo Clausura,Fecha 2,Monumental de Villa Lynch,false,https://es.wikipedia.org/wiki/Campeonato_de_Primera_B_2022_(Argentina)
2022-06-18,15:00,Ciudad de Bolívar,Juventud Unida Universitario,1,1,,,Torneo Federal A,2022,zonas,Zona Sur,Fecha 14,Municipal Eva Perón,false,https://es.wikipedia.org/wiki/Torneo_Federal_A_2022
2022-06-18,15:00,Deportivo Camioneros,Sol de Mayo (V),1,0,,,Torneo Federal A,2022,zonas,Zona Sur,Fecha 14,Hugo Moyano,false,https://es.wikipedia.org/wiki/Torneo_Federal_A_2022
2022-06-18,15:00,Gimnasia y Esgrima (CdU),Defensores de Pronunciamiento,4,1,,,Torneo Federal A,2022,zonas,Zona Norte,Fecha 14,Manuel y Ramón Núñez,false,https://es.wikipedia.org/wiki/Torneo_Federal_A_2022
2022-06-18,15:00,Huracán Las Heras,Sportivo Peñarol (C),0,0,,,Torneo Federal A,2022,zonas,Zona Sur,Fecha 14,Anselmo Singaretti (Gutiérrez),false,https://es.wikipedia.org/wiki/Torneo_Federal_A_2022
2022-06-18,15:00,Sansinena,Ferro Carril Oeste (GP),2,0,,,Torneo Federal A,2022,zonas,Zona Sur,Fecha 14,Luis Molina,false,https://es.wikipedia.org/wiki/Torneo_Federal_A_2022
2022-06-18,15:30,Central Córdoba (R),Liniers,1,1,,,Primera C,2022,zonas,Torneo Clausura,Fecha 1,Gabino Sosa,false,https://es.wikipedia.org/wiki/Campeonato_de_Primera_C_2022_(Argentina)
2022-06-18,15:30,Colegiales,Acassuso,0,1,,,Primera B,2022,zonas,Torneo Clausura,Fecha 2,Colegiales,false,https://es.wikipedia.org/wiki/Campeonato_de_Primera_B_2022_(Argentina)
2022-06-18,15:30,Crucero del Norte,Sportivo Las Parejas,0,2,,,Torneo Federal A,2022,zonas,Zona Norte,Fecha 14,Andrés Guacurarí,false,https://es.wikipedia.org/wiki/Torneo_Federal_A_2022
2022-06-18,15:30,Deportivo Armenio,Fénix,1,0,,,Primera B,2022,zonas,Torneo Clausura,Fecha 2,Armenia,false,https://es.wikipedia.org/wiki/Campeonato_de_Primera_B_2022_(Argentina)
2022-06-18,15:30,Deportivo Español,Ferrocarril Midland,1,0,,,Primera C,2022,zonas,Torneo Clausura,Fecha 1,Nueva España,false,https://es.wikipedia.org/wiki/Campeonato_de_Primera_C_2022_(Argentina)
2022-06-18,15:30,Deportivo Merlo,Argentino de Quilmes,1,2,,,Primera B,2022,zonas,Torneo Clausura,Fecha 2,José Manuel Moreno,false,https://es.wikipedia.org/wiki/Campeonato_de_Primera_B_2022_(Argentina)
2022-06-18,15:30,Desamparados,Argentino (MM),0,1,,,Torneo Federal A,2022,zonas,Zona Sur,Fecha 14,El Serpentario,false,https://es.wikipedia.org/wiki/Torneo_Federal_A_2022
2022-06-18,15:30,El Porvenir,Claypole,0,2,,,Primera C,2022,zonas,Torneo Clausura,Fecha 1,Gildo Francisco Ghersinich,false,https://es.wikipedia.org/wiki/Campeonato_de_Primera_C_2022_(Argentina)
2022-06-18,15:30,General Lamadrid,Deportivo Laferrere,0,0,,,Primera C,2022,zonas,Torneo Clausura,Fecha 1,Enrique Sexto,false,https://es.wikipedia.org/wiki/Campeonato_de_Primera_C_2022_(Argentina)
2022-06-18,15:30,Real Pilar,Luján,1,1,,,Primera C,2022,zonas,Torneo Clausura,Fecha 1,Carlos Barraza,false,https://es.wikipedia.org/wiki/Campeonato_de_Primera_C_2022_(Argentina)
2022-06-18,15:30,Sportivo Belgrano,Central Norte (S),0,1,,,Torneo Federal A,2022,zonas,Zona Norte,Fecha 14,Oscar Carlos Boero,false,https://es.wikipedia.org/wiki/Torneo_Federal_A_2022
2022-06-18,15:30,Villa San Carlos,Comunicaciones,1,1,,,Primera B,2022,zonas,Torneo Clausura,Fecha 2,Genacio Sálice,false,https://es.wikipedia.org/wiki/Campeonato_de_Primera_B_2022_(Argentina)
2022-06-18,16:00,Cipolletti,Círculo Deportivo,4,2,,,Torneo Federal A,2022,zonas,Zona Sur,Fecha 14,La Visera de Cemento,false,https://es.wikipedia.org/wiki/Torneo_Federal_A_2022
2022-06-18,16:00,Sportivo Estudiantes (SL),Independiente (C),1,0,,,Torneo Federal A,2022,zonas,Zona Sur,Fecha 14,Héctor Odicino y Pedro Benoza,false,https://es.wikipedia.org/wiki/Torneo_Federal_A_2022
2022-06-18,18:00,Arsenal,Talleres (C),1,1,,,Primera Division,2022,zonas,,Fecha 4,El Viaducto,false,https://es.wikipedia.org/wiki/Campeonato_de_Primera_División_2022_(Argentina)
2022-06-18,20:30,Sarmiento (J),Patronato,3,1,,,Primera Division,2022,zonas,,Fecha 4,Eva Perón,false,https://es.wikipedia.org/wiki/Campeonato_de_Primera_División_2022_(Argentina)
2022-06-18,21:00,Juventud Antoniana,Atlético Paraná,1,1,,,Torneo Federal A,2022,zonas,Zona Norte,Fecha 14,Padre Ernesto Martearena,false,https://es.wikipedia.org/wiki/Torneo_Federal_A_2022
2022-06-19,13:00,Tigre,Banfield,0,1,,,Primera Division,2022,zonas,,Fecha 4,Monumental de Victoria,false,https://es.wikipedia.org/wiki/Campeonato_de_Primera_División_2022_(Argentina)
2022-06-19,15:30,Berazategui,Puerto Nuevo,0,0,,,Primera C,2022,zonas,Torneo Clausura,Fecha 1,Norman Lee,false,https://es.wikipedia.org/wiki/Campeonato_de_Primera_C_2022_(Argentina)
2022-06-19,15:30,Huracán,Atlético Tucumán,0,0,,,Primera Division,2022,zonas,,Fecha 4,Tomás Adolfo Ducó,false,https://es.wikipedia.org/wiki/Campeonato_de_Primera_División_2022_(Argentina)
2022-06-19,15:30,Lanús,Colón,1,0,,,Primera Division,2022,zonas,,Fecha 4,Ciudad de Lanús,false,https://es.wikipedia.org/wiki/Campeonato_de_Primera_División_2022_(Argentina)
2022-06-19,15:30,Leandro N. Alem,Atlas,1,1,,,Primera C,2022,zonas,Torneo Clausura,Fecha 1,Leandro N. Alem,false,https://es.wikipedia.org/wiki/Campeonato_de_Primera_C_2022_(Argentina)
2022-06-19,15:30,Racing Club,San Martín (F),4,1,,,Torneo Federal A,2022,zonas,Zona Norte,Fecha 14,Miguel Sancho,false,https://es.wikipedia.org/wiki/Torneo_Federal_A_2022
2022-06-19,15:30,San Martín (B),Victoriano Arenas,3,1,,,Primera C,2022,zonas,Torneo Clausura,Fecha 1,Francisco Boga,false,https://es.wikipedia.org/wiki/Campeonato_de_Primera_C_2022_(Argentina)
2022-06-19,18:00,Unión,River Plate,1,5,,,Primera Division,2022,zonas,,Fecha 4,15 de Abril,false,https://es.wikipedia.org/wiki/Campeonato_de_Primera_División_2022_(Argentina)
2022-06-19,21:30,Barracas Central,Boca Juniors,1,3,,,Primera Division,2022,zonas,,Fecha 4,Islas Malvinas,false,https://es.wikipedia.org/wiki/Campeonato_de_Primera_División_2022_(Argentina)
2022-06-20,15:30,Sportivo Italiano,Excursionistas,2,0,,,Primera C,2022,zonas,Torneo Clausura,Fecha 1,República de Italia,false,https://es.wikipedia.org/wiki/Campeonato_de_Primera_C_2022_(Argentina)
2022-06-20,15:30,Talleres (RdE),J. J. de Urquiza,1,0,,,Primera B,2022,zonas,Torneo Clausura,Fecha 2,Pablo Comelli,false,https://es.wikipedia.org/wiki/Campeonato_de_Primera_B_2022_(Argentina)
2022-06-20,16:30,Godoy Cruz,Defensa y Justicia,2,1,,,Primera Division,2022,zonas,,Fecha 4,Malvinas Argentinas,false,https://es.wikipedia.org/wiki/Campeonato_de_Primera_División_2022_(Argentina)
2022-06-20,19:00,Gimnasia y Esgrima (LP),Racing Club,3,1,,,Primera Division,2022,zonas,,Fecha 4,Del Bosque,false,https://es.wikipedia.org/wiki/Campeonato_de_Primera_División_2022_(Argentina)
2022-06-20,19:00,Vélez Sarsfield,Rosario Central,2,0,,,Primera Division,2022,zonas,,Fecha 4,José Amalfitani,false,https://es.wikipedia.org/wiki/Campeonato_de_Primera_División_2022_(Argentina)
2022-06-20,21:30,Independiente,Estudiantes (LP),2,1,,,Primera Division,2022,zonas,,Fecha 4,Libertadores de América,false,https://es.wikipedia.org/wiki/Campeonato_de_Primera_División_2022_(Argentina)
2022-06-20,21:30,Newell's Old Boys,Argentinos Juniors,1,0,,,Primera Division,2022,zonas,,Fecha 4,Marcelo Bielsa,false,https://es.wikipedia.org/wiki/Campeonato_de_Primera_División_2022_(Argentina)
2022-06-21,19:00,Aldosivi,Platense,0,0,,,Primera Division,2022,zonas,,Fecha 4,José María Minella,false,https://es.wikipedia.org/wiki/Campeonato_de_Primera_División_2022_(Argentina)
2022-06-21,21:30,Central Córdoba (SdE),San Lorenzo,0,2,,,Primera Division,2022,zonas,,Fecha 4,Único Madre de Ciudades,false,https://es.wikipedia.org/wiki/Campeonato_de_Primera_División_2022_(Argentina)
2022-06-22,,Chaco For Ever,Talleres (C),0,0,3,4,Copa Argentina,2022,eliminacion,,Dieciseisavos,Padre Ernesto Martearena,true,https://es.wikipedia.org/wiki/Copa_Argentina_2022
2022-06-22,,Patronato,Colón,1,1,3,2,Copa Argentina,2022,eliminacion,,Dieciseisavos,Marcelo Bielsa,true,https://es.wikipedia.org/wiki/Copa_Argentina_2022
2022-06-22,14:00,Ferro Carril Oeste (GP),Ciudad de Bolívar,3,0,,,Torneo Federal A,2022,zonas,Zona Sur,Fecha 15,El Coloso del Barrio Talleres,false,https://es.wikipedia.org/wiki/Torneo_Federal_A_2022
2022-06-22,14:00,Independiente (C),Olimpo,0,0,,,Torneo Federal A,2022,zonas,Zona Sur,Fecha 15,Raúl Orlando Lungarzo,false,https://es.wikipedia.org/wiki/Torneo_Federal_A_2022
2022-06-22,15:00,Círculo Deportivo,Desamparados,2,2,,,Torneo Federal A,2022,zonas,Zona Sur,Fecha 15,Guillermo Trama,false,https://es.wikipedia.org/wiki/Torneo_Federal_A_2022
2022-06-22,15:00,Sportivo Peñarol (C),Sansinena,2,1,,,Torneo Federal A,2022,zonas,Zona Sur,Fecha 15,Ramón Pablo Rojas,false,https://es.wikipedia.org/wiki/Torneo_Federal_A_2022
2022-06-22,15:30,Sol de Mayo (V),Sportivo Estudiantes (SL),1,0,,,Torneo Federal A,2022,zonas,Zona Sur,Fecha 15,Sol de Mayo,false,https://es.wikipedia.org/wiki/Torneo_Federal_A_2022
2022-06-22,16:00,Atlético Paraná,Boca Unidos,0,0,,,Torneo Federal A,2022,zonas,Zona Norte,Fecha 15,Pedro Mutio,false,https://es.wikipedia.org/wiki/Torneo_Federal_A_2022
2022-06-22,19:30,Sportivo Las Parejas,Juventud Antoniana,1,0,,,Torneo Federal A,2022,zonas,Zona Norte,Fecha 15,4 de Septiembre,false,https://es.wikipedia.org/wiki/Torneo_Federal_A_2022
2022-06-22,20:00,Argentino (MM),Deportivo Camioneros,3,0,,,Torneo Federal A,2022,zonas,Zona Sur,Fecha 15,Modesto Marrone,false,https://es.wikipedia.org/wiki/Torneo_Federal_A_2022
2022-06-22,20:00,Unión (S),Gimnasia y Esgrima (CdU),1,2,,,Torneo Federal A,2022,zonas,Zona Norte,Fecha 15,De la Avenida,false,https://es.wikipedia.org/wiki/Torneo_Federal_A_2022
2022-06-22,20:30,Defensores de Belgrano (VR),Douglas Haig,0,1,,,Torneo Federal A,2022,zonas,Zona Norte,Fecha 15,Salomón Boeseldín,false,https://es.wikipedia.org/wiki/Torneo_Federal_A_2022
2022-06-22,20:30,Liniers (BB),Cipolletti,2,1,,,Torneo Federal A,2022,zonas,Zona Sur,Fecha 15,Alejandro Pérez,false,https://es.wikipedia.org/wiki/Torneo_Federal_A_2022
2022-06-22,21:00,Juventud Unida Universitario,Villa Mitre,1,1,,,Torneo Federal A,2022,zonas,Zona Sur,Fecha 15,Mario Sebastián Diez,false,https://es.wikipedia.org/wiki/Torneo_Federal_A_2022
2022-06-22,21:30,Gimnasia y Tiro (S),Juventud Unida (G),2,0,,,Torneo Federal A,2022,zonas,Zona Norte,Fecha 15,Gigante del Norte,false,https://es.wikipedia.org/wiki/Torneo_Federal_A_2022
2022-06-23,,Atlético Tucumán,Independiente,0,1,,,Copa Argentina,2022,eliminacion,,Dieciseisavos,23 de agosto,true,https://es.wikipedia.org/wiki/Copa_Argentina_2022
2022-06-23,14:00,Defensores de Pronunciamiento,Racing Club,0,0,,,Torneo Federal A,2022,zonas,Zona Norte,Fecha 15,Delio Cardozo,false,https://es.wikipedia.org/wiki/Torneo_Federal_A_2022
2022-06-23,16:00,San Martín (F),Sportivo Belgrano,4,2,,,Torneo Federal A,2022,zonas,Zona Norte,Fecha 15,17 de Octubre,false,https://es.wikipedia.org/wiki/Torneo_Federal_A_2022
2022-06-23,22:00,Central Norte (S),Sarmiento (R),2,0,,,Torneo Federal A,2022,zonas,Zona Norte,Fecha 15,Padre Ernesto Martearena,false,https://es.wikipedia.org/wiki/Torneo_Federal_A_2022
2022-06-24,19:00,Banfield,Barracas Central,1,1,,,Primera Division,2022,zonas,,Fecha 5,Florencio Sola,false,https://es.wikipedia.org/wiki/Campeonato_de_Primera_División_2022_(Argentina)
2022-06-24,19:00,Rosario Central,Gimnasia y Esgrima (LP),0,1,,,Primera Division,2022,zonas,,Fecha 5,Gigante de Arroyito,false,https://es.wikipedia.org/wiki/Campeonato_de_Primera_División_2022_(Argentina)
2022-06-24,21:30,Boca Juniors,Unión,1,2,,,Primera Division,2022,zonas,,Fecha 5,La Bombonera,false,https://es.wikipedia.org/wiki/Campeonato_de_Primera_División_2022_(Argentina)
2022-06-25,14:00,Comunicaciones,Defensores Unidos,1,1,,,Primera B,2022,zonas,Torneo Clausura,Fecha 3,Alfredo Ramos,false,https://es.wikipedia.org/wiki/Campeonato_de_Primera_B_2022_(Argentina)
2022-06-25,15:30,Cañuelas,Talleres (RdE),1,1,,,Primera B,2022,zonas,Torneo Clausura,Fecha 3,Jorge Alfredo Arín,false,https://es.wikipedia.org/wiki/Campeonato_de_Primera_B_2022_(Argentina)
2022-06-25,15:30,Defensa y Justicia,Vélez Sarsfield,1,1,,,Primera Division,2022,zonas,,Fecha 5,Norberto Tomaghello,false,https://es.wikipedia.org/wiki/Campeonato_de_Primera_División_2022_(Argentina)
2022-06-25,15:30,Fénix,Dock Sud,3,2,,,Primera B,2022,zonas,Torneo Clausura,Fecha 3,José Manuel Moreno,false,https://es.wikipedia.org/wiki/Campeonato_de_Primera_B_2022_(Argentina)
2022-06-25,15:30,Ituzaingó,UAI Urquiza,0,0,,,Primera B,2022,zonas,Torneo Clausura,Fecha 3,Carlos Alberto Sacaan,false,https://es.wikipedia.org/wiki/Campeonato_de_Primera_B_2022_(Argentina)
2022-06-25,15:30,Liniers,Deportivo Español,1,2,,,Primera C,2022,zonas,Torneo Clausura,Fecha 2,Juan Antonio Arias,false,https://es.wikipedia.org/wiki/Campeonato_de_Primera_C_2022_(Argentina)
2022-06-25,15:30,Puerto Nuevo,General Lamadrid,1,1,,,Primera C,2022,zonas,Torneo Clausura,Fecha 2,Rubén Carlos Vallejos,false,https://es.wikipedia.org/wiki/Campeonato_de_Primera_C_2022_(Argentina)
2022-06-25,15:30,San Miguel,Deportivo Armenio,0,0,,,Primera B,2022,zonas,Torneo Clausura,Fecha 3,Malvinas Argentinas,false,https://es.wikipedia.org/wiki/Campeonato_de_Primera_B_2022_(Argentina)
2022-06-25,15:30,Talleres (C),Central Córdoba (SdE),0,2,,,Primera Division,2022,zonas,,Fecha 5,Mario Alberto Kempes,false,https://es.wikipedia.org/wiki/Campeonato_de_Primera_División_2022_(Argentina)
2022-06-25,15:30,Victoriano Arenas,El Porvenir,1,1,,,Primera C,2022,zonas,Torneo Clausura,Fecha 2,Saturnino Moure,false,https://es.wikipedia.org/wiki/Campeonato_de_Primera_C_2022_(Argentina)
2022-06-25,18:00,Colón,Huracán,0,1,,,Primera Division,2022,zonas,,Fecha 5,Brigadier Estanislao López,false,https://es.wikipedia.org/wiki/Campeonato_de_Primera_División_2022_(Argentina)
2022-06-25,18:00,Estudiantes (LP),Newell's Old Boys,0,2,,,Primera Division,2022,zonas,,Fecha 5,Jorge Luis Hirschi,false,https://es.wikipedia.org/wiki/Campeonato_de_Primera_División_2022_(Argentina)
2022-06-25,20:30,River Plate,Lanús,2,1,,,Primera Division,2022,zonas,,Fecha 5,Monumental,false,https://es.wikipedia.org/wiki/Campeonato_de_Primera_División_2022_(Argentina)
2022-06-26,11:00,Desamparados,Liniers (BB),2,0,,,Torneo Federal A,2022,zonas,Zona Sur,Fecha 16,El Serpentario,false,https://es.wikipedia.org/wiki/Torneo_Federal_A_2022
2022-06-26,11:00,Juventud Unida (G),Atlético Paraná,4,1,,,Torneo Federal A,2022,zonas,Zona Norte,Fecha 16,De los Eucaliptos,false,https://es.wikipedia.org/wiki/Torneo_Federal_A_2022
2022-06-26,13:00,San Lorenzo,Tigre,1,1,,,Primera Division,2022,zonas,,Fecha 5,Nuevo Gasómetro,false,https://es.wikipedia.org/wiki/Campeonato_de_Primera_División_2022_(Argentina)
2022-06-26,14:30,Olimpo,Sol de Mayo (V),0,1,,,Torneo Federal A,2022,zonas,Zona Sur,Fecha 16,Roberto N. Carminatti,false,https://es.wikipedia.org/wiki/Torneo_Federal_A_2022
2022-06-26,15:00,Ciudad de Bolívar,Sportivo Peñarol (C),1,1,,,Torneo Federal A,2022,zonas,Zona Sur,Fecha 16,Municipal Eva Perón,false,https://es.wikipedia.org/wiki/Torneo_Federal_A_2022
2022-06-26,15:00,Deportivo Camioneros,Círculo Deportivo,0,1,,,Torneo Federal A,2022,zonas,Zona Sur,Fecha 16,Hugo Moyano,false,https://es.wikipedia.org/wiki/Torneo_Federal_A_2022
2022-06-26,15:00,Gimnasia y Esgrima (CdU),Gimnasia y Tiro (S),0,0,,,Torneo Federal A,2022,zonas,Zona Norte,Fecha 16,Manuel y Ramón Núñez,false,https://es.wikipedia.org/wiki/Torneo_Federal_A_2022
2022-06-26,15:00,Sansinena,Huracán Las Heras,2,0,,,Torneo Federal A,2022,zonas,Zona Sur,Fecha 16,Luis Molina,false,https://es.wikipedia.org/wiki/Torneo_Federal_A_2022
2022-06-26,15:30,Argentino de Merlo,Berazategui,2,1,,,Primera C,2022,zonas,Torneo Clausura,Fecha 2,Merlo,false,https://es.wikipedia.org/wiki/Campeonato_de_Primera_C_2022_(Argentina)
2022-06-26,15:30,Argentino de Quilmes,Colegiales,1,2,,,Primera B,2022,zonas,Torneo Clausura,Fecha 3,Argentino de Quilmes,false,https://es.wikipedia.org/wiki/Campeonato_de_Primera_B_2022_(Argentina)
2022-06-26,15:30,Atlas,Sportivo Italiano,3,0,,,Primera C,2022,zonas,Torneo Clausura,Fecha 2,Ricardo Puga,false,https://es.wikipedia.org/wiki/Campeonato_de_Primera_C_2022_(Argentina)
2022-06-26,15:30,Boca Unidos,Sportivo Las Parejas,0,0,,,Torneo Federal A,2022,zonas,Zona Norte,Fecha 16,Leoncio Benítez,false,https://es.wikipedia.org/wiki/Torneo_Federal_A_2022
2022-06-26,15:30,Claypole,Leandro N. Alem,3,0,,,Primera C,2022,zonas,Torneo Clausura,Fecha 2,Rodolfo Capocasa,false,https://es.wikipedia.org/wiki/Campeonato_de_Primera_C_2022_(Argentina)
2022-06-26,15:30,Excursionistas,Central Córdoba (R),2,1,,,Primera C,2022,zonas,Torneo Clausura,Fecha 2,Excursionistas,false,https://es.wikipedia.org/wiki/Campeonato_de_Primera_C_2022_(Argentina)
2022-06-26,15:30,J. J. de Urquiza,Deportivo Merlo,1,2,,,Primera B,2022,zonas,Torneo Clausura,Fecha 3,Ramón Roque Martín,false,https://es.wikipedia.org/wiki/Campeonato_de_Primera_B_2022_(Argentina)
2022-06-26,15:30,Luján,San Martín (B),1,0,,,Primera C,2022,zonas,Torneo Clausura,Fecha 2,Municipal de la Ciudad de Luján,false,https://es.wikipedia.org/wiki/Campeonato_de_Primera_C_2022_(Argentina)
2022-06-26,15:30,Platense,Sarmiento (J),0,0,,,Primera Division,2022,zonas,,Fecha 5,Ciudad de Vicente López,false,https://es.wikipedia.org/wiki/Campeonato_de_Primera_División_2022_(Argentina)
2022-06-26,16:00,Cipolletti,Juventud Unida Universitario,1,3,,,Torneo Federal A,2022,zonas,Zona Sur,Fecha 16,La Visera de Cemento,false,https://es.wikipedia.org/wiki/Torneo_Federal_A_2022
2022-06-26,16:00,Los Andes,Villa San Carlos,0,3,,,Primera B,2022,zonas,Torneo Clausura,Fecha 3,Eduardo Gallardón,false,https://es.wikipedia.org/wiki/Campeonato_de_Primera_B_2022_(Argentina)
2022-06-26,16:00,Sportivo Estudiantes (SL),Argentino (MM),4,0,,,Torneo Federal A,2022,zonas,Zona Sur,Fecha 16,Héctor Odicino y Pedro Benoza,false,https://es.wikipedia.org/wiki/Torneo_Federal_A_2022
2022-06-26,16:30,Juventud Antoniana,Crucero del Norte,2,1,,,Torneo Federal A,2022,zonas,Zona Norte,Fecha 16,Padre Ernesto Martearena,false,https://es.wikipedia.org/wiki/Torneo_Federal_A_2022
2022-06-26,17:30,Deportivo Laferrere,Real Pilar,0,2,,,Primera C,2022,zonas,Torneo Clausura,Fecha 2,Ciudad de Laferrere,false,https://es.wikipedia.org/wiki/Campeonato_de_Primera_C_2022_(Argentina)
2022-06-26,17:30,Villa Mitre,Ferro Carril Oeste (GP),3,1,,,Torneo Federal A,2022,zonas,Zona Sur,Fecha 16,El Fortín,false,https://es.wikipedia.org/wiki/Torneo_Federal_A_2022
2022-06-26,18:00,Racing Club,Aldosivi,5,0,,,Primera Division,2022,zonas,,Fecha 5,El Cilindro,false,https://es.wikipedia.org/wiki/Campeonato_de_Primera_División_2022_(Argentina)
2022-06-26,20:30,Argentinos Juniors,Arsenal,1,1,,,Primera Division,2022,zonas,,Fecha 5,Diego Armando Maradona,false,https://es.wikipedia.org/wiki/Campeonato_de_Primera_División_2022_(Argentina)
2022-06-27,13:45,Douglas Haig,Central Norte (S),2,2,,,Torneo Federal A,2022,zonas,Zona Norte,Fecha 16,Miguel Morales,false,https://es.wikipedia.org/wiki/Torneo_Federal_A_2022
2022-06-27,15:00,Sarmiento (R),San Martín (F),3,2,,,Torneo Federal A,2022,zonas,Zona Norte,Fecha 16,Centenario,false,https://es.wikipedia.org/wiki/Torneo_Federal_A_2022
2022-06-27,15:30,Patronato,Independiente,3,1,,,Primera Division,2022,zonas,,Fecha 5,Presbítero Bartolomé Grella,false,https://es.wikipedia.org/wiki/Campeonato_de_Primera_División_2022_(Argentina)
2022-06-27,20:00,Atlético Tucumán,Godoy Cruz,1,1,,,Primera Division,2022,zonas,,Fecha 5,Monumental José Fierro,false,https://es.wikipedia.org/wiki/Campeonato_de_Primera_División_2022_(Argentina)
2022-06-27,20:30,Racing Club,Unión (S),4,0,,,Torneo Federal A,2022,zonas,Zona Norte,Fecha 16,Miguel Sancho,false,https://es.wikipedia.org/wiki/Torneo_Federal_A_2022
2022-06-27,20:30,Sportivo Belgrano,Defensores de Pronunciamiento,5,1,,,Torneo Federal A,2022,zonas,Zona Norte,Fecha 16,Oscar Carlos Boero,false,https://es.wikipedia.org/wiki/Torneo_Federal_A_2022
2022-06-29,,Gimnasia y Esgrima (LP),Flandria,2,0,,,Copa Argentina,2022,eliminacion,,Dieciseisavos,Nuevo Monumental,true,https://es.wikipedia.org/wiki/Copa_Argentina_2022
2022-07-01,15:30,Acassuso,Argentino de Quilmes,3,1,,,Primera B,2022,zonas,Torneo Clausura,Fecha 4,Armenia,false,https://es.wikipedia.org/wiki/Campeonato_de_Primera_B_2022_(Argentina)
2022-07-01,19:00,Central Córdoba (SdE),Argentinos Juniors,1,2,,,Primera Division,2022,zonas,,Fecha 6,Único Madre de Ciudades,false,https://es.wikipedia.org/wiki/Campeonato_de_Primera_División_2022_(Argentina)
2022-07-01,21:30,Boca Juniors,Banfield,0,3,,,Primera Division,2022,zonas,,Fecha 6,La Bombonera,false,https://es.wikipedia.org/wiki/Campeonato_de_Primera_División_2022_(Argentina)
2022-07-02,11:00,El Porvenir,Luján,2,3,,,Primera C,2022,zonas,Torneo Clausura,Fecha 3,Gildo Francisco Ghersinich,false,https://es.wikipedia.org/wiki/Campeonato_de_Primera_C_2022_(Argentina)
2022-07-02,12:05,Dock Sud,San Miguel,1,2,,,Primera B,2022,zonas,Torneo Clausura,Fecha 4,De los Inmigrantes,false,https://es.wikipedia.org/wiki/Campeonato_de_Primera_B_2022_(Argentina)
2022-07-02,13:00,Colegiales,J. J. de Urquiza,1,0,,,Primera B,2022,zonas,Torneo Clausura,Fecha 4,Colegiales,false,https://es.wikipedia.org/wiki/Campeonato_de_Primera_B_2022_(Argentina)
2022-07-02,15:15,Atlético Paraná,Gimnasia y Esgrima (CdU),1,2,,,Torneo Federal A,2022,zonas,Zona Norte,Fecha 17,Pedro Mutio,false,https://es.wikipedia.org/wiki/Torneo_Federal_A_2022
2022-07-02,15:30,Central Córdoba (R),Atlas,0,1,,,Primera C,2022,zonas,Torneo Clausura,Fecha 3,Gabino Sosa,false,https://es.wikipedia.org/wiki/Campeonato_de_Primera_C_2022_(Argentina)
2022-07-02,15:30,Crucero del Norte,Boca Unidos,0,0,,,Torneo Federal A,2022,zonas,Zona Norte,Fecha 17,Andrés Guacurarí,false,https://es.wikipedia.org/wiki/Torneo_Federal_A_2022
2022-07-02,15:30,Defensores Unidos,Los Andes,2,1,,,Primera B,2022,zonas,Torneo Clausura,Fecha 4,Gigante de Villa Fox,false,https://es.wikipedia.org/wiki/Campeonato_de_Primera_B_2022_(Argentina)
2022-07-02,15:30,Deportivo Merlo,Cañuelas,2,1,,,Primera B,2022,zonas,Torneo Clausura,Fecha 4,José Manuel Moreno,false,https://es.wikipedia.org/wiki/Campeonato_de_Primera_B_2022_(Argentina)
2022-07-02,15:30,Huracán Las Heras,Ciudad de Bolívar,0,0,,,Torneo Federal A,2022,zonas,Zona Sur,Fecha 17,Anselmo Singaretti (Gutiérrez),false,https://es.wikipedia.org/wiki/Torneo_Federal_A_2022
2022-07-02,15:30,Sol de Mayo (V),Independiente (C),0,0,,,Torneo Federal A,2022,zonas,Zona Sur,Fecha 17,Sol de Mayo,false,https://es.wikipedia.org/wiki/Torneo_Federal_A_2022
2022-07-02,15:30,Talleres (RdE),Comunicaciones,3,2,,,Primera B,2022,zonas,Torneo Clausura,Fecha 4,Pablo Comelli,false,https://es.wikipedia.org/wiki/Campeonato_de_Primera_B_2022_(Argentina)
2022-07-02,15:30,Tigre,Talleres (C),1,1,,,Primera Division,2022,zonas,,Fecha 6,Monumental de Victoria,false,https://es.wikipedia.org/wiki/Campeonato_de_Primera_División_2022_(Argentina)
2022-07-02,18:00,Godoy Cruz,Colón,1,0,,,Primera Division,2022,zonas,,Fecha 6,Malvinas Argentinas,false,https://es.wikipedia.org/wiki/Campeonato_de_Primera_División_2022_(Argentina)
2022-07-02,18:00,Vélez Sarsfield,Atlético Tucumán,0,1,,,Primera Division,2022,zonas,,Fecha 6,José Amalfitani,false,https://es.wikipedia.org/wiki/Campeonato_de_Primera_División_2022_(Argentina)
2022-07-02,20:30,Gimnasia y Esgrima (LP),Defensa y Justicia,1,0,,,Primera Division,2022,zonas,,Fecha 6,Del Bosque,false,https://es.wikipedia.org/wiki/Campeonato_de_Primera_División_2022_(Argentina)
2022-07-03,11:00,Juventud Unida Universitario,Desamparados,1,1,,,Torneo Federal A,2022,zonas,Zona Sur,Fecha 17,Mario Sebastián Diez,false,https://es.wikipedia.org/wiki/Torneo_Federal_A_2022
2022-07-03,13:00,Unión,Lanús,3,0,,,Primera Division,2022,zonas,,Fecha 6,15 de Abril,false,https://es.wikipedia.org/wiki/Campeonato_de_Primera_División_2022_(Argentina)
2022-07-03,15:00,Barracas Central,San Lorenzo,2,1,,,Primera Division,2022,zonas,,Fecha 6,Islas Malvinas,false,https://es.wikipedia.org/wiki/Campeonato_de_Primera_División_2022_(Argentina)
2022-07-03,15:00,Círculo Deportivo,Sportivo Estudiantes (SL),0,2,,,Torneo Federal A,2022,zonas,Zona Sur,Fecha 17,Guillermo Trama,false,https://es.wikipedia.org/wiki/Torneo_Federal_A_2022
2022-07-03,15:00,Defensores de Pronunciamiento,Sarmiento (R),1,1,,,Torneo Federal A,2022,zonas,Zona Norte,Fecha 17,Delio Cardozo,false,https://es.wikipedia.org/wiki/Torneo_Federal_A_2022
2022-07-03,15:00,Liniers (BB),Deportivo Camioneros,3,3,,,Torneo Federal A,2022,zonas,Zona Sur,Fecha 17,Alejandro Pérez,false,https://es.wikipedia.org/wiki/Torneo_Federal_A_2022
2022-07-03,15:00,Sportivo Peñarol (C),Villa Mitre,0,1,,,Torneo Federal A,2022,zonas,Zona Sur,Fecha 17,Ramón Pablo Rojas,false,https://es.wikipedia.org/wiki/Torneo_Federal_A_2022
2022-07-03,15:00,Villa San Carlos,Ituzaingó,1,2,,,Primera B,2022,zonas,Torneo Clausura,Fecha 4,Genacio Sálice,false,https://es.wikipedia.org/wiki/Campeonato_de_Primera_B_2022_(Argentina)
2022-07-03,15:30,Leandro N. Alem,Victoriano Arenas,0,0,,,Primera C,2022,zonas,Torneo Clausura,Fecha 3,Leandro N. Alem,false,https://es.wikipedia.org/wiki/Campeonato_de_Primera_C_2022_(Argentina)
2022-07-03,15:30,Real Pilar,Puerto Nuevo,0,0,,,Primera C,2022,zonas,Torneo Clausura,Fecha 3,Carlos Barraza,false,https://es.wikipedia.org/wiki/Campeonato_de_Primera_C_2022_(Argentina)
2022-07-03,15:30,San Martín (B),Deportivo Laferrere,0,2,,,Primera C,2022,zonas,Torneo Clausura,Fecha 3,Francisco Boga,false,https://es.wikipedia.org/wiki/Campeonato_de_Primera_C_2022_(Argentina)
2022-07-03,15:30,Sportivo Italiano,Claypole,2,1,,,Primera C,2022,zonas,Torneo Clausura,Fecha 3,República de Italia,false,https://es.wikipedia.org/wiki/Campeonato_de_Primera_C_2022_(Argentina)
2022-07-03,15:30,UAI Urquiza,Fénix,1,0,,,Primera B,2022,zonas,Torneo Clausura,Fecha 4,Monumental de Villa Lynch,false,https://es.wikipedia.org/wiki/Campeonato_de_Primera_B_2022_(Argentina)
2022-07-03,16:00,Argentino (MM),Olimpo,0,1,,,Torneo Federal A,2022,zonas,Zona Sur,Fecha 17,Modesto Marrone,false,https://es.wikipedia.org/wiki/Torneo_Federal_A_2022
2022-07-03,16:00,Ferro Carril Oeste (GP),Cipolletti,0,0,,,Torneo Federal A,2022,zonas,Zona Sur,Fecha 17,El Coloso del Barrio Talleres,false,https://es.wikipedia.org/wiki/Torneo_Federal_A_2022
2022-07-03,16:00,Gimnasia y Tiro (S),Racing Club,1,1,,,Torneo Federal A,2022,zonas,Zona Norte,Fecha 17,Gigante del Norte,false,https://es.wikipedia.org/wiki/Torneo_Federal_A_2022
2022-07-03,16:00,San Martín (F),Douglas Haig,1,1,,,Torneo Federal A,2022,zonas,Zona Norte,Fecha 17,17 de Octubre,false,https://es.wikipedia.org/wiki/Torneo_Federal_A_2022
2022-07-03,16:30,Sportivo Las Parejas,Juventud Unida (G),3,0,,,Torneo Federal A,2022,zonas,Zona Norte,Fecha 17,4 de Septiembre,false,https://es.wikipedia.org/wiki/Torneo_Federal_A_2022
2022-07-03,16:30,Unión (S),Sportivo Belgrano,3,1,,,Torneo Federal A,2022,zonas,Zona Norte,Fecha 17,De la Avenida,false,https://es.wikipedia.org/wiki/Torneo_Federal_A_2022
2022-07-03,17:00,Central Norte (S),Defensores de Belgrano (VR),2,0,,,Torneo Federal A,2022,zonas,Zona Norte,Fecha 17,Padre Ernesto Martearena,false,https://es.wikipedia.org/wiki/Torneo_Federal_A_2022
2022-07-03,18:00,Sarmiento (J),Racing Club,1,1,,,Primera Division,2022,zonas,,Fecha 6,Eva Perón,false,https://es.wikipedia.org/wiki/Campeonato_de_Primera_División_2022_(Argentina)
2022-07-03,19:00,Ferrocarril Midland,Liniers,1,1,,,Primera C,2022,zonas,Torneo Clausura,Fecha 3,Ciudad de Libertad,false,https://es.wikipedia.org/wiki/Campeonato_de_Primera_C_2022_(Argentina)
2022-07-03,21:00,Huracán,River Plate,3,2,,,Primera Division,2022,zonas,,Fecha 6,Tomás Adolfo Ducó,false,https://es.wikipedia.org/wiki/Campeonato_de_Primera_División_2022_(Argentina)
2022-07-04,15:30,Deportivo Español,Excursionistas,2,2,,,Primera C,2022,zonas,Torneo Clausura,Fecha 3,Nueva España,false,https://es.wikipedia.org/wiki/Campeonato_de_Primera_C_2022_(Argentina)
2022-07-04,15:30,General Lamadrid,Argentino de Merlo,2,3,,,Primera C,2022,zonas,Torneo Clausura,Fecha 3,Enrique Sexto,false,https://es.wikipedia.org/wiki/Campeonato_de_Primera_C_2022_(Argentina)
2022-07-04,17:00,Arsenal,Estudiantes (LP),2,1,,,Primera Division,2022,zonas,,Fecha 6,El Viaducto,false,https://es.wikipedia.org/wiki/Campeonato_de_Primera_División_2022_(Argentina)
2022-07-04,19:00,Aldosivi,Rosario Central,2,1,,,Primera Division,2022,zonas,,Fecha 6,José María Minella,false,https://es.wikipedia.org/wiki/Campeonato_de_Primera_División_2022_(Argentina)
2022-07-04,19:00,Newell's Old Boys,Patronato,2,2,,,Primera Division,2022,zonas,,Fecha 6,Marcelo Bielsa,false,https://es.wikipedia.org/wiki/Campeonato_de_Primera_División_2022_(Argentina)
2022-07-04,21:30,Independiente,Platense,1,3,,,Primera Division,2022,zonas,,Fecha 6,Libertadores de América,false,https://es.wikipedia.org/wiki/Campeonato_de_Primera_División_2022_(Argentina)
2022-07-06,,Argentinos Juniors,Defensa y Justicia,0,1,,,Copa Argentina,2022,eliminacion,,Dieciseisavos,Juan Carmelo Zerillo,true,https://es.wikipedia.org/wiki/Copa_Argentina_2022
2022-07-06,15:30,Huracán Las Heras,Sol de Mayo (V),2,0,,,Torneo Federal A,2022,zonas,Zona Sur,Fecha 8,Omar Higinio Sperdutti (Maipú),false,https://es.wikipedia.org/wiki/Torneo_Federal_A_2022
2022-07-08,20:00,Rosario Central,Sarmiento (J),1,0,,,Primera Division,2022,zonas,,Fecha 7,Gigante de Arroyito,false,https://es.wikipedia.org/wiki/Campeonato_de_Primera_División_2022_(Argentina)
2022-07-09,13:00,Patronato,Arsenal,0,1,,,Primera Division,2022,zonas,,Fecha 7,Presbítero Bartolomé Grella,false,https://es.wikipedia.org/wiki/Campeonato_de_Primera_División_2022_(Argentina)
2022-07-09,15:00,Ferro Carril Oeste (GP),Desamparados,3,1,,,Torneo Federal A,2022,zonas,Zona Sur,Fecha 18,El Coloso del Barrio Talleres,false,https://es.wikipedia.org/wiki/Torneo_Federal_A_2022
2022-07-09,15:00,Sportivo Las Parejas,Gimnasia y Esgrima (CdU),1,3,,,Torneo Federal A,2022,zonas,Zona Norte,Fecha 18,4 de Septiembre,false,https://es.wikipedia.org/wiki/Torneo_Federal_A_2022
2022-07-09,15:30,Atlas,Deportivo Español,0,1,,,Primera C,2022,zonas,Torneo Clausura,Fecha 4,Ricardo Puga,false,https://es.wikipedia.org/wiki/Campeonato_de_Primera_C_2022_(Argentina)
2022-07-09,15:30,Cañuelas,Colegiales,0,1,,,Primera B,2022,zonas,Torneo Clausura,Fecha 5,Jorge Alfredo Arín,false,https://es.wikipedia.org/wiki/Campeonato_de_Primera_B_2022_(Argentina)
2022-07-09,15:30,Comunicaciones,Deportivo Merlo,3,2,,,Primera B,2022,zonas,Torneo Clausura,Fecha 5,Alfredo Ramos,false,https://es.wikipedia.org/wiki/Campeonato_de_Primera_B_2022_(Argentina)
2022-07-09,15:30,Crucero del Norte,Juventud Unida (G),0,0,,,Torneo Federal A,2022,zonas,Zona Norte,Fecha 18,Andrés Guacurarí,false,https://es.wikipedia.org/wiki/Torneo_Federal_A_2022
2022-07-09,15:30,Deportivo Armenio,Dock Sud,2,0,,,Primera B,2022,zonas,Torneo Clausura,Fecha 5,Armenia,false,https://es.wikipedia.org/wiki/Campeonato_de_Primera_B_2022_(Argentina)
2022-07-09,15:30,Deportivo Laferrere,El Porvenir,2,1,,,Primera C,2022,zonas,Torneo Clausura,Fecha 4,Ciudad de Laferrere,false,https://es.wikipedia.org/wiki/Campeonato_de_Primera_C_2022_(Argentina)
2022-07-09,15:30,Excursionistas,Ferrocarril Midland,1,0,,,Primera C,2022,zonas,Torneo Clausura,Fecha 4,Excursionistas,false,https://es.wikipedia.org/wiki/Campeonato_de_Primera_C_2022_(Argentina)
2022-07-09,15:30,J. J. de Urquiza,Acassuso,1,0,,,Primera B,2022,zonas,Torneo Clausura,Fecha 5,Ramón Roque Martín,false,https://es.wikipedia.org/wiki/Campeonato_de_Primera_B_2022_(Argentina)
2022-07-09,15:30,San Lorenzo,Boca Juniors,2,1,,,Primera Division,2022,zonas,,Fecha 7,Nuevo Gasómetro,false,https://es.wikipedia.org/wiki/Campeonato_de_Primera_División_2022_(Argentina)
2022-07-09,15:30,San Miguel,UAI Urquiza,0,0,,,Primera B,2022,zonas,Torneo Clausura,Fecha 5,Malvinas Argentinas,false,https://es.wikipedia.org/wiki/Campeonato_de_Primera_B_2022_(Argentina)
2022-07-09,15:30,Victoriano Arenas,Sportivo Italiano,2,1,,,Primera C,2022,zonas,Torneo Clausura,Fecha 4,Saturnino Moure,false,https://es.wikipedia.org/wiki/Campeonato_de_Primera_C_2022_(Argentina)
2022-07-09,16:00,Argentino (MM),Independiente (C),1,2,,,Torneo Federal A,2022,zonas,Zona Sur,Fecha 18,Modesto Marrone,false,https://es.wikipedia.org/wiki/Torneo_Federal_A_2022
2022-07-09,18:00,Banfield,Unión,2,3,,,Primera Division,2022,zonas,,Fecha 7,Florencio Sola,false,https://es.wikipedia.org/wiki/Campeonato_de_Primera_División_2022_(Argentina)
2022-07-09,20:30,Platense,Newell's Old Boys,1,1,,,Primera Division,2022,zonas,,Fecha 7,Ciudad de Vicente López,false,https://es.wikipedia.org/wiki/Campeonato_de_Primera_División_2022_(Argentina)
2022-07-09,20:30,Talleres (C),Barracas Central,0,2,,,Primera Division,2022,zonas,,Fecha 7,Mario Alberto Kempes,false,https://es.wikipedia.org/wiki/Campeonato_de_Primera_División_2022_(Argentina)
2022-07-10,11:00,Defensores de Pronunciamiento,Douglas Haig,0,3,,,Torneo Federal A,2022,zonas,Zona Norte,Fecha 18,Delio Cardozo,false,https://es.wikipedia.org/wiki/Torneo_Federal_A_2022
2022-07-10,11:00,Sportivo Peñarol (C),Cipolletti,1,2,,,Torneo Federal A,2022,zonas,Zona Sur,Fecha 18,Ramón Pablo Rojas,false,https://es.wikipedia.org/wiki/Torneo_Federal_A_2022
2022-07-10,13:00,Estudiantes (LP),Central Córdoba (SdE),2,2,,,Primera Division,2022,zonas,,Fecha 7,Jorge Luis Hirschi,false,https://es.wikipedia.org/wiki/Campeonato_de_Primera_División_2022_(Argentina)
2022-07-10,15:00,Círculo Deportivo,Olimpo,0,0,,,Torneo Federal A,2022,zonas,Zona Sur,Fecha 18,Guillermo Trama,false,https://es.wikipedia.org/wiki/Torneo_Federal_A_2022
2022-07-10,15:00,Huracán Las Heras,Villa Mitre,2,1,,,Torneo Federal A,2022,zonas,Zona Sur,Fecha 18,Anselmo Singaretti (Gutiérrez),false,https://es.wikipedia.org/wiki/Torneo_Federal_A_2022
2022-07-10,15:00,Sansinena,Ciudad de Bolívar,0,3,,,Torneo Federal A,2022,zonas,Zona Sur,Fecha 18,Luis Molina,false,https://es.wikipedia.org/wiki/Torneo_Federal_A_2022
2022-07-10,15:00,Unión (S),Sarmiento (R),0,1,,,Torneo Federal A,2022,zonas,Zona Norte,Fecha 18,De la Avenida,false,https://es.wikipedia.org/wiki/Torneo_Federal_A_2022
2022-07-10,15:30,Argentino de Merlo,Real Pilar,1,0,,,Primera C,2022,zonas,Torneo Clausura,Fecha 4,Merlo,false,https://es.wikipedia.org/wiki/Campeonato_de_Primera_C_2022_(Argentina)
2022-07-10,15:30,Berazategui,General Lamadrid,0,1,,,Primera C,2022,zonas,Torneo Clausura,Fecha 4,Norman Lee,false,https://es.wikipedia.org/wiki/Campeonato_de_Primera_C_2022_(Argentina)
2022-07-10,15:30,Claypole,Central Córdoba (R),0,3,,,Primera C,2022,zonas,Torneo Clausura,Fecha 4,Rodolfo Capocasa,false,https://es.wikipedia.org/wiki/Campeonato_de_Primera_C_2022_(Argentina)
2022-07-10,15:30,Juventud Unida Universitario,Deportivo Camioneros,1,0,,,Torneo Federal A,2022,zonas,Zona Sur,Fecha 18,Mario Sebastián Diez,false,https://es.wikipedia.org/wiki/Torneo_Federal_A_2022
2022-07-10,15:30,Liniers (BB),Sportivo Estudiantes (SL),1,2,,,Torneo Federal A,2022,zonas,Zona Sur,Fecha 18,Alejandro Pérez,false,https://es.wikipedia.org/wiki/Torneo_Federal_A_2022
2022-07-10,15:30,Luján,Leandro N. Alem,1,1,,,Primera C,2022,zonas,Torneo Clausura,Fecha 4,Municipal de la Ciudad de Luján,false,https://es.wikipedia.org/wiki/Campeonato_de_Primera_C_2022_(Argentina)
2022-07-10,15:30,Puerto Nuevo,San Martín (B),0,0,,,Primera C,2022,zonas,Torneo Clausura,Fecha 4,Rubén Carlos Vallejos,false,https://es.wikipedia.org/wiki/Campeonato_de_Primera_C_2022_(Argentina)
2022-07-10,15:30,Racing Club,Independiente,1,0,,,Primera Division,2022,zonas,,Fecha 7,El Cilindro,false,https://es.wikipedia.org/wiki/Campeonato_de_Primera_División_2022_(Argentina)
2022-07-10,16:00,Atlético Paraná,Racing Club,2,2,,,Torneo Federal A,2022,zonas,Zona Norte,Fecha 18,Pedro Mutio,false,https://es.wikipedia.org/wiki/Torneo_Federal_A_2022
2022-07-10,16:00,Gimnasia y Tiro (S),Sportivo Belgrano,0,3,,,Torneo Federal A,2022,zonas,Zona Norte,Fecha 18,Gigante del Norte,false,https://es.wikipedia.org/wiki/Torneo_Federal_A_2022
2022-07-10,16:00,San Martín (F),Defensores de Belgrano (VR),1,0,,,Torneo Federal A,2022,zonas,Zona Norte,Fecha 18,17 de Octubre,false,https://es.wikipedia.org/wiki/Torneo_Federal_A_2022
2022-07-10,18:00,Atlético Tucumán,Gimnasia y Esgrima (LP),2,0,,,Primera Division,2022,zonas,,Fecha 7,Monumental José Fierro,false,https://es.wikipedia.org/wiki/Campeonato_de_Primera_División_2022_(Argentina)
2022-07-10,18:00,Lanús,Huracán,2,3,,,Primera Division,2022,zonas,,Fecha 7,Ciudad de Lanús,false,https://es.wikipedia.org/wiki/Campeonato_de_Primera_División_2022_(Argentina)
2022-07-10,18:10,Ituzaingó,Defensores Unidos,1,1,,,Primera B,2022,zonas,Torneo Clausura,Fecha 5,Carlos Alberto Sacaan,false,https://es.wikipedia.org/wiki/Campeonato_de_Primera_B_2022_(Argentina)
2022-07-10,20:30,River Plate,Godoy Cruz,0,2,,,Primera Division,2022,zonas,,Fecha 7,Monumental,false,https://es.wikipedia.org/wiki/Campeonato_de_Primera_División_2022_(Argentina)
2022-07-11,15:30,Fénix,Villa San Carlos,1,1,,,Primera B,2022,zonas,Torneo Clausura,Fecha 5,José Manuel Moreno,false,https://es.wikipedia.org/wiki/Campeonato_de_Primera_B_2022_(Argentina)
2022-07-11,19:00,Colón,Vélez Sarsfield,2,1,,,Primera Division,2022,zonas,,Fecha 7,Brigadier Estanislao López,false,https://es.wikipedia.org/wiki/Campeonato_de_Primera_División_2022_(Argentina)
2022-07-11,19:00,Defensa y Justicia,Aldosivi,3,2,,,Primera Division,2022,zonas,,Fecha 7,Norberto Tomaghello,false,https://es.wikipedia.org/wiki/Campeonato_de_Primera_División_2022_(Argentina)
2022-07-11,21:30,Argentinos Juniors,Tigre,2,1,,,Primera Division,2022,zonas,,Fecha 7,Diego Armando Maradona,false,https://es.wikipedia.org/wiki/Campeonato_de_Primera_División_2022_(Argentina)
2022-07-11,22:00,Juventud Antoniana,Boca Unidos,2,1,,,Torneo Federal A,2022,zonas,Zona Norte,Fecha 18,Padre Ernesto Martearena,false,https://es.wikipedia.org/wiki/Torneo_Federal_A_2022
2022-07-12,,Banfield,Unión,2,1,,,Copa Argentina,2022,eliminacion,,Dieciseisavos,Único de San Nicolás,true,https://es.wikipedia.org/wiki/Copa_Argentina_2022
2022-07-12,18:10,Los Andes,Talleres (RdE),0,0,,,Primera B,2022,zonas,Torneo Clausura,Fecha 5,Eduardo Gallardón,false,https://es.wikipedia.org/wiki/Campeonato_de_Primera_B_2022_(Argentina)
2022-07-13,,Barracas Central,River Plate,0,3,,,Copa Argentina,2022,eliminacion,,Dieciseisavos,Único de Villa Mercedes,true,https://es.wikipedia.org/wiki/Copa_Argentina_2022
2022-07-13,,Belgrano,Estudiantes (LP),1,0,,,Copa Argentina,2022,eliminacion,,Dieciseisavos,15 de abril,true,https://es.wikipedia.org/wiki/Copa_Argentina_2022
2022-07-13,,Lanús,Godoy Cruz,1,3,,,Copa Argentina,2022,eliminacion,,Dieciseisavos,Julio César Villagra,true,https://es.wikipedia.org/wiki/Copa_Argentina_2022
2022-07-14,21:00,Central Córdoba (SdE),Patronato,1,3,,,Primera Division,2022,zonas,,Fecha 8,Alfredo Terrera,false,https://es.wikipedia.org/wiki/Campeonato_de_Primera_División_2022_(Argentina)
2022-07-15,19:00,Sarmiento (J),Defensa y Justicia,2,0,,,Primera Division,2022,zonas,,Fecha 8,Eva Perón,false,https://es.wikipedia.org/wiki/Campeonato_de_Primera_División_2022_(Argentina)
2022-07-15,20:30,Gimnasia y Esgrima (CdU),Crucero del Norte,1,0,,,Torneo Federal A,2022,zonas,Zona Norte,Fecha 19,Manuel y Ramón Núñez,false,https://es.wikipedia.org/wiki/Torneo_Federal_A_2022
2022-07-15,20:30,Sportivo Belgrano,Atlético Paraná,4,1,,,Torneo Federal A,2022,zonas,Zona Norte,Fecha 19,Oscar Carlos Boero,false,https://es.wikipedia.org/wiki/Torneo_Federal_A_2022
2022-07-15,21:00,Racing Club,Sportivo Las Parejas,2,1,,,Torneo Federal A,2022,zonas,Zona Norte,Fecha 19,Miguel Sancho,false,https://es.wikipedia.org/wiki/Torneo_Federal_A_2022
2022-07-15,21:30,Aldosivi,Atlético Tucumán,0,1,,,Primera Division,2022,zonas,,Fecha 8,José María Minella,false,https://es.wikipedia.org/wiki/Campeonato_de_Primera_División_2022_(Argentina)
2022-07-15,21:30,Arsenal,Platense,1,1,,,Primera Division,2022,zonas,,Fecha 8,El Viaducto,false,https://es.wikipedia.org/wiki/Campeonato_de_Primera_División_2022_(Argentina)
2022-07-16,12:05,Colegiales,Comunicaciones,2,0,,,Primera B,2022,zonas,Torneo Clausura,Fecha 6,Colegiales,false,https://es.wikipedia.org/wiki/Campeonato_de_Primera_B_2022_(Argentina)
2022-07-16,13:00,Barracas Central,Argentinos Juniors,1,3,,,Primera Division,2022,zonas,,Fecha 8,Islas Malvinas,false,https://es.wikipedia.org/wiki/Campeonato_de_Primera_División_2022_(Argentina)
2022-07-16,14:30,Douglas Haig,Unión (S),3,1,,,Torneo Federal A,2022,zonas,Zona Norte,Fecha 19,Miguel Morales,false,https://es.wikipedia.org/wiki/Torneo_Federal_A_2022
2022-07-16,14:30,Juventud Unida (G),Juventud Antoniana,2,2,,,Torneo Federal A,2022,zonas,Zona Norte,Fecha 19,De los Eucaliptos,false,https://es.wikipedia.org/wiki/Torneo_Federal_A_2022
2022-07-16,14:30,Villa Mitre,Sansinena,3,0,,,Torneo Federal A,2022,zonas,Zona Sur,Fecha 19,El Fortín,false,https://es.wikipedia.org/wiki/Torneo_Federal_A_2022
2022-07-16,15:00,Defensores de Belgrano (VR),Defensores de Pronunciamiento,1,0,,,Torneo Federal A,2022,zonas,Zona Norte,Fecha 19,Salomón Boeseldín,false,https://es.wikipedia.org/wiki/Torneo_Federal_A_2022
2022-07-16,15:00,Deportivo Camioneros,Ferro Carril Oeste (GP),0,0,,,Torneo Federal A,2022,zonas,Zona Sur,Fecha 19,Hugo Moyano,false,https://es.wikipedia.org/wiki/Torneo_Federal_A_2022
2022-07-16,15:00,Desamparados,Sportivo Peñarol (C),0,0,,,Torneo Federal A,2022,zonas,Zona Sur,Fecha 19,El Serpentario,false,https://es.wikipedia.org/wiki/Torneo_Federal_A_2022
2022-07-16,15:00,Independiente (C),Círculo Deportivo,1,0,,,Torneo Federal A,2022,zonas,Zona Sur,Fecha 19,Raúl Orlando Lungarzo,false,https://es.wikipedia.org/wiki/Torneo_Federal_A_2022
2022-07-16,15:00,Sol de Mayo (V),Argentino (MM),1,1,,,Torneo Federal A,2022,zonas,Zona Sur,Fecha 19,Sol de Mayo,false,https://es.wikipedia.org/wiki/Torneo_Federal_A_2022
2022-07-16,15:30,Acassuso,Cañuelas,1,1,,,Primera B,2022,zonas,Torneo Clausura,Fecha 6,Armenia,false,https://es.wikipedia.org/wiki/Campeonato_de_Primera_B_2022_(Argentina)
2022-07-16,15:30,Defensores Unidos,Fénix,0,1,,,Primera B,2022,zonas,Torneo Clausura,Fecha 6,Gigante de Villa Fox,false,https://es.wikipedia.org/wiki/Campeonato_de_Primera_B_2022_(Argentina)
2022-07-16,15:30,El Porvenir,Puerto Nuevo,1,0,,,Primera C,2022,zonas,Torneo Clausura,Fecha 5,Gildo Francisco Ghersinich,false,https://es.wikipedia.org/wiki/Campeonato_de_Primera_C_2022_(Argentina)
2022-07-16,15:30,Gimnasia y Esgrima (LP),Colón,0,0,,,Primera Division,2022,zonas,,Fecha 8,Del Bosque,false,https://es.wikipedia.org/wiki/Campeonato_de_Primera_División_2022_(Argentina)
2022-07-16,15:30,Independiente,Rosario Central,0,0,,,Primera Division,2022,zonas,,Fecha 8,Libertadores de América,false,https://es.wikipedia.org/wiki/Campeonato_de_Primera_División_2022_(Argentina)
2022-07-16,15:30,Liniers,Excursionistas,0,2,,,Primera C,2022,zonas,Torneo Clausura,Fecha 5,Juan Antonio Arias,false,https://es.wikipedia.org/wiki/Campeonato_de_Primera_C_2022_(Argentina)
2022-07-16,15:30,Real Pilar,Berazategui,4,3,,,Primera C,2022,zonas,Torneo Clausura,Fecha 5,Carlos Barraza,false,https://es.wikipedia.org/wiki/Campeonato_de_Primera_C_2022_(Argentina)
2022-07-16,15:30,Sportivo Italiano,Luján,0,0,,,Primera C,2022,zonas,Torneo Clausura,Fecha 5,República de Italia,false,https://es.wikipedia.org/wiki/Campeonato_de_Primera_C_2022_(Argentina)
2022-07-16,15:30,UAI Urquiza,Deportivo Armenio,1,2,,,Primera B,2022,zonas,Torneo Clausura,Fecha 6,Monumental de Villa Lynch,false,https://es.wikipedia.org/wiki/Campeonato_de_Primera_B_2022_(Argentina)
2022-07-16,16:00,Sarmiento (R),Gimnasia y Tiro (S),2,0,,,Torneo Federal A,2022,zonas,Zona Norte,Fecha 19,Centenario,false,https://es.wikipedia.org/wiki/Torneo_Federal_A_2022
2022-07-16,16:00,Sportivo Estudiantes (SL),Juventud Unida Universitario,0,1,,,Torneo Federal A,2022,zonas,Zona Sur,Fecha 19,Héctor Odicino y Pedro Benoza,false,https://es.wikipedia.org/wiki/Torneo_Federal_A_2022
2022-07-16,18:00,Cipolletti,Huracán Las Heras,1,0,,,Torneo Federal A,2022,zonas,Zona Sur,Fecha 19,La Visera de Cemento,false,https://es.wikipedia.org/wiki/Torneo_Federal_A_2022
2022-07-16,18:00,Newell's Old Boys,Racing Club,0,0,,,Primera Division,2022,zonas,,Fecha 8,Marcelo Bielsa,false,https://es.wikipedia.org/wiki/Campeonato_de_Primera_División_2022_(Argentina)
2022-07-16,18:00,Olimpo,Liniers (BB),3,1,,,Torneo Federal A,2022,zonas,Zona Sur,Fecha 19,Roberto N. Carminatti,false,https://es.wikipedia.org/wiki/Torneo_Federal_A_2022
2022-07-16,20:00,Ferrocarril Midland,Atlas,0,1,,,Primera C,2022,zonas,Torneo Clausura,Fecha 5,Ciudad de Libertad,false,https://es.wikipedia.org/wiki/Campeonato_de_Primera_C_2022_(Argentina)
2022-07-16,20:30,Boca Juniors,Talleres (C),1,0,,,Primera Division,2022,zonas,,Fecha 8,La Bombonera,false,https://es.wikipedia.org/wiki/Campeonato_de_Primera_División_2022_(Argentina)
2022-07-16,22:00,Central Norte (S),San Martín (F),3,3,,,Torneo Federal A,2022,zonas,Zona Norte,Fecha 19,Padre Ernesto Martearena,false,https://es.wikipedia.org/wiki/Torneo_Federal_A_2022
2022-07-17,13:00,Godoy Cruz,Lanús,2,1,,,Primera Division,2022,zonas,,Fecha 8,Malvinas Argentinas,false,https://es.wikipedia.org/wiki/Campeonato_de_Primera_División_2022_(Argentina)
2022-07-17,13:00,Unión,Huracán,0,0,,,Primera Division,2022,zonas,,Fecha 8,15 de Abril,false,https://es.wikipedia.org/wiki/Campeonato_de_Primera_División_2022_(Argentina)
2022-07-17,15:30,Argentino de Quilmes,J. J. de Urquiza,3,1,,,Primera B,2022,zonas,Torneo Clausura,Fecha 6,Argentino de Quilmes,false,https://es.wikipedia.org/wiki/Campeonato_de_Primera_B_2022_(Argentina)
2022-07-17,15:30,Banfield,San Lorenzo,1,1,,,Primera Division,2022,zonas,,Fecha 8,Florencio Sola,false,https://es.wikipedia.org/wiki/Campeonato_de_Primera_División_2022_(Argentina)
2022-07-17,15:30,Central Córdoba (R),Victoriano Arenas,2,1,,,Primera C,2022,zonas,Torneo Clausura,Fecha 5,Gabino Sosa,false,https://es.wikipedia.org/wiki/Campeonato_de_Primera_C_2022_(Argentina)
2022-07-17,15:30,Deportivo Español,Claypole,0,0,,,Primera C,2022,zonas,Torneo Clausura,Fecha 5,Nueva España,false,https://es.wikipedia.org/wiki/Campeonato_de_Primera_C_2022_(Argentina)
2022-07-17,15:30,Deportivo Merlo,Los Andes,0,0,,,Primera B,2022,zonas,Torneo Clausura,Fecha 6,José Manuel Moreno,false,https://es.wikipedia.org/wiki/Campeonato_de_Primera_B_2022_(Argentina)
2022-07-17,15:30,San Martín (B),Argentino de Merlo,0,1,,,Primera C,2022,zonas,Torneo Clausura,Fecha 5,Francisco Boga,false,https://es.wikipedia.org/wiki/Campeonato_de_Primera_C_2022_(Argentina)
2022-07-17,15:30,Talleres (RdE),Ituzaingó,0,2,,,Primera B,2022,zonas,Torneo Clausura,Fecha 6,Pablo Comelli,false,https://es.wikipedia.org/wiki/Campeonato_de_Primera_B_2022_(Argentina)
2022-07-17,15:30,Villa San Carlos,San Miguel,0,2,,,Primera B,2022,zonas,Torneo Clausura,Fecha 6,Genacio Sálice,false,https://es.wikipedia.org/wiki/Campeonato_de_Primera_B_2022_(Argentina)
2022-07-17,18:00,Tigre,Estudiantes (LP),2,1,,,Primera Division,2022,zonas,,Fecha 8,Monumental de Victoria,false,https://es.wikipedia.org/wiki/Campeonato_de_Primera_División_2022_(Argentina)
2022-07-17,20:30,Vélez Sarsfield,River Plate,2,2,,,Primera Division,2022,zonas,,Fecha 8,José Amalfitani,false,https://es.wikipedia.org/wiki/Campeonato_de_Primera_División_2022_(Argentina)
2022-07-18,15:30,Leandro N. Alem,Deportivo Laferrere,0,0,,,Primera C,2022,zonas,Torneo Clausura,Fecha 5,Carlos Barraza,false,https://es.wikipedia.org/wiki/Campeonato_de_Primera_C_2022_(Argentina)
2022-07-19,16:30,Colón,Aldosivi,1,1,,,Primera Division,2022,zonas,,Fecha 9,Brigadier Estanislao López,false,https://es.wikipedia.org/wiki/Campeonato_de_Primera_División_2022_(Argentina)
2022-07-19,16:30,Platense,Central Córdoba (SdE),2,0,,,Primera Division,2022,zonas,,Fecha 9,Ciudad de Vicente López,false,https://es.wikipedia.org/wiki/Campeonato_de_Primera_División_2022_(Argentina)
2022-07-19,19:00,Atlético Tucumán,Sarmiento (J),1,0,,,Primera Division,2022,zonas,,Fecha 9,Monumental José Fierro,false,https://es.wikipedia.org/wiki/Campeonato_de_Primera_División_2022_(Argentina)
2022-07-19,19:00,Racing Club,Arsenal,1,1,,,Primera Division,2022,zonas,,Fecha 9,El Cilindro,false,https://es.wikipedia.org/wiki/Campeonato_de_Primera_División_2022_(Argentina)
2022-07-19,21:30,Argentinos Juniors,Boca Juniors,2,0,,,Primera Division,2022,zonas,,Fecha 9,Diego Armando Maradona,false,https://es.wikipedia.org/wiki/Campeonato_de_Primera_División_2022_(Argentina)
2022-07-20,14:00,Crucero del Norte,Racing Club,1,0,,,Torneo Federal A,2022,zonas,Zona Norte,Fecha 20,Andrés Guacurarí,false,https://es.wikipedia.org/wiki/Torneo_Federal_A_2022
2022-07-20,14:00,Defensores de Pronunciamiento,Central Norte (S),1,1,,,Torneo Federal A,2022,zonas,Zona Norte,Fecha 20,Delio Cardozo,false,https://es.wikipedia.org/wiki/Torneo_Federal_A_2022
2022-07-20,14:00,Ferro Carril Oeste (GP),Sportivo Estudiantes (SL),2,0,,,Torneo Federal A,2022,zonas,Zona Sur,Fecha 20,El Coloso del Barrio Talleres,false,https://es.wikipedia.org/wiki/Torneo_Federal_A_2022
2022-07-20,14:00,San Lorenzo,Unión,2,2,,,Primera Division,2022,zonas,,Fecha 9,Nuevo Gasómetro,false,https://es.wikipedia.org/wiki/Campeonato_de_Primera_División_2022_(Argentina)
2022-07-20,15:00,Boca Unidos,Juventud Unida (G),4,0,,,Torneo Federal A,2022,zonas,Zona Norte,Fecha 20,Leoncio Benítez,false,https://es.wikipedia.org/wiki/Torneo_Federal_A_2022
2022-07-20,15:00,Ciudad de Bolívar,Villa Mitre,1,2,,,Torneo Federal A,2022,zonas,Zona Sur,Fecha 20,Municipal Eva Perón,false,https://es.wikipedia.org/wiki/Torneo_Federal_A_2022
2022-07-20,15:00,Círculo Deportivo,Sol de Mayo (V),1,0,,,Torneo Federal A,2022,zonas,Zona Sur,Fecha 20,Guillermo Trama,false,https://es.wikipedia.org/wiki/Torneo_Federal_A_2022
2022-07-20,15:00,Huracán Las Heras,Desamparados,0,0,,,Torneo Federal A,2022,zonas,Zona Sur,Fecha 20,Libertador General San Martín (San Martín),false,https://es.wikipedia.org/wiki/Torneo_Federal_A_2022
2022-07-20,15:00,Juventud Unida Universitario,Olimpo,3,1,,,Torneo Federal A,2022,zonas,Zona Sur,Fecha 20,Mario Sebastián Diez,false,https://es.wikipedia.org/wiki/Torneo_Federal_A_2022
2022-07-20,15:00,Sansinena,Cipolletti,1,3,,,Torneo Federal A,2022,zonas,Zona Sur,Fecha 20,Luis Molina,false,https://es.wikipedia.org/wiki/Torneo_Federal_A_2022
2022-07-20,15:00,Sportivo Peñarol (C),Deportivo Camioneros,3,1,,,Torneo Federal A,2022,zonas,Zona Sur,Fecha 20,Ramón Pablo Rojas,false,https://es.wikipedia.org/wiki/Torneo_Federal_A_2022
2022-07-20,15:00,Unión (S),Defensores de Belgrano (VR),1,2,,,Torneo Federal A,2022,zonas,Zona Norte,Fecha 20,De la Avenida,false,https://es.wikipedia.org/wiki/Torneo_Federal_A_2022
2022-07-20,16:30,Patronato,Tigre,1,0,,,Primera Division,2022,zonas,,Fecha 9,Presbítero Bartolomé Grella,false,https://es.wikipedia.org/wiki/Campeonato_de_Primera_División_2022_(Argentina)
2022-07-20,19:00,Atlético Paraná,Sarmiento (R),0,4,,,Torneo Federal A,2022,zonas,Zona Norte,Fecha 20,Pedro Mutio,false,https://es.wikipedia.org/wiki/Torneo_Federal_A_2022
2022-07-20,19:00,Defensa y Justicia,Independiente,2,1,,,Primera Division,2022,zonas,,Fecha 9,Norberto Tomaghello,false,https://es.wikipedia.org/wiki/Campeonato_de_Primera_División_2022_(Argentina)
2022-07-20,19:00,Estudiantes (LP),Barracas Central,3,1,,,Primera Division,2022,zonas,,Fecha 9,Jorge Luis Hirschi,false,https://es.wikipedia.org/wiki/Campeonato_de_Primera_División_2022_(Argentina)
2022-07-20,20:00,Sportivo Las Parejas,Sportivo Belgrano,0,0,,,Torneo Federal A,2022,zonas,Zona Norte,Fecha 20,4 de Septiembre,false,https://es.wikipedia.org/wiki/Torneo_Federal_A_2022
2022-07-20,20:30,Liniers (BB),Independiente (C),1,1,,,Torneo Federal A,2022,zonas,Zona Sur,Fecha 20,Alejandro Pérez,false,https://es.wikipedia.org/wiki/Torneo_Federal_A_2022
2022-07-20,21:30,Gimnasia y Tiro (S),Douglas Haig,4,3,,,Torneo Federal A,2022,zonas,Zona Norte,Fecha 20,Gigante del Norte,false,https://es.wikipedia.org/wiki/Torneo_Federal_A_2022
2022-07-20,21:30,Huracán,Godoy Cruz,0,0,,,Primera Division,2022,zonas,,Fecha 9,Tomás Adolfo Ducó,false,https://es.wikipedia.org/wiki/Campeonato_de_Primera_División_2022_(Argentina)
2022-07-20,21:30,Lanús,Vélez Sarsfield,2,2,,,Primera Division,2022,zonas,,Fecha 9,Ciudad de Lanús,false,https://es.wikipedia.org/wiki/Campeonato_de_Primera_División_2022_(Argentina)
2022-07-20,22:00,Juventud Antoniana,Gimnasia y Esgrima (CdU),1,0,,,Torneo Federal A,2022,zonas,Zona Norte,Fecha 20,Padre Ernesto Martearena,false,https://es.wikipedia.org/wiki/Torneo_Federal_A_2022
2022-07-21,16:30,Rosario Central,Newell's Old Boys,1,0,,,Primera Division,2022,zonas,,Fecha 9,Gigante de Arroyito,false,https://es.wikipedia.org/wiki/Campeonato_de_Primera_División_2022_(Argentina)
2022-07-21,19:00,Talleres (C),Banfield,1,0,,,Primera Division,2022,zonas,,Fecha 9,Mario Alberto Kempes,false,https://es.wikipedia.org/wiki/Campeonato_de_Primera_División_2022_(Argentina)
2022-07-21,21:30,River Plate,Gimnasia y Esgrima (LP),1,0,,,Primera Division,2022,zonas,,Fecha 9,Monumental,false,https://es.wikipedia.org/wiki/Campeonato_de_Primera_División_2022_(Argentina)
2022-07-23,13:10,San Miguel,Defensores Unidos,0,0,,,Primera B,2022,zonas,Torneo Clausura,Fecha 7,Malvinas Argentinas,false,https://es.wikipedia.org/wiki/Campeonato_de_Primera_B_2022_(Argentina)
2022-07-23,15:30,Atlas,Liniers,1,1,,,Primera C,2022,zonas,Torneo Clausura,Fecha 6,Ricardo Puga,false,https://es.wikipedia.org/wiki/Campeonato_de_Primera_C_2022_(Argentina)
2022-07-23,15:30,Berazategui,San Martín (B),2,1,,,Primera C,2022,zonas,Torneo Clausura,Fecha 6,Norman Lee,false,https://es.wikipedia.org/wiki/Campeonato_de_Primera_C_2022_(Argentina)
2022-07-23,15:30,Cañuelas,Argentino de Quilmes,2,1,,,Primera B,2022,zonas,Torneo Clausura,Fecha 7,Jorge Alfredo Arín,false,https://es.wikipedia.org/wiki/Campeonato_de_Primera_B_2022_(Argentina)
2022-07-23,15:30,Comunicaciones,Acassuso,3,1,,,Primera B,2022,zonas,Torneo Clausura,Fecha 7,Alfredo Ramos,false,https://es.wikipedia.org/wiki/Campeonato_de_Primera_B_2022_(Argentina)
2022-07-23,15:30,Deportivo Armenio,Villa San Carlos,1,1,,,Primera B,2022,zonas,Torneo Clausura,Fecha 7,Armenia,false,https://es.wikipedia.org/wiki/Campeonato_de_Primera_B_2022_(Argentina)
2022-07-23,15:30,Deportivo Laferrere,Sportivo Italiano,1,1,,,Primera C,2022,zonas,Torneo Clausura,Fecha 6,Ciudad de Laferrere,false,https://es.wikipedia.org/wiki/Campeonato_de_Primera_C_2022_(Argentina)
2022-07-23,15:30,Fénix,Talleres (RdE),0,2,,,Primera B,2022,zonas,Torneo Clausura,Fecha 7,José Manuel Moreno,false,https://es.wikipedia.org/wiki/Campeonato_de_Primera_B_2022_(Argentina)
2022-07-23,15:30,General Lamadrid,Real Pilar,0,2,,,Primera C,2022,zonas,Torneo Clausura,Fecha 6,Enrique Sexto,false,https://es.wikipedia.org/wiki/Campeonato_de_Primera_C_2022_(Argentina)
2022-07-23,15:30,Los Andes,Colegiales,0,2,,,Primera B,2022,zonas,Torneo Clausura,Fecha 7,Eduardo Gallardón,false,https://es.wikipedia.org/wiki/Campeonato_de_Primera_B_2022_(Argentina)
2022-07-23,15:30,Luján,Central Córdoba (R),2,0,,,Primera C,2022,zonas,Torneo Clausura,Fecha 6,Municipal de la Ciudad de Luján,false,https://es.wikipedia.org/wiki/Campeonato_de_Primera_C_2022_(Argentina)
2022-07-23,15:30,Sarmiento (J),Colón,1,3,,,Primera Division,2022,zonas,,Fecha 10,Eva Perón,false,https://es.wikipedia.org/wiki/Campeonato_de_Primera_División_2022_(Argentina)
2022-07-23,18:00,Independiente,Atlético Tucumán,0,1,,,Primera Division,2022,zonas,,Fecha 10,Libertadores de América,false,https://es.wikipedia.org/wiki/Campeonato_de_Primera_División_2022_(Argentina)
2022-07-23,20:30,Central Córdoba (SdE),Racing Club,1,3,,,Primera Division,2022,zonas,,Fecha 10,Único Madre de Ciudades,false,https://es.wikipedia.org/wiki/Campeonato_de_Primera_División_2022_(Argentina)
2022-07-24,11:00,Desamparados,Sansinena,1,1,,,Torneo Federal A,2022,zonas,Zona Sur,Fecha 21,El Serpentario,false,https://es.wikipedia.org/wiki/Torneo_Federal_A_2022
2022-07-24,11:00,Sportivo Belgrano,Crucero del Norte,1,0,,,Torneo Federal A,2022,zonas,Zona Norte,Fecha 21,Oscar Carlos Boero,false,https://es.wikipedia.org/wiki/Torneo_Federal_A_2022
2022-07-24,13:00,Tigre,Platense,3,0,,,Primera Division,2022,zonas,,Fecha 10,Monumental de Victoria,false,https://es.wikipedia.org/wiki/Campeonato_de_Primera_División_2022_(Argentina)
2022-07-24,15:00,Deportivo Camioneros,Huracán Las Heras,0,0,,,Torneo Federal A,2022,zonas,Zona Sur,Fecha 21,Hugo Moyano,false,https://es.wikipedia.org/wiki/Torneo_Federal_A_2022
2022-07-24,15:00,Douglas Haig,Atlético Paraná,1,2,,,Torneo Federal A,2022,zonas,Zona Norte,Fecha 21,Miguel Morales,false,https://es.wikipedia.org/wiki/Torneo_Federal_A_2022
2022-07-24,15:00,Independiente (C),Juventud Unida Universitario,0,0,,,Torneo Federal A,2022,zonas,Zona Sur,Fecha 21,Raúl Orlando Lungarzo,false,https://es.wikipedia.org/wiki/Torneo_Federal_A_2022
2022-07-24,15:00,Sarmiento (R),Sportivo Las Parejas,1,1,,,Torneo Federal A,2022,zonas,Zona Norte,Fecha 21,Centenario,false,https://es.wikipedia.org/wiki/Torneo_Federal_A_2022
2022-07-24,15:00,Sol de Mayo (V),Liniers (BB),4,1,,,Torneo Federal A,2022,zonas,Zona Sur,Fecha 21,Sol de Mayo,false,https://es.wikipedia.org/wiki/Torneo_Federal_A_2022
2022-07-24,15:30,Aldosivi,River Plate,0,3,,,Primera Division,2022,zonas,,Fecha 10,José María Minella,false,https://es.wikipedia.org/wiki/Campeonato_de_Primera_División_2022_(Argentina)
2022-07-24,15:30,Argentino de Merlo,El Porvenir,2,0,,,Primera C,2022,zonas,Torneo Clausura,Fecha 6,Merlo,false,https://es.wikipedia.org/wiki/Campeonato_de_Primera_C_2022_(Argentina)
2022-07-24,15:30,Claypole,Ferrocarril Midland,2,0,,,Primera C,2022,zonas,Torneo Clausura,Fecha 6,Rodolfo Capocasa,false,https://es.wikipedia.org/wiki/Campeonato_de_Primera_C_2022_(Argentina)
2022-07-24,15:30,Defensores de Belgrano (VR),Gimnasia y Tiro (S),0,1,,,Torneo Federal A,2022,zonas,Zona Norte,Fecha 21,Salomón Boeseldín,false,https://es.wikipedia.org/wiki/Torneo_Federal_A_2022
2022-07-24,15:30,Dock Sud,UAI Urquiza,2,1,,,Primera B,2022,zonas,Torneo Clausura,Fecha 7,De los Inmigrantes,false,https://es.wikipedia.org/wiki/Campeonato_de_Primera_B_2022_(Argentina)
2022-07-24,15:30,Gimnasia y Esgrima (CdU),Boca Unidos,1,0,,,Torneo Federal A,2022,zonas,Zona Norte,Fecha 21,Manuel y Ramón Núñez,false,https://es.wikipedia.org/wiki/Torneo_Federal_A_2022
2022-07-24,15:30,Puerto Nuevo,Leandro N. Alem,3,1,,,Primera C,2022,zonas,Torneo Clausura,Fecha 6,Rubén Carlos Vallejos,false,https://es.wikipedia.org/wiki/Campeonato_de_Primera_C_2022_(Argentina)
2022-07-24,15:30,Sportivo Estudiantes (SL),Sportivo Peñarol (C),4,1,,,Torneo Federal A,2022,zonas,Zona Sur,Fecha 21,Héctor Odicino y Pedro Benoza,false,https://es.wikipedia.org/wiki/Torneo_Federal_A_2022
2022-07-24,15:30,Victoriano Arenas,Deportivo Español,0,1,,,Primera C,2022,zonas,Torneo Clausura,Fecha 6,Saturnino Moure,false,https://es.wikipedia.org/wiki/Campeonato_de_Primera_C_2022_(Argentina)
2022-07-24,15:55,Olimpo,Ferro Carril Oeste (GP),3,1,,,Torneo Federal A,2022,zonas,Zona Sur,Fecha 21,Roberto N. Carminatti,false,https://es.wikipedia.org/wiki/Torneo_Federal_A_2022
2022-07-24,16:00,Argentino (MM),Círculo Deportivo,3,1,,,Torneo Federal A,2022,zonas,Zona Sur,Fecha 21,Modesto Marrone,false,https://es.wikipedia.org/wiki/Torneo_Federal_A_2022
2022-07-24,16:00,Cipolletti,Ciudad de Bolívar,0,0,,,Torneo Federal A,2022,zonas,Zona Sur,Fecha 21,La Visera de Cemento,false,https://es.wikipedia.org/wiki/Torneo_Federal_A_2022
2022-07-24,16:00,San Martín (F),Defensores de Pronunciamiento,2,0,,,Torneo Federal A,2022,zonas,Zona Norte,Fecha 21,17 de Octubre,false,https://es.wikipedia.org/wiki/Torneo_Federal_A_2022
2022-07-24,17:00,Racing Club,Juventud Antoniana,2,1,,,Torneo Federal A,2022,zonas,Zona Norte,Fecha 21,Miguel Sancho,false,https://es.wikipedia.org/wiki/Torneo_Federal_A_2022
2022-07-24,18:00,Gimnasia y Esgrima (LP),Lanús,1,0,,,Primera Division,2022,zonas,,Fecha 10,Del Bosque,false,https://es.wikipedia.org/wiki/Campeonato_de_Primera_División_2022_(Argentina)
2022-07-24,20:30,Boca Juniors,Estudiantes (LP),3,1,,,Primera Division,2022,zonas,,Fecha 10,La Bombonera,false,https://es.wikipedia.org/wiki/Campeonato_de_Primera_División_2022_(Argentina)
2022-07-25,16:30,San Lorenzo,Talleres (C),1,1,,,Primera Division,2022,zonas,,Fecha 10,Nuevo Gasómetro,false,https://es.wikipedia.org/wiki/Campeonato_de_Primera_División_2022_(Argentina)
2022-07-25,19:00,Banfield,Argentinos Juniors,1,1,,,Primera Division,2022,zonas,,Fecha 10,Florencio Sola,false,https://es.wikipedia.org/wiki/Campeonato_de_Primera_División_2022_(Argentina)
2022-07-25,19:00,Newell's Old Boys,Defensa y Justicia,1,2,,,Primera Division,2022,zonas,,Fecha 10,Marcelo Bielsa,false,https://es.wikipedia.org/wiki/Campeonato_de_Primera_División_2022_(Argentina)
2022-07-25,21:10,Ituzaingó,Deportivo Merlo,0,1,,,Primera B,2022,zonas,Torneo Clausura,Fecha 7,Carlos Alberto Sacaan,false,https://es.wikipedia.org/wiki/Campeonato_de_Primera_B_2022_(Argentina)
2022-07-25,21:30,Unión,Godoy Cruz,2,1,,,Primera Division,2022,zonas,,Fecha 10,15 de Abril,false,https://es.wikipedia.org/wiki/Campeonato_de_Primera_División_2022_(Argentina)
2022-07-25,21:30,Vélez Sarsfield,Huracán,1,1,,,Primera Division,2022,zonas,,Fecha 10,José Amalfitani,false,https://es.wikipedia.org/wiki/Campeonato_de_Primera_División_2022_(Argentina)
2022-07-25,22:00,Central Norte (S),Unión (S),3,2,,,Torneo Federal A,2022,zonas,Zona Norte,Fecha 21,Padre Ernesto Martearena,false,https://es.wikipedia.org/wiki/Torneo_Federal_A_2022
2022-07-26,20:00,Arsenal,Rosario Central,0,3,,,Primera Division,2022,zonas,,Fecha 10,El Viaducto,false,https://es.wikipedia.org/wiki/Campeonato_de_Primera_División_2022_(Argentina)
2022-07-26,20:00,Barracas Central,Patronato,2,1,,,Primera Division,2022,zonas,,Fecha 10,Islas Malvinas,false,https://es.wikipedia.org/wiki/Campeonato_de_Primera_División_2022_(Argentina)
2022-07-27,,Tigre,Deportivo Madryn,3,3,2,4,Copa Argentina,2022,eliminacion,,Dieciseisavos,Juan Carmelo Zerillo,true,https://es.wikipedia.org/wiki/Copa_Argentina_2022
2022-07-29,15:30,Deportivo Español,Luján,1,1,,,Primera C,2022,zonas,Torneo Clausura,Fecha 7,Nueva España,false,https://es.wikipedia.org/wiki/Campeonato_de_Primera_C_2022_(Argentina)
2022-07-29,20:00,Ferrocarril Midland,Victoriano Arenas,3,0,,,Primera C,2022,zonas,Torneo Clausura,Fecha 7,Ciudad de Libertad,false,https://es.wikipedia.org/wiki/Campeonato_de_Primera_C_2022_(Argentina)
2022-07-29,20:00,Godoy Cruz,Vélez Sarsfield,1,1,,,Primera Division,2022,zonas,,Fecha 11,Malvinas Argentinas,false,https://es.wikipedia.org/wiki/Campeonato_de_Primera_División_2022_(Argentina)
2022-07-29,20:00,Talleres (C),Unión,2,2,,,Primera Division,2022,zonas,,Fecha 11,Mario Alberto Kempes,false,https://es.wikipedia.org/wiki/Campeonato_de_Primera_División_2022_(Argentina)
2022-07-30,13:05,Defensores Unidos,Deportivo Armenio,0,1,,,Primera B,2022,zonas,Torneo Clausura,Fecha 8,Gigante de Villa Fox,false,https://es.wikipedia.org/wiki/Campeonato_de_Primera_B_2022_(Argentina)
2022-07-30,13:10,Colegiales,Ituzaingó,4,2,,,Primera B,2022,zonas,Torneo Clausura,Fecha 8,Colegiales,false,https://es.wikipedia.org/wiki/Campeonato_de_Primera_B_2022_(Argentina)
2022-07-30,15:00,Crucero del Norte,Sarmiento (R),0,3,,,Torneo Federal A,2022,zonas,Zona Norte,Fecha 22,Comandante Andrés Guacurarí,false,https://es.wikipedia.org/wiki/Torneo_Federal_A_2022
2022-07-30,15:00,Ferro Carril Oeste (GP),Independiente (C),0,1,,,Torneo Federal A,2022,zonas,Zona Sur,Fecha 22,El Coloso del Barrio Talleres,false,https://es.wikipedia.org/wiki/Torneo_Federal_A_2022
2022-07-30,15:30,Acassuso,Los Andes,0,0,,,Primera B,2022,zonas,Torneo Clausura,Fecha 8,Armenia,false,https://es.wikipedia.org/wiki/Campeonato_de_Primera_B_2022_(Argentina)
2022-07-30,15:30,Argentino de Quilmes,Comunicaciones,0,1,,,Primera B,2022,zonas,Torneo Clausura,Fecha 8,Argentino de Quilmes,false,https://es.wikipedia.org/wiki/Campeonato_de_Primera_B_2022_(Argentina)
2022-07-30,15:30,Argentinos Juniors,San Lorenzo,0,1,,,Primera Division,2022,zonas,,Fecha 11,Diego Armando Maradona,false,https://es.wikipedia.org/wiki/Campeonato_de_Primera_División_2022_(Argentina)
2022-07-30,15:30,Central Córdoba (R),Deportivo Laferrere,1,0,,,Primera C,2022,zonas,Torneo Clausura,Fecha 7,Gabino Sosa,false,https://es.wikipedia.org/wiki/Campeonato_de_Primera_C_2022_(Argentina)
2022-07-30,15:30,Ciudad de Bolívar,Desamparados,1,1,,,Torneo Federal A,2022,zonas,Zona Sur,Fecha 22,Municipal Eva Perón,false,https://es.wikipedia.org/wiki/Torneo_Federal_A_2022
2022-07-30,15:30,Deportivo Merlo,Fénix,0,0,,,Primera B,2022,zonas,Torneo Clausura,Fecha 8,José Manuel Moreno,false,https://es.wikipedia.org/wiki/Campeonato_de_Primera_B_2022_(Argentina)
2022-07-30,15:30,El Porvenir,Berazategui,1,3,,,Primera C,2022,zonas,Torneo Clausura,Fecha 7,Gildo Francisco Ghersinich,false,https://es.wikipedia.org/wiki/Campeonato_de_Primera_C_2022_(Argentina)
2022-07-30,15:30,Excursionistas,Atlas,1,2,,,Primera C,2022,zonas,Torneo Clausura,Fecha 7,Excursionistas,false,https://es.wikipedia.org/wiki/Campeonato_de_Primera_C_2022_(Argentina)
2022-07-30,15:30,J. J. de Urquiza,Cañuelas,0,1,,,Primera B,2022,zonas,Torneo Clausura,Fecha 8,Ramón Roque Martín,false,https://es.wikipedia.org/wiki/Campeonato_de_Primera_B_2022_(Argentina)
2022-07-30,15:30,San Martín (B),General Lamadrid,3,2,,,Primera C,2022,zonas,Torneo Clausura,Fecha 7,Francisco Boga,false,https://es.wikipedia.org/wiki/Campeonato_de_Primera_C_2022_(Argentina)
2022-07-30,15:30,Sportivo Italiano,Puerto Nuevo,0,1,,,Primera C,2022,zonas,Torneo Clausura,Fecha 7,República de Italia,false,https://es.wikipedia.org/wiki/Campeonato_de_Primera_C_2022_(Argentina)
2022-07-30,18:00,Estudiantes (LP),Banfield,0,0,,,Primera Division,2022,zonas,,Fecha 11,Jorge Luis Hirschi,false,https://es.wikipedia.org/wiki/Campeonato_de_Primera_División_2022_(Argentina)
2022-07-30,19:00,Atlético Paraná,Defensores de Belgrano (VR),0,1,,,Torneo Federal A,2022,zonas,Zona Norte,Fecha 22,Pedro Mutio,false,https://es.wikipedia.org/wiki/Torneo_Federal_A_2022
2022-07-30,20:10,Talleres (RdE),San Miguel,2,1,,,Primera B,2022,zonas,Torneo Clausura,Fecha 8,Pablo Comelli,false,https://es.wikipedia.org/wiki/Campeonato_de_Primera_B_2022_(Argentina)
2022-07-30,20:30,Atlético Tucumán,Newell's Old Boys,2,0,,,Primera Division,2022,zonas,,Fecha 11,Monumental José Fierro,false,https://es.wikipedia.org/wiki/Campeonato_de_Primera_División_2022_(Argentina)
2022-07-30,20:30,Huracán,Gimnasia y Esgrima (LP),0,1,,,Primera Division,2022,zonas,,Fecha 11,Tomás Adolfo Ducó,false,https://es.wikipedia.org/wiki/Campeonato_de_Primera_División_2022_(Argentina)
2022-07-31,11:00,Juventud Unida (G),Gimnasia y Esgrima (CdU),0,3,,,Torneo Federal A,2022,zonas,Zona Norte,Fecha 22,De los Eucaliptos,false,https://es.wikipedia.org/wiki/Torneo_Federal_A_2022
2022-07-31,13:00,Lanús,Aldosivi,0,1,,,Primera Division,2022,zonas,,Fecha 11,Ciudad de Lanús,false,https://es.wikipedia.org/wiki/Campeonato_de_Primera_División_2022_(Argentina)
2022-07-31,13:00,Platense,Barracas Central,0,0,,,Primera Division,2022,zonas,,Fecha 11,Ciudad de Vicente López,false,https://es.wikipedia.org/wiki/Campeonato_de_Primera_División_2022_(Argentina)
2022-07-31,15:00,Liniers (BB),Argentino (MM),0,1,,,Torneo Federal A,2022,zonas,Zona Sur,Fecha 22,Alejandro Pérez,false,https://es.wikipedia.org/wiki/Torneo_Federal_A_2022
2022-07-31,15:00,Sansinena,Deportivo Camioneros,3,1,,,Torneo Federal A,2022,zonas,Zona Sur,Fecha 22,Luis Molina,false,https://es.wikipedia.org/wiki/Torneo_Federal_A_2022
2022-07-31,15:00,Sportivo Las Parejas,Douglas Haig,1,0,,,Torneo Federal A,2022,zonas,Zona Norte,Fecha 22,4 de Septiembre,false,https://es.wikipedia.org/wiki/Torneo_Federal_A_2022
2022-07-31,15:00,Unión (S),San Martín (F),0,3,,,Torneo Federal A,2022,zonas,Zona Norte,Fecha 22,De la Avenida,false,https://es.wikipedia.org/wiki/Torneo_Federal_A_2022
2022-07-31,15:00,Villa Mitre,Cipolletti,1,0,,,Torneo Federal A,2022,zonas,Zona Sur,Fecha 22,El Fortín,false,https://es.wikipedia.org/wiki/Torneo_Federal_A_2022
2022-07-31,15:30,Huracán Las Heras,Sportivo Estudiantes (SL),3,0,,,Torneo Federal A,2022,zonas,Zona Sur,Fecha 22,Anselmo Singaretti (Gutiérrez),false,https://es.wikipedia.org/wiki/Torneo_Federal_A_2022
2022-07-31,15:30,Juventud Unida Universitario,Sol de Mayo (V),0,0,,,Torneo Federal A,2022,zonas,Zona Sur,Fecha 22,Mario Sebastián Diez,false,https://es.wikipedia.org/wiki/Torneo_Federal_A_2022
2022-07-31,15:30,Liniers,Claypole,1,1,,,Primera C,2022,zonas,Torneo Clausura,Fecha 7,Juan Antonio Arias,false,https://es.wikipedia.org/wiki/Campeonato_de_Primera_C_2022_(Argentina)
2022-07-31,15:30,Racing Club,Tigre,3,3,,,Primera Division,2022,zonas,,Fecha 11,El Cilindro,false,https://es.wikipedia.org/wiki/Campeonato_de_Primera_División_2022_(Argentina)
2022-07-31,15:30,Sportivo Peñarol (C),Olimpo,0,2,,,Torneo Federal A,2022,zonas,Zona Sur,Fecha 22,Ramón Pablo Rojas,false,https://es.wikipedia.org/wiki/Torneo_Federal_A_2022
2022-07-31,15:30,Villa San Carlos,Dock Sud,0,1,,,Primera B,2022,zonas,Torneo Clausura,Fecha 8,Genacio Sálice,false,https://es.wikipedia.org/wiki/Campeonato_de_Primera_B_2022_(Argentina)
2022-07-31,16:00,Boca Unidos,Racing Club,1,1,,,Torneo Federal A,2022,zonas,Zona Norte,Fecha 22,Leoncio Benítez,false,https://es.wikipedia.org/wiki/Torneo_Federal_A_2022
2022-07-31,16:05,Gimnasia y Tiro (S),Central Norte (S),2,1,,,Torneo Federal A,2022,zonas,Zona Norte,Fecha 22,El Gigante del Norte,false,https://es.wikipedia.org/wiki/Torneo_Federal_A_2022
2022-07-31,18:00,Patronato,Boca Juniors,3,0,,,Primera Division,2022,zonas,,Fecha 11,Presbítero Bartolomé Grella,false,https://es.wikipedia.org/wiki/Campeonato_de_Primera_División_2022_(Argentina)
2022-07-31,19:30,Juventud Antoniana,Sportivo Belgrano,3,1,,,Torneo Federal A,2022,zonas,Zona Norte,Fecha 22,Padre Ernesto Martearena,false,https://es.wikipedia.org/wiki/Torneo_Federal_A_2022
2022-07-31,20:30,River Plate,Sarmiento (J),1,2,,,Primera Division,2022,zonas,,Fecha 11,Monumental,false,https://es.wikipedia.org/wiki/Campeonato_de_Primera_División_2022_(Argentina)
2022-08-01,15:30,Leandro N. Alem,Argentino de Merlo,1,1,,,Primera C,2022,zonas,Torneo Clausura,Fecha 7,Leandro N. Alem,false,https://es.wikipedia.org/wiki/Campeonato_de_Primera_C_2022_(Argentina)
2022-08-01,19:00,Defensa y Justicia,Arsenal,0,0,,,Primera Division,2022,zonas,,Fecha 11,Norberto Tomaghello,false,https://es.wikipedia.org/wiki/Campeonato_de_Primera_División_2022_(Argentina)
2022-08-01,19:00,Rosario Central,Central Córdoba (SdE),0,3,,,Primera Division,2022,zonas,,Fecha 11,Gigante de Arroyito,false,https://es.wikipedia.org/wiki/Campeonato_de_Primera_División_2022_(Argentina)
2022-08-01,21:30,Colón,Independiente,0,3,,,Primera Division,2022,zonas,,Fecha 11,Brigadier Estanislao López,false,https://es.wikipedia.org/wiki/Campeonato_de_Primera_División_2022_(Argentina)
2022-08-03,,Aldosivi,Newell's Old Boys,2,4,,,Copa Argentina,2022,eliminacion,,Dieciseisavos,Único de San Nicolás,true,https://es.wikipedia.org/wiki/Copa_Argentina_2022
2022-08-04,,Rosario Central,Quilmes,1,1,2,4,Copa Argentina,2022,eliminacion,,Dieciseisavos,Julio César Villagra,true,https://es.wikipedia.org/wiki/Copa_Argentina_2022
2022-08-05,15:30,San Miguel,Deportivo Merlo,1,2,,,Primera B,2022,zonas,Torneo Clausura,Fecha 9,Malvinas Argentinas,false,https://es.wikipedia.org/wiki/Campeonato_de_Primera_B_2022_(Argentina)
2022-08-05,15:45,Sarmiento (R),Juventud Antoniana,2,1,,,Torneo Federal A,2022,zonas,Zona Norte,Fecha 23,Centenario,false,https://es.wikipedia.org/wiki/Torneo_Federal_A_2022
2022-08-05,19:00,Gimnasia y Esgrima (LP),Godoy Cruz,2,0,,,Primera Division,2022,zonas,,Fecha 12,Del Bosque,false,https://es.wikipedia.org/wiki/Campeonato_de_Primera_División_2022_(Argentina)
2022-08-05,21:30,Banfield,Patronato,0,0,,,Primera Division,2022,zonas,,Fecha 12,Florencio Sola,false,https://es.wikipedia.org/wiki/Campeonato_de_Primera_División_2022_(Argentina)
2022-08-05,21:30,Central Norte (S),Atlético Paraná,0,1,,,Torneo Federal A,2022,zonas,Zona Norte,Fecha 23,Padre Ernesto Martearena,false,https://es.wikipedia.org/wiki/Torneo_Federal_A_2022
2022-08-05,21:30,Sarmiento (J),Lanús,2,1,,,Primera Division,2022,zonas,,Fecha 12,Eva Perón,false,https://es.wikipedia.org/wiki/Campeonato_de_Primera_División_2022_(Argentina)
2022-08-06,13:00,Arsenal,Atlético Tucumán,3,1,,,Primera Division,2022,zonas,,Fecha 12,El Viaducto,false,https://es.wikipedia.org/wiki/Campeonato_de_Primera_División_2022_(Argentina)
2022-08-06,13:10,Fénix,Colegiales,4,0,,,Primera B,2022,zonas,Torneo Clausura,Fecha 9,José Manuel Moreno,false,https://es.wikipedia.org/wiki/Campeonato_de_Primera_B_2022_(Argentina)
2022-08-06,15:00,Barracas Central,Racing Club,0,0,,,Primera Division,2022,zonas,,Fecha 12,Islas Malvinas,false,https://es.wikipedia.org/wiki/Campeonato_de_Primera_División_2022_(Argentina)
2022-08-06,15:00,Deportivo Camioneros,Ciudad de Bolívar,0,1,,,Torneo Federal A,2022,zonas,Zona Sur,Fecha 23,Hugo Moyano,false,https://es.wikipedia.org/wiki/Torneo_Federal_A_2022
2022-08-06,15:00,San Martín (F),Gimnasia y Tiro (S),4,0,,,Torneo Federal A,2022,zonas,Zona Norte,Fecha 23,17 de Octubre,false,https://es.wikipedia.org/wiki/Torneo_Federal_A_2022
2022-08-06,15:30,Berazategui,Leandro N. Alem,2,1,,,Primera C,2022,zonas,Torneo Clausura,Fecha 8,Norman Lee,false,https://es.wikipedia.org/wiki/Campeonato_de_Primera_C_2022_(Argentina)
2022-08-06,15:30,Deportivo Armenio,Talleres (RdE),0,0,,,Primera B,2022,zonas,Torneo Clausura,Fecha 9,Armenia,false,https://es.wikipedia.org/wiki/Campeonato_de_Primera_B_2022_(Argentina)
2022-08-06,15:30,Deportivo Laferrere,Deportivo Español,0,2,,,Primera C,2022,zonas,Torneo Clausura,Fecha 8,Ciudad de Laferrere,false,https://es.wikipedia.org/wiki/Campeonato_de_Primera_C_2022_(Argentina)
2022-08-06,15:30,Ituzaingó,Acassuso,0,2,,,Primera B,2022,zonas,Torneo Clausura,Fecha 9,Carlos Alberto Sacaan,false,https://es.wikipedia.org/wiki/Campeonato_de_Primera_B_2022_(Argentina)
2022-08-06,15:30,UAI Urquiza,Villa San Carlos,1,0,,,Primera B,2022,zonas,Torneo Clausura,Fecha 9,Monumental de Villa Lynch,false,https://es.wikipedia.org/wiki/Campeonato_de_Primera_B_2022_(Argentina)
2022-08-06,15:30,Victoriano Arenas,Liniers,1,2,,,Primera C,2022,zonas,Torneo Clausura,Fecha 8,Saturnino Moure,false,https://es.wikipedia.org/wiki/Campeonato_de_Primera_C_2022_(Argentina)
2022-08-06,18:00,Real Pilar,San Martín (B),1,0,,,Primera C,2022,zonas,Torneo Clausura,Fecha 8,Carlos Barraza,false,https://es.wikipedia.org/wiki/Campeonato_de_Primera_C_2022_(Argentina)
2022-08-06,18:00,Talleres (C),Argentinos Juniors,2,0,,,Primera Division,2022,zonas,,Fecha 12,Mario Alberto Kempes,false,https://es.wikipedia.org/wiki/Campeonato_de_Primera_División_2022_(Argentina)
2022-08-06,18:00,Unión,Vélez Sarsfield,2,1,,,Primera Division,2022,zonas,,Fecha 12,15 de Abril,false,https://es.wikipedia.org/wiki/Campeonato_de_Primera_División_2022_(Argentina)
2022-08-06,21:00,Boca Juniors,Platense,2,1,,,Primera Division,2022,zonas,,Fecha 12,La Bombonera,false,https://es.wikipedia.org/wiki/Campeonato_de_Primera_División_2022_(Argentina)
2022-08-07,11:00,Defensores de Pronunciamiento,Unión (S),1,1,,,Torneo Federal A,2022,zonas,Zona Norte,Fecha 23,Delio Cardozo,false,https://es.wikipedia.org/wiki/Torneo_Federal_A_2022
2022-08-07,13:00,Aldosivi,Huracán,0,1,,,Primera Division,2022,zonas,,Fecha 12,José María Minella,false,https://es.wikipedia.org/wiki/Campeonato_de_Primera_División_2022_(Argentina)
2022-08-07,13:10,Comunicaciones,J. J. de Urquiza,1,0,,,Primera B,2022,zonas,Torneo Clausura,Fecha 9,Alfredo Ramos,false,https://es.wikipedia.org/wiki/Campeonato_de_Primera_B_2022_(Argentina)
2022-08-07,15:00,Círculo Deportivo,Liniers (BB),1,1,,,Torneo Federal A,2022,zonas,Zona Sur,Fecha 23,Guillermo Trama,false,https://es.wikipedia.org/wiki/Torneo_Federal_A_2022
2022-08-07,15:00,San Lorenzo,Estudiantes (LP),0,0,,,Primera Division,2022,zonas,,Fecha 12,Nuevo Gasómetro,false,https://es.wikipedia.org/wiki/Campeonato_de_Primera_División_2022_(Argentina)
2022-08-07,15:00,Sol de Mayo (V),Ferro Carril Oeste (GP),1,1,,,Torneo Federal A,2022,zonas,Zona Sur,Fecha 23,Sol de Mayo,false,https://es.wikipedia.org/wiki/Torneo_Federal_A_2022
2022-08-07,15:00,Sportivo Belgrano,Boca Unidos,2,1,,,Torneo Federal A,2022,zonas,Zona Norte,Fecha 23,Oscar Carlos Boero,false,https://es.wikipedia.org/wiki/Torneo_Federal_A_2022
2022-08-07,15:15,Douglas Haig,Crucero del Norte,2,0,,,Torneo Federal A,2022,zonas,Zona Norte,Fecha 23,Miguel Morales,false,https://es.wikipedia.org/wiki/Torneo_Federal_A_2022
2022-08-07,15:30,Argentino de Merlo,Sportivo Italiano,1,2,,,Primera C,2022,zonas,Torneo Clausura,Fecha 8,Merlo,false,https://es.wikipedia.org/wiki/Campeonato_de_Primera_C_2022_(Argentina)
2022-08-07,15:30,Claypole,Excursionistas,0,3,,,Primera C,2022,zonas,Torneo Clausura,Fecha 8,Rodolfo Capocasa,false,https://es.wikipedia.org/wiki/Campeonato_de_Primera_C_2022_(Argentina)
2022-08-07,15:30,Defensores de Belgrano (VR),Sportivo Las Parejas,0,0,,,Torneo Federal A,2022,zonas,Zona Norte,Fecha 23,Salomón Boeseldín,false,https://es.wikipedia.org/wiki/Torneo_Federal_A_2022
2022-08-07,15:30,Desamparados,Villa Mitre,0,0,,,Torneo Federal A,2022,zonas,Zona Sur,Fecha 23,El Serpentario,false,https://es.wikipedia.org/wiki/Torneo_Federal_A_2022
2022-08-07,15:30,Independiente (C),Sportivo Peñarol (C),3,1,,,Torneo Federal A,2022,zonas,Zona Sur,Fecha 23,Raúl Orlando Lungarzo,false,https://es.wikipedia.org/wiki/Torneo_Federal_A_2022
2022-08-07,15:30,Los Andes,Argentino de Quilmes,4,1,,,Primera B,2022,zonas,Torneo Clausura,Fecha 9,Eduardo Gallardón,false,https://es.wikipedia.org/wiki/Campeonato_de_Primera_B_2022_(Argentina)
2022-08-07,15:30,Olimpo,Huracán Las Heras,1,1,,,Torneo Federal A,2022,zonas,Zona Sur,Fecha 23,Roberto N. Carminatti,false,https://es.wikipedia.org/wiki/Torneo_Federal_A_2022
2022-08-07,15:30,Puerto Nuevo,Central Córdoba (R),1,0,,,Primera C,2022,zonas,Torneo Clausura,Fecha 8,Rubén Carlos Vallejos,false,https://es.wikipedia.org/wiki/Campeonato_de_Primera_C_2022_(Argentina)
2022-08-07,15:30,Sportivo Estudiantes (SL),Sansinena,1,0,,,Torneo Federal A,2022,zonas,Zona Sur,Fecha 23,Héctor Odicino y Pedro Benoza,false,https://es.wikipedia.org/wiki/Torneo_Federal_A_2022
2022-08-07,16:00,Argentino (MM),Juventud Unida Universitario,1,0,,,Torneo Federal A,2022,zonas,Zona Sur,Fecha 23,Modesto Marrone,false,https://es.wikipedia.org/wiki/Torneo_Federal_A_2022
2022-08-07,16:00,Racing Club,Juventud Unida (G),4,1,,,Torneo Federal A,2022,zonas,Zona Norte,Fecha 23,Miguel Sancho,false,https://es.wikipedia.org/wiki/Torneo_Federal_A_2022
2022-08-07,17:30,Independiente,River Plate,0,1,,,Primera Division,2022,zonas,,Fecha 12,Libertadores de América,false,https://es.wikipedia.org/wiki/Campeonato_de_Primera_División_2022_(Argentina)
2022-08-07,20:00,Newell's Old Boys,Colón,0,0,,,Primera Division,2022,zonas,,Fecha 12,Marcelo Bielsa,false,https://es.wikipedia.org/wiki/Campeonato_de_Primera_División_2022_(Argentina)
2022-08-08,11:00,Central Córdoba (SdE),Defensa y Justicia,1,0,,,Primera Division,2022,zonas,,Fecha 12,Alfredo Terrera,false,https://es.wikipedia.org/wiki/Campeonato_de_Primera_División_2022_(Argentina)
2022-08-08,15:30,Dock Sud,Defensores Unidos,0,1,,,Primera B,2022,zonas,Torneo Clausura,Fecha 9,De los Inmigrantes,false,https://es.wikipedia.org/wiki/Campeonato_de_Primera_B_2022_(Argentina)
2022-08-08,15:30,General Lamadrid,El Porvenir,2,1,,,Primera C,2022,zonas,Torneo Clausura,Fecha 8,Enrique Sexto,false,https://es.wikipedia.org/wiki/Campeonato_de_Primera_C_2022_(Argentina)
2022-08-08,15:30,Luján,Ferrocarril Midland,0,1,,,Primera C,2022,zonas,Torneo Clausura,Fecha 8,Municipal de la Ciudad de Luján,false,https://es.wikipedia.org/wiki/Campeonato_de_Primera_C_2022_(Argentina)
2022-08-08,20:00,Tigre,Rosario Central,3,1,,,Primera Division,2022,zonas,,Fecha 12,Monumental de Victoria,false,https://es.wikipedia.org/wiki/Campeonato_de_Primera_División_2022_(Argentina)
2022-08-09,,Gimnasia y Esgrima (LP),Patronato,1,2,,,Copa Argentina,2022,eliminacion,,Octavos,Centenario,true,https://es.wikipedia.org/wiki/Copa_Argentina_2022
2022-08-10,,Agropecuario,Boca Juniors,0,1,,,Copa Argentina,2022,eliminacion,,Octavos,Padre Ernesto Martearena,true,https://es.wikipedia.org/wiki/Copa_Argentina_2022
2022-08-11,19:00,Godoy Cruz,Aldosivi,2,0,,,Primera Division,2022,zonas,,Fecha 13,Malvinas Argentinas,false,https://es.wikipedia.org/wiki/Campeonato_de_Primera_División_2022_(Argentina)
2022-08-11,21:30,Atlético Tucumán,Central Córdoba (SdE),1,0,,,Primera Division,2022,zonas,,Fecha 13,Monumental José Fierro,false,https://es.wikipedia.org/wiki/Campeonato_de_Primera_División_2022_(Argentina)
2022-08-11,21:30,Colón,Arsenal,1,1,,,Primera Division,2022,zonas,,Fecha 13,Brigadier Estanislao López,false,https://es.wikipedia.org/wiki/Campeonato_de_Primera_División_2022_(Argentina)
2022-08-12,15:30,Central Córdoba (R),Argentino de Merlo,2,1,,,Primera C,2022,zonas,Torneo Clausura,Fecha 9,Gabino Sosa,false,https://es.wikipedia.org/wiki/Campeonato_de_Primera_C_2022_(Argentina)
2022-08-12,15:30,Deportivo Español,Puerto Nuevo,0,0,,,Primera C,2022,zonas,Torneo Clausura,Fecha 9,Nueva España,false,https://es.wikipedia.org/wiki/Campeonato_de_Primera_C_2022_(Argentina)
2022-08-12,19:00,Huracán,Sarmiento (J),4,1,,,Primera Division,2022,zonas,,Fecha 13,Tomás Adolfo Ducó,false,https://es.wikipedia.org/wiki/Campeonato_de_Primera_División_2022_(Argentina)
2022-08-12,19:00,Platense,Banfield,3,1,,,Primera Division,2022,zonas,,Fecha 13,Ciudad de Vicente López,false,https://es.wikipedia.org/wiki/Campeonato_de_Primera_División_2022_(Argentina)
2022-08-12,21:30,Patronato,San Lorenzo,3,2,,,Primera Division,2022,zonas,,Fecha 13,Presbítero Bartolomé Grella,false,https://es.wikipedia.org/wiki/Campeonato_de_Primera_División_2022_(Argentina)
2022-08-13,13:15,Talleres (RdE),Dock Sud,2,1,,,Primera B,2022,zonas,Torneo Clausura,Fecha 10,Pablo Comelli,false,https://es.wikipedia.org/wiki/Campeonato_de_Primera_B_2022_(Argentina)
2022-08-13,14:30,Juventud Unida (G),Sportivo Belgrano,1,1,,,Torneo Federal A,2022,zonas,Zona Norte,Fecha 24,De los Eucaliptos,false,https://es.wikipedia.org/wiki/Torneo_Federal_A_2022
2022-08-13,15:00,Crucero del Norte,Defensores de Belgrano (VR),1,1,,,Torneo Federal A,2022,zonas,Zona Norte,Fecha 24,Comandante Andrés Guacurarí,false,https://es.wikipedia.org/wiki/Torneo_Federal_A_2022
2022-08-13,15:00,Huracán Las Heras,Independiente (C),0,3,,,Torneo Federal A,2022,zonas,Zona Sur,Fecha 24,Anselmo Singaretti (Gutiérrez),false,https://es.wikipedia.org/wiki/Torneo_Federal_A_2022
2022-08-13,15:30,Acassuso,Fénix,0,0,,,Primera B,2022,zonas,Torneo Clausura,Fecha 10,Armenia,false,https://es.wikipedia.org/wiki/Campeonato_de_Primera_B_2022_(Argentina)
2022-08-13,15:30,Atlas,Claypole,1,3,,,Primera C,2022,zonas,Torneo Clausura,Fecha 9,Ricardo Puga,false,https://es.wikipedia.org/wiki/Campeonato_de_Primera_C_2022_(Argentina)
2022-08-13,15:30,Cañuelas,Comunicaciones,0,4,,,Primera B,2022,zonas,Torneo Clausura,Fecha 10,Jorge Alfredo Arín,false,https://es.wikipedia.org/wiki/Campeonato_de_Primera_B_2022_(Argentina)
2022-08-13,15:30,Ciudad de Bolívar,Sportivo Estudiantes (SL),2,1,,,Torneo Federal A,2022,zonas,Zona Sur,Fecha 24,Municipal Eva Perón,false,https://es.wikipedia.org/wiki/Torneo_Federal_A_2022
2022-08-13,15:30,Defensa y Justicia,Tigre,0,0,,,Primera Division,2022,zonas,,Fecha 13,Norberto Tomaghello,false,https://es.wikipedia.org/wiki/Campeonato_de_Primera_División_2022_(Argentina)
2022-08-13,15:30,Defensores Unidos,UAI Urquiza,2,1,,,Primera B,2022,zonas,Torneo Clausura,Fecha 10,Gigante de Villa Fox,false,https://es.wikipedia.org/wiki/Campeonato_de_Primera_B_2022_(Argentina)
2022-08-13,15:30,Deportivo Merlo,Deportivo Armenio,0,0,,,Primera B,2022,zonas,Torneo Clausura,Fecha 10,José Manuel Moreno,false,https://es.wikipedia.org/wiki/Campeonato_de_Primera_B_2022_(Argentina)
2022-08-13,15:30,Rosario Central,Barracas Central,3,1,,,Primera Division,2022,zonas,,Fecha 13,Gigante de Arroyito,false,https://es.wikipedia.org/wiki/Campeonato_de_Primera_División_2022_(Argentina)
2022-08-13,15:30,Sportivo Italiano,Berazategui,1,0,,,Primera C,2022,zonas,Torneo Clausura,Fecha 9,República de Italia,false,https://es.wikipedia.org/wiki/Campeonato_de_Primera_C_2022_(Argentina)
2022-08-13,16:00,Boca Unidos,Sarmiento (R),1,3,,,Torneo Federal A,2022,zonas,Zona Norte,Fecha 24,Leoncio Benítez,false,https://es.wikipedia.org/wiki/Torneo_Federal_A_2022
2022-08-13,18:00,Lanús,Independiente,1,1,,,Primera Division,2022,zonas,,Fecha 13,Ciudad de Lanús,false,https://es.wikipedia.org/wiki/Campeonato_de_Primera_División_2022_(Argentina)
2022-08-13,20:30,River Plate,Newell's Old Boys,4,1,,,Primera Division,2022,zonas,,Fecha 13,Monumental,false,https://es.wikipedia.org/wiki/Campeonato_de_Primera_División_2022_(Argentina)
2022-08-14,15:00,Sansinena,Olimpo,2,2,,,Torneo Federal A,2022,zonas,Zona Sur,Fecha 24,Luis Molina,false,https://es.wikipedia.org/wiki/Torneo_Federal_A_2022
2022-08-14,15:00,Villa Mitre,Deportivo Camioneros,3,0,,,Torneo Federal A,2022,zonas,Zona Sur,Fecha 24,El Fortín,false,https://es.wikipedia.org/wiki/Torneo_Federal_A_2022
2022-08-14,15:30,Colegiales,San Miguel,2,1,,,Primera B,2022,zonas,Torneo Clausura,Fecha 10,Colegiales,false,https://es.wikipedia.org/wiki/Campeonato_de_Primera_B_2022_(Argentina)
2022-08-14,15:30,El Porvenir,Real Pilar,1,1,,,Primera C,2022,zonas,Torneo Clausura,Fecha 9,Gildo Francisco Ghersinich,false,https://es.wikipedia.org/wiki/Campeonato_de_Primera_C_2022_(Argentina)
2022-08-14,15:30,Ferro Carril Oeste (GP),Argentino (MM),1,1,,,Torneo Federal A,2022,zonas,Zona Sur,Fecha 24,El Coloso del Barrio Talleres,false,https://es.wikipedia.org/wiki/Torneo_Federal_A_2022
2022-08-14,15:30,Gimnasia y Esgrima (CdU),Racing Club,0,2,,,Torneo Federal A,2022,zonas,Zona Norte,Fecha 24,Manuel y Ramón Núñez,false,https://es.wikipedia.org/wiki/Torneo_Federal_A_2022
2022-08-14,15:30,Juventud Unida Universitario,Círculo Deportivo,1,0,,,Torneo Federal A,2022,zonas,Zona Sur,Fecha 24,Mario Sebastián Diez,false,https://es.wikipedia.org/wiki/Torneo_Federal_A_2022
2022-08-14,15:30,Liniers,Luján,1,2,,,Primera C,2022,zonas,Torneo Clausura,Fecha 9,Juan Antonio Arias,false,https://es.wikipedia.org/wiki/Campeonato_de_Primera_C_2022_(Argentina)
2022-08-14,15:30,Sportivo Peñarol (C),Sol de Mayo (V),1,1,,,Torneo Federal A,2022,zonas,Zona Sur,Fecha 24,Ramón Pablo Rojas,false,https://es.wikipedia.org/wiki/Torneo_Federal_A_2022
2022-08-14,15:30,Vélez Sarsfield,Gimnasia y Esgrima (LP),1,1,,,Primera Division,2022,zonas,,Fecha 13,José Amalfitani,false,https://es.wikipedia.org/wiki/Campeonato_de_Primera_División_2022_(Argentina)
2022-08-14,16:00,Cipolletti,Desamparados,2,0,,,Torneo Federal A,2022,zonas,Zona Sur,Fecha 24,La Visera de Cemento,false,https://es.wikipedia.org/wiki/Torneo_Federal_A_2022
2022-08-14,16:00,Gimnasia y Tiro (S),Defensores de Pronunciamiento,1,0,,,Torneo Federal A,2022,zonas,Zona Norte,Fecha 24,El Gigante del Norte,false,https://es.wikipedia.org/wiki/Torneo_Federal_A_2022
2022-08-14,16:00,Sportivo Las Parejas,Central Norte (S),0,1,,,Torneo Federal A,2022,zonas,Zona Norte,Fecha 24,4 de Septiembre,false,https://es.wikipedia.org/wiki/Torneo_Federal_A_2022
2022-08-14,18:00,Argentinos Juniors,Unión,2,0,,,Primera Division,2022,zonas,,Fecha 13,Diego Armando Maradona,false,https://es.wikipedia.org/wiki/Campeonato_de_Primera_División_2022_(Argentina)
2022-08-14,18:00,Atlético Paraná,San Martín (F),0,1,,,Torneo Federal A,2022,zonas,Zona Norte,Fecha 24,Pedro Mutio,false,https://es.wikipedia.org/wiki/Torneo_Federal_A_2022
2022-08-14,18:00,Estudiantes (LP),Talleres (C),1,0,,,Primera Division,2022,zonas,,Fecha 13,Jorge Luis Hirschi,false,https://es.wikipedia.org/wiki/Campeonato_de_Primera_División_2022_(Argentina)
2022-08-14,20:00,Juventud Antoniana,Douglas Haig,1,1,,,Torneo Federal A,2022,zonas,Zona Norte,Fecha 24,Padre Ernesto Martearena,false,https://es.wikipedia.org/wiki/Torneo_Federal_A_2022
2022-08-14,20:30,Racing Club,Boca Juniors,0,0,,,Primera Division,2022,zonas,,Fecha 13,El Cilindro,false,https://es.wikipedia.org/wiki/Campeonato_de_Primera_División_2022_(Argentina)
2022-08-15,15:00,J. J. de Urquiza,Los Andes,1,0,,,Primera B,2022,zonas,Torneo Clausura,Fecha 10,Ramón Roque Martín,false,https://es.wikipedia.org/wiki/Campeonato_de_Primera_B_2022_(Argentina)
2022-08-15,15:30,Argentino de Quilmes,Ituzaingó,1,2,,,Primera B,2022,zonas,Torneo Clausura,Fecha 10,Argentino de Quilmes,false,https://es.wikipedia.org/wiki/Campeonato_de_Primera_B_2022_(Argentina)
2022-08-15,15:30,Excursionistas,Victoriano Arenas,2,1,,,Primera C,2022,zonas,Torneo Clausura,Fecha 9,Excursionistas,false,https://es.wikipedia.org/wiki/Campeonato_de_Primera_C_2022_(Argentina)
2022-08-15,15:30,Ferrocarril Midland,Deportivo Laferrere,2,1,,,Primera C,2022,zonas,Torneo Clausura,Fecha 9,Ciudad de Libertad,false,https://es.wikipedia.org/wiki/Campeonato_de_Primera_C_2022_(Argentina)
2022-08-15,15:30,Leandro N. Alem,General Lamadrid,0,0,,,Primera C,2022,zonas,Torneo Clausura,Fecha 9,Leandro N. Alem,false,https://es.wikipedia.org/wiki/Campeonato_de_Primera_C_2022_(Argentina)
2022-08-16,16:30,Central Córdoba (SdE),Colón,3,0,,,Primera Division,2022,zonas,,Fecha 14,Único Madre de Ciudades,false,https://es.wikipedia.org/wiki/Campeonato_de_Primera_División_2022_(Argentina)
2022-08-16,16:30,Sarmiento (J),Godoy Cruz,1,2,,,Primera Division,2022,zonas,,Fecha 14,Eva Perón,false,https://es.wikipedia.org/wiki/Campeonato_de_Primera_División_2022_(Argentina)
2022-08-16,19:00,San Lorenzo,Platense,2,0,,,Primera Division,2022,zonas,,Fecha 14,Nuevo Gasómetro,false,https://es.wikipedia.org/wiki/Campeonato_de_Primera_División_2022_(Argentina)
2022-08-16,21:30,Independiente,Huracán,1,1,,,Primera Division,2022,zonas,,Fecha 14,Libertadores de América,false,https://es.wikipedia.org/wiki/Campeonato_de_Primera_División_2022_(Argentina)
2022-08-17,16:30,Newell's Old Boys,Lanús,2,0,,,Primera Division,2022,zonas,,Fecha 14,Marcelo Bielsa,false,https://es.wikipedia.org/wiki/Campeonato_de_Primera_División_2022_(Argentina)
2022-08-17,16:30,Tigre,Atlético Tucumán,0,0,,,Primera Division,2022,zonas,,Fecha 14,Monumental de Victoria,false,https://es.wikipedia.org/wiki/Campeonato_de_Primera_División_2022_(Argentina)
2022-08-17,19:00,Arsenal,River Plate,0,0,,,Primera Division,2022,zonas,,Fecha 14,El Viaducto,false,https://es.wikipedia.org/wiki/Campeonato_de_Primera_División_2022_(Argentina)
2022-08-17,21:30,Boca Juniors,Rosario Central,0,0,,,Primera Division,2022,zonas,,Fecha 14,La Bombonera,false,https://es.wikipedia.org/wiki/Campeonato_de_Primera_División_2022_(Argentina)
2022-08-18,14:30,Barracas Central,Defensa y Justicia,3,1,,,Primera Division,2022,zonas,,Fecha 14,Claudio Chiqui Tapia,false,https://es.wikipedia.org/wiki/Campeonato_de_Primera_División_2022_(Argentina)
2022-08-18,16:30,Aldosivi,Vélez Sarsfield,3,2,,,Primera Division,2022,zonas,,Fecha 14,José María Minella,false,https://es.wikipedia.org/wiki/Campeonato_de_Primera_División_2022_(Argentina)
2022-08-18,19:00,Talleres (C),Patronato,3,3,,,Primera Division,2022,zonas,,Fecha 14,Mario Alberto Kempes,false,https://es.wikipedia.org/wiki/Campeonato_de_Primera_División_2022_(Argentina)
2022-08-18,19:00,Unión,Gimnasia y Esgrima (LP),0,2,,,Primera Division,2022,zonas,,Fecha 14,15 de Abril,false,https://es.wikipedia.org/wiki/Campeonato_de_Primera_División_2022_(Argentina)
2022-08-18,21:30,Argentinos Juniors,Estudiantes (LP),1,0,,,Primera Division,2022,zonas,,Fecha 14,Diego Armando Maradona,false,https://es.wikipedia.org/wiki/Campeonato_de_Primera_División_2022_(Argentina)
2022-08-18,21:30,Banfield,Racing Club,0,2,,,Primera Division,2022,zonas,,Fecha 14,Florencio Sola,false,https://es.wikipedia.org/wiki/Campeonato_de_Primera_División_2022_(Argentina)
2022-08-19,21:00,Sportivo Estudiantes (SL),Villa Mitre,0,1,,,Torneo Federal A,2022,zonas,Zona Sur,Fecha 25,Héctor Odicino y Pedro Benoza,false,https://es.wikipedia.org/wiki/Torneo_Federal_A_2022
2022-08-20,14:00,Defensores de Pronunciamiento,Atlético Paraná,2,0,,,Torneo Federal A,2022,zonas,Zona Norte,Fecha 25,Delio Cardozo,false,https://es.wikipedia.org/wiki/Torneo_Federal_A_2022
2022-08-20,15:00,Círculo Deportivo,Ferro Carril Oeste (GP),2,1,,,Torneo Federal A,2022,zonas,Zona Sur,Fecha 25,Guillermo Trama,false,https://es.wikipedia.org/wiki/Torneo_Federal_A_2022
2022-08-20,15:00,Deportivo Camioneros,Cipolletti,1,0,,,Torneo Federal A,2022,zonas,Zona Sur,Fecha 25,Hugo Moyano,false,https://es.wikipedia.org/wiki/Torneo_Federal_A_2022
2022-08-20,15:00,Douglas Haig,Boca Unidos,1,1,,,Torneo Federal A,2022,zonas,Zona Norte,Fecha 25,Miguel Morales,false,https://es.wikipedia.org/wiki/Torneo_Federal_A_2022
2022-08-20,15:00,Liniers (BB),Juventud Unida Universitario,0,0,,,Torneo Federal A,2022,zonas,Zona Sur,Fecha 25,Alejandro Pérez,false,https://es.wikipedia.org/wiki/Torneo_Federal_A_2022
2022-08-20,15:00,Sol de Mayo (V),Huracán Las Heras,3,1,,,Torneo Federal A,2022,zonas,Zona Sur,Fecha 25,Sol de Mayo,false,https://es.wikipedia.org/wiki/Torneo_Federal_A_2022
2022-08-20,15:00,Sportivo Belgrano,Gimnasia y Esgrima (CdU),3,1,,,Torneo Federal A,2022,zonas,Zona Norte,Fecha 25,Oscar Carlos Boero,false,https://es.wikipedia.org/wiki/Torneo_Federal_A_2022
2022-08-20,15:30,Berazategui,Central Córdoba (R),1,1,,,Primera C,2022,zonas,Torneo Clausura,Fecha 10,Norman Lee,false,https://es.wikipedia.org/wiki/Campeonato_de_Primera_C_2022_(Argentina)
2022-08-20,15:30,Defensores de Belgrano (VR),Juventud Antoniana,2,3,,,Torneo Federal A,2022,zonas,Zona Norte,Fecha 25,Salomón Boeseldín,false,https://es.wikipedia.org/wiki/Torneo_Federal_A_2022
2022-08-20,15:30,Deportivo Armenio,Colegiales,3,0,,,Primera B,2022,zonas,Torneo Clausura,Fecha 11,Armenia,false,https://es.wikipedia.org/wiki/Campeonato_de_Primera_B_2022_(Argentina)
2022-08-20,15:30,Dock Sud,Deportivo Merlo,1,2,,,Primera B,2022,zonas,Torneo Clausura,Fecha 11,De los Inmigrantes,false,https://es.wikipedia.org/wiki/Campeonato_de_Primera_B_2022_(Argentina)
2022-08-20,15:30,Fénix,Argentino de Quilmes,1,2,,,Primera B,2022,zonas,Torneo Clausura,Fecha 11,José Manuel Moreno,false,https://es.wikipedia.org/wiki/Campeonato_de_Primera_B_2022_(Argentina)
2022-08-20,15:30,San Martín (B),El Porvenir,1,0,,,Primera C,2022,zonas,Torneo Clausura,Fecha 10,Francisco Boga,false,https://es.wikipedia.org/wiki/Campeonato_de_Primera_C_2022_(Argentina)
2022-08-20,15:30,San Miguel,Acassuso,2,0,,,Primera B,2022,zonas,Torneo Clausura,Fecha 11,Malvinas Argentinas,false,https://es.wikipedia.org/wiki/Campeonato_de_Primera_B_2022_(Argentina)
2022-08-20,15:30,UAI Urquiza,Talleres (RdE),1,0,,,Primera B,2022,zonas,Torneo Clausura,Fecha 11,Monumental de Villa Lynch,false,https://es.wikipedia.org/wiki/Campeonato_de_Primera_B_2022_(Argentina)
2022-08-20,15:30,Villa San Carlos,Defensores Unidos,1,0,,,Primera B,2022,zonas,Torneo Clausura,Fecha 11,Genacio Sálice,false,https://es.wikipedia.org/wiki/Campeonato_de_Primera_B_2022_(Argentina)
2022-08-20,16:00,Argentino (MM),Sportivo Peñarol (C),0,1,,,Torneo Federal A,2022,zonas,Zona Sur,Fecha 25,Modesto Marrone,false,https://es.wikipedia.org/wiki/Torneo_Federal_A_2022
2022-08-20,16:00,Independiente (C),Sansinena,2,1,,,Torneo Federal A,2022,zonas,Zona Sur,Fecha 25,Raúl Orlando Lungarzo,false,https://es.wikipedia.org/wiki/Torneo_Federal_A_2022
2022-08-20,16:00,Olimpo,Ciudad de Bolívar,1,0,,,Torneo Federal A,2022,zonas,Zona Sur,Fecha 25,Roberto N. Carminatti,false,https://es.wikipedia.org/wiki/Torneo_Federal_A_2022
2022-08-20,16:00,San Martín (F),Sportivo Las Parejas,4,2,,,Torneo Federal A,2022,zonas,Zona Norte,Fecha 25,17 de Octubre,false,https://es.wikipedia.org/wiki/Torneo_Federal_A_2022
2022-08-20,16:00,Sarmiento (R),Juventud Unida (G),2,1,,,Torneo Federal A,2022,zonas,Zona Norte,Fecha 25,Centenario,false,https://es.wikipedia.org/wiki/Torneo_Federal_A_2022
2022-08-20,18:00,Colón,Tigre,2,1,,,Primera Division,2022,zonas,,Fecha 15,Brigadier Estanislao López,false,https://es.wikipedia.org/wiki/Campeonato_de_Primera_División_2022_(Argentina)
2022-08-20,20:00,Deportivo Laferrere,Liniers,0,0,,,Primera C,2022,zonas,Torneo Clausura,Fecha 10,Ciudad de Laferrere,false,https://es.wikipedia.org/wiki/Campeonato_de_Primera_C_2022_(Argentina)
2022-08-20,20:00,Unión (S),Gimnasia y Tiro (S),0,0,,,Torneo Federal A,2022,zonas,Zona Norte,Fecha 25,De la Avenida,false,https://es.wikipedia.org/wiki/Torneo_Federal_A_2022
2022-08-20,20:30,Huracán,Newell's Old Boys,1,0,,,Primera Division,2022,zonas,,Fecha 15,Tomás Adolfo Ducó,false,https://es.wikipedia.org/wiki/Campeonato_de_Primera_División_2022_(Argentina)
2022-08-20,22:00,Central Norte (S),Crucero del Norte,2,0,,,Torneo Federal A,2022,zonas,Zona Norte,Fecha 25,Padre Ernesto Martearena,false,https://es.wikipedia.org/wiki/Torneo_Federal_A_2022
2022-08-21,13:00,Lanús,Arsenal,1,0,,,Primera Division,2022,zonas,,Fecha 15,Ciudad de Lanús,false,https://es.wikipedia.org/wiki/Campeonato_de_Primera_División_2022_(Argentina)
2022-08-21,15:30,Argentino de Merlo,Deportivo Español,1,1,,,Primera C,2022,zonas,Torneo Clausura,Fecha 10,Merlo,false,https://es.wikipedia.org/wiki/Campeonato_de_Primera_C_2022_(Argentina)
2022-08-21,15:30,Godoy Cruz,Independiente,1,1,,,Primera Division,2022,zonas,,Fecha 15,Malvinas Argentinas,false,https://es.wikipedia.org/wiki/Campeonato_de_Primera_División_2022_(Argentina)
2022-08-21,15:30,Luján,Excursionistas,1,1,,,Primera C,2022,zonas,Torneo Clausura,Fecha 10,Municipal de la Ciudad de Luján,false,https://es.wikipedia.org/wiki/Campeonato_de_Primera_C_2022_(Argentina)
2022-08-21,15:30,Victoriano Arenas,Atlas,0,1,,,Primera C,2022,zonas,Torneo Clausura,Fecha 10,Saturnino Moure,false,https://es.wikipedia.org/wiki/Campeonato_de_Primera_C_2022_(Argentina)
2022-08-21,16:00,General Lamadrid,Sportivo Italiano,0,0,,,Primera C,2022,zonas,Torneo Clausura,Fecha 10,Enrique Sexto,false,https://es.wikipedia.org/wiki/Campeonato_de_Primera_C_2022_(Argentina)
2022-08-21,18:00,River Plate,Central Córdoba (SdE),3,0,,,Primera Division,2022,zonas,,Fecha 15,Monumental,false,https://es.wikipedia.org/wiki/Campeonato_de_Primera_División_2022_(Argentina)
2022-08-21,20:30,Defensa y Justicia,Boca Juniors,0,1,,,Primera Division,2022,zonas,,Fecha 15,Norberto Tomaghello,false,https://es.wikipedia.org/wiki/Campeonato_de_Primera_División_2022_(Argentina)
2022-08-22,15:00,Los Andes,Cañuelas,2,0,,,Primera B,2022,zonas,Torneo Clausura,Fecha 11,Eduardo Gallardón,false,https://es.wikipedia.org/wiki/Campeonato_de_Primera_B_2022_(Argentina)
2022-08-22,15:00,Real Pilar,Leandro N. Alem,3,1,,,Primera C,2022,zonas,Torneo Clausura,Fecha 10,Carlos Barraza,false,https://es.wikipedia.org/wiki/Campeonato_de_Primera_C_2022_(Argentina)
2022-08-22,15:30,Puerto Nuevo,Ferrocarril Midland,1,1,,,Primera C,2022,zonas,Torneo Clausura,Fecha 10,Rubén Carlos Vallejos,false,https://es.wikipedia.org/wiki/Campeonato_de_Primera_C_2022_(Argentina)
2022-08-22,16:30,Estudiantes (LP),Unión,1,0,,,Primera Division,2022,zonas,,Fecha 15,Jorge Luis Hirschi,false,https://es.wikipedia.org/wiki/Campeonato_de_Primera_División_2022_(Argentina)
2022-08-22,16:30,Rosario Central,Banfield,0,1,,,Primera Division,2022,zonas,,Fecha 15,Gigante de Arroyito,false,https://es.wikipedia.org/wiki/Campeonato_de_Primera_División_2022_(Argentina)
2022-08-22,19:00,Racing Club,San Lorenzo,1,2,,,Primera Division,2022,zonas,,Fecha 15,El Cilindro,false,https://es.wikipedia.org/wiki/Campeonato_de_Primera_División_2022_(Argentina)
2022-08-22,21:30,Platense,Talleres (C),0,0,,,Primera Division,2022,zonas,,Fecha 15,Ciudad de Vicente López,false,https://es.wikipedia.org/wiki/Campeonato_de_Primera_División_2022_(Argentina)
2022-08-22,21:30,Vélez Sarsfield,Sarmiento (J),1,1,,,Primera Division,2022,zonas,,Fecha 15,José Amalfitani,false,https://es.wikipedia.org/wiki/Campeonato_de_Primera_División_2022_(Argentina)
2022-08-23,19:00,Patronato,Argentinos Juniors,0,0,,,Primera Division,2022,zonas,,Fecha 15,Presbítero Bartolomé Grella,false,https://es.wikipedia.org/wiki/Campeonato_de_Primera_División_2022_(Argentina)
2022-08-23,21:10,Ituzaingó,J. J. de Urquiza,1,0,,,Primera B,2022,zonas,Torneo Clausura,Fecha 11,Carlos Alberto Sacaan,false,https://es.wikipedia.org/wiki/Campeonato_de_Primera_B_2022_(Argentina)
2022-08-23,21:30,Atlético Tucumán,Barracas Central,4,0,,,Primera Division,2022,zonas,,Fecha 15,Monumental José Fierro,false,https://es.wikipedia.org/wiki/Campeonato_de_Primera_División_2022_(Argentina)
2022-08-23,21:30,Gimnasia y Esgrima (LP),Aldosivi,0,0,,,Primera Division,2022,zonas,,Fecha 15,Del Bosque,false,https://es.wikipedia.org/wiki/Campeonato_de_Primera_División_2022_(Argentina)
2022-08-24,13:30,Desamparados,Deportivo Camioneros,1,0,,,Torneo Federal A,2022,zonas,Zona Sur,Fecha 26,El Serpentario,false,https://es.wikipedia.org/wiki/Torneo_Federal_A_2022
2022-08-24,14:00,Ferro Carril Oeste (GP),Liniers (BB),1,3,,,Torneo Federal A,2022,zonas,Zona Sur,Fecha 26,El Coloso del Barrio Talleres,false,https://es.wikipedia.org/wiki/Torneo_Federal_A_2022
2022-08-24,14:30,Juventud Unida (G),Douglas Haig,3,0,,,Torneo Federal A,2022,zonas,Zona Norte,Fecha 26,De los Eucaliptos,false,https://es.wikipedia.org/wiki/Torneo_Federal_A_2022
2022-08-24,15:00,Ciudad de Bolívar,Independiente (C),1,0,,,Torneo Federal A,2022,zonas,Zona Sur,Fecha 26,Municipal Eva Perón,false,https://es.wikipedia.org/wiki/Torneo_Federal_A_2022
2022-08-24,15:30,Crucero del Norte,San Martín (F),1,0,,,Torneo Federal A,2022,zonas,Zona Norte,Fecha 26,Comandante Andrés Guacurarí,false,https://es.wikipedia.org/wiki/Torneo_Federal_A_2022
2022-08-24,15:30,Sansinena,Sol de Mayo (V),1,2,,,Torneo Federal A,2022,zonas,Zona Sur,Fecha 26,Luis Molina,false,https://es.wikipedia.org/wiki/Torneo_Federal_A_2022
2022-08-24,16:00,Boca Unidos,Defensores de Belgrano (VR),4,1,,,Torneo Federal A,2022,zonas,Zona Norte,Fecha 26,Leoncio Benítez,false,https://es.wikipedia.org/wiki/Torneo_Federal_A_2022
2022-08-24,16:00,Huracán Las Heras,Argentino (MM),0,0,,,Torneo Federal A,2022,zonas,Zona Sur,Fecha 26,Anselmo Singaretti (Gutiérrez),false,https://es.wikipedia.org/wiki/Torneo_Federal_A_2022
2022-08-24,19:00,Atlético Paraná,Unión (S),2,1,,,Torneo Federal A,2022,zonas,Zona Norte,Fecha 26,Pedro Mutio,false,https://es.wikipedia.org/wiki/Torneo_Federal_A_2022
2022-08-24,19:00,Sportivo Peñarol (C),Círculo Deportivo,2,1,,,Torneo Federal A,2022,zonas,Zona Sur,Fecha 26,Ramón Pablo Rojas,false,https://es.wikipedia.org/wiki/Torneo_Federal_A_2022
2022-08-24,19:00,Villa Mitre,Olimpo,0,3,,,Torneo Federal A,2022,zonas,Zona Sur,Fecha 26,El Fortín,false,https://es.wikipedia.org/wiki/Torneo_Federal_A_2022
2022-08-24,20:00,Sportivo Las Parejas,Defensores de Pronunciamiento,0,0,,,Torneo Federal A,2022,zonas,Zona Norte,Fecha 26,4 de Septiembre,false,https://es.wikipedia.org/wiki/Torneo_Federal_A_2022
2022-08-24,20:30,Cipolletti,Sportivo Estudiantes (SL),0,0,,,Torneo Federal A,2022,zonas,Zona Sur,Fecha 26,La Visera de Cemento,false,https://es.wikipedia.org/wiki/Torneo_Federal_A_2022
2022-08-24,21:00,Gimnasia y Esgrima (CdU),Sarmiento (R),0,1,,,Torneo Federal A,2022,zonas,Zona Norte,Fecha 26,Manuel y Ramón Núñez,false,https://es.wikipedia.org/wiki/Torneo_Federal_A_2022
2022-08-24,21:00,Racing Club,Sportivo Belgrano,2,1,,,Torneo Federal A,2022,zonas,Zona Norte,Fecha 26,Miguel Sancho,false,https://es.wikipedia.org/wiki/Torneo_Federal_A_2022
2022-08-24,22:15,Juventud Antoniana,Central Norte (S),1,0,,,Torneo Federal A,2022,zonas,Zona Norte,Fecha 26,Padre Ernesto Martearena,false,https://es.wikipedia.org/wiki/Torneo_Federal_A_2022
2022-08-26,15:30,Central Córdoba (R),General Lamadrid,0,1,,,Primera C,2022,zonas,Torneo Clausura,Fecha 11,Gabino Sosa,false,https://es.wikipedia.org/wiki/Campeonato_de_Primera_C_2022_(Argentina)
2022-08-26,15:30,Deportivo Español,Berazategui,2,0,,,Primera C,2022,zonas,Torneo Clausura,Fecha 11,Nueva España,false,https://es.wikipedia.org/wiki/Campeonato_de_Primera_C_2022_(Argentina)
2022-08-26,18:00,Central Córdoba (SdE),Lanús,2,2,,,Primera Division,2022,zonas,,Fecha 16,Único Madre de Ciudades,false,https://es.wikipedia.org/wiki/Campeonato_de_Primera_División_2022_(Argentina)
2022-08-26,20:00,Excursionistas,Deportivo Laferrere,0,1,,,Primera C,2022,zonas,Torneo Clausura,Fecha 11,Excursionistas,false,https://es.wikipedia.org/wiki/Campeonato_de_Primera_C_2022_(Argentina)
2022-08-26,21:00,Arsenal,Huracán,1,1,,,Primera Division,2022,zonas,,Fecha 16,El Viaducto,false,https://es.wikipedia.org/wiki/Campeonato_de_Primera_División_2022_(Argentina)
2022-08-27,13:00,San Lorenzo,Rosario Central,1,1,,,Primera Division,2022,zonas,,Fecha 16,Nuevo Gasómetro,false,https://es.wikipedia.org/wiki/Campeonato_de_Primera_División_2022_(Argentina)
2022-08-27,14:30,Colegiales,Dock Sud,0,0,,,Primera B,2022,zonas,Torneo Clausura,Fecha 12,Colegiales,false,https://es.wikipedia.org/wiki/Campeonato_de_Primera_B_2022_(Argentina)
2022-08-27,15:30,Acassuso,Deportivo Armenio,0,1,,,Primera B,2022,zonas,Torneo Clausura,Fecha 12,Armenia,false,https://es.wikipedia.org/wiki/Campeonato_de_Primera_B_2022_(Argentina)
2022-08-27,15:30,Argentino de Quilmes,San Miguel,1,1,,,Primera B,2022,zonas,Torneo Clausura,Fecha 12,Argentino de Quilmes,false,https://es.wikipedia.org/wiki/Campeonato_de_Primera_B_2022_(Argentina)
2022-08-27,15:30,Atlas,Luján,1,0,,,Primera C,2022,zonas,Torneo Clausura,Fecha 11,Ricardo Puga,false,https://es.wikipedia.org/wiki/Campeonato_de_Primera_C_2022_(Argentina)
2022-08-27,15:30,Banfield,Defensa y Justicia,1,2,,,Primera Division,2022,zonas,,Fecha 16,Florencio Sola,false,https://es.wikipedia.org/wiki/Campeonato_de_Primera_División_2022_(Argentina)
2022-08-27,15:30,Cañuelas,Ituzaingó,2,2,,,Primera B,2022,zonas,Torneo Clausura,Fecha 12,Jorge Alfredo Arín,false,https://es.wikipedia.org/wiki/Campeonato_de_Primera_B_2022_(Argentina)
2022-08-27,15:30,Comunicaciones,Los Andes,1,1,,,Primera B,2022,zonas,Torneo Clausura,Fecha 12,Alfredo Ramos,false,https://es.wikipedia.org/wiki/Campeonato_de_Primera_B_2022_(Argentina)
2022-08-27,15:30,Deportivo Merlo,UAI Urquiza,1,2,,,Primera B,2022,zonas,Torneo Clausura,Fecha 12,José Manuel Moreno,false,https://es.wikipedia.org/wiki/Campeonato_de_Primera_B_2022_(Argentina)
2022-08-27,15:30,Newell's Old Boys,Godoy Cruz,1,2,,,Primera Division,2022,zonas,,Fecha 16,Marcelo Bielsa,false,https://es.wikipedia.org/wiki/Campeonato_de_Primera_División_2022_(Argentina)
2022-08-27,15:30,Sportivo Italiano,Real Pilar,1,1,,,Primera C,2022,zonas,Torneo Clausura,Fecha 11,República de Italia,false,https://es.wikipedia.org/wiki/Campeonato_de_Primera_C_2022_(Argentina)
2022-08-27,16:00,Juventud Unida Universitario,Ferro Carril Oeste (GP),1,0,,,Torneo Federal A,2022,zonas,Zona Sur,Fecha 27,Mario Sebastián Diez,false,https://es.wikipedia.org/wiki/Torneo_Federal_A_2022
2022-08-27,18:00,Argentinos Juniors,Platense,0,2,,,Primera Division,2022,zonas,,Fecha 16,Diego Armando Maradona,false,https://es.wikipedia.org/wiki/Campeonato_de_Primera_División_2022_(Argentina)
2022-08-27,18:00,Talleres (C),Racing Club,1,1,,,Primera Division,2022,zonas,,Fecha 16,Mario Alberto Kempes,false,https://es.wikipedia.org/wiki/Campeonato_de_Primera_División_2022_(Argentina)
2022-08-27,20:30,Tigre,River Plate,1,1,,,Primera Division,2022,zonas,,Fecha 16,Monumental de Victoria,false,https://es.wikipedia.org/wiki/Campeonato_de_Primera_División_2022_(Argentina)
2022-08-28,11:00,Unión (S),Sportivo Las Parejas,2,1,,,Torneo Federal A,2022,zonas,Zona Norte,Fecha 27,De la Avenida,false,https://es.wikipedia.org/wiki/Torneo_Federal_A_2022
2022-08-28,13:00,Barracas Central,Colón,1,0,,,Primera Division,2022,zonas,,Fecha 16,Claudio Chiqui Tapia,false,https://es.wikipedia.org/wiki/Campeonato_de_Primera_División_2022_(Argentina)
2022-08-28,13:00,Sarmiento (J),Gimnasia y Esgrima (LP),0,0,,,Primera Division,2022,zonas,,Fecha 16,Eva Perón,false,https://es.wikipedia.org/wiki/Campeonato_de_Primera_División_2022_(Argentina)
2022-08-28,14:00,San Martín (F),Juventud Antoniana,4,0,,,Torneo Federal A,2022,zonas,Zona Norte,Fecha 27,17 de Octubre,false,https://es.wikipedia.org/wiki/Torneo_Federal_A_2022
2022-08-28,15:00,Círculo Deportivo,Huracán Las Heras,1,0,,,Torneo Federal A,2022,zonas,Zona Sur,Fecha 27,Guillermo Trama,false,https://es.wikipedia.org/wiki/Torneo_Federal_A_2022
2022-08-28,15:00,Liniers (BB),Sportivo Peñarol (C),1,0,,,Torneo Federal A,2022,zonas,Zona Sur,Fecha 27,Alejandro Pérez,false,https://es.wikipedia.org/wiki/Torneo_Federal_A_2022
2022-08-28,15:00,Sol de Mayo (V),Ciudad de Bolívar,0,1,,,Torneo Federal A,2022,zonas,Zona Sur,Fecha 27,Sol de Mayo,false,https://es.wikipedia.org/wiki/Torneo_Federal_A_2022
2022-08-28,15:15,Douglas Haig,Gimnasia y Esgrima (CdU),2,0,,,Torneo Federal A,2022,zonas,Zona Norte,Fecha 27,Miguel Morales,false,https://es.wikipedia.org/wiki/Torneo_Federal_A_2022
2022-08-28,15:30,Claypole,Victoriano Arenas,2,0,,,Primera C,2022,zonas,Torneo Clausura,Fecha 11,Rodolfo Capocasa,false,https://es.wikipedia.org/wiki/Campeonato_de_Primera_C_2022_(Argentina)
2022-08-28,15:30,Defensores de Pronunciamiento,Crucero del Norte,4,0,,,Torneo Federal A,2022,zonas,Zona Norte,Fecha 27,Delio Cardozo,false,https://es.wikipedia.org/wiki/Torneo_Federal_A_2022
2022-08-28,15:30,Gimnasia y Tiro (S),Atlético Paraná,2,0,,,Torneo Federal A,2022,zonas,Zona Norte,Fecha 27,El Gigante del Norte,false,https://es.wikipedia.org/wiki/Torneo_Federal_A_2022
2022-08-28,15:30,Independiente,Vélez Sarsfield,1,1,,,Primera Division,2022,zonas,,Fecha 16,Libertadores de América,false,https://es.wikipedia.org/wiki/Campeonato_de_Primera_División_2022_(Argentina)
2022-08-28,15:30,J. J. de Urquiza,Fénix,0,1,,,Primera B,2022,zonas,Torneo Clausura,Fecha 12,Ramón Roque Martín,false,https://es.wikipedia.org/wiki/Campeonato_de_Primera_B_2022_(Argentina)
2022-08-28,15:30,Liniers,Puerto Nuevo,1,1,,,Primera C,2022,zonas,Torneo Clausura,Fecha 11,Juan Antonio Arias,false,https://es.wikipedia.org/wiki/Campeonato_de_Primera_C_2022_(Argentina)
2022-08-28,16:00,Argentino (MM),Sansinena,1,2,,,Torneo Federal A,2022,zonas,Zona Sur,Fecha 27,Modesto Marrone,false,https://es.wikipedia.org/wiki/Torneo_Federal_A_2022
2022-08-28,16:00,Defensores de Belgrano (VR),Juventud Unida (G),1,0,,,Torneo Federal A,2022,zonas,Zona Norte,Fecha 27,Salomón Boeseldín,false,https://es.wikipedia.org/wiki/Torneo_Federal_A_2022
2022-08-28,16:00,Independiente (C),Villa Mitre,1,1,,,Torneo Federal A,2022,zonas,Zona Sur,Fecha 27,Raúl Orlando Lungarzo,false,https://es.wikipedia.org/wiki/Torneo_Federal_A_2022
2022-08-28,16:00,Olimpo,Cipolletti,3,0,,,Torneo Federal A,2022,zonas,Zona Sur,Fecha 27,Roberto N. Carminatti,false,https://es.wikipedia.org/wiki/Torneo_Federal_A_2022
2022-08-28,18:00,Boca Juniors,Atlético Tucumán,2,1,,,Primera Division,2022,zonas,,Fecha 16,La Bombonera,false,https://es.wikipedia.org/wiki/Campeonato_de_Primera_División_2022_(Argentina)
2022-08-28,18:00,Sportivo Estudiantes (SL),Desamparados,2,1,,,Torneo Federal A,2022,zonas,Zona Sur,Fecha 27,Héctor Odicino y Pedro Benoza,false,https://es.wikipedia.org/wiki/Torneo_Federal_A_2022
2022-08-28,18:30,Central Norte (S),Boca Unidos,3,1,,,Torneo Federal A,2022,zonas,Zona Norte,Fecha 27,Padre Ernesto Martearena,false,https://es.wikipedia.org/wiki/Torneo_Federal_A_2022
2022-08-28,19:00,Ferrocarril Midland,Argentino de Merlo,1,2,,,Primera C,2022,zonas,Torneo Clausura,Fecha 11,Ciudad de Libertad,false,https://es.wikipedia.org/wiki/Campeonato_de_Primera_C_2022_(Argentina)
2022-08-28,20:30,Estudiantes (LP),Patronato,1,0,,,Primera Division,2022,zonas,,Fecha 16,Jorge Luis Hirschi,false,https://es.wikipedia.org/wiki/Campeonato_de_Primera_División_2022_(Argentina)
2022-08-28,20:30,Unión,Aldosivi,0,0,,,Primera Division,2022,zonas,,Fecha 16,15 de Abril,false,https://es.wikipedia.org/wiki/Campeonato_de_Primera_División_2022_(Argentina)
2022-08-29,15:30,Leandro N. Alem,San Martín (B),0,0,,,Primera C,2022,zonas,Torneo Clausura,Fecha 11,Leandro N. Alem,false,https://es.wikipedia.org/wiki/Campeonato_de_Primera_C_2022_(Argentina)
2022-08-30,21:10,Talleres (RdE),Villa San Carlos,1,2,,,Primera B,2022,zonas,Torneo Clausura,Fecha 12,Pablo Comelli,false,https://es.wikipedia.org/wiki/Campeonato_de_Primera_B_2022_(Argentina)
2022-08-31,,Banfield,Gimnasia y Esgrima (J),2,0,,,Copa Argentina,2022,eliminacion,,Octavos,Juan Domingo Perón,true,https://es.wikipedia.org/wiki/Copa_Argentina_2022
2022-08-31,,Defensa y Justicia,River Plate,0,4,,,Copa Argentina,2022,eliminacion,,Octavos,Centenario,true,https://es.wikipedia.org/wiki/Copa_Argentina_2022
2022-08-31,,Godoy Cruz,Belgrano,0,0,5,4,Copa Argentina,2022,eliminacion,,Octavos,Único de Villa Mercedes,true,https://es.wikipedia.org/wiki/Copa_Argentina_2022
2022-09-01,16:00,Sarmiento (R),Racing Club,1,0,,,Torneo Federal A,2022,zonas,Zona Norte,Fecha 27,Centenario,false,https://es.wikipedia.org/wiki/Torneo_Federal_A_2022
2022-09-01,20:00,Huracán,Central Córdoba (SdE),2,0,,,Primera Division,2022,zonas,,Fecha 17,Tomás Adolfo Ducó,false,https://es.wikipedia.org/wiki/Campeonato_de_Primera_División_2022_(Argentina)
2022-09-02,16:00,Crucero del Norte,Unión (S),2,1,,,Torneo Federal A,2022,zonas,Zona Norte,Fecha 28,Comandante Andrés Guacurarí,false,https://es.wikipedia.org/wiki/Torneo_Federal_A_2022
2022-09-02,19:00,Patronato,Unión,0,0,,,Primera Division,2022,zonas,,Fecha 17,Presbítero Bartolomé Grella,false,https://es.wikipedia.org/wiki/Campeonato_de_Primera_División_2022_(Argentina)
2022-09-02,21:30,Lanús,Tigre,1,2,,,Primera Division,2022,zonas,,Fecha 17,Ciudad de Lanús,false,https://es.wikipedia.org/wiki/Campeonato_de_Primera_División_2022_(Argentina)
2022-09-02,21:30,Rosario Central,Talleres (C),1,0,,,Primera Division,2022,zonas,,Fecha 17,Gigante de Arroyito,false,https://es.wikipedia.org/wiki/Campeonato_de_Primera_División_2022_(Argentina)
2022-09-03,13:30,Defensores Unidos,Talleres (RdE),2,0,,,Primera B,2022,zonas,Torneo Clausura,Fecha 13,Gigante de Villa Fox,false,https://es.wikipedia.org/wiki/Campeonato_de_Primera_B_2022_(Argentina)
2022-09-03,15:00,Ciudad de Bolívar,Argentino (MM),1,0,,,Torneo Federal A,2022,zonas,Zona Sur,Fecha 28,Municipal Eva Perón,false,https://es.wikipedia.org/wiki/Torneo_Federal_A_2022
2022-09-03,15:30,Aldosivi,Sarmiento (J),1,2,,,Primera Division,2022,zonas,,Fecha 17,José María Minella,false,https://es.wikipedia.org/wiki/Campeonato_de_Primera_División_2022_(Argentina)
2022-09-03,15:30,Berazategui,Ferrocarril Midland,2,1,,,Primera C,2022,zonas,Torneo Clausura,Fecha 12,Norman Lee,false,https://es.wikipedia.org/wiki/Campeonato_de_Primera_C_2022_(Argentina)
2022-09-03,15:30,Deportivo Armenio,Argentino de Quilmes,0,0,,,Primera B,2022,zonas,Torneo Clausura,Fecha 13,Armenia,false,https://es.wikipedia.org/wiki/Campeonato_de_Primera_B_2022_(Argentina)
2022-09-03,15:30,Deportivo Laferrere,Atlas,3,1,,,Primera C,2022,zonas,Torneo Clausura,Fecha 12,Ciudad de Laferrere,false,https://es.wikipedia.org/wiki/Campeonato_de_Primera_C_2022_(Argentina)
2022-09-03,15:30,Luján,Claypole,0,2,,,Primera C,2022,zonas,Torneo Clausura,Fecha 12,1.º de Abril,false,https://es.wikipedia.org/wiki/Campeonato_de_Primera_C_2022_(Argentina)
2022-09-03,15:30,Real Pilar,Central Córdoba (R),0,1,,,Primera C,2022,zonas,Torneo Clausura,Fecha 12,Carlos Barraza,false,https://es.wikipedia.org/wiki/Campeonato_de_Primera_C_2022_(Argentina)
2022-09-03,15:30,San Martín (B),Sportivo Italiano,0,0,,,Primera C,2022,zonas,Torneo Clausura,Fecha 12,Francisco Boga,false,https://es.wikipedia.org/wiki/Campeonato_de_Primera_C_2022_(Argentina)
2022-09-03,15:30,San Miguel,J. J. de Urquiza,3,1,,,Primera B,2022,zonas,Torneo Clausura,Fecha 13,Malvinas Argentinas,false,https://es.wikipedia.org/wiki/Campeonato_de_Primera_B_2022_(Argentina)
2022-09-03,15:30,UAI Urquiza,Colegiales,0,3,,,Primera B,2022,zonas,Torneo Clausura,Fecha 13,Monumental de Villa Lynch,false,https://es.wikipedia.org/wiki/Campeonato_de_Primera_B_2022_(Argentina)
2022-09-03,15:30,Vélez Sarsfield,Newell's Old Boys,0,1,,,Primera Division,2022,zonas,,Fecha 17,José Amalfitani,false,https://es.wikipedia.org/wiki/Campeonato_de_Primera_División_2022_(Argentina)
2022-09-03,16:00,Sportivo Peñarol (C),Juventud Unida Universitario,1,1,,,Torneo Federal A,2022,zonas,Zona Sur,Fecha 28,Ramón Pablo Rojas,false,https://es.wikipedia.org/wiki/Torneo_Federal_A_2022
2022-09-03,17:40,Ituzaingó,Comunicaciones,2,1,,,Primera B,2022,zonas,Torneo Clausura,Fecha 13,Carlos Alberto Sacaan,false,https://es.wikipedia.org/wiki/Campeonato_de_Primera_B_2022_(Argentina)
2022-09-03,18:00,Racing Club,Argentinos Juniors,1,0,,,Primera Division,2022,zonas,,Fecha 17,El Cilindro,false,https://es.wikipedia.org/wiki/Campeonato_de_Primera_División_2022_(Argentina)
2022-09-03,19:00,Cipolletti,Independiente (C),0,0,,,Torneo Federal A,2022,zonas,Zona Sur,Fecha 28,La Visera de Cemento,false,https://es.wikipedia.org/wiki/Torneo_Federal_A_2022
2022-09-03,20:30,Gimnasia y Esgrima (LP),Independiente,3,1,,,Primera Division,2022,zonas,,Fecha 17,Del Bosque,false,https://es.wikipedia.org/wiki/Campeonato_de_Primera_División_2022_(Argentina)
2022-09-04,11:00,Deportivo Camioneros,Sportivo Estudiantes (SL),2,1,,,Torneo Federal A,2022,zonas,Zona Sur,Fecha 28,Hugo Moyano,false,https://es.wikipedia.org/wiki/Torneo_Federal_A_2022
2022-09-04,15:30,Argentino de Merlo,Liniers,3,2,,,Primera C,2022,zonas,Torneo Clausura,Fecha 12,Merlo,false,https://es.wikipedia.org/wiki/Campeonato_de_Primera_C_2022_(Argentina)
2022-09-04,15:30,El Porvenir,Leandro N. Alem,0,2,,,Primera C,2022,zonas,Torneo Clausura,Fecha 12,Gildo Francisco Ghersinich,false,https://es.wikipedia.org/wiki/Campeonato_de_Primera_C_2022_(Argentina)
2022-09-04,15:30,General Lamadrid,Deportivo Español,0,1,,,Primera C,2022,zonas,Torneo Clausura,Fecha 12,Enrique Sexto,false,https://es.wikipedia.org/wiki/Campeonato_de_Primera_C_2022_(Argentina)
2022-09-04,15:30,Juventud Unida (G),Central Norte (S),1,2,,,Torneo Federal A,2022,zonas,Zona Norte,Fecha 28,De los Eucaliptos,false,https://es.wikipedia.org/wiki/Torneo_Federal_A_2022
2022-09-04,15:30,Platense,Estudiantes (LP),0,0,,,Primera Division,2022,zonas,,Fecha 17,Ciudad de Vicente López,false,https://es.wikipedia.org/wiki/Campeonato_de_Primera_División_2022_(Argentina)
2022-09-04,15:30,Villa San Carlos,Deportivo Merlo,1,0,,,Primera B,2022,zonas,Torneo Clausura,Fecha 13,Genacio Sálice,false,https://es.wikipedia.org/wiki/Campeonato_de_Primera_B_2022_(Argentina)
2022-09-04,16:00,Boca Unidos,San Martín (F),1,1,,,Torneo Federal A,2022,zonas,Zona Norte,Fecha 28,Leoncio Benítez,false,https://es.wikipedia.org/wiki/Torneo_Federal_A_2022
2022-09-04,16:00,Gimnasia y Esgrima (CdU),Defensores de Belgrano (VR),1,0,,,Torneo Federal A,2022,zonas,Zona Norte,Fecha 28,Manuel y Ramón Núñez,false,https://es.wikipedia.org/wiki/Torneo_Federal_A_2022
2022-09-04,16:00,Huracán Las Heras,Liniers (BB),3,1,,,Torneo Federal A,2022,zonas,Zona Sur,Fecha 28,Predio de FADEP,false,https://es.wikipedia.org/wiki/Torneo_Federal_A_2022
2022-09-04,16:00,Sansinena,Círculo Deportivo,1,1,,,Torneo Federal A,2022,zonas,Zona Sur,Fecha 28,Luis Molina,false,https://es.wikipedia.org/wiki/Torneo_Federal_A_2022
2022-09-04,16:00,Villa Mitre,Sol de Mayo (V),2,1,,,Torneo Federal A,2022,zonas,Zona Sur,Fecha 28,El Fortín,false,https://es.wikipedia.org/wiki/Torneo_Federal_A_2022
2022-09-04,16:30,Desamparados,Olimpo,0,1,,,Torneo Federal A,2022,zonas,Zona Sur,Fecha 28,El Serpentario,false,https://es.wikipedia.org/wiki/Torneo_Federal_A_2022
2022-09-04,18:00,Colón,Boca Juniors,1,2,,,Primera Division,2022,zonas,,Fecha 17,Brigadier Estanislao López,false,https://es.wikipedia.org/wiki/Campeonato_de_Primera_División_2022_(Argentina)
2022-09-04,19:00,Juventud Antoniana,Defensores de Pronunciamiento,1,2,,,Torneo Federal A,2022,zonas,Zona Norte,Fecha 28,Padre Ernesto Martearena,false,https://es.wikipedia.org/wiki/Torneo_Federal_A_2022
2022-09-04,20:00,Sportivo Las Parejas,Gimnasia y Tiro (S),1,1,,,Torneo Federal A,2022,zonas,Zona Norte,Fecha 28,4 de Septiembre,false,https://es.wikipedia.org/wiki/Torneo_Federal_A_2022
2022-09-04,20:30,River Plate,Barracas Central,2,0,,,Primera Division,2022,zonas,,Fecha 17,Monumental,false,https://es.wikipedia.org/wiki/Campeonato_de_Primera_División_2022_(Argentina)
2022-09-05,15:30,Dock Sud,Acassuso,2,0,,,Primera B,2022,zonas,Torneo Clausura,Fecha 13,De los Inmigrantes,false,https://es.wikipedia.org/wiki/Campeonato_de_Primera_B_2022_(Argentina)
2022-09-05,15:30,Fénix,Cañuelas,1,1,,,Primera B,2022,zonas,Torneo Clausura,Fecha 13,José Manuel Moreno,false,https://es.wikipedia.org/wiki/Campeonato_de_Primera_B_2022_(Argentina)
2022-09-05,15:30,Puerto Nuevo,Excursionistas,2,4,,,Primera C,2022,zonas,Torneo Clausura,Fecha 12,Rubén Carlos Vallejos,false,https://es.wikipedia.org/wiki/Campeonato_de_Primera_C_2022_(Argentina)
2022-09-05,19:00,Defensa y Justicia,San Lorenzo,0,0,,,Primera Division,2022,zonas,,Fecha 17,Norberto Tomaghello,false,https://es.wikipedia.org/wiki/Campeonato_de_Primera_División_2022_(Argentina)
2022-09-05,19:00,Godoy Cruz,Arsenal,1,0,,,Primera Division,2022,zonas,,Fecha 17,Malvinas Argentinas,false,https://es.wikipedia.org/wiki/Campeonato_de_Primera_División_2022_(Argentina)
2022-09-05,20:30,Sportivo Belgrano,Sarmiento (R),1,0,,,Torneo Federal A,2022,zonas,Zona Norte,Fecha 28,Oscar Carlos Boero,false,https://es.wikipedia.org/wiki/Torneo_Federal_A_2022
2022-09-05,21:30,Atlético Tucumán,Banfield,0,0,,,Primera Division,2022,zonas,,Fecha 17,Monumental José Fierro,false,https://es.wikipedia.org/wiki/Campeonato_de_Primera_División_2022_(Argentina)
2022-09-06,21:00,Racing Club,Douglas Haig,3,0,,,Torneo Federal A,2022,zonas,Zona Norte,Fecha 28,Miguel Sancho,false,https://es.wikipedia.org/wiki/Torneo_Federal_A_2022
2022-09-07,,Quilmes,Deportivo Madryn,1,1,4,1,Copa Argentina,2022,eliminacion,,Octavos,Juan Carmelo Zerillo,true,https://es.wikipedia.org/wiki/Copa_Argentina_2022
2022-09-07,,Talleres (C),Newell's Old Boys,2,1,,,Copa Argentina,2022,eliminacion,,Octavos,Juan Gilberto Funes,true,https://es.wikipedia.org/wiki/Copa_Argentina_2022
2022-09-08,18:00,Independiente,Aldosivi,3,0,,,Primera Division,2022,zonas,,Fecha 18,Libertadores de América,false,https://es.wikipedia.org/wiki/Campeonato_de_Primera_División_2022_(Argentina)
2022-09-08,20:30,Argentinos Juniors,Rosario Central,2,1,,,Primera Division,2022,zonas,,Fecha 18,Diego Armando Maradona,false,https://es.wikipedia.org/wiki/Campeonato_de_Primera_División_2022_(Argentina)
2022-09-08,20:30,Unión,Sarmiento (J),1,0,,,Primera Division,2022,zonas,,Fecha 18,15 de Abril,false,https://es.wikipedia.org/wiki/Campeonato_de_Primera_División_2022_(Argentina)
2022-09-09,15:30,Barracas Central,Lanús,2,0,,,Primera Division,2022,zonas,,Fecha 18,Claudio Chiqui Tapia,false,https://es.wikipedia.org/wiki/Campeonato_de_Primera_División_2022_(Argentina)
2022-09-09,15:30,Deportivo Español,Real Pilar,0,1,,,Primera C,2022,zonas,Torneo Clausura,Fecha 13,Nueva España,false,https://es.wikipedia.org/wiki/Campeonato_de_Primera_C_2022_(Argentina)
2022-09-09,15:30,Sportivo Italiano,El Porvenir,1,1,,,Primera C,2022,zonas,Torneo Clausura,Fecha 13,República de Italia,false,https://es.wikipedia.org/wiki/Campeonato_de_Primera_C_2022_(Argentina)
2022-09-09,18:00,Patronato,Platense,1,0,,,Primera Division,2022,zonas,,Fecha 18,Presbítero Bartolomé Grella,false,https://es.wikipedia.org/wiki/Campeonato_de_Primera_División_2022_(Argentina)
2022-09-09,19:30,Excursionistas,Argentino de Merlo,1,1,,,Primera C,2022,zonas,Torneo Clausura,Fecha 13,Excursionistas,false,https://es.wikipedia.org/wiki/Campeonato_de_Primera_C_2022_(Argentina)
2022-09-09,20:00,Ferrocarril Midland,General Lamadrid,2,1,,,Primera C,2022,zonas,Torneo Clausura,Fecha 13,Ciudad de Libertad,false,https://es.wikipedia.org/wiki/Campeonato_de_Primera_C_2022_(Argentina)
2022-09-09,20:30,Estudiantes (LP),Racing Club,1,0,,,Primera Division,2022,zonas,,Fecha 18,Jorge Luis Hirschi,false,https://es.wikipedia.org/wiki/Campeonato_de_Primera_División_2022_(Argentina)
2022-09-09,20:30,Tigre,Huracán,1,1,,,Primera Division,2022,zonas,,Fecha 18,Monumental de Victoria,false,https://es.wikipedia.org/wiki/Campeonato_de_Primera_División_2022_(Argentina)
2022-09-10,13:10,J. J. de Urquiza,Deportivo Armenio,0,1,,,Primera B,2022,zonas,Torneo Clausura,Fecha 14,Ramón Roque Martín,false,https://es.wikipedia.org/wiki/Campeonato_de_Primera_B_2022_(Argentina)
2022-09-10,15:30,Argentino de Quilmes,Dock Sud,1,1,,,Primera B,2022,zonas,Torneo Clausura,Fecha 14,Argentino de Quilmes,false,https://es.wikipedia.org/wiki/Campeonato_de_Primera_B_2022_(Argentina)
2022-09-10,15:30,Atlas,Puerto Nuevo,0,1,,,Primera C,2022,zonas,Torneo Clausura,Fecha 13,Ricardo Puga,false,https://es.wikipedia.org/wiki/Campeonato_de_Primera_C_2022_(Argentina)
2022-09-10,15:30,Cañuelas,San Miguel,3,1,,,Primera B,2022,zonas,Torneo Clausura,Fecha 14,Jorge Alfredo Arín,false,https://es.wikipedia.org/wiki/Campeonato_de_Primera_B_2022_(Argentina)
2022-09-10,15:30,Central Córdoba (R),San Martín (B),3,1,,,Primera C,2022,zonas,Torneo Clausura,Fecha 13,Gabino Sosa,false,https://es.wikipedia.org/wiki/Campeonato_de_Primera_C_2022_(Argentina)
2022-09-10,15:30,Central Córdoba (SdE),Godoy Cruz,3,0,,,Primera Division,2022,zonas,,Fecha 18,Único Madre de Ciudades,false,https://es.wikipedia.org/wiki/Campeonato_de_Primera_División_2022_(Argentina)
2022-09-10,15:30,Claypole,Deportivo Laferrere,1,2,,,Primera C,2022,zonas,Torneo Clausura,Fecha 13,Rodolfo Capocasa,false,https://es.wikipedia.org/wiki/Campeonato_de_Primera_C_2022_(Argentina)
2022-09-10,15:30,Colegiales,Villa San Carlos,4,0,,,Primera B,2022,zonas,Torneo Clausura,Fecha 14,Colegiales,false,https://es.wikipedia.org/wiki/Campeonato_de_Primera_B_2022_(Argentina)
2022-09-10,15:30,Comunicaciones,Fénix,1,1,,,Primera B,2022,zonas,Torneo Clausura,Fecha 14,Alfredo Ramos,false,https://es.wikipedia.org/wiki/Campeonato_de_Primera_B_2022_(Argentina)
2022-09-10,15:30,Deportivo Merlo,Defensores Unidos,2,2,,,Primera B,2022,zonas,Torneo Clausura,Fecha 14,José Manuel Moreno,false,https://es.wikipedia.org/wiki/Campeonato_de_Primera_B_2022_(Argentina)
2022-09-10,15:30,Ferro Carril Oeste (GP),Sportivo Peñarol (C),3,0,,,Torneo Federal A,2022,zonas,Zona Sur,Fecha 29,El Coloso del Barrio Talleres,false,https://es.wikipedia.org/wiki/Torneo_Federal_A_2022
2022-09-10,15:30,Victoriano Arenas,Luján,0,1,,,Primera C,2022,zonas,Torneo Clausura,Fecha 13,Saturnino Moure,false,https://es.wikipedia.org/wiki/Campeonato_de_Primera_C_2022_(Argentina)
2022-09-10,16:00,San Martín (F),Juventud Unida (G),2,0,,,Torneo Federal A,2022,zonas,Zona Norte,Fecha 29,17 de Octubre,false,https://es.wikipedia.org/wiki/Torneo_Federal_A_2022
2022-09-10,18:00,San Lorenzo,Atlético Tucumán,1,1,,,Primera Division,2022,zonas,,Fecha 18,Nuevo Gasómetro,false,https://es.wikipedia.org/wiki/Campeonato_de_Primera_División_2022_(Argentina)
2022-09-10,20:30,Banfield,Colón,2,1,,,Primera Division,2022,zonas,,Fecha 18,Florencio Sola,false,https://es.wikipedia.org/wiki/Campeonato_de_Primera_División_2022_(Argentina)
2022-09-10,22:00,Central Norte (S),Gimnasia y Esgrima (CdU),3,1,,,Torneo Federal A,2022,zonas,Zona Norte,Fecha 29,Padre Ernesto Martearena,false,https://es.wikipedia.org/wiki/Torneo_Federal_A_2022
2022-09-11,11:00,Defensores de Pronunciamiento,Boca Unidos,1,2,,,Torneo Federal A,2022,zonas,Zona Norte,Fecha 29,Delio Cardozo,false,https://es.wikipedia.org/wiki/Torneo_Federal_A_2022
2022-09-11,11:00,Gimnasia y Tiro (S),Crucero del Norte,1,0,,,Torneo Federal A,2022,zonas,Zona Norte,Fecha 29,El Gigante del Norte,false,https://es.wikipedia.org/wiki/Torneo_Federal_A_2022
2022-09-11,11:00,Juventud Unida Universitario,Huracán Las Heras,2,1,,,Torneo Federal A,2022,zonas,Zona Sur,Fecha 29,Mario Sebastián Diez,false,https://es.wikipedia.org/wiki/Torneo_Federal_A_2022
2022-09-11,11:00,Liniers,Berazategui,1,3,,,Primera C,2022,zonas,Torneo Clausura,Fecha 13,Juan Antonio Arias,false,https://es.wikipedia.org/wiki/Campeonato_de_Primera_C_2022_(Argentina)
2022-09-11,11:00,Sol de Mayo (V),Cipolletti,3,0,,,Torneo Federal A,2022,zonas,Zona Sur,Fecha 29,Sol de Mayo,false,https://es.wikipedia.org/wiki/Torneo_Federal_A_2022
2022-09-11,13:00,Arsenal,Vélez Sarsfield,2,2,,,Primera Division,2022,zonas,,Fecha 18,El Viaducto,false,https://es.wikipedia.org/wiki/Campeonato_de_Primera_División_2022_(Argentina)
2022-09-11,13:00,Newell's Old Boys,Gimnasia y Esgrima (LP),2,0,,,Primera Division,2022,zonas,,Fecha 18,Marcelo Bielsa,false,https://es.wikipedia.org/wiki/Campeonato_de_Primera_División_2022_(Argentina)
2022-09-11,14:30,Independiente (C),Desamparados,2,0,,,Torneo Federal A,2022,zonas,Zona Sur,Fecha 29,Raúl Orlando Lungarzo,false,https://es.wikipedia.org/wiki/Torneo_Federal_A_2022
2022-09-11,15:00,Argentino (MM),Villa Mitre,1,1,,,Torneo Federal A,2022,zonas,Zona Sur,Fecha 29,Modesto Marrone,false,https://es.wikipedia.org/wiki/Torneo_Federal_A_2022
2022-09-11,15:00,Círculo Deportivo,Ciudad de Bolívar,1,0,,,Torneo Federal A,2022,zonas,Zona Sur,Fecha 29,Guillermo Trama,false,https://es.wikipedia.org/wiki/Torneo_Federal_A_2022
2022-09-11,15:00,Defensores de Belgrano (VR),Racing Club,0,1,,,Torneo Federal A,2022,zonas,Zona Norte,Fecha 29,Salomón Boeseldín,false,https://es.wikipedia.org/wiki/Torneo_Federal_A_2022
2022-09-11,15:00,Olimpo,Deportivo Camioneros,2,0,,,Torneo Federal A,2022,zonas,Zona Sur,Fecha 29,Roberto N. Carminatti,false,https://es.wikipedia.org/wiki/Torneo_Federal_A_2022
2022-09-11,15:30,Unión (S),Juventud Antoniana,1,0,,,Torneo Federal A,2022,zonas,Zona Norte,Fecha 29,De la Avenida,false,https://es.wikipedia.org/wiki/Torneo_Federal_A_2022
2022-09-11,17:00,Boca Juniors,River Plate,1,0,,,Primera Division,2022,zonas,,Fecha 18,La Bombonera,false,https://es.wikipedia.org/wiki/Campeonato_de_Primera_División_2022_(Argentina)
2022-09-11,20:00,Atlético Paraná,Sportivo Las Parejas,1,2,,,Torneo Federal A,2022,zonas,Zona Norte,Fecha 29,Pedro Mutio,false,https://es.wikipedia.org/wiki/Torneo_Federal_A_2022
2022-09-11,20:00,Talleres (C),Defensa y Justicia,1,0,,,Primera Division,2022,zonas,,Fecha 18,Mario Alberto Kempes,false,https://es.wikipedia.org/wiki/Campeonato_de_Primera_División_2022_(Argentina)
2022-09-11,20:30,Liniers (BB),Sansinena,2,2,,,Torneo Federal A,2022,zonas,Zona Sur,Fecha 29,Alejandro Pérez,false,https://es.wikipedia.org/wiki/Torneo_Federal_A_2022
2022-09-12,14:00,Douglas Haig,Sportivo Belgrano,1,0,,,Torneo Federal A,2022,zonas,Zona Norte,Fecha 29,Miguel Morales,false,https://es.wikipedia.org/wiki/Torneo_Federal_A_2022
2022-09-12,15:00,Los Andes,Ituzaingó,3,0,,,Primera B,2022,zonas,Torneo Clausura,Fecha 14,Eduardo Gallardón,false,https://es.wikipedia.org/wiki/Campeonato_de_Primera_B_2022_(Argentina)
2022-09-12,15:30,Acassuso,UAI Urquiza,2,0,,,Primera B,2022,zonas,Torneo Clausura,Fecha 14,Armenia,false,https://es.wikipedia.org/wiki/Campeonato_de_Primera_B_2022_(Argentina)
2022-09-12,17:00,Sarmiento (J),Independiente,1,2,,,Primera Division,2022,zonas,,Fecha 19,Eva Perón,false,https://es.wikipedia.org/wiki/Campeonato_de_Primera_División_2022_(Argentina)
2022-09-13,15:30,Argentino de Merlo,Atlas,2,0,,,Primera C,2022,zonas,Torneo Clausura,Fecha 14,Merlo,false,https://es.wikipedia.org/wiki/Campeonato_de_Primera_C_2022_(Argentina)
2022-09-13,15:30,Deportivo Laferrere,Victoriano Arenas,1,0,,,Primera C,2022,zonas,Torneo Clausura,Fecha 14,Ciudad de Laferrere,false,https://es.wikipedia.org/wiki/Campeonato_de_Primera_C_2022_(Argentina)
2022-09-13,15:30,El Porvenir,Central Córdoba (R),0,0,,,Primera C,2022,zonas,Torneo Clausura,Fecha 14,Gildo Francisco Ghersinich,false,https://es.wikipedia.org/wiki/Campeonato_de_Primera_C_2022_(Argentina)
2022-09-13,15:30,Leandro N. Alem,Sportivo Italiano,0,2,,,Primera C,2022,zonas,Torneo Clausura,Fecha 14,Leandro N. Alem,false,https://es.wikipedia.org/wiki/Campeonato_de_Primera_C_2022_(Argentina)
2022-09-13,15:30,Puerto Nuevo,Claypole,2,1,,,Primera C,2022,zonas,Torneo Clausura,Fecha 14,Rubén Carlos Vallejos,false,https://es.wikipedia.org/wiki/Campeonato_de_Primera_C_2022_(Argentina)
2022-09-13,15:30,Real Pilar,Ferrocarril Midland,1,1,,,Primera C,2022,zonas,Torneo Clausura,Fecha 14,Carlos Barraza,false,https://es.wikipedia.org/wiki/Campeonato_de_Primera_C_2022_(Argentina)
2022-09-13,16:30,Vélez Sarsfield,Central Córdoba (SdE),3,1,,,Primera Division,2022,zonas,,Fecha 19,José Amalfitani,false,https://es.wikipedia.org/wiki/Campeonato_de_Primera_División_2022_(Argentina)
2022-09-13,19:00,Godoy Cruz,Tigre,1,1,,,Primera Division,2022,zonas,,Fecha 19,Malvinas Argentinas,false,https://es.wikipedia.org/wiki/Campeonato_de_Primera_División_2022_(Argentina)
2022-09-13,19:00,Huracán,Barracas Central,1,1,,,Primera Division,2022,zonas,,Fecha 19,Tomás Adolfo Ducó,false,https://es.wikipedia.org/wiki/Campeonato_de_Primera_División_2022_(Argentina)
2022-09-13,21:30,Platense,Unión,1,0,,,Primera Division,2022,zonas,,Fecha 19,Ciudad de Vicente López,false,https://es.wikipedia.org/wiki/Campeonato_de_Primera_División_2022_(Argentina)
2022-09-13,21:30,Racing Club,Patronato,1,0,,,Primera Division,2022,zonas,,Fecha 19,El Cilindro,false,https://es.wikipedia.org/wiki/Campeonato_de_Primera_División_2022_(Argentina)
2022-09-14,14:00,Aldosivi,Newell's Old Boys,1,2,,,Primera Division,2022,zonas,,Fecha 19,José María Minella,false,https://es.wikipedia.org/wiki/Campeonato_de_Primera_División_2022_(Argentina)
2022-09-14,15:30,Berazategui,Excursionistas,2,0,,,Primera C,2022,zonas,Torneo Clausura,Fecha 14,Norman Lee,false,https://es.wikipedia.org/wiki/Campeonato_de_Primera_C_2022_(Argentina)
2022-09-14,15:30,General Lamadrid,Liniers,1,1,,,Primera C,2022,zonas,Torneo Clausura,Fecha 14,Enrique Sexto,false,https://es.wikipedia.org/wiki/Campeonato_de_Primera_C_2022_(Argentina)
2022-09-14,15:30,San Martín (B),Deportivo Español,1,2,,,Primera C,2022,zonas,Torneo Clausura,Fecha 14,Francisco Boga,false,https://es.wikipedia.org/wiki/Campeonato_de_Primera_C_2022_(Argentina)
2022-09-14,16:30,Colón,San Lorenzo,0,0,,,Primera Division,2022,zonas,,Fecha 19,Brigadier Estanislao López,false,https://es.wikipedia.org/wiki/Campeonato_de_Primera_División_2022_(Argentina)
2022-09-14,19:00,River Plate,Banfield,1,2,,,Primera Division,2022,zonas,,Fecha 19,Monumental,false,https://es.wikipedia.org/wiki/Campeonato_de_Primera_División_2022_(Argentina)
2022-09-14,21:30,Lanús,Boca Juniors,0,1,,,Primera Division,2022,zonas,,Fecha 19,Ciudad de Lanús,false,https://es.wikipedia.org/wiki/Campeonato_de_Primera_División_2022_(Argentina)
2022-09-15,,Vélez Sarsfield,Independiente,0,2,,,Copa Argentina,2022,eliminacion,,Octavos,23 de agosto,true,https://es.wikipedia.org/wiki/Copa_Argentina_2022
2022-09-15,19:00,Defensa y Justicia,Argentinos Juniors,2,1,,,Primera Division,2022,zonas,,Fecha 19,Norberto Tomaghello,false,https://es.wikipedia.org/wiki/Campeonato_de_Primera_División_2022_(Argentina)
2022-09-15,19:00,Rosario Central,Estudiantes (LP),1,1,,,Primera Division,2022,zonas,,Fecha 19,Gigante de Arroyito,false,https://es.wikipedia.org/wiki/Campeonato_de_Primera_División_2022_(Argentina)
2022-09-15,21:30,Atlético Tucumán,Talleres (C),1,1,,,Primera Division,2022,zonas,,Fecha 19,Monumental José Fierro,false,https://es.wikipedia.org/wiki/Campeonato_de_Primera_División_2022_(Argentina)
2022-09-15,21:30,Gimnasia y Esgrima (LP),Arsenal,2,0,,,Primera Division,2022,zonas,,Fecha 19,Del Bosque,false,https://es.wikipedia.org/wiki/Campeonato_de_Primera_División_2022_(Argentina)
2022-09-17,15:30,Barracas Central,Godoy Cruz,3,1,,,Primera Division,2022,zonas,,Fecha 20,Claudio Chiqui Tapia,false,https://es.wikipedia.org/wiki/Campeonato_de_Primera_División_2022_(Argentina)
2022-09-17,15:30,Deportivo Armenio,Cañuelas,1,0,,,Primera B,2022,zonas,Torneo Clausura,Fecha 15,Armenia,false,https://es.wikipedia.org/wiki/Campeonato_de_Primera_B_2022_(Argentina)
2022-09-17,15:30,Deportivo Español,El Porvenir,3,1,,,Primera C,2022,zonas,Torneo Clausura,Fecha 15,Nueva España,false,https://es.wikipedia.org/wiki/Campeonato_de_Primera_C_2022_(Argentina)
2022-09-17,15:30,Dock Sud,J. J. de Urquiza,1,0,,,Primera B,2022,zonas,Torneo Clausura,Fecha 15,De los Inmigrantes,false,https://es.wikipedia.org/wiki/Campeonato_de_Primera_B_2022_(Argentina)
2022-09-17,15:30,Liniers,Real Pilar,0,2,,,Primera C,2022,zonas,Torneo Clausura,Fecha 15,Juan Antonio Arias,false,https://es.wikipedia.org/wiki/Campeonato_de_Primera_C_2022_(Argentina)
2022-09-17,15:30,San Miguel,Comunicaciones,1,1,,,Primera B,2022,zonas,Torneo Clausura,Fecha 15,Malvinas Argentinas,false,https://es.wikipedia.org/wiki/Campeonato_de_Primera_B_2022_(Argentina)
2022-09-17,15:30,UAI Urquiza,Argentino de Quilmes,0,0,,,Primera B,2022,zonas,Torneo Clausura,Fecha 15,Monumental de Villa Lynch,false,https://es.wikipedia.org/wiki/Campeonato_de_Primera_B_2022_(Argentina)
2022-09-17,16:05,Ciudad de Bolívar,Liniers (BB),2,1,,,Torneo Federal A,2022,zonas,Zona Sur,Fecha 30,Municipal Eva Perón,false,https://es.wikipedia.org/wiki/Torneo_Federal_A_2022
2022-09-17,16:30,Desamparados,Sol de Mayo (V),1,0,,,Torneo Federal A,2022,zonas,Zona Sur,Fecha 30,El Serpentario,false,https://es.wikipedia.org/wiki/Torneo_Federal_A_2022
2022-09-17,20:30,Newell's Old Boys,Sarmiento (J),0,1,,,Primera Division,2022,zonas,,Fecha 20,Marcelo Bielsa,false,https://es.wikipedia.org/wiki/Campeonato_de_Primera_División_2022_(Argentina)
2022-09-18,11:00,Cipolletti,Argentino (MM),1,0,,,Torneo Federal A,2022,zonas,Zona Sur,Fecha 30,La Visera de Cemento,false,https://es.wikipedia.org/wiki/Torneo_Federal_A_2022
2022-09-18,11:00,Deportivo Camioneros,Independiente (C),0,4,,,Torneo Federal A,2022,zonas,Zona Sur,Fecha 30,Hugo Moyano,false,https://es.wikipedia.org/wiki/Torneo_Federal_A_2022
2022-09-18,11:00,Juventud Unida (G),Defensores de Pronunciamiento,1,0,,,Torneo Federal A,2022,zonas,Zona Norte,Fecha 30,De los Eucaliptos,false,https://es.wikipedia.org/wiki/Torneo_Federal_A_2022
2022-09-18,13:00,Tigre,Vélez Sarsfield,2,0,,,Primera Division,2022,zonas,,Fecha 20,Monumental de Victoria,false,https://es.wikipedia.org/wiki/Campeonato_de_Primera_División_2022_(Argentina)
2022-09-18,15:30,Atlas,Berazategui,1,0,,,Primera C,2022,zonas,Torneo Clausura,Fecha 15,Ricardo Puga,false,https://es.wikipedia.org/wiki/Campeonato_de_Primera_C_2022_(Argentina)
2022-09-18,15:30,Central Córdoba (R),Leandro N. Alem,3,0,,,Primera C,2022,zonas,Torneo Clausura,Fecha 15,Gabino Sosa,false,https://es.wikipedia.org/wiki/Campeonato_de_Primera_C_2022_(Argentina)
2022-09-18,15:30,Claypole,Argentino de Merlo,1,2,,,Primera C,2022,zonas,Torneo Clausura,Fecha 15,Rodolfo Capocasa,false,https://es.wikipedia.org/wiki/Campeonato_de_Primera_C_2022_(Argentina)
2022-09-18,15:30,Defensores Unidos,Colegiales,1,2,,,Primera B,2022,zonas,Torneo Clausura,Fecha 15,Gigante de Villa Fox,false,https://es.wikipedia.org/wiki/Campeonato_de_Primera_B_2022_(Argentina)
2022-09-18,15:30,Excursionistas,General Lamadrid,2,0,,,Primera C,2022,zonas,Torneo Clausura,Fecha 15,Excursionistas,false,https://es.wikipedia.org/wiki/Campeonato_de_Primera_C_2022_(Argentina)
2022-09-18,15:30,Ferrocarril Midland,San Martín (B),0,1,,,Primera C,2022,zonas,Torneo Clausura,Fecha 15,Ciudad de Libertad,false,https://es.wikipedia.org/wiki/Campeonato_de_Primera_C_2022_(Argentina)
2022-09-18,15:30,San Lorenzo,River Plate,0,1,,,Primera Division,2022,zonas,,Fecha 20,Nuevo Gasómetro,false,https://es.wikipedia.org/wiki/Campeonato_de_Primera_División_2022_(Argentina)
2022-09-18,15:30,Victoriano Arenas,Puerto Nuevo,0,0,,,Primera C,2022,zonas,Torneo Clausura,Fecha 15,Saturnino Moure,false,https://es.wikipedia.org/wiki/Campeonato_de_Primera_C_2022_(Argentina)
2022-09-18,15:30,Villa San Carlos,Acassuso,2,0,,,Primera B,2022,zonas,Torneo Clausura,Fecha 15,Genacio Sálice,false,https://es.wikipedia.org/wiki/Campeonato_de_Primera_B_2022_(Argentina)
2022-09-18,16:00,Boca Unidos,Unión (S),2,0,,,Torneo Federal A,2022,zonas,Zona Norte,Fecha 30,Leoncio Benítez,false,https://es.wikipedia.org/wiki/Torneo_Federal_A_2022
2022-09-18,16:00,Crucero del Norte,Atlético Paraná,1,0,,,Torneo Federal A,2022,zonas,Zona Norte,Fecha 30,Comandante Andrés Guacurarí,false,https://es.wikipedia.org/wiki/Torneo_Federal_A_2022
2022-09-18,16:00,Gimnasia y Esgrima (CdU),San Martín (F),0,2,,,Torneo Federal A,2022,zonas,Zona Norte,Fecha 30,Manuel y Ramón Núñez,false,https://es.wikipedia.org/wiki/Torneo_Federal_A_2022
2022-09-18,16:00,Huracán Las Heras,Ferro Carril Oeste (GP),0,0,,,Torneo Federal A,2022,zonas,Zona Sur,Fecha 30,Predio de FADEP,false,https://es.wikipedia.org/wiki/Torneo_Federal_A_2022
2022-09-18,16:00,Sansinena,Juventud Unida Universitario,3,1,,,Torneo Federal A,2022,zonas,Zona Sur,Fecha 30,Luis Molina,false,https://es.wikipedia.org/wiki/Torneo_Federal_A_2022
2022-09-18,16:00,Sportivo Belgrano,Defensores de Belgrano (VR),0,1,,,Torneo Federal A,2022,zonas,Zona Norte,Fecha 30,Oscar Carlos Boero,false,https://es.wikipedia.org/wiki/Torneo_Federal_A_2022
2022-09-18,16:00,Sportivo Estudiantes (SL),Olimpo,0,1,,,Torneo Federal A,2022,zonas,Zona Sur,Fecha 30,Héctor Odicino y Pedro Benoza,false,https://es.wikipedia.org/wiki/Torneo_Federal_A_2022
2022-09-18,16:00,Villa Mitre,Círculo Deportivo,2,2,,,Torneo Federal A,2022,zonas,Zona Sur,Fecha 30,El Fortín,false,https://es.wikipedia.org/wiki/Torneo_Federal_A_2022
2022-09-18,16:30,Racing Club,Central Norte (S),1,0,,,Torneo Federal A,2022,zonas,Zona Norte,Fecha 30,Miguel Sancho,false,https://es.wikipedia.org/wiki/Torneo_Federal_A_2022
2022-09-18,18:00,Banfield,Lanús,1,2,,,Primera Division,2022,zonas,,Fecha 20,Florencio Sola,false,https://es.wikipedia.org/wiki/Campeonato_de_Primera_División_2022_(Argentina)
2022-09-18,20:30,Platense,Racing Club,0,1,,,Primera Division,2022,zonas,,Fecha 20,Ciudad de Vicente López,false,https://es.wikipedia.org/wiki/Campeonato_de_Primera_División_2022_(Argentina)
2022-09-18,20:30,Talleres (C),Colón,2,0,,,Primera Division,2022,zonas,,Fecha 20,Mario Alberto Kempes,false,https://es.wikipedia.org/wiki/Campeonato_de_Primera_División_2022_(Argentina)
2022-09-19,15:30,Fénix,Los Andes,0,3,,,Primera B,2022,zonas,Torneo Clausura,Fecha 15,José Manuel Moreno,false,https://es.wikipedia.org/wiki/Campeonato_de_Primera_B_2022_(Argentina)
2022-09-19,15:30,Luján,Deportivo Laferrere,1,4,,,Primera C,2022,zonas,Torneo Clausura,Fecha 15,1.º de Abril,false,https://es.wikipedia.org/wiki/Campeonato_de_Primera_C_2022_(Argentina)
2022-09-19,16:30,Arsenal,Aldosivi,3,0,,,Primera Division,2022,zonas,,Fecha 20,El Viaducto,false,https://es.wikipedia.org/wiki/Campeonato_de_Primera_División_2022_(Argentina)
2022-09-19,19:00,Boca Juniors,Huracán,0,0,,,Primera Division,2022,zonas,,Fecha 20,La Bombonera,false,https://es.wikipedia.org/wiki/Campeonato_de_Primera_División_2022_(Argentina)
2022-09-19,19:00,Unión,Independiente,0,1,,,Primera Division,2022,zonas,,Fecha 20,15 de Abril,false,https://es.wikipedia.org/wiki/Campeonato_de_Primera_División_2022_(Argentina)
2022-09-19,21:00,Sarmiento (R),Douglas Haig,2,1,,,Torneo Federal A,2022,zonas,Zona Norte,Fecha 30,Centenario,false,https://es.wikipedia.org/wiki/Torneo_Federal_A_2022
2022-09-19,21:30,Argentinos Juniors,Atlético Tucumán,1,2,,,Primera Division,2022,zonas,,Fecha 20,Diego Armando Maradona,false,https://es.wikipedia.org/wiki/Campeonato_de_Primera_División_2022_(Argentina)
2022-09-19,21:30,Estudiantes (LP),Defensa y Justicia,1,2,,,Primera Division,2022,zonas,,Fecha 20,Jorge Luis Hirschi,false,https://es.wikipedia.org/wiki/Campeonato_de_Primera_División_2022_(Argentina)
2022-09-20,18:00,Patronato,Rosario Central,0,0,,,Primera Division,2022,zonas,,Fecha 20,Presbítero Bartolomé Grella,false,https://es.wikipedia.org/wiki/Campeonato_de_Primera_División_2022_(Argentina)
2022-09-20,20:30,Central Córdoba (SdE),Gimnasia y Esgrima (LP),1,0,,,Primera Division,2022,zonas,,Fecha 20,Único Madre de Ciudades,false,https://es.wikipedia.org/wiki/Campeonato_de_Primera_División_2022_(Argentina)
2022-09-20,21:10,Talleres (RdE),Deportivo Merlo,1,1,,,Primera B,2022,zonas,Torneo Clausura,Fecha 15,Pablo Comelli,false,https://es.wikipedia.org/wiki/Campeonato_de_Primera_B_2022_(Argentina)
2022-09-21,22:15,Juventud Antoniana,Gimnasia y Tiro (S),1,1,,,Torneo Federal A,2022,zonas,Zona Norte,Fecha 30,Padre Ernesto Martearena,false,https://es.wikipedia.org/wiki/Torneo_Federal_A_2022
2022-09-23,15:30,Leandro N. Alem,Deportivo Español,1,0,,,Primera C,2022,zonas,Torneo Clausura,Fecha 16,12 de Octubre,false,https://es.wikipedia.org/wiki/Campeonato_de_Primera_C_2022_(Argentina)
2022-09-23,19:00,Godoy Cruz,Boca Juniors,0,1,,,Primera Division,2022,zonas,,Fecha 21,Malvinas Argentinas,false,https://es.wikipedia.org/wiki/Campeonato_de_Primera_División_2022_(Argentina)
2022-09-23,19:00,Huracán,Banfield,3,1,,,Primera Division,2022,zonas,,Fecha 21,Tomás Adolfo Ducó,false,https://es.wikipedia.org/wiki/Campeonato_de_Primera_División_2022_(Argentina)
2022-09-24,13:00,Defensa y Justicia,Patronato,2,1,,,Primera Division,2022,zonas,,Fecha 21,Norberto Tomaghello,false,https://es.wikipedia.org/wiki/Campeonato_de_Primera_División_2022_(Argentina)
2022-09-24,13:00,Sarmiento (J),Arsenal,2,0,,,Primera Division,2022,zonas,,Fecha 21,Eva Perón,false,https://es.wikipedia.org/wiki/Campeonato_de_Primera_División_2022_(Argentina)
2022-09-24,14:00,Colegiales,Talleres (RdE),2,2,,,Primera B,2022,zonas,Torneo Clausura,Fecha 16,Colegiales,false,https://es.wikipedia.org/wiki/Campeonato_de_Primera_B_2022_(Argentina)
2022-09-24,14:00,Comunicaciones,Deportivo Armenio,0,1,,,Primera B,2022,zonas,Torneo Clausura,Fecha 16,Alfredo Ramos,false,https://es.wikipedia.org/wiki/Campeonato_de_Primera_B_2022_(Argentina)
2022-09-24,15:30,Acassuso,Defensores Unidos,2,1,,,Primera B,2022,zonas,Torneo Clausura,Fecha 16,Armenia,false,https://es.wikipedia.org/wiki/Campeonato_de_Primera_B_2022_(Argentina)
2022-09-24,15:30,Cañuelas,Dock Sud,2,0,,,Primera B,2022,zonas,Torneo Clausura,Fecha 16,Jorge Alfredo Arín,false,https://es.wikipedia.org/wiki/Campeonato_de_Primera_B_2022_(Argentina)
2022-09-24,15:30,Ituzaingó,Fénix,2,0,,,Primera B,2022,zonas,Torneo Clausura,Fecha 16,Carlos Alberto Sacaan,false,https://es.wikipedia.org/wiki/Campeonato_de_Primera_B_2022_(Argentina)
2022-09-24,15:30,Lanús,San Lorenzo,2,0,,,Primera Division,2022,zonas,,Fecha 21,Ciudad de Lanús,false,https://es.wikipedia.org/wiki/Campeonato_de_Primera_División_2022_(Argentina)
2022-09-24,15:30,Real Pilar,Excursionistas,3,1,,,Primera C,2022,zonas,Torneo Clausura,Fecha 16,Carlos Barraza,false,https://es.wikipedia.org/wiki/Campeonato_de_Primera_C_2022_(Argentina)
2022-09-24,15:30,Sportivo Italiano,Central Córdoba (R),2,0,,,Primera C,2022,zonas,Torneo Clausura,Fecha 16,República de Italia,false,https://es.wikipedia.org/wiki/Campeonato_de_Primera_C_2022_(Argentina)
2022-09-24,18:00,River Plate,Talleres (C),0,1,,,Primera Division,2022,zonas,,Fecha 21,Monumental,false,https://es.wikipedia.org/wiki/Campeonato_de_Primera_División_2022_(Argentina)
2022-09-24,20:00,Liniers (BB),Villa Mitre,2,0,,,Torneo Federal A,2022,zonas,Zona Sur,Fecha 31,Alejandro Pérez,false,https://es.wikipedia.org/wiki/Torneo_Federal_A_2022
2022-09-24,20:30,Independiente,Newell's Old Boys,1,0,,,Primera Division,2022,zonas,,Fecha 21,Libertadores de América,false,https://es.wikipedia.org/wiki/Campeonato_de_Primera_División_2022_(Argentina)
2022-09-25,15:00,Círculo Deportivo,Cipolletti,1,0,,,Torneo Federal A,2022,zonas,Zona Sur,Fecha 31,Guillermo Trama,false,https://es.wikipedia.org/wiki/Torneo_Federal_A_2022
2022-09-25,15:00,Defensores de Pronunciamiento,Gimnasia y Esgrima (CdU),3,0,,,Torneo Federal A,2022,zonas,Zona Norte,Fecha 31,Delio Cardozo,false,https://es.wikipedia.org/wiki/Torneo_Federal_A_2022
2022-09-25,15:30,Argentino de Merlo,Victoriano Arenas,4,1,,,Primera C,2022,zonas,Torneo Clausura,Fecha 16,Merlo,false,https://es.wikipedia.org/wiki/Campeonato_de_Primera_C_2022_(Argentina)
2022-09-25,15:30,Argentino de Quilmes,Villa San Carlos,1,1,,,Primera B,2022,zonas,Torneo Clausura,Fecha 16,Argentino de Quilmes,false,https://es.wikipedia.org/wiki/Campeonato_de_Primera_B_2022_(Argentina)
2022-09-25,15:30,General Lamadrid,Atlas,1,1,,,Primera C,2022,zonas,Torneo Clausura,Fecha 16,Enrique Sexto,false,https://es.wikipedia.org/wiki/Campeonato_de_Primera_C_2022_(Argentina)
2022-09-25,15:30,Gimnasia y Esgrima (LP),Tigre,0,1,,,Primera Division,2022,zonas,,Fecha 21,Del Bosque,false,https://es.wikipedia.org/wiki/Campeonato_de_Primera_División_2022_(Argentina)
2022-09-25,15:30,Puerto Nuevo,Luján,2,1,,,Primera C,2022,zonas,Torneo Clausura,Fecha 16,Rubén Carlos Vallejos,false,https://es.wikipedia.org/wiki/Campeonato_de_Primera_C_2022_(Argentina)
2022-09-25,15:30,Rosario Central,Platense,1,1,,,Primera Division,2022,zonas,,Fecha 21,Gigante de Arroyito,false,https://es.wikipedia.org/wiki/Campeonato_de_Primera_División_2022_(Argentina)
2022-09-25,15:30,Sol de Mayo (V),Deportivo Camioneros,2,0,,,Torneo Federal A,2022,zonas,Zona Sur,Fecha 31,Sol de Mayo,false,https://es.wikipedia.org/wiki/Torneo_Federal_A_2022
2022-09-25,16:00,Argentino (MM),Desamparados,0,0,,,Torneo Federal A,2022,zonas,Zona Sur,Fecha 31,Modesto Marrone,false,https://es.wikipedia.org/wiki/Torneo_Federal_A_2022
2022-09-25,16:00,Defensores de Belgrano (VR),Sarmiento (R),0,1,,,Torneo Federal A,2022,zonas,Zona Norte,Fecha 31,Salomón Boeseldín,false,https://es.wikipedia.org/wiki/Torneo_Federal_A_2022
2022-09-25,16:00,Ferro Carril Oeste (GP),Sansinena,2,1,,,Torneo Federal A,2022,zonas,Zona Sur,Fecha 31,El Coloso del Barrio Talleres,false,https://es.wikipedia.org/wiki/Torneo_Federal_A_2022
2022-09-25,16:00,Independiente (C),Sportivo Estudiantes (SL),2,1,,,Torneo Federal A,2022,zonas,Zona Sur,Fecha 31,Raúl Orlando Lungarzo,false,https://es.wikipedia.org/wiki/Torneo_Federal_A_2022
2022-09-25,16:00,Juventud Unida Universitario,Ciudad de Bolívar,0,2,,,Torneo Federal A,2022,zonas,Zona Sur,Fecha 31,Mario Sebastián Diez,false,https://es.wikipedia.org/wiki/Torneo_Federal_A_2022
2022-09-25,16:00,San Martín (F),Racing Club,0,0,,,Torneo Federal A,2022,zonas,Zona Norte,Fecha 31,17 de Octubre,false,https://es.wikipedia.org/wiki/Torneo_Federal_A_2022
2022-09-25,16:00,Sportivo Las Parejas,Crucero del Norte,2,0,,,Torneo Federal A,2022,zonas,Zona Norte,Fecha 31,4 de Septiembre,false,https://es.wikipedia.org/wiki/Torneo_Federal_A_2022
2022-09-25,16:30,Gimnasia y Tiro (S),Boca Unidos,2,0,,,Torneo Federal A,2022,zonas,Zona Norte,Fecha 31,El Gigante del Norte,false,https://es.wikipedia.org/wiki/Torneo_Federal_A_2022
2022-09-25,16:30,Sportivo Peñarol (C),Huracán Las Heras,1,0,,,Torneo Federal A,2022,zonas,Zona Sur,Fecha 31,Bicentenario de San Juan,false,https://es.wikipedia.org/wiki/Torneo_Federal_A_2022
2022-09-25,17:30,Central Norte (S),Sportivo Belgrano,1,1,,,Torneo Federal A,2022,zonas,Zona Norte,Fecha 31,Padre Ernesto Martearena,false,https://es.wikipedia.org/wiki/Torneo_Federal_A_2022
2022-09-25,18:00,Racing Club,Unión,2,1,,,Primera Division,2022,zonas,,Fecha 21,El Cilindro,false,https://es.wikipedia.org/wiki/Campeonato_de_Primera_División_2022_(Argentina)
2022-09-25,19:00,Atlético Paraná,Juventud Antoniana,1,3,,,Torneo Federal A,2022,zonas,Zona Norte,Fecha 31,Pedro Mutio,false,https://es.wikipedia.org/wiki/Torneo_Federal_A_2022
2022-09-25,20:30,Atlético Tucumán,Estudiantes (LP),3,1,,,Primera Division,2022,zonas,,Fecha 21,Monumental José Fierro,false,https://es.wikipedia.org/wiki/Campeonato_de_Primera_División_2022_(Argentina)
2022-09-25,20:30,Vélez Sarsfield,Barracas Central,1,0,,,Primera Division,2022,zonas,,Fecha 21,José Amalfitani,false,https://es.wikipedia.org/wiki/Campeonato_de_Primera_División_2022_(Argentina)
2022-09-26,15:30,Berazategui,Claypole,2,3,,,Primera C,2022,zonas,Torneo Clausura,Fecha 16,Norman Lee,false,https://es.wikipedia.org/wiki/Campeonato_de_Primera_C_2022_(Argentina)
2022-09-26,15:30,El Porvenir,Ferrocarril Midland,2,0,,,Primera C,2022,zonas,Torneo Clausura,Fecha 16,Gildo Francisco Ghersinich,false,https://es.wikipedia.org/wiki/Campeonato_de_Primera_C_2022_(Argentina)
2022-09-26,15:30,J. J. de Urquiza,UAI Urquiza,1,0,,,Primera B,2022,zonas,Torneo Clausura,Fecha 16,Ramón Roque Martín,false,https://es.wikipedia.org/wiki/Campeonato_de_Primera_B_2022_(Argentina)
2022-09-26,15:30,Los Andes,San Miguel,0,0,,,Primera B,2022,zonas,Torneo Clausura,Fecha 16,Eduardo Gallardón,false,https://es.wikipedia.org/wiki/Campeonato_de_Primera_B_2022_(Argentina)
2022-09-26,15:30,San Martín (B),Liniers,0,1,,,Primera C,2022,zonas,Torneo Clausura,Fecha 16,Francisco Boga,false,https://es.wikipedia.org/wiki/Campeonato_de_Primera_C_2022_(Argentina)
2022-09-26,17:00,Aldosivi,Central Córdoba (SdE),0,3,,,Primera Division,2022,zonas,,Fecha 21,José María Minella,false,https://es.wikipedia.org/wiki/Campeonato_de_Primera_División_2022_(Argentina)
2022-09-26,17:00,Colón,Argentinos Juniors,0,4,,,Primera Division,2022,zonas,,Fecha 21,Brigadier Estabislao López,false,https://es.wikipedia.org/wiki/Campeonato_de_Primera_División_2022_(Argentina)
2022-09-26,20:00,Unión (S),Juventud Unida (G),2,1,,,Torneo Federal A,2022,zonas,Zona Norte,Fecha 31,De la Avenida,false,https://es.wikipedia.org/wiki/Torneo_Federal_A_2022
2022-09-27,,Banfield,Godoy Cruz,1,1,3,1,Copa Argentina,2022,eliminacion,,Cuartos,Juan Gilberto Funes,true,https://es.wikipedia.org/wiki/Copa_Argentina_2022
2022-09-28,,Boca Juniors,Quilmes,3,2,,,Copa Argentina,2022,eliminacion,,Cuartos,Malvinas Argentinas,true,https://es.wikipedia.org/wiki/Copa_Argentina_2022
2022-09-28,,Independiente,Talleres (C),0,0,2,4,Copa Argentina,2022,eliminacion,,Cuartos,Centenario,true,https://es.wikipedia.org/wiki/Copa_Argentina_2022
2022-09-28,,Patronato,River Plate,2,2,4,3,Copa Argentina,2022,eliminacion,,Cuartos,Carlos Augusto Mercado Luna,true,https://es.wikipedia.org/wiki/Copa_Argentina_2022
2022-09-29,15:30,Barracas Central,Gimnasia y Esgrima (LP),1,1,,,Primera Division,2022,zonas,,Fecha 22,Claudio Chiqui Tapia,false,https://es.wikipedia.org/wiki/Campeonato_de_Primera_División_2022_(Argentina)
2022-09-30,15:30,Deportivo Español,Sportivo Italiano,1,0,,,Primera C,2022,zonas,Torneo Clausura,Fecha 17,Nueva España,false,https://es.wikipedia.org/wiki/Campeonato_de_Primera_C_2022_(Argentina)
2022-09-30,19:00,Estudiantes (LP),Colón,2,4,,,Primera Division,2022,zonas,,Fecha 22,Jorge Luis Hirschi,false,https://es.wikipedia.org/wiki/Campeonato_de_Primera_División_2022_(Argentina)
2022-09-30,19:00,Tigre,Aldosivi,3,0,,,Primera Division,2022,zonas,,Fecha 22,Monumental de Victoria,false,https://es.wikipedia.org/wiki/Campeonato_de_Primera_División_2022_(Argentina)
2022-09-30,21:00,Talleres (RdE),Acassuso,0,1,,,Primera B,2022,zonas,Torneo Clausura,Fecha 17,Pablo Comelli,false,https://es.wikipedia.org/wiki/Campeonato_de_Primera_B_2022_(Argentina)
2022-09-30,21:30,Racing Club,Rosario Central,4,3,,,Primera Division,2022,zonas,,Fecha 22,El Cilindro,false,https://es.wikipedia.org/wiki/Campeonato_de_Primera_División_2022_(Argentina)
2022-09-30,21:30,Unión,Newell's Old Boys,0,1,,,Primera Division,2022,zonas,,Fecha 22,15 de Abril,false,https://es.wikipedia.org/wiki/Campeonato_de_Primera_División_2022_(Argentina)
2022-10-01,11:00,Cipolletti,Liniers (BB),1,2,,,Torneo Federal A,2022,zonas,Zona Sur,Fecha 32,La Visera de Cemento,false,https://es.wikipedia.org/wiki/Torneo_Federal_A_2022
2022-10-01,13:00,Central Córdoba (SdE),Sarmiento (J),0,0,,,Primera Division,2022,zonas,,Fecha 22,Único Madre de Ciudades,false,https://es.wikipedia.org/wiki/Campeonato_de_Primera_División_2022_(Argentina)
2022-10-01,13:00,Platense,Defensa y Justicia,0,0,,,Primera Division,2022,zonas,,Fecha 22,Ciudad de Vicente López,false,https://es.wikipedia.org/wiki/Campeonato_de_Primera_División_2022_(Argentina)
2022-10-01,15:30,Claypole,General Lamadrid,3,1,,,Primera C,2022,zonas,Torneo Clausura,Fecha 17,Rodolfo Capocasa,false,https://es.wikipedia.org/wiki/Campeonato_de_Primera_C_2022_(Argentina)
2022-10-01,15:30,Deportivo Laferrere,Puerto Nuevo,0,1,,,Primera C,2022,zonas,Torneo Clausura,Fecha 17,Ciudad de Laferrere,false,https://es.wikipedia.org/wiki/Campeonato_de_Primera_C_2022_(Argentina)
2022-10-01,15:30,Excursionistas,San Martín (B),1,0,,,Primera C,2022,zonas,Torneo Clausura,Fecha 17,Excursionistas,false,https://es.wikipedia.org/wiki/Campeonato_de_Primera_C_2022_(Argentina)
2022-10-01,15:30,Liniers,El Porvenir,4,1,,,Primera C,2022,zonas,Torneo Clausura,Fecha 17,Juan Antonio Arias,false,https://es.wikipedia.org/wiki/Campeonato_de_Primera_C_2022_(Argentina)
2022-10-01,15:30,San Lorenzo,Huracán,1,0,,,Primera Division,2022,zonas,,Fecha 22,Nuevo Gasómetro,false,https://es.wikipedia.org/wiki/Campeonato_de_Primera_División_2022_(Argentina)
2022-10-01,15:30,UAI Urquiza,Cañuelas,0,1,,,Primera B,2022,zonas,Torneo Clausura,Fecha 17,Monumental de Villa Lynch,false,https://es.wikipedia.org/wiki/Campeonato_de_Primera_B_2022_(Argentina)
2022-10-01,15:30,Victoriano Arenas,Berazategui,2,0,,,Primera C,2022,zonas,Torneo Clausura,Fecha 17,Saturnino Moure,false,https://es.wikipedia.org/wiki/Campeonato_de_Primera_C_2022_(Argentina)
2022-10-01,16:00,Ciudad de Bolívar,Ferro Carril Oeste (GP),2,0,,,Torneo Federal A,2022,zonas,Zona Sur,Fecha 32,Municipal Eva Perón,false,https://es.wikipedia.org/wiki/Torneo_Federal_A_2022
2022-10-01,16:00,Olimpo,Independiente (C),2,1,,,Torneo Federal A,2022,zonas,Zona Sur,Fecha 32,Roberto N. Carminatti,false,https://es.wikipedia.org/wiki/Torneo_Federal_A_2022
2022-10-01,16:00,Sansinena,Sportivo Peñarol (C),1,0,,,Torneo Federal A,2022,zonas,Zona Sur,Fecha 32,Luis Molina,false,https://es.wikipedia.org/wiki/Torneo_Federal_A_2022
2022-10-01,18:00,Banfield,Godoy Cruz,1,1,,,Primera Division,2022,zonas,,Fecha 22,Florencio Sola,false,https://es.wikipedia.org/wiki/Campeonato_de_Primera_División_2022_(Argentina)
2022-10-01,20:30,Arsenal,Independiente,0,1,,,Primera Division,2022,zonas,,Fecha 22,El Viaducto,false,https://es.wikipedia.org/wiki/Campeonato_de_Primera_División_2022_(Argentina)
2022-10-01,21:00,Sarmiento (R),Central Norte (S),1,1,,,Torneo Federal A,2022,zonas,Zona Norte,Fecha 32,Centenario,false,https://es.wikipedia.org/wiki/Torneo_Federal_A_2022
2022-10-02,11:00,Deportivo Camioneros,Argentino (MM),1,2,,,Torneo Federal A,2022,zonas,Zona Sur,Fecha 32,Hugo Moyano,false,https://es.wikipedia.org/wiki/Torneo_Federal_A_2022
2022-10-02,11:00,Juventud Unida (G),Gimnasia y Tiro (S),2,2,,,Torneo Federal A,2022,zonas,Zona Norte,Fecha 32,De los Eucaliptos,false,https://es.wikipedia.org/wiki/Torneo_Federal_A_2022
2022-10-02,14:05,Deportivo Armenio,Los Andes,3,0,,,Primera B,2022,zonas,Torneo Clausura,Fecha 17,Armenia,false,https://es.wikipedia.org/wiki/Campeonato_de_Primera_B_2022_(Argentina)
2022-10-02,14:05,Deportivo Merlo,Colegiales,0,1,,,Primera B,2022,zonas,Torneo Clausura,Fecha 17,José Manuel Moreno,false,https://es.wikipedia.org/wiki/Campeonato_de_Primera_B_2022_(Argentina)
2022-10-02,14:05,San Miguel,Ituzaingó,2,0,,,Primera B,2022,zonas,Torneo Clausura,Fecha 17,Malvinas Argentinas,false,https://es.wikipedia.org/wiki/Campeonato_de_Primera_B_2022_(Argentina)
2022-10-02,14:05,Villa San Carlos,J. J. de Urquiza,2,1,,,Primera B,2022,zonas,Torneo Clausura,Fecha 17,Genacio Sálice,false,https://es.wikipedia.org/wiki/Campeonato_de_Primera_B_2022_(Argentina)
2022-10-02,15:30,Defensores Unidos,Argentino de Quilmes,4,1,,,Primera B,2022,zonas,Torneo Clausura,Fecha 17,Gigante de Villa Fox,false,https://es.wikipedia.org/wiki/Campeonato_de_Primera_B_2022_(Argentina)
2022-10-02,15:30,Patronato,Atlético Tucumán,2,1,,,Primera Division,2022,zonas,,Fecha 22,Presbítero Bartolomé Grella,false,https://es.wikipedia.org/wiki/Campeonato_de_Primera_División_2022_(Argentina)
2022-10-02,16:00,Boca Unidos,Atlético Paraná,0,0,,,Torneo Federal A,2022,zonas,Zona Norte,Fecha 32,Leoncio Benítez,false,https://es.wikipedia.org/wiki/Torneo_Federal_A_2022
2022-10-02,16:00,Douglas Haig,Defensores de Belgrano (VR),1,0,,,Torneo Federal A,2022,zonas,Zona Norte,Fecha 32,Miguel Morales,false,https://es.wikipedia.org/wiki/Torneo_Federal_A_2022
2022-10-02,16:00,Gimnasia y Esgrima (CdU),Unión (S),1,0,,,Torneo Federal A,2022,zonas,Zona Norte,Fecha 32,Manuel y Ramón Núñez,false,https://es.wikipedia.org/wiki/Torneo_Federal_A_2022
2022-10-02,16:00,Sportivo Estudiantes (SL),Sol de Mayo (V),0,0,,,Torneo Federal A,2022,zonas,Zona Sur,Fecha 32,Héctor Odicino y Pedro Benoza,false,https://es.wikipedia.org/wiki/Torneo_Federal_A_2022
2022-10-02,16:00,Villa Mitre,Juventud Unida Universitario,2,1,,,Torneo Federal A,2022,zonas,Zona Sur,Fecha 32,El Fortín,false,https://es.wikipedia.org/wiki/Torneo_Federal_A_2022
2022-10-02,16:30,Desamparados,Círculo Deportivo,3,0,,,Torneo Federal A,2022,zonas,Zona Sur,Fecha 32,El Serpentario,false,https://es.wikipedia.org/wiki/Torneo_Federal_A_2022
2022-10-02,16:30,Racing Club,Defensores de Pronunciamiento,1,0,,,Torneo Federal A,2022,zonas,Zona Norte,Fecha 32,Miguel Sancho,false,https://es.wikipedia.org/wiki/Torneo_Federal_A_2022
2022-10-02,18:00,Boca Juniors,Vélez Sarsfield,1,0,,,Primera Division,2022,zonas,,Fecha 22,La Bombonera,false,https://es.wikipedia.org/wiki/Campeonato_de_Primera_División_2022_(Argentina)
2022-10-02,18:30,Talleres (C),Lanús,0,1,,,Primera Division,2022,zonas,,Fecha 22,Mario Alberto Kempes,false,https://es.wikipedia.org/wiki/Campeonato_de_Primera_División_2022_(Argentina)
2022-10-02,19:00,Juventud Antoniana,Sportivo Las Parejas,5,0,,,Torneo Federal A,2022,zonas,Zona Norte,Fecha 32,Padre Ernesto Martearena,false,https://es.wikipedia.org/wiki/Torneo_Federal_A_2022
2022-10-02,20:45,Argentinos Juniors,River Plate,0,3,,,Primera Division,2022,zonas,,Fecha 22,Diego Armando Maradona,false,https://es.wikipedia.org/wiki/Campeonato_de_Primera_División_2022_(Argentina)
2022-10-03,15:30,Atlas,Real Pilar,1,1,,,Primera C,2022,zonas,Torneo Clausura,Fecha 17,Ricardo Puga,false,https://es.wikipedia.org/wiki/Campeonato_de_Primera_C_2022_(Argentina)
2022-10-03,15:30,Dock Sud,Comunicaciones,2,0,,,Primera B,2022,zonas,Torneo Clausura,Fecha 17,De los Inmigrantes,false,https://es.wikipedia.org/wiki/Campeonato_de_Primera_B_2022_(Argentina)
2022-10-03,15:30,Ferrocarril Midland,Leandro N. Alem,3,1,,,Primera C,2022,zonas,Torneo Clausura,Fecha 17,Ciudad de Libertad,false,https://es.wikipedia.org/wiki/Campeonato_de_Primera_C_2022_(Argentina)
2022-10-03,15:30,Luján,Argentino de Merlo,0,1,,,Primera C,2022,zonas,Torneo Clausura,Fecha 17,1.º de Abril,false,https://es.wikipedia.org/wiki/Campeonato_de_Primera_C_2022_(Argentina)
2022-10-03,20:00,Rosario Central,Unión,1,1,,,Primera Division,2022,zonas,,Fecha 23,Gigante de Arroyito,false,https://es.wikipedia.org/wiki/Campeonato_de_Primera_División_2022_(Argentina)
2022-10-03,20:30,Sportivo Belgrano,San Martín (F),2,1,,,Torneo Federal A,2022,zonas,Zona Norte,Fecha 32,Oscar Carlos Boero,false,https://es.wikipedia.org/wiki/Torneo_Federal_A_2022
2022-10-04,14:00,Aldosivi,Barracas Central,2,0,,,Primera Division,2022,zonas,,Fecha 23,José María Minella,false,https://es.wikipedia.org/wiki/Campeonato_de_Primera_División_2022_(Argentina)
2022-10-04,16:30,Godoy Cruz,San Lorenzo,0,0,,,Primera Division,2022,zonas,,Fecha 23,Malvinas Argentinas,false,https://es.wikipedia.org/wiki/Campeonato_de_Primera_División_2022_(Argentina)
2022-10-04,16:30,Newell's Old Boys,Arsenal,0,0,,,Primera Division,2022,zonas,,Fecha 23,Marcelo Bielsa,false,https://es.wikipedia.org/wiki/Campeonato_de_Primera_División_2022_(Argentina)
2022-10-04,19:00,Sarmiento (J),Tigre,2,2,,,Primera Division,2022,zonas,,Fecha 23,Eva Perón,false,https://es.wikipedia.org/wiki/Campeonato_de_Primera_División_2022_(Argentina)
2022-10-04,21:30,Vélez Sarsfield,Banfield,1,0,,,Primera Division,2022,zonas,,Fecha 23,José Amalfitani,false,https://es.wikipedia.org/wiki/Campeonato_de_Primera_División_2022_(Argentina)
2022-10-05,16:30,Colón,Patronato,1,0,,,Primera Division,2022,zonas,,Fecha 23,Brigadier Estanislao López,false,https://es.wikipedia.org/wiki/Campeonato_de_Primera_División_2022_(Argentina)
2022-10-05,19:00,Atlético Tucumán,Platense,2,1,,,Primera Division,2022,zonas,,Fecha 23,Monumental José Fierro,false,https://es.wikipedia.org/wiki/Campeonato_de_Primera_División_2022_(Argentina)
2022-10-05,19:00,Defensa y Justicia,Racing Club,3,3,,,Primera Division,2022,zonas,,Fecha 23,Norberto Tomaghello,false,https://es.wikipedia.org/wiki/Campeonato_de_Primera_División_2022_(Argentina)
2022-10-05,21:30,Independiente,Central Córdoba (SdE),1,2,,,Primera Division,2022,zonas,,Fecha 23,Libertadores de América,false,https://es.wikipedia.org/wiki/Campeonato_de_Primera_División_2022_(Argentina)
2022-10-05,21:30,River Plate,Estudiantes (LP),5,0,,,Primera Division,2022,zonas,,Fecha 23,Monumental,false,https://es.wikipedia.org/wiki/Campeonato_de_Primera_División_2022_(Argentina)
2022-10-06,19:00,Huracán,Talleres (C),1,0,,,Primera Division,2022,zonas,,Fecha 23,Tomás Adolfo Ducó,false,https://es.wikipedia.org/wiki/Campeonato_de_Primera_División_2022_(Argentina)
2022-10-06,19:00,Lanús,Argentinos Juniors,0,4,,,Primera Division,2022,zonas,,Fecha 23,Ciudad de Lanús,false,https://es.wikipedia.org/wiki/Campeonato_de_Primera_División_2022_(Argentina)
2022-10-06,21:30,Gimnasia y Esgrima (LP),Boca Juniors,1,2,,,Primera Division,2022,zonas,,Fecha 23,Del Bosque,false,https://es.wikipedia.org/wiki/Campeonato_de_Primera_División_2022_(Argentina)
2022-10-08,13:00,Barracas Central,Sarmiento (J),1,1,,,Primera Division,2022,zonas,,Fecha 24,Claudio Chiqui Tapia,false,https://es.wikipedia.org/wiki/Campeonato_de_Primera_División_2022_(Argentina)
2022-10-08,15:30,Central Córdoba (R),Deportivo Español,1,3,,,Primera C,2022,zonas,Torneo Clausura,Fecha 18,Gabino Sosa,false,https://es.wikipedia.org/wiki/Campeonato_de_Primera_C_2022_(Argentina)
2022-10-08,15:30,General Lamadrid,Victoriano Arenas,1,2,,,Primera C,2022,zonas,Torneo Clausura,Fecha 18,Enrique Sexto,false,https://es.wikipedia.org/wiki/Campeonato_de_Primera_C_2022_(Argentina)
2022-10-08,16:00,San Lorenzo,Vélez Sarsfield,1,0,,,Primera Division,2022,zonas,,Fecha 24,Nuevo Gasómetro,false,https://es.wikipedia.org/wiki/Campeonato_de_Primera_División_2022_(Argentina)
2022-10-08,17:00,Crucero del Norte,Juventud Antoniana,2,0,,,Torneo Federal A,2022,zonas,Zona Norte,Fecha 33,Comandante Andrés Guacurarí,false,https://es.wikipedia.org/wiki/Torneo_Federal_A_2022
2022-10-08,18:15,Unión,Arsenal,1,0,,,Primera Division,2022,zonas,,Fecha 24,15 de Abril,false,https://es.wikipedia.org/wiki/Campeonato_de_Primera_División_2022_(Argentina)
2022-10-08,19:00,Atlético Paraná,Juventud Unida (G),2,0,,,Torneo Federal A,2022,zonas,Zona Norte,Fecha 33,Pedro Mutio,false,https://es.wikipedia.org/wiki/Torneo_Federal_A_2022
2022-10-08,20:30,Platense,Colón,1,2,,,Primera Division,2022,zonas,,Fecha 24,Ciudad de Vicente López,false,https://es.wikipedia.org/wiki/Campeonato_de_Primera_División_2022_(Argentina)
2022-10-09,13:00,Tigre,Independiente,2,1,,,Primera Division,2022,zonas,,Fecha 24,Monumental de Victoria,false,https://es.wikipedia.org/wiki/Campeonato_de_Primera_División_2022_(Argentina)
2022-10-09,15:30,Argentino de Merlo,Deportivo Laferrere,0,1,,,Primera C,2022,zonas,Torneo Clausura,Fecha 18,Merlo,false,https://es.wikipedia.org/wiki/Campeonato_de_Primera_C_2022_(Argentina)
2022-10-09,15:30,Banfield,Gimnasia y Esgrima (LP),0,2,,,Primera Division,2022,zonas,,Fecha 24,Florencio Sola,false,https://es.wikipedia.org/wiki/Campeonato_de_Primera_División_2022_(Argentina)
2022-10-09,15:30,Berazategui,Luján,3,1,,,Primera C,2022,zonas,Torneo Clausura,Fecha 18,Norman Lee,false,https://es.wikipedia.org/wiki/Campeonato_de_Primera_C_2022_(Argentina)
2022-10-09,15:30,El Porvenir,Excursionistas,0,0,,,Primera C,2022,zonas,Torneo Clausura,Fecha 18,Gildo Francisco Ghersinich,false,https://es.wikipedia.org/wiki/Campeonato_de_Primera_C_2022_(Argentina)
2022-10-09,15:30,San Martín (B),Atlas,1,1,,,Primera C,2022,zonas,Torneo Clausura,Fecha 18,Francisco Boga,false,https://es.wikipedia.org/wiki/Campeonato_de_Primera_C_2022_(Argentina)
2022-10-09,15:30,Sol de Mayo (V),Olimpo,1,1,,,Torneo Federal A,2022,zonas,Zona Sur,Fecha 33,Sol de Mayo,false,https://es.wikipedia.org/wiki/Torneo_Federal_A_2022
2022-10-09,15:30,Sportivo Italiano,Ferrocarril Midland,3,0,,,Primera C,2022,zonas,Torneo Clausura,Fecha 18,República de Italia,false,https://es.wikipedia.org/wiki/Campeonato_de_Primera_C_2022_(Argentina)
2022-10-09,15:30,Talleres (C),Godoy Cruz,3,1,,,Primera Division,2022,zonas,,Fecha 24,Mario Alberto Kempes,false,https://es.wikipedia.org/wiki/Campeonato_de_Primera_División_2022_(Argentina)
2022-10-09,16:00,Argentino (MM),Sportivo Estudiantes (SL),0,2,,,Torneo Federal A,2022,zonas,Zona Sur,Fecha 33,Modesto Marrone,false,https://es.wikipedia.org/wiki/Torneo_Federal_A_2022
2022-10-09,16:00,Defensores de Pronunciamiento,Sportivo Belgrano,0,2,,,Torneo Federal A,2022,zonas,Zona Norte,Fecha 33,Delio Cardozo,false,https://es.wikipedia.org/wiki/Torneo_Federal_A_2022
2022-10-09,16:00,Gimnasia y Tiro (S),Gimnasia y Esgrima (CdU),3,0,,,Torneo Federal A,2022,zonas,Zona Norte,Fecha 33,El Gigante del Norte,false,https://es.wikipedia.org/wiki/Torneo_Federal_A_2022
2022-10-09,16:00,Sportivo Las Parejas,Boca Unidos,0,0,,,Torneo Federal A,2022,zonas,Zona Norte,Fecha 33,4 de Septiembre,false,https://es.wikipedia.org/wiki/Torneo_Federal_A_2022
2022-10-09,16:30,Ferro Carril Oeste (GP),Villa Mitre,1,1,,,Torneo Federal A,2022,zonas,Zona Sur,Fecha 33,El Coloso del Barrio Talleres,false,https://es.wikipedia.org/wiki/Torneo_Federal_A_2022
2022-10-09,16:30,San Martín (F),Sarmiento (R),1,0,,,Torneo Federal A,2022,zonas,Zona Norte,Fecha 33,17 de Octubre,false,https://es.wikipedia.org/wiki/Torneo_Federal_A_2022
2022-10-09,17:00,Sportivo Peñarol (C),Ciudad de Bolívar,3,0,,,Torneo Federal A,2022,zonas,Zona Sur,Fecha 33,Ramón Pablo Rojas,false,https://es.wikipedia.org/wiki/Torneo_Federal_A_2022
2022-10-09,18:00,Boca Juniors,Aldosivi,2,1,,,Primera Division,2022,zonas,,Fecha 24,La Bombonera,false,https://es.wikipedia.org/wiki/Campeonato_de_Primera_División_2022_(Argentina)
2022-10-09,18:00,Central Norte (S),Douglas Haig,1,1,,,Torneo Federal A,2022,zonas,Zona Norte,Fecha 33,Padre Ernesto Martearena,false,https://es.wikipedia.org/wiki/Torneo_Federal_A_2022
2022-10-09,20:00,Liniers (BB),Desamparados,0,0,,,Torneo Federal A,2022,zonas,Zona Sur,Fecha 33,Alejandro Pérez,false,https://es.wikipedia.org/wiki/Torneo_Federal_A_2022
2022-10-09,20:30,Patronato,River Plate,0,1,,,Primera Division,2022,zonas,,Fecha 24,Presbítero Bartolomé Grella,false,https://es.wikipedia.org/wiki/Campeonato_de_Primera_División_2022_(Argentina)
2022-10-10,15:30,Círculo Deportivo,Deportivo Camioneros,1,1,,,Torneo Federal A,2022,zonas,Zona Sur,Fecha 33,Guillermo Trama,false,https://es.wikipedia.org/wiki/Torneo_Federal_A_2022
2022-10-10,16:30,Argentinos Juniors,Huracán,1,1,,,Primera Division,2022,zonas,,Fecha 24,Diego Armando Maradona,false,https://es.wikipedia.org/wiki/Campeonato_de_Primera_División_2022_(Argentina)
2022-10-10,16:30,Huracán Las Heras,Sansinena,1,0,,,Torneo Federal A,2022,zonas,Zona Sur,Fecha 33,Mauricio Serra (Atl. Argentino),false,https://es.wikipedia.org/wiki/Torneo_Federal_A_2022
2022-10-10,16:30,Rosario Central,Defensa y Justicia,0,0,,,Primera Division,2022,zonas,,Fecha 24,Gigante de Arroyito,false,https://es.wikipedia.org/wiki/Campeonato_de_Primera_División_2022_(Argentina)
2022-10-10,19:00,Estudiantes (LP),Lanús,3,1,,,Primera Division,2022,zonas,,Fecha 24,Jorge Luis Hirschi,false,https://es.wikipedia.org/wiki/Campeonato_de_Primera_División_2022_(Argentina)
2022-10-10,19:00,Racing Club,Atlético Tucumán,2,0,,,Primera Division,2022,zonas,,Fecha 24,El Cilindro,false,https://es.wikipedia.org/wiki/Campeonato_de_Primera_División_2022_(Argentina)
2022-10-10,21:00,Unión (S),Racing Club,1,1,,,Torneo Federal A,2022,zonas,Zona Norte,Fecha 33,De la Avenida,false,https://es.wikipedia.org/wiki/Torneo_Federal_A_2022
2022-10-10,21:30,Central Córdoba (SdE),Newell's Old Boys,0,3,,,Primera Division,2022,zonas,,Fecha 24,Único Madre de Ciudades,false,https://es.wikipedia.org/wiki/Campeonato_de_Primera_División_2022_(Argentina)
2022-10-11,14:00,Leandro N. Alem,Liniers,1,1,,,Primera C,2022,zonas,Torneo Clausura,Fecha 18,Leandro N. Alem,false,https://es.wikipedia.org/wiki/Campeonato_de_Primera_C_2022_(Argentina)
2022-10-11,15:30,Real Pilar,Claypole,0,1,,,Primera C,2022,zonas,Torneo Clausura,Fecha 18,Carlos Barraza,false,https://es.wikipedia.org/wiki/Campeonato_de_Primera_C_2022_(Argentina)
2022-10-12,14:00,Aldosivi,Banfield,0,1,,,Primera Division,2022,zonas,,Fecha 25,José María Minella,false,https://es.wikipedia.org/wiki/Campeonato_de_Primera_División_2022_(Argentina)
2022-10-12,16:00,Juventud Unida Universitario,Cipolletti,2,2,,,Torneo Federal A,2022,zonas,Zona Sur,Fecha 33,Mario Sebastián Diez,false,https://es.wikipedia.org/wiki/Torneo_Federal_A_2022
2022-10-12,16:30,Gimnasia y Esgrima (LP),San Lorenzo,0,1,,,Primera Division,2022,zonas,,Fecha 25,Del Bosque,false,https://es.wikipedia.org/wiki/Campeonato_de_Primera_División_2022_(Argentina)
2022-10-12,16:30,Sarmiento (J),Boca Juniors,0,1,,,Primera Division,2022,zonas,,Fecha 25,Eva Perón,false,https://es.wikipedia.org/wiki/Campeonato_de_Primera_División_2022_(Argentina)
2022-10-12,19:00,Independiente,Barracas Central,2,2,,,Primera Division,2022,zonas,,Fecha 25,Libertadores de América,false,https://es.wikipedia.org/wiki/Campeonato_de_Primera_División_2022_(Argentina)
2022-10-12,21:30,River Plate,Platense,2,1,,,Primera Division,2022,zonas,,Fecha 25,Monumental,false,https://es.wikipedia.org/wiki/Campeonato_de_Primera_División_2022_(Argentina)
2022-10-13,16:30,Vélez Sarsfield,Talleres (C),2,1,,,Primera Division,2022,zonas,,Fecha 25,José Amalfitani,false,https://es.wikipedia.org/wiki/Campeonato_de_Primera_División_2022_(Argentina)
2022-10-13,19:00,Godoy Cruz,Argentinos Juniors,0,0,,,Primera Division,2022,zonas,,Fecha 25,Malvinas Argentinas,false,https://es.wikipedia.org/wiki/Campeonato_de_Primera_División_2022_(Argentina)
2022-10-13,19:00,Lanús,Patronato,0,1,,,Primera Division,2022,zonas,,Fecha 25,Ciudad de Lanús,false,https://es.wikipedia.org/wiki/Campeonato_de_Primera_División_2022_(Argentina)
2022-10-13,21:30,Atlético Tucumán,Rosario Central,1,1,,,Primera Division,2022,zonas,,Fecha 25,Monumental José Fierro,false,https://es.wikipedia.org/wiki/Campeonato_de_Primera_División_2022_(Argentina)
2022-10-13,21:30,Newell's Old Boys,Tigre,0,2,,,Primera Division,2022,zonas,,Fecha 25,Marcelo Bielsa,false,https://es.wikipedia.org/wiki/Campeonato_de_Primera_División_2022_(Argentina)
2022-10-14,16:10,Boca Unidos,Crucero del Norte,5,0,,,Torneo Federal A,2022,zonas,Zona Norte,Fecha 34,Leoncio Benítez,false,https://es.wikipedia.org/wiki/Torneo_Federal_A_2022
2022-10-14,16:30,Colón,Racing Club,0,2,,,Primera Division,2022,zonas,,Fecha 25,Brigadier Estanislao López,false,https://es.wikipedia.org/wiki/Campeonato_de_Primera_División_2022_(Argentina)
2022-10-14,19:00,Defensa y Justicia,Unión,1,0,,,Primera Division,2022,zonas,,Fecha 25,Norberto Tomaghello,false,https://es.wikipedia.org/wiki/Campeonato_de_Primera_División_2022_(Argentina)
2022-10-14,19:00,Huracán,Estudiantes (LP),3,1,,,Primera Division,2022,zonas,,Fecha 25,Tomás Adolfo Ducó,false,https://es.wikipedia.org/wiki/Campeonato_de_Primera_División_2022_(Argentina)
2022-10-14,21:00,Sportivo Estudiantes (SL),Círculo Deportivo,1,0,,,Torneo Federal A,2022,zonas,Zona Sur,Fecha 34,Héctor Odicino y Pedro Benoza,false,https://es.wikipedia.org/wiki/Torneo_Federal_A_2022
2022-10-14,21:30,Arsenal,Central Córdoba (SdE),2,0,,,Primera Division,2022,zonas,,Fecha 25,El Viaducto,false,https://es.wikipedia.org/wiki/Campeonato_de_Primera_División_2022_(Argentina)
2022-10-15,13:00,Deportivo Camioneros,Liniers (BB),2,2,,,Torneo Federal A,2022,zonas,Zona Sur,Fecha 34,Hugo Moyano,false,https://es.wikipedia.org/wiki/Torneo_Federal_A_2022
2022-10-15,15:30,Deportivo Laferrere,Berazategui,2,3,,,Primera C,2022,zonas,Torneo Clausura,Fecha 19,Ciudad de Laferrere,false,https://es.wikipedia.org/wiki/Campeonato_de_Primera_C_2022_(Argentina)
2022-10-15,15:30,Excursionistas,Leandro N. Alem,3,0,,,Primera C,2022,zonas,Torneo Clausura,Fecha 19,Excursionistas,false,https://es.wikipedia.org/wiki/Campeonato_de_Primera_C_2022_(Argentina)
2022-10-15,15:30,Ferrocarril Midland,Central Córdoba (R),1,1,,,Primera C,2022,zonas,Torneo Clausura,Fecha 19,Ciudad de Libertad,false,https://es.wikipedia.org/wiki/Campeonato_de_Primera_C_2022_(Argentina)
2022-10-15,15:30,Liniers,Sportivo Italiano,2,1,,,Primera C,2022,zonas,Torneo Clausura,Fecha 19,Juan Antonio Arias,false,https://es.wikipedia.org/wiki/Campeonato_de_Primera_C_2022_(Argentina)
2022-10-15,15:30,Luján,General Lamadrid,2,2,,,Primera C,2022,zonas,Torneo Clausura,Fecha 19,1.º de Abril,false,https://es.wikipedia.org/wiki/Campeonato_de_Primera_C_2022_(Argentina)
2022-10-15,15:30,Puerto Nuevo,Argentino de Merlo,0,4,,,Primera C,2022,zonas,Torneo Clausura,Fecha 19,Rubén Carlos Vallejos,false,https://es.wikipedia.org/wiki/Campeonato_de_Primera_C_2022_(Argentina)
2022-10-15,15:30,Victoriano Arenas,Real Pilar,1,1,,,Primera C,2022,zonas,Torneo Clausura,Fecha 19,Saturnino Moure,false,https://es.wikipedia.org/wiki/Campeonato_de_Primera_C_2022_(Argentina)
2022-10-15,16:30,Villa Mitre,Sportivo Peñarol (C),3,0,,,Torneo Federal A,2022,zonas,Zona Sur,Fecha 34,El Fortín,false,https://es.wikipedia.org/wiki/Torneo_Federal_A_2022
2022-10-15,20:00,Sarmiento (R),Defensores de Pronunciamiento,2,2,,,Torneo Federal A,2022,zonas,Zona Norte,Fecha 34,Centenario,false,https://es.wikipedia.org/wiki/Torneo_Federal_A_2022
2022-10-16,13:00,Aldosivi,Talleres (C),1,3,,,Primera Division,2022,zonas,,Fecha 26,José María Minella,false,https://es.wikipedia.org/wiki/Campeonato_de_Primera_División_2022_(Argentina)
2022-10-16,15:00,Independiente (C),Sol de Mayo (V),2,0,,,Torneo Federal A,2022,zonas,Zona Sur,Fecha 34,Raúl Orlando Lungarzo,false,https://es.wikipedia.org/wiki/Torneo_Federal_A_2022
2022-10-16,15:30,Newell's Old Boys,Boca Juniors,2,0,,,Primera Division,2022,zonas,,Fecha 26,Marcelo Bielsa,false,https://es.wikipedia.org/wiki/Campeonato_de_Primera_División_2022_(Argentina)
2022-10-16,16:00,Cipolletti,Ferro Carril Oeste (GP),1,0,,,Torneo Federal A,2022,zonas,Zona Sur,Fecha 34,La Visera de Cemento,false,https://es.wikipedia.org/wiki/Torneo_Federal_A_2022
2022-10-16,16:00,Ciudad de Bolívar,Huracán Las Heras,1,1,,,Torneo Federal A,2022,zonas,Zona Sur,Fecha 34,Municipal Eva Perón,false,https://es.wikipedia.org/wiki/Torneo_Federal_A_2022
2022-10-16,16:00,Defensores de Belgrano (VR),Central Norte (S),0,0,,,Torneo Federal A,2022,zonas,Zona Norte,Fecha 34,Salomón Boeseldín,false,https://es.wikipedia.org/wiki/Torneo_Federal_A_2022
2022-10-16,16:00,Desamparados,Juventud Unida Universitario,2,0,,,Torneo Federal A,2022,zonas,Zona Sur,Fecha 34,El Serpentario,false,https://es.wikipedia.org/wiki/Torneo_Federal_A_2022
2022-10-16,16:00,Douglas Haig,San Martín (F),1,1,,,Torneo Federal A,2022,zonas,Zona Norte,Fecha 34,Miguel Morales,false,https://es.wikipedia.org/wiki/Torneo_Federal_A_2022
2022-10-16,16:00,Gimnasia y Esgrima (CdU),Atlético Paraná,4,1,,,Torneo Federal A,2022,zonas,Zona Norte,Fecha 34,Manuel y Ramón Núñez,false,https://es.wikipedia.org/wiki/Torneo_Federal_A_2022
2022-10-16,16:00,Juventud Unida (G),Sportivo Las Parejas,0,1,,,Torneo Federal A,2022,zonas,Zona Norte,Fecha 34,De los Eucaliptos,false,https://es.wikipedia.org/wiki/Torneo_Federal_A_2022
2022-10-16,16:00,Racing Club,Gimnasia y Tiro (S),1,1,,,Torneo Federal A,2022,zonas,Zona Norte,Fecha 34,Miguel Sancho,false,https://es.wikipedia.org/wiki/Torneo_Federal_A_2022
2022-10-16,16:00,Sportivo Belgrano,Unión (S),1,0,,,Torneo Federal A,2022,zonas,Zona Norte,Fecha 34,Oscar Carlos Boero,false,https://es.wikipedia.org/wiki/Torneo_Federal_A_2022
2022-10-16,16:30,Olimpo,Argentino (MM),2,0,,,Torneo Federal A,2022,zonas,Zona Sur,Fecha 34,Roberto N. Carminatti,false,https://es.wikipedia.org/wiki/Torneo_Federal_A_2022
2022-10-16,18:00,Godoy Cruz,Patronato,0,1,,,Primera Division,2022,zonas,,Fecha 26,Malvinas Argentinas,false,https://es.wikipedia.org/wiki/Campeonato_de_Primera_División_2022_(Argentina)
2022-10-16,18:00,Independiente,Banfield,1,0,,,Primera Division,2022,zonas,,Fecha 26,Libertadores de América,false,https://es.wikipedia.org/wiki/Campeonato_de_Primera_División_2022_(Argentina)
2022-10-16,20:30,River Plate,Rosario Central,1,2,,,Primera Division,2022,zonas,,Fecha 26,Monumental,false,https://es.wikipedia.org/wiki/Campeonato_de_Primera_División_2022_(Argentina)
2022-10-17,14:00,Arsenal,Barracas Central,1,2,,,Primera Division,2022,zonas,,Fecha 26,El Viaducto,false,https://es.wikipedia.org/wiki/Campeonato_de_Primera_División_2022_(Argentina)
2022-10-17,15:00,Gimnasia y Esgrima (LP),Argentinos Juniors,0,0,,,Primera Division,2022,zonas,,Fecha 26,Del Bosque,false,https://es.wikipedia.org/wiki/Campeonato_de_Primera_División_2022_(Argentina)
2022-10-17,15:30,Atlas,El Porvenir,0,0,,,Primera C,2022,zonas,Torneo Clausura,Fecha 19,Ricardo Puga,false,https://es.wikipedia.org/wiki/Campeonato_de_Primera_C_2022_(Argentina)
2022-10-17,15:30,Claypole,San Martín (B),1,0,,,Primera C,2022,zonas,Torneo Clausura,Fecha 19,Rodolfo Capocasa,false,https://es.wikipedia.org/wiki/Campeonato_de_Primera_C_2022_(Argentina)
2022-10-17,16:30,Vélez Sarsfield,Estudiantes (LP),4,0,,,Primera Division,2022,zonas,,Fecha 26,José Amalfitani,false,https://es.wikipedia.org/wiki/Campeonato_de_Primera_División_2022_(Argentina)
2022-10-17,21:30,Atlético Tucumán,Unión,1,1,,,Primera Division,2022,zonas,,Fecha 26,Monumental José Fierro,false,https://es.wikipedia.org/wiki/Campeonato_de_Primera_División_2022_(Argentina)
2022-10-17,21:30,Sarmiento (J),San Lorenzo,2,4,,,Primera Division,2022,zonas,,Fecha 26,Eva Perón,false,https://es.wikipedia.org/wiki/Campeonato_de_Primera_División_2022_(Argentina)
2022-10-18,16:30,Colón,Defensa y Justicia,1,2,,,Primera Division,2022,zonas,,Fecha 26,Brigadier Estanislao López,false,https://es.wikipedia.org/wiki/Campeonato_de_Primera_División_2022_(Argentina)
2022-10-18,19:00,Lanús,Racing Club,0,1,,,Primera Division,2022,zonas,,Fecha 26,Ciudad de Lanús,false,https://es.wikipedia.org/wiki/Campeonato_de_Primera_División_2022_(Argentina)
2022-10-18,21:30,Central Córdoba (SdE),Tigre,1,2,,,Primera Division,2022,zonas,,Fecha 26,Único Madre de Ciudades,false,https://es.wikipedia.org/wiki/Campeonato_de_Primera_División_2022_(Argentina)
2022-10-18,21:30,Huracán,Platense,2,0,,,Primera Division,2022,zonas,,Fecha 26,Tomás Adolfo Ducó,false,https://es.wikipedia.org/wiki/Campeonato_de_Primera_División_2022_(Argentina)
2022-10-22,14:00,Unión,Central Córdoba (SdE),1,4,,,Primera Division,2022,zonas,,Fecha 27,15 de Abril,false,https://es.wikipedia.org/wiki/Campeonato_de_Primera_División_2022_(Argentina)
2022-10-22,16:30,Defensa y Justicia,Atlético Tucumán,3,1,,,Primera Division,2022,zonas,,Fecha 27,Norberto Tomaghello,false,https://es.wikipedia.org/wiki/Campeonato_de_Primera_División_2022_(Argentina)
2022-10-22,16:30,Estudiantes (LP),Godoy Cruz,2,0,,,Primera Division,2022,zonas,,Fecha 27,Jorge Luis Hirschi,false,https://es.wikipedia.org/wiki/Campeonato_de_Primera_División_2022_(Argentina)
2022-10-22,16:30,San Lorenzo,Aldosivi,3,0,,,Primera Division,2022,zonas,,Fecha 27,Nuevo Gasómetro,false,https://es.wikipedia.org/wiki/Campeonato_de_Primera_División_2022_(Argentina)
2022-10-22,18:30,Olimpo,Sansinena,1,0,,,Torneo Federal A,2022,zonas,Octavos de final,,Roberto N. Carminatti,false,https://es.wikipedia.org/wiki/Torneo_Federal_A_2022
2022-10-22,19:30,Argentinos Juniors,Vélez Sarsfield,2,0,,,Primera Division,2022,zonas,,Fecha 27,Diego Armando Maradona,false,https://es.wikipedia.org/wiki/Campeonato_de_Primera_División_2022_(Argentina)
2022-10-23,12:00,Banfield,Sarmiento (J),0,0,,,Primera Division,2022,zonas,,Fecha 27,Florencio Sola,false,https://es.wikipedia.org/wiki/Campeonato_de_Primera_División_2022_(Argentina)
2022-10-23,14:30,Talleres (C),Gimnasia y Esgrima (LP),2,1,,,Primera Division,2022,zonas,,Fecha 27,Mario Alberto Kempes,false,https://es.wikipedia.org/wiki/Campeonato_de_Primera_División_2022_(Argentina)
2022-10-23,15:00,Ciudad de Bolívar,Douglas Haig,2,0,,,Torneo Federal A,2022,zonas,Octavos de final,,Municipal Eva Perón,false,https://es.wikipedia.org/wiki/Torneo_Federal_A_2022
2022-10-23,16:00,Independiente (C),Gimnasia y Tiro (S),1,1,,,Torneo Federal A,2022,zonas,Octavos de final,,Raúl Orlando Lungarzo,false,https://es.wikipedia.org/wiki/Torneo_Federal_A_2022
2022-10-23,16:00,San Martín (F),Sportivo Estudiantes (SL),1,1,,,Torneo Federal A,2022,zonas,Octavos de final,,17 de Octubre,false,https://es.wikipedia.org/wiki/Torneo_Federal_A_2022
2022-10-23,16:00,Villa Mitre,Sportivo Belgrano,4,0,,,Torneo Federal A,2022,zonas,Octavos de final,,El Fortín,false,https://es.wikipedia.org/wiki/Torneo_Federal_A_2022
2022-10-23,17:00,Boca Juniors,Independiente,2,2,,,Primera Division,2022,zonas,,Fecha 27,La Bombonera,false,https://es.wikipedia.org/wiki/Campeonato_de_Primera_División_2022_(Argentina)
2022-10-23,17:00,Patronato,Huracán,3,2,,,Primera Division,2022,zonas,,Fecha 27,Presbítero Bartolomé Grella,false,https://es.wikipedia.org/wiki/Campeonato_de_Primera_División_2022_(Argentina)
2022-10-23,17:00,Racing Club,River Plate,1,2,,,Primera Division,2022,zonas,,Fecha 27,El Cilindro,false,https://es.wikipedia.org/wiki/Campeonato_de_Primera_División_2022_(Argentina)
2022-10-23,17:00,Racing Club,Sportivo Las Parejas,2,0,,,Torneo Federal A,2022,zonas,Octavos de final,,Miguel Sancho,false,https://es.wikipedia.org/wiki/Torneo_Federal_A_2022
2022-10-23,18:00,Central Norte (S),Sol de Mayo (V),2,0,,,Torneo Federal A,2022,zonas,Octavos de final,,Padre Ernesto Martearena,false,https://es.wikipedia.org/wiki/Torneo_Federal_A_2022
2022-10-23,19:30,Sarmiento (R),Juventud Unida Universitario,1,0,,,Torneo Federal A,2022,zonas,Octavos de final,,Centenario,false,https://es.wikipedia.org/wiki/Torneo_Federal_A_2022
2022-10-24,15:30,Barracas Central,Newell's Old Boys,1,1,,,Primera Division,2022,zonas,,Fecha 27,Islas Malvinas,false,https://es.wikipedia.org/wiki/Campeonato_de_Primera_División_2022_(Argentina)
2022-10-24,16:30,Rosario Central,Colón,1,1,,,Primera Division,2022,zonas,,Fecha 27,Gigante de Arroyito,false,https://es.wikipedia.org/wiki/Campeonato_de_Primera_División_2022_(Argentina)
2022-10-24,20:30,Tigre,Arsenal,1,4,,,Primera Division,2022,zonas,,Fecha 27,Monumental de Victoria,false,https://es.wikipedia.org/wiki/Campeonato_de_Primera_División_2022_(Argentina)
2022-10-25,20:00,Platense,Lanús,1,1,,,Primera Division,2022,zonas,,Fecha 27,Ciudad de Vicente López,false,https://es.wikipedia.org/wiki/Campeonato_de_Primera_División_2022_(Argentina)
2022-10-26,,Banfield,Talleres (C),0,1,,,Copa Argentina,2022,eliminacion,,Semifinales,Marcelo Bielsa,true,https://es.wikipedia.org/wiki/Copa_Argentina_2022
2022-10-26,,Patronato,Boca Juniors,1,1,3,2,Copa Argentina,2022,eliminacion,,Semifinales,San Juan del Bicentenario,true,https://es.wikipedia.org/wiki/Copa_Argentina_2022
2022-10-29,16:00,Villa Mitre,San Martín (F),2,0,,,Torneo Federal A,2022,zonas,Cuartos de final,,El Fortín,false,https://es.wikipedia.org/wiki/Torneo_Federal_A_2022
2022-10-30,,Talleres (C),Patronato,0,1,,,Copa Argentina,2022,eliminacion,,Final,Malvinas Argentinas,true,https://es.wikipedia.org/wiki/Copa_Argentina_2022
2022-10-30,16:00,Olimpo,Independiente (C),2,1,,,Torneo Federal A,2022,zonas,Cuartos de final,,Roberto N. Carminatti,false,https://es.wikipedia.org/wiki/Torneo_Federal_A_2022
2022-10-30,17:00,Racing Club,Central Norte (S),1,0,,,Torneo Federal A,2022,zonas,Cuartos de final,,Miguel Sancho,false,https://es.wikipedia.org/wiki/Torneo_Federal_A_2022
2022-10-30,19:30,Sarmiento (R),Ciudad de Bolívar,0,0,,,Torneo Federal A,2022,zonas,Cuartos de final,,Centenario,false,https://es.wikipedia.org/wiki/Torneo_Federal_A_2022
2022-11-06,15:00,Olimpo,Villa Mitre,0,0,,,Torneo Federal A,2022,zonas,Semifinales,,Roberto N. Carminatti,false,https://es.wikipedia.org/wiki/Torneo_Federal_A_2022
2022-11-06,18:00,Racing Club,Sarmiento (R),2,0,,,Torneo Federal A,2022,zonas,Semifinales,,Miguel Sancho,false,https://es.wikipedia.org/wiki/Torneo_Federal_A_2022
