date,time,home_team,away_team,home_score,away_score,home_pens,away_pens,tournament,season,phase,group,matchday,venue,neutral,source,status
2021-02-12,19:15,Banfield,Racing Club,2,0,,,Copa de la Liga,2021,zonas,Zona A,Fecha 1,Florencio Sola,false,https://es.wikipedia.org/wiki/Copa_de_la_Liga_Profesional_2021,
2021-02-12,21:30,Central Córdoba (SdE),Colón,0,3,,,Copa de la Liga,2021,zonas,Zona A,Fecha 1,Alfredo Terrera,false,https://es.wikipedia.org/wiki/Copa_de_la_Liga_Profesional_2021,
2021-02-12,21:30,Unión,Atlético Tucumán,2,2,,,Copa de la Liga,2021,zonas,Zona B,Fecha 1,15 de abril,false,https://es.wikipedia.org/wiki/Copa_de_la_Liga_Profesional_2021,
2021-02-13,17:10,Aldosivi,Godoy Cruz,1,2,,,Copa de la Liga,2021,zonas,Zona A,Fecha 1,José María Minella,false,https://es.wikipedia.org/wiki/Copa_de_la_Liga_Profesional_2021,
2021-02-13,17:10,Talleres (C),Patronato,1,0,,,Copa de la Liga,2021,zonas,Zona B,Fecha 1,Mario Alberto Kempes,false,https://es.wikipedia.org/wiki/Copa_de_la_Liga_Profesional_2021,
2021-02-13,19:20,Vélez Sarsfield,Newell's Old Boys,1,0,,,Copa de la Liga,2021,zonas,Zona B,Fecha 1,José Amalfitani,false,https://es.wikipedia.org/wiki/Copa_de_la_Liga_Profesional_2021,
2021-02-13,21:30,San Lorenzo,Arsenal,2,1,,,Copa de la Liga,2021,zonas,Zona A,Fecha 1,Nuevo Gasómetro,false,https://es.wikipedia.org/wiki/Copa_de_la_Liga_Profesional_2021,
2021-02-14,17:10,Defensa y Justicia,Huracán,3,2,,,Copa de la Liga,2021,zonas,Zona B,Fecha 1,Norberto Tomaghello,false,https://es.wikipedia.org/wiki/Copa_de_la_Liga_Profesional_2021,
2021-02-14,19:20,Boca Juniors,Gimnasia y Esgrima (LP),2,2,,,Copa de la Liga,2021,zonas,Zona B,Fecha 1,La Bombonera,false,https://es.wikipedia.org/wiki/Copa_de_la_Liga_Profesional_2021,
2021-02-14,21:30,Estudiantes (LP),River Plate,2,1,,,Copa de la Liga,2021,zonas,Zona A,Fecha 1,Jorge Luis Hirschi,false,https://es.wikipedia.org/wiki/Copa_de_la_Liga_Profesional_2021,
2021-02-15,19:15,Rosario Central,Argentinos Juniors,2,1,,,Copa de la Liga,2021,zonas,Zona A,Fecha 1,Gigante de Arroyito,false,https://es.wikipedia.org/wiki/Copa_de_la_Liga_Profesional_2021,
2021-02-15,21:30,Independiente,Lanús,0,1,,,Copa de la Liga,2021,zonas,Zona B,Fecha 1,Libertadores de América,false,https://es.wikipedia.org/wiki/Copa_de_la_Liga_Profesional_2021,
2021-02-19,19:15,Gimnasia y Esgrima (LP),Talleres (C),3,0,,,Copa de la Liga,2021,zonas,Zona B,Fecha 2,Del Bosque,false,https://es.wikipedia.org/wiki/Copa_de_la_Liga_Profesional_2021,
2021-02-19,21:30,Arsenal,Banfield,0,2,,,Copa de la Liga,2021,zonas,Zona A,Fecha 2,El Viaducto,false,https://es.wikipedia.org/wiki/Copa_de_la_Liga_Profesional_2021,
2021-02-20,17:10,Godoy Cruz,Estudiantes (LP),0,2,,,Copa de la Liga,2021,zonas,Zona A,Fecha 2,Malvinas Argentinas,false,https://es.wikipedia.org/wiki/Copa_de_la_Liga_Profesional_2021,
2021-02-20,17:10,Lanús,Defensa y Justicia,2,1,,,Copa de la Liga,2021,zonas,Zona B,Fecha 2,Ciudad de Lanús,false,https://es.wikipedia.org/wiki/Copa_de_la_Liga_Profesional_2021,
2021-02-20,19:20,Racing Club,Aldosivi,2,2,,,Copa de la Liga,2021,zonas,Zona A,Fecha 2,El Cilindro,false,https://es.wikipedia.org/wiki/Copa_de_la_Liga_Profesional_2021,
2021-02-20,21:30,River Plate,Rosario Central,3,0,,,Copa de la Liga,2021,zonas,Zona A,Fecha 2,Monumental,false,https://es.wikipedia.org/wiki/Copa_de_la_Liga_Profesional_2021,
2021-02-21,17:10,Argentinos Juniors,Platense,0,1,,,Copa de la Liga,2021,zonas,Zona A,Fecha 2,Diego Armando Maradona,false,https://es.wikipedia.org/wiki/Copa_de_la_Liga_Profesional_2021,
2021-02-21,17:10,Sarmiento (J),Vélez Sarsfield,1,2,,,Copa de la Liga,2021,zonas,Zona B,Fecha 2,Eva Perón,false,https://es.wikipedia.org/wiki/Copa_de_la_Liga_Profesional_2021,
2021-02-21,19:20,Patronato,Independiente,0,1,,,Copa de la Liga,2021,zonas,Zona B,Fecha 2,Presbítero Bartolomé Grella,false,https://es.wikipedia.org/wiki/Copa_de_la_Liga_Profesional_2021,
2021-02-21,21:30,Newell's Old Boys,Boca Juniors,0,1,,,Copa de la Liga,2021,zonas,Zona B,Fecha 2,Coloso Marcelo Bielsa,false,https://es.wikipedia.org/wiki/Copa_de_la_Liga_Profesional_2021,
2021-02-22,19:15,Atlético Tucumán,Central Córdoba (SdE),1,2,,,Copa de la Liga,2021,zonas,Interzonal,Fecha 2,Monumental José Fierro,false,https://es.wikipedia.org/wiki/Copa_de_la_Liga_Profesional_2021,
2021-02-22,19:15,Huracán,Unión,1,1,,,Copa de la Liga,2021,zonas,Zona B,Fecha 2,Tomás A. Ducó,false,https://es.wikipedia.org/wiki/Copa_de_la_Liga_Profesional_2021,
2021-02-22,21:30,Colón,San Lorenzo,2,0,,,Copa de la Liga,2021,zonas,Zona A,Fecha 2,Brigadier Estanislao López,false,https://es.wikipedia.org/wiki/Copa_de_la_Liga_Profesional_2021,
2021-02-26,19:15,Aldosivi,Arsenal,3,0,,,Copa de la Liga,2021,zonas,Zona A,Fecha 3,José María Minella,false,https://es.wikipedia.org/wiki/Copa_de_la_Liga_Profesional_2021,
2021-02-26,19:15,Defensa y Justicia,Patronato,1,0,,,Copa de la Liga,2021,zonas,Zona B,Fecha 3,Norberto Tomaghello,false,https://es.wikipedia.org/wiki/Copa_de_la_Liga_Profesional_2021,
2021-02-26,21:30,Argentinos Juniors,Vélez Sarsfield,0,2,,,Copa de la Liga,2021,zonas,Interzonal,Fecha 3,Diego Armando Maradona,false,https://es.wikipedia.org/wiki/Copa_de_la_Liga_Profesional_2021,
2021-02-27,17:10,Banfield,Colón,0,3,,,Copa de la Liga,2021,zonas,Zona A,Fecha 3,Florencio Sola,false,https://es.wikipedia.org/wiki/Copa_de_la_Liga_Profesional_2021,
2021-02-27,17:10,Talleres (C),Newell's Old Boys,2,2,,,Copa de la Liga,2021,zonas,Zona B,Fecha 3,Mario Alberto Kempes,false,https://es.wikipedia.org/wiki/Copa_de_la_Liga_Profesional_2021,
2021-02-27,19:20,Independiente,Gimnasia y Esgrima (LP),1,0,,,Copa de la Liga,2021,zonas,Zona B,Fecha 3,Libertadores de América,false,https://es.wikipedia.org/wiki/Copa_de_la_Liga_Profesional_2021,
2021-02-27,21:30,San Lorenzo,Central Córdoba (SdE),0,4,,,Copa de la Liga,2021,zonas,Zona A,Fecha 3,Nuevo Gasómetro,false,https://es.wikipedia.org/wiki/Copa_de_la_Liga_Profesional_2021,
2021-02-28,17:10,Platense,River Plate,0,1,,,Copa de la Liga,2021,zonas,Zona A,Fecha 3,Ciudad de Vicente López,false,https://es.wikipedia.org/wiki/Copa_de_la_Liga_Profesional_2021,
2021-02-28,19:20,Estudiantes (LP),Racing Club,0,0,,,Copa de la Liga,2021,zonas,Zona A,Fecha 3,Jorge Luis Hirschi,false,https://es.wikipedia.org/wiki/Copa_de_la_Liga_Profesional_2021,
2021-02-28,21:30,Boca Juniors,Sarmiento (J),1,1,,,Copa de la Liga,2021,zonas,Zona B,Fecha 3,La Bombonera,false,https://es.wikipedia.org/wiki/Copa_de_la_Liga_Profesional_2021,
2021-03-01,19:15,Unión,Lanús,3,2,,,Copa de la Liga,2021,zonas,Zona B,Fecha 3,15 de abril,false,https://es.wikipedia.org/wiki/Copa_de_la_Liga_Profesional_2021,
2021-03-01,21:30,Atlético Tucumán,Huracán,1,1,,,Copa de la Liga,2021,zonas,Zona B,Fecha 3,Monumental José Fierro,false,https://es.wikipedia.org/wiki/Copa_de_la_Liga_Profesional_2021,
2021-03-01,21:30,Rosario Central,Godoy Cruz,2,2,,,Copa de la Liga,2021,zonas,Zona A,Fecha 3,Gigante de Arroyito,false,https://es.wikipedia.org/wiki/Copa_de_la_Liga_Profesional_2021,
2021-03-05,19:15,Newell's Old Boys,Independiente,1,2,,,Copa de la Liga,2021,zonas,Zona B,Fecha 4,Coloso Marcelo Bielsa,false,https://es.wikipedia.org/wiki/Copa_de_la_Liga_Profesional_2021,
2021-03-05,21:30,Central Córdoba (SdE),Banfield,1,1,,,Copa de la Liga,2021,zonas,Zona A,Fecha 4,Alfredo Terrera,false,https://es.wikipedia.org/wiki/Copa_de_la_Liga_Profesional_2021,
2021-03-06,17:10,Defensores Unidos,Acassuso,1,1,,,Primera B,2021,zonas,Torneo Apertura,Fecha 1,Mario Losinno,false,https://es.wikipedia.org/wiki/Campeonato_de_Primera_B_2021_(Argentina),
2021-03-06,17:10,Deportivo Armenio,Flandria,0,2,,,Primera B,2021,zonas,Torneo Apertura,Fecha 1,Armenia,false,https://es.wikipedia.org/wiki/Campeonato_de_Primera_B_2021_(Argentina),
2021-03-06,17:10,Excursionistas,Victoriano Arenas,3,0,,,Primera C,2021,zonas,Torneo Apertura,Fecha 1,Excursionistas,false,https://es.wikipedia.org/wiki/Campeonato_de_Primera_C_2021_(Argentina),
2021-03-06,17:10,Fénix,Sacachispas,0,1,,,Primera B,2021,zonas,Torneo Apertura,Fecha 1,José Manuel Moreno,false,https://es.wikipedia.org/wiki/Campeonato_de_Primera_B_2021_(Argentina),
2021-03-06,17:10,Godoy Cruz,Platense,3,1,,,Copa de la Liga,2021,zonas,Zona A,Fecha 4,Malvinas Argentinas,false,https://es.wikipedia.org/wiki/Copa_de_la_Liga_Profesional_2021,
2021-03-06,17:10,Leandro N. Alem,Real Pilar,0,0,,,Primera C,2021,zonas,Torneo Apertura,Fecha 1,Leandro N. Alem,false,https://es.wikipedia.org/wiki/Campeonato_de_Primera_C_2021_(Argentina),
2021-03-06,17:10,Sarmiento (J),Talleres (C),1,1,,,Copa de la Liga,2021,zonas,Zona B,Fecha 4,Eva Perón,false,https://es.wikipedia.org/wiki/Copa_de_la_Liga_Profesional_2021,
2021-03-06,17:10,UAI Urquiza,San Miguel,1,0,,,Primera B,2021,zonas,Torneo Apertura,Fecha 1,Monumental de Villa Lynch,false,https://es.wikipedia.org/wiki/Campeonato_de_Primera_B_2021_(Argentina),
2021-03-06,17:10,Villa San Carlos,Cañuelas,1,1,,,Primera B,2021,zonas,Torneo Apertura,Fecha 1,Genacio Sálice,false,https://es.wikipedia.org/wiki/Campeonato_de_Primera_B_2021_(Argentina),
2021-03-06,19:20,Colón,Aldosivi,2,1,,,Copa de la Liga,2021,zonas,Zona A,Fecha 4,Brigadier Estanislao López,false,https://es.wikipedia.org/wiki/Copa_de_la_Liga_Profesional_2021,
2021-03-06,19:20,Lanús,Atlético Tucumán,2,1,,,Copa de la Liga,2021,zonas,Zona B,Fecha 4,Ciudad de Lanús,false,https://es.wikipedia.org/wiki/Copa_de_la_Liga_Profesional_2021,
2021-03-06,19:20,Los Andes,Argentino de Quilmes,0,0,,,Primera B,2021,zonas,Torneo Apertura,Fecha 1,Eduardo Gallardón,false,https://es.wikipedia.org/wiki/Campeonato_de_Primera_B_2021_(Argentina),
2021-03-06,21:30,San Lorenzo,Huracán,1,1,,,Copa de la Liga,2021,zonas,Interzonal,Fecha 4,Nuevo Gasómetro,false,https://es.wikipedia.org/wiki/Copa_de_la_Liga_Profesional_2021,
2021-03-07,17:10,Arsenal,Estudiantes (LP),0,5,,,Copa de la Liga,2021,zonas,Zona A,Fecha 4,El Viaducto,false,https://es.wikipedia.org/wiki/Copa_de_la_Liga_Profesional_2021,
2021-03-07,17:10,Colegiales,J. J. de Urquiza,1,1,,,Primera B,2021,zonas,Torneo Apertura,Fecha 1,Libertarios Unidos,false,https://es.wikipedia.org/wiki/Campeonato_de_Primera_B_2021_(Argentina),
2021-03-07,17:10,El Porvenir,Deportivo Español,1,1,,,Primera C,2021,zonas,Torneo Apertura,Fecha 1,Gildo Francisco Ghersinich,false,https://es.wikipedia.org/wiki/Campeonato_de_Primera_C_2021_(Argentina),
2021-03-07,17:10,Ituzaingó,Deportivo Laferrere,0,1,,,Primera C,2021,zonas,Torneo Apertura,Fecha 1,Carlos Alberto Sacaan,false,https://es.wikipedia.org/wiki/Campeonato_de_Primera_C_2021_(Argentina),
2021-03-07,17:10,San Martín (B),Ferrocarril Midland,1,3,,,Primera C,2021,zonas,Torneo Apertura,Fecha 1,Francisco Boga,false,https://es.wikipedia.org/wiki/Campeonato_de_Primera_C_2021_(Argentina),
2021-03-07,17:10,Sportivo Italiano,Luján,2,2,,,Primera C,2021,zonas,Torneo Apertura,Fecha 1,República de Italia,false,https://es.wikipedia.org/wiki/Campeonato_de_Primera_C_2021_(Argentina),
2021-03-07,19:20,Gimnasia y Esgrima (LP),Defensa y Justicia,1,1,,,Copa de la Liga,2021,zonas,Zona B,Fecha 4,Del Bosque,false,https://es.wikipedia.org/wiki/Copa_de_la_Liga_Profesional_2021,
2021-03-07,19:20,Patronato,Unión,0,1,,,Copa de la Liga,2021,zonas,Zona B,Fecha 4,Presbítero Bartolomé Grella,false,https://es.wikipedia.org/wiki/Copa_de_la_Liga_Profesional_2021,
2021-03-07,21:30,Vélez Sarsfield,Boca Juniors,1,7,,,Copa de la Liga,2021,zonas,Zona B,Fecha 4,José Amalfitani,false,https://es.wikipedia.org/wiki/Copa_de_la_Liga_Profesional_2021,
2021-03-08,17:10,Argentino de Merlo,Claypole,2,1,,,Primera C,2021,zonas,Torneo Apertura,Fecha 1,Merlo,false,https://es.wikipedia.org/wiki/Campeonato_de_Primera_C_2021_(Argentina),
2021-03-08,17:10,Berazategui,General Lamadrid,1,0,,,Primera C,2021,zonas,Torneo Apertura,Fecha 1,Norman Lee,false,https://es.wikipedia.org/wiki/Campeonato_de_Primera_C_2021_(Argentina),
2021-03-08,19:15,Racing Club,Rosario Central,1,0,,,Copa de la Liga,2021,zonas,Zona A,Fecha 4,El Cilindro,false,https://es.wikipedia.org/wiki/Copa_de_la_Liga_Profesional_2021,
2021-03-08,21:30,River Plate,Argentinos Juniors,0,1,,,Copa de la Liga,2021,zonas,Zona A,Fecha 4,Monumental,false,https://es.wikipedia.org/wiki/Copa_de_la_Liga_Profesional_2021,
2021-03-10,17:10,Platense,Sarmiento (J),1,1,,,Copa de la Liga,2021,zonas,Interzonal,Fecha 1,Ciudad de Vicente López,false,https://es.wikipedia.org/wiki/Copa_de_la_Liga_Profesional_2021,
2021-03-12,17:10,Deportivo Laferrere,Dock Sud,1,4,,,Primera C,2021,zonas,Torneo Apertura,Fecha 2,Ciudad de Laferrere,false,https://es.wikipedia.org/wiki/Campeonato_de_Primera_C_2021_(Argentina),
2021-03-12,17:10,San Miguel,Talleres (RdE),1,1,,,Primera B,2021,zonas,Torneo Apertura,Fecha 2,Malvinas Argentinas,false,https://es.wikipedia.org/wiki/Campeonato_de_Primera_B_2021_(Argentina),
2021-03-12,18:00,San Martín (SJ),Atlético de Rafaela,4,2,,,Primera Nacional,2021,zonas,Zona B,Fecha 1,Ingeniero Hilario Sánchez,false,https://es.wikipedia.org/wiki/Campeonato_de_Primera_Nacional_2021,
2021-03-12,19:15,Aldosivi,Central Córdoba (SdE),1,2,,,Copa de la Liga,2021,zonas,Zona A,Fecha 5,José María Minella,false,https://es.wikipedia.org/wiki/Copa_de_la_Liga_Profesional_2021,
2021-03-12,20:10,Nueva Chicago,Mitre (SdE),1,2,,,Primera Nacional,2021,zonas,Zona A,Fecha 1,República de Mataderos,false,https://es.wikipedia.org/wiki/Campeonato_de_Primera_Nacional_2021,
2021-03-12,21:30,Huracán,Lanús,0,0,,,Copa de la Liga,2021,zonas,Zona B,Fecha 5,Tomás A. Ducó,false,https://es.wikipedia.org/wiki/Copa_de_la_Liga_Profesional_2021,
2021-03-12,21:30,Unión,Gimnasia y Esgrima (LP),1,1,,,Copa de la Liga,2021,zonas,Zona B,Fecha 5,15 de abril,false,https://es.wikipedia.org/wiki/Copa_de_la_Liga_Profesional_2021,
2021-03-13,17:10,Acassuso,Villa San Carlos,2,1,,,Primera B,2021,zonas,Torneo Apertura,Fecha 2,Armenia,false,https://es.wikipedia.org/wiki/Campeonato_de_Primera_B_2021_(Argentina),
2021-03-13,17:10,Argentino de Quilmes,Colegiales,1,2,,,Primera B,2021,zonas,Torneo Apertura,Fecha 2,Argentino de Quilmes,false,https://es.wikipedia.org/wiki/Campeonato_de_Primera_B_2021_(Argentina),
2021-03-13,17:10,Cañuelas,Deportivo Armenio,0,2,,,Primera B,2021,zonas,Torneo Apertura,Fecha 2,José Alfredo Arin,false,https://es.wikipedia.org/wiki/Campeonato_de_Primera_B_2021_(Argentina),
2021-03-13,17:10,Defensores de Belgrano,Instituto,0,0,,,Primera Nacional,2021,zonas,Zona B,Fecha 1,Juan Pasquale,false,https://es.wikipedia.org/wiki/Campeonato_de_Primera_Nacional_2021,
2021-03-13,17:10,Deportivo Merlo,UAI Urquiza,2,2,,,Primera B,2021,zonas,Torneo Apertura,Fecha 2,José Manuel Moreno,false,https://es.wikipedia.org/wiki/Campeonato_de_Primera_B_2021_(Argentina),
2021-03-13,17:10,Luján,San Martín (B),0,0,,,Primera C,2021,zonas,Torneo Apertura,Fecha 2,Municipal de Luján,false,https://es.wikipedia.org/wiki/Campeonato_de_Primera_C_2021_(Argentina),
2021-03-13,17:10,Platense,Racing Club,0,2,,,Copa de la Liga,2021,zonas,Zona A,Fecha 5,Ciudad de Vicente López,false,https://es.wikipedia.org/wiki/Copa_de_la_Liga_Profesional_2021,
2021-03-13,17:10,Sacachispas,Defensores Unidos,0,1,,,Primera B,2021,zonas,Torneo Apertura,Fecha 2,Beto Larrosa,false,https://es.wikipedia.org/wiki/Campeonato_de_Primera_B_2021_(Argentina),
2021-03-13,17:10,San Telmo,Barracas Central,1,1,,,Primera Nacional,2021,zonas,Zona B,Fecha 1,Dr. Osvaldo Baletto,false,https://es.wikipedia.org/wiki/Campeonato_de_Primera_Nacional_2021,
2021-03-13,17:10,Talleres (C),Vélez Sarsfield,0,1,,,Copa de la Liga,2021,zonas,Zona B,Fecha 5,Mario Alberto Kempes,false,https://es.wikipedia.org/wiki/Copa_de_la_Liga_Profesional_2021,
2021-03-13,17:10,Villa Dálmine,Independiente Rivadavia,0,0,,,Primera Nacional,2021,zonas,Zona B,Fecha 1,El Coliseo de Mitre y Puccini,false,https://es.wikipedia.org/wiki/Campeonato_de_Primera_Nacional_2021,
2021-03-13,17:30,Gimnasia y Esgrima (M),Agropecuario,2,0,,,Primera Nacional,2021,zonas,Zona A,Fecha 1,Víctor Antonio Legrotaglie,false,https://es.wikipedia.org/wiki/Campeonato_de_Primera_Nacional_2021,
2021-03-13,17:30,Ramón Santamarina,Gimnasia y Esgrima (J),2,1,,,Primera Nacional,2021,zonas,Zona B,Fecha 1,Municipal General San Martín,false,https://es.wikipedia.org/wiki/Campeonato_de_Primera_Nacional_2021,
2021-03-13,19:10,Almirante Brown,Estudiantes (BA),2,1,,,Primera Nacional,2021,zonas,Zona A,Fecha 1,Fragata Sarmiento,false,https://es.wikipedia.org/wiki/Campeonato_de_Primera_Nacional_2021,
2021-03-13,19:20,Argentinos Juniors,Godoy Cruz,2,0,,,Copa de la Liga,2021,zonas,Zona A,Fecha 5,Diego Armando Maradona,false,https://es.wikipedia.org/wiki/Copa_de_la_Liga_Profesional_2021,
2021-03-13,19:20,Defensa y Justicia,Newell's Old Boys,4,0,,,Copa de la Liga,2021,zonas,Zona B,Fecha 5,Norberto Tomaghello,false,https://es.wikipedia.org/wiki/Copa_de_la_Liga_Profesional_2021,
2021-03-13,19:30,All Boys,Deportivo Morón,1,3,,,Primera Nacional,2021,zonas,Zona B,Fecha 1,Islas Malvinas,false,https://es.wikipedia.org/wiki/Campeonato_de_Primera_Nacional_2021,
2021-03-13,21:15,Belgrano,Tigre,2,1,,,Primera Nacional,2021,zonas,Zona A,Fecha 1,Gigante de Alberdi,false,https://es.wikipedia.org/wiki/Campeonato_de_Primera_Nacional_2021,
2021-03-13,21:30,Estudiantes (LP),Colón,0,2,,,Copa de la Liga,2021,zonas,Zona A,Fecha 5,Jorge Luis Hirschi,false,https://es.wikipedia.org/wiki/Copa_de_la_Liga_Profesional_2021,
2021-03-14,17:10,Atlas,Excursionistas,3,0,,,Primera C,2021,zonas,Torneo Apertura,Fecha 2,Ricardo Puga,false,https://es.wikipedia.org/wiki/Campeonato_de_Primera_C_2021_(Argentina),
2021-03-14,17:10,Brown de Adrogué,Guillermo Brown,1,0,,,Primera Nacional,2021,zonas,Zona B,Fecha 1,Lorenzo Arandilla,false,https://es.wikipedia.org/wiki/Campeonato_de_Primera_Nacional_2021,
2021-03-14,17:10,Ferrocarril Midland,Central Córdoba (R),0,0,,,Primera C,2021,zonas,Torneo Apertura,Fecha 2,Ciudad de Libertad,false,https://es.wikipedia.org/wiki/Campeonato_de_Primera_C_2021_(Argentina),
2021-03-14,17:10,Flandria,Comunicaciones,1,1,,,Primera B,2021,zonas,Torneo Apertura,Fecha 2,Carlos V,false,https://es.wikipedia.org/wiki/Campeonato_de_Primera_B_2021_(Argentina),
2021-03-14,17:10,Real Pilar,Argentino de Merlo,1,1,,,Primera C,2021,zonas,Torneo Apertura,Fecha 2,Carlos Barraza,false,https://es.wikipedia.org/wiki/Campeonato_de_Primera_C_2021_(Argentina),
2021-03-14,17:10,Victoriano Arenas,Berazategui,1,1,,,Primera C,2021,zonas,Torneo Apertura,Fecha 2,Saturnino Moure,false,https://es.wikipedia.org/wiki/Campeonato_de_Primera_C_2021_(Argentina),
2021-03-14,18:00,Boca Juniors,River Plate,1,1,,,Copa de la Liga,2021,zonas,Interzonal,Fecha 5,La Bombonera,false,https://es.wikipedia.org/wiki/Copa_de_la_Liga_Profesional_2021,
2021-03-14,18:00,Estudiantes (RC),Deportivo Maipú,1,1,,,Primera Nacional,2021,zonas,Zona A,Fecha 1,Antonio Candini,false,https://es.wikipedia.org/wiki/Campeonato_de_Primera_Nacional_2021,
2021-03-14,19:00,San Martín (T),Alvarado,0,0,,,Primera Nacional,2021,zonas,Zona A,Fecha 1,La Ciudadela,false,https://es.wikipedia.org/wiki/Campeonato_de_Primera_Nacional_2021,
2021-03-14,20:00,Güemes (SdE),Ferro Carril Oeste,2,0,,,Primera Nacional,2021,zonas,Zona B,Fecha 1,Arturo Miranda,false,https://es.wikipedia.org/wiki/Campeonato_de_Primera_Nacional_2021,
2021-03-14,21:30,Banfield,San Lorenzo,0,0,,,Copa de la Liga,2021,zonas,Zona A,Fecha 5,Florencio Sola,false,https://es.wikipedia.org/wiki/Copa_de_la_Liga_Profesional_2021,
2021-03-15,17:10,Claypole,Ituzaingó,3,3,,,Primera C,2021,zonas,Torneo Apertura,Fecha 2,Rodolfo Capocasa,false,https://es.wikipedia.org/wiki/Campeonato_de_Primera_C_2021_(Argentina),
2021-03-15,17:10,Deportivo Riestra,Quilmes,0,1,,,Primera Nacional,2021,zonas,Zona A,Fecha 1,Guillermo Laza,false,https://es.wikipedia.org/wiki/Campeonato_de_Primera_Nacional_2021,
2021-03-15,17:10,General Lamadrid,Leandro N. Alem,0,0,,,Primera C,2021,zonas,Torneo Apertura,Fecha 2,Enrique Sexto,false,https://es.wikipedia.org/wiki/Campeonato_de_Primera_C_2021_(Argentina),
2021-03-15,17:10,J. J. de Urquiza,Fénix,0,1,,,Primera B,2021,zonas,Torneo Apertura,Fecha 2,Ramón Roque Martín,false,https://es.wikipedia.org/wiki/Campeonato_de_Primera_B_2021_(Argentina),
2021-03-15,19:15,Atlético Tucumán,Patronato,4,2,,,Copa de la Liga,2021,zonas,Zona B,Fecha 5,Monumental José Fierro,false,https://es.wikipedia.org/wiki/Copa_de_la_Liga_Profesional_2021,
2021-03-15,19:15,Rosario Central,Arsenal,2,1,,,Copa de la Liga,2021,zonas,Zona A,Fecha 5,Gigante de Arroyito,false,https://es.wikipedia.org/wiki/Copa_de_la_Liga_Profesional_2021,
2021-03-15,21:30,Almagro,Tristán Suárez,1,3,,,Primera Nacional,2021,zonas,Zona B,Fecha 1,Tres de Febrero,false,https://es.wikipedia.org/wiki/Campeonato_de_Primera_Nacional_2021,
2021-03-15,21:30,Independiente,Sarmiento (J),6,0,,,Copa de la Liga,2021,zonas,Zona B,Fecha 5,Libertadores de América,false,https://es.wikipedia.org/wiki/Copa_de_la_Liga_Profesional_2021,
2021-03-16,17:10,Deportivo Español,Sportivo Italiano,2,1,,,Primera C,2021,zonas,Torneo Apertura,Fecha 2,Nueva España,false,https://es.wikipedia.org/wiki/Campeonato_de_Primera_C_2021_(Argentina),
2021-03-16,21:10,Chacarita Juniors,Atlanta,0,1,,,Primera Nacional,2021,zonas,Zona A,Fecha 1,Chacarita Juniors,false,https://es.wikipedia.org/wiki/Campeonato_de_Primera_Nacional_2021,
2021-03-19,15:30,Dock Sud,Claypole,0,0,,,Primera C,2021,zonas,Torneo Apertura,Fecha 3,De los Inmigrantes,false,https://es.wikipedia.org/wiki/Campeonato_de_Primera_C_2021_(Argentina),
2021-03-19,17:00,Atlético de Rafaela,Villa Dálmine,0,0,,,Primera Nacional,2021,zonas,Zona B,Fecha 2,Nuevo Monumental,false,https://es.wikipedia.org/wiki/Campeonato_de_Primera_Nacional_2021,
2021-03-19,19:00,Newell's Old Boys,Unión,0,0,,,Copa de la Liga,2021,zonas,Zona B,Fecha 6,Coloso Marcelo Bielsa,false,https://es.wikipedia.org/wiki/Copa_de_la_Liga_Profesional_2021,
2021-03-19,21:15,Central Córdoba (SdE),Estudiantes (LP),1,1,,,Copa de la Liga,2021,zonas,Zona A,Fecha 6,Alfredo Terrera,false,https://es.wikipedia.org/wiki/Copa_de_la_Liga_Profesional_2021,
2021-03-20,14:00,Gimnasia y Esgrima (LP),Atlético Tucumán,2,0,,,Copa de la Liga,2021,zonas,Zona B,Fecha 6,Del Bosque,false,https://es.wikipedia.org/wiki/Copa_de_la_Liga_Profesional_2021,
2021-03-20,14:00,Patronato,Huracán,0,1,,,Copa de la Liga,2021,zonas,Zona B,Fecha 6,Presbítero Bartolomé Grella,false,https://es.wikipedia.org/wiki/Copa_de_la_Liga_Profesional_2021,
2021-03-20,15:30,Barracas Central,Defensores de Belgrano,1,1,,,Primera Nacional,2021,zonas,Zona B,Fecha 2,Claudio Chiqui Tapia,false,https://es.wikipedia.org/wiki/Campeonato_de_Primera_Nacional_2021,
2021-03-20,15:30,Berazategui,Atlas,1,1,,,Primera C,2021,zonas,Torneo Apertura,Fecha 3,Norman Lee,false,https://es.wikipedia.org/wiki/Campeonato_de_Primera_C_2021_(Argentina),
2021-03-20,15:30,Central Córdoba (R),Luján,1,0,,,Primera C,2021,zonas,Torneo Apertura,Fecha 3,Gabino Sosa,false,https://es.wikipedia.org/wiki/Campeonato_de_Primera_C_2021_(Argentina),
2021-03-20,15:30,Deportivo Armenio,Acassuso,1,0,,,Primera B,2021,zonas,Torneo Apertura,Fecha 3,Armenia,false,https://es.wikipedia.org/wiki/Campeonato_de_Primera_B_2021_(Argentina),
2021-03-20,15:30,Leandro N. Alem,Victoriano Arenas,1,2,,,Primera C,2021,zonas,Torneo Apertura,Fecha 3,Leandro N. Alem,false,https://es.wikipedia.org/wiki/Campeonato_de_Primera_C_2021_(Argentina),
2021-03-20,15:30,San Martín (B),Deportivo Español,0,0,,,Primera C,2021,zonas,Torneo Apertura,Fecha 3,Francisco Boga,false,https://es.wikipedia.org/wiki/Campeonato_de_Primera_C_2021_(Argentina),
2021-03-20,15:30,Sportivo Italiano,El Porvenir,2,0,,,Primera C,2021,zonas,Torneo Apertura,Fecha 3,República de Italia,false,https://es.wikipedia.org/wiki/Campeonato_de_Primera_C_2021_(Argentina),
2021-03-20,16:00,Estudiantes (BA),San Martín (T),1,1,,,Primera Nacional,2021,zonas,Zona A,Fecha 2,Ciudad de Caseros,false,https://es.wikipedia.org/wiki/Campeonato_de_Primera_Nacional_2021,
2021-03-20,16:00,Tristán Suárez,Güemes (SdE),1,2,,,Primera Nacional,2021,zonas,Zona B,Fecha 2,20 de Octubre,false,https://es.wikipedia.org/wiki/Campeonato_de_Primera_Nacional_2021,
2021-03-20,16:15,Banfield,Lanús,2,0,,,Copa de la Liga,2021,zonas,Interzonal,Fecha 6,Florencio Sola,false,https://es.wikipedia.org/wiki/Copa_de_la_Liga_Profesional_2021,
2021-03-20,16:30,Instituto,Ramón Santamarina,0,0,,,Primera Nacional,2021,zonas,Zona B,Fecha 2,Mario Alberto Kempes,false,https://es.wikipedia.org/wiki/Campeonato_de_Primera_Nacional_2021,
2021-03-20,17:00,Alvarado,Belgrano,0,1,,,Primera Nacional,2021,zonas,Zona A,Fecha 2,José María Minella,false,https://es.wikipedia.org/wiki/Campeonato_de_Primera_Nacional_2021,
2021-03-20,17:00,Excursionistas,Ferrocarril Midland,2,4,,,Primera C,2021,zonas,Torneo Apertura,Fecha 3,Excursionistas,false,https://es.wikipedia.org/wiki/Campeonato_de_Primera_C_2021_(Argentina),
2021-03-20,17:00,Gimnasia y Esgrima (J),Almagro,1,2,,,Primera Nacional,2021,zonas,Zona B,Fecha 2,23 de Agosto,false,https://es.wikipedia.org/wiki/Campeonato_de_Primera_Nacional_2021,
2021-03-20,17:05,Ferro Carril Oeste,Deportivo Morón,2,0,,,Primera Nacional,2021,zonas,Zona B,Fecha 2,Arquitecto Ricardo Etcheverri,false,https://es.wikipedia.org/wiki/Campeonato_de_Primera_Nacional_2021,
2021-03-20,18:30,Vélez Sarsfield,Independiente,1,0,,,Copa de la Liga,2021,zonas,Zona B,Fecha 6,José Amalfitani,false,https://es.wikipedia.org/wiki/Copa_de_la_Liga_Profesional_2021,
2021-03-20,21:00,Godoy Cruz,River Plate,1,6,,,Copa de la Liga,2021,zonas,Zona A,Fecha 6,Malvinas Argentinas,false,https://es.wikipedia.org/wiki/Copa_de_la_Liga_Profesional_2021,
2021-03-21,14:00,Sarmiento (J),Defensa y Justicia,3,1,,,Copa de la Liga,2021,zonas,Zona B,Fecha 6,Eva Perón,false,https://es.wikipedia.org/wiki/Copa_de_la_Liga_Profesional_2021,
2021-03-21,14:30,Colegiales,Los Andes,0,2,,,Primera B,2021,zonas,Torneo Apertura,Fecha 3,Libertarios Unidos,false,https://es.wikipedia.org/wiki/Campeonato_de_Primera_B_2021_(Argentina),
2021-03-21,14:45,Talleres (RdE),Deportivo Merlo,3,1,,,Primera B,2021,zonas,Torneo Apertura,Fecha 3,Talleres,false,https://es.wikipedia.org/wiki/Campeonato_de_Primera_B_2021_(Argentina),
2021-03-21,15:30,Comunicaciones,Cañuelas,1,0,,,Primera B,2021,zonas,Torneo Apertura,Fecha 3,Alfredo Ramos,false,https://es.wikipedia.org/wiki/Campeonato_de_Primera_B_2021_(Argentina),
2021-03-21,15:30,Defensores Unidos,J. J. de Urquiza,3,1,,,Primera B,2021,zonas,Torneo Apertura,Fecha 3,Mario Lossino,false,https://es.wikipedia.org/wiki/Campeonato_de_Primera_B_2021_(Argentina),
2021-03-21,15:30,Ituzaingó,Real Pilar,2,1,,,Primera C,2021,zonas,Torneo Apertura,Fecha 3,Carlos Alberto Sacaan,false,https://es.wikipedia.org/wiki/Campeonato_de_Primera_C_2021_(Argentina),
2021-03-21,15:30,UAI Urquiza,Flandria,0,1,,,Primera B,2021,zonas,Torneo Apertura,Fecha 3,Monumental de Villa Lynch,false,https://es.wikipedia.org/wiki/Campeonato_de_Primera_B_2021_(Argentina),
2021-03-21,15:30,Villa San Carlos,Sacachispas,5,2,,,Primera B,2021,zonas,Torneo Apertura,Fecha 3,Genacio Sálice,false,https://es.wikipedia.org/wiki/Campeonato_de_Primera_B_2021_(Argentina),
2021-03-21,16:00,Guillermo Brown,San Martín (SJ),0,0,,,Primera Nacional,2021,zonas,Zona B,Fecha 2,Raúl Conti,false,https://es.wikipedia.org/wiki/Campeonato_de_Primera_Nacional_2021,
2021-03-21,16:15,Colón,Rosario Central,0,0,,,Copa de la Liga,2021,zonas,Zona A,Fecha 6,Brigadier Estanislao López,false,https://es.wikipedia.org/wiki/Copa_de_la_Liga_Profesional_2021,
2021-03-21,16:30,Brown de Adrogué,All Boys,1,1,,,Primera Nacional,2021,zonas,Zona B,Fecha 2,Lorenzo Arandilla,false,https://es.wikipedia.org/wiki/Campeonato_de_Primera_Nacional_2021,
2021-03-21,17:30,Deportivo Maipú,Temperley,0,1,,,Primera Nacional,2021,zonas,Zona A,Fecha 2,Omar Higinio Sperdutti,false,https://es.wikipedia.org/wiki/Campeonato_de_Primera_Nacional_2021,
2021-03-21,18:00,Agropecuario,Estudiantes (RC),1,1,,,Primera Nacional,2021,zonas,Zona A,Fecha 2,Ofelia Rosenzuaig,false,https://es.wikipedia.org/wiki/Campeonato_de_Primera_Nacional_2021,
2021-03-21,18:30,San Lorenzo,Aldosivi,1,2,,,Copa de la Liga,2021,zonas,Zona A,Fecha 6,Nuevo Gasómetro,false,https://es.wikipedia.org/wiki/Copa_de_la_Liga_Profesional_2021,
2021-03-21,19:00,Quilmes,Gimnasia y Esgrima (M),0,1,,,Primera Nacional,2021,zonas,Zona A,Fecha 2,Centenario Ciudad de Quilmes,false,https://es.wikipedia.org/wiki/Campeonato_de_Primera_Nacional_2021,
2021-03-21,21:00,Boca Juniors,Talleres (C),1,2,,,Copa de la Liga,2021,zonas,Zona B,Fecha 6,La Bombonera,false,https://es.wikipedia.org/wiki/Copa_de_la_Liga_Profesional_2021,
2021-03-21,21:30,Mitre (SdE),Almirante Brown,3,2,,,Primera Nacional,2021,zonas,Zona A,Fecha 2,Doctores José y Antonio Castiglione,false,https://es.wikipedia.org/wiki/Campeonato_de_Primera_Nacional_2021,
2021-03-22,15:30,Argentino de Merlo,General Lamadrid,3,0,,,Primera C,2021,zonas,Torneo Apertura,Fecha 3,Merlo,false,https://es.wikipedia.org/wiki/Campeonato_de_Primera_C_2021_(Argentina),
2021-03-22,15:35,Atlanta,Nueva Chicago,0,0,,,Primera Nacional,2021,zonas,Zona A,Fecha 2,Don León Kolbowsky,false,https://es.wikipedia.org/wiki/Campeonato_de_Primera_Nacional_2021,
2021-03-22,17:00,Independiente Rivadavia,San Telmo,4,3,,,Primera Nacional,2021,zonas,Zona B,Fecha 2,Bautista Gargantini,false,https://es.wikipedia.org/wiki/Campeonato_de_Primera_Nacional_2021,
2021-03-22,19:00,Arsenal,Platense,0,0,,,Copa de la Liga,2021,zonas,Zona A,Fecha 6,El Viaducto,false,https://es.wikipedia.org/wiki/Copa_de_la_Liga_Profesional_2021,
2021-03-22,21:15,Racing Club,Argentinos Juniors,1,0,,,Copa de la Liga,2021,zonas,Zona A,Fecha 6,El Cilindro,false,https://es.wikipedia.org/wiki/Copa_de_la_Liga_Profesional_2021,
2021-03-22,21:30,Tigre,Deportivo Riestra,3,0,,,Primera Nacional,2021,zonas,Zona A,Fecha 2,Monumental de Victoria,false,https://es.wikipedia.org/wiki/Campeonato_de_Primera_Nacional_2021,
2021-03-23,15:30,Fénix,Argentino de Quilmes,1,1,,,Primera B,2021,zonas,Torneo Apertura,Fecha 3,José Manuel Moreno,false,https://es.wikipedia.org/wiki/Campeonato_de_Primera_B_2021_(Argentina),
2021-03-26,19:00,Lanús,Patronato,4,2,,,Copa de la Liga,2021,zonas,Zona B,Fecha 7,Ciudad de Lanús,false,https://es.wikipedia.org/wiki/Copa_de_la_Liga_Profesional_2021,
2021-03-26,21:15,Unión,Sarmiento (J),0,0,,,Copa de la Liga,2021,zonas,Zona B,Fecha 7,15 de abril,false,https://es.wikipedia.org/wiki/Copa_de_la_Liga_Profesional_2021,
2021-03-27,13:05,Los Andes,Fénix,1,1,,,Primera B,2021,zonas,Torneo Apertura,Fecha 4,Eduardo Gallardón,false,https://es.wikipedia.org/wiki/Campeonato_de_Primera_B_2021_(Argentina),
2021-03-27,14:00,Platense,Colón,1,3,,,Copa de la Liga,2021,zonas,Zona A,Fecha 7,Ciudad de Vicente López,false,https://es.wikipedia.org/wiki/Copa_de_la_Liga_Profesional_2021,
2021-03-27,14:35,Acassuso,Comunicaciones,1,2,,,Primera B,2021,zonas,Torneo Apertura,Fecha 4,Armenia,false,https://es.wikipedia.org/wiki/Campeonato_de_Primera_B_2021_(Argentina),
2021-03-27,15:30,Almagro,Instituto,2,1,,,Primera Nacional,2021,zonas,Zona B,Fecha 3,Tres de Febrero,false,https://es.wikipedia.org/wiki/Campeonato_de_Primera_Nacional_2021,
2021-03-27,15:30,Deportivo Merlo,San Miguel,1,0,,,Primera B,2021,zonas,Torneo Apertura,Fecha 4,José Manuel Moreno,false,https://es.wikipedia.org/wiki/Campeonato_de_Primera_B_2021_(Argentina),
2021-03-27,15:30,Flandria,Talleres (RdE),2,1,,,Primera B,2021,zonas,Torneo Apertura,Fecha 4,Carlos V,false,https://es.wikipedia.org/wiki/Campeonato_de_Primera_B_2021_(Argentina),
2021-03-27,15:30,Sacachispas,Deportivo Armenio,1,0,,,Primera B,2021,zonas,Torneo Apertura,Fecha 4,Beto Larrosa,false,https://es.wikipedia.org/wiki/Campeonato_de_Primera_B_2021_(Argentina),
2021-03-27,15:30,Temperley,Agropecuario,0,2,,,Primera Nacional,2021,zonas,Zona A,Fecha 3,Alfredo Beranger,false,https://es.wikipedia.org/wiki/Campeonato_de_Primera_Nacional_2021,
2021-03-27,16:15,Aldosivi,Banfield,1,1,,,Copa de la Liga,2021,zonas,Zona A,Fecha 7,José María Minella,false,https://es.wikipedia.org/wiki/Copa_de_la_Liga_Profesional_2021,
2021-03-27,16:30,Ramón Santamarina,Barracas Central,1,1,,,Primera Nacional,2021,zonas,Zona B,Fecha 3,Municipal General San Martín,false,https://es.wikipedia.org/wiki/Campeonato_de_Primera_Nacional_2021,
2021-03-27,17:10,All Boys,Ferro Carril Oeste,3,0,,,Primera Nacional,2021,zonas,Zona B,Fecha 3,Islas Malvinas,false,https://es.wikipedia.org/wiki/Campeonato_de_Primera_Nacional_2021,
2021-03-27,18:30,Argentinos Juniors,Arsenal,3,2,,,Copa de la Liga,2021,zonas,Zona A,Fecha 7,Diego Armando Maradona,false,https://es.wikipedia.org/wiki/Copa_de_la_Liga_Profesional_2021,
2021-03-27,19:05,Belgrano,Estudiantes (BA),1,0,,,Primera Nacional,2021,zonas,Zona A,Fecha 3,Gigante de Alberdi,false,https://es.wikipedia.org/wiki/Campeonato_de_Primera_Nacional_2021,
2021-03-27,19:10,Almirante Brown,Atlanta,0,1,,,Primera Nacional,2021,zonas,Zona A,Fecha 3,Fragata Sarmiento,false,https://es.wikipedia.org/wiki/Campeonato_de_Primera_Nacional_2021,
2021-03-27,21:00,Rosario Central,Central Córdoba (SdE),2,2,,,Copa de la Liga,2021,zonas,Zona A,Fecha 7,Gigante de Arroyito,false,https://es.wikipedia.org/wiki/Copa_de_la_Liga_Profesional_2021,
2021-03-28,14:00,Talleres (C),Godoy Cruz,1,1,,,Copa de la Liga,2021,zonas,Interzonal,Fecha 7,Mario Alberto Kempes,false,https://es.wikipedia.org/wiki/Copa_de_la_Liga_Profesional_2021,
2021-03-28,15:10,Estudiantes (RC),Quilmes,0,2,,,Primera Nacional,2021,zonas,Zona A,Fecha 3,Antonio Candini,false,https://es.wikipedia.org/wiki/Campeonato_de_Primera_Nacional_2021,
2021-03-28,15:30,Argentino de Quilmes,Defensores Unidos,0,1,,,Primera B,2021,zonas,Torneo Apertura,Fecha 4,Argentino de Quilmes,false,https://es.wikipedia.org/wiki/Campeonato_de_Primera_B_2021_(Argentina),
2021-03-28,15:30,Atlas,Leandro N. Alem,2,0,,,Primera C,2021,zonas,Torneo Apertura,Fecha 4,Ricardo Puga,false,https://es.wikipedia.org/wiki/Campeonato_de_Primera_C_2021_(Argentina),
2021-03-28,15:30,Cañuelas,UAI Urquiza,4,1,,,Primera B,2021,zonas,Torneo Apertura,Fecha 4,Jorge Alfredo Arín,false,https://es.wikipedia.org/wiki/Campeonato_de_Primera_B_2021_(Argentina),
2021-03-28,15:30,Claypole,Deportivo Laferrere,0,3,,,Primera C,2021,zonas,Torneo Apertura,Fecha 4,Rodolfo Capocasa,false,https://es.wikipedia.org/wiki/Campeonato_de_Primera_C_2021_(Argentina),
2021-03-28,15:30,Ferrocarril Midland,Berazategui,2,1,,,Primera C,2021,zonas,Torneo Apertura,Fecha 4,Ciudad de Libertad,false,https://es.wikipedia.org/wiki/Campeonato_de_Primera_C_2021_(Argentina),
2021-03-28,15:30,General Lamadrid,Ituzaingó,1,3,,,Primera C,2021,zonas,Torneo Apertura,Fecha 4,Enrique Sexto,false,https://es.wikipedia.org/wiki/Campeonato_de_Primera_C_2021_(Argentina),
2021-03-28,15:30,Luján,Excursionistas,1,3,,,Primera C,2021,zonas,Torneo Apertura,Fecha 4,Municipal de Luján,false,https://es.wikipedia.org/wiki/Campeonato_de_Primera_C_2021_(Argentina),
2021-03-28,15:30,Real Pilar,Dock Sud,3,0,,,Primera C,2021,zonas,Torneo Apertura,Fecha 4,Carlos Barraza,false,https://es.wikipedia.org/wiki/Campeonato_de_Primera_C_2021_(Argentina),
2021-03-28,15:30,San Telmo,Atlético de Rafaela,0,0,,,Primera Nacional,2021,zonas,Zona B,Fecha 3,Dr. Osvaldo Baletto,false,https://es.wikipedia.org/wiki/Campeonato_de_Primera_Nacional_2021,
2021-03-28,15:30,Villa Dálmine,Guillermo Brown,1,1,,,Primera Nacional,2021,zonas,Zona B,Fecha 3,El Coliseo de Mitre y Puccini,false,https://es.wikipedia.org/wiki/Campeonato_de_Primera_Nacional_2021,
2021-03-28,16:15,Defensa y Justicia,Vélez Sarsfield,1,1,,,Copa de la Liga,2021,zonas,Zona B,Fecha 7,Norberto Tomaghello,false,https://es.wikipedia.org/wiki/Copa_de_la_Liga_Profesional_2021,
2021-03-28,18:30,River Plate,Racing Club,0,0,,,Copa de la Liga,2021,zonas,Zona A,Fecha 7,Monumental,false,https://es.wikipedia.org/wiki/Copa_de_la_Liga_Profesional_2021,
2021-03-28,19:00,San Martín (T),Mitre (SdE),1,1,,,Primera Nacional,2021,zonas,Zona A,Fecha 3,La Ciudadela,false,https://es.wikipedia.org/wiki/Campeonato_de_Primera_Nacional_2021,
2021-03-28,20:00,Güemes (SdE),Gimnasia y Esgrima (J),1,0,,,Primera Nacional,2021,zonas,Zona B,Fecha 3,Arturo Miranda,false,https://es.wikipedia.org/wiki/Campeonato_de_Primera_Nacional_2021,
2021-03-28,21:00,Independiente,Boca Juniors,1,1,,,Copa de la Liga,2021,zonas,Zona B,Fecha 7,Libertadores de América,false,https://es.wikipedia.org/wiki/Copa_de_la_Liga_Profesional_2021,
2021-03-29,15:00,Gimnasia y Esgrima (M),Tigre,0,4,,,Primera Nacional,2021,zonas,Zona A,Fecha 3,Víctor Antonio Legrotaglie,false,https://es.wikipedia.org/wiki/Campeonato_de_Primera_Nacional_2021,
2021-03-29,15:30,Deportivo Riestra,Alvarado,1,0,,,Primera Nacional,2021,zonas,Zona A,Fecha 3,Guillermo Laza,false,https://es.wikipedia.org/wiki/Campeonato_de_Primera_Nacional_2021,
2021-03-29,15:30,El Porvenir,San Martín (B),1,0,,,Primera C,2021,zonas,Torneo Apertura,Fecha 4,Gildo Ghersinich,false,https://es.wikipedia.org/wiki/Campeonato_de_Primera_C_2021_(Argentina),
2021-03-29,15:30,J. J. de Urquiza,Villa San Carlos,2,1,,,Primera B,2021,zonas,Torneo Apertura,Fecha 4,Ramón Roque Martín,false,https://es.wikipedia.org/wiki/Campeonato_de_Primera_B_2021_(Argentina),
2021-03-29,15:30,Victoriano Arenas,Argentino de Merlo,3,3,,,Primera C,2021,zonas,Torneo Apertura,Fecha 4,Saturnino Moure,false,https://es.wikipedia.org/wiki/Campeonato_de_Primera_C_2021_(Argentina),
2021-03-29,17:00,San Martín (SJ),Brown de Adrogué,1,2,,,Primera Nacional,2021,zonas,Zona B,Fecha 3,Ingeniero Hilario Sánchez,false,https://es.wikipedia.org/wiki/Campeonato_de_Primera_Nacional_2021,
2021-03-29,17:05,Defensores de Belgrano,Independiente Rivadavia,1,2,,,Primera Nacional,2021,zonas,Zona B,Fecha 3,Juan Pasquale,false,https://es.wikipedia.org/wiki/Campeonato_de_Primera_Nacional_2021,
2021-03-29,19:00,Estudiantes (LP),San Lorenzo,0,2,,,Copa de la Liga,2021,zonas,Zona A,Fecha 7,Jorge Luis Hirschi,false,https://es.wikipedia.org/wiki/Copa_de_la_Liga_Profesional_2021,
2021-03-29,21:10,Deportivo Morón,Tristán Suárez,1,0,,,Primera Nacional,2021,zonas,Zona B,Fecha 3,Ciudad de Caseros,false,https://es.wikipedia.org/wiki/Campeonato_de_Primera_Nacional_2021,
2021-03-29,21:15,Atlético Tucumán,Newell's Old Boys,2,2,,,Copa de la Liga,2021,zonas,Zona B,Fecha 7,Monumental José Fierro,false,https://es.wikipedia.org/wiki/Copa_de_la_Liga_Profesional_2021,
2021-03-29,21:15,Huracán,Gimnasia y Esgrima (LP),1,1,,,Copa de la Liga,2021,zonas,Zona B,Fecha 7,Tomás A. Ducó,false,https://es.wikipedia.org/wiki/Copa_de_la_Liga_Profesional_2021,
2021-03-30,15:30,Deportivo Español,Central Córdoba (R),1,2,,,Primera C,2021,zonas,Torneo Apertura,Fecha 4,Nueva España,false,https://es.wikipedia.org/wiki/Campeonato_de_Primera_C_2021_(Argentina),
2021-03-30,19:00,Nueva Chicago,Chacarita Juniors,1,1,,,Primera Nacional,2021,zonas,Zona A,Fecha 3,República de Mataderos,false,https://es.wikipedia.org/wiki/Campeonato_de_Primera_Nacional_2021,
2021-03-31,15:40,Comunicaciones,Deportivo Merlo,2,3,,,Primera B,2021,zonas,Torneo Apertura,Fecha 1,Alfredo Ramos,false,https://es.wikipedia.org/wiki/Campeonato_de_Primera_B_2021_(Argentina),
2021-04-02,17:00,Patronato,Aldosivi,2,0,,,Copa de la Liga,2021,zonas,Interzonal,Fecha 8,Presbítero Bartolomé Grella,false,https://es.wikipedia.org/wiki/Copa_de_la_Liga_Profesional_2021,
2021-04-02,19:00,San Lorenzo,Rosario Central,2,0,,,Copa de la Liga,2021,zonas,Zona A,Fecha 8,Nuevo Gasómetro,false,https://es.wikipedia.org/wiki/Copa_de_la_Liga_Profesional_2021,
2021-04-02,21:15,Central Córdoba (SdE),Platense,0,1,,,Copa de la Liga,2021,zonas,Zona A,Fecha 8,Único Madre de Ciudades,false,https://es.wikipedia.org/wiki/Copa_de_la_Liga_Profesional_2021,
2021-04-03,13:05,Defensores Unidos,Los Andes,0,2,,,Primera B,2021,zonas,Torneo Apertura,Fecha 5,Gigante de Villa Fox,false,https://es.wikipedia.org/wiki/Campeonato_de_Primera_B_2021_(Argentina),
2021-04-03,14:00,Talleres (C),Independiente,3,1,,,Copa de la Liga,2021,zonas,Zona B,Fecha 8,Mario Alberto Kempes,false,https://es.wikipedia.org/wiki/Copa_de_la_Liga_Profesional_2021,
2021-04-03,15:30,Argentino de Merlo,Atlas,0,0,,,Primera C,2021,zonas,Torneo Apertura,Fecha 5,Merlo,false,https://es.wikipedia.org/wiki/Campeonato_de_Primera_C_2021_(Argentina),
2021-04-03,15:30,Barracas Central,Almagro,2,1,,,Primera Nacional,2021,zonas,Zona B,Fecha 4,Claudio Chiqui Tapia,false,https://es.wikipedia.org/wiki/Campeonato_de_Primera_Nacional_2021,
2021-04-03,15:30,Berazategui,Luján,1,3,,,Primera C,2021,zonas,Torneo Apertura,Fecha 5,Norman Lee,false,https://es.wikipedia.org/wiki/Campeonato_de_Primera_C_2021_(Argentina),
2021-04-03,15:30,Central Córdoba (R),El Porvenir,2,0,,,Primera C,2021,zonas,Torneo Apertura,Fecha 5,Gabino Sosa,false,https://es.wikipedia.org/wiki/Campeonato_de_Primera_C_2021_(Argentina),
2021-04-03,15:30,Deportivo Armenio,J. J. de Urquiza,1,3,,,Primera B,2021,zonas,Torneo Apertura,Fecha 5,Armenia,false,https://es.wikipedia.org/wiki/Campeonato_de_Primera_B_2021_(Argentina),
2021-04-03,15:30,Estudiantes (BA),Deportivo Riestra,2,1,,,Primera Nacional,2021,zonas,Zona A,Fecha 4,Ciudad de Caseros,false,https://es.wikipedia.org/wiki/Campeonato_de_Primera_Nacional_2021,
2021-04-03,15:30,Excursionistas,Deportivo Español,1,0,,,Primera C,2021,zonas,Torneo Apertura,Fecha 5,Excursionistas,false,https://es.wikipedia.org/wiki/Campeonato_de_Primera_C_2021_(Argentina),
2021-04-03,15:30,Fénix,Colegiales,3,4,,,Primera B,2021,zonas,Torneo Apertura,Fecha 5,República de Italia,false,https://es.wikipedia.org/wiki/Campeonato_de_Primera_B_2021_(Argentina),
2021-04-03,15:30,Ituzaingó,Victoriano Arenas,3,1,,,Primera C,2021,zonas,Torneo Apertura,Fecha 5,Carlos Alberto Sacaan,false,https://es.wikipedia.org/wiki/Campeonato_de_Primera_C_2021_(Argentina),
2021-04-03,15:30,San Martín (B),Sportivo Italiano,0,0,,,Primera C,2021,zonas,Torneo Apertura,Fecha 5,Francisco Boga,false,https://es.wikipedia.org/wiki/Campeonato_de_Primera_C_2021_(Argentina),
2021-04-03,15:30,UAI Urquiza,Acassuso,1,2,,,Primera B,2021,zonas,Torneo Apertura,Fecha 5,Monumental de Villa Lynch,false,https://es.wikipedia.org/wiki/Campeonato_de_Primera_B_2021_(Argentina),
2021-04-03,16:00,Atlético de Rafaela,Defensores de Belgrano,0,0,,,Primera Nacional,2021,zonas,Zona B,Fecha 4,Nuevo Monumental,false,https://es.wikipedia.org/wiki/Campeonato_de_Primera_Nacional_2021,
2021-04-03,16:15,Gimnasia y Esgrima (LP),Lanús,2,4,,,Copa de la Liga,2021,zonas,Zona B,Fecha 8,Del Bosque,false,https://es.wikipedia.org/wiki/Copa_de_la_Liga_Profesional_2021,
2021-04-03,16:15,Sarmiento (J),Atlético Tucumán,1,2,,,Copa de la Liga,2021,zonas,Zona B,Fecha 8,Eva Perón,false,https://es.wikipedia.org/wiki/Copa_de_la_Liga_Profesional_2021,
2021-04-03,16:30,Tigre,Estudiantes (RC),1,0,,,Primera Nacional,2021,zonas,Zona A,Fecha 4,Monumental de Victoria,false,https://es.wikipedia.org/wiki/Campeonato_de_Primera_Nacional_2021,
2021-04-03,17:30,Agropecuario,Deportivo Maipú,1,1,,,Primera Nacional,2021,zonas,Zona A,Fecha 4,Ofelia Rosenzuaig,false,https://es.wikipedia.org/wiki/Campeonato_de_Primera_Nacional_2021,
2021-04-03,18:30,Boca Juniors,Defensa y Justicia,2,1,,,Copa de la Liga,2021,zonas,Zona B,Fecha 8,La Bombonera,false,https://es.wikipedia.org/wiki/Copa_de_la_Liga_Profesional_2021,
2021-04-03,19:00,Mitre (SdE),Belgrano,1,0,,,Primera Nacional,2021,zonas,Zona A,Fecha 4,Doctores José y Antonio Castiglione,false,https://es.wikipedia.org/wiki/Campeonato_de_Primera_Nacional_2021,
2021-04-03,21:00,Arsenal,River Plate,0,0,,,Copa de la Liga,2021,zonas,Zona A,Fecha 8,El Viaducto,false,https://es.wikipedia.org/wiki/Copa_de_la_Liga_Profesional_2021,
2021-04-04,14:00,Newell's Old Boys,Huracán,2,2,,,Copa de la Liga,2021,zonas,Zona B,Fecha 8,Coloso Marcelo Bielsa,false,https://es.wikipedia.org/wiki/Copa_de_la_Liga_Profesional_2021,
2021-04-04,14:30,Atlanta,San Martín (T),2,1,,,Primera Nacional,2021,zonas,Zona A,Fecha 4,Don León Kolbowsky,false,https://es.wikipedia.org/wiki/Campeonato_de_Primera_Nacional_2021,
2021-04-04,14:45,Tristán Suárez,Ferro Carril Oeste,1,0,,,Primera Nacional,2021,zonas,Zona B,Fecha 4,20 de Octubre,false,https://es.wikipedia.org/wiki/Campeonato_de_Primera_Nacional_2021,
2021-04-04,15:30,Brown de Adrogué,Villa Dálmine,2,0,,,Primera Nacional,2021,zonas,Zona B,Fecha 4,Lorenzo Arandilla,false,https://es.wikipedia.org/wiki/Campeonato_de_Primera_Nacional_2021,
2021-04-04,15:30,Comunicaciones,Sacachispas,2,2,,,Primera B,2021,zonas,Torneo Apertura,Fecha 5,Alfredo Ramos,false,https://es.wikipedia.org/wiki/Campeonato_de_Primera_B_2021_(Argentina),
2021-04-04,15:30,Deportivo Laferrere,Real Pilar,1,1,,,Primera C,2021,zonas,Torneo Apertura,Fecha 5,Ciudad de Laferrere,false,https://es.wikipedia.org/wiki/Campeonato_de_Primera_C_2021_(Argentina),
2021-04-04,15:30,Dock Sud,General Lamadrid,2,0,,,Primera C,2021,zonas,Torneo Apertura,Fecha 5,De los Inmigrantes,false,https://es.wikipedia.org/wiki/Campeonato_de_Primera_C_2021_(Argentina),
2021-04-04,15:30,Instituto,Güemes (SdE),0,0,,,Primera Nacional,2021,zonas,Zona B,Fecha 4,Juan Domingo Perón,false,https://es.wikipedia.org/wiki/Campeonato_de_Primera_Nacional_2021,
2021-04-04,15:30,Leandro N. Alem,Ferrocarril Midland,2,0,,,Primera C,2021,zonas,Torneo Apertura,Fecha 5,Leandro N. Alem,false,https://es.wikipedia.org/wiki/Campeonato_de_Primera_C_2021_(Argentina),
2021-04-04,15:30,San Miguel,Flandria,1,1,,,Primera B,2021,zonas,Torneo Apertura,Fecha 5,Malvinas Argentinas,false,https://es.wikipedia.org/wiki/Campeonato_de_Primera_B_2021_(Argentina),
2021-04-04,15:30,Villa San Carlos,Argentino de Quilmes,2,1,,,Primera B,2021,zonas,Torneo Apertura,Fecha 5,Genacio Sálice,false,https://es.wikipedia.org/wiki/Campeonato_de_Primera_B_2021_(Argentina),
2021-04-04,16:00,Guillermo Brown,San Telmo,1,2,,,Primera Nacional,2021,zonas,Zona B,Fecha 4,Raúl Conti,false,https://es.wikipedia.org/wiki/Campeonato_de_Primera_Nacional_2021,
2021-04-04,16:15,Colón,Argentinos Juniors,0,0,,,Copa de la Liga,2021,zonas,Zona A,Fecha 8,Brigadier Estanislao López,false,https://es.wikipedia.org/wiki/Copa_de_la_Liga_Profesional_2021,
2021-04-04,16:45,San Martín (SJ),All Boys,0,2,,,Primera Nacional,2021,zonas,Zona B,Fecha 4,Ingeniero Hilario Sánchez,false,https://es.wikipedia.org/wiki/Campeonato_de_Primera_Nacional_2021,
2021-04-04,17:00,Gimnasia y Esgrima (J),Deportivo Morón,2,0,,,Primera Nacional,2021,zonas,Zona B,Fecha 4,23 de Agosto,false,https://es.wikipedia.org/wiki/Campeonato_de_Primera_Nacional_2021,
2021-04-04,18:30,Vélez Sarsfield,Unión,4,1,,,Copa de la Liga,2021,zonas,Zona B,Fecha 8,José Amalfitani,false,https://es.wikipedia.org/wiki/Copa_de_la_Liga_Profesional_2021,
2021-04-04,18:50,Quilmes,Temperley,2,0,,,Primera Nacional,2021,zonas,Zona A,Fecha 4,Centenario Ciudad de Quilmes,false,https://es.wikipedia.org/wiki/Campeonato_de_Primera_Nacional_2021,
2021-04-04,21:00,Racing Club,Godoy Cruz,2,4,,,Copa de la Liga,2021,zonas,Zona A,Fecha 8,El Cilindro,false,https://es.wikipedia.org/wiki/Copa_de_la_Liga_Profesional_2021,
2021-04-05,15:10,Alvarado,Gimnasia y Esgrima (M),1,2,,,Primera Nacional,2021,zonas,Zona A,Fecha 4,José María Minella,false,https://es.wikipedia.org/wiki/Campeonato_de_Primera_Nacional_2021,
2021-04-05,17:00,Independiente Rivadavia,Ramón Santamarina,3,1,,,Primera Nacional,2021,zonas,Zona B,Fecha 4,Bautista Gargantini,false,https://es.wikipedia.org/wiki/Campeonato_de_Primera_Nacional_2021,
2021-04-05,21:10,Chacarita Juniors,Almirante Brown,2,1,,,Primera Nacional,2021,zonas,Zona A,Fecha 4,Chacarita Juniors,false,https://es.wikipedia.org/wiki/Campeonato_de_Primera_Nacional_2021,
2021-04-05,21:15,Banfield,Estudiantes (LP),2,2,,,Copa de la Liga,2021,zonas,Zona A,Fecha 8,Florencio Sola,false,https://es.wikipedia.org/wiki/Copa_de_la_Liga_Profesional_2021,
2021-04-06,17:10,Talleres (RdE),Cañuelas,3,0,,,Primera B,2021,zonas,Torneo Apertura,Fecha 5,Talleres,false,https://es.wikipedia.org/wiki/Campeonato_de_Primera_B_2021_(Argentina),
2021-04-09,15:30,El Porvenir,Excursionistas,1,0,,,Primera C,2021,zonas,Torneo Apertura,Fecha 6,Gildo Ghersinich,false,https://es.wikipedia.org/wiki/Campeonato_de_Primera_C_2021_(Argentina),
2021-04-09,15:30,Luján,Leandro N. Alem,0,0,,,Primera C,2021,zonas,Torneo Apertura,Fecha 6,Municipal de Luján,false,https://es.wikipedia.org/wiki/Campeonato_de_Primera_C_2021_(Argentina),
2021-04-09,15:30,Victoriano Arenas,Dock Sud,1,2,,,Primera C,2021,zonas,Torneo Apertura,Fecha 6,Saturnino Moure,false,https://es.wikipedia.org/wiki/Campeonato_de_Primera_C_2021_(Argentina),
2021-04-09,21:00,Platense,San Lorenzo,2,4,,,Copa de la Liga,2021,zonas,Zona A,Fecha 9,Ciudad de Vicente López,false,https://es.wikipedia.org/wiki/Copa_de_la_Liga_Profesional_2021,
2021-04-10,14:10,Ferro Carril Oeste,Gimnasia y Esgrima (J),0,0,,,Primera Nacional,2021,zonas,Zona B,Fecha 5,Arquitecto Ricardo Etcheverri,false,https://es.wikipedia.org/wiki/Campeonato_de_Primera_Nacional_2021,
2021-04-10,15:30,Acassuso,Talleres (RdE),2,2,,,Primera B,2021,zonas,Torneo Apertura,Fecha 6,Armenia,false,https://es.wikipedia.org/wiki/Campeonato_de_Primera_B_2021_(Argentina),
2021-04-10,15:30,Argentino de Quilmes,Deportivo Armenio,2,1,,,Primera B,2021,zonas,Torneo Apertura,Fecha 6,Argentino de Quilmes,false,https://es.wikipedia.org/wiki/Campeonato_de_Primera_B_2021_(Argentina),
2021-04-10,15:30,Atlas,Ituzaingó,0,0,,,Primera C,2021,zonas,Torneo Apertura,Fecha 6,Ricardo Puga,false,https://es.wikipedia.org/wiki/Campeonato_de_Primera_C_2021_(Argentina),
2021-04-10,15:30,Cañuelas,San Miguel,3,0,,,Primera B,2021,zonas,Torneo Apertura,Fecha 6,Jorge Alfredo Arín,false,https://es.wikipedia.org/wiki/Campeonato_de_Primera_B_2021_(Argentina),
2021-04-10,15:30,Colegiales,Defensores Unidos,1,2,,,Primera B,2021,zonas,Torneo Apertura,Fecha 6,Libertarios Unidos,false,https://es.wikipedia.org/wiki/Campeonato_de_Primera_B_2021_(Argentina),
2021-04-10,15:30,Defensores de Belgrano,Guillermo Brown,2,0,,,Primera Nacional,2021,zonas,Zona B,Fecha 5,Juan Pasquale,false,https://es.wikipedia.org/wiki/Campeonato_de_Primera_Nacional_2021,
2021-04-10,15:30,Deportivo Español,Berazategui,0,3,,,Primera C,2021,zonas,Torneo Apertura,Fecha 6,Nueva España,false,https://es.wikipedia.org/wiki/Campeonato_de_Primera_C_2021_(Argentina),
2021-04-10,15:30,Ferrocarril Midland,Argentino de Merlo,2,3,,,Primera C,2021,zonas,Torneo Apertura,Fecha 6,Ciudad de Libertad,false,https://es.wikipedia.org/wiki/Campeonato_de_Primera_C_2021_(Argentina),
2021-04-10,15:30,General Lamadrid,Deportivo Laferrere,0,0,,,Primera C,2021,zonas,Torneo Apertura,Fecha 6,Enrique Sexto,false,https://es.wikipedia.org/wiki/Campeonato_de_Primera_C_2021_(Argentina),
2021-04-10,15:30,Real Pilar,Claypole,0,0,,,Primera C,2021,zonas,Torneo Apertura,Fecha 6,Carlos Barraza,false,https://es.wikipedia.org/wiki/Campeonato_de_Primera_C_2021_(Argentina),
2021-04-10,15:30,Sportivo Italiano,Central Córdoba (R),0,1,,,Primera C,2021,zonas,Torneo Apertura,Fecha 6,República de Italia,false,https://es.wikipedia.org/wiki/Campeonato_de_Primera_C_2021_(Argentina),
2021-04-10,15:30,Villa Dálmine,San Martín (SJ),1,1,,,Primera Nacional,2021,zonas,Zona B,Fecha 5,El Coliseo de Mitre y Puccini,false,https://es.wikipedia.org/wiki/Campeonato_de_Primera_Nacional_2021,
2021-04-10,16:00,Crucero del Norte,Juventud Unida (G),1,0,,,Torneo Federal A,2021,zonas,Zona B,Fecha 1,Comandante Andrés Guacurarí,false,https://es.wikipedia.org/wiki/Torneo_Federal_A_2021,
2021-04-10,16:15,Estudiantes (LP),Aldosivi,1,0,,,Copa de la Liga,2021,zonas,Zona A,Fecha 9,Jorge Luis Hirschi,false,https://es.wikipedia.org/wiki/Copa_de_la_Liga_Profesional_2021,
2021-04-10,18:00,Estudiantes (RC),Alvarado,2,0,,,Primera Nacional,2021,zonas,Zona A,Fecha 5,Antonio Candini,false,https://es.wikipedia.org/wiki/Campeonato_de_Primera_Nacional_2021,
2021-04-10,18:10,Temperley,Tigre,0,2,,,Primera Nacional,2021,zonas,Zona A,Fecha 5,Alfredo Beranger,false,https://es.wikipedia.org/wiki/Campeonato_de_Primera_Nacional_2021,
2021-04-10,18:30,Defensa y Justicia,Talleres (C),2,2,,,Copa de la Liga,2021,zonas,Zona B,Fecha 9,Norberto Tomaghello,false,https://es.wikipedia.org/wiki/Copa_de_la_Liga_Profesional_2021,
2021-04-10,19:05,Belgrano,Atlanta,2,2,,,Primera Nacional,2021,zonas,Zona A,Fecha 5,Gigante de Alberdi,false,https://es.wikipedia.org/wiki/Campeonato_de_Primera_Nacional_2021,
2021-04-10,21:00,Racing Club,Independiente,1,0,,,Copa de la Liga,2021,zonas,Interzonal,Fecha 9,El Cilindro,false,https://es.wikipedia.org/wiki/Copa_de_la_Liga_Profesional_2021,
2021-04-11,11:00,Godoy Cruz,Arsenal,2,3,,,Copa de la Liga,2021,zonas,Zona A,Fecha 9,Feliciano Gambarte,false,https://es.wikipedia.org/wiki/Copa_de_la_Liga_Profesional_2021,
2021-04-11,13:30,Flandria,Deportivo Merlo,2,3,,,Primera B,2021,zonas,Torneo Apertura,Fecha 6,Carlos V,false,https://es.wikipedia.org/wiki/Campeonato_de_Primera_B_2021_(Argentina),
2021-04-11,14:00,Argentinos Juniors,Central Córdoba (SdE),0,0,,,Copa de la Liga,2021,zonas,Zona A,Fecha 9,Diego Armando Maradona,false,https://es.wikipedia.org/wiki/Copa_de_la_Liga_Profesional_2021,
2021-04-11,14:00,Patronato,Gimnasia y Esgrima (LP),4,1,,,Copa de la Liga,2021,zonas,Zona B,Fecha 9,Presbítero Bartolomé Grella,false,https://es.wikipedia.org/wiki/Copa_de_la_Liga_Profesional_2021,
2021-04-11,14:10,All Boys,Tristán Suárez,2,0,,,Primera Nacional,2021,zonas,Zona B,Fecha 5,Islas Malvinas,false,https://es.wikipedia.org/wiki/Campeonato_de_Primera_Nacional_2021,
2021-04-11,15:30,Almagro,Independiente Rivadavia,0,2,,,Primera Nacional,2021,zonas,Zona B,Fecha 5,Tres de Febrero,false,https://es.wikipedia.org/wiki/Campeonato_de_Primera_Nacional_2021,
2021-04-11,15:30,Ciudad de Bolívar,Sportivo Estudiantes (SL),2,1,,,Torneo Federal A,2021,zonas,Zona A,Fecha 1,Municipal Eva Perón,false,https://es.wikipedia.org/wiki/Torneo_Federal_A_2021,
2021-04-11,15:30,Deportivo Camioneros,Desamparados,2,2,,,Torneo Federal A,2021,zonas,Zona A,Fecha 1,Hugo Moyano,false,https://es.wikipedia.org/wiki/Torneo_Federal_A_2021,
2021-04-11,15:30,Sacachispas,UAI Urquiza,3,4,,,Primera B,2021,zonas,Torneo Apertura,Fecha 6,Beto Larrosa,false,https://es.wikipedia.org/wiki/Campeonato_de_Primera_B_2021_(Argentina),
2021-04-11,15:30,San Telmo,Brown de Adrogué,2,1,,,Primera Nacional,2021,zonas,Zona B,Fecha 5,Dr. Osvaldo Baletto,false,https://es.wikipedia.org/wiki/Campeonato_de_Primera_Nacional_2021,
2021-04-11,15:30,Sol de Mayo (V),Ferro Carril Oeste (GP),1,1,,,Torneo Federal A,2021,zonas,Zona A,Fecha 1,Sol de Mayo,false,https://es.wikipedia.org/wiki/Torneo_Federal_A_2021,
2021-04-11,16:00,Defensores de Belgrano (VR),Sarmiento (R),2,1,,,Torneo Federal A,2021,zonas,Zona B,Fecha 1,Salomón Boeseldín,false,https://es.wikipedia.org/wiki/Torneo_Federal_A_2021,
2021-04-11,16:00,Defensores de Pronunciamiento,Sportivo Belgrano,2,2,,,Torneo Federal A,2021,zonas,Zona B,Fecha 1,Delio Cardozo,false,https://es.wikipedia.org/wiki/Torneo_Federal_A_2021,
2021-04-11,16:00,Deportivo Madryn,Círculo Deportivo,1,0,,,Torneo Federal A,2021,zonas,Zona A,Fecha 1,Abel Sastre,false,https://es.wikipedia.org/wiki/Torneo_Federal_A_2021,
2021-04-11,16:00,Deportivo Maipú,Quilmes,2,1,,,Primera Nacional,2021,zonas,Zona A,Fecha 5,Omar Higinio Sperdutti,false,https://es.wikipedia.org/wiki/Campeonato_de_Primera_Nacional_2021,
2021-04-11,16:00,Gimnasia y Esgrima (M),Estudiantes (BA),3,1,,,Primera Nacional,2021,zonas,Zona A,Fecha 5,Víctor Antonio Legrotaglie,false,https://es.wikipedia.org/wiki/Campeonato_de_Primera_Nacional_2021,
2021-04-11,16:00,Olimpo,Cipolletti,0,3,,,Torneo Federal A,2021,zonas,Zona A,Fecha 1,Roberto N. Carminatti,false,https://es.wikipedia.org/wiki/Torneo_Federal_A_2021,
2021-04-11,16:10,Deportivo Morón,Instituto,2,2,,,Primera Nacional,2021,zonas,Zona B,Fecha 5,Nuevo Francisco Urbano,false,https://es.wikipedia.org/wiki/Campeonato_de_Primera_Nacional_2021,
2021-04-11,16:15,Rosario Central,Banfield,3,1,,,Copa de la Liga,2021,zonas,Zona A,Fecha 9,Gigante de Arroyito,false,https://es.wikipedia.org/wiki/Copa_de_la_Liga_Profesional_2021,
2021-04-11,16:30,Huracán Las Heras,Villa Mitre,2,1,,,Torneo Federal A,2021,zonas,Zona A,Fecha 1,General San Martín,false,https://es.wikipedia.org/wiki/Torneo_Federal_A_2021,
2021-04-11,16:30,Racing (C),Douglas Haig,1,0,,,Torneo Federal A,2021,zonas,Zona B,Fecha 1,Miguel Sancho,false,https://es.wikipedia.org/wiki/Torneo_Federal_A_2021,
2021-04-11,16:30,Ramón Santamarina,Atlético de Rafaela,0,0,,,Primera Nacional,2021,zonas,Zona B,Fecha 5,Municipal General San Martín,false,https://es.wikipedia.org/wiki/Campeonato_de_Primera_Nacional_2021,
2021-04-11,16:30,Sportivo Peñarol (C),Independiente (C),1,0,,,Torneo Federal A,2021,zonas,Zona A,Fecha 1,Ramón Pablo Rojas,false,https://es.wikipedia.org/wiki/Torneo_Federal_A_2021,
2021-04-11,16:30,Unión (S),Gimnasia y Tiro (S),2,2,,,Torneo Federal A,2021,zonas,Zona B,Fecha 1,De la Avenida,false,https://es.wikipedia.org/wiki/Torneo_Federal_A_2021,
2021-04-11,17:00,Central Norte (S),Boca Unidos,2,2,,,Torneo Federal A,2021,zonas,Zona B,Fecha 1,Padre Ernesto Martearena,false,https://es.wikipedia.org/wiki/Torneo_Federal_A_2021,
2021-04-11,17:30,Chaco For Ever,Sportivo Las Parejas,3,1,,,Torneo Federal A,2021,zonas,Zona B,Fecha 1,Juan Alberto García,false,https://es.wikipedia.org/wiki/Torneo_Federal_A_2021,
2021-04-11,18:00,Juventud Unida Universitario,Sansinena,0,0,,,Torneo Federal A,2021,zonas,Zona A,Fecha 1,Mario Sebastián Diez,false,https://es.wikipedia.org/wiki/Torneo_Federal_A_2021,
2021-04-11,18:30,Unión,Boca Juniors,1,0,,,Copa de la Liga,2021,zonas,Zona B,Fecha 9,15 de abril,false,https://es.wikipedia.org/wiki/Copa_de_la_Liga_Profesional_2021,
2021-04-11,20:00,Güemes (SdE),Barracas Central,3,0,,,Primera Nacional,2021,zonas,Zona B,Fecha 5,Arturo Miranda,false,https://es.wikipedia.org/wiki/Campeonato_de_Primera_Nacional_2021,
2021-04-11,21:00,River Plate,Colón,3,2,,,Copa de la Liga,2021,zonas,Zona A,Fecha 9,Monumental,false,https://es.wikipedia.org/wiki/Copa_de_la_Liga_Profesional_2021,
2021-04-12,15:30,Deportivo Riestra,Mitre (SdE),2,0,,,Primera Nacional,2021,zonas,Zona A,Fecha 5,Guillermo Laza,false,https://es.wikipedia.org/wiki/Campeonato_de_Primera_Nacional_2021,
2021-04-12,15:30,J. J. de Urquiza,Comunicaciones,4,2,,,Primera B,2021,zonas,Torneo Apertura,Fecha 6,Ramón Roque Martín,false,https://es.wikipedia.org/wiki/Campeonato_de_Primera_B_2021_(Argentina),
2021-04-12,17:10,Los Andes,Villa San Carlos,1,0,,,Primera B,2021,zonas,Torneo Apertura,Fecha 6,Eduardo Gallardón,false,https://es.wikipedia.org/wiki/Campeonato_de_Primera_B_2021_(Argentina),
2021-04-12,19:00,Huracán,Sarmiento (J),3,0,,,Copa de la Liga,2021,zonas,Zona B,Fecha 9,Tomás A. Ducó,false,https://es.wikipedia.org/wiki/Copa_de_la_Liga_Profesional_2021,
2021-04-12,19:00,Lanús,Newell's Old Boys,1,3,,,Copa de la Liga,2021,zonas,Zona B,Fecha 9,Ciudad de Lanús,false,https://es.wikipedia.org/wiki/Copa_de_la_Liga_Profesional_2021,
2021-04-12,21:10,Almirante Brown,Nueva Chicago,1,0,,,Primera Nacional,2021,zonas,Zona A,Fecha 5,Fragata Sarmiento,false,https://es.wikipedia.org/wiki/Campeonato_de_Primera_Nacional_2021,
2021-04-12,21:15,Atlético Tucumán,Vélez Sarsfield,2,0,,,Copa de la Liga,2021,zonas,Zona B,Fecha 9,Monumental José Fierro,false,https://es.wikipedia.org/wiki/Copa_de_la_Liga_Profesional_2021,
2021-04-13,15:30,Argentino de Merlo,Luján,1,3,,,Primera C,2021,zonas,Torneo Apertura,Fecha 7,Merlo,false,https://es.wikipedia.org/wiki/Campeonato_de_Primera_C_2021_(Argentina),
2021-04-13,15:30,Central Córdoba (R),San Martín (B),0,0,,,Primera C,2021,zonas,Torneo Apertura,Fecha 7,Gabino Sosa,false,https://es.wikipedia.org/wiki/Campeonato_de_Primera_C_2021_(Argentina),
2021-04-13,15:30,Dock Sud,Atlas,0,1,,,Primera C,2021,zonas,Torneo Apertura,Fecha 7,De los Inmigrantes,false,https://es.wikipedia.org/wiki/Campeonato_de_Primera_C_2021_(Argentina),
2021-04-13,15:30,Excursionistas,Sportivo Italiano,2,2,,,Primera C,2021,zonas,Torneo Apertura,Fecha 7,Excursionistas,false,https://es.wikipedia.org/wiki/Campeonato_de_Primera_C_2021_(Argentina),
2021-04-13,15:30,Leandro N. Alem,Deportivo Español,1,0,,,Primera C,2021,zonas,Torneo Apertura,Fecha 7,Leandro N. Alem,false,https://es.wikipedia.org/wiki/Campeonato_de_Primera_C_2021_(Argentina),
2021-04-13,19:15,San Martín (T),Chacarita Juniors,0,1,,,Primera Nacional,2021,zonas,Zona A,Fecha 5,La Ciudadela,false,https://es.wikipedia.org/wiki/Campeonato_de_Primera_Nacional_2021,
2021-04-14,15:30,Berazategui,El Porvenir,3,1,,,Primera C,2021,zonas,Torneo Apertura,Fecha 7,Norman Lee,false,https://es.wikipedia.org/wiki/Campeonato_de_Primera_C_2021_(Argentina),
2021-04-14,15:30,Claypole,General Lamadrid,1,1,,,Primera C,2021,zonas,Torneo Apertura,Fecha 7,Rodolfo Capocasa,false,https://es.wikipedia.org/wiki/Campeonato_de_Primera_C_2021_(Argentina),
2021-04-14,15:30,Deportivo Laferrere,Victoriano Arenas,3,1,,,Primera C,2021,zonas,Torneo Apertura,Fecha 7,Ciudad de Laferrere,false,https://es.wikipedia.org/wiki/Campeonato_de_Primera_C_2021_(Argentina),
2021-04-14,15:30,Ituzaingó,Ferrocarril Midland,2,1,,,Primera C,2021,zonas,Torneo Apertura,Fecha 7,Carlos Alberto Sacaan,false,https://es.wikipedia.org/wiki/Campeonato_de_Primera_C_2021_(Argentina),
2021-04-15,21:10,Alvarado,Temperley,1,0,,,Primera Nacional,2021,zonas,Zona A,Fecha 6,José María Minella,false,https://es.wikipedia.org/wiki/Campeonato_de_Primera_Nacional_2021,
2021-04-16,15:00,Talleres (C),Unión,3,0,,,Copa de la Liga,2021,zonas,Zona B,Fecha 10,Mario Alberto Kempes,false,https://es.wikipedia.org/wiki/Copa_de_la_Liga_Profesional_2021,
2021-04-16,17:15,Aldosivi,Rosario Central,0,1,,,Copa de la Liga,2021,zonas,Zona A,Fecha 10,José María Minella,false,https://es.wikipedia.org/wiki/Copa_de_la_Liga_Profesional_2021,
2021-04-16,18:00,Vélez Sarsfield,Huracán,2,0,,,Copa de la Liga,2021,zonas,Zona B,Fecha 10,José Almafitani,false,https://es.wikipedia.org/wiki/Copa_de_la_Liga_Profesional_2021,
2021-04-16,19:00,Talleres (RdE),Sacachispas,4,0,,,Primera B,2021,zonas,Torneo Apertura,Fecha 7,Talleres,false,https://es.wikipedia.org/wiki/Campeonato_de_Primera_B_2021_(Argentina),
2021-04-16,21:30,Central Córdoba (SdE),River Plate,0,5,,,Copa de la Liga,2021,zonas,Zona A,Fecha 10,Único Madre de Ciudades,false,https://es.wikipedia.org/wiki/Copa_de_la_Liga_Profesional_2021,
2021-04-17,13:30,Sarmiento (J),Lanús,1,0,,,Copa de la Liga,2021,zonas,Zona B,Fecha 10,Eva Perón,false,https://es.wikipedia.org/wiki/Copa_de_la_Liga_Profesional_2021,
2021-04-17,14:00,Deportivo Armenio,Los Andes,1,0,,,Primera B,2021,zonas,Torneo Apertura,Fecha 7,Armenia,false,https://es.wikipedia.org/wiki/Campeonato_de_Primera_B_2021_(Argentina),
2021-04-17,15:00,Brown de Adrogué,Defensores de Belgrano,0,3,,,Primera Nacional,2021,zonas,Zona B,Fecha 6,Lorenzo Arandilla,false,https://es.wikipedia.org/wiki/Campeonato_de_Primera_Nacional_2021,
2021-04-17,15:30,Barracas Central,Deportivo Morón,1,0,,,Primera Nacional,2021,zonas,Zona B,Fecha 6,Claudio Chiqui Tapia,false,https://es.wikipedia.org/wiki/Campeonato_de_Primera_Nacional_2021,
2021-04-17,15:30,Deportivo Merlo,Cañuelas,2,1,,,Primera B,2021,zonas,Torneo Apertura,Fecha 7,José Manuel Moreno,false,https://es.wikipedia.org/wiki/Campeonato_de_Primera_B_2021_(Argentina),
2021-04-17,15:30,El Porvenir,Leandro N. Alem,3,0,,,Primera C,2021,zonas,Torneo Apertura,Fecha 8,Gildo Ghersinich,false,https://es.wikipedia.org/wiki/Campeonato_de_Primera_C_2021_(Argentina),
2021-04-17,15:30,Instituto,Ferro Carril Oeste,2,2,,,Primera Nacional,2021,zonas,Zona B,Fecha 6,Juan Domingo Perón,false,https://es.wikipedia.org/wiki/Campeonato_de_Primera_Nacional_2021,
2021-04-17,15:30,San Miguel,Acassuso,2,0,,,Primera B,2021,zonas,Torneo Apertura,Fecha 7,Malvinas Argentinas,false,https://es.wikipedia.org/wiki/Campeonato_de_Primera_B_2021_(Argentina),
2021-04-17,15:30,Sportivo Italiano,Berazategui,1,1,,,Primera C,2021,zonas,Torneo Apertura,Fecha 8,República de Italia,false,https://es.wikipedia.org/wiki/Campeonato_de_Primera_C_2021_(Argentina),
2021-04-17,15:30,UAI Urquiza,J. J. de Urquiza,1,2,,,Primera B,2021,zonas,Torneo Apertura,Fecha 7,Monumental de Villa Lynch,false,https://es.wikipedia.org/wiki/Campeonato_de_Primera_B_2021_(Argentina),
2021-04-17,15:30,Villa San Carlos,Colegiales,3,2,,,Primera B,2021,zonas,Torneo Apertura,Fecha 7,Genacio Sálice,false,https://es.wikipedia.org/wiki/Campeonato_de_Primera_B_2021_(Argentina),
2021-04-17,15:45,San Lorenzo,Argentinos Juniors,1,1,,,Copa de la Liga,2021,zonas,Zona A,Fecha 10,Nuevo Gasómetro,false,https://es.wikipedia.org/wiki/Copa_de_la_Liga_Profesional_2021,
2021-04-17,16:00,Desamparados,Huracán Las Heras,0,0,,,Torneo Federal A,2021,zonas,Zona A,Fecha 2,El Serpentario,false,https://es.wikipedia.org/wiki/Torneo_Federal_A_2021,
2021-04-17,16:30,Villa Dálmine,All Boys,0,0,,,Primera Nacional,2021,zonas,Zona B,Fecha 6,El Coliseo de Mitre y Puccini,false,https://es.wikipedia.org/wiki/Campeonato_de_Primera_Nacional_2021,
2021-04-17,17:00,Gimnasia y Esgrima (J),Tristán Suárez,2,0,,,Primera Nacional,2021,zonas,Zona B,Fecha 6,23 de Agosto,false,https://es.wikipedia.org/wiki/Campeonato_de_Primera_Nacional_2021,
2021-04-17,18:00,Boca Juniors,Atlético Tucumán,3,1,,,Copa de la Liga,2021,zonas,Zona B,Fecha 10,La Bombonera,false,https://es.wikipedia.org/wiki/Copa_de_la_Liga_Profesional_2021,
2021-04-17,20:15,Newell's Old Boys,Patronato,2,0,,,Copa de la Liga,2021,zonas,Zona B,Fecha 10,Coloso Marcelo Bielsa,false,https://es.wikipedia.org/wiki/Copa_de_la_Liga_Profesional_2021,
2021-04-18,13:30,Arsenal,Racing Club,2,1,,,Copa de la Liga,2021,zonas,Zona A,Fecha 10,El Viaducto,false,https://es.wikipedia.org/wiki/Copa_de_la_Liga_Profesional_2021,
2021-04-18,14:00,Atlanta,Deportivo Riestra,2,2,,,Primera Nacional,2021,zonas,Zona A,Fecha 6,Don León Kolbowsky,false,https://es.wikipedia.org/wiki/Campeonato_de_Primera_Nacional_2021,
2021-04-18,15:00,Atlético de Rafaela,Almagro,4,1,,,Primera Nacional,2021,zonas,Zona B,Fecha 6,Nuevo Monumental,false,https://es.wikipedia.org/wiki/Campeonato_de_Primera_Nacional_2021,
2021-04-18,15:00,Estudiantes (BA),Estudiantes (RC),0,0,,,Primera Nacional,2021,zonas,Zona A,Fecha 6,Ciudad de Caseros,false,https://es.wikipedia.org/wiki/Campeonato_de_Primera_Nacional_2021,
2021-04-18,15:30,Atlas,Deportivo Laferrere,2,2,,,Primera C,2021,zonas,Torneo Apertura,Fecha 8,Ricardo Puga,false,https://es.wikipedia.org/wiki/Campeonato_de_Primera_C_2021_(Argentina),
2021-04-18,15:30,Comunicaciones,Argentino de Quilmes,2,0,,,Primera B,2021,zonas,Torneo Apertura,Fecha 7,Alfredo Ramos,false,https://es.wikipedia.org/wiki/Campeonato_de_Primera_B_2021_(Argentina),
2021-04-18,15:30,Círculo Deportivo,Olimpo,0,0,,,Torneo Federal A,2021,zonas,Zona A,Fecha 2,Guillermo Trama,false,https://es.wikipedia.org/wiki/Torneo_Federal_A_2021,
2021-04-18,15:30,Defensores Unidos,Fénix,2,2,,,Primera B,2021,zonas,Torneo Apertura,Fecha 7,Gigante de Villa Fox,false,https://es.wikipedia.org/wiki/Campeonato_de_Primera_B_2021_(Argentina),
2021-04-18,15:30,Deportivo Español,Argentino de Merlo,2,1,,,Primera C,2021,zonas,Torneo Apertura,Fecha 8,Nueva España,false,https://es.wikipedia.org/wiki/Campeonato_de_Primera_C_2021_(Argentina),
2021-04-18,15:30,Douglas Haig,Gimnasia y Esgrima (CdU),0,1,,,Torneo Federal A,2021,zonas,Zona B,Fecha 2,Miguel Morales,false,https://es.wikipedia.org/wiki/Torneo_Federal_A_2021,
2021-04-18,15:30,Ferrocarril Midland,Dock Sud,0,2,,,Primera C,2021,zonas,Torneo Apertura,Fecha 8,Ciudad de Libertad,false,https://es.wikipedia.org/wiki/Campeonato_de_Primera_C_2021_(Argentina),
2021-04-18,15:30,General Lamadrid,Real Pilar,1,0,,,Primera C,2021,zonas,Torneo Apertura,Fecha 8,Enrique Sexto,false,https://es.wikipedia.org/wiki/Campeonato_de_Primera_C_2021_(Argentina),
2021-04-18,15:30,Independiente (C),Sportivo Estudiantes (SL),2,1,,,Torneo Federal A,2021,zonas,Zona A,Fecha 2,Raúl Orlando Lungarzo,false,https://es.wikipedia.org/wiki/Torneo_Federal_A_2021,
2021-04-18,15:30,Juventud Unida (G),Central Norte (S),3,3,,,Torneo Federal A,2021,zonas,Zona B,Fecha 2,De los Eucaliptos,false,https://es.wikipedia.org/wiki/Torneo_Federal_A_2021,
2021-04-18,15:30,Luján,Ituzaingó,0,1,,,Primera C,2021,zonas,Torneo Apertura,Fecha 8,Municipal de Luján,false,https://es.wikipedia.org/wiki/Campeonato_de_Primera_C_2021_(Argentina),
2021-04-18,15:30,San Martín (B),Excursionistas,4,4,,,Primera C,2021,zonas,Torneo Apertura,Fecha 8,Francisco Boga,false,https://es.wikipedia.org/wiki/Campeonato_de_Primera_C_2021_(Argentina),
2021-04-18,15:45,Estudiantes (LP),Gimnasia y Esgrima (LP),0,0,,,Copa de la Liga,2021,zonas,Interzonal,Fecha 10,Jorge Luis Hirschi,false,https://es.wikipedia.org/wiki/Copa_de_la_Liga_Profesional_2021,
2021-04-18,16:00,Boca Unidos,Chaco For Ever,1,1,,,Torneo Federal A,2021,zonas,Zona B,Fecha 2,Leoncio Benítez,false,https://es.wikipedia.org/wiki/Torneo_Federal_A_2021,
2021-04-18,16:00,Cipolletti,Sportivo Peñarol (C),3,0,,,Torneo Federal A,2021,zonas,Zona A,Fecha 2,La Visera de Cemento,false,https://es.wikipedia.org/wiki/Torneo_Federal_A_2021,
2021-04-18,16:00,Guillermo Brown,Ramón Santamarina,0,0,,,Primera Nacional,2021,zonas,Zona B,Fecha 6,Raúl Conti,false,https://es.wikipedia.org/wiki/Campeonato_de_Primera_Nacional_2021,
2021-04-18,16:00,Juventud Unida Universitario,Ciudad de Bolívar,1,0,,,Torneo Federal A,2021,zonas,Zona A,Fecha 2,Mario Sebastián Diez,false,https://es.wikipedia.org/wiki/Torneo_Federal_A_2021,
2021-04-18,16:00,Sansinena,Deportivo Camioneros,2,1,,,Torneo Federal A,2021,zonas,Zona A,Fecha 2,Luis Molina,false,https://es.wikipedia.org/wiki/Torneo_Federal_A_2021,
2021-04-18,16:00,Sportivo Belgrano,Defensores de Belgrano (VR),2,2,,,Torneo Federal A,2021,zonas,Zona B,Fecha 2,Oscar Carlos Boero,false,https://es.wikipedia.org/wiki/Torneo_Federal_A_2021,
2021-04-18,16:00,Villa Mitre,Sol de Mayo (V),2,0,,,Torneo Federal A,2021,zonas,Zona A,Fecha 2,El Fortín,false,https://es.wikipedia.org/wiki/Torneo_Federal_A_2021,
2021-04-18,16:30,Gimnasia y Tiro (S),Crucero del Norte,2,0,,,Torneo Federal A,2021,zonas,Zona B,Fecha 2,El Gigante del Norte,false,https://es.wikipedia.org/wiki/Torneo_Federal_A_2021,
2021-04-18,16:30,San Martín (SJ),San Telmo,5,0,,,Primera Nacional,2021,zonas,Zona B,Fecha 6,Ingeniero Hilario Sánchez,false,https://es.wikipedia.org/wiki/Campeonato_de_Primera_Nacional_2021,
2021-04-18,17:00,Ferro Carril Oeste (GP),Deportivo Madryn,0,3,,,Torneo Federal A,2021,zonas,Zona A,Fecha 2,El Coloso del Barrio Talleres,false,https://es.wikipedia.org/wiki/Torneo_Federal_A_2021,
2021-04-18,17:30,Sarmiento (R),Unión (S),0,0,,,Torneo Federal A,2021,zonas,Zona B,Fecha 2,Centenario,false,https://es.wikipedia.org/wiki/Torneo_Federal_A_2021,
2021-04-18,18:00,Independiente,Defensa y Justicia,1,0,,,Copa de la Liga,2021,zonas,Zona B,Fecha 10,Libertadores de América,false,https://es.wikipedia.org/wiki/Copa_de_la_Liga_Profesional_2021,
2021-04-18,19:00,Sportivo Las Parejas,Racing (C),0,0,,,Torneo Federal A,2021,zonas,Zona B,Fecha 2,4 de Septiembre,false,https://es.wikipedia.org/wiki/Torneo_Federal_A_2021,
2021-04-18,20:00,Independiente Rivadavia,Güemes (SdE),1,1,,,Primera Nacional,2021,zonas,Zona B,Fecha 6,Bautista Gargantini,false,https://es.wikipedia.org/wiki/Campeonato_de_Primera_Nacional_2021,
2021-04-18,21:00,Colón,Godoy Cruz,2,2,,,Copa de la Liga,2021,zonas,Zona A,Fecha 10,Brigadier Estanislao López,false,https://es.wikipedia.org/wiki/Copa_de_la_Liga_Profesional_2021,
2021-04-19,15:10,Nueva Chicago,San Martín (T),0,1,,,Primera Nacional,2021,zonas,Zona A,Fecha 6,República de Mataderos,false,https://es.wikipedia.org/wiki/Campeonato_de_Primera_Nacional_2021,
2021-04-19,15:30,Victoriano Arenas,Claypole,0,1,,,Primera C,2021,zonas,Torneo Apertura,Fecha 8,Saturnino Moure,false,https://es.wikipedia.org/wiki/Campeonato_de_Primera_C_2021_(Argentina),
2021-04-19,17:10,Tigre,Deportivo Maipú,1,0,,,Primera Nacional,2021,zonas,Zona A,Fecha 6,Monumental de Victoria,false,https://es.wikipedia.org/wiki/Campeonato_de_Primera_Nacional_2021,
2021-04-19,18:00,Banfield,Platense,0,1,,,Copa de la Liga,2021,zonas,Zona A,Fecha 10,Florencio Sola,false,https://es.wikipedia.org/wiki/Copa_de_la_Liga_Profesional_2021,
2021-04-19,19:30,Quilmes,Agropecuario,0,0,,,Primera Nacional,2021,zonas,Zona A,Fecha 6,Centenario Ciudad de Quilmes,false,https://es.wikipedia.org/wiki/Campeonato_de_Primera_Nacional_2021,
2021-04-19,21:10,Chacarita Juniors,Belgrano,2,0,,,Primera Nacional,2021,zonas,Zona A,Fecha 6,Chacarita Juniors,false,https://es.wikipedia.org/wiki/Campeonato_de_Primera_Nacional_2021,
2021-04-20,21:10,Mitre (SdE),Gimnasia y Esgrima (M),1,2,,,Primera Nacional,2021,zonas,Zona A,Fecha 6,Doctores José y Antonio Castiglione,false,https://es.wikipedia.org/wiki/Campeonato_de_Primera_Nacional_2021,
2021-04-23,15:30,Berazategui,San Martín (B),2,3,,,Primera C,2021,zonas,Torneo Apertura,Fecha 9,Norman Lee,false,https://es.wikipedia.org/wiki/Campeonato_de_Primera_C_2021_(Argentina),
2021-04-23,15:30,Dock Sud,Luján,1,1,,,Primera C,2021,zonas,Torneo Apertura,Fecha 9,De los Inmigrantes,false,https://es.wikipedia.org/wiki/Campeonato_de_Primera_C_2021_(Argentina),
2021-04-23,15:30,Fénix,Villa San Carlos,2,1,,,Primera B,2021,zonas,Torneo Apertura,Fecha 8,José Manuel Moreno,false,https://es.wikipedia.org/wiki/Campeonato_de_Primera_B_2021_(Argentina),
2021-04-23,17:00,Los Andes,Comunicaciones,2,1,,,Primera B,2021,zonas,Torneo Apertura,Fecha 8,Eduardo Gallardón,false,https://es.wikipedia.org/wiki/Campeonato_de_Primera_B_2021_(Argentina),
2021-04-23,17:00,Sportivo Estudiantes (SL),Cipolletti,0,1,,,Torneo Federal A,2021,zonas,Zona A,Fecha 3,Héctor Odicino y Pedro Benoza,false,https://es.wikipedia.org/wiki/Torneo_Federal_A_2021,
2021-04-23,21:15,Godoy Cruz,Central Córdoba (SdE),1,0,,,Copa de la Liga,2021,zonas,Zona A,Fecha 11,Feliciano Gambarte,false,https://es.wikipedia.org/wiki/Copa_de_la_Liga_Profesional_2021,
2021-04-24,13:30,Patronato,Sarmiento (J),1,0,,,Copa de la Liga,2021,zonas,Zona B,Fecha 11,Presbítero Bartolomé Grella,false,https://es.wikipedia.org/wiki/Copa_de_la_Liga_Profesional_2021,
2021-04-24,14:00,All Boys,Gimnasia y Esgrima (J),1,0,,,Primera Nacional,2021,zonas,Zona B,Fecha 7,Islas Malvinas,false,https://es.wikipedia.org/wiki/Campeonato_de_Primera_Nacional_2021,
2021-04-24,15:00,Almagro,Guillermo Brown,2,2,,,Primera Nacional,2021,zonas,Zona B,Fecha 7,Tres de Febrero,false,https://es.wikipedia.org/wiki/Campeonato_de_Primera_Nacional_2021,
2021-04-24,15:00,Ramón Santamarina,Brown de Adrogué,0,0,,,Primera Nacional,2021,zonas,Zona B,Fecha 7,Municipal General San Martín,false,https://es.wikipedia.org/wiki/Campeonato_de_Primera_Nacional_2021,
2021-04-24,15:00,Tristán Suárez,Instituto,2,2,,,Primera Nacional,2021,zonas,Zona B,Fecha 7,20 de Octubre,false,https://es.wikipedia.org/wiki/Campeonato_de_Primera_Nacional_2021,
2021-04-24,15:30,Acassuso,Deportivo Merlo,1,1,,,Primera B,2021,zonas,Torneo Apertura,Fecha 8,Armenia,false,https://es.wikipedia.org/wiki/Campeonato_de_Primera_B_2021_(Argentina),
2021-04-24,15:30,Argentino de Quilmes,UAI Urquiza,2,3,,,Primera B,2021,zonas,Torneo Apertura,Fecha 8,Argentino de Quilmes,false,https://es.wikipedia.org/wiki/Campeonato_de_Primera_B_2021_(Argentina),
2021-04-24,15:30,Deportivo Laferrere,Ferrocarril Midland,2,0,,,Primera C,2021,zonas,Torneo Apertura,Fecha 9,Ciudad de Laferrere,false,https://es.wikipedia.org/wiki/Campeonato_de_Primera_C_2021_(Argentina),
2021-04-24,15:30,Ferro Carril Oeste,Barracas Central,2,1,,,Primera Nacional,2021,zonas,Zona B,Fecha 7,Arquitecto Ricardo Etcheverri,false,https://es.wikipedia.org/wiki/Campeonato_de_Primera_Nacional_2021,
2021-04-24,15:30,Ituzaingó,Deportivo Español,1,0,,,Primera C,2021,zonas,Torneo Apertura,Fecha 9,Carlos Alberto Sacaan,false,https://es.wikipedia.org/wiki/Campeonato_de_Primera_C_2021_(Argentina),
2021-04-24,15:30,Leandro N. Alem,Sportivo Italiano,0,2,,,Primera C,2021,zonas,Torneo Apertura,Fecha 9,Leandro N. Alem,false,https://es.wikipedia.org/wiki/Campeonato_de_Primera_C_2021_(Argentina),
2021-04-24,15:30,Real Pilar,Victoriano Arenas,2,1,,,Primera C,2021,zonas,Torneo Apertura,Fecha 9,Carlos Barraza,false,https://es.wikipedia.org/wiki/Campeonato_de_Primera_C_2021_(Argentina),
2021-04-24,15:30,Temperley,Estudiantes (BA),3,2,,,Primera Nacional,2021,zonas,Zona A,Fecha 7,Alfredo Beranger,false,https://es.wikipedia.org/wiki/Campeonato_de_Primera_Nacional_2021,
2021-04-24,15:45,Argentinos Juniors,Banfield,1,1,,,Copa de la Liga,2021,zonas,Zona A,Fecha 11,Diego Armando Maradona,false,https://es.wikipedia.org/wiki/Copa_de_la_Liga_Profesional_2021,
2021-04-24,16:00,Crucero del Norte,Sarmiento (R),1,0,,,Torneo Federal A,2021,zonas,Zona B,Fecha 3,Comandante Andrés Guacurarí,false,https://es.wikipedia.org/wiki/Torneo_Federal_A_2021,
2021-04-24,16:00,Defensores de Belgrano,San Martín (SJ),1,1,,,Primera Nacional,2021,zonas,Zona B,Fecha 7,Juan Pasquale,false,https://es.wikipedia.org/wiki/Campeonato_de_Primera_Nacional_2021,
2021-04-24,16:00,Deportivo Madryn,Villa Mitre,3,0,,,Torneo Federal A,2021,zonas,Zona A,Fecha 3,Abel Sastre,false,https://es.wikipedia.org/wiki/Torneo_Federal_A_2021,
2021-04-24,18:00,Huracán,Boca Juniors,0,2,,,Copa de la Liga,2021,zonas,Zona B,Fecha 11,Tomás A. Ducó,false,https://es.wikipedia.org/wiki/Copa_de_la_Liga_Profesional_2021,
2021-04-24,21:00,Unión,Independiente,0,0,,,Copa de la Liga,2021,zonas,Zona B,Fecha 11,15 de abril,false,https://es.wikipedia.org/wiki/Copa_de_la_Liga_Profesional_2021,
2021-04-25,11:00,Lanús,Vélez Sarsfield,1,2,,,Copa de la Liga,2021,zonas,Zona B,Fecha 11,Ciudad de Lanús,false,https://es.wikipedia.org/wiki/Copa_de_la_Liga_Profesional_2021,
2021-04-25,13:30,Defensa y Justicia,Arsenal,0,1,,,Copa de la Liga,2021,zonas,Interzonal,Fecha 11,Norberto Tomaghello,false,https://es.wikipedia.org/wiki/Copa_de_la_Liga_Profesional_2021,
2021-04-25,13:30,J. J. de Urquiza,Talleres (RdE),2,1,,,Primera B,2021,zonas,Torneo Apertura,Fecha 8,Ramón Roque Martín,false,https://es.wikipedia.org/wiki/Campeonato_de_Primera_B_2021_(Argentina),
2021-04-25,14:00,Deportivo Morón,Independiente Rivadavia,2,2,,,Primera Nacional,2021,zonas,Zona B,Fecha 7,Nuevo Francisco Urbano,false,https://es.wikipedia.org/wiki/Campeonato_de_Primera_Nacional_2021,
2021-04-25,15:30,Argentino de Merlo,El Porvenir,2,0,,,Primera C,2021,zonas,Torneo Apertura,Fecha 9,Merlo,false,https://es.wikipedia.org/wiki/Campeonato_de_Primera_C_2021_(Argentina),
2021-04-25,15:30,Cañuelas,Flandria,0,2,,,Primera B,2021,zonas,Torneo Apertura,Fecha 8,Jorge Alfredo Arín,false,https://es.wikipedia.org/wiki/Campeonato_de_Primera_B_2021_(Argentina),
2021-04-25,15:30,Ciudad de Bolívar,Independiente (C),0,0,,,Torneo Federal A,2021,zonas,Zona A,Fecha 3,Municipal Eva Perón,false,https://es.wikipedia.org/wiki/Torneo_Federal_A_2021,
2021-04-25,15:30,Claypole,Atlas,1,1,,,Primera C,2021,zonas,Torneo Apertura,Fecha 9,Rodolfo Capocasa,false,https://es.wikipedia.org/wiki/Campeonato_de_Primera_C_2021_(Argentina),
2021-04-25,15:30,Deportivo Camioneros,Juventud Unida Universitario,0,1,,,Torneo Federal A,2021,zonas,Zona A,Fecha 3,Hugo Moyano,false,https://es.wikipedia.org/wiki/Torneo_Federal_A_2021,
2021-04-25,15:30,Sacachispas,San Miguel,1,0,,,Primera B,2021,zonas,Torneo Apertura,Fecha 8,Beto Larrosa,false,https://es.wikipedia.org/wiki/Campeonato_de_Primera_B_2021_(Argentina),
2021-04-25,15:30,San Telmo,Villa Dálmine,1,0,,,Primera Nacional,2021,zonas,Zona B,Fecha 7,Dr. Osvaldo Baletto,false,https://es.wikipedia.org/wiki/Campeonato_de_Primera_Nacional_2021,
2021-04-25,15:30,Sol de Mayo (V),Desamparados,3,2,,,Torneo Federal A,2021,zonas,Zona A,Fecha 3,Sol de Mayo,false,https://es.wikipedia.org/wiki/Torneo_Federal_A_2021,
2021-04-25,15:45,Chaco For Ever,Juventud Unida (G),5,0,,,Torneo Federal A,2021,zonas,Zona B,Fecha 3,Juan Alberto García,false,https://es.wikipedia.org/wiki/Torneo_Federal_A_2021,
2021-04-25,15:45,Deportivo Maipú,Alvarado,1,0,,,Primera Nacional,2021,zonas,Zona A,Fecha 7,Omar Higinio Sperdutti,false,https://es.wikipedia.org/wiki/Campeonato_de_Primera_Nacional_2021,
2021-04-25,15:45,Racing Club,Colón,2,1,,,Copa de la Liga,2021,zonas,Zona A,Fecha 11,El Cilindro,false,https://es.wikipedia.org/wiki/Copa_de_la_Liga_Profesional_2021,
2021-04-25,16:00,Belgrano,Nueva Chicago,0,0,,,Primera Nacional,2021,zonas,Zona A,Fecha 7,Gigante de Alberdi,false,https://es.wikipedia.org/wiki/Campeonato_de_Primera_Nacional_2021,
2021-04-25,16:00,Defensores de Belgrano (VR),Defensores de Pronunciamiento,1,0,,,Torneo Federal A,2021,zonas,Zona B,Fecha 3,Salomón Boeseldín,false,https://es.wikipedia.org/wiki/Torneo_Federal_A_2021,
2021-04-25,16:00,Gimnasia y Esgrima (CdU),Sportivo Las Parejas,1,0,,,Torneo Federal A,2021,zonas,Zona B,Fecha 3,Manuel y Ramón Núñez,false,https://es.wikipedia.org/wiki/Torneo_Federal_A_2021,
2021-04-25,16:00,Olimpo,Ferro Carril Oeste (GP),2,1,,,Torneo Federal A,2021,zonas,Zona A,Fecha 3,Roberto N. Carminatti,false,https://es.wikipedia.org/wiki/Torneo_Federal_A_2021,
2021-04-25,16:00,Racing (C),Boca Unidos,2,0,,,Torneo Federal A,2021,zonas,Zona B,Fecha 3,Miguel Sancho,false,https://es.wikipedia.org/wiki/Torneo_Federal_A_2021,
2021-04-25,16:00,Sportivo Peñarol (C),Círculo Deportivo,2,2,,,Torneo Federal A,2021,zonas,Zona A,Fecha 3,Ramón Pablo Rojas,false,https://es.wikipedia.org/wiki/Torneo_Federal_A_2021,
2021-04-25,16:30,Central Norte (S),Gimnasia y Tiro (S),1,1,,,Torneo Federal A,2021,zonas,Zona B,Fecha 3,Padre Ernesto Martearena,false,https://es.wikipedia.org/wiki/Torneo_Federal_A_2021,
2021-04-25,18:00,River Plate,San Lorenzo,1,2,,,Copa de la Liga,2021,zonas,Zona A,Fecha 11,Monumental,false,https://es.wikipedia.org/wiki/Copa_de_la_Liga_Profesional_2021,
2021-04-25,18:00,Unión (S),Sportivo Belgrano,0,2,,,Torneo Federal A,2021,zonas,Zona B,Fecha 3,De la Avenida,false,https://es.wikipedia.org/wiki/Torneo_Federal_A_2021,
2021-04-25,20:00,Güemes (SdE),Atlético de Rafaela,0,2,,,Primera Nacional,2021,zonas,Zona B,Fecha 7,Único Madre de Ciudades,false,https://es.wikipedia.org/wiki/Campeonato_de_Primera_Nacional_2021,
2021-04-25,21:00,Atlético Tucumán,Talleres (C),2,3,,,Copa de la Liga,2021,zonas,Zona B,Fecha 11,Monumental José Fierro,false,https://es.wikipedia.org/wiki/Copa_de_la_Liga_Profesional_2021,
2021-04-25,21:00,Rosario Central,Estudiantes (LP),0,1,,,Copa de la Liga,2021,zonas,Zona A,Fecha 11,Gigante de Arroyito,false,https://es.wikipedia.org/wiki/Copa_de_la_Liga_Profesional_2021,
2021-04-26,14:00,Gimnasia y Esgrima (M),Atlanta,1,2,,,Primera Nacional,2021,zonas,Zona A,Fecha 7,Víctor Antonio Legrotaglie,false,https://es.wikipedia.org/wiki/Campeonato_de_Primera_Nacional_2021,
2021-04-26,15:05,Deportivo Riestra,Chacarita Juniors,4,0,,,Primera Nacional,2021,zonas,Zona A,Fecha 7,Guillermo Laza,false,https://es.wikipedia.org/wiki/Campeonato_de_Primera_Nacional_2021,
2021-04-26,15:30,Excursionistas,Central Córdoba (R),0,1,,,Primera C,2021,zonas,Torneo Apertura,Fecha 9,Excursionistas,false,https://es.wikipedia.org/wiki/Campeonato_de_Primera_C_2021_(Argentina),
2021-04-26,15:45,Platense,Aldosivi,0,2,,,Copa de la Liga,2021,zonas,Zona A,Fecha 11,Ciudad de Vicente López,false,https://es.wikipedia.org/wiki/Copa_de_la_Liga_Profesional_2021,
2021-04-26,16:00,Agropecuario,Tigre,0,0,,,Primera Nacional,2021,zonas,Zona A,Fecha 7,Ofelia Rosenzuaig,false,https://es.wikipedia.org/wiki/Campeonato_de_Primera_Nacional_2021,
2021-04-26,16:30,Huracán Las Heras,Sansinena,1,2,,,Torneo Federal A,2021,zonas,Zona A,Fecha 3,General San Martín,false,https://es.wikipedia.org/wiki/Torneo_Federal_A_2021,
2021-04-26,18:00,Estudiantes (RC),Mitre (SdE),2,1,,,Primera Nacional,2021,zonas,Zona A,Fecha 7,Antonio Candini,false,https://es.wikipedia.org/wiki/Campeonato_de_Primera_Nacional_2021,
2021-04-26,18:00,Gimnasia y Esgrima (LP),Newell's Old Boys,2,1,,,Copa de la Liga,2021,zonas,Zona B,Fecha 11,Del Bosque,false,https://es.wikipedia.org/wiki/Copa_de_la_Liga_Profesional_2021,
2021-04-26,18:00,San Martín (T),Almirante Brown,2,2,,,Primera Nacional,2021,zonas,Zona A,Fecha 7,La Ciudadela,false,https://es.wikipedia.org/wiki/Campeonato_de_Primera_Nacional_2021,
2021-04-27,15:30,Colegiales,Deportivo Armenio,1,0,,,Primera B,2021,zonas,Torneo Apertura,Fecha 8,Libertarios Unidos,false,https://es.wikipedia.org/wiki/Campeonato_de_Primera_B_2021_(Argentina),
2021-04-30,15:00,Brown de Adrogué,Almagro,2,0,,,Primera Nacional,2021,zonas,Zona B,Fecha 8,Lorenzo Arandilla,false,https://es.wikipedia.org/wiki/Campeonato_de_Primera_Nacional_2021,
2021-04-30,15:00,Instituto,Gimnasia y Esgrima (J),1,2,,,Primera Nacional,2021,zonas,Zona B,Fecha 8,Juan Domingo Perón,false,https://es.wikipedia.org/wiki/Campeonato_de_Primera_Nacional_2021,
2021-04-30,15:05,Talleres (RdE),Argentino de Quilmes,2,0,,,Primera B,2021,zonas,Torneo Apertura,Fecha 9,Talleres,false,https://es.wikipedia.org/wiki/Campeonato_de_Primera_B_2021_(Argentina),
2021-04-30,15:30,Deportivo Español,Dock Sud,0,1,,,Primera C,2021,zonas,Torneo Apertura,Fecha 10,Nueva España,false,https://es.wikipedia.org/wiki/Campeonato_de_Primera_C_2021_(Argentina),
2021-04-30,15:30,Luján,Deportivo Laferrere,0,0,,,Primera C,2021,zonas,Torneo Apertura,Fecha 10,Municipal de Luján,false,https://es.wikipedia.org/wiki/Campeonato_de_Primera_C_2021_(Argentina),
2021-04-30,15:30,Sportivo Italiano,Argentino de Merlo,3,2,,,Primera C,2021,zonas,Torneo Apertura,Fecha 10,República de Italia,false,https://es.wikipedia.org/wiki/Campeonato_de_Primera_C_2021_(Argentina),
2021-04-30,15:30,Victoriano Arenas,General Lamadrid,1,0,,,Primera C,2021,zonas,Torneo Apertura,Fecha 10,Saturnino Moure,false,https://es.wikipedia.org/wiki/Campeonato_de_Primera_C_2021_(Argentina),
2021-04-30,16:00,Ferro Carril Oeste (GP),Sportivo Peñarol (C),3,2,,,Torneo Federal A,2021,zonas,Zona A,Fecha 4,El Coloso del Barrio Talleres,false,https://es.wikipedia.org/wiki/Torneo_Federal_A_2021,
2021-04-30,17:10,Estudiantes (BA),Deportivo Maipú,2,1,,,Primera Nacional,2021,zonas,Zona A,Fecha 8,Ciudad de Caseros,false,https://es.wikipedia.org/wiki/Campeonato_de_Primera_Nacional_2021,
2021-04-30,18:00,Vélez Sarsfield,Patronato,1,0,,,Copa de la Liga,2021,zonas,Zona B,Fecha 12,José Almafitani,false,https://es.wikipedia.org/wiki/Copa_de_la_Liga_Profesional_2021,
2021-04-30,21:00,Colón,Arsenal,2,0,,,Copa de la Liga,2021,zonas,Zona A,Fecha 12,Brigadier Estanislao López,false,https://es.wikipedia.org/wiki/Copa_de_la_Liga_Profesional_2021,
2021-05-02,10:00,Boca Juniors,Lanús,1,0,,,Copa de la Liga,2021,zonas,Zona B,Fecha 12,La Bombonera,false,https://es.wikipedia.org/wiki/Copa_de_la_Liga_Profesional_2021,
2021-05-02,12:00,UAI Urquiza,Los Andes,1,1,,,Primera B,2021,zonas,Torneo Apertura,Fecha 9,Monumental de Villa Lynch,false,https://es.wikipedia.org/wiki/Campeonato_de_Primera_B_2021_(Argentina),
2021-05-02,12:10,Defensa y Justicia,Unión,0,1,,,Copa de la Liga,2021,zonas,Zona B,Fecha 12,Norberto Tomaghello,false,https://es.wikipedia.org/wiki/Copa_de_la_Liga_Profesional_2021,
2021-05-02,12:10,Independiente,Atlético Tucumán,0,1,,,Copa de la Liga,2021,zonas,Zona B,Fecha 12,Libertadores de América,false,https://es.wikipedia.org/wiki/Copa_de_la_Liga_Profesional_2021,
2021-05-02,14:10,Almirante Brown,Belgrano,1,0,,,Primera Nacional,2021,zonas,Zona A,Fecha 8,Fragata Sarmiento,false,https://es.wikipedia.org/wiki/Campeonato_de_Primera_Nacional_2021,
2021-05-02,14:20,San Lorenzo,Godoy Cruz,1,0,,,Copa de la Liga,2021,zonas,Zona A,Fecha 12,Nuevo Gasómetro,false,https://es.wikipedia.org/wiki/Copa_de_la_Liga_Profesional_2021,
2021-05-02,14:20,Talleres (C),Huracán,1,1,,,Copa de la Liga,2021,zonas,Zona B,Fecha 12,Mario Alberto Kempes,false,https://es.wikipedia.org/wiki/Copa_de_la_Liga_Profesional_2021,
2021-05-02,15:00,Atlético de Rafaela,Deportivo Morón,3,1,,,Primera Nacional,2021,zonas,Zona B,Fecha 8,Nuevo Monumental,false,https://es.wikipedia.org/wiki/Campeonato_de_Primera_Nacional_2021,
2021-05-02,15:00,Guillermo Brown,Güemes (SdE),1,2,,,Primera Nacional,2021,zonas,Zona B,Fecha 8,Raúl Conti,false,https://es.wikipedia.org/wiki/Campeonato_de_Primera_Nacional_2021,
2021-05-02,15:30,Atlas,Real Pilar,1,1,,,Primera C,2021,zonas,Torneo Apertura,Fecha 10,Ricardo Puga,false,https://es.wikipedia.org/wiki/Campeonato_de_Primera_C_2021_(Argentina),
2021-05-02,15:30,Comunicaciones,Colegiales,0,1,,,Primera B,2021,zonas,Torneo Apertura,Fecha 9,Alfredo Ramos,false,https://es.wikipedia.org/wiki/Campeonato_de_Primera_B_2021_(Argentina),
2021-05-02,15:30,Círculo Deportivo,Sportivo Estudiantes (SL),0,0,,,Torneo Federal A,2021,zonas,Zona A,Fecha 4,Guillermo Trama,false,https://es.wikipedia.org/wiki/Torneo_Federal_A_2021,
2021-05-02,15:30,Defensores de Pronunciamiento,Unión (S),2,2,,,Torneo Federal A,2021,zonas,Zona B,Fecha 4,Delio Cardozo,false,https://es.wikipedia.org/wiki/Torneo_Federal_A_2021,
2021-05-02,15:30,Deportivo Armenio,Fénix,1,1,,,Primera B,2021,zonas,Torneo Apertura,Fecha 9,Armenia,false,https://es.wikipedia.org/wiki/Campeonato_de_Primera_B_2021_(Argentina),
2021-05-02,15:30,Deportivo Camioneros,Ciudad de Bolívar,0,3,,,Torneo Federal A,2021,zonas,Zona A,Fecha 4,Hugo Moyano,false,https://es.wikipedia.org/wiki/Torneo_Federal_A_2021,
2021-05-02,15:30,Deportivo Merlo,Sacachispas,0,1,,,Primera B,2021,zonas,Torneo Apertura,Fecha 9,José Manuel Moreno,false,https://es.wikipedia.org/wiki/Campeonato_de_Primera_B_2021_(Argentina),
2021-05-02,15:30,Flandria,Acassuso,1,1,,,Primera B,2021,zonas,Torneo Apertura,Fecha 9,Carlos V,false,https://es.wikipedia.org/wiki/Campeonato_de_Primera_B_2021_(Argentina),
2021-05-02,15:30,Independiente Rivadavia,Ferro Carril Oeste,1,2,,,Primera Nacional,2021,zonas,Zona B,Fecha 8,Omar Higinio Sperdutti,false,https://es.wikipedia.org/wiki/Campeonato_de_Primera_Nacional_2021,
2021-05-02,15:30,Juventud Unida (G),Racing (C),0,0,,,Torneo Federal A,2021,zonas,Zona B,Fecha 4,De los Eucaliptos,false,https://es.wikipedia.org/wiki/Torneo_Federal_A_2021,
2021-05-02,15:30,San Martín (B),Leandro N. Alem,3,2,,,Primera C,2021,zonas,Torneo Apertura,Fecha 10,Francisco Boga,false,https://es.wikipedia.org/wiki/Campeonato_de_Primera_C_2021_(Argentina),
2021-05-02,15:30,San Miguel,J. J. de Urquiza,0,1,,,Primera B,2021,zonas,Torneo Apertura,Fecha 9,Malvinas Argentinas,false,https://es.wikipedia.org/wiki/Campeonato_de_Primera_B_2021_(Argentina),
2021-05-02,15:30,San Telmo,All Boys,1,1,,,Primera Nacional,2021,zonas,Zona B,Fecha 8,Dr. Osvaldo Baletto,false,https://es.wikipedia.org/wiki/Campeonato_de_Primera_Nacional_2021,
2021-05-02,15:30,Villa Mitre,Olimpo,5,1,,,Torneo Federal A,2021,zonas,Zona A,Fecha 4,El Fortín,false,https://es.wikipedia.org/wiki/Torneo_Federal_A_2021,
2021-05-02,15:30,Villa San Carlos,Defensores Unidos,1,0,,,Primera B,2021,zonas,Torneo Apertura,Fecha 9,Genacio Sálice,false,https://es.wikipedia.org/wiki/Campeonato_de_Primera_B_2021_(Argentina),
2021-05-02,15:45,Gimnasia y Tiro (S),Chaco For Ever,1,1,,,Torneo Federal A,2021,zonas,Zona B,Fecha 4,El Gigante del Norte,false,https://es.wikipedia.org/wiki/Torneo_Federal_A_2021,
2021-05-02,16:00,Boca Unidos,Gimnasia y Esgrima (CdU),1,0,,,Torneo Federal A,2021,zonas,Zona B,Fecha 4,Leoncio Benítez,false,https://es.wikipedia.org/wiki/Torneo_Federal_A_2021,
2021-05-02,16:00,Cipolletti,Independiente (C),1,1,,,Torneo Federal A,2021,zonas,Zona A,Fecha 4,La Visera de Cemento,false,https://es.wikipedia.org/wiki/Torneo_Federal_A_2021,
2021-05-02,16:00,Desamparados,Deportivo Madryn,2,1,,,Torneo Federal A,2021,zonas,Zona A,Fecha 4,El Serpentario,false,https://es.wikipedia.org/wiki/Torneo_Federal_A_2021,
2021-05-02,16:00,Juventud Unida Universitario,Huracán Las Heras,1,0,,,Torneo Federal A,2021,zonas,Zona A,Fecha 4,Mario Sebastián Diez,false,https://es.wikipedia.org/wiki/Torneo_Federal_A_2021,
2021-05-02,16:00,Sansinena,Sol de Mayo (V),0,1,,,Torneo Federal A,2021,zonas,Zona A,Fecha 4,Luis Molina,false,https://es.wikipedia.org/wiki/Torneo_Federal_A_2021,
2021-05-02,16:00,Sarmiento (R),Central Norte (S),1,1,,,Torneo Federal A,2021,zonas,Zona B,Fecha 4,Centenario,false,https://es.wikipedia.org/wiki/Torneo_Federal_A_2021,
2021-05-02,16:00,Sportivo Belgrano,Crucero del Norte,3,1,,,Torneo Federal A,2021,zonas,Zona B,Fecha 4,Oscar Carlos Boero,false,https://es.wikipedia.org/wiki/Torneo_Federal_A_2021,
2021-05-02,16:00,Sportivo Las Parejas,Douglas Haig,0,2,,,Torneo Federal A,2021,zonas,Zona B,Fecha 4,4 de Septiembre,false,https://es.wikipedia.org/wiki/Torneo_Federal_A_2021,
2021-05-02,16:30,Banfield,River Plate,1,0,,,Copa de la Liga,2021,zonas,Zona A,Fecha 12,Florencio Sola,false,https://es.wikipedia.org/wiki/Copa_de_la_Liga_Profesional_2021,
2021-05-02,16:30,San Martín (SJ),Ramón Santamarina,0,2,,,Primera Nacional,2021,zonas,Zona B,Fecha 8,San Juan del Bicentenario,false,https://es.wikipedia.org/wiki/Campeonato_de_Primera_Nacional_2021,
2021-05-02,18:40,Aldosivi,Argentinos Juniors,1,3,,,Copa de la Liga,2021,zonas,Zona A,Fecha 12,José María Minella,false,https://es.wikipedia.org/wiki/Copa_de_la_Liga_Profesional_2021,
2021-05-02,18:40,Central Córdoba (SdE),Racing Club,1,0,,,Copa de la Liga,2021,zonas,Zona A,Fecha 12,Único Madre de Ciudades,false,https://es.wikipedia.org/wiki/Copa_de_la_Liga_Profesional_2021,
2021-05-02,21:00,Rosario Central,Newell's Old Boys,3,0,,,Copa de la Liga,2021,zonas,Interzonal,Fecha 12,Gigante de Arroyito,false,https://es.wikipedia.org/wiki/Copa_de_la_Liga_Profesional_2021,
2021-05-03,15:00,Nueva Chicago,Deportivo Riestra,2,3,,,Primera Nacional,2021,zonas,Zona A,Fecha 8,República de Mataderos,false,https://es.wikipedia.org/wiki/Campeonato_de_Primera_Nacional_2021,
2021-05-03,15:05,Atlanta,Estudiantes (RC),1,0,,,Primera Nacional,2021,zonas,Zona A,Fecha 8,Don León Kolbowsky,false,https://es.wikipedia.org/wiki/Campeonato_de_Primera_Nacional_2021,
2021-05-03,15:05,Chacarita Juniors,Gimnasia y Esgrima (M),0,4,,,Primera Nacional,2021,zonas,Zona A,Fecha 8,Chacarita Juniors,false,https://es.wikipedia.org/wiki/Campeonato_de_Primera_Nacional_2021,
2021-05-03,15:30,Barracas Central,Tristán Suárez,3,1,,,Primera Nacional,2021,zonas,Zona B,Fecha 8,Claudio Chiqui Tapia,false,https://es.wikipedia.org/wiki/Campeonato_de_Primera_Nacional_2021,
2021-05-03,15:30,Central Córdoba (R),Berazategui,0,0,,,Primera C,2021,zonas,Torneo Apertura,Fecha 10,Gabino Sosa,false,https://es.wikipedia.org/wiki/Campeonato_de_Primera_C_2021_(Argentina),
2021-05-03,15:30,El Porvenir,Ituzaingó,1,0,,,Primera C,2021,zonas,Torneo Apertura,Fecha 10,Gildo Ghersinich,false,https://es.wikipedia.org/wiki/Campeonato_de_Primera_C_2021_(Argentina),
2021-05-03,15:30,Ferrocarril Midland,Claypole,1,1,,,Primera C,2021,zonas,Torneo Apertura,Fecha 10,Ciudad de Libertad,false,https://es.wikipedia.org/wiki/Campeonato_de_Primera_C_2021_(Argentina),
2021-05-03,15:45,Sarmiento (J),Gimnasia y Esgrima (LP),0,0,,,Copa de la Liga,2021,zonas,Zona B,Fecha 12,Eva Perón,false,https://es.wikipedia.org/wiki/Copa_de_la_Liga_Profesional_2021,
2021-05-03,17:10,Tigre,Quilmes,1,0,,,Primera Nacional,2021,zonas,Zona A,Fecha 8,Monumental de Victoria,false,https://es.wikipedia.org/wiki/Campeonato_de_Primera_Nacional_2021,
2021-05-03,18:00,Estudiantes (LP),Platense,2,0,,,Copa de la Liga,2021,zonas,Zona A,Fecha 12,Jorge Luis Hirschi,false,https://es.wikipedia.org/wiki/Copa_de_la_Liga_Profesional_2021,
2021-05-03,19:30,Alvarado,Agropecuario,2,0,,,Primera Nacional,2021,zonas,Zona A,Fecha 8,José María Minella,false,https://es.wikipedia.org/wiki/Campeonato_de_Primera_Nacional_2021,
2021-05-03,21:10,Mitre (SdE),Temperley,1,1,,,Primera Nacional,2021,zonas,Zona A,Fecha 8,Doctores José y Antonio Castiglione,false,https://es.wikipedia.org/wiki/Campeonato_de_Primera_Nacional_2021,
2021-05-04,15:10,Villa Dálmine,Defensores de Belgrano,0,0,,,Primera Nacional,2021,zonas,Zona B,Fecha 8,El Coliseo de Mitre y Puccini,false,https://es.wikipedia.org/wiki/Campeonato_de_Primera_Nacional_2021,
2021-05-07,15:30,General Lamadrid,Atlas,1,0,,,Primera C,2021,zonas,Torneo Apertura,Fecha 11,Enrique Sexto,false,https://es.wikipedia.org/wiki/Campeonato_de_Primera_C_2021_(Argentina),
2021-05-07,15:45,Deportivo Maipú,Mitre (SdE),1,1,,,Primera Nacional,2021,zonas,Zona A,Fecha 9,Omar Higinio Sperdutti,false,https://es.wikipedia.org/wiki/Campeonato_de_Primera_Nacional_2021,
2021-05-08,13:00,Godoy Cruz,Banfield,0,1,,,Copa de la Liga,2021,zonas,Zona A,Fecha 13,Feliciano Gambarte,false,https://es.wikipedia.org/wiki/Copa_de_la_Liga_Profesional_2021,
2021-05-08,14:00,Los Andes,Talleres (RdE),3,0,,,Primera B,2021,zonas,Torneo Apertura,Fecha 10,Eduardo Gallardón,false,https://es.wikipedia.org/wiki/Campeonato_de_Primera_B_2021_(Argentina),
2021-05-08,14:30,Belgrano,San Martín (T),0,1,,,Primera Nacional,2021,zonas,Zona A,Fecha 9,Gigante de Alberdi,false,https://es.wikipedia.org/wiki/Campeonato_de_Primera_Nacional_2021,
2021-05-08,15:00,Deportivo Morón,Guillermo Brown,0,0,,,Primera Nacional,2021,zonas,Zona B,Fecha 9,Nuevo Francisco Urbano,false,https://es.wikipedia.org/wiki/Campeonato_de_Primera_Nacional_2021,
2021-05-08,15:00,Tristán Suárez,Independiente Rivadavia,1,2,,,Primera Nacional,2021,zonas,Zona B,Fecha 9,20 de Octubre,false,https://es.wikipedia.org/wiki/Campeonato_de_Primera_Nacional_2021,
2021-05-08,15:30,Acassuso,Cañuelas,2,1,,,Primera B,2021,zonas,Torneo Apertura,Fecha 10,Armenia,false,https://es.wikipedia.org/wiki/Campeonato_de_Primera_B_2021_(Argentina),
2021-05-08,15:30,Argentino de Merlo,San Martín (B),2,1,,,Primera C,2021,zonas,Torneo Apertura,Fecha 11,Merlo,false,https://es.wikipedia.org/wiki/Campeonato_de_Primera_C_2021_(Argentina),
2021-05-08,15:30,Argentino de Quilmes,San Miguel,2,1,,,Primera B,2021,zonas,Torneo Apertura,Fecha 10,Argentino de Quilmes,false,https://es.wikipedia.org/wiki/Campeonato_de_Primera_B_2021_(Argentina),
2021-05-08,15:30,Atlético Tucumán,Defensa y Justicia,5,0,,,Copa de la Liga,2021,zonas,Zona B,Fecha 13,Monumental José Fierro,false,https://es.wikipedia.org/wiki/Copa_de_la_Liga_Profesional_2021,
2021-05-08,15:30,Colegiales,UAI Urquiza,3,1,,,Primera B,2021,zonas,Torneo Apertura,Fecha 10,Libertarios Unidos,false,https://es.wikipedia.org/wiki/Campeonato_de_Primera_B_2021_(Argentina),
2021-05-08,15:30,Defensores Unidos,Deportivo Armenio,2,0,,,Primera B,2021,zonas,Torneo Apertura,Fecha 10,Gigante de Villa Fox,false,https://es.wikipedia.org/wiki/Campeonato_de_Primera_B_2021_(Argentina),
2021-05-08,15:30,Deportivo Laferrere,Deportivo Español,1,1,,,Primera C,2021,zonas,Torneo Apertura,Fecha 11,Ciudad de Laferrere,false,https://es.wikipedia.org/wiki/Campeonato_de_Primera_C_2021_(Argentina),
2021-05-08,15:30,Dock Sud,El Porvenir,1,0,,,Primera C,2021,zonas,Torneo Apertura,Fecha 11,De los Inmigrantes,false,https://es.wikipedia.org/wiki/Campeonato_de_Primera_C_2021_(Argentina),
2021-05-08,15:30,Ferro Carril Oeste,Atlético de Rafaela,1,0,,,Primera Nacional,2021,zonas,Zona B,Fecha 9,Arquitecto Ricardo Etcheverri,false,https://es.wikipedia.org/wiki/Campeonato_de_Primera_Nacional_2021,
2021-05-08,15:30,Gimnasia y Esgrima (LP),Vélez Sarsfield,0,5,,,Copa de la Liga,2021,zonas,Zona B,Fecha 13,Del Bosque,false,https://es.wikipedia.org/wiki/Copa_de_la_Liga_Profesional_2021,
2021-05-08,15:30,Leandro N. Alem,Central Córdoba (R),0,1,,,Primera C,2021,zonas,Torneo Apertura,Fecha 11,Leandro N. Alem,false,https://es.wikipedia.org/wiki/Campeonato_de_Primera_C_2021_(Argentina),
2021-05-08,15:30,Sacachispas,Flandria,1,0,,,Primera B,2021,zonas,Torneo Apertura,Fecha 10,Beto Larrosa,false,https://es.wikipedia.org/wiki/Campeonato_de_Primera_B_2021_(Argentina),
2021-05-08,16:00,All Boys,Instituto,1,2,,,Primera Nacional,2021,zonas,Zona B,Fecha 9,Islas Malvinas,false,https://es.wikipedia.org/wiki/Campeonato_de_Primera_Nacional_2021,
2021-05-08,16:00,Crucero del Norte,Defensores de Pronunciamiento,0,0,,,Torneo Federal A,2021,zonas,Zona B,Fecha 5,Comandante Andrés Guacurarí,false,https://es.wikipedia.org/wiki/Torneo_Federal_A_2021,
2021-05-08,16:30,Sportivo Estudiantes (SL),Ferro Carril Oeste (GP),1,4,,,Torneo Federal A,2021,zonas,Zona A,Fecha 5,Héctor Odicino y Pedro Benoza,false,https://es.wikipedia.org/wiki/Torneo_Federal_A_2021,
2021-05-08,18:00,Patronato,Boca Juniors,1,0,,,Copa de la Liga,2021,zonas,Zona B,Fecha 13,Prestíbero Bartolomé Grella,false,https://es.wikipedia.org/wiki/Copa_de_la_Liga_Profesional_2021,
2021-05-09,10:00,Arsenal,Central Córdoba (SdE),1,1,,,Copa de la Liga,2021,zonas,Zona A,Fecha 13,El Viaducto,false,https://es.wikipedia.org/wiki/Copa_de_la_Liga_Profesional_2021,
2021-05-09,12:10,Argentinos Juniors,Estudiantes (LP),2,0,,,Copa de la Liga,2021,zonas,Zona A,Fecha 13,Diego Armando Maradona,false,https://es.wikipedia.org/wiki/Copa_de_la_Liga_Profesional_2021,
2021-05-09,14:00,Gimnasia y Esgrima (J),Barracas Central,2,1,,,Primera Nacional,2021,zonas,Zona B,Fecha 9,23 de Agosto,false,https://es.wikipedia.org/wiki/Campeonato_de_Primera_Nacional_2021,
2021-05-09,14:30,Platense,Rosario Central,4,1,,,Copa de la Liga,2021,zonas,Zona A,Fecha 13,Ciudad de Vicente López,false,https://es.wikipedia.org/wiki/Copa_de_la_Liga_Profesional_2021,
2021-05-09,14:30,Racing Club,San Lorenzo,2,0,,,Copa de la Liga,2021,zonas,Zona A,Fecha 13,El Cilindro,false,https://es.wikipedia.org/wiki/Copa_de_la_Liga_Profesional_2021,
2021-05-09,14:30,River Plate,Aldosivi,4,1,,,Copa de la Liga,2021,zonas,Zona A,Fecha 13,Monumental,false,https://es.wikipedia.org/wiki/Copa_de_la_Liga_Profesional_2021,
2021-05-09,15:00,Almagro,San Martín (SJ),0,1,,,Primera Nacional,2021,zonas,Zona B,Fecha 9,Tres de Febrero,false,https://es.wikipedia.org/wiki/Campeonato_de_Primera_Nacional_2021,
2021-05-09,15:00,Ramón Santamarina,Villa Dálmine,2,0,,,Primera Nacional,2021,zonas,Zona B,Fecha 9,Municipal General San Martín,false,https://es.wikipedia.org/wiki/Campeonato_de_Primera_Nacional_2021,
2021-05-09,15:00,Sol de Mayo (V),Juventud Unida Universitario,2,1,,,Torneo Federal A,2021,zonas,Zona A,Fecha 5,Sol de Mayo,false,https://es.wikipedia.org/wiki/Torneo_Federal_A_2021,
2021-05-09,15:30,Agropecuario,Estudiantes (BA),0,0,,,Primera Nacional,2021,zonas,Zona A,Fecha 9,Ofelia Rosenzuaig,false,https://es.wikipedia.org/wiki/Campeonato_de_Primera_Nacional_2021,
2021-05-09,15:30,Ciudad de Bolívar,Cipolletti,0,2,,,Torneo Federal A,2021,zonas,Zona A,Fecha 5,Municipal Eva Perón,false,https://es.wikipedia.org/wiki/Torneo_Federal_A_2021,
2021-05-09,15:30,Claypole,Luján,0,0,,,Primera C,2021,zonas,Torneo Apertura,Fecha 11,Rodolfo Capocasa,false,https://es.wikipedia.org/wiki/Campeonato_de_Primera_C_2021_(Argentina),
2021-05-09,15:30,Deportivo Madryn,Sansinena,1,0,,,Torneo Federal A,2021,zonas,Zona A,Fecha 5,Abel Sastre,false,https://es.wikipedia.org/wiki/Torneo_Federal_A_2021,
2021-05-09,15:30,Douglas Haig,Boca Unidos,1,2,,,Torneo Federal A,2021,zonas,Zona B,Fecha 5,Miguel Morales,false,https://es.wikipedia.org/wiki/Torneo_Federal_A_2021,
2021-05-09,15:30,Fénix,Comunicaciones,1,2,,,Primera B,2021,zonas,Torneo Apertura,Fecha 10,José Manuel Moreno,false,https://es.wikipedia.org/wiki/Campeonato_de_Primera_B_2021_(Argentina),
2021-05-09,15:30,Ituzaingó,Sportivo Italiano,0,2,,,Primera C,2021,zonas,Torneo Apertura,Fecha 11,Carlos Alberto Sacaan,false,https://es.wikipedia.org/wiki/Campeonato_de_Primera_C_2021_(Argentina),
2021-05-09,15:30,Olimpo,Desamparados,0,1,,,Torneo Federal A,2021,zonas,Zona A,Fecha 5,Roberto N. Carminatti,false,https://es.wikipedia.org/wiki/Torneo_Federal_A_2021,
2021-05-09,15:30,Racing (C),Gimnasia y Tiro (S),2,0,,,Torneo Federal A,2021,zonas,Zona B,Fecha 5,Miguel Sancho,false,https://es.wikipedia.org/wiki/Torneo_Federal_A_2021,
2021-05-09,15:30,Real Pilar,Ferrocarril Midland,2,0,,,Primera C,2021,zonas,Torneo Apertura,Fecha 11,Carlos Barraza,false,https://es.wikipedia.org/wiki/Campeonato_de_Primera_C_2021_(Argentina),
2021-05-09,15:30,Temperley,Atlanta,0,3,,,Primera Nacional,2021,zonas,Zona A,Fecha 9,Alfredo Beranger,false,https://es.wikipedia.org/wiki/Campeonato_de_Primera_Nacional_2021,
2021-05-09,15:30,Unión (S),Defensores de Belgrano (VR),1,0,,,Torneo Federal A,2021,zonas,Zona B,Fecha 5,De la Avenida,false,https://es.wikipedia.org/wiki/Torneo_Federal_A_2021,
2021-05-09,15:45,Chaco For Ever,Sarmiento (R),0,1,,,Torneo Federal A,2021,zonas,Zona B,Fecha 5,Juan Alberto García,false,https://es.wikipedia.org/wiki/Torneo_Federal_A_2021,
2021-05-09,16:00,Gimnasia y Esgrima (CdU),Juventud Unida (G),2,1,,,Torneo Federal A,2021,zonas,Zona B,Fecha 5,Manuel y Ramón Núñez,false,https://es.wikipedia.org/wiki/Torneo_Federal_A_2021,
2021-05-09,16:00,Huracán Las Heras,Deportivo Camioneros,1,0,,,Torneo Federal A,2021,zonas,Zona A,Fecha 5,General San Martín,false,https://es.wikipedia.org/wiki/Torneo_Federal_A_2021,
2021-05-09,16:00,Independiente (C),Círculo Deportivo,2,1,,,Torneo Federal A,2021,zonas,Zona A,Fecha 5,Raúl Orlando Lungarzo,false,https://es.wikipedia.org/wiki/Torneo_Federal_A_2021,
2021-05-09,16:00,Sportivo Peñarol (C),Villa Mitre,1,1,,,Torneo Federal A,2021,zonas,Zona A,Fecha 5,Ramón Pablo Rojas,false,https://es.wikipedia.org/wiki/Torneo_Federal_A_2021,
2021-05-09,16:30,Central Norte (S),Sportivo Belgrano,1,1,,,Torneo Federal A,2021,zonas,Zona B,Fecha 5,Padre Ernesto Martearena,false,https://es.wikipedia.org/wiki/Torneo_Federal_A_2021,
2021-05-09,18:00,Colón,Unión,1,1,,,Copa de la Liga,2021,zonas,Interzonal,Fecha 13,Brigadier Estanislao López,false,https://es.wikipedia.org/wiki/Copa_de_la_Liga_Profesional_2021,
2021-05-09,18:00,Estudiantes (RC),Chacarita Juniors,1,1,,,Primera Nacional,2021,zonas,Zona A,Fecha 9,Antonio Candini,false,https://es.wikipedia.org/wiki/Campeonato_de_Primera_Nacional_2021,
2021-05-09,18:00,Huracán,Independiente,1,3,,,Copa de la Liga,2021,zonas,Zona B,Fecha 13,Tomás A. Ducó,false,https://es.wikipedia.org/wiki/Copa_de_la_Liga_Profesional_2021,
2021-05-09,18:00,Lanús,Talleres (C),1,0,,,Copa de la Liga,2021,zonas,Zona B,Fecha 13,Ciudad de Lanús,false,https://es.wikipedia.org/wiki/Copa_de_la_Liga_Profesional_2021,
2021-05-09,20:00,Güemes (SdE),Brown de Adrogué,1,1,,,Primera Nacional,2021,zonas,Zona B,Fecha 9,Arturo Miranda,false,https://es.wikipedia.org/wiki/Campeonato_de_Primera_Nacional_2021,
2021-05-09,21:00,Newell's Old Boys,Sarmiento (J),1,1,,,Copa de la Liga,2021,zonas,Zona B,Fecha 13,Coloso Marcelo Bielsa,false,https://es.wikipedia.org/wiki/Copa_de_la_Liga_Profesional_2021,
2021-05-10,15:00,J. J. de Urquiza,Deportivo Merlo,1,3,,,Primera B,2021,zonas,Torneo Apertura,Fecha 10,Ramón Roque Martín,false,https://es.wikipedia.org/wiki/Campeonato_de_Primera_B_2021_(Argentina),
2021-05-10,15:05,Quilmes,Alvarado,3,4,,,Primera Nacional,2021,zonas,Zona A,Fecha 9,Centenario Ciudad de Quilmes,false,https://es.wikipedia.org/wiki/Campeonato_de_Primera_Nacional_2021,
2021-05-10,15:30,Berazategui,Excursionistas,0,1,,,Primera C,2021,zonas,Torneo Apertura,Fecha 11,Norman Lee,false,https://es.wikipedia.org/wiki/Campeonato_de_Primera_C_2021_(Argentina),
2021-05-10,17:10,Defensores de Belgrano,San Telmo,0,0,,,Primera Nacional,2021,zonas,Zona B,Fecha 9,Juan Pasquale,false,https://es.wikipedia.org/wiki/Campeonato_de_Primera_Nacional_2021,
2021-05-10,21:10,Gimnasia y Esgrima (M),Nueva Chicago,0,1,,,Primera Nacional,2021,zonas,Zona A,Fecha 9,Víctor Antonio Legrotaglie,false,https://es.wikipedia.org/wiki/Campeonato_de_Primera_Nacional_2021,
2021-05-11,,Estudiantes (LP),Independiente,0,0,1,4,Copa de la Liga,2021,eliminacion,,Cuartos,Estadio Jorge Luis Hirschi,false,https://es.wikipedia.org/wiki/Copa_de_la_Liga_Profesional_2021,
2021-05-11,15:10,Deportivo Riestra,Almirante Brown,1,2,,,Primera Nacional,2021,zonas,Zona A,Fecha 9,Guillermo Laza,false,https://es.wikipedia.org/wiki/Campeonato_de_Primera_Nacional_2021,
2021-05-12,15:30,Central Córdoba (R),Atlas,1,4,,,Primera C,2021,zonas,Torneo Apertura,Fecha 1,Gabino Sosa,false,https://es.wikipedia.org/wiki/Campeonato_de_Primera_C_2021_(Argentina),
2021-05-13,21:10,Atlético de Rafaela,Tristán Suárez,2,2,,,Primera Nacional,2021,zonas,Zona B,Fecha 10,Nuevo Monumental,false,https://es.wikipedia.org/wiki/Campeonato_de_Primera_Nacional_2021,
2021-05-14,15:30,Talleres (RdE),Colegiales,1,4,,,Primera B,2021,zonas,Torneo Apertura,Fecha 11,Talleres,false,https://es.wikipedia.org/wiki/Campeonato_de_Primera_B_2021_(Argentina),
2021-05-14,17:10,Chacarita Juniors,Temperley,1,2,,,Primera Nacional,2021,zonas,Zona A,Fecha 10,Chacarita Juniors,false,https://es.wikipedia.org/wiki/Campeonato_de_Primera_Nacional_2021,
2021-05-15,,Colón,Talleres (C),1,1,5,3,Copa de la Liga,2021,eliminacion,,Cuartos,Estadio Brigadier General Estanislao López,false,https://es.wikipedia.org/wiki/Copa_de_la_Liga_Profesional_2021,
2021-05-15,14:00,Flandria,J. J. de Urquiza,2,0,,,Primera B,2021,zonas,Torneo Apertura,Fecha 11,Carlos V,false,https://es.wikipedia.org/wiki/Campeonato_de_Primera_B_2021_(Argentina),
2021-05-15,15:30,Barracas Central,Instituto,1,1,,,Primera Nacional,2021,zonas,Zona B,Fecha 10,Claudio Chiqui Tapia,false,https://es.wikipedia.org/wiki/Campeonato_de_Primera_Nacional_2021,
2021-05-15,15:30,Cañuelas,Sacachispas,0,0,,,Primera B,2021,zonas,Torneo Apertura,Fecha 11,Jorge Alfredo Arín,false,https://es.wikipedia.org/wiki/Campeonato_de_Primera_B_2021_(Argentina),
2021-05-15,15:30,Comunicaciones,Defensores Unidos,2,1,,,Primera B,2021,zonas,Torneo Apertura,Fecha 11,Alfredo Ramos,false,https://es.wikipedia.org/wiki/Campeonato_de_Primera_B_2021_(Argentina),
2021-05-15,15:30,Deportivo Español,Claypole,1,0,,,Primera C,2021,zonas,Torneo Apertura,Fecha 12,Nueva España,false,https://es.wikipedia.org/wiki/Campeonato_de_Primera_C_2021_(Argentina),
2021-05-15,15:30,Deportivo Merlo,Argentino de Quilmes,1,0,,,Primera B,2021,zonas,Torneo Apertura,Fecha 11,José Manuel Moreno,false,https://es.wikipedia.org/wiki/Campeonato_de_Primera_B_2021_(Argentina),
2021-05-15,15:30,El Porvenir,Deportivo Laferrere,2,4,,,Primera C,2021,zonas,Torneo Apertura,Fecha 12,Gildo Ghersinich,false,https://es.wikipedia.org/wiki/Campeonato_de_Primera_C_2021_(Argentina),
2021-05-15,15:30,Estudiantes (BA),Quilmes,0,0,,,Primera Nacional,2021,zonas,Zona A,Fecha 10,Ciudad de Caseros,false,https://es.wikipedia.org/wiki/Campeonato_de_Primera_Nacional_2021,
2021-05-15,15:30,Excursionistas,Leandro N. Alem,4,0,,,Primera C,2021,zonas,Torneo Apertura,Fecha 12,Excursionistas,false,https://es.wikipedia.org/wiki/Campeonato_de_Primera_C_2021_(Argentina),
2021-05-15,15:30,San Martín (B),Ituzaingó,3,0,,,Primera C,2021,zonas,Torneo Apertura,Fecha 12,Francisco Boga,false,https://es.wikipedia.org/wiki/Campeonato_de_Primera_C_2021_(Argentina),
2021-05-15,15:30,San Miguel,Los Andes,1,0,,,Primera B,2021,zonas,Torneo Apertura,Fecha 11,Malvinas Argentinas,false,https://es.wikipedia.org/wiki/Campeonato_de_Primera_B_2021_(Argentina),
2021-05-15,15:30,Sportivo Italiano,Dock Sud,1,1,,,Primera C,2021,zonas,Torneo Apertura,Fecha 12,República de Italia,false,https://es.wikipedia.org/wiki/Campeonato_de_Primera_C_2021_(Argentina),
2021-05-15,15:30,Villa Mitre,Sportivo Estudiantes (SL),2,1,,,Torneo Federal A,2021,zonas,Zona A,Fecha 6,El Fortín,false,https://es.wikipedia.org/wiki/Torneo_Federal_A_2021,
2021-05-15,16:00,Ferro Carril Oeste (GP),Independiente (C),0,0,,,Torneo Federal A,2021,zonas,Zona A,Fecha 6,El Coloso del Barrio Talleres,false,https://es.wikipedia.org/wiki/Torneo_Federal_A_2021,
2021-05-15,21:00,Mitre (SdE),Agropecuario,1,2,,,Primera Nacional,2021,zonas,Zona A,Fecha 10,Doctores José y Antonio Castiglione,false,https://es.wikipedia.org/wiki/Campeonato_de_Primera_Nacional_2021,
2021-05-16,,Boca Juniors,River Plate,1,1,4,2,Copa de la Liga,2021,eliminacion,,Cuartos,Estadio La Bombonera,false,https://es.wikipedia.org/wiki/Copa_de_la_Liga_Profesional_2021,
2021-05-16,,Vélez Sarsfield,Racing Club,0,0,2,4,Copa de la Liga,2021,eliminacion,,Cuartos,Estadio José Amalfitani,false,https://es.wikipedia.org/wiki/Copa_de_la_Liga_Profesional_2021,
2021-05-16,12:00,Villa Dálmine,Almagro,0,1,,,Primera Nacional,2021,zonas,Zona B,Fecha 10,El Coliseo de Mitre y Puccini,false,https://es.wikipedia.org/wiki/Campeonato_de_Primera_Nacional_2021,
2021-05-16,14:30,Gimnasia y Tiro (S),Gimnasia y Esgrima (CdU),2,0,,,Torneo Federal A,2021,zonas,Zona B,Fecha 6,El Gigante del Norte,false,https://es.wikipedia.org/wiki/Torneo_Federal_A_2021,
2021-05-16,14:30,Sansinena,Olimpo,1,4,,,Torneo Federal A,2021,zonas,Zona A,Fecha 6,Luis Molina,false,https://es.wikipedia.org/wiki/Torneo_Federal_A_2021,
2021-05-16,15:00,Almirante Brown,Gimnasia y Esgrima (M),0,2,,,Primera Nacional,2021,zonas,Zona A,Fecha 10,Fragata Sarmiento,false,https://es.wikipedia.org/wiki/Campeonato_de_Primera_Nacional_2021,
2021-05-16,15:00,Atlas,Victoriano Arenas,3,0,,,Primera C,2021,zonas,Torneo Apertura,Fecha 12,Ricardo Puga,false,https://es.wikipedia.org/wiki/Campeonato_de_Primera_C_2021_(Argentina),
2021-05-16,15:00,Brown de Adrogué,Deportivo Morón,0,1,,,Primera Nacional,2021,zonas,Zona B,Fecha 10,Lorenzo Arandilla,false,https://es.wikipedia.org/wiki/Campeonato_de_Primera_Nacional_2021,
2021-05-16,15:00,Central Córdoba (R),Argentino de Merlo,1,0,,,Primera C,2021,zonas,Torneo Apertura,Fecha 12,Gabino Sosa,false,https://es.wikipedia.org/wiki/Campeonato_de_Primera_C_2021_(Argentina),
2021-05-16,15:00,Círculo Deportivo,Cipolletti,1,3,,,Torneo Federal A,2021,zonas,Zona A,Fecha 6,Guillermo Trama,false,https://es.wikipedia.org/wiki/Torneo_Federal_A_2021,
2021-05-16,15:00,Desamparados,Sportivo Peñarol (C),3,3,,,Torneo Federal A,2021,zonas,Zona A,Fecha 6,El Serpentario,false,https://es.wikipedia.org/wiki/Torneo_Federal_A_2021,
2021-05-16,15:00,Ferrocarril Midland,General Lamadrid,1,2,,,Primera C,2021,zonas,Torneo Apertura,Fecha 12,Ciudad de Libertad,false,https://es.wikipedia.org/wiki/Campeonato_de_Primera_C_2021_(Argentina),
2021-05-16,15:00,Guillermo Brown,Ferro Carril Oeste,3,1,,,Primera Nacional,2021,zonas,Zona B,Fecha 10,Raúl Conti,false,https://es.wikipedia.org/wiki/Campeonato_de_Primera_Nacional_2021,
2021-05-16,15:00,Juventud Unida (G),Douglas Haig,0,2,,,Torneo Federal A,2021,zonas,Zona B,Fecha 6,De los Eucaliptos,false,https://es.wikipedia.org/wiki/Torneo_Federal_A_2021,
2021-05-16,15:00,Luján,Real Pilar,0,0,,,Primera C,2021,zonas,Torneo Apertura,Fecha 12,Municipal de Luján,false,https://es.wikipedia.org/wiki/Campeonato_de_Primera_C_2021_(Argentina),
2021-05-16,15:00,San Telmo,Ramón Santamarina,2,2,,,Primera Nacional,2021,zonas,Zona B,Fecha 10,Dr. Osvaldo Baletto,false,https://es.wikipedia.org/wiki/Campeonato_de_Primera_Nacional_2021,
2021-05-16,15:00,UAI Urquiza,Fénix,2,1,,,Primera B,2021,zonas,Torneo Apertura,Fecha 11,Monumental de Villa Lynch,false,https://es.wikipedia.org/wiki/Campeonato_de_Primera_B_2021_(Argentina),
2021-05-16,15:30,Defensores de Pronunciamiento,Central Norte (S),0,0,,,Torneo Federal A,2021,zonas,Zona B,Fecha 6,Delio Cardozo,false,https://es.wikipedia.org/wiki/Torneo_Federal_A_2021,
2021-05-16,15:30,Deportivo Armenio,Villa San Carlos,1,1,,,Primera B,2021,zonas,Torneo Apertura,Fecha 11,Armenia,false,https://es.wikipedia.org/wiki/Campeonato_de_Primera_B_2021_(Argentina),
2021-05-16,15:30,Huracán Las Heras,Ciudad de Bolívar,3,0,,,Torneo Federal A,2021,zonas,Zona A,Fecha 6,General San Martín,false,https://es.wikipedia.org/wiki/Torneo_Federal_A_2021,
2021-05-16,15:30,Juventud Unida Universitario,Deportivo Madryn,0,2,,,Torneo Federal A,2021,zonas,Zona A,Fecha 6,Mario Sebastián Diez,false,https://es.wikipedia.org/wiki/Torneo_Federal_A_2021,
2021-05-16,15:30,Sportivo Belgrano,Chaco For Ever,1,1,,,Torneo Federal A,2021,zonas,Zona B,Fecha 6,Oscar Carlos Boero,false,https://es.wikipedia.org/wiki/Torneo_Federal_A_2021,
2021-05-16,16:00,Defensores de Belgrano (VR),Crucero del Norte,4,1,,,Torneo Federal A,2021,zonas,Zona B,Fecha 6,Salomón Boeseldín,false,https://es.wikipedia.org/wiki/Torneo_Federal_A_2021,
2021-05-16,16:00,Deportivo Camioneros,Sol de Mayo (V),2,0,,,Torneo Federal A,2021,zonas,Zona A,Fecha 6,Hugo Moyano,false,https://es.wikipedia.org/wiki/Torneo_Federal_A_2021,
2021-05-16,16:00,San Martín (SJ),Güemes (SdE),1,2,,,Primera Nacional,2021,zonas,Zona B,Fecha 10,Ingeniero Hilario Sánchez,false,https://es.wikipedia.org/wiki/Campeonato_de_Primera_Nacional_2021,
2021-05-16,16:45,Sarmiento (R),Racing (C),0,3,,,Torneo Federal A,2021,zonas,Zona B,Fecha 6,Centenario,false,https://es.wikipedia.org/wiki/Torneo_Federal_A_2021,
2021-05-17,14:00,Independiente Rivadavia,Gimnasia y Esgrima (J),1,1,,,Primera Nacional,2021,zonas,Zona B,Fecha 10,San Juan del Bicentenario,false,https://es.wikipedia.org/wiki/Campeonato_de_Primera_Nacional_2021,
2021-05-17,15:00,Atlanta,Deportivo Maipú,0,0,,,Primera Nacional,2021,zonas,Zona A,Fecha 10,Don León Kolbowsky,false,https://es.wikipedia.org/wiki/Campeonato_de_Primera_Nacional_2021,
2021-05-17,15:10,Defensores de Belgrano,All Boys,0,0,,,Primera Nacional,2021,zonas,Zona B,Fecha 10,Juan Pasquale,false,https://es.wikipedia.org/wiki/Campeonato_de_Primera_Nacional_2021,
2021-05-17,16:00,San Martín (T),Deportivo Riestra,2,0,,,Primera Nacional,2021,zonas,Zona A,Fecha 10,La Ciudadela,false,https://es.wikipedia.org/wiki/Campeonato_de_Primera_Nacional_2021,
2021-05-17,21:10,Alvarado,Tigre,1,1,,,Primera Nacional,2021,zonas,Zona A,Fecha 10,José María Minella,false,https://es.wikipedia.org/wiki/Campeonato_de_Primera_Nacional_2021,
2021-05-18,15:00,Boca Unidos,Sportivo Las Parejas,1,1,,,Torneo Federal A,2021,zonas,Zona B,Fecha 6,Leoncio Benítez,false,https://es.wikipedia.org/wiki/Torneo_Federal_A_2021,
2021-05-18,18:00,Nueva Chicago,Estudiantes (RC),1,2,,,Primera Nacional,2021,zonas,Zona A,Fecha 10,República de Mataderos,false,https://es.wikipedia.org/wiki/Campeonato_de_Primera_Nacional_2021,
2021-05-21,15:30,Claypole,El Porvenir,0,1,,,Primera C,2021,zonas,Torneo Apertura,Fecha 13,Rodolfo Capocasa,false,https://es.wikipedia.org/wiki/Campeonato_de_Primera_C_2021_(Argentina),
2021-05-21,15:30,Dock Sud,San Martín (B),1,0,,,Primera C,2021,zonas,Torneo Apertura,Fecha 13,De los Inmigrantes,false,https://es.wikipedia.org/wiki/Campeonato_de_Primera_C_2021_(Argentina),
2021-05-21,15:30,Leandro N. Alem,Berazategui,2,1,,,Primera C,2021,zonas,Torneo Apertura,Fecha 13,Leandro N. Alem,false,https://es.wikipedia.org/wiki/Campeonato_de_Primera_C_2021_(Argentina),
2021-05-21,15:30,Victoriano Arenas,Ferrocarril Midland,1,1,,,Primera C,2021,zonas,Torneo Apertura,Fecha 13,Saturnino Moure,false,https://es.wikipedia.org/wiki/Campeonato_de_Primera_C_2021_(Argentina),
2021-05-21,17:10,Quilmes,Mitre (SdE),2,1,,,Primera Nacional,2021,zonas,Zona A,Fecha 11,Centenario Ciudad de Quilmes,false,https://es.wikipedia.org/wiki/Campeonato_de_Primera_Nacional_2021,
2021-05-31,,Colón,Independiente,2,0,,,Copa de la Liga,2021,eliminacion,,Semifinales,Estadio San Juan del Bicentenario,false,https://es.wikipedia.org/wiki/Copa_de_la_Liga_Profesional_2021,
2021-05-31,,Racing Club,Boca Juniors,0,0,4,2,Copa de la Liga,2021,eliminacion,,Semifinales,Estadio San Juan del Bicentenario,false,https://es.wikipedia.org/wiki/Copa_de_la_Liga_Profesional_2021,
2021-06-04,,Colón,Racing Club,3,0,,,Copa de la Liga,2021,eliminacion,,Final,Estadio San Juan del Bicentenario,false,https://es.wikipedia.org/wiki/Copa_de_la_Liga_Profesional_2021,
2021-06-07,14:30,Ciudad de Bolívar,Círculo Deportivo,2,0,,,Torneo Federal A,2021,zonas,Zona A,Fecha 7,Guillermo Trama,false,https://es.wikipedia.org/wiki/Torneo_Federal_A_2021,
2021-06-07,15:00,Deportivo Madryn,Deportivo Camioneros,3,2,,,Torneo Federal A,2021,zonas,Zona A,Fecha 7,Abel Sastre,false,https://es.wikipedia.org/wiki/Torneo_Federal_A_2021,
2021-06-07,15:00,Douglas Haig,Gimnasia y Tiro (S),0,1,,,Torneo Federal A,2021,zonas,Zona B,Fecha 7,Miguel Morales,false,https://es.wikipedia.org/wiki/Torneo_Federal_A_2021,
2021-06-07,15:00,Gimnasia y Esgrima (CdU),Sarmiento (R),2,4,,,Torneo Federal A,2021,zonas,Zona B,Fecha 7,Manuel y Ramón Núñez,false,https://es.wikipedia.org/wiki/Torneo_Federal_A_2021,
2021-06-07,15:00,Independiente (C),Villa Mitre,1,0,,,Torneo Federal A,2021,zonas,Zona A,Fecha 7,Raúl Orlando Lungarzo,false,https://es.wikipedia.org/wiki/Torneo_Federal_A_2021,
2021-06-07,15:00,Olimpo,Juventud Unida Universitario,2,0,,,Torneo Federal A,2021,zonas,Zona A,Fecha 7,Roberto N. Carminatti,false,https://es.wikipedia.org/wiki/Torneo_Federal_A_2021,
2021-06-07,15:00,Sol de Mayo (V),Huracán Las Heras,1,0,,,Torneo Federal A,2021,zonas,Zona A,Fecha 7,Sol de Mayo,false,https://es.wikipedia.org/wiki/Torneo_Federal_A_2021,
2021-06-07,15:30,Argentino de Quilmes,Flandria,3,1,,,Primera B,2021,zonas,Torneo Apertura,Fecha 12,Argentino de Quilmes,false,https://es.wikipedia.org/wiki/Campeonato_de_Primera_B_2021_(Argentina),
2021-06-07,15:30,Chaco For Ever,Defensores de Pronunciamiento,2,1,,,Torneo Federal A,2021,zonas,Zona B,Fecha 7,Juan Alberto García,false,https://es.wikipedia.org/wiki/Torneo_Federal_A_2021,
2021-06-07,15:30,Colegiales,San Miguel,0,1,,,Primera B,2021,zonas,Torneo Apertura,Fecha 12,Libertarios Unidos,false,https://es.wikipedia.org/wiki/Campeonato_de_Primera_B_2021_(Argentina),
2021-06-07,15:30,Defensores Unidos,UAI Urquiza,1,0,,,Primera B,2021,zonas,Torneo Apertura,Fecha 12,Gigante de Villa Fox,false,https://es.wikipedia.org/wiki/Campeonato_de_Primera_B_2021_(Argentina),
2021-06-07,15:30,Fénix,Talleres (RdE),1,1,,,Primera B,2021,zonas,Torneo Apertura,Fecha 12,José Manuel Moreno,false,https://es.wikipedia.org/wiki/Campeonato_de_Primera_B_2021_(Argentina),
2021-06-07,15:30,J. J. de Urquiza,Cañuelas,2,0,,,Primera B,2021,zonas,Torneo Apertura,Fecha 12,Ramón Roque Martín,false,https://es.wikipedia.org/wiki/Campeonato_de_Primera_B_2021_(Argentina),
2021-06-07,15:30,Los Andes,Deportivo Merlo,0,0,,,Primera B,2021,zonas,Torneo Apertura,Fecha 12,Eduardo Gallardón,false,https://es.wikipedia.org/wiki/Campeonato_de_Primera_B_2021_(Argentina),
2021-06-07,15:30,Racing (C),Sportivo Belgrano,2,0,,,Torneo Federal A,2021,zonas,Zona B,Fecha 7,Miguel Sancho,false,https://es.wikipedia.org/wiki/Torneo_Federal_A_2021,
2021-06-07,15:30,Sacachispas,Acassuso,4,1,,,Primera B,2021,zonas,Torneo Apertura,Fecha 12,Tomás A. Ducó,false,https://es.wikipedia.org/wiki/Campeonato_de_Primera_B_2021_(Argentina),
2021-06-07,15:30,Villa San Carlos,Comunicaciones,1,1,,,Primera B,2021,zonas,Torneo Apertura,Fecha 12,Genacio Sálice,false,https://es.wikipedia.org/wiki/Campeonato_de_Primera_B_2021_(Argentina),
2021-06-07,16:00,Central Norte (S),Defensores de Belgrano (VR),1,0,,,Torneo Federal A,2021,zonas,Zona B,Fecha 7,Padre Ernesto Martearena,false,https://es.wikipedia.org/wiki/Torneo_Federal_A_2021,
2021-06-07,16:00,Sportivo Estudiantes (SL),Desamparados,0,1,,,Torneo Federal A,2021,zonas,Zona A,Fecha 7,Héctor Odicino y Pedro Benoza,false,https://es.wikipedia.org/wiki/Torneo_Federal_A_2021,
2021-06-08,14:00,Cipolletti,Ferro Carril Oeste (GP),3,1,,,Torneo Federal A,2021,zonas,Zona A,Fecha 7,La Visera de Cemento,false,https://es.wikipedia.org/wiki/Torneo_Federal_A_2021,
2021-06-08,15:00,Argentino de Merlo,Excursionistas,1,0,,,Primera C,2021,zonas,Torneo Apertura,Fecha 13,Merlo,false,https://es.wikipedia.org/wiki/Campeonato_de_Primera_C_2021_(Argentina),
2021-06-08,15:00,Crucero del Norte,Unión (S),0,2,,,Torneo Federal A,2021,zonas,Zona B,Fecha 7,Comandante Andrés Guacurarí,false,https://es.wikipedia.org/wiki/Torneo_Federal_A_2021,
2021-06-08,15:00,Deportivo Laferrere,Sportivo Italiano,1,1,,,Primera C,2021,zonas,Torneo Apertura,Fecha 13,Ciudad de Laferrere,false,https://es.wikipedia.org/wiki/Campeonato_de_Primera_C_2021_(Argentina),
2021-06-08,15:00,General Lamadrid,Luján,0,0,,,Primera C,2021,zonas,Torneo Apertura,Fecha 13,Enrique Sexto,false,https://es.wikipedia.org/wiki/Campeonato_de_Primera_C_2021_(Argentina),
2021-06-08,15:00,Ituzaingó,Central Córdoba (R),0,0,,,Primera C,2021,zonas,Torneo Apertura,Fecha 13,Carlos Alberto Sacaan,false,https://es.wikipedia.org/wiki/Campeonato_de_Primera_C_2021_(Argentina),
2021-06-08,15:00,Real Pilar,Deportivo Español,1,0,,,Primera C,2021,zonas,Torneo Apertura,Fecha 13,Carlos Barraza,false,https://es.wikipedia.org/wiki/Campeonato_de_Primera_C_2021_(Argentina),
2021-06-08,15:00,Sportivo Peñarol (C),Sansinena,3,3,,,Torneo Federal A,2021,zonas,Zona A,Fecha 7,Ramón Pablo Rojas,false,https://es.wikipedia.org/wiki/Torneo_Federal_A_2021,
2021-06-08,16:00,Sportivo Las Parejas,Juventud Unida (G),1,0,,,Torneo Federal A,2021,zonas,Zona B,Fecha 7,4 de Septiembre,false,https://es.wikipedia.org/wiki/Torneo_Federal_A_2021,
2021-06-09,15:00,Tristán Suárez,Guillermo Brown,1,0,,,Primera Nacional,2021,zonas,Zona B,Fecha 11,20 de Octubre,false,https://es.wikipedia.org/wiki/Campeonato_de_Primera_Nacional_2021,
2021-06-09,15:30,Instituto,Independiente Rivadavia,0,0,,,Primera Nacional,2021,zonas,Zona B,Fecha 11,Juan Domingo Perón,false,https://es.wikipedia.org/wiki/Campeonato_de_Primera_Nacional_2021,
2021-06-09,16:00,Güemes (SdE),Villa Dálmine,0,0,,,Primera Nacional,2021,zonas,Zona B,Fecha 11,Arturo Miranda,false,https://es.wikipedia.org/wiki/Campeonato_de_Primera_Nacional_2021,
2021-06-09,21:10,Gimnasia y Esgrima (M),San Martín (T),0,0,,,Primera Nacional,2021,zonas,Zona A,Fecha 11,Víctor Antonio Legrotaglie,false,https://es.wikipedia.org/wiki/Campeonato_de_Primera_Nacional_2021,
2021-06-10,14:00,Gimnasia y Esgrima (J),Atlético de Rafaela,1,0,,,Primera Nacional,2021,zonas,Zona B,Fecha 11,23 de Agosto,false,https://es.wikipedia.org/wiki/Campeonato_de_Primera_Nacional_2021,
2021-06-10,15:00,Deportivo Maipú,Chacarita Juniors,1,2,,,Primera Nacional,2021,zonas,Zona A,Fecha 11,Omar Higinio Sperdutti,false,https://es.wikipedia.org/wiki/Campeonato_de_Primera_Nacional_2021,
2021-06-10,15:00,Deportivo Morón,San Martín (SJ),1,0,,,Primera Nacional,2021,zonas,Zona B,Fecha 11,Nuevo Francisco Urbano,false,https://es.wikipedia.org/wiki/Campeonato_de_Primera_Nacional_2021,
2021-06-10,15:00,Deportivo Riestra,Belgrano,1,1,,,Primera Nacional,2021,zonas,Zona A,Fecha 11,Guillermo Laza,false,https://es.wikipedia.org/wiki/Campeonato_de_Primera_Nacional_2021,
2021-06-10,15:00,Ramón Santamarina,Defensores de Belgrano,0,2,,,Primera Nacional,2021,zonas,Zona B,Fecha 11,Municipal General San Martín,false,https://es.wikipedia.org/wiki/Campeonato_de_Primera_Nacional_2021,
2021-06-10,18:00,Estudiantes (RC),Almirante Brown,0,0,,,Primera Nacional,2021,zonas,Zona A,Fecha 11,Antonio Candini,false,https://es.wikipedia.org/wiki/Campeonato_de_Primera_Nacional_2021,
2021-06-10,18:00,Tigre,Estudiantes (BA),2,1,,,Primera Nacional,2021,zonas,Zona A,Fecha 11,Monumental de Victoria,false,https://es.wikipedia.org/wiki/Campeonato_de_Primera_Nacional_2021,
2021-06-10,20:10,Agropecuario,Atlanta,1,0,,,Primera Nacional,2021,zonas,Zona A,Fecha 11,Ofelia Rosenzuaig,false,https://es.wikipedia.org/wiki/Campeonato_de_Primera_Nacional_2021,
2021-06-11,14:00,Ferro Carril Oeste,Brown de Adrogué,1,0,,,Primera Nacional,2021,zonas,Zona B,Fecha 11,Arquitecto Ricardo Etcheverri,false,https://es.wikipedia.org/wiki/Campeonato_de_Primera_Nacional_2021,
2021-06-11,15:30,Almagro,San Telmo,1,0,,,Primera Nacional,2021,zonas,Zona B,Fecha 11,Tres de Febrero,false,https://es.wikipedia.org/wiki/Campeonato_de_Primera_Nacional_2021,
2021-06-11,16:00,All Boys,Barracas Central,0,0,,,Primera Nacional,2021,zonas,Zona B,Fecha 11,Islas Malvinas,false,https://es.wikipedia.org/wiki/Campeonato_de_Primera_Nacional_2021,
2021-06-11,18:00,Temperley,Nueva Chicago,1,0,,,Primera Nacional,2021,zonas,Zona A,Fecha 11,Alfredo Beranger,false,https://es.wikipedia.org/wiki/Campeonato_de_Primera_Nacional_2021,
2021-06-15,15:30,Acassuso,J. J. de Urquiza,1,2,,,Primera B,2021,zonas,Torneo Apertura,Fecha 13,Armenia,false,https://es.wikipedia.org/wiki/Campeonato_de_Primera_B_2021_(Argentina),
2021-06-15,15:30,Cañuelas,Argentino de Quilmes,0,1,,,Primera B,2021,zonas,Torneo Apertura,Fecha 13,Jorge Alfredo Arín,false,https://es.wikipedia.org/wiki/Campeonato_de_Primera_B_2021_(Argentina),
2021-06-15,15:30,Comunicaciones,Deportivo Armenio,0,1,,,Primera B,2021,zonas,Torneo Apertura,Fecha 13,Alfredo Ramos,false,https://es.wikipedia.org/wiki/Campeonato_de_Primera_B_2021_(Argentina),
2021-06-15,15:30,Deportivo Merlo,Colegiales,1,3,,,Primera B,2021,zonas,Torneo Apertura,Fecha 13,José Manuel Moreno,false,https://es.wikipedia.org/wiki/Campeonato_de_Primera_B_2021_(Argentina),
2021-06-15,15:30,Flandria,Los Andes,0,2,,,Primera B,2021,zonas,Torneo Apertura,Fecha 13,Carlos V,false,https://es.wikipedia.org/wiki/Campeonato_de_Primera_B_2021_(Argentina),
2021-06-15,15:30,San Miguel,Fénix,3,2,,,Primera B,2021,zonas,Torneo Apertura,Fecha 13,Malvinas Argentinas,false,https://es.wikipedia.org/wiki/Campeonato_de_Primera_B_2021_(Argentina),
2021-06-15,15:30,Talleres (RdE),Defensores Unidos,1,1,,,Primera B,2021,zonas,Torneo Apertura,Fecha 13,Talleres,false,https://es.wikipedia.org/wiki/Campeonato_de_Primera_B_2021_(Argentina),
2021-06-15,15:30,UAI Urquiza,Villa San Carlos,1,1,,,Primera B,2021,zonas,Torneo Apertura,Fecha 13,Monumental de Villa Lynch,false,https://es.wikipedia.org/wiki/Campeonato_de_Primera_B_2021_(Argentina),
2021-06-16,15:10,Atlanta,Quilmes,0,0,,,Primera Nacional,2021,zonas,Zona A,Fecha 12,Don León Kolbowsky,false,https://es.wikipedia.org/wiki/Campeonato_de_Primera_Nacional_2021,
2021-06-16,15:30,Berazategui,Argentino de Merlo,1,3,,,Primera C,2021,zonas,Torneo Apertura,Fecha 14,Norman Lee,false,https://es.wikipedia.org/wiki/Campeonato_de_Primera_C_2021_(Argentina),
2021-06-16,15:30,Central Córdoba (R),Dock Sud,0,0,,,Primera C,2021,zonas,Torneo Apertura,Fecha 14,Gabino Sosa,false,https://es.wikipedia.org/wiki/Campeonato_de_Primera_C_2021_(Argentina),
2021-06-16,15:30,Deportivo Español,General Lamadrid,0,1,,,Primera C,2021,zonas,Torneo Apertura,Fecha 14,Nueva España,false,https://es.wikipedia.org/wiki/Campeonato_de_Primera_C_2021_(Argentina),
2021-06-16,15:30,El Porvenir,Real Pilar,1,1,,,Primera C,2021,zonas,Torneo Apertura,Fecha 14,Gildo Ghersinich,false,https://es.wikipedia.org/wiki/Campeonato_de_Primera_C_2021_(Argentina),
2021-06-16,15:30,Excursionistas,Ituzaingó,0,0,,,Primera C,2021,zonas,Torneo Apertura,Fecha 14,Excursionistas,false,https://es.wikipedia.org/wiki/Campeonato_de_Primera_C_2021_(Argentina),
2021-06-16,15:30,Ferrocarril Midland,Atlas,1,0,,,Primera C,2021,zonas,Torneo Apertura,Fecha 14,Ciudad de Libertad,false,https://es.wikipedia.org/wiki/Campeonato_de_Primera_C_2021_(Argentina),
2021-06-16,15:30,Luján,Victoriano Arenas,1,0,,,Primera C,2021,zonas,Torneo Apertura,Fecha 14,Municipal de Luján,false,https://es.wikipedia.org/wiki/Campeonato_de_Primera_C_2021_(Argentina),
2021-06-16,15:30,San Martín (B),Deportivo Laferrere,2,2,,,Primera C,2021,zonas,Torneo Apertura,Fecha 14,Francisco Boga,false,https://es.wikipedia.org/wiki/Campeonato_de_Primera_C_2021_(Argentina),
2021-06-16,15:30,Sportivo Italiano,Claypole,1,1,,,Primera C,2021,zonas,Torneo Apertura,Fecha 14,República de Italia,false,https://es.wikipedia.org/wiki/Campeonato_de_Primera_C_2021_(Argentina),
2021-06-16,17:10,Mitre (SdE),Tigre,4,2,,,Primera Nacional,2021,zonas,Zona A,Fecha 12,Doctores José y Antonio Castiglione,false,https://es.wikipedia.org/wiki/Campeonato_de_Primera_Nacional_2021,
2021-06-16,21:10,San Martín (T),Estudiantes (RC),2,1,,,Primera Nacional,2021,zonas,Zona A,Fecha 12,La Ciudadela,false,https://es.wikipedia.org/wiki/Campeonato_de_Primera_Nacional_2021,
2021-06-17,14:00,Belgrano,Gimnasia y Esgrima (M),0,1,,,Primera Nacional,2021,zonas,Zona A,Fecha 12,Gigante de Alberdi,false,https://es.wikipedia.org/wiki/Campeonato_de_Primera_Nacional_2021,
2021-06-17,14:00,San Telmo,Güemes (SdE),1,1,,,Primera Nacional,2021,zonas,Zona B,Fecha 12,Dr. Osvaldo Baletto,false,https://es.wikipedia.org/wiki/Campeonato_de_Primera_Nacional_2021,
2021-06-17,14:00,Villa Dálmine,Deportivo Morón,2,0,,,Primera Nacional,2021,zonas,Zona B,Fecha 12,El Coliseo de Mitre y Puccini,false,https://es.wikipedia.org/wiki/Campeonato_de_Primera_Nacional_2021,
2021-06-17,15:00,Atlético de Rafaela,Instituto,0,1,,,Primera Nacional,2021,zonas,Zona B,Fecha 12,Nuevo Monumental,false,https://es.wikipedia.org/wiki/Campeonato_de_Primera_Nacional_2021,
2021-06-17,15:00,Brown de Adrogué,Tristán Suárez,2,1,,,Primera Nacional,2021,zonas,Zona B,Fecha 12,Lorenzo Arandilla,false,https://es.wikipedia.org/wiki/Campeonato_de_Primera_Nacional_2021,
2021-06-17,15:00,Chacarita Juniors,Agropecuario,2,2,,,Primera Nacional,2021,zonas,Zona A,Fecha 12,Chacarita Juniors,false,https://es.wikipedia.org/wiki/Campeonato_de_Primera_Nacional_2021,
2021-06-17,15:00,Estudiantes (BA),Alvarado,1,3,,,Primera Nacional,2021,zonas,Zona A,Fecha 12,Ciudad de Caseros,false,https://es.wikipedia.org/wiki/Campeonato_de_Primera_Nacional_2021,
2021-06-17,15:00,Guillermo Brown,Gimnasia y Esgrima (J),0,0,,,Primera Nacional,2021,zonas,Zona B,Fecha 12,Raúl Conti,false,https://es.wikipedia.org/wiki/Campeonato_de_Primera_Nacional_2021,
2021-06-17,15:00,Nueva Chicago,Deportivo Maipú,1,2,,,Primera Nacional,2021,zonas,Zona A,Fecha 12,República de Mataderos,false,https://es.wikipedia.org/wiki/Campeonato_de_Primera_Nacional_2021,
2021-06-17,15:00,Ramón Santamarina,All Boys,2,0,,,Primera Nacional,2021,zonas,Zona B,Fecha 12,Municipal General San Martín,false,https://es.wikipedia.org/wiki/Campeonato_de_Primera_Nacional_2021,
2021-06-17,15:10,Independiente Rivadavia,Barracas Central,0,0,,,Primera Nacional,2021,zonas,Zona B,Fecha 12,Bautista Gargantini,false,https://es.wikipedia.org/wiki/Campeonato_de_Primera_Nacional_2021,
2021-06-17,15:30,Defensores de Belgrano,Almagro,1,0,,,Primera Nacional,2021,zonas,Zona B,Fecha 12,Juan Pasquale,false,https://es.wikipedia.org/wiki/Campeonato_de_Primera_Nacional_2021,
2021-06-17,15:30,San Martín (SJ),Ferro Carril Oeste,1,1,,,Primera Nacional,2021,zonas,Zona B,Fecha 12,Ingeniero Hilario Sánchez,false,https://es.wikipedia.org/wiki/Campeonato_de_Primera_Nacional_2021,
2021-06-17,19:00,Almirante Brown,Temperley,3,2,,,Primera Nacional,2021,zonas,Zona A,Fecha 12,Fragata Sarmiento,false,https://es.wikipedia.org/wiki/Campeonato_de_Primera_Nacional_2021,
2021-06-19,15:00,Defensores de Pronunciamiento,Racing (C),1,0,,,Torneo Federal A,2021,zonas,Zona B,Fecha 8,Delio Cardozo,false,https://es.wikipedia.org/wiki/Torneo_Federal_A_2021,
2021-06-19,15:00,Deportivo Camioneros,Olimpo,1,1,,,Torneo Federal A,2021,zonas,Zona A,Fecha 8,Hugo Moyano,false,https://es.wikipedia.org/wiki/Torneo_Federal_A_2021,
2021-06-19,15:00,Desamparados,Independiente (C),1,0,,,Torneo Federal A,2021,zonas,Zona A,Fecha 8,El Serpentario,false,https://es.wikipedia.org/wiki/Torneo_Federal_A_2021,
2021-06-19,15:00,Ferro Carril Oeste (GP),Círculo Deportivo,4,1,,,Torneo Federal A,2021,zonas,Zona A,Fecha 8,El Coloso del Barrio Talleres,false,https://es.wikipedia.org/wiki/Torneo_Federal_A_2021,
2021-06-19,15:00,Huracán Las Heras,Deportivo Madryn,0,1,,,Torneo Federal A,2021,zonas,Zona A,Fecha 8,General San Martín,false,https://es.wikipedia.org/wiki/Torneo_Federal_A_2021,
2021-06-19,15:00,Juventud Unida Universitario,Sportivo Peñarol (C),0,0,,,Torneo Federal A,2021,zonas,Zona A,Fecha 8,Mario Sebastián Diez,false,https://es.wikipedia.org/wiki/Torneo_Federal_A_2021,
2021-06-19,15:00,Sarmiento (R),Douglas Haig,1,0,,,Torneo Federal A,2021,zonas,Zona B,Fecha 8,Centenario,false,https://es.wikipedia.org/wiki/Torneo_Federal_A_2021,
2021-06-19,15:00,Sol de Mayo (V),Ciudad de Bolívar,0,0,,,Torneo Federal A,2021,zonas,Zona A,Fecha 8,Sol de Mayo,false,https://es.wikipedia.org/wiki/Torneo_Federal_A_2021,
2021-06-19,15:00,Villa Mitre,Cipolletti,1,0,,,Torneo Federal A,2021,zonas,Zona A,Fecha 8,El Fortín,false,https://es.wikipedia.org/wiki/Torneo_Federal_A_2021,
2021-06-19,15:30,Juventud Unida (G),Boca Unidos,1,1,,,Torneo Federal A,2021,zonas,Zona B,Fecha 8,De los Eucaliptos,false,https://es.wikipedia.org/wiki/Torneo_Federal_A_2021,
2021-06-19,15:45,Defensores de Belgrano (VR),Chaco For Ever,0,1,,,Torneo Federal A,2021,zonas,Zona B,Fecha 8,Salomón Boeseldín,false,https://es.wikipedia.org/wiki/Torneo_Federal_A_2021,
2021-06-19,16:00,Sportivo Belgrano,Gimnasia y Esgrima (CdU),1,1,,,Torneo Federal A,2021,zonas,Zona B,Fecha 8,Oscar Carlos Boero,false,https://es.wikipedia.org/wiki/Torneo_Federal_A_2021,
2021-06-20,15:00,Sansinena,Sportivo Estudiantes (SL),3,0,,,Torneo Federal A,2021,zonas,Zona A,Fecha 8,Luis Molina,false,https://es.wikipedia.org/wiki/Torneo_Federal_A_2021,
2021-06-20,15:30,Gimnasia y Tiro (S),Sportivo Las Parejas,1,0,,,Torneo Federal A,2021,zonas,Zona B,Fecha 8,El Gigante del Norte,false,https://es.wikipedia.org/wiki/Torneo_Federal_A_2021,
2021-06-20,15:30,Unión (S),Central Norte (S),0,1,,,Torneo Federal A,2021,zonas,Zona B,Fecha 8,De la Avenida,false,https://es.wikipedia.org/wiki/Torneo_Federal_A_2021,
2021-06-22,15:00,Tristán Suárez,San Martín (SJ),4,1,,,Primera Nacional,2021,zonas,Zona B,Fecha 13,20 de Octubre,false,https://es.wikipedia.org/wiki/Campeonato_de_Primera_Nacional_2021,
2021-06-22,15:10,J. J. de Urquiza,Sacachispas,0,1,,,Primera B,2021,zonas,Torneo Apertura,Fecha 14,Ramón Roque Martín,false,https://es.wikipedia.org/wiki/Campeonato_de_Primera_B_2021_(Argentina),
2021-06-22,15:30,Almagro,Ramón Santamarina,1,1,,,Primera Nacional,2021,zonas,Zona B,Fecha 13,Tres de Febrero,false,https://es.wikipedia.org/wiki/Campeonato_de_Primera_Nacional_2021,
2021-06-22,15:30,Argentino de Quilmes,Acassuso,1,1,,,Primera B,2021,zonas,Torneo Apertura,Fecha 14,Argentino de Quilmes,false,https://es.wikipedia.org/wiki/Campeonato_de_Primera_B_2021_(Argentina),
2021-06-22,15:30,Barracas Central,Atlético de Rafaela,2,1,,,Primera Nacional,2021,zonas,Zona B,Fecha 13,Claudio Chiqui Tapia,false,https://es.wikipedia.org/wiki/Campeonato_de_Primera_Nacional_2021,
2021-06-22,15:30,Colegiales,Flandria,2,0,,,Primera B,2021,zonas,Torneo Apertura,Fecha 14,Libertarios Unidos,false,https://es.wikipedia.org/wiki/Campeonato_de_Primera_B_2021_(Argentina),
2021-06-22,15:30,Defensores Unidos,San Miguel,2,0,,,Primera B,2021,zonas,Torneo Apertura,Fecha 14,Gigante de Villa Fox,false,https://es.wikipedia.org/wiki/Campeonato_de_Primera_B_2021_(Argentina),
2021-06-22,15:30,Deportivo Armenio,UAI Urquiza,2,1,,,Primera B,2021,zonas,Torneo Apertura,Fecha 14,Armenia,false,https://es.wikipedia.org/wiki/Campeonato_de_Primera_B_2021_(Argentina),
2021-06-22,15:30,Fénix,Deportivo Merlo,1,5,,,Primera B,2021,zonas,Torneo Apertura,Fecha 14,José Manuel Moreno,false,https://es.wikipedia.org/wiki/Campeonato_de_Primera_B_2021_(Argentina),
2021-06-22,15:30,Los Andes,Cañuelas,3,1,,,Primera B,2021,zonas,Torneo Apertura,Fecha 14,Eduardo Gallardón,false,https://es.wikipedia.org/wiki/Campeonato_de_Primera_B_2021_(Argentina),
2021-06-22,15:30,Villa San Carlos,Talleres (RdE),0,2,,,Primera B,2021,zonas,Torneo Apertura,Fecha 14,Genacio Sálice,false,https://es.wikipedia.org/wiki/Campeonato_de_Primera_B_2021_(Argentina),
2021-06-22,17:10,Quilmes,Chacarita Juniors,3,1,,,Primera Nacional,2021,zonas,Zona A,Fecha 13,Centenario Ciudad de Quilmes,false,https://es.wikipedia.org/wiki/Campeonato_de_Primera_Nacional_2021,
2021-06-22,19:00,Estudiantes (RC),Belgrano,0,1,,,Primera Nacional,2021,zonas,Zona A,Fecha 13,Antonio Candini,false,https://es.wikipedia.org/wiki/Campeonato_de_Primera_Nacional_2021,
2021-06-22,21:10,Gimnasia y Esgrima (M),Deportivo Riestra,1,1,,,Primera Nacional,2021,zonas,Zona A,Fecha 13,Víctor Antonio Legrotaglie,false,https://es.wikipedia.org/wiki/Campeonato_de_Primera_Nacional_2021,
2021-06-23,14:00,Temperley,San Martín (T),0,1,,,Primera Nacional,2021,zonas,Zona A,Fecha 13,Alfredo Beranger,false,https://es.wikipedia.org/wiki/Campeonato_de_Primera_Nacional_2021,
2021-06-23,14:10,All Boys,Independiente Rivadavia,1,1,,,Primera Nacional,2021,zonas,Zona B,Fecha 13,Islas Malvinas,false,https://es.wikipedia.org/wiki/Campeonato_de_Primera_Nacional_2021,
2021-06-23,15:00,Deportivo Maipú,Almirante Brown,0,1,,,Primera Nacional,2021,zonas,Zona A,Fecha 13,Omar Higinio Sperdutti,false,https://es.wikipedia.org/wiki/Campeonato_de_Primera_Nacional_2021,
2021-06-23,15:00,Deportivo Morón,San Telmo,2,0,,,Primera Nacional,2021,zonas,Zona B,Fecha 13,Nuevo Francisco Urbano,false,https://es.wikipedia.org/wiki/Campeonato_de_Primera_Nacional_2021,
2021-06-23,15:00,Instituto,Guillermo Brown,1,1,,,Primera Nacional,2021,zonas,Zona B,Fecha 13,Juan Domingo Perón,false,https://es.wikipedia.org/wiki/Campeonato_de_Primera_Nacional_2021,
2021-06-23,15:30,Argentino de Merlo,Leandro N. Alem,3,0,,,Primera C,2021,zonas,Torneo Apertura,Fecha 15,Merlo,false,https://es.wikipedia.org/wiki/Campeonato_de_Primera_C_2021_(Argentina),
2021-06-23,15:30,Atlas,Luján,0,0,,,Primera C,2021,zonas,Torneo Apertura,Fecha 15,Ricardo Puga,false,https://es.wikipedia.org/wiki/Campeonato_de_Primera_C_2021_(Argentina),
2021-06-23,15:30,Claypole,San Martín (B),2,1,,,Primera C,2021,zonas,Torneo Apertura,Fecha 15,Rodolfo Capocasa,false,https://es.wikipedia.org/wiki/Campeonato_de_Primera_C_2021_(Argentina),
2021-06-23,15:30,Deportivo Laferrere,Central Córdoba (R),0,0,,,Primera C,2021,zonas,Torneo Apertura,Fecha 15,Ciudad de Laferrere,false,https://es.wikipedia.org/wiki/Campeonato_de_Primera_C_2021_(Argentina),
2021-06-23,15:30,Dock Sud,Excursionistas,1,0,,,Primera C,2021,zonas,Torneo Apertura,Fecha 15,De los Inmigrantes,false,https://es.wikipedia.org/wiki/Campeonato_de_Primera_C_2021_(Argentina),
2021-06-23,15:30,Ferro Carril Oeste,Villa Dálmine,0,0,,,Primera Nacional,2021,zonas,Zona B,Fecha 13,Arquitecto Ricardo Etcheverri,false,https://es.wikipedia.org/wiki/Campeonato_de_Primera_Nacional_2021,
2021-06-23,15:30,General Lamadrid,El Porvenir,1,0,,,Primera C,2021,zonas,Torneo Apertura,Fecha 15,Enrique Sexto,false,https://es.wikipedia.org/wiki/Campeonato_de_Primera_C_2021_(Argentina),
2021-06-23,15:30,Güemes (SdE),Defensores de Belgrano,2,2,,,Primera Nacional,2021,zonas,Zona B,Fecha 13,Arturo Miranda,false,https://es.wikipedia.org/wiki/Campeonato_de_Primera_Nacional_2021,
2021-06-23,15:30,Ituzaingó,Berazategui,0,0,,,Primera C,2021,zonas,Torneo Apertura,Fecha 15,Carlos Alberto Sacaan,false,https://es.wikipedia.org/wiki/Campeonato_de_Primera_C_2021_(Argentina),
2021-06-23,15:30,Real Pilar,Sportivo Italiano,4,4,,,Primera C,2021,zonas,Torneo Apertura,Fecha 15,Carlos Barraza,false,https://es.wikipedia.org/wiki/Campeonato_de_Primera_C_2021_(Argentina),
2021-06-23,15:30,Victoriano Arenas,Deportivo Español,0,0,,,Primera C,2021,zonas,Torneo Apertura,Fecha 15,Saturnino Moure,false,https://es.wikipedia.org/wiki/Campeonato_de_Primera_C_2021_(Argentina),
2021-06-23,16:00,Tigre,Atlanta,1,1,,,Primera Nacional,2021,zonas,Zona A,Fecha 13,Monumental de Victoria,false,https://es.wikipedia.org/wiki/Campeonato_de_Primera_Nacional_2021,
2021-06-23,19:00,Alvarado,Mitre (SdE),3,1,,,Primera Nacional,2021,zonas,Zona A,Fecha 13,José María Minella,false,https://es.wikipedia.org/wiki/Campeonato_de_Primera_Nacional_2021,
2021-06-23,20:00,Agropecuario,Nueva Chicago,3,0,,,Primera Nacional,2021,zonas,Zona A,Fecha 13,Ofelia Rosenzuaig,false,https://es.wikipedia.org/wiki/Campeonato_de_Primera_Nacional_2021,
2021-06-24,14:00,Gimnasia y Esgrima (J),Brown de Adrogué,0,0,,,Primera Nacional,2021,zonas,Zona B,Fecha 13,23 de Agosto,false,https://es.wikipedia.org/wiki/Campeonato_de_Primera_Nacional_2021,
2021-06-26,13:05,Deportivo Merlo,Defensores Unidos,1,1,,,Primera B,2021,zonas,Torneo Apertura,Fecha 15,José Manuel Moreno,false,https://es.wikipedia.org/wiki/Campeonato_de_Primera_B_2021_(Argentina),
2021-06-26,13:10,Acassuso,Los Andes,1,0,,,Primera B,2021,zonas,Torneo Apertura,Fecha 15,Armenia,false,https://es.wikipedia.org/wiki/Campeonato_de_Primera_B_2021_(Argentina),
2021-06-26,15:00,Boca Unidos,Gimnasia y Tiro (S),1,3,,,Torneo Federal A,2021,zonas,Zona B,Fecha 9,Leoncio Benítez,false,https://es.wikipedia.org/wiki/Torneo_Federal_A_2021,
2021-06-26,15:00,Cañuelas,Colegiales,2,0,,,Primera B,2021,zonas,Torneo Apertura,Fecha 15,Jorge Alfredo Arín,false,https://es.wikipedia.org/wiki/Campeonato_de_Primera_B_2021_(Argentina),
2021-06-26,15:00,Deportivo Madryn,Sol de Mayo (V),1,1,,,Torneo Federal A,2021,zonas,Zona A,Fecha 9,Abel Sastre,false,https://es.wikipedia.org/wiki/Torneo_Federal_A_2021,
2021-06-26,15:00,Flandria,Fénix,2,0,,,Primera B,2021,zonas,Torneo Apertura,Fecha 15,Carlos V,false,https://es.wikipedia.org/wiki/Campeonato_de_Primera_B_2021_(Argentina),
2021-06-26,15:00,Sacachispas,Argentino de Quilmes,1,0,,,Primera B,2021,zonas,Torneo Apertura,Fecha 15,Beto Larrosa,false,https://es.wikipedia.org/wiki/Campeonato_de_Primera_B_2021_(Argentina),
2021-06-26,15:00,San Miguel,Villa San Carlos,1,0,,,Primera B,2021,zonas,Torneo Apertura,Fecha 15,Malvinas Argentinas,false,https://es.wikipedia.org/wiki/Campeonato_de_Primera_B_2021_(Argentina),
2021-06-26,15:00,UAI Urquiza,Comunicaciones,2,3,,,Primera B,2021,zonas,Torneo Apertura,Fecha 15,Monumental de Villa Lynch,false,https://es.wikipedia.org/wiki/Campeonato_de_Primera_B_2021_(Argentina),
2021-06-26,17:10,Talleres (RdE),Deportivo Armenio,1,0,,,Primera B,2021,zonas,Torneo Apertura,Fecha 15,Talleres,false,https://es.wikipedia.org/wiki/Campeonato_de_Primera_B_2021_(Argentina),
2021-06-27,11:00,Guillermo Brown,Barracas Central,0,1,,,Primera Nacional,2021,zonas,Zona B,Fecha 14,Raúl Conti,false,https://es.wikipedia.org/wiki/Campeonato_de_Primera_Nacional_2021,
2021-06-27,13:10,Chacarita Juniors,Tigre,2,2,,,Primera Nacional,2021,zonas,Zona A,Fecha 14,Chacarita Juniors,false,https://es.wikipedia.org/wiki/Campeonato_de_Primera_Nacional_2021,
2021-06-27,14:00,Cipolletti,Desamparados,3,1,,,Torneo Federal A,2021,zonas,Zona A,Fecha 9,La Visera de Cemento,false,https://es.wikipedia.org/wiki/Torneo_Federal_A_2021,
2021-06-27,14:00,San Telmo,Ferro Carril Oeste,1,0,,,Primera Nacional,2021,zonas,Zona B,Fecha 14,Dr. Osvaldo Baletto,false,https://es.wikipedia.org/wiki/Campeonato_de_Primera_Nacional_2021,
2021-06-27,14:00,Villa Dálmine,Tristán Suárez,1,1,,,Primera Nacional,2021,zonas,Zona B,Fecha 14,El Coliseo de Mitre y Puccini,false,https://es.wikipedia.org/wiki/Campeonato_de_Primera_Nacional_2021,
2021-06-27,15:00,Almagro,All Boys,3,0,,,Primera Nacional,2021,zonas,Zona B,Fecha 14,Tres de Febrero,false,https://es.wikipedia.org/wiki/Campeonato_de_Primera_Nacional_2021,
2021-06-27,15:00,Atlético de Rafaela,Independiente Rivadavia,2,1,,,Primera Nacional,2021,zonas,Zona B,Fecha 14,Nuevo Monumental,false,https://es.wikipedia.org/wiki/Campeonato_de_Primera_Nacional_2021,
2021-06-27,15:00,Berazategui,Dock Sud,1,2,,,Primera C,2021,zonas,Torneo Apertura,Fecha 16,Norman Lee,false,https://es.wikipedia.org/wiki/Campeonato_de_Primera_C_2021_(Argentina),
2021-06-27,15:00,Central Córdoba (R),Claypole,0,0,,,Primera C,2021,zonas,Torneo Apertura,Fecha 16,Gabino Sosa,false,https://es.wikipedia.org/wiki/Campeonato_de_Primera_C_2021_(Argentina),
2021-06-27,15:00,Ciudad de Bolívar,Ferro Carril Oeste (GP),1,3,,,Torneo Federal A,2021,zonas,Zona A,Fecha 9,Municipal Eva Perón,false,https://es.wikipedia.org/wiki/Torneo_Federal_A_2021,
2021-06-27,15:00,Deportivo Español,Atlas,1,2,,,Primera C,2021,zonas,Torneo Apertura,Fecha 16,Nueva España,false,https://es.wikipedia.org/wiki/Campeonato_de_Primera_C_2021_(Argentina),
2021-06-27,15:00,Douglas Haig,Sportivo Belgrano,0,0,,,Torneo Federal A,2021,zonas,Zona B,Fecha 9,Miguel Morales,false,https://es.wikipedia.org/wiki/Torneo_Federal_A_2021,
2021-06-27,15:00,El Porvenir,Victoriano Arenas,0,0,,,Primera C,2021,zonas,Torneo Apertura,Fecha 16,Gildo Ghersinich,false,https://es.wikipedia.org/wiki/Campeonato_de_Primera_C_2021_(Argentina),
2021-06-27,15:00,Excursionistas,Deportivo Laferrere,2,3,,,Primera C,2021,zonas,Torneo Apertura,Fecha 16,Excursionistas,false,https://es.wikipedia.org/wiki/Campeonato_de_Primera_C_2021_(Argentina),
2021-06-27,15:00,Gimnasia y Esgrima (CdU),Defensores de Pronunciamiento,0,1,,,Torneo Federal A,2021,zonas,Zona B,Fecha 9,Manuel y Ramón Núñez,false,https://es.wikipedia.org/wiki/Torneo_Federal_A_2021,
2021-06-27,15:00,Independiente (C),Sansinena,3,1,,,Torneo Federal A,2021,zonas,Zona A,Fecha 9,Raúl Orlando Lungarzo,false,https://es.wikipedia.org/wiki/Torneo_Federal_A_2021,
2021-06-27,15:00,Leandro N. Alem,Ituzaingó,2,2,,,Primera C,2021,zonas,Torneo Apertura,Fecha 16,Leandro N. Alem,false,https://es.wikipedia.org/wiki/Campeonato_de_Primera_C_2021_(Argentina),
2021-06-27,15:00,Luján,Ferrocarril Midland,1,1,,,Primera C,2021,zonas,Torneo Apertura,Fecha 16,Municipal de la Ciudad de Luján,false,https://es.wikipedia.org/wiki/Campeonato_de_Primera_C_2021_(Argentina),
2021-06-27,15:00,Olimpo,Huracán Las Heras,1,0,,,Torneo Federal A,2021,zonas,Zona A,Fecha 9,Roberto N. Carminatti,false,https://es.wikipedia.org/wiki/Torneo_Federal_A_2021,
2021-06-27,15:00,Racing (C),Defensores de Belgrano (VR),3,0,,,Torneo Federal A,2021,zonas,Zona B,Fecha 9,Miguel Sancho,false,https://es.wikipedia.org/wiki/Torneo_Federal_A_2021,
2021-06-27,15:00,Ramón Santamarina,Güemes (SdE),1,2,,,Primera Nacional,2021,zonas,Zona B,Fecha 14,Municipal General San Martín,false,https://es.wikipedia.org/wiki/Campeonato_de_Primera_Nacional_2021,
2021-06-27,15:00,San Martín (B),Real Pilar,0,3,,,Primera C,2021,zonas,Torneo Apertura,Fecha 16,Francisco Boga,false,https://es.wikipedia.org/wiki/Campeonato_de_Primera_C_2021_(Argentina),
2021-06-27,15:00,Sportivo Italiano,General Lamadrid,0,0,,,Primera C,2021,zonas,Torneo Apertura,Fecha 16,República de Italia,false,https://es.wikipedia.org/wiki/Campeonato_de_Primera_C_2021_(Argentina),
2021-06-27,15:00,Sportivo Peñarol (C),Deportivo Camioneros,1,0,,,Torneo Federal A,2021,zonas,Zona A,Fecha 9,Ramón Pablo Rojas,false,https://es.wikipedia.org/wiki/Torneo_Federal_A_2021,
2021-06-27,15:30,Central Norte (S),Crucero del Norte,4,1,,,Torneo Federal A,2021,zonas,Zona B,Fecha 9,Padre Ernesto Martearena,false,https://es.wikipedia.org/wiki/Torneo_Federal_A_2021,
2021-06-27,15:30,Chaco For Ever,Unión (S),2,2,,,Torneo Federal A,2021,zonas,Zona B,Fecha 9,Juan Alberto García,false,https://es.wikipedia.org/wiki/Torneo_Federal_A_2021,
2021-06-27,15:30,Círculo Deportivo,Villa Mitre,1,0,,,Torneo Federal A,2021,zonas,Zona A,Fecha 9,Guillermo Trama,false,https://es.wikipedia.org/wiki/Torneo_Federal_A_2021,
2021-06-27,16:00,Sportivo Estudiantes (SL),Juventud Unida Universitario,0,4,,,Torneo Federal A,2021,zonas,Zona A,Fecha 9,Héctor Odicino y Pedro Benoza,false,https://es.wikipedia.org/wiki/Torneo_Federal_A_2021,
2021-06-27,16:00,Sportivo Las Parejas,Sarmiento (R),2,2,,,Torneo Federal A,2021,zonas,Zona B,Fecha 9,4 de Septiembre,false,https://es.wikipedia.org/wiki/Torneo_Federal_A_2021,
2021-06-28,15:00,Brown de Adrogué,Instituto,2,0,,,Primera Nacional,2021,zonas,Zona B,Fecha 14,Lorenzo Arandilla,false,https://es.wikipedia.org/wiki/Campeonato_de_Primera_Nacional_2021,
2021-06-28,15:00,Deportivo Riestra,Estudiantes (RC),0,1,,,Primera Nacional,2021,zonas,Zona A,Fecha 14,Guillermo Laza,false,https://es.wikipedia.org/wiki/Campeonato_de_Primera_Nacional_2021,
2021-06-28,15:05,Nueva Chicago,Quilmes,1,1,,,Primera Nacional,2021,zonas,Zona A,Fecha 14,República de Mataderos,false,https://es.wikipedia.org/wiki/Campeonato_de_Primera_Nacional_2021,
2021-06-28,16:00,San Martín (T),Deportivo Maipú,2,0,,,Primera Nacional,2021,zonas,Zona A,Fecha 14,La Ciudadela,false,https://es.wikipedia.org/wiki/Campeonato_de_Primera_Nacional_2021,
2021-06-29,15:00,Defensores de Belgrano,Deportivo Morón,0,2,,,Primera Nacional,2021,zonas,Zona B,Fecha 14,Juan Pasquale,false,https://es.wikipedia.org/wiki/Campeonato_de_Primera_Nacional_2021,
2021-06-29,15:30,Atlanta,Alvarado,0,0,,,Primera Nacional,2021,zonas,Zona A,Fecha 14,Don León Kolbowsky,false,https://es.wikipedia.org/wiki/Campeonato_de_Primera_Nacional_2021,
2021-06-29,15:30,Mitre (SdE),Estudiantes (BA),0,2,,,Primera Nacional,2021,zonas,Zona A,Fecha 14,Doctores José y Antonio Castiglione,false,https://es.wikipedia.org/wiki/Campeonato_de_Primera_Nacional_2021,
2021-06-29,16:00,San Martín (SJ),Gimnasia y Esgrima (J),2,2,,,Primera Nacional,2021,zonas,Zona B,Fecha 14,Ingeniero Hilario Sánchez,false,https://es.wikipedia.org/wiki/Campeonato_de_Primera_Nacional_2021,
2021-06-29,19:00,Almirante Brown,Agropecuario,2,1,,,Primera Nacional,2021,zonas,Zona A,Fecha 14,Fragata Sarmiento,false,https://es.wikipedia.org/wiki/Campeonato_de_Primera_Nacional_2021,
2021-06-29,21:10,Belgrano,Temperley,2,1,,,Primera Nacional,2021,zonas,Zona A,Fecha 14,Gigante de Alberdi,false,https://es.wikipedia.org/wiki/Campeonato_de_Primera_Nacional_2021,
2021-07-02,15:00,Argentino de Quilmes,J. J. de Urquiza,1,1,,,Primera B,2021,zonas,Torneo Apertura,Fecha 16,Argentino de Quilmes,false,https://es.wikipedia.org/wiki/Campeonato_de_Primera_B_2021_(Argentina),
2021-07-02,15:00,Colegiales,Acassuso,1,0,,,Primera B,2021,zonas,Torneo Apertura,Fecha 16,Libertarios Unidos,false,https://es.wikipedia.org/wiki/Campeonato_de_Primera_B_2021_(Argentina),
2021-07-02,15:00,Comunicaciones,Talleres (RdE),0,1,,,Primera B,2021,zonas,Torneo Apertura,Fecha 16,Alfredo Ramos,false,https://es.wikipedia.org/wiki/Campeonato_de_Primera_B_2021_(Argentina),
2021-07-02,15:00,Defensores Unidos,Flandria,0,3,,,Primera B,2021,zonas,Torneo Apertura,Fecha 16,Gigante de Villa Fox,false,https://es.wikipedia.org/wiki/Campeonato_de_Primera_B_2021_(Argentina),
2021-07-02,15:00,Desamparados,Círculo Deportivo,0,0,,,Torneo Federal A,2021,zonas,Zona A,Fecha 10,El Serpentario,false,https://es.wikipedia.org/wiki/Torneo_Federal_A_2021,
2021-07-02,15:00,Los Andes,Sacachispas,0,0,,,Primera B,2021,zonas,Torneo Apertura,Fecha 16,Eduardo Gallardón,false,https://es.wikipedia.org/wiki/Campeonato_de_Primera_B_2021_(Argentina),
2021-07-02,15:00,Villa San Carlos,Deportivo Merlo,0,0,,,Primera B,2021,zonas,Torneo Apertura,Fecha 16,Genacio Sálice,false,https://es.wikipedia.org/wiki/Campeonato_de_Primera_B_2021_(Argentina),
2021-07-02,17:00,Sportivo Belgrano,Sportivo Las Parejas,2,2,,,Torneo Federal A,2021,zonas,Zona B,Fecha 10,Oscar Carlos Boero,false,https://es.wikipedia.org/wiki/Torneo_Federal_A_2021,
2021-07-03,14:00,Barracas Central,Brown de Adrogué,1,1,,,Primera Nacional,2021,zonas,Zona B,Fecha 15,Claudio Chiqui Tapia,false,https://es.wikipedia.org/wiki/Campeonato_de_Primera_Nacional_2021,
2021-07-03,15:00,Crucero del Norte,Chaco For Ever,0,0,,,Torneo Federal A,2021,zonas,Zona B,Fecha 10,Comandante Andrés Guacurarí,false,https://es.wikipedia.org/wiki/Torneo_Federal_A_2021,
2021-07-03,15:00,Defensores de Pronunciamiento,Douglas Haig,2,1,,,Torneo Federal A,2021,zonas,Zona B,Fecha 10,Delio Cardozo,false,https://es.wikipedia.org/wiki/Torneo_Federal_A_2021,
2021-07-03,15:00,Deportivo Armenio,San Miguel,1,1,,,Primera B,2021,zonas,Torneo Apertura,Fecha 16,Armenia,false,https://es.wikipedia.org/wiki/Campeonato_de_Primera_B_2021_(Argentina),
2021-07-03,15:00,Deportivo Camioneros,Sportivo Estudiantes (SL),0,0,,,Torneo Federal A,2021,zonas,Zona A,Fecha 10,Hugo Moyano,false,https://es.wikipedia.org/wiki/Torneo_Federal_A_2021,
2021-07-03,15:00,Deportivo Madryn,Ciudad de Bolívar,1,0,,,Torneo Federal A,2021,zonas,Zona A,Fecha 10,Abel Sastre,false,https://es.wikipedia.org/wiki/Torneo_Federal_A_2021,
2021-07-03,15:00,Fénix,Cañuelas,0,1,,,Primera B,2021,zonas,Torneo Apertura,Fecha 16,José Manuel Moreno,false,https://es.wikipedia.org/wiki/Campeonato_de_Primera_B_2021_(Argentina),
2021-07-03,15:00,Huracán Las Heras,Sportivo Peñarol (C),2,2,,,Torneo Federal A,2021,zonas,Zona A,Fecha 10,General San Martín,false,https://es.wikipedia.org/wiki/Torneo_Federal_A_2021,
2021-07-03,15:00,Sansinena,Cipolletti,0,0,,,Torneo Federal A,2021,zonas,Zona A,Fecha 10,Luis Molina,false,https://es.wikipedia.org/wiki/Torneo_Federal_A_2021,
2021-07-03,15:00,Sol de Mayo (V),Olimpo,0,2,,,Torneo Federal A,2021,zonas,Zona A,Fecha 10,Sol de Mayo,false,https://es.wikipedia.org/wiki/Torneo_Federal_A_2021,
2021-07-03,15:00,Tristán Suárez,San Telmo,1,1,,,Primera Nacional,2021,zonas,Zona B,Fecha 15,20 de Octubre,false,https://es.wikipedia.org/wiki/Campeonato_de_Primera_Nacional_2021,
2021-07-03,15:00,Villa Mitre,Ferro Carril Oeste (GP),2,1,,,Torneo Federal A,2021,zonas,Zona A,Fecha 10,El Fortín,false,https://es.wikipedia.org/wiki/Torneo_Federal_A_2021,
2021-07-03,15:30,Defensores de Belgrano (VR),Gimnasia y Esgrima (CdU),2,1,,,Torneo Federal A,2021,zonas,Zona B,Fecha 10,Salomón Boeseldín,false,https://es.wikipedia.org/wiki/Torneo_Federal_A_2021,
2021-07-03,15:30,Gimnasia y Tiro (S),Juventud Unida (G),1,1,,,Torneo Federal A,2021,zonas,Zona B,Fecha 10,El Gigante del Norte,false,https://es.wikipedia.org/wiki/Torneo_Federal_A_2021,
2021-07-03,15:30,Sarmiento (R),Boca Unidos,0,3,,,Torneo Federal A,2021,zonas,Zona B,Fecha 10,Centenario,false,https://es.wikipedia.org/wiki/Torneo_Federal_A_2021,
2021-07-03,15:30,Unión (S),Racing (C),1,2,,,Torneo Federal A,2021,zonas,Zona B,Fecha 10,De la Avenida,false,https://es.wikipedia.org/wiki/Torneo_Federal_A_2021,
2021-07-03,16:00,Juventud Unida Universitario,Independiente (C),1,1,,,Torneo Federal A,2021,zonas,Zona A,Fecha 10,Mario Sebastián Diez,false,https://es.wikipedia.org/wiki/Torneo_Federal_A_2021,
2021-07-04,15:00,Atlas,El Porvenir,0,3,,,Primera C,2021,zonas,Torneo Apertura,Fecha 17,Ricardo Puga,false,https://es.wikipedia.org/wiki/Campeonato_de_Primera_C_2021_(Argentina),
2021-07-04,15:00,Claypole,Excursionistas,0,2,,,Primera C,2021,zonas,Torneo Apertura,Fecha 17,Rodolfo Capocasa,false,https://es.wikipedia.org/wiki/Campeonato_de_Primera_C_2021_(Argentina),
2021-07-04,15:00,Deportivo Laferrere,Berazategui,1,2,,,Primera C,2021,zonas,Torneo Apertura,Fecha 17,Ciudad de Laferrere,false,https://es.wikipedia.org/wiki/Campeonato_de_Primera_C_2021_(Argentina),
2021-07-04,15:00,Deportivo Morón,Ramón Santamarina,2,1,,,Primera Nacional,2021,zonas,Zona B,Fecha 15,Nuevo Francisco Urbano,false,https://es.wikipedia.org/wiki/Campeonato_de_Primera_Nacional_2021,
2021-07-04,15:00,Dock Sud,Leandro N. Alem,1,0,,,Primera C,2021,zonas,Torneo Apertura,Fecha 17,De los Inmigrantes,false,https://es.wikipedia.org/wiki/Campeonato_de_Primera_C_2021_(Argentina),
2021-07-04,15:00,Ferrocarril Midland,Deportivo Español,0,1,,,Primera C,2021,zonas,Torneo Apertura,Fecha 17,Ciudad de Libertad,false,https://es.wikipedia.org/wiki/Campeonato_de_Primera_C_2021_(Argentina),
2021-07-04,15:00,General Lamadrid,San Martín (B),1,2,,,Primera C,2021,zonas,Torneo Apertura,Fecha 17,Enrique Sexto,false,https://es.wikipedia.org/wiki/Campeonato_de_Primera_C_2021_(Argentina),
2021-07-04,15:00,Güemes (SdE),Almagro,0,2,,,Primera Nacional,2021,zonas,Zona B,Fecha 15,Arturo Miranda,false,https://es.wikipedia.org/wiki/Campeonato_de_Primera_Nacional_2021,
2021-07-04,15:00,Ituzaingó,Argentino de Merlo,3,1,,,Primera C,2021,zonas,Torneo Apertura,Fecha 17,Carlos Alberto Sacaan,false,https://es.wikipedia.org/wiki/Campeonato_de_Primera_C_2021_(Argentina),
2021-07-04,15:00,Quilmes,Almirante Brown,3,1,,,Primera Nacional,2021,zonas,Zona A,Fecha 15,Centenario Ciudad de Quilmes,false,https://es.wikipedia.org/wiki/Campeonato_de_Primera_Nacional_2021,
2021-07-04,15:00,Real Pilar,Central Córdoba (R),0,0,,,Primera C,2021,zonas,Torneo Apertura,Fecha 17,Carlos Barraza,false,https://es.wikipedia.org/wiki/Campeonato_de_Primera_C_2021_(Argentina),
2021-07-04,15:00,Victoriano Arenas,Sportivo Italiano,4,0,,,Primera C,2021,zonas,Torneo Apertura,Fecha 17,Saturnino Moure,false,https://es.wikipedia.org/wiki/Campeonato_de_Primera_C_2021_(Argentina),
2021-07-04,15:10,Ferro Carril Oeste,Defensores de Belgrano,1,1,,,Primera Nacional,2021,zonas,Zona B,Fecha 15,Arquitecto Ricardo Etcheverri,false,https://es.wikipedia.org/wiki/Campeonato_de_Primera_Nacional_2021,
2021-07-04,15:30,All Boys,Atlético de Rafaela,0,1,,,Primera Nacional,2021,zonas,Zona B,Fecha 15,Islas Malvinas,false,https://es.wikipedia.org/wiki/Campeonato_de_Primera_Nacional_2021,
2021-07-04,15:30,Deportivo Maipú,Belgrano,1,2,,,Primera Nacional,2021,zonas,Zona A,Fecha 15,Omar Higinio Sperdutti,false,https://es.wikipedia.org/wiki/Campeonato_de_Primera_Nacional_2021,
2021-07-04,15:30,Independiente Rivadavia,Guillermo Brown,0,2,,,Primera Nacional,2021,zonas,Zona B,Fecha 15,Bautista Gargantini,false,https://es.wikipedia.org/wiki/Campeonato_de_Primera_Nacional_2021,
2021-07-04,15:30,Instituto,San Martín (SJ),1,1,,,Primera Nacional,2021,zonas,Zona B,Fecha 15,Juan Domingo Perón,false,https://es.wikipedia.org/wiki/Campeonato_de_Primera_Nacional_2021,
2021-07-04,17:10,Tigre,Nueva Chicago,1,0,,,Primera Nacional,2021,zonas,Zona A,Fecha 15,Monumental de Victoria,false,https://es.wikipedia.org/wiki/Campeonato_de_Primera_Nacional_2021,
2021-07-04,19:00,Alvarado,Chacarita Juniors,2,1,,,Primera Nacional,2021,zonas,Zona A,Fecha 15,José María Minella,false,https://es.wikipedia.org/wiki/Campeonato_de_Primera_Nacional_2021,
2021-07-05,14:00,Gimnasia y Esgrima (J),Villa Dálmine,1,0,,,Primera Nacional,2021,zonas,Zona B,Fecha 15,23 de Agosto,false,https://es.wikipedia.org/wiki/Campeonato_de_Primera_Nacional_2021,
2021-07-05,15:00,Agropecuario,San Martín (T),0,1,,,Primera Nacional,2021,zonas,Zona A,Fecha 15,Ofelia Rosenzuaig,false,https://es.wikipedia.org/wiki/Campeonato_de_Primera_Nacional_2021,
2021-07-05,15:00,Estudiantes (RC),Gimnasia y Esgrima (M),1,1,,,Primera Nacional,2021,zonas,Zona A,Fecha 15,Antonio Candini,false,https://es.wikipedia.org/wiki/Campeonato_de_Primera_Nacional_2021,
2021-07-05,15:00,Temperley,Deportivo Riestra,1,0,,,Primera Nacional,2021,zonas,Zona A,Fecha 15,Alfredo Beranger,false,https://es.wikipedia.org/wiki/Campeonato_de_Primera_Nacional_2021,
2021-07-05,15:10,Estudiantes (BA),Atlanta,2,1,,,Primera Nacional,2021,zonas,Zona A,Fecha 15,Ciudad de Caseros,false,https://es.wikipedia.org/wiki/Campeonato_de_Primera_Nacional_2021,
2021-07-07,14:00,Cipolletti,Juventud Unida Universitario,0,1,,,Torneo Federal A,2021,zonas,Zona A,Fecha 11,La Visera de Cemento,false,https://es.wikipedia.org/wiki/Torneo_Federal_A_2021,
2021-07-07,14:45,Douglas Haig,Defensores de Belgrano (VR),0,2,,,Torneo Federal A,2021,zonas,Zona B,Fecha 11,Miguel Morales,false,https://es.wikipedia.org/wiki/Torneo_Federal_A_2021,
2021-07-07,15:00,Boca Unidos,Sportivo Belgrano,1,1,,,Torneo Federal A,2021,zonas,Zona B,Fecha 11,Leoncio Benítez,false,https://es.wikipedia.org/wiki/Torneo_Federal_A_2021,
2021-07-07,15:00,Ciudad de Bolívar,Villa Mitre,2,2,,,Torneo Federal A,2021,zonas,Zona A,Fecha 11,Municipal Eva Perón,false,https://es.wikipedia.org/wiki/Torneo_Federal_A_2021,
2021-07-07,15:00,Círculo Deportivo,Sansinena,2,1,,,Torneo Federal A,2021,zonas,Zona A,Fecha 11,Guillermo Trama,false,https://es.wikipedia.org/wiki/Torneo_Federal_A_2021,
2021-07-07,15:00,Ferro Carril Oeste (GP),Desamparados,0,1,,,Torneo Federal A,2021,zonas,Zona A,Fecha 11,El Coloso del Barrio Talleres,false,https://es.wikipedia.org/wiki/Torneo_Federal_A_2021,
2021-07-07,15:00,Gimnasia y Esgrima (CdU),Unión (S),1,0,,,Torneo Federal A,2021,zonas,Zona B,Fecha 11,Manuel y Ramón Núñez,false,https://es.wikipedia.org/wiki/Torneo_Federal_A_2021,
2021-07-07,15:00,Independiente (C),Deportivo Camioneros,1,0,,,Torneo Federal A,2021,zonas,Zona A,Fecha 11,Raúl Orlando Lungarzo,false,https://es.wikipedia.org/wiki/Torneo_Federal_A_2021,
2021-07-07,15:00,Juventud Unida (G),Sarmiento (R),1,1,,,Torneo Federal A,2021,zonas,Zona B,Fecha 11,De los Eucaliptos,false,https://es.wikipedia.org/wiki/Torneo_Federal_A_2021,
2021-07-07,15:00,Olimpo,Deportivo Madryn,2,0,,,Torneo Federal A,2021,zonas,Zona A,Fecha 11,Roberto N. Carminatti,false,https://es.wikipedia.org/wiki/Torneo_Federal_A_2021,
2021-07-07,15:00,Racing (C),Crucero del Norte,3,0,,,Torneo Federal A,2021,zonas,Zona B,Fecha 11,Miguel Sancho,false,https://es.wikipedia.org/wiki/Torneo_Federal_A_2021,
2021-07-07,15:00,Sportivo Las Parejas,Defensores de Pronunciamiento,2,1,,,Torneo Federal A,2021,zonas,Zona B,Fecha 11,4 de Septiembre,false,https://es.wikipedia.org/wiki/Torneo_Federal_A_2021,
2021-07-07,15:00,Sportivo Peñarol (C),Sol de Mayo (V),1,0,,,Torneo Federal A,2021,zonas,Zona A,Fecha 11,Ramón Pablo Rojas,false,https://es.wikipedia.org/wiki/Torneo_Federal_A_2021,
2021-07-07,15:30,Chaco For Ever,Central Norte (S),2,2,,,Torneo Federal A,2021,zonas,Zona B,Fecha 11,Juan Alberto García,false,https://es.wikipedia.org/wiki/Torneo_Federal_A_2021,
2021-07-07,15:30,Sportivo Estudiantes (SL),Huracán Las Heras,2,1,,,Torneo Federal A,2021,zonas,Zona A,Fecha 11,Héctor Odicino y Pedro Benoza,false,https://es.wikipedia.org/wiki/Torneo_Federal_A_2021,
2021-07-09,15:00,Flandria,Villa San Carlos,1,0,,,Primera B,2021,zonas,Torneo Apertura,Fecha 17,Carlos V,false,https://es.wikipedia.org/wiki/Campeonato_de_Primera_B_2021_(Argentina),
2021-07-09,15:10,Deportivo Merlo,Deportivo Armenio,1,0,,,Primera B,2021,zonas,Torneo Apertura,Fecha 17,José Manuel Moreno,false,https://es.wikipedia.org/wiki/Campeonato_de_Primera_B_2021_(Argentina),
2021-07-09,15:10,J. J. de Urquiza,Los Andes,0,1,,,Primera B,2021,zonas,Torneo Apertura,Fecha 17,Ramón Roque Martín,false,https://es.wikipedia.org/wiki/Campeonato_de_Primera_B_2021_(Argentina),
2021-07-09,15:10,Sacachispas,Colegiales,1,3,,,Primera B,2021,zonas,Torneo Apertura,Fecha 17,Tomás A. Ducó,false,https://es.wikipedia.org/wiki/Campeonato_de_Primera_B_2021_(Argentina),
2021-07-10,15:00,Acassuso,Fénix,2,0,,,Primera B,2021,zonas,Torneo Apertura,Fecha 17,Armenia,false,https://es.wikipedia.org/wiki/Campeonato_de_Primera_B_2021_(Argentina),
2021-07-10,15:00,Atlanta,Mitre (SdE),0,0,,,Primera Nacional,2021,zonas,Zona A,Fecha 16,Don León Kolbowsky,false,https://es.wikipedia.org/wiki/Campeonato_de_Primera_Nacional_2021,
2021-07-10,15:00,Brown de Adrogué,Independiente Rivadavia,1,1,,,Primera Nacional,2021,zonas,Zona B,Fecha 16,Lorenzo Arandilla,false,https://es.wikipedia.org/wiki/Campeonato_de_Primera_Nacional_2021,
2021-07-10,15:00,Cañuelas,Defensores Unidos,1,3,,,Primera B,2021,zonas,Torneo Apertura,Fecha 17,Jorge Alfredo Arín,false,https://es.wikipedia.org/wiki/Campeonato_de_Primera_B_2021_(Argentina),
2021-07-10,15:00,Defensores de Belgrano,Tristán Suárez,1,6,,,Primera Nacional,2021,zonas,Zona B,Fecha 16,Juan Pasquale,false,https://es.wikipedia.org/wiki/Campeonato_de_Primera_Nacional_2021,
2021-07-10,15:00,Nueva Chicago,Alvarado,1,1,,,Primera Nacional,2021,zonas,Zona A,Fecha 16,República de Mataderos,false,https://es.wikipedia.org/wiki/Campeonato_de_Primera_Nacional_2021,
2021-07-10,15:00,San Miguel,Comunicaciones,2,0,,,Primera B,2021,zonas,Torneo Apertura,Fecha 17,Malvinas Argentinas,false,https://es.wikipedia.org/wiki/Campeonato_de_Primera_B_2021_(Argentina),
2021-07-10,15:00,San Telmo,Gimnasia y Esgrima (J),0,0,,,Primera Nacional,2021,zonas,Zona B,Fecha 16,Dr. Osvaldo Baletto,false,https://es.wikipedia.org/wiki/Campeonato_de_Primera_Nacional_2021,
2021-07-10,15:00,Talleres (RdE),UAI Urquiza,1,1,,,Primera B,2021,zonas,Torneo Apertura,Fecha 17,Talleres,false,https://es.wikipedia.org/wiki/Campeonato_de_Primera_B_2021_(Argentina),
2021-07-11,15:00,Almagro,Deportivo Morón,2,1,,,Primera Nacional,2021,zonas,Zona B,Fecha 16,Tres de Febrero,false,https://es.wikipedia.org/wiki/Campeonato_de_Primera_Nacional_2021,
2021-07-11,15:00,Argentino de Merlo,Dock Sud,1,1,,,Primera C,2021,zonas,Torneo Apertura,Fecha 18,Merlo,false,https://es.wikipedia.org/wiki/Campeonato_de_Primera_C_2021_(Argentina),
2021-07-11,15:00,Berazategui,Claypole,0,0,,,Primera C,2021,zonas,Torneo Apertura,Fecha 18,Norman Lee,false,https://es.wikipedia.org/wiki/Campeonato_de_Primera_C_2021_(Argentina),
2021-07-11,15:00,Central Córdoba (R),General Lamadrid,3,0,,,Primera C,2021,zonas,Torneo Apertura,Fecha 18,Gabino Sosa,false,https://es.wikipedia.org/wiki/Campeonato_de_Primera_C_2021_(Argentina),
2021-07-11,15:00,Crucero del Norte,Gimnasia y Esgrima (CdU),3,0,,,Torneo Federal A,2021,zonas,Zona B,Fecha 12,Comandante Andrés Guacurarí,false,https://es.wikipedia.org/wiki/Torneo_Federal_A_2021,
2021-07-11,15:00,Defensores de Pronunciamiento,Boca Unidos,0,0,,,Torneo Federal A,2021,zonas,Zona B,Fecha 12,Delio Cardozo,false,https://es.wikipedia.org/wiki/Torneo_Federal_A_2021,
2021-07-11,15:00,Deportivo Camioneros,Cipolletti,1,0,,,Torneo Federal A,2021,zonas,Zona A,Fecha 12,Hugo Moyano,false,https://es.wikipedia.org/wiki/Torneo_Federal_A_2021,
2021-07-11,15:00,Deportivo Español,Luján,1,2,,,Primera C,2021,zonas,Torneo Apertura,Fecha 18,Nueva España,false,https://es.wikipedia.org/wiki/Campeonato_de_Primera_C_2021_(Argentina),
2021-07-11,15:00,Deportivo Madryn,Sportivo Peñarol (C),1,1,,,Torneo Federal A,2021,zonas,Zona A,Fecha 12,Abel Sastre,false,https://es.wikipedia.org/wiki/Torneo_Federal_A_2021,
2021-07-11,15:00,Desamparados,Villa Mitre,1,0,,,Torneo Federal A,2021,zonas,Zona A,Fecha 12,El Serpentario,false,https://es.wikipedia.org/wiki/Torneo_Federal_A_2021,
2021-07-11,15:00,El Porvenir,Ferrocarril Midland,0,1,,,Primera C,2021,zonas,Torneo Apertura,Fecha 18,Gildo Ghersinich,false,https://es.wikipedia.org/wiki/Campeonato_de_Primera_C_2021_(Argentina),
2021-07-11,15:00,Excursionistas,Real Pilar,2,0,,,Primera C,2021,zonas,Torneo Apertura,Fecha 18,Excursionistas,false,https://es.wikipedia.org/wiki/Campeonato_de_Primera_C_2021_(Argentina),
2021-07-11,15:00,Gimnasia y Esgrima (M),Temperley,1,2,,,Primera Nacional,2021,zonas,Zona A,Fecha 16,Víctor Antonio Legrotaglie,false,https://es.wikipedia.org/wiki/Campeonato_de_Primera_Nacional_2021,
2021-07-11,15:00,Guillermo Brown,Atlético de Rafaela,1,1,,,Primera Nacional,2021,zonas,Zona B,Fecha 16,Raúl Conti,false,https://es.wikipedia.org/wiki/Campeonato_de_Primera_Nacional_2021,
2021-07-11,15:00,Güemes (SdE),All Boys,1,0,,,Primera Nacional,2021,zonas,Zona B,Fecha 16,Arturo Miranda,false,https://es.wikipedia.org/wiki/Campeonato_de_Primera_Nacional_2021,
2021-07-11,15:00,Juventud Unida Universitario,Círculo Deportivo,2,0,,,Torneo Federal A,2021,zonas,Zona A,Fecha 12,Mario Sebastián Diez,false,https://es.wikipedia.org/wiki/Torneo_Federal_A_2021,
2021-07-11,15:00,Leandro N. Alem,Deportivo Laferrere,1,3,,,Primera C,2021,zonas,Torneo Apertura,Fecha 18,Leandro N. Alem,false,https://es.wikipedia.org/wiki/Campeonato_de_Primera_C_2021_(Argentina),
2021-07-11,15:00,Olimpo,Ciudad de Bolívar,2,0,,,Torneo Federal A,2021,zonas,Zona A,Fecha 12,Roberto N. Carminatti,false,https://es.wikipedia.org/wiki/Torneo_Federal_A_2021,
2021-07-11,15:00,Ramón Santamarina,Ferro Carril Oeste,0,2,,,Primera Nacional,2021,zonas,Zona B,Fecha 16,Municipal General San Martín,false,https://es.wikipedia.org/wiki/Campeonato_de_Primera_Nacional_2021,
2021-07-11,15:00,San Martín (B),Victoriano Arenas,1,3,,,Primera C,2021,zonas,Torneo Apertura,Fecha 18,Francisco Boga,false,https://es.wikipedia.org/wiki/Campeonato_de_Primera_C_2021_(Argentina),
2021-07-11,15:00,Sansinena,Ferro Carril Oeste (GP),3,0,,,Torneo Federal A,2021,zonas,Zona A,Fecha 12,Luis Molina,false,https://es.wikipedia.org/wiki/Torneo_Federal_A_2021,
2021-07-11,15:00,Sportivo Italiano,Atlas,3,3,,,Primera C,2021,zonas,Torneo Apertura,Fecha 18,República de Italia,false,https://es.wikipedia.org/wiki/Campeonato_de_Primera_C_2021_(Argentina),
2021-07-11,15:30,Central Norte (S),Racing (C),0,0,,,Torneo Federal A,2021,zonas,Zona B,Fecha 12,Padre Ernesto Martearena,false,https://es.wikipedia.org/wiki/Torneo_Federal_A_2021,
2021-07-11,15:30,Defensores de Belgrano (VR),Sportivo Las Parejas,2,2,,,Torneo Federal A,2021,zonas,Zona B,Fecha 12,Salomón Boeseldín,false,https://es.wikipedia.org/wiki/Torneo_Federal_A_2021,
2021-07-11,15:30,Huracán Las Heras,Independiente (C),0,0,,,Torneo Federal A,2021,zonas,Zona A,Fecha 12,General San Martín,false,https://es.wikipedia.org/wiki/Torneo_Federal_A_2021,
2021-07-11,15:30,Sarmiento (R),Gimnasia y Tiro (S),0,1,,,Torneo Federal A,2021,zonas,Zona B,Fecha 12,Centenario,false,https://es.wikipedia.org/wiki/Torneo_Federal_A_2021,
2021-07-11,15:30,Sportivo Belgrano,Juventud Unida (G),0,2,,,Torneo Federal A,2021,zonas,Zona B,Fecha 12,Oscar Carlos Boero,false,https://es.wikipedia.org/wiki/Torneo_Federal_A_2021,
2021-07-11,15:30,Unión (S),Douglas Haig,0,0,,,Torneo Federal A,2021,zonas,Zona B,Fecha 12,De la Avenida,false,https://es.wikipedia.org/wiki/Torneo_Federal_A_2021,
2021-07-11,16:00,Belgrano,Agropecuario,0,1,,,Primera Nacional,2021,zonas,Zona A,Fecha 16,Gigante de Alberdi,false,https://es.wikipedia.org/wiki/Campeonato_de_Primera_Nacional_2021,
2021-07-11,16:00,Sol de Mayo (V),Sportivo Estudiantes (SL),1,1,,,Torneo Federal A,2021,zonas,Zona A,Fecha 12,Sol de Mayo,false,https://es.wikipedia.org/wiki/Torneo_Federal_A_2021,
2021-07-11,17:00,Almirante Brown,Tigre,1,0,,,Primera Nacional,2021,zonas,Zona A,Fecha 16,Fragata Sarmiento,false,https://es.wikipedia.org/wiki/Campeonato_de_Primera_Nacional_2021,
2021-07-11,19:00,Chacarita Juniors,Estudiantes (BA),0,0,,,Primera Nacional,2021,zonas,Zona A,Fecha 16,Chacarita Juniors,false,https://es.wikipedia.org/wiki/Campeonato_de_Primera_Nacional_2021,
2021-07-12,14:00,Villa Dálmine,Instituto,1,2,,,Primera Nacional,2021,zonas,Zona B,Fecha 16,El Coliseo de Mitre y Puccini,false,https://es.wikipedia.org/wiki/Campeonato_de_Primera_Nacional_2021,
2021-07-12,15:00,Deportivo Riestra,Deportivo Maipú,0,1,,,Primera Nacional,2021,zonas,Zona A,Fecha 16,Guillermo Laza,false,https://es.wikipedia.org/wiki/Campeonato_de_Primera_Nacional_2021,
2021-07-12,15:30,San Martín (SJ),Barracas Central,2,3,,,Primera Nacional,2021,zonas,Zona B,Fecha 16,Ingeniero Hilario Sánchez,false,https://es.wikipedia.org/wiki/Campeonato_de_Primera_Nacional_2021,
2021-07-12,21:10,San Martín (T),Quilmes,1,2,,,Primera Nacional,2021,zonas,Zona A,Fecha 16,La Ciudadela,false,https://es.wikipedia.org/wiki/Campeonato_de_Primera_Nacional_2021,
2021-07-16,15:00,Temperley,Estudiantes (RC),1,1,,,Primera Nacional,2021,zonas,Zona A,Fecha 17,Alfredo Beranger,false,https://es.wikipedia.org/wiki/Campeonato_de_Primera_Nacional_2021,
2021-07-16,19:00,Alvarado,Almirante Brown,0,1,,,Primera Nacional,2021,zonas,Zona A,Fecha 17,José María Minella,false,https://es.wikipedia.org/wiki/Campeonato_de_Primera_Nacional_2021,
2021-07-16,19:00,Unión,Boca Juniors,1,1,,,Primera Division,2021,zonas,,Fecha 1,15 de Abril,false,https://es.wikipedia.org/wiki/Campeonato_de_Primera_División_2021_(Argentina),
2021-07-16,21:15,Sarmiento (J),Estudiantes (LP),0,3,,,Primera Division,2021,zonas,,Fecha 1,Eva Perón,false,https://es.wikipedia.org/wiki/Campeonato_de_Primera_División_2021_(Argentina),
2021-07-17,13:00,Deportivo Merlo,Comunicaciones,0,1,,,Primera B,2021,zonas,Torneo Clausura,Fecha 1,José Manuel Moreno,false,https://es.wikipedia.org/wiki/Campeonato_de_Primera_B_2021_(Argentina),
2021-07-17,13:10,J. J. de Urquiza,Colegiales,0,0,,,Primera B,2021,zonas,Torneo Clausura,Fecha 1,Ramón Roque Martín,false,https://es.wikipedia.org/wiki/Campeonato_de_Primera_B_2021_(Argentina),
2021-07-17,13:30,Aldosivi,Patronato,0,2,,,Primera Division,2021,zonas,,Fecha 1,José María Minella,false,https://es.wikipedia.org/wiki/Campeonato_de_Primera_División_2021_(Argentina),
2021-07-17,15:00,Acassuso,Defensores Unidos,0,0,,,Primera B,2021,zonas,Torneo Clausura,Fecha 1,Armenia,false,https://es.wikipedia.org/wiki/Campeonato_de_Primera_B_2021_(Argentina),
2021-07-17,15:00,Cañuelas,Villa San Carlos,3,0,,,Primera B,2021,zonas,Torneo Clausura,Fecha 1,Jorge Alfredo Arín,false,https://es.wikipedia.org/wiki/Campeonato_de_Primera_B_2021_(Argentina),
2021-07-17,15:00,Dock Sud,Ituzaingó,2,0,,,Primera C,2021,zonas,Torneo Apertura,Fecha 19,De los Inmigrantes,false,https://es.wikipedia.org/wiki/Campeonato_de_Primera_C_2021_(Argentina),
2021-07-17,15:00,Douglas Haig,Crucero del Norte,1,0,,,Torneo Federal A,2021,zonas,Zona B,Fecha 13,Miguel Morales,false,https://es.wikipedia.org/wiki/Torneo_Federal_A_2021,
2021-07-17,15:00,Ferro Carril Oeste (GP),Juventud Unida Universitario,1,0,,,Torneo Federal A,2021,zonas,Zona A,Fecha 13,El Coloso del Barrio Talleres,false,https://es.wikipedia.org/wiki/Torneo_Federal_A_2021,
2021-07-17,15:00,Gimnasia y Esgrima (J),Defensores de Belgrano,1,3,,,Primera Nacional,2021,zonas,Zona B,Fecha 17,23 de Agosto,false,https://es.wikipedia.org/wiki/Campeonato_de_Primera_Nacional_2021,
2021-07-17,15:00,Los Andes,Argentino de Quilmes,2,2,,,Primera B,2021,zonas,Torneo Clausura,Fecha 1,Eduardo Gallardón,false,https://es.wikipedia.org/wiki/Campeonato_de_Primera_B_2021_(Argentina),
2021-07-17,15:00,Luján,El Porvenir,2,0,,,Primera C,2021,zonas,Torneo Apertura,Fecha 19,Municipal de la Ciudad de Luján,false,https://es.wikipedia.org/wiki/Campeonato_de_Primera_C_2021_(Argentina),
2021-07-17,15:00,Sacachispas,Fénix,4,1,,,Primera B,2021,zonas,Torneo Clausura,Fecha 1,Beto Larrosa,false,https://es.wikipedia.org/wiki/Campeonato_de_Primera_B_2021_(Argentina),
2021-07-17,15:00,San Miguel,UAI Urquiza,0,1,,,Primera B,2021,zonas,Torneo Clausura,Fecha 1,Malvinas Argentinas,false,https://es.wikipedia.org/wiki/Campeonato_de_Primera_B_2021_(Argentina),
2021-07-17,15:00,Tristán Suárez,Ramón Santamarina,2,1,,,Primera Nacional,2021,zonas,Zona B,Fecha 17,20 de Octubre,false,https://es.wikipedia.org/wiki/Campeonato_de_Primera_Nacional_2021,
2021-07-17,15:00,Victoriano Arenas,Central Córdoba (R),0,1,,,Primera C,2021,zonas,Torneo Apertura,Fecha 19,Saturnino Moure,false,https://es.wikipedia.org/wiki/Campeonato_de_Primera_C_2021_(Argentina),
2021-07-17,15:30,All Boys,Guillermo Brown,3,0,,,Primera Nacional,2021,zonas,Zona B,Fecha 17,Islas Malvinas,false,https://es.wikipedia.org/wiki/Campeonato_de_Primera_Nacional_2021,
2021-07-17,15:30,Barracas Central,Villa Dálmine,1,0,,,Primera Nacional,2021,zonas,Zona B,Fecha 17,Claudio Chiqui Tapia,false,https://es.wikipedia.org/wiki/Campeonato_de_Primera_Nacional_2021,
2021-07-17,15:30,Independiente Rivadavia,San Martín (SJ),1,1,,,Primera Nacional,2021,zonas,Zona B,Fecha 17,Bautista Gargantini,false,https://es.wikipedia.org/wiki/Campeonato_de_Primera_Nacional_2021,
2021-07-17,15:45,Lanús,Atlético Tucumán,4,2,,,Primera Division,2021,zonas,,Fecha 1,Ciudad de Lanús,false,https://es.wikipedia.org/wiki/Campeonato_de_Primera_División_2021_(Argentina),
2021-07-17,15:45,Newell's Old Boys,Talleres (C),3,2,,,Primera Division,2021,zonas,,Fecha 1,Marcelo Bielsa,false,https://es.wikipedia.org/wiki/Campeonato_de_Primera_División_2021_(Argentina),
2021-07-17,18:00,Gimnasia y Esgrima (LP),Platense,2,2,,,Primera Division,2021,zonas,,Fecha 1,Del Bosque,false,https://es.wikipedia.org/wiki/Campeonato_de_Primera_División_2021_(Argentina),
2021-07-17,18:10,Estudiantes (BA),Nueva Chicago,1,1,,,Primera Nacional,2021,zonas,Zona A,Fecha 17,Ciudad de Caseros,false,https://es.wikipedia.org/wiki/Campeonato_de_Primera_Nacional_2021,
2021-07-17,20:15,Vélez Sarsfield,Racing Club,0,0,,,Primera Division,2021,zonas,,Fecha 1,José Amalfitani,false,https://es.wikipedia.org/wiki/Campeonato_de_Primera_División_2021_(Argentina),
2021-07-18,13:30,Huracán,Defensa y Justicia,2,1,,,Primera Division,2021,zonas,,Fecha 1,Tomás Adolfo Ducó,false,https://es.wikipedia.org/wiki/Campeonato_de_Primera_División_2021_(Argentina),
2021-07-18,14:00,Cipolletti,Huracán Las Heras,3,1,,,Torneo Federal A,2021,zonas,Zona A,Fecha 13,La Visera de Cemento,false,https://es.wikipedia.org/wiki/Torneo_Federal_A_2021,
2021-07-18,15:00,Atlas,San Martín (B),0,0,,,Primera C,2021,zonas,Torneo Apertura,Fecha 19,Ricardo Puga,false,https://es.wikipedia.org/wiki/Campeonato_de_Primera_C_2021_(Argentina),
2021-07-18,15:00,Boca Unidos,Defensores de Belgrano (VR),1,2,,,Torneo Federal A,2021,zonas,Zona B,Fecha 13,Leoncio Benítez,false,https://es.wikipedia.org/wiki/Torneo_Federal_A_2021,
2021-07-18,15:00,Ciudad de Bolívar,Desamparados,4,0,,,Torneo Federal A,2021,zonas,Zona A,Fecha 13,Municipal Eva Perón,false,https://es.wikipedia.org/wiki/Torneo_Federal_A_2021,
2021-07-18,15:00,Claypole,Leandro N. Alem,0,0,,,Primera C,2021,zonas,Torneo Apertura,Fecha 19,Rodolfo Capocasa,false,https://es.wikipedia.org/wiki/Campeonato_de_Primera_C_2021_(Argentina),
2021-07-18,15:00,Círculo Deportivo,Deportivo Camioneros,0,1,,,Torneo Federal A,2021,zonas,Zona A,Fecha 13,Guillermo Trama,false,https://es.wikipedia.org/wiki/Torneo_Federal_A_2021,
2021-07-18,15:00,Deportivo Laferrere,Argentino de Merlo,1,1,,,Primera C,2021,zonas,Torneo Apertura,Fecha 19,Ciudad de Laferrere,false,https://es.wikipedia.org/wiki/Campeonato_de_Primera_C_2021_(Argentina),
2021-07-18,15:00,Ferrocarril Midland,Sportivo Italiano,0,1,,,Primera C,2021,zonas,Torneo Apertura,Fecha 19,Ciudad de Libertad,false,https://es.wikipedia.org/wiki/Campeonato_de_Primera_C_2021_(Argentina),
2021-07-18,15:00,Flandria,Deportivo Armenio,4,0,,,Primera B,2021,zonas,Torneo Clausura,Fecha 1,Carlos V,false,https://es.wikipedia.org/wiki/Campeonato_de_Primera_B_2021_(Argentina),
2021-07-18,15:00,Gimnasia y Esgrima (CdU),Central Norte (S),0,0,,,Torneo Federal A,2021,zonas,Zona B,Fecha 13,Manuel y Ramón Núñez,false,https://es.wikipedia.org/wiki/Torneo_Federal_A_2021,
2021-07-18,15:00,Independiente (C),Sol de Mayo (V),2,0,,,Torneo Federal A,2021,zonas,Zona A,Fecha 13,Raúl Orlando Lungarzo,false,https://es.wikipedia.org/wiki/Torneo_Federal_A_2021,
2021-07-18,15:00,Juventud Unida (G),Defensores de Pronunciamiento,2,1,,,Torneo Federal A,2021,zonas,Zona B,Fecha 13,De los Eucaliptos,false,https://es.wikipedia.org/wiki/Torneo_Federal_A_2021,
2021-07-18,15:00,Racing (C),Chaco For Ever,2,1,,,Torneo Federal A,2021,zonas,Zona B,Fecha 13,Miguel Sancho,false,https://es.wikipedia.org/wiki/Torneo_Federal_A_2021,
2021-07-18,15:00,Real Pilar,Berazategui,2,1,,,Primera C,2021,zonas,Torneo Apertura,Fecha 19,Carlos Barraza,false,https://es.wikipedia.org/wiki/Campeonato_de_Primera_C_2021_(Argentina),
2021-07-18,15:00,Sportivo Peñarol (C),Olimpo,0,3,,,Torneo Federal A,2021,zonas,Zona A,Fecha 13,Ramón Pablo Rojas,false,https://es.wikipedia.org/wiki/Torneo_Federal_A_2021,
2021-07-18,15:00,Villa Mitre,Sansinena,2,2,,,Torneo Federal A,2021,zonas,Zona A,Fecha 13,El Fortín,false,https://es.wikipedia.org/wiki/Torneo_Federal_A_2021,
2021-07-18,15:10,Deportivo Morón,Güemes (SdE),0,2,,,Primera Nacional,2021,zonas,Zona B,Fecha 17,Nuevo Francisco Urbano,false,https://es.wikipedia.org/wiki/Campeonato_de_Primera_Nacional_2021,
2021-07-18,15:30,Atlético de Rafaela,Brown de Adrogué,2,0,,,Primera Nacional,2021,zonas,Zona B,Fecha 17,Nuevo Monumental,false,https://es.wikipedia.org/wiki/Campeonato_de_Primera_Nacional_2021,
2021-07-18,15:30,Ferro Carril Oeste,Almagro,1,2,,,Primera Nacional,2021,zonas,Zona B,Fecha 17,Arquitecto Ricardo Etcheverri,false,https://es.wikipedia.org/wiki/Campeonato_de_Primera_Nacional_2021,
2021-07-18,15:30,Gimnasia y Tiro (S),Sportivo Belgrano,2,1,,,Torneo Federal A,2021,zonas,Zona B,Fecha 13,El Gigante del Norte,false,https://es.wikipedia.org/wiki/Torneo_Federal_A_2021,
2021-07-18,15:30,Mitre (SdE),Chacarita Juniors,1,2,,,Primera Nacional,2021,zonas,Zona A,Fecha 17,Doctores José y Antonio Castiglione,false,https://es.wikipedia.org/wiki/Campeonato_de_Primera_Nacional_2021,
2021-07-18,15:30,Sportivo Estudiantes (SL),Deportivo Madryn,1,2,,,Torneo Federal A,2021,zonas,Zona A,Fecha 13,Héctor Odicino y Pedro Benoza,false,https://es.wikipedia.org/wiki/Torneo_Federal_A_2021,
2021-07-18,15:45,Arsenal,San Lorenzo,1,1,,,Primera Division,2021,zonas,,Fecha 1,El Viaducto,false,https://es.wikipedia.org/wiki/Campeonato_de_Primera_División_2021_(Argentina),
2021-07-18,16:00,Agropecuario,Deportivo Riestra,0,1,,,Primera Nacional,2021,zonas,Zona A,Fecha 17,Ofelia Rosenzuaig,false,https://es.wikipedia.org/wiki/Campeonato_de_Primera_Nacional_2021,
2021-07-18,16:00,Sportivo Las Parejas,Unión (S),2,0,,,Torneo Federal A,2021,zonas,Zona B,Fecha 13,4 de Septiembre,false,https://es.wikipedia.org/wiki/Torneo_Federal_A_2021,
2021-07-18,18:00,River Plate,Colón,1,2,,,Primera Division,2021,zonas,,Fecha 1,Monumental,false,https://es.wikipedia.org/wiki/Campeonato_de_Primera_División_2021_(Argentina),
2021-07-18,20:15,Independiente,Argentinos Juniors,0,0,,,Primera Division,2021,zonas,,Fecha 1,Libertadores de América,false,https://es.wikipedia.org/wiki/Campeonato_de_Primera_División_2021_(Argentina),
2021-07-19,15:00,General Lamadrid,Excursionistas,0,1,,,Primera C,2021,zonas,Torneo Apertura,Fecha 19,Enrique Sexto,false,https://es.wikipedia.org/wiki/Campeonato_de_Primera_C_2021_(Argentina),
2021-07-19,15:00,Instituto,San Telmo,1,0,,,Primera Nacional,2021,zonas,Zona B,Fecha 17,Juan Domingo Perón,false,https://es.wikipedia.org/wiki/Campeonato_de_Primera_Nacional_2021,
2021-07-19,15:00,Quilmes,Belgrano,2,3,,,Primera Nacional,2021,zonas,Zona A,Fecha 17,Centenario Ciudad de Quilmes,false,https://es.wikipedia.org/wiki/Campeonato_de_Primera_Nacional_2021,
2021-07-19,15:10,Deportivo Maipú,Gimnasia y Esgrima (M),0,2,,,Primera Nacional,2021,zonas,Zona A,Fecha 17,Bautista Gargantini,false,https://es.wikipedia.org/wiki/Campeonato_de_Primera_Nacional_2021,
2021-07-19,18:00,Central Córdoba (SdE),Banfield,1,1,,,Primera Division,2021,zonas,,Fecha 1,Único Madre de Ciudades,false,https://es.wikipedia.org/wiki/Campeonato_de_Primera_División_2021_(Argentina),
2021-07-19,20:15,Godoy Cruz,Rosario Central,2,1,,,Primera Division,2021,zonas,,Fecha 1,Feliciano Gambarte,false,https://es.wikipedia.org/wiki/Campeonato_de_Primera_División_2021_(Argentina),
2021-07-19,21:10,Tigre,San Martín (T),0,1,,,Primera Nacional,2021,zonas,Zona A,Fecha 17,Monumental de Victoria,false,https://es.wikipedia.org/wiki/Campeonato_de_Primera_Nacional_2021,
2021-07-23,19:00,Atlético Tucumán,Huracán,1,0,,,Primera Division,2021,zonas,,Fecha 2,Monumental José Fierro,false,https://es.wikipedia.org/wiki/Campeonato_de_Primera_División_2021_(Argentina),
2021-07-23,20:00,Tristán Suárez,Almagro,1,1,,,Primera Nacional,2021,zonas,Zona B,Fecha 18,20 de Octubre,false,https://es.wikipedia.org/wiki/Campeonato_de_Primera_Nacional_2021,
2021-07-23,21:15,Platense,Aldosivi,0,1,,,Primera Division,2021,zonas,,Fecha 2,Ciudad de Vicente López,false,https://es.wikipedia.org/wiki/Campeonato_de_Primera_División_2021_(Argentina),
2021-07-24,13:30,Colón,Lanús,1,4,,,Primera Division,2021,zonas,,Fecha 2,Brigadier General Estanislao López,false,https://es.wikipedia.org/wiki/Campeonato_de_Primera_División_2021_(Argentina),
2021-07-24,15:00,Colegiales,Argentino de Quilmes,3,0,,,Primera B,2021,zonas,Torneo Clausura,Fecha 2,Libertarios Unidos,false,https://es.wikipedia.org/wiki/Campeonato_de_Primera_B_2021_(Argentina),
2021-07-24,15:00,Comunicaciones,Flandria,1,2,,,Primera B,2021,zonas,Torneo Clausura,Fecha 2,Alfredo Ramos,false,https://es.wikipedia.org/wiki/Campeonato_de_Primera_B_2021_(Argentina),
2021-07-24,15:00,Defensores Unidos,Sacachispas,0,0,,,Primera B,2021,zonas,Torneo Clausura,Fecha 2,Gigante de Villa Fox,false,https://es.wikipedia.org/wiki/Campeonato_de_Primera_B_2021_(Argentina),
2021-07-24,15:00,Defensores de Pronunciamiento,Gimnasia y Tiro (S),0,0,,,Torneo Federal A,2021,zonas,Zona B,Fecha 14,Delio Cardozo,false,https://es.wikipedia.org/wiki/Torneo_Federal_A_2021,
2021-07-24,15:00,Deportivo Armenio,Cañuelas,2,1,,,Primera B,2021,zonas,Torneo Clausura,Fecha 2,Armenia,false,https://es.wikipedia.org/wiki/Campeonato_de_Primera_B_2021_(Argentina),
2021-07-24,15:00,Estudiantes (BA),Almirante Brown,1,2,,,Primera Nacional,2021,zonas,Zona A,Fecha 18,Ciudad de Caseros,false,https://es.wikipedia.org/wiki/Campeonato_de_Primera_Nacional_2021,
2021-07-24,15:00,Fénix,J. J. de Urquiza,0,0,,,Primera B,2021,zonas,Torneo Clausura,Fecha 2,José Manuel Moreno,false,https://es.wikipedia.org/wiki/Campeonato_de_Primera_B_2021_(Argentina),
2021-07-24,15:00,Gimnasia y Esgrima (J),Ramón Santamarina,1,0,,,Primera Nacional,2021,zonas,Zona B,Fecha 18,23 de Agosto,false,https://es.wikipedia.org/wiki/Campeonato_de_Primera_Nacional_2021,
2021-07-24,15:00,Guillermo Brown,Brown de Adrogué,0,3,,,Primera Nacional,2021,zonas,Zona B,Fecha 18,Raúl Conti,false,https://es.wikipedia.org/wiki/Campeonato_de_Primera_Nacional_2021,
2021-07-24,15:00,Talleres (RdE),San Miguel,1,1,,,Primera B,2021,zonas,Torneo Clausura,Fecha 2,Talleres,false,https://es.wikipedia.org/wiki/Campeonato_de_Primera_B_2021_(Argentina),
2021-07-24,15:00,UAI Urquiza,Deportivo Merlo,1,1,,,Primera B,2021,zonas,Torneo Clausura,Fecha 2,Monumental de Villa Lynch,false,https://es.wikipedia.org/wiki/Campeonato_de_Primera_B_2021_(Argentina),
2021-07-24,15:00,Villa San Carlos,Acassuso,0,2,,,Primera B,2021,zonas,Torneo Clausura,Fecha 2,Genacio Sálice,false,https://es.wikipedia.org/wiki/Campeonato_de_Primera_B_2021_(Argentina),
2021-07-24,15:10,Ferro Carril Oeste,Güemes (SdE),1,1,,,Primera Nacional,2021,zonas,Zona B,Fecha 18,Arquitecto Ricardo Etcheverri,false,https://es.wikipedia.org/wiki/Campeonato_de_Primera_Nacional_2021,
2021-07-24,15:30,Atlético de Rafaela,San Martín (SJ),0,2,,,Primera Nacional,2021,zonas,Zona B,Fecha 18,Nuevo Monumental,false,https://es.wikipedia.org/wiki/Campeonato_de_Primera_Nacional_2021,
2021-07-24,15:30,Barracas Central,San Telmo,3,2,,,Primera Nacional,2021,zonas,Zona B,Fecha 18,Claudio Chiqui Tapia,false,https://es.wikipedia.org/wiki/Campeonato_de_Primera_Nacional_2021,
2021-07-24,15:30,Crucero del Norte,Sportivo Las Parejas,0,2,,,Torneo Federal A,2021,zonas,Zona B,Fecha 14,Comandante Andrés Guacurarí,false,https://es.wikipedia.org/wiki/Torneo_Federal_A_2021,
2021-07-24,15:30,Independiente Rivadavia,Villa Dálmine,1,1,,,Primera Nacional,2021,zonas,Zona B,Fecha 18,Bautista Gargantini,false,https://es.wikipedia.org/wiki/Campeonato_de_Primera_Nacional_2021,
2021-07-24,15:45,San Lorenzo,Central Córdoba (SdE),1,0,,,Primera Division,2021,zonas,,Fecha 2,Nuevo Gasómetro,false,https://es.wikipedia.org/wiki/Campeonato_de_Primera_División_2021_(Argentina),
2021-07-24,18:00,Racing Club,Gimnasia y Esgrima (LP),0,0,,,Primera Division,2021,zonas,,Fecha 2,El Cilindro,false,https://es.wikipedia.org/wiki/Campeonato_de_Primera_División_2021_(Argentina),
2021-07-24,19:00,Alvarado,San Martín (T),2,0,,,Primera Nacional,2021,zonas,Zona A,Fecha 18,José María Minella,false,https://es.wikipedia.org/wiki/Campeonato_de_Primera_Nacional_2021,
2021-07-24,20:15,Banfield,Boca Juniors,0,0,,,Primera Division,2021,zonas,,Fecha 2,Florencio Sola,false,https://es.wikipedia.org/wiki/Campeonato_de_Primera_División_2021_(Argentina),
2021-07-25,13:30,Defensa y Justicia,Godoy Cruz,1,2,,,Primera Division,2021,zonas,,Fecha 2,Norberto Tomaghello,false,https://es.wikipedia.org/wiki/Campeonato_de_Primera_División_2021_(Argentina),
2021-07-25,13:30,Patronato,Sarmiento (J),2,0,,,Primera Division,2021,zonas,,Fecha 2,Presbítero Bartolomé Grella,false,https://es.wikipedia.org/wiki/Campeonato_de_Primera_División_2021_(Argentina),
2021-07-25,15:00,Atlas,Central Córdoba (R),1,1,,,Primera C,2021,zonas,Torneo Clausura,Fecha 1,Ricardo Puga,false,https://es.wikipedia.org/wiki/Campeonato_de_Primera_C_2021_(Argentina),
2021-07-25,15:00,Chaco For Ever,Gimnasia y Esgrima (CdU),1,0,,,Torneo Federal A,2021,zonas,Zona B,Fecha 14,Juan Alberto García,false,https://es.wikipedia.org/wiki/Torneo_Federal_A_2021,
2021-07-25,15:00,Claypole,Argentino de Merlo,1,1,,,Primera C,2021,zonas,Torneo Clausura,Fecha 1,Rodolfo Capocasa,false,https://es.wikipedia.org/wiki/Campeonato_de_Primera_C_2021_(Argentina),
2021-07-25,15:00,Deportivo Camioneros,Ferro Carril Oeste (GP),2,1,,,Torneo Federal A,2021,zonas,Zona A,Fecha 14,Hugo Moyano,false,https://es.wikipedia.org/wiki/Torneo_Federal_A_2021,
2021-07-25,15:00,Deportivo Español,El Porvenir,1,0,,,Primera C,2021,zonas,Torneo Clausura,Fecha 1,Nueva España,false,https://es.wikipedia.org/wiki/Campeonato_de_Primera_C_2021_(Argentina),
2021-07-25,15:00,Deportivo Laferrere,Ituzaingó,0,1,,,Primera C,2021,zonas,Torneo Clausura,Fecha 1,Ciudad de Laferrere,false,https://es.wikipedia.org/wiki/Campeonato_de_Primera_C_2021_(Argentina),
2021-07-25,15:00,Deportivo Madryn,Independiente (C),1,3,,,Torneo Federal A,2021,zonas,Zona A,Fecha 14,Abel Sastre,false,https://es.wikipedia.org/wiki/Torneo_Federal_A_2021,
2021-07-25,15:00,Ferrocarril Midland,San Martín (B),0,1,,,Primera C,2021,zonas,Torneo Clausura,Fecha 1,Ciudad de Libertad,false,https://es.wikipedia.org/wiki/Campeonato_de_Primera_C_2021_(Argentina),
2021-07-25,15:00,General Lamadrid,Berazategui,2,1,,,Primera C,2021,zonas,Torneo Clausura,Fecha 1,Enrique Sexto,false,https://es.wikipedia.org/wiki/Campeonato_de_Primera_C_2021_(Argentina),
2021-07-25,15:00,Juventud Unida Universitario,Villa Mitre,1,0,,,Torneo Federal A,2021,zonas,Zona A,Fecha 14,Mario Sebastián Diez,false,https://es.wikipedia.org/wiki/Torneo_Federal_A_2021,
2021-07-25,15:00,Luján,Sportivo Italiano,0,1,,,Primera C,2021,zonas,Torneo Clausura,Fecha 1,Municipal de la Ciudad de Luján,false,https://es.wikipedia.org/wiki/Campeonato_de_Primera_C_2021_(Argentina),
2021-07-25,15:00,Olimpo,Sportivo Estudiantes (SL),3,2,,,Torneo Federal A,2021,zonas,Zona A,Fecha 14,Roberto N. Carminatti,false,https://es.wikipedia.org/wiki/Torneo_Federal_A_2021,
2021-07-25,15:00,Quilmes,Deportivo Riestra,2,1,,,Primera Nacional,2021,zonas,Zona A,Fecha 18,Centenario Ciudad de Quilmes,false,https://es.wikipedia.org/wiki/Campeonato_de_Primera_Nacional_2021,
2021-07-25,15:00,Real Pilar,Leandro N. Alem,0,0,,,Primera C,2021,zonas,Torneo Clausura,Fecha 1,Carlos Barraza,false,https://es.wikipedia.org/wiki/Campeonato_de_Primera_C_2021_(Argentina),
2021-07-25,15:00,Sansinena,Desamparados,1,1,,,Torneo Federal A,2021,zonas,Zona A,Fecha 14,Luis Molina,false,https://es.wikipedia.org/wiki/Torneo_Federal_A_2021,
2021-07-25,15:00,Sol de Mayo (V),Cipolletti,2,0,,,Torneo Federal A,2021,zonas,Zona A,Fecha 14,Sol de Mayo,false,https://es.wikipedia.org/wiki/Torneo_Federal_A_2021,
2021-07-25,15:00,Sportivo Peñarol (C),Ciudad de Bolívar,1,1,,,Torneo Federal A,2021,zonas,Zona A,Fecha 14,Ramón Pablo Rojas,false,https://es.wikipedia.org/wiki/Torneo_Federal_A_2021,
2021-07-25,15:00,Unión (S),Boca Unidos,2,2,,,Torneo Federal A,2021,zonas,Zona B,Fecha 14,De la Avenida,false,https://es.wikipedia.org/wiki/Torneo_Federal_A_2021,
2021-07-25,15:00,Victoriano Arenas,Excursionistas,0,1,,,Primera C,2021,zonas,Torneo Clausura,Fecha 1,Saturnino Moure,false,https://es.wikipedia.org/wiki/Campeonato_de_Primera_C_2021_(Argentina),
2021-07-25,15:05,Deportivo Morón,All Boys,3,0,,,Primera Nacional,2021,zonas,Zona B,Fecha 18,Nuevo Francisco Urbano,false,https://es.wikipedia.org/wiki/Campeonato_de_Primera_Nacional_2021,
2021-07-25,15:30,Central Norte (S),Douglas Haig,0,0,,,Torneo Federal A,2021,zonas,Zona B,Fecha 14,Padre Ernesto Martearena,false,https://es.wikipedia.org/wiki/Torneo_Federal_A_2021,
2021-07-25,15:30,Defensores de Belgrano (VR),Juventud Unida (G),0,3,,,Torneo Federal A,2021,zonas,Zona B,Fecha 14,Salomón Boeseldín,false,https://es.wikipedia.org/wiki/Torneo_Federal_A_2021,
2021-07-25,15:30,Huracán Las Heras,Círculo Deportivo,1,1,,,Torneo Federal A,2021,zonas,Zona A,Fecha 14,General San Martín,false,https://es.wikipedia.org/wiki/Torneo_Federal_A_2021,
2021-07-25,15:30,Instituto,Defensores de Belgrano,0,2,,,Primera Nacional,2021,zonas,Zona B,Fecha 18,Juan Domingo Perón,false,https://es.wikipedia.org/wiki/Campeonato_de_Primera_Nacional_2021,
2021-07-25,15:30,Mitre (SdE),Nueva Chicago,1,0,,,Primera Nacional,2021,zonas,Zona A,Fecha 18,Único Madre de Ciudades,false,https://es.wikipedia.org/wiki/Campeonato_de_Primera_Nacional_2021,
2021-07-25,15:30,Sportivo Belgrano,Sarmiento (R),0,2,,,Torneo Federal A,2021,zonas,Zona B,Fecha 14,Oscar Carlos Boero,false,https://es.wikipedia.org/wiki/Torneo_Federal_A_2021,
2021-07-25,15:45,Rosario Central,Vélez Sarsfield,1,0,,,Primera Division,2021,zonas,,Fecha 2,Gigante de Arroyito,false,https://es.wikipedia.org/wiki/Campeonato_de_Primera_División_2021_(Argentina),
2021-07-25,15:50,Tigre,Belgrano,0,0,,,Primera Nacional,2021,zonas,Zona A,Fecha 18,Monumental de Victoria,false,https://es.wikipedia.org/wiki/Campeonato_de_Primera_Nacional_2021,
2021-07-25,16:00,Agropecuario,Gimnasia y Esgrima (M),2,0,,,Primera Nacional,2021,zonas,Zona A,Fecha 18,Ofelia Rosenzuaig,false,https://es.wikipedia.org/wiki/Campeonato_de_Primera_Nacional_2021,
2021-07-25,18:00,River Plate,Unión,4,0,,,Primera Division,2021,zonas,,Fecha 2,Monumental,false,https://es.wikipedia.org/wiki/Campeonato_de_Primera_División_2021_(Argentina),
2021-07-25,20:15,Estudiantes (LP),Independiente,0,1,,,Primera Division,2021,zonas,,Fecha 2,Jorge Luis Hirschi,false,https://es.wikipedia.org/wiki/Campeonato_de_Primera_División_2021_(Argentina),
2021-07-26,15:00,Deportivo Maipú,Estudiantes (RC),1,0,,,Primera Nacional,2021,zonas,Zona A,Fecha 18,Omar Higinio Sperdutti,false,https://es.wikipedia.org/wiki/Campeonato_de_Primera_Nacional_2021,
2021-07-26,15:10,Atlanta,Chacarita Juniors,0,3,,,Primera Nacional,2021,zonas,Zona A,Fecha 18,Don León Kolbowsky,false,https://es.wikipedia.org/wiki/Campeonato_de_Primera_Nacional_2021,
2021-07-26,18:00,Talleres (C),Arsenal,2,0,,,Primera Division,2021,zonas,,Fecha 2,Mario Alberto Kempes,false,https://es.wikipedia.org/wiki/Campeonato_de_Primera_División_2021_(Argentina),
2021-07-26,20:15,Argentinos Juniors,Newell's Old Boys,1,0,,,Primera Division,2021,zonas,,Fecha 2,Diego Armando Maradona,false,https://es.wikipedia.org/wiki/Campeonato_de_Primera_División_2021_(Argentina),
2021-07-27,16:30,Huracán,Colón,1,1,,,Primera Division,2021,zonas,,Fecha 3,Tomás Adolfo Ducó,false,https://es.wikipedia.org/wiki/Campeonato_de_Primera_División_2021_(Argentina),
2021-07-27,18:45,Aldosivi,Racing Club,0,2,,,Primera Division,2021,zonas,,Fecha 3,José María Minella,false,https://es.wikipedia.org/wiki/Campeonato_de_Primera_División_2021_(Argentina),
2021-07-27,21:00,Boca Juniors,San Lorenzo,0,2,,,Primera Division,2021,zonas,,Fecha 3,La Bombonera,false,https://es.wikipedia.org/wiki/Campeonato_de_Primera_División_2021_(Argentina),
2021-07-28,14:15,Godoy Cruz,Atlético Tucumán,1,2,,,Primera Division,2021,zonas,,Fecha 3,Feliciano Gambarte,false,https://es.wikipedia.org/wiki/Campeonato_de_Primera_División_2021_(Argentina),
2021-07-28,14:15,Unión,Banfield,0,1,,,Primera Division,2021,zonas,,Fecha 3,15 de Abril,false,https://es.wikipedia.org/wiki/Campeonato_de_Primera_División_2021_(Argentina),
2021-07-28,16:30,Sarmiento (J),Platense,1,0,,,Primera Division,2021,zonas,,Fecha 3,Eva Perón,false,https://es.wikipedia.org/wiki/Campeonato_de_Primera_División_2021_(Argentina),
2021-07-28,16:30,Vélez Sarsfield,Defensa y Justicia,0,0,,,Primera Division,2021,zonas,,Fecha 3,José Amalfitani,false,https://es.wikipedia.org/wiki/Campeonato_de_Primera_División_2021_(Argentina),
2021-07-28,18:45,Independiente,Patronato,2,0,,,Primera Division,2021,zonas,,Fecha 3,Libertadores de América,false,https://es.wikipedia.org/wiki/Campeonato_de_Primera_División_2021_(Argentina),
2021-07-28,21:00,Lanús,River Plate,0,3,,,Primera Division,2021,zonas,,Fecha 3,Ciudad de Lanús,false,https://es.wikipedia.org/wiki/Campeonato_de_Primera_División_2021_(Argentina),
2021-07-29,14:15,Central Córdoba (SdE),Talleres (C),2,1,,,Primera Division,2021,zonas,,Fecha 3,Único Madre de Ciudades,false,https://es.wikipedia.org/wiki/Campeonato_de_Primera_División_2021_(Argentina),
2021-07-29,16:30,Arsenal,Argentinos Juniors,1,0,,,Primera Division,2021,zonas,,Fecha 3,El Viaducto,false,https://es.wikipedia.org/wiki/Campeonato_de_Primera_División_2021_(Argentina),
2021-07-29,18:45,Gimnasia y Esgrima (LP),Rosario Central,1,0,,,Primera Division,2021,zonas,,Fecha 3,Del Bosque,false,https://es.wikipedia.org/wiki/Campeonato_de_Primera_División_2021_(Argentina),
2021-07-29,21:00,Newell's Old Boys,Estudiantes (LP),4,2,,,Primera Division,2021,zonas,,Fecha 3,Marcelo Bielsa,false,https://es.wikipedia.org/wiki/Campeonato_de_Primera_División_2021_(Argentina),
2021-07-31,13:30,Colón,Godoy Cruz,1,0,,,Primera Division,2021,zonas,,Fecha 4,Brigadier General Estanislao López,false,https://es.wikipedia.org/wiki/Campeonato_de_Primera_División_2021_(Argentina),
2021-07-31,14:00,Villa Dálmine,Atlético de Rafaela,1,0,,,Primera Nacional,2021,zonas,Zona B,Fecha 19,El Coliseo de Mitre y Puccini,false,https://es.wikipedia.org/wiki/Campeonato_de_Primera_Nacional_2021,
2021-07-31,15:00,Acassuso,Deportivo Armenio,0,0,,,Primera B,2021,zonas,Torneo Clausura,Fecha 3,Armenia,false,https://es.wikipedia.org/wiki/Campeonato_de_Primera_B_2021_(Argentina),
2021-07-31,15:00,Argentino de Merlo,Real Pilar,2,2,,,Primera C,2021,zonas,Torneo Clausura,Fecha 2,Merlo,false,https://es.wikipedia.org/wiki/Campeonato_de_Primera_C_2021_(Argentina),
2021-07-31,15:00,Argentino de Quilmes,Fénix,1,1,,,Primera B,2021,zonas,Torneo Clausura,Fecha 3,Argentino de Quilmes,false,https://es.wikipedia.org/wiki/Campeonato_de_Primera_B_2021_(Argentina),
2021-07-31,15:00,Cañuelas,Comunicaciones,1,0,,,Primera B,2021,zonas,Torneo Clausura,Fecha 3,Jorge Alfredo Arín,false,https://es.wikipedia.org/wiki/Campeonato_de_Primera_B_2021_(Argentina),
2021-07-31,15:00,Defensores de Belgrano,Barracas Central,0,0,,,Primera Nacional,2021,zonas,Zona B,Fecha 19,Juan Pasquale,false,https://es.wikipedia.org/wiki/Campeonato_de_Primera_Nacional_2021,
2021-07-31,15:00,Douglas Haig,Chaco For Ever,0,1,,,Torneo Federal A,2021,zonas,Zona B,Fecha 15,Miguel Morales,false,https://es.wikipedia.org/wiki/Torneo_Federal_A_2021,
2021-07-31,15:00,Ferro Carril Oeste (GP),Huracán Las Heras,0,2,,,Torneo Federal A,2021,zonas,Zona A,Fecha 15,El Coloso del Barrio Talleres,false,https://es.wikipedia.org/wiki/Torneo_Federal_A_2021,
2021-07-31,15:00,Flandria,UAI Urquiza,1,1,,,Primera B,2021,zonas,Torneo Clausura,Fecha 3,Carlos V,false,https://es.wikipedia.org/wiki/Campeonato_de_Primera_B_2021_(Argentina),
2021-07-31,15:00,Sacachispas,Villa San Carlos,3,0,,,Primera B,2021,zonas,Torneo Clausura,Fecha 3,Beto Larrosa,false,https://es.wikipedia.org/wiki/Campeonato_de_Primera_B_2021_(Argentina),
2021-07-31,15:00,Temperley,Deportivo Maipú,0,2,,,Primera Nacional,2021,zonas,Zona A,Fecha 19,Alfredo Beranger,false,https://es.wikipedia.org/wiki/Campeonato_de_Primera_Nacional_2021,
2021-07-31,15:10,Deportivo Riestra,Tigre,1,3,,,Primera Nacional,2021,zonas,Zona A,Fecha 19,Guillermo Laza,false,https://es.wikipedia.org/wiki/Campeonato_de_Primera_Nacional_2021,
2021-07-31,15:30,All Boys,Brown de Adrogué,1,1,,,Primera Nacional,2021,zonas,Zona B,Fecha 19,Islas Malvinas,false,https://es.wikipedia.org/wiki/Campeonato_de_Primera_Nacional_2021,
2021-07-31,15:30,Boca Unidos,Crucero del Norte,2,2,,,Torneo Federal A,2021,zonas,Zona B,Fecha 15,Leoncio Benítez,false,https://es.wikipedia.org/wiki/Torneo_Federal_A_2021,
2021-07-31,15:45,Lanús,Unión,1,1,,,Primera Division,2021,zonas,,Fecha 4,Ciudad de Lanús,false,https://es.wikipedia.org/wiki/Campeonato_de_Primera_División_2021_(Argentina),
2021-07-31,16:00,San Martín (SJ),Guillermo Brown,0,0,,,Primera Nacional,2021,zonas,Zona B,Fecha 19,Ingeniero Hilario Sánchez,false,https://es.wikipedia.org/wiki/Campeonato_de_Primera_Nacional_2021,
2021-07-31,18:00,Belgrano,Alvarado,3,0,,,Primera Nacional,2021,zonas,Zona A,Fecha 19,Gigante de Alberdi,false,https://es.wikipedia.org/wiki/Campeonato_de_Primera_Nacional_2021,
2021-07-31,18:00,Racing Club,Sarmiento (J),1,0,,,Primera Division,2021,zonas,,Fecha 4,El Cilindro,false,https://es.wikipedia.org/wiki/Campeonato_de_Primera_División_2021_(Argentina),
2021-07-31,20:15,Platense,Independiente,1,1,,,Primera Division,2021,zonas,,Fecha 4,Ciudad de Vicente López,false,https://es.wikipedia.org/wiki/Campeonato_de_Primera_División_2021_(Argentina),
2021-08-01,13:30,Defensa y Justicia,Gimnasia y Esgrima (LP),3,2,,,Primera Division,2021,zonas,,Fecha 4,Norberto Tomaghello,false,https://es.wikipedia.org/wiki/Campeonato_de_Primera_División_2021_(Argentina),
2021-08-01,15:00,Almagro,Gimnasia y Esgrima (J),2,2,,,Primera Nacional,2021,zonas,Zona B,Fecha 19,Tres de Febrero,false,https://es.wikipedia.org/wiki/Campeonato_de_Primera_Nacional_2021,
2021-08-01,15:00,Almirante Brown,Mitre (SdE),0,0,,,Primera Nacional,2021,zonas,Zona A,Fecha 19,Fragata Sarmiento,false,https://es.wikipedia.org/wiki/Campeonato_de_Primera_Nacional_2021,
2021-08-01,15:00,Berazategui,Victoriano Arenas,3,3,,,Primera C,2021,zonas,Torneo Clausura,Fecha 2,Norman Lee,false,https://es.wikipedia.org/wiki/Campeonato_de_Primera_C_2021_(Argentina),
2021-08-01,15:00,Central Córdoba (R),Ferrocarril Midland,0,0,,,Primera C,2021,zonas,Torneo Clausura,Fecha 2,Gabino Sosa,false,https://es.wikipedia.org/wiki/Campeonato_de_Primera_C_2021_(Argentina),
2021-08-01,15:00,Cipolletti,Deportivo Madryn,1,1,,,Torneo Federal A,2021,zonas,Zona A,Fecha 15,La Visera de Cemento,false,https://es.wikipedia.org/wiki/Torneo_Federal_A_2021,
2021-08-01,15:00,Ciudad de Bolívar,Sansinena,0,0,,,Torneo Federal A,2021,zonas,Zona A,Fecha 15,Municipal Eva Perón,false,https://es.wikipedia.org/wiki/Torneo_Federal_A_2021,
2021-08-01,15:00,Círculo Deportivo,Sol de Mayo (V),1,4,,,Torneo Federal A,2021,zonas,Zona A,Fecha 15,Guillermo Trama,false,https://es.wikipedia.org/wiki/Torneo_Federal_A_2021,
2021-08-01,15:00,Deportivo Merlo,Talleres (RdE),0,1,,,Primera B,2021,zonas,Torneo Clausura,Fecha 3,José Manuel Moreno,false,https://es.wikipedia.org/wiki/Campeonato_de_Primera_B_2021_(Argentina),
2021-08-01,15:00,Deportivo Morón,Ferro Carril Oeste,1,0,,,Primera Nacional,2021,zonas,Zona B,Fecha 19,Nuevo Francisco Urbano,false,https://es.wikipedia.org/wiki/Campeonato_de_Primera_Nacional_2021,
2021-08-01,15:00,Desamparados,Juventud Unida Universitario,0,4,,,Torneo Federal A,2021,zonas,Zona A,Fecha 15,Bicentenario,false,https://es.wikipedia.org/wiki/Torneo_Federal_A_2021,
2021-08-01,15:00,Estudiantes (RC),Agropecuario,1,1,,,Primera Nacional,2021,zonas,Zona A,Fecha 19,Antonio Candini,false,https://es.wikipedia.org/wiki/Campeonato_de_Primera_Nacional_2021,
2021-08-01,15:00,Gimnasia y Esgrima (CdU),Racing (C),1,3,,,Torneo Federal A,2021,zonas,Zona B,Fecha 15,Manuel y Ramón Núñez,false,https://es.wikipedia.org/wiki/Torneo_Federal_A_2021,
2021-08-01,15:00,Gimnasia y Esgrima (M),Quilmes,0,3,,,Primera Nacional,2021,zonas,Zona A,Fecha 19,Víctor Antonio Legrotaglie,false,https://es.wikipedia.org/wiki/Campeonato_de_Primera_Nacional_2021,
2021-08-01,15:00,Güemes (SdE),Tristán Suárez,0,0,,,Primera Nacional,2021,zonas,Zona B,Fecha 19,Arturo Miranda,false,https://es.wikipedia.org/wiki/Campeonato_de_Primera_Nacional_2021,
2021-08-01,15:00,Independiente (C),Olimpo,1,1,,,Torneo Federal A,2021,zonas,Zona A,Fecha 15,Raúl Orlando Lungarzo,false,https://es.wikipedia.org/wiki/Torneo_Federal_A_2021,
2021-08-01,15:00,Ituzaingó,Claypole,2,0,,,Primera C,2021,zonas,Torneo Clausura,Fecha 2,Carlos Alberto Sacaan,false,https://es.wikipedia.org/wiki/Campeonato_de_Primera_C_2021_(Argentina),
2021-08-01,15:00,Juventud Unida (G),Unión (S),0,0,,,Torneo Federal A,2021,zonas,Zona B,Fecha 15,De los Eucaliptos,false,https://es.wikipedia.org/wiki/Torneo_Federal_A_2021,
2021-08-01,15:00,Leandro N. Alem,General Lamadrid,0,4,,,Primera C,2021,zonas,Torneo Clausura,Fecha 2,Leandro N. Alem,false,https://es.wikipedia.org/wiki/Campeonato_de_Primera_C_2021_(Argentina),
2021-08-01,15:00,Los Andes,Colegiales,2,0,,,Primera B,2021,zonas,Torneo Clausura,Fecha 3,Eduardo Gallardón,false,https://es.wikipedia.org/wiki/Campeonato_de_Primera_B_2021_(Argentina),
2021-08-01,15:00,San Martín (B),Luján,0,0,,,Primera C,2021,zonas,Torneo Clausura,Fecha 2,Francisco Boga,false,https://es.wikipedia.org/wiki/Campeonato_de_Primera_C_2021_(Argentina),
2021-08-01,15:00,San Martín (T),Estudiantes (BA),0,0,,,Primera Nacional,2021,zonas,Zona A,Fecha 19,La Ciudadela,false,https://es.wikipedia.org/wiki/Campeonato_de_Primera_Nacional_2021,
2021-08-01,15:00,San Telmo,Independiente Rivadavia,1,0,,,Primera Nacional,2021,zonas,Zona B,Fecha 19,Dr. Osvaldo Baletto,false,https://es.wikipedia.org/wiki/Campeonato_de_Primera_Nacional_2021,
2021-08-01,15:00,Sportivo Italiano,Deportivo Español,0,1,,,Primera C,2021,zonas,Torneo Clausura,Fecha 2,República de Italia,false,https://es.wikipedia.org/wiki/Campeonato_de_Primera_C_2021_(Argentina),
2021-08-01,15:00,Villa Mitre,Deportivo Camioneros,2,0,,,Torneo Federal A,2021,zonas,Zona A,Fecha 15,El Fortín,false,https://es.wikipedia.org/wiki/Torneo_Federal_A_2021,
2021-08-01,15:30,Gimnasia y Tiro (S),Defensores de Belgrano (VR),2,1,,,Torneo Federal A,2021,zonas,Zona B,Fecha 15,El Gigante del Norte,false,https://es.wikipedia.org/wiki/Torneo_Federal_A_2021,
2021-08-01,15:30,Sarmiento (R),Defensores de Pronunciamiento,2,2,,,Torneo Federal A,2021,zonas,Zona B,Fecha 15,Centenario,false,https://es.wikipedia.org/wiki/Torneo_Federal_A_2021,
2021-08-01,15:30,Sportivo Estudiantes (SL),Sportivo Peñarol (C),0,3,,,Torneo Federal A,2021,zonas,Zona A,Fecha 15,Héctor Odicino y Pedro Benoza,false,https://es.wikipedia.org/wiki/Torneo_Federal_A_2021,
2021-08-01,15:45,Talleres (C),Boca Juniors,0,0,,,Primera Division,2021,zonas,,Fecha 4,Mario Alberto Kempes,false,https://es.wikipedia.org/wiki/Campeonato_de_Primera_División_2021_(Argentina),
2021-08-01,16:00,Sportivo Las Parejas,Central Norte (S),2,1,,,Torneo Federal A,2021,zonas,Zona B,Fecha 15,4 de Septiembre,false,https://es.wikipedia.org/wiki/Torneo_Federal_A_2021,
2021-08-01,18:00,River Plate,Huracán,1,1,,,Primera Division,2021,zonas,,Fecha 4,Monumental,false,https://es.wikipedia.org/wiki/Campeonato_de_Primera_División_2021_(Argentina),
2021-08-01,20:15,San Lorenzo,Banfield,1,1,,,Primera Division,2021,zonas,,Fecha 4,Nuevo Gasómetro,false,https://es.wikipedia.org/wiki/Campeonato_de_Primera_División_2021_(Argentina),
2021-08-02,15:00,Dock Sud,Deportivo Laferrere,0,2,,,Primera C,2021,zonas,Torneo Clausura,Fecha 2,De los Inmigrantes,false,https://es.wikipedia.org/wiki/Campeonato_de_Primera_C_2021_(Argentina),
2021-08-02,15:00,Excursionistas,Atlas,1,1,,,Primera C,2021,zonas,Torneo Clausura,Fecha 2,Excursionistas,false,https://es.wikipedia.org/wiki/Campeonato_de_Primera_C_2021_(Argentina),
2021-08-02,15:00,J. J. de Urquiza,Defensores Unidos,4,1,,,Primera B,2021,zonas,Torneo Clausura,Fecha 3,Ramón Roque Martín,false,https://es.wikipedia.org/wiki/Campeonato_de_Primera_B_2021_(Argentina),
2021-08-02,15:00,Ramón Santamarina,Instituto,0,0,,,Primera Nacional,2021,zonas,Zona B,Fecha 19,Municipal General San Martín,false,https://es.wikipedia.org/wiki/Campeonato_de_Primera_Nacional_2021,
2021-08-02,15:10,Nueva Chicago,Atlanta,1,0,,,Primera Nacional,2021,zonas,Zona A,Fecha 19,República de Mataderos,false,https://es.wikipedia.org/wiki/Campeonato_de_Primera_Nacional_2021,
2021-08-02,16:45,Argentinos Juniors,Central Córdoba (SdE),1,1,,,Primera Division,2021,zonas,,Fecha 4,Diego Armando Maradona,false,https://es.wikipedia.org/wiki/Campeonato_de_Primera_División_2021_(Argentina),
2021-08-02,16:45,Patronato,Newell's Old Boys,0,0,,,Primera Division,2021,zonas,,Fecha 4,Presbítero Bartolomé Grella,false,https://es.wikipedia.org/wiki/Campeonato_de_Primera_División_2021_(Argentina),
2021-08-02,19:00,Estudiantes (LP),Arsenal,4,0,,,Primera Division,2021,zonas,,Fecha 4,Jorge Luis Hirschi,false,https://es.wikipedia.org/wiki/Campeonato_de_Primera_División_2021_(Argentina),
2021-08-02,19:00,Rosario Central,Aldosivi,1,2,,,Primera Division,2021,zonas,,Fecha 4,Gigante de Arroyito,false,https://es.wikipedia.org/wiki/Campeonato_de_Primera_División_2021_(Argentina),
2021-08-02,21:15,Atlético Tucumán,Vélez Sarsfield,0,0,,,Primera Division,2021,zonas,,Fecha 4,Monumental José Fierro,false,https://es.wikipedia.org/wiki/Campeonato_de_Primera_División_2021_(Argentina),
2021-08-06,16:00,Atlético de Rafaela,San Telmo,2,2,,,Primera Nacional,2021,zonas,Zona B,Fecha 20,Nuevo Monumental,false,https://es.wikipedia.org/wiki/Campeonato_de_Primera_Nacional_2021,
2021-08-06,19:00,Sarmiento (J),Rosario Central,1,0,,,Primera Division,2021,zonas,,Fecha 5,Eva Perón,false,https://es.wikipedia.org/wiki/Campeonato_de_Primera_División_2021_(Argentina),
2021-08-06,21:15,Newell's Old Boys,Platense,1,0,,,Primera Division,2021,zonas,,Fecha 5,Marcelo Bielsa,false,https://es.wikipedia.org/wiki/Campeonato_de_Primera_División_2021_(Argentina),
2021-08-07,13:10,San Miguel,Deportivo Merlo,1,0,,,Primera B,2021,zonas,Torneo Clausura,Fecha 4,Malvinas Argentinas,false,https://es.wikipedia.org/wiki/Campeonato_de_Primera_B_2021_(Argentina),
2021-08-07,13:30,Banfield,Talleres (C),0,1,,,Primera Division,2021,zonas,,Fecha 5,Florencio Sola,false,https://es.wikipedia.org/wiki/Campeonato_de_Primera_División_2021_(Argentina),
2021-08-07,15:00,Boca Unidos,Central Norte (S),2,3,,,Torneo Federal A,2021,zonas,Zona B,Fecha 16,Leoncio Benítez,false,https://es.wikipedia.org/wiki/Torneo_Federal_A_2021,
2021-08-07,15:00,Brown de Adrogué,San Martín (SJ),1,0,,,Primera Nacional,2021,zonas,Zona B,Fecha 20,Lorenzo Arandilla,false,https://es.wikipedia.org/wiki/Campeonato_de_Primera_Nacional_2021,
2021-08-07,15:00,Comunicaciones,Acassuso,1,0,,,Primera B,2021,zonas,Torneo Clausura,Fecha 4,Alfredo Ramos,false,https://es.wikipedia.org/wiki/Campeonato_de_Primera_B_2021_(Argentina),
2021-08-07,15:00,Defensores Unidos,Argentino de Quilmes,1,1,,,Primera B,2021,zonas,Torneo Clausura,Fecha 4,Gigante de Villa Fox,false,https://es.wikipedia.org/wiki/Campeonato_de_Primera_B_2021_(Argentina),
2021-08-07,15:00,Deportivo Español,San Martín (B),0,0,,,Primera C,2021,zonas,Torneo Clausura,Fecha 3,Nueva España,false,https://es.wikipedia.org/wiki/Campeonato_de_Primera_C_2021_(Argentina),
2021-08-07,15:00,El Porvenir,Sportivo Italiano,1,1,,,Primera C,2021,zonas,Torneo Clausura,Fecha 3,Gildo Ghersinich,false,https://es.wikipedia.org/wiki/Campeonato_de_Primera_C_2021_(Argentina),
2021-08-07,15:00,Ferro Carril Oeste (GP),Sol de Mayo (V),0,1,,,Torneo Federal A,2021,zonas,Zona A,Fecha 16,El Coloso del Barrio Talleres,false,https://es.wikipedia.org/wiki/Torneo_Federal_A_2021,
2021-08-07,15:00,Fénix,Los Andes,0,0,,,Primera B,2021,zonas,Torneo Clausura,Fecha 4,José Manuel Moreno,false,https://es.wikipedia.org/wiki/Campeonato_de_Primera_B_2021_(Argentina),
2021-08-07,15:00,General Lamadrid,Argentino de Merlo,1,1,,,Primera C,2021,zonas,Torneo Clausura,Fecha 3,Enrique Sexto,false,https://es.wikipedia.org/wiki/Campeonato_de_Primera_C_2021_(Argentina),
2021-08-07,15:00,Gimnasia y Esgrima (J),Güemes (SdE),1,1,,,Primera Nacional,2021,zonas,Zona B,Fecha 20,23 de Agosto,false,https://es.wikipedia.org/wiki/Campeonato_de_Primera_Nacional_2021,
2021-08-07,15:00,Quilmes,Estudiantes (RC),0,0,,,Primera Nacional,2021,zonas,Zona A,Fecha 20,Centenario Ciudad de Quilmes,false,https://es.wikipedia.org/wiki/Campeonato_de_Primera_Nacional_2021,
2021-08-07,15:00,Tristán Suárez,Deportivo Morón,2,0,,,Primera Nacional,2021,zonas,Zona B,Fecha 20,20 de Octubre,false,https://es.wikipedia.org/wiki/Campeonato_de_Primera_Nacional_2021,
2021-08-07,15:00,UAI Urquiza,Cañuelas,0,2,,,Primera B,2021,zonas,Torneo Clausura,Fecha 4,Monumental de Villa Lynch,false,https://es.wikipedia.org/wiki/Campeonato_de_Primera_B_2021_(Argentina),
2021-08-07,15:00,Victoriano Arenas,Leandro N. Alem,3,0,,,Primera C,2021,zonas,Torneo Clausura,Fecha 3,Saturnino Moure,false,https://es.wikipedia.org/wiki/Campeonato_de_Primera_C_2021_(Argentina),
2021-08-07,15:30,Deportivo Armenio,Sacachispas,0,0,,,Primera B,2021,zonas,Torneo Clausura,Fecha 4,Armenia,false,https://es.wikipedia.org/wiki/Campeonato_de_Primera_B_2021_(Argentina),
2021-08-07,15:30,Gimnasia y Tiro (S),Unión (S),2,0,,,Torneo Federal A,2021,zonas,Zona B,Fecha 16,El Gigante del Norte,false,https://es.wikipedia.org/wiki/Torneo_Federal_A_2021,
2021-08-07,15:30,Guillermo Brown,Villa Dálmine,1,1,,,Primera Nacional,2021,zonas,Zona B,Fecha 20,Raúl Conti,false,https://es.wikipedia.org/wiki/Campeonato_de_Primera_Nacional_2021,
2021-08-07,15:30,Villa San Carlos,J. J. de Urquiza,3,1,,,Primera B,2021,zonas,Torneo Clausura,Fecha 4,Genacio Sálice,false,https://es.wikipedia.org/wiki/Campeonato_de_Primera_B_2021_(Argentina),
2021-08-07,15:45,Unión,San Lorenzo,4,0,,,Primera Division,2021,zonas,,Fecha 5,15 de Abril,false,https://es.wikipedia.org/wiki/Campeonato_de_Primera_División_2021_(Argentina),
2021-08-07,18:00,Huracán,Lanús,0,1,,,Primera Division,2021,zonas,,Fecha 5,Tomás Adolfo Ducó,false,https://es.wikipedia.org/wiki/Campeonato_de_Primera_División_2021_(Argentina),
2021-08-07,19:00,Alvarado,Deportivo Riestra,2,1,,,Primera Nacional,2021,zonas,Zona A,Fecha 20,José María Minella,false,https://es.wikipedia.org/wiki/Campeonato_de_Primera_Nacional_2021,
2021-08-07,20:15,Godoy Cruz,River Plate,2,1,,,Primera Division,2021,zonas,,Fecha 5,Feliciano Gambarte,false,https://es.wikipedia.org/wiki/Campeonato_de_Primera_División_2021_(Argentina),
2021-08-08,13:30,Gimnasia y Esgrima (LP),Atlético Tucumán,1,0,,,Primera Division,2021,zonas,,Fecha 5,Del Bosque,false,https://es.wikipedia.org/wiki/Campeonato_de_Primera_División_2021_(Argentina),
2021-08-08,14:00,Chacarita Juniors,Nueva Chicago,2,3,,,Primera Nacional,2021,zonas,Zona A,Fecha 20,Chacarita Juniors,false,https://es.wikipedia.org/wiki/Campeonato_de_Primera_Nacional_2021,
2021-08-08,14:45,Douglas Haig,Racing (C),0,0,,,Torneo Federal A,2021,zonas,Zona B,Fecha 16,Miguel Morales,false,https://es.wikipedia.org/wiki/Torneo_Federal_A_2021,
2021-08-08,15:00,Atlas,Berazategui,0,0,,,Primera C,2021,zonas,Torneo Clausura,Fecha 3,Ricardo Puga,false,https://es.wikipedia.org/wiki/Campeonato_de_Primera_C_2021_(Argentina),
2021-08-08,15:00,Cipolletti,Olimpo,1,1,,,Torneo Federal A,2021,zonas,Zona A,Fecha 16,La Visera de Cemento,false,https://es.wikipedia.org/wiki/Torneo_Federal_A_2021,
2021-08-08,15:00,Claypole,Dock Sud,0,2,,,Primera C,2021,zonas,Torneo Clausura,Fecha 3,Rodolfo Capocasa,false,https://es.wikipedia.org/wiki/Campeonato_de_Primera_C_2021_(Argentina),
2021-08-08,15:00,Círculo Deportivo,Deportivo Madryn,0,1,,,Torneo Federal A,2021,zonas,Zona A,Fecha 16,Guillermo Trama,false,https://es.wikipedia.org/wiki/Torneo_Federal_A_2021,
2021-08-08,15:00,Desamparados,Deportivo Camioneros,0,0,,,Torneo Federal A,2021,zonas,Zona A,Fecha 16,El Serpentario,false,https://es.wikipedia.org/wiki/Torneo_Federal_A_2021,
2021-08-08,15:00,Ferrocarril Midland,Excursionistas,2,3,,,Primera C,2021,zonas,Torneo Clausura,Fecha 3,Ciudad de Libertad,false,https://es.wikipedia.org/wiki/Campeonato_de_Primera_C_2021_(Argentina),
2021-08-08,15:00,Independiente (C),Sportivo Peñarol (C),0,1,,,Torneo Federal A,2021,zonas,Zona A,Fecha 16,Raúl Orlando Lungarzo,false,https://es.wikipedia.org/wiki/Torneo_Federal_A_2021,
2021-08-08,15:00,Juventud Unida (G),Crucero del Norte,1,0,,,Torneo Federal A,2021,zonas,Zona B,Fecha 16,De los Eucaliptos,false,https://es.wikipedia.org/wiki/Torneo_Federal_A_2021,
2021-08-08,15:00,Luján,Central Córdoba (R),2,0,,,Primera C,2021,zonas,Torneo Clausura,Fecha 3,Municipal de la Ciudad de Luján,false,https://es.wikipedia.org/wiki/Campeonato_de_Primera_C_2021_(Argentina),
2021-08-08,15:00,Real Pilar,Ituzaingó,0,1,,,Primera C,2021,zonas,Torneo Clausura,Fecha 3,Carlos Barraza,false,https://es.wikipedia.org/wiki/Campeonato_de_Primera_C_2021_(Argentina),
2021-08-08,15:00,Sansinena,Juventud Unida Universitario,1,0,,,Torneo Federal A,2021,zonas,Zona A,Fecha 16,Luis Molina,false,https://es.wikipedia.org/wiki/Torneo_Federal_A_2021,
2021-08-08,15:00,Sportivo Estudiantes (SL),Ciudad de Bolívar,0,0,,,Torneo Federal A,2021,zonas,Zona A,Fecha 16,Héctor Odicino y Pedro Benoza,false,https://es.wikipedia.org/wiki/Torneo_Federal_A_2021,
2021-08-08,15:00,Villa Mitre,Huracán Las Heras,3,3,,,Torneo Federal A,2021,zonas,Zona A,Fecha 16,El Fortín,false,https://es.wikipedia.org/wiki/Torneo_Federal_A_2021,
2021-08-08,15:30,Mitre (SdE),San Martín (T),0,0,,,Primera Nacional,2021,zonas,Zona A,Fecha 20,Doctores José y Antonio Castiglione,false,https://es.wikipedia.org/wiki/Campeonato_de_Primera_Nacional_2021,
2021-08-08,15:30,Sarmiento (R),Defensores de Belgrano (VR),4,1,,,Torneo Federal A,2021,zonas,Zona B,Fecha 16,Centenario,false,https://es.wikipedia.org/wiki/Torneo_Federal_A_2021,
2021-08-08,15:35,Estudiantes (BA),Belgrano,0,0,,,Primera Nacional,2021,zonas,Zona A,Fecha 20,Ciudad de Caseros,false,https://es.wikipedia.org/wiki/Campeonato_de_Primera_Nacional_2021,
2021-08-08,15:45,Vélez Sarsfield,Colón,0,1,,,Primera Division,2021,zonas,,Fecha 5,José Amalfitani,false,https://es.wikipedia.org/wiki/Campeonato_de_Primera_División_2021_(Argentina),
2021-08-08,16:00,Agropecuario,Temperley,1,0,,,Primera Nacional,2021,zonas,Zona A,Fecha 20,Ofelia Rosenzuaig,false,https://es.wikipedia.org/wiki/Campeonato_de_Primera_Nacional_2021,
2021-08-08,16:00,Independiente Rivadavia,Defensores de Belgrano,1,1,,,Primera Nacional,2021,zonas,Zona B,Fecha 20,Malvinas Argentinas,false,https://es.wikipedia.org/wiki/Campeonato_de_Primera_Nacional_2021,
2021-08-08,16:00,Sportivo Belgrano,Defensores de Pronunciamiento,1,2,,,Torneo Federal A,2021,zonas,Zona B,Fecha 16,Oscar Carlos Boero,false,https://es.wikipedia.org/wiki/Torneo_Federal_A_2021,
2021-08-08,16:00,Sportivo Las Parejas,Chaco For Ever,2,0,,,Torneo Federal A,2021,zonas,Zona B,Fecha 16,4 de Septiembre,false,https://es.wikipedia.org/wiki/Torneo_Federal_A_2021,
2021-08-08,18:00,Boca Juniors,Argentinos Juniors,1,1,,,Primera Division,2021,zonas,,Fecha 5,La Bombonera,false,https://es.wikipedia.org/wiki/Campeonato_de_Primera_División_2021_(Argentina),
2021-08-08,20:15,Independiente,Racing Club,1,0,,,Primera Division,2021,zonas,,Fecha 5,Libertadores de América,false,https://es.wikipedia.org/wiki/Campeonato_de_Primera_División_2021_(Argentina),
2021-08-09,15:00,Barracas Central,Ramón Santamarina,2,2,,,Primera Nacional,2021,zonas,Zona B,Fecha 20,Claudio Chiqui Tapia,false,https://es.wikipedia.org/wiki/Campeonato_de_Primera_Nacional_2021,
2021-08-09,15:00,Instituto,Almagro,1,1,,,Primera Nacional,2021,zonas,Zona B,Fecha 20,Juan Domingo Perón,false,https://es.wikipedia.org/wiki/Campeonato_de_Primera_Nacional_2021,
2021-08-09,15:05,Atlanta,Almirante Brown,0,1,,,Primera Nacional,2021,zonas,Zona A,Fecha 20,Don León Kolbowsky,false,https://es.wikipedia.org/wiki/Campeonato_de_Primera_Nacional_2021,
2021-08-09,18:00,Aldosivi,Defensa y Justicia,1,0,,,Primera Division,2021,zonas,,Fecha 5,José María Minella,false,https://es.wikipedia.org/wiki/Campeonato_de_Primera_División_2021_(Argentina),
2021-08-09,18:00,Arsenal,Patronato,2,2,,,Primera Division,2021,zonas,,Fecha 5,El Viaducto,false,https://es.wikipedia.org/wiki/Campeonato_de_Primera_División_2021_(Argentina),
2021-08-09,20:15,Central Córdoba (SdE),Estudiantes (LP),1,2,,,Primera Division,2021,zonas,,Fecha 5,Único Madre de Ciudades,false,https://es.wikipedia.org/wiki/Campeonato_de_Primera_División_2021_(Argentina),
2021-08-09,21:10,Tigre,Gimnasia y Esgrima (M),2,0,,,Primera Nacional,2021,zonas,Zona A,Fecha 20,Monumental de Victoria,false,https://es.wikipedia.org/wiki/Campeonato_de_Primera_Nacional_2021,
2021-08-10,17:10,Talleres (RdE),Flandria,1,2,,,Primera B,2021,zonas,Torneo Clausura,Fecha 4,Talleres,false,https://es.wikipedia.org/wiki/Campeonato_de_Primera_B_2021_(Argentina),
2021-08-10,21:10,Ferro Carril Oeste,All Boys,0,0,,,Primera Nacional,2021,zonas,Zona B,Fecha 20,Arquitecto Ricardo Etcheverri,false,https://es.wikipedia.org/wiki/Campeonato_de_Primera_Nacional_2021,
2021-08-12,21:10,Acassuso,UAI Urquiza,1,2,,,Primera B,2021,zonas,Torneo Clausura,Fecha 5,República de Italia,false,https://es.wikipedia.org/wiki/Campeonato_de_Primera_B_2021_(Argentina),
2021-08-13,15:00,Excursionistas,Luján,1,1,,,Primera C,2021,zonas,Torneo Clausura,Fecha 4,Excursionistas,false,https://es.wikipedia.org/wiki/Campeonato_de_Primera_C_2021_(Argentina),
2021-08-13,15:30,Deportivo Maipú,Agropecuario,2,0,,,Primera Nacional,2021,zonas,Zona A,Fecha 21,Omar Higinio Sperdutti,false,https://es.wikipedia.org/wiki/Campeonato_de_Primera_Nacional_2021,
2021-08-13,19:00,Colón,Gimnasia y Esgrima (LP),1,0,,,Primera Division,2021,zonas,,Fecha 6,Brigadier General Estanislao López,false,https://es.wikipedia.org/wiki/Campeonato_de_Primera_División_2021_(Argentina),
2021-08-13,21:15,Huracán,Unión,0,0,,,Primera Division,2021,zonas,,Fecha 6,Tomás Adolfo Ducó,false,https://es.wikipedia.org/wiki/Campeonato_de_Primera_División_2021_(Argentina),
2021-08-14,12:00,Los Andes,Defensores Unidos,1,0,,,Primera B,2021,zonas,Torneo Clausura,Fecha 5,Eduardo Gallardón,false,https://es.wikipedia.org/wiki/Campeonato_de_Primera_B_2021_(Argentina),
2021-08-14,12:10,Deportivo Morón,Gimnasia y Esgrima (J),2,0,,,Primera Nacional,2021,zonas,Zona B,Fecha 21,Nuevo Francisco Urbano,false,https://es.wikipedia.org/wiki/Campeonato_de_Primera_Nacional_2021,
2021-08-14,13:30,Atlético Tucumán,Aldosivi,2,2,,,Primera Division,2021,zonas,,Fecha 6,Monumental José Fierro,false,https://es.wikipedia.org/wiki/Campeonato_de_Primera_División_2021_(Argentina),
2021-08-14,15:00,Argentino de Merlo,Victoriano Arenas,2,1,,,Primera C,2021,zonas,Torneo Clausura,Fecha 4,Merlo,false,https://es.wikipedia.org/wiki/Campeonato_de_Primera_C_2021_(Argentina),
2021-08-14,15:00,Argentino de Quilmes,Villa San Carlos,1,1,,,Primera B,2021,zonas,Torneo Clausura,Fecha 5,Argentino de Quilmes,false,https://es.wikipedia.org/wiki/Campeonato_de_Primera_B_2021_(Argentina),
2021-08-14,15:00,Berazategui,Ferrocarril Midland,1,0,,,Primera C,2021,zonas,Torneo Clausura,Fecha 4,Norman Lee,false,https://es.wikipedia.org/wiki/Campeonato_de_Primera_C_2021_(Argentina),
2021-08-14,15:00,Cañuelas,Talleres (RdE),1,1,,,Primera B,2021,zonas,Torneo Clausura,Fecha 5,Jorge Alfredo Arín,false,https://es.wikipedia.org/wiki/Campeonato_de_Primera_B_2021_(Argentina),
2021-08-14,15:00,Central Córdoba (R),Deportivo Español,1,0,,,Primera C,2021,zonas,Torneo Clausura,Fecha 4,Gabino Sosa,false,https://es.wikipedia.org/wiki/Campeonato_de_Primera_C_2021_(Argentina),
2021-08-14,15:00,Central Norte (S),Juventud Unida (G),2,1,,,Torneo Federal A,2021,zonas,Zona B,Fecha 17,Padre Ernesto Martearena,false,https://es.wikipedia.org/wiki/Torneo_Federal_A_2021,
2021-08-14,15:00,Colegiales,Fénix,0,1,,,Primera B,2021,zonas,Torneo Clausura,Fecha 5,Libertarios Unidos,false,https://es.wikipedia.org/wiki/Campeonato_de_Primera_B_2021_(Argentina),
2021-08-14,15:00,Deportivo Laferrere,Claypole,1,0,,,Primera C,2021,zonas,Torneo Clausura,Fecha 4,Ciudad de Laferrere,false,https://es.wikipedia.org/wiki/Campeonato_de_Primera_C_2021_(Argentina),
2021-08-14,15:00,Dock Sud,Real Pilar,1,0,,,Primera C,2021,zonas,Torneo Clausura,Fecha 4,De los Inmigrantes,false,https://es.wikipedia.org/wiki/Campeonato_de_Primera_C_2021_(Argentina),
2021-08-14,15:00,Flandria,San Miguel,3,0,,,Primera B,2021,zonas,Torneo Clausura,Fecha 5,Carlos V,false,https://es.wikipedia.org/wiki/Campeonato_de_Primera_B_2021_(Argentina),
2021-08-14,15:00,Ituzaingó,General Lamadrid,1,1,,,Primera C,2021,zonas,Torneo Clausura,Fecha 4,Carlos Alberto Sacaan,false,https://es.wikipedia.org/wiki/Campeonato_de_Primera_C_2021_(Argentina),
2021-08-14,15:00,Leandro N. Alem,Atlas,0,0,,,Primera C,2021,zonas,Torneo Clausura,Fecha 4,Leandro N. Alem,false,https://es.wikipedia.org/wiki/Campeonato_de_Primera_C_2021_(Argentina),
2021-08-14,15:00,Sacachispas,Comunicaciones,6,0,,,Primera B,2021,zonas,Torneo Clausura,Fecha 5,Beto Larrosa,false,https://es.wikipedia.org/wiki/Campeonato_de_Primera_B_2021_(Argentina),
2021-08-14,15:00,San Martín (B),El Porvenir,0,2,,,Primera C,2021,zonas,Torneo Clausura,Fecha 4,Francisco Boga,false,https://es.wikipedia.org/wiki/Campeonato_de_Primera_C_2021_(Argentina),
2021-08-14,15:45,Argentinos Juniors,Banfield,2,0,,,Primera Division,2021,zonas,,Fecha 6,Diego Armando Maradona,false,https://es.wikipedia.org/wiki/Campeonato_de_Primera_División_2021_(Argentina),
2021-08-14,16:00,Chaco For Ever,Boca Unidos,2,1,,,Torneo Federal A,2021,zonas,Zona B,Fecha 17,Juan Alberto García,false,https://es.wikipedia.org/wiki/Torneo_Federal_A_2021,
2021-08-14,18:00,River Plate,Vélez Sarsfield,2,0,,,Primera Division,2021,zonas,,Fecha 6,Monumental,false,https://es.wikipedia.org/wiki/Campeonato_de_Primera_División_2021_(Argentina),
2021-08-14,20:15,Rosario Central,Independiente,1,2,,,Primera Division,2021,zonas,,Fecha 6,Gigante de Arroyito,false,https://es.wikipedia.org/wiki/Campeonato_de_Primera_División_2021_(Argentina),
2021-08-15,13:30,Patronato,Central Córdoba (SdE),1,0,,,Primera Division,2021,zonas,,Fecha 6,Presbítero Bartolomé Grella,false,https://es.wikipedia.org/wiki/Campeonato_de_Primera_División_2021_(Argentina),
2021-08-15,14:00,Almirante Brown,Chacarita Juniors,2,1,,,Primera Nacional,2021,zonas,Zona A,Fecha 21,Fragata Sarmiento,false,https://es.wikipedia.org/wiki/Campeonato_de_Primera_Nacional_2021,
2021-08-15,15:00,Almagro,Barracas Central,0,1,,,Primera Nacional,2021,zonas,Zona B,Fecha 21,Tres de Febrero,false,https://es.wikipedia.org/wiki/Campeonato_de_Primera_Nacional_2021,
2021-08-15,15:00,Ciudad de Bolívar,Juventud Unida Universitario,1,0,,,Torneo Federal A,2021,zonas,Zona A,Fecha 17,Municipal Eva Perón,false,https://es.wikipedia.org/wiki/Torneo_Federal_A_2021,
2021-08-15,15:00,Crucero del Norte,Gimnasia y Tiro (S),2,1,,,Torneo Federal A,2021,zonas,Zona B,Fecha 17,Comandante Andrés Guacurarí,false,https://es.wikipedia.org/wiki/Torneo_Federal_A_2021,
2021-08-15,15:00,Defensores de Belgrano,Atlético de Rafaela,2,0,,,Primera Nacional,2021,zonas,Zona B,Fecha 21,Juan Pasquale,false,https://es.wikipedia.org/wiki/Campeonato_de_Primera_Nacional_2021,
2021-08-15,15:00,Deportivo Camioneros,Sansinena,0,0,,,Torneo Federal A,2021,zonas,Zona A,Fecha 17,Hugo Moyano,false,https://es.wikipedia.org/wiki/Torneo_Federal_A_2021,
2021-08-15,15:00,Deportivo Madryn,Ferro Carril Oeste (GP),3,1,,,Torneo Federal A,2021,zonas,Zona A,Fecha 17,Abel Sastre,false,https://es.wikipedia.org/wiki/Torneo_Federal_A_2021,
2021-08-15,15:00,Olimpo,Círculo Deportivo,4,0,,,Torneo Federal A,2021,zonas,Zona A,Fecha 17,Roberto N. Carminatti,false,https://es.wikipedia.org/wiki/Torneo_Federal_A_2021,
2021-08-15,15:00,Racing (C),Sportivo Las Parejas,0,0,,,Torneo Federal A,2021,zonas,Zona B,Fecha 17,Miguel Sancho,false,https://es.wikipedia.org/wiki/Torneo_Federal_A_2021,
2021-08-15,15:00,Ramón Santamarina,Independiente Rivadavia,0,1,,,Primera Nacional,2021,zonas,Zona B,Fecha 21,Municipal General San Martín,false,https://es.wikipedia.org/wiki/Campeonato_de_Primera_Nacional_2021,
2021-08-15,15:00,San Telmo,Guillermo Brown,1,2,,,Primera Nacional,2021,zonas,Zona B,Fecha 21,Dr. Osvaldo Baletto,false,https://es.wikipedia.org/wiki/Campeonato_de_Primera_Nacional_2021,
2021-08-15,15:00,Sol de Mayo (V),Villa Mitre,0,0,,,Torneo Federal A,2021,zonas,Zona A,Fecha 17,Sol de Mayo,false,https://es.wikipedia.org/wiki/Torneo_Federal_A_2021,
2021-08-15,15:00,Sportivo Estudiantes (SL),Independiente (C),1,0,,,Torneo Federal A,2021,zonas,Zona A,Fecha 17,Héctor Odicino y Pedro Benoza,false,https://es.wikipedia.org/wiki/Torneo_Federal_A_2021,
2021-08-15,15:00,Sportivo Peñarol (C),Cipolletti,2,1,,,Torneo Federal A,2021,zonas,Zona A,Fecha 17,Ramón Pablo Rojas,false,https://es.wikipedia.org/wiki/Torneo_Federal_A_2021,
2021-08-15,15:00,Unión (S),Sarmiento (R),3,2,,,Torneo Federal A,2021,zonas,Zona B,Fecha 17,De la Avenida,false,https://es.wikipedia.org/wiki/Torneo_Federal_A_2021,
2021-08-15,15:00,Villa Dálmine,Brown de Adrogué,1,0,,,Primera Nacional,2021,zonas,Zona B,Fecha 21,El Coliseo de Mitre y Puccini,false,https://es.wikipedia.org/wiki/Campeonato_de_Primera_Nacional_2021,
2021-08-15,15:30,All Boys,San Martín (SJ),0,1,,,Primera Nacional,2021,zonas,Zona B,Fecha 21,Islas Malvinas,false,https://es.wikipedia.org/wiki/Campeonato_de_Primera_Nacional_2021,
2021-08-15,15:30,Defensores de Belgrano (VR),Sportivo Belgrano,1,2,,,Torneo Federal A,2021,zonas,Zona B,Fecha 17,Salomón Boeseldín,false,https://es.wikipedia.org/wiki/Torneo_Federal_A_2021,
2021-08-15,15:30,Ferro Carril Oeste,Tristán Suárez,2,0,,,Primera Nacional,2021,zonas,Zona B,Fecha 21,Arquitecto Ricardo Etcheverri,false,https://es.wikipedia.org/wiki/Campeonato_de_Primera_Nacional_2021,
2021-08-15,15:30,Gimnasia y Esgrima (CdU),Douglas Haig,1,0,,,Torneo Federal A,2021,zonas,Zona B,Fecha 17,Manuel y Ramón Núñez,false,https://es.wikipedia.org/wiki/Torneo_Federal_A_2021,
2021-08-15,15:30,Gimnasia y Esgrima (M),Alvarado,2,0,,,Primera Nacional,2021,zonas,Zona A,Fecha 21,Víctor Antonio Legrotaglie,false,https://es.wikipedia.org/wiki/Campeonato_de_Primera_Nacional_2021,
2021-08-15,15:30,Huracán Las Heras,Desamparados,3,1,,,Torneo Federal A,2021,zonas,Zona A,Fecha 17,General San Martín,false,https://es.wikipedia.org/wiki/Torneo_Federal_A_2021,
2021-08-15,15:45,Platense,Arsenal,2,1,,,Primera Division,2021,zonas,,Fecha 6,Ciudad de Vicente López,false,https://es.wikipedia.org/wiki/Campeonato_de_Primera_División_2021_(Argentina),
2021-08-15,16:00,Temperley,Quilmes,2,2,,,Primera Nacional,2021,zonas,Zona A,Fecha 21,Alfredo Beranger,false,https://es.wikipedia.org/wiki/Campeonato_de_Primera_Nacional_2021,
2021-08-15,18:00,Estudiantes (LP),Boca Juniors,1,0,,,Primera Division,2021,zonas,,Fecha 6,Jorge Luis Hirschi,false,https://es.wikipedia.org/wiki/Campeonato_de_Primera_División_2021_(Argentina),
2021-08-15,19:30,Belgrano,Mitre (SdE),2,1,,,Primera Nacional,2021,zonas,Zona A,Fecha 21,Gigante de Alberdi,false,https://es.wikipedia.org/wiki/Campeonato_de_Primera_Nacional_2021,
2021-08-15,20:15,Racing Club,Newell's Old Boys,2,0,,,Primera Division,2021,zonas,,Fecha 6,El Cilindro,false,https://es.wikipedia.org/wiki/Campeonato_de_Primera_División_2021_(Argentina),
2021-08-16,15:00,Deportivo Riestra,Estudiantes (BA),1,0,,,Primera Nacional,2021,zonas,Zona A,Fecha 21,Guillermo Laza,false,https://es.wikipedia.org/wiki/Campeonato_de_Primera_Nacional_2021,
2021-08-16,15:00,J. J. de Urquiza,Deportivo Armenio,0,2,,,Primera B,2021,zonas,Torneo Clausura,Fecha 5,Ramón Roque Martín,false,https://es.wikipedia.org/wiki/Campeonato_de_Primera_B_2021_(Argentina),
2021-08-16,18:00,Talleres (C),San Lorenzo,2,0,,,Primera Division,2021,zonas,,Fecha 6,Mario Alberto Kempes,false,https://es.wikipedia.org/wiki/Campeonato_de_Primera_División_2021_(Argentina),
2021-08-16,20:15,Defensa y Justicia,Sarmiento (J),4,2,,,Primera Division,2021,zonas,,Fecha 6,Norberto Tomaghello,false,https://es.wikipedia.org/wiki/Campeonato_de_Primera_División_2021_(Argentina),
2021-08-16,21:10,Estudiantes (RC),Tigre,0,0,,,Primera Nacional,2021,zonas,Zona A,Fecha 21,Antonio Candini,false,https://es.wikipedia.org/wiki/Campeonato_de_Primera_Nacional_2021,
2021-08-16,21:45,Lanús,Godoy Cruz,3,1,,,Primera Division,2021,zonas,,Fecha 6,Ciudad de Lanús,false,https://es.wikipedia.org/wiki/Campeonato_de_Primera_División_2021_(Argentina),
2021-08-17,15:00,Atlas,Argentino de Merlo,2,1,,,Primera C,2021,zonas,Torneo Clausura,Fecha 5,Ricardo Puga,false,https://es.wikipedia.org/wiki/Campeonato_de_Primera_C_2021_(Argentina),
2021-08-17,15:00,El Porvenir,Central Córdoba (R),0,2,,,Primera C,2021,zonas,Torneo Clausura,Fecha 5,Gildo Ghersinich,false,https://es.wikipedia.org/wiki/Campeonato_de_Primera_C_2021_(Argentina),
2021-08-17,15:00,Ferrocarril Midland,Leandro N. Alem,2,0,,,Primera C,2021,zonas,Torneo Clausura,Fecha 5,Ciudad de Libertad,false,https://es.wikipedia.org/wiki/Campeonato_de_Primera_C_2021_(Argentina),
2021-08-17,15:00,General Lamadrid,Dock Sud,1,1,,,Primera C,2021,zonas,Torneo Clausura,Fecha 5,Enrique Sexto,false,https://es.wikipedia.org/wiki/Campeonato_de_Primera_C_2021_(Argentina),
2021-08-17,15:00,Luján,Berazategui,1,2,,,Primera C,2021,zonas,Torneo Clausura,Fecha 5,Municipal de la Ciudad de Luján,false,https://es.wikipedia.org/wiki/Campeonato_de_Primera_C_2021_(Argentina),
2021-08-17,15:00,Real Pilar,Deportivo Laferrere,1,2,,,Primera C,2021,zonas,Torneo Clausura,Fecha 5,Carlos Barraza,false,https://es.wikipedia.org/wiki/Campeonato_de_Primera_C_2021_(Argentina),
2021-08-17,15:00,Sportivo Italiano,San Martín (B),0,0,,,Primera C,2021,zonas,Torneo Clausura,Fecha 5,República de Italia,false,https://es.wikipedia.org/wiki/Campeonato_de_Primera_C_2021_(Argentina),
2021-08-17,15:00,Victoriano Arenas,Ituzaingó,1,1,,,Primera C,2021,zonas,Torneo Clausura,Fecha 5,Saturnino Moure,false,https://es.wikipedia.org/wiki/Campeonato_de_Primera_C_2021_(Argentina),
2021-08-17,15:30,Güemes (SdE),Instituto,1,1,,,Primera Nacional,2021,zonas,Zona B,Fecha 21,Arturo Miranda,false,https://es.wikipedia.org/wiki/Campeonato_de_Primera_Nacional_2021,
2021-08-17,21:10,San Martín (T),Atlanta,3,0,,,Primera Nacional,2021,zonas,Zona A,Fecha 21,La Ciudadela,false,https://es.wikipedia.org/wiki/Campeonato_de_Primera_Nacional_2021,
2021-08-18,15:00,Deportivo Español,Excursionistas,1,0,,,Primera C,2021,zonas,Torneo Clausura,Fecha 5,Nueva España,false,https://es.wikipedia.org/wiki/Campeonato_de_Primera_C_2021_(Argentina),suspendido
2021-08-20,14:30,Desamparados,Sol de Mayo (V),0,0,,,Torneo Federal A,2021,zonas,Zona A,Fecha 18,El Serpentario,false,https://es.wikipedia.org/wiki/Torneo_Federal_A_2021,
2021-08-20,16:45,Aldosivi,Colón,3,0,,,Primera Division,2021,zonas,,Fecha 7,José María Minella,false,https://es.wikipedia.org/wiki/Campeonato_de_Primera_División_2021_(Argentina),
2021-08-20,19:00,Banfield,Estudiantes (LP),1,1,,,Primera Division,2021,zonas,,Fecha 7,Florencio Sola,false,https://es.wikipedia.org/wiki/Campeonato_de_Primera_División_2021_(Argentina),
2021-08-20,19:00,Sarmiento (J),Atlético Tucumán,3,0,,,Primera Division,2021,zonas,,Fecha 7,Eva Perón,false,https://es.wikipedia.org/wiki/Campeonato_de_Primera_División_2021_(Argentina),
2021-08-20,20:30,Sportivo Las Parejas,Gimnasia y Esgrima (CdU),0,1,,,Torneo Federal A,2021,zonas,Zona B,Fecha 18,4 de Septiembre,false,https://es.wikipedia.org/wiki/Torneo_Federal_A_2021,
2021-08-20,21:15,Independiente,Defensa y Justicia,0,0,,,Primera Division,2021,zonas,,Fecha 7,Libertadores de América,false,https://es.wikipedia.org/wiki/Campeonato_de_Primera_División_2021_(Argentina),
2021-08-21,12:10,Barracas Central,Güemes (SdE),1,0,,,Primera Nacional,2021,zonas,Zona B,Fecha 22,Claudio Chiqui Tapia,false,https://es.wikipedia.org/wiki/Campeonato_de_Primera_Nacional_2021,
2021-08-21,12:10,UAI Urquiza,Sacachispas,2,2,,,Primera B,2021,zonas,Torneo Clausura,Fecha 6,Monumental de Villa Lynch,false,https://es.wikipedia.org/wiki/Campeonato_de_Primera_B_2021_(Argentina),
2021-08-21,13:00,Central Córdoba (SdE),Platense,2,2,,,Primera Division,2021,zonas,,Fecha 7,Único Madre de Ciudades,false,https://es.wikipedia.org/wiki/Campeonato_de_Primera_División_2021_(Argentina),
2021-08-21,13:30,Godoy Cruz,Huracán,1,1,,,Primera Division,2021,zonas,,Fecha 7,Feliciano Gambarte,false,https://es.wikipedia.org/wiki/Campeonato_de_Primera_División_2021_(Argentina),
2021-08-21,15:00,Brown de Adrogué,San Telmo,2,2,,,Primera Nacional,2021,zonas,Zona B,Fecha 22,Lorenzo Arandilla,false,https://es.wikipedia.org/wiki/Campeonato_de_Primera_Nacional_2021,
2021-08-21,15:00,Central Córdoba (R),Sportivo Italiano,0,0,,,Primera C,2021,zonas,Torneo Clausura,Fecha 6,Gabino Sosa,false,https://es.wikipedia.org/wiki/Campeonato_de_Primera_C_2021_(Argentina),
2021-08-21,15:00,Círculo Deportivo,Sportivo Peñarol (C),1,2,,,Torneo Federal A,2021,zonas,Zona A,Fecha 18,Guillermo Trama,false,https://es.wikipedia.org/wiki/Torneo_Federal_A_2021,
2021-08-21,15:00,Defensores Unidos,Colegiales,0,4,,,Primera B,2021,zonas,Torneo Clausura,Fecha 6,Gigante de Villa Fox,false,https://es.wikipedia.org/wiki/Campeonato_de_Primera_B_2021_(Argentina),
2021-08-21,15:00,Deportivo Armenio,Argentino de Quilmes,1,1,,,Primera B,2021,zonas,Torneo Clausura,Fecha 6,Armenia,false,https://es.wikipedia.org/wiki/Campeonato_de_Primera_B_2021_(Argentina),
2021-08-21,15:00,Deportivo Merlo,Flandria,0,0,,,Primera B,2021,zonas,Torneo Clausura,Fecha 6,José Manuel Moreno,false,https://es.wikipedia.org/wiki/Campeonato_de_Primera_B_2021_(Argentina),
2021-08-21,15:00,Ferro Carril Oeste (GP),Olimpo,2,1,,,Torneo Federal A,2021,zonas,Zona A,Fecha 18,El Coloso del Barrio Talleres,false,https://es.wikipedia.org/wiki/Torneo_Federal_A_2021,
2021-08-21,15:00,Gimnasia y Esgrima (J),Ferro Carril Oeste,0,0,,,Primera Nacional,2021,zonas,Zona B,Fecha 22,23 de Agosto,false,https://es.wikipedia.org/wiki/Campeonato_de_Primera_Nacional_2021,
2021-08-21,15:00,Independiente (C),Ciudad de Bolívar,0,0,,,Torneo Federal A,2021,zonas,Zona A,Fecha 18,Raúl Orlando Lungarzo,false,https://es.wikipedia.org/wiki/Torneo_Federal_A_2021,
2021-08-21,15:00,Juventud Unida (G),Chaco For Ever,0,0,,,Torneo Federal A,2021,zonas,Zona B,Fecha 18,De los Eucaliptos,false,https://es.wikipedia.org/wiki/Torneo_Federal_A_2021,
2021-08-21,15:00,Juventud Unida Universitario,Deportivo Camioneros,1,0,,,Torneo Federal A,2021,zonas,Zona A,Fecha 18,Mario Sebastián Diez,false,https://es.wikipedia.org/wiki/Torneo_Federal_A_2021,
2021-08-21,15:00,San Miguel,Cañuelas,0,2,,,Primera B,2021,zonas,Torneo Clausura,Fecha 6,Malvinas Argentinas,false,https://es.wikipedia.org/wiki/Campeonato_de_Primera_B_2021_(Argentina),
2021-08-21,15:00,Sansinena,Huracán Las Heras,3,0,,,Torneo Federal A,2021,zonas,Zona A,Fecha 18,Luis Molina,false,https://es.wikipedia.org/wiki/Torneo_Federal_A_2021,
2021-08-21,15:00,Talleres (RdE),Acassuso,1,1,,,Primera B,2021,zonas,Torneo Clausura,Fecha 6,Talleres,false,https://es.wikipedia.org/wiki/Campeonato_de_Primera_B_2021_(Argentina),
2021-08-21,15:00,Tristán Suárez,All Boys,0,2,,,Primera Nacional,2021,zonas,Zona B,Fecha 22,20 de Octubre,false,https://es.wikipedia.org/wiki/Campeonato_de_Primera_Nacional_2021,
2021-08-21,15:30,Berazategui,Deportivo Español,2,1,,,Primera C,2021,zonas,Torneo Clausura,Fecha 6,Norman Lee,false,https://es.wikipedia.org/wiki/Campeonato_de_Primera_C_2021_(Argentina),
2021-08-21,15:30,Cipolletti,Sportivo Estudiantes (SL),3,1,,,Torneo Federal A,2021,zonas,Zona A,Fecha 18,La Visera de Cemento,false,https://es.wikipedia.org/wiki/Torneo_Federal_A_2021,
2021-08-21,15:30,Defensores de Pronunciamiento,Defensores de Belgrano (VR),3,2,,,Torneo Federal A,2021,zonas,Zona B,Fecha 18,Delio Cardozo,false,https://es.wikipedia.org/wiki/Torneo_Federal_A_2021,
2021-08-21,15:30,Gimnasia y Tiro (S),Central Norte (S),1,0,,,Torneo Federal A,2021,zonas,Zona B,Fecha 18,El Gigante del Norte,false,https://es.wikipedia.org/wiki/Torneo_Federal_A_2021,
2021-08-21,15:30,Guillermo Brown,Defensores de Belgrano,1,1,,,Primera Nacional,2021,zonas,Zona B,Fecha 22,Raúl Conti,false,https://es.wikipedia.org/wiki/Campeonato_de_Primera_Nacional_2021,
2021-08-21,15:30,Sarmiento (R),Crucero del Norte,3,1,,,Torneo Federal A,2021,zonas,Zona B,Fecha 18,Centenario,false,https://es.wikipedia.org/wiki/Torneo_Federal_A_2021,
2021-08-21,15:30,Villa Mitre,Deportivo Madryn,0,0,,,Torneo Federal A,2021,zonas,Zona A,Fecha 18,El Fortín,false,https://es.wikipedia.org/wiki/Torneo_Federal_A_2021,
2021-08-21,15:45,Vélez Sarsfield,Lanús,5,1,,,Primera Division,2021,zonas,,Fecha 7,José Amalfitani,false,https://es.wikipedia.org/wiki/Campeonato_de_Primera_División_2021_(Argentina),
2021-08-21,16:00,Boca Unidos,Racing (C),2,1,,,Torneo Federal A,2021,zonas,Zona B,Fecha 18,Leoncio Benítez,false,https://es.wikipedia.org/wiki/Torneo_Federal_A_2021,
2021-08-21,16:00,Sportivo Belgrano,Unión (S),0,2,,,Torneo Federal A,2021,zonas,Zona B,Fecha 18,Oscar Carlos Boero,false,https://es.wikipedia.org/wiki/Torneo_Federal_A_2021,
2021-08-21,16:05,Estudiantes (BA),Gimnasia y Esgrima (M),0,0,,,Primera Nacional,2021,zonas,Zona A,Fecha 22,Ciudad de Caseros,false,https://es.wikipedia.org/wiki/Campeonato_de_Primera_Nacional_2021,
2021-08-21,18:00,Arsenal,Racing Club,0,3,,,Primera Division,2021,zonas,,Fecha 7,El Viaducto,false,https://es.wikipedia.org/wiki/Campeonato_de_Primera_División_2021_(Argentina),
2021-08-21,18:10,Tigre,Temperley,1,1,,,Primera Nacional,2021,zonas,Zona A,Fecha 22,Monumental de Victoria,false,https://es.wikipedia.org/wiki/Campeonato_de_Primera_Nacional_2021,
2021-08-21,20:15,Boca Juniors,Patronato,1,0,,,Primera Division,2021,zonas,,Fecha 7,La Bombonera,false,https://es.wikipedia.org/wiki/Campeonato_de_Primera_División_2021_(Argentina),
2021-08-22,12:10,Chacarita Juniors,San Martín (T),1,3,,,Primera Nacional,2021,zonas,Zona A,Fecha 22,Chacarita Juniors,false,https://es.wikipedia.org/wiki/Campeonato_de_Primera_Nacional_2021,
2021-08-22,13:30,Unión,Talleres (C),1,2,,,Primera Division,2021,zonas,,Fecha 7,15 de Abril,false,https://es.wikipedia.org/wiki/Campeonato_de_Primera_División_2021_(Argentina),
2021-08-22,15:00,Argentino de Merlo,Ferrocarril Midland,2,1,,,Primera C,2021,zonas,Torneo Clausura,Fecha 6,Merlo,false,https://es.wikipedia.org/wiki/Campeonato_de_Primera_C_2021_(Argentina),
2021-08-22,15:00,Claypole,Real Pilar,0,0,,,Primera C,2021,zonas,Torneo Clausura,Fecha 6,Rodolfo Capocasa,false,https://es.wikipedia.org/wiki/Campeonato_de_Primera_C_2021_(Argentina),
2021-08-22,15:00,Comunicaciones,J. J. de Urquiza,2,3,,,Primera B,2021,zonas,Torneo Clausura,Fecha 6,Alfredo Ramos,false,https://es.wikipedia.org/wiki/Campeonato_de_Primera_B_2021_(Argentina),
2021-08-22,15:00,Deportivo Laferrere,General Lamadrid,2,0,,,Primera C,2021,zonas,Torneo Clausura,Fecha 6,Ciudad de Laferrere,false,https://es.wikipedia.org/wiki/Campeonato_de_Primera_C_2021_(Argentina),
2021-08-22,15:00,Dock Sud,Victoriano Arenas,1,0,,,Primera C,2021,zonas,Torneo Clausura,Fecha 6,De los Inmigrantes,false,https://es.wikipedia.org/wiki/Campeonato_de_Primera_C_2021_(Argentina),
2021-08-22,15:00,Ituzaingó,Atlas,1,0,,,Primera C,2021,zonas,Torneo Clausura,Fecha 6,Carlos Alberto Sacaan,false,https://es.wikipedia.org/wiki/Campeonato_de_Primera_C_2021_(Argentina),
2021-08-22,15:00,Leandro N. Alem,Luján,0,0,,,Primera C,2021,zonas,Torneo Clausura,Fecha 6,Leandro N. Alem,false,https://es.wikipedia.org/wiki/Campeonato_de_Primera_C_2021_(Argentina),
2021-08-22,15:30,Independiente Rivadavia,Almagro,1,1,,,Primera Nacional,2021,zonas,Zona B,Fecha 22,Bautista Gargantini,false,https://es.wikipedia.org/wiki/Campeonato_de_Primera_Nacional_2021,
2021-08-22,15:30,Mitre (SdE),Deportivo Riestra,0,2,,,Primera Nacional,2021,zonas,Zona A,Fecha 22,Doctores José y Antonio Castiglione,false,https://es.wikipedia.org/wiki/Campeonato_de_Primera_Nacional_2021,
2021-08-22,15:45,Newell's Old Boys,Rosario Central,1,1,,,Primera Division,2021,zonas,,Fecha 7,Marcelo Bielsa,false,https://es.wikipedia.org/wiki/Campeonato_de_Primera_División_2021_(Argentina),
2021-08-22,16:00,Atlético de Rafaela,Ramón Santamarina,0,1,,,Primera Nacional,2021,zonas,Zona B,Fecha 22,Nuevo Monumental,false,https://es.wikipedia.org/wiki/Campeonato_de_Primera_Nacional_2021,
2021-08-22,16:00,Quilmes,Deportivo Maipú,1,0,,,Primera Nacional,2021,zonas,Zona A,Fecha 22,Centenario Ciudad de Quilmes,false,https://es.wikipedia.org/wiki/Campeonato_de_Primera_Nacional_2021,
2021-08-22,16:00,San Martín (SJ),Villa Dálmine,1,0,,,Primera Nacional,2021,zonas,Zona B,Fecha 22,Ingeniero Hilario Sánchez,false,https://es.wikipedia.org/wiki/Campeonato_de_Primera_Nacional_2021,
2021-08-22,18:00,San Lorenzo,Argentinos Juniors,0,1,,,Primera Division,2021,zonas,,Fecha 7,Nuevo Gasómetro,false,https://es.wikipedia.org/wiki/Campeonato_de_Primera_División_2021_(Argentina),
2021-08-22,19:00,Alvarado,Estudiantes (RC),0,0,,,Primera Nacional,2021,zonas,Zona A,Fecha 22,José María Minella,false,https://es.wikipedia.org/wiki/Campeonato_de_Primera_Nacional_2021,
2021-08-22,20:15,Gimnasia y Esgrima (LP),River Plate,1,1,,,Primera Division,2021,zonas,,Fecha 7,Del Bosque,false,https://es.wikipedia.org/wiki/Campeonato_de_Primera_División_2021_(Argentina),
2021-08-23,15:00,Excursionistas,El Porvenir,2,1,,,Primera C,2021,zonas,Torneo Clausura,Fecha 6,Excursionistas,false,https://es.wikipedia.org/wiki/Campeonato_de_Primera_C_2021_(Argentina),
2021-08-23,15:35,Instituto,Deportivo Morón,2,1,,,Primera Nacional,2021,zonas,Zona B,Fecha 22,Juan Domingo Perón,false,https://es.wikipedia.org/wiki/Campeonato_de_Primera_Nacional_2021,
2021-08-23,21:10,Nueva Chicago,Almirante Brown,0,3,,,Primera Nacional,2021,zonas,Zona A,Fecha 22,República de Mataderos,false,https://es.wikipedia.org/wiki/Campeonato_de_Primera_Nacional_2021,
2021-08-24,14:15,Patronato,Banfield,1,1,,,Primera Division,2021,zonas,,Fecha 8,Presbítero Bartolomé Grella,false,https://es.wikipedia.org/wiki/Campeonato_de_Primera_División_2021_(Argentina),
2021-08-24,15:00,Villa San Carlos,Los Andes,1,1,,,Primera B,2021,zonas,Torneo Clausura,Fecha 6,Genacio Sálice,false,https://es.wikipedia.org/wiki/Campeonato_de_Primera_B_2021_(Argentina),
2021-08-24,15:05,Atlanta,Belgrano,1,0,,,Primera Nacional,2021,zonas,Zona A,Fecha 22,Don León Kolbowsky,false,https://es.wikipedia.org/wiki/Campeonato_de_Primera_Nacional_2021,
2021-08-24,16:30,Colón,Sarmiento (J),1,1,,,Primera Division,2021,zonas,,Fecha 8,Brigadier General Estanislao López,false,https://es.wikipedia.org/wiki/Campeonato_de_Primera_División_2021_(Argentina),
2021-08-24,18:45,Atlético Tucumán,Independiente,2,0,,,Primera Division,2021,zonas,,Fecha 8,Monumental José Fierro,false,https://es.wikipedia.org/wiki/Campeonato_de_Primera_División_2021_(Argentina),
2021-08-24,21:00,Racing Club,Central Córdoba (SdE),0,0,,,Primera Division,2021,zonas,,Fecha 8,El Cilindro,false,https://es.wikipedia.org/wiki/Campeonato_de_Primera_División_2021_(Argentina),
2021-08-25,14:15,Rosario Central,Arsenal,4,0,,,Primera Division,2021,zonas,,Fecha 8,Gigante de Arroyito,false,https://es.wikipedia.org/wiki/Campeonato_de_Primera_División_2021_(Argentina),
2021-08-25,15:00,Central Norte (S),Sarmiento (R),3,0,,,Torneo Federal A,2021,zonas,Zona B,Fecha 19,Padre Ernesto Martearena,false,https://es.wikipedia.org/wiki/Torneo_Federal_A_2021,
2021-08-25,15:00,Ciudad de Bolívar,Deportivo Camioneros,0,0,,,Torneo Federal A,2021,zonas,Zona A,Fecha 19,Municipal Eva Perón,false,https://es.wikipedia.org/wiki/Torneo_Federal_A_2021,
2021-08-25,15:00,Crucero del Norte,Sportivo Belgrano,0,0,,,Torneo Federal A,2021,zonas,Zona B,Fecha 19,Comandante Andrés Guacurarí,false,https://es.wikipedia.org/wiki/Torneo_Federal_A_2021,
2021-08-25,15:00,Deportivo Madryn,Desamparados,2,1,,,Torneo Federal A,2021,zonas,Zona A,Fecha 19,Abel Sastre,false,https://es.wikipedia.org/wiki/Torneo_Federal_A_2021,
2021-08-25,15:00,Douglas Haig,Sportivo Las Parejas,1,0,,,Torneo Federal A,2021,zonas,Zona B,Fecha 19,Miguel Morales,false,https://es.wikipedia.org/wiki/Torneo_Federal_A_2021,
2021-08-25,15:00,Independiente (C),Cipolletti,1,1,,,Torneo Federal A,2021,zonas,Zona A,Fecha 19,Raúl Orlando Lungarzo,false,https://es.wikipedia.org/wiki/Torneo_Federal_A_2021,
2021-08-25,15:00,Olimpo,Villa Mitre,0,0,,,Torneo Federal A,2021,zonas,Zona A,Fecha 19,Roberto N. Carminatti,false,https://es.wikipedia.org/wiki/Torneo_Federal_A_2021,
2021-08-25,15:00,Racing (C),Juventud Unida (G),2,0,,,Torneo Federal A,2021,zonas,Zona B,Fecha 19,Miguel Sancho,false,https://es.wikipedia.org/wiki/Torneo_Federal_A_2021,
2021-08-25,15:00,Sol de Mayo (V),Sansinena,1,0,,,Torneo Federal A,2021,zonas,Zona A,Fecha 19,Sol de Mayo,false,https://es.wikipedia.org/wiki/Torneo_Federal_A_2021,
2021-08-25,15:00,Sportivo Estudiantes (SL),Círculo Deportivo,1,1,,,Torneo Federal A,2021,zonas,Zona A,Fecha 19,Héctor Odicino y Pedro Benoza,false,https://es.wikipedia.org/wiki/Torneo_Federal_A_2021,
2021-08-25,15:00,Sportivo Peñarol (C),Ferro Carril Oeste (GP),1,1,,,Torneo Federal A,2021,zonas,Zona A,Fecha 19,Ramón Pablo Rojas,false,https://es.wikipedia.org/wiki/Torneo_Federal_A_2021,
2021-08-25,15:30,Gimnasia y Esgrima (CdU),Boca Unidos,2,2,,,Torneo Federal A,2021,zonas,Zona B,Fecha 19,Manuel y Ramón Núñez,false,https://es.wikipedia.org/wiki/Torneo_Federal_A_2021,
2021-08-25,15:30,Huracán Las Heras,Juventud Unida Universitario,1,1,,,Torneo Federal A,2021,zonas,Zona A,Fecha 19,General San Martín,false,https://es.wikipedia.org/wiki/Torneo_Federal_A_2021,
2021-08-25,15:30,Unión (S),Defensores de Pronunciamiento,2,1,,,Torneo Federal A,2021,zonas,Zona B,Fecha 19,De la Avenida,false,https://es.wikipedia.org/wiki/Torneo_Federal_A_2021,
2021-08-25,16:00,Chaco For Ever,Gimnasia y Tiro (S),0,1,,,Torneo Federal A,2021,zonas,Zona B,Fecha 19,Juan Alberto García,false,https://es.wikipedia.org/wiki/Torneo_Federal_A_2021,
2021-08-25,16:30,Defensa y Justicia,Newell's Old Boys,2,0,,,Primera Division,2021,zonas,,Fecha 8,Norberto Tomaghello,false,https://es.wikipedia.org/wiki/Campeonato_de_Primera_División_2021_(Argentina),
2021-08-25,16:30,Lanús,Gimnasia y Esgrima (LP),2,0,,,Primera Division,2021,zonas,,Fecha 8,Ciudad de Lanús,false,https://es.wikipedia.org/wiki/Campeonato_de_Primera_División_2021_(Argentina),
2021-08-25,18:45,Huracán,Vélez Sarsfield,1,1,,,Primera Division,2021,zonas,,Fecha 8,Tomás Adolfo Ducó,false,https://es.wikipedia.org/wiki/Campeonato_de_Primera_División_2021_(Argentina),
2021-08-25,21:00,Platense,Boca Juniors,1,3,,,Primera Division,2021,zonas,,Fecha 8,Ciudad de Vicente López,false,https://es.wikipedia.org/wiki/Campeonato_de_Primera_División_2021_(Argentina),
2021-08-26,14:15,Godoy Cruz,Unión,1,2,,,Primera Division,2021,zonas,,Fecha 8,Feliciano Gambarte,false,https://es.wikipedia.org/wiki/Campeonato_de_Primera_División_2021_(Argentina),
2021-08-26,16:30,Argentinos Juniors,Talleres (C),1,2,,,Primera Division,2021,zonas,,Fecha 8,Diego Armando Maradona,false,https://es.wikipedia.org/wiki/Campeonato_de_Primera_División_2021_(Argentina),
2021-08-26,18:45,Estudiantes (LP),San Lorenzo,2,0,,,Primera Division,2021,zonas,,Fecha 8,Jorge Luis Hirschi,false,https://es.wikipedia.org/wiki/Campeonato_de_Primera_División_2021_(Argentina),
2021-08-26,21:00,River Plate,Aldosivi,2,0,,,Primera Division,2021,zonas,,Fecha 8,Monumental,false,https://es.wikipedia.org/wiki/Campeonato_de_Primera_División_2021_(Argentina),
2021-08-27,17:10,Temperley,Alvarado,0,0,,,Primera Nacional,2021,zonas,Zona A,Fecha 23,Alfredo Beranger,false,https://es.wikipedia.org/wiki/Campeonato_de_Primera_Nacional_2021,
2021-08-27,20:10,Güemes (SdE),Independiente Rivadavia,0,2,,,Primera Nacional,2021,zonas,Zona B,Fecha 23,Arturo Miranda,false,https://es.wikipedia.org/wiki/Campeonato_de_Primera_Nacional_2021,
2021-08-28,13:10,Deportivo Maipú,Tigre,0,4,,,Primera Nacional,2021,zonas,Zona A,Fecha 23,Omar Higinio Sperdutti,false,https://es.wikipedia.org/wiki/Campeonato_de_Primera_Nacional_2021,
2021-08-28,15:00,Acassuso,San Miguel,4,1,,,Primera B,2021,zonas,Torneo Clausura,Fecha 7,Armenia,false,https://es.wikipedia.org/wiki/Campeonato_de_Primera_B_2021_(Argentina),
2021-08-28,15:00,Almagro,Atlético de Rafaela,1,0,,,Primera Nacional,2021,zonas,Zona B,Fecha 23,Tres de Febrero,false,https://es.wikipedia.org/wiki/Campeonato_de_Primera_Nacional_2021,
2021-08-28,15:00,Argentino de Quilmes,Comunicaciones,2,1,,,Primera B,2021,zonas,Torneo Clausura,Fecha 7,Argentino de Quilmes,false,https://es.wikipedia.org/wiki/Campeonato_de_Primera_B_2021_(Argentina),
2021-08-28,15:00,Cañuelas,Deportivo Merlo,1,1,,,Primera B,2021,zonas,Torneo Clausura,Fecha 7,Jorge Alfredo Arín,false,https://es.wikipedia.org/wiki/Campeonato_de_Primera_B_2021_(Argentina),
2021-08-28,15:00,Colegiales,Villa San Carlos,1,0,,,Primera B,2021,zonas,Torneo Clausura,Fecha 7,Libertarios Unidos,false,https://es.wikipedia.org/wiki/Campeonato_de_Primera_B_2021_(Argentina),
2021-08-28,15:00,Deportivo Español,Leandro N. Alem,1,1,,,Primera C,2021,zonas,Torneo Clausura,Fecha 7,Nueva España,false,https://es.wikipedia.org/wiki/Campeonato_de_Primera_C_2021_(Argentina),
2021-08-28,15:00,Fénix,Defensores Unidos,1,2,,,Primera B,2021,zonas,Torneo Clausura,Fecha 7,José Manuel Moreno,false,https://es.wikipedia.org/wiki/Campeonato_de_Primera_B_2021_(Argentina),
2021-08-28,15:00,General Lamadrid,Claypole,0,2,,,Primera C,2021,zonas,Torneo Clausura,Fecha 7,Enrique Sexto,false,https://es.wikipedia.org/wiki/Campeonato_de_Primera_C_2021_(Argentina),
2021-08-28,15:00,Gimnasia y Esgrima (M),Mitre (SdE),0,0,,,Primera Nacional,2021,zonas,Zona A,Fecha 23,Víctor Antonio Legrotaglie,false,https://es.wikipedia.org/wiki/Campeonato_de_Primera_Nacional_2021,
2021-08-28,15:00,San Telmo,San Martín (SJ),2,1,,,Primera Nacional,2021,zonas,Zona B,Fecha 23,Dr. Osvaldo Baletto,false,https://es.wikipedia.org/wiki/Campeonato_de_Primera_Nacional_2021,
2021-08-28,15:00,Tristán Suárez,Gimnasia y Esgrima (J),2,0,,,Primera Nacional,2021,zonas,Zona B,Fecha 23,20 de Octubre,false,https://es.wikipedia.org/wiki/Campeonato_de_Primera_Nacional_2021,
2021-08-28,15:30,All Boys,Villa Dálmine,0,0,,,Primera Nacional,2021,zonas,Zona B,Fecha 23,Islas Malvinas,false,https://es.wikipedia.org/wiki/Campeonato_de_Primera_Nacional_2021,
2021-08-28,15:45,Gimnasia y Esgrima (LP),Huracán,0,0,,,Primera Division,2021,zonas,,Fecha 9,Del Bosque,false,https://es.wikipedia.org/wiki/Campeonato_de_Primera_División_2021_(Argentina),
2021-08-28,16:30,Agropecuario,Quilmes,3,1,,,Primera Nacional,2021,zonas,Zona A,Fecha 23,Ofelia Rosenzuaig,false,https://es.wikipedia.org/wiki/Campeonato_de_Primera_Nacional_2021,
2021-08-28,17:10,Defensores de Belgrano,Brown de Adrogué,0,3,,,Primera Nacional,2021,zonas,Zona B,Fecha 23,Juan Pasquale,false,https://es.wikipedia.org/wiki/Campeonato_de_Primera_Nacional_2021,
2021-08-28,18:00,Banfield,Platense,2,4,,,Primera Division,2021,zonas,,Fecha 9,Florencio Sola,false,https://es.wikipedia.org/wiki/Campeonato_de_Primera_División_2021_(Argentina),
2021-08-28,20:15,Independiente,Colón,3,0,,,Primera Division,2021,zonas,,Fecha 9,Libertadores de América,false,https://es.wikipedia.org/wiki/Campeonato_de_Primera_División_2021_(Argentina),
2021-08-29,13:30,Arsenal,Defensa y Justicia,0,0,,,Primera Division,2021,zonas,,Fecha 9,El Viaducto,false,https://es.wikipedia.org/wiki/Campeonato_de_Primera_División_2021_(Argentina),
2021-08-29,15:00,Atlas,Dock Sud,1,2,,,Primera C,2021,zonas,Torneo Clausura,Fecha 7,Ricardo Puga,false,https://es.wikipedia.org/wiki/Campeonato_de_Primera_C_2021_(Argentina),
2021-08-29,15:00,Círculo Deportivo,Independiente (C),1,2,,,Torneo Federal A,2021,zonas,Zona A,Fecha 20,Guillermo Trama,false,https://es.wikipedia.org/wiki/Torneo_Federal_A_2021,
2021-08-29,15:00,Deportivo Camioneros,Huracán Las Heras,3,1,,,Torneo Federal A,2021,zonas,Zona A,Fecha 20,Hugo Moyano,false,https://es.wikipedia.org/wiki/Torneo_Federal_A_2021,
2021-08-29,15:00,El Porvenir,Berazategui,0,1,,,Primera C,2021,zonas,Torneo Clausura,Fecha 7,Gildo Ghersinich,false,https://es.wikipedia.org/wiki/Campeonato_de_Primera_C_2021_(Argentina),
2021-08-29,15:00,Ferro Carril Oeste (GP),Sportivo Estudiantes (SL),1,0,,,Torneo Federal A,2021,zonas,Zona A,Fecha 20,El Coloso del Barrio Talleres,false,https://es.wikipedia.org/wiki/Torneo_Federal_A_2021,
2021-08-29,15:00,Juventud Unida (G),Gimnasia y Esgrima (CdU),4,2,,,Torneo Federal A,2021,zonas,Zona B,Fecha 20,De los Eucaliptos,false,https://es.wikipedia.org/wiki/Torneo_Federal_A_2021,
2021-08-29,15:00,Juventud Unida Universitario,Sol de Mayo (V),0,0,,,Torneo Federal A,2021,zonas,Zona A,Fecha 20,Mario Sebastián Diez,false,https://es.wikipedia.org/wiki/Torneo_Federal_A_2021,
2021-08-29,15:00,Luján,Argentino de Merlo,2,2,,,Primera C,2021,zonas,Torneo Clausura,Fecha 7,Municipal de la Ciudad de Luján,false,https://es.wikipedia.org/wiki/Campeonato_de_Primera_C_2021_(Argentina),
2021-08-29,15:00,Ramón Santamarina,Guillermo Brown,1,1,,,Primera Nacional,2021,zonas,Zona B,Fecha 23,Municipal General San Martín,false,https://es.wikipedia.org/wiki/Campeonato_de_Primera_Nacional_2021,
2021-08-29,15:00,San Martín (B),Central Córdoba (R),2,1,,,Primera C,2021,zonas,Torneo Clausura,Fecha 7,Francisco Boga,false,https://es.wikipedia.org/wiki/Campeonato_de_Primera_C_2021_(Argentina),
2021-08-29,15:00,Sansinena,Deportivo Madryn,1,1,,,Torneo Federal A,2021,zonas,Zona A,Fecha 20,Luis Molina,false,https://es.wikipedia.org/wiki/Torneo_Federal_A_2021,
2021-08-29,15:00,Sarmiento (R),Chaco For Ever,1,1,,,Torneo Federal A,2021,zonas,Zona B,Fecha 20,Centenario,false,https://es.wikipedia.org/wiki/Torneo_Federal_A_2021,
2021-08-29,15:00,Sportivo Italiano,Excursionistas,3,0,,,Primera C,2021,zonas,Torneo Clausura,Fecha 7,República de Italia,false,https://es.wikipedia.org/wiki/Campeonato_de_Primera_C_2021_(Argentina),
2021-08-29,15:00,Victoriano Arenas,Deportivo Laferrere,2,3,,,Primera C,2021,zonas,Torneo Clausura,Fecha 7,Saturnino Moure,false,https://es.wikipedia.org/wiki/Campeonato_de_Primera_C_2021_(Argentina),
2021-08-29,15:05,Sacachispas,Talleres (RdE),0,0,,,Primera B,2021,zonas,Torneo Clausura,Fecha 7,Beto Larrosa,false,https://es.wikipedia.org/wiki/Campeonato_de_Primera_B_2021_(Argentina),
2021-08-29,15:30,Cipolletti,Ciudad de Bolívar,2,1,,,Torneo Federal A,2021,zonas,Zona A,Fecha 20,La Visera de Cemento,false,https://es.wikipedia.org/wiki/Torneo_Federal_A_2021,
2021-08-29,15:30,Desamparados,Olimpo,2,2,,,Torneo Federal A,2021,zonas,Zona A,Fecha 20,El Serpentario,false,https://es.wikipedia.org/wiki/Torneo_Federal_A_2021,
2021-08-29,15:30,Ferro Carril Oeste,Instituto,3,1,,,Primera Nacional,2021,zonas,Zona B,Fecha 23,Arquitecto Ricardo Etcheverri,false,https://es.wikipedia.org/wiki/Campeonato_de_Primera_Nacional_2021,
2021-08-29,15:30,Gimnasia y Tiro (S),Racing (C),0,0,,,Torneo Federal A,2021,zonas,Zona B,Fecha 20,El Gigante del Norte,false,https://es.wikipedia.org/wiki/Torneo_Federal_A_2021,
2021-08-29,15:30,Villa Mitre,Sportivo Peñarol (C),2,2,,,Torneo Federal A,2021,zonas,Zona A,Fecha 20,El Fortín,false,https://es.wikipedia.org/wiki/Torneo_Federal_A_2021,
2021-08-29,15:45,Aldosivi,Lanús,2,3,,,Primera Division,2021,zonas,,Fecha 9,José María Minella,false,https://es.wikipedia.org/wiki/Campeonato_de_Primera_División_2021_(Argentina),
2021-08-29,15:45,Central Córdoba (SdE),Rosario Central,2,4,,,Primera Division,2021,zonas,,Fecha 9,Único Madre de Ciudades,false,https://es.wikipedia.org/wiki/Campeonato_de_Primera_División_2021_(Argentina),
2021-08-29,16:00,Defensores de Belgrano (VR),Unión (S),0,0,,,Torneo Federal A,2021,zonas,Zona B,Fecha 20,Salomón Boeseldín,false,https://es.wikipedia.org/wiki/Torneo_Federal_A_2021,
2021-08-29,16:00,Los Andes,Deportivo Armenio,2,0,,,Primera B,2021,zonas,Torneo Clausura,Fecha 7,Eduardo Gallardón,false,https://es.wikipedia.org/wiki/Campeonato_de_Primera_B_2021_(Argentina),
2021-08-29,17:10,Deportivo Morón,Barracas Central,2,0,,,Primera Nacional,2021,zonas,Zona B,Fecha 23,Nuevo Francisco Urbano,false,https://es.wikipedia.org/wiki/Campeonato_de_Primera_Nacional_2021,
2021-08-29,18:00,Vélez Sarsfield,Godoy Cruz,3,0,,,Primera Division,2021,zonas,,Fecha 9,José Amalfitani,false,https://es.wikipedia.org/wiki/Campeonato_de_Primera_División_2021_(Argentina),
2021-08-29,20:15,Boca Juniors,Racing Club,0,0,,,Primera Division,2021,zonas,,Fecha 9,La Bombonera,false,https://es.wikipedia.org/wiki/Campeonato_de_Primera_División_2021_(Argentina),
2021-08-29,21:00,San Martín (T),Nueva Chicago,3,1,,,Primera Nacional,2021,zonas,Zona A,Fecha 23,La Ciudadela,false,https://es.wikipedia.org/wiki/Campeonato_de_Primera_Nacional_2021,
2021-08-30,14:30,Newell's Old Boys,Atlético Tucumán,1,2,,,Primera Division,2021,zonas,,Fecha 9,Marcelo Bielsa,false,https://es.wikipedia.org/wiki/Campeonato_de_Primera_División_2021_(Argentina),
2021-08-30,14:30,Unión,Argentinos Juniors,1,0,,,Primera Division,2021,zonas,,Fecha 9,15 de Abril,false,https://es.wikipedia.org/wiki/Campeonato_de_Primera_División_2021_(Argentina),
2021-08-30,15:00,Ferrocarril Midland,Ituzaingó,1,1,,,Primera C,2021,zonas,Torneo Clausura,Fecha 7,Ciudad de Libertad,false,https://es.wikipedia.org/wiki/Campeonato_de_Primera_C_2021_(Argentina),
2021-08-30,15:00,J. J. de Urquiza,UAI Urquiza,2,1,,,Primera B,2021,zonas,Torneo Clausura,Fecha 7,Ramón Roque Martín,false,https://es.wikipedia.org/wiki/Campeonato_de_Primera_B_2021_(Argentina),
2021-08-30,15:35,Belgrano,Chacarita Juniors,3,0,,,Primera Nacional,2021,zonas,Zona A,Fecha 23,Gigante de Alberdi,false,https://es.wikipedia.org/wiki/Campeonato_de_Primera_Nacional_2021,
2021-08-30,16:00,Boca Unidos,Douglas Haig,1,0,,,Torneo Federal A,2021,zonas,Zona B,Fecha 20,Leoncio Benítez,false,https://es.wikipedia.org/wiki/Torneo_Federal_A_2021,
2021-08-30,16:45,San Lorenzo,Patronato,3,0,,,Primera Division,2021,zonas,,Fecha 9,Nuevo Gasómetro,false,https://es.wikipedia.org/wiki/Campeonato_de_Primera_División_2021_(Argentina),
2021-08-30,19:00,Sarmiento (J),River Plate,1,2,,,Primera Division,2021,zonas,,Fecha 9,Eva Perón,false,https://es.wikipedia.org/wiki/Campeonato_de_Primera_División_2021_(Argentina),
2021-08-30,20:00,Estudiantes (RC),Estudiantes (BA),1,1,,,Primera Nacional,2021,zonas,Zona A,Fecha 23,Antonio Candini,false,https://es.wikipedia.org/wiki/Campeonato_de_Primera_Nacional_2021,
2021-08-30,21:15,Talleres (C),Estudiantes (LP),2,0,,,Primera Division,2021,zonas,,Fecha 9,Mario Alberto Kempes,false,https://es.wikipedia.org/wiki/Campeonato_de_Primera_División_2021_(Argentina),
2021-08-31,15:00,Deportivo Riestra,Atlanta,3,1,,,Primera Nacional,2021,zonas,Zona A,Fecha 23,Guillermo Laza,false,https://es.wikipedia.org/wiki/Campeonato_de_Primera_Nacional_2021,
2021-09-01,15:30,Defensores de Pronunciamiento,Crucero del Norte,1,1,,,Torneo Federal A,2021,zonas,Zona B,Fecha 20,Delio Cardozo,false,https://es.wikipedia.org/wiki/Torneo_Federal_A_2021,
2021-09-01,16:00,Sportivo Belgrano,Central Norte (S),0,2,,,Torneo Federal A,2021,zonas,Zona B,Fecha 20,Oscar Carlos Boero,false,https://es.wikipedia.org/wiki/Torneo_Federal_A_2021,
2021-09-03,15:00,Argentino de Merlo,Deportivo Español,1,1,,,Primera C,2021,zonas,Torneo Clausura,Fecha 8,Merlo,false,https://es.wikipedia.org/wiki/Campeonato_de_Primera_C_2021_(Argentina),
2021-09-03,15:00,Berazategui,Sportivo Italiano,2,1,,,Primera C,2021,zonas,Torneo Clausura,Fecha 8,Norman Lee,false,https://es.wikipedia.org/wiki/Campeonato_de_Primera_C_2021_(Argentina),
2021-09-03,15:00,Claypole,Victoriano Arenas,0,1,,,Primera C,2021,zonas,Torneo Clausura,Fecha 8,Rodolfo Capocasa,false,https://es.wikipedia.org/wiki/Campeonato_de_Primera_C_2021_(Argentina),
2021-09-03,15:00,Deportivo Laferrere,Atlas,1,0,,,Primera C,2021,zonas,Torneo Clausura,Fecha 8,Ciudad de Laferrere,false,https://es.wikipedia.org/wiki/Campeonato_de_Primera_C_2021_(Argentina),
2021-09-03,15:00,Deportivo Madryn,Juventud Unida Universitario,1,0,,,Torneo Federal A,2021,zonas,Zona A,Fecha 21,Abel Sastre,false,https://es.wikipedia.org/wiki/Torneo_Federal_A_2021,
2021-09-03,15:00,Dock Sud,Ferrocarril Midland,0,2,,,Primera C,2021,zonas,Torneo Clausura,Fecha 8,De los Inmigrantes,false,https://es.wikipedia.org/wiki/Campeonato_de_Primera_C_2021_(Argentina),
2021-09-03,15:00,Excursionistas,San Martín (B),0,2,,,Primera C,2021,zonas,Torneo Clausura,Fecha 8,Excursionistas,false,https://es.wikipedia.org/wiki/Campeonato_de_Primera_C_2021_(Argentina),
2021-09-03,15:00,Ituzaingó,Luján,2,0,,,Primera C,2021,zonas,Torneo Clausura,Fecha 8,Carlos Alberto Sacaan,false,https://es.wikipedia.org/wiki/Campeonato_de_Primera_C_2021_(Argentina),
2021-09-03,15:00,Leandro N. Alem,El Porvenir,0,0,,,Primera C,2021,zonas,Torneo Clausura,Fecha 8,Leandro N. Alem,false,https://es.wikipedia.org/wiki/Campeonato_de_Primera_C_2021_(Argentina),
2021-09-03,15:00,Real Pilar,General Lamadrid,2,1,,,Primera C,2021,zonas,Torneo Clausura,Fecha 8,Carlos Barraza,false,https://es.wikipedia.org/wiki/Campeonato_de_Primera_C_2021_(Argentina),
2021-09-03,15:30,Barracas Central,Ferro Carril Oeste,0,0,,,Primera Nacional,2021,zonas,Zona B,Fecha 24,Claudio Chiqui Tapia,false,https://es.wikipedia.org/wiki/Campeonato_de_Primera_Nacional_2021,
2021-09-03,16:00,San Martín (SJ),Defensores de Belgrano,1,0,,,Primera Nacional,2021,zonas,Zona B,Fecha 24,Ingeniero Hilario Sánchez,false,https://es.wikipedia.org/wiki/Campeonato_de_Primera_Nacional_2021,
2021-09-03,19:00,Defensa y Justicia,Central Córdoba (SdE),1,1,,,Primera Division,2021,zonas,,Fecha 10,Norberto Tomaghello,false,https://es.wikipedia.org/wiki/Campeonato_de_Primera_División_2021_(Argentina),
2021-09-03,19:10,Atlético de Rafaela,Güemes (SdE),1,1,,,Primera Nacional,2021,zonas,Zona B,Fecha 24,Nuevo Monumental,false,https://es.wikipedia.org/wiki/Campeonato_de_Primera_Nacional_2021,
2021-09-03,21:10,Tigre,Agropecuario,2,0,,,Primera Nacional,2021,zonas,Zona A,Fecha 24,Monumental de Victoria,false,https://es.wikipedia.org/wiki/Campeonato_de_Primera_Nacional_2021,
2021-09-03,21:15,Huracán,Aldosivi,2,0,,,Primera Division,2021,zonas,,Fecha 10,Tomás Adolfo Ducó,false,https://es.wikipedia.org/wiki/Campeonato_de_Primera_División_2021_(Argentina),
2021-09-04,12:10,Flandria,Cañuelas,4,2,,,Primera B,2021,zonas,Torneo Clausura,Fecha 8,Carlos V,false,https://es.wikipedia.org/wiki/Campeonato_de_Primera_B_2021_(Argentina),
2021-09-04,13:30,Atlético Tucumán,Arsenal,0,0,,,Primera Division,2021,zonas,,Fecha 10,Monumental José Fierro,false,https://es.wikipedia.org/wiki/Campeonato_de_Primera_División_2021_(Argentina),
2021-09-04,13:30,San Miguel,Sacachispas,3,1,,,Primera B,2021,zonas,Torneo Clausura,Fecha 8,Malvinas Argentinas,false,https://es.wikipedia.org/wiki/Campeonato_de_Primera_B_2021_(Argentina),
2021-09-04,15:00,Brown de Adrogué,Ramón Santamarina,2,0,,,Primera Nacional,2021,zonas,Zona B,Fecha 24,Lorenzo Arandilla,false,https://es.wikipedia.org/wiki/Campeonato_de_Primera_Nacional_2021,
2021-09-04,15:00,Chacarita Juniors,Deportivo Riestra,0,0,,,Primera Nacional,2021,zonas,Zona A,Fecha 24,Chacarita Juniors,false,https://es.wikipedia.org/wiki/Campeonato_de_Primera_Nacional_2021,
2021-09-04,15:00,Comunicaciones,Los Andes,1,1,,,Primera B,2021,zonas,Torneo Clausura,Fecha 8,Alfredo Ramos,false,https://es.wikipedia.org/wiki/Campeonato_de_Primera_B_2021_(Argentina),
2021-09-04,15:00,Deportivo Armenio,Colegiales,1,2,,,Primera B,2021,zonas,Torneo Clausura,Fecha 8,Armenia,false,https://es.wikipedia.org/wiki/Campeonato_de_Primera_B_2021_(Argentina),
2021-09-04,15:00,Deportivo Merlo,Acassuso,0,1,,,Primera B,2021,zonas,Torneo Clausura,Fecha 8,José Manuel Moreno,false,https://es.wikipedia.org/wiki/Campeonato_de_Primera_B_2021_(Argentina),
2021-09-04,15:00,Estudiantes (BA),Temperley,0,0,,,Primera Nacional,2021,zonas,Zona A,Fecha 24,Ciudad de Caseros,false,https://es.wikipedia.org/wiki/Campeonato_de_Primera_Nacional_2021,
2021-09-04,15:00,Gimnasia y Esgrima (J),All Boys,1,0,,,Primera Nacional,2021,zonas,Zona B,Fecha 24,23 de Agosto,false,https://es.wikipedia.org/wiki/Campeonato_de_Primera_Nacional_2021,
2021-09-04,15:00,Independiente (C),Ferro Carril Oeste (GP),1,2,,,Torneo Federal A,2021,zonas,Zona A,Fecha 21,Raúl Orlando Lungarzo,false,https://es.wikipedia.org/wiki/Torneo_Federal_A_2021,
2021-09-04,15:00,Instituto,Tristán Suárez,1,2,,,Primera Nacional,2021,zonas,Zona B,Fecha 24,Juan Domingo Perón,false,https://es.wikipedia.org/wiki/Campeonato_de_Primera_Nacional_2021,
2021-09-04,15:00,Sol de Mayo (V),Deportivo Camioneros,1,0,,,Torneo Federal A,2021,zonas,Zona A,Fecha 21,Sol de Mayo,false,https://es.wikipedia.org/wiki/Torneo_Federal_A_2021,
2021-09-04,15:00,Sportivo Estudiantes (SL),Villa Mitre,0,0,,,Torneo Federal A,2021,zonas,Zona A,Fecha 21,Héctor Odicino y Pedro Benoza,false,https://es.wikipedia.org/wiki/Torneo_Federal_A_2021,
2021-09-04,15:00,Villa Dálmine,San Telmo,3,3,,,Primera Nacional,2021,zonas,Zona B,Fecha 24,El Coliseo de Mitre y Puccini,false,https://es.wikipedia.org/wiki/Campeonato_de_Primera_Nacional_2021,
2021-09-04,15:00,Villa San Carlos,Fénix,1,1,,,Primera B,2021,zonas,Torneo Clausura,Fecha 8,Genacio Sálice,false,https://es.wikipedia.org/wiki/Campeonato_de_Primera_B_2021_(Argentina),
2021-09-04,15:30,Alvarado,Deportivo Maipú,1,0,,,Primera Nacional,2021,zonas,Zona A,Fecha 24,José María Minella,false,https://es.wikipedia.org/wiki/Campeonato_de_Primera_Nacional_2021,
2021-09-04,15:30,Guillermo Brown,Almagro,1,0,,,Primera Nacional,2021,zonas,Zona B,Fecha 24,Raúl Conti,false,https://es.wikipedia.org/wiki/Campeonato_de_Primera_Nacional_2021,
2021-09-04,15:30,Independiente Rivadavia,Deportivo Morón,2,0,,,Primera Nacional,2021,zonas,Zona B,Fecha 24,Bautista Gargantini,false,https://es.wikipedia.org/wiki/Campeonato_de_Primera_Nacional_2021,
2021-09-04,15:30,Olimpo,Sansinena,5,1,,,Torneo Federal A,2021,zonas,Zona A,Fecha 21,Roberto N. Carminatti,false,https://es.wikipedia.org/wiki/Torneo_Federal_A_2021,
2021-09-04,15:30,Talleres (RdE),J. J. de Urquiza,2,3,,,Primera B,2021,zonas,Torneo Clausura,Fecha 8,Talleres,false,https://es.wikipedia.org/wiki/Campeonato_de_Primera_B_2021_(Argentina),
2021-09-04,15:45,Colón,Newell's Old Boys,1,1,,,Primera Division,2021,zonas,,Fecha 10,Brigadier General Estanislao López,false,https://es.wikipedia.org/wiki/Campeonato_de_Primera_División_2021_(Argentina),
2021-09-04,15:45,Lanús,Sarmiento (J),1,1,,,Primera Division,2021,zonas,,Fecha 10,Ciudad de Lanús,false,https://es.wikipedia.org/wiki/Campeonato_de_Primera_División_2021_(Argentina),
2021-09-04,16:00,Gimnasia y Esgrima (CdU),Gimnasia y Tiro (S),0,1,,,Torneo Federal A,2021,zonas,Zona B,Fecha 21,Manuel y Ramón Núñez,false,https://es.wikipedia.org/wiki/Torneo_Federal_A_2021,
2021-09-04,16:00,Sportivo Peñarol (C),Desamparados,1,0,,,Torneo Federal A,2021,zonas,Zona A,Fecha 21,Ramón Pablo Rojas,false,https://es.wikipedia.org/wiki/Torneo_Federal_A_2021,
2021-09-04,17:10,Almirante Brown,San Martín (T),0,0,,,Primera Nacional,2021,zonas,Zona A,Fecha 24,Fragata Sarmiento,false,https://es.wikipedia.org/wiki/Campeonato_de_Primera_Nacional_2021,
2021-09-04,18:00,Platense,San Lorenzo,1,1,,,Primera Division,2021,zonas,,Fecha 10,Ciudad de Vicente López,false,https://es.wikipedia.org/wiki/Campeonato_de_Primera_División_2021_(Argentina),
2021-09-04,20:15,Rosario Central,Boca Juniors,1,2,,,Primera Division,2021,zonas,,Fecha 10,Gigante de Arroyito,false,https://es.wikipedia.org/wiki/Campeonato_de_Primera_División_2021_(Argentina),
2021-09-05,11:00,Atlanta,Gimnasia y Esgrima (M),1,1,,,Primera Nacional,2021,zonas,Zona A,Fecha 24,Don León Kolbowsky,false,https://es.wikipedia.org/wiki/Campeonato_de_Primera_Nacional_2021,
2021-09-05,11:00,Cipolletti,Círculo Deportivo,2,0,,,Torneo Federal A,2021,zonas,Zona A,Fecha 21,La Visera de Cemento,false,https://es.wikipedia.org/wiki/Torneo_Federal_A_2021,
2021-09-05,11:00,Crucero del Norte,Defensores de Belgrano (VR),1,1,,,Torneo Federal A,2021,zonas,Zona B,Fecha 21,Comandante Andrés Guacurarí,false,https://es.wikipedia.org/wiki/Torneo_Federal_A_2021,
2021-09-05,11:00,Douglas Haig,Juventud Unida (G),0,1,,,Torneo Federal A,2021,zonas,Zona B,Fecha 21,Miguel Morales,false,https://es.wikipedia.org/wiki/Torneo_Federal_A_2021,
2021-09-05,11:00,Mitre (SdE),Estudiantes (RC),1,1,,,Primera Nacional,2021,zonas,Zona A,Fecha 24,Doctores José y Antonio Castiglione,false,https://es.wikipedia.org/wiki/Campeonato_de_Primera_Nacional_2021,
2021-09-05,11:00,Nueva Chicago,Belgrano,0,2,,,Primera Nacional,2021,zonas,Zona A,Fecha 24,República de Mataderos,false,https://es.wikipedia.org/wiki/Campeonato_de_Primera_Nacional_2021,
2021-09-05,11:00,UAI Urquiza,Argentino de Quilmes,3,3,,,Primera B,2021,zonas,Torneo Clausura,Fecha 8,Monumental de Villa Lynch,false,https://es.wikipedia.org/wiki/Campeonato_de_Primera_B_2021_(Argentina),
2021-09-05,11:30,Ciudad de Bolívar,Huracán Las Heras,2,0,,,Torneo Federal A,2021,zonas,Zona A,Fecha 21,Municipal Eva Perón,false,https://es.wikipedia.org/wiki/Torneo_Federal_A_2021,
2021-09-05,11:30,Racing (C),Sarmiento (R),3,2,,,Torneo Federal A,2021,zonas,Zona B,Fecha 21,Miguel Sancho,false,https://es.wikipedia.org/wiki/Torneo_Federal_A_2021,
2021-09-05,11:30,Sportivo Las Parejas,Boca Unidos,1,1,,,Torneo Federal A,2021,zonas,Zona B,Fecha 21,4 de Septiembre,false,https://es.wikipedia.org/wiki/Torneo_Federal_A_2021,
2021-09-05,13:30,Godoy Cruz,Gimnasia y Esgrima (LP),4,0,,,Primera Division,2021,zonas,,Fecha 10,Feliciano Gambarte,false,https://es.wikipedia.org/wiki/Campeonato_de_Primera_División_2021_(Argentina),
2021-09-05,13:30,Patronato,Talleres (C),0,0,,,Primera Division,2021,zonas,,Fecha 10,Presbítero Bartolomé Grella,false,https://es.wikipedia.org/wiki/Campeonato_de_Primera_División_2021_(Argentina),
2021-09-05,18:30,Chaco For Ever,Sportivo Belgrano,2,0,,,Torneo Federal A,2021,zonas,Zona B,Fecha 21,Juan Alberto García,false,https://es.wikipedia.org/wiki/Torneo_Federal_A_2021,
2021-09-05,19:00,Central Norte (S),Defensores de Pronunciamiento,2,0,,,Torneo Federal A,2021,zonas,Zona B,Fecha 21,Padre Ernesto Martearena,false,https://es.wikipedia.org/wiki/Torneo_Federal_A_2021,
2021-09-05,19:00,Racing Club,Banfield,0,0,,,Primera Division,2021,zonas,,Fecha 10,El Cilindro,false,https://es.wikipedia.org/wiki/Campeonato_de_Primera_División_2021_(Argentina),
2021-09-05,21:15,River Plate,Independiente,1,1,,,Primera Division,2021,zonas,,Fecha 10,Monumental,false,https://es.wikipedia.org/wiki/Campeonato_de_Primera_División_2021_(Argentina),
2021-09-06,18:00,Estudiantes (LP),Argentinos Juniors,1,1,,,Primera Division,2021,zonas,,Fecha 10,Jorge Luis Hirschi,false,https://es.wikipedia.org/wiki/Campeonato_de_Primera_División_2021_(Argentina),
2021-09-06,20:15,Vélez Sarsfield,Unión,4,0,,,Primera Division,2021,zonas,,Fecha 10,José Amalfitani,false,https://es.wikipedia.org/wiki/Campeonato_de_Primera_División_2021_(Argentina),
2021-09-08,15:00,Central Córdoba (R),Excursionistas,0,2,,,Primera C,2021,zonas,Torneo Clausura,Fecha 9,Gabino Sosa,false,https://es.wikipedia.org/wiki/Campeonato_de_Primera_C_2021_(Argentina),
2021-09-08,15:00,Ferrocarril Midland,Deportivo Laferrere,2,2,,,Primera C,2021,zonas,Torneo Clausura,Fecha 9,Ciudad de Libertad,false,https://es.wikipedia.org/wiki/Campeonato_de_Primera_C_2021_(Argentina),
2021-09-08,15:00,Güemes (SdE),Guillermo Brown,0,3,,,Primera Nacional,2021,zonas,Zona B,Fecha 25,Arturo Miranda,false,https://es.wikipedia.org/wiki/Campeonato_de_Primera_Nacional_2021,
2021-09-08,19:10,Gimnasia y Esgrima (J),Instituto,2,0,,,Primera Nacional,2021,zonas,Zona B,Fecha 25,23 de Agosto,false,https://es.wikipedia.org/wiki/Campeonato_de_Primera_Nacional_2021,
2021-09-10,14:30,Ferro Carril Oeste,Independiente Rivadavia,6,0,,,Primera Nacional,2021,zonas,Zona B,Fecha 25,Arquitecto Ricardo Etcheverri,false,https://es.wikipedia.org/wiki/Campeonato_de_Primera_Nacional_2021,
2021-09-10,15:00,Círculo Deportivo,Ciudad de Bolívar,2,2,,,Torneo Federal A,2021,zonas,Zona A,Fecha 22,Guillermo Trama,false,https://es.wikipedia.org/wiki/Torneo_Federal_A_2021,
2021-09-10,15:00,Defensores de Belgrano,Villa Dálmine,2,0,,,Primera Nacional,2021,zonas,Zona B,Fecha 25,Juan Pasquale,false,https://es.wikipedia.org/wiki/Campeonato_de_Primera_Nacional_2021,
2021-09-10,15:00,Deportivo Camioneros,Deportivo Madryn,2,2,,,Torneo Federal A,2021,zonas,Zona A,Fecha 22,Hugo Moyano,false,https://es.wikipedia.org/wiki/Torneo_Federal_A_2021,
2021-09-10,15:00,Deportivo Riestra,Nueva Chicago,2,0,,,Primera Nacional,2021,zonas,Zona A,Fecha 25,Guillermo Laza,false,https://es.wikipedia.org/wiki/Campeonato_de_Primera_Nacional_2021,
2021-09-10,15:00,Ferro Carril Oeste (GP),Cipolletti,1,0,,,Torneo Federal A,2021,zonas,Zona A,Fecha 22,El Coloso del Barrio Talleres,false,https://es.wikipedia.org/wiki/Torneo_Federal_A_2021,
2021-09-10,15:00,Gimnasia y Tiro (S),Douglas Haig,4,2,,,Torneo Federal A,2021,zonas,Zona B,Fecha 22,El Gigante del Norte,false,https://es.wikipedia.org/wiki/Torneo_Federal_A_2021,
2021-09-10,15:00,Juventud Unida (G),Sportivo Las Parejas,1,0,,,Torneo Federal A,2021,zonas,Zona B,Fecha 22,De los Eucaliptos,false,https://es.wikipedia.org/wiki/Torneo_Federal_A_2021,
2021-09-10,15:00,Ramón Santamarina,San Martín (SJ),0,0,,,Primera Nacional,2021,zonas,Zona B,Fecha 25,Municipal General San Martín,false,https://es.wikipedia.org/wiki/Campeonato_de_Primera_Nacional_2021,
2021-09-10,15:00,Tristán Suárez,Barracas Central,2,2,,,Primera Nacional,2021,zonas,Zona B,Fecha 25,20 de Octubre,false,https://es.wikipedia.org/wiki/Campeonato_de_Primera_Nacional_2021,
2021-09-10,15:30,Almagro,Brown de Adrogué,5,0,,,Primera Nacional,2021,zonas,Zona B,Fecha 25,Tres de Febrero,false,https://es.wikipedia.org/wiki/Campeonato_de_Primera_Nacional_2021,
2021-09-10,15:30,Defensores de Pronunciamiento,Chaco For Ever,0,2,,,Torneo Federal A,2021,zonas,Zona B,Fecha 22,Delio Cardozo,false,https://es.wikipedia.org/wiki/Torneo_Federal_A_2021,
2021-09-10,15:30,Huracán Las Heras,Sol de Mayo (V),3,1,,,Torneo Federal A,2021,zonas,Zona A,Fecha 22,General San Martín,false,https://es.wikipedia.org/wiki/Torneo_Federal_A_2021,
2021-09-10,15:30,Juventud Unida Universitario,Olimpo,0,0,,,Torneo Federal A,2021,zonas,Zona A,Fecha 22,Mario Sebastián Diez,false,https://es.wikipedia.org/wiki/Torneo_Federal_A_2021,
2021-09-10,15:30,Sansinena,Sportivo Peñarol (C),1,0,,,Torneo Federal A,2021,zonas,Zona A,Fecha 22,Luis Molina,false,https://es.wikipedia.org/wiki/Torneo_Federal_A_2021,
2021-09-10,15:30,Temperley,Mitre (SdE),2,0,,,Primera Nacional,2021,zonas,Zona A,Fecha 25,Alfredo Beranger,false,https://es.wikipedia.org/wiki/Campeonato_de_Primera_Nacional_2021,
2021-09-10,16:00,Defensores de Belgrano (VR),Central Norte (S),2,0,,,Torneo Federal A,2021,zonas,Zona B,Fecha 22,Salomón Boeseldín,false,https://es.wikipedia.org/wiki/Torneo_Federal_A_2021,
2021-09-10,16:00,Deportivo Maipú,Estudiantes (BA),0,0,,,Primera Nacional,2021,zonas,Zona A,Fecha 25,Omar Higinio Sperdutti,false,https://es.wikipedia.org/wiki/Campeonato_de_Primera_Nacional_2021,
2021-09-10,16:00,Desamparados,Sportivo Estudiantes (SL),2,2,,,Torneo Federal A,2021,zonas,Zona A,Fecha 22,El Serpentario,false,https://es.wikipedia.org/wiki/Torneo_Federal_A_2021,
2021-09-10,16:00,Villa Mitre,Independiente (C),0,1,,,Torneo Federal A,2021,zonas,Zona A,Fecha 22,El Fortín,false,https://es.wikipedia.org/wiki/Torneo_Federal_A_2021,
2021-09-10,16:30,Agropecuario,Alvarado,1,0,,,Primera Nacional,2021,zonas,Zona A,Fecha 25,Ofelia Rosenzuaig,false,https://es.wikipedia.org/wiki/Campeonato_de_Primera_Nacional_2021,
2021-09-10,19:00,Sarmiento (R),Gimnasia y Esgrima (CdU),0,0,,,Torneo Federal A,2021,zonas,Zona B,Fecha 22,Centenario,false,https://es.wikipedia.org/wiki/Torneo_Federal_A_2021,
2021-09-10,19:10,Gimnasia y Esgrima (M),Chacarita Juniors,1,1,,,Primera Nacional,2021,zonas,Zona A,Fecha 25,Víctor Antonio Legrotaglie,false,https://es.wikipedia.org/wiki/Campeonato_de_Primera_Nacional_2021,
2021-09-10,20:00,Estudiantes (RC),Atlanta,1,2,,,Primera Nacional,2021,zonas,Zona A,Fecha 25,Antonio Candini,false,https://es.wikipedia.org/wiki/Campeonato_de_Primera_Nacional_2021,
2021-09-10,20:30,Sportivo Belgrano,Racing (C),1,1,,,Torneo Federal A,2021,zonas,Zona B,Fecha 22,Oscar Carlos Boero,false,https://es.wikipedia.org/wiki/Torneo_Federal_A_2021,
2021-09-10,20:30,Unión (S),Crucero del Norte,1,0,,,Torneo Federal A,2021,zonas,Zona B,Fecha 22,De la Avenida,false,https://es.wikipedia.org/wiki/Torneo_Federal_A_2021,
2021-09-10,20:35,Deportivo Morón,Atlético de Rafaela,0,0,,,Primera Nacional,2021,zonas,Zona B,Fecha 25,Nuevo Francisco Urbano,false,https://es.wikipedia.org/wiki/Campeonato_de_Primera_Nacional_2021,
2021-09-10,21:10,Belgrano,Almirante Brown,0,1,,,Primera Nacional,2021,zonas,Zona A,Fecha 25,Gigante de Alberdi,false,https://es.wikipedia.org/wiki/Campeonato_de_Primera_Nacional_2021,
2021-09-13,14:15,Aldosivi,Godoy Cruz,1,4,,,Primera Division,2021,zonas,,Fecha 11,José María Minella,false,https://es.wikipedia.org/wiki/Campeonato_de_Primera_División_2021_(Argentina),
2021-09-13,14:15,Sarmiento (J),Huracán,0,0,,,Primera Division,2021,zonas,,Fecha 11,Eva Perón,false,https://es.wikipedia.org/wiki/Campeonato_de_Primera_División_2021_(Argentina),
2021-09-13,15:00,Acassuso,Flandria,2,1,,,Primera B,2021,zonas,Torneo Clausura,Fecha 9,Armenia,false,https://es.wikipedia.org/wiki/Campeonato_de_Primera_B_2021_(Argentina),
2021-09-13,15:00,Argentino de Quilmes,Talleres (RdE),0,0,,,Primera B,2021,zonas,Torneo Clausura,Fecha 9,Argentino de Quilmes,false,https://es.wikipedia.org/wiki/Campeonato_de_Primera_B_2021_(Argentina),
2021-09-13,15:00,Colegiales,Comunicaciones,3,2,,,Primera B,2021,zonas,Torneo Clausura,Fecha 9,Libertarios Unidos,false,https://es.wikipedia.org/wiki/Campeonato_de_Primera_B_2021_(Argentina),
2021-09-13,15:00,Defensores Unidos,Villa San Carlos,1,2,,,Primera B,2021,zonas,Torneo Clausura,Fecha 9,Gigante de Villa Fox,false,https://es.wikipedia.org/wiki/Campeonato_de_Primera_B_2021_(Argentina),
2021-09-13,15:00,Fénix,Deportivo Armenio,0,1,,,Primera B,2021,zonas,Torneo Clausura,Fecha 9,José Manuel Moreno,false,https://es.wikipedia.org/wiki/Campeonato_de_Primera_B_2021_(Argentina),
2021-09-13,15:00,J. J. de Urquiza,San Miguel,1,2,,,Primera B,2021,zonas,Torneo Clausura,Fecha 9,Ramón Roque Martín,false,https://es.wikipedia.org/wiki/Campeonato_de_Primera_B_2021_(Argentina),
2021-09-13,15:00,Los Andes,UAI Urquiza,0,1,,,Primera B,2021,zonas,Torneo Clausura,Fecha 9,Eduardo Gallardón,false,https://es.wikipedia.org/wiki/Campeonato_de_Primera_B_2021_(Argentina),
2021-09-13,15:00,Sacachispas,Deportivo Merlo,0,0,,,Primera B,2021,zonas,Torneo Clausura,Fecha 9,Beto Larrosa,false,https://es.wikipedia.org/wiki/Campeonato_de_Primera_B_2021_(Argentina),
2021-09-13,15:30,All Boys,San Telmo,3,0,,,Primera Nacional,2021,zonas,Zona B,Fecha 25,Islas Malvinas,false,https://es.wikipedia.org/wiki/Campeonato_de_Primera_Nacional_2021,
2021-09-13,16:30,Independiente,Lanús,0,1,,,Primera Division,2021,zonas,,Fecha 11,Libertadores de América,false,https://es.wikipedia.org/wiki/Campeonato_de_Primera_División_2021_(Argentina),
2021-09-13,18:45,San Lorenzo,Racing Club,1,1,,,Primera Division,2021,zonas,,Fecha 11,Nuevo Gasómetro,false,https://es.wikipedia.org/wiki/Campeonato_de_Primera_División_2021_(Argentina),
2021-09-13,21:00,Gimnasia y Esgrima (LP),Vélez Sarsfield,0,0,,,Primera Division,2021,zonas,,Fecha 11,Del Bosque,false,https://es.wikipedia.org/wiki/Campeonato_de_Primera_División_2021_(Argentina),
2021-09-13,21:10,Quilmes,Tigre,2,1,,,Primera Nacional,2021,zonas,Zona A,Fecha 25,Centenario Ciudad de Quilmes,false,https://es.wikipedia.org/wiki/Campeonato_de_Primera_Nacional_2021,
2021-09-14,14:15,Talleres (C),Platense,2,1,,,Primera Division,2021,zonas,,Fecha 11,Mario Alberto Kempes,false,https://es.wikipedia.org/wiki/Campeonato_de_Primera_División_2021_(Argentina),
2021-09-14,15:00,Atlas,Claypole,1,1,,,Primera C,2021,zonas,Torneo Clausura,Fecha 9,Ricardo Puga,false,https://es.wikipedia.org/wiki/Campeonato_de_Primera_C_2021_(Argentina),
2021-09-14,15:00,Deportivo Español,Ituzaingó,3,1,,,Primera C,2021,zonas,Torneo Clausura,Fecha 9,Nueva España,false,https://es.wikipedia.org/wiki/Campeonato_de_Primera_C_2021_(Argentina),
2021-09-14,15:00,El Porvenir,Argentino de Merlo,0,3,,,Primera C,2021,zonas,Torneo Clausura,Fecha 9,Gildo Ghersinich,false,https://es.wikipedia.org/wiki/Campeonato_de_Primera_C_2021_(Argentina),
2021-09-14,15:00,Luján,Dock Sud,1,2,,,Primera C,2021,zonas,Torneo Clausura,Fecha 9,Municipal de la Ciudad de Luján,false,https://es.wikipedia.org/wiki/Campeonato_de_Primera_C_2021_(Argentina),
2021-09-14,15:00,San Martín (B),Berazategui,1,4,,,Primera C,2021,zonas,Torneo Clausura,Fecha 9,Francisco Boga,false,https://es.wikipedia.org/wiki/Campeonato_de_Primera_C_2021_(Argentina),
2021-09-14,15:00,Sportivo Italiano,Leandro N. Alem,1,1,,,Primera C,2021,zonas,Torneo Clausura,Fecha 9,República de Italia,false,https://es.wikipedia.org/wiki/Campeonato_de_Primera_C_2021_(Argentina),
2021-09-14,15:00,Victoriano Arenas,Real Pilar,0,2,,,Primera C,2021,zonas,Torneo Clausura,Fecha 9,Saturnino Moure,false,https://es.wikipedia.org/wiki/Campeonato_de_Primera_C_2021_(Argentina),
2021-09-14,16:30,Arsenal,Colón,0,0,,,Primera Division,2021,zonas,,Fecha 11,El Viaducto,false,https://es.wikipedia.org/wiki/Campeonato_de_Primera_División_2021_(Argentina),
2021-09-14,18:45,Central Córdoba (SdE),Atlético Tucumán,2,0,,,Primera Division,2021,zonas,,Fecha 11,Único Madre de Ciudades,false,https://es.wikipedia.org/wiki/Campeonato_de_Primera_División_2021_(Argentina),
2021-09-14,21:00,Boca Juniors,Defensa y Justicia,0,0,,,Primera Division,2021,zonas,,Fecha 11,La Bombonera,false,https://es.wikipedia.org/wiki/Campeonato_de_Primera_División_2021_(Argentina),
2021-09-15,14:15,Unión,Estudiantes (LP),0,2,,,Primera Division,2021,zonas,,Fecha 11,15 de Abril,false,https://es.wikipedia.org/wiki/Campeonato_de_Primera_División_2021_(Argentina),
2021-09-15,16:30,Argentinos Juniors,Patronato,1,1,,,Primera Division,2021,zonas,,Fecha 11,Diego Armando Maradona,false,https://es.wikipedia.org/wiki/Campeonato_de_Primera_División_2021_(Argentina),
2021-09-15,18:45,Banfield,Rosario Central,1,2,,,Primera Division,2021,zonas,,Fecha 11,Florencio Sola,false,https://es.wikipedia.org/wiki/Campeonato_de_Primera_División_2021_(Argentina),
2021-09-15,21:00,Newell's Old Boys,River Plate,1,4,,,Primera Division,2021,zonas,,Fecha 11,Marcelo Bielsa,false,https://es.wikipedia.org/wiki/Campeonato_de_Primera_División_2021_(Argentina),
2021-09-17,15:30,Atlético de Rafaela,Ferro Carril Oeste,1,1,,,Primera Nacional,2021,zonas,Zona B,Fecha 26,Nuevo Monumental,false,https://es.wikipedia.org/wiki/Campeonato_de_Primera_Nacional_2021,
2021-09-17,15:35,Brown de Adrogué,Güemes (SdE),1,3,,,Primera Nacional,2021,zonas,Zona B,Fecha 26,Lorenzo Arandilla,false,https://es.wikipedia.org/wiki/Campeonato_de_Primera_Nacional_2021,
2021-09-17,16:00,San Martín (SJ),Almagro,1,1,,,Primera Nacional,2021,zonas,Zona B,Fecha 26,Ingeniero Hilario Sánchez,false,https://es.wikipedia.org/wiki/Campeonato_de_Primera_Nacional_2021,
2021-09-17,17:35,Nueva Chicago,Gimnasia y Esgrima (M),1,2,,,Primera Nacional,2021,zonas,Zona A,Fecha 26,República de Mataderos,false,https://es.wikipedia.org/wiki/Campeonato_de_Primera_Nacional_2021,
2021-09-17,21:00,Mitre (SdE),Deportivo Maipú,3,1,,,Primera Nacional,2021,zonas,Zona A,Fecha 26,Doctores José y Antonio Castiglione,false,https://es.wikipedia.org/wiki/Campeonato_de_Primera_Nacional_2021,
2021-09-18,13:00,Flandria,Sacachispas,1,1,,,Primera B,2021,zonas,Torneo Clausura,Fecha 10,Carlos V,false,https://es.wikipedia.org/wiki/Campeonato_de_Primera_B_2021_(Argentina),
2021-09-18,13:30,Godoy Cruz,Sarmiento (J),1,1,,,Primera Division,2021,zonas,,Fecha 12,Feliciano Gambarte,false,https://es.wikipedia.org/wiki/Campeonato_de_Primera_División_2021_(Argentina),
2021-09-18,15:00,Barracas Central,Gimnasia y Esgrima (J),1,1,,,Primera Nacional,2021,zonas,Zona B,Fecha 26,Claudio Chiqui Tapia,false,https://es.wikipedia.org/wiki/Campeonato_de_Primera_Nacional_2021,
2021-09-18,15:00,Cañuelas,Acassuso,0,0,,,Primera B,2021,zonas,Torneo Clausura,Fecha 10,Jorge Alfredo Arín,false,https://es.wikipedia.org/wiki/Campeonato_de_Primera_B_2021_(Argentina),
2021-09-18,15:00,Comunicaciones,Fénix,1,0,,,Primera B,2021,zonas,Torneo Clausura,Fecha 10,Alfredo Ramos,false,https://es.wikipedia.org/wiki/Campeonato_de_Primera_B_2021_(Argentina),
2021-09-18,15:00,Deportivo Armenio,Defensores Unidos,0,1,,,Primera B,2021,zonas,Torneo Clausura,Fecha 10,Armenia,false,https://es.wikipedia.org/wiki/Campeonato_de_Primera_B_2021_(Argentina),
2021-09-18,15:00,Deportivo Merlo,J. J. de Urquiza,0,1,,,Primera B,2021,zonas,Torneo Clausura,Fecha 10,José Manuel Moreno,false,https://es.wikipedia.org/wiki/Campeonato_de_Primera_B_2021_(Argentina),
2021-09-18,15:00,Dock Sud,Deportivo Español,1,2,,,Primera C,2021,zonas,Torneo Clausura,Fecha 10,De los Inmigrantes,false,https://es.wikipedia.org/wiki/Campeonato_de_Primera_C_2021_(Argentina),
2021-09-18,15:00,Estudiantes (BA),Agropecuario,1,1,,,Primera Nacional,2021,zonas,Zona A,Fecha 26,Ciudad de Caseros,false,https://es.wikipedia.org/wiki/Campeonato_de_Primera_Nacional_2021,
2021-09-18,15:00,San Miguel,Argentino de Quilmes,1,1,,,Primera B,2021,zonas,Torneo Clausura,Fecha 10,Malvinas Argentinas,false,https://es.wikipedia.org/wiki/Campeonato_de_Primera_B_2021_(Argentina),
2021-09-18,15:00,UAI Urquiza,Colegiales,0,3,,,Primera B,2021,zonas,Torneo Clausura,Fecha 10,Monumental de Villa Lynch,false,https://es.wikipedia.org/wiki/Campeonato_de_Primera_B_2021_(Argentina),
2021-09-18,15:00,Villa Dálmine,Ramón Santamarina,1,0,,,Primera Nacional,2021,zonas,Zona B,Fecha 26,El Coliseo de Mitre y Puccini,false,https://es.wikipedia.org/wiki/Campeonato_de_Primera_Nacional_2021,
2021-09-18,15:30,Guillermo Brown,Deportivo Morón,0,1,,,Primera Nacional,2021,zonas,Zona B,Fecha 26,Raúl Conti,false,https://es.wikipedia.org/wiki/Campeonato_de_Primera_Nacional_2021,
2021-09-18,15:30,Olimpo,Deportivo Camioneros,1,0,,,Torneo Federal A,2021,zonas,Zona A,Fecha 23,Roberto N. Carminatti,false,https://es.wikipedia.org/wiki/Torneo_Federal_A_2021,
2021-09-18,15:45,Vélez Sarsfield,Aldosivi,3,2,,,Primera Division,2021,zonas,,Fecha 12,José Amalfitani,false,https://es.wikipedia.org/wiki/Campeonato_de_Primera_División_2021_(Argentina),
2021-09-18,16:00,Gimnasia y Esgrima (CdU),Sportivo Belgrano,1,2,,,Torneo Federal A,2021,zonas,Zona B,Fecha 23,Manuel y Ramón Núñez,false,https://es.wikipedia.org/wiki/Torneo_Federal_A_2021,
2021-09-18,16:10,Chacarita Juniors,Estudiantes (RC),0,0,,,Primera Nacional,2021,zonas,Zona A,Fecha 26,Chacarita Juniors,false,https://es.wikipedia.org/wiki/Campeonato_de_Primera_Nacional_2021,
2021-09-18,18:00,Chaco For Ever,Defensores de Belgrano (VR),0,0,,,Torneo Federal A,2021,zonas,Zona B,Fecha 23,Juan Alberto García,false,https://es.wikipedia.org/wiki/Torneo_Federal_A_2021,
2021-09-18,18:00,Racing Club,Talleres (C),1,2,,,Primera Division,2021,zonas,,Fecha 12,El Cilindro,false,https://es.wikipedia.org/wiki/Campeonato_de_Primera_División_2021_(Argentina),
2021-09-18,18:10,Almirante Brown,Deportivo Riestra,1,0,,,Primera Nacional,2021,zonas,Zona A,Fecha 26,Fragata Sarmiento,false,https://es.wikipedia.org/wiki/Campeonato_de_Primera_Nacional_2021,
2021-09-18,20:15,Atlético Tucumán,Boca Juniors,1,2,,,Primera Division,2021,zonas,,Fecha 12,Monumental José Fierro,false,https://es.wikipedia.org/wiki/Campeonato_de_Primera_División_2021_(Argentina),
2021-09-19,,Central Norte (S),Unión (S),3,2,,,Torneo Federal A,2021,zonas,Zona B,Fecha 23,Padre Ernesto Martearena,false,https://es.wikipedia.org/wiki/Torneo_Federal_A_2021,
2021-09-19,13:30,Ituzaingó,El Porvenir,2,1,,,Primera C,2021,zonas,Torneo Clausura,Fecha 10,Carlos Alberto Sacaan,false,https://es.wikipedia.org/wiki/Campeonato_de_Primera_C_2021_(Argentina),
2021-09-19,13:30,Patronato,Estudiantes (LP),1,2,,,Primera Division,2021,zonas,,Fecha 12,Presbítero Bartolomé Grella,false,https://es.wikipedia.org/wiki/Campeonato_de_Primera_División_2021_(Argentina),
2021-09-19,15:00,Atlanta,Temperley,1,1,,,Primera Nacional,2021,zonas,Zona A,Fecha 26,Don León Kolbowsky,false,https://es.wikipedia.org/wiki/Campeonato_de_Primera_Nacional_2021,
2021-09-19,15:00,Berazategui,Central Córdoba (R),0,0,,,Primera C,2021,zonas,Torneo Clausura,Fecha 10,Norman Lee,false,https://es.wikipedia.org/wiki/Campeonato_de_Primera_C_2021_(Argentina),
2021-09-19,15:00,Ciudad de Bolívar,Sol de Mayo (V),1,1,,,Torneo Federal A,2021,zonas,Zona A,Fecha 23,Municipal Eva Perón,false,https://es.wikipedia.org/wiki/Torneo_Federal_A_2021,
2021-09-19,15:00,Claypole,Ferrocarril Midland,0,0,,,Primera C,2021,zonas,Torneo Clausura,Fecha 10,Rodolfo Capocasa,false,https://es.wikipedia.org/wiki/Campeonato_de_Primera_C_2021_(Argentina),
2021-09-19,15:00,Círculo Deportivo,Ferro Carril Oeste (GP),0,2,,,Torneo Federal A,2021,zonas,Zona A,Fecha 23,Guillermo Trama,false,https://es.wikipedia.org/wiki/Torneo_Federal_A_2021,
2021-09-19,15:00,Deportivo Laferrere,Luján,2,2,,,Primera C,2021,zonas,Torneo Clausura,Fecha 10,Ciudad de Laferrere,false,https://es.wikipedia.org/wiki/Campeonato_de_Primera_C_2021_(Argentina),
2021-09-19,15:00,Deportivo Madryn,Huracán Las Heras,2,0,,,Torneo Federal A,2021,zonas,Zona A,Fecha 23,Abel Sastre,false,https://es.wikipedia.org/wiki/Torneo_Federal_A_2021,
2021-09-19,15:00,Douglas Haig,Sarmiento (R),2,1,,,Torneo Federal A,2021,zonas,Zona B,Fecha 23,Miguel Morales,false,https://es.wikipedia.org/wiki/Torneo_Federal_A_2021,
2021-09-19,15:00,Leandro N. Alem,San Martín (B),2,1,,,Primera C,2021,zonas,Torneo Clausura,Fecha 10,Leandro N. Alem,false,https://es.wikipedia.org/wiki/Campeonato_de_Primera_C_2021_(Argentina),
2021-09-19,15:00,Racing (C),Defensores de Pronunciamiento,3,2,,,Torneo Federal A,2021,zonas,Zona B,Fecha 23,Miguel Sancho,false,https://es.wikipedia.org/wiki/Torneo_Federal_A_2021,
2021-09-19,15:00,Real Pilar,Atlas,4,0,,,Primera C,2021,zonas,Torneo Clausura,Fecha 10,Carlos Barraza,false,https://es.wikipedia.org/wiki/Campeonato_de_Primera_C_2021_(Argentina),
2021-09-19,15:00,San Telmo,Defensores de Belgrano,0,0,,,Primera Nacional,2021,zonas,Zona B,Fecha 26,Dr. Osvaldo Baletto,false,https://es.wikipedia.org/wiki/Campeonato_de_Primera_Nacional_2021,
2021-09-19,15:00,Sportivo Estudiantes (SL),Sansinena,1,2,,,Torneo Federal A,2021,zonas,Zona A,Fecha 23,Héctor Odicino y Pedro Benoza,false,https://es.wikipedia.org/wiki/Torneo_Federal_A_2021,
2021-09-19,15:00,Sportivo Las Parejas,Gimnasia y Tiro (S),1,1,,,Torneo Federal A,2021,zonas,Zona B,Fecha 23,4 de Septiembre,false,https://es.wikipedia.org/wiki/Torneo_Federal_A_2021,
2021-09-19,15:45,Colón,Central Córdoba (SdE),1,0,,,Primera Division,2021,zonas,,Fecha 12,Brigadier General Estanislao López,false,https://es.wikipedia.org/wiki/Campeonato_de_Primera_División_2021_(Argentina),
2021-09-19,15:45,Platense,Argentinos Juniors,0,0,,,Primera Division,2021,zonas,,Fecha 12,Ciudad de Vicente López,false,https://es.wikipedia.org/wiki/Campeonato_de_Primera_División_2021_(Argentina),
2021-09-19,16:00,Boca Unidos,Juventud Unida (G),3,0,,,Torneo Federal A,2021,zonas,Zona B,Fecha 23,Leoncio Benítez,false,https://es.wikipedia.org/wiki/Torneo_Federal_A_2021,
2021-09-19,16:00,Cipolletti,Villa Mitre,1,0,,,Torneo Federal A,2021,zonas,Zona A,Fecha 23,La Visera de Cemento,false,https://es.wikipedia.org/wiki/Torneo_Federal_A_2021,
2021-09-19,16:00,Independiente (C),Desamparados,0,0,,,Torneo Federal A,2021,zonas,Zona A,Fecha 23,Raúl Orlando Lungarzo,false,https://es.wikipedia.org/wiki/Torneo_Federal_A_2021,
2021-09-19,16:00,Independiente Rivadavia,Tristán Suárez,1,2,,,Primera Nacional,2021,zonas,Zona B,Fecha 26,Bautista Gargantini,false,https://es.wikipedia.org/wiki/Campeonato_de_Primera_Nacional_2021,
2021-09-19,16:00,Sportivo Peñarol (C),Juventud Unida Universitario,1,2,,,Torneo Federal A,2021,zonas,Zona A,Fecha 23,Ramón Pablo Rojas,false,https://es.wikipedia.org/wiki/Torneo_Federal_A_2021,
2021-09-19,18:00,Huracán,Independiente,0,1,,,Primera Division,2021,zonas,,Fecha 12,Tomás Adolfo Ducó,false,https://es.wikipedia.org/wiki/Campeonato_de_Primera_División_2021_(Argentina),
2021-09-19,18:05,Alvarado,Quilmes,0,1,,,Primera Nacional,2021,zonas,Zona A,Fecha 26,José María Minella,false,https://es.wikipedia.org/wiki/Campeonato_de_Primera_Nacional_2021,
2021-09-19,20:15,River Plate,Arsenal,1,0,,,Primera Division,2021,zonas,,Fecha 12,Monumental,false,https://es.wikipedia.org/wiki/Campeonato_de_Primera_División_2021_(Argentina),
2021-09-20,13:30,Gimnasia y Esgrima (LP),Unión,1,0,,,Primera Division,2021,zonas,,Fecha 12,Del Bosque,false,https://es.wikipedia.org/wiki/Campeonato_de_Primera_División_2021_(Argentina),
2021-09-20,15:00,Argentino de Merlo,Sportivo Italiano,1,3,,,Primera C,2021,zonas,Torneo Clausura,Fecha 10,Merlo,false,https://es.wikipedia.org/wiki/Campeonato_de_Primera_C_2021_(Argentina),
2021-09-20,15:00,General Lamadrid,Victoriano Arenas,1,2,,,Primera C,2021,zonas,Torneo Clausura,Fecha 10,Enrique Sexto,false,https://es.wikipedia.org/wiki/Campeonato_de_Primera_C_2021_(Argentina),
2021-09-20,15:30,Instituto,All Boys,1,2,,,Primera Nacional,2021,zonas,Zona B,Fecha 26,Juan Domingo Perón,false,https://es.wikipedia.org/wiki/Campeonato_de_Primera_Nacional_2021,
2021-09-20,15:45,Lanús,Newell's Old Boys,1,2,,,Primera Division,2021,zonas,,Fecha 12,Ciudad de Lanús,false,https://es.wikipedia.org/wiki/Campeonato_de_Primera_División_2021_(Argentina),
2021-09-20,18:00,Rosario Central,San Lorenzo,1,0,,,Primera Division,2021,zonas,,Fecha 12,Gigante de Arroyito,false,https://es.wikipedia.org/wiki/Campeonato_de_Primera_División_2021_(Argentina),
2021-09-20,20:15,Defensa y Justicia,Banfield,0,0,,,Primera Division,2021,zonas,,Fecha 12,Norberto Tomaghello,false,https://es.wikipedia.org/wiki/Campeonato_de_Primera_División_2021_(Argentina),
2021-09-20,21:10,San Martín (T),Belgrano,0,0,,,Primera Nacional,2021,zonas,Zona A,Fecha 26,La Ciudadela,false,https://es.wikipedia.org/wiki/Campeonato_de_Primera_Nacional_2021,
2021-09-21,21:10,Talleres (RdE),Los Andes,1,1,,,Primera B,2021,zonas,Torneo Clausura,Fecha 10,Talleres,false,https://es.wikipedia.org/wiki/Campeonato_de_Primera_B_2021_(Argentina),
2021-09-24,15:00,Desamparados,Cipolletti,2,0,,,Torneo Federal A,2021,zonas,Zona A,Fecha 24,El Serpentario,false,https://es.wikipedia.org/wiki/Torneo_Federal_A_2021,
2021-09-24,15:00,J. J. de Urquiza,Flandria,2,1,,,Primera B,2021,zonas,Torneo Clausura,Fecha 11,Ramón Roque Martín,false,https://es.wikipedia.org/wiki/Campeonato_de_Primera_B_2021_(Argentina),
2021-09-24,19:00,Sarmiento (J),Vélez Sarsfield,0,1,,,Primera Division,2021,zonas,,Fecha 13,Eva Perón,false,https://es.wikipedia.org/wiki/Campeonato_de_Primera_División_2021_(Argentina),
2021-09-24,20:00,Estudiantes (RC),Nueva Chicago,1,1,,,Primera Nacional,2021,zonas,Zona A,Fecha 27,Antonio Candini,false,https://es.wikipedia.org/wiki/Campeonato_de_Primera_Nacional_2021,
2021-09-24,21:10,Temperley,Chacarita Juniors,0,0,,,Primera Nacional,2021,zonas,Zona A,Fecha 27,Alfredo Beranger,false,https://es.wikipedia.org/wiki/Campeonato_de_Primera_Nacional_2021,
2021-09-24,21:15,Estudiantes (LP),Platense,1,1,,,Primera Division,2021,zonas,,Fecha 13,Jorge Luis Hirschi,false,https://es.wikipedia.org/wiki/Campeonato_de_Primera_División_2021_(Argentina),
2021-09-25,11:35,Colegiales,Talleres (RdE),0,0,,,Primera B,2021,zonas,Torneo Clausura,Fecha 11,Libertarios Unidos,false,https://es.wikipedia.org/wiki/Campeonato_de_Primera_B_2021_(Argentina),
2021-09-25,13:30,Aldosivi,Gimnasia y Esgrima (LP),1,3,,,Primera Division,2021,zonas,,Fecha 13,José María Minella,false,https://es.wikipedia.org/wiki/Campeonato_de_Primera_División_2021_(Argentina),
2021-09-25,13:30,Deportivo Riestra,San Martín (T),0,0,,,Primera Nacional,2021,zonas,Zona A,Fecha 27,Guillermo Laza,false,https://es.wikipedia.org/wiki/Campeonato_de_Primera_Nacional_2021,
2021-09-25,14:10,Quilmes,Estudiantes (BA),2,1,,,Primera Nacional,2021,zonas,Zona A,Fecha 27,Centenario Ciudad de Quilmes,false,https://es.wikipedia.org/wiki/Campeonato_de_Primera_Nacional_2021,
2021-09-25,15:00,Defensores Unidos,Comunicaciones,0,0,,,Primera B,2021,zonas,Torneo Clausura,Fecha 11,Gigante de Villa Fox,false,https://es.wikipedia.org/wiki/Campeonato_de_Primera_B_2021_(Argentina),
2021-09-25,15:00,Ferro Carril Oeste (GP),Ciudad de Bolívar,0,0,,,Torneo Federal A,2021,zonas,Zona A,Fecha 24,El Coloso del Barrio Talleres,false,https://es.wikipedia.org/wiki/Torneo_Federal_A_2021,
2021-09-25,15:00,Fénix,UAI Urquiza,1,1,,,Primera B,2021,zonas,Torneo Clausura,Fecha 11,José Manuel Moreno,false,https://es.wikipedia.org/wiki/Campeonato_de_Primera_B_2021_(Argentina),
2021-09-25,15:00,Güemes (SdE),San Martín (SJ),1,0,,,Primera Nacional,2021,zonas,Zona B,Fecha 27,Arturo Miranda,false,https://es.wikipedia.org/wiki/Campeonato_de_Primera_Nacional_2021,
2021-09-25,15:00,Los Andes,San Miguel,0,0,,,Primera B,2021,zonas,Torneo Clausura,Fecha 11,Eduardo Gallardón,false,https://es.wikipedia.org/wiki/Campeonato_de_Primera_B_2021_(Argentina),
2021-09-25,15:00,Luján,Claypole,1,3,,,Primera C,2021,zonas,Torneo Clausura,Fecha 11,Municipal de la Ciudad de Luján,false,https://es.wikipedia.org/wiki/Campeonato_de_Primera_C_2021_(Argentina),
2021-09-25,15:00,Ramón Santamarina,San Telmo,0,2,,,Primera Nacional,2021,zonas,Zona B,Fecha 27,Municipal General San Martín,false,https://es.wikipedia.org/wiki/Campeonato_de_Primera_Nacional_2021,
2021-09-25,15:00,Sacachispas,Cañuelas,1,0,,,Primera B,2021,zonas,Torneo Clausura,Fecha 11,Beto Larrosa,false,https://es.wikipedia.org/wiki/Campeonato_de_Primera_B_2021_(Argentina),
2021-09-25,15:00,Tristán Suárez,Atlético de Rafaela,1,2,,,Primera Nacional,2021,zonas,Zona B,Fecha 27,20 de Octubre,false,https://es.wikipedia.org/wiki/Campeonato_de_Primera_Nacional_2021,
2021-09-25,15:00,Villa San Carlos,Deportivo Armenio,0,0,,,Primera B,2021,zonas,Torneo Clausura,Fecha 11,Genacio Sálice,false,https://es.wikipedia.org/wiki/Campeonato_de_Primera_B_2021_(Argentina),
2021-09-25,15:30,Almagro,Villa Dálmine,1,2,,,Primera Nacional,2021,zonas,Zona B,Fecha 27,Tres de Febrero,false,https://es.wikipedia.org/wiki/Campeonato_de_Primera_Nacional_2021,
2021-09-25,15:30,Crucero del Norte,Central Norte (S),0,0,,,Torneo Federal A,2021,zonas,Zona B,Fecha 24,Comandante Andrés Guacurarí,false,https://es.wikipedia.org/wiki/Torneo_Federal_A_2021,
2021-09-25,15:30,Defensores de Pronunciamiento,Gimnasia y Esgrima (CdU),1,0,,,Torneo Federal A,2021,zonas,Zona B,Fecha 24,Delio Cardozo,false,https://es.wikipedia.org/wiki/Torneo_Federal_A_2021,
2021-09-25,15:30,Deportivo Camioneros,Sportivo Peñarol (C),0,3,,,Torneo Federal A,2021,zonas,Zona A,Fecha 24,Hugo Moyano,false,https://es.wikipedia.org/wiki/Torneo_Federal_A_2021,
2021-09-25,15:30,Ferro Carril Oeste,Guillermo Brown,0,0,,,Primera Nacional,2021,zonas,Zona B,Fecha 27,Arquitecto Ricardo Etcheverri,false,https://es.wikipedia.org/wiki/Campeonato_de_Primera_Nacional_2021,
2021-09-25,15:30,Gimnasia y Tiro (S),Boca Unidos,1,0,,,Torneo Federal A,2021,zonas,Zona B,Fecha 24,El Gigante del Norte,false,https://es.wikipedia.org/wiki/Torneo_Federal_A_2021,
2021-09-25,15:30,Sarmiento (R),Sportivo Las Parejas,1,3,,,Torneo Federal A,2021,zonas,Zona B,Fecha 24,Centenario,false,https://es.wikipedia.org/wiki/Torneo_Federal_A_2021,
2021-09-25,15:45,Arsenal,Lanús,1,0,,,Primera Division,2021,zonas,,Fecha 13,El Viaducto,false,https://es.wikipedia.org/wiki/Campeonato_de_Primera_División_2021_(Argentina),
2021-09-25,15:45,Talleres (C),Rosario Central,4,1,,,Primera Division,2021,zonas,,Fecha 13,Mario Alberto Kempes,false,https://es.wikipedia.org/wiki/Campeonato_de_Primera_División_2021_(Argentina),
2021-09-25,16:00,Defensores de Belgrano (VR),Racing (C),2,1,,,Torneo Federal A,2021,zonas,Zona B,Fecha 24,Salomón Boeseldín,false,https://es.wikipedia.org/wiki/Torneo_Federal_A_2021,
2021-09-25,16:00,Huracán Las Heras,Olimpo,2,0,,,Torneo Federal A,2021,zonas,Zona A,Fecha 24,General San Martín,false,https://es.wikipedia.org/wiki/Torneo_Federal_A_2021,
2021-09-25,16:00,Sansinena,Independiente (C),1,1,,,Torneo Federal A,2021,zonas,Zona A,Fecha 24,Luis Molina,false,https://es.wikipedia.org/wiki/Torneo_Federal_A_2021,
2021-09-25,16:00,Sportivo Belgrano,Douglas Haig,0,1,,,Torneo Federal A,2021,zonas,Zona B,Fecha 24,Oscar Carlos Boero,false,https://es.wikipedia.org/wiki/Torneo_Federal_A_2021,
2021-09-25,16:00,Villa Mitre,Círculo Deportivo,2,0,,,Torneo Federal A,2021,zonas,Zona A,Fecha 24,El Fortín,false,https://es.wikipedia.org/wiki/Torneo_Federal_A_2021,
2021-09-25,16:30,Agropecuario,Mitre (SdE),1,0,,,Primera Nacional,2021,zonas,Zona A,Fecha 27,Ofelia Rosenzuaig,false,https://es.wikipedia.org/wiki/Campeonato_de_Primera_Nacional_2021,
2021-09-25,16:30,Juventud Unida Universitario,Sportivo Estudiantes (SL),0,0,,,Torneo Federal A,2021,zonas,Zona A,Fecha 24,Mario Sebastián Diez,false,https://es.wikipedia.org/wiki/Torneo_Federal_A_2021,
2021-09-25,16:30,Unión (S),Chaco For Ever,0,0,,,Torneo Federal A,2021,zonas,Zona B,Fecha 24,De la Avenida,false,https://es.wikipedia.org/wiki/Torneo_Federal_A_2021,
2021-09-25,18:00,Banfield,Atlético Tucumán,2,0,,,Primera Division,2021,zonas,,Fecha 13,Florencio Sola,false,https://es.wikipedia.org/wiki/Campeonato_de_Primera_División_2021_(Argentina),
2021-09-25,18:10,Tigre,Alvarado,1,0,,,Primera Nacional,2021,zonas,Zona A,Fecha 27,Monumental de Victoria,false,https://es.wikipedia.org/wiki/Campeonato_de_Primera_Nacional_2021,
2021-09-25,20:15,Central Córdoba (SdE),River Plate,1,3,,,Primera Division,2021,zonas,,Fecha 13,Único Madre de Ciudades,false,https://es.wikipedia.org/wiki/Campeonato_de_Primera_División_2021_(Argentina),
2021-09-26,13:30,Unión,Patronato,2,0,,,Primera Division,2021,zonas,,Fecha 13,15 de Abril,false,https://es.wikipedia.org/wiki/Campeonato_de_Primera_División_2021_(Argentina),
2021-09-26,15:00,Argentino de Quilmes,Deportivo Merlo,0,2,,,Primera B,2021,zonas,Torneo Clausura,Fecha 11,Argentino de Quilmes,false,https://es.wikipedia.org/wiki/Campeonato_de_Primera_B_2021_(Argentina),
2021-09-26,15:00,Atlas,General Lamadrid,1,1,,,Primera C,2021,zonas,Torneo Clausura,Fecha 11,Ricardo Puga,false,https://es.wikipedia.org/wiki/Campeonato_de_Primera_C_2021_(Argentina),
2021-09-26,15:00,Central Córdoba (R),Leandro N. Alem,1,0,,,Primera C,2021,zonas,Torneo Clausura,Fecha 11,Gabino Sosa,false,https://es.wikipedia.org/wiki/Campeonato_de_Primera_C_2021_(Argentina),
2021-09-26,15:00,El Porvenir,Dock Sud,1,2,,,Primera C,2021,zonas,Torneo Clausura,Fecha 11,Gildo Ghersinich,false,https://es.wikipedia.org/wiki/Campeonato_de_Primera_C_2021_(Argentina),
2021-09-26,15:00,Excursionistas,Berazategui,3,2,,,Primera C,2021,zonas,Torneo Clausura,Fecha 11,Excursionistas,false,https://es.wikipedia.org/wiki/Campeonato_de_Primera_C_2021_(Argentina),
2021-09-26,15:00,Ferrocarril Midland,Real Pilar,0,0,,,Primera C,2021,zonas,Torneo Clausura,Fecha 11,Ciudad de Libertad,false,https://es.wikipedia.org/wiki/Campeonato_de_Primera_C_2021_(Argentina),
2021-09-26,15:00,Gimnasia y Esgrima (J),Independiente Rivadavia,1,1,,,Primera Nacional,2021,zonas,Zona B,Fecha 27,23 de Agosto,false,https://es.wikipedia.org/wiki/Campeonato_de_Primera_Nacional_2021,
2021-09-26,15:00,San Martín (B),Argentino de Merlo,0,2,,,Primera C,2021,zonas,Torneo Clausura,Fecha 11,Francisco Boga,false,https://es.wikipedia.org/wiki/Campeonato_de_Primera_C_2021_(Argentina),
2021-09-26,15:00,Sportivo Italiano,Ituzaingó,0,1,,,Primera C,2021,zonas,Torneo Clausura,Fecha 11,República de Italia,false,https://es.wikipedia.org/wiki/Campeonato_de_Primera_C_2021_(Argentina),
2021-09-26,15:10,Gimnasia y Esgrima (M),Almirante Brown,3,3,,,Primera Nacional,2021,zonas,Zona A,Fecha 27,Víctor Antonio Legrotaglie,false,https://es.wikipedia.org/wiki/Campeonato_de_Primera_Nacional_2021,
2021-09-26,15:30,Instituto,Barracas Central,1,0,,,Primera Nacional,2021,zonas,Zona B,Fecha 27,Juan Domingo Perón,false,https://es.wikipedia.org/wiki/Campeonato_de_Primera_Nacional_2021,
2021-09-26,15:45,San Lorenzo,Defensa y Justicia,2,1,,,Primera Division,2021,zonas,,Fecha 13,Nuevo Gasómetro,false,https://es.wikipedia.org/wiki/Campeonato_de_Primera_División_2021_(Argentina),
2021-09-26,16:00,Deportivo Maipú,Atlanta,3,2,,,Primera Nacional,2021,zonas,Zona A,Fecha 27,Omar Higinio Sperdutti,false,https://es.wikipedia.org/wiki/Campeonato_de_Primera_Nacional_2021,
2021-09-26,18:00,Independiente,Godoy Cruz,1,4,,,Primera Division,2021,zonas,,Fecha 13,Libertadores de América,false,https://es.wikipedia.org/wiki/Campeonato_de_Primera_División_2021_(Argentina),
2021-09-26,20:15,Boca Juniors,Colón,1,0,,,Primera Division,2021,zonas,,Fecha 13,La Bombonera,false,https://es.wikipedia.org/wiki/Campeonato_de_Primera_División_2021_(Argentina),
2021-09-27,15:00,Deportivo Español,Deportivo Laferrere,2,0,,,Primera C,2021,zonas,Torneo Clausura,Fecha 11,Nueva España,false,https://es.wikipedia.org/wiki/Campeonato_de_Primera_C_2021_(Argentina),
2021-09-27,18:00,Argentinos Juniors,Racing Club,2,0,,,Primera Division,2021,zonas,,Fecha 13,Diego Armando Maradona,false,https://es.wikipedia.org/wiki/Campeonato_de_Primera_División_2021_(Argentina),
2021-09-27,20:15,Newell's Old Boys,Huracán,0,1,,,Primera Division,2021,zonas,,Fecha 13,Marcelo Bielsa,false,https://es.wikipedia.org/wiki/Campeonato_de_Primera_División_2021_(Argentina),
2021-09-27,21:30,Deportivo Morón,Brown de Adrogué,0,2,,,Primera Nacional,2021,zonas,Zona B,Fecha 27,Nuevo Francisco Urbano,false,https://es.wikipedia.org/wiki/Campeonato_de_Primera_Nacional_2021,
2021-09-28,21:10,All Boys,Defensores de Belgrano,2,0,,,Primera Nacional,2021,zonas,Zona B,Fecha 27,Islas Malvinas,false,https://es.wikipedia.org/wiki/Campeonato_de_Primera_Nacional_2021,
2021-09-29,15:00,Ciudad de Bolívar,Deportivo Madryn,1,0,,,Torneo Federal A,2021,zonas,Zona A,Fecha 25,Municipal Eva Perón,false,https://es.wikipedia.org/wiki/Torneo_Federal_A_2021,
2021-09-29,15:00,Círculo Deportivo,Desamparados,0,1,,,Torneo Federal A,2021,zonas,Zona A,Fecha 25,Guillermo Trama,false,https://es.wikipedia.org/wiki/Torneo_Federal_A_2021,
2021-09-29,15:00,Douglas Haig,Defensores de Pronunciamiento,0,1,,,Torneo Federal A,2021,zonas,Zona B,Fecha 25,Miguel Morales,false,https://es.wikipedia.org/wiki/Torneo_Federal_A_2021,
2021-09-29,15:00,Ferro Carril Oeste (GP),Villa Mitre,3,0,,,Torneo Federal A,2021,zonas,Zona A,Fecha 25,El Coloso del Barrio Talleres,false,https://es.wikipedia.org/wiki/Torneo_Federal_A_2021,
2021-09-29,15:00,Racing (C),Unión (S),5,1,,,Torneo Federal A,2021,zonas,Zona B,Fecha 25,Miguel Sancho,false,https://es.wikipedia.org/wiki/Torneo_Federal_A_2021,
2021-09-29,15:00,Sportivo Estudiantes (SL),Deportivo Camioneros,1,4,,,Torneo Federal A,2021,zonas,Zona A,Fecha 25,Héctor Odicino y Pedro Benoza,false,https://es.wikipedia.org/wiki/Torneo_Federal_A_2021,
2021-09-29,15:00,Sportivo Las Parejas,Sportivo Belgrano,1,0,,,Torneo Federal A,2021,zonas,Zona B,Fecha 25,4 de Septiembre,false,https://es.wikipedia.org/wiki/Torneo_Federal_A_2021,
2021-09-29,15:30,Olimpo,Sol de Mayo (V),0,3,,,Torneo Federal A,2021,zonas,Zona A,Fecha 25,Roberto N. Carminatti,false,https://es.wikipedia.org/wiki/Torneo_Federal_A_2021,
2021-09-29,16:00,Boca Unidos,Sarmiento (R),1,1,,,Torneo Federal A,2021,zonas,Zona B,Fecha 25,Leoncio Benítez,false,https://es.wikipedia.org/wiki/Torneo_Federal_A_2021,
2021-09-29,16:00,Cipolletti,Sansinena,1,1,,,Torneo Federal A,2021,zonas,Zona A,Fecha 25,La Visera de Cemento,false,https://es.wikipedia.org/wiki/Torneo_Federal_A_2021,
2021-09-29,16:00,Gimnasia y Esgrima (CdU),Defensores de Belgrano (VR),2,1,,,Torneo Federal A,2021,zonas,Zona B,Fecha 25,Manuel y Ramón Núñez,false,https://es.wikipedia.org/wiki/Torneo_Federal_A_2021,
2021-09-29,16:00,Independiente (C),Juventud Unida Universitario,2,1,,,Torneo Federal A,2021,zonas,Zona A,Fecha 25,Raúl Orlando Lungarzo,false,https://es.wikipedia.org/wiki/Torneo_Federal_A_2021,
2021-09-29,16:00,Juventud Unida (G),Gimnasia y Tiro (S),1,0,,,Torneo Federal A,2021,zonas,Zona B,Fecha 25,De los Eucaliptos,false,https://es.wikipedia.org/wiki/Torneo_Federal_A_2021,
2021-09-29,16:00,Sportivo Peñarol (C),Huracán Las Heras,4,3,,,Torneo Federal A,2021,zonas,Zona A,Fecha 25,Ramón Pablo Rojas,false,https://es.wikipedia.org/wiki/Torneo_Federal_A_2021,
2021-09-29,18:30,Chaco For Ever,Crucero del Norte,1,0,,,Torneo Federal A,2021,zonas,Zona B,Fecha 25,Juan Alberto García,false,https://es.wikipedia.org/wiki/Torneo_Federal_A_2021,
2021-10-01,15:00,Flandria,Argentino de Quilmes,7,2,,,Primera B,2021,zonas,Torneo Clausura,Fecha 12,Carlos V,false,https://es.wikipedia.org/wiki/Campeonato_de_Primera_B_2021_(Argentina),
2021-10-01,15:30,San Telmo,Almagro,2,1,,,Primera Nacional,2021,zonas,Zona B,Fecha 28,Dr. Osvaldo Baletto,false,https://es.wikipedia.org/wiki/Campeonato_de_Primera_Nacional_2021,
2021-10-01,17:10,Villa Dálmine,Güemes (SdE),2,1,,,Primera Nacional,2021,zonas,Zona B,Fecha 28,El Coliseo de Mitre y Puccini,false,https://es.wikipedia.org/wiki/Campeonato_de_Primera_Nacional_2021,
2021-10-01,19:00,Aldosivi,Unión,1,2,,,Primera Division,2021,zonas,,Fecha 14,José María Minella,false,https://es.wikipedia.org/wiki/Campeonato_de_Primera_División_2021_(Argentina),
2021-10-01,19:30,Atlético de Rafaela,Gimnasia y Esgrima (J),2,0,,,Primera Nacional,2021,zonas,Zona B,Fecha 28,Nuevo Monumental,false,https://es.wikipedia.org/wiki/Campeonato_de_Primera_Nacional_2021,
2021-10-01,21:05,Belgrano,Deportivo Riestra,1,0,,,Primera Nacional,2021,zonas,Zona A,Fecha 28,Gigante de Alberdi,false,https://es.wikipedia.org/wiki/Campeonato_de_Primera_Nacional_2021,
2021-10-01,21:15,Lanús,Central Córdoba (SdE),2,1,,,Primera Division,2021,zonas,,Fecha 14,Ciudad de Lanús,false,https://es.wikipedia.org/wiki/Campeonato_de_Primera_División_2021_(Argentina),
2021-10-02,11:30,Barracas Central,All Boys,2,1,,,Primera Nacional,2021,zonas,Zona B,Fecha 28,Claudio Chiqui Tapia,false,https://es.wikipedia.org/wiki/Campeonato_de_Primera_Nacional_2021,
2021-10-02,12:10,San Miguel,Colegiales,0,2,,,Primera B,2021,zonas,Torneo Clausura,Fecha 12,Malvinas Argentinas,false,https://es.wikipedia.org/wiki/Campeonato_de_Primera_B_2021_(Argentina),
2021-10-02,13:30,Godoy Cruz,Newell's Old Boys,2,2,,,Primera Division,2021,zonas,,Fecha 14,Malvinas Argentinas,false,https://es.wikipedia.org/wiki/Campeonato_de_Primera_División_2021_(Argentina),
2021-10-02,13:30,Platense,Patronato,0,0,,,Primera Division,2021,zonas,,Fecha 14,Ciudad de Vicente López,false,https://es.wikipedia.org/wiki/Campeonato_de_Primera_División_2021_(Argentina),
2021-10-02,15:00,Acassuso,Sacachispas,1,1,,,Primera B,2021,zonas,Torneo Clausura,Fecha 12,Armenia,false,https://es.wikipedia.org/wiki/Campeonato_de_Primera_B_2021_(Argentina),
2021-10-02,15:00,Cañuelas,J. J. de Urquiza,2,1,,,Primera B,2021,zonas,Torneo Clausura,Fecha 12,Jorge Alfredo Arín,false,https://es.wikipedia.org/wiki/Campeonato_de_Primera_B_2021_(Argentina),
2021-10-02,15:00,Chacarita Juniors,Deportivo Maipú,1,2,,,Primera Nacional,2021,zonas,Zona A,Fecha 28,Chacarita Juniors,false,https://es.wikipedia.org/wiki/Campeonato_de_Primera_Nacional_2021,
2021-10-02,15:00,Claypole,Deportivo Español,1,0,,,Primera C,2021,zonas,Torneo Clausura,Fecha 12,Rodolfo Capocasa,false,https://es.wikipedia.org/wiki/Campeonato_de_Primera_C_2021_(Argentina),
2021-10-02,15:00,Comunicaciones,Villa San Carlos,2,0,,,Primera B,2021,zonas,Torneo Clausura,Fecha 12,Alfredo Ramos,false,https://es.wikipedia.org/wiki/Campeonato_de_Primera_B_2021_(Argentina),
2021-10-02,15:00,Talleres (RdE),Fénix,0,0,,,Primera B,2021,zonas,Torneo Clausura,Fecha 12,Talleres,false,https://es.wikipedia.org/wiki/Campeonato_de_Primera_B_2021_(Argentina),
2021-10-02,15:45,Huracán,Arsenal,1,0,,,Primera Division,2021,zonas,,Fecha 14,Tomás Adolfo Ducó,false,https://es.wikipedia.org/wiki/Campeonato_de_Primera_División_2021_(Argentina),
2021-10-02,16:00,Guillermo Brown,Tristán Suárez,0,0,,,Primera Nacional,2021,zonas,Zona B,Fecha 28,Raúl Conti,false,https://es.wikipedia.org/wiki/Campeonato_de_Primera_Nacional_2021,
2021-10-02,16:10,Estudiantes (BA),Tigre,2,1,,,Primera Nacional,2021,zonas,Zona A,Fecha 28,Ciudad de Caseros,false,https://es.wikipedia.org/wiki/Campeonato_de_Primera_Nacional_2021,
2021-10-02,17:00,San Martín (SJ),Deportivo Morón,1,1,,,Primera Nacional,2021,zonas,Zona B,Fecha 28,Ingeniero Hilario Sánchez,false,https://es.wikipedia.org/wiki/Campeonato_de_Primera_Nacional_2021,
2021-10-02,18:00,Atlético Tucumán,San Lorenzo,0,0,,,Primera Division,2021,zonas,,Fecha 14,Monumental José Fierro,false,https://es.wikipedia.org/wiki/Campeonato_de_Primera_División_2021_(Argentina),
2021-10-02,20:15,Vélez Sarsfield,Independiente,3,3,,,Primera Division,2021,zonas,,Fecha 14,José Amalfitani,false,https://es.wikipedia.org/wiki/Campeonato_de_Primera_División_2021_(Argentina),
2021-10-03,11:00,Crucero del Norte,Racing (C),1,2,,,Torneo Federal A,2021,zonas,Zona B,Fecha 26,Comandante Andrés Guacurarí,false,https://es.wikipedia.org/wiki/Torneo_Federal_A_2021,
2021-10-03,11:00,Desamparados,Ferro Carril Oeste (GP),1,0,,,Torneo Federal A,2021,zonas,Zona A,Fecha 26,El Serpentario,false,https://es.wikipedia.org/wiki/Torneo_Federal_A_2021,
2021-10-03,11:00,Independiente Rivadavia,Instituto,2,1,,,Primera Nacional,2021,zonas,Zona B,Fecha 28,Bautista Gargantini,false,https://es.wikipedia.org/wiki/Campeonato_de_Primera_Nacional_2021,
2021-10-03,11:00,Unión (S),Gimnasia y Esgrima (CdU),3,0,,,Torneo Federal A,2021,zonas,Zona B,Fecha 26,De la Avenida,false,https://es.wikipedia.org/wiki/Torneo_Federal_A_2021,
2021-10-03,13:30,Gimnasia y Esgrima (LP),Sarmiento (J),0,1,,,Primera Division,2021,zonas,,Fecha 14,Ciudad de La Plata,false,https://es.wikipedia.org/wiki/Campeonato_de_Primera_División_2021_(Argentina),
2021-10-03,13:30,Rosario Central,Argentinos Juniors,0,1,,,Primera Division,2021,zonas,,Fecha 14,Gigante de Arroyito,false,https://es.wikipedia.org/wiki/Campeonato_de_Primera_División_2021_(Argentina),
2021-10-03,14:00,Sol de Mayo (V),Sportivo Peñarol (C),2,1,,,Torneo Federal A,2021,zonas,Zona A,Fecha 26,Sol de Mayo,false,https://es.wikipedia.org/wiki/Torneo_Federal_A_2021,
2021-10-03,15:00,Brown de Adrogué,Ferro Carril Oeste,1,3,,,Primera Nacional,2021,zonas,Zona B,Fecha 28,Lorenzo Arandilla,false,https://es.wikipedia.org/wiki/Campeonato_de_Primera_Nacional_2021,
2021-10-03,15:00,Central Norte (S),Chaco For Ever,2,0,,,Torneo Federal A,2021,zonas,Zona B,Fecha 26,Padre Ernesto Martearena,false,https://es.wikipedia.org/wiki/Torneo_Federal_A_2021,
2021-10-03,15:00,Defensores de Belgrano (VR),Douglas Haig,4,3,,,Torneo Federal A,2021,zonas,Zona B,Fecha 26,Salomón Boeseldín,false,https://es.wikipedia.org/wiki/Torneo_Federal_A_2021,
2021-10-03,15:00,Defensores de Pronunciamiento,Sportivo Las Parejas,2,1,,,Torneo Federal A,2021,zonas,Zona B,Fecha 26,Delio Cardozo,false,https://es.wikipedia.org/wiki/Torneo_Federal_A_2021,
2021-10-03,15:00,Deportivo Laferrere,El Porvenir,1,0,,,Primera C,2021,zonas,Torneo Clausura,Fecha 12,Ciudad de Laferrere,false,https://es.wikipedia.org/wiki/Campeonato_de_Primera_C_2021_(Argentina),
2021-10-03,15:00,Deportivo Madryn,Olimpo,2,1,,,Torneo Federal A,2021,zonas,Zona A,Fecha 26,Abel Sastre,false,https://es.wikipedia.org/wiki/Torneo_Federal_A_2021,
2021-10-03,15:00,Dock Sud,Sportivo Italiano,1,2,,,Primera C,2021,zonas,Torneo Clausura,Fecha 12,De los Inmigrantes,false,https://es.wikipedia.org/wiki/Campeonato_de_Primera_C_2021_(Argentina),
2021-10-03,15:00,Huracán Las Heras,Sportivo Estudiantes (SL),0,0,,,Torneo Federal A,2021,zonas,Zona A,Fecha 26,General San Martín,false,https://es.wikipedia.org/wiki/Torneo_Federal_A_2021,
2021-10-03,15:00,Juventud Unida Universitario,Cipolletti,1,1,,,Torneo Federal A,2021,zonas,Zona A,Fecha 26,Mario Sebastián Diez,false,https://es.wikipedia.org/wiki/Torneo_Federal_A_2021,
2021-10-03,15:00,Real Pilar,Luján,0,0,,,Primera C,2021,zonas,Torneo Clausura,Fecha 12,Carlos Barraza,false,https://es.wikipedia.org/wiki/Campeonato_de_Primera_C_2021_(Argentina),
2021-10-03,15:00,Sansinena,Círculo Deportivo,3,1,,,Torneo Federal A,2021,zonas,Zona A,Fecha 26,Luis Molina,false,https://es.wikipedia.org/wiki/Torneo_Federal_A_2021,
2021-10-03,15:00,Sarmiento (R),Juventud Unida (G),3,2,,,Torneo Federal A,2021,zonas,Zona B,Fecha 26,Centenario,false,https://es.wikipedia.org/wiki/Torneo_Federal_A_2021,
2021-10-03,15:00,UAI Urquiza,Defensores Unidos,2,2,,,Primera B,2021,zonas,Torneo Clausura,Fecha 12,Monumental de Villa Lynch,false,https://es.wikipedia.org/wiki/Campeonato_de_Primera_B_2021_(Argentina),
2021-10-03,15:00,Victoriano Arenas,Atlas,4,4,,,Primera C,2021,zonas,Torneo Clausura,Fecha 12,Saturnino Moure,false,https://es.wikipedia.org/wiki/Campeonato_de_Primera_C_2021_(Argentina),
2021-10-03,15:00,Villa Mitre,Ciudad de Bolívar,1,0,,,Torneo Federal A,2021,zonas,Zona A,Fecha 26,El Fortín,false,https://es.wikipedia.org/wiki/Torneo_Federal_A_2021,
2021-10-03,15:30,Deportivo Camioneros,Independiente (C),1,2,,,Torneo Federal A,2021,zonas,Zona A,Fecha 26,Hugo Moyano,false,https://es.wikipedia.org/wiki/Torneo_Federal_A_2021,
2021-10-03,15:30,Ituzaingó,San Martín (B),3,1,,,Primera C,2021,zonas,Torneo Clausura,Fecha 12,Carlos Alberto Sacaan,false,https://es.wikipedia.org/wiki/Campeonato_de_Primera_C_2021_(Argentina),
2021-10-03,15:30,Mitre (SdE),Quilmes,4,0,,,Primera Nacional,2021,zonas,Zona A,Fecha 28,Doctores José y Antonio Castiglione,false,https://es.wikipedia.org/wiki/Campeonato_de_Primera_Nacional_2021,
2021-10-03,17:00,River Plate,Boca Juniors,2,1,,,Primera Division,2021,zonas,,Fecha 14,Monumental,false,https://es.wikipedia.org/wiki/Campeonato_de_Primera_División_2021_(Argentina),
2021-10-03,19:30,Sportivo Belgrano,Boca Unidos,2,0,,,Torneo Federal A,2021,zonas,Zona B,Fecha 26,Oscar Carlos Boero,false,https://es.wikipedia.org/wiki/Torneo_Federal_A_2021,
2021-10-03,20:15,Racing Club,Estudiantes (LP),1,1,,,Primera Division,2021,zonas,,Fecha 14,El Cilindro,false,https://es.wikipedia.org/wiki/Campeonato_de_Primera_División_2021_(Argentina),
2021-10-04,15:00,Argentino de Merlo,Central Córdoba (R),1,2,,,Primera C,2021,zonas,Torneo Clausura,Fecha 12,Merlo,false,https://es.wikipedia.org/wiki/Campeonato_de_Primera_C_2021_(Argentina),
2021-10-04,15:00,Atlanta,Agropecuario,0,3,,,Primera Nacional,2021,zonas,Zona A,Fecha 28,Don León Kolbowsky,false,https://es.wikipedia.org/wiki/Campeonato_de_Primera_Nacional_2021,
2021-10-04,15:00,Defensores de Belgrano,Ramón Santamarina,0,0,,,Primera Nacional,2021,zonas,Zona B,Fecha 28,Juan Pasquale,false,https://es.wikipedia.org/wiki/Campeonato_de_Primera_Nacional_2021,
2021-10-04,15:00,General Lamadrid,Ferrocarril Midland,1,0,,,Primera C,2021,zonas,Torneo Clausura,Fecha 12,Enrique Sexto,false,https://es.wikipedia.org/wiki/Campeonato_de_Primera_C_2021_(Argentina),
2021-10-04,15:00,Leandro N. Alem,Excursionistas,1,1,,,Primera C,2021,zonas,Torneo Clausura,Fecha 12,Leandro N. Alem,false,https://es.wikipedia.org/wiki/Campeonato_de_Primera_C_2021_(Argentina),
2021-10-04,17:10,San Martín (T),Gimnasia y Esgrima (M),3,1,,,Primera Nacional,2021,zonas,Zona A,Fecha 28,La Ciudadela,false,https://es.wikipedia.org/wiki/Campeonato_de_Primera_Nacional_2021,
2021-10-04,18:00,Defensa y Justicia,Talleres (C),3,0,,,Primera Division,2021,zonas,,Fecha 14,Norberto Tomaghello,false,https://es.wikipedia.org/wiki/Campeonato_de_Primera_División_2021_(Argentina),
2021-10-04,20:15,Colón,Banfield,0,0,,,Primera Division,2021,zonas,,Fecha 14,Brigadier General Estanislao López,false,https://es.wikipedia.org/wiki/Campeonato_de_Primera_División_2021_(Argentina),
2021-10-04,21:10,Almirante Brown,Estudiantes (RC),1,1,,,Primera Nacional,2021,zonas,Zona A,Fecha 28,Fragata Sarmiento,false,https://es.wikipedia.org/wiki/Campeonato_de_Primera_Nacional_2021,
2021-10-05,15:00,Deportivo Merlo,Los Andes,2,5,,,Primera B,2021,zonas,Torneo Clausura,Fecha 12,José Manuel Moreno,false,https://es.wikipedia.org/wiki/Campeonato_de_Primera_B_2021_(Argentina),
2021-10-05,15:10,Nueva Chicago,Temperley,0,0,,,Primera Nacional,2021,zonas,Zona A,Fecha 28,República de Mataderos,false,https://es.wikipedia.org/wiki/Campeonato_de_Primera_Nacional_2021,
2021-10-08,14:30,Unión,Platense,1,2,,,Primera Division,2021,zonas,,Fecha 15,15 de Abril,false,https://es.wikipedia.org/wiki/Campeonato_de_Primera_División_2021_(Argentina),
2021-10-08,15:00,Berazategui,Leandro N. Alem,2,0,,,Primera C,2021,zonas,Torneo Clausura,Fecha 13,Norman Lee,false,https://es.wikipedia.org/wiki/Campeonato_de_Primera_C_2021_(Argentina),
2021-10-08,15:00,Deportivo Español,Real Pilar,0,0,,,Primera C,2021,zonas,Torneo Clausura,Fecha 13,Nueva España,false,https://es.wikipedia.org/wiki/Campeonato_de_Primera_C_2021_(Argentina),
2021-10-08,15:00,El Porvenir,Claypole,0,1,,,Primera C,2021,zonas,Torneo Clausura,Fecha 13,Gildo Ghersinich,false,https://es.wikipedia.org/wiki/Campeonato_de_Primera_C_2021_(Argentina),
2021-10-08,15:00,Excursionistas,Argentino de Merlo,2,2,,,Primera C,2021,zonas,Torneo Clausura,Fecha 13,Excursionistas,false,https://es.wikipedia.org/wiki/Campeonato_de_Primera_C_2021_(Argentina),
2021-10-08,15:00,Ferrocarril Midland,Victoriano Arenas,2,0,,,Primera C,2021,zonas,Torneo Clausura,Fecha 13,Ciudad de Libertad,false,https://es.wikipedia.org/wiki/Campeonato_de_Primera_C_2021_(Argentina),
2021-10-08,15:00,Luján,General Lamadrid,1,2,,,Primera C,2021,zonas,Torneo Clausura,Fecha 13,Municipal de la Ciudad de Luján,false,https://es.wikipedia.org/wiki/Campeonato_de_Primera_C_2021_(Argentina),
2021-10-08,15:00,San Martín (B),Dock Sud,0,0,,,Primera C,2021,zonas,Torneo Clausura,Fecha 13,Francisco Boga,false,https://es.wikipedia.org/wiki/Campeonato_de_Primera_C_2021_(Argentina),
2021-10-08,15:00,Sportivo Italiano,Deportivo Laferrere,2,1,,,Primera C,2021,zonas,Torneo Clausura,Fecha 13,República de Italia,false,https://es.wikipedia.org/wiki/Campeonato_de_Primera_C_2021_(Argentina),
2021-10-08,16:45,Central Córdoba (SdE),Huracán,1,2,,,Primera Division,2021,zonas,,Fecha 15,Único Madre de Ciudades,false,https://es.wikipedia.org/wiki/Campeonato_de_Primera_División_2021_(Argentina),
2021-10-08,17:10,Güemes (SdE),San Telmo,1,1,,,Primera Nacional,2021,zonas,Zona B,Fecha 29,Arturo Miranda,false,https://es.wikipedia.org/wiki/Campeonato_de_Primera_Nacional_2021,
2021-10-08,19:00,Estudiantes (LP),Rosario Central,2,2,,,Primera Division,2021,zonas,,Fecha 15,Jorge Luis Hirschi,false,https://es.wikipedia.org/wiki/Campeonato_de_Primera_División_2021_(Argentina),
2021-10-08,20:00,Gimnasia y Esgrima (CdU),Crucero del Norte,1,1,,,Torneo Federal A,2021,zonas,Zona B,Fecha 27,Manuel y Ramón Núñez,false,https://es.wikipedia.org/wiki/Torneo_Federal_A_2021,
2021-10-08,20:00,Instituto,Atlético de Rafaela,2,1,,,Primera Nacional,2021,zonas,Zona B,Fecha 29,Juan Domingo Perón,false,https://es.wikipedia.org/wiki/Campeonato_de_Primera_Nacional_2021,
2021-10-08,21:15,Newell's Old Boys,Vélez Sarsfield,1,2,,,Primera Division,2021,zonas,,Fecha 15,Marcelo Bielsa,false,https://es.wikipedia.org/wiki/Campeonato_de_Primera_División_2021_(Argentina),
2021-10-09,13:05,J. J. de Urquiza,Acassuso,1,1,,,Primera B,2021,zonas,Torneo Clausura,Fecha 13,Ramón Roque Martín,false,https://es.wikipedia.org/wiki/Campeonato_de_Primera_B_2021_(Argentina),
2021-10-09,13:30,Argentinos Juniors,Defensa y Justicia,0,2,,,Primera Division,2021,zonas,,Fecha 15,Diego Armando Maradona,false,https://es.wikipedia.org/wiki/Campeonato_de_Primera_División_2021_(Argentina),
2021-10-09,13:30,Sarmiento (J),Aldosivi,3,0,,,Primera Division,2021,zonas,,Fecha 15,Eva Perón,false,https://es.wikipedia.org/wiki/Campeonato_de_Primera_División_2021_(Argentina),
2021-10-09,15:00,Central Córdoba (R),Ituzaingó,1,1,,,Primera C,2021,zonas,Torneo Clausura,Fecha 13,Gabino Sosa,false,https://es.wikipedia.org/wiki/Campeonato_de_Primera_C_2021_(Argentina),
2021-10-09,15:00,Deportivo Armenio,Comunicaciones,1,1,,,Primera B,2021,zonas,Torneo Clausura,Fecha 13,Armenia,false,https://es.wikipedia.org/wiki/Campeonato_de_Primera_B_2021_(Argentina),
2021-10-09,15:00,Fénix,San Miguel,1,2,,,Primera B,2021,zonas,Torneo Clausura,Fecha 13,José Manuel Moreno,false,https://es.wikipedia.org/wiki/Campeonato_de_Primera_B_2021_(Argentina),
2021-10-09,15:00,Gimnasia y Esgrima (J),Guillermo Brown,3,1,,,Primera Nacional,2021,zonas,Zona B,Fecha 29,23 de Agosto,false,https://es.wikipedia.org/wiki/Campeonato_de_Primera_Nacional_2021,
2021-10-09,15:00,Tristán Suárez,Brown de Adrogué,2,2,,,Primera Nacional,2021,zonas,Zona B,Fecha 29,20 de Octubre,false,https://es.wikipedia.org/wiki/Campeonato_de_Primera_Nacional_2021,
2021-10-09,15:00,Villa San Carlos,UAI Urquiza,1,1,,,Primera B,2021,zonas,Torneo Clausura,Fecha 13,Genacio Sálice,false,https://es.wikipedia.org/wiki/Campeonato_de_Primera_B_2021_(Argentina),
2021-10-09,15:30,Barracas Central,Independiente Rivadavia,1,3,,,Primera Nacional,2021,zonas,Zona B,Fecha 29,Claudio Chiqui Tapia,false,https://es.wikipedia.org/wiki/Campeonato_de_Primera_Nacional_2021,
2021-10-09,15:30,Deportivo Morón,Villa Dálmine,0,2,,,Primera Nacional,2021,zonas,Zona B,Fecha 29,Nuevo Francisco Urbano,false,https://es.wikipedia.org/wiki/Campeonato_de_Primera_Nacional_2021,
2021-10-09,15:30,Gimnasia y Tiro (S),Sarmiento (R),2,2,,,Torneo Federal A,2021,zonas,Zona B,Fecha 27,El Gigante del Norte,false,https://es.wikipedia.org/wiki/Torneo_Federal_A_2021,
2021-10-09,15:35,Quilmes,Atlanta,2,1,,,Primera Nacional,2021,zonas,Zona A,Fecha 29,Centenario Ciudad de Quilmes,false,https://es.wikipedia.org/wiki/Campeonato_de_Primera_Nacional_2021,
2021-10-09,15:45,Patronato,Racing Club,1,2,,,Primera Division,2021,zonas,,Fecha 15,Presbítero Bartolomé Grella,false,https://es.wikipedia.org/wiki/Campeonato_de_Primera_División_2021_(Argentina),
2021-10-09,16:00,Almagro,Defensores de Belgrano,2,0,,,Primera Nacional,2021,zonas,Zona B,Fecha 29,Tres de Febrero,false,https://es.wikipedia.org/wiki/Campeonato_de_Primera_Nacional_2021,
2021-10-09,16:30,Alvarado,Estudiantes (BA),0,1,,,Primera Nacional,2021,zonas,Zona A,Fecha 29,José María Minella,false,https://es.wikipedia.org/wiki/Campeonato_de_Primera_Nacional_2021,
2021-10-09,18:00,Banfield,River Plate,0,1,,,Primera Division,2021,zonas,,Fecha 15,Florencio Sola,false,https://es.wikipedia.org/wiki/Campeonato_de_Primera_División_2021_(Argentina),
2021-10-09,20:15,Boca Juniors,Lanús,4,2,,,Primera Division,2021,zonas,,Fecha 15,La Bombonera,false,https://es.wikipedia.org/wiki/Campeonato_de_Primera_División_2021_(Argentina),
2021-10-10,11:00,Boca Unidos,Defensores de Pronunciamiento,1,2,,,Torneo Federal A,2021,zonas,Zona B,Fecha 27,Leoncio Benítez,false,https://es.wikipedia.org/wiki/Torneo_Federal_A_2021,
2021-10-10,11:00,Sportivo Las Parejas,Defensores de Belgrano (VR),3,1,,,Torneo Federal A,2021,zonas,Zona B,Fecha 27,4 de Septiembre,false,https://es.wikipedia.org/wiki/Torneo_Federal_A_2021,
2021-10-10,15:00,Cipolletti,Deportivo Camioneros,1,1,,,Torneo Federal A,2021,zonas,Zona A,Fecha 27,La Visera de Cemento,false,https://es.wikipedia.org/wiki/Torneo_Federal_A_2021,
2021-10-10,15:00,Ciudad de Bolívar,Olimpo,1,0,,,Torneo Federal A,2021,zonas,Zona A,Fecha 27,Municipal Eva Perón,false,https://es.wikipedia.org/wiki/Torneo_Federal_A_2021,
2021-10-10,15:00,Círculo Deportivo,Juventud Unida Universitario,0,1,,,Torneo Federal A,2021,zonas,Zona A,Fecha 27,Guillermo Trama,false,https://es.wikipedia.org/wiki/Torneo_Federal_A_2021,
2021-10-10,15:00,Douglas Haig,Unión (S),3,0,,,Torneo Federal A,2021,zonas,Zona B,Fecha 27,Miguel Morales,false,https://es.wikipedia.org/wiki/Torneo_Federal_A_2021,
2021-10-10,15:00,Independiente (C),Huracán Las Heras,1,1,,,Torneo Federal A,2021,zonas,Zona A,Fecha 27,Raúl Orlando Lungarzo,false,https://es.wikipedia.org/wiki/Torneo_Federal_A_2021,
2021-10-10,15:00,Juventud Unida (G),Sportivo Belgrano,1,0,,,Torneo Federal A,2021,zonas,Zona B,Fecha 27,De los Eucaliptos,false,https://es.wikipedia.org/wiki/Torneo_Federal_A_2021,
2021-10-10,15:00,Racing (C),Central Norte (S),1,1,,,Torneo Federal A,2021,zonas,Zona B,Fecha 27,Miguel Sancho,false,https://es.wikipedia.org/wiki/Torneo_Federal_A_2021,
2021-10-10,15:00,Sportivo Estudiantes (SL),Sol de Mayo (V),0,1,,,Torneo Federal A,2021,zonas,Zona A,Fecha 27,Héctor Odicino y Pedro Benoza,false,https://es.wikipedia.org/wiki/Torneo_Federal_A_2021,
2021-10-10,15:20,Sportivo Peñarol (C),Deportivo Madryn,1,0,,,Torneo Federal A,2021,zonas,Zona A,Fecha 27,Ramón Pablo Rojas,false,https://es.wikipedia.org/wiki/Torneo_Federal_A_2021,
2021-10-10,16:00,Villa Mitre,Desamparados,3,0,,,Torneo Federal A,2021,zonas,Zona A,Fecha 27,El Fortín,false,https://es.wikipedia.org/wiki/Torneo_Federal_A_2021,
2021-10-11,14:30,Arsenal,Godoy Cruz,0,0,,,Primera Division,2021,zonas,,Fecha 15,El Viaducto,false,https://es.wikipedia.org/wiki/Campeonato_de_Primera_División_2021_(Argentina),
2021-10-11,15:00,Argentino de Quilmes,Cañuelas,1,1,,,Primera B,2021,zonas,Torneo Clausura,Fecha 13,Argentino de Quilmes,false,https://es.wikipedia.org/wiki/Campeonato_de_Primera_B_2021_(Argentina),
2021-10-11,15:00,Defensores Unidos,Talleres (RdE),1,0,,,Primera B,2021,zonas,Torneo Clausura,Fecha 13,Gigante de Villa Fox,false,https://es.wikipedia.org/wiki/Campeonato_de_Primera_B_2021_(Argentina),
2021-10-11,15:10,Colegiales,Deportivo Merlo,2,1,,,Primera B,2021,zonas,Torneo Clausura,Fecha 13,Libertarios Unidos,false,https://es.wikipedia.org/wiki/Campeonato_de_Primera_B_2021_(Argentina),
2021-10-11,15:30,All Boys,Ramón Santamarina,0,0,,,Primera Nacional,2021,zonas,Zona B,Fecha 29,Islas Malvinas,false,https://es.wikipedia.org/wiki/Campeonato_de_Primera_Nacional_2021,
2021-10-11,15:30,Ferro Carril Oeste,San Martín (SJ),3,2,,,Primera Nacional,2021,zonas,Zona B,Fecha 29,Arquitecto Ricardo Etcheverri,false,https://es.wikipedia.org/wiki/Campeonato_de_Primera_Nacional_2021,
2021-10-11,16:30,Deportivo Maipú,Nueva Chicago,0,2,,,Primera Nacional,2021,zonas,Zona A,Fecha 29,Omar Higinio Sperdutti,false,https://es.wikipedia.org/wiki/Campeonato_de_Primera_Nacional_2021,
2021-10-11,16:30,Ferro Carril Oeste (GP),Sansinena,3,2,,,Torneo Federal A,2021,zonas,Zona A,Fecha 27,El Coloso del Barrio Talleres,false,https://es.wikipedia.org/wiki/Torneo_Federal_A_2021,
2021-10-11,16:45,San Lorenzo,Colón,1,2,,,Primera Division,2021,zonas,,Fecha 15,Nuevo Gasómetro,false,https://es.wikipedia.org/wiki/Campeonato_de_Primera_División_2021_(Argentina),
2021-10-11,17:00,Agropecuario,Chacarita Juniors,1,0,,,Primera Nacional,2021,zonas,Zona A,Fecha 29,Ofelia Rosenzuaig,false,https://es.wikipedia.org/wiki/Campeonato_de_Primera_Nacional_2021,
2021-10-11,17:10,Estudiantes (RC),San Martín (T),0,0,,,Primera Nacional,2021,zonas,Zona A,Fecha 29,Antonio Candini,false,https://es.wikipedia.org/wiki/Campeonato_de_Primera_Nacional_2021,
2021-10-11,19:00,Independiente,Gimnasia y Esgrima (LP),1,1,,,Primera Division,2021,zonas,,Fecha 15,Libertadores de América,false,https://es.wikipedia.org/wiki/Campeonato_de_Primera_División_2021_(Argentina),
2021-10-11,21:10,Temperley,Almirante Brown,0,0,,,Primera Nacional,2021,zonas,Zona A,Fecha 29,Alfredo Beranger,false,https://es.wikipedia.org/wiki/Campeonato_de_Primera_Nacional_2021,
2021-10-11,21:15,Talleres (C),Atlético Tucumán,2,0,,,Primera Division,2021,zonas,,Fecha 15,Mario Alberto Kempes,false,https://es.wikipedia.org/wiki/Campeonato_de_Primera_División_2021_(Argentina),
2021-10-12,15:00,Argentino de Merlo,Berazategui,2,3,,,Primera C,2021,zonas,Torneo Clausura,Fecha 14,Merlo,false,https://es.wikipedia.org/wiki/Campeonato_de_Primera_C_2021_(Argentina),
2021-10-12,15:00,Atlas,Ferrocarril Midland,2,1,,,Primera C,2021,zonas,Torneo Clausura,Fecha 14,Ricardo Puga,false,https://es.wikipedia.org/wiki/Campeonato_de_Primera_C_2021_(Argentina),
2021-10-12,15:00,Claypole,Sportivo Italiano,0,0,,,Primera C,2021,zonas,Torneo Clausura,Fecha 14,Rodolfo Capocasa,false,https://es.wikipedia.org/wiki/Campeonato_de_Primera_C_2021_(Argentina),
2021-10-12,15:00,Dock Sud,Central Córdoba (R),2,2,,,Primera C,2021,zonas,Torneo Clausura,Fecha 14,De los Inmigrantes,false,https://es.wikipedia.org/wiki/Campeonato_de_Primera_C_2021_(Argentina),
2021-10-12,15:00,General Lamadrid,Deportivo Español,0,2,,,Primera C,2021,zonas,Torneo Clausura,Fecha 14,Enrique Sexto,false,https://es.wikipedia.org/wiki/Campeonato_de_Primera_C_2021_(Argentina),
2021-10-12,15:00,Real Pilar,El Porvenir,3,0,,,Primera C,2021,zonas,Torneo Clausura,Fecha 14,Carlos Barraza,false,https://es.wikipedia.org/wiki/Campeonato_de_Primera_C_2021_(Argentina),
2021-10-12,15:00,Victoriano Arenas,Luján,2,2,,,Primera C,2021,zonas,Torneo Clausura,Fecha 14,Saturnino Moure,false,https://es.wikipedia.org/wiki/Campeonato_de_Primera_C_2021_(Argentina),
2021-10-12,17:10,Tigre,Mitre (SdE),3,3,,,Primera Nacional,2021,zonas,Zona A,Fecha 29,Monumental de Victoria,false,https://es.wikipedia.org/wiki/Campeonato_de_Primera_Nacional_2021,
2021-10-12,20:00,Deportivo Laferrere,San Martín (B),0,0,,,Primera C,2021,zonas,Torneo Clausura,Fecha 14,Ciudad de Laferrere,false,https://es.wikipedia.org/wiki/Campeonato_de_Primera_C_2021_(Argentina),
2021-10-12,21:00,Los Andes,Flandria,0,0,,,Primera B,2021,zonas,Torneo Clausura,Fecha 13,Eduardo Gallardón,false,https://es.wikipedia.org/wiki/Campeonato_de_Primera_B_2021_(Argentina),
2021-10-12,21:10,Gimnasia y Esgrima (M),Belgrano,0,3,,,Primera Nacional,2021,zonas,Zona A,Fecha 29,Víctor Antonio Legrotaglie,false,https://es.wikipedia.org/wiki/Campeonato_de_Primera_Nacional_2021,
2021-10-13,20:30,Ituzaingó,Excursionistas,1,1,,,Primera C,2021,zonas,Torneo Clausura,Fecha 14,Carlos Alberto Sacaan,false,https://es.wikipedia.org/wiki/Campeonato_de_Primera_C_2021_(Argentina),
2021-10-15,14:30,Godoy Cruz,Central Córdoba (SdE),0,0,,,Primera Division,2021,zonas,,Fecha 16,Malvinas Argentinas,false,https://es.wikipedia.org/wiki/Campeonato_de_Primera_División_2021_(Argentina),
2021-10-15,16:45,Rosario Central,Patronato,3,2,,,Primera Division,2021,zonas,,Fecha 16,Gigante de Arroyito,false,https://es.wikipedia.org/wiki/Campeonato_de_Primera_División_2021_(Argentina),
2021-10-15,19:00,Racing Club,Platense,0,1,,,Primera Division,2021,zonas,,Fecha 16,El Cilindro,false,https://es.wikipedia.org/wiki/Campeonato_de_Primera_División_2021_(Argentina),
2021-10-15,19:10,Defensores de Belgrano,Güemes (SdE),1,0,,,Primera Nacional,2021,zonas,Zona B,Fecha 30,Juan Pasquale,false,https://es.wikipedia.org/wiki/Campeonato_de_Primera_Nacional_2021,
2021-10-15,21:10,Atlético de Rafaela,Barracas Central,0,2,,,Primera Nacional,2021,zonas,Zona B,Fecha 30,Nuevo Monumental,false,https://es.wikipedia.org/wiki/Campeonato_de_Primera_Nacional_2021,
2021-10-15,21:15,Defensa y Justicia,Estudiantes (LP),2,1,,,Primera Division,2021,zonas,,Fecha 16,Norberto Tomaghello,false,https://es.wikipedia.org/wiki/Campeonato_de_Primera_División_2021_(Argentina),
2021-10-15,21:15,Vélez Sarsfield,Arsenal,0,0,,,Primera Division,2021,zonas,,Fecha 16,José Amalfitani,false,https://es.wikipedia.org/wiki/Campeonato_de_Primera_División_2021_(Argentina),
2021-10-16,13:05,Sacachispas,J. J. de Urquiza,1,0,,,Primera B,2021,zonas,Torneo Clausura,Fecha 14,Beto Larrosa,false,https://es.wikipedia.org/wiki/Campeonato_de_Primera_B_2021_(Argentina),
2021-10-16,13:30,Sarmiento (J),Unión,3,4,,,Primera Division,2021,zonas,,Fecha 16,Eva Perón,false,https://es.wikipedia.org/wiki/Campeonato_de_Primera_División_2021_(Argentina),
2021-10-16,15:00,Acassuso,Argentino de Quilmes,1,0,,,Primera B,2021,zonas,Torneo Clausura,Fecha 14,Armenia,false,https://es.wikipedia.org/wiki/Campeonato_de_Primera_B_2021_(Argentina),
2021-10-16,15:00,Brown de Adrogué,Gimnasia y Esgrima (J),1,1,,,Primera Nacional,2021,zonas,Zona B,Fecha 30,Lorenzo Arandilla,false,https://es.wikipedia.org/wiki/Campeonato_de_Primera_Nacional_2021,
2021-10-16,15:00,Crucero del Norte,Douglas Haig,0,0,,,Torneo Federal A,2021,zonas,Zona B,Fecha 28,Comandante Andrés Guacurarí,false,https://es.wikipedia.org/wiki/Torneo_Federal_A_2021,
2021-10-16,15:00,Deportivo Camioneros,Círculo Deportivo,2,0,,,Torneo Federal A,2021,zonas,Zona A,Fecha 28,Hugo Moyano,false,https://es.wikipedia.org/wiki/Torneo_Federal_A_2021,
2021-10-16,15:00,Deportivo Merlo,Fénix,3,1,,,Primera B,2021,zonas,Torneo Clausura,Fecha 14,José Manuel Moreno,false,https://es.wikipedia.org/wiki/Campeonato_de_Primera_B_2021_(Argentina),
2021-10-16,15:00,San Miguel,Defensores Unidos,1,1,,,Primera B,2021,zonas,Torneo Clausura,Fecha 14,Malvinas Argentinas,false,https://es.wikipedia.org/wiki/Campeonato_de_Primera_B_2021_(Argentina),
2021-10-16,15:00,UAI Urquiza,Deportivo Armenio,1,2,,,Primera B,2021,zonas,Torneo Clausura,Fecha 14,Monumental de Villa Lynch,false,https://es.wikipedia.org/wiki/Campeonato_de_Primera_B_2021_(Argentina),
2021-10-16,15:30,Deportivo Madryn,Sportivo Estudiantes (SL),3,1,,,Torneo Federal A,2021,zonas,Zona A,Fecha 28,Abel Sastre,false,https://es.wikipedia.org/wiki/Torneo_Federal_A_2021,
2021-10-16,15:30,Sol de Mayo (V),Independiente (C),0,0,,,Torneo Federal A,2021,zonas,Zona A,Fecha 28,Sol de Mayo,false,https://es.wikipedia.org/wiki/Torneo_Federal_A_2021,
2021-10-16,15:45,Flandria,Colegiales,2,0,,,Primera B,2021,zonas,Torneo Clausura,Fecha 14,Carlos V,false,https://es.wikipedia.org/wiki/Campeonato_de_Primera_B_2021_(Argentina),
2021-10-16,15:45,Gimnasia y Esgrima (LP),Newell's Old Boys,1,0,,,Primera Division,2021,zonas,,Fecha 16,Ciudad de La Plata,false,https://es.wikipedia.org/wiki/Campeonato_de_Primera_División_2021_(Argentina),
2021-10-16,16:00,Defensores de Belgrano (VR),Boca Unidos,1,0,,,Torneo Federal A,2021,zonas,Zona B,Fecha 28,Salomón Boeseldín,false,https://es.wikipedia.org/wiki/Torneo_Federal_A_2021,
2021-10-16,16:00,Huracán Las Heras,Cipolletti,2,3,,,Torneo Federal A,2021,zonas,Zona A,Fecha 28,General San Martín,false,https://es.wikipedia.org/wiki/Torneo_Federal_A_2021,
2021-10-16,16:00,Ramón Santamarina,Almagro,1,1,,,Primera Nacional,2021,zonas,Zona B,Fecha 30,Municipal General San Martín,false,https://es.wikipedia.org/wiki/Campeonato_de_Primera_Nacional_2021,
2021-10-16,18:00,Lanús,Banfield,1,1,,,Primera Division,2021,zonas,,Fecha 16,Ciudad de Lanús,false,https://es.wikipedia.org/wiki/Campeonato_de_Primera_División_2021_(Argentina),
2021-10-16,18:30,Unión (S),Sportivo Las Parejas,1,2,,,Torneo Federal A,2021,zonas,Zona B,Fecha 28,De la Avenida,false,https://es.wikipedia.org/wiki/Torneo_Federal_A_2021,
2021-10-16,20:15,Huracán,Boca Juniors,0,3,,,Primera Division,2021,zonas,,Fecha 16,Tomas Adolfo Ducó,false,https://es.wikipedia.org/wiki/Campeonato_de_Primera_División_2021_(Argentina),
2021-10-17,13:30,Berazategui,Ituzaingó,0,0,,,Primera C,2021,zonas,Torneo Clausura,Fecha 15,Norman Lee,false,https://es.wikipedia.org/wiki/Campeonato_de_Primera_C_2021_(Argentina),
2021-10-17,14:00,Almirante Brown,Deportivo Maipú,1,0,,,Primera Nacional,2021,zonas,Zona A,Fecha 30,Fragata Sarmiento,false,https://es.wikipedia.org/wiki/Campeonato_de_Primera_Nacional_2021,
2021-10-17,15:00,Cañuelas,Los Andes,1,1,,,Primera B,2021,zonas,Torneo Clausura,Fecha 14,Jorge Alfredo Arín,false,https://es.wikipedia.org/wiki/Campeonato_de_Primera_B_2021_(Argentina),
2021-10-17,15:00,Central Córdoba (R),Deportivo Laferrere,0,0,,,Primera C,2021,zonas,Torneo Clausura,Fecha 15,Gabino Sosa,false,https://es.wikipedia.org/wiki/Campeonato_de_Primera_C_2021_(Argentina),
2021-10-17,15:00,Deportivo Español,Victoriano Arenas,1,1,,,Primera C,2021,zonas,Torneo Clausura,Fecha 15,Nueva España,false,https://es.wikipedia.org/wiki/Campeonato_de_Primera_C_2021_(Argentina),
2021-10-17,15:00,Leandro N. Alem,Argentino de Merlo,1,0,,,Primera C,2021,zonas,Torneo Clausura,Fecha 15,Leandro N. Alem,false,https://es.wikipedia.org/wiki/Campeonato_de_Primera_C_2021_(Argentina),
2021-10-17,15:00,Luján,Atlas,2,0,,,Primera C,2021,zonas,Torneo Clausura,Fecha 15,Municipal de la Ciudad de Luján,false,https://es.wikipedia.org/wiki/Campeonato_de_Primera_C_2021_(Argentina),
2021-10-17,15:00,San Martín (B),Claypole,3,2,,,Primera C,2021,zonas,Torneo Clausura,Fecha 15,Francisco Boga,false,https://es.wikipedia.org/wiki/Campeonato_de_Primera_C_2021_(Argentina),
2021-10-17,15:00,Talleres (RdE),Villa San Carlos,2,2,,,Primera B,2021,zonas,Torneo Clausura,Fecha 14,Talleres,false,https://es.wikipedia.org/wiki/Campeonato_de_Primera_B_2021_(Argentina),
2021-10-17,15:45,Atlético Tucumán,Argentinos Juniors,4,3,,,Primera Division,2021,zonas,,Fecha 16,Monumental José Fierro,false,https://es.wikipedia.org/wiki/Campeonato_de_Primera_División_2021_(Argentina),
2021-10-17,15:45,Colón,Talleres (C),1,0,,,Primera Division,2021,zonas,,Fecha 16,Brigadier General Estanislao López,false,https://es.wikipedia.org/wiki/Campeonato_de_Primera_División_2021_(Argentina),
2021-10-17,16:00,Chacarita Juniors,Quilmes,1,3,,,Primera Nacional,2021,zonas,Zona A,Fecha 30,Chacarita Juniors,false,https://es.wikipedia.org/wiki/Campeonato_de_Primera_Nacional_2021,
2021-10-17,16:00,Defensores de Pronunciamiento,Juventud Unida (G),3,0,,,Torneo Federal A,2021,zonas,Zona B,Fecha 28,Delio Cardozo,false,https://es.wikipedia.org/wiki/Torneo_Federal_A_2021,
2021-10-17,16:00,Guillermo Brown,Instituto,1,1,,,Primera Nacional,2021,zonas,Zona B,Fecha 30,Raúl Conti,false,https://es.wikipedia.org/wiki/Campeonato_de_Primera_Nacional_2021,
2021-10-17,16:00,Independiente Rivadavia,All Boys,2,2,,,Primera Nacional,2021,zonas,Zona B,Fecha 30,Bautista Gargantini,false,https://es.wikipedia.org/wiki/Campeonato_de_Primera_Nacional_2021,
2021-10-17,16:00,Nueva Chicago,Agropecuario,1,2,,,Primera Nacional,2021,zonas,Zona A,Fecha 30,República de Mataderos,false,https://es.wikipedia.org/wiki/Campeonato_de_Primera_Nacional_2021,
2021-10-17,16:00,Olimpo,Sportivo Peñarol (C),0,2,,,Torneo Federal A,2021,zonas,Zona A,Fecha 28,Roberto N. Carminatti,false,https://es.wikipedia.org/wiki/Torneo_Federal_A_2021,
2021-10-17,16:00,San Martín (SJ),Tristán Suárez,4,0,,,Primera Nacional,2021,zonas,Zona B,Fecha 30,Ingeniero Hilario Sánchez,false,https://es.wikipedia.org/wiki/Campeonato_de_Primera_Nacional_2021,
2021-10-17,16:30,Sansinena,Villa Mitre,0,1,,,Torneo Federal A,2021,zonas,Zona A,Fecha 28,Luis Molina,false,https://es.wikipedia.org/wiki/Torneo_Federal_A_2021,
2021-10-17,16:45,Desamparados,Ciudad de Bolívar,2,1,,,Torneo Federal A,2021,zonas,Zona A,Fecha 28,El Serpentario,false,https://es.wikipedia.org/wiki/Torneo_Federal_A_2021,
2021-10-17,17:00,Juventud Unida Universitario,Ferro Carril Oeste (GP),1,0,,,Torneo Federal A,2021,zonas,Zona A,Fecha 28,Mario Sebastián Diez,false,https://es.wikipedia.org/wiki/Torneo_Federal_A_2021,
2021-10-17,17:30,Central Norte (S),Gimnasia y Esgrima (CdU),4,0,,,Torneo Federal A,2021,zonas,Zona B,Fecha 28,Padre Ernesto Martearena,false,https://es.wikipedia.org/wiki/Torneo_Federal_A_2021,
2021-10-17,18:00,Aldosivi,Independiente,1,0,,,Primera Division,2021,zonas,,Fecha 16,José María Minella,false,https://es.wikipedia.org/wiki/Campeonato_de_Primera_División_2021_(Argentina),
2021-10-17,18:00,Sportivo Belgrano,Gimnasia y Tiro (S),1,1,,,Torneo Federal A,2021,zonas,Zona B,Fecha 28,Oscar Carlos Boero,false,https://es.wikipedia.org/wiki/Torneo_Federal_A_2021,
2021-10-17,18:30,Chaco For Ever,Racing (C),0,0,,,Torneo Federal A,2021,zonas,Zona B,Fecha 28,Juan Alberto García,false,https://es.wikipedia.org/wiki/Torneo_Federal_A_2021,
2021-10-17,20:15,River Plate,San Lorenzo,3,1,,,Primera Division,2021,zonas,,Fecha 16,Monumental,false,https://es.wikipedia.org/wiki/Campeonato_de_Primera_División_2021_(Argentina),
2021-10-18,15:00,El Porvenir,General Lamadrid,0,0,,,Primera C,2021,zonas,Torneo Clausura,Fecha 15,Gildo Ghersinich,false,https://es.wikipedia.org/wiki/Campeonato_de_Primera_C_2021_(Argentina),
2021-10-18,15:00,San Telmo,Deportivo Morón,0,1,,,Primera Nacional,2021,zonas,Zona B,Fecha 30,Dr. Osvaldo Baletto,false,https://es.wikipedia.org/wiki/Campeonato_de_Primera_Nacional_2021,
2021-10-18,15:30,Deportivo Riestra,Gimnasia y Esgrima (M),0,0,,,Primera Nacional,2021,zonas,Zona A,Fecha 30,Guillermo Laza,false,https://es.wikipedia.org/wiki/Campeonato_de_Primera_Nacional_2021,
2021-10-18,15:35,Atlanta,Tigre,0,0,,,Primera Nacional,2021,zonas,Zona A,Fecha 30,Don León Kolbowsky,false,https://es.wikipedia.org/wiki/Campeonato_de_Primera_Nacional_2021,
2021-10-18,17:00,Excursionistas,Dock Sud,0,0,,,Primera C,2021,zonas,Torneo Clausura,Fecha 15,Excursionistas,false,https://es.wikipedia.org/wiki/Campeonato_de_Primera_C_2021_(Argentina),
2021-10-18,20:00,Sportivo Italiano,Real Pilar,0,0,,,Primera C,2021,zonas,Torneo Clausura,Fecha 15,República de Italia,false,https://es.wikipedia.org/wiki/Campeonato_de_Primera_C_2021_(Argentina),
2021-10-18,21:05,Belgrano,Estudiantes (RC),1,1,,,Primera Nacional,2021,zonas,Zona A,Fecha 30,Gigante de Alberdi,false,https://es.wikipedia.org/wiki/Campeonato_de_Primera_Nacional_2021,
2021-10-18,21:10,San Martín (T),Temperley,2,1,,,Primera Nacional,2021,zonas,Zona A,Fecha 30,La Ciudadela,false,https://es.wikipedia.org/wiki/Campeonato_de_Primera_Nacional_2021,
2021-10-18,21:30,Mitre (SdE),Alvarado,1,0,,,Primera Nacional,2021,zonas,Zona A,Fecha 30,Único Madre de Ciudades,false,https://es.wikipedia.org/wiki/Campeonato_de_Primera_Nacional_2021,
2021-10-19,14:30,Platense,Rosario Central,1,1,,,Primera Division,2021,zonas,,Fecha 17,Ciudad de Vicente López,false,https://es.wikipedia.org/wiki/Campeonato_de_Primera_División_2021_(Argentina),
2021-10-19,16:45,Unión,Racing Club,1,1,,,Primera Division,2021,zonas,,Fecha 17,15 de Abril,false,https://es.wikipedia.org/wiki/Campeonato_de_Primera_División_2021_(Argentina),
2021-10-19,19:00,Patronato,Defensa y Justicia,3,3,,,Primera Division,2021,zonas,,Fecha 17,Presbítero Bartolomé Grella,false,https://es.wikipedia.org/wiki/Campeonato_de_Primera_División_2021_(Argentina),
2021-10-19,21:10,Villa Dálmine,Ferro Carril Oeste,1,1,,,Primera Nacional,2021,zonas,Zona B,Fecha 30,El Coliseo de Mitre y Puccini,false,https://es.wikipedia.org/wiki/Campeonato_de_Primera_Nacional_2021,
2021-10-19,21:15,Central Córdoba (SdE),Vélez Sarsfield,1,2,,,Primera Division,2021,zonas,,Fecha 17,Único Madre de Ciudades,false,https://es.wikipedia.org/wiki/Campeonato_de_Primera_División_2021_(Argentina),
2021-10-20,14:30,Arsenal,Gimnasia y Esgrima (LP),0,1,,,Primera Division,2021,zonas,,Fecha 17,El Viaducto,false,https://es.wikipedia.org/wiki/Campeonato_de_Primera_División_2021_(Argentina),
2021-10-20,15:00,Sol de Mayo (V),Deportivo Madryn,0,0,,,Torneo Federal A,2021,zonas,Zona A,Fecha 24,Sol de Mayo,false,https://es.wikipedia.org/wiki/Torneo_Federal_A_2021,
2021-10-20,16:45,San Lorenzo,Lanús,1,3,,,Primera Division,2021,zonas,,Fecha 17,Nuevo Gasómetro,false,https://es.wikipedia.org/wiki/Campeonato_de_Primera_División_2021_(Argentina),
2021-10-20,19:00,Banfield,Huracán,1,4,,,Primera Division,2021,zonas,,Fecha 17,Florencio Sola,false,https://es.wikipedia.org/wiki/Campeonato_de_Primera_División_2021_(Argentina),
2021-10-20,19:00,Estudiantes (LP),Atlético Tucumán,1,1,,,Primera Division,2021,zonas,,Fecha 17,Jorge Luis Hirschi,false,https://es.wikipedia.org/wiki/Campeonato_de_Primera_División_2021_(Argentina),
2021-10-20,21:15,Boca Juniors,Godoy Cruz,2,1,,,Primera Division,2021,zonas,,Fecha 17,La Bombonera,false,https://es.wikipedia.org/wiki/Campeonato_de_Primera_División_2021_(Argentina),
2021-10-21,14:30,Argentinos Juniors,Colón,3,1,,,Primera Division,2021,zonas,,Fecha 17,Diego Armando Maradona,false,https://es.wikipedia.org/wiki/Campeonato_de_Primera_División_2021_(Argentina),
2021-10-21,16:45,Newell's Old Boys,Aldosivi,0,0,,,Primera Division,2021,zonas,,Fecha 17,Marcelo Bielsa,false,https://es.wikipedia.org/wiki/Campeonato_de_Primera_División_2021_(Argentina),
2021-10-21,19:00,Independiente,Sarmiento (J),1,1,,,Primera Division,2021,zonas,,Fecha 17,Libertadores de América,false,https://es.wikipedia.org/wiki/Campeonato_de_Primera_División_2021_(Argentina),
2021-10-21,21:15,Talleres (C),River Plate,0,2,,,Primera Division,2021,zonas,,Fecha 17,Mario Alberto Kempes,false,https://es.wikipedia.org/wiki/Campeonato_de_Primera_División_2021_(Argentina),
2021-10-22,15:00,Argentino de Quilmes,Sacachispas,0,0,,,Primera B,2021,zonas,Torneo Clausura,Fecha 15,Argentino de Quilmes,false,https://es.wikipedia.org/wiki/Campeonato_de_Primera_B_2021_(Argentina),
2021-10-22,17:10,Güemes (SdE),Ramón Santamarina,3,0,,,Primera Nacional,2021,zonas,Zona B,Fecha 31,Arturo Miranda,false,https://es.wikipedia.org/wiki/Campeonato_de_Primera_Nacional_2021,
2021-10-22,21:10,Independiente Rivadavia,Atlético de Rafaela,3,2,,,Primera Nacional,2021,zonas,Zona B,Fecha 31,Bautista Gargantini,false,https://es.wikipedia.org/wiki/Campeonato_de_Primera_Nacional_2021,
2021-10-23,13:00,Los Andes,Acassuso,0,1,,,Primera B,2021,zonas,Torneo Clausura,Fecha 15,Eduardo Gallardón,false,https://es.wikipedia.org/wiki/Campeonato_de_Primera_B_2021_(Argentina),
2021-10-23,13:00,Tristán Suárez,Villa Dálmine,1,1,,,Primera Nacional,2021,zonas,Zona B,Fecha 31,20 de Octubre,false,https://es.wikipedia.org/wiki/Campeonato_de_Primera_Nacional_2021,
2021-10-23,13:10,Colegiales,Cañuelas,2,0,,,Primera B,2021,zonas,Torneo Clausura,Fecha 15,Libertarios Unidos,false,https://es.wikipedia.org/wiki/Campeonato_de_Primera_B_2021_(Argentina),
2021-10-23,13:30,Atlas,Deportivo Español,2,2,,,Primera C,2021,zonas,Torneo Clausura,Fecha 16,Ricardo Puga,false,https://es.wikipedia.org/wiki/Campeonato_de_Primera_C_2021_(Argentina),
2021-10-23,15:00,Comunicaciones,UAI Urquiza,2,0,,,Primera B,2021,zonas,Torneo Clausura,Fecha 15,Alfredo Ramos,false,https://es.wikipedia.org/wiki/Campeonato_de_Primera_B_2021_(Argentina),
2021-10-23,15:00,Deportivo Armenio,Talleres (RdE),1,3,,,Primera B,2021,zonas,Torneo Clausura,Fecha 15,Armenia,false,https://es.wikipedia.org/wiki/Campeonato_de_Primera_B_2021_(Argentina),
2021-10-23,15:00,Real Pilar,San Martín (B),0,0,,,Primera C,2021,zonas,Torneo Clausura,Fecha 16,Carlos Barraza,false,https://es.wikipedia.org/wiki/Campeonato_de_Primera_C_2021_(Argentina),
2021-10-23,15:00,Victoriano Arenas,El Porvenir,3,1,,,Primera C,2021,zonas,Torneo Clausura,Fecha 16,Saturnino Moure,false,https://es.wikipedia.org/wiki/Campeonato_de_Primera_C_2021_(Argentina),
2021-10-23,15:30,All Boys,Almagro,1,1,,,Primera Nacional,2021,zonas,Zona B,Fecha 31,Islas Malvinas,false,https://es.wikipedia.org/wiki/Campeonato_de_Primera_Nacional_2021,
2021-10-23,15:30,Barracas Central,Guillermo Brown,0,0,,,Primera Nacional,2021,zonas,Zona B,Fecha 31,Claudio Chiqui Tapia,false,https://es.wikipedia.org/wiki/Campeonato_de_Primera_Nacional_2021,
2021-10-23,15:30,Estudiantes (BA),Mitre (SdE),5,0,,,Primera Nacional,2021,zonas,Zona A,Fecha 31,Ciudad de Caseros,false,https://es.wikipedia.org/wiki/Campeonato_de_Primera_Nacional_2021,
2021-10-23,15:30,Fénix,Flandria,0,4,,,Primera B,2021,zonas,Torneo Clausura,Fecha 15,José Manuel Moreno,false,https://es.wikipedia.org/wiki/Campeonato_de_Primera_B_2021_(Argentina),
2021-10-23,15:45,Gimnasia y Esgrima (LP),Central Córdoba (SdE),2,2,,,Primera Division,2021,zonas,,Fecha 18,Ciudad de La Plata,false,https://es.wikipedia.org/wiki/Campeonato_de_Primera_División_2021_(Argentina),
2021-10-23,16:00,Sportivo Las Parejas,Crucero del Norte,3,1,,,Torneo Federal A,2021,zonas,Zona B,Fecha 29,4 de Septiembre,false,https://es.wikipedia.org/wiki/Torneo_Federal_A_2021,
2021-10-23,17:00,Ferro Carril Oeste (GP),Deportivo Camioneros,2,0,,,Torneo Federal A,2021,zonas,Zona A,Fecha 29,El Coloso del Barrio Talleres,false,https://es.wikipedia.org/wiki/Torneo_Federal_A_2021,
2021-10-23,17:10,Deportivo Morón,Defensores de Belgrano,3,0,,,Primera Nacional,2021,zonas,Zona B,Fecha 31,Nuevo Francisco Urbano,false,https://es.wikipedia.org/wiki/Campeonato_de_Primera_Nacional_2021,
2021-10-23,18:00,Defensa y Justicia,Platense,2,1,,,Primera Division,2021,zonas,,Fecha 18,Norberto Tomaghello,false,https://es.wikipedia.org/wiki/Campeonato_de_Primera_División_2021_(Argentina),
2021-10-23,19:00,Alvarado,Atlanta,1,0,,,Primera Nacional,2021,zonas,Zona A,Fecha 31,José María Minella,false,https://es.wikipedia.org/wiki/Campeonato_de_Primera_Nacional_2021,
2021-10-23,19:10,Tigre,Chacarita Juniors,1,0,,,Primera Nacional,2021,zonas,Zona A,Fecha 31,Monumental de Victoria,false,https://es.wikipedia.org/wiki/Campeonato_de_Primera_Nacional_2021,
2021-10-23,20:00,Deportivo Laferrere,Excursionistas,2,0,,,Primera C,2021,zonas,Torneo Clausura,Fecha 16,Ciudad de Laferrere,false,https://es.wikipedia.org/wiki/Campeonato_de_Primera_C_2021_(Argentina),
2021-10-23,20:15,Rosario Central,Racing Club,2,1,,,Primera Division,2021,zonas,,Fecha 18,Gigante de Arroyito,false,https://es.wikipedia.org/wiki/Campeonato_de_Primera_División_2021_(Argentina),
2021-10-23,21:10,Agropecuario,Almirante Brown,3,1,,,Primera Nacional,2021,zonas,Zona A,Fecha 31,Ofelia Rosenzuaig,false,https://es.wikipedia.org/wiki/Campeonato_de_Primera_Nacional_2021,
2021-10-24,11:00,Douglas Haig,Central Norte (S),0,0,,,Torneo Federal A,2021,zonas,Zona B,Fecha 29,Miguel Morales,false,https://es.wikipedia.org/wiki/Torneo_Federal_A_2021,
2021-10-24,15:00,Defensores Unidos,Deportivo Merlo,2,1,,,Primera B,2021,zonas,Torneo Clausura,Fecha 15,Gigante de Villa Fox,false,https://es.wikipedia.org/wiki/Campeonato_de_Primera_B_2021_(Argentina),
2021-10-24,15:00,Dock Sud,Berazategui,1,2,,,Primera C,2021,zonas,Torneo Clausura,Fecha 16,De los Inmigrantes,false,https://es.wikipedia.org/wiki/Campeonato_de_Primera_C_2021_(Argentina),
2021-10-24,15:00,Ferrocarril Midland,Luján,0,2,,,Primera C,2021,zonas,Torneo Clausura,Fecha 16,Ciudad de Libertad,false,https://es.wikipedia.org/wiki/Campeonato_de_Primera_C_2021_(Argentina),
2021-10-24,15:00,Ituzaingó,Leandro N. Alem,1,0,,,Primera C,2021,zonas,Torneo Clausura,Fecha 16,Carlos Alberto Sacaan,false,https://es.wikipedia.org/wiki/Campeonato_de_Primera_C_2021_(Argentina),
2021-10-24,15:00,Villa San Carlos,San Miguel,4,2,,,Primera B,2021,zonas,Torneo Clausura,Fecha 15,Genacio Sálice,false,https://es.wikipedia.org/wiki/Campeonato_de_Primera_B_2021_(Argentina),
2021-10-24,15:10,Quilmes,Nueva Chicago,3,1,,,Primera Nacional,2021,zonas,Zona A,Fecha 31,Centenario Ciudad de Quilmes,false,https://es.wikipedia.org/wiki/Campeonato_de_Primera_Nacional_2021,
2021-10-24,15:30,Gimnasia y Esgrima (J),San Martín (SJ),1,0,,,Primera Nacional,2021,zonas,Zona B,Fecha 31,23 de Agosto,false,https://es.wikipedia.org/wiki/Campeonato_de_Primera_Nacional_2021,
2021-10-24,15:45,Colón,Estudiantes (LP),2,1,,,Primera Division,2021,zonas,,Fecha 18,Brigadier General Estanislao López,false,https://es.wikipedia.org/wiki/Campeonato_de_Primera_División_2021_(Argentina),
2021-10-24,15:45,Godoy Cruz,Banfield,2,1,,,Primera Division,2021,zonas,,Fecha 18,Malvinas Argentinas,false,https://es.wikipedia.org/wiki/Campeonato_de_Primera_División_2021_(Argentina),
2021-10-24,16:00,Boca Unidos,Unión (S),5,1,,,Torneo Federal A,2021,zonas,Zona B,Fecha 29,Leoncio Benítez,false,https://es.wikipedia.org/wiki/Torneo_Federal_A_2021,
2021-10-24,16:00,Claypole,Central Córdoba (R),2,0,,,Primera C,2021,zonas,Torneo Clausura,Fecha 16,Rodolfo Capocasa,false,https://es.wikipedia.org/wiki/Campeonato_de_Primera_C_2021_(Argentina),
2021-10-24,16:00,Círculo Deportivo,Huracán Las Heras,0,2,,,Torneo Federal A,2021,zonas,Zona A,Fecha 29,Guillermo Trama,false,https://es.wikipedia.org/wiki/Torneo_Federal_A_2021,
2021-10-24,16:00,Juventud Unida (G),Defensores de Belgrano (VR),1,1,,,Torneo Federal A,2021,zonas,Zona B,Fecha 29,De los Eucaliptos,false,https://es.wikipedia.org/wiki/Torneo_Federal_A_2021,
2021-10-24,16:00,Sarmiento (R),Sportivo Belgrano,1,0,,,Torneo Federal A,2021,zonas,Zona B,Fecha 29,Centenario,false,https://es.wikipedia.org/wiki/Torneo_Federal_A_2021,
2021-10-24,16:00,Sportivo Estudiantes (SL),Olimpo,0,1,,,Torneo Federal A,2021,zonas,Zona A,Fecha 29,Héctor Odicino y Pedro Benoza,false,https://es.wikipedia.org/wiki/Torneo_Federal_A_2021,
2021-10-24,16:30,Deportivo Maipú,San Martín (T),0,2,,,Primera Nacional,2021,zonas,Zona A,Fecha 31,Omar Higinio Sperdutti,false,https://es.wikipedia.org/wiki/Campeonato_de_Primera_Nacional_2021,
2021-10-24,16:30,Gimnasia y Tiro (S),Defensores de Pronunciamiento,1,0,,,Torneo Federal A,2021,zonas,Zona B,Fecha 29,El Gigante del Norte,false,https://es.wikipedia.org/wiki/Torneo_Federal_A_2021,
2021-10-24,16:30,Villa Mitre,Juventud Unida Universitario,2,1,,,Torneo Federal A,2021,zonas,Zona A,Fecha 29,El Fortín,false,https://es.wikipedia.org/wiki/Torneo_Federal_A_2021,
2021-10-24,17:00,Ciudad de Bolívar,Sportivo Peñarol (C),3,1,,,Torneo Federal A,2021,zonas,Zona A,Fecha 29,Municipal Eva Perón,false,https://es.wikipedia.org/wiki/Torneo_Federal_A_2021,
2021-10-24,17:00,Desamparados,Sansinena,1,0,,,Torneo Federal A,2021,zonas,Zona A,Fecha 29,El Serpentario,false,https://es.wikipedia.org/wiki/Torneo_Federal_A_2021,
2021-10-24,17:00,Independiente (C),Deportivo Madryn,1,0,,,Torneo Federal A,2021,zonas,Zona A,Fecha 29,Raúl Orlando Lungarzo,false,https://es.wikipedia.org/wiki/Torneo_Federal_A_2021,
2021-10-24,18:00,Cipolletti,Sol de Mayo (V),1,1,,,Torneo Federal A,2021,zonas,Zona A,Fecha 29,La Visera de Cemento,false,https://es.wikipedia.org/wiki/Torneo_Federal_A_2021,
2021-10-24,18:00,Huracán,San Lorenzo,2,1,,,Primera Division,2021,zonas,,Fecha 18,Tomás Adolfo Ducó,false,https://es.wikipedia.org/wiki/Campeonato_de_Primera_División_2021_(Argentina),
2021-10-24,19:00,Gimnasia y Esgrima (CdU),Chaco For Ever,1,3,,,Torneo Federal A,2021,zonas,Zona B,Fecha 29,Manuel y Ramón Núñez,false,https://es.wikipedia.org/wiki/Torneo_Federal_A_2021,
2021-10-24,20:15,Vélez Sarsfield,Boca Juniors,2,0,,,Primera Division,2021,zonas,,Fecha 18,José Amalfitani,false,https://es.wikipedia.org/wiki/Campeonato_de_Primera_División_2021_(Argentina),
2021-10-25,14:30,Aldosivi,Arsenal,2,1,,,Primera Division,2021,zonas,,Fecha 18,José María Minella,false,https://es.wikipedia.org/wiki/Campeonato_de_Primera_División_2021_(Argentina),
2021-10-25,14:30,Sarmiento (J),Newell's Old Boys,2,1,,,Primera Division,2021,zonas,,Fecha 18,Eva Perón,false,https://es.wikipedia.org/wiki/Campeonato_de_Primera_División_2021_(Argentina),
2021-10-25,16:45,Atlético Tucumán,Patronato,2,2,,,Primera Division,2021,zonas,,Fecha 18,Monumental José Fierro,false,https://es.wikipedia.org/wiki/Campeonato_de_Primera_División_2021_(Argentina),
2021-10-25,16:45,Lanús,Talleres (C),3,3,,,Primera Division,2021,zonas,,Fecha 18,Ciudad de Lanús,false,https://es.wikipedia.org/wiki/Campeonato_de_Primera_División_2021_(Argentina),
2021-10-25,19:00,River Plate,Argentinos Juniors,3,0,,,Primera Division,2021,zonas,,Fecha 18,Monumental,false,https://es.wikipedia.org/wiki/Campeonato_de_Primera_División_2021_(Argentina),
2021-10-25,20:00,Instituto,Brown de Adrogué,2,2,,,Primera Nacional,2021,zonas,Zona B,Fecha 31,Juan Domingo Perón,false,https://es.wikipedia.org/wiki/Campeonato_de_Primera_Nacional_2021,
2021-10-25,21:00,Estudiantes (RC),Deportivo Riestra,2,0,,,Primera Nacional,2021,zonas,Zona A,Fecha 31,Antonio Candini,false,https://es.wikipedia.org/wiki/Campeonato_de_Primera_Nacional_2021,
2021-10-25,21:05,Temperley,Belgrano,3,2,,,Primera Nacional,2021,zonas,Zona A,Fecha 31,Alfredo Beranger,false,https://es.wikipedia.org/wiki/Campeonato_de_Primera_Nacional_2021,
2021-10-25,21:15,Independiente,Unión,1,0,,,Primera Division,2021,zonas,,Fecha 18,Libertadores de América,false,https://es.wikipedia.org/wiki/Campeonato_de_Primera_División_2021_(Argentina),
2021-10-26,15:00,General Lamadrid,Sportivo Italiano,1,1,,,Primera C,2021,zonas,Torneo Clausura,Fecha 16,Enrique Sexto,false,https://es.wikipedia.org/wiki/Campeonato_de_Primera_C_2021_(Argentina),
2021-10-26,21:10,Ferro Carril Oeste,San Telmo,6,0,,,Primera Nacional,2021,zonas,Zona B,Fecha 31,Arquitecto Ricardo Etcheverri,false,https://es.wikipedia.org/wiki/Campeonato_de_Primera_Nacional_2021,
2021-10-29,15:00,El Porvenir,Atlas,2,3,,,Primera C,2021,zonas,Torneo Clausura,Fecha 17,Gildo Ghersinich,false,https://es.wikipedia.org/wiki/Campeonato_de_Primera_C_2021_(Argentina),
2021-10-29,15:00,San Martín (B),General Lamadrid,3,4,,,Primera C,2021,zonas,Torneo Clausura,Fecha 17,Francisco Boga,false,https://es.wikipedia.org/wiki/Campeonato_de_Primera_C_2021_(Argentina),
2021-10-29,19:00,Racing Club,Defensa y Justicia,1,2,,,Primera Division,2021,zonas,,Fecha 19,El Cilindro,false,https://es.wikipedia.org/wiki/Campeonato_de_Primera_División_2021_(Argentina),
2021-10-29,20:00,Argentino de Merlo,Ituzaingó,2,2,,,Primera C,2021,zonas,Torneo Clausura,Fecha 17,Merlo,false,https://es.wikipedia.org/wiki/Campeonato_de_Primera_C_2021_(Argentina),
2021-10-29,21:00,Atlético de Rafaela,All Boys,2,0,,,Primera Nacional,2021,zonas,Zona B,Fecha 32,Nuevo Monumental,false,https://es.wikipedia.org/wiki/Campeonato_de_Primera_Nacional_2021,
2021-10-29,21:10,Ramón Santamarina,Deportivo Morón,2,0,,,Primera Nacional,2021,zonas,Zona B,Fecha 32,Municipal General San Martín,false,https://es.wikipedia.org/wiki/Campeonato_de_Primera_Nacional_2021,
2021-10-29,21:15,Argentinos Juniors,Lanús,0,1,,,Primera Division,2021,zonas,,Fecha 19,Diego Armando Maradona,false,https://es.wikipedia.org/wiki/Campeonato_de_Primera_División_2021_(Argentina),
2021-10-30,11:00,Atlanta,Estudiantes (BA),1,0,,,Primera Nacional,2021,zonas,Zona A,Fecha 32,Don León Kolbowsky,false,https://es.wikipedia.org/wiki/Campeonato_de_Primera_Nacional_2021,
2021-10-30,15:00,Cañuelas,Fénix,2,2,,,Primera B,2021,zonas,Torneo Clausura,Fecha 16,Jorge Alfredo Arín,false,https://es.wikipedia.org/wiki/Campeonato_de_Primera_B_2021_(Argentina),
2021-10-30,15:00,Central Córdoba (R),Real Pilar,1,0,,,Primera C,2021,zonas,Torneo Clausura,Fecha 17,Gabino Sosa,false,https://es.wikipedia.org/wiki/Campeonato_de_Primera_C_2021_(Argentina),
2021-10-30,15:00,Deportivo Merlo,Villa San Carlos,3,1,,,Primera B,2021,zonas,Torneo Clausura,Fecha 16,José Manuel Moreno,false,https://es.wikipedia.org/wiki/Campeonato_de_Primera_B_2021_(Argentina),
2021-10-30,15:00,Excursionistas,Claypole,4,1,,,Primera C,2021,zonas,Torneo Clausura,Fecha 17,Excursionistas,false,https://es.wikipedia.org/wiki/Campeonato_de_Primera_C_2021_(Argentina),
2021-10-30,15:00,San Miguel,Deportivo Armenio,0,1,,,Primera B,2021,zonas,Torneo Clausura,Fecha 16,Malvinas Argentinas,false,https://es.wikipedia.org/wiki/Campeonato_de_Primera_B_2021_(Argentina),
2021-10-30,15:00,Sportivo Italiano,Victoriano Arenas,1,1,,,Primera C,2021,zonas,Torneo Clausura,Fecha 17,República de Italia,false,https://es.wikipedia.org/wiki/Campeonato_de_Primera_C_2021_(Argentina),
2021-10-30,15:05,Acassuso,Colegiales,1,1,,,Primera B,2021,zonas,Torneo Clausura,Fecha 16,Armenia,false,https://es.wikipedia.org/wiki/Campeonato_de_Primera_B_2021_(Argentina),
2021-10-30,15:05,Flandria,Defensores Unidos,1,0,,,Primera B,2021,zonas,Torneo Clausura,Fecha 16,Carlos V,false,https://es.wikipedia.org/wiki/Campeonato_de_Primera_B_2021_(Argentina),
2021-10-30,15:05,Sacachispas,Los Andes,1,0,,,Primera B,2021,zonas,Torneo Clausura,Fecha 16,Beto Larrosa,false,https://es.wikipedia.org/wiki/Campeonato_de_Primera_B_2021_(Argentina),
2021-10-30,15:45,Arsenal,Sarmiento (J),1,0,,,Primera Division,2021,zonas,,Fecha 19,El Viaducto,false,https://es.wikipedia.org/wiki/Campeonato_de_Primera_División_2021_(Argentina),
2021-10-30,15:45,Platense,Atlético Tucumán,4,1,,,Primera Division,2021,zonas,,Fecha 19,Ciudad de Vicente López,false,https://es.wikipedia.org/wiki/Campeonato_de_Primera_División_2021_(Argentina),
2021-10-30,16:00,Berazategui,Deportivo Laferrere,4,1,,,Primera C,2021,zonas,Torneo Clausura,Fecha 17,Norman Lee,false,https://es.wikipedia.org/wiki/Campeonato_de_Primera_C_2021_(Argentina),
2021-10-30,16:00,Deportivo Madryn,Cipolletti,0,0,,,Torneo Federal A,2021,zonas,Zona A,Fecha 30,Abel Sastre,false,https://es.wikipedia.org/wiki/Torneo_Federal_A_2021,
2021-10-30,16:00,Sansinena,Ciudad de Bolívar,3,2,,,Torneo Federal A,2021,zonas,Zona A,Fecha 30,Luis Molina,false,https://es.wikipedia.org/wiki/Torneo_Federal_A_2021,
2021-10-30,16:30,Gimnasia y Esgrima (M),Estudiantes (RC),0,0,,,Primera Nacional,2021,zonas,Zona A,Fecha 32,Víctor Antonio Legrotaglie,false,https://es.wikipedia.org/wiki/Campeonato_de_Primera_Nacional_2021,
2021-10-30,17:00,San Martín (SJ),Instituto,1,0,,,Primera Nacional,2021,zonas,Zona B,Fecha 32,Ingeniero Hilario Sánchez,false,https://es.wikipedia.org/wiki/Campeonato_de_Primera_Nacional_2021,
2021-10-30,17:15,Villa Dálmine,Gimnasia y Esgrima (J),1,1,,,Primera Nacional,2021,zonas,Zona B,Fecha 32,El Coliseo de Mitre y Puccini,false,https://es.wikipedia.org/wiki/Campeonato_de_Primera_Nacional_2021,
2021-10-30,18:00,Banfield,Vélez Sarsfield,2,1,,,Primera Division,2021,zonas,,Fecha 19,Florencio Sola,false,https://es.wikipedia.org/wiki/Campeonato_de_Primera_División_2021_(Argentina),
2021-10-30,18:00,Talleres (C),Huracán,1,0,,,Primera Division,2021,zonas,,Fecha 19,Mario Alberto Kempes,false,https://es.wikipedia.org/wiki/Campeonato_de_Primera_División_2021_(Argentina),
2021-10-30,20:15,Boca Juniors,Gimnasia y Esgrima (LP),0,1,,,Primera Division,2021,zonas,,Fecha 19,La Bombonera,false,https://es.wikipedia.org/wiki/Campeonato_de_Primera_División_2021_(Argentina),
2021-10-30,20:30,Sol de Mayo (V),Círculo Deportivo,4,2,,,Torneo Federal A,2021,zonas,Zona A,Fecha 30,Sol de Mayo,false,https://es.wikipedia.org/wiki/Torneo_Federal_A_2021,
2021-10-31,15:00,Brown de Adrogué,Barracas Central,1,2,,,Primera Nacional,2021,zonas,Zona B,Fecha 32,Lorenzo Arandilla,false,https://es.wikipedia.org/wiki/Campeonato_de_Primera_Nacional_2021,
2021-10-31,15:00,Deportivo Español,Ferrocarril Midland,2,1,,,Primera C,2021,zonas,Torneo Clausura,Fecha 17,Nueva España,false,https://es.wikipedia.org/wiki/Campeonato_de_Primera_C_2021_(Argentina),
2021-10-31,15:00,J. J. de Urquiza,Argentino de Quilmes,3,1,,,Primera B,2021,zonas,Torneo Clausura,Fecha 16,Ramón Roque Martín,false,https://es.wikipedia.org/wiki/Campeonato_de_Primera_B_2021_(Argentina),
2021-10-31,15:00,Talleres (RdE),Comunicaciones,1,0,,,Primera B,2021,zonas,Torneo Clausura,Fecha 16,Talleres,false,https://es.wikipedia.org/wiki/Campeonato_de_Primera_B_2021_(Argentina),
2021-10-31,15:30,San Telmo,Tristán Suárez,0,1,,,Primera Nacional,2021,zonas,Zona B,Fecha 32,Dr. Osvaldo Baletto,false,https://es.wikipedia.org/wiki/Campeonato_de_Primera_Nacional_2021,
2021-10-31,15:35,Almirante Brown,Quilmes,0,0,,,Primera Nacional,2021,zonas,Zona A,Fecha 32,Fragata Sarmiento,false,https://es.wikipedia.org/wiki/Campeonato_de_Primera_Nacional_2021,
2021-10-31,15:45,San Lorenzo,Godoy Cruz,1,0,,,Primera Division,2021,zonas,,Fecha 19,Nuevo Gasómetro,false,https://es.wikipedia.org/wiki/Campeonato_de_Primera_División_2021_(Argentina),
2021-10-31,15:45,Unión,Rosario Central,3,1,,,Primera Division,2021,zonas,,Fecha 19,15 de Abril,false,https://es.wikipedia.org/wiki/Campeonato_de_Primera_División_2021_(Argentina),
2021-10-31,16:00,Guillermo Brown,Independiente Rivadavia,0,2,,,Primera Nacional,2021,zonas,Zona B,Fecha 32,Raúl Conti,false,https://es.wikipedia.org/wiki/Campeonato_de_Primera_Nacional_2021,
2021-10-31,16:30,Olimpo,Independiente (C),2,1,,,Torneo Federal A,2021,zonas,Zona A,Fecha 30,Roberto N. Carminatti,false,https://es.wikipedia.org/wiki/Torneo_Federal_A_2021,
2021-10-31,16:30,Sportivo Peñarol (C),Sportivo Estudiantes (SL),1,0,,,Torneo Federal A,2021,zonas,Zona A,Fecha 30,Ramón Pablo Rojas,false,https://es.wikipedia.org/wiki/Torneo_Federal_A_2021,
2021-10-31,17:00,Crucero del Norte,Boca Unidos,1,1,,,Torneo Federal A,2021,zonas,Zona B,Fecha 30,Comandante Andrés Guacurarí,false,https://es.wikipedia.org/wiki/Torneo_Federal_A_2021,
2021-10-31,17:00,Defensores de Belgrano (VR),Gimnasia y Tiro (S),1,1,,,Torneo Federal A,2021,zonas,Zona B,Fecha 30,Salomón Boeseldín,false,https://es.wikipedia.org/wiki/Torneo_Federal_A_2021,
2021-10-31,17:00,Defensores de Pronunciamiento,Sarmiento (R),1,2,,,Torneo Federal A,2021,zonas,Zona B,Fecha 30,Delio Cardozo,false,https://es.wikipedia.org/wiki/Torneo_Federal_A_2021,
2021-10-31,17:00,Deportivo Camioneros,Villa Mitre,0,1,,,Torneo Federal A,2021,zonas,Zona A,Fecha 30,Hugo Moyano,false,https://es.wikipedia.org/wiki/Torneo_Federal_A_2021,
2021-10-31,17:00,Huracán Las Heras,Ferro Carril Oeste (GP),3,1,,,Torneo Federal A,2021,zonas,Zona A,Fecha 30,General San Martín,false,https://es.wikipedia.org/wiki/Torneo_Federal_A_2021,suspendido
2021-10-31,17:00,Juventud Unida Universitario,Desamparados,2,0,,,Torneo Federal A,2021,zonas,Zona A,Fecha 30,Mario Sebastián Diez,false,https://es.wikipedia.org/wiki/Torneo_Federal_A_2021,
2021-10-31,17:00,Racing (C),Gimnasia y Esgrima (CdU),1,0,,,Torneo Federal A,2021,zonas,Zona B,Fecha 30,Miguel Sancho,false,https://es.wikipedia.org/wiki/Torneo_Federal_A_2021,
2021-10-31,17:00,Unión (S),Juventud Unida (G),0,1,,,Torneo Federal A,2021,zonas,Zona B,Fecha 30,De la Avenida,false,https://es.wikipedia.org/wiki/Torneo_Federal_A_2021,
2021-10-31,17:35,Defensores de Belgrano,Ferro Carril Oeste,0,2,,,Primera Nacional,2021,zonas,Zona B,Fecha 32,Juan Pasquale,false,https://es.wikipedia.org/wiki/Campeonato_de_Primera_Nacional_2021,
2021-10-31,18:00,Central Norte (S),Sportivo Las Parejas,1,0,,,Torneo Federal A,2021,zonas,Zona B,Fecha 30,Padre Ernesto Martearena,false,https://es.wikipedia.org/wiki/Torneo_Federal_A_2021,
2021-10-31,18:00,Chaco For Ever,Douglas Haig,1,0,,,Torneo Federal A,2021,zonas,Zona B,Fecha 30,Juan Alberto García,false,https://es.wikipedia.org/wiki/Torneo_Federal_A_2021,
2021-10-31,18:00,Newell's Old Boys,Independiente,1,0,,,Primera Division,2021,zonas,,Fecha 19,Marcelo Bielsa,false,https://es.wikipedia.org/wiki/Campeonato_de_Primera_División_2021_(Argentina),
2021-10-31,19:05,Belgrano,Deportivo Maipú,1,0,,,Primera Nacional,2021,zonas,Zona A,Fecha 32,Gigante de Alberdi,false,https://es.wikipedia.org/wiki/Campeonato_de_Primera_Nacional_2021,
2021-10-31,20:15,Estudiantes (LP),River Plate,1,1,,,Primera Division,2021,zonas,,Fecha 19,José Luis Hirschi,false,https://es.wikipedia.org/wiki/Campeonato_de_Primera_División_2021_(Argentina),
2021-11-01,15:00,Leandro N. Alem,Dock Sud,0,2,,,Primera C,2021,zonas,Torneo Clausura,Fecha 17,Leandro N. Alem,false,https://es.wikipedia.org/wiki/Campeonato_de_Primera_C_2021_(Argentina),
2021-11-01,15:50,Almagro,Güemes (SdE),0,0,,,Primera Nacional,2021,zonas,Zona B,Fecha 32,Tres de Febrero,false,https://es.wikipedia.org/wiki/Campeonato_de_Primera_Nacional_2021,
2021-11-01,18:00,San Martín (T),Agropecuario,1,0,,,Primera Nacional,2021,zonas,Zona A,Fecha 32,La Ciudadela,false,https://es.wikipedia.org/wiki/Campeonato_de_Primera_Nacional_2021,
2021-11-01,19:00,Deportivo Riestra,Temperley,0,0,,,Primera Nacional,2021,zonas,Zona A,Fecha 32,Juan Pasquale,false,https://es.wikipedia.org/wiki/Campeonato_de_Primera_Nacional_2021,
2021-11-01,19:00,Patronato,Colón,2,0,,,Primera Division,2021,zonas,,Fecha 19,Presbítero Bartolomé Grella,false,https://es.wikipedia.org/wiki/Campeonato_de_Primera_División_2021_(Argentina),
2021-11-01,21:10,Nueva Chicago,Tigre,2,4,,,Primera Nacional,2021,zonas,Zona A,Fecha 32,República de Mataderos,false,https://es.wikipedia.org/wiki/Campeonato_de_Primera_Nacional_2021,
2021-11-01,21:15,Central Córdoba (SdE),Aldosivi,0,0,,,Primera Division,2021,zonas,,Fecha 19,Único Madre de Ciudades,false,https://es.wikipedia.org/wiki/Campeonato_de_Primera_División_2021_(Argentina),
2021-11-02,20:05,Chacarita Juniors,Alvarado,0,2,,,Primera Nacional,2021,zonas,Zona A,Fecha 32,Chacarita Juniors,false,https://es.wikipedia.org/wiki/Campeonato_de_Primera_Nacional_2021,
2021-11-04,17:00,Deportivo Madryn,Racing (C),1,0,,,Torneo Federal A,2021,eliminacion,,Etapa final,El Viaducto,true,https://es.wikipedia.org/wiki/Torneo_Federal_A_2021,
2021-11-05,15:00,Atlas,Sportivo Italiano,0,1,,,Primera C,2021,zonas,Torneo Clausura,Fecha 18,Ricardo Puga,false,https://es.wikipedia.org/wiki/Campeonato_de_Primera_C_2021_(Argentina),
2021-11-05,15:00,Claypole,Berazategui,3,1,,,Primera C,2021,zonas,Torneo Clausura,Fecha 18,Rodolfo Capocasa,false,https://es.wikipedia.org/wiki/Campeonato_de_Primera_C_2021_(Argentina),
2021-11-05,15:00,Luján,Deportivo Español,0,1,,,Primera C,2021,zonas,Torneo Clausura,Fecha 18,Municipal de la Ciudad de Luján,false,https://es.wikipedia.org/wiki/Campeonato_de_Primera_C_2021_(Argentina),
2021-11-05,15:00,Victoriano Arenas,San Martín (B),1,2,,,Primera C,2021,zonas,Torneo Clausura,Fecha 18,Saturnino Moure,false,https://es.wikipedia.org/wiki/Campeonato_de_Primera_C_2021_(Argentina),
2021-11-05,19:00,Defensa y Justicia,Rosario Central,3,0,,,Primera Division,2021,zonas,,Fecha 20,Norberto Tomaghello,false,https://es.wikipedia.org/wiki/Campeonato_de_Primera_División_2021_(Argentina),
2021-11-05,20:30,Instituto,Villa Dálmine,1,1,,,Primera Nacional,2021,zonas,Zona B,Fecha 33,Juan Domingo Perón,false,https://es.wikipedia.org/wiki/Campeonato_de_Primera_Nacional_2021,
2021-11-05,21:00,Atlético de Rafaela,Guillermo Brown,0,1,,,Primera Nacional,2021,zonas,Zona B,Fecha 33,Nuevo Monumental,false,https://es.wikipedia.org/wiki/Campeonato_de_Primera_Nacional_2021,
2021-11-05,21:10,Mitre (SdE),Atlanta,1,1,,,Primera Nacional,2021,zonas,Zona A,Fecha 33,Doctores José y Antonio Castiglione,false,https://es.wikipedia.org/wiki/Campeonato_de_Primera_Nacional_2021,
2021-11-05,21:15,Lanús,Estudiantes (LP),1,1,,,Primera Division,2021,zonas,,Fecha 20,Ciudad de Lanús,false,https://es.wikipedia.org/wiki/Campeonato_de_Primera_División_2021_(Argentina),
2021-11-06,15:00,General Lamadrid,Central Córdoba (R),0,0,,,Primera C,2021,zonas,Torneo Clausura,Fecha 18,Enrique Sexto,false,https://es.wikipedia.org/wiki/Campeonato_de_Primera_C_2021_(Argentina),
2021-11-06,15:00,Real Pilar,Excursionistas,2,1,,,Primera C,2021,zonas,Torneo Clausura,Fecha 18,Carlos Barraza,false,https://es.wikipedia.org/wiki/Campeonato_de_Primera_C_2021_(Argentina),
2021-11-06,15:00,Tristán Suárez,Defensores de Belgrano,0,0,,,Primera Nacional,2021,zonas,Zona B,Fecha 33,20 de Octubre,false,https://es.wikipedia.org/wiki/Campeonato_de_Primera_Nacional_2021,
2021-11-06,15:35,Colegiales,Sacachispas,0,1,,,Primera B,2021,zonas,Torneo Clausura,Fecha 17,Libertarios Unidos,false,https://es.wikipedia.org/wiki/Campeonato_de_Primera_B_2021_(Argentina),
2021-11-06,15:35,Comunicaciones,San Miguel,2,2,,,Primera B,2021,zonas,Torneo Clausura,Fecha 17,Alfredo Ramos,false,https://es.wikipedia.org/wiki/Campeonato_de_Primera_B_2021_(Argentina),
2021-11-06,15:35,Defensores Unidos,Cañuelas,1,4,,,Primera B,2021,zonas,Torneo Clausura,Fecha 17,Gigante de Villa Fox,false,https://es.wikipedia.org/wiki/Campeonato_de_Primera_B_2021_(Argentina),
2021-11-06,15:35,Deportivo Armenio,Deportivo Merlo,1,2,,,Primera B,2021,zonas,Torneo Clausura,Fecha 17,Armenia,false,https://es.wikipedia.org/wiki/Campeonato_de_Primera_B_2021_(Argentina),
2021-11-06,15:35,Fénix,Acassuso,0,5,,,Primera B,2021,zonas,Torneo Clausura,Fecha 17,José Manuel Moreno,false,https://es.wikipedia.org/wiki/Campeonato_de_Primera_B_2021_(Argentina),
2021-11-06,15:35,Los Andes,J. J. de Urquiza,1,2,,,Primera B,2021,zonas,Torneo Clausura,Fecha 17,Eduardo Gallardón,false,https://es.wikipedia.org/wiki/Campeonato_de_Primera_B_2021_(Argentina),
2021-11-06,15:35,UAI Urquiza,Talleres (RdE),2,0,,,Primera B,2021,zonas,Torneo Clausura,Fecha 17,Monumental de Villa Lynch,false,https://es.wikipedia.org/wiki/Campeonato_de_Primera_B_2021_(Argentina),
2021-11-06,15:35,Villa San Carlos,Flandria,0,1,,,Primera B,2021,zonas,Torneo Clausura,Fecha 17,Genacio Sálice,false,https://es.wikipedia.org/wiki/Campeonato_de_Primera_B_2021_(Argentina),
2021-11-06,15:45,Colón,Platense,3,0,,,Primera Division,2021,zonas,,Fecha 20,Brigadier General Estanislao López,false,https://es.wikipedia.org/wiki/Campeonato_de_Primera_División_2021_(Argentina),
2021-11-06,15:45,Godoy Cruz,Talleres (C),0,2,,,Primera Division,2021,zonas,,Fecha 20,Malvinas Argentinas,false,https://es.wikipedia.org/wiki/Campeonato_de_Primera_División_2021_(Argentina),
2021-11-06,17:00,Estudiantes (BA),Chacarita Juniors,1,0,,,Primera Nacional,2021,zonas,Zona A,Fecha 33,Ciudad de Caseros,false,https://es.wikipedia.org/wiki/Campeonato_de_Primera_Nacional_2021,
2021-11-06,17:40,Quilmes,San Martín (T),0,0,,,Primera Nacional,2021,zonas,Zona A,Fecha 33,Centenario Ciudad de Quilmes,false,https://es.wikipedia.org/wiki/Campeonato_de_Primera_Nacional_2021,
2021-11-06,18:00,Independiente,Arsenal,3,0,,,Primera Division,2021,zonas,,Fecha 20,Libertadores de América,false,https://es.wikipedia.org/wiki/Campeonato_de_Primera_División_2021_(Argentina),
2021-11-06,19:00,Alvarado,Nueva Chicago,4,0,,,Primera Nacional,2021,zonas,Zona A,Fecha 33,José María Minella,false,https://es.wikipedia.org/wiki/Campeonato_de_Primera_Nacional_2021,
2021-11-06,19:40,Deportivo Morón,Almagro,1,0,,,Primera Nacional,2021,zonas,Zona B,Fecha 33,Nuevo Francisco Urbano,false,https://es.wikipedia.org/wiki/Campeonato_de_Primera_Nacional_2021,
2021-11-06,20:15,Atlético Tucumán,Racing Club,0,2,,,Primera Division,2021,zonas,,Fecha 20,Monumental José Fierro,false,https://es.wikipedia.org/wiki/Campeonato_de_Primera_División_2021_(Argentina),
2021-11-06,21:40,All Boys,Güemes (SdE),1,2,,,Primera Nacional,2021,zonas,Zona B,Fecha 33,Islas Malvinas,false,https://es.wikipedia.org/wiki/Campeonato_de_Primera_Nacional_2021,
2021-11-07,15:00,Deportivo Laferrere,Leandro N. Alem,0,2,,,Primera C,2021,zonas,Torneo Clausura,Fecha 18,Ciudad de Laferrere,false,https://es.wikipedia.org/wiki/Campeonato_de_Primera_C_2021_(Argentina),
2021-11-07,15:00,Dock Sud,Argentino de Merlo,1,4,,,Primera C,2021,zonas,Torneo Clausura,Fecha 18,De los Inmigrantes,false,https://es.wikipedia.org/wiki/Campeonato_de_Primera_C_2021_(Argentina),
2021-11-07,15:30,Gimnasia y Esgrima (J),San Telmo,2,1,,,Primera Nacional,2021,zonas,Zona B,Fecha 33,23 de Agosto,false,https://es.wikipedia.org/wiki/Campeonato_de_Primera_Nacional_2021,
2021-11-07,15:40,Barracas Central,San Martín (SJ),3,0,,,Primera Nacional,2021,zonas,Zona B,Fecha 33,Claudio Chiqui Tapia,false,https://es.wikipedia.org/wiki/Campeonato_de_Primera_Nacional_2021,
2021-11-07,15:45,Gimnasia y Esgrima (LP),Banfield,0,1,,,Primera Division,2021,zonas,,Fecha 20,Ciudad de La Plata,false,https://es.wikipedia.org/wiki/Campeonato_de_Primera_División_2021_(Argentina),
2021-11-07,15:45,Sarmiento (J),Central Córdoba (SdE),1,3,,,Primera Division,2021,zonas,,Fecha 20,Eva Perón,false,https://es.wikipedia.org/wiki/Campeonato_de_Primera_División_2021_(Argentina),
2021-11-07,16:00,Temperley,Gimnasia y Esgrima (M),1,0,,,Primera Nacional,2021,zonas,Zona A,Fecha 33,Alfredo Beranger,false,https://es.wikipedia.org/wiki/Campeonato_de_Primera_Nacional_2021,
2021-11-07,16:15,Gimnasia y Tiro (S),Villa Mitre,2,1,,,Torneo Federal A,2021,eliminacion,,Primera ronda,El Gigante del Norte,false,https://es.wikipedia.org/wiki/Torneo_Federal_A_2021,
2021-11-07,16:30,Deportivo Maipú,Deportivo Riestra,3,1,,,Primera Nacional,2021,zonas,Zona A,Fecha 33,Omar Higinio Sperdutti,false,https://es.wikipedia.org/wiki/Campeonato_de_Primera_Nacional_2021,
2021-11-07,16:30,Olimpo,Sportivo Las Parejas,3,1,,,Torneo Federal A,2021,eliminacion,,Primera ronda,Roberto N. Carminatti,false,https://es.wikipedia.org/wiki/Torneo_Federal_A_2021,
2021-11-07,16:30,Sportivo Peñarol (C),Defensores de Pronunciamiento,2,5,,,Torneo Federal A,2021,eliminacion,,Primera ronda,Ramón Pablo Rojas,false,https://es.wikipedia.org/wiki/Torneo_Federal_A_2021,
2021-11-07,17:00,Sol de Mayo (V),Defensores de Belgrano (VR),2,4,,,Torneo Federal A,2021,eliminacion,,Primera ronda,Sol de Mayo,false,https://es.wikipedia.org/wiki/Torneo_Federal_A_2021,
2021-11-07,17:40,Tigre,Almirante Brown,3,1,,,Primera Nacional,2021,zonas,Zona A,Fecha 33,Monumental de Victoria,false,https://es.wikipedia.org/wiki/Campeonato_de_Primera_Nacional_2021,
2021-11-07,18:00,Central Norte (S),Juventud Unida Universitario,1,0,,,Torneo Federal A,2021,eliminacion,,Primera ronda,Padre Ernesto Martearena,false,https://es.wikipedia.org/wiki/Torneo_Federal_A_2021,
2021-11-07,18:00,Cipolletti,Juventud Unida (G),1,0,,,Torneo Federal A,2021,eliminacion,,Primera ronda,La Visera de Cemento,false,https://es.wikipedia.org/wiki/Torneo_Federal_A_2021,
2021-11-07,18:00,Vélez Sarsfield,San Lorenzo,2,1,,,Primera Division,2021,zonas,,Fecha 20,José Amalfitani,false,https://es.wikipedia.org/wiki/Campeonato_de_Primera_División_2021_(Argentina),
2021-11-07,18:30,Chaco For Ever,Independiente (C),2,1,,,Torneo Federal A,2021,eliminacion,,Primera ronda,Juan Alberto García,false,https://es.wikipedia.org/wiki/Torneo_Federal_A_2021,
2021-11-07,20:00,Ferrocarril Midland,El Porvenir,2,1,,,Primera C,2021,zonas,Torneo Clausura,Fecha 18,Ciudad de Libertad,false,https://es.wikipedia.org/wiki/Campeonato_de_Primera_C_2021_(Argentina),
2021-11-07,20:15,River Plate,Patronato,5,0,,,Primera Division,2021,zonas,,Fecha 20,Monumental,false,https://es.wikipedia.org/wiki/Campeonato_de_Primera_División_2021_(Argentina),
2021-11-08,16:45,Newell's Old Boys,Unión,1,0,,,Primera Division,2021,zonas,,Fecha 20,Marcelo Bielsa,false,https://es.wikipedia.org/wiki/Campeonato_de_Primera_División_2021_(Argentina),
2021-11-08,17:10,Ferro Carril Oeste,Ramón Santamarina,2,0,,,Primera Nacional,2021,zonas,Zona B,Fecha 33,Arquitecto Ricardo Etcheverri,false,https://es.wikipedia.org/wiki/Campeonato_de_Primera_Nacional_2021,
2021-11-08,19:00,Huracán,Argentinos Juniors,1,1,,,Primera Division,2021,zonas,,Fecha 20,Tomás Adolfo Ducó,false,https://es.wikipedia.org/wiki/Campeonato_de_Primera_División_2021_(Argentina),
2021-11-08,21:00,Independiente Rivadavia,Brown de Adrogué,2,1,,,Primera Nacional,2021,zonas,Zona B,Fecha 33,Bautista Gargantini,false,https://es.wikipedia.org/wiki/Campeonato_de_Primera_Nacional_2021,
2021-11-08,21:15,Aldosivi,Boca Juniors,0,3,,,Primera Division,2021,zonas,,Fecha 20,José María Minella,false,https://es.wikipedia.org/wiki/Campeonato_de_Primera_División_2021_(Argentina),
2021-11-09,20:35,Agropecuario,Belgrano,1,2,,,Primera Nacional,2021,zonas,Zona A,Fecha 33,Ofelia Rosenzuaig,false,https://es.wikipedia.org/wiki/Campeonato_de_Primera_Nacional_2021,
2021-11-11,15:30,El Porvenir,Luján,0,1,,,Primera C,2021,zonas,Torneo Clausura,Fecha 19,Gildo Ghersinich,false,https://es.wikipedia.org/wiki/Campeonato_de_Primera_C_2021_(Argentina),
2021-11-11,15:30,Leandro N. Alem,Claypole,1,2,,,Primera C,2021,zonas,Torneo Clausura,Fecha 19,Leandro N. Alem,false,https://es.wikipedia.org/wiki/Campeonato_de_Primera_C_2021_(Argentina),
2021-11-11,15:30,San Martín (B),Atlas,1,2,,,Primera C,2021,zonas,Torneo Clausura,Fecha 19,Francisco Boga,false,https://es.wikipedia.org/wiki/Campeonato_de_Primera_C_2021_(Argentina),
2021-11-11,16:30,Colegiales,Flandria,1,0,,,Primera B,2021,eliminacion,,Partidos,Libertarios Unidos,false,https://es.wikipedia.org/wiki/Campeonato_de_Primera_B_2021_(Argentina),
2021-11-11,21:00,Estudiantes (RC),Temperley,1,3,,,Primera Nacional,2021,zonas,Zona A,Fecha 34,Fragata Sarmiento,false,https://es.wikipedia.org/wiki/Campeonato_de_Primera_Nacional_2021,
2021-11-12,15:00,Argentino de Merlo,Deportivo Laferrere,3,1,,,Primera C,2021,zonas,Torneo Clausura,Fecha 19,Merlo,false,https://es.wikipedia.org/wiki/Campeonato_de_Primera_C_2021_(Argentina),
2021-11-12,15:00,Berazategui,Real Pilar,1,0,,,Primera C,2021,zonas,Torneo Clausura,Fecha 19,El Viaducto,false,https://es.wikipedia.org/wiki/Campeonato_de_Primera_C_2021_(Argentina),
2021-11-12,15:00,Central Córdoba (R),Victoriano Arenas,3,1,,,Primera C,2021,zonas,Torneo Clausura,Fecha 19,Gabino Sosa,false,https://es.wikipedia.org/wiki/Campeonato_de_Primera_C_2021_(Argentina),
2021-11-12,15:00,Excursionistas,General Lamadrid,3,1,,,Primera C,2021,zonas,Torneo Clausura,Fecha 19,Excursionistas,false,https://es.wikipedia.org/wiki/Campeonato_de_Primera_C_2021_(Argentina),
2021-11-12,15:00,Ituzaingó,Dock Sud,1,0,,,Primera C,2021,zonas,Torneo Clausura,Fecha 19,Carlos Alberto Sacaan,false,https://es.wikipedia.org/wiki/Campeonato_de_Primera_C_2021_(Argentina),
2021-11-12,15:00,Nueva Chicago,Estudiantes (BA),0,0,,,Primera Nacional,2021,zonas,Zona A,Fecha 34,República de Mataderos,false,https://es.wikipedia.org/wiki/Campeonato_de_Primera_Nacional_2021,
2021-11-12,15:00,Sportivo Italiano,Ferrocarril Midland,4,0,,,Primera C,2021,zonas,Torneo Clausura,Fecha 19,República de Italia,false,https://es.wikipedia.org/wiki/Campeonato_de_Primera_C_2021_(Argentina),
2021-11-12,16:00,Chacarita Juniors,Mitre (SdE),1,3,,,Primera Nacional,2021,zonas,Zona A,Fecha 34,Chacarita Juniors,false,https://es.wikipedia.org/wiki/Campeonato_de_Primera_Nacional_2021,
2021-11-12,16:00,Guillermo Brown,All Boys,1,0,,,Primera Nacional,2021,zonas,Zona B,Fecha 34,Raúl Conti,false,https://es.wikipedia.org/wiki/Campeonato_de_Primera_Nacional_2021,
2021-11-15,17:00,Almagro,Ferro Carril Oeste,2,3,,,Primera Nacional,2021,zonas,Zona B,Fecha 34,Tres de Febrero,false,https://es.wikipedia.org/wiki/Campeonato_de_Primera_Nacional_2021,
2021-11-15,17:00,Brown de Adrogué,Atlético de Rafaela,2,1,,,Primera Nacional,2021,zonas,Zona B,Fecha 34,Lorenzo Arandilla,false,https://es.wikipedia.org/wiki/Campeonato_de_Primera_Nacional_2021,
2021-11-15,17:00,Defensores de Belgrano,Gimnasia y Esgrima (J),0,1,,,Primera Nacional,2021,zonas,Zona B,Fecha 34,Juan Pasquale,false,https://es.wikipedia.org/wiki/Campeonato_de_Primera_Nacional_2021,
2021-11-15,17:00,Güemes (SdE),Deportivo Morón,1,2,,,Primera Nacional,2021,zonas,Zona B,Fecha 34,Arturo Miranda,false,https://es.wikipedia.org/wiki/Campeonato_de_Primera_Nacional_2021,
2021-11-15,17:00,Ramón Santamarina,Tristán Suárez,0,0,,,Primera Nacional,2021,zonas,Zona B,Fecha 34,Municipal General San Martín,false,https://es.wikipedia.org/wiki/Campeonato_de_Primera_Nacional_2021,
2021-11-15,17:00,San Martín (SJ),Independiente Rivadavia,0,1,,,Primera Nacional,2021,zonas,Zona B,Fecha 34,Ingeniero Hilario Sánchez,false,https://es.wikipedia.org/wiki/Campeonato_de_Primera_Nacional_2021,
2021-11-15,17:00,San Telmo,Instituto,0,1,,,Primera Nacional,2021,zonas,Zona B,Fecha 34,Dr. Osvaldo Baletto,false,https://es.wikipedia.org/wiki/Campeonato_de_Primera_Nacional_2021,
2021-11-15,17:00,Villa Dálmine,Barracas Central,1,3,,,Primera Nacional,2021,zonas,Zona B,Fecha 34,El Coliseo de Mitre y Puccini,false,https://es.wikipedia.org/wiki/Campeonato_de_Primera_Nacional_2021,
2021-11-15,19:10,Almirante Brown,Alvarado,3,2,,,Primera Nacional,2021,zonas,Zona A,Fecha 34,Fragata Sarmiento,false,https://es.wikipedia.org/wiki/Campeonato_de_Primera_Nacional_2021,
2021-11-15,19:10,Belgrano,Quilmes,0,1,,,Primera Nacional,2021,zonas,Zona A,Fecha 34,Gigante de Alberdi,false,https://es.wikipedia.org/wiki/Campeonato_de_Primera_Nacional_2021,
2021-11-15,19:10,Deportivo Riestra,Agropecuario,1,2,,,Primera Nacional,2021,zonas,Zona A,Fecha 34,Juan Pasquale,false,https://es.wikipedia.org/wiki/Campeonato_de_Primera_Nacional_2021,
2021-11-15,19:10,Gimnasia y Esgrima (M),Deportivo Maipú,1,1,,,Primera Nacional,2021,zonas,Zona A,Fecha 34,Víctor Antonio Legrotaglie,false,https://es.wikipedia.org/wiki/Campeonato_de_Primera_Nacional_2021,
2021-11-15,19:10,San Martín (T),Tigre,0,2,,,Primera Nacional,2021,zonas,Zona A,Fecha 34,La Ciudadela,false,https://es.wikipedia.org/wiki/Campeonato_de_Primera_Nacional_2021,
2021-11-18,17:00,Unión,Defensa y Justicia,2,3,,,Primera Division,2021,zonas,,Fecha 21,15 de Abril,false,https://es.wikipedia.org/wiki/Campeonato_de_Primera_División_2021_(Argentina),
2021-11-18,19:15,Patronato,Lanús,3,2,,,Primera Division,2021,zonas,,Fecha 21,Presbítero Bartolomé Grella,false,https://es.wikipedia.org/wiki/Campeonato_de_Primera_División_2021_(Argentina),
2021-11-18,21:30,Banfield,Aldosivi,0,2,,,Primera Division,2021,zonas,,Fecha 21,Florencio Sola,false,https://es.wikipedia.org/wiki/Campeonato_de_Primera_División_2021_(Argentina),
2021-11-19,17:00,Estudiantes (LP),Huracán,4,1,,,Primera Division,2021,zonas,,Fecha 21,Jorge Luis Hirschi,false,https://es.wikipedia.org/wiki/Campeonato_de_Primera_División_2021_(Argentina),
2021-11-19,19:15,San Lorenzo,Gimnasia y Esgrima (LP),0,1,,,Primera Division,2021,zonas,,Fecha 21,Nuevo Gasómetro,false,https://es.wikipedia.org/wiki/Campeonato_de_Primera_División_2021_(Argentina),
2021-11-19,21:30,Argentinos Juniors,Godoy Cruz,0,0,,,Primera Division,2021,zonas,,Fecha 21,Diego Armando Maradona,false,https://es.wikipedia.org/wiki/Campeonato_de_Primera_División_2021_(Argentina),
2021-11-19,21:30,Talleres (C),Vélez Sarsfield,1,1,,,Primera Division,2021,zonas,,Fecha 21,Mario Alberto Kempes,false,https://es.wikipedia.org/wiki/Campeonato_de_Primera_División_2021_(Argentina),
2021-11-20,,Deportivo Laferrere,Argentino de Merlo,0,0,1,3,Primera C,2021,eliminacion,,Primera fase,Estadio Ciudad de Laferrere,false,https://es.wikipedia.org/wiki/Campeonato_de_Primera_C_2021_(Argentina),
2021-11-20,,Ituzaingó,Excursionistas,1,0,,,Primera C,2021,eliminacion,,Primera fase,Estadio Carlos Alberto Sacaan,false,https://es.wikipedia.org/wiki/Campeonato_de_Primera_C_2021_(Argentina),
2021-11-20,17:00,Berazategui,Dock Sud,0,0,,,Primera C,2021,eliminacion,,Partidos,Centenario Ciudad de Quilmes,false,https://es.wikipedia.org/wiki/Campeonato_de_Primera_C_2021_(Argentina),
2021-11-20,17:00,Flandria,Colegiales,1,0,6,5,Primera B,2021,eliminacion,,Partidos,Carlos V,false,https://es.wikipedia.org/wiki/Campeonato_de_Primera_B_2021_(Argentina),
2021-11-20,17:00,Rosario Central,Atlético Tucumán,3,1,,,Primera Division,2021,zonas,,Fecha 21,Gigante de Arroyito,false,https://es.wikipedia.org/wiki/Campeonato_de_Primera_División_2021_(Argentina),
2021-11-20,19:15,Boca Juniors,Sarmiento (J),2,0,,,Primera Division,2021,zonas,,Fecha 21,La Bombonera,false,https://es.wikipedia.org/wiki/Campeonato_de_Primera_División_2021_(Argentina),
2021-11-20,21:30,Central Córdoba (SdE),Independiente,1,0,,,Primera Division,2021,zonas,,Fecha 21,Único Madre de Ciudades,false,https://es.wikipedia.org/wiki/Campeonato_de_Primera_División_2021_(Argentina),
2021-11-21,,Central Córdoba (R),Sportivo Italiano,0,2,,,Primera C,2021,eliminacion,,Primera fase,Estadio Gabino Sosa,false,https://es.wikipedia.org/wiki/Campeonato_de_Primera_C_2021_(Argentina),
2021-11-21,,Deportivo Morón,Quilmes,2,2,,,Primera Nacional,2021,eliminacion,,Primera fase,Estadio Nuevo Francisco Urbano,false,https://es.wikipedia.org/wiki/Campeonato_de_Primera_Nacional_2021,
2021-11-21,,J. J. de Urquiza,Defensores Unidos,2,0,,,Primera B,2021,eliminacion,,Primera fase,,false,https://es.wikipedia.org/wiki/Campeonato_de_Primera_B_2021_(Argentina),
2021-11-21,,Los Andes,Acassuso,0,0,6,5,Primera B,2021,eliminacion,,Primera fase,,false,https://es.wikipedia.org/wiki/Campeonato_de_Primera_B_2021_(Argentina),
2021-11-21,,Sacachispas,Deportivo Merlo,2,2,5,4,Primera B,2021,eliminacion,,Primera fase,Estadio Beto Larrosa,false,https://es.wikipedia.org/wiki/Campeonato_de_Primera_B_2021_(Argentina),
2021-11-21,17:00,Argentino de Quilmes,San Miguel,0,1,,,Primera B,2021,zonas,,Fecha 1,Argentino de Quilmes,false,https://es.wikipedia.org/wiki/Campeonato_de_Primera_B_2021_(Argentina),
2021-11-21,17:00,Arsenal,Newell's Old Boys,3,1,,,Primera Division,2021,zonas,,Fecha 21,El Viaducto,false,https://es.wikipedia.org/wiki/Campeonato_de_Primera_División_2021_(Argentina),
2021-11-21,17:00,Central Norte (S),Olimpo,0,0,5,4,Torneo Federal A,2021,eliminacion,,Segunda ronda,Juan Domingo Perón,true,https://es.wikipedia.org/wiki/Torneo_Federal_A_2021,
2021-11-21,17:00,Cipolletti,Chaco For Ever,0,0,3,4,Torneo Federal A,2021,eliminacion,,Segunda ronda,Antonio Candini,true,https://es.wikipedia.org/wiki/Torneo_Federal_A_2021,
2021-11-21,17:00,Fénix,UAI Urquiza,1,2,,,Primera B,2021,zonas,,Fecha 1,José Manuel Moreno,false,https://es.wikipedia.org/wiki/Campeonato_de_Primera_B_2021_(Argentina),
2021-11-21,17:00,Gimnasia y Tiro (S),Defensores de Pronunciamiento,3,2,,,Torneo Federal A,2021,eliminacion,,Segunda ronda,Juan Alberto García,true,https://es.wikipedia.org/wiki/Torneo_Federal_A_2021,
2021-11-21,17:00,Racing (C),Defensores de Belgrano (VR),2,0,,,Torneo Federal A,2021,eliminacion,,Segunda ronda,Nuevo Monumental,true,https://es.wikipedia.org/wiki/Torneo_Federal_A_2021,
2021-11-21,17:00,Villa San Carlos,Deportivo Armenio,0,0,,,Primera B,2021,zonas,,Fecha 1,Genacio Sálice,false,https://es.wikipedia.org/wiki/Campeonato_de_Primera_B_2021_(Argentina),
2021-11-21,19:15,Racing Club,Colón,1,2,,,Primera Division,2021,zonas,,Fecha 21,El Cilindro,false,https://es.wikipedia.org/wiki/Campeonato_de_Primera_División_2021_(Argentina),
2021-11-21,21:30,Platense,River Plate,0,1,,,Primera Division,2021,zonas,,Fecha 21,Ciudad de Vicente López,false,https://es.wikipedia.org/wiki/Campeonato_de_Primera_División_2021_(Argentina),
2021-11-22,,Independiente Rivadavia,Almirante Brown,1,1,,,Primera Nacional,2021,eliminacion,,Primera fase,Estadio Bautista Gargantini,false,https://es.wikipedia.org/wiki/Campeonato_de_Primera_Nacional_2021,
2021-11-22,,San Martín (T),Ferro Carril Oeste,1,3,,,Primera Nacional,2021,eliminacion,,Primera fase,Estadio La Ciudadela,false,https://es.wikipedia.org/wiki/Campeonato_de_Primera_Nacional_2021,
2021-11-22,21:10,Tigre,Barracas Central,1,0,,,Primera Nacional,2021,eliminacion,,Final,Florencio Sola,true,https://es.wikipedia.org/wiki/Campeonato_de_Primera_Nacional_2021,
2021-11-23,17:00,Gimnasia y Esgrima (LP),Talleres (C),5,2,,,Primera Division,2021,zonas,,Fecha 22,Del Bosque,false,https://es.wikipedia.org/wiki/Campeonato_de_Primera_División_2021_(Argentina),
2021-11-23,17:00,Huracán,Patronato,1,0,,,Primera Division,2021,zonas,,Fecha 22,Tomás Adolfo Ducó,false,https://es.wikipedia.org/wiki/Campeonato_de_Primera_División_2021_(Argentina),
2021-11-23,19:15,Aldosivi,San Lorenzo,2,0,,,Primera Division,2021,zonas,,Fecha 22,José María Minella,false,https://es.wikipedia.org/wiki/Campeonato_de_Primera_División_2021_(Argentina),
2021-11-23,21:30,Godoy Cruz,Estudiantes (LP),1,3,,,Primera Division,2021,zonas,,Fecha 22,Malvinas Argentinas,false,https://es.wikipedia.org/wiki/Campeonato_de_Primera_División_2021_(Argentina),
2021-11-23,21:30,Vélez Sarsfield,Argentinos Juniors,2,0,,,Primera Division,2021,zonas,,Fecha 22,José Amalfitani,false,https://es.wikipedia.org/wiki/Campeonato_de_Primera_División_2021_(Argentina),
2021-11-24,17:00,Newell's Old Boys,Central Córdoba (SdE),1,0,,,Primera Division,2021,zonas,,Fecha 22,Marcelo Bielsa,false,https://es.wikipedia.org/wiki/Campeonato_de_Primera_División_2021_(Argentina),
2021-11-24,17:00,Sarmiento (J),Banfield,0,0,,,Primera Division,2021,zonas,,Fecha 22,Eva Perón,false,https://es.wikipedia.org/wiki/Campeonato_de_Primera_División_2021_(Argentina),
2021-11-24,19:15,Atlético Tucumán,Defensa y Justicia,0,4,,,Primera Division,2021,zonas,,Fecha 22,Monumental José Fierro,false,https://es.wikipedia.org/wiki/Campeonato_de_Primera_División_2021_(Argentina),
2021-11-24,21:30,Independiente,Boca Juniors,1,0,,,Primera Division,2021,zonas,,Fecha 22,Libertadores de América,false,https://es.wikipedia.org/wiki/Campeonato_de_Primera_División_2021_(Argentina),
2021-11-25,17:00,Arsenal,Unión,0,1,,,Primera Division,2021,zonas,,Fecha 22,El Viaducto,false,https://es.wikipedia.org/wiki/Campeonato_de_Primera_División_2021_(Argentina),
2021-11-25,19:15,Colón,Rosario Central,1,4,,,Primera Division,2021,zonas,,Fecha 22,Brigadier General Estanislao López,false,https://es.wikipedia.org/wiki/Campeonato_de_Primera_División_2021_(Argentina),
2021-11-25,19:15,Lanús,Platense,3,3,,,Primera Division,2021,zonas,,Fecha 22,Ciudad de Lanús,false,https://es.wikipedia.org/wiki/Campeonato_de_Primera_División_2021_(Argentina),
2021-11-25,21:30,River Plate,Racing Club,4,0,,,Primera Division,2021,zonas,,Fecha 22,Monumental,false,https://es.wikipedia.org/wiki/Campeonato_de_Primera_División_2021_(Argentina),
2021-11-27,,J. J. de Urquiza,Sacachispas,1,1,,,Primera B,2021,eliminacion,,Semifinales,Estadio Ramón Roque Martín,false,https://es.wikipedia.org/wiki/Campeonato_de_Primera_B_2021_(Argentina),
2021-11-27,,Los Andes,Colegiales,1,0,,,Primera B,2021,eliminacion,,Semifinales,Estadio Eduardo Gallardón,false,https://es.wikipedia.org/wiki/Campeonato_de_Primera_B_2021_(Argentina),
2021-11-27,,Quilmes,Deportivo Morón,1,1,5,4,Primera Nacional,2021,eliminacion,,Primera fase,Estadio Centenario Ciudad de Quilmes,false,https://es.wikipedia.org/wiki/Campeonato_de_Primera_Nacional_2021,
2021-11-27,17:00,Deportivo Armenio,Talleres (RdE),0,0,,,Primera B,2021,zonas,,Fecha 2,Armenia,false,https://es.wikipedia.org/wiki/Campeonato_de_Primera_B_2021_(Argentina),
2021-11-27,17:00,San Miguel,Comunicaciones,0,3,,,Primera B,2021,zonas,,Fecha 2,Malvinas Argentinas,false,https://es.wikipedia.org/wiki/Campeonato_de_Primera_B_2021_(Argentina),
2021-11-27,17:00,Talleres (C),Aldosivi,2,0,,,Primera Division,2021,zonas,,Fecha 23,Mario Alberto Kempes,false,https://es.wikipedia.org/wiki/Campeonato_de_Primera_División_2021_(Argentina),
2021-11-27,17:00,UAI Urquiza,Cañuelas,1,2,,,Primera B,2021,zonas,,Fecha 2,Monumental de Villa Lynch,false,https://es.wikipedia.org/wiki/Campeonato_de_Primera_B_2021_(Argentina),
2021-11-27,19:15,Patronato,Godoy Cruz,0,3,,,Primera Division,2021,zonas,,Fecha 23,Presbítero Bartolomé Grella,false,https://es.wikipedia.org/wiki/Campeonato_de_Primera_División_2021_(Argentina),
2021-11-27,21:30,Estudiantes (LP),Vélez Sarsfield,1,0,,,Primera Division,2021,zonas,,Fecha 23,Jorge Luis Hirschi,false,https://es.wikipedia.org/wiki/Campeonato_de_Primera_División_2021_(Argentina),
2021-11-28,,Almirante Brown,Independiente Rivadavia,1,0,,,Primera Nacional,2021,eliminacion,,Primera fase,Estadio Fragata Sarmiento,false,https://es.wikipedia.org/wiki/Campeonato_de_Primera_Nacional_2021,
2021-11-28,17:00,Dock Sud,Berazategui,2,0,,,Primera C,2021,eliminacion,,Partidos,De los Inmigrantes,false,https://es.wikipedia.org/wiki/Campeonato_de_Primera_C_2021_(Argentina),
2021-11-28,17:00,Rosario Central,River Plate,2,2,,,Primera Division,2021,zonas,,Fecha 23,Gigante de Arroyito,false,https://es.wikipedia.org/wiki/Campeonato_de_Primera_División_2021_(Argentina),
2021-11-28,18:00,Gimnasia y Tiro (S),Central Norte (S),2,1,,,Torneo Federal A,2021,eliminacion,,Tercera ronda,Padre Ernesto Martearena,true,https://es.wikipedia.org/wiki/Torneo_Federal_A_2021,
2021-11-28,18:00,Racing (C),Chaco For Ever,1,1,3,4,Torneo Federal A,2021,eliminacion,,Tercera ronda,Doctores José y Antonio Castiglione,true,https://es.wikipedia.org/wiki/Torneo_Federal_A_2021,
2021-11-28,19:15,Argentinos Juniors,Gimnasia y Esgrima (LP),3,0,,,Primera Division,2021,zonas,,Fecha 23,Diego Armando Maradona,false,https://es.wikipedia.org/wiki/Campeonato_de_Primera_División_2021_(Argentina),
2021-11-28,19:15,Defensa y Justicia,Colón,1,1,,,Primera Division,2021,zonas,,Fecha 23,Norberto Tomaghello,false,https://es.wikipedia.org/wiki/Campeonato_de_Primera_División_2021_(Argentina),
2021-11-29,,Ferro Carril Oeste,San Martín (T),0,1,,,Primera Nacional,2021,eliminacion,,Primera fase,Estadio Arquitecto Ricardo Etcheverri,false,https://es.wikipedia.org/wiki/Campeonato_de_Primera_Nacional_2021,
2021-11-29,17:00,Unión,Atlético Tucumán,3,0,,,Primera Division,2021,zonas,,Fecha 23,15 de Abril,false,https://es.wikipedia.org/wiki/Campeonato_de_Primera_División_2021_(Argentina),
2021-11-29,19:15,Racing Club,Lanús,3,1,,,Primera Division,2021,zonas,,Fecha 23,El Cilindro,false,https://es.wikipedia.org/wiki/Campeonato_de_Primera_División_2021_(Argentina),
2021-11-29,21:30,Central Córdoba (SdE),Arsenal,5,0,,,Primera Division,2021,zonas,,Fecha 23,Único Madre de Ciudades,false,https://es.wikipedia.org/wiki/Campeonato_de_Primera_División_2021_(Argentina),
2021-11-29,21:30,Platense,Huracán,4,2,,,Primera Division,2021,zonas,,Fecha 23,Ciudad de Vicente López,false,https://es.wikipedia.org/wiki/Campeonato_de_Primera_División_2021_(Argentina),
2021-11-30,17:00,San Lorenzo,Sarmiento (J),1,0,,,Primera Division,2021,zonas,,Fecha 23,Nuevo Gasómetro,false,https://es.wikipedia.org/wiki/Campeonato_de_Primera_División_2021_(Argentina),
2021-11-30,21:30,Banfield,Independiente,4,1,,,Primera Division,2021,zonas,,Fecha 23,Florencio Sola,false,https://es.wikipedia.org/wiki/Campeonato_de_Primera_División_2021_(Argentina),
2021-11-30,21:30,Boca Juniors,Newell's Old Boys,0,0,,,Primera Division,2021,zonas,,Fecha 23,La Bombonera,false,https://es.wikipedia.org/wiki/Campeonato_de_Primera_División_2021_(Argentina),
2021-12-03,,Argentino de Merlo,Berazategui,1,0,,,Primera C,2021,eliminacion,,Semifinales,Estadio de Argentino,false,https://es.wikipedia.org/wiki/Campeonato_de_Primera_C_2021_(Argentina),
2021-12-03,,Sportivo Italiano,Ituzaingó,0,0,,,Primera C,2021,eliminacion,,Semifinales,Estadio República de Italia,false,https://es.wikipedia.org/wiki/Campeonato_de_Primera_C_2021_(Argentina),
2021-12-03,19:15,Central Córdoba (SdE),Unión,2,0,,,Primera Division,2021,zonas,,Fecha 24,Único Madre de Ciudades,false,https://es.wikipedia.org/wiki/Campeonato_de_Primera_División_2021_(Argentina),
2021-12-03,19:15,Colón,Atlético Tucumán,3,0,,,Primera Division,2021,zonas,,Fecha 24,Brigadier General Estanislao López,false,https://es.wikipedia.org/wiki/Campeonato_de_Primera_División_2021_(Argentina),
2021-12-03,21:30,Vélez Sarsfield,Patronato,0,0,,,Primera Division,2021,zonas,,Fecha 24,José Amalfitani,false,https://es.wikipedia.org/wiki/Campeonato_de_Primera_División_2021_(Argentina),
2021-12-04,17:00,Arsenal,Boca Juniors,1,1,,,Primera Division,2021,zonas,,Fecha 24,El Viaducto,false,https://es.wikipedia.org/wiki/Campeonato_de_Primera_División_2021_(Argentina),
2021-12-04,17:00,Cañuelas,Fénix,1,1,,,Primera B,2021,zonas,,Fecha 3,Jorge Alfredo Arín,false,https://es.wikipedia.org/wiki/Campeonato_de_Primera_B_2021_(Argentina),
2021-12-04,17:00,Comunicaciones,Argentino de Quilmes,4,1,,,Primera B,2021,zonas,,Fecha 3,Alfredo Ramos,false,https://es.wikipedia.org/wiki/Campeonato_de_Primera_B_2021_(Argentina),
2021-12-04,19:15,Godoy Cruz,Platense,2,2,,,Primera Division,2021,zonas,,Fecha 24,Malvinas Argentinas,false,https://es.wikipedia.org/wiki/Campeonato_de_Primera_División_2021_(Argentina),
2021-12-04,19:15,Sarmiento (J),Talleres (C),1,2,,,Primera Division,2021,zonas,,Fecha 24,Eva Perón,false,https://es.wikipedia.org/wiki/Campeonato_de_Primera_División_2021_(Argentina),
2021-12-04,21:10,Talleres (RdE),Villa San Carlos,1,0,,,Primera B,2021,zonas,,Fecha 3,Talleres,false,https://es.wikipedia.org/wiki/Campeonato_de_Primera_B_2021_(Argentina),
2021-12-04,21:30,Huracán,Racing Club,1,0,,,Primera Division,2021,zonas,,Fecha 24,Tomás Adolfo Ducó,false,https://es.wikipedia.org/wiki/Campeonato_de_Primera_División_2021_(Argentina),
2021-12-04,21:30,Lanús,Rosario Central,2,2,,,Primera Division,2021,zonas,,Fecha 24,Ciudad de Lanús,false,https://es.wikipedia.org/wiki/Campeonato_de_Primera_División_2021_(Argentina),
2021-12-05,,Colegiales,Los Andes,1,0,3,1,Primera B,2021,eliminacion,,Semifinales,Estadio Libertarios Unidos,false,https://es.wikipedia.org/wiki/Campeonato_de_Primera_B_2021_(Argentina),
2021-12-05,,Sacachispas,J. J. de Urquiza,1,0,,,Primera B,2021,eliminacion,,Semifinales,Estadio Beto Larrosa,false,https://es.wikipedia.org/wiki/Campeonato_de_Primera_B_2021_(Argentina),
2021-12-05,17:00,Gimnasia y Esgrima (LP),Estudiantes (LP),4,4,,,Primera Division,2021,zonas,,Fecha 24,Del Bosque,false,https://es.wikipedia.org/wiki/Campeonato_de_Primera_División_2021_(Argentina),
2021-12-05,18:00,Gimnasia y Tiro (S),Chaco For Ever,0,1,,,Torneo Federal A,2021,eliminacion,,Cuarta ronda,Doctores José y Antonio Castiglione,true,https://es.wikipedia.org/wiki/Torneo_Federal_A_2021,
2021-12-05,19:15,Independiente,San Lorenzo,1,1,,,Primera Division,2021,zonas,,Fecha 24,Libertadores de América,false,https://es.wikipedia.org/wiki/Campeonato_de_Primera_División_2021_(Argentina),
2021-12-05,21:30,River Plate,Defensa y Justicia,2,3,,,Primera Division,2021,zonas,,Fecha 24,Monumental,false,https://es.wikipedia.org/wiki/Campeonato_de_Primera_División_2021_(Argentina),
2021-12-06,,Almirante Brown,Barracas Central,0,0,,,Primera Nacional,2021,eliminacion,,Semifinales,Estadio Fragata Sarmiento,false,https://es.wikipedia.org/wiki/Campeonato_de_Primera_Nacional_2021,
2021-12-06,,Ferro Carril Oeste,Quilmes,1,1,,,Primera Nacional,2021,eliminacion,,Semifinales,Estadio Arquitecto Ricardo Etcheverri,false,https://es.wikipedia.org/wiki/Campeonato_de_Primera_Nacional_2021,
2021-12-06,19:15,Aldosivi,Argentinos Juniors,3,2,,,Primera Division,2021,zonas,,Fecha 24,José María Minella,false,https://es.wikipedia.org/wiki/Campeonato_de_Primera_División_2021_(Argentina),
2021-12-06,21:30,Newell's Old Boys,Banfield,0,0,,,Primera Division,2021,zonas,,Fecha 24,Marcelo Bielsa,false,https://es.wikipedia.org/wiki/Campeonato_de_Primera_División_2021_(Argentina),
2021-12-08,,Berazategui,Argentino de Merlo,0,0,,,Primera C,2021,eliminacion,,Semifinales,Estadio Norman Lee,false,https://es.wikipedia.org/wiki/Campeonato_de_Primera_C_2021_(Argentina),
2021-12-08,,Ituzaingó,Sportivo Italiano,2,1,,,Primera C,2021,eliminacion,,Semifinales,Estadio Carlos Alberto Sacaan,false,https://es.wikipedia.org/wiki/Campeonato_de_Primera_C_2021_(Argentina),
2021-12-10,19:15,Platense,Vélez Sarsfield,3,2,,,Primera Division,2021,zonas,,Fecha 25,Ciudad de Vicente López,false,https://es.wikipedia.org/wiki/Campeonato_de_Primera_División_2021_(Argentina),
2021-12-10,21:30,Estudiantes (LP),Aldosivi,2,3,,,Primera Division,2021,zonas,,Fecha 25,Jorge Luis Hirschi,false,https://es.wikipedia.org/wiki/Campeonato_de_Primera_División_2021_(Argentina),
2021-12-11,17:00,Argentinos Juniors,Sarmiento (J),2,0,,,Primera Division,2021,zonas,,Fecha 25,Diego Armando Maradona,false,https://es.wikipedia.org/wiki/Campeonato_de_Primera_División_2021_(Argentina),
2021-12-11,17:00,Patronato,Gimnasia y Esgrima (LP),0,0,,,Primera Division,2021,zonas,,Fecha 25,Presbítero Bartolomé Grella,false,https://es.wikipedia.org/wiki/Campeonato_de_Primera_División_2021_(Argentina),
2021-12-11,17:00,Racing Club,Godoy Cruz,2,1,,,Primera Division,2021,zonas,,Fecha 25,El Cilindro,false,https://es.wikipedia.org/wiki/Campeonato_de_Primera_División_2021_(Argentina),
2021-12-11,17:00,Rosario Central,Huracán,1,4,,,Primera Division,2021,zonas,,Fecha 25,Gigante de Arroyito,false,https://es.wikipedia.org/wiki/Campeonato_de_Primera_División_2021_(Argentina),
2021-12-11,17:00,Unión,Colón,3,0,,,Primera Division,2021,zonas,,Fecha 25,15 de Abril,false,https://es.wikipedia.org/wiki/Campeonato_de_Primera_División_2021_(Argentina),
2021-12-11,19:15,Atlético Tucumán,River Plate,1,1,,,Primera Division,2021,zonas,,Fecha 25,Monumental José Fierro,false,https://es.wikipedia.org/wiki/Campeonato_de_Primera_División_2021_(Argentina),
2021-12-11,22:00,Boca Juniors,Central Córdoba (SdE),8,1,,,Primera Division,2021,zonas,,Fecha 25,La Bombonera,false,https://es.wikipedia.org/wiki/Campeonato_de_Primera_División_2021_(Argentina),
2021-12-12,,Comunicaciones,Cañuelas,1,1,4,2,Primera B,2021,eliminacion,,Semifinales,Estadio Alfredo Ramos,false,https://es.wikipedia.org/wiki/Campeonato_de_Primera_B_2021_(Argentina),
2021-12-12,,Sacachispas,Colegiales,0,0,,,Primera B,2021,eliminacion,,Final,Estadio Beto Larrosa,false,https://es.wikipedia.org/wiki/Campeonato_de_Primera_B_2021_(Argentina),
2021-12-12,,Talleres (RdE),UAI Urquiza,2,0,,,Primera B,2021,eliminacion,,Semifinales,Estadio de Talleres,false,https://es.wikipedia.org/wiki/Campeonato_de_Primera_B_2021_(Argentina),
2021-12-12,17:00,San Lorenzo,Newell's Old Boys,3,2,,,Primera Division,2021,zonas,,Fecha 25,Nuevo Gasómetro,false,https://es.wikipedia.org/wiki/Campeonato_de_Primera_División_2021_(Argentina),
2021-12-12,19:15,Defensa y Justicia,Lanús,2,1,,,Primera Division,2021,zonas,,Fecha 25,Norberto Tomaghello,false,https://es.wikipedia.org/wiki/Campeonato_de_Primera_División_2021_(Argentina),
2021-12-12,21:30,Talleres (C),Independiente,1,2,,,Primera Division,2021,zonas,,Fecha 25,Mario Alberto Kempes,false,https://es.wikipedia.org/wiki/Campeonato_de_Primera_División_2021_(Argentina),
2021-12-13,,Argentino de Merlo,Ituzaingó,2,0,,,Primera C,2021,eliminacion,,Final,Estadio de Argentino,false,https://es.wikipedia.org/wiki/Campeonato_de_Primera_C_2021_(Argentina),
2021-12-13,,Barracas Central,Almirante Brown,3,2,,,Primera Nacional,2021,eliminacion,,Semifinales,Estadio Claudio Chiqui Tapia,false,https://es.wikipedia.org/wiki/Campeonato_de_Primera_Nacional_2021,
2021-12-13,,Quilmes,Ferro Carril Oeste,1,0,,,Primera Nacional,2021,eliminacion,,Semifinales,Estadio Centenario Ciudad de Quilmes,false,https://es.wikipedia.org/wiki/Campeonato_de_Primera_Nacional_2021,
2021-12-13,20:00,Banfield,Arsenal,0,0,,,Primera Division,2021,zonas,,Fecha 25,Florencio Sola,false,https://es.wikipedia.org/wiki/Campeonato_de_Primera_División_2021_(Argentina),
2021-12-18,,Colegiales,Sacachispas,1,1,2,4,Primera B,2021,eliminacion,,Final,Estadio Libertarios Unidos,false,https://es.wikipedia.org/wiki/Campeonato_de_Primera_B_2021_(Argentina),
2021-12-18,,Ituzaingó,Argentino de Merlo,2,0,4,2,Primera C,2021,eliminacion,,Final,Estadio Carlos Alberto Sacaan,false,https://es.wikipedia.org/wiki/Campeonato_de_Primera_C_2021_(Argentina),
2021-12-19,,Talleres (RdE),Comunicaciones,2,4,,,Primera B,2021,eliminacion,,Final,Estadio de Talleres,false,https://es.wikipedia.org/wiki/Campeonato_de_Primera_B_2021_(Argentina),
2021-12-21,,Barracas Central,Quilmes,0,0,5,4,Primera Nacional,2021,eliminacion,,Final,Estadio Presidente Perón,false,https://es.wikipedia.org/wiki/Campeonato_de_Primera_Nacional_2021,
