date,time,home_team,away_team,home_score,away_score,home_pens,away_pens,tournament,season,phase,group,matchday,venue,neutral,source
2023-01-24,,Patronato,Gimnasia y Tiro (S),2,0,,,Copa Argentina,2023,eliminacion,,Treintaidosavos,Brigadier General Estanislao López,true,https://es.wikipedia.org/wiki/Copa_Argentina_2023
2023-01-27,17:00,Deportivo Español,Yupanqui,3,0,,,Primera C,2023,zonas,,Fecha 1,Nueva España,false,https://es.wikipedia.org/wiki/Campeonato_de_Primera_C_2023_(Argentina)
2023-01-27,19:15,Rosario Central,Argentinos Juniors,1,0,,,Primera Division,2023,zonas,,Fecha 1,Gigante de Arroyito,false,https://es.wikipedia.org/wiki/Campeonato_de_Primera_División_2023_(Argentina)
2023-01-27,20:00,Real Pilar,Deportivo Laferrere,0,1,,,Primera C,2023,zonas,,Fecha 1,Carlos Barraza,false,https://es.wikipedia.org/wiki/Campeonato_de_Primera_C_2023_(Argentina)
2023-01-27,20:00,Sportivo Italiano,Atlas,0,0,,,Primera C,2023,zonas,,Fecha 1,República de Italia,false,https://es.wikipedia.org/wiki/Campeonato_de_Primera_C_2023_(Argentina)
2023-01-27,21:30,Defensa y Justicia,Huracán,2,4,,,Primera Division,2023,zonas,,Fecha 1,Norberto Tomaghello,false,https://es.wikipedia.org/wiki/Campeonato_de_Primera_División_2023_(Argentina)
2023-01-28,17:00,Berazategui,Leandro N. Alem,0,1,,,Primera C,2023,zonas,,Fecha 1,Norman Lee,false,https://es.wikipedia.org/wiki/Campeonato_de_Primera_C_2023_(Argentina)
2023-01-28,17:00,J. J. de Urquiza,General Lamadrid,2,0,,,Primera C,2023,zonas,,Fecha 1,Ramón Roque Martín,false,https://es.wikipedia.org/wiki/Campeonato_de_Primera_C_2023_(Argentina)
2023-01-28,17:00,Liniers,Excursionistas,2,1,,,Primera C,2023,zonas,,Fecha 1,Juan Antonio Arias,false,https://es.wikipedia.org/wiki/Campeonato_de_Primera_C_2023_(Argentina)
2023-01-28,17:00,San Lorenzo,Arsenal,1,0,,,Primera Division,2023,zonas,,Fecha 1,Nuevo Gasómetro,false,https://es.wikipedia.org/wiki/Campeonato_de_Primera_División_2023_(Argentina)
2023-01-28,19:15,Estudiantes (LP),Tigre,1,2,,,Primera Division,2023,zonas,,Fecha 1,UNO,false,https://es.wikipedia.org/wiki/Campeonato_de_Primera_División_2023_(Argentina)
2023-01-28,19:15,Talleres (C),Independiente,0,1,,,Primera Division,2023,zonas,,Fecha 1,Mario Alberto Kempes,false,https://es.wikipedia.org/wiki/Campeonato_de_Primera_División_2023_(Argentina)
2023-01-28,21:30,Central Córdoba (SdE),River Plate,0,2,,,Primera Division,2023,zonas,,Fecha 1,Único Madre de Ciudades,false,https://es.wikipedia.org/wiki/Campeonato_de_Primera_División_2023_(Argentina)
2023-01-29,17:00,Central Córdoba (R),San Martín (B),1,2,,,Primera C,2023,zonas,,Fecha 1,Gabino Sosa,false,https://es.wikipedia.org/wiki/Campeonato_de_Primera_C_2023_(Argentina)
2023-01-29,17:00,Luján,Victoriano Arenas,0,0,,,Primera C,2023,zonas,,Fecha 1,Carlos Barraza,false,https://es.wikipedia.org/wiki/Campeonato_de_Primera_C_2023_(Argentina)
2023-01-29,17:00,Platense,Newell's Old Boys,2,2,,,Primera Division,2023,zonas,,Fecha 1,Ciudad de Vicente López,false,https://es.wikipedia.org/wiki/Campeonato_de_Primera_División_2023_(Argentina)
2023-01-29,19:15,Colón,Lanús,1,2,,,Primera Division,2023,zonas,,Fecha 1,Brigadier Estanislao López,false,https://es.wikipedia.org/wiki/Campeonato_de_Primera_División_2023_(Argentina)
2023-01-29,19:15,Instituto,Sarmiento (J),0,0,,,Primera Division,2023,zonas,,Fecha 1,Juan Domingo Perón,false,https://es.wikipedia.org/wiki/Campeonato_de_Primera_División_2023_(Argentina)
2023-01-29,19:15,Racing Club,Belgrano,0,0,,,Primera Division,2023,zonas,,Fecha 1,El Cilindro,false,https://es.wikipedia.org/wiki/Campeonato_de_Primera_División_2023_(Argentina)
2023-01-29,20:00,Claypole,Puerto Nuevo,3,0,,,Primera C,2023,zonas,,Fecha 1,Gildo Francisco Ghersinich,false,https://es.wikipedia.org/wiki/Campeonato_de_Primera_C_2023_(Argentina)
2023-01-29,21:30,Boca Juniors,Atlético Tucumán,1,0,,,Primera Division,2023,zonas,,Fecha 1,La Bombonera,false,https://es.wikipedia.org/wiki/Campeonato_de_Primera_División_2023_(Argentina)
2023-01-30,17:00,Barracas Central,Godoy Cruz,0,1,,,Primera Division,2023,zonas,,Fecha 1,Claudio Chiqui Tapia,false,https://es.wikipedia.org/wiki/Campeonato_de_Primera_División_2023_(Argentina)
2023-01-30,20:00,Banfield,Unión,0,0,,,Primera Division,2023,zonas,,Fecha 1,Florencio Sola,false,https://es.wikipedia.org/wiki/Campeonato_de_Primera_División_2023_(Argentina)
2023-01-30,20:00,Vélez Sarsfield,Gimnasia y Esgrima (LP),3,1,,,Primera Division,2023,zonas,,Fecha 1,José Amalfitani,false,https://es.wikipedia.org/wiki/Campeonato_de_Primera_División_2023_(Argentina)
2023-02-01,,Defensa y Justicia,Ituzaingó,3,2,,,Copa Argentina,2023,eliminacion,,Treintaidosavos,Juan Carmelo Zerillo,true,https://es.wikipedia.org/wiki/Copa_Argentina_2023
2023-02-01,,Huracán,Yupanqui,4,1,,,Copa Argentina,2023,eliminacion,,Treintaidosavos,Ciudad de Caseros,true,https://es.wikipedia.org/wiki/Copa_Argentina_2023
2023-02-03,17:00,General Lamadrid,Central Córdoba (R),1,1,,,Primera C,2023,zonas,,Fecha 2,Enrique Sexto,false,https://es.wikipedia.org/wiki/Campeonato_de_Primera_C_2023_(Argentina)
2023-02-03,20:00,Newell's Old Boys,Vélez Sarsfield,1,0,,,Primera Division,2023,zonas,,Fecha 2,Coloso del Parque,false,https://es.wikipedia.org/wiki/Campeonato_de_Primera_División_2023_(Argentina)
2023-02-03,20:00,Tigre,Rosario Central,2,2,,,Primera Division,2023,zonas,,Fecha 2,Monumental de Victoria,false,https://es.wikipedia.org/wiki/Campeonato_de_Primera_División_2023_(Argentina)
2023-02-03,21:10,Deportivo Morón,Almagro,0,1,,,Primera Nacional,2023,zonas,Zona A,Fecha 1,Nuevo Francisco Urbano,false,https://es.wikipedia.org/wiki/Campeonato_de_Primera_Nacional_2023
2023-02-03,21:30,Estudiantes (RC),San Martín (T),0,1,,,Primera Nacional,2023,zonas,Zona A,Fecha 1,Antonio Candini,false,https://es.wikipedia.org/wiki/Campeonato_de_Primera_Nacional_2023
2023-02-04,17:00,All Boys,Nueva Chicago,1,1,,,Primera Nacional,2023,zonas,Zona A,Fecha 1,Islas Malvinas,false,https://es.wikipedia.org/wiki/Campeonato_de_Primera_Nacional_2023
2023-02-04,17:00,Arsenal,Estudiantes (LP),1,1,,,Primera Division,2023,zonas,,Fecha 2,El Viaducto,false,https://es.wikipedia.org/wiki/Campeonato_de_Primera_División_2023_(Argentina)
2023-02-04,17:00,Atlas,Deportivo Español,0,3,,,Primera C,2023,zonas,,Fecha 2,Ricardo Puga,false,https://es.wikipedia.org/wiki/Campeonato_de_Primera_C_2023_(Argentina)
2023-02-04,17:00,Deportivo Laferrere,Luján,0,1,,,Primera C,2023,zonas,,Fecha 2,Ciudad de Laferrere,false,https://es.wikipedia.org/wiki/Campeonato_de_Primera_C_2023_(Argentina)
2023-02-04,17:00,Patronato,Guillermo Brown,0,0,,,Primera Nacional,2023,zonas,Zona A,Fecha 1,Pedro Mutio,false,https://es.wikipedia.org/wiki/Campeonato_de_Primera_Nacional_2023
2023-02-04,17:00,Puerto Nuevo,Ferrocarril Midland,2,2,,,Primera C,2023,zonas,,Fecha 2,Rubén Carlos Vallejos,false,https://es.wikipedia.org/wiki/Campeonato_de_Primera_C_2023_(Argentina)
2023-02-04,17:00,San Martín (B),Liniers,0,0,,,Primera C,2023,zonas,,Fecha 2,Francisco Boga,false,https://es.wikipedia.org/wiki/Campeonato_de_Primera_C_2023_(Argentina)
2023-02-04,17:00,Sarmiento (J),Barracas Central,3,5,,,Primera Division,2023,zonas,,Fecha 2,Eva Perón,false,https://es.wikipedia.org/wiki/Campeonato_de_Primera_División_2023_(Argentina)
2023-02-04,17:00,Victoriano Arenas,Berazategui,2,1,,,Primera C,2023,zonas,,Fecha 2,Saturnino Moure,false,https://es.wikipedia.org/wiki/Campeonato_de_Primera_C_2023_(Argentina)
2023-02-04,19:15,Belgrano,River Plate,2,1,,,Primera Division,2023,zonas,,Fecha 2,Mario Alberto Kempes,false,https://es.wikipedia.org/wiki/Campeonato_de_Primera_División_2023_(Argentina)
2023-02-04,20:45,Alvarado,San Martín (SJ),0,0,,,Primera Nacional,2023,zonas,Zona A,Fecha 1,José María Minella,false,https://es.wikipedia.org/wiki/Campeonato_de_Primera_Nacional_2023
2023-02-04,21:20,Defensores de Belgrano,Temperley,1,1,,,Primera Nacional,2023,zonas,Zona A,Fecha 1,Juan Pasquale,false,https://es.wikipedia.org/wiki/Campeonato_de_Primera_Nacional_2023
2023-02-04,21:30,Argentinos Juniors,Racing Club,1,0,,,Primera Division,2023,zonas,,Fecha 2,Diego Armando Maradona,false,https://es.wikipedia.org/wiki/Campeonato_de_Primera_División_2023_(Argentina)
2023-02-04,21:30,Lanús,San Lorenzo,2,1,,,Primera Division,2023,zonas,,Fecha 2,Ciudad de Lanús,false,https://es.wikipedia.org/wiki/Campeonato_de_Primera_División_2023_(Argentina)
2023-02-05,17:00,Almirante Brown,San Telmo,1,0,,,Primera Nacional,2023,zonas,Zona A,Fecha 1,Fragata Presidente Sarmiento,false,https://es.wikipedia.org/wiki/Campeonato_de_Primera_Nacional_2023
2023-02-05,17:00,Gimnasia y Esgrima (M),Defensores Unidos,1,1,,,Primera Nacional,2023,zonas,Zona A,Fecha 1,Víctor Antonio Legrotaglie,false,https://es.wikipedia.org/wiki/Campeonato_de_Primera_Nacional_2023
2023-02-05,17:00,Independiente,Platense,1,2,,,Primera Division,2023,zonas,,Fecha 2,Ricardo Bochini,false,https://es.wikipedia.org/wiki/Campeonato_de_Primera_División_2023_(Argentina)
2023-02-05,18:00,Güemes (SdE),Agropecuario,0,1,,,Primera Nacional,2023,zonas,Zona A,Fecha 1,Arturo Miranda,false,https://es.wikipedia.org/wiki/Campeonato_de_Primera_Nacional_2023
2023-02-05,19:15,Boca Juniors,Central Córdoba (SdE),0,0,,,Primera Division,2023,zonas,,Fecha 2,La Bombonera,false,https://es.wikipedia.org/wiki/Campeonato_de_Primera_División_2023_(Argentina)
2023-02-05,21:30,Atlético Tucumán,Talleres (C),0,2,,,Primera Division,2023,zonas,,Fecha 2,Monumental José Fierro,false,https://es.wikipedia.org/wiki/Campeonato_de_Primera_División_2023_(Argentina)
2023-02-05,21:30,Godoy Cruz,Colón,1,0,,,Primera Division,2023,zonas,,Fecha 2,Malvinas Argentinas,false,https://es.wikipedia.org/wiki/Campeonato_de_Primera_División_2023_(Argentina)
2023-02-05,21:30,Unión,Instituto,0,2,,,Primera Division,2023,zonas,,Fecha 2,15 de abril,false,https://es.wikipedia.org/wiki/Campeonato_de_Primera_División_2023_(Argentina)
2023-02-06,17:00,Excursionistas,Real Pilar,1,2,,,Primera C,2023,zonas,,Fecha 2,Excursionistas,false,https://es.wikipedia.org/wiki/Campeonato_de_Primera_C_2023_(Argentina)
2023-02-06,17:00,Leandro N. Alem,Sportivo Italiano,0,1,,,Primera C,2023,zonas,,Fecha 2,Leandro N. Alem,false,https://es.wikipedia.org/wiki/Campeonato_de_Primera_C_2023_(Argentina)
2023-02-06,17:00,Yupanqui,Claypole,2,3,,,Primera C,2023,zonas,,Fecha 2,Ciudad Evita,false,https://es.wikipedia.org/wiki/Campeonato_de_Primera_C_2023_(Argentina)
2023-02-06,18:00,Gimnasia y Esgrima (LP),Defensa y Justicia,0,2,,,Primera Division,2023,zonas,,Fecha 2,Juan Carmelo Zerrillo,false,https://es.wikipedia.org/wiki/Campeonato_de_Primera_División_2023_(Argentina)
2023-02-06,21:30,Huracán,Banfield,3,2,,,Primera Division,2023,zonas,,Fecha 2,Tomás Adolfo Ducó,false,https://es.wikipedia.org/wiki/Campeonato_de_Primera_División_2023_(Argentina)
2023-02-08,,Estudiantes (LP),Independiente (C),3,0,,,Copa Argentina,2023,eliminacion,,Treintaidosavos,Centenario Ciudad de Quilmes,true,https://es.wikipedia.org/wiki/Copa_Argentina_2023
2023-02-08,,Tigre,Centro Español,1,1,4,5,Copa Argentina,2023,eliminacion,,Treintaidosavos,Nuevo Francisco Urbano,true,https://es.wikipedia.org/wiki/Copa_Argentina_2023
2023-02-10,17:00,Berazategui,Deportivo Laferrere,1,0,,,Primera C,2023,zonas,,Fecha 3,Norman Lee,false,https://es.wikipedia.org/wiki/Campeonato_de_Primera_C_2023_(Argentina)
2023-02-10,17:00,Dock Sud,Deportivo Armenio,4,1,,,Primera B,2023,zonas,Torneo Apertura,Fecha 1,De los Inmigrantes,false,https://es.wikipedia.org/wiki/Campeonato_de_Primera_B_2023_(Argentina)
2023-02-10,19:10,Aldosivi,Independiente Rivadavia,1,2,,,Primera Nacional,2023,zonas,Zona B,Fecha 1,José María Minella,false,https://es.wikipedia.org/wiki/Campeonato_de_Primera_Nacional_2023
2023-02-10,21:00,Atlético de Rafaela,Tristán Suárez,3,0,,,Primera Nacional,2023,zonas,Zona B,Fecha 1,Nuevo Monumental,false,https://es.wikipedia.org/wiki/Campeonato_de_Primera_Nacional_2023
2023-02-10,21:00,Gimnasia y Esgrima (J),Ferro Carril Oeste,1,1,,,Primera Nacional,2023,zonas,Zona B,Fecha 1,23 de Agosto,false,https://es.wikipedia.org/wiki/Campeonato_de_Primera_Nacional_2023
2023-02-10,21:10,Estudiantes (BA),Atlanta,2,0,,,Primera Nacional,2023,zonas,Zona B,Fecha 1,Ciudad de Caseros,false,https://es.wikipedia.org/wiki/Campeonato_de_Primera_Nacional_2023
2023-02-10,21:30,Central Córdoba (SdE),Belgrano,0,1,,,Primera Division,2023,zonas,,Fecha 3,Único Madre de Ciudades,false,https://es.wikipedia.org/wiki/Campeonato_de_Primera_División_2023_(Argentina)
2023-02-10,21:30,Colón,Sarmiento (J),0,2,,,Primera Division,2023,zonas,,Fecha 3,Brigadier Estanislao López,false,https://es.wikipedia.org/wiki/Campeonato_de_Primera_División_2023_(Argentina)
2023-02-11,17:00,Acassuso,Argentino de Quilmes,1,1,,,Primera B,2023,zonas,Torneo Apertura,Fecha 1,Armenia,false,https://es.wikipedia.org/wiki/Campeonato_de_Primera_B_2023_(Argentina)
2023-02-11,17:00,Almagro,Almirante Brown,0,1,,,Primera Nacional,2023,zonas,Zona A,Fecha 2,Tres de Febrero,false,https://es.wikipedia.org/wiki/Campeonato_de_Primera_Nacional_2023
2023-02-11,17:00,Argentino de Merlo,Colegiales,3,0,,,Primera B,2023,zonas,Torneo Apertura,Fecha 1,Merlo,false,https://es.wikipedia.org/wiki/Campeonato_de_Primera_B_2023_(Argentina)
2023-02-11,17:00,Brown de Adrogué,Racing Club,1,2,,,Primera Nacional,2023,zonas,Zona B,Fecha 1,Lorenzo Arandilla,false,https://es.wikipedia.org/wiki/Campeonato_de_Primera_Nacional_2023
2023-02-11,17:00,Cañuelas,Ituzaingó,1,0,,,Primera B,2023,zonas,Torneo Apertura,Fecha 1,Jorge Alfredo Arín,false,https://es.wikipedia.org/wiki/Campeonato_de_Primera_B_2023_(Argentina)
2023-02-11,17:00,Central Córdoba (R),J. J. de Urquiza,0,1,,,Primera C,2023,zonas,,Fecha 3,Gabino Sosa,false,https://es.wikipedia.org/wiki/Campeonato_de_Primera_C_2023_(Argentina)
2023-02-11,17:00,Defensa y Justicia,Newell's Old Boys,1,0,,,Primera Division,2023,zonas,,Fecha 3,Norberto Tomaghello,false,https://es.wikipedia.org/wiki/Campeonato_de_Primera_División_2023_(Argentina)
2023-02-11,17:00,Deportivo Madryn,Chacarita Juniors,0,0,,,Primera Nacional,2023,zonas,Zona B,Fecha 1,Abel Sastre,false,https://es.wikipedia.org/wiki/Campeonato_de_Primera_Nacional_2023
2023-02-11,17:00,Flandria,Alvarado,0,0,,,Primera Nacional,2023,zonas,Zona A,Fecha 2,Carlos V,false,https://es.wikipedia.org/wiki/Campeonato_de_Primera_Nacional_2023
2023-02-11,17:00,Sacachispas,San Miguel,0,3,,,Primera B,2023,zonas,Torneo Apertura,Fecha 1,Beto Larrosa,false,https://es.wikipedia.org/wiki/Campeonato_de_Primera_B_2023_(Argentina)
2023-02-11,17:00,San Lorenzo,Godoy Cruz,1,0,,,Primera Division,2023,zonas,,Fecha 3,Nuevo Gasómetro,false,https://es.wikipedia.org/wiki/Campeonato_de_Primera_División_2023_(Argentina)
2023-02-11,17:00,San Telmo,Defensores de Belgrano,2,2,,,Primera Nacional,2023,zonas,Zona A,Fecha 2,Doctor Osvaldo Baletto,false,https://es.wikipedia.org/wiki/Campeonato_de_Primera_Nacional_2023
2023-02-11,17:00,Sportivo Italiano,Victoriano Arenas,2,1,,,Primera C,2023,zonas,,Fecha 3,República de Italia,false,https://es.wikipedia.org/wiki/Campeonato_de_Primera_C_2023_(Argentina)
2023-02-11,17:00,Temperley,Estudiantes (RC),2,0,,,Primera Nacional,2023,zonas,Zona A,Fecha 2,Alfredo Beranger,false,https://es.wikipedia.org/wiki/Campeonato_de_Primera_Nacional_2023
2023-02-11,17:00,UAI Urquiza,Deportivo Merlo,2,0,,,Primera B,2023,zonas,Torneo Apertura,Fecha 1,Monumental de Villa Lynch,false,https://es.wikipedia.org/wiki/Campeonato_de_Primera_B_2023_(Argentina)
2023-02-11,18:00,Villa Dálmine,Mitre (SdE),0,0,,,Primera Nacional,2023,zonas,Zona B,Fecha 1,El Coliseo de Mitre y Puccini,false,https://es.wikipedia.org/wiki/Campeonato_de_Primera_Nacional_2023
2023-02-11,19:15,Platense,Atlético Tucumán,1,1,,,Primera Division,2023,zonas,,Fecha 3,Ciudad de Vicente López,false,https://es.wikipedia.org/wiki/Campeonato_de_Primera_División_2023_(Argentina)
2023-02-11,19:15,San Martín (T),All Boys,2,1,,,Primera Nacional,2023,zonas,Zona A,Fecha 2,La Ciudadela,false,https://es.wikipedia.org/wiki/Campeonato_de_Primera_Nacional_2023
2023-02-11,19:30,Real Pilar,San Martín (B),2,2,,,Primera C,2023,zonas,,Fecha 3,Carlos Barraza,false,https://es.wikipedia.org/wiki/Campeonato_de_Primera_C_2023_(Argentina)
2023-02-11,20:00,San Martín (SJ),Gimnasia y Esgrima (M),0,1,,,Primera Nacional,2023,zonas,Zona A,Fecha 2,Ingeniero Hilario Sánchez,false,https://es.wikipedia.org/wiki/Campeonato_de_Primera_Nacional_2023
2023-02-11,21:30,Talleres (C),Boca Juniors,2,1,,,Primera Division,2023,zonas,,Fecha 3,Mario Alberto Kempes,false,https://es.wikipedia.org/wiki/Campeonato_de_Primera_División_2023_(Argentina)
2023-02-11,21:30,Vélez Sarsfield,Independiente,0,0,,,Primera Division,2023,zonas,,Fecha 3,José Amalfitani,false,https://es.wikipedia.org/wiki/Campeonato_de_Primera_División_2023_(Argentina)
2023-02-12,17:00,Banfield,Gimnasia y Esgrima (LP),0,0,,,Primera Division,2023,zonas,,Fecha 3,Florencio Sola,false,https://es.wikipedia.org/wiki/Campeonato_de_Primera_División_2023_(Argentina)
2023-02-12,17:00,Defensores Unidos,Patronato,1,1,,,Primera Nacional,2023,zonas,Zona A,Fecha 2,Gigante de Villa Fox,false,https://es.wikipedia.org/wiki/Campeonato_de_Primera_Nacional_2023
2023-02-12,17:00,Guillermo Brown,Güemes (SdE),4,1,,,Primera Nacional,2023,zonas,Zona A,Fecha 2,Raúl Conti,false,https://es.wikipedia.org/wiki/Campeonato_de_Primera_Nacional_2023
2023-02-12,17:00,Liniers,General Lamadrid,2,1,,,Primera C,2023,zonas,,Fecha 3,Juan Antonio Arias,false,https://es.wikipedia.org/wiki/Campeonato_de_Primera_C_2023_(Argentina)
2023-02-12,17:00,Rosario Central,Arsenal,2,1,,,Primera Division,2023,zonas,,Fecha 3,Gigante de Arroyito,false,https://es.wikipedia.org/wiki/Campeonato_de_Primera_División_2023_(Argentina)
2023-02-12,18:00,Deportivo Maipú,Chaco For Ever,2,0,,,Primera Nacional,2023,zonas,Zona B,Fecha 1,Omar Higinio Sperdutti,false,https://es.wikipedia.org/wiki/Campeonato_de_Primera_Nacional_2023
2023-02-12,19:00,Ferrocarril Midland,Yupanqui,1,1,,,Primera C,2023,zonas,,Fecha 3,Ciudad de Libertad,false,https://es.wikipedia.org/wiki/Campeonato_de_Primera_C_2023_(Argentina)
2023-02-12,19:10,Quilmes,Deportivo Riestra,3,1,,,Primera Nacional,2023,zonas,Zona B,Fecha 1,Centenario Ciudad de Quilmes,false,https://es.wikipedia.org/wiki/Campeonato_de_Primera_Nacional_2023
2023-02-12,19:15,River Plate,Argentinos Juniors,2,1,,,Primera Division,2023,zonas,,Fecha 3,Monumental,false,https://es.wikipedia.org/wiki/Campeonato_de_Primera_División_2023_(Argentina)
2023-02-12,20:00,Claypole,Atlas,1,0,,,Primera C,2023,zonas,,Fecha 3,Gildo Francisco Ghersinich,false,https://es.wikipedia.org/wiki/Campeonato_de_Primera_C_2023_(Argentina)
2023-02-12,21:30,Instituto,Huracán,0,0,,,Primera Division,2023,zonas,,Fecha 3,Juan Domingo Perón,false,https://es.wikipedia.org/wiki/Campeonato_de_Primera_División_2023_(Argentina)
2023-02-12,21:30,Racing Club,Tigre,2,2,,,Primera Division,2023,zonas,,Fecha 3,El Cilindro,false,https://es.wikipedia.org/wiki/Campeonato_de_Primera_División_2023_(Argentina)
2023-02-13,17:00,Barracas Central,Unión,1,1,,,Primera Division,2023,zonas,,Fecha 3,Claudio Chiqui Tapia,false,https://es.wikipedia.org/wiki/Campeonato_de_Primera_División_2023_(Argentina)
2023-02-13,17:00,Deportivo Español,Leandro N. Alem,1,2,,,Primera C,2023,zonas,,Fecha 3,Nueva España,false,https://es.wikipedia.org/wiki/Campeonato_de_Primera_C_2023_(Argentina)
2023-02-13,17:00,Fénix,Villa San Carlos,1,2,,,Primera B,2023,zonas,Torneo Apertura,Fecha 1,José Manuel Moreno,false,https://es.wikipedia.org/wiki/Campeonato_de_Primera_B_2023_(Argentina)
2023-02-13,17:00,Luján,Excursionistas,0,1,,,Primera C,2023,zonas,,Fecha 3,1.º de Abril,false,https://es.wikipedia.org/wiki/Campeonato_de_Primera_C_2023_(Argentina)
2023-02-13,20:00,Estudiantes (LP),Lanús,0,2,,,Primera Division,2023,zonas,,Fecha 3,UNO,false,https://es.wikipedia.org/wiki/Campeonato_de_Primera_División_2023_(Argentina)
2023-02-13,21:00,Agropecuario,Deportivo Morón,3,1,,,Primera Nacional,2023,zonas,Zona A,Fecha 2,Ofelia Rosenzuaig,false,https://es.wikipedia.org/wiki/Campeonato_de_Primera_Nacional_2023
2023-02-14,21:10,Talleres (RdE),Los Andes,0,0,,,Primera B,2023,zonas,Torneo Apertura,Fecha 1,Pablo Comelli,false,https://es.wikipedia.org/wiki/Campeonato_de_Primera_B_2023_(Argentina)
2023-02-17,17:00,Leandro N. Alem,Claypole,0,2,,,Primera C,2023,zonas,,Fecha 4,Leandro N. Alem,false,https://es.wikipedia.org/wiki/Campeonato_de_Primera_C_2023_(Argentina)
2023-02-17,18:00,Gimnasia y Esgrima (LP),Instituto,2,0,,,Primera Division,2023,zonas,,Fecha 4,Juan Carmelo Zerrillo,false,https://es.wikipedia.org/wiki/Campeonato_de_Primera_División_2023_(Argentina)
2023-02-17,18:00,Patronato,San Martín (SJ),1,2,,,Primera Nacional,2023,zonas,Zona A,Fecha 3,Pedro Mutio,false,https://es.wikipedia.org/wiki/Campeonato_de_Primera_Nacional_2023
2023-02-17,21:00,All Boys,Temperley,1,1,,,Primera Nacional,2023,zonas,Zona A,Fecha 3,Islas Malvinas,false,https://es.wikipedia.org/wiki/Campeonato_de_Primera_Nacional_2023
2023-02-17,21:00,Estudiantes (RC),San Telmo,2,2,,,Primera Nacional,2023,zonas,Zona A,Fecha 3,Antonio Candini,false,https://es.wikipedia.org/wiki/Campeonato_de_Primera_Nacional_2023
2023-02-17,21:00,Ferro Carril Oeste,Quilmes,2,3,,,Primera Nacional,2023,zonas,Zona B,Fecha 2,Arquitecto Ricardo Etcheverri,false,https://es.wikipedia.org/wiki/Campeonato_de_Primera_Nacional_2023
2023-02-17,21:00,Gimnasia y Esgrima (J),Aldosivi,1,1,,,Primera Nacional,2023,zonas,Zona B,Fecha 2,23 de Agosto,false,https://es.wikipedia.org/wiki/Campeonato_de_Primera_Nacional_2023
2023-02-17,21:00,Racing Club,Estudiantes (BA),0,1,,,Primera Nacional,2023,zonas,Zona B,Fecha 2,Miguel Sancho,false,https://es.wikipedia.org/wiki/Campeonato_de_Primera_Nacional_2023
2023-02-17,21:30,Arsenal,Racing Club,0,3,,,Primera Division,2023,zonas,,Fecha 4,El Viaducto,false,https://es.wikipedia.org/wiki/Campeonato_de_Primera_División_2023_(Argentina)
2023-02-17,21:30,Huracán,Barracas Central,2,0,,,Primera Division,2023,zonas,,Fecha 4,Tomás Adolfo Ducó,false,https://es.wikipedia.org/wiki/Campeonato_de_Primera_División_2023_(Argentina)
2023-02-18,17:00,Atlas,Ferrocarril Midland,1,2,,,Primera C,2023,zonas,,Fecha 4,Ricardo Puga,false,https://es.wikipedia.org/wiki/Campeonato_de_Primera_C_2023_(Argentina)
2023-02-18,17:00,Chacarita Juniors,Villa Dálmine,3,0,,,Primera Nacional,2023,zonas,Zona B,Fecha 2,Chacarita Juniors,false,https://es.wikipedia.org/wiki/Campeonato_de_Primera_Nacional_2023
2023-02-18,17:00,Deportivo Armenio,UAI Urquiza,2,2,,,Primera B,2023,zonas,Torneo Apertura,Fecha 2,Armenia,false,https://es.wikipedia.org/wiki/Campeonato_de_Primera_B_2023_(Argentina)
2023-02-18,17:00,Deportivo Merlo,Cañuelas,4,1,,,Primera B,2023,zonas,Torneo Apertura,Fecha 2,José Manuel Moreno,false,https://es.wikipedia.org/wiki/Campeonato_de_Primera_B_2023_(Argentina)
2023-02-18,17:00,Deportivo Riestra,Brown de Adrogué,2,1,,,Primera Nacional,2023,zonas,Zona B,Fecha 2,Guillermo Laza,false,https://es.wikipedia.org/wiki/Campeonato_de_Primera_Nacional_2023
2023-02-18,17:00,J. J. de Urquiza,Liniers,0,1,,,Primera C,2023,zonas,,Fecha 4,Ramón Roque Martín,false,https://es.wikipedia.org/wiki/Campeonato_de_Primera_C_2023_(Argentina)
2023-02-18,17:00,Lanús,Rosario Central,3,0,,,Primera Division,2023,zonas,,Fecha 4,Ciudad de Lanús,false,https://es.wikipedia.org/wiki/Campeonato_de_Primera_División_2023_(Argentina)
2023-02-18,17:00,San Martín (B),Luján,2,0,,,Primera C,2023,zonas,,Fecha 4,Francisco Boga,false,https://es.wikipedia.org/wiki/Campeonato_de_Primera_C_2023_(Argentina)
2023-02-18,17:00,San Miguel,Fénix,1,0,,,Primera B,2023,zonas,Torneo Apertura,Fecha 2,Malvinas Argentinas,false,https://es.wikipedia.org/wiki/Campeonato_de_Primera_B_2023_(Argentina)
2023-02-18,17:00,Victoriano Arenas,Deportivo Español,0,2,,,Primera C,2023,zonas,,Fecha 4,Saturnino Moure,false,https://es.wikipedia.org/wiki/Campeonato_de_Primera_C_2023_(Argentina)
2023-02-18,17:00,Villa San Carlos,Argentino de Merlo,1,1,,,Primera B,2023,zonas,Torneo Apertura,Fecha 2,Genacio Sálice,false,https://es.wikipedia.org/wiki/Campeonato_de_Primera_B_2023_(Argentina)
2023-02-18,17:00,Yupanqui,Puerto Nuevo,1,0,,,Primera C,2023,zonas,,Fecha 4,Ciudad Evita,false,https://es.wikipedia.org/wiki/Campeonato_de_Primera_C_2023_(Argentina)
2023-02-18,18:00,Tigre,River Plate,0,1,,,Primera Division,2023,zonas,,Fecha 4,Monumental de Victoria,false,https://es.wikipedia.org/wiki/Campeonato_de_Primera_División_2023_(Argentina)
2023-02-18,19:10,Ituzaingó,Comunicaciones,1,2,,,Primera B,2023,zonas,Torneo Apertura,Fecha 2,Carlos Alberto Sacaan,false,https://es.wikipedia.org/wiki/Campeonato_de_Primera_B_2023_(Argentina)
2023-02-18,19:15,Argentinos Juniors,Belgrano,3,0,,,Primera Division,2023,zonas,,Fecha 4,Diego Armando Maradona,false,https://es.wikipedia.org/wiki/Campeonato_de_Primera_División_2023_(Argentina)
2023-02-18,19:15,Godoy Cruz,Estudiantes (LP),0,1,,,Primera Division,2023,zonas,,Fecha 4,Malvinas Argentinas,false,https://es.wikipedia.org/wiki/Campeonato_de_Primera_División_2023_(Argentina)
2023-02-18,20:15,Gimnasia y Esgrima (M),Flandria,0,0,,,Primera Nacional,2023,zonas,Zona A,Fecha 3,Víctor Antonio Legrotaglie,false,https://es.wikipedia.org/wiki/Campeonato_de_Primera_Nacional_2023
2023-02-18,20:30,Tristán Suárez,Deportivo Madryn,1,2,,,Primera Nacional,2023,zonas,Zona B,Fecha 2,20 de Octubre,false,https://es.wikipedia.org/wiki/Campeonato_de_Primera_Nacional_2023
2023-02-18,21:00,Newell's Old Boys,Banfield,2,0,,,Primera Division,2023,zonas,,Fecha 4,Coloso del Parque,false,https://es.wikipedia.org/wiki/Campeonato_de_Primera_División_2023_(Argentina)
2023-02-18,21:15,Defensores de Belgrano,Almagro,1,0,,,Primera Nacional,2023,zonas,Zona A,Fecha 3,Juan Pasquale,false,https://es.wikipedia.org/wiki/Campeonato_de_Primera_Nacional_2023
2023-02-19,17:00,Colegiales,Acassuso,1,2,,,Primera B,2023,zonas,Torneo Apertura,Fecha 2,Colegiales,false,https://es.wikipedia.org/wiki/Campeonato_de_Primera_B_2023_(Argentina)
2023-02-19,17:00,Excursionistas,Berazategui,0,3,,,Primera C,2023,zonas,,Fecha 4,Excursionistas,false,https://es.wikipedia.org/wiki/Campeonato_de_Primera_C_2023_(Argentina)
2023-02-19,17:00,Unión,Colón,1,1,,,Primera Division,2023,zonas,,Fecha 4,15 de abril,false,https://es.wikipedia.org/wiki/Campeonato_de_Primera_División_2023_(Argentina)
2023-02-19,18:00,Mitre (SdE),Deportivo Maipú,1,0,,,Primera Nacional,2023,zonas,Zona B,Fecha 2,Dres. José y Antonio Castiglione,false,https://es.wikipedia.org/wiki/Campeonato_de_Primera_Nacional_2023
2023-02-19,19:00,Chaco For Ever,Independiente Rivadavia,2,1,,,Primera Nacional,2023,zonas,Zona B,Fecha 2,Juan Alberto García,false,https://es.wikipedia.org/wiki/Campeonato_de_Primera_Nacional_2023
2023-02-19,19:00,Güemes (SdE),Defensores Unidos,1,1,,,Primera Nacional,2023,zonas,Zona A,Fecha 3,Arturo Miranda,false,https://es.wikipedia.org/wiki/Campeonato_de_Primera_Nacional_2023
2023-02-19,19:15,Boca Juniors,Platense,3,1,,,Primera Division,2023,zonas,,Fecha 4,La Bombonera,false,https://es.wikipedia.org/wiki/Campeonato_de_Primera_División_2023_(Argentina)
2023-02-19,20:00,Deportivo Laferrere,Sportivo Italiano,4,0,,,Primera C,2023,zonas,,Fecha 4,Ciudad de Laferrere,false,https://es.wikipedia.org/wiki/Campeonato_de_Primera_C_2023_(Argentina)
2023-02-19,21:30,Deportivo Morón,Guillermo Brown,0,0,,,Primera Nacional,2023,zonas,Zona A,Fecha 3,Nuevo Francisco Urbano,false,https://es.wikipedia.org/wiki/Campeonato_de_Primera_Nacional_2023
2023-02-19,21:30,Independiente,Defensa y Justicia,0,2,,,Primera Division,2023,zonas,,Fecha 4,Ricardo Bochini,false,https://es.wikipedia.org/wiki/Campeonato_de_Primera_División_2023_(Argentina)
2023-02-19,21:30,Talleres (C),Central Córdoba (SdE),2,0,,,Primera Division,2023,zonas,,Fecha 4,Mario Alberto Kempes,false,https://es.wikipedia.org/wiki/Campeonato_de_Primera_División_2023_(Argentina)
2023-02-20,17:00,Almirante Brown,Agropecuario,4,1,,,Primera Nacional,2023,zonas,Zona A,Fecha 3,Fragata Presidente Sarmiento,false,https://es.wikipedia.org/wiki/Campeonato_de_Primera_Nacional_2023
2023-02-20,17:00,Argentino de Quilmes,Talleres (RdE),0,1,,,Primera B,2023,zonas,Torneo Apertura,Fecha 2,Argentino de Quilmes,false,https://es.wikipedia.org/wiki/Campeonato_de_Primera_B_2023_(Argentina)
2023-02-20,19:05,Nueva Chicago,San Martín (T),1,0,,,Primera Nacional,2023,zonas,Zona A,Fecha 3,República de Mataderos,false,https://es.wikipedia.org/wiki/Campeonato_de_Primera_Nacional_2023
2023-02-20,19:15,Sarmiento (J),San Lorenzo,0,1,,,Primera Division,2023,zonas,,Fecha 4,Eva Perón,false,https://es.wikipedia.org/wiki/Campeonato_de_Primera_División_2023_(Argentina)
2023-02-20,21:10,Atlanta,Atlético de Rafaela,0,0,,,Primera Nacional,2023,zonas,Zona B,Fecha 2,Don León Kolbowski,false,https://es.wikipedia.org/wiki/Campeonato_de_Primera_Nacional_2023
2023-02-20,21:30,Atlético Tucumán,Vélez Sarsfield,1,1,,,Primera Division,2023,zonas,,Fecha 4,Monumental José Fierro,false,https://es.wikipedia.org/wiki/Campeonato_de_Primera_División_2023_(Argentina)
2023-02-21,17:00,General Lamadrid,Real Pilar,1,1,,,Primera C,2023,zonas,,Fecha 4,Enrique Sexto,false,https://es.wikipedia.org/wiki/Campeonato_de_Primera_C_2023_(Argentina)
2023-02-21,21:10,Los Andes,Dock Sud,3,1,,,Primera B,2023,zonas,Torneo Apertura,Fecha 2,Eduardo Gallardón,false,https://es.wikipedia.org/wiki/Campeonato_de_Primera_B_2023_(Argentina)
2023-02-22,,Gimnasia y Esgrima (LP),Excursionistas,1,1,5,6,Copa Argentina,2023,eliminacion,,Treintaidosavos,Norberto Tomaghello,true,https://es.wikipedia.org/wiki/Copa_Argentina_2023
2023-02-22,,Newell's Old Boys,Claypole,0,1,,,Copa Argentina,2023,eliminacion,,Treintaidosavos,Único de San Nicolás,true,https://es.wikipedia.org/wiki/Copa_Argentina_2023
2023-02-22,,Racing Club,San Martín (F),3,1,,,Copa Argentina,2023,eliminacion,,Treintaidosavos,Centenario,true,https://es.wikipedia.org/wiki/Copa_Argentina_2023
2023-02-24,17:00,Berazategui,San Martín (B),0,1,,,Primera C,2023,zonas,,Fecha 5,Norman Lee,false,https://es.wikipedia.org/wiki/Campeonato_de_Primera_C_2023_(Argentina)
2023-02-24,17:00,San Telmo,All Boys,0,1,,,Primera Nacional,2023,zonas,Zona A,Fecha 4,Doctor Osvaldo Baletto,false,https://es.wikipedia.org/wiki/Campeonato_de_Primera_Nacional_2023
2023-02-24,19:00,Villa Dálmine,Tristán Suárez,3,1,,,Primera Nacional,2023,zonas,Zona B,Fecha 3,El Coliseo de Mitre y Puccini,false,https://es.wikipedia.org/wiki/Campeonato_de_Primera_Nacional_2023
2023-02-24,20:10,Estudiantes (BA),Deportivo Riestra,1,0,,,Primera Nacional,2023,zonas,Zona B,Fecha 3,Ciudad de Caseros,false,https://es.wikipedia.org/wiki/Campeonato_de_Primera_Nacional_2023
2023-02-24,21:00,Belgrano,Tigre,0,2,,,Primera Division,2023,zonas,,Fecha 5,Mario Alberto Kempes,false,https://es.wikipedia.org/wiki/Campeonato_de_Primera_División_2023_(Argentina)
2023-02-24,21:00,Rosario Central,Godoy Cruz,1,0,,,Primera Division,2023,zonas,,Fecha 5,Gigante de Arroyito,false,https://es.wikipedia.org/wiki/Campeonato_de_Primera_División_2023_(Argentina)
2023-02-25,17:00,Acassuso,Villa San Carlos,0,0,,,Primera B,2023,zonas,Torneo Apertura,Fecha 3,Armenia,false,https://es.wikipedia.org/wiki/Campeonato_de_Primera_B_2023_(Argentina)
2023-02-25,17:00,Almagro,Estudiantes (RC),1,0,,,Primera Nacional,2023,zonas,Zona A,Fecha 4,Tres de Febrero,false,https://es.wikipedia.org/wiki/Campeonato_de_Primera_Nacional_2023
2023-02-25,17:00,Brown de Adrogué,Ferro Carril Oeste,1,1,,,Primera Nacional,2023,zonas,Zona B,Fecha 3,Lorenzo Arandilla,false,https://es.wikipedia.org/wiki/Campeonato_de_Primera_Nacional_2023
2023-02-25,17:00,Cañuelas,Deportivo Armenio,0,3,,,Primera B,2023,zonas,Torneo Apertura,Fecha 3,Jorge Alfredo Arín,false,https://es.wikipedia.org/wiki/Campeonato_de_Primera_B_2023_(Argentina)
2023-02-25,17:00,Comunicaciones,Deportivo Merlo,1,1,,,Primera B,2023,zonas,Torneo Apertura,Fecha 3,Alfredo Ramos,false,https://es.wikipedia.org/wiki/Campeonato_de_Primera_B_2023_(Argentina)
2023-02-25,17:00,Deportivo Madryn,Atlanta,0,1,,,Primera Nacional,2023,zonas,Zona B,Fecha 3,Abel Sastre,false,https://es.wikipedia.org/wiki/Campeonato_de_Primera_Nacional_2023
2023-02-25,17:00,Dock Sud,Argentino de Quilmes,1,0,,,Primera B,2023,zonas,Torneo Apertura,Fecha 3,De los Inmigrantes,false,https://es.wikipedia.org/wiki/Campeonato_de_Primera_B_2023_(Argentina)
2023-02-25,17:00,Flandria,Patronato,1,1,,,Primera Nacional,2023,zonas,Zona A,Fecha 4,Carlos V,false,https://es.wikipedia.org/wiki/Campeonato_de_Primera_Nacional_2023
2023-02-25,17:00,Liniers,Central Córdoba (R),1,0,,,Primera C,2023,zonas,,Fecha 5,Juan Antonio Arias,false,https://es.wikipedia.org/wiki/Campeonato_de_Primera_C_2023_(Argentina)
2023-02-25,17:00,Quilmes,Gimnasia y Esgrima (J),2,1,,,Primera Nacional,2023,zonas,Zona B,Fecha 3,Centenario Ciudad de Quilmes,false,https://es.wikipedia.org/wiki/Campeonato_de_Primera_Nacional_2023
2023-02-25,17:00,San Lorenzo,Unión,1,0,,,Primera Division,2023,zonas,,Fecha 5,Nuevo Gasómetro,false,https://es.wikipedia.org/wiki/Campeonato_de_Primera_División_2023_(Argentina)
2023-02-25,18:00,Ferrocarril Midland,Leandro N. Alem,1,0,,,Primera C,2023,zonas,,Fecha 5,Ciudad de Libertad,false,https://es.wikipedia.org/wiki/Campeonato_de_Primera_C_2023_(Argentina)
2023-02-25,19:05,Temperley,Nueva Chicago,1,0,,,Primera Nacional,2023,zonas,Zona A,Fecha 4,Alfredo Beranger,false,https://es.wikipedia.org/wiki/Campeonato_de_Primera_Nacional_2023
2023-02-25,19:10,Talleres (RdE),Colegiales,0,1,,,Primera B,2023,zonas,Torneo Apertura,Fecha 3,Pablo Comelli,false,https://es.wikipedia.org/wiki/Campeonato_de_Primera_B_2023_(Argentina)
2023-02-25,19:15,Estudiantes (LP),Sarmiento (J),1,1,,,Primera Division,2023,zonas,,Fecha 5,Jorge Luis Hirschi,false,https://es.wikipedia.org/wiki/Campeonato_de_Primera_División_2023_(Argentina)
2023-02-25,19:15,Platense,Talleres (C),2,4,,,Primera Division,2023,zonas,,Fecha 5,Ciudad de Vicente López,false,https://es.wikipedia.org/wiki/Campeonato_de_Primera_División_2023_(Argentina)
2023-02-25,20:00,San Martín (SJ),Güemes (SdE),0,0,,,Primera Nacional,2023,zonas,Zona A,Fecha 4,Ingeniero Hilario Sánchez,false,https://es.wikipedia.org/wiki/Campeonato_de_Primera_Nacional_2023
2023-02-25,20:45,Alvarado,Gimnasia y Esgrima (M),1,1,,,Primera Nacional,2023,zonas,Zona A,Fecha 4,José María Minella,false,https://es.wikipedia.org/wiki/Campeonato_de_Primera_Nacional_2023
2023-02-25,21:30,Vélez Sarsfield,Boca Juniors,1,2,,,Primera Division,2023,zonas,,Fecha 5,José Amalfitani,false,https://es.wikipedia.org/wiki/Campeonato_de_Primera_División_2023_(Argentina)
2023-02-26,17:00,Aldosivi,Chaco For Ever,2,0,,,Primera Nacional,2023,zonas,Zona B,Fecha 3,José María Minella,false,https://es.wikipedia.org/wiki/Campeonato_de_Primera_Nacional_2023
2023-02-26,17:00,Colón,Huracán,1,1,,,Primera Division,2023,zonas,,Fecha 5,Brigadier Estanislao López,false,https://es.wikipedia.org/wiki/Campeonato_de_Primera_División_2023_(Argentina)
2023-02-26,17:00,Defensa y Justicia,Atlético Tucumán,3,0,,,Primera Division,2023,zonas,,Fecha 5,Norberto Tomaghello,false,https://es.wikipedia.org/wiki/Campeonato_de_Primera_División_2023_(Argentina)
2023-02-26,17:00,Defensores Unidos,Deportivo Morón,2,0,,,Primera Nacional,2023,zonas,Zona A,Fecha 4,Gigante de Villa Fox,false,https://es.wikipedia.org/wiki/Campeonato_de_Primera_Nacional_2023
2023-02-26,17:00,Guillermo Brown,Almirante Brown,0,0,,,Primera Nacional,2023,zonas,Zona A,Fecha 4,Raúl Conti,false,https://es.wikipedia.org/wiki/Campeonato_de_Primera_Nacional_2023
2023-02-26,17:00,Sportivo Italiano,Excursionistas,0,0,,,Primera C,2023,zonas,,Fecha 5,República de Italia,false,https://es.wikipedia.org/wiki/Campeonato_de_Primera_C_2023_(Argentina)
2023-02-26,19:00,Deportivo Maipú,Chacarita Juniors,0,2,,,Primera Nacional,2023,zonas,Zona B,Fecha 3,Omar Higinio Sperdutti,false,https://es.wikipedia.org/wiki/Campeonato_de_Primera_Nacional_2023
2023-02-26,19:15,River Plate,Arsenal,1,2,,,Primera Division,2023,zonas,,Fecha 5,Monumental,false,https://es.wikipedia.org/wiki/Campeonato_de_Primera_División_2023_(Argentina)
2023-02-26,20:00,Atlético de Rafaela,Racing Club,2,1,,,Primera Nacional,2023,zonas,Zona B,Fecha 3,Nuevo Monumental,false,https://es.wikipedia.org/wiki/Campeonato_de_Primera_Nacional_2023
2023-02-26,20:30,Independiente Rivadavia,Mitre (SdE),4,1,,,Primera Nacional,2023,zonas,Zona B,Fecha 3,Bautista Gargantini,false,https://es.wikipedia.org/wiki/Campeonato_de_Primera_Nacional_2023
2023-02-26,21:00,Claypole,Victoriano Arenas,2,0,,,Primera C,2023,zonas,,Fecha 5,Rodolfo Capocasa,false,https://es.wikipedia.org/wiki/Campeonato_de_Primera_C_2023_(Argentina)
2023-02-26,21:30,Banfield,Independiente,0,0,,,Primera Division,2023,zonas,,Fecha 5,Florencio Sola,false,https://es.wikipedia.org/wiki/Campeonato_de_Primera_División_2023_(Argentina)
2023-02-26,21:30,Instituto,Newell's Old Boys,3,1,,,Primera Division,2023,zonas,,Fecha 5,Juan Domingo Perón,false,https://es.wikipedia.org/wiki/Campeonato_de_Primera_División_2023_(Argentina)
2023-02-27,17:00,Barracas Central,Gimnasia y Esgrima (LP),1,0,,,Primera Division,2023,zonas,,Fecha 5,Claudio Chiqui Tapia,false,https://es.wikipedia.org/wiki/Campeonato_de_Primera_División_2023_(Argentina)
2023-02-27,17:00,Deportivo Español,Deportivo Laferrere,0,0,,,Primera C,2023,zonas,,Fecha 5,Nueva España,false,https://es.wikipedia.org/wiki/Campeonato_de_Primera_C_2023_(Argentina)
2023-02-27,17:00,Fénix,Sacachispas,0,2,,,Primera B,2023,zonas,Torneo Apertura,Fecha 3,República de Italia,false,https://es.wikipedia.org/wiki/Campeonato_de_Primera_B_2023_(Argentina)
2023-02-27,17:00,Luján,General Lamadrid,3,2,,,Primera C,2023,zonas,,Fecha 5,1.º de Abril,false,https://es.wikipedia.org/wiki/Campeonato_de_Primera_C_2023_(Argentina)
2023-02-27,17:00,Puerto Nuevo,Atlas,0,2,,,Primera C,2023,zonas,,Fecha 5,Rubén Carlos Vallejos,false,https://es.wikipedia.org/wiki/Campeonato_de_Primera_C_2023_(Argentina)
2023-02-27,19:15,Racing Club,Lanús,2,1,,,Primera Division,2023,zonas,,Fecha 5,El Cilindro,false,https://es.wikipedia.org/wiki/Campeonato_de_Primera_División_2023_(Argentina)
2023-02-27,19:30,Real Pilar,J. J. de Urquiza,1,2,,,Primera C,2023,zonas,,Fecha 5,Carlos Barraza,false,https://es.wikipedia.org/wiki/Campeonato_de_Primera_C_2023_(Argentina)
2023-02-27,21:10,Agropecuario,Defensores de Belgrano,2,1,,,Primera Nacional,2023,zonas,Zona A,Fecha 4,Ofelia Rosenzuaig,false,https://es.wikipedia.org/wiki/Campeonato_de_Primera_Nacional_2023
2023-02-27,21:30,Central Córdoba (SdE),Argentinos Juniors,1,0,,,Primera Division,2023,zonas,,Fecha 5,Único Madre de Ciudades,false,https://es.wikipedia.org/wiki/Campeonato_de_Primera_División_2023_(Argentina)
2023-02-28,17:00,UAI Urquiza,Los Andes,0,1,,,Primera B,2023,zonas,Torneo Apertura,Fecha 3,Monumental de Villa Lynch,false,https://es.wikipedia.org/wiki/Campeonato_de_Primera_B_2023_(Argentina)
2023-02-28,21:10,Argentino de Merlo,San Miguel,0,1,,,Primera B,2023,zonas,Torneo Apertura,Fecha 3,Merlo,false,https://es.wikipedia.org/wiki/Campeonato_de_Primera_B_2023_(Argentina)
2023-03-03,17:00,Deportivo Riestra,Atlético de Rafaela,0,2,,,Primera Nacional,2023,zonas,Zona B,Fecha 4,Guillermo Laza,false,https://es.wikipedia.org/wiki/Campeonato_de_Primera_Nacional_2023
2023-03-03,17:00,Racing Club,Deportivo Madryn,3,1,,,Primera Nacional,2023,zonas,Zona B,Fecha 4,Miguel Sancho,false,https://es.wikipedia.org/wiki/Campeonato_de_Primera_Nacional_2023
2023-03-03,20:00,Excursionistas,Deportivo Español,1,0,,,Primera C,2023,zonas,,Fecha 6,Excursionistas,false,https://es.wikipedia.org/wiki/Campeonato_de_Primera_C_2023_(Argentina)
2023-03-03,20:00,Sarmiento (J),Rosario Central,4,1,,,Primera Division,2023,zonas,,Fecha 6,Eva Perón,false,https://es.wikipedia.org/wiki/Campeonato_de_Primera_División_2023_(Argentina)
2023-03-03,20:00,Unión,Estudiantes (LP),2,0,,,Primera Division,2023,zonas,,Fecha 6,15 de abril,false,https://es.wikipedia.org/wiki/Campeonato_de_Primera_División_2023_(Argentina)
2023-03-03,21:10,All Boys,Almagro,0,0,,,Primera Nacional,2023,zonas,Zona A,Fecha 5,Islas Malvinas,false,https://es.wikipedia.org/wiki/Campeonato_de_Primera_Nacional_2023
2023-03-04,17:00,Argentino de Quilmes,UAI Urquiza,2,3,,,Primera B,2023,zonas,Torneo Apertura,Fecha 4,Argentino de Quilmes,false,https://es.wikipedia.org/wiki/Campeonato_de_Primera_B_2023_(Argentina)
2023-03-04,17:00,Atlas,Yupanqui,3,0,,,Primera C,2023,zonas,,Fecha 6,Ricardo Puga,false,https://es.wikipedia.org/wiki/Campeonato_de_Primera_C_2023_(Argentina)
2023-03-04,17:00,Chacarita Juniors,Independiente Rivadavia,3,0,,,Primera Nacional,2023,zonas,Zona B,Fecha 4,Chacarita Juniors,false,https://es.wikipedia.org/wiki/Campeonato_de_Primera_Nacional_2023
2023-03-04,17:00,Deportivo Armenio,Comunicaciones,2,3,,,Primera B,2023,zonas,Torneo Apertura,Fecha 4,Armenia,false,https://es.wikipedia.org/wiki/Campeonato_de_Primera_B_2023_(Argentina)
2023-03-04,17:00,Gimnasia y Esgrima (J),Brown de Adrogué,1,1,,,Primera Nacional,2023,zonas,Zona B,Fecha 4,23 de Agosto,false,https://es.wikipedia.org/wiki/Campeonato_de_Primera_Nacional_2023
2023-03-04,17:00,Gimnasia y Esgrima (LP),Colón,0,0,,,Primera Division,2023,zonas,,Fecha 6,Juan Carmelo Zerrillo,false,https://es.wikipedia.org/wiki/Campeonato_de_Primera_División_2023_(Argentina)
2023-03-04,17:00,J. J. de Urquiza,Luján,1,3,,,Primera C,2023,zonas,,Fecha 6,Ramón Roque Martín,false,https://es.wikipedia.org/wiki/Campeonato_de_Primera_C_2023_(Argentina)
2023-03-04,17:00,Nueva Chicago,San Telmo,2,0,,,Primera Nacional,2023,zonas,Zona A,Fecha 5,República de Mataderos,false,https://es.wikipedia.org/wiki/Campeonato_de_Primera_Nacional_2023
2023-03-04,17:00,Platense,Central Córdoba (SdE),1,1,,,Primera Division,2023,zonas,,Fecha 6,Ciudad de Vicente López,false,https://es.wikipedia.org/wiki/Campeonato_de_Primera_División_2023_(Argentina)
2023-03-04,17:00,Sacachispas,Argentino de Merlo,0,1,,,Primera B,2023,zonas,Torneo Apertura,Fecha 4,Beto Larrosa,false,https://es.wikipedia.org/wiki/Campeonato_de_Primera_B_2023_(Argentina)
2023-03-04,17:00,San Martín (B),Sportivo Italiano,2,1,,,Primera C,2023,zonas,,Fecha 6,Francisco Boga,false,https://es.wikipedia.org/wiki/Campeonato_de_Primera_C_2023_(Argentina)
2023-03-04,17:00,San Miguel,Acassuso,1,1,,,Primera B,2023,zonas,Torneo Apertura,Fecha 4,Malvinas Argentinas,false,https://es.wikipedia.org/wiki/Campeonato_de_Primera_B_2023_(Argentina)
2023-03-04,17:00,Tristán Suárez,Deportivo Maipú,0,4,,,Primera Nacional,2023,zonas,Zona B,Fecha 4,20 de Octubre,false,https://es.wikipedia.org/wiki/Campeonato_de_Primera_Nacional_2023
2023-03-04,17:00,Victoriano Arenas,Ferrocarril Midland,1,2,,,Primera C,2023,zonas,,Fecha 6,Saturnino Moure,false,https://es.wikipedia.org/wiki/Campeonato_de_Primera_C_2023_(Argentina)
2023-03-04,18:00,Güemes (SdE),Flandria,1,1,,,Primera Nacional,2023,zonas,Zona A,Fecha 5,Arturo Miranda,false,https://es.wikipedia.org/wiki/Campeonato_de_Primera_Nacional_2023
2023-03-04,18:00,Mitre (SdE),Chaco For Ever,2,0,,,Primera Nacional,2023,zonas,Zona B,Fecha 4,Dres. José y Antonio Castiglione,false,https://es.wikipedia.org/wiki/Campeonato_de_Primera_Nacional_2023
2023-03-04,19:05,Los Andes,Cañuelas,0,0,,,Primera B,2023,zonas,Torneo Apertura,Fecha 4,Eduardo Gallardón,false,https://es.wikipedia.org/wiki/Campeonato_de_Primera_B_2023_(Argentina)
2023-03-04,19:15,Lanús,River Plate,0,2,,,Primera Division,2023,zonas,,Fecha 6,Ciudad de Lanús,false,https://es.wikipedia.org/wiki/Campeonato_de_Primera_División_2023_(Argentina)
2023-03-04,20:00,Deportivo Laferrere,Claypole,1,0,,,Primera C,2023,zonas,,Fecha 6,Ciudad de Laferrere,false,https://es.wikipedia.org/wiki/Campeonato_de_Primera_C_2023_(Argentina)
2023-03-04,21:15,Deportivo Morón,San Martín (SJ),1,0,,,Primera Nacional,2023,zonas,Zona A,Fecha 5,Nuevo Francisco Urbano,false,https://es.wikipedia.org/wiki/Campeonato_de_Primera_Nacional_2023
2023-03-04,21:30,Atlético Tucumán,Banfield,1,0,,,Primera Division,2023,zonas,,Fecha 6,Monumental José Fierro,false,https://es.wikipedia.org/wiki/Campeonato_de_Primera_División_2023_(Argentina)
2023-03-04,21:30,Ferro Carril Oeste,Estudiantes (BA),0,2,,,Primera Nacional,2023,zonas,Zona B,Fecha 4,Arquitecto Ricardo Etcheverri,false,https://es.wikipedia.org/wiki/Campeonato_de_Primera_Nacional_2023
2023-03-04,21:30,Newell's Old Boys,Barracas Central,1,0,,,Primera Division,2023,zonas,,Fecha 6,Marcelo Bielsa,false,https://es.wikipedia.org/wiki/Campeonato_de_Primera_División_2023_(Argentina)
2023-03-05,17:00,Almirante Brown,Defensores Unidos,0,0,,,Primera Nacional,2023,zonas,Zona A,Fecha 5,Fragata Presidente Sarmiento,false,https://es.wikipedia.org/wiki/Campeonato_de_Primera_Nacional_2023
2023-03-05,17:00,Atlanta,Villa Dálmine,2,1,,,Primera Nacional,2023,zonas,Zona B,Fecha 4,Don León Kolbowski,false,https://es.wikipedia.org/wiki/Campeonato_de_Primera_Nacional_2023
2023-03-05,17:00,Central Córdoba (R),Real Pilar,2,1,,,Primera C,2023,zonas,,Fecha 6,Gabino Sosa,false,https://es.wikipedia.org/wiki/Campeonato_de_Primera_C_2023_(Argentina)
2023-03-05,17:00,Colegiales,Dock Sud,0,1,,,Primera B,2023,zonas,Torneo Apertura,Fecha 4,Colegiales,false,https://es.wikipedia.org/wiki/Campeonato_de_Primera_B_2023_(Argentina)
2023-03-05,17:00,Deportivo Merlo,Ituzaingó,0,0,,,Primera B,2023,zonas,Torneo Apertura,Fecha 4,José Manuel Moreno,false,https://es.wikipedia.org/wiki/Campeonato_de_Primera_B_2023_(Argentina)
2023-03-05,17:00,General Lamadrid,Berazategui,3,0,,,Primera C,2023,zonas,,Fecha 6,Enrique Sexto,false,https://es.wikipedia.org/wiki/Campeonato_de_Primera_C_2023_(Argentina)
2023-03-05,17:00,Independiente,Instituto,2,2,,,Primera Division,2023,zonas,,Fecha 6,Ricardo Bochini,false,https://es.wikipedia.org/wiki/Campeonato_de_Primera_División_2023_(Argentina)
2023-03-05,17:00,Villa San Carlos,Talleres (RdE),0,1,,,Primera B,2023,zonas,Torneo Apertura,Fecha 4,Genacio Sálice,false,https://es.wikipedia.org/wiki/Campeonato_de_Primera_B_2023_(Argentina)
2023-03-05,19:15,Huracán,San Lorenzo,1,1,,,Primera Division,2023,zonas,,Fecha 6,Tomás Adolfo Ducó,false,https://es.wikipedia.org/wiki/Campeonato_de_Primera_División_2023_(Argentina)
2023-03-05,19:15,San Martín (T),Temperley,1,1,,,Primera Nacional,2023,zonas,Zona A,Fecha 5,La Ciudadela,false,https://es.wikipedia.org/wiki/Campeonato_de_Primera_Nacional_2023
2023-03-05,20:00,Estudiantes (RC),Agropecuario,2,1,,,Primera Nacional,2023,zonas,Zona A,Fecha 5,Antonio Candini,false,https://es.wikipedia.org/wiki/Campeonato_de_Primera_Nacional_2023
2023-03-05,21:30,Quilmes,Aldosivi,4,1,,,Primera Nacional,2023,zonas,Zona B,Fecha 4,Centenario Ciudad de Quilmes,false,https://es.wikipedia.org/wiki/Campeonato_de_Primera_Nacional_2023
2023-03-05,21:30,Talleres (C),Vélez Sarsfield,1,2,,,Primera Division,2023,zonas,,Fecha 6,Mario Alberto Kempes,false,https://es.wikipedia.org/wiki/Campeonato_de_Primera_División_2023_(Argentina)
2023-03-05,21:30,Tigre,Argentinos Juniors,0,1,,,Primera Division,2023,zonas,,Fecha 6,Monumental de Victoria,false,https://es.wikipedia.org/wiki/Campeonato_de_Primera_División_2023_(Argentina)
2023-03-06,17:00,Arsenal,Belgrano,0,1,,,Primera Division,2023,zonas,,Fecha 6,El Viaducto,false,https://es.wikipedia.org/wiki/Campeonato_de_Primera_División_2023_(Argentina)
2023-03-06,17:00,Defensores de Belgrano,Guillermo Brown,4,1,,,Primera Nacional,2023,zonas,Zona A,Fecha 5,Juan Pasquale,false,https://es.wikipedia.org/wiki/Campeonato_de_Primera_Nacional_2023
2023-03-06,17:00,Godoy Cruz,Racing Club,2,0,,,Primera Division,2023,zonas,,Fecha 6,Malvinas Argentinas,false,https://es.wikipedia.org/wiki/Campeonato_de_Primera_División_2023_(Argentina)
2023-03-06,17:00,Leandro N. Alem,Puerto Nuevo,0,1,,,Primera C,2023,zonas,,Fecha 6,Leandro N. Alem,false,https://es.wikipedia.org/wiki/Campeonato_de_Primera_C_2023_(Argentina)
2023-03-06,18:00,Patronato,Alvarado,6,0,,,Primera Nacional,2023,zonas,Zona A,Fecha 5,Pedro Mutio,false,https://es.wikipedia.org/wiki/Campeonato_de_Primera_Nacional_2023
2023-03-06,21:00,Boca Juniors,Defensa y Justicia,0,0,,,Primera Division,2023,zonas,,Fecha 6,La Bombonera,false,https://es.wikipedia.org/wiki/Campeonato_de_Primera_División_2023_(Argentina)
2023-03-08,,River Plate,Racing Club,3,0,,,Copa Argentina,2023,eliminacion,,Treintaidosavos,Único Madre de Ciudades,true,https://es.wikipedia.org/wiki/Copa_Argentina_2023
2023-03-08,,Sarmiento (J),Chaco For Ever,0,0,5,6,Copa Argentina,2023,eliminacion,,Treintaidosavos,Brigadier General Estanislao López,true,https://es.wikipedia.org/wiki/Copa_Argentina_2023
2023-03-10,17:00,Barracas Central,Independiente,1,1,,,Primera Division,2023,zonas,,Fecha 7,Claudio Chiqui Tapia,false,https://es.wikipedia.org/wiki/Campeonato_de_Primera_División_2023_(Argentina)
2023-03-10,17:00,Berazategui,J. J. de Urquiza,2,2,,,Primera C,2023,zonas,,Fecha 7,Norman Lee,false,https://es.wikipedia.org/wiki/Campeonato_de_Primera_C_2023_(Argentina)
2023-03-10,17:00,Boca Unidos,Sarmiento (R),0,2,,,Torneo Federal A,2023,zonas,Zona D,Fecha 1,Leoncio Benítez,false,https://es.wikipedia.org/wiki/Torneo_Federal_A_2023
2023-03-10,17:00,Claypole,Excursionistas,1,0,,,Primera C,2023,zonas,,Fecha 7,Rodolfo Capocasa,false,https://es.wikipedia.org/wiki/Campeonato_de_Primera_C_2023_(Argentina)
2023-03-10,17:00,Deportivo Español,San Martín (B),2,3,,,Primera C,2023,zonas,,Fecha 7,Nueva España,false,https://es.wikipedia.org/wiki/Campeonato_de_Primera_C_2023_(Argentina)
2023-03-10,17:00,Dock Sud,Villa San Carlos,3,3,,,Primera B,2023,zonas,Torneo Apertura,Fecha 5,De los Inmigrantes,false,https://es.wikipedia.org/wiki/Campeonato_de_Primera_B_2023_(Argentina)
2023-03-10,17:00,Luján,Central Córdoba (R),1,0,,,Primera C,2023,zonas,,Fecha 7,1.º de Abril,false,https://es.wikipedia.org/wiki/Campeonato_de_Primera_C_2023_(Argentina)
2023-03-10,17:00,Puerto Nuevo,Victoriano Arenas,0,1,,,Primera C,2023,zonas,,Fecha 7,Rubén Carlos Vallejos,false,https://es.wikipedia.org/wiki/Campeonato_de_Primera_C_2023_(Argentina)
2023-03-10,17:00,Sportivo Italiano,General Lamadrid,2,0,,,Primera C,2023,zonas,,Fecha 7,República de Italia,false,https://es.wikipedia.org/wiki/Campeonato_de_Primera_C_2023_(Argentina)
2023-03-10,19:30,Ferrocarril Midland,Deportivo Laferrere,2,1,,,Primera C,2023,zonas,,Fecha 7,Ciudad de Libertad,false,https://es.wikipedia.org/wiki/Campeonato_de_Primera_C_2023_(Argentina)
2023-03-10,20:30,Ituzaingó,Deportivo Armenio,0,0,,,Primera B,2023,zonas,Torneo Apertura,Fecha 5,Carlos Alberto Sacaan,false,https://es.wikipedia.org/wiki/Campeonato_de_Primera_B_2023_(Argentina)
2023-03-10,21:00,Argentinos Juniors,Arsenal,1,1,,,Primera Division,2023,zonas,,Fecha 7,Diego Armando Maradona,false,https://es.wikipedia.org/wiki/Campeonato_de_Primera_División_2023_(Argentina)
2023-03-10,21:00,Atlético de Rafaela,Ferro Carril Oeste,1,2,,,Primera Nacional,2023,zonas,Zona B,Fecha 5,Nuevo Monumental,false,https://es.wikipedia.org/wiki/Campeonato_de_Primera_Nacional_2023
2023-03-10,21:00,Instituto,Atlético Tucumán,1,1,,,Primera Division,2023,zonas,,Fecha 7,Juan Domingo Perón,false,https://es.wikipedia.org/wiki/Campeonato_de_Primera_División_2023_(Argentina)
2023-03-10,21:30,Sportivo Estudiantes (SL),Ciudad de Bolívar,1,3,,,Torneo Federal A,2023,zonas,Zona B,Fecha 1,Héctor Odicino y Pedro Benoza,false,https://es.wikipedia.org/wiki/Torneo_Federal_A_2023
2023-03-11,17:00,Acassuso,Sacachispas,0,0,,,Primera B,2023,zonas,Torneo Apertura,Fecha 5,Armenia,false,https://es.wikipedia.org/wiki/Campeonato_de_Primera_B_2023_(Argentina)
2023-03-11,17:00,Brown de Adrogué,Quilmes,1,0,,,Primera Nacional,2023,zonas,Zona B,Fecha 5,Lorenzo Arandilla,false,https://es.wikipedia.org/wiki/Campeonato_de_Primera_Nacional_2023
2023-03-11,17:00,Cañuelas,Argentino de Quilmes,1,2,,,Primera B,2023,zonas,Torneo Apertura,Fecha 5,Jorge Alfredo Arín,false,https://es.wikipedia.org/wiki/Campeonato_de_Primera_B_2023_(Argentina)
2023-03-11,17:00,Comunicaciones,Los Andes,1,0,,,Primera B,2023,zonas,Torneo Apertura,Fecha 5,Alfredo Ramos,false,https://es.wikipedia.org/wiki/Campeonato_de_Primera_B_2023_(Argentina)
2023-03-11,17:00,Defensores Unidos,Defensores de Belgrano,1,0,,,Primera Nacional,2023,zonas,Zona A,Fecha 6,Gigante de Villa Fox,false,https://es.wikipedia.org/wiki/Campeonato_de_Primera_Nacional_2023
2023-03-11,17:00,Deportivo Madryn,Deportivo Riestra,0,3,,,Primera Nacional,2023,zonas,Zona B,Fecha 5,Abel Sastre,false,https://es.wikipedia.org/wiki/Campeonato_de_Primera_Nacional_2023
2023-03-11,17:00,San Lorenzo,Gimnasia y Esgrima (LP),4,0,,,Primera Division,2023,zonas,,Fecha 7,Nuevo Gasómetro,false,https://es.wikipedia.org/wiki/Campeonato_de_Primera_División_2023_(Argentina)
2023-03-11,17:00,UAI Urquiza,Colegiales,1,2,,,Primera B,2023,zonas,Torneo Apertura,Fecha 5,Monumental de Villa Lynch,false,https://es.wikipedia.org/wiki/Campeonato_de_Primera_B_2023_(Argentina)
2023-03-11,17:00,Yupanqui,Leandro N. Alem,1,4,,,Primera C,2023,zonas,,Fecha 7,Ciudad Evita,false,https://es.wikipedia.org/wiki/Campeonato_de_Primera_C_2023_(Argentina)
2023-03-11,17:30,Crucero del Norte,Gimnasia y Tiro (S),0,0,,,Torneo Federal A,2023,zonas,Zona D,Fecha 1,Comandante Andrés Guacurarí,false,https://es.wikipedia.org/wiki/Torneo_Federal_A_2023
2023-03-11,18:00,Villa Mitre,Liniers (BB),0,0,,,Torneo Federal A,2023,zonas,Zona A,Fecha 1,El Fortín (BB),false,https://es.wikipedia.org/wiki/Torneo_Federal_A_2023
2023-03-11,19:00,Alvarado,Güemes (SdE),2,1,,,Primera Nacional,2023,zonas,Zona A,Fecha 6,José María Minella,false,https://es.wikipedia.org/wiki/Campeonato_de_Primera_Nacional_2023
2023-03-11,19:00,San Martín (SJ),Almirante Brown,1,1,,,Primera Nacional,2023,zonas,Zona A,Fecha 6,Ingeniero Hilario Sánchez,false,https://es.wikipedia.org/wiki/Campeonato_de_Primera_Nacional_2023
2023-03-11,19:15,Defensa y Justicia,Talleres (C),1,1,,,Primera Division,2023,zonas,,Fecha 7,Norberto Tomaghello,false,https://es.wikipedia.org/wiki/Campeonato_de_Primera_División_2023_(Argentina)
2023-03-11,19:30,Real Pilar,Liniers,0,0,,,Primera C,2023,zonas,,Fecha 7,Carlos Barraza,false,https://es.wikipedia.org/wiki/Campeonato_de_Primera_C_2023_(Argentina)
2023-03-11,20:00,Agropecuario,All Boys,1,1,,,Primera Nacional,2023,zonas,Zona A,Fecha 6,Ofelia Rosenzuaig,false,https://es.wikipedia.org/wiki/Campeonato_de_Primera_Nacional_2023
2023-03-11,20:00,Argentino de Merlo,Fénix,2,0,,,Primera B,2023,zonas,Torneo Apertura,Fecha 5,Merlo,false,https://es.wikipedia.org/wiki/Campeonato_de_Primera_B_2023_(Argentina)
2023-03-11,20:00,Ramón Santamarina,Sansinena,1,1,,,Torneo Federal A,2023,zonas,Zona A,Fecha 1,Municipal General San Martín,false,https://es.wikipedia.org/wiki/Torneo_Federal_A_2023
2023-03-11,20:30,Gimnasia y Esgrima (M),Patronato,0,0,,,Primera Nacional,2023,zonas,Zona A,Fecha 6,Víctor Antonio Legrotaglie,false,https://es.wikipedia.org/wiki/Campeonato_de_Primera_Nacional_2023
2023-03-11,21:10,Estudiantes (BA),Gimnasia y Esgrima (J),1,2,,,Primera Nacional,2023,zonas,Zona B,Fecha 5,Ciudad de Caseros,false,https://es.wikipedia.org/wiki/Campeonato_de_Primera_Nacional_2023
2023-03-11,21:30,Belgrano,Lanús,0,0,,,Primera Division,2023,zonas,,Fecha 7,Mario Alberto Kempes,false,https://es.wikipedia.org/wiki/Campeonato_de_Primera_División_2023_(Argentina)
2023-03-11,21:30,Central Córdoba (SdE),Tigre,2,0,,,Primera Division,2023,zonas,,Fecha 7,Único Madre de Ciudades,false,https://es.wikipedia.org/wiki/Campeonato_de_Primera_División_2023_(Argentina)
2023-03-12,16:00,Huracán Las Heras,San Martín (SM),1,0,,,Torneo Federal A,2023,zonas,Zona B,Fecha 1,Malvinas Argentinas,false,https://es.wikipedia.org/wiki/Torneo_Federal_A_2023
2023-03-12,17:00,Deportivo Maipú,Atlanta,1,0,,,Primera Nacional,2023,zonas,Zona B,Fecha 5,Omar Higinio Sperdutti,false,https://es.wikipedia.org/wiki/Campeonato_de_Primera_Nacional_2023
2023-03-12,17:00,Flandria,Deportivo Morón,2,0,,,Primera Nacional,2023,zonas,Zona A,Fecha 6,Carlos V,false,https://es.wikipedia.org/wiki/Campeonato_de_Primera_Nacional_2023
2023-03-12,17:00,Germinal,Olimpo,1,1,,,Torneo Federal A,2023,zonas,Zona A,Fecha 1,El Fortín (R),false,https://es.wikipedia.org/wiki/Torneo_Federal_A_2023
2023-03-12,17:00,Guillermo Brown,Estudiantes (RC),0,1,,,Primera Nacional,2023,zonas,Zona A,Fecha 6,Raúl Conti,false,https://es.wikipedia.org/wiki/Campeonato_de_Primera_Nacional_2023
2023-03-12,17:00,Juventud Antoniana,San Martín (F),1,0,,,Torneo Federal A,2023,zonas,Zona D,Fecha 1,Padre Ernesto Martearena,false,https://es.wikipedia.org/wiki/Torneo_Federal_A_2023
2023-03-12,17:00,Racing Club,Sarmiento (J),1,0,,,Primera Division,2023,zonas,,Fecha 7,El Cilindro,false,https://es.wikipedia.org/wiki/Campeonato_de_Primera_División_2023_(Argentina)
2023-03-12,17:00,Sol de América (F),Central Norte (S),1,0,,,Torneo Federal A,2023,zonas,Zona D,Fecha 1,Sol de América,false,https://es.wikipedia.org/wiki/Torneo_Federal_A_2023
2023-03-12,17:00,Sportivo Belgrano,Defensores de Pronunciamiento,3,0,,,Torneo Federal A,2023,zonas,Zona C,Fecha 1,Oscar Carlos Boero,false,https://es.wikipedia.org/wiki/Torneo_Federal_A_2023
2023-03-12,17:30,Unión (S),El Linqueño,1,1,,,Torneo Federal A,2023,zonas,Zona C,Fecha 1,De la Avenida,false,https://es.wikipedia.org/wiki/Torneo_Federal_A_2023
2023-03-12,18:00,Cipolletti,Círculo Deportivo,1,0,,,Torneo Federal A,2023,zonas,Zona A,Fecha 1,La Visera de Cemento,false,https://es.wikipedia.org/wiki/Torneo_Federal_A_2023
2023-03-12,18:30,Chaco For Ever,Chacarita Juniors,1,1,,,Primera Nacional,2023,zonas,Zona B,Fecha 5,Juan Alberto García,false,https://es.wikipedia.org/wiki/Campeonato_de_Primera_Nacional_2023
2023-03-12,19:00,Villa Dálmine,Racing Club,2,1,,,Primera Nacional,2023,zonas,Zona B,Fecha 5,El Coliseo de Mitre y Puccini,false,https://es.wikipedia.org/wiki/Campeonato_de_Primera_Nacional_2023
2023-03-12,19:05,Almagro,Nueva Chicago,0,0,,,Primera Nacional,2023,zonas,Zona A,Fecha 6,Tres de Febrero,false,https://es.wikipedia.org/wiki/Campeonato_de_Primera_Nacional_2023
2023-03-12,19:15,Estudiantes (LP),Huracán,2,1,,,Primera Division,2023,zonas,,Fecha 7,Jorge Luis Hirschi,false,https://es.wikipedia.org/wiki/Campeonato_de_Primera_División_2023_(Argentina)
2023-03-12,19:15,River Plate,Godoy Cruz,3,0,,,Primera Division,2023,zonas,,Fecha 7,Monumental,false,https://es.wikipedia.org/wiki/Campeonato_de_Primera_División_2023_(Argentina)
2023-03-12,19:30,Atenas (RC),Juventud Unida Universitario,1,0,,,Torneo Federal A,2023,zonas,Zona B,Fecha 1,9 de Julio,false,https://es.wikipedia.org/wiki/Torneo_Federal_A_2023
2023-03-12,20:00,Douglas Haig,Sportivo Las Parejas,1,0,,,Torneo Federal A,2023,zonas,Zona C,Fecha 1,Miguel Morales,false,https://es.wikipedia.org/wiki/Torneo_Federal_A_2023
2023-03-12,20:00,Ferro Carril Oeste (GP),Sportivo Peñarol (C),2,0,,,Torneo Federal A,2023,zonas,Zona B,Fecha 1,El Coloso del Barrio Talleres,false,https://es.wikipedia.org/wiki/Torneo_Federal_A_2023
2023-03-12,20:00,Gimnasia y Esgrima (CdU),Independiente (C),0,0,,,Torneo Federal A,2023,zonas,Zona C,Fecha 1,Manuel y Ramón Núñez,false,https://es.wikipedia.org/wiki/Torneo_Federal_A_2023
2023-03-12,20:30,Independiente Rivadavia,Tristán Suárez,1,3,,,Primera Nacional,2023,zonas,Zona B,Fecha 5,Bautista Gargantini,false,https://es.wikipedia.org/wiki/Campeonato_de_Primera_Nacional_2023
2023-03-12,21:30,Banfield,Boca Juniors,1,0,,,Primera Division,2023,zonas,,Fecha 7,Florencio Sola,false,https://es.wikipedia.org/wiki/Campeonato_de_Primera_División_2023_(Argentina)
2023-03-12,21:30,Rosario Central,Unión,1,1,,,Primera Division,2023,zonas,,Fecha 7,Gigante de Arroyito,false,https://es.wikipedia.org/wiki/Campeonato_de_Primera_División_2023_(Argentina)
2023-03-13,17:00,San Telmo,San Martín (T),2,1,,,Primera Nacional,2023,zonas,Zona A,Fecha 6,Doctor Osvaldo Baletto,false,https://es.wikipedia.org/wiki/Campeonato_de_Primera_Nacional_2023
2023-03-13,21:00,Colón,Newell's Old Boys,1,1,,,Primera Division,2023,zonas,,Fecha 7,Brigadier Estanislao López,false,https://es.wikipedia.org/wiki/Campeonato_de_Primera_División_2023_(Argentina)
2023-03-13,21:00,Vélez Sarsfield,Platense,1,1,,,Primera Division,2023,zonas,,Fecha 7,José Amalfitani,false,https://es.wikipedia.org/wiki/Campeonato_de_Primera_División_2023_(Argentina)
2023-03-13,21:10,Aldosivi,Mitre (SdE),3,1,,,Primera Nacional,2023,zonas,Zona B,Fecha 5,José María Minella,false,https://es.wikipedia.org/wiki/Campeonato_de_Primera_Nacional_2023
2023-03-14,21:10,Talleres (RdE),San Miguel,1,1,,,Primera B,2023,zonas,Torneo Apertura,Fecha 5,Pablo Comelli,false,https://es.wikipedia.org/wiki/Campeonato_de_Primera_B_2023_(Argentina)
2023-03-15,,Argentinos Juniors,Deportivo Armenio,3,0,,,Copa Argentina,2023,eliminacion,,Treintaidosavos,Juan Carmelo Zerillo,true,https://es.wikipedia.org/wiki/Copa_Argentina_2023
2023-03-15,,San Lorenzo,Sarmiento (R),3,0,,,Copa Argentina,2023,eliminacion,,Treintaidosavos,Brigadier General Estanislao López,true,https://es.wikipedia.org/wiki/Copa_Argentina_2023
2023-03-15,16:00,Central Córdoba (R),Berazategui,1,1,,,Primera C,2023,zonas,,Fecha 8,Gabino Sosa,false,https://es.wikipedia.org/wiki/Campeonato_de_Primera_C_2023_(Argentina)
2023-03-15,16:00,General Lamadrid,Deportivo Español,0,2,,,Primera C,2023,zonas,,Fecha 8,Enrique Sexto,false,https://es.wikipedia.org/wiki/Campeonato_de_Primera_C_2023_(Argentina)
2023-03-15,16:00,J. J. de Urquiza,Sportivo Italiano,1,0,,,Primera C,2023,zonas,,Fecha 8,Ramón Roque Martín,false,https://es.wikipedia.org/wiki/Campeonato_de_Primera_C_2023_(Argentina)
2023-03-15,16:00,Leandro N. Alem,Atlas,1,2,,,Primera C,2023,zonas,,Fecha 8,Leandro N. Alem,false,https://es.wikipedia.org/wiki/Campeonato_de_Primera_C_2023_(Argentina)
2023-03-15,16:00,Liniers,Luján,1,2,,,Primera C,2023,zonas,,Fecha 8,Juan Antonio Arias,false,https://es.wikipedia.org/wiki/Campeonato_de_Primera_C_2023_(Argentina)
2023-03-15,16:00,San Martín (B),Claypole,0,0,,,Primera C,2023,zonas,,Fecha 8,Francisco Boga,false,https://es.wikipedia.org/wiki/Campeonato_de_Primera_C_2023_(Argentina)
2023-03-15,16:00,Victoriano Arenas,Yupanqui,0,0,,,Primera C,2023,zonas,,Fecha 8,Saturnino Moure,false,https://es.wikipedia.org/wiki/Campeonato_de_Primera_C_2023_(Argentina)
2023-03-15,20:00,Deportivo Laferrere,Puerto Nuevo,1,3,,,Primera C,2023,zonas,,Fecha 8,Ciudad de Laferrere,false,https://es.wikipedia.org/wiki/Campeonato_de_Primera_C_2023_(Argentina)
2023-03-15,20:00,Excursionistas,Ferrocarril Midland,1,4,,,Primera C,2023,zonas,,Fecha 8,Deportivo Laferrere,false,https://es.wikipedia.org/wiki/Campeonato_de_Primera_C_2023_(Argentina)
2023-03-17,19:10,Ferro Carril Oeste,Deportivo Madryn,0,0,,,Primera Nacional,2023,zonas,Zona B,Fecha 6,Arquitecto Ricardo Etcheverri,false,https://es.wikipedia.org/wiki/Campeonato_de_Primera_Nacional_2023
2023-03-17,21:00,Unión,Racing Club,1,3,,,Primera Division,2023,zonas,,Fecha 8,15 de abril,false,https://es.wikipedia.org/wiki/Campeonato_de_Primera_División_2023_(Argentina)
2023-03-17,21:10,Gimnasia y Esgrima (J),Atlético de Rafaela,1,0,,,Primera Nacional,2023,zonas,Zona B,Fecha 6,23 de Agosto,false,https://es.wikipedia.org/wiki/Campeonato_de_Primera_Nacional_2023
2023-03-17,21:45,Central Norte (S),9 de Julio (R),2,0,,,Torneo Federal A,2023,zonas,Zona D,Fecha 2,Doctor Luis Güemes,false,https://es.wikipedia.org/wiki/Torneo_Federal_A_2023
2023-03-18,15:30,Almirante Brown,Flandria,3,1,,,Primera Nacional,2023,zonas,Zona A,Fecha 7,Fragata Presidente Sarmiento,false,https://es.wikipedia.org/wiki/Campeonato_de_Primera_Nacional_2023
2023-03-18,15:30,Fénix,Acassuso,1,2,,,Primera B,2023,zonas,Torneo Apertura,Fecha 6,José Manuel Moreno,false,https://es.wikipedia.org/wiki/Campeonato_de_Primera_B_2023_(Argentina)
2023-03-18,15:30,Sacachispas,Talleres (RdE),1,0,,,Primera B,2023,zonas,Torneo Apertura,Fecha 6,Beto Larrosa,false,https://es.wikipedia.org/wiki/Campeonato_de_Primera_B_2023_(Argentina)
2023-03-18,15:30,Sportivo Italiano,Central Córdoba (R),2,2,,,Primera C,2023,zonas,,Fecha 9,República de Italia,false,https://es.wikipedia.org/wiki/Campeonato_de_Primera_C_2023_(Argentina)
2023-03-18,15:30,Villa San Carlos,UAI Urquiza,0,0,,,Primera B,2023,zonas,Torneo Apertura,Fecha 6,Genacio Sálice,false,https://es.wikipedia.org/wiki/Campeonato_de_Primera_B_2023_(Argentina)
2023-03-18,16:00,Brown de Adrogué,Aldosivi,2,0,,,Primera Nacional,2023,zonas,Zona B,Fecha 6,Lorenzo Arandilla,false,https://es.wikipedia.org/wiki/Campeonato_de_Primera_Nacional_2023
2023-03-18,16:00,Ciudad de Bolívar,Argentino (MM),1,1,,,Torneo Federal A,2023,zonas,Zona B,Fecha 2,Municipal Eva Perón,false,https://es.wikipedia.org/wiki/Torneo_Federal_A_2023
2023-03-18,16:00,Círculo Deportivo,Germinal,0,1,,,Torneo Federal A,2023,zonas,Zona A,Fecha 2,Guillermo Trama,false,https://es.wikipedia.org/wiki/Torneo_Federal_A_2023
2023-03-18,16:00,Nueva Chicago,Agropecuario,0,1,,,Primera Nacional,2023,zonas,Zona A,Fecha 7,Nueva Chicago,false,https://es.wikipedia.org/wiki/Campeonato_de_Primera_Nacional_2023
2023-03-18,16:00,Tristán Suárez,Chaco For Ever,2,1,,,Primera Nacional,2023,zonas,Zona B,Fecha 6,20 de Octubre,false,https://es.wikipedia.org/wiki/Campeonato_de_Primera_Nacional_2023
2023-03-18,16:30,Arsenal,Tigre,2,0,,,Primera Division,2023,zonas,,Fecha 8,El Viaducto,false,https://es.wikipedia.org/wiki/Campeonato_de_Primera_División_2023_(Argentina)
2023-03-18,17:00,Sansinena,Cipolletti,2,1,,,Torneo Federal A,2023,zonas,Zona A,Fecha 2,Luis Molina,false,https://es.wikipedia.org/wiki/Torneo_Federal_A_2023
2023-03-18,19:00,All Boys,Guillermo Brown,1,1,,,Primera Nacional,2023,zonas,Zona A,Fecha 7,Islas Malvinas,false,https://es.wikipedia.org/wiki/Campeonato_de_Primera_Nacional_2023
2023-03-18,19:00,Independiente,Colón,2,2,,,Primera Division,2023,zonas,,Fecha 8,Ricardo Bochini,false,https://es.wikipedia.org/wiki/Campeonato_de_Primera_División_2023_(Argentina)
2023-03-18,19:00,Platense,Defensa y Justicia,1,0,,,Primera Division,2023,zonas,,Fecha 8,Ciudad de Vicente López,false,https://es.wikipedia.org/wiki/Campeonato_de_Primera_División_2023_(Argentina)
2023-03-18,19:35,Chacarita Juniors,Mitre (SdE),1,1,,,Primera Nacional,2023,zonas,Zona B,Fecha 6,Chacarita Juniors,false,https://es.wikipedia.org/wiki/Campeonato_de_Primera_Nacional_2023
2023-03-18,20:00,Liniers (BB),Ramón Santamarina,2,1,,,Torneo Federal A,2023,zonas,Zona A,Fecha 2,Alejandro Pérez,false,https://es.wikipedia.org/wiki/Torneo_Federal_A_2023
2023-03-18,21:30,Atlético Tucumán,Barracas Central,1,1,,,Primera Division,2023,zonas,,Fecha 8,Monumental José Fierro,false,https://es.wikipedia.org/wiki/Campeonato_de_Primera_División_2023_(Argentina)
2023-03-18,21:30,Godoy Cruz,Belgrano,3,1,,,Primera Division,2023,zonas,,Fecha 8,Malvinas Argentinas,false,https://es.wikipedia.org/wiki/Campeonato_de_Primera_División_2023_(Argentina)
2023-03-18,21:35,Quilmes,Estudiantes (BA),2,0,,,Primera Nacional,2023,zonas,Zona B,Fecha 6,Centenario Ciudad de Quilmes,false,https://es.wikipedia.org/wiki/Campeonato_de_Primera_Nacional_2023
2023-03-19,15:30,Argentino de Quilmes,Comunicaciones,2,1,,,Primera B,2023,zonas,Torneo Apertura,Fecha 6,Argentino de Quilmes,false,https://es.wikipedia.org/wiki/Campeonato_de_Primera_B_2023_(Argentina)
2023-03-19,15:30,Atlas,Victoriano Arenas,4,0,,,Primera C,2023,zonas,,Fecha 9,Ricardo Puga,false,https://es.wikipedia.org/wiki/Campeonato_de_Primera_C_2023_(Argentina)
2023-03-19,15:30,Claypole,General Lamadrid,4,0,,,Primera C,2023,zonas,,Fecha 9,Rodolfo Capocasa,false,https://es.wikipedia.org/wiki/Campeonato_de_Primera_C_2023_(Argentina)
2023-03-19,15:30,Colegiales,Cañuelas,3,0,,,Primera B,2023,zonas,Torneo Apertura,Fecha 6,Colegiales,false,https://es.wikipedia.org/wiki/Campeonato_de_Primera_B_2023_(Argentina)
2023-03-19,15:30,Defensores de Belgrano,San Martín (SJ),0,1,,,Primera Nacional,2023,zonas,Zona A,Fecha 7,Juan Pasquale,false,https://es.wikipedia.org/wiki/Campeonato_de_Primera_Nacional_2023
2023-03-19,15:30,Deportivo Armenio,Deportivo Merlo,2,2,,,Primera B,2023,zonas,Torneo Apertura,Fecha 6,Armenia,false,https://es.wikipedia.org/wiki/Campeonato_de_Primera_B_2023_(Argentina)
2023-03-19,15:30,Luján,Real Pilar,4,0,,,Primera C,2023,zonas,,Fecha 9,1.º de Abril,false,https://es.wikipedia.org/wiki/Campeonato_de_Primera_C_2023_(Argentina)
2023-03-19,15:30,Puerto Nuevo,Excursionistas,0,1,,,Primera C,2023,zonas,,Fecha 9,Rubén Carlos Vallejos,false,https://es.wikipedia.org/wiki/Campeonato_de_Primera_C_2023_(Argentina)
2023-03-19,16:00,Atlanta,Independiente Rivadavia,2,2,,,Primera Nacional,2023,zonas,Zona B,Fecha 6,Don León Kolbowski,false,https://es.wikipedia.org/wiki/Campeonato_de_Primera_Nacional_2023
2023-03-19,16:00,Defensores de Pronunciamiento,Defensores de Belgrano (VR),3,3,,,Torneo Federal A,2023,zonas,Zona C,Fecha 2,Delio Cardozo,false,https://es.wikipedia.org/wiki/Torneo_Federal_A_2023
2023-03-19,16:00,San Miguel,Dock Sud,1,2,,,Primera B,2023,zonas,Torneo Apertura,Fecha 6,Malvinas Argentinas,false,https://es.wikipedia.org/wiki/Campeonato_de_Primera_B_2023_(Argentina)
2023-03-19,16:30,Gimnasia y Esgrima (LP),Estudiantes (LP),2,1,,,Primera Division,2023,zonas,,Fecha 8,Juan Carmelo Zerrillo,false,https://es.wikipedia.org/wiki/Campeonato_de_Primera_División_2023_(Argentina)
2023-03-19,16:30,Olimpo,Sol de Mayo (V),5,0,,,Torneo Federal A,2023,zonas,Zona A,Fecha 2,Roberto N. Carminatti,false,https://es.wikipedia.org/wiki/Torneo_Federal_A_2023
2023-03-19,17:00,Gimnasia y Tiro (S),Juventud Antoniana,1,0,,,Torneo Federal A,2023,zonas,Zona D,Fecha 2,El Gigante del Norte,false,https://es.wikipedia.org/wiki/Torneo_Federal_A_2023
2023-03-19,17:00,Independiente (C),Douglas Haig,0,0,,,Torneo Federal A,2023,zonas,Zona C,Fecha 2,Raúl Orlando Lungarzo,false,https://es.wikipedia.org/wiki/Torneo_Federal_A_2023
2023-03-19,17:00,Juventud Unida Universitario,Ferro Carril Oeste (GP),1,0,,,Torneo Federal A,2023,zonas,Zona B,Fecha 2,Mario Sebastián Diez,false,https://es.wikipedia.org/wiki/Torneo_Federal_A_2023
2023-03-19,17:00,San Martín (F),Boca Unidos,0,0,,,Torneo Federal A,2023,zonas,Zona D,Fecha 2,17 de Octubre,false,https://es.wikipedia.org/wiki/Torneo_Federal_A_2023
2023-03-19,17:00,Sarmiento (R),Sol de América (F),1,0,,,Torneo Federal A,2023,zonas,Zona D,Fecha 2,Centenario,false,https://es.wikipedia.org/wiki/Torneo_Federal_A_2023
2023-03-19,17:00,Sportivo Las Parejas,Unión (S),1,0,,,Torneo Federal A,2023,zonas,Zona C,Fecha 2,4 de Septiembre,false,https://es.wikipedia.org/wiki/Torneo_Federal_A_2023
2023-03-19,17:00,Sportivo Peñarol (C),Sportivo Estudiantes (SL),1,1,,,Torneo Federal A,2023,zonas,Zona B,Fecha 2,Ramón Pablo Rojas,false,https://es.wikipedia.org/wiki/Torneo_Federal_A_2023
2023-03-19,18:00,Racing Club,Deportivo Maipú,1,0,,,Primera Nacional,2023,zonas,Zona B,Fecha 6,Miguel Sancho,false,https://es.wikipedia.org/wiki/Campeonato_de_Primera_Nacional_2023
2023-03-19,18:00,San Martín (SM),Atenas (RC),1,0,,,Torneo Federal A,2023,zonas,Zona B,Fecha 2,Libertador General San Martín,false,https://es.wikipedia.org/wiki/Torneo_Federal_A_2023
2023-03-19,18:10,Temperley,San Telmo,3,0,,,Primera Nacional,2023,zonas,Zona A,Fecha 7,Alfredo Beranger,false,https://es.wikipedia.org/wiki/Campeonato_de_Primera_Nacional_2023
2023-03-19,19:00,Boca Juniors,Instituto,2,3,,,Primera Division,2023,zonas,,Fecha 8,La Bombonera,false,https://es.wikipedia.org/wiki/Campeonato_de_Primera_División_2023_(Argentina)
2023-03-19,19:00,El Linqueño,Sportivo Belgrano,2,2,,,Torneo Federal A,2023,zonas,Zona C,Fecha 2,Leonardo Costa,false,https://es.wikipedia.org/wiki/Torneo_Federal_A_2023
2023-03-19,19:00,Ferrocarril Midland,San Martín (B),1,0,,,Primera C,2023,zonas,,Fecha 9,Ciudad de Libertad,false,https://es.wikipedia.org/wiki/Campeonato_de_Primera_C_2023_(Argentina)
2023-03-19,19:00,Güemes (SdE),Gimnasia y Esgrima (M),1,0,,,Primera Nacional,2023,zonas,Zona A,Fecha 7,Arturo Miranda,false,https://es.wikipedia.org/wiki/Campeonato_de_Primera_Nacional_2023
2023-03-19,19:15,San Martín (T),Almagro,1,0,,,Primera Nacional,2023,zonas,Zona A,Fecha 7,La Ciudadela,false,https://es.wikipedia.org/wiki/Campeonato_de_Primera_Nacional_2023
2023-03-19,20:00,Estudiantes (RC),Defensores Unidos,1,0,,,Primera Nacional,2023,zonas,Zona A,Fecha 7,Antonio Candini,false,https://es.wikipedia.org/wiki/Campeonato_de_Primera_Nacional_2023
2023-03-19,21:30,Sarmiento (J),River Plate,0,2,,,Primera Division,2023,zonas,,Fecha 8,Eva Perón,false,https://es.wikipedia.org/wiki/Campeonato_de_Primera_División_2023_(Argentina)
2023-03-19,21:30,Talleres (C),Banfield,0,1,,,Primera Division,2023,zonas,,Fecha 8,Mario Alberto Kempes,false,https://es.wikipedia.org/wiki/Campeonato_de_Primera_División_2023_(Argentina)
2023-03-20,15:30,Berazategui,Liniers,0,1,,,Primera C,2023,zonas,,Fecha 9,Norman Lee,false,https://es.wikipedia.org/wiki/Campeonato_de_Primera_C_2023_(Argentina)
2023-03-20,15:30,Yupanqui,Deportivo Laferrere,1,3,,,Primera C,2023,zonas,,Fecha 9,Ciudad Evita,false,https://es.wikipedia.org/wiki/Campeonato_de_Primera_C_2023_(Argentina)
2023-03-20,16:00,Deportivo Riestra,Villa Dálmine,2,1,,,Primera Nacional,2023,zonas,Zona B,Fecha 6,Guillermo Laza,false,https://es.wikipedia.org/wiki/Campeonato_de_Primera_Nacional_2023
2023-03-20,18:30,Newell's Old Boys,San Lorenzo,1,0,,,Primera Division,2023,zonas,,Fecha 8,Marcelo Bielsa,false,https://es.wikipedia.org/wiki/Campeonato_de_Primera_División_2023_(Argentina)
2023-03-20,21:00,Huracán,Rosario Central,0,2,,,Primera Division,2023,zonas,,Fecha 8,Tomás Adolfo Ducó,false,https://es.wikipedia.org/wiki/Campeonato_de_Primera_División_2023_(Argentina)
2023-03-20,21:00,Lanús,Argentinos Juniors,0,0,,,Primera Division,2023,zonas,,Fecha 8,Ciudad de Lanús,false,https://es.wikipedia.org/wiki/Campeonato_de_Primera_División_2023_(Argentina)
2023-03-20,21:10,Deportivo Morón,Alvarado,1,1,,,Primera Nacional,2023,zonas,Zona A,Fecha 7,Nuevo Francisco Urbano,false,https://es.wikipedia.org/wiki/Campeonato_de_Primera_Nacional_2023
2023-03-21,15:30,Deportivo Español,J. J. de Urquiza,0,1,,,Primera C,2023,zonas,,Fecha 9,Nueva España,false,https://es.wikipedia.org/wiki/Campeonato_de_Primera_C_2023_(Argentina)
2023-03-21,17:05,Los Andes,Ituzaingó,3,0,,,Primera B,2023,zonas,Torneo Apertura,Fecha 6,Eduardo Gallardón,false,https://es.wikipedia.org/wiki/Campeonato_de_Primera_B_2023_(Argentina)
2023-03-21,21:00,Vélez Sarsfield,Central Córdoba (SdE),4,0,,,Primera Division,2023,zonas,,Fecha 8,José Amalfitani,false,https://es.wikipedia.org/wiki/Campeonato_de_Primera_División_2023_(Argentina)
2023-03-25,,Boca Juniors,Olimpo,2,1,,,Copa Argentina,2023,eliminacion,,Treintaidosavos,Centenario,true,https://es.wikipedia.org/wiki/Copa_Argentina_2023
2023-03-25,15:30,Cañuelas,Villa San Carlos,1,1,,,Primera B,2023,zonas,Torneo Apertura,Fecha 7,Jorge Alfredo Arín,false,https://es.wikipedia.org/wiki/Campeonato_de_Primera_B_2023_(Argentina)
2023-03-25,15:30,Central Córdoba (R),Deportivo Español,0,2,,,Primera C,2023,zonas,,Fecha 10,Gabino Sosa,false,https://es.wikipedia.org/wiki/Campeonato_de_Primera_C_2023_(Argentina)
2023-03-25,15:30,Comunicaciones,Colegiales,2,0,,,Primera B,2023,zonas,Torneo Apertura,Fecha 7,Alfredo Ramos,false,https://es.wikipedia.org/wiki/Campeonato_de_Primera_B_2023_(Argentina)
2023-03-25,15:30,Dock Sud,Sacachispas,1,1,,,Primera B,2023,zonas,Torneo Apertura,Fecha 7,De los Inmigrantes,false,https://es.wikipedia.org/wiki/Campeonato_de_Primera_B_2023_(Argentina)
2023-03-25,15:30,Estudiantes (BA),Brown de Adrogué,1,1,,,Primera Nacional,2023,zonas,Zona B,Fecha 7,Ciudad de Caseros,false,https://es.wikipedia.org/wiki/Campeonato_de_Primera_Nacional_2023
2023-03-25,15:30,Excursionistas,Yupanqui,3,1,,,Primera C,2023,zonas,,Fecha 10,Excursionistas,false,https://es.wikipedia.org/wiki/Campeonato_de_Primera_C_2023_(Argentina)
2023-03-25,15:30,Flandria,Defensores de Belgrano,1,2,,,Primera Nacional,2023,zonas,Zona A,Fecha 8,Carlos V,false,https://es.wikipedia.org/wiki/Campeonato_de_Primera_Nacional_2023
2023-03-25,15:30,General Lamadrid,Ferrocarril Midland,2,2,,,Primera C,2023,zonas,,Fecha 10,Enrique Sexto,false,https://es.wikipedia.org/wiki/Campeonato_de_Primera_C_2023_(Argentina)
2023-03-25,15:30,San Martín (B),Puerto Nuevo,0,2,,,Primera C,2023,zonas,,Fecha 10,Francisco Boga,false,https://es.wikipedia.org/wiki/Campeonato_de_Primera_C_2023_(Argentina)
2023-03-25,15:30,Talleres (RdE),Fénix,1,2,,,Primera B,2023,zonas,Torneo Apertura,Fecha 7,Pablo Comelli,false,https://es.wikipedia.org/wiki/Campeonato_de_Primera_B_2023_(Argentina)
2023-03-25,15:30,UAI Urquiza,San Miguel,1,1,,,Primera B,2023,zonas,Torneo Apertura,Fecha 7,Monumental de Villa Lynch,false,https://es.wikipedia.org/wiki/Campeonato_de_Primera_B_2023_(Argentina)
2023-03-25,15:30,Victoriano Arenas,Leandro N. Alem,2,0,,,Primera C,2023,zonas,,Fecha 10,Saturnino Moure,false,https://es.wikipedia.org/wiki/Campeonato_de_Primera_C_2023_(Argentina)
2023-03-25,16:00,Deportivo Madryn,Gimnasia y Esgrima (J),3,1,,,Primera Nacional,2023,zonas,Zona B,Fecha 7,Abel Sastre,false,https://es.wikipedia.org/wiki/Campeonato_de_Primera_Nacional_2023
2023-03-25,17:00,Agropecuario,San Martín (T),0,0,,,Primera Nacional,2023,zonas,Zona A,Fecha 8,Ofelia Rosenzuaig,false,https://es.wikipedia.org/wiki/Campeonato_de_Primera_Nacional_2023
2023-03-25,17:00,Argentino (MM),Sportivo Peñarol (C),2,1,,,Torneo Federal A,2023,zonas,Zona B,Fecha 3,Modesto Marrone,false,https://es.wikipedia.org/wiki/Torneo_Federal_A_2023
2023-03-25,17:30,9 de Julio (R),Sarmiento (R),0,1,,,Torneo Federal A,2023,zonas,Zona D,Fecha 3,Germán Solterman,false,https://es.wikipedia.org/wiki/Torneo_Federal_A_2023
2023-03-25,18:00,Patronato,Güemes (SdE),1,2,,,Primera Nacional,2023,zonas,Zona A,Fecha 8,Presbítero Bartolomé Grella,false,https://es.wikipedia.org/wiki/Campeonato_de_Primera_Nacional_2023
2023-03-25,19:00,Alvarado,Almirante Brown,0,1,,,Primera Nacional,2023,zonas,Zona A,Fecha 8,José María Minella,false,https://es.wikipedia.org/wiki/Campeonato_de_Primera_Nacional_2023
2023-03-25,19:00,Ferro Carril Oeste (GP),San Martín (SM),1,0,,,Torneo Federal A,2023,zonas,Zona B,Fecha 3,El Coloso del Barrio Talleres,false,https://es.wikipedia.org/wiki/Torneo_Federal_A_2023
2023-03-25,19:00,Villa Dálmine,Ferro Carril Oeste,2,0,,,Primera Nacional,2023,zonas,Zona B,Fecha 7,El Coliseo de Mitre y Puccini,false,https://es.wikipedia.org/wiki/Campeonato_de_Primera_Nacional_2023
2023-03-25,19:30,Real Pilar,Berazategui,1,0,,,Primera C,2023,zonas,,Fecha 10,Carlos Barraza,false,https://es.wikipedia.org/wiki/Campeonato_de_Primera_C_2023_(Argentina)
2023-03-25,20:00,Deportivo Laferrere,Atlas,2,1,,,Primera C,2023,zonas,,Fecha 10,Ciudad de Laferrere,false,https://es.wikipedia.org/wiki/Campeonato_de_Primera_C_2023_(Argentina)
2023-03-25,20:00,Ramón Santamarina,Villa Mitre,0,0,,,Torneo Federal A,2023,zonas,Zona A,Fecha 3,Municipal General San Martín,false,https://es.wikipedia.org/wiki/Torneo_Federal_A_2023
2023-03-26,,Independiente,Ciudad de Bolívar,3,0,,,Copa Argentina,2023,eliminacion,,Treintaidosavos,Único Diego Armando Maradona,true,https://es.wikipedia.org/wiki/Copa_Argentina_2023
2023-03-26,15:30,Aldosivi,Chacarita Juniors,0,1,,,Primera Nacional,2023,zonas,Zona B,Fecha 7,José María Minella,false,https://es.wikipedia.org/wiki/Campeonato_de_Primera_Nacional_2023
2023-03-26,15:30,Almagro,Temperley,2,0,,,Primera Nacional,2023,zonas,Zona A,Fecha 8,Tres de Febrero,false,https://es.wikipedia.org/wiki/Campeonato_de_Primera_Nacional_2023
2023-03-26,15:30,Defensores Unidos,All Boys,3,1,,,Primera Nacional,2023,zonas,Zona A,Fecha 8,Gigante de Villa Fox,false,https://es.wikipedia.org/wiki/Campeonato_de_Primera_Nacional_2023
2023-03-26,15:30,Deportivo Merlo,Los Andes,0,2,,,Primera B,2023,zonas,Torneo Apertura,Fecha 7,José Manuel Moreno,false,https://es.wikipedia.org/wiki/Campeonato_de_Primera_B_2023_(Argentina)
2023-03-26,15:30,Liniers,Sportivo Italiano,1,2,,,Primera C,2023,zonas,,Fecha 10,Juan Antonio Arias,false,https://es.wikipedia.org/wiki/Campeonato_de_Primera_C_2023_(Argentina)
2023-03-26,16:00,Guillermo Brown,Nueva Chicago,0,2,,,Primera Nacional,2023,zonas,Zona A,Fecha 8,Raúl Conti,false,https://es.wikipedia.org/wiki/Campeonato_de_Primera_Nacional_2023
2023-03-26,16:00,Sol de Mayo (V),Círculo Deportivo,1,1,,,Torneo Federal A,2023,zonas,Zona A,Fecha 3,Sol de Mayo,false,https://es.wikipedia.org/wiki/Torneo_Federal_A_2023
2023-03-26,16:00,Sportivo Belgrano,Sportivo Las Parejas,1,2,,,Torneo Federal A,2023,zonas,Zona C,Fecha 3,Oscar Carlos Boero,false,https://es.wikipedia.org/wiki/Torneo_Federal_A_2023
2023-03-26,16:30,Boca Unidos,Gimnasia y Tiro (S),2,1,,,Torneo Federal A,2023,zonas,Zona D,Fecha 3,Leoncio Benítez,false,https://es.wikipedia.org/wiki/Torneo_Federal_A_2023
2023-03-26,17:00,Cipolletti,Liniers (BB),1,0,,,Torneo Federal A,2023,zonas,Zona A,Fecha 3,La Visera de Cemento,false,https://es.wikipedia.org/wiki/Torneo_Federal_A_2023
2023-03-26,17:00,Defensores de Belgrano (VR),El Linqueño,0,0,,,Torneo Federal A,2023,zonas,Zona C,Fecha 3,Único de San Nicolás,false,https://es.wikipedia.org/wiki/Torneo_Federal_A_2023
2023-03-26,17:00,Germinal,Sansinena,1,1,,,Torneo Federal A,2023,zonas,Zona A,Fecha 3,El Fortín (R),false,https://es.wikipedia.org/wiki/Torneo_Federal_A_2023
2023-03-26,17:00,Gimnasia y Esgrima (M),Deportivo Morón,2,2,,,Primera Nacional,2023,zonas,Zona A,Fecha 8,Víctor Antonio Legrotaglie,false,https://es.wikipedia.org/wiki/Campeonato_de_Primera_Nacional_2023
2023-03-26,17:00,Juventud Antoniana,Crucero del Norte,1,1,,,Torneo Federal A,2023,zonas,Zona D,Fecha 3,Padre Ernesto Martearena,false,https://es.wikipedia.org/wiki/Torneo_Federal_A_2023
2023-03-26,17:00,Mitre (SdE),Tristán Suárez,0,1,,,Primera Nacional,2023,zonas,Zona B,Fecha 7,Dres. José y Antonio Castiglione,false,https://es.wikipedia.org/wiki/Campeonato_de_Primera_Nacional_2023
2023-03-26,17:00,Sol de América (F),San Martín (F),2,0,,,Torneo Federal A,2023,zonas,Zona D,Fecha 3,Sol de América,false,https://es.wikipedia.org/wiki/Torneo_Federal_A_2023
2023-03-26,17:00,Sportivo Estudiantes (SL),Juventud Unida Universitario,0,0,,,Torneo Federal A,2023,zonas,Zona B,Fecha 3,Héctor Odicino y Pedro Benoza,false,https://es.wikipedia.org/wiki/Torneo_Federal_A_2023
2023-03-26,18:00,Chaco For Ever,Atlanta,1,1,,,Primera Nacional,2023,zonas,Zona B,Fecha 7,Juan Alberto García,false,https://es.wikipedia.org/wiki/Campeonato_de_Primera_Nacional_2023
2023-03-26,18:00,Deportivo Maipú,Deportivo Riestra,1,1,,,Primera Nacional,2023,zonas,Zona B,Fecha 7,Omar Higinio Sperdutti,false,https://es.wikipedia.org/wiki/Campeonato_de_Primera_Nacional_2023
2023-03-26,18:00,San Martín (SJ),Estudiantes (RC),2,0,,,Primera Nacional,2023,zonas,Zona A,Fecha 8,Ingeniero Hilario Sánchez,false,https://es.wikipedia.org/wiki/Campeonato_de_Primera_Nacional_2023
2023-03-26,19:00,Unión (S),Independiente (C),1,0,,,Torneo Federal A,2023,zonas,Zona C,Fecha 3,De la Avenida,false,https://es.wikipedia.org/wiki/Torneo_Federal_A_2023
2023-03-26,19:30,Atenas (RC),Huracán Las Heras,1,1,,,Torneo Federal A,2023,zonas,Zona B,Fecha 3,9 de Julio,false,https://es.wikipedia.org/wiki/Torneo_Federal_A_2023
2023-03-26,20:00,Atlético de Rafaela,Quilmes,1,0,,,Primera Nacional,2023,zonas,Zona B,Fecha 7,Nuevo Monumental,false,https://es.wikipedia.org/wiki/Campeonato_de_Primera_Nacional_2023
2023-03-26,20:00,Douglas Haig,Gimnasia y Esgrima (CdU),1,0,,,Torneo Federal A,2023,zonas,Zona C,Fecha 3,Miguel Morales,false,https://es.wikipedia.org/wiki/Torneo_Federal_A_2023
2023-03-27,15:30,Acassuso,Argentino de Merlo,0,2,,,Primera B,2023,zonas,Torneo Apertura,Fecha 7,Armenia,false,https://es.wikipedia.org/wiki/Campeonato_de_Primera_B_2023_(Argentina)
2023-03-27,15:30,J. J. de Urquiza,Claypole,0,0,,,Primera C,2023,zonas,,Fecha 10,Ramón Roque Martín,false,https://es.wikipedia.org/wiki/Campeonato_de_Primera_C_2023_(Argentina)
2023-03-27,19:10,Ituzaingó,Argentino de Quilmes,2,0,,,Primera B,2023,zonas,Torneo Apertura,Fecha 7,Carlos Alberto Sacaan,false,https://es.wikipedia.org/wiki/Campeonato_de_Primera_B_2023_(Argentina)
2023-03-27,21:10,Independiente Rivadavia,Racing Club,1,1,,,Primera Nacional,2023,zonas,Zona B,Fecha 7,Bautista Gargantini,false,https://es.wikipedia.org/wiki/Campeonato_de_Primera_Nacional_2023
2023-03-30,16:30,Nueva Chicago,Defensores Unidos,0,0,,,Primera Nacional,2023,zonas,Zona A,Fecha 9,Nueva Chicago,false,https://es.wikipedia.org/wiki/Campeonato_de_Primera_Nacional_2023
2023-03-30,20:00,Defensa y Justicia,Vélez Sarsfield,0,0,,,Primera Division,2023,zonas,,Fecha 9,Norberto Tomaghello,false,https://es.wikipedia.org/wiki/Campeonato_de_Primera_División_2023_(Argentina)
2023-03-30,21:30,Argentinos Juniors,Godoy Cruz,3,0,,,Primera Division,2023,zonas,,Fecha 9,Diego Armando Maradona,false,https://es.wikipedia.org/wiki/Campeonato_de_Primera_División_2023_(Argentina)
2023-03-31,15:00,All Boys,San Martín (SJ),1,1,,,Primera Nacional,2023,zonas,Zona A,Fecha 9,Islas Malvinas,false,https://es.wikipedia.org/wiki/Campeonato_de_Primera_Nacional_2023
2023-03-31,19:00,Almirante Brown,Gimnasia y Esgrima (M),1,1,,,Primera Nacional,2023,zonas,Zona A,Fecha 9,Fragata Presidente Sarmiento,false,https://es.wikipedia.org/wiki/Campeonato_de_Primera_Nacional_2023
2023-03-31,19:00,Estudiantes (LP),Newell's Old Boys,3,0,,,Primera Division,2023,zonas,,Fecha 9,Jorge Luis Hirschi,false,https://es.wikipedia.org/wiki/Campeonato_de_Primera_División_2023_(Argentina)
2023-03-31,19:00,Rosario Central,Gimnasia y Esgrima (LP),3,1,,,Primera Division,2023,zonas,,Fecha 9,Gigante de Arroyito,false,https://es.wikipedia.org/wiki/Campeonato_de_Primera_División_2023_(Argentina)
2023-03-31,20:00,Temperley,Agropecuario,2,0,,,Primera Nacional,2023,zonas,Zona A,Fecha 9,Alfredo Beranger,false,https://es.wikipedia.org/wiki/Campeonato_de_Primera_Nacional_2023
2023-03-31,21:00,Estudiantes (RC),Flandria,2,0,,,Primera Nacional,2023,zonas,Zona A,Fecha 9,Antonio Candini,false,https://es.wikipedia.org/wiki/Campeonato_de_Primera_Nacional_2023
2023-03-31,21:00,Gimnasia y Esgrima (J),Villa Dálmine,2,0,,,Primera Nacional,2023,zonas,Zona B,Fecha 8,23 de Agosto,false,https://es.wikipedia.org/wiki/Campeonato_de_Primera_Nacional_2023
2023-03-31,21:30,River Plate,Unión,1,0,,,Primera Division,2023,zonas,,Fecha 9,Monumental,false,https://es.wikipedia.org/wiki/Campeonato_de_Primera_División_2023_(Argentina)
2023-03-31,21:30,San Martín (T),Guillermo Brown,0,1,,,Primera Nacional,2023,zonas,Zona A,Fecha 9,La Ciudadela,false,https://es.wikipedia.org/wiki/Campeonato_de_Primera_Nacional_2023
2023-04-01,15:30,Argentino de Quilmes,Deportivo Merlo,0,0,,,Primera B,2023,zonas,Torneo Apertura,Fecha 8,Argentino de Quilmes,false,https://es.wikipedia.org/wiki/Campeonato_de_Primera_B_2023_(Argentina)
2023-04-01,15:30,Barracas Central,Boca Juniors,0,3,,,Primera Division,2023,zonas,,Fecha 9,Claudio Chiqui Tapia,false,https://es.wikipedia.org/wiki/Campeonato_de_Primera_División_2023_(Argentina)
2023-04-01,15:30,Defensores de Belgrano,Alvarado,1,1,,,Primera Nacional,2023,zonas,Zona A,Fecha 9,Juan Pasquale,false,https://es.wikipedia.org/wiki/Campeonato_de_Primera_Nacional_2023
2023-04-01,15:30,Los Andes,Deportivo Armenio,2,0,,,Primera B,2023,zonas,Torneo Apertura,Fecha 8,Eduardo Gallardón,false,https://es.wikipedia.org/wiki/Campeonato_de_Primera_B_2023_(Argentina)
2023-04-01,15:30,Puerto Nuevo,General Lamadrid,0,4,,,Primera C,2023,zonas,,Fecha 11,Rubén Carlos Vallejos,false,https://es.wikipedia.org/wiki/Campeonato_de_Primera_C_2023_(Argentina)
2023-04-01,15:30,San Miguel,Cañuelas,0,0,,,Primera B,2023,zonas,Torneo Apertura,Fecha 8,Malvinas Argentinas,false,https://es.wikipedia.org/wiki/Campeonato_de_Primera_B_2023_(Argentina)
2023-04-01,15:30,Sportivo Italiano,Real Pilar,1,0,,,Primera C,2023,zonas,,Fecha 11,República de Italia,false,https://es.wikipedia.org/wiki/Campeonato_de_Primera_C_2023_(Argentina)
2023-04-01,16:00,Círculo Deportivo,Olimpo,0,2,,,Torneo Federal A,2023,zonas,Zona A,Fecha 4,Guillermo Trama,false,https://es.wikipedia.org/wiki/Torneo_Federal_A_2023
2023-04-01,16:00,Huracán Las Heras,Ferro Carril Oeste (GP),2,1,,,Torneo Federal A,2023,zonas,Zona B,Fecha 4,General San Martín,false,https://es.wikipedia.org/wiki/Torneo_Federal_A_2023
2023-04-01,16:00,Independiente (C),Sportivo Belgrano,4,1,,,Torneo Federal A,2023,zonas,Zona C,Fecha 4,Raúl Orlando Lungarzo,false,https://es.wikipedia.org/wiki/Torneo_Federal_A_2023
2023-04-01,16:00,Juventud Unida Universitario,Argentino (MM),0,2,,,Torneo Federal A,2023,zonas,Zona B,Fecha 4,Mario Sebastián Diez,false,https://es.wikipedia.org/wiki/Torneo_Federal_A_2023
2023-04-01,16:00,Sansinena,Sol de Mayo (V),2,1,,,Torneo Federal A,2023,zonas,Zona A,Fecha 4,Luis Molina,false,https://es.wikipedia.org/wiki/Torneo_Federal_A_2023
2023-04-01,16:30,Crucero del Norte,Boca Unidos,1,1,,,Torneo Federal A,2023,zonas,Zona D,Fecha 4,Comandante Andrés Guacurarí,false,https://es.wikipedia.org/wiki/Torneo_Federal_A_2023
2023-04-01,16:30,Gimnasia y Esgrima (CdU),Unión (S),2,0,,,Torneo Federal A,2023,zonas,Zona C,Fecha 4,Manuel y Ramón Núñez,false,https://es.wikipedia.org/wiki/Torneo_Federal_A_2023
2023-04-01,16:30,Gimnasia y Tiro (S),Sol de América (F),2,1,,,Torneo Federal A,2023,zonas,Zona D,Fecha 4,El Gigante del Norte,false,https://es.wikipedia.org/wiki/Torneo_Federal_A_2023
2023-04-01,16:30,San Martín (F),9 de Julio (R),2,0,,,Torneo Federal A,2023,zonas,Zona D,Fecha 4,17 de Octubre,false,https://es.wikipedia.org/wiki/Torneo_Federal_A_2023
2023-04-01,16:30,Villa Mitre,Cipolletti,2,0,,,Torneo Federal A,2023,zonas,Zona A,Fecha 4,El Fortín (BB),false,https://es.wikipedia.org/wiki/Torneo_Federal_A_2023
2023-04-01,18:30,Sportivo Las Parejas,Defensores de Belgrano (VR),2,0,,,Torneo Federal A,2023,zonas,Zona C,Fecha 4,4 de Septiembre,false,https://es.wikipedia.org/wiki/Torneo_Federal_A_2023
2023-04-01,19:00,San Lorenzo,Independiente,0,0,,,Primera Division,2023,zonas,,Fecha 9,Nuevo Gasómetro,false,https://es.wikipedia.org/wiki/Campeonato_de_Primera_División_2023_(Argentina)
2023-04-01,19:30,Racing Club,Huracán,2,1,,,Primera Division,2023,zonas,,Fecha 9,El Cilindro,false,https://es.wikipedia.org/wiki/Campeonato_de_Primera_División_2023_(Argentina)
2023-04-01,20:00,El Linqueño,Defensores de Pronunciamiento,2,1,,,Torneo Federal A,2023,zonas,Zona C,Fecha 4,Leonardo Costa,false,https://es.wikipedia.org/wiki/Torneo_Federal_A_2023
2023-04-01,20:00,Liniers (BB),Germinal,2,1,,,Torneo Federal A,2023,zonas,Zona A,Fecha 4,Alejandro Pérez,false,https://es.wikipedia.org/wiki/Torneo_Federal_A_2023
2023-04-01,20:00,Tristán Suárez,Chacarita Juniors,1,3,,,Primera Nacional,2023,zonas,Zona B,Fecha 8,20 de Octubre,false,https://es.wikipedia.org/wiki/Campeonato_de_Primera_Nacional_2023
2023-04-01,20:30,Sarmiento (R),Central Norte (S),1,0,,,Torneo Federal A,2023,zonas,Zona D,Fecha 4,Centenario,false,https://es.wikipedia.org/wiki/Torneo_Federal_A_2023
2023-04-01,21:15,Estudiantes (BA),Aldosivi,0,1,,,Primera Nacional,2023,zonas,Zona B,Fecha 8,Ciudad de Caseros,false,https://es.wikipedia.org/wiki/Campeonato_de_Primera_Nacional_2023
2023-04-01,21:30,Colegiales,Ituzaingó,0,0,,,Primera B,2023,zonas,Torneo Apertura,Fecha 8,Colegiales,false,https://es.wikipedia.org/wiki/Campeonato_de_Primera_B_2023_(Argentina)
2023-04-01,21:30,Tigre,Lanús,2,1,,,Primera Division,2023,zonas,,Fecha 9,Monumental de Victoria,false,https://es.wikipedia.org/wiki/Campeonato_de_Primera_División_2023_(Argentina)
2023-04-02,14:45,Deportivo Riestra,Independiente Rivadavia,3,3,,,Primera Nacional,2023,zonas,Zona B,Fecha 8,Guillermo Laza,false,https://es.wikipedia.org/wiki/Campeonato_de_Primera_Nacional_2023
2023-04-02,15:30,Atlas,Excursionistas,1,1,,,Primera C,2023,zonas,,Fecha 11,Ricardo Puga,false,https://es.wikipedia.org/wiki/Campeonato_de_Primera_C_2023_(Argentina)
2023-04-02,15:30,Berazategui,Luján,1,0,,,Primera C,2023,zonas,,Fecha 11,Norman Lee,false,https://es.wikipedia.org/wiki/Campeonato_de_Primera_C_2023_(Argentina)
2023-04-02,15:30,Claypole,Central Córdoba (R),0,0,,,Primera C,2023,zonas,,Fecha 11,Rodolfo Capocasa,false,https://es.wikipedia.org/wiki/Campeonato_de_Primera_C_2023_(Argentina)
2023-04-02,15:30,Deportivo Español,Liniers,1,4,,,Primera C,2023,zonas,,Fecha 11,Nueva España,false,https://es.wikipedia.org/wiki/Campeonato_de_Primera_C_2023_(Argentina)
2023-04-02,15:30,San Telmo,Almagro,3,2,,,Primera Nacional,2023,zonas,Zona A,Fecha 9,Doctor Osvaldo Baletto,false,https://es.wikipedia.org/wiki/Campeonato_de_Primera_Nacional_2023
2023-04-02,15:30,Villa San Carlos,Comunicaciones,5,1,,,Primera B,2023,zonas,Torneo Apertura,Fecha 8,Genacio Sálice,false,https://es.wikipedia.org/wiki/Campeonato_de_Primera_B_2023_(Argentina)
2023-04-02,16:30,Instituto,Talleres (C),0,3,,,Primera Division,2023,zonas,,Fecha 9,Juan Domingo Perón,false,https://es.wikipedia.org/wiki/Campeonato_de_Primera_División_2023_(Argentina)
2023-04-02,16:30,Sportivo Peñarol (C),Ciudad de Bolívar,0,0,,,Torneo Federal A,2023,zonas,Zona B,Fecha 4,Ramón Pablo Rojas,false,https://es.wikipedia.org/wiki/Torneo_Federal_A_2023
2023-04-02,16:45,Deportivo Morón,Patronato,0,1,,,Primera Nacional,2023,zonas,Zona A,Fecha 9,Nuevo Francisco Urbano,false,https://es.wikipedia.org/wiki/Campeonato_de_Primera_Nacional_2023
2023-04-02,17:00,San Martín (SM),Sportivo Estudiantes (SL),1,0,,,Torneo Federal A,2023,zonas,Zona B,Fecha 4,Libertador General San Martín,false,https://es.wikipedia.org/wiki/Torneo_Federal_A_2023
2023-04-02,18:30,Racing Club,Chaco For Ever,2,0,,,Primera Nacional,2023,zonas,Zona B,Fecha 8,Miguel Sancho,false,https://es.wikipedia.org/wiki/Campeonato_de_Primera_Nacional_2023
2023-04-02,18:50,Ferro Carril Oeste,Deportivo Maipú,0,1,,,Primera Nacional,2023,zonas,Zona B,Fecha 8,Arquitecto Ricardo Etcheverri,false,https://es.wikipedia.org/wiki/Campeonato_de_Primera_Nacional_2023
2023-04-02,19:00,Colón,Atlético Tucumán,0,0,,,Primera Division,2023,zonas,,Fecha 9,Brigadier Estanislao López,false,https://es.wikipedia.org/wiki/Campeonato_de_Primera_División_2023_(Argentina)
2023-04-02,19:00,Ferrocarril Midland,J. J. de Urquiza,1,2,,,Primera C,2023,zonas,,Fecha 11,Ciudad de Libertad,false,https://es.wikipedia.org/wiki/Campeonato_de_Primera_C_2023_(Argentina)
2023-04-02,21:30,Banfield,Platense,0,2,,,Primera Division,2023,zonas,,Fecha 9,Florencio Sola,false,https://es.wikipedia.org/wiki/Campeonato_de_Primera_División_2023_(Argentina)
2023-04-03,15:30,Brown de Adrogué,Atlético de Rafaela,1,1,,,Primera Nacional,2023,zonas,Zona B,Fecha 8,Lorenzo Arandilla,false,https://es.wikipedia.org/wiki/Campeonato_de_Primera_Nacional_2023
2023-04-03,15:30,Fénix,Dock Sud,1,0,,,Primera B,2023,zonas,Torneo Apertura,Fecha 8,José Manuel Moreno,false,https://es.wikipedia.org/wiki/Campeonato_de_Primera_B_2023_(Argentina)
2023-04-03,15:30,Sacachispas,UAI Urquiza,1,0,,,Primera B,2023,zonas,Torneo Apertura,Fecha 8,Beto Larrosa,false,https://es.wikipedia.org/wiki/Campeonato_de_Primera_B_2023_(Argentina)
2023-04-03,15:30,Yupanqui,San Martín (B),0,2,,,Primera C,2023,zonas,,Fecha 11,Ciudad Evita,false,https://es.wikipedia.org/wiki/Campeonato_de_Primera_C_2023_(Argentina)
2023-04-03,17:10,Atlanta,Mitre (SdE),0,1,,,Primera Nacional,2023,zonas,Zona B,Fecha 8,Don León Kolbowski,false,https://es.wikipedia.org/wiki/Campeonato_de_Primera_Nacional_2023
2023-04-03,19:20,Quilmes,Deportivo Madryn,2,0,,,Primera Nacional,2023,zonas,Zona B,Fecha 8,Centenario Ciudad de Quilmes,false,https://es.wikipedia.org/wiki/Campeonato_de_Primera_Nacional_2023
2023-04-03,20:00,Belgrano,Sarmiento (J),0,0,,,Primera Division,2023,zonas,,Fecha 9,Mario Alberto Kempes,false,https://es.wikipedia.org/wiki/Campeonato_de_Primera_División_2023_(Argentina)
2023-04-03,21:30,Central Córdoba (SdE),Arsenal,1,0,,,Primera Division,2023,zonas,,Fecha 9,Único Madre de Ciudades,false,https://es.wikipedia.org/wiki/Campeonato_de_Primera_División_2023_(Argentina)
2023-04-04,19:00,Argentino de Merlo,Talleres (RdE),0,1,,,Primera B,2023,zonas,Torneo Apertura,Fecha 8,Merlo,false,https://es.wikipedia.org/wiki/Campeonato_de_Primera_B_2023_(Argentina)
2023-04-05,15:00,Flandria,All Boys,2,1,,,Primera Nacional,2023,zonas,Zona A,Fecha 10,Carlos V,false,https://es.wikipedia.org/wiki/Campeonato_de_Primera_Nacional_2023
2023-04-05,15:30,Agropecuario,San Telmo,2,1,,,Primera Nacional,2023,zonas,Zona A,Fecha 10,Ofelia Rosenzuaig,false,https://es.wikipedia.org/wiki/Campeonato_de_Primera_Nacional_2023
2023-04-05,15:30,Defensores Unidos,San Martín (T),1,0,,,Primera Nacional,2023,zonas,Zona A,Fecha 10,Gigante de Villa Fox,false,https://es.wikipedia.org/wiki/Campeonato_de_Primera_Nacional_2023
2023-04-05,15:30,Gimnasia y Esgrima (M),Defensores de Belgrano,1,0,,,Primera Nacional,2023,zonas,Zona A,Fecha 10,Víctor Antonio Legrotaglie,false,https://es.wikipedia.org/wiki/Campeonato_de_Primera_Nacional_2023
2023-04-05,15:30,Leandro N. Alem,Deportivo Laferrere,0,2,,,Primera C,2023,zonas,,Fecha 11,Leandro N. Alem,false,https://es.wikipedia.org/wiki/Campeonato_de_Primera_C_2023_(Argentina)
2023-04-05,16:00,Guillermo Brown,Temperley,2,2,,,Primera Nacional,2023,zonas,Zona A,Fecha 10,Raúl Conti,false,https://es.wikipedia.org/wiki/Campeonato_de_Primera_Nacional_2023
2023-04-05,17:10,Alvarado,Estudiantes (RC),2,1,,,Primera Nacional,2023,zonas,Zona A,Fecha 10,José María Minella,false,https://es.wikipedia.org/wiki/Campeonato_de_Primera_Nacional_2023
2023-04-05,19:10,Güemes (SdE),Deportivo Morón,0,0,,,Primera Nacional,2023,zonas,Zona A,Fecha 10,Arturo Miranda,false,https://es.wikipedia.org/wiki/Campeonato_de_Primera_Nacional_2023
2023-04-05,21:10,San Martín (SJ),Nueva Chicago,0,0,,,Primera Nacional,2023,zonas,Zona A,Fecha 10,Ingeniero Hilario Sánchez,false,https://es.wikipedia.org/wiki/Campeonato_de_Primera_Nacional_2023
2023-04-07,15:30,General Lamadrid,Yupanqui,3,0,,,Primera C,2023,zonas,,Fecha 12,Enrique Sexto,false,https://es.wikipedia.org/wiki/Campeonato_de_Primera_C_2023_(Argentina)
2023-04-07,17:00,Deportivo Maipú,Gimnasia y Esgrima (J),3,2,,,Primera Nacional,2023,zonas,Zona B,Fecha 9,Omar Higinio Sperdutti,false,https://es.wikipedia.org/wiki/Campeonato_de_Primera_Nacional_2023
2023-04-07,19:00,Lanús,Arsenal,3,0,,,Primera Division,2023,zonas,,Fecha 10,Ciudad de Lanús,false,https://es.wikipedia.org/wiki/Campeonato_de_Primera_División_2023_(Argentina)
2023-04-07,19:00,Platense,Instituto,1,0,,,Primera Division,2023,zonas,,Fecha 10,Ciudad de Vicente López,false,https://es.wikipedia.org/wiki/Campeonato_de_Primera_División_2023_(Argentina)
2023-04-07,19:10,Ituzaingó,Villa San Carlos,1,0,,,Primera B,2023,zonas,Torneo Apertura,Fecha 9,Carlos Alberto Sacaan,false,https://es.wikipedia.org/wiki/Campeonato_de_Primera_B_2023_(Argentina)
2023-04-07,21:30,Talleres (C),Barracas Central,3,0,,,Primera Division,2023,zonas,,Fecha 10,Mario Alberto Kempes,false,https://es.wikipedia.org/wiki/Campeonato_de_Primera_División_2023_(Argentina)
2023-04-07,21:30,Vélez Sarsfield,Banfield,3,3,,,Primera Division,2023,zonas,,Fecha 10,José Amalfitani,false,https://es.wikipedia.org/wiki/Campeonato_de_Primera_División_2023_(Argentina)
2023-04-08,15:30,Almagro,Agropecuario,0,1,,,Primera Nacional,2023,zonas,Zona A,Fecha 11,Tres de Febrero,false,https://es.wikipedia.org/wiki/Campeonato_de_Primera_Nacional_2023
2023-04-08,15:30,Cañuelas,Sacachispas,1,1,,,Primera B,2023,zonas,Torneo Apertura,Fecha 9,Jorge Alfredo Arín,false,https://es.wikipedia.org/wiki/Campeonato_de_Primera_B_2023_(Argentina)
2023-04-08,15:30,Central Córdoba (R),Ferrocarril Midland,2,1,,,Primera C,2023,zonas,,Fecha 12,Gabino Sosa,false,https://es.wikipedia.org/wiki/Campeonato_de_Primera_C_2023_(Argentina)
2023-04-08,15:30,Comunicaciones,San Miguel,0,0,,,Primera B,2023,zonas,Torneo Apertura,Fecha 9,Alfredo Ramos,false,https://es.wikipedia.org/wiki/Campeonato_de_Primera_B_2023_(Argentina)
2023-04-08,15:30,Deportivo Armenio,Argentino de Quilmes,4,1,,,Primera B,2023,zonas,Torneo Apertura,Fecha 9,Armenia,false,https://es.wikipedia.org/wiki/Campeonato_de_Primera_B_2023_(Argentina)
2023-04-08,15:30,Deportivo Madryn,Brown de Adrogué,0,0,,,Primera Nacional,2023,zonas,Zona B,Fecha 9,Abel Sastre,false,https://es.wikipedia.org/wiki/Campeonato_de_Primera_Nacional_2023
2023-04-08,15:30,Deportivo Merlo,Colegiales,3,1,,,Primera B,2023,zonas,Torneo Apertura,Fecha 9,José Manuel Moreno,false,https://es.wikipedia.org/wiki/Campeonato_de_Primera_B_2023_(Argentina)
2023-04-08,15:30,Dock Sud,Argentino de Merlo,1,3,,,Primera B,2023,zonas,Torneo Apertura,Fecha 9,De los Inmigrantes,false,https://es.wikipedia.org/wiki/Campeonato_de_Primera_B_2023_(Argentina)
2023-04-08,15:30,Excursionistas,Leandro N. Alem,2,0,,,Primera C,2023,zonas,,Fecha 12,Excursionistas,false,https://es.wikipedia.org/wiki/Campeonato_de_Primera_C_2023_(Argentina)
2023-04-08,15:30,Liniers,Claypole,1,0,,,Primera C,2023,zonas,,Fecha 12,Juan Antonio Arias,false,https://es.wikipedia.org/wiki/Campeonato_de_Primera_C_2023_(Argentina)
2023-04-08,15:30,Luján,Sportivo Italiano,0,0,,,Primera C,2023,zonas,,Fecha 12,1.º de Abril,false,https://es.wikipedia.org/wiki/Campeonato_de_Primera_C_2023_(Argentina)
2023-04-08,15:30,San Martín (B),Atlas,2,1,,,Primera C,2023,zonas,,Fecha 12,Francisco Boga,false,https://es.wikipedia.org/wiki/Campeonato_de_Primera_C_2023_(Argentina)
2023-04-08,15:30,Sarmiento (J),Argentinos Juniors,2,0,,,Primera Division,2023,zonas,,Fecha 10,Eva Perón,false,https://es.wikipedia.org/wiki/Campeonato_de_Primera_División_2023_(Argentina)
2023-04-08,15:30,Talleres (RdE),Acassuso,1,1,,,Primera B,2023,zonas,Torneo Apertura,Fecha 9,Pablo Comelli,false,https://es.wikipedia.org/wiki/Campeonato_de_Primera_B_2023_(Argentina)
2023-04-08,15:30,UAI Urquiza,Fénix,1,2,,,Primera B,2023,zonas,Torneo Apertura,Fecha 9,Monumental de Villa Lynch,false,https://es.wikipedia.org/wiki/Campeonato_de_Primera_B_2023_(Argentina)
2023-04-08,16:00,Aldosivi,Tristán Suárez,1,1,,,Primera Nacional,2023,zonas,Zona B,Fecha 9,José María Minella,false,https://es.wikipedia.org/wiki/Campeonato_de_Primera_Nacional_2023
2023-04-08,16:00,Argentino (MM),San Martín (SM),2,0,,,Torneo Federal A,2023,zonas,Zona B,Fecha 5,Modesto Marrone,false,https://es.wikipedia.org/wiki/Torneo_Federal_A_2023
2023-04-08,16:00,Ciudad de Bolívar,Juventud Unida Universitario,2,0,,,Torneo Federal A,2023,zonas,Zona B,Fecha 5,Municipal Eva Perón,false,https://es.wikipedia.org/wiki/Torneo_Federal_A_2023
2023-04-08,16:00,Sansinena,Olimpo,0,2,,,Torneo Federal A,2023,zonas,Zona A,Fecha 5,Luis Molina,false,https://es.wikipedia.org/wiki/Torneo_Federal_A_2023
2023-04-08,17:00,All Boys,Alvarado,2,1,,,Primera Nacional,2023,zonas,Zona A,Fecha 11,Islas Malvinas,false,https://es.wikipedia.org/wiki/Campeonato_de_Primera_Nacional_2023
2023-04-08,17:00,Chacarita Juniors,Atlanta,1,1,,,Primera Nacional,2023,zonas,Zona B,Fecha 9,Chacarita Juniors,false,https://es.wikipedia.org/wiki/Campeonato_de_Primera_Nacional_2023
2023-04-08,17:00,Independiente Rivadavia,Ferro Carril Oeste,2,1,,,Primera Nacional,2023,zonas,Zona B,Fecha 9,Bautista Gargantini,false,https://es.wikipedia.org/wiki/Campeonato_de_Primera_Nacional_2023
2023-04-08,17:30,Defensores de Belgrano (VR),Independiente (C),0,1,,,Torneo Federal A,2023,zonas,Zona C,Fecha 5,Único de San Nicolás,false,https://es.wikipedia.org/wiki/Torneo_Federal_A_2023
2023-04-08,18:00,Gimnasia y Esgrima (LP),Racing Club,3,1,,,Primera Division,2023,zonas,,Fecha 10,Juan Carmelo Zerrillo,false,https://es.wikipedia.org/wiki/Campeonato_de_Primera_División_2023_(Argentina)
2023-04-08,18:00,Unión,Belgrano,0,3,,,Primera Division,2023,zonas,,Fecha 10,15 de abril,false,https://es.wikipedia.org/wiki/Campeonato_de_Primera_División_2023_(Argentina)
2023-04-08,19:00,Almirante Brown,Güemes (SdE),0,1,,,Primera Nacional,2023,zonas,Zona A,Fecha 11,Fragata Presidente Sarmiento,false,https://es.wikipedia.org/wiki/Campeonato_de_Primera_Nacional_2023
2023-04-08,19:30,Real Pilar,Deportivo Español,0,0,,,Primera C,2023,zonas,,Fecha 12,Carlos Barraza,false,https://es.wikipedia.org/wiki/Campeonato_de_Primera_C_2023_(Argentina)
2023-04-08,20:00,Villa Dálmine,Quilmes,0,0,,,Primera Nacional,2023,zonas,Zona B,Fecha 9,El Coliseo de Mitre y Puccini,false,https://es.wikipedia.org/wiki/Campeonato_de_Primera_Nacional_2023
2023-04-08,20:30,Atlético Tucumán,San Lorenzo,1,3,,,Primera Division,2023,zonas,,Fecha 10,Monumental José Fierro,false,https://es.wikipedia.org/wiki/Campeonato_de_Primera_División_2023_(Argentina)
2023-04-08,20:30,Defensa y Justicia,Central Córdoba (SdE),1,2,,,Primera Division,2023,zonas,,Fecha 10,Norberto Tomaghello,false,https://es.wikipedia.org/wiki/Campeonato_de_Primera_División_2023_(Argentina)
2023-04-09,14:00,Godoy Cruz,Tigre,1,1,,,Primera Division,2023,zonas,,Fecha 10,Malvinas Argentinas,false,https://es.wikipedia.org/wiki/Campeonato_de_Primera_División_2023_(Argentina)
2023-04-09,14:00,Independiente,Estudiantes (LP),1,2,,,Primera Division,2023,zonas,,Fecha 10,Ricardo Bochini,false,https://es.wikipedia.org/wiki/Campeonato_de_Primera_División_2023_(Argentina)
2023-04-09,15:30,Defensores de Pronunciamiento,Sportivo Las Parejas,0,3,,,Torneo Federal A,2023,zonas,Zona C,Fecha 5,Delio Cardozo,false,https://es.wikipedia.org/wiki/Torneo_Federal_A_2023
2023-04-09,15:30,J. J. de Urquiza,Puerto Nuevo,0,1,,,Primera C,2023,zonas,,Fecha 12,Ramón Roque Martín,false,https://es.wikipedia.org/wiki/Campeonato_de_Primera_C_2023_(Argentina)
2023-04-09,15:30,Sol de Mayo (V),Liniers (BB),0,1,,,Torneo Federal A,2023,zonas,Zona A,Fecha 5,Sol de Mayo,false,https://es.wikipedia.org/wiki/Torneo_Federal_A_2023
2023-04-09,16:00,Cipolletti,Ramón Santamarina,1,3,,,Torneo Federal A,2023,zonas,Zona A,Fecha 5,La Visera de Cemento,false,https://es.wikipedia.org/wiki/Torneo_Federal_A_2023
2023-04-09,16:00,Germinal,Villa Mitre,1,0,,,Torneo Federal A,2023,zonas,Zona A,Fecha 5,El Fortín (R),false,https://es.wikipedia.org/wiki/Torneo_Federal_A_2023
2023-04-09,16:00,Sportivo Belgrano,Gimnasia y Esgrima (CdU),2,0,,,Torneo Federal A,2023,zonas,Zona C,Fecha 5,Oscar Carlos Boero,false,https://es.wikipedia.org/wiki/Torneo_Federal_A_2023
2023-04-09,16:10,San Martín (T),San Martín (SJ),4,1,,,Primera Nacional,2023,zonas,Zona A,Fecha 11,La Ciudadela,false,https://es.wikipedia.org/wiki/Campeonato_de_Primera_Nacional_2023
2023-04-09,16:30,Boca Unidos,Juventud Antoniana,2,0,,,Torneo Federal A,2023,zonas,Zona D,Fecha 5,Leoncio Benítez,false,https://es.wikipedia.org/wiki/Torneo_Federal_A_2023
2023-04-09,16:30,Newell's Old Boys,Rosario Central,0,0,,,Primera Division,2023,zonas,,Fecha 10,Marcelo Bielsa,false,https://es.wikipedia.org/wiki/Campeonato_de_Primera_División_2023_(Argentina)
2023-04-09,16:30,Unión (S),Douglas Haig,2,1,,,Torneo Federal A,2023,zonas,Zona C,Fecha 5,De la Avenida,false,https://es.wikipedia.org/wiki/Torneo_Federal_A_2023
2023-04-09,17:00,Central Norte (S),San Martín (F),2,0,,,Torneo Federal A,2023,zonas,Zona D,Fecha 5,Padre Ernesto Martearena,false,https://es.wikipedia.org/wiki/Torneo_Federal_A_2023
2023-04-09,17:00,Sol de América (F),Crucero del Norte,2,0,,,Torneo Federal A,2023,zonas,Zona D,Fecha 5,Sol de América,false,https://es.wikipedia.org/wiki/Torneo_Federal_A_2023
2023-04-09,17:00,Sportivo Estudiantes (SL),Huracán Las Heras,0,0,,,Torneo Federal A,2023,zonas,Zona B,Fecha 5,Héctor Odicino y Pedro Benoza,false,https://es.wikipedia.org/wiki/Torneo_Federal_A_2023
2023-04-09,18:00,Chaco For Ever,Deportivo Riestra,2,1,,,Primera Nacional,2023,zonas,Zona B,Fecha 9,Juan Alberto García,false,https://es.wikipedia.org/wiki/Campeonato_de_Primera_Nacional_2023
2023-04-09,18:00,Mitre (SdE),Racing Club,1,1,,,Primera Nacional,2023,zonas,Zona B,Fecha 9,Dres. José y Antonio Castiglione,false,https://es.wikipedia.org/wiki/Campeonato_de_Primera_Nacional_2023
2023-04-09,18:30,Ferro Carril Oeste (GP),Atenas (RC),3,0,,,Torneo Federal A,2023,zonas,Zona B,Fecha 5,El Coloso del Barrio Talleres,false,https://es.wikipedia.org/wiki/Torneo_Federal_A_2023
2023-04-09,19:00,9 de Julio (R),Gimnasia y Tiro (S),2,1,,,Torneo Federal A,2023,zonas,Zona D,Fecha 5,Germán Solterman,false,https://es.wikipedia.org/wiki/Torneo_Federal_A_2023
2023-04-09,19:00,Huracán,River Plate,0,3,,,Primera Division,2023,zonas,,Fecha 10,Tomás Adolfo Ducó,false,https://es.wikipedia.org/wiki/Campeonato_de_Primera_División_2023_(Argentina)
2023-04-09,20:00,Atlético de Rafaela,Estudiantes (BA),1,1,,,Primera Nacional,2023,zonas,Zona B,Fecha 9,Nuevo Monumental,false,https://es.wikipedia.org/wiki/Campeonato_de_Primera_Nacional_2023
2023-04-09,20:00,Deportivo Laferrere,Victoriano Arenas,3,2,,,Primera C,2023,zonas,,Fecha 12,Ciudad de Laferrere,false,https://es.wikipedia.org/wiki/Campeonato_de_Primera_C_2023_(Argentina)
2023-04-09,21:30,Boca Juniors,Colón,1,2,,,Primera Division,2023,zonas,,Fecha 10,La Bombonera,false,https://es.wikipedia.org/wiki/Campeonato_de_Primera_División_2023_(Argentina)
2023-04-10,15:30,San Telmo,Guillermo Brown,1,2,,,Primera Nacional,2023,zonas,Zona A,Fecha 11,Doctor Osvaldo Baletto,false,https://es.wikipedia.org/wiki/Campeonato_de_Primera_Nacional_2023
2023-04-10,17:00,Nueva Chicago,Flandria,1,0,,,Primera Nacional,2023,zonas,Zona A,Fecha 11,Nueva Chicago,false,https://es.wikipedia.org/wiki/Campeonato_de_Primera_Nacional_2023
2023-04-10,19:05,Defensores de Belgrano,Patronato,2,0,,,Primera Nacional,2023,zonas,Zona A,Fecha 11,Juan Pasquale,false,https://es.wikipedia.org/wiki/Campeonato_de_Primera_Nacional_2023
2023-04-10,21:00,Estudiantes (RC),Gimnasia y Esgrima (M),1,1,,,Primera Nacional,2023,zonas,Zona A,Fecha 11,Antonio Candini,false,https://es.wikipedia.org/wiki/Campeonato_de_Primera_Nacional_2023
2023-04-10,21:10,Temperley,Defensores Unidos,1,0,,,Primera Nacional,2023,zonas,Zona A,Fecha 11,Alfredo Beranger,false,https://es.wikipedia.org/wiki/Campeonato_de_Primera_Nacional_2023
2023-04-11,14:00,Barracas Central,Platense,1,0,,,Primera Division,2023,zonas,,Fecha 11,Claudio Chiqui Tapia,false,https://es.wikipedia.org/wiki/Campeonato_de_Primera_División_2023_(Argentina)
2023-04-11,19:00,Argentinos Juniors,Unión,5,1,,,Primera Division,2023,zonas,,Fecha 11,Diego Armando Maradona,false,https://es.wikipedia.org/wiki/Campeonato_de_Primera_División_2023_(Argentina)
2023-04-11,21:30,Banfield,Defensa y Justicia,0,3,,,Primera Division,2023,zonas,,Fecha 11,Florencio Sola,false,https://es.wikipedia.org/wiki/Campeonato_de_Primera_División_2023_(Argentina)
2023-04-11,21:30,Central Córdoba (SdE),Lanús,1,1,,,Primera Division,2023,zonas,,Fecha 11,Único Madre de Ciudades,false,https://es.wikipedia.org/wiki/Campeonato_de_Primera_División_2023_(Argentina)
2023-04-11,21:30,Instituto,Vélez Sarsfield,1,0,,,Primera Division,2023,zonas,,Fecha 11,Juan Domingo Perón,false,https://es.wikipedia.org/wiki/Campeonato_de_Primera_División_2023_(Argentina)
2023-04-12,17:30,San Lorenzo,Boca Juniors,1,0,,,Primera Division,2023,zonas,,Fecha 11,Nuevo Gasómetro,false,https://es.wikipedia.org/wiki/Campeonato_de_Primera_División_2023_(Argentina)
2023-04-12,19:00,Belgrano,Huracán,2,0,,,Primera Division,2023,zonas,,Fecha 11,Gigante de Alberdi,false,https://es.wikipedia.org/wiki/Campeonato_de_Primera_División_2023_(Argentina)
2023-04-12,19:30,Racing Club,Newell's Old Boys,0,1,,,Primera Division,2023,zonas,,Fecha 11,El Cilindro,false,https://es.wikipedia.org/wiki/Campeonato_de_Primera_División_2023_(Argentina)
2023-04-12,21:30,Estudiantes (LP),Atlético Tucumán,0,0,,,Primera Division,2023,zonas,,Fecha 11,Jorge Luis Hirschi,false,https://es.wikipedia.org/wiki/Campeonato_de_Primera_División_2023_(Argentina)
2023-04-12,21:30,Rosario Central,Independiente,1,0,,,Primera Division,2023,zonas,,Fecha 11,Gigante de Arroyito,false,https://es.wikipedia.org/wiki/Campeonato_de_Primera_División_2023_(Argentina)
2023-04-13,14:00,Arsenal,Godoy Cruz,2,3,,,Primera Division,2023,zonas,,Fecha 11,El Viaducto,false,https://es.wikipedia.org/wiki/Campeonato_de_Primera_División_2023_(Argentina)
2023-04-13,16:30,Colón,Talleres (C),2,2,,,Primera Division,2023,zonas,,Fecha 11,Brigadier Estanislao López,false,https://es.wikipedia.org/wiki/Campeonato_de_Primera_División_2023_(Argentina)
2023-04-13,19:30,River Plate,Gimnasia y Esgrima (LP),3,0,,,Primera Division,2023,zonas,,Fecha 11,Monumental,false,https://es.wikipedia.org/wiki/Campeonato_de_Primera_División_2023_(Argentina)
2023-04-13,21:30,Tigre,Sarmiento (J),1,0,,,Primera Division,2023,zonas,,Fecha 11,Monumental de Victoria,false,https://es.wikipedia.org/wiki/Campeonato_de_Primera_División_2023_(Argentina)
2023-04-14,15:30,Sportivo Italiano,Berazategui,1,0,,,Primera C,2023,zonas,,Fecha 13,República de Italia,false,https://es.wikipedia.org/wiki/Campeonato_de_Primera_C_2023_(Argentina)
2023-04-14,16:30,Atlético de Rafaela,Aldosivi,2,2,,,Primera Nacional,2023,zonas,Zona B,Fecha 10,Nuevo Monumental,false,https://es.wikipedia.org/wiki/Campeonato_de_Primera_Nacional_2023
2023-04-14,21:00,Gimnasia y Esgrima (J),Independiente Rivadavia,1,3,,,Primera Nacional,2023,zonas,Zona B,Fecha 10,23 de Agosto,false,https://es.wikipedia.org/wiki/Campeonato_de_Primera_Nacional_2023
2023-04-14,21:00,Patronato,Estudiantes (RC),1,1,,,Primera Nacional,2023,zonas,Zona A,Fecha 12,Presbítero Bartolomé Grella,false,https://es.wikipedia.org/wiki/Campeonato_de_Primera_Nacional_2023
2023-04-15,15:30,Acassuso,Dock Sud,1,1,,,Primera B,2023,zonas,Torneo Apertura,Fecha 10,Armenia,false,https://es.wikipedia.org/wiki/Campeonato_de_Primera_B_2023_(Argentina)
2023-04-15,15:30,Argentino de Merlo,UAI Urquiza,0,1,,,Primera B,2023,zonas,Torneo Apertura,Fecha 10,Merlo,false,https://es.wikipedia.org/wiki/Campeonato_de_Primera_B_2023_(Argentina)
2023-04-15,15:30,Brown de Adrogué,Villa Dálmine,2,0,,,Primera Nacional,2023,zonas,Zona B,Fecha 10,Lorenzo Arandilla,false,https://es.wikipedia.org/wiki/Campeonato_de_Primera_Nacional_2023
2023-04-15,15:30,Deportivo Morón,Almirante Brown,2,2,,,Primera Nacional,2023,zonas,Zona A,Fecha 12,Nuevo Francisco Urbano,false,https://es.wikipedia.org/wiki/Campeonato_de_Primera_Nacional_2023
2023-04-15,15:30,Flandria,San Martín (T),2,1,,,Primera Nacional,2023,zonas,Zona A,Fecha 12,Carlos V,false,https://es.wikipedia.org/wiki/Campeonato_de_Primera_Nacional_2023
2023-04-15,15:30,Sacachispas,Comunicaciones,1,2,,,Primera B,2023,zonas,Torneo Apertura,Fecha 10,Beto Larrosa,false,https://es.wikipedia.org/wiki/Campeonato_de_Primera_B_2023_(Argentina)
2023-04-15,15:30,San Miguel,Ituzaingó,3,2,,,Primera B,2023,zonas,Torneo Apertura,Fecha 10,Malvinas Argentinas,false,https://es.wikipedia.org/wiki/Campeonato_de_Primera_B_2023_(Argentina)
2023-04-15,15:30,Victoriano Arenas,Excursionistas,1,1,,,Primera C,2023,zonas,,Fecha 13,Saturnino Moure,false,https://es.wikipedia.org/wiki/Campeonato_de_Primera_C_2023_(Argentina)
2023-04-15,16:00,Sansinena,Círculo Deportivo,2,0,,,Torneo Federal A,2023,zonas,Zona A,Fecha 6,Luis Molina,false,https://es.wikipedia.org/wiki/Torneo_Federal_A_2023
2023-04-15,16:30,Defensa y Justicia,Instituto,1,0,,,Primera Division,2023,zonas,,Fecha 12,Norberto Tomaghello,false,https://es.wikipedia.org/wiki/Campeonato_de_Primera_División_2023_(Argentina)
2023-04-15,17:00,Liniers (BB),Olimpo,2,2,,,Torneo Federal A,2023,zonas,Zona A,Fecha 6,Alejandro Pérez,false,https://es.wikipedia.org/wiki/Torneo_Federal_A_2023
2023-04-15,17:00,Sportivo Las Parejas,El Linqueño,0,1,,,Torneo Federal A,2023,zonas,Zona C,Fecha 6,4 de Septiembre,false,https://es.wikipedia.org/wiki/Torneo_Federal_A_2023
2023-04-15,19:00,Boca Juniors,Estudiantes (LP),0,1,,,Primera Division,2023,zonas,,Fecha 12,La Bombonera,false,https://es.wikipedia.org/wiki/Campeonato_de_Primera_División_2023_(Argentina)
2023-04-15,20:00,Ramón Santamarina,Germinal,1,1,,,Torneo Federal A,2023,zonas,Zona A,Fecha 6,Municipal General San Martín,false,https://es.wikipedia.org/wiki/Torneo_Federal_A_2023
2023-04-15,21:10,Colegiales,Deportivo Armenio,1,1,,,Primera B,2023,zonas,Torneo Apertura,Fecha 10,Colegiales,false,https://es.wikipedia.org/wiki/Campeonato_de_Primera_B_2023_(Argentina)
2023-04-15,21:30,Gimnasia y Esgrima (LP),Belgrano,0,2,,,Primera Division,2023,zonas,,Fecha 12,Juan Carmelo Zerrillo,false,https://es.wikipedia.org/wiki/Campeonato_de_Primera_División_2023_(Argentina)
2023-04-15,21:30,Huracán,Argentinos Juniors,0,0,,,Primera Division,2023,zonas,,Fecha 12,Tomás Adolfo Ducó,false,https://es.wikipedia.org/wiki/Campeonato_de_Primera_División_2023_(Argentina)
2023-04-16,14:00,Unión,Tigre,0,0,,,Primera Division,2023,zonas,,Fecha 12,15 de abril,false,https://es.wikipedia.org/wiki/Campeonato_de_Primera_División_2023_(Argentina)
2023-04-16,14:00,Vélez Sarsfield,Barracas Central,0,0,,,Primera Division,2023,zonas,,Fecha 12,José Amalfitani,false,https://es.wikipedia.org/wiki/Campeonato_de_Primera_División_2023_(Argentina)
2023-04-16,15:00,Guillermo Brown,Almagro,1,1,,,Primera Nacional,2023,zonas,Zona A,Fecha 12,Raúl Conti,false,https://es.wikipedia.org/wiki/Campeonato_de_Primera_Nacional_2023
2023-04-16,15:30,Atlas,General Lamadrid,1,1,,,Primera C,2023,zonas,,Fecha 13,Ricardo Puga,false,https://es.wikipedia.org/wiki/Campeonato_de_Primera_C_2023_(Argentina)
2023-04-16,15:30,Defensores Unidos,San Telmo,3,2,,,Primera Nacional,2023,zonas,Zona A,Fecha 12,Gigante de Villa Fox,false,https://es.wikipedia.org/wiki/Campeonato_de_Primera_Nacional_2023
2023-04-16,15:30,Deportivo Español,Luján,1,0,,,Primera C,2023,zonas,,Fecha 13,Nueva España,false,https://es.wikipedia.org/wiki/Campeonato_de_Primera_C_2023_(Argentina)
2023-04-16,15:30,Estudiantes (BA),Deportivo Madryn,0,3,,,Primera Nacional,2023,zonas,Zona B,Fecha 10,Ciudad de Caseros,false,https://es.wikipedia.org/wiki/Campeonato_de_Primera_Nacional_2023
2023-04-16,15:30,Güemes (SdE),Defensores de Belgrano,0,0,,,Primera Nacional,2023,zonas,Zona A,Fecha 12,Arturo Miranda,false,https://es.wikipedia.org/wiki/Campeonato_de_Primera_Nacional_2023
2023-04-16,15:30,Puerto Nuevo,Central Córdoba (R),1,1,,,Primera C,2023,zonas,,Fecha 13,Rubén Carlos Vallejos,false,https://es.wikipedia.org/wiki/Campeonato_de_Primera_C_2023_(Argentina)
2023-04-16,15:30,Villa San Carlos,Deportivo Merlo,1,0,,,Primera B,2023,zonas,Torneo Apertura,Fecha 10,Genacio Sálice,false,https://es.wikipedia.org/wiki/Campeonato_de_Primera_B_2023_(Argentina)
2023-04-16,15:30,Yupanqui,J. J. de Urquiza,0,3,,,Primera C,2023,zonas,,Fecha 13,Ciudad Evita,false,https://es.wikipedia.org/wiki/Campeonato_de_Primera_C_2023_(Argentina)
2023-04-16,15:35,Quilmes,Deportivo Maipú,0,2,,,Primera Nacional,2023,zonas,Zona B,Fecha 10,Centenario Ciudad de Quilmes,false,https://es.wikipedia.org/wiki/Campeonato_de_Primera_Nacional_2023
2023-04-16,16:00,Alvarado,Nueva Chicago,1,0,,,Primera Nacional,2023,zonas,Zona A,Fecha 12,José María Minella,false,https://es.wikipedia.org/wiki/Campeonato_de_Primera_Nacional_2023
2023-04-16,16:00,Gimnasia y Esgrima (CdU),Defensores de Belgrano (VR),3,1,,,Torneo Federal A,2023,zonas,Zona C,Fecha 6,Manuel y Ramón Núñez,false,https://es.wikipedia.org/wiki/Torneo_Federal_A_2023
2023-04-16,16:00,Gimnasia y Esgrima (M),All Boys,0,0,,,Primera Nacional,2023,zonas,Zona A,Fecha 12,Víctor Antonio Legrotaglie,false,https://es.wikipedia.org/wiki/Campeonato_de_Primera_Nacional_2023
2023-04-16,16:00,Huracán Las Heras,Argentino (MM),0,1,,,Torneo Federal A,2023,zonas,Zona B,Fecha 6,General San Martín,false,https://es.wikipedia.org/wiki/Torneo_Federal_A_2023
2023-04-16,16:00,Independiente (C),Defensores de Pronunciamiento,4,0,,,Torneo Federal A,2023,zonas,Zona C,Fecha 6,Raúl Orlando Lungarzo,false,https://es.wikipedia.org/wiki/Torneo_Federal_A_2023
2023-04-16,16:00,Juventud Unida Universitario,Sportivo Peñarol (C),1,0,,,Torneo Federal A,2023,zonas,Zona B,Fecha 6,Mario Sebastián Diez,false,https://es.wikipedia.org/wiki/Torneo_Federal_A_2023
2023-04-16,16:00,Villa Mitre,Sol de Mayo (V),1,0,,,Torneo Federal A,2023,zonas,Zona A,Fecha 6,El Fortín (BB),false,https://es.wikipedia.org/wiki/Torneo_Federal_A_2023
2023-04-16,16:30,Atenas (RC),Sportivo Estudiantes (SL),3,3,,,Torneo Federal A,2023,zonas,Zona B,Fecha 6,9 de Julio,false,https://es.wikipedia.org/wiki/Torneo_Federal_A_2023
2023-04-16,16:30,Crucero del Norte,9 de Julio (R),2,1,,,Torneo Federal A,2023,zonas,Zona D,Fecha 6,Comandante Andrés Guacurarí,false,https://es.wikipedia.org/wiki/Torneo_Federal_A_2023
2023-04-16,16:30,Independiente,Racing Club,1,1,,,Primera Division,2023,zonas,,Fecha 12,Ricardo Bochini,false,https://es.wikipedia.org/wiki/Campeonato_de_Primera_División_2023_(Argentina)
2023-04-16,16:30,San Martín (SM),Ciudad de Bolívar,1,1,,,Torneo Federal A,2023,zonas,Zona B,Fecha 6,Libertador General San Martín,false,https://es.wikipedia.org/wiki/Torneo_Federal_A_2023
2023-04-16,16:35,Gimnasia y Tiro (S),Central Norte (S),1,1,,,Torneo Federal A,2023,zonas,Zona D,Fecha 6,El Gigante del Norte,false,https://es.wikipedia.org/wiki/Torneo_Federal_A_2023
2023-04-16,16:45,San Martín (F),Sarmiento (R),1,0,,,Torneo Federal A,2023,zonas,Zona D,Fecha 6,17 de Octubre,false,https://es.wikipedia.org/wiki/Torneo_Federal_A_2023
2023-04-16,17:00,San Martín (SJ),Temperley,3,1,,,Primera Nacional,2023,zonas,Zona A,Fecha 12,Ingeniero Hilario Sánchez,false,https://es.wikipedia.org/wiki/Campeonato_de_Primera_Nacional_2023
2023-04-16,19:00,Douglas Haig,Sportivo Belgrano,2,1,,,Torneo Federal A,2023,zonas,Zona C,Fecha 6,Miguel Morales,false,https://es.wikipedia.org/wiki/Torneo_Federal_A_2023
2023-04-16,19:00,Ferro Carril Oeste,Chaco For Ever,2,1,,,Primera Nacional,2023,zonas,Zona B,Fecha 10,Arquitecto Ricardo Etcheverri,false,https://es.wikipedia.org/wiki/Campeonato_de_Primera_Nacional_2023
2023-04-16,19:00,Ferrocarril Midland,Liniers,2,2,,,Primera C,2023,zonas,,Fecha 13,Ciudad de Libertad,false,https://es.wikipedia.org/wiki/Campeonato_de_Primera_C_2023_(Argentina)
2023-04-16,19:00,Juventud Antoniana,Sol de América (F),0,0,,,Torneo Federal A,2023,zonas,Zona D,Fecha 6,Padre Ernesto Martearena,false,https://es.wikipedia.org/wiki/Torneo_Federal_A_2023
2023-04-16,19:00,Newell's Old Boys,River Plate,0,1,,,Primera Division,2023,zonas,,Fecha 12,Marcelo Bielsa,false,https://es.wikipedia.org/wiki/Campeonato_de_Primera_División_2023_(Argentina)
2023-04-16,21:30,Talleres (C),San Lorenzo,0,0,,,Primera Division,2023,zonas,,Fecha 12,Mario Alberto Kempes,false,https://es.wikipedia.org/wiki/Campeonato_de_Primera_División_2023_(Argentina)
2023-04-17,14:05,Argentino de Quilmes,Los Andes,1,0,,,Primera B,2023,zonas,Torneo Apertura,Fecha 10,Argentino de Quilmes,false,https://es.wikipedia.org/wiki/Campeonato_de_Primera_B_2023_(Argentina)
2023-04-17,15:30,Claypole,Real Pilar,0,0,,,Primera C,2023,zonas,,Fecha 13,Rodolfo Capocasa,false,https://es.wikipedia.org/wiki/Campeonato_de_Primera_C_2023_(Argentina)
2023-04-17,15:30,Fénix,Cañuelas,1,1,,,Primera B,2023,zonas,Torneo Apertura,Fecha 10,Ricardo Puga,false,https://es.wikipedia.org/wiki/Campeonato_de_Primera_B_2023_(Argentina)
2023-04-17,16:30,Platense,Colón,0,0,,,Primera Division,2023,zonas,,Fecha 12,Ciudad de Vicente López,false,https://es.wikipedia.org/wiki/Campeonato_de_Primera_División_2023_(Argentina)
2023-04-17,17:30,Deportivo Riestra,Mitre (SdE),0,0,,,Primera Nacional,2023,zonas,Zona B,Fecha 10,Guillermo Laza,false,https://es.wikipedia.org/wiki/Campeonato_de_Primera_Nacional_2023
2023-04-17,19:00,Banfield,Central Córdoba (SdE),1,0,,,Primera Division,2023,zonas,,Fecha 12,Florencio Sola,false,https://es.wikipedia.org/wiki/Campeonato_de_Primera_División_2023_(Argentina)
2023-04-17,19:00,Sarmiento (J),Arsenal,1,0,,,Primera Division,2023,zonas,,Fecha 12,Eva Perón,false,https://es.wikipedia.org/wiki/Campeonato_de_Primera_División_2023_(Argentina)
2023-04-17,19:40,Atlanta,Tristán Suárez,3,2,,,Primera Nacional,2023,zonas,Zona B,Fecha 10,Don León Kolbowski,false,https://es.wikipedia.org/wiki/Campeonato_de_Primera_Nacional_2023
2023-04-17,21:30,Atlético Tucumán,Rosario Central,2,2,,,Primera Division,2023,zonas,,Fecha 12,Monumental José Fierro,false,https://es.wikipedia.org/wiki/Campeonato_de_Primera_División_2023_(Argentina)
2023-04-17,21:30,Godoy Cruz,Lanús,4,4,,,Primera Division,2023,zonas,,Fecha 12,Malvinas Argentinas,false,https://es.wikipedia.org/wiki/Campeonato_de_Primera_División_2023_(Argentina)
2023-04-17,21:40,Racing Club,Chacarita Juniors,1,1,,,Primera Nacional,2023,zonas,Zona B,Fecha 10,Miguel Sancho,false,https://es.wikipedia.org/wiki/Campeonato_de_Primera_Nacional_2023
2023-04-18,15:30,Leandro N. Alem,San Martín (B),2,0,,,Primera C,2023,zonas,,Fecha 13,Leandro N. Alem,false,https://es.wikipedia.org/wiki/Campeonato_de_Primera_C_2023_(Argentina)
2023-04-19,,San Martín (T),Deportivo Morón,2,0,,,Copa Argentina,2023,eliminacion,,Treintaidosavos,15 de abril,true,https://es.wikipedia.org/wiki/Copa_Argentina_2023
2023-04-21,15:30,Berazategui,Deportivo Español,2,0,,,Primera C,2023,zonas,,Fecha 14,Norman Lee,false,https://es.wikipedia.org/wiki/Campeonato_de_Primera_C_2023_(Argentina)
2023-04-21,20:10,Estudiantes (RC),Güemes (SdE),1,1,,,Primera Nacional,2023,zonas,Zona A,Fecha 13,Antonio Candini,false,https://es.wikipedia.org/wiki/Campeonato_de_Primera_Nacional_2023
2023-04-21,20:30,Colón,Vélez Sarsfield,2,1,,,Primera Division,2023,zonas,,Fecha 13,Brigadier Estanislao López,false,https://es.wikipedia.org/wiki/Campeonato_de_Primera_División_2023_(Argentina)
2023-04-22,15:30,Agropecuario,Guillermo Brown,1,0,,,Primera Nacional,2023,zonas,Zona A,Fecha 13,Ofelia Rosenzuaig,false,https://es.wikipedia.org/wiki/Campeonato_de_Primera_Nacional_2023
2023-04-22,15:30,Arsenal,Unión,2,1,,,Primera Division,2023,zonas,,Fecha 13,El Viaducto,false,https://es.wikipedia.org/wiki/Campeonato_de_Primera_División_2023_(Argentina)
2023-04-22,15:30,Cañuelas,Argentino de Merlo,2,1,,,Primera B,2023,zonas,Torneo Apertura,Fecha 11,Jorge Alfredo Arín,false,https://es.wikipedia.org/wiki/Campeonato_de_Primera_B_2023_(Argentina)
2023-04-22,15:30,Central Córdoba (R),Yupanqui,2,0,,,Primera C,2023,zonas,,Fecha 14,Gabino Sosa,false,https://es.wikipedia.org/wiki/Campeonato_de_Primera_C_2023_(Argentina)
2023-04-22,15:30,Comunicaciones,Fénix,1,0,,,Primera B,2023,zonas,Torneo Apertura,Fecha 11,Alfredo Ramos,false,https://es.wikipedia.org/wiki/Campeonato_de_Primera_B_2023_(Argentina)
2023-04-22,15:30,Deportivo Armenio,Villa San Carlos,0,0,,,Primera B,2023,zonas,Torneo Apertura,Fecha 11,Armenia,false,https://es.wikipedia.org/wiki/Campeonato_de_Primera_B_2023_(Argentina)
2023-04-22,15:30,Deportivo Merlo,San Miguel,0,3,,,Primera B,2023,zonas,Torneo Apertura,Fecha 11,José Manuel Moreno,false,https://es.wikipedia.org/wiki/Campeonato_de_Primera_B_2023_(Argentina)
2023-04-22,15:30,Lanús,Sarmiento (J),2,1,,,Primera Division,2023,zonas,,Fecha 13,Ciudad de Lanús,false,https://es.wikipedia.org/wiki/Campeonato_de_Primera_División_2023_(Argentina)
2023-04-22,15:30,Los Andes,Colegiales,1,1,,,Primera B,2023,zonas,Torneo Apertura,Fecha 11,Eduardo Gallardón,false,https://es.wikipedia.org/wiki/Campeonato_de_Primera_B_2023_(Argentina)
2023-04-22,15:30,Nueva Chicago,Gimnasia y Esgrima (M),2,2,,,Primera Nacional,2023,zonas,Zona A,Fecha 13,Nueva Chicago,false,https://es.wikipedia.org/wiki/Campeonato_de_Primera_Nacional_2023
2023-04-22,17:30,Chacarita Juniors,Deportivo Riestra,4,2,,,Primera Nacional,2023,zonas,Zona B,Fecha 11,Chacarita Juniors,false,https://es.wikipedia.org/wiki/Campeonato_de_Primera_Nacional_2023
2023-04-22,19:00,Villa Dálmine,Estudiantes (BA),1,0,,,Primera Nacional,2023,zonas,Zona B,Fecha 11,El Coliseo de Mitre y Puccini,false,https://es.wikipedia.org/wiki/Campeonato_de_Primera_Nacional_2023
2023-04-22,19:35,Aldosivi,Atlanta,0,1,,,Primera Nacional,2023,zonas,Zona B,Fecha 11,José María Minella,false,https://es.wikipedia.org/wiki/Campeonato_de_Primera_Nacional_2023
2023-04-22,20:30,Belgrano,Newell's Old Boys,1,0,,,Primera Division,2023,zonas,,Fecha 13,Gigante de Alberdi,false,https://es.wikipedia.org/wiki/Campeonato_de_Primera_División_2023_(Argentina)
2023-04-22,20:30,Central Córdoba (SdE),Godoy Cruz,0,2,,,Primera Division,2023,zonas,,Fecha 13,Único Madre de Ciudades,false,https://es.wikipedia.org/wiki/Campeonato_de_Primera_División_2023_(Argentina)
2023-04-22,20:30,Sarmiento (R),Gimnasia y Tiro (S),0,1,,,Torneo Federal A,2023,zonas,Zona D,Fecha 7,Centenario,false,https://es.wikipedia.org/wiki/Torneo_Federal_A_2023
2023-04-22,21:10,Ituzaingó,Sacachispas,0,1,,,Primera B,2023,zonas,Torneo Apertura,Fecha 11,Carlos Alberto Sacaan,false,https://es.wikipedia.org/wiki/Campeonato_de_Primera_B_2023_(Argentina)
2023-04-22,21:40,All Boys,Patronato,0,1,,,Primera Nacional,2023,zonas,Zona A,Fecha 13,Islas Malvinas,false,https://es.wikipedia.org/wiki/Campeonato_de_Primera_Nacional_2023
2023-04-23,11:00,San Lorenzo,Platense,1,0,,,Primera Division,2023,zonas,,Fecha 13,Nuevo Gasómetro,false,https://es.wikipedia.org/wiki/Campeonato_de_Primera_División_2023_(Argentina)
2023-04-23,15:30,Almagro,Defensores Unidos,1,0,,,Primera Nacional,2023,zonas,Zona A,Fecha 13,Tres de Febrero,false,https://es.wikipedia.org/wiki/Campeonato_de_Primera_Nacional_2023
2023-04-23,15:30,Círculo Deportivo,Liniers (BB),3,0,,,Torneo Federal A,2023,zonas,Zona A,Fecha 7,Guillermo Trama,false,https://es.wikipedia.org/wiki/Torneo_Federal_A_2023
2023-04-23,15:30,Deportivo Madryn,Atlético de Rafaela,0,1,,,Primera Nacional,2023,zonas,Zona B,Fecha 11,Abel Sastre,false,https://es.wikipedia.org/wiki/Campeonato_de_Primera_Nacional_2023
2023-04-23,15:30,Liniers,Puerto Nuevo,2,0,,,Primera C,2023,zonas,,Fecha 14,Juan Antonio Arias,false,https://es.wikipedia.org/wiki/Campeonato_de_Primera_C_2023_(Argentina)
2023-04-23,15:30,Luján,Claypole,1,1,,,Primera C,2023,zonas,,Fecha 14,1.º de Abril,false,https://es.wikipedia.org/wiki/Campeonato_de_Primera_C_2023_(Argentina)
2023-04-23,15:30,Rosario Central,Boca Juniors,2,2,,,Primera Division,2023,zonas,,Fecha 13,Gigante de Arroyito,false,https://es.wikipedia.org/wiki/Campeonato_de_Primera_División_2023_(Argentina)
2023-04-23,15:30,San Martín (B),Victoriano Arenas,4,2,,,Primera C,2023,zonas,,Fecha 14,Francisco Boga,false,https://es.wikipedia.org/wiki/Campeonato_de_Primera_C_2023_(Argentina)
2023-04-23,15:30,San Telmo,San Martín (SJ),0,2,,,Primera Nacional,2023,zonas,Zona A,Fecha 13,Doctor Osvaldo Baletto,false,https://es.wikipedia.org/wiki/Campeonato_de_Primera_Nacional_2023
2023-04-23,15:30,Sportivo Belgrano,Unión (S),2,0,,,Torneo Federal A,2023,zonas,Zona C,Fecha 7,Oscar Carlos Boero,false,https://es.wikipedia.org/wiki/Torneo_Federal_A_2023
2023-04-23,15:30,Tristán Suárez,Racing Club,3,2,,,Primera Nacional,2023,zonas,Zona B,Fecha 11,20 de Octubre,false,https://es.wikipedia.org/wiki/Campeonato_de_Primera_Nacional_2023
2023-04-23,15:30,UAI Urquiza,Acassuso,0,1,,,Primera B,2023,zonas,Torneo Apertura,Fecha 11,Monumental de Villa Lynch,false,https://es.wikipedia.org/wiki/Campeonato_de_Primera_B_2023_(Argentina)
2023-04-23,16:00,Argentino (MM),Atenas (RC),0,2,,,Torneo Federal A,2023,zonas,Zona B,Fecha 7,Modesto Marrone,false,https://es.wikipedia.org/wiki/Torneo_Federal_A_2023
2023-04-23,16:00,Defensores de Belgrano (VR),Douglas Haig,1,2,,,Torneo Federal A,2023,zonas,Zona C,Fecha 7,Único de San Nicolás,false,https://es.wikipedia.org/wiki/Torneo_Federal_A_2023
2023-04-23,16:00,Defensores de Pronunciamiento,Gimnasia y Esgrima (CdU),2,2,,,Torneo Federal A,2023,zonas,Zona C,Fecha 7,Delio Cardozo,false,https://es.wikipedia.org/wiki/Torneo_Federal_A_2023
2023-04-23,16:00,Deportivo Maipú,Brown de Adrogué,1,0,,,Primera Nacional,2023,zonas,Zona B,Fecha 11,Omar Higinio Sperdutti,false,https://es.wikipedia.org/wiki/Campeonato_de_Primera_Nacional_2023
2023-04-23,16:00,El Linqueño,Independiente (C),3,0,,,Torneo Federal A,2023,zonas,Zona C,Fecha 7,Leonardo Costa,false,https://es.wikipedia.org/wiki/Torneo_Federal_A_2023
2023-04-23,16:00,Germinal,Cipolletti,1,1,,,Torneo Federal A,2023,zonas,Zona A,Fecha 7,El Fortín (R),false,https://es.wikipedia.org/wiki/Torneo_Federal_A_2023
2023-04-23,16:00,Mitre (SdE),Ferro Carril Oeste,0,2,,,Primera Nacional,2023,zonas,Zona B,Fecha 11,Dres. José y Antonio Castiglione,false,https://es.wikipedia.org/wiki/Campeonato_de_Primera_Nacional_2023
2023-04-23,16:00,Olimpo,Villa Mitre,1,0,,,Torneo Federal A,2023,zonas,Zona A,Fecha 7,Roberto N. Carminatti,false,https://es.wikipedia.org/wiki/Torneo_Federal_A_2023
2023-04-23,16:00,Sportivo Estudiantes (SL),Ferro Carril Oeste (GP),0,0,,,Torneo Federal A,2023,zonas,Zona B,Fecha 7,Héctor Odicino y Pedro Benoza,false,https://es.wikipedia.org/wiki/Torneo_Federal_A_2023
2023-04-23,16:00,Sportivo Peñarol (C),San Martín (SM),4,2,,,Torneo Federal A,2023,zonas,Zona B,Fecha 7,Ramón Pablo Rojas,false,https://es.wikipedia.org/wiki/Torneo_Federal_A_2023
2023-04-23,17:00,Central Norte (S),Crucero del Norte,0,1,,,Torneo Federal A,2023,zonas,Zona D,Fecha 7,Padre Ernesto Martearena,false,https://es.wikipedia.org/wiki/Torneo_Federal_A_2023
2023-04-23,17:00,Chaco For Ever,Gimnasia y Esgrima (J),0,0,,,Primera Nacional,2023,zonas,Zona B,Fecha 11,Juan Alberto García,false,https://es.wikipedia.org/wiki/Campeonato_de_Primera_Nacional_2023
2023-04-23,17:00,Sol de América (F),Boca Unidos,6,1,,,Torneo Federal A,2023,zonas,Zona D,Fecha 7,Sol de América,false,https://es.wikipedia.org/wiki/Torneo_Federal_A_2023
2023-04-23,17:30,Instituto,Banfield,1,1,,,Primera Division,2023,zonas,,Fecha 13,Juan Domingo Perón,false,https://es.wikipedia.org/wiki/Campeonato_de_Primera_División_2023_(Argentina)
2023-04-23,18:00,9 de Julio (R),Juventud Antoniana,0,1,,,Torneo Federal A,2023,zonas,Zona D,Fecha 7,Germán Solterman,false,https://es.wikipedia.org/wiki/Torneo_Federal_A_2023
2023-04-23,18:00,Estudiantes (LP),Talleres (C),1,0,,,Primera Division,2023,zonas,,Fecha 13,Jorge Luis Hirschi,false,https://es.wikipedia.org/wiki/Campeonato_de_Primera_División_2023_(Argentina)
2023-04-23,18:00,Independiente Rivadavia,Quilmes,2,0,,,Primera Nacional,2023,zonas,Zona B,Fecha 11,Bautista Gargantini,false,https://es.wikipedia.org/wiki/Campeonato_de_Primera_Nacional_2023
2023-04-23,20:30,River Plate,Independiente,2,0,,,Primera Division,2023,zonas,,Fecha 13,Monumental,false,https://es.wikipedia.org/wiki/Campeonato_de_Primera_División_2023_(Argentina)
2023-04-24,15:30,Barracas Central,Defensa y Justicia,0,2,,,Primera Division,2023,zonas,,Fecha 13,Claudio Chiqui Tapia,false,https://es.wikipedia.org/wiki/Campeonato_de_Primera_División_2023_(Argentina)
2023-04-24,15:30,Defensores de Belgrano,Deportivo Morón,0,1,,,Primera Nacional,2023,zonas,Zona A,Fecha 13,Juan Pasquale,false,https://es.wikipedia.org/wiki/Campeonato_de_Primera_Nacional_2023
2023-04-24,15:30,J. J. de Urquiza,Atlas,0,1,,,Primera C,2023,zonas,,Fecha 14,Ramón Roque Martín,false,https://es.wikipedia.org/wiki/Campeonato_de_Primera_C_2023_(Argentina)
2023-04-24,15:30,Real Pilar,Ferrocarril Midland,1,2,,,Primera C,2023,zonas,,Fecha 14,Carlos Barraza,false,https://es.wikipedia.org/wiki/Campeonato_de_Primera_C_2023_(Argentina)
2023-04-24,15:30,Sol de Mayo (V),Ramón Santamarina,3,0,,,Torneo Federal A,2023,zonas,Zona A,Fecha 7,Sol de Mayo,false,https://es.wikipedia.org/wiki/Torneo_Federal_A_2023
2023-04-24,19:00,Racing Club,Atlético Tucumán,1,3,,,Primera Division,2023,zonas,,Fecha 13,El Cilindro,false,https://es.wikipedia.org/wiki/Campeonato_de_Primera_División_2023_(Argentina)
2023-04-24,20:40,Temperley,Flandria,0,2,,,Primera Nacional,2023,zonas,Zona A,Fecha 13,Alfredo Beranger,false,https://es.wikipedia.org/wiki/Campeonato_de_Primera_Nacional_2023
2023-04-24,21:10,San Martín (T),Alvarado,2,0,,,Primera Nacional,2023,zonas,Zona A,Fecha 13,La Ciudadela,false,https://es.wikipedia.org/wiki/Campeonato_de_Primera_Nacional_2023
2023-04-24,21:30,Argentinos Juniors,Gimnasia y Esgrima (LP),2,4,,,Primera Division,2023,zonas,,Fecha 13,Diego Armando Maradona,false,https://es.wikipedia.org/wiki/Campeonato_de_Primera_División_2023_(Argentina)
2023-04-25,15:30,Dock Sud,Talleres (RdE),2,1,,,Primera B,2023,zonas,Torneo Apertura,Fecha 11,De los Inmigrantes,false,https://es.wikipedia.org/wiki/Campeonato_de_Primera_B_2023_(Argentina)
2023-04-25,15:30,Excursionistas,Deportivo Laferrere,0,0,,,Primera C,2023,zonas,,Fecha 14,Excursionistas,false,https://es.wikipedia.org/wiki/Campeonato_de_Primera_C_2023_(Argentina)
2023-04-25,15:30,General Lamadrid,Leandro N. Alem,1,0,,,Primera C,2023,zonas,,Fecha 14,Enrique Sexto,false,https://es.wikipedia.org/wiki/Campeonato_de_Primera_C_2023_(Argentina)
2023-04-25,19:30,Tigre,Huracán,1,0,,,Primera Division,2023,zonas,,Fecha 13,Monumental de Victoria,false,https://es.wikipedia.org/wiki/Campeonato_de_Primera_División_2023_(Argentina)
2023-04-26,,Belgrano,Independiente Rivadavia,2,0,,,Copa Argentina,2023,eliminacion,,Treintaidosavos,Carlos Augusto Mercado Luna,true,https://es.wikipedia.org/wiki/Copa_Argentina_2023
2023-04-26,,Colón,Colegiales,2,0,,,Copa Argentina,2023,eliminacion,,Treintaidosavos,Único de San Nicolás,true,https://es.wikipedia.org/wiki/Copa_Argentina_2023
2023-04-26,15:30,Ciudad de Bolívar,Huracán Las Heras,3,1,,,Torneo Federal A,2023,zonas,Zona B,Fecha 7,Municipal Eva Perón,false,https://es.wikipedia.org/wiki/Torneo_Federal_A_2023
2023-04-27,20:00,Platense,Estudiantes (LP),1,2,,,Primera Division,2023,zonas,,Fecha 14,Ciudad de Vicente López,false,https://es.wikipedia.org/wiki/Campeonato_de_Primera_División_2023_(Argentina)
2023-04-27,20:00,Sarmiento (J),Godoy Cruz,1,1,,,Primera Division,2023,zonas,,Fecha 14,Eva Perón,false,https://es.wikipedia.org/wiki/Campeonato_de_Primera_División_2023_(Argentina)
2023-04-28,15:30,Sacachispas,Deportivo Merlo,2,0,,,Primera B,2023,zonas,Torneo Apertura,Fecha 12,Beto Larrosa,false,https://es.wikipedia.org/wiki/Campeonato_de_Primera_B_2023_(Argentina)
2023-04-28,18:00,Villa Mitre,Círculo Deportivo,3,1,,,Torneo Federal A,2023,zonas,Zona A,Fecha 8,El Fortín (BB),false,https://es.wikipedia.org/wiki/Torneo_Federal_A_2023
2023-04-28,19:00,Huracán,Arsenal,2,1,,,Primera Division,2023,zonas,,Fecha 14,Tomás Adolfo Ducó,false,https://es.wikipedia.org/wiki/Campeonato_de_Primera_División_2023_(Argentina)
2023-04-28,19:00,Newell's Old Boys,Argentinos Juniors,0,0,,,Primera Division,2023,zonas,,Fecha 14,Marcelo Bielsa,false,https://es.wikipedia.org/wiki/Campeonato_de_Primera_División_2023_(Argentina)
2023-04-28,21:00,Gimnasia y Esgrima (J),Mitre (SdE),2,0,,,Primera Nacional,2023,zonas,Zona B,Fecha 12,23 de Agosto,false,https://es.wikipedia.org/wiki/Campeonato_de_Primera_Nacional_2023
2023-04-28,21:30,Atlético Tucumán,River Plate,1,1,,,Primera Division,2023,zonas,,Fecha 14,Monumental José Fierro,false,https://es.wikipedia.org/wiki/Campeonato_de_Primera_División_2023_(Argentina)
2023-04-29,14:00,Vélez Sarsfield,San Lorenzo,0,0,,,Primera Division,2023,zonas,,Fecha 14,José Amalfitani,false,https://es.wikipedia.org/wiki/Campeonato_de_Primera_División_2023_(Argentina)
2023-04-29,15:00,Brown de Adrogué,Independiente Rivadavia,0,0,,,Primera Nacional,2023,zonas,Zona B,Fecha 12,Lorenzo Arandilla,false,https://es.wikipedia.org/wiki/Campeonato_de_Primera_Nacional_2023
2023-04-29,15:30,Argentino de Merlo,Comunicaciones,1,2,,,Primera B,2023,zonas,Torneo Apertura,Fecha 12,Merlo,false,https://es.wikipedia.org/wiki/Campeonato_de_Primera_B_2023_(Argentina)
2023-04-29,15:30,Defensores Unidos,Agropecuario,2,0,,,Primera Nacional,2023,zonas,Zona A,Fecha 14,Gigante de Villa Fox,false,https://es.wikipedia.org/wiki/Campeonato_de_Primera_Nacional_2023
2023-04-29,15:30,Deportivo Madryn,Aldosivi,2,1,,,Primera Nacional,2023,zonas,Zona B,Fecha 12,Abel Sastre,false,https://es.wikipedia.org/wiki/Campeonato_de_Primera_Nacional_2023
2023-04-29,15:30,San Martín (SM),Juventud Unida Universitario,0,0,,,Torneo Federal A,2023,zonas,Zona B,Fecha 8,Libertador General San Martín,false,https://es.wikipedia.org/wiki/Torneo_Federal_A_2023
2023-04-29,15:30,San Miguel,Deportivo Armenio,0,0,,,Primera B,2023,zonas,Torneo Apertura,Fecha 12,Malvinas Argentinas,false,https://es.wikipedia.org/wiki/Campeonato_de_Primera_B_2023_(Argentina)
2023-04-29,15:30,Victoriano Arenas,General Lamadrid,1,1,,,Primera C,2023,zonas,,Fecha 15,Saturnino Moure,false,https://es.wikipedia.org/wiki/Campeonato_de_Primera_C_2023_(Argentina)
2023-04-29,15:45,Acassuso,Cañuelas,0,0,,,Primera B,2023,zonas,Torneo Apertura,Fecha 12,Armenia,false,https://es.wikipedia.org/wiki/Campeonato_de_Primera_B_2023_(Argentina)
2023-04-29,16:00,Unión (S),Defensores de Belgrano (VR),1,1,,,Torneo Federal A,2023,zonas,Zona C,Fecha 8,De la Avenida,false,https://es.wikipedia.org/wiki/Torneo_Federal_A_2023
2023-04-29,16:30,Gimnasia y Esgrima (LP),Tigre,1,1,,,Primera Division,2023,zonas,,Fecha 14,Del Bosque,false,https://es.wikipedia.org/wiki/Campeonato_de_Primera_División_2023_(Argentina)
2023-04-29,16:35,Estudiantes (BA),Deportivo Maipú,0,0,,,Primera Nacional,2023,zonas,Zona B,Fecha 12,Ciudad de Caseros,false,https://es.wikipedia.org/wiki/Campeonato_de_Primera_Nacional_2023
2023-04-29,18:35,Quilmes,Chaco For Ever,1,0,,,Primera Nacional,2023,zonas,Zona B,Fecha 12,Centenario Ciudad de Quilmes,false,https://es.wikipedia.org/wiki/Campeonato_de_Primera_Nacional_2023
2023-04-29,19:00,Banfield,Barracas Central,0,0,,,Primera Division,2023,zonas,,Fecha 14,Florencio Sola,false,https://es.wikipedia.org/wiki/Campeonato_de_Primera_División_2023_(Argentina)
2023-04-29,19:00,Instituto,Central Córdoba (SdE),0,2,,,Primera Division,2023,zonas,,Fecha 14,Juan Domingo Perón,false,https://es.wikipedia.org/wiki/Campeonato_de_Primera_División_2023_(Argentina)
2023-04-29,20:00,Deportivo Laferrere,San Martín (B),1,3,,,Primera C,2023,zonas,,Fecha 15,Ciudad de Laferrere,false,https://es.wikipedia.org/wiki/Campeonato_de_Primera_C_2023_(Argentina)
2023-04-29,21:30,Boca Juniors,Racing Club,3,1,,,Primera Division,2023,zonas,,Fecha 14,La Bombonera,false,https://es.wikipedia.org/wiki/Campeonato_de_Primera_División_2023_(Argentina)
2023-04-30,14:30,Villa San Carlos,Los Andes,3,2,,,Primera B,2023,zonas,Torneo Apertura,Fecha 12,Genacio Sálice,false,https://es.wikipedia.org/wiki/Campeonato_de_Primera_B_2023_(Argentina)
2023-04-30,15:00,Deportivo Riestra,Tristán Suárez,2,0,,,Primera Nacional,2023,zonas,Zona B,Fecha 12,Guillermo Laza,false,https://es.wikipedia.org/wiki/Campeonato_de_Primera_Nacional_2023
2023-04-30,15:30,Atlas,Central Córdoba (R),4,1,,,Primera C,2023,zonas,,Fecha 15,Ricardo Puga,false,https://es.wikipedia.org/wiki/Campeonato_de_Primera_C_2023_(Argentina)
2023-04-30,15:30,Defensa y Justicia,Colón,2,0,,,Primera Division,2023,zonas,,Fecha 14,Norberto Tomaghello,false,https://es.wikipedia.org/wiki/Campeonato_de_Primera_División_2023_(Argentina)
2023-04-30,15:30,Deportivo Español,Sportivo Italiano,1,0,,,Primera C,2023,zonas,,Fecha 15,Nueva España,false,https://es.wikipedia.org/wiki/Campeonato_de_Primera_C_2023_(Argentina)
2023-04-30,15:30,Flandria,San Telmo,1,4,,,Primera Nacional,2023,zonas,Zona A,Fecha 14,Carlos V,false,https://es.wikipedia.org/wiki/Campeonato_de_Primera_Nacional_2023
2023-04-30,15:30,Gimnasia y Tiro (S),San Martín (F),2,1,,,Torneo Federal A,2023,zonas,Zona D,Fecha 8,El Gigante del Norte,false,https://es.wikipedia.org/wiki/Torneo_Federal_A_2023
2023-04-30,15:30,Independiente (C),Sportivo Las Parejas,0,1,,,Torneo Federal A,2023,zonas,Zona C,Fecha 8,Raúl Orlando Lungarzo,false,https://es.wikipedia.org/wiki/Torneo_Federal_A_2023
2023-04-30,15:30,Puerto Nuevo,Real Pilar,1,3,,,Primera C,2023,zonas,,Fecha 15,Rubén Carlos Vallejos,false,https://es.wikipedia.org/wiki/Campeonato_de_Primera_C_2023_(Argentina)
2023-04-30,15:30,Talleres (RdE),UAI Urquiza,1,0,,,Primera B,2023,zonas,Torneo Apertura,Fecha 12,Pablo Comelli,false,https://es.wikipedia.org/wiki/Campeonato_de_Primera_B_2023_(Argentina)
2023-04-30,15:45,Almirante Brown,Defensores de Belgrano,0,0,,,Primera Nacional,2023,zonas,Zona A,Fecha 14,Fragata Presidente Sarmiento,false,https://es.wikipedia.org/wiki/Campeonato_de_Primera_Nacional_2023
2023-04-30,16:00,Alvarado,Temperley,0,1,,,Primera Nacional,2023,zonas,Zona A,Fecha 14,José María Minella,false,https://es.wikipedia.org/wiki/Campeonato_de_Primera_Nacional_2023
2023-04-30,16:00,Atenas (RC),Ciudad de Bolívar,0,1,,,Torneo Federal A,2023,zonas,Zona B,Fecha 8,9 de Julio,false,https://es.wikipedia.org/wiki/Torneo_Federal_A_2023
2023-04-30,16:00,Boca Unidos,9 de Julio (R),2,0,,,Torneo Federal A,2023,zonas,Zona D,Fecha 8,Leoncio Benítez,false,https://es.wikipedia.org/wiki/Torneo_Federal_A_2023
2023-04-30,16:00,Cipolletti,Sol de Mayo (V),0,1,,,Torneo Federal A,2023,zonas,Zona A,Fecha 8,La Visera de Cemento,false,https://es.wikipedia.org/wiki/Torneo_Federal_A_2023
2023-04-30,16:00,Ferro Carril Oeste (GP),Argentino (MM),1,3,,,Torneo Federal A,2023,zonas,Zona B,Fecha 8,El Coloso del Barrio Talleres,false,https://es.wikipedia.org/wiki/Torneo_Federal_A_2023
2023-04-30,16:00,Gimnasia y Esgrima (CdU),El Linqueño,2,5,,,Torneo Federal A,2023,zonas,Zona C,Fecha 8,Manuel y Ramón Núñez,false,https://es.wikipedia.org/wiki/Torneo_Federal_A_2023
2023-04-30,16:00,Gimnasia y Esgrima (M),San Martín (T),1,0,,,Primera Nacional,2023,zonas,Zona A,Fecha 14,Víctor Antonio Legrotaglie,false,https://es.wikipedia.org/wiki/Campeonato_de_Primera_Nacional_2023
2023-04-30,16:00,Huracán Las Heras,Sportivo Peñarol (C),2,1,,,Torneo Federal A,2023,zonas,Zona B,Fecha 8,General San Martín,false,https://es.wikipedia.org/wiki/Torneo_Federal_A_2023
2023-04-30,16:00,Liniers (BB),Sansinena,2,0,,,Torneo Federal A,2023,zonas,Zona A,Fecha 8,Alejandro Pérez,false,https://es.wikipedia.org/wiki/Torneo_Federal_A_2023
2023-04-30,16:00,Racing Club,Atlanta,1,1,,,Primera Nacional,2023,zonas,Zona B,Fecha 12,Miguel Sancho,false,https://es.wikipedia.org/wiki/Campeonato_de_Primera_Nacional_2023
2023-04-30,16:40,Deportivo Morón,Estudiantes (RC),2,0,,,Primera Nacional,2023,zonas,Zona A,Fecha 14,Nuevo Francisco Urbano,false,https://es.wikipedia.org/wiki/Campeonato_de_Primera_Nacional_2023
2023-04-30,17:00,Güemes (SdE),All Boys,1,1,,,Primera Nacional,2023,zonas,Zona A,Fecha 14,Arturo Miranda,false,https://es.wikipedia.org/wiki/Campeonato_de_Primera_Nacional_2023
2023-04-30,17:00,San Martín (SJ),Almagro,3,0,,,Primera Nacional,2023,zonas,Zona A,Fecha 14,Ingeniero Hilario Sánchez,false,https://es.wikipedia.org/wiki/Campeonato_de_Primera_Nacional_2023
2023-04-30,17:05,Crucero del Norte,Sarmiento (R),1,2,,,Torneo Federal A,2023,zonas,Zona D,Fecha 8,Comandante Andrés Guacurarí,false,https://es.wikipedia.org/wiki/Torneo_Federal_A_2023
2023-04-30,18:00,Douglas Haig,Defensores de Pronunciamiento,3,0,,,Torneo Federal A,2023,zonas,Zona C,Fecha 8,Miguel Morales,false,https://es.wikipedia.org/wiki/Torneo_Federal_A_2023
2023-04-30,18:00,Independiente,Belgrano,2,0,,,Primera Division,2023,zonas,,Fecha 14,Libertadores de América,false,https://es.wikipedia.org/wiki/Campeonato_de_Primera_División_2023_(Argentina)
2023-04-30,18:00,Patronato,Nueva Chicago,0,0,,,Primera Nacional,2023,zonas,Zona A,Fecha 14,Presbítero Bartolomé Grella,false,https://es.wikipedia.org/wiki/Campeonato_de_Primera_Nacional_2023
2023-04-30,18:30,Juventud Antoniana,Central Norte (S),2,1,,,Torneo Federal A,2023,zonas,Zona D,Fecha 8,Padre Ernesto Martearena,false,https://es.wikipedia.org/wiki/Torneo_Federal_A_2023
2023-04-30,19:00,Ferrocarril Midland,Luján,0,1,,,Primera C,2023,zonas,,Fecha 15,Ciudad de Libertad,false,https://es.wikipedia.org/wiki/Campeonato_de_Primera_C_2023_(Argentina)
2023-04-30,19:00,Ramón Santamarina,Olimpo,0,0,,,Torneo Federal A,2023,zonas,Zona A,Fecha 8,Municipal General San Martín,false,https://es.wikipedia.org/wiki/Torneo_Federal_A_2023
2023-04-30,19:30,Unión,Lanús,1,1,,,Primera Division,2023,zonas,,Fecha 14,15 de abril,false,https://es.wikipedia.org/wiki/Campeonato_de_Primera_División_2023_(Argentina)
2023-04-30,20:00,Atlético de Rafaela,Villa Dálmine,1,0,,,Primera Nacional,2023,zonas,Zona B,Fecha 12,Nuevo Monumental,false,https://es.wikipedia.org/wiki/Campeonato_de_Primera_Nacional_2023
2023-04-30,20:15,Ferro Carril Oeste,Chacarita Juniors,0,0,,,Primera Nacional,2023,zonas,Zona B,Fecha 12,Arquitecto Ricardo Etcheverri,false,https://es.wikipedia.org/wiki/Campeonato_de_Primera_Nacional_2023
2023-04-30,20:30,Talleres (C),Rosario Central,3,1,,,Primera Division,2023,zonas,,Fecha 14,Mario Alberto Kempes,false,https://es.wikipedia.org/wiki/Campeonato_de_Primera_División_2023_(Argentina)
2023-05-02,,Arsenal,Villa Mitre,1,1,6,7,Copa Argentina,2023,eliminacion,,Treintaidosavos,Eva Perón,true,https://es.wikipedia.org/wiki/Copa_Argentina_2023
2023-05-02,15:05,Fénix,Ituzaingó,0,1,,,Primera B,2023,zonas,Torneo Apertura,Fecha 12,José Manuel Moreno,false,https://es.wikipedia.org/wiki/Campeonato_de_Primera_B_2023_(Argentina)
2023-05-02,15:30,Claypole,Berazategui,0,1,,,Primera C,2023,zonas,,Fecha 15,Rodolfo Capocasa,false,https://es.wikipedia.org/wiki/Campeonato_de_Primera_C_2023_(Argentina)
2023-05-02,15:30,Leandro N. Alem,J. J. de Urquiza,0,3,,,Primera C,2023,zonas,,Fecha 15,Leandro N. Alem,false,https://es.wikipedia.org/wiki/Campeonato_de_Primera_C_2023_(Argentina)
2023-05-02,15:30,Yupanqui,Liniers,1,1,,,Primera C,2023,zonas,,Fecha 15,Ciudad Evita,false,https://es.wikipedia.org/wiki/Campeonato_de_Primera_C_2023_(Argentina)
2023-05-02,21:00,Colegiales,Argentino de Quilmes,0,1,,,Primera B,2023,zonas,Torneo Apertura,Fecha 12,Colegiales,false,https://es.wikipedia.org/wiki/Campeonato_de_Primera_B_2023_(Argentina)
2023-05-03,,Platense,Defensores de Belgrano,2,0,,,Copa Argentina,2023,eliminacion,,Treintaidosavos,Centenario Ciudad de Quilmes,true,https://es.wikipedia.org/wiki/Copa_Argentina_2023
2023-05-05,15:30,Almagro,Flandria,3,1,,,Primera Nacional,2023,zonas,Zona A,Fecha 15,Tres de Febrero,false,https://es.wikipedia.org/wiki/Campeonato_de_Primera_Nacional_2023
2023-05-05,15:30,Barracas Central,Instituto,3,0,,,Primera Division,2023,zonas,,Fecha 15,Claudio Chiqui Tapia,false,https://es.wikipedia.org/wiki/Campeonato_de_Primera_División_2023_(Argentina)
2023-05-05,15:30,Godoy Cruz,Unión,0,0,,,Primera Division,2023,zonas,,Fecha 15,Víctor Antonio Legrotaglie,false,https://es.wikipedia.org/wiki/Campeonato_de_Primera_División_2023_(Argentina)
2023-05-05,21:10,All Boys,Deportivo Morón,0,2,,,Primera Nacional,2023,zonas,Zona A,Fecha 15,Islas Malvinas,false,https://es.wikipedia.org/wiki/Campeonato_de_Primera_Nacional_2023
2023-05-06,14:00,Nueva Chicago,Güemes (SdE),1,2,,,Primera Nacional,2023,zonas,Zona A,Fecha 15,Nueva Chicago,false,https://es.wikipedia.org/wiki/Campeonato_de_Primera_Nacional_2023
2023-05-06,15:30,Agropecuario,San Martín (SJ),4,1,,,Primera Nacional,2023,zonas,Zona A,Fecha 15,Ofelia Rosenzuaig,false,https://es.wikipedia.org/wiki/Campeonato_de_Primera_Nacional_2023
2023-05-06,15:30,Berazategui,Ferrocarril Midland,0,1,,,Primera C,2023,zonas,,Fecha 16,Norman Lee,false,https://es.wikipedia.org/wiki/Campeonato_de_Primera_C_2023_(Argentina)
2023-05-06,15:30,Cañuelas,Talleres (RdE),2,3,,,Primera B,2023,zonas,Torneo Apertura,Fecha 13,Jorge Alfredo Arín,false,https://es.wikipedia.org/wiki/Campeonato_de_Primera_B_2023_(Argentina)
2023-05-06,15:30,Central Córdoba (R),Leandro N. Alem,1,0,,,Primera C,2023,zonas,,Fecha 16,Gabino Sosa,false,https://es.wikipedia.org/wiki/Campeonato_de_Primera_C_2023_(Argentina)
2023-05-06,15:30,Ciudad de Bolívar,Ferro Carril Oeste (GP),1,0,,,Torneo Federal A,2023,zonas,Zona B,Fecha 9,Municipal Eva Perón,false,https://es.wikipedia.org/wiki/Torneo_Federal_A_2023
2023-05-06,15:30,Comunicaciones,Acassuso,1,1,,,Primera B,2023,zonas,Torneo Apertura,Fecha 13,Alfredo Ramos,false,https://es.wikipedia.org/wiki/Campeonato_de_Primera_B_2023_(Argentina)
2023-05-06,15:30,Defensores de Belgrano (VR),Sportivo Belgrano,0,2,,,Torneo Federal A,2023,zonas,Zona C,Fecha 9,Único de San Nicolás,false,https://es.wikipedia.org/wiki/Torneo_Federal_A_2023
2023-05-06,15:30,Deportivo Armenio,Sacachispas,1,1,,,Primera B,2023,zonas,Torneo Apertura,Fecha 13,Armenia,false,https://es.wikipedia.org/wiki/Campeonato_de_Primera_B_2023_(Argentina)
2023-05-06,15:30,Deportivo Merlo,Fénix,0,2,,,Primera B,2023,zonas,Torneo Apertura,Fecha 13,José Manuel Moreno,false,https://es.wikipedia.org/wiki/Campeonato_de_Primera_B_2023_(Argentina)
2023-05-06,15:30,General Lamadrid,Deportivo Laferrere,1,0,,,Primera C,2023,zonas,,Fecha 16,Enrique Sexto,false,https://es.wikipedia.org/wiki/Campeonato_de_Primera_C_2023_(Argentina)
2023-05-06,15:30,Juventud Unida Universitario,Huracán Las Heras,1,0,,,Torneo Federal A,2023,zonas,Zona B,Fecha 9,Mario Sebastián Diez,false,https://es.wikipedia.org/wiki/Torneo_Federal_A_2023
2023-05-06,15:30,Lanús,Huracán,1,0,,,Primera Division,2023,zonas,,Fecha 15,Ciudad de Lanús,false,https://es.wikipedia.org/wiki/Campeonato_de_Primera_División_2023_(Argentina)
2023-05-06,15:30,San Telmo,Alvarado,1,1,,,Primera Nacional,2023,zonas,Zona A,Fecha 15,Doctor Osvaldo Baletto,false,https://es.wikipedia.org/wiki/Campeonato_de_Primera_Nacional_2023
2023-05-06,15:30,Sol de Mayo (V),Germinal,1,4,,,Torneo Federal A,2023,zonas,Zona A,Fecha 9,Sol de Mayo,false,https://es.wikipedia.org/wiki/Torneo_Federal_A_2023
2023-05-06,15:30,Sportivo Italiano,Claypole,3,0,,,Primera C,2023,zonas,,Fecha 16,República de Italia,false,https://es.wikipedia.org/wiki/Campeonato_de_Primera_C_2023_(Argentina)
2023-05-06,15:30,Tristán Suárez,Ferro Carril Oeste,2,4,,,Primera Nacional,2023,zonas,Zona B,Fecha 13,20 de Octubre,false,https://es.wikipedia.org/wiki/Campeonato_de_Primera_Nacional_2023
2023-05-06,15:30,UAI Urquiza,Dock Sud,1,1,,,Primera B,2023,zonas,Torneo Apertura,Fecha 13,Monumental de Villa Lynch,false,https://es.wikipedia.org/wiki/Campeonato_de_Primera_B_2023_(Argentina)
2023-05-06,15:35,Los Andes,San Miguel,3,0,,,Primera B,2023,zonas,Torneo Apertura,Fecha 13,Eduardo Gallardón,false,https://es.wikipedia.org/wiki/Campeonato_de_Primera_B_2023_(Argentina)
2023-05-06,16:00,Aldosivi,Racing Club,3,1,,,Primera Nacional,2023,zonas,Zona B,Fecha 13,José María Minella,false,https://es.wikipedia.org/wiki/Campeonato_de_Primera_Nacional_2023
2023-05-06,16:00,Sportivo Peñarol (C),Atenas (RC),0,1,,,Torneo Federal A,2023,zonas,Zona B,Fecha 9,Ramón Pablo Rojas,false,https://es.wikipedia.org/wiki/Torneo_Federal_A_2023
2023-05-06,17:00,Real Pilar,Yupanqui,2,0,,,Primera C,2023,zonas,,Fecha 16,Carlos Barraza,false,https://es.wikipedia.org/wiki/Campeonato_de_Primera_C_2023_(Argentina)
2023-05-06,17:35,Chacarita Juniors,Gimnasia y Esgrima (J),2,1,,,Primera Nacional,2023,zonas,Zona B,Fecha 13,Chacarita Juniors,false,https://es.wikipedia.org/wiki/Campeonato_de_Primera_Nacional_2023
2023-05-06,18:00,Belgrano,Atlético Tucumán,1,0,,,Primera Division,2023,zonas,,Fecha 15,Gigante de Alberdi,false,https://es.wikipedia.org/wiki/Campeonato_de_Primera_División_2023_(Argentina)
2023-05-06,18:00,Colón,Banfield,2,0,,,Primera Division,2023,zonas,,Fecha 15,Brigadier Estanislao López,false,https://es.wikipedia.org/wiki/Campeonato_de_Primera_División_2023_(Argentina)
2023-05-06,18:00,Villa Dálmine,Deportivo Madryn,1,3,,,Primera Nacional,2023,zonas,Zona B,Fecha 13,El Coliseo de Mitre y Puccini,false,https://es.wikipedia.org/wiki/Campeonato_de_Primera_Nacional_2023
2023-05-06,19:00,Independiente Rivadavia,Estudiantes (BA),2,1,,,Primera Nacional,2023,zonas,Zona B,Fecha 13,Bautista Gargantini,false,https://es.wikipedia.org/wiki/Campeonato_de_Primera_Nacional_2023
2023-05-06,19:40,Estudiantes (RC),Almirante Brown,2,0,,,Primera Nacional,2023,zonas,Zona A,Fecha 15,Antonio Candini,false,https://es.wikipedia.org/wiki/Campeonato_de_Primera_Nacional_2023
2023-05-06,20:05,Sarmiento (R),Juventud Antoniana,0,1,,,Torneo Federal A,2023,zonas,Zona D,Fecha 9,Centenario,false,https://es.wikipedia.org/wiki/Torneo_Federal_A_2023
2023-05-06,20:30,Argentinos Juniors,Independiente,2,2,,,Primera Division,2023,zonas,,Fecha 15,Diego Armando Maradona,false,https://es.wikipedia.org/wiki/Campeonato_de_Primera_División_2023_(Argentina)
2023-05-07,11:00,Sportivo Las Parejas,Gimnasia y Esgrima (CdU),3,0,,,Torneo Federal A,2023,zonas,Zona C,Fecha 9,4 de Septiembre,false,https://es.wikipedia.org/wiki/Torneo_Federal_A_2023
2023-05-07,14:00,Liniers,Atlas,2,1,,,Primera C,2023,zonas,,Fecha 16,Juan Antonio Arias,false,https://es.wikipedia.org/wiki/Campeonato_de_Primera_C_2023_(Argentina)
2023-05-07,14:00,Rosario Central,Platense,4,0,,,Primera Division,2023,zonas,,Fecha 15,Gigante de Arroyito,false,https://es.wikipedia.org/wiki/Campeonato_de_Primera_División_2023_(Argentina)
2023-05-07,14:15,El Linqueño,Douglas Haig,0,2,,,Torneo Federal A,2023,zonas,Zona C,Fecha 9,Leonardo Costa,false,https://es.wikipedia.org/wiki/Torneo_Federal_A_2023
2023-05-07,14:30,San Martín (F),Crucero del Norte,2,0,,,Torneo Federal A,2023,zonas,Zona D,Fecha 9,17 de Octubre,false,https://es.wikipedia.org/wiki/Torneo_Federal_A_2023
2023-05-07,15:00,Argentino (MM),Sportivo Estudiantes (SL),3,0,,,Torneo Federal A,2023,zonas,Zona B,Fecha 9,Modesto Marrone,false,https://es.wikipedia.org/wiki/Torneo_Federal_A_2023
2023-05-07,15:00,Central Norte (S),Boca Unidos,3,0,,,Torneo Federal A,2023,zonas,Zona D,Fecha 9,Padre Ernesto Martearena,false,https://es.wikipedia.org/wiki/Torneo_Federal_A_2023
2023-05-07,15:00,Círculo Deportivo,Ramón Santamarina,0,1,,,Torneo Federal A,2023,zonas,Zona A,Fecha 9,Guillermo Trama,false,https://es.wikipedia.org/wiki/Torneo_Federal_A_2023
2023-05-07,15:00,Defensores de Pronunciamiento,Unión (S),1,0,,,Torneo Federal A,2023,zonas,Zona C,Fecha 9,Delio Cardozo,false,https://es.wikipedia.org/wiki/Torneo_Federal_A_2023
2023-05-07,15:00,Deportivo Maipú,Atlético de Rafaela,1,1,,,Primera Nacional,2023,zonas,Zona B,Fecha 13,Omar Higinio Sperdutti,false,https://es.wikipedia.org/wiki/Campeonato_de_Primera_Nacional_2023
2023-05-07,15:00,Guillermo Brown,Defensores Unidos,3,0,,,Primera Nacional,2023,zonas,Zona A,Fecha 15,Raúl Conti,false,https://es.wikipedia.org/wiki/Campeonato_de_Primera_Nacional_2023
2023-05-07,15:00,Olimpo,Cipolletti,1,1,,,Torneo Federal A,2023,zonas,Zona A,Fecha 9,Roberto N. Carminatti,false,https://es.wikipedia.org/wiki/Torneo_Federal_A_2023
2023-05-07,15:00,Sansinena,Villa Mitre,0,2,,,Torneo Federal A,2023,zonas,Zona A,Fecha 9,Luis Molina,false,https://es.wikipedia.org/wiki/Torneo_Federal_A_2023
2023-05-07,15:00,Temperley,Gimnasia y Esgrima (M),1,0,,,Primera Nacional,2023,zonas,Zona A,Fecha 15,Alfredo Beranger,false,https://es.wikipedia.org/wiki/Campeonato_de_Primera_Nacional_2023
2023-05-07,15:30,9 de Julio (R),Sol de América (F),1,1,,,Torneo Federal A,2023,zonas,Zona D,Fecha 9,Germán Solterman,false,https://es.wikipedia.org/wiki/Torneo_Federal_A_2023
2023-05-07,15:30,Argentino de Quilmes,Villa San Carlos,1,1,,,Primera B,2023,zonas,Torneo Apertura,Fecha 13,Argentino de Quilmes,false,https://es.wikipedia.org/wiki/Campeonato_de_Primera_B_2023_(Argentina)
2023-05-07,15:30,Chaco For Ever,Brown de Adrogué,1,1,,,Primera Nacional,2023,zonas,Zona B,Fecha 13,Juan Alberto García,false,https://es.wikipedia.org/wiki/Campeonato_de_Primera_Nacional_2023
2023-05-07,15:30,J. J. de Urquiza,Victoriano Arenas,3,0,,,Primera C,2023,zonas,,Fecha 16,Ramón Roque Martín,false,https://es.wikipedia.org/wiki/Campeonato_de_Primera_C_2023_(Argentina)
2023-05-07,15:30,Luján,Puerto Nuevo,0,0,,,Primera C,2023,zonas,,Fecha 16,1.º de Abril,false,https://es.wikipedia.org/wiki/Campeonato_de_Primera_C_2023_(Argentina)
2023-05-07,15:30,Mitre (SdE),Quilmes,1,0,,,Primera Nacional,2023,zonas,Zona B,Fecha 13,Estadio Ciudad de la Banda,false,https://es.wikipedia.org/wiki/Campeonato_de_Primera_Nacional_2023
2023-05-07,15:30,San Martín (B),Excursionistas,1,1,,,Primera C,2023,zonas,,Fecha 16,Francisco Boga,false,https://es.wikipedia.org/wiki/Campeonato_de_Primera_C_2023_(Argentina)
2023-05-07,17:30,River Plate,Boca Juniors,1,0,,,Primera Division,2023,zonas,,Fecha 15,Monumental,false,https://es.wikipedia.org/wiki/Campeonato_de_Primera_División_2023_(Argentina)
2023-05-07,21:00,Estudiantes (LP),Vélez Sarsfield,2,0,,,Primera Division,2023,zonas,,Fecha 15,Jorge Luis Hirschi,false,https://es.wikipedia.org/wiki/Campeonato_de_Primera_División_2023_(Argentina)
2023-05-07,21:00,San Martín (T),Patronato,2,0,,,Primera Nacional,2023,zonas,Zona A,Fecha 15,La Ciudadela,false,https://es.wikipedia.org/wiki/Campeonato_de_Primera_Nacional_2023
2023-05-07,21:00,Tigre,Newell's Old Boys,2,2,,,Primera Division,2023,zonas,,Fecha 15,Monumental de Victoria,false,https://es.wikipedia.org/wiki/Campeonato_de_Primera_División_2023_(Argentina)
2023-05-08,15:30,Arsenal,Gimnasia y Esgrima (LP),0,1,,,Primera Division,2023,zonas,,Fecha 15,El Viaducto,false,https://es.wikipedia.org/wiki/Campeonato_de_Primera_División_2023_(Argentina)
2023-05-08,17:00,San Lorenzo,Defensa y Justicia,0,0,,,Primera Division,2023,zonas,,Fecha 15,Nuevo Gasómetro,false,https://es.wikipedia.org/wiki/Campeonato_de_Primera_División_2023_(Argentina)
2023-05-08,19:05,Ituzaingó,Argentino de Merlo,0,0,,,Primera B,2023,zonas,Torneo Apertura,Fecha 13,Carlos Alberto Sacaan,false,https://es.wikipedia.org/wiki/Campeonato_de_Primera_B_2023_(Argentina)
2023-05-08,19:30,Racing Club,Talleres (C),2,4,,,Primera Division,2023,zonas,,Fecha 15,El Cilindro,false,https://es.wikipedia.org/wiki/Campeonato_de_Primera_División_2023_(Argentina)
2023-05-08,21:10,Atlanta,Deportivo Riestra,1,1,,,Primera Nacional,2023,zonas,Zona B,Fecha 13,Don León Kolbowski,false,https://es.wikipedia.org/wiki/Campeonato_de_Primera_Nacional_2023
2023-05-08,21:30,Central Córdoba (SdE),Sarmiento (J),0,1,,,Primera Division,2023,zonas,,Fecha 15,Alfredo Terrera,false,https://es.wikipedia.org/wiki/Campeonato_de_Primera_División_2023_(Argentina)
2023-05-09,,Unión,Almagro,1,1,3,4,Copa Argentina,2023,eliminacion,,Treintaidosavos,Único de San Nicolás,true,https://es.wikipedia.org/wiki/Copa_Argentina_2023
2023-05-10,,Barracas Central,Estudiantes (BA),1,0,,,Copa Argentina,2023,eliminacion,,Treintaidosavos,Ciudad de Vicente López,true,https://es.wikipedia.org/wiki/Copa_Argentina_2023
2023-05-11,,Lanús,Sol de Mayo (V),3,1,,,Copa Argentina,2023,eliminacion,,Treintaidosavos,Ciudad de Caseros,true,https://es.wikipedia.org/wiki/Copa_Argentina_2023
2023-05-12,20:00,Huracán,Godoy Cruz,0,0,,,Primera Division,2023,zonas,,Fecha 16,Tomás Adolfo Ducó,false,https://es.wikipedia.org/wiki/Campeonato_de_Primera_División_2023_(Argentina)
2023-05-12,20:30,Excursionistas,General Lamadrid,5,1,,,Primera C,2023,zonas,,Fecha 17,Excursionistas,false,https://es.wikipedia.org/wiki/Campeonato_de_Primera_C_2023_(Argentina)
2023-05-12,21:00,Gimnasia y Esgrima (J),Tristán Suárez,1,0,,,Primera Nacional,2023,zonas,Zona B,Fecha 14,23 de Agosto,false,https://es.wikipedia.org/wiki/Campeonato_de_Primera_Nacional_2023
2023-05-12,21:30,Atlético Tucumán,Argentinos Juniors,1,2,,,Primera Division,2023,zonas,,Fecha 16,Monumental José Fierro,false,https://es.wikipedia.org/wiki/Campeonato_de_Primera_División_2023_(Argentina)
2023-05-12,21:30,San Martín (SM),Huracán Las Heras,1,0,,,Torneo Federal A,2023,zonas,Zona B,Fecha 10,Libertador General San Martín,false,https://es.wikipedia.org/wiki/Torneo_Federal_A_2023
2023-05-13,13:30,Sacachispas,Los Andes,0,0,,,Primera B,2023,zonas,Torneo Apertura,Fecha 14,Beto Larrosa,false,https://es.wikipedia.org/wiki/Campeonato_de_Primera_B_2023_(Argentina)
2023-05-13,13:45,Deportivo Morón,Nueva Chicago,1,0,,,Primera Nacional,2023,zonas,Zona A,Fecha 16,Nuevo Francisco Urbano,false,https://es.wikipedia.org/wiki/Campeonato_de_Primera_Nacional_2023
2023-05-13,14:30,El Linqueño,Unión (S),0,1,,,Torneo Federal A,2023,zonas,Zona C,Fecha 10,Leonardo Costa,false,https://es.wikipedia.org/wiki/Torneo_Federal_A_2023
2023-05-13,15:00,Círculo Deportivo,Cipolletti,2,1,,,Torneo Federal A,2023,zonas,Zona A,Fecha 10,Guillermo Trama,false,https://es.wikipedia.org/wiki/Torneo_Federal_A_2023
2023-05-13,15:00,Defensores de Pronunciamiento,Sportivo Belgrano,1,0,,,Torneo Federal A,2023,zonas,Zona C,Fecha 10,Delio Cardozo,false,https://es.wikipedia.org/wiki/Torneo_Federal_A_2023
2023-05-13,15:30,Acassuso,Ituzaingó,1,0,,,Primera B,2023,zonas,Torneo Apertura,Fecha 14,Armenia,false,https://es.wikipedia.org/wiki/Campeonato_de_Primera_B_2023_(Argentina)
2023-05-13,15:30,Argentino de Merlo,Deportivo Merlo,4,0,,,Primera B,2023,zonas,Torneo Apertura,Fecha 14,Merlo,false,https://es.wikipedia.org/wiki/Campeonato_de_Primera_B_2023_(Argentina)
2023-05-13,15:30,Defensores de Belgrano,Estudiantes (RC),1,0,,,Primera Nacional,2023,zonas,Zona A,Fecha 16,Juan Pasquale,false,https://es.wikipedia.org/wiki/Campeonato_de_Primera_Nacional_2023
2023-05-13,15:30,Deportivo Madryn,Deportivo Maipú,2,3,,,Primera Nacional,2023,zonas,Zona B,Fecha 14,Abel Sastre,false,https://es.wikipedia.org/wiki/Campeonato_de_Primera_Nacional_2023
2023-05-13,15:30,Gimnasia y Esgrima (M),San Telmo,2,1,,,Primera Nacional,2023,zonas,Zona A,Fecha 16,Víctor Antonio Legrotaglie,false,https://es.wikipedia.org/wiki/Campeonato_de_Primera_Nacional_2023
2023-05-13,15:30,Independiente,Tigre,2,1,,,Primera Division,2023,zonas,,Fecha 16,Libertadores de América,false,https://es.wikipedia.org/wiki/Campeonato_de_Primera_División_2023_(Argentina)
2023-05-13,15:30,Independiente (C),Gimnasia y Esgrima (CdU),3,1,,,Torneo Federal A,2023,zonas,Zona C,Fecha 10,Raúl Orlando Lungarzo,false,https://es.wikipedia.org/wiki/Torneo_Federal_A_2023
2023-05-13,15:30,Olimpo,Germinal,3,1,,,Torneo Federal A,2023,zonas,Zona A,Fecha 10,Roberto N. Carminatti,false,https://es.wikipedia.org/wiki/Torneo_Federal_A_2023
2023-05-13,15:30,San Miguel,Argentino de Quilmes,2,0,,,Primera B,2023,zonas,Torneo Apertura,Fecha 14,Malvinas Argentinas,false,https://es.wikipedia.org/wiki/Campeonato_de_Primera_B_2023_(Argentina)
2023-05-13,15:30,Sansinena,Ramón Santamarina,2,0,,,Torneo Federal A,2023,zonas,Zona A,Fecha 10,Luis Molina,false,https://es.wikipedia.org/wiki/Torneo_Federal_A_2023
2023-05-13,15:30,Villa San Carlos,Colegiales,1,2,,,Primera B,2023,zonas,Torneo Apertura,Fecha 14,Genacio Sálice,false,https://es.wikipedia.org/wiki/Campeonato_de_Primera_B_2023_(Argentina)
2023-05-13,16:00,Gimnasia y Tiro (S),Crucero del Norte,3,1,,,Torneo Federal A,2023,zonas,Zona D,Fecha 10,El Gigante del Norte,false,https://es.wikipedia.org/wiki/Torneo_Federal_A_2023
2023-05-13,16:00,San Martín (F),Juventud Antoniana,1,0,,,Torneo Federal A,2023,zonas,Zona D,Fecha 10,17 de Octubre,false,https://es.wikipedia.org/wiki/Torneo_Federal_A_2023
2023-05-13,16:00,Sportivo Las Parejas,Douglas Haig,0,0,,,Torneo Federal A,2023,zonas,Zona C,Fecha 10,4 de Septiembre,false,https://es.wikipedia.org/wiki/Torneo_Federal_A_2023
2023-05-13,16:00,Sportivo Peñarol (C),Ferro Carril Oeste (GP),1,1,,,Torneo Federal A,2023,zonas,Zona B,Fecha 10,Ramón Pablo Rojas,false,https://es.wikipedia.org/wiki/Torneo_Federal_A_2023
2023-05-13,16:30,Liniers (BB),Villa Mitre,0,0,,,Torneo Federal A,2023,zonas,Zona A,Fecha 10,Alejandro Pérez,false,https://es.wikipedia.org/wiki/Torneo_Federal_A_2023
2023-05-13,17:55,Patronato,Temperley,3,1,,,Primera Nacional,2023,zonas,Zona A,Fecha 16,Presbítero Bartolomé Grella,false,https://es.wikipedia.org/wiki/Campeonato_de_Primera_Nacional_2023
2023-05-13,18:00,Atlético de Rafaela,Independiente Rivadavia,1,3,,,Primera Nacional,2023,zonas,Zona B,Fecha 14,Nuevo Monumental,false,https://es.wikipedia.org/wiki/Campeonato_de_Primera_Nacional_2023
2023-05-13,18:00,Banfield,San Lorenzo,1,2,,,Primera Division,2023,zonas,,Fecha 16,Florencio Sola,false,https://es.wikipedia.org/wiki/Campeonato_de_Primera_División_2023_(Argentina)
2023-05-13,18:00,Juventud Unida Universitario,Atenas (RC),3,1,,,Torneo Federal A,2023,zonas,Zona B,Fecha 10,Mario Sebastián Diez,false,https://es.wikipedia.org/wiki/Torneo_Federal_A_2023
2023-05-13,18:00,Villa Dálmine,Aldosivi,0,1,,,Primera Nacional,2023,zonas,Zona B,Fecha 14,El Coliseo de Mitre y Puccini,false,https://es.wikipedia.org/wiki/Campeonato_de_Primera_Nacional_2023
2023-05-13,18:10,Almirante Brown,All Boys,3,0,,,Primera Nacional,2023,zonas,Zona A,Fecha 16,Fragata Presidente Sarmiento,false,https://es.wikipedia.org/wiki/Campeonato_de_Primera_Nacional_2023
2023-05-13,19:00,Sarmiento (R),Boca Unidos,0,0,,,Torneo Federal A,2023,zonas,Zona D,Fecha 10,Centenario,false,https://es.wikipedia.org/wiki/Torneo_Federal_A_2023
2023-05-13,20:00,Central Norte (S),Sol de América (F),0,0,,,Torneo Federal A,2023,zonas,Zona D,Fecha 10,Padre Ernesto Martearena,false,https://es.wikipedia.org/wiki/Torneo_Federal_A_2023
2023-05-13,20:00,Quilmes,Chacarita Juniors,1,1,,,Primera Nacional,2023,zonas,Zona B,Fecha 14,Centenario Ciudad de Quilmes,false,https://es.wikipedia.org/wiki/Campeonato_de_Primera_Nacional_2023
2023-05-13,20:30,Instituto,Colón,1,0,,,Primera Division,2023,zonas,,Fecha 16,Juan Domingo Perón,false,https://es.wikipedia.org/wiki/Campeonato_de_Primera_División_2023_(Argentina)
2023-05-13,20:30,Newell's Old Boys,Arsenal,2,0,,,Primera Division,2023,zonas,,Fecha 16,Marcelo Bielsa,false,https://es.wikipedia.org/wiki/Campeonato_de_Primera_División_2023_(Argentina)
2023-05-14,11:00,Brown de Adrogué,Mitre (SdE),0,0,,,Primera Nacional,2023,zonas,Zona B,Fecha 14,Lorenzo Arandilla,false,https://es.wikipedia.org/wiki/Campeonato_de_Primera_Nacional_2023
2023-05-14,14:00,Defensa y Justicia,Estudiantes (LP),1,1,,,Primera Division,2023,zonas,,Fecha 16,Norberto Tomaghello,false,https://es.wikipedia.org/wiki/Campeonato_de_Primera_División_2023_(Argentina)
2023-05-14,14:35,Talleres (RdE),Comunicaciones,1,1,,,Primera B,2023,zonas,Torneo Apertura,Fecha 14,Pablo Comelli,false,https://es.wikipedia.org/wiki/Campeonato_de_Primera_B_2023_(Argentina)
2023-05-14,15:00,Ciudad de Bolívar,Sportivo Estudiantes (SL),2,1,,,Torneo Federal A,2023,zonas,Zona B,Fecha 10,Municipal Eva Perón,false,https://es.wikipedia.org/wiki/Torneo_Federal_A_2023
2023-05-14,15:30,Atlas,Real Pilar,2,1,,,Primera C,2023,zonas,,Fecha 17,Ricardo Puga,false,https://es.wikipedia.org/wiki/Campeonato_de_Primera_C_2023_(Argentina)
2023-05-14,15:30,Dock Sud,Cañuelas,1,0,,,Primera B,2023,zonas,Torneo Apertura,Fecha 14,De los Inmigrantes,false,https://es.wikipedia.org/wiki/Campeonato_de_Primera_B_2023_(Argentina)
2023-05-14,15:30,Ferrocarril Midland,Sportivo Italiano,1,0,,,Primera C,2023,zonas,,Fecha 17,Ciudad de Libertad,false,https://es.wikipedia.org/wiki/Campeonato_de_Primera_C_2023_(Argentina)
2023-05-14,15:30,Flandria,Agropecuario,2,1,,,Primera Nacional,2023,zonas,Zona A,Fecha 16,Carlos V,false,https://es.wikipedia.org/wiki/Campeonato_de_Primera_Nacional_2023
2023-05-14,15:30,Puerto Nuevo,Berazategui,3,1,,,Primera C,2023,zonas,,Fecha 17,Rubén Carlos Vallejos,false,https://es.wikipedia.org/wiki/Campeonato_de_Primera_C_2023_(Argentina)
2023-05-14,15:30,Victoriano Arenas,Central Córdoba (R),0,0,,,Primera C,2023,zonas,,Fecha 17,Saturnino Moure,false,https://es.wikipedia.org/wiki/Campeonato_de_Primera_C_2023_(Argentina)
2023-05-14,16:30,Alvarado,Almagro,0,0,,,Primera Nacional,2023,zonas,Zona A,Fecha 16,José María Minella,false,https://es.wikipedia.org/wiki/Campeonato_de_Primera_Nacional_2023
2023-05-14,16:30,Platense,Racing Club,3,0,,,Primera Division,2023,zonas,,Fecha 16,Ciudad de Vicente López,false,https://es.wikipedia.org/wiki/Campeonato_de_Primera_División_2023_(Argentina)
2023-05-14,16:35,Ferro Carril Oeste,Atlanta,2,0,,,Primera Nacional,2023,zonas,Zona B,Fecha 14,Arquitecto Ricardo Etcheverri,false,https://es.wikipedia.org/wiki/Campeonato_de_Primera_Nacional_2023
2023-05-14,19:00,Boca Juniors,Belgrano,2,0,,,Primera Division,2023,zonas,,Fecha 16,La Bombonera,false,https://es.wikipedia.org/wiki/Campeonato_de_Primera_División_2023_(Argentina)
2023-05-14,20:00,Deportivo Laferrere,J. J. de Urquiza,2,0,,,Primera C,2023,zonas,,Fecha 17,Ciudad de Laferrere,false,https://es.wikipedia.org/wiki/Campeonato_de_Primera_C_2023_(Argentina)
2023-05-14,21:30,Talleres (C),River Plate,2,1,,,Primera Division,2023,zonas,,Fecha 16,Mario Alberto Kempes,false,https://es.wikipedia.org/wiki/Campeonato_de_Primera_División_2023_(Argentina)
2023-05-15,15:30,Barracas Central,Central Córdoba (SdE),2,2,,,Primera Division,2023,zonas,,Fecha 16,Claudio Chiqui Tapia,false,https://es.wikipedia.org/wiki/Campeonato_de_Primera_División_2023_(Argentina)
2023-05-15,15:30,Claypole,Deportivo Español,4,2,,,Primera C,2023,zonas,,Fecha 17,Rodolfo Capocasa,false,https://es.wikipedia.org/wiki/Campeonato_de_Primera_C_2023_(Argentina)
2023-05-15,15:30,Deportivo Riestra,Racing Club,2,2,,,Primera Nacional,2023,zonas,Zona B,Fecha 14,Guillermo Laza,false,https://es.wikipedia.org/wiki/Campeonato_de_Primera_Nacional_2023
2023-05-15,15:30,Fénix,Deportivo Armenio,0,0,,,Primera B,2023,zonas,Torneo Apertura,Fecha 14,José Manuel Moreno,false,https://es.wikipedia.org/wiki/Campeonato_de_Primera_B_2023_(Argentina)
2023-05-15,15:30,Leandro N. Alem,Liniers,1,0,,,Primera C,2023,zonas,,Fecha 17,Leandro N. Alem,false,https://es.wikipedia.org/wiki/Campeonato_de_Primera_C_2023_(Argentina)
2023-05-15,15:30,Unión,Sarmiento (J),0,2,,,Primera Division,2023,zonas,,Fecha 16,15 de abril,false,https://es.wikipedia.org/wiki/Campeonato_de_Primera_División_2023_(Argentina)
2023-05-15,15:30,Yupanqui,Luján,0,1,,,Primera C,2023,zonas,,Fecha 17,Ciudad Evita,false,https://es.wikipedia.org/wiki/Campeonato_de_Primera_C_2023_(Argentina)
2023-05-15,18:00,Gimnasia y Esgrima (LP),Lanús,1,0,,,Primera Division,2023,zonas,,Fecha 16,Del Bosque,false,https://es.wikipedia.org/wiki/Campeonato_de_Primera_División_2023_(Argentina)
2023-05-15,19:00,Güemes (SdE),San Martín (T),0,1,,,Primera Nacional,2023,zonas,Zona A,Fecha 16,Arturo Miranda,false,https://es.wikipedia.org/wiki/Campeonato_de_Primera_Nacional_2023
2023-05-15,20:30,Vélez Sarsfield,Rosario Central,0,0,,,Primera Division,2023,zonas,,Fecha 16,José Amalfitani,false,https://es.wikipedia.org/wiki/Campeonato_de_Primera_División_2023_(Argentina)
2023-05-15,21:00,San Martín (SJ),Guillermo Brown,2,1,,,Primera Nacional,2023,zonas,Zona A,Fecha 16,Ingeniero Hilario Sánchez,false,https://es.wikipedia.org/wiki/Campeonato_de_Primera_Nacional_2023
2023-05-15,21:10,Estudiantes (BA),Chaco For Ever,3,0,,,Primera Nacional,2023,zonas,Zona B,Fecha 14,Ciudad de Caseros,false,https://es.wikipedia.org/wiki/Campeonato_de_Primera_Nacional_2023
2023-05-16,,Atlético Tucumán,Estudiantes (RC),1,3,,,Copa Argentina,2023,eliminacion,,Treintaidosavos,Brigadier General Estanislao López,true,https://es.wikipedia.org/wiki/Copa_Argentina_2023
2023-05-17,,Gimnasia y Esgrima (M),All Boys,0,0,2,4,Copa Argentina,2023,eliminacion,,Treintaidosavos,Juan Carmelo Zerillo,true,https://es.wikipedia.org/wiki/Copa_Argentina_2023
2023-05-17,14:00,Sportivo Belgrano,El Linqueño,1,0,,,Torneo Federal A,2023,zonas,Zona C,Fecha 11,Oscar Carlos Boero,false,https://es.wikipedia.org/wiki/Torneo_Federal_A_2023
2023-05-17,15:00,Germinal,Círculo Deportivo,0,1,,,Torneo Federal A,2023,zonas,Zona A,Fecha 11,El Fortín (R),false,https://es.wikipedia.org/wiki/Torneo_Federal_A_2023
2023-05-17,15:00,Sol de Mayo (V),Olimpo,2,3,,,Torneo Federal A,2023,zonas,Zona A,Fecha 11,Sol de Mayo,false,https://es.wikipedia.org/wiki/Torneo_Federal_A_2023
2023-05-17,15:30,Boca Unidos,San Martín (F),1,0,,,Torneo Federal A,2023,zonas,Zona D,Fecha 11,Leoncio Benítez,false,https://es.wikipedia.org/wiki/Torneo_Federal_A_2023
2023-05-17,15:30,Defensores de Belgrano (VR),Defensores de Pronunciamiento,1,0,,,Torneo Federal A,2023,zonas,Zona C,Fecha 11,Único de San Nicolás,false,https://es.wikipedia.org/wiki/Torneo_Federal_A_2023
2023-05-17,20:00,Ramón Santamarina,Liniers (BB),1,0,,,Torneo Federal A,2023,zonas,Zona A,Fecha 11,Municipal General San Martín,false,https://es.wikipedia.org/wiki/Torneo_Federal_A_2023
2023-05-17,20:15,Sol de América (F),Sarmiento (R),1,0,,,Torneo Federal A,2023,zonas,Zona D,Fecha 11,Sol de América,false,https://es.wikipedia.org/wiki/Torneo_Federal_A_2023
2023-05-17,20:30,9 de Julio (R),Central Norte (S),3,1,,,Torneo Federal A,2023,zonas,Zona D,Fecha 11,Germán Solterman,false,https://es.wikipedia.org/wiki/Torneo_Federal_A_2023
2023-05-17,20:30,Argentino (MM),Ciudad de Bolívar,5,3,,,Torneo Federal A,2023,zonas,Zona B,Fecha 11,Modesto Marrone,false,https://es.wikipedia.org/wiki/Torneo_Federal_A_2023
2023-05-17,20:30,Cipolletti,Sansinena,3,0,,,Torneo Federal A,2023,zonas,Zona A,Fecha 11,La Visera de Cemento,false,https://es.wikipedia.org/wiki/Torneo_Federal_A_2023
2023-05-17,20:30,Douglas Haig,Independiente (C),1,0,,,Torneo Federal A,2023,zonas,Zona C,Fecha 11,Miguel Morales,false,https://es.wikipedia.org/wiki/Torneo_Federal_A_2023
2023-05-17,20:30,Ferro Carril Oeste (GP),Juventud Unida Universitario,0,2,,,Torneo Federal A,2023,zonas,Zona B,Fecha 11,El Coloso del Barrio Talleres,false,https://es.wikipedia.org/wiki/Torneo_Federal_A_2023
2023-05-17,20:30,Unión (S),Sportivo Las Parejas,0,1,,,Torneo Federal A,2023,zonas,Zona C,Fecha 11,De la Avenida,false,https://es.wikipedia.org/wiki/Torneo_Federal_A_2023
2023-05-17,21:00,Sportivo Estudiantes (SL),Sportivo Peñarol (C),3,0,,,Torneo Federal A,2023,zonas,Zona B,Fecha 11,Héctor Odicino y Pedro Benoza,false,https://es.wikipedia.org/wiki/Torneo_Federal_A_2023
2023-05-17,21:30,Atenas (RC),San Martín (SM),1,0,,,Torneo Federal A,2023,zonas,Zona B,Fecha 11,9 de Julio,false,https://es.wikipedia.org/wiki/Torneo_Federal_A_2023
2023-05-17,22:00,Juventud Antoniana,Gimnasia y Tiro (S),0,0,,,Torneo Federal A,2023,zonas,Zona D,Fecha 11,Padre Ernesto Martearena,false,https://es.wikipedia.org/wiki/Torneo_Federal_A_2023
2023-05-18,21:00,Arsenal,Independiente,2,1,,,Primera Division,2023,zonas,,Fecha 17,El Viaducto,false,https://es.wikipedia.org/wiki/Campeonato_de_Primera_División_2023_(Argentina)
2023-05-19,15:30,Godoy Cruz,Gimnasia y Esgrima (LP),2,0,,,Primera Division,2023,zonas,,Fecha 17,Víctor Antonio Legrotaglie,false,https://es.wikipedia.org/wiki/Campeonato_de_Primera_División_2023_(Argentina)
2023-05-19,15:30,Sportivo Italiano,Puerto Nuevo,2,0,,,Primera C,2023,zonas,,Fecha 18,República de Italia,false,https://es.wikipedia.org/wiki/Campeonato_de_Primera_C_2023_(Argentina)
2023-05-19,19:00,Central Córdoba (SdE),Unión,0,1,,,Primera Division,2023,zonas,,Fecha 17,Alfredo Terrera,false,https://es.wikipedia.org/wiki/Campeonato_de_Primera_División_2023_(Argentina)
2023-05-19,19:00,Estudiantes (LP),Banfield,1,0,,,Primera Division,2023,zonas,,Fecha 17,Jorge Luis Hirschi,false,https://es.wikipedia.org/wiki/Campeonato_de_Primera_División_2023_(Argentina)
2023-05-19,19:00,Rosario Central,Defensa y Justicia,2,1,,,Primera Division,2023,zonas,,Fecha 17,Gigante de Arroyito,false,https://es.wikipedia.org/wiki/Campeonato_de_Primera_División_2023_(Argentina)
2023-05-19,21:30,Argentinos Juniors,Boca Juniors,0,1,,,Primera Division,2023,zonas,,Fecha 17,Diego Armando Maradona,false,https://es.wikipedia.org/wiki/Campeonato_de_Primera_División_2023_(Argentina)
2023-05-19,21:30,Racing Club,Vélez Sarsfield,2,1,,,Primera Division,2023,zonas,,Fecha 17,El Cilindro,false,https://es.wikipedia.org/wiki/Campeonato_de_Primera_División_2023_(Argentina)
2023-05-20,11:00,Nueva Chicago,Almirante Brown,3,0,,,Primera Nacional,2023,zonas,Zona A,Fecha 17,Nueva Chicago,false,https://es.wikipedia.org/wiki/Campeonato_de_Primera_Nacional_2023
2023-05-20,13:35,Comunicaciones,Dock Sud,0,1,,,Primera B,2023,zonas,Torneo Apertura,Fecha 15,Alfredo Ramos,false,https://es.wikipedia.org/wiki/Campeonato_de_Primera_B_2023_(Argentina)
2023-05-20,14:00,Agropecuario,Alvarado,3,1,,,Primera Nacional,2023,zonas,Zona A,Fecha 17,Ofelia Rosenzuaig,false,https://es.wikipedia.org/wiki/Campeonato_de_Primera_Nacional_2023
2023-05-20,14:00,Aldosivi,Deportivo Riestra,1,1,,,Primera Nacional,2023,zonas,Zona B,Fecha 15,José María Minella,false,https://es.wikipedia.org/wiki/Campeonato_de_Primera_Nacional_2023
2023-05-20,14:00,Almagro,Gimnasia y Esgrima (M),0,0,,,Primera Nacional,2023,zonas,Zona A,Fecha 17,Tres de Febrero,false,https://es.wikipedia.org/wiki/Campeonato_de_Primera_Nacional_2023
2023-05-20,14:00,Argentino de Quilmes,Sacachispas,1,0,,,Primera B,2023,zonas,Torneo Apertura,Fecha 15,Argentino de Quilmes,false,https://es.wikipedia.org/wiki/Campeonato_de_Primera_B_2023_(Argentina)
2023-05-20,14:00,Central Córdoba (R),Deportivo Laferrere,1,0,,,Primera C,2023,zonas,,Fecha 18,Gabino Sosa,false,https://es.wikipedia.org/wiki/Campeonato_de_Primera_C_2023_(Argentina)
2023-05-20,14:00,Defensores Unidos,San Martín (SJ),0,0,,,Primera Nacional,2023,zonas,Zona A,Fecha 17,Gigante de Villa Fox,false,https://es.wikipedia.org/wiki/Campeonato_de_Primera_Nacional_2023
2023-05-20,14:00,Deportivo Armenio,Argentino de Merlo,1,0,,,Primera B,2023,zonas,Torneo Apertura,Fecha 15,Armenia,false,https://es.wikipedia.org/wiki/Campeonato_de_Primera_B_2023_(Argentina)
2023-05-20,14:00,Deportivo Merlo,Acassuso,0,2,,,Primera B,2023,zonas,Torneo Apertura,Fecha 15,José Manuel Moreno,false,https://es.wikipedia.org/wiki/Campeonato_de_Primera_B_2023_(Argentina)
2023-05-20,14:00,San Lorenzo,Instituto,2,0,,,Primera Division,2023,zonas,,Fecha 17,Nuevo Gasómetro,false,https://es.wikipedia.org/wiki/Campeonato_de_Primera_División_2023_(Argentina)
2023-05-20,14:00,San Telmo,Patronato,3,1,,,Primera Nacional,2023,zonas,Zona A,Fecha 17,Doctor Osvaldo Baletto,false,https://es.wikipedia.org/wiki/Campeonato_de_Primera_Nacional_2023
2023-05-20,14:00,Temperley,Güemes (SdE),3,3,,,Primera Nacional,2023,zonas,Zona A,Fecha 17,Alfredo Beranger,false,https://es.wikipedia.org/wiki/Campeonato_de_Primera_Nacional_2023
2023-05-20,21:30,Chaco For Ever,Atlético de Rafaela,0,1,,,Primera Nacional,2023,zonas,Zona B,Fecha 15,Juan Alberto García,false,https://es.wikipedia.org/wiki/Campeonato_de_Primera_Nacional_2023
2023-05-20,21:30,Independiente Rivadavia,Deportivo Madryn,1,0,,,Primera Nacional,2023,zonas,Zona B,Fecha 15,Bautista Gargantini,false,https://es.wikipedia.org/wiki/Campeonato_de_Primera_Nacional_2023
2023-05-20,21:30,Lanús,Newell's Old Boys,1,0,,,Primera Division,2023,zonas,,Fecha 17,Ciudad de Lanús,false,https://es.wikipedia.org/wiki/Campeonato_de_Primera_División_2023_(Argentina)
2023-05-20,21:30,Tigre,Atlético Tucumán,0,0,,,Primera Division,2023,zonas,,Fecha 17,Monumental de Victoria,false,https://es.wikipedia.org/wiki/Campeonato_de_Primera_División_2023_(Argentina)
2023-05-20,21:30,Tristán Suárez,Quilmes,0,0,,,Primera Nacional,2023,zonas,Zona B,Fecha 15,20 de Octubre,false,https://es.wikipedia.org/wiki/Campeonato_de_Primera_Nacional_2023
2023-05-21,14:00,Chacarita Juniors,Brown de Adrogué,0,0,,,Primera Nacional,2023,zonas,Zona B,Fecha 15,Chacarita Juniors,false,https://es.wikipedia.org/wiki/Campeonato_de_Primera_Nacional_2023
2023-05-21,14:00,Los Andes,Fénix,1,1,,,Primera B,2023,zonas,Torneo Apertura,Fecha 15,Eduardo Gallardón,false,https://es.wikipedia.org/wiki/Campeonato_de_Primera_B_2023_(Argentina)
2023-05-21,15:00,Círculo Deportivo,Sol de Mayo (V),1,0,,,Torneo Federal A,2023,zonas,Zona A,Fecha 12,Guillermo Trama,false,https://es.wikipedia.org/wiki/Torneo_Federal_A_2023
2023-05-21,15:00,Guillermo Brown,Flandria,3,1,,,Primera Nacional,2023,zonas,Zona A,Fecha 17,Raúl Conti,false,https://es.wikipedia.org/wiki/Campeonato_de_Primera_Nacional_2023
2023-05-21,15:30,Belgrano,Talleres (C),1,1,,,Primera Division,2023,zonas,,Fecha 17,Gigante de Alberdi,false,https://es.wikipedia.org/wiki/Campeonato_de_Primera_División_2023_(Argentina)
2023-05-21,15:30,Berazategui,Yupanqui,0,2,,,Primera C,2023,zonas,,Fecha 18,Norman Lee,false,https://es.wikipedia.org/wiki/Campeonato_de_Primera_C_2023_(Argentina)
2023-05-21,15:30,Cañuelas,UAI Urquiza,2,0,,,Primera B,2023,zonas,Torneo Apertura,Fecha 15,Jorge Alfredo Arín,false,https://es.wikipedia.org/wiki/Campeonato_de_Primera_B_2023_(Argentina)
2023-05-21,15:30,Colegiales,San Miguel,0,2,,,Primera B,2023,zonas,Torneo Apertura,Fecha 15,Colegiales,false,https://es.wikipedia.org/wiki/Campeonato_de_Primera_B_2023_(Argentina)
2023-05-21,15:30,Deportivo Maipú,Villa Dálmine,2,1,,,Primera Nacional,2023,zonas,Zona B,Fecha 15,Omar Higinio Sperdutti,false,https://es.wikipedia.org/wiki/Campeonato_de_Primera_Nacional_2023
2023-05-21,15:30,El Linqueño,Defensores de Belgrano (VR),0,1,,,Torneo Federal A,2023,zonas,Zona C,Fecha 12,Leonardo Costa,false,https://es.wikipedia.org/wiki/Torneo_Federal_A_2023
2023-05-21,15:30,General Lamadrid,San Martín (B),2,4,,,Primera C,2023,zonas,,Fecha 18,Enrique Sexto,false,https://es.wikipedia.org/wiki/Campeonato_de_Primera_C_2023_(Argentina)
2023-05-21,15:30,Gimnasia y Esgrima (CdU),Douglas Haig,0,0,,,Torneo Federal A,2023,zonas,Zona C,Fecha 12,Manuel y Ramón Núñez,false,https://es.wikipedia.org/wiki/Torneo_Federal_A_2023
2023-05-21,15:30,Independiente (C),Unión (S),2,0,,,Torneo Federal A,2023,zonas,Zona C,Fecha 12,Raúl Orlando Lungarzo,false,https://es.wikipedia.org/wiki/Torneo_Federal_A_2023
2023-05-21,15:30,Ituzaingó,Talleres (RdE),1,1,,,Primera B,2023,zonas,Torneo Apertura,Fecha 15,Carlos Alberto Sacaan,false,https://es.wikipedia.org/wiki/Campeonato_de_Primera_B_2023_(Argentina)
2023-05-21,15:30,J. J. de Urquiza,Excursionistas,1,1,,,Primera C,2023,zonas,,Fecha 18,Ramón Roque Martín,false,https://es.wikipedia.org/wiki/Campeonato_de_Primera_C_2023_(Argentina)
2023-05-21,15:30,Liniers,Victoriano Arenas,2,1,,,Primera C,2023,zonas,,Fecha 18,Juan Antonio Arias,false,https://es.wikipedia.org/wiki/Campeonato_de_Primera_C_2023_(Argentina)
2023-05-21,15:30,Luján,Atlas,1,2,,,Primera C,2023,zonas,,Fecha 18,1.º de Abril,false,https://es.wikipedia.org/wiki/Campeonato_de_Primera_C_2023_(Argentina)
2023-05-21,15:30,Real Pilar,Leandro N. Alem,1,0,,,Primera C,2023,zonas,,Fecha 18,Carlos Barraza,false,https://es.wikipedia.org/wiki/Campeonato_de_Primera_C_2023_(Argentina)
2023-05-21,15:30,Sansinena,Germinal,3,0,,,Torneo Federal A,2023,zonas,Zona A,Fecha 12,Luis Molina,false,https://es.wikipedia.org/wiki/Torneo_Federal_A_2023
2023-05-21,15:30,Villa Mitre,Ramón Santamarina,2,0,,,Torneo Federal A,2023,zonas,Zona A,Fecha 12,El Fortín (BB),false,https://es.wikipedia.org/wiki/Torneo_Federal_A_2023
2023-05-21,15:45,Juventud Unida Universitario,Sportivo Estudiantes (SL),0,0,,,Torneo Federal A,2023,zonas,Zona B,Fecha 12,Mario Sebastián Diez,false,https://es.wikipedia.org/wiki/Torneo_Federal_A_2023
2023-05-21,16:00,Crucero del Norte,Juventud Antoniana,2,0,,,Torneo Federal A,2023,zonas,Zona D,Fecha 12,Comandante Andrés Guacurarí,false,https://es.wikipedia.org/wiki/Torneo_Federal_A_2023
2023-05-21,16:00,Gimnasia y Tiro (S),Boca Unidos,1,0,,,Torneo Federal A,2023,zonas,Zona D,Fecha 12,El Gigante del Norte,false,https://es.wikipedia.org/wiki/Torneo_Federal_A_2023
2023-05-21,16:00,Huracán Las Heras,Atenas (RC),3,2,,,Torneo Federal A,2023,zonas,Zona B,Fecha 12,General San Martín,false,https://es.wikipedia.org/wiki/Torneo_Federal_A_2023
2023-05-21,16:00,Liniers (BB),Cipolletti,1,2,,,Torneo Federal A,2023,zonas,Zona A,Fecha 12,Alejandro Pérez,false,https://es.wikipedia.org/wiki/Torneo_Federal_A_2023
2023-05-21,16:00,Mitre (SdE),Estudiantes (BA),3,0,,,Primera Nacional,2023,zonas,Zona B,Fecha 15,Dres. José y Antonio Castiglione,false,https://es.wikipedia.org/wiki/Campeonato_de_Primera_Nacional_2023
2023-05-21,16:00,San Martín (T),Deportivo Morón,2,0,,,Primera Nacional,2023,zonas,Zona A,Fecha 17,La Ciudadela,false,https://es.wikipedia.org/wiki/Campeonato_de_Primera_Nacional_2023
2023-05-21,16:00,Sportivo Peñarol (C),Argentino (MM),1,3,,,Torneo Federal A,2023,zonas,Zona B,Fecha 12,Ramón Pablo Rojas,false,https://es.wikipedia.org/wiki/Torneo_Federal_A_2023
2023-05-21,16:30,San Martín (F),Sol de América (F),2,0,,,Torneo Federal A,2023,zonas,Zona D,Fecha 12,17 de Octubre,false,https://es.wikipedia.org/wiki/Torneo_Federal_A_2023
2023-05-21,17:00,Sportivo Las Parejas,Sportivo Belgrano,0,2,,,Torneo Federal A,2023,zonas,Zona C,Fecha 12,4 de Septiembre,false,https://es.wikipedia.org/wiki/Torneo_Federal_A_2023
2023-05-21,18:00,Colón,Barracas Central,1,1,,,Primera Division,2023,zonas,,Fecha 17,Brigadier Estanislao López,false,https://es.wikipedia.org/wiki/Campeonato_de_Primera_División_2023_(Argentina)
2023-05-21,18:00,Sarmiento (J),Huracán,0,0,,,Primera Division,2023,zonas,,Fecha 17,Eva Perón,false,https://es.wikipedia.org/wiki/Campeonato_de_Primera_División_2023_(Argentina)
2023-05-21,18:00,Sarmiento (R),9 de Julio (R),1,1,,,Torneo Federal A,2023,zonas,Zona D,Fecha 12,Centenario,false,https://es.wikipedia.org/wiki/Torneo_Federal_A_2023
2023-05-21,20:00,San Martín (SM),Ferro Carril Oeste (GP),0,0,,,Torneo Federal A,2023,zonas,Zona B,Fecha 12,Libertador General San Martín,false,https://es.wikipedia.org/wiki/Torneo_Federal_A_2023
2023-05-21,20:30,River Plate,Platense,2,1,,,Primera Division,2023,zonas,,Fecha 17,Monumental,false,https://es.wikipedia.org/wiki/Campeonato_de_Primera_División_2023_(Argentina)
2023-05-22,15:30,Deportivo Español,Ferrocarril Midland,1,1,,,Primera C,2023,zonas,,Fecha 18,Nueva España,false,https://es.wikipedia.org/wiki/Campeonato_de_Primera_C_2023_(Argentina)
2023-05-22,19:00,Racing Club,Ferro Carril Oeste,1,1,,,Primera Nacional,2023,zonas,Zona B,Fecha 15,Miguel Sancho,false,https://es.wikipedia.org/wiki/Campeonato_de_Primera_Nacional_2023
2023-05-22,20:35,Atlanta,Gimnasia y Esgrima (J),1,2,,,Primera Nacional,2023,zonas,Zona B,Fecha 15,Don León Kolbowski,false,https://es.wikipedia.org/wiki/Campeonato_de_Primera_Nacional_2023
2023-05-22,21:10,All Boys,Defensores de Belgrano,2,1,,,Primera Nacional,2023,zonas,Zona A,Fecha 17,Islas Malvinas,false,https://es.wikipedia.org/wiki/Campeonato_de_Primera_Nacional_2023
2023-05-24,,Central Córdoba (SdE),Comunicaciones,3,0,,,Copa Argentina,2023,eliminacion,,Treintaidosavos,Carlos Augusto Mercado Luna,true,https://es.wikipedia.org/wiki/Copa_Argentina_2023
2023-05-24,,Rosario Central,Central Norte (S),4,1,,,Copa Argentina,2023,eliminacion,,Treintaidosavos,Único de San Nicolás,true,https://es.wikipedia.org/wiki/Copa_Argentina_2023
2023-05-26,14:00,Atlas,Berazategui,1,1,,,Primera C,2023,zonas,,Fecha 19,Ricardo Puga,false,https://es.wikipedia.org/wiki/Campeonato_de_Primera_C_2023_(Argentina)
2023-05-26,14:00,Deportivo Laferrere,Liniers,1,0,,,Primera C,2023,zonas,,Fecha 19,Ciudad de Laferrere,false,https://es.wikipedia.org/wiki/Campeonato_de_Primera_C_2023_(Argentina)
2023-05-26,14:00,Leandro N. Alem,Luján,0,0,,,Primera C,2023,zonas,,Fecha 19,Norman Lee,false,https://es.wikipedia.org/wiki/Campeonato_de_Primera_C_2023_(Argentina)
2023-05-26,14:00,San Martín (B),J. J. de Urquiza,2,0,,,Primera C,2023,zonas,,Fecha 19,Francisco Boga,false,https://es.wikipedia.org/wiki/Campeonato_de_Primera_C_2023_(Argentina)
2023-05-26,14:00,Victoriano Arenas,Real Pilar,1,1,,,Primera C,2023,zonas,,Fecha 19,Saturnino Moure,false,https://es.wikipedia.org/wiki/Campeonato_de_Primera_C_2023_(Argentina)
2023-05-26,15:30,Gimnasia y Esgrima (M),Agropecuario,2,1,,,Primera Nacional,2023,zonas,Zona A,Fecha 18,Víctor Antonio Legrotaglie,false,https://es.wikipedia.org/wiki/Campeonato_de_Primera_Nacional_2023
2023-05-26,21:30,Atlético Tucumán,Arsenal,1,0,,,Primera Division,2023,zonas,,Fecha 18,Monumental José Fierro,false,https://es.wikipedia.org/wiki/Campeonato_de_Primera_División_2023_(Argentina)
2023-05-26,21:30,Estudiantes (RC),All Boys,1,2,,,Primera Nacional,2023,zonas,Zona A,Fecha 18,Antonio Candini,false,https://es.wikipedia.org/wiki/Campeonato_de_Primera_Nacional_2023
2023-05-27,11:00,Gimnasia y Esgrima (LP),Sarmiento (J),0,0,,,Primera Division,2023,zonas,,Fecha 18,Del Bosque,false,https://es.wikipedia.org/wiki/Campeonato_de_Primera_División_2023_(Argentina)
2023-05-27,15:00,Deportivo Madryn,Chaco For Ever,1,0,,,Primera Nacional,2023,zonas,Zona B,Fecha 16,Abel Sastre,false,https://es.wikipedia.org/wiki/Campeonato_de_Primera_Nacional_2023
2023-05-27,15:00,Villa Dálmine,Independiente Rivadavia,0,3,,,Primera Nacional,2023,zonas,Zona B,Fecha 16,El Coliseo de Mitre y Puccini,false,https://es.wikipedia.org/wiki/Campeonato_de_Primera_Nacional_2023
2023-05-27,15:30,Excursionistas,Central Córdoba (R),2,0,,,Primera C,2023,zonas,,Fecha 19,Excursionistas,false,https://es.wikipedia.org/wiki/Campeonato_de_Primera_C_2023_(Argentina)
2023-05-27,15:30,Güemes (SdE),San Telmo,1,1,,,Primera Nacional,2023,zonas,Zona A,Fecha 18,Arturo Miranda,false,https://es.wikipedia.org/wiki/Campeonato_de_Primera_Nacional_2023
2023-05-27,15:30,Sacachispas,Colegiales,1,0,,,Primera B,2023,zonas,Torneo Apertura,Fecha 16,Beto Larrosa,false,https://es.wikipedia.org/wiki/Campeonato_de_Primera_B_2023_(Argentina)
2023-05-27,17:05,Almirante Brown,San Martín (T),1,0,,,Primera Nacional,2023,zonas,Zona A,Fecha 18,Fragata Presidente Sarmiento,false,https://es.wikipedia.org/wiki/Campeonato_de_Primera_Nacional_2023
2023-05-27,18:00,Platense,Belgrano,1,0,,,Primera Division,2023,zonas,,Fecha 18,Ciudad de Vicente López,false,https://es.wikipedia.org/wiki/Campeonato_de_Primera_División_2023_(Argentina)
2023-05-27,19:10,Deportivo Morón,Temperley,2,0,,,Primera Nacional,2023,zonas,Zona A,Fecha 18,Nuevo Francisco Urbano,false,https://es.wikipedia.org/wiki/Campeonato_de_Primera_Nacional_2023
2023-05-27,20:30,Independiente,Lanús,1,1,,,Primera Division,2023,zonas,,Fecha 18,Libertadores de América,false,https://es.wikipedia.org/wiki/Campeonato_de_Primera_División_2023_(Argentina)
2023-05-27,21:15,Quilmes,Atlanta,1,2,,,Primera Nacional,2023,zonas,Zona B,Fecha 16,Centenario Ciudad de Quilmes,false,https://es.wikipedia.org/wiki/Campeonato_de_Primera_Nacional_2023
2023-05-28,11:00,Sol de Mayo (V),Sansinena,1,0,,,Torneo Federal A,2023,zonas,Zona A,Fecha 13,Sol de Mayo,false,https://es.wikipedia.org/wiki/Torneo_Federal_A_2023
2023-05-28,12:00,Brown de Adrogué,Tristán Suárez,2,1,,,Primera Nacional,2023,zonas,Zona B,Fecha 16,Lorenzo Arandilla,false,https://es.wikipedia.org/wiki/Campeonato_de_Primera_Nacional_2023
2023-05-28,14:00,Barracas Central,San Lorenzo,1,0,,,Primera Division,2023,zonas,,Fecha 18,Claudio Chiqui Tapia,false,https://es.wikipedia.org/wiki/Campeonato_de_Primera_División_2023_(Argentina)
2023-05-28,15:00,Ciudad de Bolívar,Sportivo Peñarol (C),1,0,,,Torneo Federal A,2023,zonas,Zona B,Fecha 13,Municipal Eva Perón,false,https://es.wikipedia.org/wiki/Torneo_Federal_A_2023
2023-05-28,15:00,Defensores de Pronunciamiento,El Linqueño,1,1,,,Torneo Federal A,2023,zonas,Zona C,Fecha 13,Delio Cardozo,false,https://es.wikipedia.org/wiki/Torneo_Federal_A_2023
2023-05-28,15:00,Germinal,Liniers (BB),1,0,,,Torneo Federal A,2023,zonas,Zona A,Fecha 13,El Fortín (R),false,https://es.wikipedia.org/wiki/Torneo_Federal_A_2023
2023-05-28,15:00,Olimpo,Círculo Deportivo,2,0,,,Torneo Federal A,2023,zonas,Zona A,Fecha 13,Roberto N. Carminatti,false,https://es.wikipedia.org/wiki/Torneo_Federal_A_2023
2023-05-28,15:00,Sportivo Belgrano,Independiente (C),2,0,,,Torneo Federal A,2023,zonas,Zona C,Fecha 13,Oscar Carlos Boero,false,https://es.wikipedia.org/wiki/Torneo_Federal_A_2023
2023-05-28,15:30,9 de Julio (R),San Martín (F),1,0,,,Torneo Federal A,2023,zonas,Zona D,Fecha 13,Germán Solterman,false,https://es.wikipedia.org/wiki/Torneo_Federal_A_2023
2023-05-28,15:30,Boca Unidos,Crucero del Norte,1,0,,,Torneo Federal A,2023,zonas,Zona D,Fecha 13,Leoncio Benítez,false,https://es.wikipedia.org/wiki/Torneo_Federal_A_2023
2023-05-28,15:30,Defensores de Belgrano (VR),Sportivo Las Parejas,0,0,,,Torneo Federal A,2023,zonas,Zona C,Fecha 13,Único de San Nicolás,false,https://es.wikipedia.org/wiki/Torneo_Federal_A_2023
2023-05-28,15:30,Deportivo Maipú,Aldosivi,3,2,,,Primera Nacional,2023,zonas,Zona B,Fecha 16,Omar Higinio Sperdutti,false,https://es.wikipedia.org/wiki/Campeonato_de_Primera_Nacional_2023
2023-05-28,15:30,Dock Sud,Ituzaingó,0,2,,,Primera B,2023,zonas,Torneo Apertura,Fecha 16,De los Inmigrantes,false,https://es.wikipedia.org/wiki/Campeonato_de_Primera_B_2023_(Argentina)
2023-05-28,15:30,Flandria,Defensores Unidos,0,2,,,Primera Nacional,2023,zonas,Zona A,Fecha 18,Carlos V,false,https://es.wikipedia.org/wiki/Campeonato_de_Primera_Nacional_2023
2023-05-28,15:30,Puerto Nuevo,Deportivo Español,1,1,,,Primera C,2023,zonas,,Fecha 19,Rubén Carlos Vallejos,false,https://es.wikipedia.org/wiki/Campeonato_de_Primera_C_2023_(Argentina)
2023-05-28,15:30,San Miguel,Villa San Carlos,1,0,,,Primera B,2023,zonas,Torneo Apertura,Fecha 16,Malvinas Argentinas,false,https://es.wikipedia.org/wiki/Campeonato_de_Primera_B_2023_(Argentina)
2023-05-28,15:30,Talleres (RdE),Deportivo Merlo,0,1,,,Primera B,2023,zonas,Torneo Apertura,Fecha 16,Pablo Comelli,false,https://es.wikipedia.org/wiki/Campeonato_de_Primera_B_2023_(Argentina)
2023-05-28,15:30,Unión (S),Gimnasia y Esgrima (CdU),1,0,,,Torneo Federal A,2023,zonas,Zona C,Fecha 13,De la Avenida,false,https://es.wikipedia.org/wiki/Torneo_Federal_A_2023
2023-05-28,16:00,Argentino (MM),Juventud Unida Universitario,2,2,,,Torneo Federal A,2023,zonas,Zona B,Fecha 13,Modesto Marrone,false,https://es.wikipedia.org/wiki/Torneo_Federal_A_2023
2023-05-28,16:00,Cipolletti,Villa Mitre,1,2,,,Torneo Federal A,2023,zonas,Zona A,Fecha 13,La Visera de Cemento,false,https://es.wikipedia.org/wiki/Torneo_Federal_A_2023
2023-05-28,16:00,Patronato,Almagro,1,0,,,Primera Nacional,2023,zonas,Zona A,Fecha 18,Presbítero Bartolomé Grella,false,https://es.wikipedia.org/wiki/Campeonato_de_Primera_Nacional_2023
2023-05-28,16:00,Sportivo Estudiantes (SL),San Martín (SM),1,1,,,Torneo Federal A,2023,zonas,Zona B,Fecha 13,Héctor Odicino y Pedro Benoza,false,https://es.wikipedia.org/wiki/Torneo_Federal_A_2023
2023-05-28,16:30,Alvarado,Guillermo Brown,2,0,,,Primera Nacional,2023,zonas,Zona A,Fecha 18,José María Minella,false,https://es.wikipedia.org/wiki/Campeonato_de_Primera_Nacional_2023
2023-05-28,16:30,Defensa y Justicia,Racing Club,1,1,,,Primera Division,2023,zonas,,Fecha 18,Norberto Tomaghello,false,https://es.wikipedia.org/wiki/Campeonato_de_Primera_División_2023_(Argentina)
2023-05-28,16:30,Ferro Carril Oeste (GP),Huracán Las Heras,2,3,,,Torneo Federal A,2023,zonas,Zona B,Fecha 13,El Coloso del Barrio Talleres,false,https://es.wikipedia.org/wiki/Torneo_Federal_A_2023
2023-05-28,16:30,Talleres (C),Argentinos Juniors,1,0,,,Primera Division,2023,zonas,,Fecha 18,Mario Alberto Kempes,false,https://es.wikipedia.org/wiki/Campeonato_de_Primera_División_2023_(Argentina)
2023-05-28,17:00,Gimnasia y Esgrima (J),Racing Club,1,0,,,Primera Nacional,2023,zonas,Zona B,Fecha 16,23 de Agosto,false,https://es.wikipedia.org/wiki/Campeonato_de_Primera_Nacional_2023
2023-05-28,17:00,Sol de América (F),Gimnasia y Tiro (S),0,0,,,Torneo Federal A,2023,zonas,Zona D,Fecha 13,Sol de América,false,https://es.wikipedia.org/wiki/Torneo_Federal_A_2023
2023-05-28,17:05,Argentino de Merlo,Los Andes,1,0,,,Primera B,2023,zonas,Torneo Apertura,Fecha 16,Merlo,false,https://es.wikipedia.org/wiki/Campeonato_de_Primera_B_2023_(Argentina)
2023-05-28,17:05,Estudiantes (BA),Chacarita Juniors,2,1,,,Primera Nacional,2023,zonas,Zona B,Fecha 16,Ciudad de Caseros,false,https://es.wikipedia.org/wiki/Campeonato_de_Primera_Nacional_2023
2023-05-28,19:00,Boca Juniors,Tigre,1,0,,,Primera Division,2023,zonas,,Fecha 18,La Bombonera,false,https://es.wikipedia.org/wiki/Campeonato_de_Primera_División_2023_(Argentina)
2023-05-28,19:30,Atlético de Rafaela,Mitre (SdE),0,1,,,Primera Nacional,2023,zonas,Zona B,Fecha 16,Nuevo Monumental,false,https://es.wikipedia.org/wiki/Campeonato_de_Primera_Nacional_2023
2023-05-28,21:30,Newell's Old Boys,Godoy Cruz,2,0,,,Primera Division,2023,zonas,,Fecha 18,Marcelo Bielsa,false,https://es.wikipedia.org/wiki/Campeonato_de_Primera_División_2023_(Argentina)
2023-05-29,15:30,Acassuso,Deportivo Armenio,0,1,,,Primera B,2023,zonas,Torneo Apertura,Fecha 16,Armenia,false,https://es.wikipedia.org/wiki/Campeonato_de_Primera_B_2023_(Argentina)
2023-05-29,15:30,Fénix,Argentino de Quilmes,1,0,,,Primera B,2023,zonas,Torneo Apertura,Fecha 16,República de Italia,false,https://es.wikipedia.org/wiki/Campeonato_de_Primera_B_2023_(Argentina)
2023-05-29,15:30,UAI Urquiza,Comunicaciones,1,1,,,Primera B,2023,zonas,Torneo Apertura,Fecha 16,Monumental de Villa Lynch,false,https://es.wikipedia.org/wiki/Campeonato_de_Primera_B_2023_(Argentina)
2023-05-29,15:30,Yupanqui,Sportivo Italiano,2,1,,,Primera C,2023,zonas,,Fecha 19,Ciudad Evita,false,https://es.wikipedia.org/wiki/Campeonato_de_Primera_C_2023_(Argentina)
2023-05-29,16:30,Colón,Central Córdoba (SdE),2,2,,,Primera Division,2023,zonas,,Fecha 18,Brigadier General Estanislao López,false,https://es.wikipedia.org/wiki/Campeonato_de_Primera_División_2023_(Argentina)
2023-05-29,19:00,Banfield,Rosario Central,2,0,,,Primera Division,2023,zonas,,Fecha 18,Florencio Sola,false,https://es.wikipedia.org/wiki/Campeonato_de_Primera_División_2023_(Argentina)
2023-05-29,19:00,Ferrocarril Midland,Claypole,0,1,,,Primera C,2023,zonas,,Fecha 19,Ciudad de Libertad,false,https://es.wikipedia.org/wiki/Campeonato_de_Primera_C_2023_(Argentina)
2023-05-29,19:00,Huracán,Unión,0,1,,,Primera Division,2023,zonas,,Fecha 18,Tomás Adolfo Ducó,false,https://es.wikipedia.org/wiki/Campeonato_de_Primera_División_2023_(Argentina)
2023-05-29,19:05,Ferro Carril Oeste,Deportivo Riestra,2,2,,,Primera Nacional,2023,zonas,Zona B,Fecha 16,Arquitecto Ricardo Etcheverri,false,https://es.wikipedia.org/wiki/Campeonato_de_Primera_Nacional_2023
2023-05-29,20:00,Instituto,Estudiantes (LP),0,0,,,Primera Division,2023,zonas,,Fecha 18,Juan Domingo Perón,false,https://es.wikipedia.org/wiki/Campeonato_de_Primera_División_2023_(Argentina)
2023-05-29,21:30,Central Norte (S),Sarmiento (R),2,3,,,Torneo Federal A,2023,zonas,Zona D,Fecha 13,Padre Ernesto Martearena,false,https://es.wikipedia.org/wiki/Torneo_Federal_A_2023
2023-05-29,21:30,Vélez Sarsfield,River Plate,2,2,,,Primera Division,2023,zonas,,Fecha 18,José Amalfitani,false,https://es.wikipedia.org/wiki/Campeonato_de_Primera_División_2023_(Argentina)
2023-05-30,21:05,Defensores de Belgrano,Nueva Chicago,0,0,,,Primera Nacional,2023,zonas,Zona A,Fecha 18,Juan Pasquale,false,https://es.wikipedia.org/wiki/Campeonato_de_Primera_Nacional_2023
2023-06-01,20:00,Sarmiento (J),Newell's Old Boys,0,0,,,Primera Division,2023,zonas,,Fecha 19,Eva Perón,false,https://es.wikipedia.org/wiki/Campeonato_de_Primera_División_2023_(Argentina)
2023-06-01,21:30,Arsenal,Boca Juniors,1,0,,,Primera Division,2023,zonas,,Fecha 19,El Viaducto,false,https://es.wikipedia.org/wiki/Campeonato_de_Primera_División_2023_(Argentina)
2023-06-02,15:30,Yupanqui,Deportivo Español,0,1,,,Primera C,2023,zonas,,Fecha 20,Ciudad Evita,false,https://es.wikipedia.org/wiki/Campeonato_de_Primera_C_2023_(Argentina)
2023-06-02,19:00,Chacarita Juniors,Atlético de Rafaela,3,0,,,Primera Nacional,2023,zonas,Zona B,Fecha 17,Chacarita Juniors,false,https://es.wikipedia.org/wiki/Campeonato_de_Primera_Nacional_2023
2023-06-02,19:00,Estudiantes (LP),Barracas Central,5,2,,,Primera Division,2023,zonas,,Fecha 19,Jorge Luis Hirschi,false,https://es.wikipedia.org/wiki/Campeonato_de_Primera_División_2023_(Argentina)
2023-06-02,21:30,Argentinos Juniors,Platense,1,0,,,Primera Division,2023,zonas,,Fecha 19,Diego Armando Maradona,false,https://es.wikipedia.org/wiki/Campeonato_de_Primera_División_2023_(Argentina)
2023-06-02,21:30,Tigre,Talleres (C),1,3,,,Primera Division,2023,zonas,,Fecha 19,Monumental de Victoria,false,https://es.wikipedia.org/wiki/Campeonato_de_Primera_División_2023_(Argentina)
2023-06-02,22:15,Juventud Antoniana,Boca Unidos,2,1,,,Torneo Federal A,2023,zonas,Zona D,Fecha 14,Padre Ernesto Martearena,false,https://es.wikipedia.org/wiki/Torneo_Federal_A_2023
2023-06-03,12:30,Deportivo Riestra,Gimnasia y Esgrima (J),2,1,,,Primera Nacional,2023,zonas,Zona B,Fecha 17,Guillermo Laza,false,https://es.wikipedia.org/wiki/Campeonato_de_Primera_Nacional_2023
2023-06-03,14:00,Belgrano,Vélez Sarsfield,2,0,,,Primera Division,2023,zonas,,Fecha 19,Gigante de Alberdi,false,https://es.wikipedia.org/wiki/Campeonato_de_Primera_División_2023_(Argentina)
2023-06-03,15:00,Almagro,Güemes (SdE),1,1,,,Primera Nacional,2023,zonas,Zona A,Fecha 19,Tres de Febrero,false,https://es.wikipedia.org/wiki/Campeonato_de_Primera_Nacional_2023
2023-06-03,15:00,Olimpo,Sansinena,1,0,,,Torneo Federal A,2023,zonas,Zona A,Fecha 14,Roberto N. Carminatti,false,https://es.wikipedia.org/wiki/Torneo_Federal_A_2023
2023-06-03,15:00,Tristán Suárez,Estudiantes (BA),1,1,,,Primera Nacional,2023,zonas,Zona B,Fecha 17,20 de Octubre,false,https://es.wikipedia.org/wiki/Campeonato_de_Primera_Nacional_2023
2023-06-03,15:30,Agropecuario,Patronato,2,1,,,Primera Nacional,2023,zonas,Zona A,Fecha 19,Ofelia Rosenzuaig,false,https://es.wikipedia.org/wiki/Campeonato_de_Primera_Nacional_2023
2023-06-03,15:30,Colegiales,Fénix,1,2,,,Primera B,2023,zonas,Torneo Apertura,Fecha 17,Colegiales,false,https://es.wikipedia.org/wiki/Campeonato_de_Primera_B_2023_(Argentina)
2023-06-03,15:30,Ituzaingó,UAI Urquiza,1,3,,,Primera B,2023,zonas,Torneo Apertura,Fecha 17,Carlos Alberto Sacaan,false,https://es.wikipedia.org/wiki/Campeonato_de_Primera_B_2023_(Argentina)
2023-06-03,15:30,Puerto Nuevo,Claypole,0,1,,,Primera C,2023,zonas,,Fecha 20,Rubén Carlos Vallejos,false,https://es.wikipedia.org/wiki/Campeonato_de_Primera_C_2023_(Argentina)
2023-06-03,15:30,Victoriano Arenas,Luján,0,0,,,Primera C,2023,zonas,,Fecha 20,Saturnino Moure,false,https://es.wikipedia.org/wiki/Campeonato_de_Primera_C_2023_(Argentina)
2023-06-03,15:30,Villa San Carlos,Sacachispas,3,2,,,Primera B,2023,zonas,Torneo Apertura,Fecha 17,Genacio Sálice,false,https://es.wikipedia.org/wiki/Campeonato_de_Primera_B_2023_(Argentina)
2023-06-03,16:30,Chaco For Ever,Villa Dálmine,2,0,,,Primera Nacional,2023,zonas,Zona B,Fecha 17,Juan Alberto García,false,https://es.wikipedia.org/wiki/Campeonato_de_Primera_Nacional_2023
2023-06-03,16:30,River Plate,Defensa y Justicia,1,0,,,Primera Division,2023,zonas,,Fecha 19,Monumental,false,https://es.wikipedia.org/wiki/Campeonato_de_Primera_División_2023_(Argentina)
2023-06-03,19:00,Central Córdoba (SdE),Huracán,2,0,,,Primera Division,2023,zonas,,Fecha 19,Alfredo Terrera,false,https://es.wikipedia.org/wiki/Campeonato_de_Primera_División_2023_(Argentina)
2023-06-03,19:00,Rosario Central,Instituto,4,1,,,Primera Division,2023,zonas,,Fecha 19,Gigante de Arroyito,false,https://es.wikipedia.org/wiki/Campeonato_de_Primera_División_2023_(Argentina)
2023-06-03,19:30,Independiente Rivadavia,Deportivo Maipú,2,1,,,Primera Nacional,2023,zonas,Zona B,Fecha 17,Bautista Gargantini,false,https://es.wikipedia.org/wiki/Campeonato_de_Primera_Nacional_2023
2023-06-03,19:30,Liniers (BB),Sol de Mayo (V),0,1,,,Torneo Federal A,2023,zonas,Zona A,Fecha 14,Alejandro Pérez,false,https://es.wikipedia.org/wiki/Torneo_Federal_A_2023
2023-06-03,20:00,Ramón Santamarina,Cipolletti,1,0,,,Torneo Federal A,2023,zonas,Zona A,Fecha 14,Municipal General San Martín,false,https://es.wikipedia.org/wiki/Torneo_Federal_A_2023
2023-06-03,21:00,Temperley,Almirante Brown,1,1,,,Primera Nacional,2023,zonas,Zona A,Fecha 19,Alfredo Beranger,false,https://es.wikipedia.org/wiki/Campeonato_de_Primera_Nacional_2023
2023-06-03,21:30,Racing Club,Banfield,2,0,,,Primera Division,2023,zonas,,Fecha 19,El Cilindro,false,https://es.wikipedia.org/wiki/Campeonato_de_Primera_División_2023_(Argentina)
2023-06-04,11:00,Unión,Gimnasia y Esgrima (LP),2,0,,,Primera Division,2023,zonas,,Fecha 19,15 de abril,false,https://es.wikipedia.org/wiki/Campeonato_de_Primera_División_2023_(Argentina)
2023-06-04,11:35,Deportivo Armenio,Talleres (RdE),0,0,,,Primera B,2023,zonas,Torneo Apertura,Fecha 17,Armenia,false,https://es.wikipedia.org/wiki/Campeonato_de_Primera_B_2023_(Argentina)
2023-06-04,12:00,Nueva Chicago,Estudiantes (RC),2,0,,,Primera Nacional,2023,zonas,Zona A,Fecha 19,Nueva Chicago,false,https://es.wikipedia.org/wiki/Campeonato_de_Primera_Nacional_2023
2023-06-04,14:00,San Lorenzo,Colón,0,0,,,Primera Division,2023,zonas,,Fecha 19,Nuevo Gasómetro,false,https://es.wikipedia.org/wiki/Campeonato_de_Primera_División_2023_(Argentina)
2023-06-04,15:00,Guillermo Brown,Gimnasia y Esgrima (M),1,2,,,Primera Nacional,2023,zonas,Zona A,Fecha 19,Raúl Conti,false,https://es.wikipedia.org/wiki/Campeonato_de_Primera_Nacional_2023
2023-06-04,15:00,Juventud Unida Universitario,Ciudad de Bolívar,0,0,,,Torneo Federal A,2023,zonas,Zona B,Fecha 14,Mario Sebastián Diez,false,https://es.wikipedia.org/wiki/Torneo_Federal_A_2023
2023-06-04,15:00,San Telmo,Deportivo Morón,2,1,,,Primera Nacional,2023,zonas,Zona A,Fecha 19,Doctor Osvaldo Baletto,false,https://es.wikipedia.org/wiki/Campeonato_de_Primera_Nacional_2023
2023-06-04,15:00,Sportivo Las Parejas,Defensores de Pronunciamiento,0,1,,,Torneo Federal A,2023,zonas,Zona C,Fecha 14,4 de Septiembre,false,https://es.wikipedia.org/wiki/Torneo_Federal_A_2023
2023-06-04,15:30,Argentino de Quilmes,Argentino de Merlo,0,0,,,Primera B,2023,zonas,Torneo Apertura,Fecha 17,Argentino de Quilmes,false,https://es.wikipedia.org/wiki/Campeonato_de_Primera_B_2023_(Argentina)
2023-06-04,15:30,Atlas,Sportivo Italiano,1,0,,,Primera C,2023,zonas,,Fecha 20,Ricardo Puga,false,https://es.wikipedia.org/wiki/Campeonato_de_Primera_C_2023_(Argentina)
2023-06-04,15:30,Comunicaciones,Cañuelas,0,0,,,Primera B,2023,zonas,Torneo Apertura,Fecha 17,Alfredo Ramos,false,https://es.wikipedia.org/wiki/Campeonato_de_Primera_B_2023_(Argentina)
2023-06-04,15:30,Defensores Unidos,Alvarado,0,0,,,Primera Nacional,2023,zonas,Zona A,Fecha 19,Gigante de Villa Fox,false,https://es.wikipedia.org/wiki/Campeonato_de_Primera_Nacional_2023
2023-06-04,15:30,Deportivo Laferrere,Real Pilar,2,0,,,Primera C,2023,zonas,,Fecha 20,Ciudad de Laferrere,false,https://es.wikipedia.org/wiki/Campeonato_de_Primera_C_2023_(Argentina)
2023-06-04,15:30,Deportivo Merlo,Dock Sud,1,5,,,Primera B,2023,zonas,Torneo Apertura,Fecha 17,José Manuel Moreno,false,https://es.wikipedia.org/wiki/Campeonato_de_Primera_B_2023_(Argentina)
2023-06-04,15:30,General Lamadrid,J. J. de Urquiza,2,1,,,Primera C,2023,zonas,,Fecha 20,Enrique Sexto,false,https://es.wikipedia.org/wiki/Campeonato_de_Primera_C_2023_(Argentina)
2023-06-04,15:30,Gimnasia y Esgrima (CdU),Sportivo Belgrano,1,2,,,Torneo Federal A,2023,zonas,Zona C,Fecha 14,Manuel y Ramón Núñez,false,https://es.wikipedia.org/wiki/Torneo_Federal_A_2023
2023-06-04,15:30,Independiente (C),Defensores de Belgrano (VR),0,0,,,Torneo Federal A,2023,zonas,Zona C,Fecha 14,Raúl Orlando Lungarzo,false,https://es.wikipedia.org/wiki/Torneo_Federal_A_2023
2023-06-04,15:30,Los Andes,Acassuso,1,1,,,Primera B,2023,zonas,Torneo Apertura,Fecha 17,Eduardo Gallardón,false,https://es.wikipedia.org/wiki/Campeonato_de_Primera_B_2023_(Argentina)
2023-06-04,15:30,San Martín (B),Central Córdoba (R),2,0,,,Primera C,2023,zonas,,Fecha 20,Francisco Boga,false,https://es.wikipedia.org/wiki/Campeonato_de_Primera_C_2023_(Argentina)
2023-06-04,16:00,Aldosivi,Ferro Carril Oeste,1,2,,,Primera Nacional,2023,zonas,Zona B,Fecha 17,José María Minella,false,https://es.wikipedia.org/wiki/Campeonato_de_Primera_Nacional_2023
2023-06-04,16:00,Atenas (RC),Ferro Carril Oeste (GP),3,1,,,Torneo Federal A,2023,zonas,Zona B,Fecha 14,9 de Julio,false,https://es.wikipedia.org/wiki/Torneo_Federal_A_2023
2023-06-04,16:00,Crucero del Norte,Sol de América (F),2,1,,,Torneo Federal A,2023,zonas,Zona D,Fecha 14,Comandante Andrés Guacurarí,false,https://es.wikipedia.org/wiki/Torneo_Federal_A_2023
2023-06-04,16:00,Douglas Haig,Unión (S),2,1,,,Torneo Federal A,2023,zonas,Zona C,Fecha 14,Miguel Morales,false,https://es.wikipedia.org/wiki/Torneo_Federal_A_2023
2023-06-04,16:00,Gimnasia y Tiro (S),9 de Julio (R),2,0,,,Torneo Federal A,2023,zonas,Zona D,Fecha 14,El Gigante del Norte,false,https://es.wikipedia.org/wiki/Torneo_Federal_A_2023
2023-06-04,16:00,Huracán Las Heras,Sportivo Estudiantes (SL),2,1,,,Torneo Federal A,2023,zonas,Zona B,Fecha 14,General San Martín,false,https://es.wikipedia.org/wiki/Torneo_Federal_A_2023
2023-06-04,16:00,San Martín (F),Central Norte (S),2,0,,,Torneo Federal A,2023,zonas,Zona D,Fecha 14,17 de Octubre,false,https://es.wikipedia.org/wiki/Torneo_Federal_A_2023
2023-06-04,16:30,Villa Mitre,Germinal,3,0,,,Torneo Federal A,2023,zonas,Zona A,Fecha 14,El Fortín (BB),false,https://es.wikipedia.org/wiki/Torneo_Federal_A_2023
2023-06-04,17:00,Godoy Cruz,Independiente,2,1,,,Primera Division,2023,zonas,,Fecha 19,Malvinas Argentinas,false,https://es.wikipedia.org/wiki/Campeonato_de_Primera_División_2023_(Argentina)
2023-06-04,17:00,San Martín (SJ),Flandria,2,0,,,Primera Nacional,2023,zonas,Zona A,Fecha 19,Ingeniero Hilario Sánchez,false,https://es.wikipedia.org/wiki/Campeonato_de_Primera_Nacional_2023
2023-06-04,17:00,San Martín (SM),Argentino (MM),0,0,,,Torneo Federal A,2023,zonas,Zona B,Fecha 14,Libertador General San Martín,false,https://es.wikipedia.org/wiki/Torneo_Federal_A_2023
2023-06-04,20:10,San Martín (T),Defensores de Belgrano,3,1,,,Primera Nacional,2023,zonas,Zona A,Fecha 19,La Ciudadela,false,https://es.wikipedia.org/wiki/Campeonato_de_Primera_Nacional_2023
2023-06-04,21:30,Lanús,Atlético Tucumán,2,1,,,Primera Division,2023,zonas,,Fecha 19,Ciudad de Lanús,false,https://es.wikipedia.org/wiki/Campeonato_de_Primera_División_2023_(Argentina)
2023-06-05,14:30,Mitre (SdE),Deportivo Madryn,1,0,,,Primera Nacional,2023,zonas,Zona B,Fecha 17,Dres. José y Antonio Castiglione,false,https://es.wikipedia.org/wiki/Campeonato_de_Primera_Nacional_2023
2023-06-05,15:30,Leandro N. Alem,Berazategui,2,2,,,Primera C,2023,zonas,,Fecha 20,Leandro N. Alem,false,https://es.wikipedia.org/wiki/Campeonato_de_Primera_C_2023_(Argentina)
2023-06-05,17:45,Atlanta,Brown de Adrogué,1,2,,,Primera Nacional,2023,zonas,Zona B,Fecha 17,Don León Kolbowski,false,https://es.wikipedia.org/wiki/Campeonato_de_Primera_Nacional_2023
2023-06-05,20:00,Excursionistas,Liniers,3,0,,,Primera C,2023,zonas,,Fecha 20,Excursionistas,false,https://es.wikipedia.org/wiki/Campeonato_de_Primera_C_2023_(Argentina)
2023-06-05,21:00,Racing Club,Quilmes,0,1,,,Primera Nacional,2023,zonas,Zona B,Fecha 17,Miguel Sancho,false,https://es.wikipedia.org/wiki/Campeonato_de_Primera_Nacional_2023
2023-06-06,,Talleres (C),Chacarita Juniors,2,0,,,Copa Argentina,2023,eliminacion,,Treintaidosavos,Carlos Augusto Mercado Luna,true,https://es.wikipedia.org/wiki/Copa_Argentina_2023
2023-06-07,,Instituto,Deportivo Riestra,2,1,,,Copa Argentina,2023,eliminacion,,Treintaidosavos,23 de agosto,true,https://es.wikipedia.org/wiki/Copa_Argentina_2023
2023-06-07,,Vélez Sarsfield,Deportivo Español,5,1,,,Copa Argentina,2023,eliminacion,,Treintaidosavos,Centenario Ciudad de Quilmes,true,https://es.wikipedia.org/wiki/Copa_Argentina_2023
2023-06-08,20:10,San Martín (T),Estudiantes (RC),0,0,,,Primera Nacional,2023,zonas,Zona A,Fecha 20,La Ciudadela,false,https://es.wikipedia.org/wiki/Campeonato_de_Primera_Nacional_2023
2023-06-09,15:30,Barracas Central,Rosario Central,0,0,,,Primera Division,2023,zonas,,Fecha 20,Claudio Chiqui Tapia,false,https://es.wikipedia.org/wiki/Campeonato_de_Primera_División_2023_(Argentina)
2023-06-09,15:30,Colegiales,Argentino de Merlo,2,2,,,Primera B,2023,zonas,Torneo Clausura,Fecha 1,Colegiales,false,https://es.wikipedia.org/wiki/Campeonato_de_Primera_B_2023_(Argentina)
2023-06-09,19:00,Nueva Chicago,All Boys,2,0,,,Primera Nacional,2023,zonas,Zona A,Fecha 20,Nueva Chicago,false,https://es.wikipedia.org/wiki/Campeonato_de_Primera_Nacional_2023
2023-06-09,20:00,Independiente,Sarmiento (J),2,0,,,Primera Division,2023,zonas,,Fecha 20,Libertadores de América,false,https://es.wikipedia.org/wiki/Campeonato_de_Primera_División_2023_(Argentina)
2023-06-09,21:30,San Martín (SJ),Alvarado,1,1,,,Primera Nacional,2023,zonas,Zona A,Fecha 20,Ingeniero Hilario Sánchez,false,https://es.wikipedia.org/wiki/Campeonato_de_Primera_Nacional_2023
2023-06-10,14:00,Argentino (MM),Huracán Las Heras,4,0,,,Torneo Federal A,2023,zonas,Zona B,Fecha 15,Modesto Marrone,false,https://es.wikipedia.org/wiki/Torneo_Federal_A_2023
2023-06-10,14:00,Ciudad de Bolívar,San Martín (SM),3,0,,,Torneo Federal A,2023,zonas,Zona B,Fecha 15,Municipal Eva Perón,false,https://es.wikipedia.org/wiki/Torneo_Federal_A_2023
2023-06-10,14:35,San Telmo,Almirante Brown,3,1,,,Primera Nacional,2023,zonas,Zona A,Fecha 20,Doctor Osvaldo Baletto,false,https://es.wikipedia.org/wiki/Campeonato_de_Primera_Nacional_2023
2023-06-10,15:00,Germinal,Ramón Santamarina,0,2,,,Torneo Federal A,2023,zonas,Zona A,Fecha 15,El Fortín (R),false,https://es.wikipedia.org/wiki/Torneo_Federal_A_2023
2023-06-10,15:00,Guillermo Brown,Patronato,0,0,,,Primera Nacional,2023,zonas,Zona A,Fecha 20,Raúl Conti,false,https://es.wikipedia.org/wiki/Campeonato_de_Primera_Nacional_2023
2023-06-10,15:00,Sportivo Peñarol (C),Juventud Unida Universitario,2,0,,,Torneo Federal A,2023,zonas,Zona B,Fecha 15,Ramón Pablo Rojas,false,https://es.wikipedia.org/wiki/Torneo_Federal_A_2023
2023-06-10,15:30,Agropecuario,Güemes (SdE),1,0,,,Primera Nacional,2023,zonas,Zona A,Fecha 20,Ofelia Rosenzuaig,false,https://es.wikipedia.org/wiki/Campeonato_de_Primera_Nacional_2023
2023-06-10,15:30,Almagro,Deportivo Morón,0,1,,,Primera Nacional,2023,zonas,Zona A,Fecha 20,Tres de Febrero,false,https://es.wikipedia.org/wiki/Campeonato_de_Primera_Nacional_2023
2023-06-10,15:30,Argentino de Quilmes,Acassuso,2,1,,,Primera B,2023,zonas,Torneo Clausura,Fecha 1,Argentino de Quilmes,false,https://es.wikipedia.org/wiki/Campeonato_de_Primera_B_2023_(Argentina)
2023-06-10,15:30,Central Córdoba (R),General Lamadrid,3,1,,,Primera C,2023,zonas,,Fecha 21,Gabino Sosa,false,https://es.wikipedia.org/wiki/Campeonato_de_Primera_C_2023_(Argentina)
2023-06-10,15:30,Defensores Unidos,Gimnasia y Esgrima (M),1,0,,,Primera Nacional,2023,zonas,Zona A,Fecha 20,Gigante de Villa Fox,false,https://es.wikipedia.org/wiki/Campeonato_de_Primera_Nacional_2023
2023-06-10,15:30,Deportivo Armenio,Dock Sud,0,0,,,Primera B,2023,zonas,Torneo Clausura,Fecha 1,Armenia,false,https://es.wikipedia.org/wiki/Campeonato_de_Primera_B_2023_(Argentina)
2023-06-10,15:30,Real Pilar,Excursionistas,2,3,,,Primera C,2023,zonas,,Fecha 21,Carlos Barraza,false,https://es.wikipedia.org/wiki/Campeonato_de_Primera_C_2023_(Argentina)
2023-06-10,15:30,San Miguel,Sacachispas,0,0,,,Primera B,2023,zonas,Torneo Clausura,Fecha 1,Malvinas Argentinas,false,https://es.wikipedia.org/wiki/Campeonato_de_Primera_B_2023_(Argentina)
2023-06-10,15:30,Sportivo Italiano,Leandro N. Alem,1,1,,,Primera C,2023,zonas,,Fecha 21,República de Italia,false,https://es.wikipedia.org/wiki/Campeonato_de_Primera_C_2023_(Argentina)
2023-06-10,15:30,Villa San Carlos,Fénix,0,2,,,Primera B,2023,zonas,Torneo Clausura,Fecha 1,Genacio Sálice,false,https://es.wikipedia.org/wiki/Campeonato_de_Primera_B_2023_(Argentina)
2023-06-10,16:35,Temperley,Defensores de Belgrano,1,1,,,Primera Nacional,2023,zonas,Zona A,Fecha 20,Alfredo Beranger,false,https://es.wikipedia.org/wiki/Campeonato_de_Primera_Nacional_2023
2023-06-10,18:00,Ituzaingó,Cañuelas,0,0,,,Primera B,2023,zonas,Torneo Clausura,Fecha 1,Carlos Sacaan,false,https://es.wikipedia.org/wiki/Campeonato_de_Primera_B_2023_(Argentina)
2023-06-10,19:00,Platense,Tigre,1,0,,,Primera Division,2023,zonas,,Fecha 20,Ciudad de Vicente López,false,https://es.wikipedia.org/wiki/Campeonato_de_Primera_División_2023_(Argentina)
2023-06-10,20:00,Boca Juniors,Lanús,1,1,,,Primera Division,2023,zonas,,Fecha 20,La Bombonera,false,https://es.wikipedia.org/wiki/Campeonato_de_Primera_División_2023_(Argentina)
2023-06-10,21:30,Talleres (C),Arsenal,1,0,,,Primera Division,2023,zonas,,Fecha 20,Mario Alberto Kempes,false,https://es.wikipedia.org/wiki/Campeonato_de_Primera_División_2023_(Argentina)
2023-06-11,15:00,Círculo Deportivo,Sansinena,0,3,,,Torneo Federal A,2023,zonas,Zona A,Fecha 15,Guillermo Trama,false,https://es.wikipedia.org/wiki/Torneo_Federal_A_2023
2023-06-11,15:00,Defensores de Pronunciamiento,Independiente (C),2,1,,,Torneo Federal A,2023,zonas,Zona C,Fecha 15,Delio Cardozo,false,https://es.wikipedia.org/wiki/Torneo_Federal_A_2023
2023-06-11,15:00,Olimpo,Liniers (BB),1,0,,,Torneo Federal A,2023,zonas,Zona A,Fecha 15,Roberto N. Carminatti,false,https://es.wikipedia.org/wiki/Torneo_Federal_A_2023
2023-06-11,15:00,Sol de Mayo (V),Villa Mitre,1,1,,,Torneo Federal A,2023,zonas,Zona A,Fecha 15,Sol de Mayo,false,https://es.wikipedia.org/wiki/Torneo_Federal_A_2023
2023-06-11,15:00,Sportivo Belgrano,Douglas Haig,0,2,,,Torneo Federal A,2023,zonas,Zona C,Fecha 15,Oscar Carlos Boero,false,https://es.wikipedia.org/wiki/Torneo_Federal_A_2023
2023-06-11,15:30,Defensores de Belgrano (VR),Gimnasia y Esgrima (CdU),1,0,,,Torneo Federal A,2023,zonas,Zona C,Fecha 15,Único de San Nicolás,false,https://es.wikipedia.org/wiki/Torneo_Federal_A_2023
2023-06-11,15:30,El Linqueño,Sportivo Las Parejas,1,2,,,Torneo Federal A,2023,zonas,Zona C,Fecha 15,Leonardo Costa,false,https://es.wikipedia.org/wiki/Torneo_Federal_A_2023
2023-06-11,16:00,Sol de América (F),Juventud Antoniana,1,0,,,Torneo Federal A,2023,zonas,Zona D,Fecha 15,Sol de América,false,https://es.wikipedia.org/wiki/Torneo_Federal_A_2023
2023-06-11,17:00,Central Norte (S),Gimnasia y Tiro (S),0,0,,,Torneo Federal A,2023,zonas,Zona D,Fecha 15,Padre Ernesto Martearena,false,https://es.wikipedia.org/wiki/Torneo_Federal_A_2023
2023-06-11,17:30,9 de Julio (R),Crucero del Norte,2,1,,,Torneo Federal A,2023,zonas,Zona D,Fecha 15,Germán Solterman,false,https://es.wikipedia.org/wiki/Torneo_Federal_A_2023
2023-06-11,18:00,Sarmiento (R),San Martín (F),1,0,,,Torneo Federal A,2023,zonas,Zona D,Fecha 15,Centenario,false,https://es.wikipedia.org/wiki/Torneo_Federal_A_2023
2023-06-12,14:00,Newell's Old Boys,Unión,1,1,,,Primera Division,2023,zonas,,Fecha 20,Marcelo Bielsa,false,https://es.wikipedia.org/wiki/Campeonato_de_Primera_División_2023_(Argentina)
2023-06-12,15:30,Berazategui,Victoriano Arenas,1,0,,,Primera C,2023,zonas,,Fecha 21,Norman Lee,false,https://es.wikipedia.org/wiki/Campeonato_de_Primera_C_2023_(Argentina)
2023-06-12,15:30,Claypole,Yupanqui,3,0,,,Primera C,2023,zonas,,Fecha 21,Rodolfo Capocasa,false,https://es.wikipedia.org/wiki/Campeonato_de_Primera_C_2023_(Argentina)
2023-06-12,15:30,Deportivo Merlo,UAI Urquiza,1,0,,,Primera B,2023,zonas,Torneo Clausura,Fecha 1,José Manuel Moreno,false,https://es.wikipedia.org/wiki/Campeonato_de_Primera_B_2023_(Argentina)
2023-06-12,15:30,Liniers,San Martín (B),1,0,,,Primera C,2023,zonas,,Fecha 21,Juan Antonio Arias,false,https://es.wikipedia.org/wiki/Campeonato_de_Primera_C_2023_(Argentina)
2023-06-12,15:30,Luján,Deportivo Laferrere,1,0,,,Primera C,2023,zonas,,Fecha 21,1 de Abril,false,https://es.wikipedia.org/wiki/Campeonato_de_Primera_C_2023_(Argentina)
2023-06-12,17:00,San Lorenzo,Central Córdoba (SdE),0,0,,,Primera Division,2023,zonas,,Fecha 20,Nuevo Gasómetro,false,https://es.wikipedia.org/wiki/Campeonato_de_Primera_División_2023_(Argentina)
2023-06-12,19:15,Banfield,River Plate,1,4,,,Primera Division,2023,zonas,,Fecha 20,Florencio Sola,false,https://es.wikipedia.org/wiki/Campeonato_de_Primera_División_2023_(Argentina)
2023-06-12,21:45,Instituto,Racing Club,1,1,,,Primera Division,2023,zonas,,Fecha 20,Juan Domingo Perón,false,https://es.wikipedia.org/wiki/Campeonato_de_Primera_División_2023_(Argentina)
2023-06-12,21:45,Vélez Sarsfield,Argentinos Juniors,0,1,,,Primera Division,2023,zonas,,Fecha 20,José Amalfitani,false,https://es.wikipedia.org/wiki/Campeonato_de_Primera_División_2023_(Argentina)
2023-06-13,15:30,Deportivo Español,Atlas,1,1,,,Primera C,2023,zonas,,Fecha 21,Nueva España,false,https://es.wikipedia.org/wiki/Campeonato_de_Primera_C_2023_(Argentina)
2023-06-13,15:30,Los Andes,Talleres (RdE),0,1,,,Primera B,2023,zonas,Torneo Clausura,Fecha 1,Eduardo Gallardón,false,https://es.wikipedia.org/wiki/Campeonato_de_Primera_B_2023_(Argentina)
2023-06-13,16:00,Sportivo Estudiantes (SL),Atenas (RC),3,0,,,Torneo Federal A,2023,zonas,Zona B,Fecha 15,Héctor Odicino y Pedro Benoza,false,https://es.wikipedia.org/wiki/Torneo_Federal_A_2023
2023-06-13,18:00,Colón,Estudiantes (LP),1,0,,,Primera Division,2023,zonas,,Fecha 20,Brigadier Estanislao López,false,https://es.wikipedia.org/wiki/Campeonato_de_Primera_División_2023_(Argentina)
2023-06-13,18:00,Defensa y Justicia,Belgrano,2,0,,,Primera Division,2023,zonas,,Fecha 20,Norberto Tomaghello,false,https://es.wikipedia.org/wiki/Campeonato_de_Primera_División_2023_(Argentina)
2023-06-13,20:00,Ferrocarril Midland,Puerto Nuevo,2,1,,,Primera C,2023,zonas,,Fecha 21,Ciudad de Libertad,false,https://es.wikipedia.org/wiki/Campeonato_de_Primera_C_2023_(Argentina)
2023-06-13,20:30,Atlético Tucumán,Godoy Cruz,2,1,,,Primera Division,2023,zonas,,Fecha 20,Monumental José Fierro,false,https://es.wikipedia.org/wiki/Campeonato_de_Primera_División_2023_(Argentina)
2023-06-13,20:30,Gimnasia y Esgrima (LP),Huracán,1,0,,,Primera Division,2023,zonas,,Fecha 20,Del Bosque,false,https://es.wikipedia.org/wiki/Campeonato_de_Primera_División_2023_(Argentina)
2023-06-14,,Aldosivi,San Martín (SJ),0,1,,,Copa Argentina,2023,eliminacion,,Treintaidosavos,Ciudad de Caseros,true,https://es.wikipedia.org/wiki/Copa_Argentina_2023
2023-06-14,17:10,Patronato,Almirante Brown,0,1,,,Primera Nacional,2023,zonas,Zona A,Fecha 10,Presbítero Bartolomé Grella,false,https://es.wikipedia.org/wiki/Campeonato_de_Primera_Nacional_2023
2023-06-15,21:00,Argentino de Merlo,Villa San Carlos,0,1,,,Primera B,2023,zonas,Torneo Clausura,Fecha 2,Merlo,false,https://es.wikipedia.org/wiki/Campeonato_de_Primera_B_2023_(Argentina)
2023-06-16,20:00,Excursionistas,Luján,1,0,,,Primera C,2023,zonas,,Fecha 22,Excursionistas,false,https://es.wikipedia.org/wiki/Campeonato_de_Primera_C_2023_(Argentina)
2023-06-16,20:05,Estudiantes (RC),Temperley,1,0,,,Primera Nacional,2023,zonas,Zona A,Fecha 21,Antonio Candini,false,https://es.wikipedia.org/wiki/Campeonato_de_Primera_Nacional_2023
2023-06-17,12:10,Comunicaciones,Ituzaingó,3,0,,,Primera B,2023,zonas,Torneo Clausura,Fecha 2,Alfredo Ramos,false,https://es.wikipedia.org/wiki/Campeonato_de_Primera_B_2023_(Argentina)
2023-06-17,15:00,Liniers (BB),Círculo Deportivo,2,0,,,Torneo Federal A,2023,zonas,Zona A,Fecha 16,Alejandro Pérez,false,https://es.wikipedia.org/wiki/Torneo_Federal_A_2023
2023-06-17,15:00,Ramón Santamarina,Sol de Mayo (V),0,0,,,Torneo Federal A,2023,zonas,Zona A,Fecha 16,Municipal General San Martín,false,https://es.wikipedia.org/wiki/Torneo_Federal_A_2023
2023-06-17,15:00,Tristán Suárez,Atlético de Rafaela,0,0,,,Primera Nacional,2023,zonas,Zona B,Fecha 18,20 de Octubre,false,https://es.wikipedia.org/wiki/Campeonato_de_Primera_Nacional_2023
2023-06-17,15:05,Chacarita Juniors,Deportivo Madryn,0,0,,,Primera Nacional,2023,zonas,Zona B,Fecha 18,Chacarita Juniors,false,https://es.wikipedia.org/wiki/Campeonato_de_Primera_Nacional_2023
2023-06-17,15:30,Acassuso,Colegiales,0,0,,,Primera B,2023,zonas,Torneo Clausura,Fecha 2,Armenia,false,https://es.wikipedia.org/wiki/Campeonato_de_Primera_B_2023_(Argentina)
2023-06-17,15:30,Boca Unidos,Sol de América (F),2,2,,,Torneo Federal A,2023,zonas,Zona D,Fecha 16,Leoncio Benítez,false,https://es.wikipedia.org/wiki/Torneo_Federal_A_2023
2023-06-17,15:30,Cañuelas,Deportivo Merlo,0,0,,,Primera B,2023,zonas,Torneo Clausura,Fecha 2,Jorge Arin,false,https://es.wikipedia.org/wiki/Campeonato_de_Primera_B_2023_(Argentina)
2023-06-17,15:30,Crucero del Norte,Central Norte (S),1,2,,,Torneo Federal A,2023,zonas,Zona D,Fecha 16,Comandante Andrés Guacurarí,false,https://es.wikipedia.org/wiki/Torneo_Federal_A_2023
2023-06-17,15:30,Huracán Las Heras,Ciudad de Bolívar,0,2,,,Torneo Federal A,2023,zonas,Zona B,Fecha 16,General San Martín,false,https://es.wikipedia.org/wiki/Torneo_Federal_A_2023
2023-06-17,15:30,UAI Urquiza,Deportivo Armenio,1,0,,,Primera B,2023,zonas,Torneo Clausura,Fecha 2,Monumental de Villa Lynch,false,https://es.wikipedia.org/wiki/Campeonato_de_Primera_B_2023_(Argentina)
2023-06-17,15:30,Yupanqui,Ferrocarril Midland,1,0,,,Primera C,2023,zonas,,Fecha 22,Ciudad Evita,false,https://es.wikipedia.org/wiki/Campeonato_de_Primera_C_2023_(Argentina)
2023-06-17,17:05,Independiente Rivadavia,Aldosivi,2,1,,,Primera Nacional,2023,zonas,Zona B,Fecha 18,Bautista Gargantini,false,https://es.wikipedia.org/wiki/Campeonato_de_Primera_Nacional_2023
2023-06-17,18:00,Douglas Haig,Defensores de Belgrano (VR),2,1,,,Torneo Federal A,2023,zonas,Zona C,Fecha 16,Miguel Morales,false,https://es.wikipedia.org/wiki/Torneo_Federal_A_2023
2023-06-17,19:00,Alvarado,Flandria,2,0,,,Primera Nacional,2023,zonas,Zona A,Fecha 21,José María Minella,false,https://es.wikipedia.org/wiki/Campeonato_de_Primera_Nacional_2023
2023-06-17,19:00,Deportivo Morón,Agropecuario,2,1,,,Primera Nacional,2023,zonas,Zona A,Fecha 21,Nuevo Francisco Urbano,false,https://es.wikipedia.org/wiki/Campeonato_de_Primera_Nacional_2023
2023-06-17,19:00,San Martín (SM),Sportivo Peñarol (C),1,0,,,Torneo Federal A,2023,zonas,Zona B,Fecha 16,Libertador General San Martín,false,https://es.wikipedia.org/wiki/Torneo_Federal_A_2023
2023-06-18,13:10,Patronato,Defensores Unidos,1,0,,,Primera Nacional,2023,zonas,Zona A,Fecha 21,Presbítero Bartolomé Grella,false,https://es.wikipedia.org/wiki/Campeonato_de_Primera_Nacional_2023
2023-06-18,15:00,Defensores de Belgrano,San Telmo,2,0,,,Primera Nacional,2023,zonas,Zona A,Fecha 21,Juan Pasquale,false,https://es.wikipedia.org/wiki/Campeonato_de_Primera_Nacional_2023
2023-06-18,15:00,Independiente (C),El Linqueño,2,0,,,Torneo Federal A,2023,zonas,Zona C,Fecha 16,Raúl Orlando Lungarzo,false,https://es.wikipedia.org/wiki/Torneo_Federal_A_2023
2023-06-18,15:00,Unión (S),Sportivo Belgrano,1,1,,,Torneo Federal A,2023,zonas,Zona C,Fecha 16,De la Avenida,false,https://es.wikipedia.org/wiki/Torneo_Federal_A_2023
2023-06-18,15:10,Gimnasia y Esgrima (M),San Martín (SJ),2,0,,,Primera Nacional,2023,zonas,Zona A,Fecha 21,Víctor Antonio Legrotaglie,false,https://es.wikipedia.org/wiki/Campeonato_de_Primera_Nacional_2023
2023-06-18,15:30,Atlas,Claypole,2,1,,,Primera C,2023,zonas,,Fecha 22,Ricardo Puga,false,https://es.wikipedia.org/wiki/Campeonato_de_Primera_C_2023_(Argentina)
2023-06-18,15:30,Deportivo Laferrere,Berazategui,0,1,,,Primera C,2023,zonas,,Fecha 22,Ciudad de Laferrere,false,https://es.wikipedia.org/wiki/Campeonato_de_Primera_C_2023_(Argentina)
2023-06-18,15:30,Dock Sud,Los Andes,0,0,,,Primera B,2023,zonas,Torneo Clausura,Fecha 2,De los Inmigrantes,false,https://es.wikipedia.org/wiki/Campeonato_de_Primera_B_2023_(Argentina)
2023-06-18,15:30,Gimnasia y Esgrima (CdU),Defensores de Pronunciamiento,0,0,,,Torneo Federal A,2023,zonas,Zona C,Fecha 16,Manuel y Ramón Núñez,false,https://es.wikipedia.org/wiki/Torneo_Federal_A_2023
2023-06-18,15:30,Güemes (SdE),Guillermo Brown,1,1,,,Primera Nacional,2023,zonas,Zona A,Fecha 21,Arturo Miranda,false,https://es.wikipedia.org/wiki/Campeonato_de_Primera_Nacional_2023
2023-06-18,15:30,Mitre (SdE),Villa Dálmine,3,1,,,Primera Nacional,2023,zonas,Zona B,Fecha 18,Dres. José y Antonio Castiglione,false,https://es.wikipedia.org/wiki/Campeonato_de_Primera_Nacional_2023
2023-06-18,16:00,Cipolletti,Germinal,1,0,,,Torneo Federal A,2023,zonas,Zona A,Fecha 16,La Visera de Cemento,false,https://es.wikipedia.org/wiki/Torneo_Federal_A_2023
2023-06-18,16:00,Ferro Carril Oeste (GP),Sportivo Estudiantes (SL),1,0,,,Torneo Federal A,2023,zonas,Zona B,Fecha 16,El Coloso del Barrio Talleres,false,https://es.wikipedia.org/wiki/Torneo_Federal_A_2023
2023-06-18,16:10,Villa Mitre,Olimpo,1,0,,,Torneo Federal A,2023,zonas,Zona A,Fecha 16,El Fortín (BB),false,https://es.wikipedia.org/wiki/Torneo_Federal_A_2023
2023-06-18,16:30,Atenas (RC),Argentino (MM),0,0,,,Torneo Federal A,2023,zonas,Zona B,Fecha 16,9 de Julio,false,https://es.wikipedia.org/wiki/Torneo_Federal_A_2023
2023-06-18,16:30,Gimnasia y Tiro (S),Sarmiento (R),0,0,,,Torneo Federal A,2023,zonas,Zona D,Fecha 16,El Gigante del Norte,false,https://es.wikipedia.org/wiki/Torneo_Federal_A_2023
2023-06-18,17:10,Ferro Carril Oeste,Gimnasia y Esgrima (J),3,0,,,Primera Nacional,2023,zonas,Zona B,Fecha 18,Arquitecto Ricardo Etcheverri,false,https://es.wikipedia.org/wiki/Campeonato_de_Primera_Nacional_2023
2023-06-18,18:00,Juventud Antoniana,9 de Julio (R),1,1,,,Torneo Federal A,2023,zonas,Zona D,Fecha 16,Padre Ernesto Martearena,false,https://es.wikipedia.org/wiki/Torneo_Federal_A_2023
2023-06-18,19:10,All Boys,San Martín (T),0,1,,,Primera Nacional,2023,zonas,Zona A,Fecha 21,Islas Malvinas,false,https://es.wikipedia.org/wiki/Campeonato_de_Primera_Nacional_2023
2023-06-19,,Banfield,Argentino de Merlo,3,0,,,Copa Argentina,2023,eliminacion,,Treintaidosavos,Único Diego Armando Maradona,true,https://es.wikipedia.org/wiki/Copa_Argentina_2023
2023-06-19,15:00,Almirante Brown,Almagro,1,0,,,Primera Nacional,2023,zonas,Zona A,Fecha 21,Fragata Presidente Sarmiento,false,https://es.wikipedia.org/wiki/Campeonato_de_Primera_Nacional_2023
2023-06-19,15:00,Atlanta,Estudiantes (BA),3,2,,,Primera Nacional,2023,zonas,Zona B,Fecha 18,Don León Kolbowski,false,https://es.wikipedia.org/wiki/Campeonato_de_Primera_Nacional_2023
2023-06-19,15:00,Deportivo Riestra,Quilmes,1,1,,,Primera Nacional,2023,zonas,Zona B,Fecha 18,Guillermo Laza,false,https://es.wikipedia.org/wiki/Campeonato_de_Primera_Nacional_2023
2023-06-19,15:30,Fénix,San Miguel,2,1,,,Primera B,2023,zonas,Torneo Clausura,Fecha 2,Tres de Febrero,false,https://es.wikipedia.org/wiki/Campeonato_de_Primera_B_2023_(Argentina)
2023-06-19,15:30,General Lamadrid,Liniers,2,1,,,Primera C,2023,zonas,,Fecha 22,Enrique Sexto,false,https://es.wikipedia.org/wiki/Campeonato_de_Primera_C_2023_(Argentina)
2023-06-19,15:30,J. J. de Urquiza,Central Córdoba (R),1,0,,,Primera C,2023,zonas,,Fecha 22,Ramón Roque Martín,false,https://es.wikipedia.org/wiki/Campeonato_de_Primera_C_2023_(Argentina)
2023-06-19,15:30,San Martín (B),Real Pilar,1,1,,,Primera C,2023,zonas,,Fecha 22,Francisco Boga,false,https://es.wikipedia.org/wiki/Campeonato_de_Primera_C_2023_(Argentina)
2023-06-19,15:30,Talleres (RdE),Argentino de Quilmes,2,1,,,Primera B,2023,zonas,Torneo Clausura,Fecha 2,Pablo Comelli,false,https://es.wikipedia.org/wiki/Campeonato_de_Primera_B_2023_(Argentina)
2023-06-19,15:30,Victoriano Arenas,Sportivo Italiano,0,3,,,Primera C,2023,zonas,,Fecha 22,Saturnino Moure,false,https://es.wikipedia.org/wiki/Campeonato_de_Primera_C_2023_(Argentina)
2023-06-19,16:30,Chaco For Ever,Deportivo Maipú,0,1,,,Primera Nacional,2023,zonas,Zona B,Fecha 18,Juan Alberto García,false,https://es.wikipedia.org/wiki/Campeonato_de_Primera_Nacional_2023
2023-06-19,19:00,Racing Club,Brown de Adrogué,1,2,,,Primera Nacional,2023,zonas,Zona B,Fecha 18,Miguel Sancho,false,https://es.wikipedia.org/wiki/Campeonato_de_Primera_Nacional_2023
2023-06-20,15:30,Leandro N. Alem,Deportivo Español,2,0,,,Primera C,2023,zonas,,Fecha 22,Leandro N. Alem,false,https://es.wikipedia.org/wiki/Campeonato_de_Primera_C_2023_(Argentina)
2023-06-21,19:00,Estudiantes (LP),San Lorenzo,1,1,,,Primera Division,2023,zonas,,Fecha 21,Jorge Luis Hirschi,false,https://es.wikipedia.org/wiki/Campeonato_de_Primera_División_2023_(Argentina)
2023-06-21,21:30,Central Córdoba (SdE),Gimnasia y Esgrima (LP),0,0,,,Primera Division,2023,zonas,,Fecha 21,Alfredo Terrera,false,https://es.wikipedia.org/wiki/Campeonato_de_Primera_División_2023_(Argentina)
2023-06-22,17:00,Tigre,Vélez Sarsfield,2,1,,,Primera Division,2023,zonas,,Fecha 21,Monumental de Victoria,false,https://es.wikipedia.org/wiki/Campeonato_de_Primera_División_2023_(Argentina)
2023-06-22,18:00,Racing Club,Barracas Central,1,1,,,Primera Division,2023,zonas,,Fecha 21,El Cilindro,false,https://es.wikipedia.org/wiki/Campeonato_de_Primera_División_2023_(Argentina)
2023-06-22,19:45,River Plate,Instituto,3,1,,,Primera Division,2023,zonas,,Fecha 21,Monumental,false,https://es.wikipedia.org/wiki/Campeonato_de_Primera_División_2023_(Argentina)
2023-06-22,21:45,Godoy Cruz,Boca Juniors,4,0,,,Primera Division,2023,zonas,,Fecha 21,Malvinas Argentinas,false,https://es.wikipedia.org/wiki/Campeonato_de_Primera_División_2023_(Argentina)
2023-06-23,15:30,Defensores Unidos,Güemes (SdE),1,0,,,Primera Nacional,2023,zonas,Zona A,Fecha 22,Gigante de Villa Fox,false,https://es.wikipedia.org/wiki/Campeonato_de_Primera_Nacional_2023
2023-06-23,15:30,San Martín (F),Gimnasia y Tiro (S),0,1,,,Torneo Federal A,2023,zonas,Zona D,Fecha 17,17 de Octubre,false,https://es.wikipedia.org/wiki/Torneo_Federal_A_2023
2023-06-23,19:00,Huracán,Newell's Old Boys,1,1,,,Primera Division,2023,zonas,,Fecha 21,Tomás Adolfo Ducó,false,https://es.wikipedia.org/wiki/Campeonato_de_Primera_División_2023_(Argentina)
2023-06-23,21:30,Argentinos Juniors,Defensa y Justicia,3,1,,,Primera Division,2023,zonas,,Fecha 21,Diego Armando Maradona,false,https://es.wikipedia.org/wiki/Campeonato_de_Primera_División_2023_(Argentina)
2023-06-23,22:00,Central Norte (S),Juventud Antoniana,2,1,,,Torneo Federal A,2023,zonas,Zona D,Fecha 17,Padre Ernesto Martearena,false,https://es.wikipedia.org/wiki/Torneo_Federal_A_2023
2023-06-24,12:10,Villa Dálmine,Chacarita Juniors,0,1,,,Primera Nacional,2023,zonas,Zona B,Fecha 19,El Coliseo de Mitre y Puccini,false,https://es.wikipedia.org/wiki/Campeonato_de_Primera_Nacional_2023
2023-06-24,14:30,Ciudad de Bolívar,Atenas (RC),3,1,,,Torneo Federal A,2023,zonas,Zona B,Fecha 17,Municipal Eva Perón,false,https://es.wikipedia.org/wiki/Torneo_Federal_A_2023
2023-06-24,14:30,Defensores de Pronunciamiento,Douglas Haig,0,1,,,Torneo Federal A,2023,zonas,Zona C,Fecha 17,Delio Cardozo,false,https://es.wikipedia.org/wiki/Torneo_Federal_A_2023
2023-06-24,14:30,El Linqueño,Gimnasia y Esgrima (CdU),3,1,,,Torneo Federal A,2023,zonas,Zona C,Fecha 17,Leonardo Costa,false,https://es.wikipedia.org/wiki/Torneo_Federal_A_2023
2023-06-24,15:00,9 de Julio (R),Boca Unidos,2,0,,,Torneo Federal A,2023,zonas,Zona D,Fecha 17,Germán Solterman,false,https://es.wikipedia.org/wiki/Torneo_Federal_A_2023
2023-06-24,15:00,Almagro,Defensores de Belgrano,2,1,,,Primera Nacional,2023,zonas,Zona A,Fecha 22,Tres de Febrero,false,https://es.wikipedia.org/wiki/Campeonato_de_Primera_Nacional_2023
2023-06-24,15:00,Círculo Deportivo,Villa Mitre,0,0,,,Torneo Federal A,2023,zonas,Zona A,Fecha 17,Guillermo Trama,false,https://es.wikipedia.org/wiki/Torneo_Federal_A_2023
2023-06-24,15:00,Deportivo Madryn,Tristán Suárez,1,0,,,Primera Nacional,2023,zonas,Zona B,Fecha 19,Abel Sastre,false,https://es.wikipedia.org/wiki/Campeonato_de_Primera_Nacional_2023
2023-06-24,15:00,Juventud Unida Universitario,San Martín (SM),1,1,,,Torneo Federal A,2023,zonas,Zona B,Fecha 17,Mario Sebastián Diez,false,https://es.wikipedia.org/wiki/Torneo_Federal_A_2023
2023-06-24,15:00,Olimpo,Ramón Santamarina,2,2,,,Torneo Federal A,2023,zonas,Zona A,Fecha 17,Roberto N. Carminatti,false,https://es.wikipedia.org/wiki/Torneo_Federal_A_2023
2023-06-24,15:00,Sansinena,Liniers (BB),2,0,,,Torneo Federal A,2023,zonas,Zona A,Fecha 17,Luis Molina,false,https://es.wikipedia.org/wiki/Torneo_Federal_A_2023
2023-06-24,15:00,Sol de Mayo (V),Cipolletti,4,2,,,Torneo Federal A,2023,zonas,Zona A,Fecha 17,Sol de Mayo,false,https://es.wikipedia.org/wiki/Torneo_Federal_A_2023
2023-06-24,15:10,Agropecuario,Almirante Brown,4,0,,,Primera Nacional,2023,zonas,Zona A,Fecha 22,Ofelia Rosenzuaig,false,https://es.wikipedia.org/wiki/Campeonato_de_Primera_Nacional_2023
2023-06-24,15:30,Claypole,Leandro N. Alem,0,0,,,Primera C,2023,zonas,,Fecha 23,Rodolfo Capocasa,false,https://es.wikipedia.org/wiki/Campeonato_de_Primera_C_2023_(Argentina)
2023-06-24,15:30,Defensores de Belgrano (VR),Unión (S),0,2,,,Torneo Federal A,2023,zonas,Zona C,Fecha 17,Único de San Nicolás,false,https://es.wikipedia.org/wiki/Torneo_Federal_A_2023
2023-06-24,15:30,Deportivo Armenio,Cañuelas,0,1,,,Primera B,2023,zonas,Torneo Clausura,Fecha 3,Armenia,false,https://es.wikipedia.org/wiki/Campeonato_de_Primera_B_2023_(Argentina)
2023-06-24,15:30,Deportivo Merlo,Comunicaciones,1,1,,,Primera B,2023,zonas,Torneo Clausura,Fecha 3,José Manuel Moreno,false,https://es.wikipedia.org/wiki/Campeonato_de_Primera_B_2023_(Argentina)
2023-06-24,15:30,Luján,San Martín (B),0,1,,,Primera C,2023,zonas,,Fecha 23,1 de Abril,false,https://es.wikipedia.org/wiki/Campeonato_de_Primera_C_2023_(Argentina)
2023-06-24,15:30,Real Pilar,General Lamadrid,0,1,,,Primera C,2023,zonas,,Fecha 23,Carlos Barraza,false,https://es.wikipedia.org/wiki/Campeonato_de_Primera_C_2023_(Argentina)
2023-06-24,15:30,Sacachispas,Fénix,0,0,,,Primera B,2023,zonas,Torneo Clausura,Fecha 3,Beto Larrosa,false,https://es.wikipedia.org/wiki/Campeonato_de_Primera_B_2023_(Argentina)
2023-06-24,15:30,San Miguel,Argentino de Merlo,3,0,,,Primera B,2023,zonas,Torneo Clausura,Fecha 3,Malvinas Argentinas,false,https://es.wikipedia.org/wiki/Campeonato_de_Primera_B_2023_(Argentina)
2023-06-24,15:30,San Telmo,Estudiantes (RC),0,1,,,Primera Nacional,2023,zonas,Zona A,Fecha 22,Doctor Osvaldo Baletto,false,https://es.wikipedia.org/wiki/Campeonato_de_Primera_Nacional_2023
2023-06-24,15:30,Sportivo Italiano,Deportivo Laferrere,1,0,,,Primera C,2023,zonas,,Fecha 23,República de Italia,false,https://es.wikipedia.org/wiki/Campeonato_de_Primera_C_2023_(Argentina)
2023-06-24,15:30,Sportivo Las Parejas,Independiente (C),0,1,,,Torneo Federal A,2023,zonas,Zona C,Fecha 17,4 de Septiembre,false,https://es.wikipedia.org/wiki/Torneo_Federal_A_2023
2023-06-24,15:30,Villa San Carlos,Acassuso,1,0,,,Primera B,2023,zonas,Torneo Clausura,Fecha 3,Genacio Sálice,false,https://es.wikipedia.org/wiki/Campeonato_de_Primera_B_2023_(Argentina)
2023-06-24,16:00,Sportivo Peñarol (C),Huracán Las Heras,2,0,,,Torneo Federal A,2023,zonas,Zona B,Fecha 17,Ramón Pablo Rojas,false,https://es.wikipedia.org/wiki/Torneo_Federal_A_2023
2023-06-24,16:10,Independiente Rivadavia,Chaco For Ever,1,0,,,Primera Nacional,2023,zonas,Zona B,Fecha 19,Bautista Gargantini,false,https://es.wikipedia.org/wiki/Campeonato_de_Primera_Nacional_2023
2023-06-24,16:30,San Martín (SJ),Patronato,2,1,,,Primera Nacional,2023,zonas,Zona A,Fecha 22,Ingeniero Hilario Sánchez,false,https://es.wikipedia.org/wiki/Campeonato_de_Primera_Nacional_2023
2023-06-24,16:30,Sarmiento (R),Crucero del Norte,3,1,,,Torneo Federal A,2023,zonas,Zona D,Fecha 17,Centenario,false,https://es.wikipedia.org/wiki/Torneo_Federal_A_2023
2023-06-24,16:45,Argentino (MM),Ferro Carril Oeste (GP),3,1,,,Torneo Federal A,2023,zonas,Zona B,Fecha 17,Modesto Marrone,false,https://es.wikipedia.org/wiki/Torneo_Federal_A_2023
2023-06-24,17:00,Unión,Independiente,3,0,,,Primera Division,2023,zonas,,Fecha 21,15 de abril,false,https://es.wikipedia.org/wiki/Campeonato_de_Primera_División_2023_(Argentina)
2023-06-24,18:10,Temperley,All Boys,1,1,,,Primera Nacional,2023,zonas,Zona A,Fecha 22,Alfredo Beranger,false,https://es.wikipedia.org/wiki/Campeonato_de_Primera_Nacional_2023
2023-06-24,20:00,Lanús,Talleres (C),2,1,,,Primera Division,2023,zonas,,Fecha 21,Ciudad de Lanús,false,https://es.wikipedia.org/wiki/Campeonato_de_Primera_División_2023_(Argentina)
2023-06-24,20:10,Quilmes,Ferro Carril Oeste,1,0,,,Primera Nacional,2023,zonas,Zona B,Fecha 19,Centenario Ciudad de Quilmes,false,https://es.wikipedia.org/wiki/Campeonato_de_Primera_Nacional_2023
2023-06-25,12:00,Brown de Adrogué,Deportivo Riestra,1,1,,,Primera Nacional,2023,zonas,Zona B,Fecha 19,Lorenzo Arandilla,false,https://es.wikipedia.org/wiki/Campeonato_de_Primera_Nacional_2023
2023-06-25,15:00,Estudiantes (BA),Racing Club,1,1,,,Primera Nacional,2023,zonas,Zona B,Fecha 19,Ciudad de Caseros,false,https://es.wikipedia.org/wiki/Campeonato_de_Primera_Nacional_2023
2023-06-25,15:00,Guillermo Brown,Deportivo Morón,0,2,,,Primera Nacional,2023,zonas,Zona A,Fecha 22,Raúl Conti,false,https://es.wikipedia.org/wiki/Campeonato_de_Primera_Nacional_2023
2023-06-25,15:10,San Martín (T),Nueva Chicago,1,1,,,Primera Nacional,2023,zonas,Zona A,Fecha 22,La Ciudadela,false,https://es.wikipedia.org/wiki/Campeonato_de_Primera_Nacional_2023
2023-06-25,15:30,Argentino de Quilmes,Dock Sud,1,1,,,Primera B,2023,zonas,Torneo Clausura,Fecha 3,Argentino de Quilmes,false,https://es.wikipedia.org/wiki/Campeonato_de_Primera_B_2023_(Argentina)
2023-06-25,15:30,Arsenal,Platense,0,2,,,Primera Division,2023,zonas,,Fecha 21,El Viaducto,false,https://es.wikipedia.org/wiki/Campeonato_de_Primera_División_2023_(Argentina)
2023-06-25,15:30,Deportivo Español,Victoriano Arenas,1,1,,,Primera C,2023,zonas,,Fecha 23,Nueva España,false,https://es.wikipedia.org/wiki/Campeonato_de_Primera_C_2023_(Argentina)
2023-06-25,15:30,Deportivo Maipú,Mitre (SdE),2,1,,,Primera Nacional,2023,zonas,Zona B,Fecha 19,Omar Higinio Sperdutti,false,https://es.wikipedia.org/wiki/Campeonato_de_Primera_Nacional_2023
2023-06-25,15:30,Liniers,J. J. de Urquiza,3,1,,,Primera C,2023,zonas,,Fecha 23,Juan Antonio Arias,false,https://es.wikipedia.org/wiki/Campeonato_de_Primera_C_2023_(Argentina)
2023-06-25,15:30,Los Andes,UAI Urquiza,0,1,,,Primera B,2023,zonas,Torneo Clausura,Fecha 3,Eduardo Gallardón,false,https://es.wikipedia.org/wiki/Campeonato_de_Primera_B_2023_(Argentina)
2023-06-25,15:30,Puerto Nuevo,Yupanqui,1,1,,,Primera C,2023,zonas,,Fecha 23,Rubén Carlos Vallejos,false,https://es.wikipedia.org/wiki/Campeonato_de_Primera_C_2023_(Argentina)
2023-06-25,16:00,Aldosivi,Gimnasia y Esgrima (J),3,1,,,Primera Nacional,2023,zonas,Zona B,Fecha 19,José María Minella,false,https://es.wikipedia.org/wiki/Campeonato_de_Primera_Nacional_2023
2023-06-25,17:00,Ferrocarril Midland,Atlas,4,3,,,Primera C,2023,zonas,,Fecha 23,Ciudad de Libertad,false,https://es.wikipedia.org/wiki/Campeonato_de_Primera_C_2023_(Argentina)
2023-06-25,17:10,Colegiales,Talleres (RdE),0,1,,,Primera B,2023,zonas,Torneo Clausura,Fecha 3,Colegiales,false,https://es.wikipedia.org/wiki/Campeonato_de_Primera_B_2023_(Argentina)
2023-06-25,19:00,Rosario Central,Colón,1,1,,,Primera Division,2023,zonas,,Fecha 21,Gigante de Arroyito,false,https://es.wikipedia.org/wiki/Campeonato_de_Primera_División_2023_(Argentina)
2023-06-25,19:10,Atlético de Rafaela,Atlanta,1,0,,,Primera Nacional,2023,zonas,Zona B,Fecha 19,Nuevo Monumental,false,https://es.wikipedia.org/wiki/Campeonato_de_Primera_Nacional_2023
2023-06-25,20:30,Sarmiento (J),Atlético Tucumán,4,1,,,Primera Division,2023,zonas,,Fecha 21,Eva Perón,false,https://es.wikipedia.org/wiki/Campeonato_de_Primera_División_2023_(Argentina)
2023-06-26,15:30,Berazategui,Excursionistas,2,1,,,Primera C,2023,zonas,,Fecha 23,Norman Lee,false,https://es.wikipedia.org/wiki/Campeonato_de_Primera_C_2023_(Argentina)
2023-06-26,15:30,Flandria,Gimnasia y Esgrima (M),1,1,,,Primera Nacional,2023,zonas,Zona A,Fecha 22,Carlos V,false,https://es.wikipedia.org/wiki/Campeonato_de_Primera_Nacional_2023
2023-06-26,20:00,Belgrano,Banfield,3,1,,,Primera Division,2023,zonas,,Fecha 21,Gigante de Alberdi,false,https://es.wikipedia.org/wiki/Campeonato_de_Primera_División_2023_(Argentina)
2023-06-27,,Godoy Cruz,Defensores Unidos,3,1,,,Copa Argentina,2023,eliminacion,,Treintaidosavos,Julio César Villagra,true,https://es.wikipedia.org/wiki/Copa_Argentina_2023
2023-06-28,13:30,Ferro Carril Oeste (GP),Ciudad de Bolívar,1,0,,,Torneo Federal A,2023,zonas,Zona B,Fecha 18,El Coloso del Barrio Talleres,false,https://es.wikipedia.org/wiki/Torneo_Federal_A_2023
2023-06-28,13:45,Sportivo Belgrano,Defensores de Belgrano (VR),1,1,,,Torneo Federal A,2023,zonas,Zona C,Fecha 18,Oscar Carlos Boero,false,https://es.wikipedia.org/wiki/Torneo_Federal_A_2023
2023-06-28,14:00,Atenas (RC),Sportivo Peñarol (C),1,2,,,Torneo Federal A,2023,zonas,Zona B,Fecha 18,9 de Julio,false,https://es.wikipedia.org/wiki/Torneo_Federal_A_2023
2023-06-28,14:00,Crucero del Norte,San Martín (F),1,0,,,Torneo Federal A,2023,zonas,Zona D,Fecha 18,Comandante Andrés Guacurarí,false,https://es.wikipedia.org/wiki/Torneo_Federal_A_2023
2023-06-28,14:00,Ramón Santamarina,Círculo Deportivo,2,1,,,Torneo Federal A,2023,zonas,Zona A,Fecha 18,Municipal General San Martín,false,https://es.wikipedia.org/wiki/Torneo_Federal_A_2023
2023-06-28,15:00,Boca Unidos,Central Norte (S),0,0,,,Torneo Federal A,2023,zonas,Zona D,Fecha 18,Leoncio Benítez,false,https://es.wikipedia.org/wiki/Torneo_Federal_A_2023
2023-06-28,15:00,Germinal,Sol de Mayo (V),0,1,,,Torneo Federal A,2023,zonas,Zona A,Fecha 18,El Fortín (R),false,https://es.wikipedia.org/wiki/Torneo_Federal_A_2023
2023-06-28,15:00,Sol de América (F),9 de Julio (R),1,0,,,Torneo Federal A,2023,zonas,Zona D,Fecha 18,Sol de América,false,https://es.wikipedia.org/wiki/Torneo_Federal_A_2023
2023-06-28,15:30,Huracán Las Heras,Juventud Unida Universitario,0,0,,,Torneo Federal A,2023,zonas,Zona B,Fecha 18,General San Martín,false,https://es.wikipedia.org/wiki/Torneo_Federal_A_2023
2023-06-28,16:00,Sportivo Estudiantes (SL),Argentino (MM),1,4,,,Torneo Federal A,2023,zonas,Zona B,Fecha 18,Héctor Odicino y Pedro Benoza,false,https://es.wikipedia.org/wiki/Torneo_Federal_A_2023
2023-06-28,19:00,Villa Mitre,Sansinena,0,0,,,Torneo Federal A,2023,zonas,Zona A,Fecha 18,El Fortín (BB),false,https://es.wikipedia.org/wiki/Torneo_Federal_A_2023
2023-06-28,20:00,Cipolletti,Olimpo,1,0,,,Torneo Federal A,2023,zonas,Zona A,Fecha 18,La Visera de Cemento,false,https://es.wikipedia.org/wiki/Torneo_Federal_A_2023
2023-06-28,20:00,Douglas Haig,El Linqueño,3,1,,,Torneo Federal A,2023,zonas,Zona C,Fecha 18,Miguel Morales,false,https://es.wikipedia.org/wiki/Torneo_Federal_A_2023
2023-06-28,20:00,Unión (S),Defensores de Pronunciamiento,1,0,,,Torneo Federal A,2023,zonas,Zona C,Fecha 18,De la Avenida,false,https://es.wikipedia.org/wiki/Torneo_Federal_A_2023
2023-06-28,20:30,Gimnasia y Esgrima (CdU),Sportivo Las Parejas,0,2,,,Torneo Federal A,2023,zonas,Zona C,Fecha 18,Manuel y Ramón Núñez,false,https://es.wikipedia.org/wiki/Torneo_Federal_A_2023
2023-06-28,22:00,Juventud Antoniana,Sarmiento (R),0,0,,,Torneo Federal A,2023,zonas,Zona D,Fecha 18,Padre Ernesto Martearena,false,https://es.wikipedia.org/wiki/Torneo_Federal_A_2023
2023-06-30,15:30,Comunicaciones,Deportivo Armenio,0,3,,,Primera B,2023,zonas,Torneo Clausura,Fecha 4,Alfredo Ramos,false,https://es.wikipedia.org/wiki/Campeonato_de_Primera_B_2023_(Argentina)
2023-06-30,19:00,Platense,Lanús,0,1,,,Primera Division,2023,zonas,,Fecha 22,Ciudad de Vicente López,false,https://es.wikipedia.org/wiki/Campeonato_de_Primera_División_2023_(Argentina)
2023-06-30,21:00,Gimnasia y Esgrima (J),Quilmes,0,1,,,Primera Nacional,2023,zonas,Zona B,Fecha 20,23 de Agosto,false,https://es.wikipedia.org/wiki/Campeonato_de_Primera_Nacional_2023
2023-06-30,21:00,Güemes (SdE),San Martín (SJ),4,0,,,Primera Nacional,2023,zonas,Zona A,Fecha 23,Arturo Miranda,false,https://es.wikipedia.org/wiki/Campeonato_de_Primera_Nacional_2023
2023-06-30,21:10,Ferro Carril Oeste,Brown de Adrogué,1,0,,,Primera Nacional,2023,zonas,Zona B,Fecha 20,Arquitecto Ricardo Etcheverri,false,https://es.wikipedia.org/wiki/Campeonato_de_Primera_Nacional_2023
2023-06-30,21:30,Atlético Tucumán,Unión,1,0,,,Primera Division,2023,zonas,,Fecha 22,Monumental José Fierro,false,https://es.wikipedia.org/wiki/Campeonato_de_Primera_División_2023_(Argentina)
2023-06-30,21:30,Vélez Sarsfield,Arsenal,1,0,,,Primera Division,2023,zonas,,Fecha 22,José Amalfitani,false,https://es.wikipedia.org/wiki/Campeonato_de_Primera_División_2023_(Argentina)
2023-07-01,15:00,Barracas Central,River Plate,2,1,,,Primera Division,2023,zonas,,Fecha 22,Claudio Chiqui Tapia,false,https://es.wikipedia.org/wiki/Campeonato_de_Primera_División_2023_(Argentina)
2023-07-01,15:00,Tristán Suárez,Villa Dálmine,1,1,,,Primera Nacional,2023,zonas,Zona B,Fecha 20,20 de Octubre,false,https://es.wikipedia.org/wiki/Campeonato_de_Primera_Nacional_2023
2023-07-01,15:30,Acassuso,San Miguel,2,1,,,Primera B,2023,zonas,Torneo Clausura,Fecha 4,Armenia,false,https://es.wikipedia.org/wiki/Campeonato_de_Primera_B_2023_(Argentina)
2023-07-01,15:30,Cañuelas,Los Andes,1,1,,,Primera B,2023,zonas,Torneo Clausura,Fecha 4,Jorge Arin,false,https://es.wikipedia.org/wiki/Campeonato_de_Primera_B_2023_(Argentina)
2023-07-01,15:30,Central Córdoba (R),Liniers,0,0,,,Primera C,2023,zonas,,Fecha 24,Gabino Sosa,false,https://es.wikipedia.org/wiki/Campeonato_de_Primera_C_2023_(Argentina)
2023-07-01,15:30,Dock Sud,Colegiales,0,1,,,Primera B,2023,zonas,Torneo Clausura,Fecha 4,De los Inmigrantes,false,https://es.wikipedia.org/wiki/Campeonato_de_Primera_B_2023_(Argentina)
2023-07-01,15:30,San Martín (B),Berazategui,1,1,,,Primera C,2023,zonas,,Fecha 24,Francisco Boga,false,https://es.wikipedia.org/wiki/Campeonato_de_Primera_C_2023_(Argentina)
2023-07-01,15:30,Talleres (RdE),Villa San Carlos,1,0,,,Primera B,2023,zonas,Torneo Clausura,Fecha 4,Pablo Comelli,false,https://es.wikipedia.org/wiki/Campeonato_de_Primera_B_2023_(Argentina)
2023-07-01,15:30,UAI Urquiza,Argentino de Quilmes,1,2,,,Primera B,2023,zonas,Torneo Clausura,Fecha 4,Monumental de Villa Lynch,false,https://es.wikipedia.org/wiki/Campeonato_de_Primera_B_2023_(Argentina)
2023-07-01,15:30,Victoriano Arenas,Claypole,1,2,,,Primera C,2023,zonas,,Fecha 24,Saturnino Moure,false,https://es.wikipedia.org/wiki/Campeonato_de_Primera_C_2023_(Argentina)
2023-07-01,16:00,Racing Club,Atlético de Rafaela,3,3,,,Primera Nacional,2023,zonas,Zona B,Fecha 20,Miguel Sancho,false,https://es.wikipedia.org/wiki/Campeonato_de_Primera_Nacional_2023
2023-07-01,17:05,Almirante Brown,Guillermo Brown,0,0,,,Primera Nacional,2023,zonas,Zona A,Fecha 23,Fragata Presidente Sarmiento,false,https://es.wikipedia.org/wiki/Campeonato_de_Primera_Nacional_2023
2023-07-01,17:30,San Lorenzo,Rosario Central,1,0,,,Primera Division,2023,zonas,,Fecha 22,Nuevo Gasómetro,false,https://es.wikipedia.org/wiki/Campeonato_de_Primera_División_2023_(Argentina)
2023-07-01,18:00,Nueva Chicago,Temperley,0,0,,,Primera Nacional,2023,zonas,Zona A,Fecha 23,Nueva Chicago,false,https://es.wikipedia.org/wiki/Campeonato_de_Primera_Nacional_2023
2023-07-01,19:00,Estudiantes (LP),Central Córdoba (SdE),1,1,,,Primera Division,2023,zonas,,Fecha 22,Jorge Luis Hirschi,false,https://es.wikipedia.org/wiki/Campeonato_de_Primera_División_2023_(Argentina)
2023-07-01,19:10,Ituzaingó,Deportivo Merlo,0,1,,,Primera B,2023,zonas,Torneo Clausura,Fecha 4,Carlos Sacaan,false,https://es.wikipedia.org/wiki/Campeonato_de_Primera_B_2023_(Argentina)
2023-07-01,20:00,Deportivo Morón,Defensores Unidos,1,0,,,Primera Nacional,2023,zonas,Zona A,Fecha 23,Nuevo Francisco Urbano,false,https://es.wikipedia.org/wiki/Campeonato_de_Primera_Nacional_2023
2023-07-01,21:30,Talleres (C),Godoy Cruz,1,1,,,Primera Division,2023,zonas,,Fecha 22,Mario Alberto Kempes,false,https://es.wikipedia.org/wiki/Campeonato_de_Primera_División_2023_(Argentina)
2023-07-02,15:00,Crucero del Norte,Gimnasia y Tiro (S),0,0,,,Torneo Federal A,2023,zonas,Zona D,Fecha 19,Comandante Andrés Guacurarí,false,https://es.wikipedia.org/wiki/Torneo_Federal_A_2023
2023-07-02,15:00,Germinal,Olimpo,0,2,,,Torneo Federal A,2023,zonas,Zona A,Fecha 19,El Fortín (R),false,https://es.wikipedia.org/wiki/Torneo_Federal_A_2023
2023-07-02,15:00,Independiente,Huracán,1,0,,,Primera Division,2023,zonas,,Fecha 22,Libertadores de América,false,https://es.wikipedia.org/wiki/Campeonato_de_Primera_División_2023_(Argentina)
2023-07-02,15:00,Ramón Santamarina,Sansinena,0,0,,,Torneo Federal A,2023,zonas,Zona A,Fecha 19,Municipal General San Martín,false,https://es.wikipedia.org/wiki/Torneo_Federal_A_2023
2023-07-02,15:00,Sportivo Belgrano,Defensores de Pronunciamiento,0,1,,,Torneo Federal A,2023,zonas,Zona C,Fecha 19,Oscar Carlos Boero,false,https://es.wikipedia.org/wiki/Torneo_Federal_A_2023
2023-07-02,15:10,Chacarita Juniors,Deportivo Maipú,2,1,,,Primera Nacional,2023,zonas,Zona B,Fecha 20,Chacarita Juniors,false,https://es.wikipedia.org/wiki/Campeonato_de_Primera_Nacional_2023
2023-07-02,15:30,Atlas,Puerto Nuevo,0,0,,,Primera C,2023,zonas,,Fecha 24,Ricardo Puga,false,https://es.wikipedia.org/wiki/Campeonato_de_Primera_C_2023_(Argentina)
2023-07-02,15:30,Chaco For Ever,Aldosivi,3,0,,,Primera Nacional,2023,zonas,Zona B,Fecha 20,Juan Alberto García,false,https://es.wikipedia.org/wiki/Campeonato_de_Primera_Nacional_2023
2023-07-02,15:30,Deportivo Laferrere,Deportivo Español,0,0,,,Primera C,2023,zonas,,Fecha 24,Ciudad de Laferrere,false,https://es.wikipedia.org/wiki/Campeonato_de_Primera_C_2023_(Argentina)
2023-07-02,15:30,Douglas Haig,Sportivo Las Parejas,3,0,,,Torneo Federal A,2023,zonas,Zona C,Fecha 19,Miguel Morales,false,https://es.wikipedia.org/wiki/Torneo_Federal_A_2023
2023-07-02,15:30,Ferro Carril Oeste (GP),Sportivo Peñarol (C),2,0,,,Torneo Federal A,2023,zonas,Zona B,Fecha 19,El Coloso del Barrio Talleres,false,https://es.wikipedia.org/wiki/Torneo_Federal_A_2023
2023-07-02,15:30,Gimnasia y Esgrima (CdU),Independiente (C),1,0,,,Torneo Federal A,2023,zonas,Zona C,Fecha 19,Manuel y Ramón Núñez,false,https://es.wikipedia.org/wiki/Torneo_Federal_A_2023
2023-07-02,15:30,Gimnasia y Esgrima (M),Alvarado,3,1,,,Primera Nacional,2023,zonas,Zona A,Fecha 23,Víctor Antonio Legrotaglie,false,https://es.wikipedia.org/wiki/Campeonato_de_Primera_Nacional_2023
2023-07-02,15:30,Huracán Las Heras,San Martín (SM),1,0,,,Torneo Federal A,2023,zonas,Zona B,Fecha 19,General San Martín,false,https://es.wikipedia.org/wiki/Torneo_Federal_A_2023
2023-07-02,15:30,J. J. de Urquiza,Real Pilar,2,0,,,Primera C,2023,zonas,,Fecha 24,Ramón Roque Martín,false,https://es.wikipedia.org/wiki/Campeonato_de_Primera_C_2023_(Argentina)
2023-07-02,15:30,Unión (S),El Linqueño,0,1,,,Torneo Federal A,2023,zonas,Zona C,Fecha 19,De la Avenida,false,https://es.wikipedia.org/wiki/Torneo_Federal_A_2023
2023-07-02,15:45,Boca Unidos,Sarmiento (R),1,0,,,Torneo Federal A,2023,zonas,Zona D,Fecha 19,Leoncio Benítez,false,https://es.wikipedia.org/wiki/Torneo_Federal_A_2023
2023-07-02,16:00,Cipolletti,Círculo Deportivo,2,0,,,Torneo Federal A,2023,zonas,Zona A,Fecha 19,La Visera de Cemento,false,https://es.wikipedia.org/wiki/Torneo_Federal_A_2023
2023-07-02,16:00,Sportivo Estudiantes (SL),Ciudad de Bolívar,1,0,,,Torneo Federal A,2023,zonas,Zona B,Fecha 19,Héctor Odicino y Pedro Benoza,false,https://es.wikipedia.org/wiki/Torneo_Federal_A_2023
2023-07-02,16:15,Villa Mitre,Liniers (BB),4,1,,,Torneo Federal A,2023,zonas,Zona A,Fecha 19,El Fortín (BB),false,https://es.wikipedia.org/wiki/Torneo_Federal_A_2023
2023-07-02,16:30,Sol de América (F),Central Norte (S),1,2,,,Torneo Federal A,2023,zonas,Zona D,Fecha 19,Sol de América,false,https://es.wikipedia.org/wiki/Torneo_Federal_A_2023
2023-07-02,17:00,Colón,Racing Club,0,4,,,Primera Division,2023,zonas,,Fecha 22,Brigadier Estanislao López,false,https://es.wikipedia.org/wiki/Campeonato_de_Primera_División_2023_(Argentina)
2023-07-02,17:00,Estudiantes (RC),Almagro,1,0,,,Primera Nacional,2023,zonas,Zona A,Fecha 23,Antonio Candini,false,https://es.wikipedia.org/wiki/Campeonato_de_Primera_Nacional_2023
2023-07-02,17:00,Patronato,Flandria,3,1,,,Primera Nacional,2023,zonas,Zona A,Fecha 23,Presbítero Bartolomé Grella,false,https://es.wikipedia.org/wiki/Campeonato_de_Primera_Nacional_2023
2023-07-02,17:10,Defensores de Belgrano,Agropecuario,1,0,,,Primera Nacional,2023,zonas,Zona A,Fecha 23,Juan Pasquale,false,https://es.wikipedia.org/wiki/Campeonato_de_Primera_Nacional_2023
2023-07-02,17:30,Juventud Antoniana,San Martín (F),1,0,,,Torneo Federal A,2023,zonas,Zona D,Fecha 19,Fray Honorato Pistoia,false,https://es.wikipedia.org/wiki/Torneo_Federal_A_2023
2023-07-02,19:00,Instituto,Belgrano,1,0,,,Primera Division,2023,zonas,,Fecha 22,Juan Domingo Perón,false,https://es.wikipedia.org/wiki/Campeonato_de_Primera_División_2023_(Argentina)
2023-07-02,19:10,Mitre (SdE),Independiente Rivadavia,2,1,,,Primera Nacional,2023,zonas,Zona B,Fecha 20,Dres. José y Antonio Castiglione,false,https://es.wikipedia.org/wiki/Campeonato_de_Primera_Nacional_2023
2023-07-02,19:30,Banfield,Argentinos Juniors,1,0,,,Primera Division,2023,zonas,,Fecha 22,Florencio Sola,false,https://es.wikipedia.org/wiki/Campeonato_de_Primera_División_2023_(Argentina)
2023-07-02,19:30,Defensa y Justicia,Tigre,1,0,,,Primera Division,2023,zonas,,Fecha 22,Norberto Tomaghello,false,https://es.wikipedia.org/wiki/Campeonato_de_Primera_División_2023_(Argentina)
2023-07-02,21:30,Boca Juniors,Sarmiento (J),2,0,,,Primera Division,2023,zonas,,Fecha 22,La Bombonera,false,https://es.wikipedia.org/wiki/Campeonato_de_Primera_División_2023_(Argentina)
2023-07-03,15:00,Deportivo Riestra,Estudiantes (BA),2,1,,,Primera Nacional,2023,zonas,Zona B,Fecha 20,Guillermo Laza,false,https://es.wikipedia.org/wiki/Campeonato_de_Primera_Nacional_2023
2023-07-03,20:00,Atlanta,Deportivo Madryn,1,1,,,Primera Nacional,2023,zonas,Zona B,Fecha 20,Don León Kolbowski,false,https://es.wikipedia.org/wiki/Campeonato_de_Primera_Nacional_2023
2023-07-03,20:00,Newell's Old Boys,Gimnasia y Esgrima (LP),2,2,,,Primera Division,2023,zonas,,Fecha 22,Marcelo Bielsa,false,https://es.wikipedia.org/wiki/Campeonato_de_Primera_División_2023_(Argentina)
2023-07-03,21:00,Atenas (RC),Juventud Unida Universitario,0,0,,,Torneo Federal A,2023,zonas,Zona B,Fecha 19,9 de Julio,false,https://es.wikipedia.org/wiki/Torneo_Federal_A_2023
2023-07-03,21:10,All Boys,San Telmo,1,0,,,Primera Nacional,2023,zonas,Zona A,Fecha 23,Islas Malvinas,false,https://es.wikipedia.org/wiki/Campeonato_de_Primera_Nacional_2023
2023-07-04,15:30,General Lamadrid,Luján,0,0,,,Primera C,2023,zonas,,Fecha 24,Enrique Sexto,false,https://es.wikipedia.org/wiki/Campeonato_de_Primera_C_2023_(Argentina)
2023-07-04,20:00,Excursionistas,Sportivo Italiano,1,1,,,Primera C,2023,zonas,,Fecha 24,Excursionistas,false,https://es.wikipedia.org/wiki/Campeonato_de_Primera_C_2023_(Argentina)
2023-07-04,20:00,Lanús,Vélez Sarsfield,0,1,,,Primera Division,2023,zonas,,Fecha 23,Ciudad de Lanús,false,https://es.wikipedia.org/wiki/Campeonato_de_Primera_División_2023_(Argentina)
2023-07-04,21:10,Argentino de Merlo,Sacachispas,0,0,,,Primera B,2023,zonas,Torneo Clausura,Fecha 4,Merlo,false,https://es.wikipedia.org/wiki/Campeonato_de_Primera_B_2023_(Argentina)
2023-07-05,15:30,Godoy Cruz,Platense,2,1,,,Primera Division,2023,zonas,,Fecha 23,Víctor Antonio Legrotaglie,false,https://es.wikipedia.org/wiki/Campeonato_de_Primera_División_2023_(Argentina)
2023-07-05,15:30,Leandro N. Alem,Ferrocarril Midland,0,2,,,Primera C,2023,zonas,,Fecha 24,Leandro N. Alem,false,https://es.wikipedia.org/wiki/Campeonato_de_Primera_C_2023_(Argentina)
2023-07-05,17:00,Tigre,Banfield,1,2,,,Primera Division,2023,zonas,,Fecha 23,Monumental de Victoria,false,https://es.wikipedia.org/wiki/Campeonato_de_Primera_División_2023_(Argentina)
2023-07-05,18:00,Rosario Central,Estudiantes (LP),0,0,,,Primera Division,2023,zonas,,Fecha 23,Gigante de Arroyito,false,https://es.wikipedia.org/wiki/Campeonato_de_Primera_División_2023_(Argentina)
2023-07-05,19:30,Racing Club,San Lorenzo,1,1,,,Primera Division,2023,zonas,,Fecha 23,El Cilindro,false,https://es.wikipedia.org/wiki/Campeonato_de_Primera_División_2023_(Argentina)
2023-07-05,21:30,River Plate,Colón,2,0,,,Primera Division,2023,zonas,,Fecha 23,Monumental,false,https://es.wikipedia.org/wiki/Campeonato_de_Primera_División_2023_(Argentina)
2023-07-06,14:00,Arsenal,Defensa y Justicia,1,2,,,Primera Division,2023,zonas,,Fecha 23,El Viaducto,false,https://es.wikipedia.org/wiki/Campeonato_de_Primera_División_2023_(Argentina)
2023-07-06,17:00,Unión,Boca Juniors,0,0,,,Primera Division,2023,zonas,,Fecha 23,15 de abril,false,https://es.wikipedia.org/wiki/Campeonato_de_Primera_División_2023_(Argentina)
2023-07-06,19:00,Argentinos Juniors,Instituto,0,0,,,Primera Division,2023,zonas,,Fecha 23,Diego Armando Maradona,false,https://es.wikipedia.org/wiki/Campeonato_de_Primera_División_2023_(Argentina)
2023-07-06,19:00,Sarmiento (J),Talleres (C),0,1,,,Primera Division,2023,zonas,,Fecha 23,Eva Perón,false,https://es.wikipedia.org/wiki/Campeonato_de_Primera_División_2023_(Argentina)
2023-07-06,21:30,Belgrano,Barracas Central,0,2,,,Primera Division,2023,zonas,,Fecha 23,Gigante de Alberdi,false,https://es.wikipedia.org/wiki/Campeonato_de_Primera_División_2023_(Argentina)
2023-07-06,21:30,Huracán,Atlético Tucumán,0,1,,,Primera Division,2023,zonas,,Fecha 23,Tomás Adolfo Ducó,false,https://es.wikipedia.org/wiki/Campeonato_de_Primera_División_2023_(Argentina)
2023-07-07,19:00,Gimnasia y Esgrima (LP),Independiente,1,1,,,Primera Division,2023,zonas,,Fecha 23,Del Bosque,false,https://es.wikipedia.org/wiki/Campeonato_de_Primera_División_2023_(Argentina)
2023-07-07,21:30,Central Córdoba (SdE),Newell's Old Boys,2,0,,,Primera Division,2023,zonas,,Fecha 23,Único Madre de Ciudades,false,https://es.wikipedia.org/wiki/Campeonato_de_Primera_División_2023_(Argentina)
2023-07-08,11:00,Berazategui,General Lamadrid,0,1,,,Primera C,2023,zonas,,Fecha 25,Norman Lee,false,https://es.wikipedia.org/wiki/Campeonato_de_Primera_C_2023_(Argentina)
2023-07-08,12:10,Brown de Adrogué,Gimnasia y Esgrima (J),1,0,,,Primera Nacional,2023,zonas,Zona B,Fecha 21,Lorenzo Arandilla,false,https://es.wikipedia.org/wiki/Campeonato_de_Primera_Nacional_2023
2023-07-08,13:00,San Miguel,Talleres (RdE),2,1,,,Primera B,2023,zonas,Torneo Clausura,Fecha 5,Malvinas Argentinas,false,https://es.wikipedia.org/wiki/Campeonato_de_Primera_B_2023_(Argentina)
2023-07-08,15:00,Agropecuario,Estudiantes (RC),0,0,,,Primera Nacional,2023,zonas,Zona A,Fecha 24,Ofelia Rosenzuaig,false,https://es.wikipedia.org/wiki/Campeonato_de_Primera_Nacional_2023
2023-07-08,15:00,Almagro,All Boys,0,0,,,Primera Nacional,2023,zonas,Zona A,Fecha 24,Tres de Febrero,false,https://es.wikipedia.org/wiki/Campeonato_de_Primera_Nacional_2023
2023-07-08,15:00,Ciudad de Bolívar,Argentino (MM),0,0,,,Torneo Federal A,2023,zonas,Zona B,Fecha 20,Municipal Eva Perón,false,https://es.wikipedia.org/wiki/Torneo_Federal_A_2023
2023-07-08,15:00,Círculo Deportivo,Germinal,3,3,,,Torneo Federal A,2023,zonas,Zona A,Fecha 20,Guillermo Trama,false,https://es.wikipedia.org/wiki/Torneo_Federal_A_2023
2023-07-08,15:00,Defensores de Pronunciamiento,Defensores de Belgrano (VR),2,1,,,Torneo Federal A,2023,zonas,Zona C,Fecha 20,Delio Cardozo,false,https://es.wikipedia.org/wiki/Torneo_Federal_A_2023
2023-07-08,15:00,Deportivo Madryn,Racing Club,1,0,,,Primera Nacional,2023,zonas,Zona B,Fecha 21,Abel Sastre,false,https://es.wikipedia.org/wiki/Campeonato_de_Primera_Nacional_2023
2023-07-08,15:00,El Linqueño,Sportivo Belgrano,1,1,,,Torneo Federal A,2023,zonas,Zona C,Fecha 20,Leonardo Costa,false,https://es.wikipedia.org/wiki/Torneo_Federal_A_2023
2023-07-08,15:00,Independiente (C),Douglas Haig,1,0,,,Torneo Federal A,2023,zonas,Zona C,Fecha 20,Raúl Orlando Lungarzo,false,https://es.wikipedia.org/wiki/Torneo_Federal_A_2023
2023-07-08,15:00,Juventud Unida Universitario,Ferro Carril Oeste (GP),2,1,,,Torneo Federal A,2023,zonas,Zona B,Fecha 20,Mario Sebastián Diez,false,https://es.wikipedia.org/wiki/Torneo_Federal_A_2023
2023-07-08,15:00,Liniers (BB),Ramón Santamarina,0,1,,,Torneo Federal A,2023,zonas,Zona A,Fecha 20,Alejandro Pérez,false,https://es.wikipedia.org/wiki/Torneo_Federal_A_2023
2023-07-08,15:00,Olimpo,Sol de Mayo (V),2,0,,,Torneo Federal A,2023,zonas,Zona A,Fecha 20,Roberto N. Carminatti,false,https://es.wikipedia.org/wiki/Torneo_Federal_A_2023
2023-07-08,15:00,Sansinena,Cipolletti,1,1,,,Torneo Federal A,2023,zonas,Zona A,Fecha 20,Luis Molina,false,https://es.wikipedia.org/wiki/Torneo_Federal_A_2023
2023-07-08,15:00,Sportivo Las Parejas,Unión (S),3,0,,,Torneo Federal A,2023,zonas,Zona C,Fecha 20,4 de Septiembre,false,https://es.wikipedia.org/wiki/Torneo_Federal_A_2023
2023-07-08,15:00,Sportivo Peñarol (C),Sportivo Estudiantes (SL),1,1,,,Torneo Federal A,2023,zonas,Zona B,Fecha 20,Ramón Pablo Rojas,false,https://es.wikipedia.org/wiki/Torneo_Federal_A_2023
2023-07-08,15:10,Temperley,San Martín (T),1,0,,,Primera Nacional,2023,zonas,Zona A,Fecha 24,Alfredo Beranger,false,https://es.wikipedia.org/wiki/Campeonato_de_Primera_Nacional_2023
2023-07-08,15:30,Argentino de Quilmes,Cañuelas,2,1,,,Primera B,2023,zonas,Torneo Clausura,Fecha 5,Argentino de Quilmes,false,https://es.wikipedia.org/wiki/Campeonato_de_Primera_B_2023_(Argentina)
2023-07-08,15:30,Atlético de Rafaela,Deportivo Riestra,0,1,,,Primera Nacional,2023,zonas,Zona B,Fecha 21,Nuevo Monumental,false,https://es.wikipedia.org/wiki/Campeonato_de_Primera_Nacional_2023
2023-07-08,15:30,Chaco For Ever,Mitre (SdE),1,0,,,Primera Nacional,2023,zonas,Zona B,Fecha 21,Juan Alberto García,false,https://es.wikipedia.org/wiki/Campeonato_de_Primera_Nacional_2023
2023-07-08,15:30,Deportivo Armenio,Ituzaingó,1,0,,,Primera B,2023,zonas,Torneo Clausura,Fecha 5,Armenia,false,https://es.wikipedia.org/wiki/Campeonato_de_Primera_B_2023_(Argentina)
2023-07-08,15:30,Luján,J. J. de Urquiza,0,1,,,Primera C,2023,zonas,,Fecha 25,1 de Abril,false,https://es.wikipedia.org/wiki/Campeonato_de_Primera_C_2023_(Argentina)
2023-07-08,15:30,Real Pilar,Central Córdoba (R),0,2,,,Primera C,2023,zonas,,Fecha 25,Carlos Barraza,false,https://es.wikipedia.org/wiki/Campeonato_de_Primera_C_2023_(Argentina)
2023-07-08,15:30,Sacachispas,Acassuso,0,0,,,Primera B,2023,zonas,Torneo Clausura,Fecha 5,Beto Larrosa,false,https://es.wikipedia.org/wiki/Campeonato_de_Primera_B_2023_(Argentina)
2023-07-08,15:30,San Telmo,Nueva Chicago,0,2,,,Primera Nacional,2023,zonas,Zona A,Fecha 24,Doctor Osvaldo Baletto,false,https://es.wikipedia.org/wiki/Campeonato_de_Primera_Nacional_2023
2023-07-08,15:30,Villa Dálmine,Atlanta,0,2,,,Primera Nacional,2023,zonas,Zona B,Fecha 21,El Coliseo de Mitre y Puccini,false,https://es.wikipedia.org/wiki/Campeonato_de_Primera_Nacional_2023
2023-07-08,15:30,Yupanqui,Atlas,0,0,,,Primera C,2023,zonas,,Fecha 25,Ciudad Evita,false,https://es.wikipedia.org/wiki/Campeonato_de_Primera_C_2023_(Argentina)
2023-07-08,16:00,Alvarado,Patronato,2,0,,,Primera Nacional,2023,zonas,Zona A,Fecha 24,José María Minella,false,https://es.wikipedia.org/wiki/Campeonato_de_Primera_Nacional_2023
2023-07-08,16:00,San Martín (F),Boca Unidos,1,1,,,Torneo Federal A,2023,zonas,Zona D,Fecha 20,17 de Octubre,false,https://es.wikipedia.org/wiki/Torneo_Federal_A_2023
2023-07-08,17:30,San Martín (SJ),Deportivo Morón,4,0,,,Primera Nacional,2023,zonas,Zona A,Fecha 24,Ingeniero Hilario Sánchez,false,https://es.wikipedia.org/wiki/Campeonato_de_Primera_Nacional_2023
2023-07-08,18:00,Estudiantes (LP),Racing Club,0,0,,,Primera Division,2023,zonas,,Fecha 24,Jorge Luis Hirschi,false,https://es.wikipedia.org/wiki/Campeonato_de_Primera_División_2023_(Argentina)
2023-07-08,20:30,San Lorenzo,River Plate,0,0,,,Primera Division,2023,zonas,,Fecha 24,Nuevo Gasómetro,false,https://es.wikipedia.org/wiki/Campeonato_de_Primera_División_2023_(Argentina)
2023-07-09,14:30,Defensores Unidos,Almirante Brown,0,1,,,Primera Nacional,2023,zonas,Zona A,Fecha 24,Gigante de Villa Fox,false,https://es.wikipedia.org/wiki/Campeonato_de_Primera_Nacional_2023
2023-07-09,15:00,Flandria,Güemes (SdE),3,1,,,Primera Nacional,2023,zonas,Zona A,Fecha 24,Carlos V,false,https://es.wikipedia.org/wiki/Campeonato_de_Primera_Nacional_2023
2023-07-09,15:00,Guillermo Brown,Defensores de Belgrano,0,1,,,Primera Nacional,2023,zonas,Zona A,Fecha 24,Raúl Conti,false,https://es.wikipedia.org/wiki/Campeonato_de_Primera_Nacional_2023
2023-07-09,15:30,Claypole,Deportivo Laferrere,1,1,,,Primera C,2023,zonas,,Fecha 25,Rodolfo Capocasa,false,https://es.wikipedia.org/wiki/Campeonato_de_Primera_C_2023_(Argentina)
2023-07-09,15:30,Deportivo Español,Excursionistas,2,1,,,Primera C,2023,zonas,,Fecha 25,Nueva España,false,https://es.wikipedia.org/wiki/Campeonato_de_Primera_C_2023_(Argentina)
2023-07-09,15:30,Deportivo Maipú,Tristán Suárez,3,2,,,Primera Nacional,2023,zonas,Zona B,Fecha 21,Omar Higinio Sperdutti,false,https://es.wikipedia.org/wiki/Campeonato_de_Primera_Nacional_2023
2023-07-09,15:30,Gimnasia y Tiro (S),Juventud Antoniana,4,1,,,Torneo Federal A,2023,zonas,Zona D,Fecha 20,El Gigante del Norte,false,https://es.wikipedia.org/wiki/Torneo_Federal_A_2023
2023-07-09,15:30,Instituto,Tigre,0,1,,,Primera Division,2023,zonas,,Fecha 24,Juan Domingo Perón,false,https://es.wikipedia.org/wiki/Campeonato_de_Primera_División_2023_(Argentina)
2023-07-09,15:30,Platense,Sarmiento (J),1,0,,,Primera Division,2023,zonas,,Fecha 24,Ciudad de Vicente López,false,https://es.wikipedia.org/wiki/Campeonato_de_Primera_División_2023_(Argentina)
2023-07-09,15:30,San Martín (SM),Atenas (RC),0,2,,,Torneo Federal A,2023,zonas,Zona B,Fecha 20,Libertador General San Martín,false,https://es.wikipedia.org/wiki/Torneo_Federal_A_2023
2023-07-09,15:30,Villa San Carlos,Dock Sud,3,2,,,Primera B,2023,zonas,Torneo Clausura,Fecha 5,Genacio Sálice,false,https://es.wikipedia.org/wiki/Campeonato_de_Primera_B_2023_(Argentina)
2023-07-09,16:00,Sarmiento (R),Sol de América (F),3,0,,,Torneo Federal A,2023,zonas,Zona D,Fecha 20,Centenario,false,https://es.wikipedia.org/wiki/Torneo_Federal_A_2023
2023-07-09,16:30,Independiente Rivadavia,Chacarita Juniors,1,0,,,Primera Nacional,2023,zonas,Zona B,Fecha 21,Bautista Gargantini,false,https://es.wikipedia.org/wiki/Campeonato_de_Primera_Nacional_2023
2023-07-09,17:00,Ferrocarril Midland,Victoriano Arenas,3,1,,,Primera C,2023,zonas,,Fecha 25,Ciudad de Libertad,false,https://es.wikipedia.org/wiki/Campeonato_de_Primera_C_2023_(Argentina)
2023-07-09,17:30,Central Norte (S),9 de Julio (R),3,2,,,Torneo Federal A,2023,zonas,Zona D,Fecha 20,Padre Ernesto Martearena,false,https://es.wikipedia.org/wiki/Torneo_Federal_A_2023
2023-07-09,18:00,Vélez Sarsfield,Godoy Cruz,1,1,,,Primera Division,2023,zonas,,Fecha 24,José Amalfitani,false,https://es.wikipedia.org/wiki/Campeonato_de_Primera_División_2023_(Argentina)
2023-07-09,18:30,Estudiantes (BA),Ferro Carril Oeste,1,2,,,Primera Nacional,2023,zonas,Zona B,Fecha 21,Ciudad de Caseros,false,https://es.wikipedia.org/wiki/Campeonato_de_Primera_Nacional_2023
2023-07-09,20:30,Aldosivi,Quilmes,1,2,,,Primera Nacional,2023,zonas,Zona B,Fecha 21,José María Minella,false,https://es.wikipedia.org/wiki/Campeonato_de_Primera_Nacional_2023
2023-07-09,20:30,Banfield,Arsenal,0,0,,,Primera Division,2023,zonas,,Fecha 24,Florencio Sola,false,https://es.wikipedia.org/wiki/Campeonato_de_Primera_División_2023_(Argentina)
2023-07-09,20:30,Defensa y Justicia,Lanús,2,2,,,Primera Division,2023,zonas,,Fecha 24,Norberto Tomaghello,false,https://es.wikipedia.org/wiki/Campeonato_de_Primera_División_2023_(Argentina)
2023-07-10,14:00,Barracas Central,Argentinos Juniors,0,0,,,Primera Division,2023,zonas,,Fecha 24,Claudio Chiqui Tapia,false,https://es.wikipedia.org/wiki/Campeonato_de_Primera_División_2023_(Argentina)
2023-07-10,15:30,Fénix,Argentino de Merlo,1,2,,,Primera B,2023,zonas,Torneo Clausura,Fecha 5,José Manuel Moreno,false,https://es.wikipedia.org/wiki/Campeonato_de_Primera_B_2023_(Argentina)
2023-07-10,15:30,Los Andes,Comunicaciones,1,0,,,Primera B,2023,zonas,Torneo Clausura,Fecha 5,Eduardo Gallardón,false,https://es.wikipedia.org/wiki/Campeonato_de_Primera_B_2023_(Argentina)
2023-07-10,15:30,Puerto Nuevo,Leandro N. Alem,3,0,,,Primera C,2023,zonas,,Fecha 25,Rubén Carlos Vallejos,false,https://es.wikipedia.org/wiki/Campeonato_de_Primera_C_2023_(Argentina)
2023-07-10,15:30,Sportivo Italiano,San Martín (B),0,4,,,Primera C,2023,zonas,,Fecha 25,República de Italia,false,https://es.wikipedia.org/wiki/Campeonato_de_Primera_C_2023_(Argentina)
2023-07-10,16:30,Colón,Belgrano,0,0,,,Primera Division,2023,zonas,,Fecha 24,Brigadier Estanislao López,false,https://es.wikipedia.org/wiki/Campeonato_de_Primera_División_2023_(Argentina)
2023-07-10,19:30,Boca Juniors,Huracán,1,0,,,Primera Division,2023,zonas,,Fecha 24,La Bombonera,false,https://es.wikipedia.org/wiki/Campeonato_de_Primera_División_2023_(Argentina)
2023-07-10,21:30,Talleres (C),Unión,0,0,,,Primera Division,2023,zonas,,Fecha 24,Mario Alberto Kempes,false,https://es.wikipedia.org/wiki/Campeonato_de_Primera_División_2023_(Argentina)
2023-07-11,18:45,Rosario Central,Central Córdoba (SdE),2,0,,,Primera Division,2023,zonas,,Fecha 24,Gigante de Arroyito,false,https://es.wikipedia.org/wiki/Campeonato_de_Primera_División_2023_(Argentina)
2023-07-11,20:00,Independiente,Newell's Old Boys,0,2,,,Primera Division,2023,zonas,,Fecha 24,Libertadores de América,false,https://es.wikipedia.org/wiki/Campeonato_de_Primera_División_2023_(Argentina)
2023-07-11,21:10,Colegiales,UAI Urquiza,1,1,,,Primera B,2023,zonas,Torneo Clausura,Fecha 5,Colegiales,false,https://es.wikipedia.org/wiki/Campeonato_de_Primera_B_2023_(Argentina)
2023-07-11,21:30,Atlético Tucumán,Gimnasia y Esgrima (LP),2,0,,,Primera Division,2023,zonas,,Fecha 24,Monumental de José Fierro,false,https://es.wikipedia.org/wiki/Campeonato_de_Primera_División_2023_(Argentina)
2023-07-14,13:00,9 de Julio (R),Sarmiento (R),2,1,,,Torneo Federal A,2023,zonas,Zona D,Fecha 21,Germán Solterman,false,https://es.wikipedia.org/wiki/Torneo_Federal_A_2023
2023-07-14,15:30,Central Córdoba (R),Luján,1,1,,,Primera C,2023,zonas,,Fecha 26,Gabino Sosa,false,https://es.wikipedia.org/wiki/Campeonato_de_Primera_C_2023_(Argentina)
2023-07-14,15:30,General Lamadrid,Sportivo Italiano,0,1,,,Primera C,2023,zonas,,Fecha 26,Enrique Sexto,false,https://es.wikipedia.org/wiki/Campeonato_de_Primera_C_2023_(Argentina)
2023-07-14,15:30,Leandro N. Alem,Yupanqui,1,0,,,Primera C,2023,zonas,,Fecha 26,Leandro N. Alem,false,https://es.wikipedia.org/wiki/Campeonato_de_Primera_C_2023_(Argentina)
2023-07-14,15:30,Liniers,Real Pilar,1,0,,,Primera C,2023,zonas,,Fecha 26,Juan Antonio Arias,false,https://es.wikipedia.org/wiki/Campeonato_de_Primera_C_2023_(Argentina)
2023-07-14,15:30,Nueva Chicago,Almagro,2,0,,,Primera Nacional,2023,zonas,Zona A,Fecha 25,Nueva Chicago,false,https://es.wikipedia.org/wiki/Campeonato_de_Primera_Nacional_2023
2023-07-14,15:30,San Martín (B),Deportivo Español,2,0,,,Primera C,2023,zonas,,Fecha 26,Francisco Boga,false,https://es.wikipedia.org/wiki/Campeonato_de_Primera_C_2023_(Argentina)
2023-07-14,15:30,Victoriano Arenas,Puerto Nuevo,0,0,,,Primera C,2023,zonas,,Fecha 26,Saturnino Moure,false,https://es.wikipedia.org/wiki/Campeonato_de_Primera_C_2023_(Argentina)
2023-07-14,17:00,Deportivo Laferrere,Ferrocarril Midland,3,1,,,Primera C,2023,zonas,,Fecha 26,Ciudad de Laferrere,false,https://es.wikipedia.org/wiki/Campeonato_de_Primera_C_2023_(Argentina)
2023-07-14,19:00,Godoy Cruz,Defensa y Justicia,2,2,,,Primera Division,2023,zonas,,Fecha 25,Malvinas Argentinas,false,https://es.wikipedia.org/wiki/Campeonato_de_Primera_División_2023_(Argentina)
2023-07-14,19:00,Sarmiento (J),Vélez Sarsfield,1,1,,,Primera Division,2023,zonas,,Fecha 25,Eva Perón,false,https://es.wikipedia.org/wiki/Campeonato_de_Primera_División_2023_(Argentina)
2023-07-14,20:00,Excursionistas,Claypole,1,0,,,Primera C,2023,zonas,,Fecha 26,Excursionistas,false,https://es.wikipedia.org/wiki/Campeonato_de_Primera_C_2023_(Argentina)
2023-07-14,20:00,Unión (S),Independiente (C),0,2,,,Torneo Federal A,2023,zonas,Zona C,Fecha 21,De la Avenida,false,https://es.wikipedia.org/wiki/Torneo_Federal_A_2023
2023-07-14,21:00,Güemes (SdE),Alvarado,0,2,,,Primera Nacional,2023,zonas,Zona A,Fecha 25,Arturo Miranda,false,https://es.wikipedia.org/wiki/Campeonato_de_Primera_Nacional_2023
2023-07-14,21:10,San Martín (T),San Telmo,1,0,,,Primera Nacional,2023,zonas,Zona A,Fecha 25,La Ciudadela,false,https://es.wikipedia.org/wiki/Campeonato_de_Primera_Nacional_2023
2023-07-14,21:30,Huracán,Talleres (C),0,1,,,Primera Division,2023,zonas,,Fecha 25,Tomás Adolfo Ducó,false,https://es.wikipedia.org/wiki/Campeonato_de_Primera_División_2023_(Argentina)
2023-07-15,12:10,Tristán Suárez,Independiente Rivadavia,0,3,,,Primera Nacional,2023,zonas,Zona B,Fecha 22,20 de Octubre,false,https://es.wikipedia.org/wiki/Campeonato_de_Primera_Nacional_2023
2023-07-15,14:00,Unión,Platense,0,0,,,Primera Division,2023,zonas,,Fecha 25,15 de abril,false,https://es.wikipedia.org/wiki/Campeonato_de_Primera_División_2023_(Argentina)
2023-07-15,15:00,Argentino (MM),Sportivo Peñarol (C),1,1,,,Torneo Federal A,2023,zonas,Zona B,Fecha 21,Modesto Marrone,false,https://es.wikipedia.org/wiki/Torneo_Federal_A_2023
2023-07-15,15:00,Ferro Carril Oeste (GP),San Martín (SM),1,0,,,Torneo Federal A,2023,zonas,Zona B,Fecha 21,El Coloso del Barrio Talleres,false,https://es.wikipedia.org/wiki/Torneo_Federal_A_2023
2023-07-15,15:30,Acassuso,Fénix,1,0,,,Primera B,2023,zonas,Torneo Clausura,Fecha 6,Armenia,false,https://es.wikipedia.org/wiki/Campeonato_de_Primera_B_2023_(Argentina)
2023-07-15,15:30,Almirante Brown,San Martín (SJ),2,1,,,Primera Nacional,2023,zonas,Zona A,Fecha 25,Fragata Presidente Sarmiento,false,https://es.wikipedia.org/wiki/Campeonato_de_Primera_Nacional_2023
2023-07-15,15:30,Boca Unidos,Gimnasia y Tiro (S),0,0,,,Torneo Federal A,2023,zonas,Zona D,Fecha 21,Leoncio Benítez,false,https://es.wikipedia.org/wiki/Torneo_Federal_A_2023
2023-07-15,15:30,Deportivo Merlo,Deportivo Armenio,0,3,,,Primera B,2023,zonas,Torneo Clausura,Fecha 6,José Manuel Moreno,false,https://es.wikipedia.org/wiki/Campeonato_de_Primera_B_2023_(Argentina)
2023-07-15,15:30,Ituzaingó,Los Andes,0,0,,,Primera B,2023,zonas,Torneo Clausura,Fecha 6,Carlos Sacaan,false,https://es.wikipedia.org/wiki/Campeonato_de_Primera_B_2023_(Argentina)
2023-07-15,15:30,J. J. de Urquiza,Berazategui,2,1,,,Primera C,2023,zonas,,Fecha 26,Ramón Roque Martín,false,https://es.wikipedia.org/wiki/Campeonato_de_Primera_C_2023_(Argentina)
2023-07-15,15:40,Chacarita Juniors,Chaco For Ever,1,0,,,Primera Nacional,2023,zonas,Zona B,Fecha 22,Chacarita Juniors,false,https://es.wikipedia.org/wiki/Campeonato_de_Primera_Nacional_2023
2023-07-15,16:00,Gimnasia y Esgrima (J),Estudiantes (BA),1,2,,,Primera Nacional,2023,zonas,Zona B,Fecha 22,23 de Agosto,false,https://es.wikipedia.org/wiki/Campeonato_de_Primera_Nacional_2023
2023-07-15,16:00,Patronato,Gimnasia y Esgrima (M),1,0,,,Primera Nacional,2023,zonas,Zona A,Fecha 25,Presbítero Bartolomé Grella,false,https://es.wikipedia.org/wiki/Campeonato_de_Primera_Nacional_2023
2023-07-15,16:00,Racing Club,Rosario Central,1,1,,,Primera Division,2023,zonas,,Fecha 25,El Cilindro,false,https://es.wikipedia.org/wiki/Campeonato_de_Primera_División_2023_(Argentina)
2023-07-15,17:30,Atenas (RC),Huracán Las Heras,2,1,,,Torneo Federal A,2023,zonas,Zona B,Fecha 21,9 de Julio,false,https://es.wikipedia.org/wiki/Torneo_Federal_A_2023
2023-07-15,19:00,Quilmes,Brown de Adrogué,1,1,,,Primera Nacional,2023,zonas,Zona B,Fecha 22,Centenario Ciudad de Quilmes,false,https://es.wikipedia.org/wiki/Campeonato_de_Primera_Nacional_2023
2023-07-15,19:00,Ramón Santamarina,Villa Mitre,1,1,,,Torneo Federal A,2023,zonas,Zona A,Fecha 21,Municipal General San Martín,false,https://es.wikipedia.org/wiki/Torneo_Federal_A_2023
2023-07-15,19:00,River Plate,Estudiantes (LP),3,1,,,Primera Division,2023,zonas,,Fecha 25,Monumental,false,https://es.wikipedia.org/wiki/Campeonato_de_Primera_División_2023_(Argentina)
2023-07-16,13:40,All Boys,Agropecuario,2,0,,,Primera Nacional,2023,zonas,Zona A,Fecha 25,Islas Malvinas,false,https://es.wikipedia.org/wiki/Campeonato_de_Primera_Nacional_2023
2023-07-16,14:00,Belgrano,San Lorenzo,0,1,,,Primera Division,2023,zonas,,Fecha 25,Gigante de Alberdi,false,https://es.wikipedia.org/wiki/Campeonato_de_Primera_División_2023_(Argentina)
2023-07-16,14:05,Dock Sud,San Miguel,1,3,,,Primera B,2023,zonas,Torneo Clausura,Fecha 6,De los Inmigrantes,false,https://es.wikipedia.org/wiki/Campeonato_de_Primera_B_2023_(Argentina)
2023-07-16,15:00,Deportivo Morón,Flandria,2,1,,,Primera Nacional,2023,zonas,Zona A,Fecha 25,Nuevo Francisco Urbano,false,https://es.wikipedia.org/wiki/Campeonato_de_Primera_Nacional_2023
2023-07-16,15:00,Germinal,Sansinena,2,0,,,Torneo Federal A,2023,zonas,Zona A,Fecha 21,El Fortín (R),false,https://es.wikipedia.org/wiki/Torneo_Federal_A_2023
2023-07-16,15:00,Sol de Mayo (V),Círculo Deportivo,2,1,,,Torneo Federal A,2023,zonas,Zona A,Fecha 21,Sol de Mayo,false,https://es.wikipedia.org/wiki/Torneo_Federal_A_2023
2023-07-16,15:30,Cañuelas,Colegiales,1,2,,,Primera B,2023,zonas,Torneo Clausura,Fecha 6,Jorge Arin,false,https://es.wikipedia.org/wiki/Campeonato_de_Primera_B_2023_(Argentina)
2023-07-16,15:30,Deportivo Riestra,Deportivo Madryn,0,0,,,Primera Nacional,2023,zonas,Zona B,Fecha 22,Guillermo Laza,false,https://es.wikipedia.org/wiki/Campeonato_de_Primera_Nacional_2023
2023-07-16,15:30,Douglas Haig,Gimnasia y Esgrima (CdU),1,0,,,Torneo Federal A,2023,zonas,Zona C,Fecha 21,Miguel Morales,false,https://es.wikipedia.org/wiki/Torneo_Federal_A_2023
2023-07-16,15:30,Racing Club,Villa Dálmine,0,0,,,Primera Nacional,2023,zonas,Zona B,Fecha 22,Miguel Sancho,false,https://es.wikipedia.org/wiki/Campeonato_de_Primera_Nacional_2023
2023-07-16,15:30,UAI Urquiza,Villa San Carlos,0,0,,,Primera B,2023,zonas,Torneo Clausura,Fecha 6,Monumental de Villa Lynch,false,https://es.wikipedia.org/wiki/Campeonato_de_Primera_B_2023_(Argentina)
2023-07-16,15:35,Sol de América (F),San Martín (F),1,0,,,Torneo Federal A,2023,zonas,Zona D,Fecha 21,Sol de América,false,https://es.wikipedia.org/wiki/Torneo_Federal_A_2023
2023-07-16,16:00,Cipolletti,Liniers (BB),1,0,,,Torneo Federal A,2023,zonas,Zona A,Fecha 21,La Visera de Cemento,false,https://es.wikipedia.org/wiki/Torneo_Federal_A_2023
2023-07-16,16:00,Defensores de Belgrano (VR),El Linqueño,3,1,,,Torneo Federal A,2023,zonas,Zona C,Fecha 21,Salomón Boeseldín,false,https://es.wikipedia.org/wiki/Torneo_Federal_A_2023
2023-07-16,16:00,Juventud Antoniana,Crucero del Norte,0,0,,,Torneo Federal A,2023,zonas,Zona D,Fecha 21,Padre Ernesto Martearena,false,https://es.wikipedia.org/wiki/Torneo_Federal_A_2023
2023-07-16,16:00,Sportivo Estudiantes (SL),Juventud Unida Universitario,0,0,,,Torneo Federal A,2023,zonas,Zona B,Fecha 21,Héctor Odicino y Pedro Benoza,false,https://es.wikipedia.org/wiki/Torneo_Federal_A_2023
2023-07-16,16:30,Gimnasia y Esgrima (LP),Boca Juniors,1,3,,,Primera Division,2023,zonas,,Fecha 25,Del Bosque,false,https://es.wikipedia.org/wiki/Campeonato_de_Primera_División_2023_(Argentina)
2023-07-16,17:00,Estudiantes (RC),Guillermo Brown,1,0,,,Primera Nacional,2023,zonas,Zona A,Fecha 25,Antonio Candini,false,https://es.wikipedia.org/wiki/Campeonato_de_Primera_Nacional_2023
2023-07-16,19:00,Lanús,Banfield,2,2,,,Primera Division,2023,zonas,,Fecha 25,Ciudad de Lanús,false,https://es.wikipedia.org/wiki/Campeonato_de_Primera_División_2023_(Argentina)
2023-07-16,19:00,Sportivo Belgrano,Sportivo Las Parejas,1,2,,,Torneo Federal A,2023,zonas,Zona C,Fecha 21,Oscar Carlos Boero,false,https://es.wikipedia.org/wiki/Torneo_Federal_A_2023
2023-07-16,19:05,Ferro Carril Oeste,Atlético de Rafaela,0,1,,,Primera Nacional,2023,zonas,Zona B,Fecha 22,Arquitecto Ricardo Etcheverri,false,https://es.wikipedia.org/wiki/Campeonato_de_Primera_Nacional_2023
2023-07-16,21:30,Argentinos Juniors,Colón,1,0,,,Primera Division,2023,zonas,,Fecha 25,Diego Armando Maradona,false,https://es.wikipedia.org/wiki/Campeonato_de_Primera_División_2023_(Argentina)
2023-07-16,21:30,Central Córdoba (SdE),Independiente,0,1,,,Primera Division,2023,zonas,,Fecha 25,Único Madre de Ciudades,false,https://es.wikipedia.org/wiki/Campeonato_de_Primera_División_2023_(Argentina)
2023-07-17,15:00,Defensores de Belgrano,Defensores Unidos,1,2,,,Primera Nacional,2023,zonas,Zona A,Fecha 25,Juan Pasquale,false,https://es.wikipedia.org/wiki/Campeonato_de_Primera_Nacional_2023
2023-07-17,15:00,Mitre (SdE),Aldosivi,0,2,,,Primera Nacional,2023,zonas,Zona B,Fecha 22,Dres. José y Antonio Castiglione,false,https://es.wikipedia.org/wiki/Campeonato_de_Primera_Nacional_2023
2023-07-17,18:00,Arsenal,Instituto,0,2,,,Primera Division,2023,zonas,,Fecha 25,El Viaducto,false,https://es.wikipedia.org/wiki/Campeonato_de_Primera_División_2023_(Argentina)
2023-07-17,18:00,Tigre,Barracas Central,0,1,,,Primera Division,2023,zonas,,Fecha 25,Monumental de Victoria,false,https://es.wikipedia.org/wiki/Campeonato_de_Primera_División_2023_(Argentina)
2023-07-17,20:30,Newell's Old Boys,Atlético Tucumán,0,0,,,Primera Division,2023,zonas,,Fecha 25,Marcelo Bielsa,false,https://es.wikipedia.org/wiki/Campeonato_de_Primera_División_2023_(Argentina)
2023-07-17,21:10,Atlanta,Deportivo Maipú,1,3,,,Primera Nacional,2023,zonas,Zona B,Fecha 22,Don León Kolbowski,false,https://es.wikipedia.org/wiki/Campeonato_de_Primera_Nacional_2023
2023-07-18,15:30,Atlas,Leandro N. Alem,3,1,,,Primera C,2023,zonas,,Fecha 27,Ricardo Puga,false,https://es.wikipedia.org/wiki/Campeonato_de_Primera_C_2023_(Argentina)
2023-07-18,15:30,Claypole,San Martín (B),0,1,,,Primera C,2023,zonas,,Fecha 27,Rodolfo Capocasa,false,https://es.wikipedia.org/wiki/Campeonato_de_Primera_C_2023_(Argentina)
2023-07-18,15:30,Comunicaciones,Argentino de Quilmes,1,1,,,Primera B,2023,zonas,Torneo Clausura,Fecha 6,Alfredo Ramos,false,https://es.wikipedia.org/wiki/Campeonato_de_Primera_B_2023_(Argentina)
2023-07-18,15:30,Deportivo Español,General Lamadrid,1,0,,,Primera C,2023,zonas,,Fecha 27,Nueva España,false,https://es.wikipedia.org/wiki/Campeonato_de_Primera_C_2023_(Argentina)
2023-07-18,15:30,Puerto Nuevo,Deportivo Laferrere,0,1,,,Primera C,2023,zonas,,Fecha 27,Rubén Carlos Vallejos,false,https://es.wikipedia.org/wiki/Campeonato_de_Primera_C_2023_(Argentina)
2023-07-18,15:30,Yupanqui,Victoriano Arenas,1,0,,,Primera C,2023,zonas,,Fecha 27,Ciudad Evita,false,https://es.wikipedia.org/wiki/Campeonato_de_Primera_C_2023_(Argentina)
2023-07-18,21:10,Talleres (RdE),Sacachispas,0,0,,,Primera B,2023,zonas,Torneo Clausura,Fecha 6,Pablo Comelli,false,https://es.wikipedia.org/wiki/Campeonato_de_Primera_B_2023_(Argentina)
2023-07-19,,Racing Club,San Martín (T),2,1,,,Copa Argentina,2023,eliminacion,,Dieciseisavos,Mario Alberto Kempes,true,https://es.wikipedia.org/wiki/Copa_Argentina_2023
2023-07-19,15:30,Berazategui,Central Córdoba (R),1,1,,,Primera C,2023,zonas,,Fecha 27,Norman Lee,false,https://es.wikipedia.org/wiki/Campeonato_de_Primera_C_2023_(Argentina)
2023-07-19,15:30,Luján,Liniers,0,1,,,Primera C,2023,zonas,,Fecha 27,1 de Abril,false,https://es.wikipedia.org/wiki/Campeonato_de_Primera_C_2023_(Argentina)
2023-07-19,15:30,Sportivo Italiano,J. J. de Urquiza,2,1,,,Primera C,2023,zonas,,Fecha 27,República de Italia,false,https://es.wikipedia.org/wiki/Campeonato_de_Primera_C_2023_(Argentina)
2023-07-19,17:00,Ferrocarril Midland,Excursionistas,0,0,,,Primera C,2023,zonas,,Fecha 27,Ciudad de Libertad,false,https://es.wikipedia.org/wiki/Campeonato_de_Primera_C_2023_(Argentina)
2023-07-20,,Barracas Central,Boca Juniors,1,2,,,Copa Argentina,2023,eliminacion,,Dieciseisavos,Único Madre de Ciudades,true,https://es.wikipedia.org/wiki/Copa_Argentina_2023
2023-07-20,,River Plate,Talleres (C),0,1,,,Copa Argentina,2023,eliminacion,,Dieciseisavos,Malvinas Argentinas,true,https://es.wikipedia.org/wiki/Copa_Argentina_2023
2023-07-20,,San Martín (SJ),Vélez Sarsfield,2,2,5,4,Copa Argentina,2023,eliminacion,,Dieciseisavos,Julio César Villagra,true,https://es.wikipedia.org/wiki/Copa_Argentina_2023
2023-07-20,,Villa Mitre,Godoy Cruz,0,0,4,2,Copa Argentina,2023,eliminacion,,Dieciseisavos,Alfredo Beranger,true,https://es.wikipedia.org/wiki/Copa_Argentina_2023
2023-07-22,11:00,Guillermo Brown,All Boys,2,1,,,Primera Nacional,2023,zonas,Zona A,Fecha 26,Raúl Conti,false,https://es.wikipedia.org/wiki/Campeonato_de_Primera_Nacional_2023
2023-07-22,12:10,San Telmo,Temperley,0,0,,,Primera Nacional,2023,zonas,Zona A,Fecha 26,Doctor Osvaldo Baletto,false,https://es.wikipedia.org/wiki/Campeonato_de_Primera_Nacional_2023
2023-07-22,14:30,El Linqueño,Defensores de Pronunciamiento,2,0,,,Torneo Federal A,2023,zonas,Zona C,Fecha 22,Leonardo Costa,false,https://es.wikipedia.org/wiki/Torneo_Federal_A_2023
2023-07-22,15:00,Defensores Unidos,Estudiantes (RC),0,1,,,Primera Nacional,2023,zonas,Zona A,Fecha 26,Gigante de Villa Fox,false,https://es.wikipedia.org/wiki/Campeonato_de_Primera_Nacional_2023
2023-07-22,15:00,Deportivo Madryn,Ferro Carril Oeste,1,0,,,Primera Nacional,2023,zonas,Zona B,Fecha 23,Abel Sastre,false,https://es.wikipedia.org/wiki/Campeonato_de_Primera_Nacional_2023
2023-07-22,15:00,Estudiantes (BA),Quilmes,1,1,,,Primera Nacional,2023,zonas,Zona B,Fecha 23,Ciudad de Caseros,false,https://es.wikipedia.org/wiki/Campeonato_de_Primera_Nacional_2023
2023-07-22,15:00,Liniers (BB),Germinal,1,3,,,Torneo Federal A,2023,zonas,Zona A,Fecha 22,Alejandro Pérez,false,https://es.wikipedia.org/wiki/Torneo_Federal_A_2023
2023-07-22,15:00,Sportivo Las Parejas,Defensores de Belgrano (VR),1,1,,,Torneo Federal A,2023,zonas,Zona C,Fecha 22,4 de Septiembre,false,https://es.wikipedia.org/wiki/Torneo_Federal_A_2023
2023-07-22,15:10,Agropecuario,Nueva Chicago,2,1,,,Primera Nacional,2023,zonas,Zona A,Fecha 26,Ofelia Rosenzuaig,false,https://es.wikipedia.org/wiki/Campeonato_de_Primera_Nacional_2023
2023-07-22,15:30,Argentino de Merlo,Acassuso,0,0,,,Primera B,2023,zonas,Torneo Clausura,Fecha 7,Merlo,false,https://es.wikipedia.org/wiki/Campeonato_de_Primera_B_2023_(Argentina)
2023-07-22,15:30,Crucero del Norte,Boca Unidos,1,3,,,Torneo Federal A,2023,zonas,Zona D,Fecha 22,Comandante Andrés Guacurarí,false,https://es.wikipedia.org/wiki/Torneo_Federal_A_2023
2023-07-22,15:30,San Lorenzo,Argentinos Juniors,0,2,,,Primera Division,2023,zonas,,Fecha 26,Nuevo Gasómetro,false,https://es.wikipedia.org/wiki/Campeonato_de_Primera_División_2023_(Argentina)
2023-07-22,15:30,San Martín (B),Ferrocarril Midland,3,2,,,Primera C,2023,zonas,,Fecha 28,Francisco Boga,false,https://es.wikipedia.org/wiki/Campeonato_de_Primera_C_2023_(Argentina)
2023-07-22,15:30,San Miguel,UAI Urquiza,0,1,,,Primera B,2023,zonas,Torneo Clausura,Fecha 7,Malvinas Argentinas,false,https://es.wikipedia.org/wiki/Campeonato_de_Primera_B_2023_(Argentina)
2023-07-22,16:00,Gimnasia y Esgrima (CdU),Unión (S),0,1,,,Torneo Federal A,2023,zonas,Zona C,Fecha 22,Manuel y Ramón Núñez,false,https://es.wikipedia.org/wiki/Torneo_Federal_A_2023
2023-07-22,16:05,Los Andes,Deportivo Merlo,2,2,,,Primera B,2023,zonas,Torneo Clausura,Fecha 7,Eduardo Gallardón,false,https://es.wikipedia.org/wiki/Campeonato_de_Primera_B_2023_(Argentina)
2023-07-22,17:15,Sarmiento (R),Central Norte (S),1,2,,,Torneo Federal A,2023,zonas,Zona D,Fecha 22,Centenario,false,https://es.wikipedia.org/wiki/Torneo_Federal_A_2023
2023-07-22,18:00,Estudiantes (LP),Belgrano,4,0,,,Primera Division,2023,zonas,,Fecha 26,Jorge Luis Hirschi,false,https://es.wikipedia.org/wiki/Campeonato_de_Primera_División_2023_(Argentina)
2023-07-22,18:10,Alvarado,Deportivo Morón,0,2,,,Primera Nacional,2023,zonas,Zona A,Fecha 26,José María Minella,false,https://es.wikipedia.org/wiki/Campeonato_de_Primera_Nacional_2023
2023-07-22,20:10,Independiente Rivadavia,Atlanta,1,1,,,Primera Nacional,2023,zonas,Zona B,Fecha 23,Bautista Gargantini,false,https://es.wikipedia.org/wiki/Campeonato_de_Primera_Nacional_2023
2023-07-22,20:30,Platense,Huracán,0,1,,,Primera Division,2023,zonas,,Fecha 26,Ciudad de Vicente López,false,https://es.wikipedia.org/wiki/Campeonato_de_Primera_División_2023_(Argentina)
2023-07-23,15:00,Círculo Deportivo,Olimpo,2,2,,,Torneo Federal A,2023,zonas,Zona A,Fecha 22,Guillermo Trama,false,https://es.wikipedia.org/wiki/Torneo_Federal_A_2023
2023-07-23,15:00,Juventud Unida Universitario,Argentino (MM),1,1,,,Torneo Federal A,2023,zonas,Zona B,Fecha 22,Mario Sebastián Diez,false,https://es.wikipedia.org/wiki/Torneo_Federal_A_2023
2023-07-23,15:00,Sansinena,Sol de Mayo (V),3,0,,,Torneo Federal A,2023,zonas,Zona A,Fecha 22,Luis Molina,false,https://es.wikipedia.org/wiki/Torneo_Federal_A_2023
2023-07-23,15:05,Flandria,Almirante Brown,0,2,,,Primera Nacional,2023,zonas,Zona A,Fecha 26,Carlos V,false,https://es.wikipedia.org/wiki/Campeonato_de_Primera_Nacional_2023
2023-07-23,15:30,Colegiales,Comunicaciones,2,1,,,Primera B,2023,zonas,Torneo Clausura,Fecha 7,Colegiales,false,https://es.wikipedia.org/wiki/Campeonato_de_Primera_B_2023_(Argentina)
2023-07-23,15:30,Deportivo Laferrere,Yupanqui,0,0,,,Primera C,2023,zonas,,Fecha 28,Ciudad de Laferrere,false,https://es.wikipedia.org/wiki/Campeonato_de_Primera_C_2023_(Argentina)
2023-07-23,15:30,Deportivo Maipú,Racing Club,2,1,,,Primera Nacional,2023,zonas,Zona B,Fecha 23,Omar Higinio Sperdutti,false,https://es.wikipedia.org/wiki/Campeonato_de_Primera_Nacional_2023
2023-07-23,15:30,Excursionistas,Puerto Nuevo,2,1,,,Primera C,2023,zonas,,Fecha 28,Excursionistas,false,https://es.wikipedia.org/wiki/Campeonato_de_Primera_C_2023_(Argentina)
2023-07-23,15:30,General Lamadrid,Claypole,2,0,,,Primera C,2023,zonas,,Fecha 28,Enrique Sexto,false,https://es.wikipedia.org/wiki/Campeonato_de_Primera_C_2023_(Argentina)
2023-07-23,15:30,Gimnasia y Esgrima (M),Güemes (SdE),0,1,,,Primera Nacional,2023,zonas,Zona A,Fecha 26,Víctor Antonio Legrotaglie,false,https://es.wikipedia.org/wiki/Campeonato_de_Primera_Nacional_2023
2023-07-23,15:30,Gimnasia y Tiro (S),Sol de América (F),1,0,,,Torneo Federal A,2023,zonas,Zona D,Fecha 22,El Gigante del Norte,false,https://es.wikipedia.org/wiki/Torneo_Federal_A_2023
2023-07-23,15:30,Huracán Las Heras,Ferro Carril Oeste (GP),2,1,,,Torneo Federal A,2023,zonas,Zona B,Fecha 22,General San Martín,false,https://es.wikipedia.org/wiki/Torneo_Federal_A_2023
2023-07-23,15:30,Independiente (C),Sportivo Belgrano,1,0,,,Torneo Federal A,2023,zonas,Zona C,Fecha 22,Raúl Orlando Lungarzo,false,https://es.wikipedia.org/wiki/Torneo_Federal_A_2023
2023-07-23,15:30,J. J. de Urquiza,Deportivo Español,0,1,,,Primera C,2023,zonas,,Fecha 28,Ramón Roque Martín,false,https://es.wikipedia.org/wiki/Campeonato_de_Primera_C_2023_(Argentina)
2023-07-23,15:30,Liniers,Berazategui,1,2,,,Primera C,2023,zonas,,Fecha 28,Juan Antonio Arias,false,https://es.wikipedia.org/wiki/Campeonato_de_Primera_C_2023_(Argentina)
2023-07-23,15:30,Mitre (SdE),Chacarita Juniors,1,2,,,Primera Nacional,2023,zonas,Zona B,Fecha 23,Dres. José y Antonio Castiglione,false,https://es.wikipedia.org/wiki/Campeonato_de_Primera_Nacional_2023
2023-07-23,15:30,Real Pilar,Luján,1,0,,,Primera C,2023,zonas,,Fecha 28,Carlos Barraza,false,https://es.wikipedia.org/wiki/Campeonato_de_Primera_C_2023_(Argentina)
2023-07-23,15:30,Sacachispas,Dock Sud,0,1,,,Primera B,2023,zonas,Torneo Clausura,Fecha 7,Beto Larrosa,false,https://es.wikipedia.org/wiki/Campeonato_de_Primera_B_2023_(Argentina)
2023-07-23,15:30,San Martín (F),9 de Julio (R),2,1,,,Torneo Federal A,2023,zonas,Zona D,Fecha 22,17 de Octubre,false,https://es.wikipedia.org/wiki/Torneo_Federal_A_2023
2023-07-23,15:30,Victoriano Arenas,Atlas,2,1,,,Primera C,2023,zonas,,Fecha 28,Saturnino Moure,false,https://es.wikipedia.org/wiki/Campeonato_de_Primera_C_2023_(Argentina)
2023-07-23,15:30,Villa Dálmine,Deportivo Riestra,1,2,,,Primera Nacional,2023,zonas,Zona B,Fecha 23,El Coliseo de Mitre y Puccini,false,https://es.wikipedia.org/wiki/Campeonato_de_Primera_Nacional_2023
2023-07-23,15:30,Villa San Carlos,Cañuelas,1,1,,,Primera B,2023,zonas,Torneo Clausura,Fecha 7,Genacio Sálice,false,https://es.wikipedia.org/wiki/Campeonato_de_Primera_B_2023_(Argentina)
2023-07-23,16:00,Atlético de Rafaela,Gimnasia y Esgrima (J),1,0,,,Primera Nacional,2023,zonas,Zona B,Fecha 23,Nuevo Monumental,false,https://es.wikipedia.org/wiki/Campeonato_de_Primera_Nacional_2023
2023-07-23,16:00,Chaco For Ever,Tristán Suárez,1,1,,,Primera Nacional,2023,zonas,Zona B,Fecha 23,Juan Alberto García,false,https://es.wikipedia.org/wiki/Campeonato_de_Primera_Nacional_2023
2023-07-23,16:00,San Martín (SM),Sportivo Estudiantes (SL),3,1,,,Torneo Federal A,2023,zonas,Zona B,Fecha 22,Libertador General San Martín,false,https://es.wikipedia.org/wiki/Torneo_Federal_A_2023
2023-07-23,16:30,Atlético Tucumán,Independiente,1,0,,,Primera Division,2023,zonas,,Fecha 26,Monumental José Fierro,false,https://es.wikipedia.org/wiki/Campeonato_de_Primera_División_2023_(Argentina)
2023-07-23,17:10,Almagro,San Martín (T),0,0,,,Primera Nacional,2023,zonas,Zona A,Fecha 26,Tres de Febrero,false,https://es.wikipedia.org/wiki/Campeonato_de_Primera_Nacional_2023
2023-07-23,18:45,Defensa y Justicia,Sarmiento (J),3,0,,,Primera Division,2023,zonas,,Fecha 26,Norberto Tomaghello,false,https://es.wikipedia.org/wiki/Campeonato_de_Primera_División_2023_(Argentina)
2023-07-23,21:00,Rosario Central,River Plate,3,3,,,Primera Division,2023,zonas,,Fecha 26,Gigante de Arroyito,false,https://es.wikipedia.org/wiki/Campeonato_de_Primera_División_2023_(Argentina)
2023-07-24,15:00,Sportivo Peñarol (C),Ciudad de Bolívar,1,3,,,Torneo Federal A,2023,zonas,Zona B,Fecha 22,Ramón Pablo Rojas,false,https://es.wikipedia.org/wiki/Torneo_Federal_A_2023
2023-07-24,15:30,Central Córdoba (R),Sportivo Italiano,0,0,,,Primera C,2023,zonas,,Fecha 28,Gabino Sosa,false,https://es.wikipedia.org/wiki/Campeonato_de_Primera_C_2023_(Argentina)
2023-07-24,16:30,Talleres (C),Gimnasia y Esgrima (LP),2,2,,,Primera Division,2023,zonas,,Fecha 26,Mario Alberto Kempes,false,https://es.wikipedia.org/wiki/Campeonato_de_Primera_División_2023_(Argentina)
2023-07-24,16:30,Vélez Sarsfield,Unión,0,0,,,Primera Division,2023,zonas,,Fecha 26,José Amalfitani,false,https://es.wikipedia.org/wiki/Campeonato_de_Primera_División_2023_(Argentina)
2023-07-24,18:00,Aldosivi,Brown de Adrogué,2,1,,,Primera Nacional,2023,zonas,Zona B,Fecha 23,José María Minella,false,https://es.wikipedia.org/wiki/Campeonato_de_Primera_Nacional_2023
2023-07-24,18:30,Banfield,Godoy Cruz,2,0,,,Primera Division,2023,zonas,,Fecha 26,Florencio Sola,false,https://es.wikipedia.org/wiki/Campeonato_de_Primera_División_2023_(Argentina)
2023-07-24,19:00,Villa Mitre,Cipolletti,2,0,,,Torneo Federal A,2023,zonas,Zona A,Fecha 22,El Fortín (BB),false,https://es.wikipedia.org/wiki/Torneo_Federal_A_2023
2023-07-24,19:05,Fénix,Talleres (RdE),0,1,,,Primera B,2023,zonas,Torneo Clausura,Fecha 7,Tres de Febrero,false,https://es.wikipedia.org/wiki/Campeonato_de_Primera_B_2023_(Argentina)
2023-07-24,19:30,Racing Club,Central Córdoba (SdE),3,1,,,Primera Division,2023,zonas,,Fecha 26,El Cilindro,false,https://es.wikipedia.org/wiki/Campeonato_de_Primera_División_2023_(Argentina)
2023-07-24,20:45,Boca Juniors,Newell's Old Boys,2,1,,,Primera Division,2023,zonas,,Fecha 26,La Bombonera,false,https://es.wikipedia.org/wiki/Campeonato_de_Primera_División_2023_(Argentina)
2023-07-24,21:15,San Martín (SJ),Defensores de Belgrano,1,3,,,Primera Nacional,2023,zonas,Zona A,Fecha 26,Ingeniero Hilario Sánchez,false,https://es.wikipedia.org/wiki/Campeonato_de_Primera_Nacional_2023
2023-07-25,,All Boys,Estudiantes (LP),0,1,,,Copa Argentina,2023,eliminacion,,Dieciseisavos,Centenario Ciudad de Quilmes,true,https://es.wikipedia.org/wiki/Copa_Argentina_2023
2023-07-25,,Patronato,Argentinos Juniors,1,2,,,Copa Argentina,2023,eliminacion,,Dieciseisavos,Eva Perón,true,https://es.wikipedia.org/wiki/Copa_Argentina_2023
2023-07-25,15:30,Argentino de Quilmes,Ituzaingó,1,0,,,Primera B,2023,zonas,Torneo Clausura,Fecha 7,Argentino de Quilmes,false,https://es.wikipedia.org/wiki/Campeonato_de_Primera_B_2023_(Argentina)
2023-07-25,15:30,Barracas Central,Arsenal,0,0,,,Primera Division,2023,zonas,,Fecha 26,Claudio Chiqui Tapia,false,https://es.wikipedia.org/wiki/Campeonato_de_Primera_División_2023_(Argentina)
2023-07-25,18:00,Colón,Tigre,1,3,,,Primera Division,2023,zonas,,Fecha 26,Brigadier Estanislao López,false,https://es.wikipedia.org/wiki/Campeonato_de_Primera_División_2023_(Argentina)
2023-07-25,20:30,Instituto,Lanús,2,1,,,Primera Division,2023,zonas,,Fecha 26,Juan Domingo Perón,false,https://es.wikipedia.org/wiki/Campeonato_de_Primera_División_2023_(Argentina)
2023-07-26,,Excursionistas,Almagro,1,4,,,Copa Argentina,2023,eliminacion,,Dieciseisavos,Nuevo Francisco Urbano,true,https://es.wikipedia.org/wiki/Copa_Argentina_2023
2023-07-26,,San Lorenzo,Platense,0,0,4,3,Copa Argentina,2023,eliminacion,,Dieciseisavos,Ciudad de Lanús,true,https://es.wikipedia.org/wiki/Copa_Argentina_2023
2023-07-28,16:00,Sportivo Estudiantes (SL),Huracán Las Heras,2,1,,,Torneo Federal A,2023,zonas,Zona B,Fecha 23,Héctor Odicino y Pedro Benoza,false,https://es.wikipedia.org/wiki/Torneo_Federal_A_2023
2023-07-28,16:30,Argentinos Juniors,Estudiantes (LP),2,3,,,Primera Division,2023,zonas,,Fecha 27,Diego Armando Maradona,false,https://es.wikipedia.org/wiki/Campeonato_de_Primera_División_2023_(Argentina)
2023-07-28,16:30,Unión,Defensa y Justicia,2,0,,,Primera Division,2023,zonas,,Fecha 27,15 de abril,false,https://es.wikipedia.org/wiki/Campeonato_de_Primera_División_2023_(Argentina)
2023-07-28,19:00,Belgrano,Rosario Central,0,0,,,Primera Division,2023,zonas,,Fecha 27,Gigante de Alberdi,false,https://es.wikipedia.org/wiki/Campeonato_de_Primera_División_2023_(Argentina)
2023-07-28,19:00,Newell's Old Boys,Talleres (C),1,1,,,Primera Division,2023,zonas,,Fecha 27,Marcelo Bielsa,false,https://es.wikipedia.org/wiki/Campeonato_de_Primera_División_2023_(Argentina)
2023-07-28,20:35,Sportivo Belgrano,Gimnasia y Esgrima (CdU),2,0,,,Torneo Federal A,2023,zonas,Zona C,Fecha 23,Oscar Carlos Boero,false,https://es.wikipedia.org/wiki/Torneo_Federal_A_2023
2023-07-28,21:30,River Plate,Racing Club,2,1,,,Primera Division,2023,zonas,,Fecha 27,Monumental,false,https://es.wikipedia.org/wiki/Campeonato_de_Primera_División_2023_(Argentina)
2023-07-29,12:10,Deportivo Riestra,Deportivo Maipú,1,0,,,Primera Nacional,2023,zonas,Zona B,Fecha 24,Guillermo Laza,false,https://es.wikipedia.org/wiki/Campeonato_de_Primera_Nacional_2023
2023-07-29,13:30,Estudiantes (RC),San Martín (SJ),3,2,,,Primera Nacional,2023,zonas,Zona A,Fecha 27,Antonio Candini,false,https://es.wikipedia.org/wiki/Campeonato_de_Primera_Nacional_2023
2023-07-29,14:00,Germinal,Villa Mitre,0,1,,,Torneo Federal A,2023,zonas,Zona A,Fecha 23,El Fortín (R),false,https://es.wikipedia.org/wiki/Torneo_Federal_A_2023
2023-07-29,14:05,Deportivo Armenio,Los Andes,1,3,,,Primera B,2023,zonas,Torneo Clausura,Fecha 8,Armenia,false,https://es.wikipedia.org/wiki/Campeonato_de_Primera_B_2023_(Argentina)
2023-07-29,14:10,Nueva Chicago,Guillermo Brown,3,2,,,Primera Nacional,2023,zonas,Zona A,Fecha 27,Nueva Chicago,false,https://es.wikipedia.org/wiki/Campeonato_de_Primera_Nacional_2023
2023-07-29,14:30,Central Córdoba (SdE),Atlético Tucumán,0,2,,,Primera Division,2023,zonas,,Fecha 27,Único Madre de Ciudades,false,https://es.wikipedia.org/wiki/Campeonato_de_Primera_División_2023_(Argentina)
2023-07-29,14:30,Ciudad de Bolívar,Juventud Unida Universitario,2,1,,,Torneo Federal A,2023,zonas,Zona B,Fecha 23,Municipal Eva Perón,false,https://es.wikipedia.org/wiki/Torneo_Federal_A_2023
2023-07-29,15:00,9 de Julio (R),Gimnasia y Tiro (S),0,0,,,Torneo Federal A,2023,zonas,Zona D,Fecha 23,Germán Solterman,false,https://es.wikipedia.org/wiki/Torneo_Federal_A_2023
2023-07-29,15:00,Defensores de Pronunciamiento,Sportivo Las Parejas,3,1,,,Torneo Federal A,2023,zonas,Zona C,Fecha 23,Delio Cardozo,false,https://es.wikipedia.org/wiki/Torneo_Federal_A_2023
2023-07-29,15:00,Ferro Carril Oeste (GP),Atenas (RC),2,1,,,Torneo Federal A,2023,zonas,Zona B,Fecha 23,El Coloso del Barrio Talleres,false,https://es.wikipedia.org/wiki/Torneo_Federal_A_2023
2023-07-29,15:00,Olimpo,Sansinena,2,0,,,Torneo Federal A,2023,zonas,Zona A,Fecha 23,Roberto N. Carminatti,false,https://es.wikipedia.org/wiki/Torneo_Federal_A_2023
2023-07-29,15:00,Sarmiento (J),Banfield,0,0,,,Primera Division,2023,zonas,,Fecha 27,Eva Perón,false,https://es.wikipedia.org/wiki/Campeonato_de_Primera_División_2023_(Argentina)
2023-07-29,15:00,Sol de Mayo (V),Liniers (BB),3,0,,,Torneo Federal A,2023,zonas,Zona A,Fecha 23,Sol de Mayo,false,https://es.wikipedia.org/wiki/Torneo_Federal_A_2023
2023-07-29,15:30,Argentino (MM),San Martín (SM),1,3,,,Torneo Federal A,2023,zonas,Zona B,Fecha 23,Modesto Marrone,false,https://es.wikipedia.org/wiki/Torneo_Federal_A_2023
2023-07-29,15:30,Boca Unidos,Juventud Antoniana,1,0,,,Torneo Federal A,2023,zonas,Zona D,Fecha 23,Leoncio Benítez,false,https://es.wikipedia.org/wiki/Torneo_Federal_A_2023
2023-07-29,15:30,Cañuelas,San Miguel,0,1,,,Primera B,2023,zonas,Torneo Clausura,Fecha 8,Jorge Arin,false,https://es.wikipedia.org/wiki/Campeonato_de_Primera_B_2023_(Argentina)
2023-07-29,15:30,Claypole,J. J. de Urquiza,1,1,,,Primera C,2023,zonas,,Fecha 29,Rodolfo Capocasa,false,https://es.wikipedia.org/wiki/Campeonato_de_Primera_C_2023_(Argentina)
2023-07-29,15:30,Comunicaciones,Villa San Carlos,5,2,,,Primera B,2023,zonas,Torneo Clausura,Fecha 8,Alfredo Ramos,false,https://es.wikipedia.org/wiki/Campeonato_de_Primera_B_2023_(Argentina)
2023-07-29,15:30,Deportivo Morón,Gimnasia y Esgrima (M),2,2,,,Primera Nacional,2023,zonas,Zona A,Fecha 27,Nuevo Francisco Urbano,false,https://es.wikipedia.org/wiki/Campeonato_de_Primera_Nacional_2023
2023-07-29,15:30,Leandro N. Alem,Victoriano Arenas,1,0,,,Primera C,2023,zonas,,Fecha 29,Leandro N. Alem,false,https://es.wikipedia.org/wiki/Campeonato_de_Primera_C_2023_(Argentina)
2023-07-29,15:30,Puerto Nuevo,San Martín (B),2,2,,,Primera C,2023,zonas,,Fecha 29,Rubén Carlos Vallejos,false,https://es.wikipedia.org/wiki/Campeonato_de_Primera_C_2023_(Argentina)
2023-07-29,15:30,Temperley,Almagro,3,1,,,Primera Nacional,2023,zonas,Zona A,Fecha 27,Alfredo Beranger,false,https://es.wikipedia.org/wiki/Campeonato_de_Primera_Nacional_2023
2023-07-29,15:30,UAI Urquiza,Sacachispas,3,1,,,Primera B,2023,zonas,Torneo Clausura,Fecha 8,Monumental de Villa Lynch,false,https://es.wikipedia.org/wiki/Campeonato_de_Primera_B_2023_(Argentina)
2023-07-29,15:55,Sol de América (F),Crucero del Norte,1,1,,,Torneo Federal A,2023,zonas,Zona D,Fecha 23,Sol de América,false,https://es.wikipedia.org/wiki/Torneo_Federal_A_2023
2023-07-29,16:00,Defensores de Belgrano (VR),Independiente (C),2,0,,,Torneo Federal A,2023,zonas,Zona C,Fecha 23,Salomón Boeseldín,false,https://es.wikipedia.org/wiki/Torneo_Federal_A_2023
2023-07-29,16:00,Unión (S),Douglas Haig,0,1,,,Torneo Federal A,2023,zonas,Zona C,Fecha 23,De la Avenida,false,https://es.wikipedia.org/wiki/Torneo_Federal_A_2023
2023-07-29,17:00,Independiente,Boca Juniors,0,2,,,Primera Division,2023,zonas,,Fecha 27,Libertadores de América,false,https://es.wikipedia.org/wiki/Campeonato_de_Primera_División_2023_(Argentina)
2023-07-29,19:00,Cipolletti,Ramón Santamarina,2,1,,,Torneo Federal A,2023,zonas,Zona A,Fecha 23,La Visera de Cemento,false,https://es.wikipedia.org/wiki/Torneo_Federal_A_2023
2023-07-29,19:05,Quilmes,Atlético de Rafaela,1,2,,,Primera Nacional,2023,zonas,Zona B,Fecha 24,Centenario Ciudad de Quilmes,false,https://es.wikipedia.org/wiki/Campeonato_de_Primera_Nacional_2023
2023-07-29,20:00,Tigre,San Lorenzo,2,0,,,Primera Division,2023,zonas,,Fecha 27,Monumental de Victoria,false,https://es.wikipedia.org/wiki/Campeonato_de_Primera_División_2023_(Argentina)
2023-07-29,20:30,Almirante Brown,Alvarado,1,0,,,Primera Nacional,2023,zonas,Zona A,Fecha 27,Fragata Presidente Sarmiento,false,https://es.wikipedia.org/wiki/Campeonato_de_Primera_Nacional_2023
2023-07-29,21:00,Central Norte (S),San Martín (F),0,0,,,Torneo Federal A,2023,zonas,Zona D,Fecha 23,Padre Ernesto Martearena,false,https://es.wikipedia.org/wiki/Torneo_Federal_A_2023
2023-07-30,13:45,Ituzaingó,Colegiales,0,0,,,Primera B,2023,zonas,Torneo Clausura,Fecha 8,Carlos Sacaan,false,https://es.wikipedia.org/wiki/Campeonato_de_Primera_B_2023_(Argentina)
2023-07-30,15:00,Arsenal,Colón,2,0,,,Primera Division,2023,zonas,,Fecha 27,El Viaducto,false,https://es.wikipedia.org/wiki/Campeonato_de_Primera_División_2023_(Argentina)
2023-07-30,15:00,Brown de Adrogué,Estudiantes (BA),1,1,,,Primera Nacional,2023,zonas,Zona B,Fecha 24,Lorenzo Arandilla,false,https://es.wikipedia.org/wiki/Campeonato_de_Primera_Nacional_2023
2023-07-30,15:00,Lanús,Barracas Central,2,0,,,Primera Division,2023,zonas,,Fecha 27,Ciudad de Lanús,false,https://es.wikipedia.org/wiki/Campeonato_de_Primera_División_2023_(Argentina)
2023-07-30,15:30,Atlas,Deportivo Laferrere,0,1,,,Primera C,2023,zonas,,Fecha 29,Ricardo Puga,false,https://es.wikipedia.org/wiki/Campeonato_de_Primera_C_2023_(Argentina)
2023-07-30,15:30,Berazategui,Real Pilar,1,2,,,Primera C,2023,zonas,,Fecha 29,Norman Lee,false,https://es.wikipedia.org/wiki/Campeonato_de_Primera_C_2023_(Argentina)
2023-07-30,15:30,Deportivo Merlo,Argentino de Quilmes,1,2,,,Primera B,2023,zonas,Torneo Clausura,Fecha 8,José Manuel Moreno,false,https://es.wikipedia.org/wiki/Campeonato_de_Primera_B_2023_(Argentina)
2023-07-30,15:30,Güemes (SdE),Patronato,1,0,,,Primera Nacional,2023,zonas,Zona A,Fecha 27,Arturo Miranda,false,https://es.wikipedia.org/wiki/Campeonato_de_Primera_Nacional_2023
2023-07-30,15:30,Sportivo Italiano,Liniers,1,0,,,Primera C,2023,zonas,,Fecha 29,República de Italia,false,https://es.wikipedia.org/wiki/Campeonato_de_Primera_C_2023_(Argentina)
2023-07-30,15:30,Tristán Suárez,Mitre (SdE),3,0,,,Primera Nacional,2023,zonas,Zona B,Fecha 24,20 de Octubre,false,https://es.wikipedia.org/wiki/Campeonato_de_Primera_Nacional_2023
2023-07-30,15:50,Chacarita Juniors,Aldosivi,2,0,,,Primera Nacional,2023,zonas,Zona B,Fecha 24,Chacarita Juniors,false,https://es.wikipedia.org/wiki/Campeonato_de_Primera_Nacional_2023
2023-07-30,16:00,Ferro Carril Oeste,Villa Dálmine,3,0,,,Primera Nacional,2023,zonas,Zona B,Fecha 24,Arquitecto Ricardo Etcheverri,false,https://es.wikipedia.org/wiki/Campeonato_de_Primera_Nacional_2023
2023-07-30,16:00,Gimnasia y Esgrima (J),Deportivo Madryn,1,0,,,Primera Nacional,2023,zonas,Zona B,Fecha 24,23 de Agosto,false,https://es.wikipedia.org/wiki/Campeonato_de_Primera_Nacional_2023
2023-07-30,17:30,Gimnasia y Esgrima (LP),Platense,1,1,,,Primera Division,2023,zonas,,Fecha 27,Del Bosque,false,https://es.wikipedia.org/wiki/Campeonato_de_Primera_División_2023_(Argentina)
2023-07-30,17:30,Huracán,Vélez Sarsfield,1,0,,,Primera Division,2023,zonas,,Fecha 27,Tomás Adolfo Ducó,false,https://es.wikipedia.org/wiki/Campeonato_de_Primera_División_2023_(Argentina)
2023-07-30,17:55,Racing Club,Independiente Rivadavia,2,0,,,Primera Nacional,2023,zonas,Zona B,Fecha 24,Miguel Sancho,false,https://es.wikipedia.org/wiki/Campeonato_de_Primera_Nacional_2023
2023-07-30,20:00,Godoy Cruz,Instituto,4,2,,,Primera Division,2023,zonas,,Fecha 27,Malvinas Argentinas,false,https://es.wikipedia.org/wiki/Campeonato_de_Primera_División_2023_(Argentina)
2023-07-30,20:00,San Martín (T),Agropecuario,1,1,,,Primera Nacional,2023,zonas,Zona A,Fecha 27,La Ciudadela,false,https://es.wikipedia.org/wiki/Campeonato_de_Primera_Nacional_2023
2023-07-30,21:30,Atlanta,Chaco For Ever,4,0,,,Primera Nacional,2023,zonas,Zona B,Fecha 24,Don León Kolbowski,false,https://es.wikipedia.org/wiki/Campeonato_de_Primera_Nacional_2023
2023-07-31,15:00,Defensores de Belgrano,Flandria,4,2,,,Primera Nacional,2023,zonas,Zona A,Fecha 27,Juan Pasquale,false,https://es.wikipedia.org/wiki/Campeonato_de_Primera_Nacional_2023
2023-07-31,15:30,Deportivo Español,Central Córdoba (R),1,1,,,Primera C,2023,zonas,,Fecha 29,Nueva España,false,https://es.wikipedia.org/wiki/Campeonato_de_Primera_C_2023_(Argentina)
2023-07-31,15:30,Dock Sud,Fénix,0,0,,,Primera B,2023,zonas,Torneo Clausura,Fecha 8,De los Inmigrantes,false,https://es.wikipedia.org/wiki/Campeonato_de_Primera_B_2023_(Argentina)
2023-07-31,15:30,Yupanqui,Excursionistas,0,1,,,Primera C,2023,zonas,,Fecha 29,Ciudad Evita,false,https://es.wikipedia.org/wiki/Campeonato_de_Primera_C_2023_(Argentina)
2023-07-31,18:00,Ferrocarril Midland,General Lamadrid,1,2,,,Primera C,2023,zonas,,Fecha 29,Ciudad de Libertad,false,https://es.wikipedia.org/wiki/Campeonato_de_Primera_C_2023_(Argentina)
2023-07-31,19:00,Talleres (RdE),Argentino de Merlo,0,0,,,Primera B,2023,zonas,Torneo Clausura,Fecha 8,Pablo Comelli,false,https://es.wikipedia.org/wiki/Campeonato_de_Primera_B_2023_(Argentina)
2023-07-31,21:10,All Boys,Defensores Unidos,1,0,,,Primera Nacional,2023,zonas,Zona A,Fecha 27,Islas Malvinas,false,https://es.wikipedia.org/wiki/Campeonato_de_Primera_Nacional_2023
2023-08-02,,Chaco For Ever,Rosario Central,1,0,,,Copa Argentina,2023,eliminacion,,Dieciseisavos,Mario Alberto Kempes,true,https://es.wikipedia.org/wiki/Copa_Argentina_2023
2023-08-02,13:30,Atenas (RC),Sportivo Estudiantes (SL),2,2,,,Torneo Federal A,2023,zonas,Zona B,Fecha 24,9 de Julio,false,https://es.wikipedia.org/wiki/Torneo_Federal_A_2023
2023-08-02,15:00,Crucero del Norte,9 de Julio (R),2,2,,,Torneo Federal A,2023,zonas,Zona D,Fecha 24,Comandante Andrés Guacurarí,false,https://es.wikipedia.org/wiki/Torneo_Federal_A_2023
2023-08-02,15:00,Juventud Unida Universitario,Sportivo Peñarol (C),2,1,,,Torneo Federal A,2023,zonas,Zona B,Fecha 24,Mario Sebastián Diez,false,https://es.wikipedia.org/wiki/Torneo_Federal_A_2023
2023-08-02,15:00,Sansinena,Círculo Deportivo,1,2,,,Torneo Federal A,2023,zonas,Zona A,Fecha 24,Luis Molina,false,https://es.wikipedia.org/wiki/Torneo_Federal_A_2023
2023-08-02,15:30,Gimnasia y Tiro (S),Central Norte (S),1,1,,,Torneo Federal A,2023,zonas,Zona D,Fecha 24,El Gigante del Norte,false,https://es.wikipedia.org/wiki/Torneo_Federal_A_2023
2023-08-02,15:30,Huracán Las Heras,Argentino (MM),1,1,,,Torneo Federal A,2023,zonas,Zona B,Fecha 24,General San Martín,false,https://es.wikipedia.org/wiki/Torneo_Federal_A_2023
2023-08-02,16:00,Independiente (C),Defensores de Pronunciamiento,1,0,,,Torneo Federal A,2023,zonas,Zona C,Fecha 24,Raúl Orlando Lungarzo,false,https://es.wikipedia.org/wiki/Torneo_Federal_A_2023
2023-08-02,16:00,San Martín (F),Sarmiento (R),5,0,,,Torneo Federal A,2023,zonas,Zona D,Fecha 24,17 de Octubre,false,https://es.wikipedia.org/wiki/Torneo_Federal_A_2023
2023-08-02,19:00,Ramón Santamarina,Germinal,3,0,,,Torneo Federal A,2023,zonas,Zona A,Fecha 24,Municipal General San Martín,false,https://es.wikipedia.org/wiki/Torneo_Federal_A_2023
2023-08-02,19:00,Villa Mitre,Sol de Mayo (V),4,1,,,Torneo Federal A,2023,zonas,Zona A,Fecha 24,El Fortín (BB),false,https://es.wikipedia.org/wiki/Torneo_Federal_A_2023
2023-08-02,19:30,Sportivo Las Parejas,El Linqueño,3,1,,,Torneo Federal A,2023,zonas,Zona C,Fecha 24,4 de Septiembre,false,https://es.wikipedia.org/wiki/Torneo_Federal_A_2023
2023-08-02,20:00,Douglas Haig,Sportivo Belgrano,1,0,,,Torneo Federal A,2023,zonas,Zona C,Fecha 24,Miguel Morales,false,https://es.wikipedia.org/wiki/Torneo_Federal_A_2023
2023-08-02,20:00,Liniers (BB),Olimpo,1,3,,,Torneo Federal A,2023,zonas,Zona A,Fecha 24,Alejandro Pérez,false,https://es.wikipedia.org/wiki/Torneo_Federal_A_2023
2023-08-02,20:30,Gimnasia y Esgrima (CdU),Defensores de Belgrano (VR),2,0,,,Torneo Federal A,2023,zonas,Zona C,Fecha 24,Manuel y Ramón Núñez,false,https://es.wikipedia.org/wiki/Torneo_Federal_A_2023
2023-08-02,21:30,San Martín (SM),Ciudad de Bolívar,1,1,,,Torneo Federal A,2023,zonas,Zona B,Fecha 24,Libertador General San Martín,false,https://es.wikipedia.org/wiki/Torneo_Federal_A_2023
2023-08-02,22:00,Juventud Antoniana,Sol de América (F),1,1,,,Torneo Federal A,2023,zonas,Zona D,Fecha 24,Fray Honorato Pistoia,false,https://es.wikipedia.org/wiki/Torneo_Federal_A_2023
2023-08-03,,Banfield,Estudiantes (RC),0,1,,,Copa Argentina,2023,eliminacion,,Dieciseisavos,Único Diego Armando Maradona,true,https://es.wikipedia.org/wiki/Copa_Argentina_2023
2023-08-03,,Belgrano,Claypole,1,0,,,Copa Argentina,2023,eliminacion,,Dieciseisavos,Eva Perón,true,https://es.wikipedia.org/wiki/Copa_Argentina_2023
2023-08-05,12:10,Deportivo Madryn,Quilmes,0,0,,,Primera Nacional,2023,zonas,Zona B,Fecha 25,Abel Sastre,false,https://es.wikipedia.org/wiki/Campeonato_de_Primera_Nacional_2023
2023-08-05,14:00,Acassuso,Talleres (RdE),0,2,,,Primera B,2023,zonas,Torneo Clausura,Fecha 9,Armenia,false,https://es.wikipedia.org/wiki/Campeonato_de_Primera_B_2023_(Argentina)
2023-08-05,15:00,Almagro,San Telmo,2,0,,,Primera Nacional,2023,zonas,Zona A,Fecha 28,Tres de Febrero,false,https://es.wikipedia.org/wiki/Campeonato_de_Primera_Nacional_2023
2023-08-05,15:30,Argentino de Quilmes,Deportivo Armenio,1,1,,,Primera B,2023,zonas,Torneo Clausura,Fecha 9,Argentino de Quilmes,false,https://es.wikipedia.org/wiki/Campeonato_de_Primera_B_2023_(Argentina)
2023-08-05,15:30,Deportivo Laferrere,Leandro N. Alem,1,1,,,Primera C,2023,zonas,,Fecha 30,Ciudad de Laferrere,false,https://es.wikipedia.org/wiki/Campeonato_de_Primera_C_2023_(Argentina)
2023-08-05,15:30,Excursionistas,Atlas,4,2,,,Primera C,2023,zonas,,Fecha 30,Excursionistas,false,https://es.wikipedia.org/wiki/Campeonato_de_Primera_C_2023_(Argentina)
2023-08-05,15:30,General Lamadrid,Puerto Nuevo,2,0,,,Primera C,2023,zonas,,Fecha 30,Enrique Sexto,false,https://es.wikipedia.org/wiki/Campeonato_de_Primera_C_2023_(Argentina)
2023-08-05,15:30,Luján,Berazategui,1,1,,,Primera C,2023,zonas,,Fecha 30,1 de Abril,false,https://es.wikipedia.org/wiki/Campeonato_de_Primera_C_2023_(Argentina)
2023-08-05,15:30,Real Pilar,Sportivo Italiano,1,1,,,Primera C,2023,zonas,,Fecha 30,Carlos Barraza,false,https://es.wikipedia.org/wiki/Campeonato_de_Primera_C_2023_(Argentina)
2023-08-05,15:30,San Miguel,Comunicaciones,0,0,,,Primera B,2023,zonas,Torneo Clausura,Fecha 9,Malvinas Argentinas,false,https://es.wikipedia.org/wiki/Campeonato_de_Primera_B_2023_(Argentina)
2023-08-05,15:30,Villa Dálmine,Gimnasia y Esgrima (J),2,1,,,Primera Nacional,2023,zonas,Zona B,Fecha 25,El Coliseo de Mitre y Puccini,false,https://es.wikipedia.org/wiki/Campeonato_de_Primera_Nacional_2023
2023-08-05,15:30,Villa San Carlos,Ituzaingó,1,1,,,Primera B,2023,zonas,Torneo Clausura,Fecha 9,Genacio Sálice,false,https://es.wikipedia.org/wiki/Campeonato_de_Primera_B_2023_(Argentina)
2023-08-05,16:05,Colegiales,Deportivo Merlo,0,2,,,Primera B,2023,zonas,Torneo Clausura,Fecha 9,Colegiales,false,https://es.wikipedia.org/wiki/Campeonato_de_Primera_B_2023_(Argentina)
2023-08-05,18:10,Chacarita Juniors,Tristán Suárez,1,1,,,Primera Nacional,2023,zonas,Zona B,Fecha 25,Chacarita Juniors,false,https://es.wikipedia.org/wiki/Campeonato_de_Primera_Nacional_2023
2023-08-05,19:10,Argentino de Merlo,Dock Sud,0,0,,,Primera B,2023,zonas,Torneo Clausura,Fecha 9,Merlo,false,https://es.wikipedia.org/wiki/Campeonato_de_Primera_B_2023_(Argentina)
2023-08-05,20:10,Alvarado,Defensores de Belgrano,0,0,,,Primera Nacional,2023,zonas,Zona A,Fecha 28,José María Minella,false,https://es.wikipedia.org/wiki/Campeonato_de_Primera_Nacional_2023
2023-08-06,14:00,Guillermo Brown,San Martín (T),3,0,,,Primera Nacional,2023,zonas,Zona A,Fecha 28,Raúl Conti,false,https://es.wikipedia.org/wiki/Campeonato_de_Primera_Nacional_2023
2023-08-06,15:00,Argentino (MM),Atenas (RC),0,0,,,Torneo Federal A,2023,zonas,Zona B,Fecha 25,Modesto Marrone,false,https://es.wikipedia.org/wiki/Torneo_Federal_A_2023
2023-08-06,15:00,Ciudad de Bolívar,Huracán Las Heras,1,0,,,Torneo Federal A,2023,zonas,Zona B,Fecha 25,Municipal Eva Perón,false,https://es.wikipedia.org/wiki/Torneo_Federal_A_2023
2023-08-06,15:00,Círculo Deportivo,Liniers (BB),0,0,,,Torneo Federal A,2023,zonas,Zona A,Fecha 25,Guillermo Trama,false,https://es.wikipedia.org/wiki/Torneo_Federal_A_2023
2023-08-06,15:00,Defensores de Pronunciamiento,Gimnasia y Esgrima (CdU),1,2,,,Torneo Federal A,2023,zonas,Zona C,Fecha 25,Delio Cardozo,false,https://es.wikipedia.org/wiki/Torneo_Federal_A_2023
2023-08-06,15:00,El Linqueño,Independiente (C),2,0,,,Torneo Federal A,2023,zonas,Zona C,Fecha 25,Leonardo Costa,false,https://es.wikipedia.org/wiki/Torneo_Federal_A_2023
2023-08-06,15:00,Germinal,Cipolletti,0,0,,,Torneo Federal A,2023,zonas,Zona A,Fecha 25,El Fortín (R),false,https://es.wikipedia.org/wiki/Torneo_Federal_A_2023
2023-08-06,15:00,Olimpo,Villa Mitre,3,2,,,Torneo Federal A,2023,zonas,Zona A,Fecha 25,Roberto N. Carminatti,false,https://es.wikipedia.org/wiki/Torneo_Federal_A_2023
2023-08-06,15:05,Defensores Unidos,Nueva Chicago,0,0,,,Primera Nacional,2023,zonas,Zona A,Fecha 28,Gigante de Villa Fox,false,https://es.wikipedia.org/wiki/Campeonato_de_Primera_Nacional_2023
2023-08-06,15:30,Central Córdoba (R),Claypole,0,0,,,Primera C,2023,zonas,,Fecha 30,Gabino Sosa,false,https://es.wikipedia.org/wiki/Campeonato_de_Primera_C_2023_(Argentina)
2023-08-06,15:30,Deportivo Maipú,Ferro Carril Oeste,1,0,,,Primera Nacional,2023,zonas,Zona B,Fecha 25,Omar Higinio Sperdutti,false,https://es.wikipedia.org/wiki/Campeonato_de_Primera_Nacional_2023
2023-08-06,15:30,Fénix,UAI Urquiza,2,1,,,Primera B,2023,zonas,Torneo Clausura,Fecha 9,Tres de Febrero,false,https://es.wikipedia.org/wiki/Campeonato_de_Primera_B_2023_(Argentina)
2023-08-06,15:30,J. J. de Urquiza,Ferrocarril Midland,1,0,,,Primera C,2023,zonas,,Fecha 30,Ramón Roque Martín,false,https://es.wikipedia.org/wiki/Campeonato_de_Primera_C_2023_(Argentina)
2023-08-06,15:30,Liniers,Deportivo Español,2,2,,,Primera C,2023,zonas,,Fecha 30,Juan Antonio Arias,false,https://es.wikipedia.org/wiki/Campeonato_de_Primera_C_2023_(Argentina)
2023-08-06,15:30,Sacachispas,Cañuelas,0,0,,,Primera B,2023,zonas,Torneo Clausura,Fecha 9,Beto Larrosa,false,https://es.wikipedia.org/wiki/Campeonato_de_Primera_B_2023_(Argentina)
2023-08-06,15:30,San Martín (B),Yupanqui,2,3,,,Primera C,2023,zonas,,Fecha 30,Francisco Boga,false,https://es.wikipedia.org/wiki/Campeonato_de_Primera_C_2023_(Argentina)
2023-08-06,15:55,Sportivo Peñarol (C),San Martín (SM),3,1,,,Torneo Federal A,2023,zonas,Zona B,Fecha 25,Ramón Pablo Rojas,false,https://es.wikipedia.org/wiki/Torneo_Federal_A_2023
2023-08-06,16:00,Atlético de Rafaela,Brown de Adrogué,0,0,,,Primera Nacional,2023,zonas,Zona B,Fecha 25,Nuevo Monumental,false,https://es.wikipedia.org/wiki/Campeonato_de_Primera_Nacional_2023
2023-08-06,16:00,Defensores de Belgrano (VR),Douglas Haig,1,3,,,Torneo Federal A,2023,zonas,Zona C,Fecha 25,Salomón Boeseldín,false,https://es.wikipedia.org/wiki/Torneo_Federal_A_2023
2023-08-06,16:00,Mitre (SdE),Atlanta,2,0,,,Primera Nacional,2023,zonas,Zona B,Fecha 25,Dres. José y Antonio Castiglione,false,https://es.wikipedia.org/wiki/Campeonato_de_Primera_Nacional_2023
2023-08-06,16:00,Sportivo Estudiantes (SL),Ferro Carril Oeste (GP),2,2,,,Torneo Federal A,2023,zonas,Zona B,Fecha 25,Héctor Odicino y Pedro Benoza,false,https://es.wikipedia.org/wiki/Torneo_Federal_A_2023
2023-08-06,16:10,Independiente Rivadavia,Deportivo Riestra,1,0,,,Primera Nacional,2023,zonas,Zona B,Fecha 25,Bautista Gargantini,false,https://es.wikipedia.org/wiki/Campeonato_de_Primera_Nacional_2023
2023-08-06,16:30,San Martín (SJ),All Boys,2,0,,,Primera Nacional,2023,zonas,Zona A,Fecha 28,Ingeniero Hilario Sánchez,false,https://es.wikipedia.org/wiki/Campeonato_de_Primera_Nacional_2023
2023-08-06,17:00,Central Norte (S),Crucero del Norte,1,1,,,Torneo Federal A,2023,zonas,Zona D,Fecha 25,Doctor Luis Güemes,false,https://es.wikipedia.org/wiki/Torneo_Federal_A_2023
2023-08-06,17:00,Sarmiento (R),Gimnasia y Tiro (S),2,1,,,Torneo Federal A,2023,zonas,Zona D,Fecha 25,Centenario,false,https://es.wikipedia.org/wiki/Torneo_Federal_A_2023
2023-08-06,19:00,9 de Julio (R),Juventud Antoniana,2,0,,,Torneo Federal A,2023,zonas,Zona D,Fecha 25,Germán Solterman,false,https://es.wikipedia.org/wiki/Torneo_Federal_A_2023
2023-08-06,19:00,Sportivo Belgrano,Unión (S),1,0,,,Torneo Federal A,2023,zonas,Zona C,Fecha 25,Oscar Carlos Boero,false,https://es.wikipedia.org/wiki/Torneo_Federal_A_2023
2023-08-06,19:10,Patronato,Deportivo Morón,3,2,,,Primera Nacional,2023,zonas,Zona A,Fecha 28,Presbítero Bartolomé Grella,false,https://es.wikipedia.org/wiki/Campeonato_de_Primera_Nacional_2023
2023-08-06,20:00,Sol de América (F),Boca Unidos,2,1,,,Torneo Federal A,2023,zonas,Zona D,Fecha 25,Sol de América,false,https://es.wikipedia.org/wiki/Torneo_Federal_A_2023
2023-08-07,15:00,Sol de Mayo (V),Ramón Santamarina,1,1,,,Torneo Federal A,2023,zonas,Zona A,Fecha 25,Sol de Mayo,false,https://es.wikipedia.org/wiki/Torneo_Federal_A_2023
2023-08-07,15:30,Agropecuario,Temperley,1,3,,,Primera Nacional,2023,zonas,Zona A,Fecha 28,Ofelia Rosenzuaig,false,https://es.wikipedia.org/wiki/Campeonato_de_Primera_Nacional_2023
2023-08-07,15:30,Flandria,Estudiantes (RC),1,0,,,Primera Nacional,2023,zonas,Zona A,Fecha 28,Carlos V,false,https://es.wikipedia.org/wiki/Campeonato_de_Primera_Nacional_2023
2023-08-07,18:00,Aldosivi,Estudiantes (BA),1,1,,,Primera Nacional,2023,zonas,Zona B,Fecha 25,José María Minella,false,https://es.wikipedia.org/wiki/Campeonato_de_Primera_Nacional_2023
2023-08-07,21:00,Chaco For Ever,Racing Club,2,1,,,Primera Nacional,2023,zonas,Zona B,Fecha 25,Juan Alberto García,false,https://es.wikipedia.org/wiki/Campeonato_de_Primera_Nacional_2023
2023-08-07,21:10,Gimnasia y Esgrima (M),Almirante Brown,4,1,,,Primera Nacional,2023,zonas,Zona A,Fecha 28,Víctor Antonio Legrotaglie,false,https://es.wikipedia.org/wiki/Campeonato_de_Primera_Nacional_2023
2023-08-09,,Instituto,Huracán,0,2,,,Copa Argentina,2023,eliminacion,,Dieciseisavos,Brigadier General Estanislao López,true,https://es.wikipedia.org/wiki/Copa_Argentina_2023
2023-08-15,,Colón,Lanús,2,0,,,Copa Argentina,2023,eliminacion,,Dieciseisavos,Eva Perón,true,https://es.wikipedia.org/wiki/Copa_Argentina_2023
2023-08-15,13:30,Estudiantes (RC),Alvarado,1,1,,,Primera Nacional,2023,zonas,Zona A,Fecha 29,Antonio Candini,false,https://es.wikipedia.org/wiki/Campeonato_de_Primera_Nacional_2023
2023-08-15,15:00,San Telmo,Agropecuario,0,1,,,Primera Nacional,2023,zonas,Zona A,Fecha 29,Doctor Osvaldo Baletto,false,https://es.wikipedia.org/wiki/Campeonato_de_Primera_Nacional_2023
2023-08-15,19:05,Defensores de Belgrano,Gimnasia y Esgrima (M),1,0,,,Primera Nacional,2023,zonas,Zona A,Fecha 29,Juan Pasquale,false,https://es.wikipedia.org/wiki/Campeonato_de_Primera_Nacional_2023
2023-08-15,19:10,Almirante Brown,Patronato,2,0,,,Primera Nacional,2023,zonas,Zona A,Fecha 29,Fragata Presidente Sarmiento,false,https://es.wikipedia.org/wiki/Campeonato_de_Primera_Nacional_2023
2023-08-15,20:00,All Boys,Flandria,1,0,,,Primera Nacional,2023,zonas,Zona A,Fecha 29,Islas Malvinas,false,https://es.wikipedia.org/wiki/Campeonato_de_Primera_Nacional_2023
2023-08-15,20:00,Temperley,Guillermo Brown,0,0,,,Primera Nacional,2023,zonas,Zona A,Fecha 29,Alfredo Beranger,false,https://es.wikipedia.org/wiki/Campeonato_de_Primera_Nacional_2023
2023-08-16,15:30,Nueva Chicago,San Martín (SJ),0,0,,,Primera Nacional,2023,zonas,Zona A,Fecha 29,Nueva Chicago,false,https://es.wikipedia.org/wiki/Campeonato_de_Primera_Nacional_2023
2023-08-16,17:00,San Martín (T),Defensores Unidos,1,0,,,Primera Nacional,2023,zonas,Zona A,Fecha 29,La Ciudadela,false,https://es.wikipedia.org/wiki/Campeonato_de_Primera_Nacional_2023
2023-08-16,17:30,Deportivo Morón,Güemes (SdE),1,1,,,Primera Nacional,2023,zonas,Zona A,Fecha 29,Nuevo Francisco Urbano,false,https://es.wikipedia.org/wiki/Campeonato_de_Primera_Nacional_2023
2023-08-17,19:30,Belgrano,Estudiantes (LP),2,1,,,Copa de la Liga,2023,zonas,Zona B,Fecha 1,Gigante de Alberdi,false,https://es.wikipedia.org/wiki/Copa_de_la_Liga_Profesional_2023
2023-08-18,15:00,Deportivo Riestra,Chaco For Ever,0,0,,,Primera Nacional,2023,zonas,Zona B,Fecha 26,Guillermo Laza,false,https://es.wikipedia.org/wiki/Campeonato_de_Primera_Nacional_2023
2023-08-18,16:30,Defensa y Justicia,Godoy Cruz,2,2,,,Copa de la Liga,2023,zonas,Zona B,Fecha 1,Norberto Tomaghello,false,https://es.wikipedia.org/wiki/Copa_de_la_Liga_Profesional_2023
2023-08-18,19:00,Unión,Racing Club,1,1,,,Copa de la Liga,2023,zonas,Zona B,Fecha 1,15 de Abril,false,https://es.wikipedia.org/wiki/Copa_de_la_Liga_Profesional_2023
2023-08-18,19:00,Villa Mitre,Círculo Deportivo,1,1,,,Torneo Federal A,2023,zonas,Zona A,Fecha 26,El Fortín (BB),false,https://es.wikipedia.org/wiki/Torneo_Federal_A_2023
2023-08-18,21:00,Boca Juniors,Platense,3,1,,,Copa de la Liga,2023,zonas,Zona B,Fecha 1,La Bombonera,false,https://es.wikipedia.org/wiki/Copa_de_la_Liga_Profesional_2023
2023-08-19,15:00,Brown de Adrogué,Deportivo Madryn,3,1,,,Primera Nacional,2023,zonas,Zona B,Fecha 26,Lorenzo Arandilla,false,https://es.wikipedia.org/wiki/Campeonato_de_Primera_Nacional_2023
2023-08-19,15:00,Estudiantes (BA),Atlético de Rafaela,1,1,,,Primera Nacional,2023,zonas,Zona B,Fecha 26,Ciudad de Caseros,false,https://es.wikipedia.org/wiki/Campeonato_de_Primera_Nacional_2023
2023-08-19,15:00,Tristán Suárez,Aldosivi,0,0,,,Primera Nacional,2023,zonas,Zona B,Fecha 26,20 de Octubre,false,https://es.wikipedia.org/wiki/Campeonato_de_Primera_Nacional_2023
2023-08-19,15:30,Atlas,San Martín (B),3,2,,,Primera C,2023,zonas,,Fecha 31,Ricardo Puga,false,https://es.wikipedia.org/wiki/Campeonato_de_Primera_C_2023_(Argentina)
2023-08-19,15:30,Cañuelas,Fénix,1,0,,,Primera B,2023,zonas,Torneo Clausura,Fecha 10,Jorge Arin,false,https://es.wikipedia.org/wiki/Campeonato_de_Primera_B_2023_(Argentina)
2023-08-19,15:30,Deportivo Armenio,Colegiales,1,2,,,Primera B,2023,zonas,Torneo Clausura,Fecha 10,Armenia,false,https://es.wikipedia.org/wiki/Campeonato_de_Primera_B_2023_(Argentina)
2023-08-19,15:30,Deportivo Merlo,Villa San Carlos,2,2,,,Primera B,2023,zonas,Torneo Clausura,Fecha 10,José Manuel Moreno,false,https://es.wikipedia.org/wiki/Campeonato_de_Primera_B_2023_(Argentina)
2023-08-19,15:30,Sportivo Italiano,Luján,1,2,,,Primera C,2023,zonas,,Fecha 31,República de Italia,false,https://es.wikipedia.org/wiki/Campeonato_de_Primera_C_2023_(Argentina)
2023-08-19,15:30,UAI Urquiza,Argentino de Merlo,2,3,,,Primera B,2023,zonas,Torneo Clausura,Fecha 10,Monumental de Villa Lynch,false,https://es.wikipedia.org/wiki/Campeonato_de_Primera_B_2023_(Argentina)
2023-08-19,16:00,Atlanta,Chacarita Juniors,0,1,,,Primera Nacional,2023,zonas,Zona B,Fecha 26,Don León Kolbowski,false,https://es.wikipedia.org/wiki/Campeonato_de_Primera_Nacional_2023
2023-08-19,16:00,Crucero del Norte,Sarmiento (R),0,0,,,Torneo Federal A,2023,zonas,Zona D,Fecha 26,Comandante Andrés Guacurarí,false,https://es.wikipedia.org/wiki/Torneo_Federal_A_2023
2023-08-19,16:00,Unión (S),Defensores de Belgrano (VR),2,0,,,Torneo Federal A,2023,zonas,Zona C,Fecha 26,De la Avenida,false,https://es.wikipedia.org/wiki/Torneo_Federal_A_2023
2023-08-19,16:30,Independiente,Colón,0,1,,,Copa de la Liga,2023,zonas,Zona A,Fecha 1,Libertadores de América,false,https://es.wikipedia.org/wiki/Copa_de_la_Liga_Profesional_2023
2023-08-19,19:00,Gimnasia y Esgrima (LP),Talleres (C),0,3,,,Copa de la Liga,2023,zonas,Zona A,Fecha 1,Del Bosque,false,https://es.wikipedia.org/wiki/Copa_de_la_Liga_Profesional_2023
2023-08-19,19:00,Ramón Santamarina,Olimpo,1,1,,,Torneo Federal A,2023,zonas,Zona A,Fecha 26,Municipal General San Martín,false,https://es.wikipedia.org/wiki/Torneo_Federal_A_2023
2023-08-19,19:10,Ferro Carril Oeste,Independiente Rivadavia,1,1,,,Primera Nacional,2023,zonas,Zona B,Fecha 26,Arquitecto Ricardo Etcheverri,false,https://es.wikipedia.org/wiki/Campeonato_de_Primera_Nacional_2023
2023-08-19,20:00,Quilmes,Villa Dálmine,2,0,,,Primera Nacional,2023,zonas,Zona B,Fecha 26,Centenario Ciudad de Quilmes,false,https://es.wikipedia.org/wiki/Campeonato_de_Primera_Nacional_2023
2023-08-19,21:00,Vélez Sarsfield,Barracas Central,1,0,,,Copa de la Liga,2023,zonas,Zona A,Fecha 1,José Amalfitani,false,https://es.wikipedia.org/wiki/Copa_de_la_Liga_Profesional_2023
2023-08-19,21:35,Ituzaingó,San Miguel,0,2,,,Primera B,2023,zonas,Torneo Clausura,Fecha 10,Carlos Sacaan,false,https://es.wikipedia.org/wiki/Campeonato_de_Primera_B_2023_(Argentina)
2023-08-20,14:00,Agropecuario,Almagro,1,1,,,Primera Nacional,2023,zonas,Zona A,Fecha 30,Ofelia Rosenzuaig,false,https://es.wikipedia.org/wiki/Campeonato_de_Primera_Nacional_2023
2023-08-20,14:00,Arsenal,Instituto,0,1,,,Copa de la Liga,2023,zonas,Zona A,Fecha 1,El Viaducto,false,https://es.wikipedia.org/wiki/Copa_de_la_Liga_Profesional_2023
2023-08-20,15:00,Guillermo Brown,San Telmo,1,1,,,Primera Nacional,2023,zonas,Zona A,Fecha 30,Raúl Conti,false,https://es.wikipedia.org/wiki/Campeonato_de_Primera_Nacional_2023
2023-08-20,15:00,Liniers (BB),Sansinena,0,1,,,Torneo Federal A,2023,zonas,Zona A,Fecha 26,Alejandro Pérez,false,https://es.wikipedia.org/wiki/Torneo_Federal_A_2023
2023-08-20,15:30,Alvarado,All Boys,0,0,,,Primera Nacional,2023,zonas,Zona A,Fecha 30,José María Minella,false,https://es.wikipedia.org/wiki/Campeonato_de_Primera_Nacional_2023
2023-08-20,15:30,Atenas (RC),Ciudad de Bolívar,1,0,,,Torneo Federal A,2023,zonas,Zona B,Fecha 26,9 de Julio,false,https://es.wikipedia.org/wiki/Torneo_Federal_A_2023
2023-08-20,15:30,Boca Unidos,9 de Julio (R),1,1,,,Torneo Federal A,2023,zonas,Zona D,Fecha 26,Leoncio Benítez,false,https://es.wikipedia.org/wiki/Torneo_Federal_A_2023
2023-08-20,15:30,Claypole,Liniers,1,1,,,Primera C,2023,zonas,,Fecha 31,Rodolfo Capocasa,false,https://es.wikipedia.org/wiki/Campeonato_de_Primera_C_2023_(Argentina)
2023-08-20,15:30,Comunicaciones,Sacachispas,1,0,,,Primera B,2023,zonas,Torneo Clausura,Fecha 10,Alfredo Ramos,false,https://es.wikipedia.org/wiki/Campeonato_de_Primera_B_2023_(Argentina)
2023-08-20,15:30,Ferro Carril Oeste (GP),Argentino (MM),1,2,,,Torneo Federal A,2023,zonas,Zona B,Fecha 26,El Coloso del Barrio Talleres,false,https://es.wikipedia.org/wiki/Torneo_Federal_A_2023
2023-08-20,15:30,Gimnasia y Esgrima (CdU),El Linqueño,0,0,,,Torneo Federal A,2023,zonas,Zona C,Fecha 26,Manuel y Ramón Núñez,false,https://es.wikipedia.org/wiki/Torneo_Federal_A_2023
2023-08-20,15:30,Gimnasia y Tiro (S),San Martín (F),3,0,,,Torneo Federal A,2023,zonas,Zona D,Fecha 26,El Gigante del Norte,false,https://es.wikipedia.org/wiki/Torneo_Federal_A_2023
2023-08-20,15:30,Independiente (C),Sportivo Las Parejas,0,0,,,Torneo Federal A,2023,zonas,Zona C,Fecha 26,Raúl Orlando Lungarzo,false,https://es.wikipedia.org/wiki/Torneo_Federal_A_2023
2023-08-20,15:30,Puerto Nuevo,J. J. de Urquiza,0,2,,,Primera C,2023,zonas,,Fecha 31,Rubén Carlos Vallejos,false,https://es.wikipedia.org/wiki/Campeonato_de_Primera_C_2023_(Argentina)
2023-08-20,15:30,Yupanqui,General Lamadrid,0,0,,,Primera C,2023,zonas,,Fecha 31,Ciudad Evita,false,https://es.wikipedia.org/wiki/Campeonato_de_Primera_C_2023_(Argentina)
2023-08-20,15:50,Gimnasia y Esgrima (J),Deportivo Maipú,1,0,,,Primera Nacional,2023,zonas,Zona B,Fecha 26,23 de Agosto,false,https://es.wikipedia.org/wiki/Campeonato_de_Primera_Nacional_2023
2023-08-20,16:00,Cipolletti,Sol de Mayo (V),0,0,,,Torneo Federal A,2023,zonas,Zona A,Fecha 26,La Visera de Cemento,false,https://es.wikipedia.org/wiki/Torneo_Federal_A_2023
2023-08-20,16:00,Douglas Haig,Defensores de Pronunciamiento,0,0,,,Torneo Federal A,2023,zonas,Zona C,Fecha 26,Miguel Morales,false,https://es.wikipedia.org/wiki/Torneo_Federal_A_2023
2023-08-20,16:00,Huracán Las Heras,Sportivo Peñarol (C),1,0,,,Torneo Federal A,2023,zonas,Zona B,Fecha 26,General San Martín,false,https://es.wikipedia.org/wiki/Torneo_Federal_A_2023
2023-08-20,16:00,San Martín (SM),Juventud Unida Universitario,2,1,,,Torneo Federal A,2023,zonas,Zona B,Fecha 26,Libertador General San Martín,false,https://es.wikipedia.org/wiki/Torneo_Federal_A_2023
2023-08-20,16:00,Sarmiento (J),Tigre,2,0,,,Copa de la Liga,2023,zonas,Zona B,Fecha 1,Eva Perón,false,https://es.wikipedia.org/wiki/Copa_de_la_Liga_Profesional_2023
2023-08-20,16:15,Rosario Central,Atlético Tucumán,0,0,,,Copa de la Liga,2023,zonas,Zona A,Fecha 1,Gigante de Arroyito,false,https://es.wikipedia.org/wiki/Copa_de_la_Liga_Profesional_2023
2023-08-20,17:00,Racing Club,Mitre (SdE),4,2,,,Primera Nacional,2023,zonas,Zona B,Fecha 26,Miguel Sancho,false,https://es.wikipedia.org/wiki/Campeonato_de_Primera_Nacional_2023
2023-08-20,17:30,Juventud Antoniana,Central Norte (S),0,1,,,Torneo Federal A,2023,zonas,Zona D,Fecha 26,Fray Honorato Pistoia,false,https://es.wikipedia.org/wiki/Torneo_Federal_A_2023
2023-08-20,17:50,Patronato,Defensores de Belgrano,1,2,,,Primera Nacional,2023,zonas,Zona A,Fecha 30,Presbítero Bartolomé Grella,false,https://es.wikipedia.org/wiki/Campeonato_de_Primera_Nacional_2023
2023-08-20,18:30,Lanús,San Lorenzo,0,1,,,Copa de la Liga,2023,zonas,Zona B,Fecha 1,Ciudad de Lanús,false,https://es.wikipedia.org/wiki/Copa_de_la_Liga_Profesional_2023
2023-08-20,21:00,Argentinos Juniors,River Plate,3,2,,,Copa de la Liga,2023,zonas,Zona A,Fecha 1,Diego Armando Maradona,false,https://es.wikipedia.org/wiki/Copa_de_la_Liga_Profesional_2023
2023-08-21,15:00,Defensores Unidos,Temperley,1,1,,,Primera Nacional,2023,zonas,Zona A,Fecha 30,Gigante de Villa Fox,false,https://es.wikipedia.org/wiki/Campeonato_de_Primera_Nacional_2023
2023-08-21,15:30,Deportivo Español,Real Pilar,0,1,,,Primera C,2023,zonas,,Fecha 31,Nueva España,false,https://es.wikipedia.org/wiki/Campeonato_de_Primera_C_2023_(Argentina)
2023-08-21,15:30,Dock Sud,Acassuso,1,1,,,Primera B,2023,zonas,Torneo Clausura,Fecha 10,De los Inmigrantes,false,https://es.wikipedia.org/wiki/Campeonato_de_Primera_B_2023_(Argentina)
2023-08-21,15:30,Flandria,Nueva Chicago,0,1,,,Primera Nacional,2023,zonas,Zona A,Fecha 30,Carlos V,false,https://es.wikipedia.org/wiki/Campeonato_de_Primera_Nacional_2023
2023-08-21,15:30,Leandro N. Alem,Excursionistas,0,0,,,Primera C,2023,zonas,,Fecha 31,Leandro N. Alem,false,https://es.wikipedia.org/wiki/Campeonato_de_Primera_C_2023_(Argentina)
2023-08-21,15:30,Victoriano Arenas,Deportivo Laferrere,0,1,,,Primera C,2023,zonas,,Fecha 31,Saturnino Moure,false,https://es.wikipedia.org/wiki/Campeonato_de_Primera_C_2023_(Argentina)
2023-08-21,16:05,Los Andes,Argentino de Quilmes,1,0,,,Primera B,2023,zonas,Torneo Clausura,Fecha 10,Eduardo Gallardón,false,https://es.wikipedia.org/wiki/Campeonato_de_Primera_B_2023_(Argentina)
2023-08-21,16:30,San Martín (SJ),San Martín (T),0,0,,,Primera Nacional,2023,zonas,Zona A,Fecha 30,Ingeniero Hilario Sánchez,false,https://es.wikipedia.org/wiki/Campeonato_de_Primera_Nacional_2023
2023-08-21,17:00,Ferrocarril Midland,Central Córdoba (R),1,1,,,Primera C,2023,zonas,,Fecha 31,Ciudad de Libertad,false,https://es.wikipedia.org/wiki/Campeonato_de_Primera_C_2023_(Argentina)
2023-08-21,18:00,Huracán,Banfield,2,0,,,Copa de la Liga,2023,zonas,Zona A,Fecha 1,Tomás Adolfo Ducó,false,https://es.wikipedia.org/wiki/Copa_de_la_Liga_Profesional_2023
2023-08-21,20:30,Newell's Old Boys,Central Córdoba (SdE),2,0,,,Copa de la Liga,2023,zonas,Zona B,Fecha 1,Marcelo Bielsa,false,https://es.wikipedia.org/wiki/Copa_de_la_Liga_Profesional_2023
2023-08-21,20:45,Gimnasia y Esgrima (M),Estudiantes (RC),1,0,,,Primera Nacional,2023,zonas,Zona A,Fecha 30,Víctor Antonio Legrotaglie,false,https://es.wikipedia.org/wiki/Campeonato_de_Primera_Nacional_2023
2023-08-21,21:10,Güemes (SdE),Almirante Brown,0,0,,,Primera Nacional,2023,zonas,Zona A,Fecha 30,Arturo Miranda,false,https://es.wikipedia.org/wiki/Campeonato_de_Primera_Nacional_2023
2023-08-23,,Villa Mitre,Chaco For Ever,0,0,3,4,Copa Argentina,2023,eliminacion,,Octavos,Centenario Ciudad de Quilmes,true,https://es.wikipedia.org/wiki/Copa_Argentina_2023
2023-08-25,18:00,Aldosivi,Atlético de Rafaela,0,1,,,Primera Nacional,2023,zonas,Zona B,Fecha 27,José María Minella,false,https://es.wikipedia.org/wiki/Campeonato_de_Primera_Nacional_2023
2023-08-25,19:00,Arsenal,Argentinos Juniors,3,2,,,Copa de la Liga,2023,zonas,Zona A,Fecha 2,El Viaducto,false,https://es.wikipedia.org/wiki/Copa_de_la_Liga_Profesional_2023
2023-08-25,20:00,San Martín (B),Leandro N. Alem,1,0,,,Primera C,2023,zonas,,Fecha 32,Francisco Boga,false,https://es.wikipedia.org/wiki/Campeonato_de_Primera_C_2023_(Argentina)
2023-08-25,20:00,Temperley,San Martín (SJ),0,1,,,Primera Nacional,2023,zonas,Zona A,Fecha 31,Alfredo Beranger,false,https://es.wikipedia.org/wiki/Campeonato_de_Primera_Nacional_2023
2023-08-25,21:30,Colón,Gimnasia y Esgrima (LP),2,0,,,Copa de la Liga,2023,zonas,Zona A,Fecha 2,Brigadier Estanislao López,false,https://es.wikipedia.org/wiki/Copa_de_la_Liga_Profesional_2023
2023-08-26,11:00,Deportivo Madryn,Estudiantes (BA),1,1,,,Primera Nacional,2023,zonas,Zona B,Fecha 27,Abel Sastre,false,https://es.wikipedia.org/wiki/Campeonato_de_Primera_Nacional_2023
2023-08-26,14:00,Tristán Suárez,Atlanta,1,0,,,Primera Nacional,2023,zonas,Zona B,Fecha 27,20 de Octubre,false,https://es.wikipedia.org/wiki/Campeonato_de_Primera_Nacional_2023
2023-08-26,14:30,El Linqueño,Douglas Haig,0,1,,,Torneo Federal A,2023,zonas,Zona C,Fecha 27,Leonardo Costa,false,https://es.wikipedia.org/wiki/Torneo_Federal_A_2023
2023-08-26,14:30,San Lorenzo,Belgrano,2,2,,,Copa de la Liga,2023,zonas,Zona B,Fecha 2,Nuevo Gasómetro,false,https://es.wikipedia.org/wiki/Copa_de_la_Liga_Profesional_2023
2023-08-26,15:00,Ciudad de Bolívar,Ferro Carril Oeste (GP),2,0,,,Torneo Federal A,2023,zonas,Zona B,Fecha 27,Municipal Eva Perón,false,https://es.wikipedia.org/wiki/Torneo_Federal_A_2023
2023-08-26,15:00,San Telmo,Defensores Unidos,1,1,,,Primera Nacional,2023,zonas,Zona A,Fecha 31,Doctor Osvaldo Baletto,false,https://es.wikipedia.org/wiki/Campeonato_de_Primera_Nacional_2023
2023-08-26,15:30,Acassuso,UAI Urquiza,2,1,,,Primera B,2023,zonas,Torneo Clausura,Fecha 11,Armenia,false,https://es.wikipedia.org/wiki/Campeonato_de_Primera_B_2023_(Argentina)
2023-08-26,15:30,Argentino de Merlo,Cañuelas,1,2,,,Primera B,2023,zonas,Torneo Clausura,Fecha 11,Merlo,false,https://es.wikipedia.org/wiki/Campeonato_de_Primera_B_2023_(Argentina)
2023-08-26,15:30,Berazategui,Sportivo Italiano,0,1,,,Primera C,2023,zonas,,Fecha 32,Norman Lee,false,https://es.wikipedia.org/wiki/Campeonato_de_Primera_C_2023_(Argentina)
2023-08-26,15:30,Defensores de Belgrano,Güemes (SdE),4,1,,,Primera Nacional,2023,zonas,Zona A,Fecha 31,Juan Pasquale,false,https://es.wikipedia.org/wiki/Campeonato_de_Primera_Nacional_2023
2023-08-26,15:30,Liniers,Ferrocarril Midland,0,1,,,Primera C,2023,zonas,,Fecha 32,Juan Antonio Arias,false,https://es.wikipedia.org/wiki/Campeonato_de_Primera_C_2023_(Argentina)
2023-08-26,15:30,Real Pilar,Claypole,1,0,,,Primera C,2023,zonas,,Fecha 32,Carlos Barraza,false,https://es.wikipedia.org/wiki/Campeonato_de_Primera_C_2023_(Argentina)
2023-08-26,15:30,San Miguel,Deportivo Merlo,4,1,,,Primera B,2023,zonas,Torneo Clausura,Fecha 11,Malvinas Argentinas,false,https://es.wikipedia.org/wiki/Campeonato_de_Primera_B_2023_(Argentina)
2023-08-26,15:30,Villa Dálmine,Brown de Adrogué,0,1,,,Primera Nacional,2023,zonas,Zona B,Fecha 27,El Coliseo de Mitre y Puccini,false,https://es.wikipedia.org/wiki/Campeonato_de_Primera_Nacional_2023
2023-08-26,16:00,Nueva Chicago,Alvarado,1,4,,,Primera Nacional,2023,zonas,Zona A,Fecha 31,Nueva Chicago,false,https://es.wikipedia.org/wiki/Campeonato_de_Primera_Nacional_2023
2023-08-26,16:00,Sarmiento (R),Juventud Antoniana,1,1,,,Torneo Federal A,2023,zonas,Zona D,Fecha 27,Centenario,false,https://es.wikipedia.org/wiki/Torneo_Federal_A_2023
2023-08-26,16:10,Chacarita Juniors,Racing Club,1,0,,,Primera Nacional,2023,zonas,Zona B,Fecha 27,Chacarita Juniors,false,https://es.wikipedia.org/wiki/Campeonato_de_Primera_Nacional_2023
2023-08-26,16:30,Estudiantes (LP),Unión,1,3,,,Copa de la Liga,2023,zonas,Zona B,Fecha 2,Jorge Luis Hirschi,false,https://es.wikipedia.org/wiki/Copa_de_la_Liga_Profesional_2023
2023-08-26,17:00,Sportivo Las Parejas,Gimnasia y Esgrima (CdU),0,1,,,Torneo Federal A,2023,zonas,Zona C,Fecha 27,4 de Septiembre,false,https://es.wikipedia.org/wiki/Torneo_Federal_A_2023
2023-08-26,18:10,Independiente Rivadavia,Gimnasia y Esgrima (J),2,1,,,Primera Nacional,2023,zonas,Zona B,Fecha 27,Bautista Gargantini,false,https://es.wikipedia.org/wiki/Campeonato_de_Primera_Nacional_2023
2023-08-26,19:00,Estudiantes (RC),Patronato,2,1,,,Primera Nacional,2023,zonas,Zona A,Fecha 31,Antonio Candini,false,https://es.wikipedia.org/wiki/Campeonato_de_Primera_Nacional_2023
2023-08-26,19:00,Newell's Old Boys,Lanús,1,0,,,Copa de la Liga,2023,zonas,Zona B,Fecha 2,Marcelo Bielsa,false,https://es.wikipedia.org/wiki/Copa_de_la_Liga_Profesional_2023
2023-08-26,19:00,Talleres (C),Huracán,2,1,,,Copa de la Liga,2023,zonas,Zona A,Fecha 2,Mario Alberto Kempes,false,https://es.wikipedia.org/wiki/Copa_de_la_Liga_Profesional_2023
2023-08-26,19:35,Talleres (RdE),Dock Sud,2,1,,,Primera B,2023,zonas,Torneo Clausura,Fecha 11,Pablo Comelli,false,https://es.wikipedia.org/wiki/Campeonato_de_Primera_B_2023_(Argentina)
2023-08-26,21:00,San Martín (T),Flandria,2,0,,,Primera Nacional,2023,zonas,Zona A,Fecha 31,La Ciudadela,false,https://es.wikipedia.org/wiki/Campeonato_de_Primera_Nacional_2023
2023-08-26,21:30,Tigre,Racing Club,1,2,,,Copa de la Liga,2023,zonas,Zona B,Fecha 2,Monumental de Victoria,false,https://es.wikipedia.org/wiki/Copa_de_la_Liga_Profesional_2023
2023-08-27,11:00,Sol de Mayo (V),Germinal,2,1,,,Torneo Federal A,2023,zonas,Zona A,Fecha 27,Sol de Mayo,false,https://es.wikipedia.org/wiki/Torneo_Federal_A_2023
2023-08-27,13:10,Almirante Brown,Deportivo Morón,0,1,,,Primera Nacional,2023,zonas,Zona A,Fecha 31,Fragata Presidente Sarmiento,false,https://es.wikipedia.org/wiki/Campeonato_de_Primera_Nacional_2023
2023-08-27,14:30,Godoy Cruz,Central Córdoba (SdE),1,0,,,Copa de la Liga,2023,zonas,Zona B,Fecha 2,Malvinas Argentinas,false,https://es.wikipedia.org/wiki/Copa_de_la_Liga_Profesional_2023
2023-08-27,14:30,Platense,Defensa y Justicia,0,0,,,Copa de la Liga,2023,zonas,Zona B,Fecha 2,Ciudad de Vicente López,false,https://es.wikipedia.org/wiki/Copa_de_la_Liga_Profesional_2023
2023-08-27,15:00,Almagro,Guillermo Brown,2,0,,,Primera Nacional,2023,zonas,Zona A,Fecha 31,Tres de Febrero,false,https://es.wikipedia.org/wiki/Campeonato_de_Primera_Nacional_2023
2023-08-27,15:00,Círculo Deportivo,Ramón Santamarina,1,0,,,Torneo Federal A,2023,zonas,Zona A,Fecha 27,Guillermo Trama,false,https://es.wikipedia.org/wiki/Torneo_Federal_A_2023
2023-08-27,15:00,Sansinena,Villa Mitre,2,4,,,Torneo Federal A,2023,zonas,Zona A,Fecha 27,Luis Molina,false,https://es.wikipedia.org/wiki/Torneo_Federal_A_2023
2023-08-27,15:30,Central Córdoba (R),Puerto Nuevo,0,3,,,Primera C,2023,zonas,,Fecha 32,Gabino Sosa,false,https://es.wikipedia.org/wiki/Campeonato_de_Primera_C_2023_(Argentina)
2023-08-27,15:30,Deportivo Maipú,Quilmes,1,0,,,Primera Nacional,2023,zonas,Zona B,Fecha 27,Omar Higinio Sperdutti,false,https://es.wikipedia.org/wiki/Campeonato_de_Primera_Nacional_2023
2023-08-27,15:30,General Lamadrid,Atlas,1,0,,,Primera C,2023,zonas,,Fecha 32,Enrique Sexto,false,https://es.wikipedia.org/wiki/Campeonato_de_Primera_C_2023_(Argentina)
2023-08-27,15:30,J. J. de Urquiza,Yupanqui,3,0,,,Primera C,2023,zonas,,Fecha 32,Ramón Roque Martín,false,https://es.wikipedia.org/wiki/Campeonato_de_Primera_C_2023_(Argentina)
2023-08-27,15:30,Luján,Deportivo Español,1,1,,,Primera C,2023,zonas,,Fecha 32,1 de abril,false,https://es.wikipedia.org/wiki/Campeonato_de_Primera_C_2023_(Argentina)
2023-08-27,15:30,Olimpo,Cipolletti,3,2,,,Torneo Federal A,2023,zonas,Zona A,Fecha 27,Roberto N. Carminatti,false,https://es.wikipedia.org/wiki/Torneo_Federal_A_2023
2023-08-27,15:30,Villa San Carlos,Deportivo Armenio,1,2,,,Primera B,2023,zonas,Torneo Clausura,Fecha 11,Genacio Sálice,false,https://es.wikipedia.org/wiki/Campeonato_de_Primera_B_2023_(Argentina)
2023-08-27,16:00,Argentino (MM),Sportivo Estudiantes (SL),0,1,,,Torneo Federal A,2023,zonas,Zona B,Fecha 27,Modesto Marrone,false,https://es.wikipedia.org/wiki/Torneo_Federal_A_2023
2023-08-27,16:00,Defensores de Belgrano (VR),Sportivo Belgrano,3,2,,,Torneo Federal A,2023,zonas,Zona C,Fecha 27,Salomón Boeseldín,false,https://es.wikipedia.org/wiki/Torneo_Federal_A_2023
2023-08-27,16:00,Defensores de Pronunciamiento,Unión (S),3,0,,,Torneo Federal A,2023,zonas,Zona C,Fecha 27,Delio Cardozo,false,https://es.wikipedia.org/wiki/Torneo_Federal_A_2023
2023-08-27,16:00,Juventud Unida Universitario,Huracán Las Heras,1,0,,,Torneo Federal A,2023,zonas,Zona B,Fecha 27,Mario Sebastián Diez,false,https://es.wikipedia.org/wiki/Torneo_Federal_A_2023
2023-08-27,16:00,Mitre (SdE),Deportivo Riestra,1,1,,,Primera Nacional,2023,zonas,Zona B,Fecha 27,Dres. José y Antonio Castiglione,false,https://es.wikipedia.org/wiki/Campeonato_de_Primera_Nacional_2023
2023-08-27,16:00,Sportivo Peñarol (C),Atenas (RC),1,1,,,Torneo Federal A,2023,zonas,Zona B,Fecha 27,Ramón Pablo Rojas,false,https://es.wikipedia.org/wiki/Torneo_Federal_A_2023
2023-08-27,16:30,Chaco For Ever,Ferro Carril Oeste,4,2,,,Primera Nacional,2023,zonas,Zona B,Fecha 27,Juan Alberto García,false,https://es.wikipedia.org/wiki/Campeonato_de_Primera_Nacional_2023
2023-08-27,16:30,San Martín (F),Crucero del Norte,1,0,,,Torneo Federal A,2023,zonas,Zona D,Fecha 27,17 de Octubre,false,https://es.wikipedia.org/wiki/Torneo_Federal_A_2023
2023-08-27,17:00,Central Norte (S),Boca Unidos,3,0,,,Torneo Federal A,2023,zonas,Zona D,Fecha 27,Padre Ernesto Martearena,false,https://es.wikipedia.org/wiki/Torneo_Federal_A_2023
2023-08-27,17:00,Sarmiento (J),Boca Juniors,1,0,,,Copa de la Liga,2023,zonas,Zona B,Fecha 2,Eva Perón,false,https://es.wikipedia.org/wiki/Copa_de_la_Liga_Profesional_2023
2023-08-27,19:00,9 de Julio (R),Sol de América (F),2,0,,,Torneo Federal A,2023,zonas,Zona D,Fecha 27,Germán Solterman,false,https://es.wikipedia.org/wiki/Torneo_Federal_A_2023
2023-08-27,19:00,Independiente,Vélez Sarsfield,2,1,,,Copa de la Liga,2023,zonas,Zona A,Fecha 2,Libertadores de América,false,https://es.wikipedia.org/wiki/Copa_de_la_Liga_Profesional_2023
2023-08-27,21:10,River Plate,Barracas Central,5,1,,,Copa de la Liga,2023,zonas,Zona A,Fecha 2,Monumental,false,https://es.wikipedia.org/wiki/Copa_de_la_Liga_Profesional_2023
2023-08-28,15:30,Fénix,Comunicaciones,0,1,,,Primera B,2023,zonas,Torneo Clausura,Fecha 11,Tres de Febrero,false,https://es.wikipedia.org/wiki/Campeonato_de_Primera_B_2023_(Argentina)
2023-08-28,15:30,Sacachispas,Ituzaingó,3,0,,,Primera B,2023,zonas,Torneo Clausura,Fecha 11,Beto Larrosa,false,https://es.wikipedia.org/wiki/Campeonato_de_Primera_B_2023_(Argentina)
2023-08-28,20:00,Banfield,Rosario Central,3,0,,,Copa de la Liga,2023,zonas,Zona A,Fecha 2,Florencio Sola,false,https://es.wikipedia.org/wiki/Copa_de_la_Liga_Profesional_2023
2023-08-28,20:00,Excursionistas,Victoriano Arenas,3,0,,,Primera C,2023,zonas,,Fecha 32,Excursionistas,false,https://es.wikipedia.org/wiki/Campeonato_de_Primera_C_2023_(Argentina)
2023-08-28,21:10,All Boys,Gimnasia y Esgrima (M),3,1,,,Primera Nacional,2023,zonas,Zona A,Fecha 31,Islas Malvinas,false,https://es.wikipedia.org/wiki/Campeonato_de_Primera_Nacional_2023
2023-08-28,21:30,Atlético Tucumán,Instituto,0,0,,,Copa de la Liga,2023,zonas,Zona A,Fecha 2,Monumental José Fierro,false,https://es.wikipedia.org/wiki/Copa_de_la_Liga_Profesional_2023
2023-08-29,21:10,Colegiales,Los Andes,1,0,,,Primera B,2023,zonas,Torneo Clausura,Fecha 11,Colegiales,false,https://es.wikipedia.org/wiki/Campeonato_de_Primera_B_2023_(Argentina)
2023-08-30,,San Lorenzo,Belgrano,1,0,,,Copa Argentina,2023,eliminacion,,Octavos,Brigadier General Estanislao López,true,https://es.wikipedia.org/wiki/Copa_Argentina_2023
2023-08-30,,Talleres (C),Colón,2,2,3,1,Copa Argentina,2023,eliminacion,,Octavos,Malvinas Argentinas,true,https://es.wikipedia.org/wiki/Copa_Argentina_2023
2023-09-01,15:30,Cañuelas,Acassuso,1,1,,,Primera B,2023,zonas,Torneo Clausura,Fecha 12,Jorge Arin,false,https://es.wikipedia.org/wiki/Campeonato_de_Primera_B_2023_(Argentina)
2023-09-01,21:00,Central Córdoba (SdE),Platense,3,2,,,Copa de la Liga,2023,zonas,Zona B,Fecha 3,Único Madre de Ciudades,false,https://es.wikipedia.org/wiki/Copa_de_la_Liga_Profesional_2023
2023-09-01,21:00,Juventud Unida Universitario,Atenas (RC),4,0,,,Torneo Federal A,2023,zonas,Zona B,Fecha 28,Mario Sebastián Diez,false,https://es.wikipedia.org/wiki/Torneo_Federal_A_2023
2023-09-01,21:30,San Martín (SM),Huracán Las Heras,2,2,,,Torneo Federal A,2023,zonas,Zona B,Fecha 28,Libertador General San Martín,false,https://es.wikipedia.org/wiki/Torneo_Federal_A_2023
2023-09-02,11:00,Argentino de Quilmes,Colegiales,2,1,,,Primera B,2023,zonas,Torneo Clausura,Fecha 12,Argentino de Quilmes,false,https://es.wikipedia.org/wiki/Campeonato_de_Primera_B_2023_(Argentina)
2023-09-02,13:10,Brown de Adrogué,Deportivo Maipú,1,1,,,Primera Nacional,2023,zonas,Zona B,Fecha 28,Lorenzo Arandilla,false,https://es.wikipedia.org/wiki/Campeonato_de_Primera_Nacional_2023
2023-09-02,13:45,Deportivo Merlo,Sacachispas,1,0,,,Primera B,2023,zonas,Torneo Clausura,Fecha 12,José Manuel Moreno,false,https://es.wikipedia.org/wiki/Campeonato_de_Primera_B_2023_(Argentina)
2023-09-02,15:00,Ciudad de Bolívar,Sportivo Estudiantes (SL),2,0,,,Torneo Federal A,2023,zonas,Zona B,Fecha 28,Municipal Eva Perón,false,https://es.wikipedia.org/wiki/Torneo_Federal_A_2023
2023-09-02,15:00,Defensores Unidos,Almagro,1,0,,,Primera Nacional,2023,zonas,Zona A,Fecha 32,Gigante de Villa Fox,false,https://es.wikipedia.org/wiki/Campeonato_de_Primera_Nacional_2023
2023-09-02,15:00,Estudiantes (BA),Villa Dálmine,1,0,,,Primera Nacional,2023,zonas,Zona B,Fecha 28,Ciudad de Caseros,false,https://es.wikipedia.org/wiki/Campeonato_de_Primera_Nacional_2023
2023-09-02,15:00,Gimnasia y Esgrima (LP),Independiente,1,2,,,Copa de la Liga,2023,zonas,Zona A,Fecha 3,Del Bosque,false,https://es.wikipedia.org/wiki/Copa_de_la_Liga_Profesional_2023
2023-09-02,15:30,Atlas,J. J. de Urquiza,2,1,,,Primera C,2023,zonas,,Fecha 33,Ricardo Puga,false,https://es.wikipedia.org/wiki/Campeonato_de_Primera_C_2023_(Argentina)
2023-09-02,15:30,Comunicaciones,Argentino de Merlo,0,1,,,Primera B,2023,zonas,Torneo Clausura,Fecha 12,Alfredo Ramos,false,https://es.wikipedia.org/wiki/Campeonato_de_Primera_B_2023_(Argentina)
2023-09-02,15:30,Güemes (SdE),Estudiantes (RC),1,0,,,Primera Nacional,2023,zonas,Zona A,Fecha 32,Arturo Miranda,false,https://es.wikipedia.org/wiki/Campeonato_de_Primera_Nacional_2023
2023-09-02,15:30,Independiente (C),Gimnasia y Esgrima (CdU),0,0,,,Torneo Federal A,2023,zonas,Zona C,Fecha 28,Raúl Orlando Lungarzo,false,https://es.wikipedia.org/wiki/Torneo_Federal_A_2023
2023-09-02,15:30,Ituzaingó,Fénix,1,0,,,Primera B,2023,zonas,Torneo Clausura,Fecha 12,Carlos Sacaan,false,https://es.wikipedia.org/wiki/Campeonato_de_Primera_B_2023_(Argentina)
2023-09-02,15:30,Victoriano Arenas,San Martín (B),2,1,,,Primera C,2023,zonas,,Fecha 33,Saturnino Moure,false,https://es.wikipedia.org/wiki/Campeonato_de_Primera_C_2023_(Argentina)
2023-09-02,15:30,Yupanqui,Central Córdoba (R),0,1,,,Primera C,2023,zonas,,Fecha 33,Ciudad Evita,false,https://es.wikipedia.org/wiki/Campeonato_de_Primera_C_2023_(Argentina)
2023-09-02,16:30,Lanús,Godoy Cruz,2,2,,,Copa de la Liga,2023,zonas,Zona B,Fecha 3,Ciudad de Lanús,false,https://es.wikipedia.org/wiki/Copa_de_la_Liga_Profesional_2023
2023-09-02,16:30,Sportivo Las Parejas,Douglas Haig,1,2,,,Torneo Federal A,2023,zonas,Zona C,Fecha 28,4 de Septiembre,false,https://es.wikipedia.org/wiki/Torneo_Federal_A_2023
2023-09-02,17:10,Patronato,All Boys,3,2,,,Primera Nacional,2023,zonas,Zona A,Fecha 32,Presbítero Bartolomé Grella,false,https://es.wikipedia.org/wiki/Campeonato_de_Primera_Nacional_2023
2023-09-02,19:00,Belgrano,Newell's Old Boys,1,1,,,Copa de la Liga,2023,zonas,Zona B,Fecha 3,Gigante de Alberdi,false,https://es.wikipedia.org/wiki/Copa_de_la_Liga_Profesional_2023
2023-09-02,19:00,Huracán,Colón,2,1,,,Copa de la Liga,2023,zonas,Zona A,Fecha 3,Tomás Adolfo Ducó,false,https://es.wikipedia.org/wiki/Copa_de_la_Liga_Profesional_2023
2023-09-02,19:10,Quilmes,Independiente Rivadavia,0,1,,,Primera Nacional,2023,zonas,Zona B,Fecha 28,Centenario Ciudad de Quilmes,false,https://es.wikipedia.org/wiki/Campeonato_de_Primera_Nacional_2023
2023-09-02,21:30,Vélez Sarsfield,River Plate,2,0,,,Copa de la Liga,2023,zonas,Zona A,Fecha 3,José Amalfitani,false,https://es.wikipedia.org/wiki/Copa_de_la_Liga_Profesional_2023
2023-09-03,12:30,Deportivo Armenio,San Miguel,2,0,,,Primera B,2023,zonas,Torneo Clausura,Fecha 12,Armenia,false,https://es.wikipedia.org/wiki/Campeonato_de_Primera_B_2023_(Argentina)
2023-09-03,13:10,UAI Urquiza,Talleres (RdE),0,1,,,Primera B,2023,zonas,Torneo Clausura,Fecha 12,Monumental de Villa Lynch,false,https://es.wikipedia.org/wiki/Campeonato_de_Primera_B_2023_(Argentina)
2023-09-03,14:00,Defensa y Justicia,Sarmiento (J),1,1,,,Copa de la Liga,2023,zonas,Zona B,Fecha 3,Norberto Tomaghello,false,https://es.wikipedia.org/wiki/Copa_de_la_Liga_Profesional_2023
2023-09-03,14:00,Instituto,Banfield,0,1,,,Copa de la Liga,2023,zonas,Zona A,Fecha 3,Juan Domingo Perón,false,https://es.wikipedia.org/wiki/Copa_de_la_Liga_Profesional_2023
2023-09-03,15:00,Círculo Deportivo,Cipolletti,1,2,,,Torneo Federal A,2023,zonas,Zona A,Fecha 28,Guillermo Trama,false,https://es.wikipedia.org/wiki/Torneo_Federal_A_2023
2023-09-03,15:10,Alvarado,San Martín (T),1,1,,,Primera Nacional,2023,zonas,Zona A,Fecha 32,José María Minella,false,https://es.wikipedia.org/wiki/Campeonato_de_Primera_Nacional_2023
2023-09-03,15:30,Claypole,Luján,1,0,,,Primera C,2023,zonas,,Fecha 33,Rodolfo Capocasa,false,https://es.wikipedia.org/wiki/Campeonato_de_Primera_C_2023_(Argentina)
2023-09-03,15:30,Deportivo Laferrere,Excursionistas,1,0,,,Primera C,2023,zonas,,Fecha 33,Ciudad de Laferrere,false,https://es.wikipedia.org/wiki/Campeonato_de_Primera_C_2023_(Argentina)
2023-09-03,15:30,El Linqueño,Unión (S),2,0,,,Torneo Federal A,2023,zonas,Zona C,Fecha 28,Leonardo Costa,false,https://es.wikipedia.org/wiki/Torneo_Federal_A_2023
2023-09-03,15:30,Flandria,Temperley,2,3,,,Primera Nacional,2023,zonas,Zona A,Fecha 32,Carlos V,false,https://es.wikipedia.org/wiki/Campeonato_de_Primera_Nacional_2023
2023-09-03,15:30,Gimnasia y Tiro (S),Crucero del Norte,1,0,,,Torneo Federal A,2023,zonas,Zona D,Fecha 28,El Gigante del Norte,false,https://es.wikipedia.org/wiki/Torneo_Federal_A_2023
2023-09-03,15:30,Guillermo Brown,Agropecuario,1,0,,,Primera Nacional,2023,zonas,Zona A,Fecha 32,Raúl Conti,false,https://es.wikipedia.org/wiki/Campeonato_de_Primera_Nacional_2023
2023-09-03,15:30,Leandro N. Alem,General Lamadrid,1,1,,,Primera C,2023,zonas,,Fecha 33,Leandro N. Alem,false,https://es.wikipedia.org/wiki/Campeonato_de_Primera_C_2023_(Argentina)
2023-09-03,15:30,Liniers (BB),Villa Mitre,0,2,,,Torneo Federal A,2023,zonas,Zona A,Fecha 28,El Fortín (BB),false,https://es.wikipedia.org/wiki/Torneo_Federal_A_2023
2023-09-03,15:30,Los Andes,Villa San Carlos,1,1,,,Primera B,2023,zonas,Torneo Clausura,Fecha 12,Eduardo Gallardón,false,https://es.wikipedia.org/wiki/Campeonato_de_Primera_B_2023_(Argentina)
2023-09-03,15:30,Olimpo,Germinal,3,0,,,Torneo Federal A,2023,zonas,Zona A,Fecha 28,Roberto N. Carminatti,false,https://es.wikipedia.org/wiki/Torneo_Federal_A_2023
2023-09-03,15:30,Puerto Nuevo,Liniers,0,0,,,Primera C,2023,zonas,,Fecha 33,Rubén Carlos Vallejos,false,https://es.wikipedia.org/wiki/Campeonato_de_Primera_C_2023_(Argentina)
2023-09-03,15:30,Sansinena,Ramón Santamarina,1,0,,,Torneo Federal A,2023,zonas,Zona A,Fecha 28,Luis Molina,false,https://es.wikipedia.org/wiki/Torneo_Federal_A_2023
2023-09-03,16:00,Defensores de Pronunciamiento,Sportivo Belgrano,2,0,,,Torneo Federal A,2023,zonas,Zona C,Fecha 28,Delio Cardozo,false,https://es.wikipedia.org/wiki/Torneo_Federal_A_2023
2023-09-03,16:00,Gimnasia y Esgrima (J),Chaco For Ever,2,0,,,Primera Nacional,2023,zonas,Zona B,Fecha 28,23 de Agosto,false,https://es.wikipedia.org/wiki/Campeonato_de_Primera_Nacional_2023
2023-09-03,16:00,Sarmiento (R),Boca Unidos,1,2,,,Torneo Federal A,2023,zonas,Zona D,Fecha 28,Centenario,false,https://es.wikipedia.org/wiki/Torneo_Federal_A_2023
2023-09-03,16:00,Sportivo Peñarol (C),Ferro Carril Oeste (GP),0,2,,,Torneo Federal A,2023,zonas,Zona B,Fecha 28,Ramón Pablo Rojas,false,https://es.wikipedia.org/wiki/Torneo_Federal_A_2023
2023-09-03,16:15,Argentinos Juniors,Atlético Tucumán,2,2,,,Copa de la Liga,2023,zonas,Zona A,Fecha 3,Diego Armando Maradona,false,https://es.wikipedia.org/wiki/Copa_de_la_Liga_Profesional_2023
2023-09-03,16:15,Rosario Central,Talleres (C),2,0,,,Copa de la Liga,2023,zonas,Zona A,Fecha 3,Gigante de Arroyito,false,https://es.wikipedia.org/wiki/Copa_de_la_Liga_Profesional_2023
2023-09-03,16:30,San Martín (F),Juventud Antoniana,3,0,,,Torneo Federal A,2023,zonas,Zona D,Fecha 28,17 de Octubre,false,https://es.wikipedia.org/wiki/Torneo_Federal_A_2023
2023-09-03,17:00,Central Norte (S),Sol de América (F),2,1,,,Torneo Federal A,2023,zonas,Zona D,Fecha 28,Padre Ernesto Martearena,false,https://es.wikipedia.org/wiki/Torneo_Federal_A_2023
2023-09-03,17:00,Ferrocarril Midland,Real Pilar,1,2,,,Primera C,2023,zonas,,Fecha 33,Ciudad de Libertad,false,https://es.wikipedia.org/wiki/Campeonato_de_Primera_C_2023_(Argentina)
2023-09-03,18:00,Racing Club,Tristán Suárez,1,1,,,Primera Nacional,2023,zonas,Zona B,Fecha 28,Miguel Sancho,false,https://es.wikipedia.org/wiki/Campeonato_de_Primera_Nacional_2023
2023-09-03,18:30,Atlético de Rafaela,Deportivo Madryn,0,0,,,Primera Nacional,2023,zonas,Zona B,Fecha 28,Nuevo Monumental,false,https://es.wikipedia.org/wiki/Campeonato_de_Primera_Nacional_2023
2023-09-03,18:30,Boca Juniors,Tigre,0,1,,,Copa de la Liga,2023,zonas,Zona B,Fecha 3,La Bombonera,false,https://es.wikipedia.org/wiki/Copa_de_la_Liga_Profesional_2023
2023-09-03,19:00,San Martín (SJ),San Telmo,1,2,,,Primera Nacional,2023,zonas,Zona A,Fecha 32,Ingeniero Hilario Sánchez,false,https://es.wikipedia.org/wiki/Campeonato_de_Primera_Nacional_2023
2023-09-03,20:30,Racing Club,Estudiantes (LP),2,1,,,Copa de la Liga,2023,zonas,Zona B,Fecha 3,El Cilindro,false,https://es.wikipedia.org/wiki/Copa_de_la_Liga_Profesional_2023
2023-09-04,15:00,Deportivo Morón,Defensores de Belgrano,3,2,,,Primera Nacional,2023,zonas,Zona A,Fecha 32,Nuevo Francisco Urbano,false,https://es.wikipedia.org/wiki/Campeonato_de_Primera_Nacional_2023
2023-09-04,15:30,Deportivo Español,Berazategui,2,3,,,Primera C,2023,zonas,,Fecha 33,Nueva España,false,https://es.wikipedia.org/wiki/Campeonato_de_Primera_C_2023_(Argentina)
2023-09-04,18:00,Barracas Central,Arsenal,2,1,,,Copa de la Liga,2023,zonas,Zona A,Fecha 3,Tomás Adolfo Ducó,false,https://es.wikipedia.org/wiki/Copa_de_la_Liga_Profesional_2023
2023-09-04,20:00,Ferro Carril Oeste,Mitre (SdE),3,0,,,Primera Nacional,2023,zonas,Zona B,Fecha 28,Arquitecto Ricardo Etcheverri,false,https://es.wikipedia.org/wiki/Campeonato_de_Primera_Nacional_2023
2023-09-04,20:00,Unión,San Lorenzo,1,1,,,Copa de la Liga,2023,zonas,Zona B,Fecha 3,15 de Abril,false,https://es.wikipedia.org/wiki/Copa_de_la_Liga_Profesional_2023
2023-09-04,21:10,Gimnasia y Esgrima (M),Nueva Chicago,2,1,,,Primera Nacional,2023,zonas,Zona A,Fecha 32,Víctor Antonio Legrotaglie,false,https://es.wikipedia.org/wiki/Campeonato_de_Primera_Nacional_2023
2023-09-05,15:30,Deportivo Riestra,Chacarita Juniors,0,1,,,Primera Nacional,2023,zonas,Zona B,Fecha 28,Guillermo Laza,false,https://es.wikipedia.org/wiki/Campeonato_de_Primera_Nacional_2023
2023-09-05,21:10,Atlanta,Aldosivi,0,0,,,Primera Nacional,2023,zonas,Zona B,Fecha 28,Don León Kolbowski,false,https://es.wikipedia.org/wiki/Campeonato_de_Primera_Nacional_2023
2023-09-08,16:00,Sportivo Estudiantes (SL),Sportivo Peñarol (C),4,1,,,Torneo Federal A,2023,zonas,Zona B,Fecha 29,Héctor Odicino y Pedro Benoza,false,https://es.wikipedia.org/wiki/Torneo_Federal_A_2023
2023-09-08,20:30,9 de Julio (R),Central Norte (S),1,1,,,Torneo Federal A,2023,zonas,Zona D,Fecha 29,Germán Solterman,false,https://es.wikipedia.org/wiki/Torneo_Federal_A_2023
2023-09-08,20:30,Sportivo Belgrano,El Linqueño,4,0,,,Torneo Federal A,2023,zonas,Zona C,Fecha 29,Oscar Carlos Boero,false,https://es.wikipedia.org/wiki/Torneo_Federal_A_2023
2023-09-08,20:30,Unión (S),Sportivo Las Parejas,5,1,,,Torneo Federal A,2023,zonas,Zona C,Fecha 29,De la Avenida,false,https://es.wikipedia.org/wiki/Torneo_Federal_A_2023
2023-09-08,21:00,Atenas (RC),San Martín (SM),1,0,,,Torneo Federal A,2023,zonas,Zona B,Fecha 29,9 de Julio,false,https://es.wikipedia.org/wiki/Torneo_Federal_A_2023
2023-09-08,22:00,Juventud Antoniana,Gimnasia y Tiro (S),0,0,,,Torneo Federal A,2023,zonas,Zona D,Fecha 29,Padre Ernesto Martearena,false,https://es.wikipedia.org/wiki/Torneo_Federal_A_2023
2023-09-09,,Racing Club,Huracán,3,5,,,Copa Argentina,2023,eliminacion,,Octavos,Mario Alberto Kempes,true,https://es.wikipedia.org/wiki/Copa_Argentina_2023
2023-09-09,13:35,San Miguel,Los Andes,2,1,,,Primera B,2023,zonas,Torneo Clausura,Fecha 13,Malvinas Argentinas,false,https://es.wikipedia.org/wiki/Campeonato_de_Primera_B_2023_(Argentina)
2023-09-09,14:30,Germinal,Círculo Deportivo,2,0,,,Torneo Federal A,2023,zonas,Zona A,Fecha 29,El Fortín (R),false,https://es.wikipedia.org/wiki/Torneo_Federal_A_2023
2023-09-09,15:00,Defensores de Belgrano (VR),Defensores de Pronunciamiento,1,0,,,Torneo Federal A,2023,zonas,Zona C,Fecha 29,Salomón Boeseldín,false,https://es.wikipedia.org/wiki/Torneo_Federal_A_2023
2023-09-09,15:00,Ferro Carril Oeste (GP),Juventud Unida Universitario,1,2,,,Torneo Federal A,2023,zonas,Zona B,Fecha 29,El Coloso del Barrio Talleres,false,https://es.wikipedia.org/wiki/Torneo_Federal_A_2023
2023-09-09,15:00,Sol de América (F),Sarmiento (R),2,0,,,Torneo Federal A,2023,zonas,Zona D,Fecha 29,Sol de América,false,https://es.wikipedia.org/wiki/Torneo_Federal_A_2023
2023-09-09,15:00,Sol de Mayo (V),Olimpo,0,2,,,Torneo Federal A,2023,zonas,Zona A,Fecha 29,Sol de Mayo,false,https://es.wikipedia.org/wiki/Torneo_Federal_A_2023
2023-09-09,15:30,Acassuso,Comunicaciones,0,0,,,Primera B,2023,zonas,Torneo Clausura,Fecha 13,Armenia,false,https://es.wikipedia.org/wiki/Campeonato_de_Primera_B_2023_(Argentina)
2023-09-09,15:30,Dock Sud,UAI Urquiza,2,0,,,Primera B,2023,zonas,Torneo Clausura,Fecha 13,De los Inmigrantes,false,https://es.wikipedia.org/wiki/Campeonato_de_Primera_B_2023_(Argentina)
2023-09-09,15:30,J. J. de Urquiza,Leandro N. Alem,0,0,,,Primera C,2023,zonas,,Fecha 34,Ramón Roque Martín,false,https://es.wikipedia.org/wiki/Campeonato_de_Primera_C_2023_(Argentina)
2023-09-09,15:30,Real Pilar,Puerto Nuevo,2,0,,,Primera C,2023,zonas,,Fecha 34,Carlos Barraza,false,https://es.wikipedia.org/wiki/Campeonato_de_Primera_C_2023_(Argentina)
2023-09-09,15:30,Sportivo Italiano,Deportivo Español,2,0,,,Primera C,2023,zonas,,Fecha 34,República de Italia,false,https://es.wikipedia.org/wiki/Campeonato_de_Primera_C_2023_(Argentina)
2023-09-09,15:30,Villa Dálmine,Atlético de Rafaela,1,4,,,Primera Nacional,2023,zonas,Zona B,Fecha 29,El Coliseo de Mitre y Puccini,false,https://es.wikipedia.org/wiki/Campeonato_de_Primera_Nacional_2023
2023-09-09,15:30,Villa San Carlos,Argentino de Quilmes,1,3,,,Primera B,2023,zonas,Torneo Clausura,Fecha 13,Genacio Sálice,false,https://es.wikipedia.org/wiki/Campeonato_de_Primera_B_2023_(Argentina)
2023-09-09,16:00,Boca Unidos,San Martín (F),2,0,,,Torneo Federal A,2023,zonas,Zona D,Fecha 29,Leoncio Benítez,false,https://es.wikipedia.org/wiki/Torneo_Federal_A_2023
2023-09-09,16:30,Argentino (MM),Ciudad de Bolívar,2,2,,,Torneo Federal A,2023,zonas,Zona B,Fecha 29,Modesto Marrone,false,https://es.wikipedia.org/wiki/Torneo_Federal_A_2023
2023-09-09,17:40,Temperley,Alvarado,2,1,,,Primera Nacional,2023,zonas,Zona A,Fecha 33,Alfredo Beranger,false,https://es.wikipedia.org/wiki/Campeonato_de_Primera_Nacional_2023
2023-09-09,19:00,Ramón Santamarina,Liniers (BB),1,1,,,Torneo Federal A,2023,zonas,Zona A,Fecha 29,Municipal General San Martín,false,https://es.wikipedia.org/wiki/Torneo_Federal_A_2023
2023-09-09,20:00,Cipolletti,Sansinena,2,1,,,Torneo Federal A,2023,zonas,Zona A,Fecha 29,La Visera de Cemento,false,https://es.wikipedia.org/wiki/Torneo_Federal_A_2023
2023-09-09,20:00,San Martín (B),Deportivo Laferrere,1,3,,,Primera C,2023,zonas,,Fecha 34,Francisco Boga,false,https://es.wikipedia.org/wiki/Campeonato_de_Primera_C_2023_(Argentina)
2023-09-09,20:15,Douglas Haig,Independiente (C),1,1,,,Torneo Federal A,2023,zonas,Zona C,Fecha 29,Miguel Morales,false,https://es.wikipedia.org/wiki/Torneo_Federal_A_2023
2023-09-09,21:10,San Martín (T),Gimnasia y Esgrima (M),4,0,,,Primera Nacional,2023,zonas,Zona A,Fecha 33,La Ciudadela,false,https://es.wikipedia.org/wiki/Campeonato_de_Primera_Nacional_2023
2023-09-10,,Almagro,Boca Juniors,2,2,3,4,Copa Argentina,2023,eliminacion,,Octavos,Carlos Augusto Mercado Luna,true,https://es.wikipedia.org/wiki/Copa_Argentina_2023
2023-09-10,13:00,Sacachispas,Deportivo Armenio,0,1,,,Primera B,2023,zonas,Torneo Clausura,Fecha 13,Beto Larrosa,false,https://es.wikipedia.org/wiki/Campeonato_de_Primera_B_2023_(Argentina)
2023-09-10,14:10,Chacarita Juniors,Ferro Carril Oeste,3,1,,,Primera Nacional,2023,zonas,Zona B,Fecha 29,Chacarita Juniors,false,https://es.wikipedia.org/wiki/Campeonato_de_Primera_Nacional_2023
2023-09-10,15:00,Agropecuario,Defensores Unidos,2,0,,,Primera Nacional,2023,zonas,Zona A,Fecha 33,Ofelia Rosenzuaig,false,https://es.wikipedia.org/wiki/Campeonato_de_Primera_Nacional_2023
2023-09-10,15:00,San Telmo,Flandria,2,1,,,Primera Nacional,2023,zonas,Zona A,Fecha 33,Doctor Osvaldo Baletto,false,https://es.wikipedia.org/wiki/Campeonato_de_Primera_Nacional_2023
2023-09-10,15:00,Tristán Suárez,Deportivo Riestra,0,0,,,Primera Nacional,2023,zonas,Zona B,Fecha 29,20 de Octubre,false,https://es.wikipedia.org/wiki/Campeonato_de_Primera_Nacional_2023
2023-09-10,15:05,All Boys,Güemes (SdE),0,2,,,Primera Nacional,2023,zonas,Zona A,Fecha 33,Islas Malvinas,false,https://es.wikipedia.org/wiki/Campeonato_de_Primera_Nacional_2023
2023-09-10,15:30,Atlanta,Racing Club,2,2,,,Primera Nacional,2023,zonas,Zona B,Fecha 29,Don León Kolbowski,false,https://es.wikipedia.org/wiki/Campeonato_de_Primera_Nacional_2023
2023-09-10,15:30,Deportivo Maipú,Estudiantes (BA),2,0,,,Primera Nacional,2023,zonas,Zona B,Fecha 29,Omar Higinio Sperdutti,false,https://es.wikipedia.org/wiki/Campeonato_de_Primera_Nacional_2023
2023-09-10,15:30,Liniers,Yupanqui,2,1,,,Primera C,2023,zonas,,Fecha 34,Juan Antonio Arias,false,https://es.wikipedia.org/wiki/Campeonato_de_Primera_C_2023_(Argentina)
2023-09-10,15:30,Luján,Ferrocarril Midland,0,1,,,Primera C,2023,zonas,,Fecha 34,1 de abril,false,https://es.wikipedia.org/wiki/Campeonato_de_Primera_C_2023_(Argentina)
2023-09-10,15:30,Talleres (RdE),Cañuelas,1,0,,,Primera B,2023,zonas,Torneo Clausura,Fecha 13,Pablo Comelli,false,https://es.wikipedia.org/wiki/Campeonato_de_Primera_B_2023_(Argentina)
2023-09-10,16:00,Aldosivi,Deportivo Madryn,0,0,,,Primera Nacional,2023,zonas,Zona B,Fecha 29,José María Minella,false,https://es.wikipedia.org/wiki/Campeonato_de_Primera_Nacional_2023
2023-09-10,16:30,Chaco For Ever,Quilmes,0,4,,,Primera Nacional,2023,zonas,Zona B,Fecha 29,Juan Alberto García,false,https://es.wikipedia.org/wiki/Campeonato_de_Primera_Nacional_2023
2023-09-10,18:00,Mitre (SdE),Gimnasia y Esgrima (J),1,1,,,Primera Nacional,2023,zonas,Zona B,Fecha 29,Dres. José y Antonio Castiglione,false,https://es.wikipedia.org/wiki/Campeonato_de_Primera_Nacional_2023
2023-09-10,21:30,Independiente Rivadavia,Brown de Adrogué,0,2,,,Primera Nacional,2023,zonas,Zona B,Fecha 29,Bautista Gargantini,false,https://es.wikipedia.org/wiki/Campeonato_de_Primera_Nacional_2023
2023-09-11,15:30,Berazategui,Claypole,1,1,,,Primera C,2023,zonas,,Fecha 34,Norman Lee,false,https://es.wikipedia.org/wiki/Campeonato_de_Primera_C_2023_(Argentina)
2023-09-11,15:30,Central Córdoba (R),Atlas,1,0,,,Primera C,2023,zonas,,Fecha 34,Gabino Sosa,false,https://es.wikipedia.org/wiki/Campeonato_de_Primera_C_2023_(Argentina)
2023-09-11,15:30,Fénix,Deportivo Merlo,2,0,,,Primera B,2023,zonas,Torneo Clausura,Fecha 13,Tres de Febrero,false,https://es.wikipedia.org/wiki/Campeonato_de_Primera_B_2023_(Argentina)
2023-09-11,15:30,General Lamadrid,Victoriano Arenas,2,0,,,Primera C,2023,zonas,,Fecha 34,Enrique Sexto,false,https://es.wikipedia.org/wiki/Campeonato_de_Primera_C_2023_(Argentina)
2023-09-11,15:40,Nueva Chicago,Patronato,1,1,,,Primera Nacional,2023,zonas,Zona A,Fecha 33,Nueva Chicago,false,https://es.wikipedia.org/wiki/Campeonato_de_Primera_Nacional_2023
2023-09-11,20:00,Argentino de Merlo,Ituzaingó,0,0,,,Primera B,2023,zonas,Torneo Clausura,Fecha 13,Merlo,false,https://es.wikipedia.org/wiki/Campeonato_de_Primera_B_2023_(Argentina)
2023-09-11,21:00,Estudiantes (RC),Deportivo Morón,2,1,,,Primera Nacional,2023,zonas,Zona A,Fecha 33,Antonio Candini,false,https://es.wikipedia.org/wiki/Campeonato_de_Primera_Nacional_2023
2023-09-11,21:10,Defensores de Belgrano,Almirante Brown,0,1,,,Primera Nacional,2023,zonas,Zona A,Fecha 33,Juan Pasquale,false,https://es.wikipedia.org/wiki/Campeonato_de_Primera_Nacional_2023
2023-09-13,15:00,Círculo Deportivo,Sol de Mayo (V),3,2,,,Torneo Federal A,2023,zonas,Zona A,Fecha 30,Guillermo Trama,false,https://es.wikipedia.org/wiki/Torneo_Federal_A_2023
2023-09-13,15:00,Gimnasia y Tiro (S),Boca Unidos,1,0,,,Torneo Federal A,2023,zonas,Zona D,Fecha 30,El Gigante del Norte,false,https://es.wikipedia.org/wiki/Torneo_Federal_A_2023
2023-09-13,15:30,Huracán Las Heras,Atenas (RC),1,0,,,Torneo Federal A,2023,zonas,Zona B,Fecha 30,General San Martín,false,https://es.wikipedia.org/wiki/Torneo_Federal_A_2023
2023-09-13,15:30,Independiente (C),Unión (S),2,0,,,Torneo Federal A,2023,zonas,Zona C,Fecha 30,Raúl Orlando Lungarzo,false,https://es.wikipedia.org/wiki/Torneo_Federal_A_2023
2023-09-13,15:30,San Martín (F),Sol de América (F),1,0,,,Torneo Federal A,2023,zonas,Zona D,Fecha 30,17 de Octubre,false,https://es.wikipedia.org/wiki/Torneo_Federal_A_2023
2023-09-13,15:30,Sansinena,Germinal,1,0,,,Torneo Federal A,2023,zonas,Zona A,Fecha 30,Luis Molina,false,https://es.wikipedia.org/wiki/Torneo_Federal_A_2023
2023-09-13,16:00,Sarmiento (R),9 de Julio (R),0,0,,,Torneo Federal A,2023,zonas,Zona D,Fecha 30,Centenario,false,https://es.wikipedia.org/wiki/Torneo_Federal_A_2023
2023-09-13,16:00,Sportivo Peñarol (C),Argentino (MM),0,0,,,Torneo Federal A,2023,zonas,Zona B,Fecha 30,Ramón Pablo Rojas,false,https://es.wikipedia.org/wiki/Torneo_Federal_A_2023
2023-09-13,17:00,Crucero del Norte,Juventud Antoniana,2,0,,,Torneo Federal A,2023,zonas,Zona D,Fecha 30,Comandante Andrés Guacurarí,false,https://es.wikipedia.org/wiki/Torneo_Federal_A_2023
2023-09-13,18:00,Gimnasia y Esgrima (LP),Vélez Sarsfield,2,1,,,Copa de la Liga,2023,zonas,Zona A,Fecha 4,Del Bosque,false,https://es.wikipedia.org/wiki/Copa_de_la_Liga_Profesional_2023
2023-09-13,19:00,Villa Mitre,Ramón Santamarina,2,0,,,Torneo Federal A,2023,zonas,Zona A,Fecha 30,El Fortín (BB),false,https://es.wikipedia.org/wiki/Torneo_Federal_A_2023
2023-09-13,20:00,Liniers (BB),Cipolletti,0,1,,,Torneo Federal A,2023,zonas,Zona A,Fecha 30,Alejandro Pérez,false,https://es.wikipedia.org/wiki/Torneo_Federal_A_2023
2023-09-13,20:00,Sarmiento (J),Central Córdoba (SdE),0,1,,,Copa de la Liga,2023,zonas,Zona B,Fecha 4,Eva Perón,false,https://es.wikipedia.org/wiki/Copa_de_la_Liga_Profesional_2023
2023-09-13,20:00,Sportivo Las Parejas,Sportivo Belgrano,1,1,,,Torneo Federal A,2023,zonas,Zona C,Fecha 30,4 de Septiembre,false,https://es.wikipedia.org/wiki/Torneo_Federal_A_2023
2023-09-13,20:30,El Linqueño,Defensores de Belgrano (VR),3,0,,,Torneo Federal A,2023,zonas,Zona C,Fecha 30,Leonardo Costa,false,https://es.wikipedia.org/wiki/Torneo_Federal_A_2023
2023-09-13,20:30,Gimnasia y Esgrima (CdU),Douglas Haig,1,1,,,Torneo Federal A,2023,zonas,Zona C,Fecha 30,Manuel y Ramón Núñez,false,https://es.wikipedia.org/wiki/Torneo_Federal_A_2023
2023-09-13,21:00,Juventud Unida Universitario,Sportivo Estudiantes (SL),2,0,,,Torneo Federal A,2023,zonas,Zona B,Fecha 30,Mario Sebastián Diez,false,https://es.wikipedia.org/wiki/Torneo_Federal_A_2023
2023-09-13,21:30,San Martín (SM),Ferro Carril Oeste (GP),0,0,,,Torneo Federal A,2023,zonas,Zona B,Fecha 30,Libertador General San Martín,false,https://es.wikipedia.org/wiki/Torneo_Federal_A_2023
2023-09-14,19:00,Platense,Lanús,2,1,,,Copa de la Liga,2023,zonas,Zona B,Fecha 4,Ciudad de Vicente López,false,https://es.wikipedia.org/wiki/Copa_de_la_Liga_Profesional_2023
2023-09-14,21:00,Independiente,Huracán,1,0,,,Copa de la Liga,2023,zonas,Zona A,Fecha 4,Libertadores de América,false,https://es.wikipedia.org/wiki/Copa_de_la_Liga_Profesional_2023
2023-09-15,15:00,Deportivo Riestra,Atlanta,1,0,,,Primera Nacional,2023,zonas,Zona B,Fecha 30,Guillermo Laza,false,https://es.wikipedia.org/wiki/Campeonato_de_Primera_Nacional_2023
2023-09-15,17:00,Tigre,Estudiantes (LP),0,0,,,Copa de la Liga,2023,zonas,Zona B,Fecha 4,Monumental de Victoria,false,https://es.wikipedia.org/wiki/Copa_de_la_Liga_Profesional_2023
2023-09-15,18:45,Defensa y Justicia,Boca Juniors,1,0,,,Copa de la Liga,2023,zonas,Zona B,Fecha 4,Norberto Tomaghello,false,https://es.wikipedia.org/wiki/Copa_de_la_Liga_Profesional_2023
2023-09-15,21:00,Banfield,Argentinos Juniors,0,1,,,Copa de la Liga,2023,zonas,Zona A,Fecha 4,Florencio Sola,false,https://es.wikipedia.org/wiki/Copa_de_la_Liga_Profesional_2023
2023-09-15,21:00,Colón,Rosario Central,2,1,,,Copa de la Liga,2023,zonas,Zona A,Fecha 4,Brigadier Estanislao López,false,https://es.wikipedia.org/wiki/Copa_de_la_Liga_Profesional_2023
2023-09-15,21:30,San Martín (SJ),Agropecuario,1,1,,,Primera Nacional,2023,zonas,Zona A,Fecha 34,Ingeniero Hilario Sánchez,false,https://es.wikipedia.org/wiki/Campeonato_de_Primera_Nacional_2023
2023-09-16,15:00,Newell's Old Boys,Unión,1,1,,,Copa de la Liga,2023,zonas,Zona B,Fecha 4,Marcelo Bielsa,false,https://es.wikipedia.org/wiki/Copa_de_la_Liga_Profesional_2023
2023-09-16,15:30,Cañuelas,Dock Sud,2,2,,,Primera B,2023,zonas,Torneo Clausura,Fecha 14,Jorge Arin,false,https://es.wikipedia.org/wiki/Campeonato_de_Primera_B_2023_(Argentina)
2023-09-16,15:30,Claypole,Sportivo Italiano,2,0,,,Primera C,2023,zonas,,Fecha 35,Rodolfo Capocasa,false,https://es.wikipedia.org/wiki/Campeonato_de_Primera_C_2023_(Argentina)
2023-09-16,15:30,Comunicaciones,Talleres (RdE),0,2,,,Primera B,2023,zonas,Torneo Clausura,Fecha 14,Alfredo Ramos,false,https://es.wikipedia.org/wiki/Campeonato_de_Primera_B_2023_(Argentina)
2023-09-16,15:30,Defensores Unidos,Guillermo Brown,2,1,,,Primera Nacional,2023,zonas,Zona A,Fecha 34,Gigante de Villa Fox,false,https://es.wikipedia.org/wiki/Campeonato_de_Primera_Nacional_2023
2023-09-16,15:30,Deportivo Armenio,Fénix,0,1,,,Primera B,2023,zonas,Torneo Clausura,Fecha 14,Armenia,false,https://es.wikipedia.org/wiki/Campeonato_de_Primera_B_2023_(Argentina)
2023-09-16,15:30,Deportivo Madryn,Villa Dálmine,4,0,,,Primera Nacional,2023,zonas,Zona B,Fecha 30,Abel Sastre,false,https://es.wikipedia.org/wiki/Campeonato_de_Primera_Nacional_2023
2023-09-16,15:30,Deportivo Merlo,Argentino de Merlo,1,1,,,Primera B,2023,zonas,Torneo Clausura,Fecha 14,José Manuel Moreno,false,https://es.wikipedia.org/wiki/Campeonato_de_Primera_B_2023_(Argentina)
2023-09-16,15:30,Excursionistas,San Martín (B),4,0,,,Primera C,2023,zonas,,Fecha 35,Excursionistas,false,https://es.wikipedia.org/wiki/Campeonato_de_Primera_C_2023_(Argentina)
2023-09-16,15:30,Flandria,Almagro,1,0,,,Primera Nacional,2023,zonas,Zona A,Fecha 34,Carlos V,false,https://es.wikipedia.org/wiki/Campeonato_de_Primera_Nacional_2023
2023-09-16,15:30,Güemes (SdE),Nueva Chicago,1,0,,,Primera Nacional,2023,zonas,Zona A,Fecha 34,Arturo Miranda,false,https://es.wikipedia.org/wiki/Campeonato_de_Primera_Nacional_2023
2023-09-16,15:30,Ituzaingó,Acassuso,0,2,,,Primera B,2023,zonas,Torneo Clausura,Fecha 14,Carlos Sacaan,false,https://es.wikipedia.org/wiki/Campeonato_de_Primera_B_2023_(Argentina)
2023-09-16,15:30,Los Andes,Sacachispas,3,1,,,Primera B,2023,zonas,Torneo Clausura,Fecha 14,Eduardo Gallardón,false,https://es.wikipedia.org/wiki/Campeonato_de_Primera_B_2023_(Argentina)
2023-09-16,15:30,Yupanqui,Real Pilar,0,1,,,Primera C,2023,zonas,,Fecha 35,Ciudad Evita,false,https://es.wikipedia.org/wiki/Campeonato_de_Primera_C_2023_(Argentina)
2023-09-16,16:00,Gimnasia y Esgrima (M),Temperley,1,1,,,Primera Nacional,2023,zonas,Zona A,Fecha 34,Víctor Antonio Legrotaglie,false,https://es.wikipedia.org/wiki/Campeonato_de_Primera_Nacional_2023
2023-09-16,17:00,San Lorenzo,Racing Club,1,1,,,Copa de la Liga,2023,zonas,Zona B,Fecha 4,Nuevo Gasómetro,false,https://es.wikipedia.org/wiki/Copa_de_la_Liga_Profesional_2023
2023-09-16,17:45,Almirante Brown,Estudiantes (RC),0,2,,,Primera Nacional,2023,zonas,Zona A,Fecha 34,Fragata Presidente Sarmiento,false,https://es.wikipedia.org/wiki/Campeonato_de_Primera_Nacional_2023
2023-09-16,19:00,Atlético Tucumán,Barracas Central,1,0,,,Copa de la Liga,2023,zonas,Zona A,Fecha 4,Monumental José Fierro,false,https://es.wikipedia.org/wiki/Copa_de_la_Liga_Profesional_2023
2023-09-16,21:00,Estudiantes (BA),Independiente Rivadavia,0,0,,,Primera Nacional,2023,zonas,Zona B,Fecha 30,Ciudad de Caseros,false,https://es.wikipedia.org/wiki/Campeonato_de_Primera_Nacional_2023
2023-09-16,21:00,Talleres (C),Instituto,0,0,,,Copa de la Liga,2023,zonas,Zona A,Fecha 4,Mario Alberto Kempes,false,https://es.wikipedia.org/wiki/Copa_de_la_Liga_Profesional_2023
2023-09-17,11:00,Sol de Mayo (V),Sansinena,4,2,,,Torneo Federal A,2023,zonas,Zona A,Fecha 31,Sol de Mayo,false,https://es.wikipedia.org/wiki/Torneo_Federal_A_2023
2023-09-17,15:00,Brown de Adrogué,Chaco For Ever,1,2,,,Primera Nacional,2023,zonas,Zona B,Fecha 30,Lorenzo Arandilla,false,https://es.wikipedia.org/wiki/Campeonato_de_Primera_Nacional_2023
2023-09-17,15:00,Ciudad de Bolívar,Sportivo Peñarol (C),3,0,,,Torneo Federal A,2023,zonas,Zona B,Fecha 31,Municipal Eva Perón,false,https://es.wikipedia.org/wiki/Torneo_Federal_A_2023
2023-09-17,15:00,Ferro Carril Oeste (GP),Huracán Las Heras,0,0,,,Torneo Federal A,2023,zonas,Zona B,Fecha 31,El Coloso del Barrio Talleres,false,https://es.wikipedia.org/wiki/Torneo_Federal_A_2023
2023-09-17,15:00,Germinal,Liniers (BB),1,0,,,Torneo Federal A,2023,zonas,Zona A,Fecha 31,El Fortín (R),false,https://es.wikipedia.org/wiki/Torneo_Federal_A_2023
2023-09-17,15:15,Gimnasia y Esgrima (J),Chacarita Juniors,2,0,,,Primera Nacional,2023,zonas,Zona B,Fecha 30,23 de Agosto,false,https://es.wikipedia.org/wiki/Campeonato_de_Primera_Nacional_2023
2023-09-17,15:30,Atlas,Liniers,0,0,,,Primera C,2023,zonas,,Fecha 35,Ricardo Puga,false,https://es.wikipedia.org/wiki/Campeonato_de_Primera_C_2023_(Argentina)
2023-09-17,15:30,Colegiales,Villa San Carlos,1,1,,,Primera B,2023,zonas,Torneo Clausura,Fecha 14,Colegiales,false,https://es.wikipedia.org/wiki/Campeonato_de_Primera_B_2023_(Argentina)
2023-09-17,15:30,Deportivo Laferrere,General Lamadrid,1,0,,,Primera C,2023,zonas,,Fecha 35,Ciudad de Laferrere,false,https://es.wikipedia.org/wiki/Campeonato_de_Primera_C_2023_(Argentina)
2023-09-17,15:30,Olimpo,Círculo Deportivo,1,0,,,Torneo Federal A,2023,zonas,Zona A,Fecha 31,Roberto N. Carminatti,false,https://es.wikipedia.org/wiki/Torneo_Federal_A_2023
2023-09-17,15:30,Puerto Nuevo,Luján,1,2,,,Primera C,2023,zonas,,Fecha 35,Rubén Carlos Vallejos,false,https://es.wikipedia.org/wiki/Campeonato_de_Primera_C_2023_(Argentina)
2023-09-17,15:30,Victoriano Arenas,J. J. de Urquiza,1,1,,,Primera C,2023,zonas,,Fecha 35,Saturnino Moure,false,https://es.wikipedia.org/wiki/Campeonato_de_Primera_C_2023_(Argentina)
2023-09-17,16:00,Alvarado,San Telmo,1,0,,,Primera Nacional,2023,zonas,Zona A,Fecha 34,José María Minella,false,https://es.wikipedia.org/wiki/Campeonato_de_Primera_Nacional_2023
2023-09-17,16:00,Argentino (MM),Juventud Unida Universitario,1,1,,,Torneo Federal A,2023,zonas,Zona B,Fecha 31,Modesto Marrone,false,https://es.wikipedia.org/wiki/Torneo_Federal_A_2023
2023-09-17,16:00,Boca Unidos,Crucero del Norte,2,1,,,Torneo Federal A,2023,zonas,Zona D,Fecha 31,Leoncio Benítez,false,https://es.wikipedia.org/wiki/Torneo_Federal_A_2023
2023-09-17,16:00,Cipolletti,Villa Mitre,0,0,,,Torneo Federal A,2023,zonas,Zona A,Fecha 31,La Visera de Cemento,false,https://es.wikipedia.org/wiki/Torneo_Federal_A_2023
2023-09-17,16:00,Sportivo Estudiantes (SL),San Martín (SM),2,0,,,Torneo Federal A,2023,zonas,Zona B,Fecha 31,Héctor Odicino y Pedro Benoza,false,https://es.wikipedia.org/wiki/Torneo_Federal_A_2023
2023-09-17,17:00,Ferrocarril Midland,Berazategui,3,0,,,Primera C,2023,zonas,,Fecha 35,Ciudad de Libertad,false,https://es.wikipedia.org/wiki/Campeonato_de_Primera_C_2023_(Argentina)
2023-09-17,17:00,Godoy Cruz,Belgrano,0,0,,,Copa de la Liga,2023,zonas,Zona B,Fecha 4,Malvinas Argentinas,false,https://es.wikipedia.org/wiki/Copa_de_la_Liga_Profesional_2023
2023-09-17,17:00,Patronato,San Martín (T),1,3,,,Primera Nacional,2023,zonas,Zona A,Fecha 34,Presbítero Bartolomé Grella,false,https://es.wikipedia.org/wiki/Campeonato_de_Primera_Nacional_2023
2023-09-17,17:00,Sol de América (F),Gimnasia y Tiro (S),0,2,,,Torneo Federal A,2023,zonas,Zona D,Fecha 31,Sol de América,false,https://es.wikipedia.org/wiki/Torneo_Federal_A_2023
2023-09-17,17:15,Deportivo Morón,All Boys,0,0,,,Primera Nacional,2023,zonas,Zona A,Fecha 34,Nuevo Francisco Urbano,false,https://es.wikipedia.org/wiki/Campeonato_de_Primera_Nacional_2023
2023-09-17,17:30,Central Norte (S),Sarmiento (R),1,0,,,Torneo Federal A,2023,zonas,Zona D,Fecha 31,Doctor Luis Güemes,false,https://es.wikipedia.org/wiki/Torneo_Federal_A_2023
2023-09-17,18:00,Quilmes,Mitre (SdE),1,3,,,Primera Nacional,2023,zonas,Zona B,Fecha 30,Centenario Ciudad de Quilmes,false,https://es.wikipedia.org/wiki/Campeonato_de_Primera_Nacional_2023
2023-09-17,18:00,Racing Club,Aldosivi,2,0,,,Primera Nacional,2023,zonas,Zona B,Fecha 30,Miguel Sancho,false,https://es.wikipedia.org/wiki/Campeonato_de_Primera_Nacional_2023
2023-09-17,18:30,Atlético de Rafaela,Deportivo Maipú,2,0,,,Primera Nacional,2023,zonas,Zona B,Fecha 30,Nuevo Monumental,false,https://es.wikipedia.org/wiki/Campeonato_de_Primera_Nacional_2023
2023-09-17,19:00,9 de Julio (R),San Martín (F),2,1,,,Torneo Federal A,2023,zonas,Zona D,Fecha 31,Germán Solterman,false,https://es.wikipedia.org/wiki/Torneo_Federal_A_2023
2023-09-17,19:30,River Plate,Arsenal,3,1,,,Copa de la Liga,2023,zonas,Zona A,Fecha 4,Monumental,false,https://es.wikipedia.org/wiki/Copa_de_la_Liga_Profesional_2023
2023-09-18,15:30,Argentino de Quilmes,San Miguel,0,1,,,Primera B,2023,zonas,Torneo Clausura,Fecha 14,Argentino de Quilmes,false,https://es.wikipedia.org/wiki/Campeonato_de_Primera_B_2023_(Argentina)
2023-09-18,15:30,Defensores de Belgrano (VR),Sportivo Las Parejas,1,0,,,Torneo Federal A,2023,zonas,Zona C,Fecha 31,Salomón Boeseldín,false,https://es.wikipedia.org/wiki/Torneo_Federal_A_2023
2023-09-18,15:30,Leandro N. Alem,Central Córdoba (R),2,2,,,Primera C,2023,zonas,,Fecha 35,Leandro N. Alem,false,https://es.wikipedia.org/wiki/Campeonato_de_Primera_C_2023_(Argentina)
2023-09-18,16:00,Defensores de Pronunciamiento,El Linqueño,2,2,,,Torneo Federal A,2023,zonas,Zona C,Fecha 31,Delio Cardozo,false,https://es.wikipedia.org/wiki/Torneo_Federal_A_2023
2023-09-18,16:00,Unión (S),Gimnasia y Esgrima (CdU),0,0,,,Torneo Federal A,2023,zonas,Zona C,Fecha 31,De la Avenida,false,https://es.wikipedia.org/wiki/Torneo_Federal_A_2023
2023-09-18,20:00,Lanús,Sarmiento (J),0,0,,,Copa de la Liga,2023,zonas,Zona B,Fecha 5,Ciudad de Lanús,false,https://es.wikipedia.org/wiki/Copa_de_la_Liga_Profesional_2023
2023-09-18,20:30,Sportivo Belgrano,Independiente (C),1,0,,,Torneo Federal A,2023,zonas,Zona C,Fecha 31,Oscar Carlos Boero,false,https://es.wikipedia.org/wiki/Torneo_Federal_A_2023
2023-09-18,21:10,Ferro Carril Oeste,Tristán Suárez,2,1,,,Primera Nacional,2023,zonas,Zona B,Fecha 30,Arquitecto Ricardo Etcheverri,false,https://es.wikipedia.org/wiki/Campeonato_de_Primera_Nacional_2023
2023-09-19,18:45,Central Córdoba (SdE),Boca Juniors,0,3,,,Copa de la Liga,2023,zonas,Zona B,Fecha 5,Único Madre de Ciudades,false,https://es.wikipedia.org/wiki/Copa_de_la_Liga_Profesional_2023
2023-09-19,21:00,Huracán,Gimnasia y Esgrima (LP),2,0,,,Copa de la Liga,2023,zonas,Zona A,Fecha 5,Tomás Adolfo Ducó,false,https://es.wikipedia.org/wiki/Copa_de_la_Liga_Profesional_2023
2023-09-19,21:00,Rosario Central,Independiente,1,1,,,Copa de la Liga,2023,zonas,Zona A,Fecha 5,Gigante de Arroyito,false,https://es.wikipedia.org/wiki/Copa_de_la_Liga_Profesional_2023
2023-09-20,16:00,Barracas Central,Banfield,1,0,,,Copa de la Liga,2023,zonas,Zona A,Fecha 5,Tomás Adolfo Ducó,false,https://es.wikipedia.org/wiki/Copa_de_la_Liga_Profesional_2023
2023-09-20,16:00,Defensa y Justicia,Tigre,2,0,,,Copa de la Liga,2023,zonas,Zona B,Fecha 5,Norberto Tomaghello,false,https://es.wikipedia.org/wiki/Copa_de_la_Liga_Profesional_2023
2023-09-20,18:30,Estudiantes (LP),San Lorenzo,0,0,,,Copa de la Liga,2023,zonas,Zona B,Fecha 5,Jorge Luis Hirschi,false,https://es.wikipedia.org/wiki/Copa_de_la_Liga_Profesional_2023
2023-09-20,18:30,Vélez Sarsfield,Arsenal,2,1,,,Copa de la Liga,2023,zonas,Zona A,Fecha 5,José Amalfitani,false,https://es.wikipedia.org/wiki/Copa_de_la_Liga_Profesional_2023
2023-09-20,21:00,Instituto,Colón,3,1,,,Copa de la Liga,2023,zonas,Zona A,Fecha 5,Juan Domingo Perón,false,https://es.wikipedia.org/wiki/Copa_de_la_Liga_Profesional_2023
2023-09-20,21:00,Racing Club,Newell's Old Boys,2,1,,,Copa de la Liga,2023,zonas,Zona B,Fecha 5,El Cilindro,false,https://es.wikipedia.org/wiki/Copa_de_la_Liga_Profesional_2023
2023-09-20,21:10,Almagro,San Martín (SJ),0,3,,,Primera Nacional,2023,zonas,Zona A,Fecha 33,Tres de Febrero,false,https://es.wikipedia.org/wiki/Campeonato_de_Primera_Nacional_2023
2023-09-21,17:00,Belgrano,Platense,3,0,,,Copa de la Liga,2023,zonas,Zona B,Fecha 5,Gigante de Alberdi,false,https://es.wikipedia.org/wiki/Copa_de_la_Liga_Profesional_2023
2023-09-21,18:30,Unión,Godoy Cruz,0,0,,,Copa de la Liga,2023,zonas,Zona B,Fecha 5,15 de Abril,false,https://es.wikipedia.org/wiki/Copa_de_la_Liga_Profesional_2023
2023-09-21,19:15,Argentinos Juniors,Talleres (C),3,1,,,Copa de la Liga,2023,zonas,Zona A,Fecha 5,Diego Armando Maradona,false,https://es.wikipedia.org/wiki/Copa_de_la_Liga_Profesional_2023
2023-09-21,21:00,River Plate,Atlético Tucumán,1,0,,,Copa de la Liga,2023,zonas,Zona A,Fecha 5,Monumental,false,https://es.wikipedia.org/wiki/Copa_de_la_Liga_Profesional_2023
2023-09-22,15:30,Deportivo Español,Claypole,0,1,,,Primera C,2023,zonas,,Fecha 36,Nueva España,false,https://es.wikipedia.org/wiki/Campeonato_de_Primera_C_2023_(Argentina)
2023-09-22,16:00,Huracán Las Heras,Sportivo Estudiantes (SL),1,0,,,Torneo Federal A,2023,zonas,Zona B,Fecha 32,General San Martín,false,https://es.wikipedia.org/wiki/Torneo_Federal_A_2023
2023-09-22,21:00,Atenas (RC),Ferro Carril Oeste (GP),3,1,,,Torneo Federal A,2023,zonas,Zona B,Fecha 32,9 de Julio,false,https://es.wikipedia.org/wiki/Torneo_Federal_A_2023
2023-09-22,21:10,Independiente Rivadavia,Atlético de Rafaela,2,1,,,Primera Nacional,2023,zonas,Zona B,Fecha 31,Bautista Gargantini,false,https://es.wikipedia.org/wiki/Campeonato_de_Primera_Nacional_2023
2023-09-22,21:30,San Martín (SM),Argentino (MM),1,0,,,Torneo Federal A,2023,zonas,Zona B,Fecha 32,Libertador General San Martín,false,https://es.wikipedia.org/wiki/Torneo_Federal_A_2023
2023-09-23,12:00,Talleres (RdE),Ituzaingó,3,0,,,Primera B,2023,zonas,Torneo Clausura,Fecha 15,Pablo Comelli,false,https://es.wikipedia.org/wiki/Campeonato_de_Primera_B_2023_(Argentina)
2023-09-23,13:00,San Miguel,Colegiales,2,2,,,Primera B,2023,zonas,Torneo Clausura,Fecha 15,Malvinas Argentinas,false,https://es.wikipedia.org/wiki/Campeonato_de_Primera_B_2023_(Argentina)
2023-09-23,15:00,Agropecuario,Flandria,3,0,,,Primera Nacional,2023,zonas,Zona A,Fecha 35,Ofelia Rosenzuaig,false,https://es.wikipedia.org/wiki/Campeonato_de_Primera_Nacional_2023
2023-09-23,15:30,Acassuso,Deportivo Merlo,1,1,,,Primera B,2023,zonas,Torneo Clausura,Fecha 15,Armenia,false,https://es.wikipedia.org/wiki/Campeonato_de_Primera_B_2023_(Argentina)
2023-09-23,15:30,Argentino de Merlo,Deportivo Armenio,0,0,,,Primera B,2023,zonas,Torneo Clausura,Fecha 15,Merlo,false,https://es.wikipedia.org/wiki/Campeonato_de_Primera_B_2023_(Argentina)
2023-09-23,15:30,Central Córdoba (R),Victoriano Arenas,0,1,,,Primera C,2023,zonas,,Fecha 36,Gabino Sosa,false,https://es.wikipedia.org/wiki/Campeonato_de_Primera_C_2023_(Argentina)
2023-09-23,15:30,Real Pilar,Atlas,0,1,,,Primera C,2023,zonas,,Fecha 36,Carlos Barraza,false,https://es.wikipedia.org/wiki/Campeonato_de_Primera_C_2023_(Argentina)
2023-09-23,15:30,San Telmo,Gimnasia y Esgrima (M),3,2,,,Primera Nacional,2023,zonas,Zona A,Fecha 35,Doctor Osvaldo Baletto,false,https://es.wikipedia.org/wiki/Campeonato_de_Primera_Nacional_2023
2023-09-23,15:30,UAI Urquiza,Cañuelas,2,1,,,Primera B,2023,zonas,Torneo Clausura,Fecha 15,Monumental de Villa Lynch,false,https://es.wikipedia.org/wiki/Campeonato_de_Primera_B_2023_(Argentina)
2023-09-23,15:35,Temperley,Patronato,3,1,,,Primera Nacional,2023,zonas,Zona A,Fecha 35,Alfredo Beranger,false,https://es.wikipedia.org/wiki/Campeonato_de_Primera_Nacional_2023
2023-09-23,16:00,Gimnasia y Esgrima (LP),Rosario Central,2,1,,,Copa de la Liga,2023,zonas,Zona A,Fecha 6,Del Bosque,false,https://es.wikipedia.org/wiki/Copa_de_la_Liga_Profesional_2023
2023-09-23,16:10,Chacarita Juniors,Quilmes,2,2,,,Primera Nacional,2023,zonas,Zona B,Fecha 31,Chacarita Juniors,false,https://es.wikipedia.org/wiki/Campeonato_de_Primera_Nacional_2023
2023-09-23,17:00,Sportivo Italiano,Ferrocarril Midland,2,2,,,Primera C,2023,zonas,,Fecha 36,República de Italia,false,https://es.wikipedia.org/wiki/Campeonato_de_Primera_C_2023_(Argentina)
2023-09-23,17:30,Chaco For Ever,Estudiantes (BA),2,1,,,Primera Nacional,2023,zonas,Zona B,Fecha 31,Juan Alberto García,false,https://es.wikipedia.org/wiki/Campeonato_de_Primera_Nacional_2023
2023-09-23,18:00,San Martín (T),Güemes (SdE),1,1,,,Primera Nacional,2023,zonas,Zona A,Fecha 35,La Ciudadela,false,https://es.wikipedia.org/wiki/Campeonato_de_Primera_Nacional_2023
2023-09-23,18:30,Boca Juniors,Lanús,1,1,,,Copa de la Liga,2023,zonas,Zona B,Fecha 6,La Bombonera,false,https://es.wikipedia.org/wiki/Copa_de_la_Liga_Profesional_2023
2023-09-23,19:00,Ramón Santamarina,Cipolletti,2,1,,,Torneo Federal A,2023,zonas,Zona A,Fecha 32,Municipal General San Martín,false,https://es.wikipedia.org/wiki/Torneo_Federal_A_2023
2023-09-23,20:00,Liniers (BB),Sol de Mayo (V),2,0,,,Torneo Federal A,2023,zonas,Zona A,Fecha 32,Alejandro Pérez,false,https://es.wikipedia.org/wiki/Torneo_Federal_A_2023
2023-09-23,21:00,Central Córdoba (SdE),Defensa y Justicia,2,1,,,Copa de la Liga,2023,zonas,Zona B,Fecha 6,Único Madre de Ciudades,false,https://es.wikipedia.org/wiki/Copa_de_la_Liga_Profesional_2023
2023-09-23,21:00,Huracán,Vélez Sarsfield,3,0,,,Copa de la Liga,2023,zonas,Zona A,Fecha 6,Tomás Adolfo Ducó,false,https://es.wikipedia.org/wiki/Copa_de_la_Liga_Profesional_2023
2023-09-24,11:00,Mitre (SdE),Brown de Adrogué,3,0,,,Primera Nacional,2023,zonas,Zona B,Fecha 31,Dres. José y Antonio Castiglione,false,https://es.wikipedia.org/wiki/Campeonato_de_Primera_Nacional_2023
2023-09-24,13:50,Atlanta,Ferro Carril Oeste,1,1,,,Primera Nacional,2023,zonas,Zona B,Fecha 31,Don León Kolbowski,false,https://es.wikipedia.org/wiki/Campeonato_de_Primera_Nacional_2023
2023-09-24,14:00,General Lamadrid,Excursionistas,3,0,,,Primera C,2023,zonas,,Fecha 36,Enrique Sexto,false,https://es.wikipedia.org/wiki/Campeonato_de_Primera_C_2023_(Argentina)
2023-09-24,15:00,Gimnasia y Tiro (S),9 de Julio (R),1,0,,,Torneo Federal A,2023,zonas,Zona D,Fecha 32,El Gigante del Norte,false,https://es.wikipedia.org/wiki/Torneo_Federal_A_2023
2023-09-24,15:00,Independiente,Instituto,0,0,,,Copa de la Liga,2023,zonas,Zona A,Fecha 6,Libertadores de América,false,https://es.wikipedia.org/wiki/Copa_de_la_Liga_Profesional_2023
2023-09-24,15:00,Sportivo Las Parejas,Defensores de Pronunciamiento,2,0,,,Torneo Federal A,2023,zonas,Zona C,Fecha 32,4 de Septiembre,false,https://es.wikipedia.org/wiki/Torneo_Federal_A_2023
2023-09-24,15:00,Tristán Suárez,Gimnasia y Esgrima (J),1,2,,,Primera Nacional,2023,zonas,Zona B,Fecha 31,20 de Octubre,false,https://es.wikipedia.org/wiki/Campeonato_de_Primera_Nacional_2023
2023-09-24,15:30,J. J. de Urquiza,Deportivo Laferrere,0,1,,,Primera C,2023,zonas,,Fecha 36,Ramón Roque Martín,false,https://es.wikipedia.org/wiki/Campeonato_de_Primera_C_2023_(Argentina)
2023-09-24,15:30,Liniers,Leandro N. Alem,1,0,,,Primera C,2023,zonas,,Fecha 36,Juan Antonio Arias,false,https://es.wikipedia.org/wiki/Campeonato_de_Primera_C_2023_(Argentina)
2023-09-24,15:30,Sacachispas,Argentino de Quilmes,0,3,,,Primera B,2023,zonas,Torneo Clausura,Fecha 15,Beto Larrosa,false,https://es.wikipedia.org/wiki/Campeonato_de_Primera_B_2023_(Argentina)
2023-09-24,15:30,Sansinena,Olimpo,1,1,,,Torneo Federal A,2023,zonas,Zona A,Fecha 32,Luis Molina,false,https://es.wikipedia.org/wiki/Torneo_Federal_A_2023
2023-09-24,15:30,Villa Mitre,Germinal,3,0,,,Torneo Federal A,2023,zonas,Zona A,Fecha 32,El Fortín (BB),false,https://es.wikipedia.org/wiki/Torneo_Federal_A_2023
2023-09-24,16:00,Gimnasia y Esgrima (CdU),Sportivo Belgrano,2,1,,,Torneo Federal A,2023,zonas,Zona C,Fecha 32,Manuel y Ramón Núñez,false,https://es.wikipedia.org/wiki/Torneo_Federal_A_2023
2023-09-24,16:00,Juventud Unida Universitario,Ciudad de Bolívar,1,0,,,Torneo Federal A,2023,zonas,Zona B,Fecha 32,Juan Gilberto Funes,false,https://es.wikipedia.org/wiki/Torneo_Federal_A_2023
2023-09-24,16:00,San Martín (F),Central Norte (S),1,1,,,Torneo Federal A,2023,zonas,Zona D,Fecha 32,17 de Octubre,false,https://es.wikipedia.org/wiki/Torneo_Federal_A_2023
2023-09-24,17:00,Douglas Haig,Unión (S),4,2,,,Torneo Federal A,2023,zonas,Zona C,Fecha 32,Miguel Morales,false,https://es.wikipedia.org/wiki/Torneo_Federal_A_2023
2023-09-24,17:00,Racing Club,Deportivo Riestra,1,0,,,Primera Nacional,2023,zonas,Zona B,Fecha 31,Miguel Sancho,false,https://es.wikipedia.org/wiki/Campeonato_de_Primera_Nacional_2023
2023-09-24,17:05,Crucero del Norte,Sol de América (F),0,0,,,Torneo Federal A,2023,zonas,Zona D,Fecha 32,Comandante Andrés Guacurarí,false,https://es.wikipedia.org/wiki/Torneo_Federal_A_2023
2023-09-24,17:05,Juventud Antoniana,Boca Unidos,2,2,,,Torneo Federal A,2023,zonas,Zona D,Fecha 32,Padre Ernesto Martearena,false,https://es.wikipedia.org/wiki/Torneo_Federal_A_2023
2023-09-24,17:45,Newell's Old Boys,Estudiantes (LP),0,1,,,Copa de la Liga,2023,zonas,Zona B,Fecha 6,Marcelo Bielsa,false,https://es.wikipedia.org/wiki/Copa_de_la_Liga_Profesional_2023
2023-09-24,19:00,Aldosivi,Villa Dálmine,0,0,,,Primera Nacional,2023,zonas,Zona B,Fecha 31,José María Minella,false,https://es.wikipedia.org/wiki/Campeonato_de_Primera_Nacional_2023
2023-09-24,19:00,Tigre,San Lorenzo,0,0,,,Copa de la Liga,2023,zonas,Zona B,Fecha 6,Monumental de Victoria,false,https://es.wikipedia.org/wiki/Copa_de_la_Liga_Profesional_2023
2023-09-24,21:00,Banfield,River Plate,1,1,,,Copa de la Liga,2023,zonas,Zona A,Fecha 6,Florencio Sola,false,https://es.wikipedia.org/wiki/Copa_de_la_Liga_Profesional_2023
2023-09-25,15:30,Berazategui,Puerto Nuevo,0,1,,,Primera C,2023,zonas,,Fecha 36,Cententario Ciudad de Quilmes,false,https://es.wikipedia.org/wiki/Campeonato_de_Primera_C_2023_(Argentina)
2023-09-25,15:30,Deportivo Maipú,Deportivo Madryn,0,0,,,Primera Nacional,2023,zonas,Zona B,Fecha 31,Omar Higinio Sperdutti,false,https://es.wikipedia.org/wiki/Campeonato_de_Primera_Nacional_2023
2023-09-25,15:30,Dock Sud,Comunicaciones,1,1,,,Primera B,2023,zonas,Torneo Clausura,Fecha 15,De los Inmigrantes,false,https://es.wikipedia.org/wiki/Campeonato_de_Primera_B_2023_(Argentina)
2023-09-25,15:30,Independiente (C),Defensores de Belgrano (VR),0,0,,,Torneo Federal A,2023,zonas,Zona C,Fecha 32,Raúl Orlando Lungarzo,false,https://es.wikipedia.org/wiki/Torneo_Federal_A_2023
2023-09-25,15:30,Luján,Yupanqui,2,1,,,Primera C,2023,zonas,,Fecha 36,1 de Abril,false,https://es.wikipedia.org/wiki/Campeonato_de_Primera_C_2023_(Argentina)
2023-09-25,16:00,Platense,Unión,1,0,,,Copa de la Liga,2023,zonas,Zona B,Fecha 6,Ciudad de Vicente López,false,https://es.wikipedia.org/wiki/Copa_de_la_Liga_Profesional_2023
2023-09-25,16:00,Sarmiento (J),Belgrano,0,0,,,Copa de la Liga,2023,zonas,Zona B,Fecha 6,Eva Perón,false,https://es.wikipedia.org/wiki/Copa_de_la_Liga_Profesional_2023
2023-09-25,18:30,Colón,Argentinos Juniors,3,1,,,Copa de la Liga,2023,zonas,Zona A,Fecha 6,Brigadier Estanislao López,false,https://es.wikipedia.org/wiki/Copa_de_la_Liga_Profesional_2023
2023-09-25,18:30,Godoy Cruz,Racing Club,1,1,,,Copa de la Liga,2023,zonas,Zona B,Fecha 6,Malvinas Argentinas,false,https://es.wikipedia.org/wiki/Copa_de_la_Liga_Profesional_2023
2023-09-25,21:00,Atlético Tucumán,Arsenal,1,0,,,Copa de la Liga,2023,zonas,Zona A,Fecha 6,Monumental José Fierro,false,https://es.wikipedia.org/wiki/Copa_de_la_Liga_Profesional_2023
2023-09-25,21:00,Talleres (C),Barracas Central,4,0,,,Copa de la Liga,2023,zonas,Zona A,Fecha 6,Mario Alberto Kempes,false,https://es.wikipedia.org/wiki/Copa_de_la_Liga_Profesional_2023
2023-09-25,21:10,All Boys,Almirante Brown,2,1,,,Primera Nacional,2023,zonas,Zona A,Fecha 35,Islas Malvinas,false,https://es.wikipedia.org/wiki/Campeonato_de_Primera_Nacional_2023
2023-09-26,21:10,Fénix,Los Andes,1,2,,,Primera B,2023,zonas,Torneo Clausura,Fecha 15,Tres de Febrero,false,https://es.wikipedia.org/wiki/Campeonato_de_Primera_B_2023_(Argentina)
2023-09-29,14:30,Flandria,Guillermo Brown,2,1,,,Primera Nacional,2023,zonas,Zona A,Fecha 36,Carlos V,false,https://es.wikipedia.org/wiki/Campeonato_de_Primera_Nacional_2023
2023-09-29,17:00,Sportivo Peñarol (C),Juventud Unida Universitario,2,1,,,Torneo Federal A,2023,zonas,Zona B,Fecha 33,Ramón Pablo Rojas,false,https://es.wikipedia.org/wiki/Torneo_Federal_A_2023
2023-09-29,20:00,Tigre,Vélez Sarsfield,0,0,,,Copa de la Liga,2023,zonas,Interzonal,Fecha 7,Monumental de Victoria,false,https://es.wikipedia.org/wiki/Copa_de_la_Liga_Profesional_2023
2023-09-29,20:30,Excursionistas,J. J. de Urquiza,2,0,,,Primera C,2023,zonas,,Fecha 37,Excursionistas,false,https://es.wikipedia.org/wiki/Campeonato_de_Primera_C_2023_(Argentina)
2023-09-29,20:30,San Martín (B),General Lamadrid,1,0,,,Primera C,2023,zonas,,Fecha 37,Francisco Boga,false,https://es.wikipedia.org/wiki/Campeonato_de_Primera_C_2023_(Argentina)
2023-09-29,21:00,Quilmes,Tristán Suárez,5,1,,,Primera Nacional,2023,zonas,Zona B,Fecha 32,Centenario Ciudad de Quilmes,false,https://es.wikipedia.org/wiki/Campeonato_de_Primera_Nacional_2023
2023-09-29,21:00,Sportivo Estudiantes (SL),Atenas (RC),2,1,,,Torneo Federal A,2023,zonas,Zona B,Fecha 33,Héctor Odicino y Pedro Benoza,false,https://es.wikipedia.org/wiki/Torneo_Federal_A_2023
2023-09-30,11:00,Arsenal,Defensa y Justicia,1,0,,,Copa de la Liga,2023,zonas,Interzonal,Fecha 7,El Viaducto,false,https://es.wikipedia.org/wiki/Copa_de_la_Liga_Profesional_2023
2023-09-30,12:10,Almirante Brown,Nueva Chicago,1,0,,,Primera Nacional,2023,zonas,Zona A,Fecha 36,Fragata Presidente Sarmiento,false,https://es.wikipedia.org/wiki/Campeonato_de_Primera_Nacional_2023
2023-09-30,13:00,Sol de Mayo (V),Villa Mitre,0,4,,,Torneo Federal A,2023,zonas,Zona A,Fecha 33,Sol de Mayo,false,https://es.wikipedia.org/wiki/Torneo_Federal_A_2023
2023-09-30,13:30,Defensores de Belgrano,All Boys,1,0,,,Primera Nacional,2023,zonas,Zona A,Fecha 36,Juan Pasquale,false,https://es.wikipedia.org/wiki/Campeonato_de_Primera_Nacional_2023
2023-09-30,14:00,El Linqueño,Sportivo Las Parejas,3,0,,,Torneo Federal A,2023,zonas,Zona C,Fecha 33,Leonardo Costa,false,https://es.wikipedia.org/wiki/Torneo_Federal_A_2023
2023-09-30,14:30,Ciudad de Bolívar,San Martín (SM),0,3,,,Torneo Federal A,2023,zonas,Zona B,Fecha 33,Municipal Eva Perón,false,https://es.wikipedia.org/wiki/Torneo_Federal_A_2023
2023-09-30,15:00,Germinal,Ramón Santamarina,2,1,,,Torneo Federal A,2023,zonas,Zona A,Fecha 33,El Fortín (R),false,https://es.wikipedia.org/wiki/Torneo_Federal_A_2023
2023-09-30,15:30,Colegiales,Sacachispas,1,1,,,Primera B,2023,zonas,Torneo Clausura,Fecha 16,Colegiales,false,https://es.wikipedia.org/wiki/Campeonato_de_Primera_B_2023_(Argentina)
2023-09-30,15:30,Deportivo Armenio,Acassuso,2,0,,,Primera B,2023,zonas,Torneo Clausura,Fecha 16,Armenia,false,https://es.wikipedia.org/wiki/Campeonato_de_Primera_B_2023_(Argentina)
2023-09-30,15:30,Estudiantes (BA),Mitre (SdE),0,1,,,Primera Nacional,2023,zonas,Zona B,Fecha 32,Ciudad de Caseros,false,https://es.wikipedia.org/wiki/Campeonato_de_Primera_Nacional_2023
2023-09-30,15:30,Güemes (SdE),Temperley,2,0,,,Primera Nacional,2023,zonas,Zona A,Fecha 36,Arturo Miranda,false,https://es.wikipedia.org/wiki/Campeonato_de_Primera_Nacional_2023
2023-09-30,15:30,Villa San Carlos,San Miguel,1,2,,,Primera B,2023,zonas,Torneo Clausura,Fecha 16,Genacio Sálice,false,https://es.wikipedia.org/wiki/Campeonato_de_Primera_B_2023_(Argentina)
2023-09-30,16:00,Ferro Carril Oeste,Racing Club,3,1,,,Primera Nacional,2023,zonas,Zona B,Fecha 32,Arquitecto Ricardo Etcheverri,false,https://es.wikipedia.org/wiki/Campeonato_de_Primera_Nacional_2023
2023-09-30,16:00,San Lorenzo,Huracán,1,1,,,Copa de la Liga,2023,zonas,Interzonal,Fecha 7,Nuevo Gasómetro,false,https://es.wikipedia.org/wiki/Copa_de_la_Liga_Profesional_2023
2023-09-30,16:30,Argentino (MM),Huracán Las Heras,2,0,,,Torneo Federal A,2023,zonas,Zona B,Fecha 33,Modesto Marrone,false,https://es.wikipedia.org/wiki/Torneo_Federal_A_2023
2023-09-30,16:30,Rosario Central,Newell's Old Boys,1,0,,,Copa de la Liga,2023,zonas,Interzonal,Fecha 7,Gigante de Arroyito,false,https://es.wikipedia.org/wiki/Copa_de_la_Liga_Profesional_2023
2023-09-30,16:30,San Martín (SJ),Defensores Unidos,3,2,,,Primera Nacional,2023,zonas,Zona A,Fecha 36,Ingeniero Hilario Sánchez,false,https://es.wikipedia.org/wiki/Campeonato_de_Primera_Nacional_2023
2023-09-30,18:00,Patronato,San Telmo,1,0,,,Primera Nacional,2023,zonas,Zona A,Fecha 36,Presbítero Bartolomé Grella,false,https://es.wikipedia.org/wiki/Campeonato_de_Primera_Nacional_2023
2023-09-30,19:00,Alvarado,Agropecuario,1,2,,,Primera Nacional,2023,zonas,Zona A,Fecha 36,José María Minella,false,https://es.wikipedia.org/wiki/Campeonato_de_Primera_Nacional_2023
2023-09-30,19:00,Racing Club,Independiente,0,2,,,Copa de la Liga,2023,zonas,Interzonal,Fecha 7,El Cilindro,false,https://es.wikipedia.org/wiki/Copa_de_la_Liga_Profesional_2023
2023-09-30,21:30,Banfield,Lanús,1,0,,,Copa de la Liga,2023,zonas,Interzonal,Fecha 7,Florencio Sola,false,https://es.wikipedia.org/wiki/Copa_de_la_Liga_Profesional_2023
2023-10-01,11:00,Argentino de Quilmes,Fénix,2,1,,,Primera B,2023,zonas,Torneo Clausura,Fecha 16,Argentino de Quilmes,false,https://es.wikipedia.org/wiki/Campeonato_de_Primera_B_2023_(Argentina)
2023-10-01,11:00,Círculo Deportivo,Sansinena,0,0,,,Torneo Federal A,2023,zonas,Zona A,Fecha 33,Guillermo Trama,false,https://es.wikipedia.org/wiki/Torneo_Federal_A_2023
2023-10-01,11:00,Los Andes,Argentino de Merlo,2,0,,,Primera B,2023,zonas,Torneo Clausura,Fecha 16,Eduardo Gallardón,false,https://es.wikipedia.org/wiki/Campeonato_de_Primera_B_2023_(Argentina)
2023-10-01,14:00,Boca Juniors,River Plate,0,2,,,Copa de la Liga,2023,zonas,Interzonal,Fecha 7,La Bombonera,false,https://es.wikipedia.org/wiki/Copa_de_la_Liga_Profesional_2023
2023-10-01,15:30,Puerto Nuevo,Sportivo Italiano,1,1,,,Primera C,2023,zonas,,Fecha 37,Rubén Carlos Vallejos,false,https://es.wikipedia.org/wiki/Campeonato_de_Primera_C_2023_(Argentina)
2023-10-01,15:30,Victoriano Arenas,Liniers,2,1,,,Primera C,2023,zonas,,Fecha 37,Saturnino Moure,false,https://es.wikipedia.org/wiki/Campeonato_de_Primera_C_2023_(Argentina)
2023-10-01,16:00,Deportivo Madryn,Independiente Rivadavia,1,1,,,Primera Nacional,2023,zonas,Zona B,Fecha 32,Abel Sastre,false,https://es.wikipedia.org/wiki/Campeonato_de_Primera_Nacional_2023
2023-10-01,16:00,Gimnasia y Esgrima (J),Atlanta,2,0,,,Primera Nacional,2023,zonas,Zona B,Fecha 32,23 de Agosto,false,https://es.wikipedia.org/wiki/Campeonato_de_Primera_Nacional_2023
2023-10-01,16:00,Olimpo,Liniers (BB),4,0,,,Torneo Federal A,2023,zonas,Zona A,Fecha 33,Roberto Natalio Carminatti,false,https://es.wikipedia.org/wiki/Torneo_Federal_A_2023
2023-10-01,16:30,Colón,Unión,0,0,,,Copa de la Liga,2023,zonas,Interzonal,Fecha 7,Brigadier Estanislao López,false,https://es.wikipedia.org/wiki/Copa_de_la_Liga_Profesional_2023
2023-10-01,16:30,Defensores de Belgrano (VR),Gimnasia y Esgrima (CdU),0,1,,,Torneo Federal A,2023,zonas,Zona C,Fecha 33,Salomón Boeseldín,false,https://es.wikipedia.org/wiki/Torneo_Federal_A_2023
2023-10-01,16:30,Defensores de Pronunciamiento,Independiente (C),1,0,,,Torneo Federal A,2023,zonas,Zona C,Fecha 33,Delio Cardozo,false,https://es.wikipedia.org/wiki/Torneo_Federal_A_2023
2023-10-01,16:30,Gimnasia y Esgrima (M),Almagro,4,3,,,Primera Nacional,2023,zonas,Zona A,Fecha 36,Víctor Antonio Legrotaglie,false,https://es.wikipedia.org/wiki/Campeonato_de_Primera_Nacional_2023
2023-10-01,16:30,Sarmiento (R),San Martín (F),1,2,,,Torneo Federal A,2023,zonas,Zona D,Fecha 33,Centenario,false,https://es.wikipedia.org/wiki/Torneo_Federal_A_2023
2023-10-01,17:00,Estudiantes (LP),Gimnasia y Esgrima (LP),0,0,,,Copa de la Liga,2023,zonas,Interzonal,Fecha 7,Jorge Luis Hirschi,false,https://es.wikipedia.org/wiki/Copa_de_la_Liga_Profesional_2023
2023-10-01,18:15,9 de Julio (R),Crucero del Norte,0,1,,,Torneo Federal A,2023,zonas,Zona D,Fecha 33,Germán Solterman,false,https://es.wikipedia.org/wiki/Torneo_Federal_A_2023
2023-10-01,18:15,Sol de América (F),Juventud Antoniana,2,1,,,Torneo Federal A,2023,zonas,Zona D,Fecha 33,Sol de América,false,https://es.wikipedia.org/wiki/Torneo_Federal_A_2023
2023-10-01,18:30,Atlético de Rafaela,Chaco For Ever,1,3,,,Primera Nacional,2023,zonas,Zona B,Fecha 32,Nuevo Monumental,false,https://es.wikipedia.org/wiki/Campeonato_de_Primera_Nacional_2023
2023-10-01,18:35,Central Norte (S),Gimnasia y Tiro (S),2,0,,,Torneo Federal A,2023,zonas,Zona D,Fecha 33,Doctor Luis Güemes,false,https://es.wikipedia.org/wiki/Torneo_Federal_A_2023
2023-10-01,18:45,Talleres (C),Belgrano,0,0,,,Copa de la Liga,2023,zonas,Interzonal,Fecha 7,Mario Alberto Kempes,false,https://es.wikipedia.org/wiki/Copa_de_la_Liga_Profesional_2023
2023-10-02,15:00,Brown de Adrogué,Chacarita Juniors,1,2,,,Primera Nacional,2023,zonas,Zona B,Fecha 32,Lorenzo Arandilla,false,https://es.wikipedia.org/wiki/Campeonato_de_Primera_Nacional_2023
2023-10-02,15:00,Ituzaingó,Dock Sud,1,0,,,Primera B,2023,zonas,Torneo Clausura,Fecha 16,Carlos Sacaan,false,https://es.wikipedia.org/wiki/Campeonato_de_Primera_B_2023_(Argentina)
2023-10-02,15:30,Atlas,Luján,1,3,,,Primera C,2023,zonas,,Fecha 37,Ricardo Puga,false,https://es.wikipedia.org/wiki/Campeonato_de_Primera_C_2023_(Argentina)
2023-10-02,15:30,Comunicaciones,UAI Urquiza,0,0,,,Primera B,2023,zonas,Torneo Clausura,Fecha 16,Alfredo Ramos,false,https://es.wikipedia.org/wiki/Campeonato_de_Primera_B_2023_(Argentina)
2023-10-02,15:30,Deportivo Riestra,Aldosivi,3,0,,,Primera Nacional,2023,zonas,Zona B,Fecha 32,Guillermo Laza,false,https://es.wikipedia.org/wiki/Campeonato_de_Primera_Nacional_2023
2023-10-02,15:30,Villa Dálmine,Deportivo Maipú,2,3,,,Primera Nacional,2023,zonas,Zona B,Fecha 32,El Coliseo de Mitre y Puccini,false,https://es.wikipedia.org/wiki/Campeonato_de_Primera_Nacional_2023
2023-10-02,18:30,Barracas Central,Sarmiento (J),1,1,,,Copa de la Liga,2023,zonas,Interzonal,Fecha 7,Tomás Adolfo Ducó,false,https://es.wikipedia.org/wiki/Copa_de_la_Liga_Profesional_2023
2023-10-02,18:30,Deportivo Laferrere,Central Córdoba (R),1,0,,,Primera C,2023,zonas,,Fecha 37,Ciudad de Laferrere,false,https://es.wikipedia.org/wiki/Campeonato_de_Primera_C_2023_(Argentina)
2023-10-02,18:30,Godoy Cruz,Instituto,1,1,,,Copa de la Liga,2023,zonas,Interzonal,Fecha 7,Malvinas Argentinas,false,https://es.wikipedia.org/wiki/Copa_de_la_Liga_Profesional_2023
2023-10-02,20:00,Ferrocarril Midland,Deportivo Español,0,1,,,Primera C,2023,zonas,,Fecha 37,Ciudad de Libertad,false,https://es.wikipedia.org/wiki/Campeonato_de_Primera_C_2023_(Argentina)
2023-10-02,20:30,Sportivo Belgrano,Douglas Haig,3,0,,,Torneo Federal A,2023,zonas,Zona C,Fecha 33,Oscar Carlos Boero,false,https://es.wikipedia.org/wiki/Torneo_Federal_A_2023
2023-10-02,21:00,Atlético Tucumán,Central Córdoba (SdE),0,0,,,Copa de la Liga,2023,zonas,Interzonal,Fecha 7,Monumental José Fierro,false,https://es.wikipedia.org/wiki/Copa_de_la_Liga_Profesional_2023
2023-10-02,21:00,Platense,Argentinos Juniors,0,0,,,Copa de la Liga,2023,zonas,Interzonal,Fecha 7,Ciudad de Vicente López,false,https://es.wikipedia.org/wiki/Copa_de_la_Liga_Profesional_2023
2023-10-02,21:10,Deportivo Morón,San Martín (T),0,0,,,Primera Nacional,2023,zonas,Zona A,Fecha 36,Nuevo Francisco Urbano,false,https://es.wikipedia.org/wiki/Campeonato_de_Primera_Nacional_2023
2023-10-03,15:30,Deportivo Merlo,Talleres (RdE),0,0,,,Primera B,2023,zonas,Torneo Clausura,Fecha 16,José Manuel Moreno,false,https://es.wikipedia.org/wiki/Campeonato_de_Primera_B_2023_(Argentina)
2023-10-03,15:30,Leandro N. Alem,Real Pilar,0,2,,,Primera C,2023,zonas,,Fecha 37,Leandro N. Alem,false,https://es.wikipedia.org/wiki/Campeonato_de_Primera_C_2023_(Argentina)
2023-10-03,15:30,Yupanqui,Berazategui,2,6,,,Primera C,2023,zonas,,Fecha 37,Ciudad Evita,false,https://es.wikipedia.org/wiki/Campeonato_de_Primera_C_2023_(Argentina)
2023-10-06,15:30,Guillermo Brown,Alvarado,2,0,,,Primera Nacional,2023,zonas,Zona A,Fecha 37,Raúl Conti,false,https://es.wikipedia.org/wiki/Campeonato_de_Primera_Nacional_2023
2023-10-06,15:30,Nueva Chicago,Defensores de Belgrano,2,1,,,Primera Nacional,2023,zonas,Zona A,Fecha 37,Nueva Chicago,false,https://es.wikipedia.org/wiki/Campeonato_de_Primera_Nacional_2023
2023-10-06,20:30,Rosario Central,Huracán,1,0,,,Copa de la Liga,2023,zonas,Zona A,Fecha 8,Gigante de Arroyito,false,https://es.wikipedia.org/wiki/Copa_de_la_Liga_Profesional_2023
2023-10-06,21:10,All Boys,Estudiantes (RC),1,2,,,Primera Nacional,2023,zonas,Zona A,Fecha 37,Islas Malvinas,false,https://es.wikipedia.org/wiki/Campeonato_de_Primera_Nacional_2023
2023-10-07,13:35,Atlanta,Quilmes,0,1,,,Primera Nacional,2023,zonas,Zona B,Fecha 33,Don León Kolbowski,false,https://es.wikipedia.org/wiki/Campeonato_de_Primera_Nacional_2023
2023-10-07,15:00,Ferro Carril Oeste (GP),Sportivo Estudiantes (SL),2,0,,,Torneo Federal A,2023,zonas,Zona B,Fecha 34,El Coloso del Barrio Talleres,false,https://es.wikipedia.org/wiki/Torneo_Federal_A_2023
2023-10-07,15:00,San Telmo,Güemes (SdE),1,2,,,Primera Nacional,2023,zonas,Zona A,Fecha 37,Doctor Osvaldo Baletto,false,https://es.wikipedia.org/wiki/Campeonato_de_Primera_Nacional_2023
2023-10-07,15:00,UAI Urquiza,Ituzaingó,2,2,,,Primera B,2023,zonas,Torneo Clausura,Fecha 17,Monumental de Villa Lynch,false,https://es.wikipedia.org/wiki/Campeonato_de_Primera_B_2023_(Argentina)
2023-10-07,15:30,Almagro,Patronato,2,1,,,Primera Nacional,2023,zonas,Zona A,Fecha 37,Tres de Febrero,false,https://es.wikipedia.org/wiki/Campeonato_de_Primera_Nacional_2023
2023-10-07,15:30,Tristán Suárez,Brown de Adrogué,2,0,,,Primera Nacional,2023,zonas,Zona B,Fecha 33,20 de Octubre,false,https://es.wikipedia.org/wiki/Campeonato_de_Primera_Nacional_2023
2023-10-07,16:00,Agropecuario,Gimnasia y Esgrima (M),0,0,,,Primera Nacional,2023,zonas,Zona A,Fecha 37,Ofelia Rosenzuaig,false,https://es.wikipedia.org/wiki/Campeonato_de_Primera_Nacional_2023
2023-10-07,16:00,Crucero del Norte,Central Norte (S),1,2,,,Torneo Federal A,2023,zonas,Zona D,Fecha 34,Comandante Andrés Guacurarí,false,https://es.wikipedia.org/wiki/Torneo_Federal_A_2023
2023-10-07,16:30,San Lorenzo,Newell's Old Boys,0,3,,,Copa de la Liga,2023,zonas,Zona B,Fecha 8,Nuevo Gasómetro,false,https://es.wikipedia.org/wiki/Copa_de_la_Liga_Profesional_2023
2023-10-07,18:00,Chaco For Ever,Deportivo Madryn,0,0,,,Primera Nacional,2023,zonas,Zona B,Fecha 33,Juan Alberto García,false,https://es.wikipedia.org/wiki/Campeonato_de_Primera_Nacional_2023
2023-10-07,18:10,Temperley,Deportivo Morón,1,1,,,Primera Nacional,2023,zonas,Zona A,Fecha 37,Alfredo Beranger,false,https://es.wikipedia.org/wiki/Campeonato_de_Primera_Nacional_2023
2023-10-07,19:00,Estudiantes (LP),Godoy Cruz,0,1,,,Copa de la Liga,2023,zonas,Zona B,Fecha 8,Jorge Luis Hirschi,false,https://es.wikipedia.org/wiki/Copa_de_la_Liga_Profesional_2023
2023-10-07,19:00,Lanús,Defensa y Justicia,0,2,,,Copa de la Liga,2023,zonas,Zona B,Fecha 8,Ciudad de Lanús,false,https://es.wikipedia.org/wiki/Copa_de_la_Liga_Profesional_2023
2023-10-07,19:00,Ramón Santamarina,Sol de Mayo (V),3,0,,,Torneo Federal A,2023,zonas,Zona A,Fecha 34,Municipal General San Martín,false,https://es.wikipedia.org/wiki/Torneo_Federal_A_2023
2023-10-07,20:00,Liniers (BB),Círculo Deportivo,0,0,,,Torneo Federal A,2023,zonas,Zona A,Fecha 34,Alejandro Pérez,false,https://es.wikipedia.org/wiki/Torneo_Federal_A_2023
2023-10-07,21:30,Argentinos Juniors,Independiente,0,0,,,Copa de la Liga,2023,zonas,Zona A,Fecha 8,Diego Armando Maradona,false,https://es.wikipedia.org/wiki/Copa_de_la_Liga_Profesional_2023
2023-10-07,21:30,Central Córdoba (SdE),Tigre,1,0,,,Copa de la Liga,2023,zonas,Zona B,Fecha 8,Único Madre de Ciudades,false,https://es.wikipedia.org/wiki/Copa_de_la_Liga_Profesional_2023
2023-10-08,14:30,Instituto,Gimnasia y Esgrima (LP),1,1,,,Copa de la Liga,2023,zonas,Zona A,Fecha 8,Juan Domingo Perón,false,https://es.wikipedia.org/wiki/Copa_de_la_Liga_Profesional_2023
2023-10-08,14:30,Unión,Sarmiento (J),1,0,,,Copa de la Liga,2023,zonas,Zona B,Fecha 8,15 de Abril,false,https://es.wikipedia.org/wiki/Copa_de_la_Liga_Profesional_2023
2023-10-08,15:00,San Martín (T),Almirante Brown,0,0,,,Primera Nacional,2023,zonas,Zona A,Fecha 37,La Ciudadela,false,https://es.wikipedia.org/wiki/Campeonato_de_Primera_Nacional_2023
2023-10-08,15:30,Aldosivi,Deportivo Maipú,1,1,,,Primera Nacional,2023,zonas,Zona B,Fecha 33,José María Minella,false,https://es.wikipedia.org/wiki/Campeonato_de_Primera_Nacional_2023
2023-10-08,15:30,Defensores Unidos,Flandria,0,0,,,Primera Nacional,2023,zonas,Zona A,Fecha 37,Gigante de Villa Fox,false,https://es.wikipedia.org/wiki/Campeonato_de_Primera_Nacional_2023
2023-10-08,15:30,Deportivo Riestra,Ferro Carril Oeste,1,1,,,Primera Nacional,2023,zonas,Zona B,Fecha 33,Guillermo Laza,false,https://es.wikipedia.org/wiki/Campeonato_de_Primera_Nacional_2023
2023-10-08,16:00,Cipolletti,Germinal,2,2,,,Torneo Federal A,2023,zonas,Zona A,Fecha 34,La Visera de Cemento,false,https://es.wikipedia.org/wiki/Torneo_Federal_A_2023
2023-10-08,16:00,Gimnasia y Tiro (S),Sarmiento (R),1,0,,,Torneo Federal A,2023,zonas,Zona D,Fecha 34,El Gigante del Norte,false,https://es.wikipedia.org/wiki/Torneo_Federal_A_2023
2023-10-08,16:00,Villa Mitre,Olimpo,0,0,,,Torneo Federal A,2023,zonas,Zona A,Fecha 34,El Fortín (BB),false,https://es.wikipedia.org/wiki/Torneo_Federal_A_2023
2023-10-08,16:30,Douglas Haig,Defensores de Belgrano (VR),3,0,,,Torneo Federal A,2023,zonas,Zona C,Fecha 34,Miguel Morales,false,https://es.wikipedia.org/wiki/Torneo_Federal_A_2023
2023-10-08,16:30,Gimnasia y Esgrima (CdU),Defensores de Pronunciamiento,1,1,,,Torneo Federal A,2023,zonas,Zona C,Fecha 34,Manuel y Ramón Núñez,false,https://es.wikipedia.org/wiki/Torneo_Federal_A_2023
2023-10-08,16:30,Huracán Las Heras,Ciudad de Bolívar,0,3,,,Torneo Federal A,2023,zonas,Zona B,Fecha 34,General San Martín,false,https://es.wikipedia.org/wiki/Torneo_Federal_A_2023
2023-10-08,16:45,River Plate,Talleres (C),1,0,,,Copa de la Liga,2023,zonas,Zona A,Fecha 8,Monumental,false,https://es.wikipedia.org/wiki/Copa_de_la_Liga_Profesional_2023
2023-10-08,16:50,Chacarita Juniors,Estudiantes (BA),1,1,,,Primera Nacional,2023,zonas,Zona B,Fecha 33,Chacarita Juniors,false,https://es.wikipedia.org/wiki/Campeonato_de_Primera_Nacional_2023
2023-10-08,17:00,Independiente (C),El Linqueño,3,2,,,Torneo Federal A,2023,zonas,Zona C,Fecha 34,Raúl Orlando Lungarzo,false,https://es.wikipedia.org/wiki/Torneo_Federal_A_2023
2023-10-08,17:00,Mitre (SdE),Atlético de Rafaela,2,1,,,Primera Nacional,2023,zonas,Zona B,Fecha 33,Dres. José y Antonio Castiglione,false,https://es.wikipedia.org/wiki/Campeonato_de_Primera_Nacional_2023
2023-10-08,17:00,San Martín (SM),Sportivo Peñarol (C),4,1,,,Torneo Federal A,2023,zonas,Zona B,Fecha 34,Libertador General San Martín,false,https://es.wikipedia.org/wiki/Torneo_Federal_A_2023
2023-10-08,17:00,Unión (S),Sportivo Belgrano,1,2,,,Torneo Federal A,2023,zonas,Zona C,Fecha 34,De la Avenida,false,https://es.wikipedia.org/wiki/Torneo_Federal_A_2023
2023-10-08,18:00,Racing Club,Gimnasia y Esgrima (J),2,0,,,Primera Nacional,2023,zonas,Zona B,Fecha 33,Miguel Sancho,false,https://es.wikipedia.org/wiki/Campeonato_de_Primera_Nacional_2023
2023-10-08,18:30,Boca Unidos,Sol de América (F),1,1,,,Torneo Federal A,2023,zonas,Zona D,Fecha 34,Leoncio Benítez,false,https://es.wikipedia.org/wiki/Torneo_Federal_A_2023
2023-10-08,18:45,Racing Club,Platense,1,2,,,Copa de la Liga,2023,zonas,Zona B,Fecha 8,El Cilindro,false,https://es.wikipedia.org/wiki/Copa_de_la_Liga_Profesional_2023
2023-10-08,19:00,Juventud Antoniana,9 de Julio (R),0,3,,,Torneo Federal A,2023,zonas,Zona D,Fecha 34,Padre Ernesto Martearena,false,https://es.wikipedia.org/wiki/Torneo_Federal_A_2023
2023-10-08,19:30,Atenas (RC),Argentino (MM),2,2,,,Torneo Federal A,2023,zonas,Zona B,Fecha 34,9 de Julio,false,https://es.wikipedia.org/wiki/Torneo_Federal_A_2023
2023-10-08,20:30,Independiente Rivadavia,Villa Dálmine,1,0,,,Primera Nacional,2023,zonas,Zona B,Fecha 33,Bautista Gargantini,false,https://es.wikipedia.org/wiki/Campeonato_de_Primera_Nacional_2023
2023-10-09,15:00,Acassuso,Los Andes,1,1,,,Primera B,2023,zonas,Torneo Clausura,Fecha 17,Armenia,false,https://es.wikipedia.org/wiki/Campeonato_de_Primera_B_2023_(Argentina)
2023-10-09,15:00,Argentino de Merlo,Argentino de Quilmes,1,0,,,Primera B,2023,zonas,Torneo Clausura,Fecha 17,Merlo,false,https://es.wikipedia.org/wiki/Campeonato_de_Primera_B_2023_(Argentina)
2023-10-09,15:00,Cañuelas,Comunicaciones,0,1,,,Primera B,2023,zonas,Torneo Clausura,Fecha 17,Jorge Arin,false,https://es.wikipedia.org/wiki/Campeonato_de_Primera_B_2023_(Argentina)
2023-10-09,15:00,Dock Sud,Deportivo Merlo,1,2,,,Primera B,2023,zonas,Torneo Clausura,Fecha 17,De los Inmigrantes,false,https://es.wikipedia.org/wiki/Campeonato_de_Primera_B_2023_(Argentina)
2023-10-09,15:00,Fénix,Colegiales,1,1,,,Primera B,2023,zonas,Torneo Clausura,Fecha 17,Tres de Febrero,false,https://es.wikipedia.org/wiki/Campeonato_de_Primera_B_2023_(Argentina)
2023-10-09,15:00,Sacachispas,Villa San Carlos,2,1,,,Primera B,2023,zonas,Torneo Clausura,Fecha 17,Beto Larrosa,false,https://es.wikipedia.org/wiki/Campeonato_de_Primera_B_2023_(Argentina)
2023-10-09,15:00,Talleres (RdE),Deportivo Armenio,0,0,,,Primera B,2023,zonas,Torneo Clausura,Fecha 17,Pablo Comelli,false,https://es.wikipedia.org/wiki/Campeonato_de_Primera_B_2023_(Argentina)
2023-10-09,18:00,Arsenal,Banfield,0,0,,,Copa de la Liga,2023,zonas,Zona A,Fecha 8,El Viaducto,false,https://es.wikipedia.org/wiki/Copa_de_la_Liga_Profesional_2023
2023-10-09,18:00,Barracas Central,Colón,2,1,,,Copa de la Liga,2023,zonas,Zona A,Fecha 8,Tomás Adolfo Ducó,false,https://es.wikipedia.org/wiki/Copa_de_la_Liga_Profesional_2023
2023-10-09,20:30,Vélez Sarsfield,Atlético Tucumán,3,1,,,Copa de la Liga,2023,zonas,Zona A,Fecha 8,José Amalfitani,false,https://es.wikipedia.org/wiki/Copa_de_la_Liga_Profesional_2023
2023-10-10,,San Lorenzo,San Martín (SJ),1,0,,,Copa Argentina,2023,eliminacion,,Cuartos,Juan Gilberto Funes,true,https://es.wikipedia.org/wiki/Copa_Argentina_2023
2023-10-10,15:00,Berazategui,Atlas,1,0,,,Primera C,2023,zonas,,Fecha 38,Norman Lee,false,https://es.wikipedia.org/wiki/Campeonato_de_Primera_C_2023_(Argentina)
2023-10-10,15:00,Central Córdoba (R),Excursionistas,0,2,,,Primera C,2023,zonas,,Fecha 38,Gabino Sosa,false,https://es.wikipedia.org/wiki/Campeonato_de_Primera_C_2023_(Argentina)
2023-10-10,15:00,Claypole,Ferrocarril Midland,1,2,,,Primera C,2023,zonas,,Fecha 38,Rodolfo Capocasa,false,https://es.wikipedia.org/wiki/Campeonato_de_Primera_C_2023_(Argentina)
2023-10-10,15:00,Deportivo Español,Puerto Nuevo,4,0,,,Primera C,2023,zonas,,Fecha 38,Nueva España,false,https://es.wikipedia.org/wiki/Campeonato_de_Primera_C_2023_(Argentina)
2023-10-10,15:00,J. J. de Urquiza,San Martín (B),4,0,,,Primera C,2023,zonas,,Fecha 38,Ramón Roque Martín,false,https://es.wikipedia.org/wiki/Campeonato_de_Primera_C_2023_(Argentina)
2023-10-10,15:00,Liniers,Deportivo Laferrere,2,0,,,Primera C,2023,zonas,,Fecha 38,Juan Antonio Arias,false,https://es.wikipedia.org/wiki/Campeonato_de_Primera_C_2023_(Argentina)
2023-10-10,15:00,Luján,Leandro N. Alem,0,1,,,Primera C,2023,zonas,,Fecha 38,El Coliseo de Mitre y Puccini,false,https://es.wikipedia.org/wiki/Campeonato_de_Primera_C_2023_(Argentina)
2023-10-10,15:00,Real Pilar,Victoriano Arenas,3,0,,,Primera C,2023,zonas,,Fecha 38,Carlos Barraza,false,https://es.wikipedia.org/wiki/Campeonato_de_Primera_C_2023_(Argentina)
2023-10-10,15:00,Sportivo Italiano,Yupanqui,3,1,,,Primera C,2023,zonas,,Fecha 38,República de Italia,false,https://es.wikipedia.org/wiki/Campeonato_de_Primera_C_2023_(Argentina)
2023-10-10,20:00,Belgrano,Boca Juniors,4,3,,,Copa de la Liga,2023,zonas,Zona B,Fecha 8,Gigante de Alberdi,false,https://es.wikipedia.org/wiki/Copa_de_la_Liga_Profesional_2023
2023-10-13,15:00,Ciudad de Bolívar,Atenas (RC),0,2,,,Torneo Federal A,2023,zonas,Zona B,Fecha 35,Municipal Eva Perón,false,https://es.wikipedia.org/wiki/Torneo_Federal_A_2023
2023-10-13,20:30,9 de Julio (R),Boca Unidos,2,0,,,Torneo Federal A,2023,zonas,Zona D,Fecha 35,Germán Solterman,false,https://es.wikipedia.org/wiki/Torneo_Federal_A_2023
2023-10-14,15:30,Sol de Mayo (V),Cipolletti,1,2,,,Torneo Federal A,2023,zonas,Zona A,Fecha 35,Sol de Mayo,false,https://es.wikipedia.org/wiki/Torneo_Federal_A_2023
2023-10-14,16:00,Círculo Deportivo,Villa Mitre,1,4,,,Torneo Federal A,2023,zonas,Zona A,Fecha 35,Guillermo Trama,false,https://es.wikipedia.org/wiki/Torneo_Federal_A_2023
2023-10-14,16:00,Sansinena,Liniers (BB),1,0,,,Torneo Federal A,2023,zonas,Zona A,Fecha 35,Luis Molina,false,https://es.wikipedia.org/wiki/Torneo_Federal_A_2023
2023-10-14,16:30,Argentino (MM),Ferro Carril Oeste (GP),3,0,,,Torneo Federal A,2023,zonas,Zona B,Fecha 35,Modesto Marrone,false,https://es.wikipedia.org/wiki/Torneo_Federal_A_2023
2023-10-14,16:30,Sarmiento (R),Crucero del Norte,2,2,,,Torneo Federal A,2023,zonas,Zona D,Fecha 35,Centenario,false,https://es.wikipedia.org/wiki/Torneo_Federal_A_2023
2023-10-14,17:00,Sportivo Peñarol (C),Huracán Las Heras,1,2,,,Torneo Federal A,2023,zonas,Zona B,Fecha 35,Ramón Pablo Rojas,false,https://es.wikipedia.org/wiki/Torneo_Federal_A_2023
2023-10-14,21:00,Juventud Unida Universitario,San Martín (SM),2,0,,,Torneo Federal A,2023,zonas,Zona B,Fecha 35,Juan Gilberto Funes,false,https://es.wikipedia.org/wiki/Torneo_Federal_A_2023
2023-10-15,,Talleres (C),Boca Juniors,1,1,1,4,Copa Argentina,2023,eliminacion,,Cuartos,Malvinas Argentinas,true,https://es.wikipedia.org/wiki/Copa_Argentina_2023
2023-10-15,15:30,Atlético de Rafaela,Chacarita Juniors,1,1,,,Primera Nacional,2023,zonas,Zona B,Fecha 34,Nuevo Monumental,false,https://es.wikipedia.org/wiki/Campeonato_de_Primera_Nacional_2023
2023-10-15,15:30,Brown de Adrogué,Atlanta,2,1,,,Primera Nacional,2023,zonas,Zona B,Fecha 34,Lorenzo Arandilla,false,https://es.wikipedia.org/wiki/Campeonato_de_Primera_Nacional_2023
2023-10-15,15:30,Deportivo Madryn,Mitre (SdE),0,2,,,Primera Nacional,2023,zonas,Zona B,Fecha 34,Abel Sastre,false,https://es.wikipedia.org/wiki/Campeonato_de_Primera_Nacional_2023
2023-10-15,15:30,Deportivo Maipú,Independiente Rivadavia,0,1,,,Primera Nacional,2023,zonas,Zona B,Fecha 34,Omar Higinio Sperdutti,false,https://es.wikipedia.org/wiki/Campeonato_de_Primera_Nacional_2023
2023-10-15,15:30,El Linqueño,Gimnasia y Esgrima (CdU),1,0,,,Torneo Federal A,2023,zonas,Zona C,Fecha 35,Leonardo Costa,false,https://es.wikipedia.org/wiki/Torneo_Federal_A_2023
2023-10-15,15:30,Estudiantes (BA),Tristán Suárez,0,2,,,Primera Nacional,2023,zonas,Zona B,Fecha 34,Ciudad de Caseros,false,https://es.wikipedia.org/wiki/Campeonato_de_Primera_Nacional_2023
2023-10-15,15:30,Ferro Carril Oeste,Aldosivi,0,0,,,Primera Nacional,2023,zonas,Zona B,Fecha 34,Arquitecto Ricardo Etcheverri,false,https://es.wikipedia.org/wiki/Campeonato_de_Primera_Nacional_2023
2023-10-15,15:30,Gimnasia y Esgrima (J),Deportivo Riestra,0,1,,,Primera Nacional,2023,zonas,Zona B,Fecha 34,23 de Agosto,false,https://es.wikipedia.org/wiki/Campeonato_de_Primera_Nacional_2023
2023-10-15,15:30,Quilmes,Racing Club,1,2,,,Primera Nacional,2023,zonas,Zona B,Fecha 34,Centenario Ciudad de Quilmes,false,https://es.wikipedia.org/wiki/Campeonato_de_Primera_Nacional_2023
2023-10-15,15:30,Villa Dálmine,Chaco For Ever,0,1,,,Primera Nacional,2023,zonas,Zona B,Fecha 34,El Coliseo de Mitre y Puccini,false,https://es.wikipedia.org/wiki/Campeonato_de_Primera_Nacional_2023
2023-10-15,16:00,Defensores de Belgrano (VR),Unión (S),2,0,,,Torneo Federal A,2023,zonas,Zona C,Fecha 35,Salomón Boeseldín,false,https://es.wikipedia.org/wiki/Torneo_Federal_A_2023
2023-10-15,16:30,Defensores de Pronunciamiento,Douglas Haig,4,0,,,Torneo Federal A,2023,zonas,Zona C,Fecha 35,Delio Cardozo,false,https://es.wikipedia.org/wiki/Torneo_Federal_A_2023
2023-10-15,16:30,Olimpo,Ramón Santamarina,3,0,,,Torneo Federal A,2023,zonas,Zona A,Fecha 35,Roberto Natalio Carminatti,false,https://es.wikipedia.org/wiki/Torneo_Federal_A_2023
2023-10-15,17:00,San Martín (F),Gimnasia y Tiro (S),3,0,,,Torneo Federal A,2023,zonas,Zona D,Fecha 35,17 de Octubre,false,https://es.wikipedia.org/wiki/Torneo_Federal_A_2023
2023-10-15,18:00,Sportivo Las Parejas,Independiente (C),4,1,,,Torneo Federal A,2023,zonas,Zona C,Fecha 35,4 de Septiembre,false,https://es.wikipedia.org/wiki/Torneo_Federal_A_2023
2023-10-15,18:30,Central Norte (S),Juventud Antoniana,1,3,,,Torneo Federal A,2023,zonas,Zona D,Fecha 35,Padre Ernesto Martearena,false,https://es.wikipedia.org/wiki/Torneo_Federal_A_2023
2023-10-16,15:30,Almirante Brown,Temperley,2,0,,,Primera Nacional,2023,zonas,Zona A,Fecha 38,Fragata Presidente Sarmiento,false,https://es.wikipedia.org/wiki/Campeonato_de_Primera_Nacional_2023
2023-10-16,15:30,Alvarado,Defensores Unidos,4,2,,,Primera Nacional,2023,zonas,Zona A,Fecha 38,José María Minella,false,https://es.wikipedia.org/wiki/Campeonato_de_Primera_Nacional_2023
2023-10-16,15:30,Defensores de Belgrano,San Martín (T),2,1,,,Primera Nacional,2023,zonas,Zona A,Fecha 38,Juan Pasquale,false,https://es.wikipedia.org/wiki/Campeonato_de_Primera_Nacional_2023
2023-10-16,15:30,Deportivo Morón,San Telmo,1,2,,,Primera Nacional,2023,zonas,Zona A,Fecha 38,Nuevo Francisco Urbano,false,https://es.wikipedia.org/wiki/Campeonato_de_Primera_Nacional_2023
2023-10-16,15:30,Estudiantes (RC),Nueva Chicago,1,2,,,Primera Nacional,2023,zonas,Zona A,Fecha 38,Antonio Candini,false,https://es.wikipedia.org/wiki/Campeonato_de_Primera_Nacional_2023
2023-10-16,15:30,Flandria,San Martín (SJ),1,1,,,Primera Nacional,2023,zonas,Zona A,Fecha 38,Carlos V,false,https://es.wikipedia.org/wiki/Campeonato_de_Primera_Nacional_2023
2023-10-16,15:30,Gimnasia y Esgrima (M),Guillermo Brown,5,0,,,Primera Nacional,2023,zonas,Zona A,Fecha 38,Víctor Antonio Legrotaglie,false,https://es.wikipedia.org/wiki/Campeonato_de_Primera_Nacional_2023
2023-10-16,15:30,Güemes (SdE),Almagro,1,0,,,Primera Nacional,2023,zonas,Zona A,Fecha 38,Arturo Miranda,false,https://es.wikipedia.org/wiki/Campeonato_de_Primera_Nacional_2023
2023-10-16,15:30,Patronato,Agropecuario,1,1,,,Primera Nacional,2023,zonas,Zona A,Fecha 38,Presbítero Bartolomé Grella,false,https://es.wikipedia.org/wiki/Campeonato_de_Primera_Nacional_2023
2023-10-16,16:00,Banfield,Atlético Tucumán,0,0,,,Copa de la Liga,2023,zonas,Zona A,Fecha 9,Florencio Sola,false,https://es.wikipedia.org/wiki/Copa_de_la_Liga_Profesional_2023
2023-10-16,18:00,Central Córdoba (SdE),Lanús,0,0,,,Copa de la Liga,2023,zonas,Zona B,Fecha 9,Único Madre de Ciudades,false,https://es.wikipedia.org/wiki/Copa_de_la_Liga_Profesional_2023
2023-10-16,20:00,Defensa y Justicia,Belgrano,0,2,,,Copa de la Liga,2023,zonas,Zona B,Fecha 9,Norberto Tomaghello,false,https://es.wikipedia.org/wiki/Copa_de_la_Liga_Profesional_2023
2023-10-18,19:00,Platense,Estudiantes (LP),2,1,,,Copa de la Liga,2023,zonas,Zona B,Fecha 9,Ciudad de Vicente López,false,https://es.wikipedia.org/wiki/Copa_de_la_Liga_Profesional_2023
2023-10-18,21:00,Independiente,Barracas Central,3,0,,,Copa de la Liga,2023,zonas,Zona A,Fecha 9,Libertadores de América,false,https://es.wikipedia.org/wiki/Copa_de_la_Liga_Profesional_2023
2023-10-19,16:00,Gimnasia y Esgrima (LP),Argentinos Juniors,3,2,,,Copa de la Liga,2023,zonas,Zona A,Fecha 9,Del Bosque,false,https://es.wikipedia.org/wiki/Copa_de_la_Liga_Profesional_2023
2023-10-19,17:00,Godoy Cruz,San Lorenzo,1,0,,,Copa de la Liga,2023,zonas,Zona B,Fecha 9,Malvinas Argentinas,false,https://es.wikipedia.org/wiki/Copa_de_la_Liga_Profesional_2023
2023-10-19,18:30,Colón,River Plate,2,2,,,Copa de la Liga,2023,zonas,Zona A,Fecha 9,Brigadier Estanislao López,false,https://es.wikipedia.org/wiki/Copa_de_la_Liga_Profesional_2023
2023-10-19,20:45,Rosario Central,Vélez Sarsfield,1,1,,,Copa de la Liga,2023,zonas,Zona A,Fecha 9,Gigante de Arroyito,false,https://es.wikipedia.org/wiki/Copa_de_la_Liga_Profesional_2023
2023-10-19,21:00,Sarmiento (J),Racing Club,1,1,,,Copa de la Liga,2023,zonas,Zona B,Fecha 9,Eva Perón,false,https://es.wikipedia.org/wiki/Copa_de_la_Liga_Profesional_2023
2023-10-20,16:45,Tigre,Newell's Old Boys,0,2,,,Copa de la Liga,2023,zonas,Zona B,Fecha 9,Monumental de Victoria,false,https://es.wikipedia.org/wiki/Copa_de_la_Liga_Profesional_2023
2023-10-20,19:00,Huracán,Instituto,1,3,,,Copa de la Liga,2023,zonas,Zona A,Fecha 9,Tomás Adolfo Ducó,false,https://es.wikipedia.org/wiki/Copa_de_la_Liga_Profesional_2023
2023-10-20,19:00,Talleres (C),Arsenal,1,1,,,Copa de la Liga,2023,zonas,Zona A,Fecha 9,Mario Alberto Kempes,false,https://es.wikipedia.org/wiki/Copa_de_la_Liga_Profesional_2023
2023-10-20,21:30,Boca Juniors,Unión,2,1,,,Copa de la Liga,2023,zonas,Zona B,Fecha 9,La Bombonera,false,https://es.wikipedia.org/wiki/Copa_de_la_Liga_Profesional_2023
2023-10-23,19:00,Estudiantes (LP),Sarmiento (J),2,1,,,Copa de la Liga,2023,zonas,Zona B,Fecha 10,Jorge Luis Hirschi,false,https://es.wikipedia.org/wiki/Copa_de_la_Liga_Profesional_2023
2023-10-23,21:00,Vélez Sarsfield,Banfield,0,1,,,Copa de la Liga,2023,zonas,Zona A,Fecha 10,José Amalfitani,false,https://es.wikipedia.org/wiki/Copa_de_la_Liga_Profesional_2023
2023-10-24,16:00,Barracas Central,Gimnasia y Esgrima (LP),1,2,,,Copa de la Liga,2023,zonas,Zona A,Fecha 10,Tomás Adolfo Ducó,false,https://es.wikipedia.org/wiki/Copa_de_la_Liga_Profesional_2023
2023-10-24,17:00,Unión,Defensa y Justicia,0,0,,,Copa de la Liga,2023,zonas,Zona B,Fecha 10,15 de Abril,false,https://es.wikipedia.org/wiki/Copa_de_la_Liga_Profesional_2023
2023-10-24,19:00,Racing Club,Boca Juniors,2,1,,,Copa de la Liga,2023,zonas,Zona B,Fecha 10,El Cilindro,false,https://es.wikipedia.org/wiki/Copa_de_la_Liga_Profesional_2023
2023-10-24,21:30,Argentinos Juniors,Huracán,1,2,,,Copa de la Liga,2023,zonas,Zona A,Fecha 10,Diego Armando Maradona,false,https://es.wikipedia.org/wiki/Copa_de_la_Liga_Profesional_2023
2023-10-24,21:30,Instituto,Rosario Central,0,0,,,Copa de la Liga,2023,zonas,Zona A,Fecha 10,Juan Domingo Perón,false,https://es.wikipedia.org/wiki/Copa_de_la_Liga_Profesional_2023
2023-10-25,16:00,Arsenal,Colón,1,0,,,Copa de la Liga,2023,zonas,Zona A,Fecha 10,El Viaducto,false,https://es.wikipedia.org/wiki/Copa_de_la_Liga_Profesional_2023
2023-10-25,18:30,Atlético Tucumán,Talleres (C),1,0,,,Copa de la Liga,2023,zonas,Zona A,Fecha 10,Monumental José Fierro,false,https://es.wikipedia.org/wiki/Copa_de_la_Liga_Profesional_2023
2023-10-25,18:30,Belgrano,Central Córdoba (SdE),1,1,,,Copa de la Liga,2023,zonas,Zona B,Fecha 10,Gigante de Alberdi,false,https://es.wikipedia.org/wiki/Copa_de_la_Liga_Profesional_2023
2023-10-25,21:00,River Plate,Independiente,3,0,,,Copa de la Liga,2023,zonas,Zona A,Fecha 10,Monumental,false,https://es.wikipedia.org/wiki/Copa_de_la_Liga_Profesional_2023
2023-10-26,18:30,San Lorenzo,Platense,1,1,,,Copa de la Liga,2023,zonas,Zona B,Fecha 10,Nuevo Gasómetro,false,https://es.wikipedia.org/wiki/Copa_de_la_Liga_Profesional_2023
2023-10-26,21:00,Lanús,Tigre,2,1,,,Copa de la Liga,2023,zonas,Zona B,Fecha 10,Ciudad de Lanús,false,https://es.wikipedia.org/wiki/Copa_de_la_Liga_Profesional_2023
2023-10-26,21:00,Newell's Old Boys,Godoy Cruz,0,2,,,Copa de la Liga,2023,zonas,Zona B,Fecha 10,Marcelo Bielsa,false,https://es.wikipedia.org/wiki/Copa_de_la_Liga_Profesional_2023
2023-10-27,,San Martín (T),Deportivo Riestra,0,1,,,Primera Nacional,2023,eliminacion,,Primera fase,Estadio La Ciudadela,false,https://es.wikipedia.org/wiki/Campeonato_de_Primera_Nacional_2023
2023-10-28,,Agropecuario,Ferro Carril Oeste,0,2,,,Primera Nacional,2023,eliminacion,,Primera fase,Estadio Ofelia Rosenzuaig,false,https://es.wikipedia.org/wiki/Campeonato_de_Primera_Nacional_2023
2023-10-28,,Chacarita Juniors,Temperley,1,2,,,Primera Nacional,2023,eliminacion,,Primera fase,Estadio de Chacarita Juniors,false,https://es.wikipedia.org/wiki/Campeonato_de_Primera_Nacional_2023
2023-10-28,,Quilmes,Gimnasia y Esgrima (M),1,0,,,Primera Nacional,2023,eliminacion,,Primera fase,Estadio Centenario Ciudad de Quilmes,false,https://es.wikipedia.org/wiki/Campeonato_de_Primera_Nacional_2023
2023-10-28,19:00,Boca Juniors,Estudiantes (LP),0,0,,,Copa de la Liga,2023,zonas,Zona B,Fecha 11,La Bombonera,false,https://es.wikipedia.org/wiki/Copa_de_la_Liga_Profesional_2023
2023-10-28,21:30,Instituto,Vélez Sarsfield,0,1,,,Copa de la Liga,2023,zonas,Zona A,Fecha 11,Juan Domingo Perón,false,https://es.wikipedia.org/wiki/Copa_de_la_Liga_Profesional_2023
2023-10-29,,Deportivo Maipú,San Martín (SJ),1,0,,,Primera Nacional,2023,eliminacion,,Primera fase,Estadio Omar Higinio Sperdutti,false,https://es.wikipedia.org/wiki/Campeonato_de_Primera_Nacional_2023
2023-10-29,,Estudiantes (RC),Mitre (SdE),1,0,,,Primera Nacional,2023,eliminacion,,Primera fase,Estadio Antonio Candini,false,https://es.wikipedia.org/wiki/Campeonato_de_Primera_Nacional_2023
2023-10-29,14:00,Atenas (RC),Sportivo Peñarol (C),8,2,,,Torneo Federal A,2023,zonas,Zona B,Fecha 36,9 de Julio,false,https://es.wikipedia.org/wiki/Torneo_Federal_A_2023
2023-10-29,14:00,Colón,Atlético Tucumán,1,0,,,Copa de la Liga,2023,zonas,Zona A,Fecha 11,Brigadier Estanislao López,false,https://es.wikipedia.org/wiki/Copa_de_la_Liga_Profesional_2023
2023-10-29,14:00,Huracán Las Heras,Juventud Unida Universitario,1,1,,,Torneo Federal A,2023,zonas,Zona B,Fecha 36,General San Martín,false,https://es.wikipedia.org/wiki/Torneo_Federal_A_2023
2023-10-29,15:00,Germinal,Sol de Mayo (V),1,2,,,Torneo Federal A,2023,zonas,Zona A,Fecha 36,El Fortín (R),false,https://es.wikipedia.org/wiki/Torneo_Federal_A_2023
2023-10-29,16:30,Rosario Central,Argentinos Juniors,3,1,,,Copa de la Liga,2023,zonas,Zona A,Fecha 11,Gigante de Arroyito,false,https://es.wikipedia.org/wiki/Copa_de_la_Liga_Profesional_2023
2023-10-29,17:00,Boca Unidos,Central Norte (S),1,0,,,Torneo Federal A,2023,zonas,Zona D,Fecha 36,Leoncio Benítez,false,https://es.wikipedia.org/wiki/Torneo_Federal_A_2023
2023-10-29,17:00,Cipolletti,Olimpo,0,0,,,Torneo Federal A,2023,zonas,Zona A,Fecha 36,La Visera de Cemento,false,https://es.wikipedia.org/wiki/Torneo_Federal_A_2023
2023-10-29,17:00,Crucero del Norte,San Martín (F),1,0,,,Torneo Federal A,2023,zonas,Zona D,Fecha 36,Comandante Andrés Guacurarí,false,https://es.wikipedia.org/wiki/Torneo_Federal_A_2023
2023-10-29,17:00,Douglas Haig,El Linqueño,0,0,,,Torneo Federal A,2023,zonas,Zona C,Fecha 36,Miguel Morales,false,https://es.wikipedia.org/wiki/Torneo_Federal_A_2023
2023-10-29,17:00,Ferro Carril Oeste (GP),Ciudad de Bolívar,0,0,,,Torneo Federal A,2023,zonas,Zona B,Fecha 36,El Coloso del Barrio Talleres,false,https://es.wikipedia.org/wiki/Torneo_Federal_A_2023
2023-10-29,17:00,Gimnasia y Esgrima (CdU),Sportivo Las Parejas,1,2,,,Torneo Federal A,2023,zonas,Zona C,Fecha 36,Manuel y Ramón Núñez,false,https://es.wikipedia.org/wiki/Torneo_Federal_A_2023
2023-10-29,17:00,Juventud Antoniana,Sarmiento (R),0,0,,,Torneo Federal A,2023,zonas,Zona D,Fecha 36,Padre Ernesto Martearena,false,https://es.wikipedia.org/wiki/Torneo_Federal_A_2023
2023-10-29,17:00,Ramón Santamarina,Círculo Deportivo,3,0,,,Torneo Federal A,2023,zonas,Zona A,Fecha 36,Municipal General San Martín,false,https://es.wikipedia.org/wiki/Torneo_Federal_A_2023
2023-10-29,17:00,Sol de América (F),9 de Julio (R),2,0,,,Torneo Federal A,2023,zonas,Zona D,Fecha 36,Sol de América,false,https://es.wikipedia.org/wiki/Torneo_Federal_A_2023
2023-10-29,17:00,Sportivo Belgrano,Defensores de Belgrano (VR),0,3,,,Torneo Federal A,2023,zonas,Zona C,Fecha 36,Oscar Carlos Boero,false,https://es.wikipedia.org/wiki/Torneo_Federal_A_2023
2023-10-29,17:00,Sportivo Estudiantes (SL),Argentino (MM),0,2,,,Torneo Federal A,2023,zonas,Zona B,Fecha 36,Héctor Odicino y Pedro Benoza,false,https://es.wikipedia.org/wiki/Torneo_Federal_A_2023
2023-10-29,17:00,Unión (S),Defensores de Pronunciamiento,1,0,,,Torneo Federal A,2023,zonas,Zona C,Fecha 36,De la Avenida,false,https://es.wikipedia.org/wiki/Torneo_Federal_A_2023
2023-10-29,17:00,Villa Mitre,Sansinena,4,0,,,Torneo Federal A,2023,zonas,Zona A,Fecha 36,El Fortín (BB),false,https://es.wikipedia.org/wiki/Torneo_Federal_A_2023
2023-10-29,17:30,Gimnasia y Esgrima (LP),River Plate,1,2,,,Copa de la Liga,2023,zonas,Zona A,Fecha 11,Del Bosque,false,https://es.wikipedia.org/wiki/Copa_de_la_Liga_Profesional_2023
2023-10-29,21:00,Independiente,Arsenal,0,0,,,Copa de la Liga,2023,zonas,Zona A,Fecha 11,Libertadores de América,false,https://es.wikipedia.org/wiki/Copa_de_la_Liga_Profesional_2023
2023-10-30,,Atlético de Rafaela,Defensores de Belgrano,1,0,,,Primera Nacional,2023,eliminacion,,Primera fase,Estadio Nuevo Monumental,false,https://es.wikipedia.org/wiki/Campeonato_de_Primera_Nacional_2023
2023-10-30,16:00,Talleres (C),Banfield,0,0,,,Copa de la Liga,2023,zonas,Zona A,Fecha 11,Mario Alberto Kempes,false,https://es.wikipedia.org/wiki/Copa_de_la_Liga_Profesional_2023
2023-10-30,18:30,Lanús,Belgrano,2,0,,,Copa de la Liga,2023,zonas,Zona B,Fecha 11,Ciudad de Lanús,false,https://es.wikipedia.org/wiki/Copa_de_la_Liga_Profesional_2023
2023-10-30,19:00,Sarmiento (J),San Lorenzo,0,0,,,Copa de la Liga,2023,zonas,Zona B,Fecha 11,Eva Perón,false,https://es.wikipedia.org/wiki/Copa_de_la_Liga_Profesional_2023
2023-10-30,21:00,Huracán,Barracas Central,0,0,,,Copa de la Liga,2023,zonas,Zona A,Fecha 11,Tomás Adolfo Ducó,false,https://es.wikipedia.org/wiki/Copa_de_la_Liga_Profesional_2023
2023-10-30,21:15,Platense,Newell's Old Boys,0,0,,,Copa de la Liga,2023,zonas,Zona B,Fecha 11,Ciudad de Vicente López,false,https://es.wikipedia.org/wiki/Copa_de_la_Liga_Profesional_2023
2023-10-31,19:00,Tigre,Godoy Cruz,1,0,,,Copa de la Liga,2023,zonas,Zona B,Fecha 11,Monumental de Victoria,false,https://es.wikipedia.org/wiki/Copa_de_la_Liga_Profesional_2023
2023-10-31,21:00,Central Córdoba (SdE),Unión,2,0,,,Copa de la Liga,2023,zonas,Zona B,Fecha 11,Único Madre de Ciudades,false,https://es.wikipedia.org/wiki/Copa_de_la_Liga_Profesional_2023
2023-11-01,20:00,Defensa y Justicia,Racing Club,2,2,,,Copa de la Liga,2023,zonas,Zona B,Fecha 11,Norberto Tomaghello,false,https://es.wikipedia.org/wiki/Copa_de_la_Liga_Profesional_2023
2023-11-03,19:00,Arsenal,Gimnasia y Esgrima (LP),0,0,,,Copa de la Liga,2023,zonas,Zona A,Fecha 12,El Viaducto,false,https://es.wikipedia.org/wiki/Copa_de_la_Liga_Profesional_2023
2023-11-03,21:00,River Plate,Huracán,1,2,,,Copa de la Liga,2023,zonas,Zona A,Fecha 12,Monumental,false,https://es.wikipedia.org/wiki/Copa_de_la_Liga_Profesional_2023
2023-11-04,15:00,Argentinos Juniors,Instituto,1,2,,,Copa de la Liga,2023,zonas,Zona A,Fecha 12,Diego Armando Maradona,false,https://es.wikipedia.org/wiki/Copa_de_la_Liga_Profesional_2023
2023-11-04,20:00,Villa Mitre,Boca Unidos,1,0,,,Torneo Federal A,2023,zonas,Primera ronda,,El Fortín (BB),false,https://es.wikipedia.org/wiki/Torneo_Federal_A_2023
2023-11-04,21:00,Atlético Tucumán,Independiente,1,2,,,Copa de la Liga,2023,zonas,Zona A,Fecha 12,Monumental José Fierro,false,https://es.wikipedia.org/wiki/Copa_de_la_Liga_Profesional_2023
2023-11-05,,Ferro Carril Oeste,Almirante Brown,1,1,,,Primera Nacional,2023,eliminacion,,Segunda fase,Estadio Arquitecto Ricardo Echeverri,false,https://es.wikipedia.org/wiki/Campeonato_de_Primera_Nacional_2023
2023-11-05,,Temperley,Deportivo Maipú,2,1,,,Primera Nacional,2023,eliminacion,,Segunda fase,Estadio Alfredo Beranger,false,https://es.wikipedia.org/wiki/Campeonato_de_Primera_Nacional_2023
2023-11-05,15:00,Ciudad de Bolívar,Sol de América (F),3,1,,,Torneo Federal A,2023,zonas,Primera ronda,,Municipal Eva Perón,false,https://es.wikipedia.org/wiki/Torneo_Federal_A_2023
2023-11-05,16:00,Argentino (MM),Cipolletti,4,0,,,Torneo Federal A,2023,zonas,Primera ronda,,Modesto Marrone,false,https://es.wikipedia.org/wiki/Torneo_Federal_A_2023
2023-11-05,16:00,Gimnasia y Tiro (S),Sportivo Belgrano,2,0,,,Torneo Federal A,2023,zonas,Primera ronda,,El Gigante del Norte,false,https://es.wikipedia.org/wiki/Torneo_Federal_A_2023
2023-11-05,16:00,Vélez Sarsfield,Talleres (C),1,1,,,Copa de la Liga,2023,zonas,Zona A,Fecha 12,José Amalfitani,false,https://es.wikipedia.org/wiki/Copa_de_la_Liga_Profesional_2023
2023-11-05,16:30,Olimpo,Atenas (RC),2,0,,,Torneo Federal A,2023,zonas,Primera ronda,,Roberto N. Carminatti,false,https://es.wikipedia.org/wiki/Torneo_Federal_A_2023
2023-11-05,16:30,Unión,Lanús,0,0,,,Copa de la Liga,2023,zonas,Zona B,Fecha 12,15 de Abril,false,https://es.wikipedia.org/wiki/Copa_de_la_Liga_Profesional_2023
2023-11-05,17:00,Douglas Haig,Ramón Santamarina,0,0,,,Torneo Federal A,2023,zonas,Primera ronda,,Miguel Morales,false,https://es.wikipedia.org/wiki/Torneo_Federal_A_2023
2023-11-05,17:00,Independiente (C),Juventud Unida Universitario,1,1,,,Torneo Federal A,2023,zonas,Primera ronda,,Raúl Orlando Lungarzo,false,https://es.wikipedia.org/wiki/Torneo_Federal_A_2023
2023-11-05,18:00,Central Norte (S),Sportivo Las Parejas,3,1,,,Torneo Federal A,2023,zonas,Primera ronda,,Padre Ernesto Martearena,false,https://es.wikipedia.org/wiki/Torneo_Federal_A_2023
2023-11-05,18:30,Racing Club,Central Córdoba (SdE),1,1,,,Copa de la Liga,2023,zonas,Zona B,Fecha 12,El Cilindro,false,https://es.wikipedia.org/wiki/Copa_de_la_Liga_Profesional_2023
2023-11-05,20:30,Estudiantes (LP),Defensa y Justicia,2,1,,,Copa de la Liga,2023,zonas,Zona B,Fecha 12,Jorge Luis Hirschi,false,https://es.wikipedia.org/wiki/Copa_de_la_Liga_Profesional_2023
2023-11-05,21:00,Newell's Old Boys,Sarmiento (J),0,1,,,Copa de la Liga,2023,zonas,Zona B,Fecha 12,Marcelo Bielsa,false,https://es.wikipedia.org/wiki/Copa_de_la_Liga_Profesional_2023
2023-11-06,18:30,Barracas Central,Rosario Central,1,1,,,Copa de la Liga,2023,zonas,Zona A,Fecha 12,Tomás Adolfo Ducó,false,https://es.wikipedia.org/wiki/Copa_de_la_Liga_Profesional_2023
2023-11-06,18:30,Godoy Cruz,Platense,2,0,,,Copa de la Liga,2023,zonas,Zona B,Fecha 12,Malvinas Argentinas,false,https://es.wikipedia.org/wiki/Copa_de_la_Liga_Profesional_2023
2023-11-06,21:00,Banfield,Colón,2,1,,,Copa de la Liga,2023,zonas,Zona A,Fecha 12,Florencio Sola,false,https://es.wikipedia.org/wiki/Copa_de_la_Liga_Profesional_2023
2023-11-06,21:00,Belgrano,Tigre,0,3,,,Copa de la Liga,2023,zonas,Zona B,Fecha 12,Gigante de Alberdi,false,https://es.wikipedia.org/wiki/Copa_de_la_Liga_Profesional_2023
2023-11-07,,Deportivo Riestra,Quilmes,1,1,,,Primera Nacional,2023,eliminacion,,Segunda fase,Estadio Guillermo Laza,false,https://es.wikipedia.org/wiki/Campeonato_de_Primera_Nacional_2023
2023-11-08,,Atlético de Rafaela,Estudiantes (RC),0,0,,,Primera Nacional,2023,eliminacion,,Segunda fase,Estadio Nuevo Monumental,false,https://es.wikipedia.org/wiki/Campeonato_de_Primera_Nacional_2023
2023-11-08,19:00,San Lorenzo,Boca Juniors,1,1,,,Copa de la Liga,2023,zonas,Zona B,Fecha 12,Nuevo Gasómetro,false,https://es.wikipedia.org/wiki/Copa_de_la_Liga_Profesional_2023
2023-11-10,19:00,Central Córdoba (SdE),Estudiantes (LP),0,1,,,Copa de la Liga,2023,zonas,Zona B,Fecha 13,Único Madre de Ciudades,false,https://es.wikipedia.org/wiki/Copa_de_la_Liga_Profesional_2023
2023-11-10,21:00,Gimnasia y Esgrima (LP),Atlético Tucumán,1,2,,,Copa de la Liga,2023,zonas,Zona A,Fecha 13,Del Bosque,false,https://es.wikipedia.org/wiki/Copa_de_la_Liga_Profesional_2023
2023-11-11,,Almirante Brown,Ferro Carril Oeste,0,0,,,Primera Nacional,2023,eliminacion,,Segunda fase,Estadio Fragata Presidente Sarmiento,false,https://es.wikipedia.org/wiki/Campeonato_de_Primera_Nacional_2023
2023-11-11,16:00,Argentinos Juniors,Vélez Sarsfield,1,1,,,Copa de la Liga,2023,zonas,Zona A,Fecha 13,Diego Armando Maradona,false,https://es.wikipedia.org/wiki/Copa_de_la_Liga_Profesional_2023
2023-11-11,18:30,Rosario Central,River Plate,3,1,,,Copa de la Liga,2023,zonas,Zona A,Fecha 13,Gigante de Arroyito,false,https://es.wikipedia.org/wiki/Copa_de_la_Liga_Profesional_2023
2023-11-11,20:00,Lanús,Racing Club,0,2,,,Copa de la Liga,2023,zonas,Zona B,Fecha 13,Ciudad de Lanús,false,https://es.wikipedia.org/wiki/Copa_de_la_Liga_Profesional_2023
2023-11-11,21:00,Huracán,Arsenal,1,0,,,Copa de la Liga,2023,zonas,Zona A,Fecha 13,Tomás Adolfo Ducó,false,https://es.wikipedia.org/wiki/Copa_de_la_Liga_Profesional_2023
2023-11-12,,Deportivo Maipú,Temperley,2,0,,,Primera Nacional,2023,eliminacion,,Segunda fase,Estadio Omar Higinio Sperdutti,false,https://es.wikipedia.org/wiki/Campeonato_de_Primera_Nacional_2023
2023-11-12,14:30,Colón,Talleres (C),3,0,,,Copa de la Liga,2023,zonas,Zona A,Fecha 13,Brigadier Estanislao López,false,https://es.wikipedia.org/wiki/Copa_de_la_Liga_Profesional_2023
2023-11-12,14:30,Defensa y Justicia,San Lorenzo,0,1,,,Copa de la Liga,2023,zonas,Zona B,Fecha 13,Norberto Tomaghello,false,https://es.wikipedia.org/wiki/Copa_de_la_Liga_Profesional_2023
2023-11-12,15:00,Ciudad de Bolívar,Argentino (MM),1,1,,,Torneo Federal A,2023,zonas,Segunda ronda,,Municipal Eva Perón,false,https://es.wikipedia.org/wiki/Torneo_Federal_A_2023
2023-11-12,16:00,Gimnasia y Tiro (S),Villa Mitre,1,0,,,Torneo Federal A,2023,zonas,Segunda ronda,,El Gigante del Norte,false,https://es.wikipedia.org/wiki/Torneo_Federal_A_2023
2023-11-12,16:30,Olimpo,Independiente (C),1,0,,,Torneo Federal A,2023,zonas,Segunda ronda,,Roberto N. Carminatti,false,https://es.wikipedia.org/wiki/Torneo_Federal_A_2023
2023-11-12,16:45,Boca Juniors,Newell's Old Boys,1,0,,,Copa de la Liga,2023,zonas,Zona B,Fecha 13,La Bombonera,false,https://es.wikipedia.org/wiki/Copa_de_la_Liga_Profesional_2023
2023-11-12,16:45,Tigre,Platense,1,1,,,Copa de la Liga,2023,zonas,Zona B,Fecha 13,Monumental de Victoria,false,https://es.wikipedia.org/wiki/Copa_de_la_Liga_Profesional_2023
2023-11-12,17:00,Douglas Haig,Central Norte (S),5,0,,,Torneo Federal A,2023,zonas,Segunda ronda,,Miguel Morales,false,https://es.wikipedia.org/wiki/Torneo_Federal_A_2023
2023-11-12,19:00,Belgrano,Unión,4,1,,,Copa de la Liga,2023,zonas,Zona B,Fecha 13,Gigante de Alberdi,false,https://es.wikipedia.org/wiki/Copa_de_la_Liga_Profesional_2023
2023-11-12,19:00,Independiente,Banfield,0,0,,,Copa de la Liga,2023,zonas,Zona A,Fecha 13,Libertadores de América,false,https://es.wikipedia.org/wiki/Copa_de_la_Liga_Profesional_2023
2023-11-13,,Estudiantes (RC),Atlético de Rafaela,0,0,,,Primera Nacional,2023,eliminacion,,Segunda fase,Estadio Antonio Candini,false,https://es.wikipedia.org/wiki/Campeonato_de_Primera_Nacional_2023
2023-11-13,,Quilmes,Deportivo Riestra,0,1,,,Primera Nacional,2023,eliminacion,,Segunda fase,Estadio Centenario Ciudad de Quilmes,false,https://es.wikipedia.org/wiki/Campeonato_de_Primera_Nacional_2023
2023-11-13,19:00,Sarmiento (J),Godoy Cruz,0,0,,,Copa de la Liga,2023,zonas,Zona B,Fecha 13,Eva Perón,false,https://es.wikipedia.org/wiki/Copa_de_la_Liga_Profesional_2023
2023-11-13,21:00,Instituto,Barracas Central,0,0,,,Copa de la Liga,2023,zonas,Zona A,Fecha 13,Juan Domingo Perón,false,https://es.wikipedia.org/wiki/Copa_de_la_Liga_Profesional_2023
2023-11-20,,Deportivo Riestra,Almirante Brown,2,0,,,Primera Nacional,2023,eliminacion,,Semifinales,Estadio Guillermo Laza,false,https://es.wikipedia.org/wiki/Campeonato_de_Primera_Nacional_2023
2023-11-22,,Estudiantes (RC),Deportivo Maipú,0,0,,,Primera Nacional,2023,eliminacion,,Semifinales,Estadio Antonio Candini,false,https://es.wikipedia.org/wiki/Campeonato_de_Primera_Nacional_2023
2023-11-23,,Defensa y Justicia,San Lorenzo,1,0,,,Copa Argentina,2023,eliminacion,,Semifinales,Ciudad de Lanús,true,https://es.wikipedia.org/wiki/Copa_Argentina_2023
2023-11-25,18:00,Banfield,Gimnasia y Esgrima (LP),2,0,,,Copa de la Liga,2023,zonas,Zona A,Fecha 14,Florencio Sola,false,https://es.wikipedia.org/wiki/Copa_de_la_Liga_Profesional_2023
2023-11-25,18:00,Platense,Sarmiento (J),1,0,,,Copa de la Liga,2023,zonas,Zona B,Fecha 14,Ciudad de Vicente López,false,https://es.wikipedia.org/wiki/Copa_de_la_Liga_Profesional_2023
2023-11-25,18:00,Unión,Tigre,1,0,,,Copa de la Liga,2023,zonas,Zona B,Fecha 14,15 de Abril,false,https://es.wikipedia.org/wiki/Copa_de_la_Liga_Profesional_2023
2023-11-25,18:00,Vélez Sarsfield,Colón,3,1,,,Copa de la Liga,2023,zonas,Zona A,Fecha 14,José Amalfitani,false,https://es.wikipedia.org/wiki/Copa_de_la_Liga_Profesional_2023
2023-11-26,,Almirante Brown,Deportivo Riestra,0,2,,,Primera Nacional,2023,eliminacion,,Semifinales,Estadio Fragata Presidente Sarmiento,false,https://es.wikipedia.org/wiki/Campeonato_de_Primera_Nacional_2023
2023-11-26,,Deportivo Maipú,Estudiantes (RC),1,1,,,Primera Nacional,2023,eliminacion,,Semifinales,Estadio Omar Higinio Sperdutti,false,https://es.wikipedia.org/wiki/Campeonato_de_Primera_Nacional_2023
2023-11-26,17:00,Douglas Haig,Ciudad de Bolívar,2,1,,,Torneo Federal A,2023,zonas,Tercera ronda,,Miguel Morales,false,https://es.wikipedia.org/wiki/Torneo_Federal_A_2023
2023-11-26,17:00,Olimpo,Gimnasia y Tiro (S),0,1,,,Torneo Federal A,2023,zonas,Tercera ronda,,Roberto N. Carminatti,false,https://es.wikipedia.org/wiki/Torneo_Federal_A_2023
2023-11-26,18:00,Arsenal,Rosario Central,1,2,,,Copa de la Liga,2023,zonas,Zona A,Fecha 14,El Viaducto,false,https://es.wikipedia.org/wiki/Copa_de_la_Liga_Profesional_2023
2023-11-26,18:00,Atlético Tucumán,Huracán,0,2,,,Copa de la Liga,2023,zonas,Zona A,Fecha 14,Monumental José Fierro,false,https://es.wikipedia.org/wiki/Copa_de_la_Liga_Profesional_2023
2023-11-26,18:00,River Plate,Instituto,0,0,,,Copa de la Liga,2023,zonas,Zona A,Fecha 14,Libertadores de América,false,https://es.wikipedia.org/wiki/Copa_de_la_Liga_Profesional_2023
2023-11-26,18:00,Talleres (C),Independiente,3,2,,,Copa de la Liga,2023,zonas,Zona A,Fecha 14,Mario Alberto Kempes,false,https://es.wikipedia.org/wiki/Copa_de_la_Liga_Profesional_2023
2023-11-26,21:30,Godoy Cruz,Boca Juniors,1,2,,,Copa de la Liga,2023,zonas,Zona B,Fecha 14,Malvinas Argentinas,false,https://es.wikipedia.org/wiki/Copa_de_la_Liga_Profesional_2023
2023-11-27,19:00,Estudiantes (LP),Lanús,1,1,,,Copa de la Liga,2023,zonas,Zona B,Fecha 14,Jorge Luis Hirschi,false,https://es.wikipedia.org/wiki/Copa_de_la_Liga_Profesional_2023
2023-11-27,19:00,San Lorenzo,Central Córdoba (SdE),2,0,,,Copa de la Liga,2023,zonas,Zona B,Fecha 14,Nuevo Gasómetro,false,https://es.wikipedia.org/wiki/Copa_de_la_Liga_Profesional_2023
2023-11-27,21:30,Newell's Old Boys,Defensa y Justicia,3,0,,,Copa de la Liga,2023,zonas,Zona B,Fecha 14,Marcelo Bielsa,false,https://es.wikipedia.org/wiki/Copa_de_la_Liga_Profesional_2023
2023-11-27,21:30,Racing Club,Belgrano,4,1,,,Copa de la Liga,2023,zonas,Zona B,Fecha 14,El Cilindro,false,https://es.wikipedia.org/wiki/Copa_de_la_Liga_Profesional_2023
2023-11-28,19:00,Barracas Central,Argentinos Juniors,1,1,,,Copa de la Liga,2023,zonas,Zona A,Fecha 14,Tomás Adolfo Ducó,false,https://es.wikipedia.org/wiki/Copa_de_la_Liga_Profesional_2023
2023-12-02,,Deportivo Maipú,Deportivo Riestra,0,1,,,Primera Nacional,2023,eliminacion,,Final,Estadio Juan Domingo Perón,false,https://es.wikipedia.org/wiki/Campeonato_de_Primera_Nacional_2023
2023-12-02,,Godoy Cruz,Banfield,0,0,5,3,Copa de la Liga,2023,eliminacion,,Cuartos,Estadio La Pedrera,false,https://es.wikipedia.org/wiki/Copa_de_la_Liga_Profesional_2023
2023-12-02,,Huracán,Platense,1,1,2,4,Copa de la Liga,2023,eliminacion,,Cuartos,Estadio San Juan del Bicentenario,false,https://es.wikipedia.org/wiki/Copa_de_la_Liga_Profesional_2023
2023-12-03,,Racing Club,Rosario Central,2,2,6,7,Copa de la Liga,2023,eliminacion,,Cuartos,Estadio Padre Ernesto Martearena,false,https://es.wikipedia.org/wiki/Copa_de_la_Liga_Profesional_2023
2023-12-03,,River Plate,Belgrano,2,1,,,Copa de la Liga,2023,eliminacion,,Cuartos,Estadio Mario Alberto Kempes,false,https://es.wikipedia.org/wiki/Copa_de_la_Liga_Profesional_2023
2023-12-09,,Platense,Godoy Cruz,1,1,6,5,Copa de la Liga,2023,eliminacion,,Semifinales,Estadio Único de San Nicolás,false,https://es.wikipedia.org/wiki/Copa_de_la_Liga_Profesional_2023
2023-12-09,,Rosario Central,River Plate,0,0,2,0,Copa de la Liga,2023,eliminacion,,Semifinales,Estadio Mario Alberto Kempes,false,https://es.wikipedia.org/wiki/Copa_de_la_Liga_Profesional_2023
2023-12-16,,Platense,Rosario Central,0,1,,,Copa de la Liga,2023,eliminacion,,Final,Estadio Único Madre de Ciudades,false,https://es.wikipedia.org/wiki/Copa_de_la_Liga_Profesional_2023
