date,time,home_team,away_team,home_score,away_score,home_pens,away_pens,tournament,season,phase,group,matchday,venue,neutral,source,status
2026-01-18,,Independiente Rivadavia,Estudiantes (BA),2,0,,,Copa Argentina,2026,eliminacion,,Treintaidosavos,Único La Pedrera,true,https://es.wikipedia.org/wiki/Copa_Argentina_2026,
2026-01-18,,Lanús,Sarmiento (LB),4,1,,,Copa Argentina,2026,eliminacion,,Treintaidosavos,Ciudad de Caseros,true,https://es.wikipedia.org/wiki/Copa_Argentina_2026,
2026-01-19,,Estudiantes (LP),Ituzaingó,4,0,,,Copa Argentina,2026,eliminacion,,Treintaidosavos,Florencio Sola,true,https://es.wikipedia.org/wiki/Copa_Argentina_2026,
2026-01-21,,Argentinos Juniors,Ferrocarril Midland,1,1,5,6,Copa Argentina,2026,eliminacion,,Treintaidosavos,Ciudad de Lanús,true,https://es.wikipedia.org/wiki/Copa_Argentina_2026,
2026-01-22,17:00,Aldosivi,Defensa y Justicia,0,0,,,Primera Division - Apertura,2026,zonas,Interzonal,Fecha 1,José María Minella,false,https://es.wikipedia.org/wiki/Anexo:Torneo_Apertura_2026_(Argentina),
2026-01-22,20:00,Banfield,Huracán,1,1,,,Primera Division - Apertura,2026,zonas,Zona B,Fecha 1,Florencio Sola,false,https://es.wikipedia.org/wiki/Anexo:Torneo_Apertura_2026_(Argentina),
2026-01-22,20:00,Unión,Platense,0,0,,,Primera Division - Apertura,2026,zonas,Zona A,Fecha 1,15 de Abril,false,https://es.wikipedia.org/wiki/Anexo:Torneo_Apertura_2026_(Argentina),
2026-01-22,22:15,Central Córdoba (SdE),Gimnasia y Esgrima (M),0,1,,,Primera Division - Apertura,2026,zonas,Zona A,Fecha 1,Único Madre de Ciudades,false,https://es.wikipedia.org/wiki/Anexo:Torneo_Apertura_2026_(Argentina),
2026-01-22,22:15,Instituto,Vélez Sarsfield,0,1,,,Primera Division - Apertura,2026,zonas,Zona A,Fecha 1,Monumental Presidente Perón,false,https://es.wikipedia.org/wiki/Anexo:Torneo_Apertura_2026_(Argentina),
2026-01-23,19:00,San Lorenzo,Lanús,2,3,,,Primera Division - Apertura,2026,zonas,Zona A,Fecha 1,Nuevo Gasómetro,false,https://es.wikipedia.org/wiki/Anexo:Torneo_Apertura_2026_(Argentina),
2026-01-23,20:00,Independiente,Estudiantes (LP),1,1,,,Primera Division - Apertura,2026,zonas,Zona A,Fecha 1,Libertadores de América,false,https://es.wikipedia.org/wiki/Anexo:Torneo_Apertura_2026_(Argentina),
2026-01-23,22:15,Independiente Rivadavia,Atlético Tucumán,2,1,,,Primera Division - Apertura,2026,zonas,Zona B,Fecha 1,Bautista Gargantini,false,https://es.wikipedia.org/wiki/Anexo:Torneo_Apertura_2026_(Argentina),
2026-01-23,22:15,Talleres (C),Newell's Old Boys,2,1,,,Primera Division - Apertura,2026,zonas,Zona A,Fecha 1,Mario Alberto Kempes,false,https://es.wikipedia.org/wiki/Anexo:Torneo_Apertura_2026_(Argentina),
2026-01-24,17:00,Barracas Central,River Plate,0,1,,,Primera Division - Apertura,2026,zonas,Zona B,Fecha 1,Claudio Chiqui Tapia,false,https://es.wikipedia.org/wiki/Anexo:Torneo_Apertura_2026_(Argentina),
2026-01-24,19:30,Gimnasia y Esgrima (LP),Racing Club,2,1,,,Primera Division - Apertura,2026,zonas,Zona B,Fecha 1,Del Bosque,false,https://es.wikipedia.org/wiki/Anexo:Torneo_Apertura_2026_(Argentina),
2026-01-24,22:00,Rosario Central,Belgrano,1,2,,,Primera Division - Apertura,2026,zonas,Zona B,Fecha 1,Gigante de Arroyito,false,https://es.wikipedia.org/wiki/Anexo:Torneo_Apertura_2026_(Argentina),
2026-01-25,18:30,Boca Juniors,Deportivo Riestra,1,0,,,Primera Division - Apertura,2026,zonas,Zona A,Fecha 1,La Bombonera,false,https://es.wikipedia.org/wiki/Anexo:Torneo_Apertura_2026_(Argentina),
2026-01-25,21:00,Argentinos Juniors,Sarmiento (J),1,0,,,Primera Division - Apertura,2026,zonas,Zona B,Fecha 1,Diego Armando Maradona,false,https://es.wikipedia.org/wiki/Anexo:Torneo_Apertura_2026_(Argentina),
2026-01-25,21:00,Tigre,Estudiantes (RC),2,0,,,Primera Division - Apertura,2026,zonas,Zona B,Fecha 1,Monumental de Victoria,false,https://es.wikipedia.org/wiki/Anexo:Torneo_Apertura_2026_(Argentina),
2026-01-26,17:00,Platense,Instituto,2,1,,,Primera Division - Apertura,2026,zonas,Zona A,Fecha 2,Ciudad de Vicente López,false,https://es.wikipedia.org/wiki/Anexo:Torneo_Apertura_2026_(Argentina),
2026-01-27,17:45,Vélez Sarsfield,Talleres (C),2,1,,,Primera Division - Apertura,2026,zonas,Zona A,Fecha 2,José Amalfitani,false,https://es.wikipedia.org/wiki/Anexo:Torneo_Apertura_2026_(Argentina),
2026-01-27,20:00,Gimnasia y Esgrima (M),San Lorenzo,0,1,,,Primera Division - Apertura,2026,zonas,Zona A,Fecha 2,Víctor Antonio Legrotaglie,false,https://es.wikipedia.org/wiki/Anexo:Torneo_Apertura_2026_(Argentina),
2026-01-27,20:00,Huracán,Independiente Rivadavia,1,2,,,Primera Division - Apertura,2026,zonas,Zona B,Fecha 2,Tomás Adolfo Ducó,false,https://es.wikipedia.org/wiki/Anexo:Torneo_Apertura_2026_(Argentina),
2026-01-27,22:15,Atlético Tucumán,Central Córdoba (SdE),0,0,,,Primera Division - Apertura,2026,zonas,Interzonal,Fecha 2,Monumental José Fierro,false,https://es.wikipedia.org/wiki/Anexo:Torneo_Apertura_2026_(Argentina),
2026-01-27,22:15,Newell's Old Boys,Independiente,1,1,,,Primera Division - Apertura,2026,zonas,Zona A,Fecha 2,Marcelo Bielsa,false,https://es.wikipedia.org/wiki/Anexo:Torneo_Apertura_2026_(Argentina),
2026-01-28,17:00,Aldosivi,Barracas Central,0,0,,,Primera Division - Apertura,2026,zonas,Zona B,Fecha 2,José María Minella,false,https://es.wikipedia.org/wiki/Anexo:Torneo_Apertura_2026_(Argentina),
2026-01-28,19:00,Racing Club,Rosario Central,1,2,,,Primera Division - Apertura,2026,zonas,Zona B,Fecha 2,El Cilindro,false,https://es.wikipedia.org/wiki/Anexo:Torneo_Apertura_2026_(Argentina),
2026-01-28,20:00,River Plate,Gimnasia y Esgrima (LP),2,0,,,Primera Division - Apertura,2026,zonas,Zona B,Fecha 2,Monumental,false,https://es.wikipedia.org/wiki/Anexo:Torneo_Apertura_2026_(Argentina),
2026-01-28,22:15,Estudiantes (LP),Boca Juniors,2,1,,,Primera Division - Apertura,2026,zonas,Zona A,Fecha 2,Jorge Luis Hirschi,false,https://es.wikipedia.org/wiki/Anexo:Torneo_Apertura_2026_(Argentina),
2026-01-29,17:00,Deportivo Riestra,Defensa y Justicia,0,1,,,Primera Division - Apertura,2026,zonas,Zona A,Fecha 2,Guillermo Laza,false,https://es.wikipedia.org/wiki/Anexo:Torneo_Apertura_2026_(Argentina),
2026-01-29,19:15,Belgrano,Tigre,1,1,,,Primera Division - Apertura,2026,zonas,Zona B,Fecha 2,Gigante de Alberdi,false,https://es.wikipedia.org/wiki/Anexo:Torneo_Apertura_2026_(Argentina),
2026-01-29,19:15,Lanús,Unión,2,1,,,Primera Division - Apertura,2026,zonas,Zona A,Fecha 2,Ciudad de Lanús,false,https://es.wikipedia.org/wiki/Anexo:Torneo_Apertura_2026_(Argentina),
2026-01-29,21:30,Estudiantes (RC),Argentinos Juniors,0,0,,,Primera Division - Apertura,2026,zonas,Zona B,Fecha 2,Antonio Candini,false,https://es.wikipedia.org/wiki/Anexo:Torneo_Apertura_2026_(Argentina),
2026-01-29,21:30,Sarmiento (J),Banfield,1,0,,,Primera Division - Apertura,2026,zonas,Zona B,Fecha 2,Eva Perón,false,https://es.wikipedia.org/wiki/Anexo:Torneo_Apertura_2026_(Argentina),
2026-01-31,17:30,San Lorenzo,Central Córdoba (SdE),1,0,,,Primera Division - Apertura,2026,zonas,Zona A,Fecha 3,Nuevo Gasómetro,false,https://es.wikipedia.org/wiki/Anexo:Torneo_Apertura_2026_(Argentina),
2026-01-31,19:45,Independiente,Vélez Sarsfield,1,1,,,Primera Division - Apertura,2026,zonas,Zona A,Fecha 3,Libertadores de América,false,https://es.wikipedia.org/wiki/Anexo:Torneo_Apertura_2026_(Argentina),
2026-01-31,22:00,Atlético Tucumán,Huracán,1,1,,,Primera Division - Apertura,2026,zonas,Zona B,Fecha 3,Monumental José Fierro,false,https://es.wikipedia.org/wiki/Anexo:Torneo_Apertura_2026_(Argentina),
2026-01-31,22:00,Talleres (C),Platense,1,2,,,Primera Division - Apertura,2026,zonas,Zona A,Fecha 3,Mario Alberto Kempes,false,https://es.wikipedia.org/wiki/Anexo:Torneo_Apertura_2026_(Argentina),
2026-02-01,17:00,Barracas Central,Deportivo Riestra,1,1,,,Primera Division - Apertura,2026,zonas,Interzonal,Fecha 3,Claudio Chiqui Tapia,false,https://es.wikipedia.org/wiki/Anexo:Torneo_Apertura_2026_(Argentina),
2026-02-01,19:15,Boca Juniors,Newell's Old Boys,2,0,,,Primera Division - Apertura,2026,zonas,Zona A,Fecha 3,La Bombonera,false,https://es.wikipedia.org/wiki/Anexo:Torneo_Apertura_2026_(Argentina),
2026-02-01,21:30,Rosario Central,River Plate,0,0,,,Primera Division - Apertura,2026,zonas,Zona B,Fecha 3,Gigante de Arroyito,false,https://es.wikipedia.org/wiki/Anexo:Torneo_Apertura_2026_(Argentina),
2026-02-02,17:30,Gimnasia y Esgrima (LP),Aldosivi,3,1,,,Primera Division - Apertura,2026,zonas,Zona B,Fecha 3,Del Bosque,false,https://es.wikipedia.org/wiki/Anexo:Torneo_Apertura_2026_(Argentina),
2026-02-02,19:45,Defensa y Justicia,Estudiantes (LP),0,0,,,Primera Division - Apertura,2026,zonas,Zona A,Fecha 3,Norberto Tomaghello,false,https://es.wikipedia.org/wiki/Anexo:Torneo_Apertura_2026_(Argentina),
2026-02-02,19:45,Tigre,Racing Club,3,1,,,Primera Division - Apertura,2026,zonas,Zona B,Fecha 3,Monumental de Victoria,false,https://es.wikipedia.org/wiki/Anexo:Torneo_Apertura_2026_(Argentina),
2026-02-02,22:00,Argentinos Juniors,Belgrano,0,0,,,Primera Division - Apertura,2026,zonas,Zona B,Fecha 3,Diego Armando Maradona,false,https://es.wikipedia.org/wiki/Anexo:Torneo_Apertura_2026_(Argentina),
2026-02-02,22:00,Unión,Gimnasia y Esgrima (M),4,0,,,Primera Division - Apertura,2026,zonas,Zona A,Fecha 3,15 de Abril,false,https://es.wikipedia.org/wiki/Anexo:Torneo_Apertura_2026_(Argentina),
2026-02-03,19:00,Banfield,Estudiantes (RC),2,1,,,Primera Division - Apertura,2026,zonas,Zona B,Fecha 3,Florencio Sola,false,https://es.wikipedia.org/wiki/Anexo:Torneo_Apertura_2026_(Argentina),
2026-02-03,21:15,Independiente Rivadavia,Sarmiento (J),2,1,,,Primera Division - Apertura,2026,zonas,Zona B,Fecha 3,Bautista Gargantini,false,https://es.wikipedia.org/wiki/Anexo:Torneo_Apertura_2026_(Argentina),
2026-02-03,21:15,Instituto,Lanús,2,2,,,Primera Division - Apertura,2026,zonas,Zona A,Fecha 3,Monumental Presidente Perón,false,https://es.wikipedia.org/wiki/Anexo:Torneo_Apertura_2026_(Argentina),
2026-02-04,,Platense,Argentino (MM),1,0,,,Copa Argentina,2026,eliminacion,,Treintaidosavos,Ciudad de Caseros,true,https://es.wikipedia.org/wiki/Copa_Argentina_2026,
2026-02-04,,Talleres (C),Argentino de Merlo,2,0,,,Copa Argentina,2026,eliminacion,,Treintaidosavos,Marcelo Bielsa,true,https://es.wikipedia.org/wiki/Copa_Argentina_2026,
2026-02-05,,Barracas Central,Temperley,2,2,4,3,Copa Argentina,2026,eliminacion,,Treintaidosavos,Julio Humberto Grondona,true,https://es.wikipedia.org/wiki/Copa_Argentina_2026,
2026-02-05,,Deportivo Riestra,Deportivo Maipú,1,0,,,Copa Argentina,2026,eliminacion,,Treintaidosavos,Ciudad de Caseros,true,https://es.wikipedia.org/wiki/Copa_Argentina_2026,
2026-02-06,21:00,Central Córdoba (SdE),Unión,1,0,,,Primera Division - Apertura,2026,zonas,Zona A,Fecha 4,Único Madre de Ciudades,false,https://es.wikipedia.org/wiki/Anexo:Torneo_Apertura_2026_(Argentina),
2026-02-07,17:00,Aldosivi,Rosario Central,1,1,,,Primera Division - Apertura,2026,zonas,Zona B,Fecha 4,José María Minella,false,https://es.wikipedia.org/wiki/Anexo:Torneo_Apertura_2026_(Argentina),
2026-02-07,18:00,Racing Club,Argentinos Juniors,2,1,,,Primera Division - Apertura,2026,zonas,Zona B,Fecha 4,El Cilindro,false,https://es.wikipedia.org/wiki/Anexo:Torneo_Apertura_2026_(Argentina),
2026-02-07,20:00,River Plate,Tigre,1,4,,,Primera Division - Apertura,2026,zonas,Zona B,Fecha 4,Monumental,false,https://es.wikipedia.org/wiki/Anexo:Torneo_Apertura_2026_(Argentina),
2026-02-07,22:15,Belgrano,Banfield,1,0,,,Primera Division - Apertura,2026,zonas,Zona B,Fecha 4,Gigante de Alberdi,false,https://es.wikipedia.org/wiki/Anexo:Torneo_Apertura_2026_(Argentina),
2026-02-07,22:15,Newell's Old Boys,Defensa y Justicia,2,3,,,Primera Division - Apertura,2026,zonas,Zona A,Fecha 4,Marcelo Bielsa,false,https://es.wikipedia.org/wiki/Anexo:Torneo_Apertura_2026_(Argentina),
2026-02-08,17:00,Platense,Independiente,0,1,,,Primera Division - Apertura,2026,zonas,Zona A,Fecha 4,Ciudad de Vicente López,false,https://es.wikipedia.org/wiki/Anexo:Torneo_Apertura_2026_(Argentina),
2026-02-08,17:00,Sarmiento (J),Atlético Tucumán,2,1,,,Primera Division - Apertura,2026,zonas,Zona B,Fecha 4,Eva Perón,false,https://es.wikipedia.org/wiki/Anexo:Torneo_Apertura_2026_(Argentina),
2026-02-08,19:15,Huracán,San Lorenzo,1,0,,,Primera Division - Apertura,2026,zonas,Interzonal,Fecha 4,Tomás Adolfo Ducó,false,https://es.wikipedia.org/wiki/Anexo:Torneo_Apertura_2026_(Argentina),
2026-02-08,22:15,Gimnasia y Esgrima (M),Instituto,1,0,,,Primera Division - Apertura,2026,zonas,Zona A,Fecha 4,Víctor Antonio Legrotaglie,false,https://es.wikipedia.org/wiki/Anexo:Torneo_Apertura_2026_(Argentina),
2026-02-08,22:15,Vélez Sarsfield,Boca Juniors,2,1,,,Primera Division - Apertura,2026,zonas,Zona A,Fecha 4,José Amalfitani,false,https://es.wikipedia.org/wiki/Anexo:Torneo_Apertura_2026_(Argentina),
2026-02-09,17:00,Barracas Central,Gimnasia y Esgrima (LP),2,0,,,Primera Division - Apertura,2026,zonas,Zona B,Fecha 4,Claudio Chiqui Tapia,false,https://es.wikipedia.org/wiki/Anexo:Torneo_Apertura_2026_(Argentina),
2026-02-09,19:15,Estudiantes (LP),Deportivo Riestra,1,0,,,Primera Division - Apertura,2026,zonas,Zona A,Fecha 4,Jorge Luis Hirschi,false,https://es.wikipedia.org/wiki/Anexo:Torneo_Apertura_2026_(Argentina),
2026-02-09,19:15,Lanús,Talleres (C),1,1,,,Primera Division - Apertura,2026,zonas,Zona A,Fecha 4,Ciudad de Lanús,false,https://es.wikipedia.org/wiki/Anexo:Torneo_Apertura_2026_(Argentina),
2026-02-09,21:30,Estudiantes (RC),Independiente Rivadavia,0,1,,,Primera Division - Apertura,2026,zonas,Zona B,Fecha 4,Antonio Candini,false,https://es.wikipedia.org/wiki/Anexo:Torneo_Apertura_2026_(Argentina),
2026-02-11,,Central Córdoba (SdE),Gimnasia y Esgrima (J),2,2,4,5,Copa Argentina,2026,eliminacion,,Treintaidosavos,Padre Ernesto Martearena,true,https://es.wikipedia.org/wiki/Copa_Argentina_2026,
2026-02-11,,Rosario Central,Sportivo Belgrano,2,0,,,Copa Argentina,2026,eliminacion,,Treintaidosavos,15 de Abril,true,https://es.wikipedia.org/wiki/Copa_Argentina_2026,
2026-02-12,19:00,Tigre,Aldosivi,1,0,,,Primera Division - Apertura,2026,zonas,Zona B,Fecha 5,Monumental de Victoria,false,https://es.wikipedia.org/wiki/Anexo:Torneo_Apertura_2026_(Argentina),
2026-02-12,21:15,Argentinos Juniors,River Plate,1,0,,,Primera Division - Apertura,2026,zonas,Zona B,Fecha 5,Diego Armando Maradona,false,https://es.wikipedia.org/wiki/Anexo:Torneo_Apertura_2026_(Argentina),
2026-02-13,17:00,San Miguel,Central Norte (S),1,0,,,Primera Nacional,2026,zonas,Zona A,Fecha 1,Malvinas Argentinas,false,https://es.wikipedia.org/wiki/Campeonato_de_Primera_Nacional_2026,
2026-02-13,20:00,Independiente,Lanús,2,0,,,Primera Division - Apertura,2026,zonas,Zona A,Fecha 5,Libertadores de América,false,https://es.wikipedia.org/wiki/Anexo:Torneo_Apertura_2026_(Argentina),
2026-02-13,20:00,Ituzaingó,Deportivo Armenio,0,1,,,Primera B,2026,zonas,,Fecha 1,Carlos Sacaan,false,https://es.wikipedia.org/wiki/Campeonato_de_Primera_B_2026_(Argentina),
2026-02-13,21:00,Atlético de Rafaela,Almagro,0,0,,,Primera Nacional,2026,zonas,Zona B,Fecha 1,Nuevo Monumental,false,https://es.wikipedia.org/wiki/Campeonato_de_Primera_Nacional_2026,
2026-02-13,21:30,Godoy Cruz,Ciudad de Bolívar,1,1,,,Primera Nacional,2026,zonas,Zona A,Fecha 1,Feliciano Gambarte,false,https://es.wikipedia.org/wiki/Campeonato_de_Primera_Nacional_2026,
2026-02-13,22:00,Gimnasia y Tiro (S),Colegiales,2,1,,,Primera Nacional,2026,zonas,Zona B,Fecha 1,Gigante del Norte,false,https://es.wikipedia.org/wiki/Campeonato_de_Primera_Nacional_2026,
2026-02-13,22:15,Defensa y Justicia,Vélez Sarsfield,1,1,,,Primera Division - Apertura,2026,zonas,Zona A,Fecha 5,Norberto Tomaghello,false,https://es.wikipedia.org/wiki/Anexo:Torneo_Apertura_2026_(Argentina),
2026-02-13,22:15,Unión,San Lorenzo,0,0,,,Primera Division - Apertura,2026,zonas,Zona A,Fecha 5,15 de Abril,false,https://es.wikipedia.org/wiki/Anexo:Torneo_Apertura_2026_(Argentina),
2026-02-14,17:00,Acassuso,Chaco For Ever,2,0,,,Primera Nacional,2026,zonas,Zona A,Fecha 1,La Quema,false,https://es.wikipedia.org/wiki/Campeonato_de_Primera_Nacional_2026,
2026-02-14,17:00,All Boys,Mitre (SdE),2,1,,,Primera Nacional,2026,zonas,Zona A,Fecha 1,Islas Malvinas,false,https://es.wikipedia.org/wiki/Campeonato_de_Primera_Nacional_2026,
2026-02-14,17:00,Deportivo Camioneros,Villa Dálmine,0,2,,,Primera B,2026,zonas,,Fecha 1,Hugo Moyano,false,https://es.wikipedia.org/wiki/Campeonato_de_Primera_B_2026_(Argentina),
2026-02-14,17:00,Deportivo Morón,Defensores de Belgrano,1,1,,,Primera Nacional,2026,zonas,Zona A,Fecha 1,Nuevo Francisco Urbano,false,https://es.wikipedia.org/wiki/Campeonato_de_Primera_Nacional_2026,
2026-02-14,17:00,Flandria,Brown de Adrogué,3,1,,,Primera B,2026,zonas,,Fecha 1,Carlos V,false,https://es.wikipedia.org/wiki/Campeonato_de_Primera_B_2026_(Argentina),
2026-02-14,17:00,San Martín (B),Real Pilar,1,2,,,Primera B,2026,zonas,,Fecha 1,Francisco Boga,false,https://es.wikipedia.org/wiki/Campeonato_de_Primera_B_2026_(Argentina),
2026-02-14,17:00,San Telmo,Ferro Carril Oeste,0,2,,,Primera Nacional,2026,zonas,Zona A,Fecha 1,Doctor Osvaldo Baletto,false,https://es.wikipedia.org/wiki/Campeonato_de_Primera_Nacional_2026,
2026-02-14,17:00,Villa San Carlos,Liniers,0,1,,,Primera B,2026,zonas,,Fecha 1,Genacio Sálice,false,https://es.wikipedia.org/wiki/Campeonato_de_Primera_B_2026_(Argentina),
2026-02-14,17:30,Banfield,Racing Club,0,2,,,Primera Division - Apertura,2026,zonas,Zona B,Fecha 5,Florencio Sola,false,https://es.wikipedia.org/wiki/Anexo:Torneo_Apertura_2026_(Argentina),
2026-02-14,18:00,Agropecuario,Deportivo Maipú,2,1,,,Primera Nacional,2026,zonas,Zona B,Fecha 1,Ofelia Rosenzuaig,false,https://es.wikipedia.org/wiki/Campeonato_de_Primera_Nacional_2026,
2026-02-14,19:00,Tristán Suárez,Temperley,0,0,,,Primera Nacional,2026,zonas,Zona B,Fecha 1,20 de Octubre,false,https://es.wikipedia.org/wiki/Campeonato_de_Primera_Nacional_2026,
2026-02-14,19:45,Huracán,Sarmiento (J),1,0,,,Primera Division - Apertura,2026,zonas,Zona B,Fecha 5,Tomás Adolfo Ducó,false,https://es.wikipedia.org/wiki/Anexo:Torneo_Apertura_2026_(Argentina),
2026-02-14,19:45,Talleres (C),Gimnasia y Esgrima (M),2,1,,,Primera Division - Apertura,2026,zonas,Zona A,Fecha 5,Mario Alberto Kempes,false,https://es.wikipedia.org/wiki/Anexo:Torneo_Apertura_2026_(Argentina),
2026-02-14,20:00,Colón,Deportivo Madryn,2,1,,,Primera Nacional,2026,zonas,Zona A,Fecha 1,Brigadier General Estanislao López,false,https://es.wikipedia.org/wiki/Campeonato_de_Primera_Nacional_2026,
2026-02-14,22:00,Atlético Tucumán,Estudiantes (RC),4,0,,,Primera Division - Apertura,2026,zonas,Zona B,Fecha 5,Monumental José Fierro,false,https://es.wikipedia.org/wiki/Anexo:Torneo_Apertura_2026_(Argentina),
2026-02-14,22:00,Independiente Rivadavia,Belgrano,0,1,,,Primera Division - Apertura,2026,zonas,Zona B,Fecha 5,Bautista Gargantini,false,https://es.wikipedia.org/wiki/Anexo:Torneo_Apertura_2026_(Argentina),
2026-02-15,17:00,Argentino de Quilmes,Deportivo Laferrere,1,1,,,Primera B,2026,zonas,,Fecha 1,Argentino de Quilmes,false,https://es.wikipedia.org/wiki/Campeonato_de_Primera_B_2026_(Argentina),
2026-02-15,17:00,Chacarita Juniors,San Martín (SJ),1,1,,,Primera Nacional,2026,zonas,Zona B,Fecha 1,Chacarita Juniors,false,https://es.wikipedia.org/wiki/Campeonato_de_Primera_Nacional_2026,
2026-02-15,17:00,Defensores Unidos,Talleres (RdE),0,0,,,Primera B,2026,zonas,,Fecha 1,Mario Losinno,false,https://es.wikipedia.org/wiki/Campeonato_de_Primera_B_2026_(Argentina),
2026-02-15,17:00,Dock Sud,Arsenal,1,1,,,Primera B,2026,zonas,,Fecha 1,De los Inmigrantes,false,https://es.wikipedia.org/wiki/Campeonato_de_Primera_B_2026_(Argentina),
2026-02-15,17:00,Gimnasia y Esgrima (LP),Estudiantes (LP),0,0,,,Primera Division - Apertura,2026,zonas,Interzonal,Fecha 5,Del Bosque,false,https://es.wikipedia.org/wiki/Anexo:Torneo_Apertura_2026_(Argentina),
2026-02-15,17:00,Güemes (SdE),Nueva Chicago,0,1,,,Primera Nacional,2026,zonas,Zona B,Fecha 1,Arturo Miranda,false,https://es.wikipedia.org/wiki/Campeonato_de_Primera_Nacional_2026,
2026-02-15,17:30,Los Andes,Almirante Brown,0,0,,,Primera Nacional,2026,zonas,Zona A,Fecha 1,Eduardo Gallardón,false,https://es.wikipedia.org/wiki/Campeonato_de_Primera_Nacional_2026,
2026-02-15,19:00,Racing (C),Estudiantes (BA),1,0,,,Primera Nacional,2026,zonas,Zona A,Fecha 1,Miguel Sancho,false,https://es.wikipedia.org/wiki/Campeonato_de_Primera_Nacional_2026,
2026-02-15,19:00,San Martín (T),Patronato,0,0,,,Primera Nacional,2026,zonas,Zona B,Fecha 1,La Ciudadela,false,https://es.wikipedia.org/wiki/Campeonato_de_Primera_Nacional_2026,
2026-02-15,19:30,Boca Juniors,Platense,0,0,,,Primera Division - Apertura,2026,zonas,Zona A,Fecha 5,La Bombonera,false,https://es.wikipedia.org/wiki/Anexo:Torneo_Apertura_2026_(Argentina),
2026-02-15,19:30,Sportivo Italiano,UAI Urquiza,0,0,,,Primera B,2026,zonas,,Fecha 1,República de Italia,false,https://es.wikipedia.org/wiki/Campeonato_de_Primera_B_2026_(Argentina),
2026-02-15,20:00,Deportivo Merlo,Excursionistas,1,2,,,Primera B,2026,zonas,,Fecha 1,José Manuel Moreno,false,https://es.wikipedia.org/wiki/Campeonato_de_Primera_B_2026_(Argentina),
2026-02-15,22:00,Instituto,Central Córdoba (SdE),2,0,,,Primera Division - Apertura,2026,zonas,Zona A,Fecha 5,Monumental Presidente Perón,false,https://es.wikipedia.org/wiki/Anexo:Torneo_Apertura_2026_(Argentina),
2026-02-15,22:00,Rosario Central,Barracas Central,2,0,,,Primera Division - Apertura,2026,zonas,Zona B,Fecha 5,Gigante de Arroyito,false,https://es.wikipedia.org/wiki/Anexo:Torneo_Apertura_2026_(Argentina),
2026-02-16,17:00,Atlanta,Quilmes,1,0,,,Primera Nacional,2026,zonas,Zona B,Fecha 1,Don León Kolbowsky,false,https://es.wikipedia.org/wiki/Campeonato_de_Primera_Nacional_2026,
2026-02-16,17:00,Comunicaciones,Argentino de Merlo,1,0,,,Primera B,2026,zonas,,Fecha 1,Alfredo Ramos,false,https://es.wikipedia.org/wiki/Campeonato_de_Primera_B_2026_(Argentina),
2026-02-16,17:00,Gimnasia y Esgrima (J),Ferrocarril Midland,2,1,,,Primera Nacional,2026,zonas,Zona B,Fecha 1,23 de Agosto,false,https://es.wikipedia.org/wiki/Campeonato_de_Primera_Nacional_2026,
2026-02-16,19:00,Deportivo Riestra,Newell's Old Boys,1,1,,,Primera Division - Apertura,2026,zonas,Zona A,Fecha 5,Guillermo Laza,false,https://es.wikipedia.org/wiki/Anexo:Torneo_Apertura_2026_(Argentina),
2026-02-17,,Aldosivi,San Miguel,3,0,,,Copa Argentina,2026,eliminacion,,Treintaidosavos,Norberto Tomaghello,true,https://es.wikipedia.org/wiki/Copa_Argentina_2026,
2026-02-17,,River Plate,Ciudad de Bolívar,1,0,,,Copa Argentina,2026,eliminacion,,Treintaidosavos,Único La Pedrera,true,https://es.wikipedia.org/wiki/Copa_Argentina_2026,
2026-02-17,,Tigre,Claypole,2,0,,,Copa Argentina,2026,eliminacion,,Treintaidosavos,Nuevo Francisco Urbano,true,https://es.wikipedia.org/wiki/Copa_Argentina_2026,
2026-02-20,17:15,Defensa y Justicia,Belgrano,1,1,,,Primera Division - Apertura,2026,zonas,Interzonal,Fecha 6,Norberto Tomaghello,false,https://es.wikipedia.org/wiki/Anexo:Torneo_Apertura_2026_(Argentina),
2026-02-20,17:45,Estudiantes (LP),Sarmiento (J),1,0,,,Primera Division - Apertura,2026,zonas,Interzonal,Fecha 6,Jorge Luis Hirschi,false,https://es.wikipedia.org/wiki/Anexo:Torneo_Apertura_2026_(Argentina),
2026-02-20,19:30,Instituto,Atlético Tucumán,2,1,,,Primera Division - Apertura,2026,zonas,Interzonal,Fecha 6,Monumental Presidente Perón,false,https://es.wikipedia.org/wiki/Anexo:Torneo_Apertura_2026_(Argentina),
2026-02-20,20:00,Boca Juniors,Racing Club,0,0,,,Primera Division - Apertura,2026,zonas,Interzonal,Fecha 6,La Bombonera,false,https://es.wikipedia.org/wiki/Anexo:Torneo_Apertura_2026_(Argentina),
2026-02-20,20:00,Excursionistas,Dock Sud,1,0,,,Primera B,2026,zonas,,Fecha 2,Excursionistas,false,https://es.wikipedia.org/wiki/Campeonato_de_Primera_B_2026_(Argentina),
2026-02-20,22:15,Gimnasia y Esgrima (M),Gimnasia y Esgrima (LP),0,1,,,Primera Division - Apertura,2026,zonas,Interzonal,Fecha 6,Víctor Hugo Legrotaglie,false,https://es.wikipedia.org/wiki/Anexo:Torneo_Apertura_2026_(Argentina),
2026-02-20,22:15,Rosario Central,Talleres (C),0,1,,,Primera Division - Apertura,2026,zonas,Interzonal,Fecha 6,Gigante de Arroyito,false,https://es.wikipedia.org/wiki/Anexo:Torneo_Apertura_2026_(Argentina),
2026-02-21,17:00,Acassuso,Racing (C),3,0,,,Primera Nacional,2026,zonas,Zona A,Fecha 2,La Quema,false,https://es.wikipedia.org/wiki/Campeonato_de_Primera_Nacional_2026,
2026-02-21,17:00,Almagro,San Martín (T),0,1,,,Primera Nacional,2026,zonas,Zona B,Fecha 2,Tres de Febrero,false,https://es.wikipedia.org/wiki/Campeonato_de_Primera_Nacional_2026,
2026-02-21,17:00,Argentino de Merlo,Defensores Unidos,1,0,,,Primera B,2026,zonas,,Fecha 2,Juan Carlos Brieva,false,https://es.wikipedia.org/wiki/Campeonato_de_Primera_B_2026_(Argentina),
2026-02-21,17:00,Argentino de Rosario,Juventud Unida,0,1,,,Primera C,2026,zonas,Zona A,Fecha 1,José Martín Olaeta,false,https://es.wikipedia.org/wiki/Campeonato_de_Primera_C_2026_(Argentina),
2026-02-21,17:00,Arsenal,Comunicaciones,2,0,,,Primera B,2026,zonas,,Fecha 2,Julio Humberto Grondona,false,https://es.wikipedia.org/wiki/Campeonato_de_Primera_B_2026_(Argentina),
2026-02-21,17:00,Atlas,Central Ballester,0,2,,,Primera C,2026,zonas,Zona B,Fecha 1,Ricardo Puga,false,https://es.wikipedia.org/wiki/Campeonato_de_Primera_C_2026_(Argentina),
2026-02-21,17:00,Centro Español,Deportivo Paraguayo,5,1,,,Primera C,2026,zonas,Zona A,Fecha 1,Carlos Sacaan,false,https://es.wikipedia.org/wiki/Campeonato_de_Primera_C_2026_(Argentina),
2026-02-21,17:00,Deportivo Laferrere,Flandria,3,2,,,Primera B,2026,zonas,,Fecha 2,Ciudad de Laferrere,false,https://es.wikipedia.org/wiki/Campeonato_de_Primera_B_2026_(Argentina),
2026-02-21,17:00,J. J. de Urquiza,Mercedes,0,2,,,Primera C,2026,zonas,Zona A,Fecha 1,Ramón Roque Martín,false,https://es.wikipedia.org/wiki/Campeonato_de_Primera_C_2026_(Argentina),
2026-02-21,17:00,Lugano,Sacachispas,3,0,,,Primera C,2026,zonas,Zona A,Fecha 1,José María Moraños,false,https://es.wikipedia.org/wiki/Campeonato_de_Primera_C_2026_(Argentina),
2026-02-21,17:00,Luján,Sportivo Barracas,0,1,,,Primera C,2026,zonas,Zona B,Fecha 1,1.º de Abril,false,https://es.wikipedia.org/wiki/Campeonato_de_Primera_C_2026_(Argentina),
2026-02-21,17:00,Nueva Chicago,Tristán Suárez,0,0,,,Primera Nacional,2026,zonas,Zona B,Fecha 2,Nueva Chicago,false,https://es.wikipedia.org/wiki/Campeonato_de_Primera_Nacional_2026,
2026-02-21,17:00,Platense,Barracas Central,1,0,,,Primera Division - Apertura,2026,zonas,Interzonal,Fecha 6,Ciudad de Vicente López,false,https://es.wikipedia.org/wiki/Anexo:Torneo_Apertura_2026_(Argentina),
2026-02-21,19:00,Deportivo Madryn,Deportivo Morón,1,1,,,Primera Nacional,2026,zonas,Zona A,Fecha 2,Abel Sastre,false,https://es.wikipedia.org/wiki/Campeonato_de_Primera_Nacional_2026,
2026-02-21,19:00,Ferro Carril Oeste,San Miguel,1,1,,,Primera Nacional,2026,zonas,Zona A,Fecha 2,Arquitecto Ricardo Etcheverri,false,https://es.wikipedia.org/wiki/Campeonato_de_Primera_Nacional_2026,
2026-02-21,19:15,Banfield,Newell's Old Boys,3,0,,,Primera Division - Apertura,2026,zonas,Interzonal,Fecha 6,Florencio Sola,false,https://es.wikipedia.org/wiki/Anexo:Torneo_Apertura_2026_(Argentina),
2026-02-21,19:15,Deportivo Riestra,Huracán,0,0,,,Primera Division - Apertura,2026,zonas,Interzonal,Fecha 6,Guillermo Laza,false,https://es.wikipedia.org/wiki/Anexo:Torneo_Apertura_2026_(Argentina),
2026-02-21,19:30,Independiente Rivadavia,Independiente,3,2,,,Primera Division - Apertura,2026,zonas,Interzonal,Fecha 6,Bautista Gargantini,false,https://es.wikipedia.org/wiki/Anexo:Torneo_Apertura_2026_(Argentina),
2026-02-21,20:00,Deportivo Maipú,Atlético de Rafaela,2,1,,,Primera Nacional,2026,zonas,Zona B,Fecha 2,Omar Higinio Sperdutti,false,https://es.wikipedia.org/wiki/Campeonato_de_Primera_Nacional_2026,
2026-02-21,20:00,Patronato,Gimnasia y Tiro (S),1,2,,,Primera Nacional,2026,zonas,Zona B,Fecha 2,Presbítero Bartolomé Grella,false,https://es.wikipedia.org/wiki/Campeonato_de_Primera_Nacional_2026,
2026-02-21,20:00,Quilmes,Ferrocarril Midland,0,0,,,Primera Nacional,2026,zonas,Zona B,Fecha 2,Centenario Ciudad de Quilmes,false,https://es.wikipedia.org/wiki/Campeonato_de_Primera_Nacional_2026,
2026-02-21,20:00,Real Pilar,Sportivo Italiano,1,2,,,Primera B,2026,zonas,,Fecha 2,Carlos Barraza,false,https://es.wikipedia.org/wiki/Campeonato_de_Primera_B_2026_(Argentina),
2026-02-21,20:00,San Martín (SJ),Güemes (SdE),2,1,,,Primera Nacional,2026,zonas,Zona B,Fecha 2,Ingeniero Hilario Sánchez,false,https://es.wikipedia.org/wiki/Campeonato_de_Primera_Nacional_2026,
2026-02-21,21:00,Chaco For Ever,San Telmo,2,2,,,Primera Nacional,2026,zonas,Zona A,Fecha 2,Juan Alberto García,false,https://es.wikipedia.org/wiki/Campeonato_de_Primera_Nacional_2026,
2026-02-21,21:30,Central Córdoba (SdE),Tigre,0,0,,,Primera Division - Apertura,2026,zonas,Interzonal,Fecha 6,Único Madre de Ciudades,false,https://es.wikipedia.org/wiki/Anexo:Torneo_Apertura_2026_(Argentina),
2026-02-22,17:00,Almirante Brown,All Boys,2,1,,,Primera Nacional,2026,zonas,Zona A,Fecha 2,Fragata Presidente Sarmiento,false,https://es.wikipedia.org/wiki/Campeonato_de_Primera_Nacional_2026,
2026-02-22,17:00,Berazategui,Leandro N. Alem,5,1,,,Primera C,2026,zonas,Zona A,Fecha 1,Norman Lee,false,https://es.wikipedia.org/wiki/Campeonato_de_Primera_C_2026_(Argentina),
2026-02-22,17:00,Cañuelas,Claypole,2,1,,,Primera C,2026,zonas,Zona B,Fecha 1,Jorge Arin,false,https://es.wikipedia.org/wiki/Campeonato_de_Primera_C_2026_(Argentina),
2026-02-22,17:00,Chacarita Juniors,Gimnasia y Esgrima (J),3,1,,,Primera Nacional,2026,zonas,Zona B,Fecha 2,Chacarita Juniors,false,https://es.wikipedia.org/wiki/Campeonato_de_Primera_Nacional_2026,
2026-02-22,17:00,Ciudad de Bolívar,Los Andes,1,1,,,Primera Nacional,2026,zonas,Zona A,Fecha 2,Municipal Eva Perón,false,https://es.wikipedia.org/wiki/Campeonato_de_Primera_Nacional_2026,
2026-02-22,17:00,Defensores de Belgrano,Godoy Cruz,1,1,,,Primera Nacional,2026,zonas,Zona A,Fecha 2,Juan Pasquale,false,https://es.wikipedia.org/wiki/Campeonato_de_Primera_Nacional_2026,
2026-02-22,17:00,Estrella del Sur,Defensores de Cambaceres,2,0,,,Primera C,2026,zonas,Zona A,Fecha 1,Ciudad de San Vicente,false,https://es.wikipedia.org/wiki/Campeonato_de_Primera_C_2026_(Argentina),
2026-02-22,17:00,General Lamadrid,Fénix,2,0,,,Primera C,2026,zonas,Zona B,Fecha 1,Enrique Sexto,false,https://es.wikipedia.org/wiki/Campeonato_de_Primera_C_2026_(Argentina),
2026-02-22,17:00,Liniers,San Martín (B),0,0,,,Primera B,2026,zonas,,Fecha 2,Juan Antonio Arias,false,https://es.wikipedia.org/wiki/Campeonato_de_Primera_B_2026_(Argentina),
2026-02-22,17:00,Muñiz,Central Córdoba (R),0,1,,,Primera C,2026,zonas,Zona B,Fecha 1,Ricardo Puga,false,https://es.wikipedia.org/wiki/Campeonato_de_Primera_C_2026_(Argentina),
2026-02-22,17:00,Talleres (RdE),Argentino de Quilmes,1,0,,,Primera B,2026,zonas,,Fecha 2,Pablo Comelli,false,https://es.wikipedia.org/wiki/Campeonato_de_Primera_B_2026_(Argentina),
2026-02-22,17:00,Victoriano Arenas,Puerto Nuevo,0,1,,,Primera C,2026,zonas,Zona A,Fecha 1,Saturnino Moure,false,https://es.wikipedia.org/wiki/Campeonato_de_Primera_C_2026_(Argentina),
2026-02-22,17:00,Villa Dálmine,Deportivo Merlo,0,1,,,Primera B,2026,zonas,,Fecha 2,El Coliseo de Mitre y Puccini,false,https://es.wikipedia.org/wiki/Campeonato_de_Primera_B_2026_(Argentina),
2026-02-22,17:00,Villa San Carlos,Ituzaingó,3,1,,,Primera B,2026,zonas,,Fecha 2,Genacio Sálice,false,https://es.wikipedia.org/wiki/Campeonato_de_Primera_B_2026_(Argentina),
2026-02-22,17:15,San Lorenzo,Estudiantes (RC),2,0,,,Primera Division - Apertura,2026,zonas,Interzonal,Fecha 6,Nuevo Gasómetro,false,https://es.wikipedia.org/wiki/Anexo:Torneo_Apertura_2026_(Argentina),
2026-02-22,18:00,Central Norte (S),Colón,0,0,,,Primera Nacional,2026,zonas,Zona A,Fecha 2,Padre Ernesto Martearena,false,https://es.wikipedia.org/wiki/Campeonato_de_Primera_Nacional_2026,
2026-02-22,19:15,Vélez Sarsfield,River Plate,1,0,,,Primera Division - Apertura,2026,zonas,Interzonal,Fecha 6,José Amalfitani,false,https://es.wikipedia.org/wiki/Anexo:Torneo_Apertura_2026_(Argentina),
2026-02-22,20:00,Brown de Adrogué,Deportivo Armenio,0,0,,,Primera B,2026,zonas,,Fecha 2,Lorenzo Arandilla,false,https://es.wikipedia.org/wiki/Campeonato_de_Primera_B_2026_(Argentina),
2026-02-22,20:00,Colegiales,Atlanta,1,0,,,Primera Nacional,2026,zonas,Zona B,Fecha 2,Libertarios Unidos,false,https://es.wikipedia.org/wiki/Campeonato_de_Primera_Nacional_2026,
2026-02-22,20:00,Temperley,Agropecuario,1,0,,,Primera Nacional,2026,zonas,Zona B,Fecha 2,Alfredo Beranger,false,https://es.wikipedia.org/wiki/Campeonato_de_Primera_Nacional_2026,
2026-02-22,21:30,Unión,Aldosivi,1,0,,,Primera Division - Apertura,2026,zonas,Interzonal,Fecha 6,15 de Abril,false,https://es.wikipedia.org/wiki/Anexo:Torneo_Apertura_2026_(Argentina),
2026-02-23,10:45,Mitre (SdE),Estudiantes (BA),1,0,,,Primera Nacional,2026,zonas,Zona A,Fecha 2,Doctores José y Antonio Castiglione,false,https://es.wikipedia.org/wiki/Campeonato_de_Primera_Nacional_2026,
2026-02-23,17:00,Deportivo Español,Yupanqui,1,2,,,Primera C,2026,zonas,Zona B,Fecha 1,Nueva España,false,https://es.wikipedia.org/wiki/Campeonato_de_Primera_C_2026_(Argentina),
2026-02-23,17:00,UAI Urquiza,Deportivo Camioneros,0,0,,,Primera B,2026,zonas,,Fecha 2,Monumental de Villa Lynch,false,https://es.wikipedia.org/wiki/Campeonato_de_Primera_B_2026_(Argentina),
2026-02-24,,Boca Juniors,Gimnasia y Esgrima (C),2,0,,,Copa Argentina,2026,eliminacion,,Treintaidosavos,Padre Ernesto Martearena,true,https://es.wikipedia.org/wiki/Copa_Argentina_2026,
2026-02-24,17:00,Platense,Defensa y Justicia,0,0,,,Primera Division - Apertura,2026,zonas,Zona A,Fecha 7,Ciudad de Vicente López,false,https://es.wikipedia.org/wiki/Anexo:Torneo_Apertura_2026_(Argentina),
2026-02-24,19:15,San Lorenzo,Instituto,1,1,,,Primera Division - Apertura,2026,zonas,Zona A,Fecha 7,Nuevo Gasómetro,false,https://es.wikipedia.org/wiki/Anexo:Torneo_Apertura_2026_(Argentina),
2026-02-24,19:45,Central Córdoba (SdE),Talleres (C),2,0,,,Primera Division - Apertura,2026,zonas,Zona A,Fecha 7,Único Madre de Ciudades,false,https://es.wikipedia.org/wiki/Anexo:Torneo_Apertura_2026_(Argentina),
2026-02-24,21:30,Belgrano,Atlético Tucumán,3,1,,,Primera Division - Apertura,2026,zonas,Zona B,Fecha 7,Gigante de Alberdi,false,https://es.wikipedia.org/wiki/Anexo:Torneo_Apertura_2026_(Argentina),
2026-02-24,22:00,Gimnasia y Esgrima (M),Independiente,1,1,,,Primera Division - Apertura,2026,zonas,Zona A,Fecha 7,Víctor Antonio Legrotaglie,false,https://es.wikipedia.org/wiki/Anexo:Torneo_Apertura_2026_(Argentina),
2026-02-25,,Godoy Cruz,Deportivo Morón,0,1,,,Copa Argentina,2026,eliminacion,,Treintaidosavos,José Dellagiovanna,true,https://es.wikipedia.org/wiki/Copa_Argentina_2026,
2026-02-25,,San Martín (SJ),Deportivo Madryn,2,0,,,Copa Argentina,2026,eliminacion,,Treintaidosavos,Ciudad de Caseros,true,https://es.wikipedia.org/wiki/Copa_Argentina_2026,
2026-02-25,17:00,Barracas Central,Tigre,2,1,,,Primera Division - Apertura,2026,zonas,Zona B,Fecha 7,Claudio Chiqui Tapia,false,https://es.wikipedia.org/wiki/Anexo:Torneo_Apertura_2026_(Argentina),
2026-02-25,17:00,Gimnasia y Esgrima (LP),Rosario Central,1,2,,,Primera Division - Apertura,2026,zonas,Zona B,Fecha 7,Del Bosque,false,https://es.wikipedia.org/wiki/Anexo:Torneo_Apertura_2026_(Argentina),
2026-02-25,19:30,Newell's Old Boys,Estudiantes (LP),0,2,,,Primera Division - Apertura,2026,zonas,Zona A,Fecha 7,Marcelo Bielsa,false,https://es.wikipedia.org/wiki/Anexo:Torneo_Apertura_2026_(Argentina),
2026-02-25,19:30,Vélez Sarsfield,Deportivo Riestra,0,0,,,Primera Division - Apertura,2026,zonas,Zona A,Fecha 7,José Amalfitani,false,https://es.wikipedia.org/wiki/Anexo:Torneo_Apertura_2026_(Argentina),
2026-02-26,17:15,Racing Club,Independiente Rivadavia,1,1,,,Primera Division - Apertura,2026,zonas,Zona B,Fecha 7,El Cilindro,false,https://es.wikipedia.org/wiki/Anexo:Torneo_Apertura_2026_(Argentina),
2026-02-26,17:15,Sarmiento (J),Unión,1,3,,,Primera Division - Apertura,2026,zonas,Interzonal,Fecha 7,Eva Perón,false,https://es.wikipedia.org/wiki/Anexo:Torneo_Apertura_2026_(Argentina),
2026-02-26,19:30,Estudiantes (RC),Huracán,2,0,,,Primera Division - Apertura,2026,zonas,Zona B,Fecha 7,Antonio Candini,false,https://es.wikipedia.org/wiki/Anexo:Torneo_Apertura_2026_(Argentina),
2026-02-26,19:30,River Plate,Banfield,3,1,,,Primera Division - Apertura,2026,zonas,Zona B,Fecha 7,Monumental,false,https://es.wikipedia.org/wiki/Anexo:Torneo_Apertura_2026_(Argentina),
2026-02-27,17:00,Argentino de Quilmes,Argentino de Merlo,0,1,,,Primera B,2026,zonas,,Fecha 3,Argentino de Quilmes,false,https://es.wikipedia.org/wiki/Campeonato_de_Primera_B_2026_(Argentina),
2026-02-27,17:00,Defensores Unidos,Arsenal,1,1,,,Primera B,2026,zonas,,Fecha 3,Mario Losinno,false,https://es.wikipedia.org/wiki/Campeonato_de_Primera_B_2026_(Argentina),
2026-02-27,17:00,Dock Sud,Villa Dálmine,0,1,,,Primera B,2026,zonas,,Fecha 3,De los Inmigrantes,false,https://es.wikipedia.org/wiki/Campeonato_de_Primera_B_2026_(Argentina),
2026-02-27,17:00,Sportivo Italiano,Liniers,2,1,,,Primera B,2026,zonas,,Fecha 3,República de Italia,false,https://es.wikipedia.org/wiki/Campeonato_de_Primera_B_2026_(Argentina),
2026-02-27,20:30,Deportivo Merlo,UAI Urquiza,0,0,,,Primera B,2026,zonas,,Fecha 3,José Manuel Moreno,false,https://es.wikipedia.org/wiki/Campeonato_de_Primera_B_2026_(Argentina),
2026-02-27,20:30,Ituzaingó,Brown de Adrogué,1,1,,,Primera B,2026,zonas,,Fecha 3,Carlos Sacaan,false,https://es.wikipedia.org/wiki/Campeonato_de_Primera_B_2026_(Argentina),
2026-02-27,20:30,San Martín (B),Villa San Carlos,3,3,,,Primera B,2026,zonas,,Fecha 3,Francisco Boga,false,https://es.wikipedia.org/wiki/Campeonato_de_Primera_B_2026_(Argentina),
2026-02-27,22:00,Gimnasia y Tiro (S),Almagro,2,0,,,Primera Nacional,2026,zonas,Zona B,Fecha 3,Gigante del Norte,false,https://es.wikipedia.org/wiki/Campeonato_de_Primera_Nacional_2026,
2026-02-28,17:00,Comunicaciones,Excursionistas,1,1,,,Primera B,2026,zonas,,Fecha 3,Alfredo Ramos,false,https://es.wikipedia.org/wiki/Campeonato_de_Primera_B_2026_(Argentina),
2026-02-28,17:00,Defensores de Cambaceres,Argentino de Rosario,2,2,,,Primera C,2026,zonas,Zona A,Fecha 2,12 de Octubre,false,https://es.wikipedia.org/wiki/Campeonato_de_Primera_C_2026_(Argentina),
2026-02-28,17:00,Deportivo Armenio,Deportivo Laferrere,1,2,,,Primera B,2026,zonas,,Fecha 3,Armenia,false,https://es.wikipedia.org/wiki/Campeonato_de_Primera_B_2026_(Argentina),
2026-02-28,17:00,Deportivo Camioneros,Real Pilar,0,1,,,Primera B,2026,zonas,,Fecha 3,Hugo Moyano,false,https://es.wikipedia.org/wiki/Campeonato_de_Primera_B_2026_(Argentina),
2026-02-28,17:00,Deportivo Paraguayo,Victoriano Arenas,0,2,,,Primera C,2026,zonas,Zona A,Fecha 2,Deportivo Paraguayo,false,https://es.wikipedia.org/wiki/Campeonato_de_Primera_C_2026_(Argentina),
2026-02-28,17:00,Flandria,Talleres (RdE),1,0,,,Primera B,2026,zonas,,Fecha 3,Carlos V,false,https://es.wikipedia.org/wiki/Campeonato_de_Primera_B_2026_(Argentina),
2026-02-28,17:00,Fénix,Luján,1,1,,,Primera C,2026,zonas,Zona B,Fecha 2,José Manuel Moreno,false,https://es.wikipedia.org/wiki/Campeonato_de_Primera_C_2026_(Argentina),
2026-02-28,17:00,J. J. de Urquiza,Lugano,0,2,,,Primera C,2026,zonas,Zona A,Fecha 2,Ramón Roque Martín,false,https://es.wikipedia.org/wiki/Campeonato_de_Primera_C_2026_(Argentina),
2026-02-28,17:00,Los Andes,Defensores de Belgrano,0,1,,,Primera Nacional,2026,zonas,Zona A,Fecha 3,Eduardo Gallardón,false,https://es.wikipedia.org/wiki/Campeonato_de_Primera_Nacional_2026,
2026-02-28,17:00,Puerto Nuevo,Berazategui,1,2,,,Primera C,2026,zonas,Zona A,Fecha 2,Rubén Carlos Vallejos,false,https://es.wikipedia.org/wiki/Campeonato_de_Primera_C_2026_(Argentina),
2026-02-28,17:00,San Miguel,Chaco For Ever,2,0,,,Primera Nacional,2026,zonas,Zona A,Fecha 3,Malvinas Argentinas,false,https://es.wikipedia.org/wiki/Campeonato_de_Primera_Nacional_2026,
2026-02-28,17:00,Yupanqui,Sportivo Barracas,0,2,,,Primera C,2026,zonas,Zona B,Fecha 2,Ciudad Evita,false,https://es.wikipedia.org/wiki/Campeonato_de_Primera_C_2026_(Argentina),
2026-02-28,17:45,Boca Juniors,Gimnasia y Esgrima (M),1,1,,,Primera Division - Apertura,2026,zonas,Zona A,Fecha 8,La Bombonera,false,https://es.wikipedia.org/wiki/Anexo:Torneo_Apertura_2026_(Argentina),
2026-02-28,20:00,Independiente,Central Córdoba (SdE),2,0,,,Primera Division - Apertura,2026,zonas,Zona A,Fecha 8,Libertadores de América,false,https://es.wikipedia.org/wiki/Anexo:Torneo_Apertura_2026_(Argentina),
2026-02-28,20:30,Agropecuario,Nueva Chicago,0,2,,,Primera Nacional,2026,zonas,Zona B,Fecha 3,Ofelia Rosenzuaig,false,https://es.wikipedia.org/wiki/Campeonato_de_Primera_Nacional_2026,
2026-02-28,20:30,Colón,Ferro Carril Oeste,1,1,,,Primera Nacional,2026,zonas,Zona A,Fecha 3,Brigadier General Estanislao López,false,https://es.wikipedia.org/wiki/Campeonato_de_Primera_Nacional_2026,
2026-02-28,22:15,Talleres (C),San Lorenzo,0,0,,,Primera Division - Apertura,2026,zonas,Zona A,Fecha 8,Mario Alberto Kempes,false,https://es.wikipedia.org/wiki/Anexo:Torneo_Apertura_2026_(Argentina),
2026-03-01,17:00,All Boys,Ciudad de Bolívar,0,0,,,Primera Nacional,2026,zonas,Zona A,Fecha 3,Islas Malvinas,false,https://es.wikipedia.org/wiki/Campeonato_de_Primera_Nacional_2026,
2026-03-01,17:00,Claypole,Atlas,0,0,,,Primera C,2026,zonas,Zona B,Fecha 2,Rodolfo Capocasa,false,https://es.wikipedia.org/wiki/Campeonato_de_Primera_C_2026_(Argentina),
2026-03-01,17:00,Deportivo Español,Muñiz,0,0,,,Primera C,2026,zonas,Zona B,Fecha 2,Nueva España,false,https://es.wikipedia.org/wiki/Campeonato_de_Primera_C_2026_(Argentina),
2026-03-01,17:00,Deportivo Morón,Central Norte (S),2,0,,,Primera Nacional,2026,zonas,Zona A,Fecha 3,Nuevo Francisco Urbano,false,https://es.wikipedia.org/wiki/Campeonato_de_Primera_Nacional_2026,
2026-03-01,17:00,El Porvenir,General Lamadrid,1,1,,,Primera C,2026,zonas,Zona B,Fecha 2,Gildo Francisco Ghersinich,false,https://es.wikipedia.org/wiki/Campeonato_de_Primera_C_2026_(Argentina),
2026-03-01,17:00,Ferrocarril Midland,Colegiales,2,0,,,Primera Nacional,2026,zonas,Zona B,Fecha 3,Ciudad de Libertad,false,https://es.wikipedia.org/wiki/Campeonato_de_Primera_Nacional_2026,
2026-03-01,17:00,Gimnasia y Esgrima (J),Quilmes,1,0,,,Primera Nacional,2026,zonas,Zona B,Fecha 3,23 de Agosto,false,https://es.wikipedia.org/wiki/Campeonato_de_Primera_Nacional_2026,
2026-03-01,17:00,Godoy Cruz,Deportivo Madryn,0,0,,,Primera Nacional,2026,zonas,Zona A,Fecha 3,Feliciano Gambarte,false,https://es.wikipedia.org/wiki/Campeonato_de_Primera_Nacional_2026,
2026-03-01,17:00,Güemes (SdE),Chacarita Juniors,2,1,,,Primera Nacional,2026,zonas,Zona B,Fecha 3,Arturo Miranda,false,https://es.wikipedia.org/wiki/Campeonato_de_Primera_Nacional_2026,
2026-03-01,17:00,Juventud Unida,Sacachispas,0,1,,,Primera C,2026,zonas,Zona A,Fecha 2,Ciudad de San Miguel,false,https://es.wikipedia.org/wiki/Campeonato_de_Primera_C_2026_(Argentina),
2026-03-01,17:00,Leandro N. Alem,Estrella del Sur,3,2,,,Primera C,2026,zonas,Zona A,Fecha 2,Leandro N. Alem,false,https://es.wikipedia.org/wiki/Campeonato_de_Primera_C_2026_(Argentina),
2026-03-01,17:00,Newell's Old Boys,Rosario Central,0,2,,,Primera Division - Apertura,2026,zonas,Interzonal,Fecha 8,Marcelo Bielsa,false,https://es.wikipedia.org/wiki/Anexo:Torneo_Apertura_2026_(Argentina),
2026-03-01,17:00,San Telmo,Acassuso,2,3,,,Primera Nacional,2026,zonas,Zona A,Fecha 3,Doctor Osvaldo Baletto,false,https://es.wikipedia.org/wiki/Campeonato_de_Primera_Nacional_2026,
2026-03-01,17:30,Mercedes,Centro Español,1,0,,,Primera C,2026,zonas,Zona A,Fecha 2,Liga Mercedina,false,https://es.wikipedia.org/wiki/Campeonato_de_Primera_C_2026_(Argentina),
2026-03-01,17:30,San Martín (T),Deportivo Maipú,2,2,,,Primera Nacional,2026,zonas,Zona B,Fecha 3,La Ciudadela,false,https://es.wikipedia.org/wiki/Campeonato_de_Primera_Nacional_2026,
2026-03-01,18:00,Racing (C),Mitre (SdE),0,0,,,Primera Nacional,2026,zonas,Zona A,Fecha 3,Miguel Sancho,false,https://es.wikipedia.org/wiki/Campeonato_de_Primera_Nacional_2026,
2026-03-01,19:15,Argentinos Juniors,Barracas Central,1,1,,,Primera Division - Apertura,2026,zonas,Zona B,Fecha 8,Diego Armando Maradona,false,https://es.wikipedia.org/wiki/Anexo:Torneo_Apertura_2026_(Argentina),
2026-03-01,19:15,Instituto,Unión,1,2,,,Primera Division - Apertura,2026,zonas,Zona A,Fecha 8,Monumental Presidente Perón,false,https://es.wikipedia.org/wiki/Anexo:Torneo_Apertura_2026_(Argentina),
2026-03-01,20:30,Atlético de Rafaela,Temperley,1,0,,,Primera Nacional,2026,zonas,Zona B,Fecha 3,Nuevo Monumental,false,https://es.wikipedia.org/wiki/Campeonato_de_Primera_Nacional_2026,
2026-03-01,20:30,Estudiantes (BA),Almirante Brown,0,1,,,Primera Nacional,2026,zonas,Zona A,Fecha 3,Ciudad de Caseros,false,https://es.wikipedia.org/wiki/Campeonato_de_Primera_Nacional_2026,
2026-03-01,20:30,Tristán Suárez,San Martín (SJ),2,1,,,Primera Nacional,2026,zonas,Zona B,Fecha 3,20 de Octubre,false,https://es.wikipedia.org/wiki/Campeonato_de_Primera_Nacional_2026,
2026-03-01,21:30,Defensa y Justicia,Lanús,1,1,,,Primera Division - Apertura,2026,zonas,Zona A,Fecha 8,Norberto Tomaghello,false,https://es.wikipedia.org/wiki/Anexo:Torneo_Apertura_2026_(Argentina),
2026-03-01,21:30,Tigre,Gimnasia y Esgrima (LP),2,2,,,Primera Division - Apertura,2026,zonas,Zona B,Fecha 8,Monumental de Victoria,false,https://es.wikipedia.org/wiki/Anexo:Torneo_Apertura_2026_(Argentina),
2026-03-02,17:00,Central Ballester,Leones de Rosario,0,0,,,Primera C,2026,zonas,Zona B,Fecha 2,Predio Cacique,false,https://es.wikipedia.org/wiki/Campeonato_de_Primera_C_2026_(Argentina),
2026-03-02,19:15,Deportivo Riestra,Platense,0,0,,,Primera Division - Apertura,2026,zonas,Zona A,Fecha 8,Guillermo Laza,false,https://es.wikipedia.org/wiki/Anexo:Torneo_Apertura_2026_(Argentina),
2026-03-02,19:15,Estudiantes (LP),Vélez Sarsfield,0,1,,,Primera Division - Apertura,2026,zonas,Zona A,Fecha 8,Jorge Luis Hirschi,false,https://es.wikipedia.org/wiki/Anexo:Torneo_Apertura_2026_(Argentina),
2026-03-02,21:00,Atlanta,Patronato,0,0,,,Primera Nacional,2026,zonas,Zona B,Fecha 3,Don León Kolbowsky,false,https://es.wikipedia.org/wiki/Campeonato_de_Primera_Nacional_2026,
2026-03-02,21:30,Banfield,Aldosivi,2,0,,,Primera Division - Apertura,2026,zonas,Zona B,Fecha 8,Florencio Sola,false,https://es.wikipedia.org/wiki/Anexo:Torneo_Apertura_2026_(Argentina),
2026-03-02,21:30,Independiente Rivadavia,River Plate,1,1,,,Primera Division - Apertura,2026,zonas,Zona B,Fecha 8,Bautista Gargantini,false,https://es.wikipedia.org/wiki/Anexo:Torneo_Apertura_2026_(Argentina),
2026-03-03,17:00,Deportivo Laferrere,Brown de Adrogué,0,1,,,Primera B,2026,zonas,,Fecha 4,Ciudad de Laferrere,false,https://es.wikipedia.org/wiki/Campeonato_de_Primera_B_2026_(Argentina),
2026-03-03,17:00,Villa San Carlos,Sportivo Italiano,0,1,,,Primera B,2026,zonas,,Fecha 4,Genacio Sálice,false,https://es.wikipedia.org/wiki/Campeonato_de_Primera_B_2026_(Argentina),
2026-03-03,19:00,Sarmiento (J),Estudiantes (RC),1,0,,,Primera Division - Apertura,2026,zonas,Zona B,Fecha 8,Eva Perón,false,https://es.wikipedia.org/wiki/Anexo:Torneo_Apertura_2026_(Argentina),
2026-03-03,19:15,Huracán,Belgrano,3,1,,,Primera Division - Apertura,2026,zonas,Zona B,Fecha 8,Tomás Adolfo Ducó,false,https://es.wikipedia.org/wiki/Anexo:Torneo_Apertura_2026_(Argentina),
2026-03-03,20:00,Central Córdoba (R),Cañuelas,1,1,,,Primera C,2026,zonas,Zona B,Fecha 2,Gabino Sosa,false,https://es.wikipedia.org/wiki/Campeonato_de_Primera_C_2026_(Argentina),
2026-03-03,20:30,Argentino de Merlo,Flandria,2,0,,,Primera B,2026,zonas,,Fecha 4,Juan Carlos Brieva,false,https://es.wikipedia.org/wiki/Campeonato_de_Primera_B_2026_(Argentina),
2026-03-03,20:30,San Martín (B),Ituzaingó,3,0,,,Primera B,2026,zonas,,Fecha 4,Francisco Boga,false,https://es.wikipedia.org/wiki/Campeonato_de_Primera_B_2026_(Argentina),
2026-03-03,20:30,Talleres (RdE),Deportivo Armenio,2,1,,,Primera B,2026,zonas,,Fecha 4,Pablo Comelli,false,https://es.wikipedia.org/wiki/Campeonato_de_Primera_B_2026_(Argentina),
2026-03-03,21:15,Atlético Tucumán,Racing Club,0,3,,,Primera Division - Apertura,2026,zonas,Zona B,Fecha 8,Monumental José Fierro,false,https://es.wikipedia.org/wiki/Anexo:Torneo_Apertura_2026_(Argentina),
2026-03-04,17:00,Arsenal,Argentino de Quilmes,0,1,,,Primera B,2026,zonas,,Fecha 4,Julio Humberto Grondona,false,https://es.wikipedia.org/wiki/Campeonato_de_Primera_B_2026_(Argentina),
2026-03-04,17:00,Liniers,Deportivo Camioneros,0,2,,,Primera B,2026,zonas,,Fecha 4,Juan Antonio Arias,false,https://es.wikipedia.org/wiki/Campeonato_de_Primera_B_2026_(Argentina),
2026-03-04,17:00,UAI Urquiza,Dock Sud,0,0,,,Primera B,2026,zonas,,Fecha 4,Monumental de Villa Lynch,false,https://es.wikipedia.org/wiki/Campeonato_de_Primera_B_2026_(Argentina),
2026-03-04,17:00,Villa Dálmine,Comunicaciones,0,0,,,Primera B,2026,zonas,,Fecha 4,El Coliseo de Mitre y Puccini,false,https://es.wikipedia.org/wiki/Campeonato_de_Primera_B_2026_(Argentina),
2026-03-04,20:30,Excursionistas,Defensores Unidos,1,0,,,Primera B,2026,zonas,,Fecha 4,Excursionistas,false,https://es.wikipedia.org/wiki/Campeonato_de_Primera_B_2026_(Argentina),
2026-03-04,20:30,Real Pilar,Deportivo Merlo,1,3,,,Primera B,2026,zonas,,Fecha 4,Carlos Barraza,false,https://es.wikipedia.org/wiki/Campeonato_de_Primera_B_2026_(Argentina),
2026-03-04,21:00,Lanús,Boca Juniors,0,3,,,Primera Division - Apertura,2026,zonas,Zona A,Fecha 7,Ciudad de Lanús,false,https://es.wikipedia.org/wiki/Anexo:Torneo_Apertura_2026_(Argentina),
2026-03-09,17:00,Leones de Rosario,El Porvenir,0,0,,,Primera C,2026,zonas,Zona B,Fecha 1,Antonio Di Giacomo,false,https://es.wikipedia.org/wiki/Campeonato_de_Primera_C_2026_(Argentina),
2026-03-10,19:45,Independiente,Unión,4,4,,,Primera Division - Apertura,2026,zonas,Zona A,Fecha 10,Libertadores de América,false,https://es.wikipedia.org/wiki/Anexo:Torneo_Apertura_2026_(Argentina),
2026-03-10,19:45,Tigre,Vélez Sarsfield,1,1,,,Primera Division - Apertura,2026,zonas,Interzonal,Fecha 10,Monumental de Victoria,false,https://es.wikipedia.org/wiki/Anexo:Torneo_Apertura_2026_(Argentina),
2026-03-10,22:00,Newell's Old Boys,Platense,1,1,,,Primera Division - Apertura,2026,zonas,Zona A,Fecha 10,Marcelo Bielsa,false,https://es.wikipedia.org/wiki/Anexo:Torneo_Apertura_2026_(Argentina),
2026-03-10,22:00,Sarmiento (J),Racing Club,0,0,,,Primera Division - Apertura,2026,zonas,Zona B,Fecha 10,Eva Perón,false,https://es.wikipedia.org/wiki/Anexo:Torneo_Apertura_2026_(Argentina),
2026-03-11,17:30,Argentinos Juniors,Rosario Central,0,0,,,Primera Division - Apertura,2026,zonas,Zona B,Fecha 10,Diego Armando Maradona,false,https://es.wikipedia.org/wiki/Anexo:Torneo_Apertura_2026_(Argentina),
2026-03-11,17:30,Banfield,Gimnasia y Esgrima (LP),1,2,,,Primera Division - Apertura,2026,zonas,Zona B,Fecha 10,Florencio Sola,false,https://es.wikipedia.org/wiki/Anexo:Torneo_Apertura_2026_(Argentina),
2026-03-11,19:45,Boca Juniors,San Lorenzo,1,1,,,Primera Division - Apertura,2026,zonas,Zona A,Fecha 10,La Bombonera,false,https://es.wikipedia.org/wiki/Anexo:Torneo_Apertura_2026_(Argentina),
2026-03-11,22:00,Atlético Tucumán,Aldosivi,1,1,,,Primera Division - Apertura,2026,zonas,Zona B,Fecha 10,Monumental José Fierro,false,https://es.wikipedia.org/wiki/Anexo:Torneo_Apertura_2026_(Argentina),
2026-03-11,22:00,Independiente Rivadavia,Barracas Central,1,2,,,Primera Division - Apertura,2026,zonas,Zona B,Fecha 10,Bautista Gargantini,false,https://es.wikipedia.org/wiki/Anexo:Torneo_Apertura_2026_(Argentina),
2026-03-12,17:00,Defensa y Justicia,Central Córdoba (SdE),1,1,,,Primera Division - Apertura,2026,zonas,Zona A,Fecha 10,Norberto Tomaghello,false,https://es.wikipedia.org/wiki/Anexo:Torneo_Apertura_2026_(Argentina),
2026-03-12,17:00,Deportivo Riestra,Gimnasia y Esgrima (M),0,0,,,Primera Division - Apertura,2026,zonas,Zona A,Fecha 10,Guillermo Laza,false,https://es.wikipedia.org/wiki/Anexo:Torneo_Apertura_2026_(Argentina),
2026-03-12,19:15,Estudiantes (RC),Belgrano,0,1,,,Primera Division - Apertura,2026,zonas,Zona B,Fecha 10,Antonio Candini,false,https://es.wikipedia.org/wiki/Anexo:Torneo_Apertura_2026_(Argentina),
2026-03-12,19:15,Talleres (C),Instituto,2,0,,,Primera Division - Apertura,2026,zonas,Zona A,Fecha 10,Mario Alberto Kempes,false,https://es.wikipedia.org/wiki/Anexo:Torneo_Apertura_2026_(Argentina),
2026-03-12,21:30,Huracán,River Plate,1,2,,,Primera Division - Apertura,2026,zonas,Zona B,Fecha 10,Tomás Adolfo Ducó,false,https://es.wikipedia.org/wiki/Anexo:Torneo_Apertura_2026_(Argentina),
2026-03-13,20:00,Estudiantes (LP),Lanús,0,1,,,Primera Division - Apertura,2026,zonas,Zona A,Fecha 10,Jorge Luis Hirschi,false,https://es.wikipedia.org/wiki/Anexo:Torneo_Apertura_2026_(Argentina),
2026-03-13,21:00,Atlético de Rafaela,San Martín (SJ),1,0,,,Primera Nacional,2026,zonas,Zona B,Fecha 5,Nuevo Monumental,false,https://es.wikipedia.org/wiki/Campeonato_de_Primera_Nacional_2026,
2026-03-13,21:00,Racing (C),Almirante Brown,2,1,,,Primera Nacional,2026,zonas,Zona A,Fecha 5,Miguel Sancho,false,https://es.wikipedia.org/wiki/Campeonato_de_Primera_Nacional_2026,
2026-03-14,14:00,Argentino de Merlo,Brown de Adrogué,0,0,,,Primera B,2026,zonas,,Fecha 6,Juan Carlos Brieva,false,https://es.wikipedia.org/wiki/Campeonato_de_Primera_B_2026_(Argentina),
2026-03-14,14:00,Arsenal,Deportivo Armenio,2,1,,,Primera B,2026,zonas,,Fecha 6,Julio Humberto Grondona,false,https://es.wikipedia.org/wiki/Campeonato_de_Primera_B_2026_(Argentina),
2026-03-14,14:00,Los Andes,Central Norte (S),0,0,,,Primera Nacional,2026,zonas,Zona A,Fecha 5,Eduardo Gallardón,false,https://es.wikipedia.org/wiki/Campeonato_de_Primera_Nacional_2026,
2026-03-14,14:00,Villa San Carlos,Deportivo Merlo,1,1,,,Primera B,2026,zonas,,Fecha 6,Genacio Sálice,false,https://es.wikipedia.org/wiki/Campeonato_de_Primera_B_2026_(Argentina),
2026-03-14,15:30,Argentino de Rosario,Leandro N. Alem,1,2,,,Primera C,2026,zonas,Zona A,Fecha 3,José Martín Olaeta,false,https://es.wikipedia.org/wiki/Campeonato_de_Primera_C_2026_(Argentina),
2026-03-14,15:30,Atlas,Central Córdoba (R),0,0,,,Primera C,2026,zonas,Zona B,Fecha 3,Ricardo Puga,false,https://es.wikipedia.org/wiki/Campeonato_de_Primera_C_2026_(Argentina),
2026-03-14,15:30,Cañuelas,Deportivo Español,1,1,,,Primera C,2026,zonas,Zona B,Fecha 3,Jorge Arin,false,https://es.wikipedia.org/wiki/Campeonato_de_Primera_C_2026_(Argentina),
2026-03-14,15:30,Centro Español,J. J. de Urquiza,0,0,,,Primera C,2026,zonas,Zona A,Fecha 3,Deportivo Paraguayo,false,https://es.wikipedia.org/wiki/Campeonato_de_Primera_C_2026_(Argentina),
2026-03-14,15:30,Estrella del Sur,Puerto Nuevo,1,1,,,Primera C,2026,zonas,Zona A,Fecha 3,Ciudad de San Vicente,false,https://es.wikipedia.org/wiki/Campeonato_de_Primera_C_2026_(Argentina),
2026-03-14,15:30,Leones de Rosario,Claypole,1,0,,,Primera C,2026,zonas,Zona B,Fecha 3,Antonio Di Giacomo,false,https://es.wikipedia.org/wiki/Campeonato_de_Primera_C_2026_(Argentina),
2026-03-14,15:30,Lugano,Juventud Unida,0,0,,,Primera C,2026,zonas,Zona A,Fecha 3,José María Moraños,false,https://es.wikipedia.org/wiki/Campeonato_de_Primera_C_2026_(Argentina),
2026-03-14,15:30,Luján,El Porvenir,1,1,,,Primera C,2026,zonas,Zona B,Fecha 3,1.º de Abril,false,https://es.wikipedia.org/wiki/Campeonato_de_Primera_C_2026_(Argentina),
2026-03-14,15:30,Sacachispas,Defensores de Cambaceres,2,1,,,Primera C,2026,zonas,Zona A,Fecha 3,Beto Larrosa,false,https://es.wikipedia.org/wiki/Campeonato_de_Primera_C_2026_(Argentina),
2026-03-14,15:30,Victoriano Arenas,Mercedes,1,0,,,Primera C,2026,zonas,Zona A,Fecha 3,Saturnino Moure,false,https://es.wikipedia.org/wiki/Campeonato_de_Primera_C_2026_(Argentina),
2026-03-14,16:00,All Boys,Deportivo Madryn,1,0,,,Primera Nacional,2026,zonas,Zona A,Fecha 5,Islas Malvinas,false,https://es.wikipedia.org/wiki/Campeonato_de_Primera_Nacional_2026,
2026-03-14,16:00,Deportivo Morón,Chaco For Ever,3,2,,,Primera Nacional,2026,zonas,Zona A,Fecha 5,Nuevo Francisco Urbano,false,https://es.wikipedia.org/wiki/Campeonato_de_Primera_Nacional_2026,
2026-03-14,16:00,Estudiantes (BA),Defensores de Belgrano,0,2,,,Primera Nacional,2026,zonas,Zona A,Fecha 5,Ciudad de Caseros,false,https://es.wikipedia.org/wiki/Campeonato_de_Primera_Nacional_2026,
2026-03-14,16:00,Excursionistas,Flandria,2,0,,,Primera B,2026,zonas,,Fecha 6,Excursionistas,false,https://es.wikipedia.org/wiki/Campeonato_de_Primera_B_2026_(Argentina),
2026-03-14,16:00,San Miguel,San Telmo,1,1,,,Primera Nacional,2026,zonas,Zona A,Fecha 5,Malvinas Argentinas,false,https://es.wikipedia.org/wiki/Campeonato_de_Primera_Nacional_2026,
2026-03-14,18:00,Godoy Cruz,Ferro Carril Oeste,2,1,,,Primera Nacional,2026,zonas,Zona A,Fecha 5,Feliciano Gambarte,false,https://es.wikipedia.org/wiki/Campeonato_de_Primera_Nacional_2026,
2026-03-14,19:00,Platense,Vélez Sarsfield,0,2,,,Primera Division - Apertura,2026,zonas,Zona A,Fecha 11,Ciudad de Vicente López,false,https://es.wikipedia.org/wiki/Anexo:Torneo_Apertura_2026_(Argentina),
2026-03-14,19:00,Tristán Suárez,Güemes (SdE),1,1,,,Primera Nacional,2026,zonas,Zona B,Fecha 5,20 de Octubre,false,https://es.wikipedia.org/wiki/Campeonato_de_Primera_Nacional_2026,
2026-03-14,20:00,Colón,Acassuso,1,0,,,Primera Nacional,2026,zonas,Zona A,Fecha 5,Brigadier General Estanislao López,false,https://es.wikipedia.org/wiki/Campeonato_de_Primera_Nacional_2026,
2026-03-14,20:00,Quilmes,Patronato,3,0,,,Primera Nacional,2026,zonas,Zona B,Fecha 5,Centenario Ciudad de Quilmes,false,https://es.wikipedia.org/wiki/Campeonato_de_Primera_Nacional_2026,
2026-03-14,21:00,Rosario Central,Banfield,2,1,,,Primera Division - Apertura,2026,zonas,Zona B,Fecha 11,Gigante de Arroyito,false,https://es.wikipedia.org/wiki/Anexo:Torneo_Apertura_2026_(Argentina),
2026-03-15,14:00,Liniers,Dock Sud,3,2,,,Primera B,2026,zonas,,Fecha 6,Juan Antonio Arias,false,https://es.wikipedia.org/wiki/Campeonato_de_Primera_B_2026_(Argentina),
2026-03-15,14:00,Sportivo Italiano,Ituzaingó,0,0,,,Primera B,2026,zonas,,Fecha 6,República de Italia,false,https://es.wikipedia.org/wiki/Campeonato_de_Primera_B_2026_(Argentina),
2026-03-15,14:00,Talleres (RdE),Deportivo Laferrere,2,0,,,Primera B,2026,zonas,,Fecha 6,Pablo Comelli,false,https://es.wikipedia.org/wiki/Campeonato_de_Primera_B_2026_(Argentina),
2026-03-15,14:00,UAI Urquiza,Defensores Unidos,2,2,,,Primera B,2026,zonas,,Fecha 6,Monumental de Villa Lynch,false,https://es.wikipedia.org/wiki/Campeonato_de_Primera_B_2026_(Argentina),
2026-03-15,14:00,Villa Dálmine,Argentino de Quilmes,1,1,,,Primera B,2026,zonas,,Fecha 6,Estadio El Coliseo de Mitre y Puccini,false,https://es.wikipedia.org/wiki/Campeonato_de_Primera_B_2026_(Argentina),
2026-03-15,15:15,Gimnasia y Esgrima (LP),Independiente Rivadavia,2,3,,,Primera Division - Apertura,2026,zonas,Zona B,Fecha 11,Del Bosque,false,https://es.wikipedia.org/wiki/Anexo:Torneo_Apertura_2026_(Argentina),
2026-03-15,15:30,Berazategui,Deportivo Paraguayo,0,0,,,Primera C,2026,zonas,Zona A,Fecha 3,Norman Lee,false,https://es.wikipedia.org/wiki/Campeonato_de_Primera_C_2026_(Argentina),
2026-03-15,15:30,General Lamadrid,Central Ballester,1,0,,,Primera C,2026,zonas,Zona B,Fecha 3,Enrique Sexto,false,https://es.wikipedia.org/wiki/Campeonato_de_Primera_C_2026_(Argentina),
2026-03-15,16:00,Agropecuario,Chacarita Juniors,2,0,,,Primera Nacional,2026,zonas,Zona B,Fecha 5,Ofelia Rosenzuaig,false,https://es.wikipedia.org/wiki/Campeonato_de_Primera_Nacional_2026,
2026-03-15,16:00,Ferrocarril Midland,Almagro,1,1,,,Primera Nacional,2026,zonas,Zona B,Fecha 5,Ciudad de Libertad,false,https://es.wikipedia.org/wiki/Campeonato_de_Primera_Nacional_2026,
2026-03-15,16:00,Gimnasia y Tiro (S),Temperley,0,0,,,Primera Nacional,2026,zonas,Zona B,Fecha 5,Gigante del Norte,false,https://es.wikipedia.org/wiki/Campeonato_de_Primera_Nacional_2026,
2026-03-15,17:00,Gimnasia y Esgrima (J),Colegiales,2,1,,,Primera Nacional,2026,zonas,Zona B,Fecha 5,23 de Agosto,false,https://es.wikipedia.org/wiki/Campeonato_de_Primera_Nacional_2026,
2026-03-15,17:00,Mitre (SdE),Ciudad de Bolívar,1,1,,,Primera Nacional,2026,zonas,Zona A,Fecha 5,Doctores José y Antonio Castiglione,false,https://es.wikipedia.org/wiki/Campeonato_de_Primera_Nacional_2026,
2026-03-15,17:30,Belgrano,Talleres (C),0,0,,,Primera Division - Apertura,2026,zonas,Interzonal,Fecha 11,Gigante de Alberdi,false,https://es.wikipedia.org/wiki/Anexo:Torneo_Apertura_2026_(Argentina),
2026-03-15,18:00,San Martín (B),Deportivo Camioneros,0,0,,,Primera B,2026,zonas,,Fecha 6,Francisco Boga,false,https://es.wikipedia.org/wiki/Campeonato_de_Primera_B_2026_(Argentina),
2026-03-15,18:00,San Martín (T),Nueva Chicago,2,0,,,Primera Nacional,2026,zonas,Zona B,Fecha 5,La Ciudadela,false,https://es.wikipedia.org/wiki/Campeonato_de_Primera_Nacional_2026,
2026-03-15,19:45,River Plate,Sarmiento (J),2,0,,,Primera Division - Apertura,2026,zonas,Zona B,Fecha 11,Monumental,false,https://es.wikipedia.org/wiki/Anexo:Torneo_Apertura_2026_(Argentina),
2026-03-15,20:00,Real Pilar,Comunicaciones,2,0,,,Primera B,2026,zonas,,Fecha 6,Carlos Barraza,false,https://es.wikipedia.org/wiki/Campeonato_de_Primera_B_2026_(Argentina),
2026-03-15,22:00,Tigre,Argentinos Juniors,1,1,,,Primera Division - Apertura,2026,zonas,Zona B,Fecha 11,Monumental de Victoria,false,https://es.wikipedia.org/wiki/Anexo:Torneo_Apertura_2026_(Argentina),
2026-03-15,22:00,Unión,Boca Juniors,1,1,,,Primera Division - Apertura,2026,zonas,Zona A,Fecha 11,15 de Abril,false,https://es.wikipedia.org/wiki/Anexo:Torneo_Apertura_2026_(Argentina),
2026-03-16,15:30,Aldosivi,Huracán,0,0,,,Primera Division - Apertura,2026,zonas,Zona B,Fecha 11,José María Minella,false,https://es.wikipedia.org/wiki/Anexo:Torneo_Apertura_2026_(Argentina),
2026-03-16,15:30,Barracas Central,Atlético Tucumán,2,1,,,Primera Division - Apertura,2026,zonas,Zona B,Fecha 11,Claudio Chiqui Tapia,false,https://es.wikipedia.org/wiki/Anexo:Torneo_Apertura_2026_(Argentina),
2026-03-16,15:30,Muñiz,Yupanqui,0,2,,,Primera C,2026,zonas,Zona B,Fecha 3,Ricardo Puga,false,https://es.wikipedia.org/wiki/Campeonato_de_Primera_C_2026_(Argentina),
2026-03-16,15:30,Sportivo Barracas,Fénix,0,1,,,Primera C,2026,zonas,Zona B,Fecha 3,Tres de Febrero,false,https://es.wikipedia.org/wiki/Campeonato_de_Primera_C_2026_(Argentina),
2026-03-16,18:30,San Lorenzo,Defensa y Justicia,2,5,,,Primera Division - Apertura,2026,zonas,Zona A,Fecha 11,Nuevo Gasómetro,false,https://es.wikipedia.org/wiki/Anexo:Torneo_Apertura_2026_(Argentina),
2026-03-16,20:00,Racing Club,Estudiantes (RC),2,0,,,Primera Division - Apertura,2026,zonas,Zona B,Fecha 11,El Cilindro,false,https://es.wikipedia.org/wiki/Anexo:Torneo_Apertura_2026_(Argentina),
2026-03-16,21:00,Atlanta,Deportivo Maipú,3,1,,,Primera Nacional,2026,zonas,Zona B,Fecha 5,Don León Kolbowsky,false,https://es.wikipedia.org/wiki/Campeonato_de_Primera_Nacional_2026,
2026-03-16,22:15,Instituto,Independiente,2,1,,,Primera Division - Apertura,2026,zonas,Zona A,Fecha 11,Monumental Presidente Perón,false,https://es.wikipedia.org/wiki/Anexo:Torneo_Apertura_2026_(Argentina),
2026-03-17,19:00,Lanús,Newell's Old Boys,5,0,,,Primera Division - Apertura,2026,zonas,Zona A,Fecha 11,Ciudad de Lanús,false,https://es.wikipedia.org/wiki/Anexo:Torneo_Apertura_2026_(Argentina),
2026-03-17,21:15,Central Córdoba (SdE),Deportivo Riestra,1,0,,,Primera Division - Apertura,2026,zonas,Zona A,Fecha 11,Único Madre de Ciudades,false,https://es.wikipedia.org/wiki/Anexo:Torneo_Apertura_2026_(Argentina),
2026-03-17,21:15,Gimnasia y Esgrima (M),Estudiantes (LP),1,2,,,Primera Division - Apertura,2026,zonas,Zona A,Fecha 11,Víctor Antonio Legrotaglie,false,https://es.wikipedia.org/wiki/Anexo:Torneo_Apertura_2026_(Argentina),
2026-03-20,,San Lorenzo,Deportivo Rincón,5,0,,,Copa Argentina,2026,eliminacion,,Treintaidosavos,Centenario Ciudad de Quilmes,true,https://es.wikipedia.org/wiki/Copa_Argentina_2026,
2026-03-20,15:30,General Lamadrid,Defensores de Cambaceres,0,0,,,Primera C,2026,zonas,Interzonal,Fecha 4,Enrique Sexto,false,https://es.wikipedia.org/wiki/Campeonato_de_Primera_C_2026_(Argentina),
2026-03-20,15:30,Sacachispas,Atlas,2,0,,,Primera C,2026,zonas,Interzonal,Fecha 4,Beto Larrosa,false,https://es.wikipedia.org/wiki/Campeonato_de_Primera_C_2026_(Argentina),
2026-03-20,20:30,Ituzaingó,Talleres (RdE),0,0,,,Primera B,2026,zonas,,Fecha 7,Carlos Sacaan,false,https://es.wikipedia.org/wiki/Campeonato_de_Primera_B_2026_(Argentina),
2026-03-20,21:00,Atenas (RC),Cipolletti,3,1,,,Torneo Federal A,2026,zonas,Zona 3,Fecha 1,9 de Julio,false,https://es.wikipedia.org/wiki/Torneo_Federal_A_2026,
2026-03-20,21:00,Atlético Tucumán,Gimnasia y Esgrima (LP),1,0,,,Primera Division - Apertura,2026,zonas,Zona B,Fecha 12,Monumental José Fierro,false,https://es.wikipedia.org/wiki/Anexo:Torneo_Apertura_2026_(Argentina),
2026-03-20,21:00,Banfield,Tigre,1,0,,,Primera Division - Apertura,2026,zonas,Zona B,Fecha 12,Florencio Sola,false,https://es.wikipedia.org/wiki/Anexo:Torneo_Apertura_2026_(Argentina),
2026-03-20,21:00,Sarmiento (R),Juventud Antoniana,1,3,,,Torneo Federal A,2026,zonas,Zona 2,Fecha 1,Centenario,false,https://es.wikipedia.org/wiki/Torneo_Federal_A_2026,
2026-03-20,21:00,Sportivo Belgrano,9 de Julio (R),3,0,,,Torneo Federal A,2026,zonas,Zona 1,Fecha 1,Juan Pablo Francia,false,https://es.wikipedia.org/wiki/Torneo_Federal_A_2026,
2026-03-20,21:30,San Martín (SJ),San Martín (T),1,1,,,Primera Nacional,2026,zonas,Zona B,Fecha 6,Ingeniero Hilario Sánchez,false,https://es.wikipedia.org/wiki/Campeonato_de_Primera_Nacional_2026,
2026-03-20,21:30,San Martín (SM),Juventud Unida Universitario,0,0,,,Torneo Federal A,2026,zonas,Zona 3,Fecha 1,Libertador General San Martín,false,https://es.wikipedia.org/wiki/Torneo_Federal_A_2026,
2026-03-21,14:00,Almagro,Quilmes,1,0,,,Primera Nacional,2026,zonas,Zona B,Fecha 6,Tres de Febrero,false,https://es.wikipedia.org/wiki/Campeonato_de_Primera_Nacional_2026,
2026-03-21,14:00,Brown de Adrogué,Arsenal,0,4,,,Primera B,2026,zonas,,Fecha 7,Lorenzo Arandilla,false,https://es.wikipedia.org/wiki/Campeonato_de_Primera_B_2026_(Argentina),
2026-03-21,14:00,Defensores Unidos,Real Pilar,1,2,,,Primera B,2026,zonas,,Fecha 7,Mario Losinno,false,https://es.wikipedia.org/wiki/Campeonato_de_Primera_B_2026_(Argentina),
2026-03-21,14:00,Flandria,Villa Dálmine,0,1,,,Primera B,2026,zonas,,Fecha 7,Carlos V,false,https://es.wikipedia.org/wiki/Campeonato_de_Primera_B_2026_(Argentina),
2026-03-21,15:00,Deportivo Armenio,Excursionistas,0,2,,,Primera B,2026,zonas,,Fecha 7,Armenia,false,https://es.wikipedia.org/wiki/Campeonato_de_Primera_B_2026_(Argentina),
2026-03-21,15:30,Central Ballester,Deportivo Paraguayo,0,1,,,Primera C,2026,zonas,Interzonal,Fecha 4,Predio Cacique,false,https://es.wikipedia.org/wiki/Campeonato_de_Primera_C_2026_(Argentina),
2026-03-21,15:30,El Porvenir,Mercedes,1,1,,,Primera C,2026,zonas,Interzonal,Fecha 4,Gildo Francisco Ghersinich,false,https://es.wikipedia.org/wiki/Campeonato_de_Primera_C_2026_(Argentina),
2026-03-21,15:30,Juventud Unida,Claypole,0,1,,,Primera C,2026,zonas,Interzonal,Fecha 4,Ciudad de San Miguel,false,https://es.wikipedia.org/wiki/Campeonato_de_Primera_C_2026_(Argentina),
2026-03-21,15:30,Leandro N. Alem,Cañuelas,1,1,,,Primera C,2026,zonas,Interzonal,Fecha 4,Leandro N. Alem,false,https://es.wikipedia.org/wiki/Campeonato_de_Primera_C_2026_(Argentina),
2026-03-21,15:30,Vélez Sarsfield,Lanús,0,1,,,Primera Division - Apertura,2026,zonas,Zona A,Fecha 12,José Amalfitani,false,https://es.wikipedia.org/wiki/Anexo:Torneo_Apertura_2026_(Argentina),
2026-03-21,16:00,Acassuso,Deportivo Morón,0,3,,,Primera Nacional,2026,zonas,Zona A,Fecha 6,La Quema,false,https://es.wikipedia.org/wiki/Campeonato_de_Primera_Nacional_2026,
2026-03-21,16:00,Defensores de Belgrano,Mitre (SdE),0,0,,,Primera Nacional,2026,zonas,Zona A,Fecha 6,Juan Pasquale,false,https://es.wikipedia.org/wiki/Campeonato_de_Primera_Nacional_2026,
2026-03-21,16:00,San Miguel,Racing (C),1,2,,,Primera Nacional,2026,zonas,Zona A,Fecha 6,Malvinas Argentinas,false,https://es.wikipedia.org/wiki/Campeonato_de_Primera_Nacional_2026,
2026-03-21,17:00,Ciudad de Bolívar,Almirante Brown,0,0,,,Primera Nacional,2026,zonas,Zona A,Fecha 6,Municipal Eva Perón,false,https://es.wikipedia.org/wiki/Campeonato_de_Primera_Nacional_2026,
2026-03-21,17:45,Defensa y Justicia,Unión,2,0,,,Primera Division - Apertura,2026,zonas,Zona A,Fecha 12,Norberto Tomaghello,false,https://es.wikipedia.org/wiki/Anexo:Torneo_Apertura_2026_(Argentina),
2026-03-21,17:45,Newell's Old Boys,Gimnasia y Esgrima (M),1,0,,,Primera Division - Apertura,2026,zonas,Zona A,Fecha 12,Marcelo Bielsa,false,https://es.wikipedia.org/wiki/Anexo:Torneo_Apertura_2026_(Argentina),
2026-03-21,18:00,Deportivo Merlo,San Martín (B),0,4,,,Primera B,2026,zonas,,Fecha 7,José Manuel Moreno,false,https://es.wikipedia.org/wiki/Campeonato_de_Primera_B_2026_(Argentina),
2026-03-21,19:00,Deportivo Madryn,Estudiantes (BA),3,0,,,Primera Nacional,2026,zonas,Zona A,Fecha 6,Abel Sastre,false,https://es.wikipedia.org/wiki/Campeonato_de_Primera_Nacional_2026,
2026-03-21,19:00,Ferro Carril Oeste,Los Andes,0,2,,,Primera Nacional,2026,zonas,Zona A,Fecha 6,Arquitecto Ricardo Etcheverri,false,https://es.wikipedia.org/wiki/Campeonato_de_Primera_Nacional_2026,
2026-03-21,19:00,Tristán Suárez,Gimnasia y Esgrima (J),3,0,,,Primera Nacional,2026,zonas,Zona B,Fecha 6,20 de Octubre,false,https://es.wikipedia.org/wiki/Campeonato_de_Primera_Nacional_2026,
2026-03-21,20:00,Costa Brava,FADEP,3,0,,,Torneo Federal A,2026,zonas,Zona 3,Fecha 1,Nuevo Pacaembú,false,https://es.wikipedia.org/wiki/Torneo_Federal_A_2026,
2026-03-21,20:00,Independiente,Talleres (C),1,2,,,Primera Division - Apertura,2026,zonas,Zona A,Fecha 12,Libertadores de América,false,https://es.wikipedia.org/wiki/Anexo:Torneo_Apertura_2026_(Argentina),
2026-03-21,21:00,Chaco For Ever,Godoy Cruz,1,1,,,Primera Nacional,2026,zonas,Zona A,Fecha 6,Juan Alberto García,false,https://es.wikipedia.org/wiki/Campeonato_de_Primera_Nacional_2026,
2026-03-21,22:15,Belgrano,Racing Club,1,2,,,Primera Division - Apertura,2026,zonas,Zona B,Fecha 12,Gigante de Alberdi,false,https://es.wikipedia.org/wiki/Anexo:Torneo_Apertura_2026_(Argentina),
2026-03-22,14:00,Argentino de Quilmes,UAI Urquiza,1,1,,,Primera B,2026,zonas,,Fecha 7,Argentino de Quilmes,false,https://es.wikipedia.org/wiki/Campeonato_de_Primera_B_2026_(Argentina),
2026-03-22,14:00,Deportivo Camioneros,Sportivo Italiano,2,1,,,Primera B,2026,zonas,,Fecha 7,Hugo Moyano,false,https://es.wikipedia.org/wiki/Campeonato_de_Primera_B_2026_(Argentina),
2026-03-22,14:00,Deportivo Laferrere,Argentino de Merlo,1,3,,,Primera B,2026,zonas,,Fecha 7,Ciudad de Laferrere,false,https://es.wikipedia.org/wiki/Campeonato_de_Primera_B_2026_(Argentina),
2026-03-22,15:00,Sol de Mayo (V),Germinal,1,1,,,Torneo Federal A,2026,zonas,Zona 4,Fecha 1,Sol de Mayo,false,https://es.wikipedia.org/wiki/Torneo_Federal_A_2026,
2026-03-22,15:30,Central Córdoba (R),Berazategui,1,1,,,Primera C,2026,zonas,Interzonal,Fecha 4,Gabino Sosa,false,https://es.wikipedia.org/wiki/Campeonato_de_Primera_C_2026_(Argentina),
2026-03-22,15:30,Luján,Estrella del Sur,0,1,,,Primera C,2026,zonas,Interzonal,Fecha 4,1.º de Abril,false,https://es.wikipedia.org/wiki/Campeonato_de_Primera_C_2026_(Argentina),
2026-03-22,15:30,Sarmiento (J),Aldosivi,2,0,,,Primera Division - Apertura,2026,zonas,Zona B,Fecha 12,Eva Perón,false,https://es.wikipedia.org/wiki/Anexo:Torneo_Apertura_2026_(Argentina),
2026-03-22,16:00,Chacarita Juniors,Atlético de Rafaela,0,1,,,Primera Nacional,2026,zonas,Zona B,Fecha 6,Chacarita Juniors,false,https://es.wikipedia.org/wiki/Campeonato_de_Primera_Nacional_2026,
2026-03-22,16:00,Defensores de Belgrano (VR),Gimnasia y Esgrima (CdU),2,1,,,Torneo Federal A,2026,zonas,Zona 1,Fecha 1,Salomón Boeseldín,false,https://es.wikipedia.org/wiki/Torneo_Federal_A_2026,
2026-03-22,16:00,El Linqueño,Sportivo Las Parejas,1,0,,,Torneo Federal A,2026,zonas,Zona 1,Fecha 1,Leonardo Costa,false,https://es.wikipedia.org/wiki/Torneo_Federal_A_2026,
2026-03-22,16:00,Guillermo Brown,Ramón Santamarina,2,2,,,Torneo Federal A,2026,zonas,Zona 4,Fecha 1,Raúl Conti,false,https://es.wikipedia.org/wiki/Torneo_Federal_A_2026,
2026-03-22,16:00,Independiente (C),Atlético Escobar,2,1,,,Torneo Federal A,2026,zonas,Zona 1,Fecha 1,Raúl Orlando Lungarzo,false,https://es.wikipedia.org/wiki/Torneo_Federal_A_2026,
2026-03-22,16:00,Kimberley,Villa Mitre,1,0,,,Torneo Federal A,2026,zonas,Zona 4,Fecha 1,José Alberto Valle,false,https://es.wikipedia.org/wiki/Torneo_Federal_A_2026,
2026-03-22,16:00,Olimpo,Alvarado,2,0,,,Torneo Federal A,2026,zonas,Zona 4,Fecha 1,Roberto Natalio Carminatti,false,https://es.wikipedia.org/wiki/Torneo_Federal_A_2026,
2026-03-22,16:00,Patronato,Colegiales,2,0,,,Primera Nacional,2026,zonas,Zona B,Fecha 6,Presbítero Bartolomé Grella,false,https://es.wikipedia.org/wiki/Campeonato_de_Primera_Nacional_2026,
2026-03-22,16:00,San Telmo,Colón,3,1,,,Primera Nacional,2026,zonas,Zona A,Fecha 6,Doctor Osvaldo Baletto,false,https://es.wikipedia.org/wiki/Campeonato_de_Primera_Nacional_2026,
2026-03-22,16:00,Temperley,Atlanta,2,1,,,Primera Nacional,2026,zonas,Zona B,Fecha 6,Alfredo Beranger,false,https://es.wikipedia.org/wiki/Campeonato_de_Primera_Nacional_2026,
2026-03-22,16:00,Tucumán Central,Bartolomé Mitre (P),1,0,,,Torneo Federal A,2026,zonas,Zona 2,Fecha 1,Tucumán Central,false,https://es.wikipedia.org/wiki/Torneo_Federal_A_2026,
2026-03-22,16:30,San Martín (F),Defensores de Vilelas,2,1,,,Torneo Federal A,2026,zonas,Zona 2,Fecha 1,17 de Octubre,false,https://es.wikipedia.org/wiki/Torneo_Federal_A_2026,
2026-03-22,16:45,Huracán Las Heras,Argentino (MM),0,0,,,Torneo Federal A,2026,zonas,Zona 3,Fecha 1,General San Martín,false,https://es.wikipedia.org/wiki/Torneo_Federal_A_2026,
2026-03-22,17:00,Boca Unidos,Sarmiento (LB),3,1,,,Torneo Federal A,2026,zonas,Zona 2,Fecha 1,Leoncio Benítez,false,https://es.wikipedia.org/wiki/Torneo_Federal_A_2026,
2026-03-22,17:00,Central Norte (S),All Boys,1,0,,,Primera Nacional,2026,zonas,Zona A,Fecha 6,Padre Ernesto Martearena,false,https://es.wikipedia.org/wiki/Campeonato_de_Primera_Nacional_2026,
2026-03-22,17:00,Güemes (SdE),Agropecuario,1,1,,,Primera Nacional,2026,zonas,Zona B,Fecha 6,Arturo Miranda,false,https://es.wikipedia.org/wiki/Campeonato_de_Primera_Nacional_2026,
2026-03-22,17:30,Douglas Haig,Gimnasia y Esgrima (C),2,1,,,Torneo Federal A,2026,zonas,Zona 1,Fecha 1,Miguel Morales,false,https://es.wikipedia.org/wiki/Torneo_Federal_A_2026,
2026-03-22,17:45,Estudiantes (RC),River Plate,0,2,,,Primera Division - Apertura,2026,zonas,Zona B,Fecha 12,Antonio Candini,false,https://es.wikipedia.org/wiki/Anexo:Torneo_Apertura_2026_(Argentina),
2026-03-22,19:00,Deportivo Maipú,Ferrocarril Midland,0,1,,,Primera Nacional,2026,zonas,Zona B,Fecha 6,Omar Higinio Sperdutti,false,https://es.wikipedia.org/wiki/Campeonato_de_Primera_Nacional_2026,
2026-03-22,20:00,Boca Juniors,Instituto,2,0,,,Primera Division - Apertura,2026,zonas,Zona A,Fecha 12,La Bombonera,false,https://es.wikipedia.org/wiki/Anexo:Torneo_Apertura_2026_(Argentina),
2026-03-22,22:15,Argentinos Juniors,Platense,1,0,,,Primera Division - Apertura,2026,zonas,Interzonal,Fecha 12,Diego Armando Maradona,false,https://es.wikipedia.org/wiki/Anexo:Torneo_Apertura_2026_(Argentina),
2026-03-22,22:15,Independiente Rivadavia,Rosario Central,2,0,,,Primera Division - Apertura,2026,zonas,Zona B,Fecha 12,Bautista Gargantini,false,https://es.wikipedia.org/wiki/Anexo:Torneo_Apertura_2026_(Argentina),
2026-03-23,14:30,Leones de Rosario,Centro Español,1,4,,,Primera C,2026,zonas,Interzonal,Fecha 4,Antonio Di Giacomo,false,https://es.wikipedia.org/wiki/Campeonato_de_Primera_C_2026_(Argentina),
2026-03-23,15:30,Argentino de Rosario,Yupanqui,1,1,,,Primera C,2026,zonas,Interzonal,Fecha 4,José Martín Olaeta,false,https://es.wikipedia.org/wiki/Campeonato_de_Primera_C_2026_(Argentina),
2026-03-23,15:30,Dock Sud,Villa San Carlos,2,0,,,Primera B,2026,zonas,,Fecha 7,De los Inmigrantes,false,https://es.wikipedia.org/wiki/Campeonato_de_Primera_B_2026_(Argentina),
2026-03-23,15:30,Fénix,Puerto Nuevo,0,0,,,Primera C,2026,zonas,Interzonal,Fecha 4,José Manuel Moreno,false,https://es.wikipedia.org/wiki/Campeonato_de_Primera_C_2026_(Argentina),
2026-03-23,15:30,Muñiz,J. J. de Urquiza,1,1,,,Primera C,2026,zonas,Interzonal,Fecha 4,Ricardo Puga,false,https://es.wikipedia.org/wiki/Campeonato_de_Primera_C_2026_(Argentina),
2026-03-23,15:30,Victoriano Arenas,Deportivo Español,0,0,,,Primera C,2026,zonas,Interzonal,Fecha 4,Saturnino Moure,false,https://es.wikipedia.org/wiki/Campeonato_de_Primera_C_2026_(Argentina),
2026-03-23,16:00,Nueva Chicago,Gimnasia y Tiro (S),3,1,,,Primera Nacional,2026,zonas,Zona B,Fecha 6,Nueva Chicago,false,https://es.wikipedia.org/wiki/Campeonato_de_Primera_Nacional_2026,
2026-03-23,19:00,Estudiantes (LP),Central Córdoba (SdE),5,0,,,Primera Division - Apertura,2026,zonas,Zona A,Fecha 12,Jorge Luis Hirschi,false,https://es.wikipedia.org/wiki/Anexo:Torneo_Apertura_2026_(Argentina),
2026-03-23,20:30,Comunicaciones,Liniers,2,0,,,Primera B,2026,zonas,,Fecha 7,Alfredo Ramos,false,https://es.wikipedia.org/wiki/Campeonato_de_Primera_B_2026_(Argentina),
2026-03-23,21:15,Huracán,Barracas Central,0,0,,,Primera Division - Apertura,2026,zonas,Zona B,Fecha 12,Tomás Adolfo Ducó,false,https://es.wikipedia.org/wiki/Anexo:Torneo_Apertura_2026_(Argentina),
2026-03-25,,Atlético Tucumán,Sportivo Barracas,2,1,,,Copa Argentina,2026,eliminacion,,Treintaidosavos,Ciudad de Caseros,true,https://es.wikipedia.org/wiki/Copa_Argentina_2026,
2026-03-25,,Banfield,Real Pilar,3,0,,,Copa Argentina,2026,eliminacion,,Treintaidosavos,Alfredo Beranger,true,https://es.wikipedia.org/wiki/Copa_Argentina_2026,
2026-03-25,19:00,Deportivo Riestra,San Lorenzo,1,1,,,Primera Division - Apertura,2026,zonas,Zona A,Fecha 12,Guillermo Laza,false,https://es.wikipedia.org/wiki/Anexo:Torneo_Apertura_2026_(Argentina),
2026-03-26,21:00,Argentinos Juniors,Lanús,2,1,,,Primera Division - Apertura,2026,zonas,Interzonal,Fecha 6,Diego Armando Maradona,false,https://es.wikipedia.org/wiki/Anexo:Torneo_Apertura_2026_(Argentina),
2026-03-27,,Belgrano,Atlético de Rafaela,3,0,,,Copa Argentina,2026,eliminacion,,Treintaidosavos,Único La Pedrera,true,https://es.wikipedia.org/wiki/Copa_Argentina_2026,
2026-03-27,,Independiente,Atenas (RC),4,2,,,Copa Argentina,2026,eliminacion,,Treintaidosavos,Norberto Tomaghello,true,https://es.wikipedia.org/wiki/Copa_Argentina_2026,
2026-03-27,18:15,Ciudad de Bolívar,Agropecuario,0,0,,,Primera Nacional,2026,zonas,Interzonal,Fecha 7,Municipal Eva Perón,false,https://es.wikipedia.org/wiki/Campeonato_de_Primera_Nacional_2026,
2026-03-27,22:00,Juventud Antoniana,Sol de América (F),2,1,,,Torneo Federal A,2026,zonas,Zona 2,Fecha 2,Padre Ernesto Martearena,false,https://es.wikipedia.org/wiki/Torneo_Federal_A_2026,
2026-03-27,22:10,Chaco For Ever,Gimnasia y Esgrima (J),1,2,,,Primera Nacional,2026,zonas,Interzonal,Fecha 7,Juan Alberto García,false,https://es.wikipedia.org/wiki/Campeonato_de_Primera_Nacional_2026,
2026-03-27,22:10,San Martín (SJ),Racing (C),0,0,,,Primera Nacional,2026,zonas,Interzonal,Fecha 7,Ingeniero Hilario Sánchez,false,https://es.wikipedia.org/wiki/Campeonato_de_Primera_Nacional_2026,
2026-03-28,,Racing Club,San Martín (F),1,0,,,Copa Argentina,2026,eliminacion,,Treintaidosavos,Florencio Sola,true,https://es.wikipedia.org/wiki/Copa_Argentina_2026,
2026-03-28,11:00,FADEP,Deportivo Rincón,2,2,,,Torneo Federal A,2026,zonas,Zona 3,Fecha 2,Predio Social y Deportivo FADEP,false,https://es.wikipedia.org/wiki/Torneo_Federal_A_2026,
2026-03-28,14:00,Arsenal,Deportivo Laferrere,3,0,,,Primera B,2026,zonas,,Fecha 8,Julio Humberto Grondona,false,https://es.wikipedia.org/wiki/Campeonato_de_Primera_B_2026_(Argentina),
2026-03-28,14:00,Deportivo Camioneros,Ituzaingó,2,1,,,Primera B,2026,zonas,,Fecha 8,Hugo Moyano,false,https://es.wikipedia.org/wiki/Campeonato_de_Primera_B_2026_(Argentina),
2026-03-28,14:00,UAI Urquiza,Flandria,2,0,,,Primera B,2026,zonas,,Fecha 8,Monumental de Villa Lynch,false,https://es.wikipedia.org/wiki/Campeonato_de_Primera_B_2026_(Argentina),
2026-03-28,14:00,Villa San Carlos,Comunicaciones,0,1,,,Primera B,2026,zonas,,Fecha 8,Genacio Sálice,false,https://es.wikipedia.org/wiki/Campeonato_de_Primera_B_2026_(Argentina),
2026-03-28,15:00,Atlanta,Ferro Carril Oeste,0,1,,,Primera Nacional,2026,zonas,Interzonal,Fecha 7,Don León Kolbowsky,false,https://es.wikipedia.org/wiki/Campeonato_de_Primera_Nacional_2026,
2026-03-28,15:30,Almagro,Deportivo Morón,2,0,,,Primera Nacional,2026,zonas,Interzonal,Fecha 7,Tres de Febrero,false,https://es.wikipedia.org/wiki/Campeonato_de_Primera_Nacional_2026,
2026-03-28,15:30,Central Ballester,Luján,2,3,,,Primera C,2026,zonas,Zona B,Fecha 5,Predio Cacique,false,https://es.wikipedia.org/wiki/Campeonato_de_Primera_C_2026_(Argentina),
2026-03-28,15:30,Central Córdoba (R),Leones de Rosario,0,1,,,Primera C,2026,zonas,Zona B,Fecha 5,Gabino Sosa,false,https://es.wikipedia.org/wiki/Campeonato_de_Primera_C_2026_(Argentina),
2026-03-28,15:30,Claypole,General Lamadrid,2,2,,,Primera C,2026,zonas,Zona B,Fecha 5,Rodolfo Capocasa,false,https://es.wikipedia.org/wiki/Campeonato_de_Primera_C_2026_(Argentina),
2026-03-28,15:30,Deportivo Paraguayo,Estrella del Sur,1,3,,,Primera C,2026,zonas,Zona A,Fecha 5,Deportivo Paraguayo,false,https://es.wikipedia.org/wiki/Campeonato_de_Primera_C_2026_(Argentina),
2026-03-28,15:30,J. J. de Urquiza,Victoriano Arenas,1,0,,,Primera C,2026,zonas,Zona A,Fecha 5,Ramón Roque Martín,false,https://es.wikipedia.org/wiki/Campeonato_de_Primera_C_2026_(Argentina),
2026-03-28,15:30,Leandro N. Alem,Sacachispas,0,5,,,Primera C,2026,zonas,Zona A,Fecha 5,Leandro N. Alem,false,https://es.wikipedia.org/wiki/Campeonato_de_Primera_C_2026_(Argentina),
2026-03-28,15:30,Yupanqui,Fénix,0,0,,,Primera C,2026,zonas,Zona B,Fecha 5,Ciudad Evita,false,https://es.wikipedia.org/wiki/Campeonato_de_Primera_C_2026_(Argentina),
2026-03-28,16:00,Almirante Brown,Tristán Suárez,0,1,,,Primera Nacional,2026,zonas,Interzonal,Fecha 7,Fragata Presidente Sarmiento,false,https://es.wikipedia.org/wiki/Campeonato_de_Primera_Nacional_2026,
2026-03-28,16:00,Defensores de Vilelas,Tucumán Central,1,0,,,Torneo Federal A,2026,zonas,Zona 2,Fecha 2,Centenario,false,https://es.wikipedia.org/wiki/Torneo_Federal_A_2026,
2026-03-28,16:00,Villa Dálmine,Deportivo Armenio,2,0,,,Primera B,2026,zonas,,Fecha 8,El Coliseo de Mitre y Puccini,false,https://es.wikipedia.org/wiki/Campeonato_de_Primera_B_2026_(Argentina),
2026-03-28,16:30,Juventud Unida Universitario,Huracán Las Heras,2,0,,,Torneo Federal A,2026,zonas,Zona 3,Fecha 2,Mario Sebastián Diez,false,https://es.wikipedia.org/wiki/Torneo_Federal_A_2026,
2026-03-28,17:30,Mercedes,Berazategui,0,2,,,Primera C,2026,zonas,Zona A,Fecha 5,Liga Mercedina,false,https://es.wikipedia.org/wiki/Campeonato_de_Primera_C_2026_(Argentina),
2026-03-28,19:00,Ramón Santamarina,Sol de Mayo (V),0,2,,,Torneo Federal A,2026,zonas,Zona 4,Fecha 2,Municipal General San Martín,false,https://es.wikipedia.org/wiki/Torneo_Federal_A_2026,
2026-03-28,20:00,Colegiales,San Miguel,0,0,,,Primera Nacional,2026,zonas,Interzonal,Fecha 7,Libertarios Unidos,false,https://es.wikipedia.org/wiki/Campeonato_de_Primera_Nacional_2026,
2026-03-28,20:00,Excursionistas,Brown de Adrogué,1,0,,,Primera B,2026,zonas,,Fecha 8,Excursionistas,false,https://es.wikipedia.org/wiki/Campeonato_de_Primera_B_2026_(Argentina),
2026-03-29,,Huracán,Olimpo,2,1,,,Copa Argentina,2026,eliminacion,,Treintaidosavos,Ciudad de Caseros,true,https://es.wikipedia.org/wiki/Copa_Argentina_2026,
2026-03-29,,Newell's Old Boys,Acassuso,0,2,,,Copa Argentina,2026,eliminacion,,Treintaidosavos,Nuevo Monumental,true,https://es.wikipedia.org/wiki/Copa_Argentina_2026,
2026-03-29,11:00,9 de Julio (R),Independiente (C),3,2,,,Torneo Federal A,2026,zonas,Zona 1,Fecha 2,Germán Solterman,false,https://es.wikipedia.org/wiki/Torneo_Federal_A_2026,
2026-03-29,14:00,Liniers,Defensores Unidos,1,1,,,Primera B,2026,zonas,,Fecha 8,Juan Antonio Arias,false,https://es.wikipedia.org/wiki/Campeonato_de_Primera_B_2026_(Argentina),
2026-03-29,14:00,Sportivo Italiano,Deportivo Merlo,2,1,,,Primera B,2026,zonas,,Fecha 8,República de Italia,false,https://es.wikipedia.org/wiki/Campeonato_de_Primera_B_2026_(Argentina),
2026-03-29,15:00,Germinal,Kimberley,0,0,,,Torneo Federal A,2026,zonas,Zona 4,Fecha 2,El Fortín (R),false,https://es.wikipedia.org/wiki/Torneo_Federal_A_2026,
2026-03-29,15:00,Los Andes,Temperley,0,1,,,Primera Nacional,2026,zonas,Interzonal,Fecha 7,Eduardo Gallardón,false,https://es.wikipedia.org/wiki/Campeonato_de_Primera_Nacional_2026,
2026-03-29,15:30,Alvarado,Guillermo Brown,2,0,,,Torneo Federal A,2026,zonas,Zona 4,Fecha 2,José María Minella,false,https://es.wikipedia.org/wiki/Torneo_Federal_A_2026,
2026-03-29,15:30,Cipolletti,San Martín (SM),3,0,,,Torneo Federal A,2026,zonas,Zona 3,Fecha 2,La Visera de Cemento,false,https://es.wikipedia.org/wiki/Torneo_Federal_A_2026,
2026-03-29,15:30,Defensores de Cambaceres,Juventud Unida,3,0,,,Primera C,2026,zonas,Zona A,Fecha 5,12 de Octubre,false,https://es.wikipedia.org/wiki/Campeonato_de_Primera_C_2026_(Argentina),
2026-03-29,15:30,Deportivo Español,Atlas,1,1,,,Primera C,2026,zonas,Zona B,Fecha 5,Nueva España,false,https://es.wikipedia.org/wiki/Campeonato_de_Primera_C_2026_(Argentina),
2026-03-29,15:30,Gimnasia y Esgrima (C),Sportivo Belgrano,0,0,,,Torneo Federal A,2026,zonas,Zona 1,Fecha 2,José María Paz,false,https://es.wikipedia.org/wiki/Torneo_Federal_A_2026,
2026-03-29,15:30,Nueva Chicago,All Boys,0,0,,,Primera Nacional,2026,zonas,Interzonal,Fecha 7,Nueva Chicago,false,https://es.wikipedia.org/wiki/Campeonato_de_Primera_Nacional_2026,
2026-03-29,15:30,Puerto Nuevo,Argentino de Rosario,1,1,,,Primera C,2026,zonas,Zona A,Fecha 5,Rubén Carlos Vallejos,false,https://es.wikipedia.org/wiki/Campeonato_de_Primera_C_2026_(Argentina),
2026-03-29,16:00,Argentino (MM),Costa Brava,0,0,,,Torneo Federal A,2026,zonas,Zona 3,Fecha 2,Modesto Marrone,false,https://es.wikipedia.org/wiki/Torneo_Federal_A_2026,
2026-03-29,16:00,Argentino de Merlo,Talleres (RdE),0,1,,,Primera B,2026,zonas,,Fecha 8,Juan Carlos Brieva,false,https://es.wikipedia.org/wiki/Campeonato_de_Primera_B_2026_(Argentina),
2026-03-29,16:00,Bartolomé Mitre (P),Boca Unidos,1,0,,,Torneo Federal A,2026,zonas,Zona 2,Fecha 2,Ernesto Cucchiaroni,false,https://es.wikipedia.org/wiki/Torneo_Federal_A_2026,
2026-03-29,16:00,Chacarita Juniors,Estudiantes (BA),0,3,,,Primera Nacional,2026,zonas,Interzonal,Fecha 7,Chacarita Juniors,false,https://es.wikipedia.org/wiki/Campeonato_de_Primera_Nacional_2026,
2026-03-29,16:00,Defensores de Belgrano (VR),El Linqueño,3,1,,,Torneo Federal A,2026,zonas,Zona 1,Fecha 2,Salomón Boeseldín,false,https://es.wikipedia.org/wiki/Torneo_Federal_A_2026,
2026-03-29,16:00,Deportivo Madryn,San Martín (T),1,1,,,Primera Nacional,2026,zonas,Interzonal,Fecha 7,Abel Sastre,false,https://es.wikipedia.org/wiki/Campeonato_de_Primera_Nacional_2026,
2026-03-29,16:00,Patronato,Colón,0,2,,,Primera Nacional,2026,zonas,Interzonal,Fecha 7,Presbítero Bartolomé Grella,false,https://es.wikipedia.org/wiki/Campeonato_de_Primera_Nacional_2026,
2026-03-29,16:00,Real Pilar,Argentino de Quilmes,3,2,,,Primera B,2026,zonas,,Fecha 8,Carlos Barraza,false,https://es.wikipedia.org/wiki/Campeonato_de_Primera_B_2026_(Argentina),
2026-03-29,16:00,San Martín (B),Dock Sud,1,1,,,Primera B,2026,zonas,,Fecha 8,Francisco Boga,false,https://es.wikipedia.org/wiki/Campeonato_de_Primera_B_2026_(Argentina),
2026-03-29,16:00,San Telmo,Quilmes,0,3,,,Primera Nacional,2026,zonas,Interzonal,Fecha 7,Doctor Osvaldo Baletto,false,https://es.wikipedia.org/wiki/Campeonato_de_Primera_Nacional_2026,
2026-03-29,16:00,Villa Mitre,Círculo Deportivo,2,0,,,Torneo Federal A,2026,zonas,Zona 4,Fecha 2,El Fortín (BB),false,https://es.wikipedia.org/wiki/Torneo_Federal_A_2026,
2026-03-29,16:30,Gimnasia y Esgrima (CdU),Douglas Haig,1,3,,,Torneo Federal A,2026,zonas,Zona 1,Fecha 2,Manuel y Ramón Núñez,false,https://es.wikipedia.org/wiki/Torneo_Federal_A_2026,
2026-03-29,17:00,Deportivo Maipú,Godoy Cruz,0,1,,,Primera Nacional,2026,zonas,Interzonal,Fecha 7,Omar Higinio Sperdutti,false,https://es.wikipedia.org/wiki/Campeonato_de_Primera_Nacional_2026,
2026-03-29,17:00,Güemes (SdE),Mitre (SdE),2,2,,,Primera Nacional,2026,zonas,Interzonal,Fecha 7,Arturo Miranda,false,https://es.wikipedia.org/wiki/Campeonato_de_Primera_Nacional_2026,
2026-03-29,17:30,Gimnasia y Tiro (S),Central Norte (S),0,1,,,Primera Nacional,2026,zonas,Interzonal,Fecha 7,Gigante del Norte,false,https://es.wikipedia.org/wiki/Campeonato_de_Primera_Nacional_2026,
2026-03-29,18:00,Sarmiento (LB),Sarmiento (R),1,1,,,Torneo Federal A,2026,zonas,Zona 2,Fecha 2,Ciudad de La Banda,false,https://es.wikipedia.org/wiki/Torneo_Federal_A_2026,
2026-03-30,,Unión,Agropecuario,2,0,,,Copa Argentina,2026,eliminacion,,Treintaidosavos,Marcelo Bielsa,true,https://es.wikipedia.org/wiki/Copa_Argentina_2026,
2026-03-30,15:30,Centro Español,Lugano,1,3,,,Primera C,2026,zonas,Zona A,Fecha 5,Carlos Sacaan,false,https://es.wikipedia.org/wiki/Campeonato_de_Primera_C_2026_(Argentina),
2026-03-30,15:30,El Porvenir,Sportivo Barracas,2,2,,,Primera C,2026,zonas,Zona B,Fecha 5,Gildo Francisco Ghersinich,false,https://es.wikipedia.org/wiki/Campeonato_de_Primera_C_2026_(Argentina),
2026-03-30,15:30,Muñiz,Cañuelas,1,1,,,Primera C,2026,zonas,Zona B,Fecha 5,Ricardo Puga,false,https://es.wikipedia.org/wiki/Campeonato_de_Primera_C_2026_(Argentina),
2026-03-30,16:00,Atlético Escobar,Sportivo Las Parejas,1,1,,,Torneo Federal A,2026,zonas,Zona 1,Fecha 2,Armenía,false,https://es.wikipedia.org/wiki/Torneo_Federal_A_2026,
2026-03-30,16:00,Defensores de Belgrano,Atlético de Rafaela,1,1,,,Primera Nacional,2026,zonas,Interzonal,Fecha 7,Juan Pasquale,false,https://es.wikipedia.org/wiki/Campeonato_de_Primera_Nacional_2026,
2026-03-31,15:30,Aldosivi,Argentinos Juniors,0,2,,,Primera Division - Apertura,2026,zonas,Zona B,Fecha 7,José María Minella,false,https://es.wikipedia.org/wiki/Anexo:Torneo_Apertura_2026_(Argentina),
2026-04-01,,Defensa y Justicia,Chaco For Ever,2,1,,,Copa Argentina,2026,eliminacion,,Treintaidosavos,Florencio Sola,true,https://es.wikipedia.org/wiki/Copa_Argentina_2026,
2026-04-01,,Instituto,Atlanta,2,0,,,Copa Argentina,2026,eliminacion,,Treintaidosavos,Nuevo Monumental,true,https://es.wikipedia.org/wiki/Copa_Argentina_2026,
2026-04-01,20:00,Lanús,Platense,0,0,,,Primera Division - Apertura,2026,zonas,Zona A,Fecha 13,Ciudad de Lanús,false,https://es.wikipedia.org/wiki/Anexo:Torneo_Apertura_2026_(Argentina),
2026-04-02,15:00,Barracas Central,Sarmiento (J),1,2,,,Primera Division - Apertura,2026,zonas,Zona B,Fecha 13,Claudio Chiqui Tapia,false,https://es.wikipedia.org/wiki/Anexo:Torneo_Apertura_2026_(Argentina),
2026-04-02,17:30,Tigre,Independiente Rivadavia,0,2,,,Primera Division - Apertura,2026,zonas,Zona B,Fecha 13,Monumental de Victoria,false,https://es.wikipedia.org/wiki/Anexo:Torneo_Apertura_2026_(Argentina),
2026-04-02,20:30,Talleres (C),Boca Juniors,0,1,,,Primera Division - Apertura,2026,zonas,Zona A,Fecha 13,Mario Alberto Kempes,false,https://es.wikipedia.org/wiki/Anexo:Torneo_Apertura_2026_(Argentina),
2026-04-03,15:00,Brown de Adrogué,Villa Dálmine,1,4,,,Primera B,2026,zonas,,Fecha 9,Lorenzo Arandilla,false,https://es.wikipedia.org/wiki/Campeonato_de_Primera_B_2026_(Argentina),
2026-04-03,15:00,Gimnasia y Esgrima (M),Vélez Sarsfield,3,2,,,Primera Division - Apertura,2026,zonas,Zona A,Fecha 13,Víctor Antonio Legrotaglie,false,https://es.wikipedia.org/wiki/Anexo:Torneo_Apertura_2026_(Argentina),
2026-04-03,15:30,Sol de Mayo (V),Alvarado,0,0,,,Torneo Federal A,2026,zonas,Zona 4,Fecha 3,Sol de Mayo,false,https://es.wikipedia.org/wiki/Torneo_Federal_A_2026,
2026-04-03,15:30,Victoriano Arenas,Centro Español,0,0,,,Primera C,2026,zonas,Zona A,Fecha 6,Saturnino Moure,false,https://es.wikipedia.org/wiki/Campeonato_de_Primera_C_2026_(Argentina),
2026-04-03,17:15,Unión,Deportivo Riestra,2,0,,,Primera Division - Apertura,2026,zonas,Zona A,Fecha 13,15 de Abril,false,https://es.wikipedia.org/wiki/Anexo:Torneo_Apertura_2026_(Argentina),
2026-04-03,19:00,Ituzaingó,Argentino de Merlo,0,1,,,Primera B,2026,zonas,,Fecha 9,Carlos Sacaan,false,https://es.wikipedia.org/wiki/Campeonato_de_Primera_B_2026_(Argentina),
2026-04-03,19:30,San Lorenzo,Estudiantes (LP),1,0,,,Primera Division - Apertura,2026,zonas,Zona A,Fecha 13,Nuevo Gasómetro,false,https://es.wikipedia.org/wiki/Anexo:Torneo_Apertura_2026_(Argentina),
2026-04-03,22:00,Gimnasia y Tiro (S),San Martín (SJ),1,1,,,Primera Nacional,2026,zonas,Zona B,Fecha 8,Gigante del Norte,false,https://es.wikipedia.org/wiki/Campeonato_de_Primera_Nacional_2026,
2026-04-04,13:30,Aldosivi,Estudiantes (RC),0,0,,,Primera Division - Apertura,2026,zonas,Zona B,Fecha 13,José María Minella,false,https://es.wikipedia.org/wiki/Anexo:Torneo_Apertura_2026_(Argentina),
2026-04-04,14:00,Defensores Unidos,Villa San Carlos,2,0,,,Primera B,2026,zonas,,Fecha 9,Mario Losinno,false,https://es.wikipedia.org/wiki/Campeonato_de_Primera_B_2026_(Argentina),
2026-04-04,14:00,Talleres (RdE),Arsenal,0,1,,,Primera B,2026,zonas,,Fecha 9,Pablo Comelli,false,https://es.wikipedia.org/wiki/Campeonato_de_Primera_B_2026_(Argentina),
2026-04-04,15:00,Deportivo Armenio,UAI Urquiza,2,1,,,Primera B,2026,zonas,,Fecha 9,Armenia,false,https://es.wikipedia.org/wiki/Campeonato_de_Primera_B_2026_(Argentina),
2026-04-04,15:00,Flandria,Real Pilar,1,3,,,Primera B,2026,zonas,,Fecha 9,Carlos V,false,https://es.wikipedia.org/wiki/Campeonato_de_Primera_B_2026_(Argentina),
2026-04-04,15:30,All Boys,Ferro Carril Oeste,0,0,,,Primera Nacional,2026,zonas,Zona A,Fecha 8,Islas Malvinas,false,https://es.wikipedia.org/wiki/Campeonato_de_Primera_Nacional_2026,
2026-04-04,15:30,Cañuelas,Yupanqui,0,1,,,Primera C,2026,zonas,Zona B,Fecha 6,Jorge Arin,false,https://es.wikipedia.org/wiki/Campeonato_de_Primera_C_2026_(Argentina),
2026-04-04,15:30,Círculo Deportivo,Germinal,2,1,,,Torneo Federal A,2026,zonas,Zona 4,Fecha 3,Guillermo Trama,false,https://es.wikipedia.org/wiki/Torneo_Federal_A_2026,
2026-04-04,15:30,Deportivo Laferrere,Excursionistas,1,0,,,Primera B,2026,zonas,,Fecha 9,Ciudad de Laferrere,false,https://es.wikipedia.org/wiki/Campeonato_de_Primera_B_2026_(Argentina),
2026-04-04,15:30,General Lamadrid,Central Córdoba (R),1,0,,,Primera C,2026,zonas,Zona B,Fecha 6,Enrique Sexto,false,https://es.wikipedia.org/wiki/Campeonato_de_Primera_C_2026_(Argentina),
2026-04-04,15:30,Leones de Rosario,Deportivo Español,1,1,,,Primera C,2026,zonas,Zona B,Fecha 6,Antonio Di Giacomo,false,https://es.wikipedia.org/wiki/Campeonato_de_Primera_C_2026_(Argentina),
2026-04-04,15:30,Lugano,Defensores de Cambaceres,1,2,,,Primera C,2026,zonas,Zona A,Fecha 6,José María Moraños,false,https://es.wikipedia.org/wiki/Campeonato_de_Primera_C_2026_(Argentina),
2026-04-04,16:00,Agropecuario,Tristán Suárez,0,2,,,Primera Nacional,2026,zonas,Zona B,Fecha 8,Ofelia Rosenzuaig,false,https://es.wikipedia.org/wiki/Campeonato_de_Primera_Nacional_2026,
2026-04-04,16:00,Argentino de Quilmes,Liniers,1,2,,,Primera B,2026,zonas,,Fecha 9,Argentino de Quilmes,false,https://es.wikipedia.org/wiki/Campeonato_de_Primera_B_2026_(Argentina),
2026-04-04,16:00,Colegiales,Almagro,1,0,,,Primera Nacional,2026,zonas,Zona B,Fecha 8,Libertarios Unidos,false,https://es.wikipedia.org/wiki/Campeonato_de_Primera_Nacional_2026,
2026-04-04,16:00,Estudiantes (BA),Central Norte (S),1,0,,,Primera Nacional,2026,zonas,Zona A,Fecha 8,Ciudad de Caseros,false,https://es.wikipedia.org/wiki/Campeonato_de_Primera_Nacional_2026,
2026-04-04,16:00,Ferrocarril Midland,Temperley,0,0,,,Primera Nacional,2026,zonas,Zona B,Fecha 8,Ciudad de Libertad,false,https://es.wikipedia.org/wiki/Campeonato_de_Primera_Nacional_2026,
2026-04-04,16:30,Godoy Cruz,Acassuso,2,0,,,Primera Nacional,2026,zonas,Zona A,Fecha 8,Feliciano Gambarte,false,https://es.wikipedia.org/wiki/Campeonato_de_Primera_Nacional_2026,
2026-04-04,17:00,Boca Unidos,Defensores de Vilelas,2,4,,,Torneo Federal A,2026,zonas,Zona 2,Fecha 3,Leoncio Benítez,false,https://es.wikipedia.org/wiki/Torneo_Federal_A_2026,
2026-04-04,17:30,Independiente,Racing Club,1,0,,,Primera Division - Apertura,2026,zonas,Interzonal,Fecha 13,Libertadores de América,false,https://es.wikipedia.org/wiki/Anexo:Torneo_Apertura_2026_(Argentina),
2026-04-04,17:30,San Martín (T),Chacarita Juniors,1,1,,,Primera Nacional,2026,zonas,Zona B,Fecha 8,La Ciudadela,false,https://es.wikipedia.org/wiki/Campeonato_de_Primera_Nacional_2026,
2026-04-04,18:00,Costa Brava,Juventud Unida Universitario,1,1,,,Torneo Federal A,2026,zonas,Zona 3,Fecha 3,Nuevo Pacaembú,false,https://es.wikipedia.org/wiki/Torneo_Federal_A_2026,
2026-04-04,19:00,Colón,San Miguel,3,0,,,Primera Nacional,2026,zonas,Zona A,Fecha 8,Brigadier General Estanislao López,false,https://es.wikipedia.org/wiki/Campeonato_de_Primera_Nacional_2026,
2026-04-04,21:00,Rosario Central,Atlético Tucumán,2,1,,,Primera Division - Apertura,2026,zonas,Zona B,Fecha 13,Gigante de Arroyito,false,https://es.wikipedia.org/wiki/Anexo:Torneo_Apertura_2026_(Argentina),
2026-04-05,15:30,Almirante Brown,Defensores de Belgrano,0,2,,,Primera Nacional,2026,zonas,Zona A,Fecha 8,Fragata Presidente Sarmiento,false,https://es.wikipedia.org/wiki/Campeonato_de_Primera_Nacional_2026,
2026-04-05,15:30,Argentino de Rosario,Deportivo Paraguayo,2,0,,,Primera C,2026,zonas,Zona A,Fecha 6,José Martín Olaeta,false,https://es.wikipedia.org/wiki/Campeonato_de_Primera_C_2026_(Argentina),
2026-04-05,15:30,Atlas,Muñiz,1,1,,,Primera C,2026,zonas,Zona B,Fecha 6,Ricardo Puga,false,https://es.wikipedia.org/wiki/Campeonato_de_Primera_C_2026_(Argentina),
2026-04-05,15:30,Comunicaciones,San Martín (B),0,1,,,Primera B,2026,zonas,,Fecha 9,Alfredo Ramos,false,https://es.wikipedia.org/wiki/Campeonato_de_Primera_B_2026_(Argentina),
2026-04-05,15:30,Deportivo Morón,San Telmo,1,0,,,Primera Nacional,2026,zonas,Zona A,Fecha 8,Nuevo Francisco Urbano,false,https://es.wikipedia.org/wiki/Campeonato_de_Primera_Nacional_2026,
2026-04-05,15:30,Dock Sud,Sportivo Italiano,1,3,,,Primera B,2026,zonas,,Fecha 9,De los Inmigrantes,false,https://es.wikipedia.org/wiki/Campeonato_de_Primera_B_2026_(Argentina),
2026-04-05,15:30,Estrella del Sur,Mercedes,0,0,,,Primera C,2026,zonas,Zona A,Fecha 6,Ciudad de San Vicente,false,https://es.wikipedia.org/wiki/Campeonato_de_Primera_C_2026_(Argentina),
2026-04-05,15:30,Gimnasia y Esgrima (LP),Huracán,0,3,,,Primera Division - Apertura,2026,zonas,Zona B,Fecha 13,Del Bosque,false,https://es.wikipedia.org/wiki/Anexo:Torneo_Apertura_2026_(Argentina),
2026-04-05,15:30,Guillermo Brown,Olimpo,0,2,,,Torneo Federal A,2026,zonas,Zona 4,Fecha 3,Raúl Conti,false,https://es.wikipedia.org/wiki/Torneo_Federal_A_2026,
2026-04-05,15:30,Juventud Unida,Leandro N. Alem,1,1,,,Primera C,2026,zonas,Zona A,Fecha 6,Ciudad de San Miguel,false,https://es.wikipedia.org/wiki/Campeonato_de_Primera_C_2026_(Argentina),
2026-04-05,15:30,Kimberley,Ramón Santamarina,0,0,,,Torneo Federal A,2026,zonas,Zona 4,Fecha 3,José Alberto Valle,false,https://es.wikipedia.org/wiki/Torneo_Federal_A_2026,
2026-04-05,15:30,Los Andes,Chaco For Ever,2,0,,,Primera Nacional,2026,zonas,Zona A,Fecha 8,Eduardo Gallardón,false,https://es.wikipedia.org/wiki/Campeonato_de_Primera_Nacional_2026,
2026-04-05,15:30,Luján,Claypole,0,1,,,Primera C,2026,zonas,Zona B,Fecha 6,1.º de Abril,false,https://es.wikipedia.org/wiki/Campeonato_de_Primera_C_2026_(Argentina),
2026-04-05,15:30,Sportivo Barracas,Central Ballester,0,2,,,Primera C,2026,zonas,Zona B,Fecha 6,Tres de Febrero,false,https://es.wikipedia.org/wiki/Campeonato_de_Primera_C_2026_(Argentina),
2026-04-05,16:00,Deportivo Rincón,Argentino (MM),2,0,,,Torneo Federal A,2026,zonas,Zona 3,Fecha 3,Elías Moisés Gómez,false,https://es.wikipedia.org/wiki/Torneo_Federal_A_2026,
2026-04-05,16:00,El Linqueño,Atlético Escobar,2,1,,,Torneo Federal A,2026,zonas,Zona 1,Fecha 3,Leonardo Costa,false,https://es.wikipedia.org/wiki/Torneo_Federal_A_2026,
2026-04-05,16:00,Independiente (C),Gimnasia y Esgrima (C),3,0,,,Torneo Federal A,2026,zonas,Zona 1,Fecha 3,Raúl Orlando Lungarzo,false,https://es.wikipedia.org/wiki/Torneo_Federal_A_2026,
2026-04-05,16:00,Sportivo Las Parejas,9 de Julio (R),1,1,,,Torneo Federal A,2026,zonas,Zona 1,Fecha 3,4 de Septiembre,false,https://es.wikipedia.org/wiki/Torneo_Federal_A_2026,
2026-04-05,16:00,Tucumán Central,San Martín (F),2,0,,,Torneo Federal A,2026,zonas,Zona 2,Fecha 3,Tucumán Central,false,https://es.wikipedia.org/wiki/Torneo_Federal_A_2026,
2026-04-05,16:15,Huracán Las Heras,Cipolletti,1,1,,,Torneo Federal A,2026,zonas,Zona 3,Fecha 3,General San Martín,false,https://es.wikipedia.org/wiki/Torneo_Federal_A_2026,
2026-04-05,16:30,Sol de América (F),Sarmiento (LB),1,0,,,Torneo Federal A,2026,zonas,Zona 2,Fecha 3,Sol de América,false,https://es.wikipedia.org/wiki/Torneo_Federal_A_2026,
2026-04-05,17:00,Gimnasia y Esgrima (J),Patronato,2,0,,,Primera Nacional,2026,zonas,Zona B,Fecha 8,23 de Agosto,false,https://es.wikipedia.org/wiki/Campeonato_de_Primera_Nacional_2026,
2026-04-05,17:00,Quilmes,Deportivo Maipú,2,1,,,Primera Nacional,2026,zonas,Zona B,Fecha 8,Centenario Ciudad de Quilmes,false,https://es.wikipedia.org/wiki/Campeonato_de_Primera_Nacional_2026,
2026-04-05,17:00,Racing (C),Ciudad de Bolívar,0,2,,,Primera Nacional,2026,zonas,Zona A,Fecha 8,Miguel Sancho,false,https://es.wikipedia.org/wiki/Campeonato_de_Primera_Nacional_2026,
2026-04-05,17:00,San Martín (SM),Atenas (RC),1,0,,,Torneo Federal A,2026,zonas,Zona 3,Fecha 3,Libertador General San Martín,false,https://es.wikipedia.org/wiki/Torneo_Federal_A_2026,
2026-04-05,17:30,Douglas Haig,Defensores de Belgrano (VR),3,2,,,Torneo Federal A,2026,zonas,Zona 1,Fecha 3,Miguel Morales,false,https://es.wikipedia.org/wiki/Torneo_Federal_A_2026,
2026-04-05,18:00,Deportivo Merlo,Deportivo Camioneros,1,1,,,Primera B,2026,zonas,,Fecha 9,José Manuel Moreno,false,https://es.wikipedia.org/wiki/Campeonato_de_Primera_B_2026_(Argentina),
2026-04-05,18:00,River Plate,Belgrano,3,0,,,Primera Division - Apertura,2026,zonas,Zona B,Fecha 13,Monumental,false,https://es.wikipedia.org/wiki/Anexo:Torneo_Apertura_2026_(Argentina),
2026-04-05,18:00,Sarmiento (R),Bartolomé Mitre (P),0,0,,,Torneo Federal A,2026,zonas,Zona 2,Fecha 3,Centenario,false,https://es.wikipedia.org/wiki/Torneo_Federal_A_2026,
2026-04-05,19:00,Mitre (SdE),Deportivo Madryn,1,3,,,Primera Nacional,2026,zonas,Zona A,Fecha 8,Doctores José y Antonio Castiglione,false,https://es.wikipedia.org/wiki/Campeonato_de_Primera_Nacional_2026,
2026-04-05,20:00,Atlético de Rafaela,Güemes (SdE),1,2,,,Primera Nacional,2026,zonas,Zona B,Fecha 8,Nuevo Monumental,false,https://es.wikipedia.org/wiki/Campeonato_de_Primera_Nacional_2026,
2026-04-05,20:30,Central Córdoba (SdE),Newell's Old Boys,1,3,,,Primera Division - Apertura,2026,zonas,Zona A,Fecha 13,Único Madre de Ciudades,false,https://es.wikipedia.org/wiki/Anexo:Torneo_Apertura_2026_(Argentina),
2026-04-05,20:30,Sportivo Belgrano,Gimnasia y Esgrima (CdU),0,0,,,Torneo Federal A,2026,zonas,Zona 1,Fecha 3,Juan Pablo Francia,false,https://es.wikipedia.org/wiki/Torneo_Federal_A_2026,
2026-04-06,15:30,Berazategui,J. J. de Urquiza,1,1,,,Primera C,2026,zonas,Zona A,Fecha 6,Norman Lee,false,https://es.wikipedia.org/wiki/Campeonato_de_Primera_C_2026_(Argentina),
2026-04-06,15:30,Sacachispas,Puerto Nuevo,0,2,,,Primera C,2026,zonas,Zona A,Fecha 6,Beto Larossa,false,https://es.wikipedia.org/wiki/Campeonato_de_Primera_C_2026_(Argentina),
2026-04-06,19:00,Argentinos Juniors,Banfield,3,2,,,Primera Division - Apertura,2026,zonas,Zona B,Fecha 13,Diego Armando Maradona,false,https://es.wikipedia.org/wiki/Anexo:Torneo_Apertura_2026_(Argentina),
2026-04-06,21:15,Instituto,Defensa y Justicia,2,0,,,Primera Division - Apertura,2026,zonas,Zona A,Fecha 13,Monumental Presidente Perón,false,https://es.wikipedia.org/wiki/Anexo:Torneo_Apertura_2026_(Argentina),
2026-04-07,,Estudiantes (RC),San Martín (T),0,0,3,4,Copa Argentina,2026,eliminacion,,Treintaidosavos,Julio César Villagra,true,https://es.wikipedia.org/wiki/Copa_Argentina_2026,
2026-04-07,,Vélez Sarsfield,Deportivo Armenio,4,1,,,Copa Argentina,2026,eliminacion,,Treintaidosavos,Julio Humberto Grondona,true,https://es.wikipedia.org/wiki/Copa_Argentina_2026,
2026-04-07,21:00,Atlanta,Nueva Chicago,1,2,,,Primera Nacional,2026,zonas,Zona B,Fecha 8,Don León Kolbowsky,false,https://es.wikipedia.org/wiki/Campeonato_de_Primera_Nacional_2026,
2026-04-08,,Sarmiento (J),Tristán Suárez,1,0,,,Copa Argentina,2026,eliminacion,,Treintaidosavos,Julio Humberto Grondona,true,https://es.wikipedia.org/wiki/Copa_Argentina_2026,
2026-04-08,14:30,Sportivo Barracas,Lugano,3,0,,,Primera C,2026,zonas,Interzonal,Fecha 4,Tres de Febrero,false,https://es.wikipedia.org/wiki/Campeonato_de_Primera_C_2026_(Argentina),
2026-04-08,20:00,Ferrocarril Midland,Acassuso,1,0,,,Primera Nacional,2026,zonas,Interzonal,Fecha 7,Ciudad de Libertad,false,https://es.wikipedia.org/wiki/Campeonato_de_Primera_Nacional_2026,
2026-04-09,,Gimnasia y Esgrima (LP),Deportivo Camioneros,4,1,,,Copa Argentina,2026,eliminacion,,Treintaidosavos,Florencio Sola,true,https://es.wikipedia.org/wiki/Copa_Argentina_2026,
2026-04-10,15:30,Arsenal,Argentino de Merlo,3,0,,,Primera B,2026,zonas,,Fecha 10,Julio Humberto Grondona,false,https://es.wikipedia.org/wiki/Campeonato_de_Primera_B_2026_(Argentina),
2026-04-10,15:30,Deportivo Español,General Lamadrid,2,0,,,Primera C,2026,zonas,Zona B,Fecha 7,Nueva España,false,https://es.wikipedia.org/wiki/Campeonato_de_Primera_C_2026_(Argentina),
2026-04-10,15:30,Liniers,Flandria,0,1,,,Primera B,2026,zonas,,Fecha 10,Juan Antonio Arias,false,https://es.wikipedia.org/wiki/Campeonato_de_Primera_B_2026_(Argentina),
2026-04-10,15:30,UAI Urquiza,Brown de Adrogué,0,1,,,Primera B,2026,zonas,,Fecha 10,Monumental de Villa Lynch,false,https://es.wikipedia.org/wiki/Campeonato_de_Primera_B_2026_(Argentina),
2026-04-10,20:00,Excursionistas,Talleres (RdE),1,1,,,Primera B,2026,zonas,,Fecha 10,Excursionistas,false,https://es.wikipedia.org/wiki/Campeonato_de_Primera_B_2026_(Argentina),
2026-04-10,21:00,Belgrano,Aldosivi,1,0,,,Primera Division - Apertura,2026,zonas,Zona B,Fecha 14,Gigante de Alberdi,false,https://es.wikipedia.org/wiki/Anexo:Torneo_Apertura_2026_(Argentina),
2026-04-11,15:00,Deportivo Riestra,Instituto,0,1,,,Primera Division - Apertura,2026,zonas,Zona A,Fecha 14,Guillermo Laza,false,https://es.wikipedia.org/wiki/Anexo:Torneo_Apertura_2026_(Argentina),
2026-04-11,15:30,Almagro,Patronato,0,1,,,Primera Nacional,2026,zonas,Zona B,Fecha 9,Tres de Febrero,false,https://es.wikipedia.org/wiki/Campeonato_de_Primera_Nacional_2026,
2026-04-11,15:30,Alvarado,Kimberley,0,0,,,Torneo Federal A,2026,zonas,Zona 4,Fecha 4,José María Minella,false,https://es.wikipedia.org/wiki/Torneo_Federal_A_2026,
2026-04-11,15:30,Cañuelas,Atlas,1,0,,,Primera C,2026,zonas,Zona B,Fecha 7,Jorge Arin,false,https://es.wikipedia.org/wiki/Campeonato_de_Primera_C_2026_(Argentina),
2026-04-11,15:30,Central Ballester,Fénix,4,2,,,Primera C,2026,zonas,Zona B,Fecha 7,Predio Cacique,false,https://es.wikipedia.org/wiki/Campeonato_de_Primera_C_2026_(Argentina),
2026-04-11,15:30,Central Córdoba (R),Luján,0,0,,,Primera C,2026,zonas,Zona B,Fecha 7,Gabino Sosa,false,https://es.wikipedia.org/wiki/Campeonato_de_Primera_C_2026_(Argentina),
2026-04-11,15:30,Centro Español,Berazategui,0,0,,,Primera C,2026,zonas,Zona A,Fecha 7,Carlos Sacaan,false,https://es.wikipedia.org/wiki/Campeonato_de_Primera_C_2026_(Argentina),
2026-04-11,15:30,Deportivo Paraguayo,Sacachispas,2,1,,,Primera C,2026,zonas,Zona A,Fecha 7,Deportivo Paraguayo,false,https://es.wikipedia.org/wiki/Campeonato_de_Primera_C_2026_(Argentina),
2026-04-11,15:30,Leandro N. Alem,Defensores de Cambaceres,0,2,,,Primera C,2026,zonas,Zona A,Fecha 7,Leandro N. Alem,false,https://es.wikipedia.org/wiki/Campeonato_de_Primera_C_2026_(Argentina),
2026-04-11,15:30,Real Pilar,Deportivo Armenio,0,1,,,Primera B,2026,zonas,,Fecha 10,Carlos Barraza,false,https://es.wikipedia.org/wiki/Campeonato_de_Primera_B_2026_(Argentina),
2026-04-11,15:30,San Martín (B),Defensores Unidos,1,1,,,Primera B,2026,zonas,,Fecha 10,Francisco Boga,false,https://es.wikipedia.org/wiki/Campeonato_de_Primera_B_2026_(Argentina),
2026-04-11,15:30,San Miguel,Deportivo Morón,2,1,,,Primera Nacional,2026,zonas,Zona A,Fecha 9,Malvinas Argentinas,false,https://es.wikipedia.org/wiki/Campeonato_de_Primera_Nacional_2026,
2026-04-11,15:30,San Telmo,Godoy Cruz,2,0,,,Primera Nacional,2026,zonas,Zona A,Fecha 9,Doctor Osvaldo Baletto,false,https://es.wikipedia.org/wiki/Campeonato_de_Primera_Nacional_2026,
2026-04-11,15:30,Sportivo Italiano,Comunicaciones,1,1,,,Primera B,2026,zonas,,Fecha 10,República de Italia,false,https://es.wikipedia.org/wiki/Campeonato_de_Primera_B_2026_(Argentina),
2026-04-11,15:30,Villa Dálmine,Deportivo Laferrere,2,2,,,Primera B,2026,zonas,,Fecha 10,El Coliseo de Mitre y Puccini,false,https://es.wikipedia.org/wiki/Campeonato_de_Primera_B_2026_(Argentina),
2026-04-11,15:30,Villa San Carlos,Argentino de Quilmes,1,1,,,Primera B,2026,zonas,,Fecha 10,Genacio Sálice,false,https://es.wikipedia.org/wiki/Campeonato_de_Primera_B_2026_(Argentina),
2026-04-11,16:30,Bartolomé Mitre (P),Sol de América (F),0,0,,,Torneo Federal A,2026,zonas,Zona 2,Fecha 4,Ernesto Cucchiaroni,false,https://es.wikipedia.org/wiki/Torneo_Federal_A_2026,
2026-04-11,17:00,Mercedes,Argentino de Rosario,1,0,,,Primera C,2026,zonas,Zona A,Fecha 7,Liga Mercedina,false,https://es.wikipedia.org/wiki/Campeonato_de_Primera_C_2026_(Argentina),
2026-04-11,17:15,Estudiantes (LP),Unión,2,1,,,Primera Division - Apertura,2026,zonas,Zona A,Fecha 14,Jorge Luis Hirschi,false,https://es.wikipedia.org/wiki/Anexo:Torneo_Apertura_2026_(Argentina),
2026-04-11,17:15,Independiente Rivadavia,Argentinos Juniors,3,1,,,Primera Division - Apertura,2026,zonas,Zona B,Fecha 14,Bautista Gargantini,false,https://es.wikipedia.org/wiki/Anexo:Torneo_Apertura_2026_(Argentina),
2026-04-11,18:00,Deportivo Merlo,Ituzaingó,3,2,,,Primera B,2026,zonas,,Fecha 10,José Manuel Moreno,false,https://es.wikipedia.org/wiki/Campeonato_de_Primera_B_2026_(Argentina),
2026-04-11,18:30,Ramón Santamarina,Círculo Deportivo,4,0,,,Torneo Federal A,2026,zonas,Zona 4,Fecha 4,Municipal General San Martín,false,https://es.wikipedia.org/wiki/Torneo_Federal_A_2026,
2026-04-11,19:00,Gimnasia y Esgrima (CdU),Independiente (C),0,1,,,Torneo Federal A,2026,zonas,Zona 1,Fecha 4,Manuel y Ramón Núñez,false,https://es.wikipedia.org/wiki/Torneo_Federal_A_2026,
2026-04-11,19:30,Boca Juniors,Independiente,1,1,,,Primera Division - Apertura,2026,zonas,Zona A,Fecha 14,La Bombonera,false,https://es.wikipedia.org/wiki/Anexo:Torneo_Apertura_2026_(Argentina),
2026-04-11,21:45,Estudiantes (RC),Barracas Central,1,2,,,Primera Division - Apertura,2026,zonas,Zona B,Fecha 14,Antonio Candini,false,https://es.wikipedia.org/wiki/Anexo:Torneo_Apertura_2026_(Argentina),
2026-04-12,15:00,Acassuso,Los Andes,0,1,,,Primera Nacional,2026,zonas,Zona A,Fecha 9,La Quema,false,https://es.wikipedia.org/wiki/Campeonato_de_Primera_Nacional_2026,
2026-04-12,15:00,Chacarita Juniors,Gimnasia y Tiro (S),2,0,,,Primera Nacional,2026,zonas,Zona B,Fecha 9,Chacarita Juniors,false,https://es.wikipedia.org/wiki/Campeonato_de_Primera_Nacional_2026,
2026-04-12,15:00,Defensores de Belgrano,Ciudad de Bolívar,0,0,,,Primera Nacional,2026,zonas,Zona A,Fecha 9,Juan Pasquale,false,https://es.wikipedia.org/wiki/Campeonato_de_Primera_Nacional_2026,
2026-04-12,15:00,Deportivo Camioneros,Dock Sud,0,0,,,Primera B,2026,zonas,,Fecha 10,Hugo Moyano,false,https://es.wikipedia.org/wiki/Campeonato_de_Primera_B_2026_(Argentina),
2026-04-12,15:00,Ferro Carril Oeste,Estudiantes (BA),0,1,,,Primera Nacional,2026,zonas,Zona A,Fecha 9,Arquitecto Ricardo Etcheverri,false,https://es.wikipedia.org/wiki/Campeonato_de_Primera_Nacional_2026,
2026-04-12,15:00,Germinal,Villa Mitre,1,0,,,Torneo Federal A,2026,zonas,Zona 4,Fecha 4,El Fortín (R),false,https://es.wikipedia.org/wiki/Torneo_Federal_A_2026,
2026-04-12,15:00,Newell's Old Boys,San Lorenzo,0,0,,,Primera Division - Apertura,2026,zonas,Zona A,Fecha 14,Marcelo Bielsa,false,https://es.wikipedia.org/wiki/Anexo:Torneo_Apertura_2026_(Argentina),
2026-04-12,15:00,Platense,Gimnasia y Esgrima (M),1,1,,,Primera Division - Apertura,2026,zonas,Zona A,Fecha 14,Ciudad de Vicente López,false,https://es.wikipedia.org/wiki/Anexo:Torneo_Apertura_2026_(Argentina),
2026-04-12,15:00,Temperley,Quilmes,3,3,,,Primera Nacional,2026,zonas,Zona B,Fecha 9,Alfredo Beranger,false,https://es.wikipedia.org/wiki/Campeonato_de_Primera_Nacional_2026,
2026-04-12,15:30,Cipolletti,Costa Brava,1,1,,,Torneo Federal A,2026,zonas,Zona 3,Fecha 4,La Visera de Cemento,false,https://es.wikipedia.org/wiki/Torneo_Federal_A_2026,
2026-04-12,15:30,Claypole,Sportivo Barracas,1,0,,,Primera C,2026,zonas,Zona B,Fecha 7,Rodolfo Capocasa,false,https://es.wikipedia.org/wiki/Campeonato_de_Primera_C_2026_(Argentina),
2026-04-12,15:30,Juventud Unida Universitario,Deportivo Rincón,0,0,,,Torneo Federal A,2026,zonas,Zona 3,Fecha 4,Mario Sebastián Diez,false,https://es.wikipedia.org/wiki/Torneo_Federal_A_2026,
2026-04-12,15:30,Olimpo,Sol de Mayo (V),1,0,,,Torneo Federal A,2026,zonas,Zona 4,Fecha 4,Roberto Natalio Carminatti,false,https://es.wikipedia.org/wiki/Torneo_Federal_A_2026,
2026-04-12,15:30,Puerto Nuevo,Juventud Unida,2,2,,,Primera C,2026,zonas,Zona A,Fecha 7,Rubén Carlos Vallejos,false,https://es.wikipedia.org/wiki/Campeonato_de_Primera_C_2026_(Argentina),
2026-04-12,15:30,Victoriano Arenas,Lugano,0,0,,,Primera C,2026,zonas,Zona A,Fecha 7,Saturnino Moure,false,https://es.wikipedia.org/wiki/Campeonato_de_Primera_C_2026_(Argentina),
2026-04-12,16:00,Agropecuario,Gimnasia y Esgrima (J),1,2,,,Primera Nacional,2026,zonas,Zona B,Fecha 9,Ofelia Rosenzuaig,false,https://es.wikipedia.org/wiki/Campeonato_de_Primera_Nacional_2026,
2026-04-12,16:00,Argentino (MM),FADEP,0,0,,,Torneo Federal A,2026,zonas,Zona 3,Fecha 4,Modesto Marrone,false,https://es.wikipedia.org/wiki/Torneo_Federal_A_2026,
2026-04-12,16:00,Defensores de Belgrano (VR),Sportivo Belgrano,1,1,,,Torneo Federal A,2026,zonas,Zona 1,Fecha 4,Salomón Boeseldín,false,https://es.wikipedia.org/wiki/Torneo_Federal_A_2026,
2026-04-12,16:00,Deportivo Madryn,Almirante Brown,2,1,,,Primera Nacional,2026,zonas,Zona A,Fecha 9,Abel Sastre,false,https://es.wikipedia.org/wiki/Campeonato_de_Primera_Nacional_2026,
2026-04-12,16:00,Gimnasia y Esgrima (C),Sportivo Las Parejas,1,0,,,Torneo Federal A,2026,zonas,Zona 1,Fecha 4,José María Paz,false,https://es.wikipedia.org/wiki/Torneo_Federal_A_2026,
2026-04-12,16:30,Atenas (RC),Huracán Las Heras,0,0,,,Torneo Federal A,2026,zonas,Zona 3,Fecha 4,9 de Julio,false,https://es.wikipedia.org/wiki/Torneo_Federal_A_2026,
2026-04-12,16:30,Douglas Haig,El Linqueño,1,0,,,Torneo Federal A,2026,zonas,Zona 1,Fecha 4,Miguel Morales,false,https://es.wikipedia.org/wiki/Torneo_Federal_A_2026,
2026-04-12,17:00,9 de Julio (R),Atlético Escobar,4,1,,,Torneo Federal A,2026,zonas,Zona 1,Fecha 4,Germán Solterman,false,https://es.wikipedia.org/wiki/Torneo_Federal_A_2026,
2026-04-12,17:00,Central Norte (S),Mitre (SdE),1,1,,,Primera Nacional,2026,zonas,Zona A,Fecha 9,Padre Ernesto Martearena,false,https://es.wikipedia.org/wiki/Campeonato_de_Primera_Nacional_2026,
2026-04-12,17:00,Chaco For Ever,All Boys,2,0,,,Primera Nacional,2026,zonas,Zona A,Fecha 9,Juan Alberto García,false,https://es.wikipedia.org/wiki/Campeonato_de_Primera_Nacional_2026,
2026-04-12,17:00,Güemes (SdE),San Martín (T),0,2,,,Primera Nacional,2026,zonas,Zona B,Fecha 9,Arturo Miranda,false,https://es.wikipedia.org/wiki/Campeonato_de_Primera_Nacional_2026,
2026-04-12,17:30,Atlético Tucumán,Tigre,0,0,,,Primera Division - Apertura,2026,zonas,Zona B,Fecha 14,Monumental José Fierro,false,https://es.wikipedia.org/wiki/Anexo:Torneo_Apertura_2026_(Argentina),
2026-04-12,17:30,Huracán,Rosario Central,3,1,,,Primera Division - Apertura,2026,zonas,Zona B,Fecha 14,Tomás Adolfo Ducó,false,https://es.wikipedia.org/wiki/Anexo:Torneo_Apertura_2026_(Argentina),
2026-04-12,18:30,Deportivo Maipú,Colegiales,3,1,,,Primera Nacional,2026,zonas,Zona B,Fecha 9,Omar Higinio Sperdutti,false,https://es.wikipedia.org/wiki/Campeonato_de_Primera_Nacional_2026,
2026-04-12,18:30,San Martín (F),Boca Unidos,1,1,,,Torneo Federal A,2026,zonas,Zona 2,Fecha 4,17 de Octubre,false,https://es.wikipedia.org/wiki/Torneo_Federal_A_2026,
2026-04-12,19:00,Colón,Racing (C),1,0,,,Primera Nacional,2026,zonas,Zona A,Fecha 9,Brigadier General Estanislao López,false,https://es.wikipedia.org/wiki/Campeonato_de_Primera_Nacional_2026,
2026-04-12,19:00,Sarmiento (LB),Juventud Antoniana,0,0,,,Torneo Federal A,2026,zonas,Zona 2,Fecha 4,Ciudad de La Banda,false,https://es.wikipedia.org/wiki/Torneo_Federal_A_2026,
2026-04-12,20:00,Racing Club,River Plate,0,2,,,Primera Division - Apertura,2026,zonas,Zona B,Fecha 14,El Cilindro,false,https://es.wikipedia.org/wiki/Anexo:Torneo_Apertura_2026_(Argentina),
2026-04-13,15:30,J. J. de Urquiza,Estrella del Sur,1,1,,,Primera C,2026,zonas,Zona A,Fecha 7,Ramón Roque Martín,false,https://es.wikipedia.org/wiki/Campeonato_de_Primera_C_2026_(Argentina),
2026-04-13,15:30,Muñiz,Leones de Rosario,1,2,,,Primera C,2026,zonas,Zona B,Fecha 7,Ricardo Puga,false,https://es.wikipedia.org/wiki/Campeonato_de_Primera_C_2026_(Argentina),
2026-04-13,15:30,Yupanqui,El Porvenir,2,2,,,Primera C,2026,zonas,Zona B,Fecha 7,Ciudad Evita,false,https://es.wikipedia.org/wiki/Campeonato_de_Primera_C_2026_(Argentina),
2026-04-13,16:30,Defensa y Justicia,Talleres (C),1,2,,,Primera Division - Apertura,2026,zonas,Zona A,Fecha 14,Norberto Tomaghello,false,https://es.wikipedia.org/wiki/Anexo:Torneo_Apertura_2026_(Argentina),
2026-04-13,16:30,Sarmiento (J),Gimnasia y Esgrima (LP),1,2,,,Primera Division - Apertura,2026,zonas,Zona B,Fecha 14,Eva Perón,false,https://es.wikipedia.org/wiki/Anexo:Torneo_Apertura_2026_(Argentina),
2026-04-13,19:00,Lanús,Banfield,1,0,,,Primera Division - Apertura,2026,zonas,Interzonal,Fecha 14,Ciudad de Lanús,false,https://es.wikipedia.org/wiki/Anexo:Torneo_Apertura_2026_(Argentina),
2026-04-13,19:00,Nueva Chicago,Ferrocarril Midland,2,2,,,Primera Nacional,2026,zonas,Zona B,Fecha 9,Nueva Chicago,false,https://es.wikipedia.org/wiki/Campeonato_de_Primera_Nacional_2026,
2026-04-13,20:00,Tristán Suárez,Atlético de Rafaela,0,0,,,Primera Nacional,2026,zonas,Zona B,Fecha 9,20 de Octubre,false,https://es.wikipedia.org/wiki/Campeonato_de_Primera_Nacional_2026,
2026-04-13,20:30,Defensores de Vilelas,Sarmiento (R),2,2,,,Torneo Federal A,2026,zonas,Zona 2,Fecha 4,Juan Alberto García,false,https://es.wikipedia.org/wiki/Torneo_Federal_A_2026,
2026-04-13,21:30,San Martín (SJ),Atlanta,1,2,,,Primera Nacional,2026,zonas,Zona B,Fecha 9,Ingeniero Hilario Sánchez,false,https://es.wikipedia.org/wiki/Campeonato_de_Primera_Nacional_2026,
2026-04-13,21:30,Vélez Sarsfield,Central Córdoba (SdE),1,0,,,Primera Division - Apertura,2026,zonas,Zona A,Fecha 14,José Amalfitani,false,https://es.wikipedia.org/wiki/Anexo:Torneo_Apertura_2026_(Argentina),
2026-04-14,15:30,Argentino de Merlo,Excursionistas,1,1,,,Primera B,2026,zonas,,Fecha 11,Juan Carlos Brieva,false,https://es.wikipedia.org/wiki/Campeonato_de_Primera_B_2026_(Argentina),
2026-04-14,15:30,Defensores Unidos,Sportivo Italiano,2,0,,,Primera B,2026,zonas,,Fecha 11,Mario Losinno,false,https://es.wikipedia.org/wiki/Campeonato_de_Primera_B_2026_(Argentina),
2026-04-14,15:30,Flandria,Villa San Carlos,1,4,,,Primera B,2026,zonas,,Fecha 11,Carlos V,false,https://es.wikipedia.org/wiki/Campeonato_de_Primera_B_2026_(Argentina),
2026-04-14,15:30,Ituzaingó,Arsenal,0,0,,,Primera B,2026,zonas,,Fecha 11,Carlos Sacaan,false,https://es.wikipedia.org/wiki/Campeonato_de_Primera_B_2026_(Argentina),
2026-04-14,15:30,Talleres (RdE),Villa Dálmine,0,2,,,Primera B,2026,zonas,,Fecha 11,Pablo Comelli,false,https://es.wikipedia.org/wiki/Campeonato_de_Primera_B_2026_(Argentina),
2026-04-14,20:00,Brown de Adrogué,Real Pilar,1,1,,,Primera B,2026,zonas,,Fecha 11,Lorenzo Arandilla,false,https://es.wikipedia.org/wiki/Campeonato_de_Primera_B_2026_(Argentina),
2026-04-14,20:00,Deportivo Laferrere,UAI Urquiza,0,0,,,Primera B,2026,zonas,,Fecha 11,Ciudad de Laferrere,false,https://es.wikipedia.org/wiki/Campeonato_de_Primera_B_2026_(Argentina),
2026-04-15,,Gimnasia y Esgrima (M),Gimnasia y Tiro (S),0,0,3,4,Copa Argentina,2026,eliminacion,,Treintaidosavos,Eduardo Gallardón,true,https://es.wikipedia.org/wiki/Copa_Argentina_2026,
2026-04-15,15:30,Deportivo Armenio,Liniers,1,0,,,Primera B,2026,zonas,,Fecha 11,Armenia,false,https://es.wikipedia.org/wiki/Campeonato_de_Primera_B_2026_(Argentina),
2026-04-15,20:00,Argentino de Quilmes,San Martín (B),3,0,,,Primera B,2026,zonas,,Fecha 11,Argentino de Quilmes,false,https://es.wikipedia.org/wiki/Campeonato_de_Primera_B_2026_(Argentina),
2026-04-16,15:00,Atlético Escobar,Gimnasia y Esgrima (C),0,2,,,Torneo Federal A,2026,zonas,Zona 1,Fecha 5,Armenia,false,https://es.wikipedia.org/wiki/Torneo_Federal_A_2026,
2026-04-16,15:30,Comunicaciones,Deportivo Camioneros,1,2,,,Primera B,2026,zonas,,Fecha 11,Alfredo Ramos,false,https://es.wikipedia.org/wiki/Campeonato_de_Primera_B_2026_(Argentina),
2026-04-16,15:30,Dock Sud,Deportivo Merlo,1,1,,,Primera B,2026,zonas,,Fecha 11,De los Inmigrantes,false,https://es.wikipedia.org/wiki/Campeonato_de_Primera_B_2026_(Argentina),
2026-04-17,15:30,General Lamadrid,Victoriano Arenas,1,0,,,Primera C,2026,zonas,Interzonal,Fecha 8,Enrique Sexto,false,https://es.wikipedia.org/wiki/Campeonato_de_Primera_C_2026_(Argentina),
2026-04-17,15:30,Sacachispas,Deportivo Español,4,3,,,Primera C,2026,zonas,Interzonal,Fecha 8,Beto Larrosa,false,https://es.wikipedia.org/wiki/Campeonato_de_Primera_C_2026_(Argentina),
2026-04-17,20:00,Excursionistas,Arsenal,0,1,,,Primera B,2026,zonas,,Fecha 12,Excursionistas,false,https://es.wikipedia.org/wiki/Campeonato_de_Primera_B_2026_(Argentina),
2026-04-17,20:30,Unión,Newell's Old Boys,2,3,,,Primera Division - Apertura,2026,zonas,Zona A,Fecha 15,15 de Abril,false,https://es.wikipedia.org/wiki/Anexo:Torneo_Apertura_2026_(Argentina),
2026-04-17,20:35,Sportivo Belgrano,Douglas Haig,0,1,,,Torneo Federal A,2026,zonas,Zona 1,Fecha 5,Juan Pablo Francia,false,https://es.wikipedia.org/wiki/Torneo_Federal_A_2026,
2026-04-17,22:00,Juventud Antoniana,Bartolomé Mitre (P),1,2,,,Torneo Federal A,2026,zonas,Zona 2,Fecha 5,Padre Ernesto Martearena,false,https://es.wikipedia.org/wiki/Torneo_Federal_A_2026,
2026-04-18,15:00,Círculo Deportivo,Alvarado,0,1,,,Torneo Federal A,2026,zonas,Zona 4,Fecha 5,Guillermo Trama,false,https://es.wikipedia.org/wiki/Torneo_Federal_A_2026,
2026-04-18,15:00,Ferrocarril Midland,San Martín (SJ),0,1,,,Primera Nacional,2026,zonas,Zona B,Fecha 10,Ciudad de Libertad,false,https://es.wikipedia.org/wiki/Campeonato_de_Primera_Nacional_2026,
2026-04-18,15:00,Gimnasia y Esgrima (LP),Estudiantes (RC),1,0,,,Primera Division - Apertura,2026,zonas,Zona B,Fecha 15,Del Bosque,false,https://es.wikipedia.org/wiki/Anexo:Torneo_Apertura_2026_(Argentina),
2026-04-18,15:30,All Boys,Acassuso,0,0,,,Primera Nacional,2026,zonas,Zona A,Fecha 10,Islas Malvinas,false,https://es.wikipedia.org/wiki/Campeonato_de_Primera_Nacional_2026,
2026-04-18,15:30,Argentino de Rosario,Atlas,1,1,,,Primera C,2026,zonas,Interzonal,Fecha 8,José Martín Olaeta,false,https://es.wikipedia.org/wiki/Campeonato_de_Primera_C_2026_(Argentina),
2026-04-18,15:30,Deportivo Morón,Colón,2,0,,,Primera Nacional,2026,zonas,Zona A,Fecha 10,Nuevo Francisco Urbano,false,https://es.wikipedia.org/wiki/Campeonato_de_Primera_Nacional_2026,
2026-04-18,15:30,El Porvenir,J. J. de Urquiza,0,0,,,Primera C,2026,zonas,Interzonal,Fecha 8,Gildo Francisco Ghersinich,false,https://es.wikipedia.org/wiki/Campeonato_de_Primera_C_2026_(Argentina),
2026-04-18,15:30,Independiente (C),Defensores de Belgrano (VR),1,1,,,Torneo Federal A,2026,zonas,Zona 1,Fecha 5,Raúl Orlando Lungarzo,false,https://es.wikipedia.org/wiki/Torneo_Federal_A_2026,
2026-04-18,15:30,Juventud Unida,Muñiz,0,0,,,Primera C,2026,zonas,Interzonal,Fecha 8,Ciudad de San Miguel,false,https://es.wikipedia.org/wiki/Campeonato_de_Primera_C_2026_(Argentina),
2026-04-18,15:30,Kimberley,Olimpo,0,1,,,Torneo Federal A,2026,zonas,Zona 4,Fecha 5,José Alberto Valle,false,https://es.wikipedia.org/wiki/Torneo_Federal_A_2026,
2026-04-18,15:30,Los Andes,San Telmo,0,0,,,Primera Nacional,2026,zonas,Zona A,Fecha 10,Eduardo Gallardón,false,https://es.wikipedia.org/wiki/Campeonato_de_Primera_Nacional_2026,
2026-04-18,15:30,Luján,Lugano,0,0,,,Primera C,2026,zonas,Interzonal,Fecha 8,1.º de Abril,false,https://es.wikipedia.org/wiki/Campeonato_de_Primera_C_2026_(Argentina),
2026-04-18,15:30,Sportivo Italiano,Argentino de Quilmes,2,1,,,Primera B,2026,zonas,,Fecha 12,República de Italia,false,https://es.wikipedia.org/wiki/Campeonato_de_Primera_B_2026_(Argentina),
2026-04-18,15:30,UAI Urquiza,Talleres (RdE),0,2,,,Primera B,2026,zonas,,Fecha 12,Monumental de Villa Lynch,false,https://es.wikipedia.org/wiki/Campeonato_de_Primera_B_2026_(Argentina),
2026-04-18,16:00,Central Córdoba (R),Centro Español,0,1,,,Primera C,2026,zonas,Interzonal,Fecha 8,Gabino Sosa,false,https://es.wikipedia.org/wiki/Campeonato_de_Primera_C_2026_(Argentina),
2026-04-18,16:00,Deportivo Rincón,Cipolletti,1,2,,,Torneo Federal A,2026,zonas,Zona 3,Fecha 5,Elías Moisés Gómez,false,https://es.wikipedia.org/wiki/Torneo_Federal_A_2026,
2026-04-18,16:00,Sarmiento (R),San Martín (F),1,1,,,Torneo Federal A,2026,zonas,Zona 2,Fecha 5,Centenario,false,https://es.wikipedia.org/wiki/Torneo_Federal_A_2026,
2026-04-18,16:30,Godoy Cruz,San Miguel,0,0,,,Primera Nacional,2026,zonas,Zona A,Fecha 10,Feliciano Gambarte,false,https://es.wikipedia.org/wiki/Campeonato_de_Primera_Nacional_2026,
2026-04-18,16:30,Quilmes,Nueva Chicago,0,0,,,Primera Nacional,2026,zonas,Zona B,Fecha 10,Centenario Ciudad de Quilmes,false,https://es.wikipedia.org/wiki/Campeonato_de_Primera_Nacional_2026,
2026-04-18,16:30,Sol de América (F),Defensores de Vilelas,2,1,,,Torneo Federal A,2026,zonas,Zona 2,Fecha 5,Sol de América,false,https://es.wikipedia.org/wiki/Torneo_Federal_A_2026,
2026-04-18,17:00,Mercedes,Claypole,0,0,,,Primera C,2026,zonas,Interzonal,Fecha 8,Liga Mercedina,false,https://es.wikipedia.org/wiki/Campeonato_de_Primera_C_2026_(Argentina),
2026-04-18,17:15,Instituto,Estudiantes (LP),0,1,,,Primera Division - Apertura,2026,zonas,Zona A,Fecha 15,Monumental Presidente Perón,false,https://es.wikipedia.org/wiki/Anexo:Torneo_Apertura_2026_(Argentina),
2026-04-18,18:00,Real Pilar,Deportivo Laferrere,1,0,,,Primera B,2026,zonas,,Fecha 12,Carlos Barraza,false,https://es.wikipedia.org/wiki/Campeonato_de_Primera_B_2026_(Argentina),
2026-04-18,19:30,Independiente,Defensa y Justicia,3,1,,,Primera Division - Apertura,2026,zonas,Zona A,Fecha 15,Libertadores de América,false,https://es.wikipedia.org/wiki/Anexo:Torneo_Apertura_2026_(Argentina),
2026-04-18,20:00,Ciudad de Bolívar,Deportivo Madryn,1,0,,,Primera Nacional,2026,zonas,Zona A,Fecha 10,Municipal Eva Perón,false,https://es.wikipedia.org/wiki/Campeonato_de_Primera_Nacional_2026,
2026-04-18,20:00,Patronato,Deportivo Maipú,0,0,,,Primera Nacional,2026,zonas,Zona B,Fecha 10,Presbítero Bartolomé Grella,false,https://es.wikipedia.org/wiki/Campeonato_de_Primera_Nacional_2026,
2026-04-18,20:00,San Martín (B),Flandria,0,1,,,Primera B,2026,zonas,,Fecha 12,Francisco Boga,false,https://es.wikipedia.org/wiki/Campeonato_de_Primera_B_2026_(Argentina),
2026-04-18,21:45,Argentinos Juniors,Atlético Tucumán,1,0,,,Primera Division - Apertura,2026,zonas,Zona B,Fecha 15,Diego Armando Maradona,false,https://es.wikipedia.org/wiki/Anexo:Torneo_Apertura_2026_(Argentina),
2026-04-19,11:00,Boca Unidos,Tucumán Central,3,1,,,Torneo Federal A,2026,zonas,Zona 2,Fecha 5,Leoncio Benítez,false,https://es.wikipedia.org/wiki/Torneo_Federal_A_2026,
2026-04-19,11:00,Estrella del Sur,Cañuelas,0,2,,,Primera C,2026,zonas,Interzonal,Fecha 8,Ciudad de San Vicente,false,https://es.wikipedia.org/wiki/Campeonato_de_Primera_C_2026_(Argentina),
2026-04-19,11:00,FADEP,Juventud Unida Universitario,1,3,,,Torneo Federal A,2026,zonas,Zona 3,Fecha 5,Anselmo Zingaretti,false,https://es.wikipedia.org/wiki/Torneo_Federal_A_2026,
2026-04-19,11:00,Sol de Mayo (V),Guillermo Brown,1,0,,,Torneo Federal A,2026,zonas,Zona 4,Fecha 5,Sol de Mayo,false,https://es.wikipedia.org/wiki/Torneo_Federal_A_2026,
2026-04-19,13:00,Sportivo Las Parejas,Gimnasia y Esgrima (CdU),2,1,,,Torneo Federal A,2026,zonas,Zona 1,Fecha 5,4 de Septiembre,false,https://es.wikipedia.org/wiki/Torneo_Federal_A_2026,
2026-04-19,13:00,Yupanqui,Puerto Nuevo,1,1,,,Primera C,2026,zonas,Interzonal,Fecha 8,Ciudad Evita,false,https://es.wikipedia.org/wiki/Campeonato_de_Primera_C_2026_(Argentina),
2026-04-19,13:30,Aldosivi,Racing Club,1,1,,,Primera Division - Apertura,2026,zonas,Zona B,Fecha 15,José María Minella,false,https://es.wikipedia.org/wiki/Anexo:Torneo_Apertura_2026_(Argentina),
2026-04-19,14:00,Colegiales,Temperley,1,1,,,Primera Nacional,2026,zonas,Zona B,Fecha 10,Libertarios Unidos,false,https://es.wikipedia.org/wiki/Campeonato_de_Primera_Nacional_2026,
2026-04-19,14:00,El Linqueño,9 de Julio (R),0,3,,,Torneo Federal A,2026,zonas,Zona 1,Fecha 5,Leonardo Costa,false,https://es.wikipedia.org/wiki/Torneo_Federal_A_2026,
2026-04-19,14:00,Liniers,Brown de Adrogué,1,0,,,Primera B,2026,zonas,,Fecha 12,Juan Antonio Arias,false,https://es.wikipedia.org/wiki/Campeonato_de_Primera_B_2026_(Argentina),
2026-04-19,15:00,Almirante Brown,Central Norte (S),1,0,,,Primera Nacional,2026,zonas,Zona A,Fecha 10,Fragata Presidente Sarmiento,false,https://es.wikipedia.org/wiki/Campeonato_de_Primera_Nacional_2026,
2026-04-19,15:00,Dock Sud,Ituzaingó,3,0,,,Primera B,2026,zonas,,Fecha 12,De los Inmigrantes,false,https://es.wikipedia.org/wiki/Campeonato_de_Primera_B_2026_(Argentina),
2026-04-19,15:00,Estudiantes (BA),Chaco For Ever,0,0,,,Primera Nacional,2026,zonas,Zona A,Fecha 10,Ciudad de Caseros,false,https://es.wikipedia.org/wiki/Campeonato_de_Primera_Nacional_2026,
2026-04-19,15:00,Huracán Las Heras,San Martín (SM),1,0,,,Torneo Federal A,2026,zonas,Zona 3,Fecha 5,General San Martín,false,https://es.wikipedia.org/wiki/Torneo_Federal_A_2026,
2026-04-19,15:00,Mitre (SdE),Ferro Carril Oeste,0,1,,,Primera Nacional,2026,zonas,Zona A,Fecha 10,Doctores José y Antonio Castiglione,false,https://es.wikipedia.org/wiki/Campeonato_de_Primera_Nacional_2026,
2026-04-19,15:00,Villa Dálmine,Argentino de Merlo,1,0,,,Primera B,2026,zonas,,Fecha 12,El Coliseo de Mitre y Puccini,false,https://es.wikipedia.org/wiki/Campeonato_de_Primera_B_2026_(Argentina),
2026-04-19,15:00,Villa Mitre,Ramón Santamarina,0,0,,,Torneo Federal A,2026,zonas,Zona 4,Fecha 5,El Fortín (BB),false,https://es.wikipedia.org/wiki/Torneo_Federal_A_2026,
2026-04-19,15:00,Villa San Carlos,Deportivo Armenio,4,1,,,Primera B,2026,zonas,,Fecha 12,Genacio Sálice,false,https://es.wikipedia.org/wiki/Campeonato_de_Primera_B_2026_(Argentina),
2026-04-19,15:30,Fénix,Berazategui,0,1,,,Primera C,2026,zonas,Interzonal,Fecha 8,José Manuel Moreno,false,https://es.wikipedia.org/wiki/Campeonato_de_Primera_C_2026_(Argentina),
2026-04-19,15:30,Gimnasia y Esgrima (J),Almagro,6,1,,,Primera Nacional,2026,zonas,Zona B,Fecha 10,23 de Agosto,false,https://es.wikipedia.org/wiki/Campeonato_de_Primera_Nacional_2026,
2026-04-19,15:30,Leandro N. Alem,Central Ballester,0,1,,,Primera C,2026,zonas,Interzonal,Fecha 8,Leandro N. Alem,false,https://es.wikipedia.org/wiki/Campeonato_de_Primera_C_2026_(Argentina),
2026-04-19,17:00,River Plate,Boca Juniors,0,1,,,Primera Division - Apertura,2026,zonas,Interzonal,Fecha 15,Monumental,false,https://es.wikipedia.org/wiki/Anexo:Torneo_Apertura_2026_(Argentina),
2026-04-19,19:00,San Martín (T),Tristán Suárez,0,0,,,Primera Nacional,2026,zonas,Zona B,Fecha 10,La Ciudadela,false,https://es.wikipedia.org/wiki/Campeonato_de_Primera_Nacional_2026,
2026-04-19,19:30,Costa Brava,Atenas (RC),0,1,,,Torneo Federal A,2026,zonas,Zona 3,Fecha 5,Nuevo Pacaembú,false,https://es.wikipedia.org/wiki/Torneo_Federal_A_2026,
2026-04-19,19:30,Racing (C),Defensores de Belgrano,3,0,,,Primera Nacional,2026,zonas,Zona A,Fecha 10,Miguel Sancho,false,https://es.wikipedia.org/wiki/Campeonato_de_Primera_Nacional_2026,
2026-04-19,20:00,Gimnasia y Tiro (S),Güemes (SdE),1,1,,,Primera Nacional,2026,zonas,Zona B,Fecha 10,Gigante del Norte,false,https://es.wikipedia.org/wiki/Campeonato_de_Primera_Nacional_2026,
2026-04-19,20:30,Rosario Central,Sarmiento (J),2,1,,,Primera Division - Apertura,2026,zonas,Zona B,Fecha 15,Gigante de Arroyito,false,https://es.wikipedia.org/wiki/Anexo:Torneo_Apertura_2026_(Argentina),
2026-04-19,20:30,Talleres (C),Deportivo Riestra,2,0,,,Primera Division - Apertura,2026,zonas,Zona A,Fecha 15,Mario Alberto Kempes,false,https://es.wikipedia.org/wiki/Anexo:Torneo_Apertura_2026_(Argentina),
2026-04-20,15:00,Barracas Central,Belgrano,0,0,,,Primera Division - Apertura,2026,zonas,Zona B,Fecha 15,Claudio Chiqui Tapia,false,https://es.wikipedia.org/wiki/Anexo:Torneo_Apertura_2026_(Argentina),
2026-04-20,15:30,Defensores de Cambaceres,Leones de Rosario,0,2,,,Primera C,2026,zonas,Interzonal,Fecha 8,12 de Octubre,false,https://es.wikipedia.org/wiki/Campeonato_de_Primera_C_2026_(Argentina),
2026-04-20,15:30,Deportivo Camioneros,Defensores Unidos,1,0,,,Primera B,2026,zonas,,Fecha 12,Hugo Moyano,false,https://es.wikipedia.org/wiki/Campeonato_de_Primera_B_2026_(Argentina),
2026-04-20,15:30,Sportivo Barracas,Deportivo Paraguayo,0,0,,,Primera C,2026,zonas,Interzonal,Fecha 8,1.º de Abril,false,https://es.wikipedia.org/wiki/Campeonato_de_Primera_C_2026_(Argentina),
2026-04-20,17:15,Banfield,Independiente Rivadavia,0,0,,,Primera Division - Apertura,2026,zonas,Zona B,Fecha 15,Florencio Sola,false,https://es.wikipedia.org/wiki/Anexo:Torneo_Apertura_2026_(Argentina),
2026-04-20,17:15,Central Córdoba (SdE),Platense,4,3,,,Primera Division - Apertura,2026,zonas,Zona A,Fecha 15,Único Madre de Ciudades,false,https://es.wikipedia.org/wiki/Anexo:Torneo_Apertura_2026_(Argentina),
2026-04-20,19:30,San Lorenzo,Vélez Sarsfield,0,0,,,Primera Division - Apertura,2026,zonas,Zona A,Fecha 15,Nuevo Gasómetro,false,https://es.wikipedia.org/wiki/Anexo:Torneo_Apertura_2026_(Argentina),
2026-04-20,20:00,Atlético de Rafaela,Agropecuario,4,1,,,Primera Nacional,2026,zonas,Zona B,Fecha 10,Nuevo Monumental,false,https://es.wikipedia.org/wiki/Campeonato_de_Primera_Nacional_2026,
2026-04-20,21:00,Atlanta,Chacarita Juniors,1,0,,,Primera Nacional,2026,zonas,Zona B,Fecha 10,Don León Kolbovsky,false,https://es.wikipedia.org/wiki/Campeonato_de_Primera_Nacional_2026,
2026-04-20,21:45,Gimnasia y Esgrima (M),Lanús,1,0,,,Primera Division - Apertura,2026,zonas,Zona A,Fecha 15,Víctor Hugo Legrotaglie,false,https://es.wikipedia.org/wiki/Anexo:Torneo_Apertura_2026_(Argentina),
2026-04-20,21:45,Tigre,Huracán,1,1,,,Primera Division - Apertura,2026,zonas,Zona B,Fecha 15,Monumental de Victoria,false,https://es.wikipedia.org/wiki/Anexo:Torneo_Apertura_2026_(Argentina),
2026-04-21,19:00,Deportivo Merlo,Comunicaciones,2,0,,,Primera B,2026,zonas,,Fecha 12,José Manuel Moreno,false,https://es.wikipedia.org/wiki/Campeonato_de_Primera_B_2026_(Argentina),
2026-04-22,,Acassuso,Gimnasia y Esgrima (LP),0,3,,,Copa Argentina,2026,eliminacion,,Dieciseisavos,Ciudad de Caseros,true,https://es.wikipedia.org/wiki/Copa_Argentina_2026,
2026-04-22,,Deportivo Morón,Ferrocarril Midland,1,2,,,Copa Argentina,2026,eliminacion,,Dieciseisavos,Alfredo Beranger,true,https://es.wikipedia.org/wiki/Copa_Argentina_2026,
2026-04-22,15:30,Fénix,El Porvenir,0,0,,,Primera C,2026,zonas,Zona B,Fecha 6,José Manuel Moreno,false,https://es.wikipedia.org/wiki/Campeonato_de_Primera_C_2026_(Argentina),
2026-04-23,20:00,Defensa y Justicia,Boca Juniors,0,4,,,Primera Division - Apertura,2026,zonas,Zona A,Fecha 16,Norberto Tomaghello,false,https://es.wikipedia.org/wiki/Anexo:Torneo_Apertura_2026_(Argentina),
2026-04-24,17:00,Deportivo Riestra,Independiente,2,0,,,Primera Division - Apertura,2026,zonas,Zona A,Fecha 16,Guillermo Laza,false,https://es.wikipedia.org/wiki/Anexo:Torneo_Apertura_2026_(Argentina),
2026-04-24,19:15,Estudiantes (RC),Rosario Central,1,2,,,Primera Division - Apertura,2026,zonas,Zona B,Fecha 16,Antonio Candini,false,https://es.wikipedia.org/wiki/Anexo:Torneo_Apertura_2026_(Argentina),
2026-04-24,19:15,Lanús,Central Córdoba (SdE),0,0,,,Primera Division - Apertura,2026,zonas,Zona A,Fecha 16,Ciudad de Lanús,false,https://es.wikipedia.org/wiki/Anexo:Torneo_Apertura_2026_(Argentina),
2026-04-24,21:30,Platense,San Lorenzo,0,1,,,Primera Division - Apertura,2026,zonas,Zona A,Fecha 16,Ciudad de Vicente López,false,https://es.wikipedia.org/wiki/Anexo:Torneo_Apertura_2026_(Argentina),
2026-04-24,21:30,Racing Club,Barracas Central,1,1,,,Primera Division - Apertura,2026,zonas,Zona B,Fecha 16,El Cilindro,false,https://es.wikipedia.org/wiki/Anexo:Torneo_Apertura_2026_(Argentina),
2026-04-25,15:00,Brown de Adrogué,Villa San Carlos,2,1,,,Primera B,2026,zonas,,Fecha 13,Lorenzo Arandilla,false,https://es.wikipedia.org/wiki/Campeonato_de_Primera_B_2026_(Argentina),
2026-04-25,15:30,Argentino de Merlo,UAI Urquiza,0,2,,,Primera B,2026,zonas,,Fecha 13,Juan Carlos Brieva,false,https://es.wikipedia.org/wiki/Campeonato_de_Primera_B_2026_(Argentina),
2026-04-25,15:30,Argentino de Quilmes,Deportivo Camioneros,0,0,,,Primera B,2026,zonas,,Fecha 13,Argentino de Quilmes,false,https://es.wikipedia.org/wiki/Campeonato_de_Primera_B_2026_(Argentina),
2026-04-25,15:30,Argentino de Rosario,J. J. de Urquiza,1,1,,,Primera C,2026,zonas,Zona A,Fecha 9,José Martín Olaeta,false,https://es.wikipedia.org/wiki/Campeonato_de_Primera_C_2026_(Argentina),
2026-04-25,15:30,Atlas,Yupanqui,1,0,,,Primera C,2026,zonas,Zona B,Fecha 9,Ricardo Puga,false,https://es.wikipedia.org/wiki/Campeonato_de_Primera_C_2026_(Argentina),
2026-04-25,15:30,Defensores Unidos,Deportivo Merlo,1,1,,,Primera B,2026,zonas,,Fecha 13,Mario Losinno,false,https://es.wikipedia.org/wiki/Campeonato_de_Primera_B_2026_(Argentina),
2026-04-25,15:30,Flandria,Sportivo Italiano,0,0,,,Primera B,2026,zonas,,Fecha 13,Carlos V,false,https://es.wikipedia.org/wiki/Campeonato_de_Primera_B_2026_(Argentina),
2026-04-25,15:30,General Lamadrid,Muñiz,1,1,,,Primera C,2026,zonas,Zona B,Fecha 9,Enrique Sexto,false,https://es.wikipedia.org/wiki/Campeonato_de_Primera_C_2026_(Argentina),
2026-04-25,15:30,Ituzaingó,Excursionistas,1,3,,,Primera B,2026,zonas,,Fecha 13,Carlos Sacaan,false,https://es.wikipedia.org/wiki/Campeonato_de_Primera_B_2026_(Argentina),
2026-04-25,15:30,Juventud Unida,Deportivo Paraguayo,2,3,,,Primera C,2026,zonas,Zona A,Fecha 9,Ciudad de San Miguel,false,https://es.wikipedia.org/wiki/Campeonato_de_Primera_C_2026_(Argentina),
2026-04-25,15:30,Leones de Rosario,Cañuelas,1,1,,,Primera C,2026,zonas,Zona B,Fecha 9,Antonio Di Giacomo,false,https://es.wikipedia.org/wiki/Campeonato_de_Primera_C_2026_(Argentina),
2026-04-25,15:30,Lugano,Leandro N. Alem,2,2,,,Primera C,2026,zonas,Zona A,Fecha 9,José María Moraños,false,https://es.wikipedia.org/wiki/Campeonato_de_Primera_C_2026_(Argentina),
2026-04-25,15:30,San Miguel,Los Andes,0,2,,,Primera Nacional,2026,zonas,Zona A,Fecha 11,Malvinas Argentinas,false,https://es.wikipedia.org/wiki/Campeonato_de_Primera_Nacional_2026,
2026-04-25,15:30,San Telmo,All Boys,1,0,,,Primera Nacional,2026,zonas,Zona A,Fecha 11,Doctor Osvaldo Baletto,false,https://es.wikipedia.org/wiki/Campeonato_de_Primera_Nacional_2026,
2026-04-25,15:30,Temperley,Patronato,0,0,,,Primera Nacional,2026,zonas,Zona B,Fecha 11,Alfredo Beranger,false,https://es.wikipedia.org/wiki/Campeonato_de_Primera_Nacional_2026,
2026-04-25,16:00,Tucumán Central,Sarmiento (R),1,1,,,Torneo Federal A,2026,zonas,Zona 2,Fecha 6,Tucumán Central,false,https://es.wikipedia.org/wiki/Torneo_Federal_A_2026,
2026-04-25,17:00,Estudiantes (LP),Talleres (C),0,0,,,Primera Division - Apertura,2026,zonas,Zona A,Fecha 16,Jorge Luis Hirschi,false,https://es.wikipedia.org/wiki/Anexo:Torneo_Apertura_2026_(Argentina),
2026-04-25,17:30,Defensores de Vilelas,Juventud Antoniana,0,1,,,Torneo Federal A,2026,zonas,Zona 2,Fecha 6,Centenario,false,https://es.wikipedia.org/wiki/Torneo_Federal_A_2026,
2026-04-25,17:30,San Martín (SJ),Quilmes,1,0,,,Primera Nacional,2026,zonas,Zona B,Fecha 11,Ingeniero Hilario Sánchez,false,https://es.wikipedia.org/wiki/Campeonato_de_Primera_Nacional_2026,
2026-04-25,18:00,Atlético de Rafaela,Gimnasia y Esgrima (J),0,0,,,Primera Nacional,2026,zonas,Zona B,Fecha 11,Nuevo Monumental,false,https://es.wikipedia.org/wiki/Campeonato_de_Primera_Nacional_2026,
2026-04-25,18:30,Ramón Santamarina,Germinal,0,0,,,Torneo Federal A,2026,zonas,Zona 4,Fecha 6,Municipal General San Martín,false,https://es.wikipedia.org/wiki/Torneo_Federal_A_2026,
2026-04-25,19:15,Sarmiento (J),Tigre,1,0,,,Primera Division - Apertura,2026,zonas,Zona B,Fecha 16,Eva Perón,false,https://es.wikipedia.org/wiki/Anexo:Torneo_Apertura_2026_(Argentina),
2026-04-25,21:30,River Plate,Aldosivi,3,1,,,Primera Division - Apertura,2026,zonas,Zona B,Fecha 16,Monumental,false,https://es.wikipedia.org/wiki/Anexo:Torneo_Apertura_2026_(Argentina),
2026-04-26,12:05,Berazategui,Victoriano Arenas,2,3,,,Primera C,2026,zonas,Zona A,Fecha 9,Norman Lee,false,https://es.wikipedia.org/wiki/Campeonato_de_Primera_C_2026_(Argentina),
2026-04-26,13:00,Deportivo Armenio,San Martín (B),1,1,,,Primera B,2026,zonas,,Fecha 13,Armenia,false,https://es.wikipedia.org/wiki/Campeonato_de_Primera_B_2026_(Argentina),
2026-04-26,15:00,Alvarado,Villa Mitre,1,1,,,Torneo Federal A,2026,zonas,Zona 4,Fecha 6,José María Minella,false,https://es.wikipedia.org/wiki/Torneo_Federal_A_2026,
2026-04-26,15:00,Deportivo Morón,Racing (C),2,1,,,Primera Nacional,2026,zonas,Zona A,Fecha 11,Nuevo Francisco Urbano,false,https://es.wikipedia.org/wiki/Campeonato_de_Primera_Nacional_2026,
2026-04-26,15:00,Independiente Rivadavia,Gimnasia y Esgrima (M),5,1,,,Primera Division - Apertura,2026,zonas,Interzonal,Fecha 16,Bautista Gargantini,false,https://es.wikipedia.org/wiki/Anexo:Torneo_Apertura_2026_(Argentina),
2026-04-26,15:00,Nueva Chicago,Colegiales,0,0,,,Primera Nacional,2026,zonas,Zona B,Fecha 11,Nueva Chicago,false,https://es.wikipedia.org/wiki/Campeonato_de_Primera_Nacional_2026,
2026-04-26,15:00,Tristán Suárez,Gimnasia y Tiro (S),2,1,,,Primera Nacional,2026,zonas,Zona B,Fecha 11,20 de Octubre,false,https://es.wikipedia.org/wiki/Campeonato_de_Primera_Nacional_2026,
2026-04-26,15:30,Acassuso,Estudiantes (BA),0,1,,,Primera Nacional,2026,zonas,Zona A,Fecha 11,La Quema,false,https://es.wikipedia.org/wiki/Campeonato_de_Primera_Nacional_2026,
2026-04-26,15:30,Arsenal,Villa Dálmine,1,1,,,Primera B,2026,zonas,,Fecha 13,Julio Humberto Grondona,false,https://es.wikipedia.org/wiki/Campeonato_de_Primera_B_2026_(Argentina),
2026-04-26,15:30,Chacarita Juniors,Ferrocarril Midland,1,0,,,Primera Nacional,2026,zonas,Zona B,Fecha 11,Chacarita Juniors,false,https://es.wikipedia.org/wiki/Campeonato_de_Primera_Nacional_2026,
2026-04-26,15:30,Cipolletti,FADEP,2,1,,,Torneo Federal A,2026,zonas,Zona 3,Fecha 6,La Visera de Cemento,false,https://es.wikipedia.org/wiki/Torneo_Federal_A_2026,
2026-04-26,15:30,Comunicaciones,Dock Sud,2,0,,,Primera B,2026,zonas,,Fecha 13,Alfredo Ramos,false,https://es.wikipedia.org/wiki/Campeonato_de_Primera_B_2026_(Argentina),
2026-04-26,15:30,Defensores de Cambaceres,Puerto Nuevo,0,0,,,Primera C,2026,zonas,Zona A,Fecha 9,12 de Octubre,false,https://es.wikipedia.org/wiki/Campeonato_de_Primera_C_2026_(Argentina),
2026-04-26,15:30,Deportivo Laferrere,Liniers,0,0,,,Primera B,2026,zonas,,Fecha 13,Ciudad de Laferrere,false,https://es.wikipedia.org/wiki/Campeonato_de_Primera_B_2026_(Argentina),
2026-04-26,15:30,Estrella del Sur,Centro Español,1,0,,,Primera C,2026,zonas,Zona A,Fecha 9,Ciudad de San Vicente,false,https://es.wikipedia.org/wiki/Campeonato_de_Primera_C_2026_(Argentina),
2026-04-26,15:30,Fénix,Claypole,0,2,,,Primera C,2026,zonas,Zona B,Fecha 9,José Manuel Moreno,false,https://es.wikipedia.org/wiki/Campeonato_de_Primera_C_2026_(Argentina),
2026-04-26,15:30,Gimnasia y Esgrima (CdU),Atlético Escobar,1,2,,,Torneo Federal A,2026,zonas,Zona 1,Fecha 6,Manuel y Ramón Núñez,false,https://es.wikipedia.org/wiki/Torneo_Federal_A_2026,
2026-04-26,15:30,Guillermo Brown,Kimberley,3,4,,,Torneo Federal A,2026,zonas,Zona 4,Fecha 6,Raúl Conti,false,https://es.wikipedia.org/wiki/Torneo_Federal_A_2026,
2026-04-26,15:30,Juventud Unida Universitario,Argentino (MM),1,2,,,Torneo Federal A,2026,zonas,Zona 3,Fecha 6,Mario Sebastián Diez,false,https://es.wikipedia.org/wiki/Torneo_Federal_A_2026,
2026-04-26,15:30,Luján,Deportivo Español,1,1,,,Primera C,2026,zonas,Zona B,Fecha 9,1.º de Abril,false,https://es.wikipedia.org/wiki/Campeonato_de_Primera_C_2026_(Argentina),
2026-04-26,15:30,Sacachispas,Mercedes,0,0,,,Primera C,2026,zonas,Zona A,Fecha 9,Beto Larrosa,false,https://es.wikipedia.org/wiki/Campeonato_de_Primera_C_2026_(Argentina),
2026-04-26,15:30,Talleres (RdE),Real Pilar,0,0,,,Primera B,2026,zonas,,Fecha 13,Pablo Comelli,false,https://es.wikipedia.org/wiki/Campeonato_de_Primera_B_2026_(Argentina),
2026-04-26,16:00,Agropecuario,San Martín (T),2,0,,,Primera Nacional,2026,zonas,Zona B,Fecha 11,Ofelia Rosenzuaig,false,https://es.wikipedia.org/wiki/Campeonato_de_Primera_Nacional_2026,
2026-04-26,16:00,Defensores de Belgrano (VR),Sportivo Las Parejas,2,0,,,Torneo Federal A,2026,zonas,Zona 1,Fecha 6,Salomón Boeseldín,false,https://es.wikipedia.org/wiki/Torneo_Federal_A_2026,
2026-04-26,16:00,Deportivo Madryn,Defensores de Belgrano,2,1,,,Primera Nacional,2026,zonas,Zona A,Fecha 11,Abel Sastre,false,https://es.wikipedia.org/wiki/Campeonato_de_Primera_Nacional_2026,
2026-04-26,16:00,Douglas Haig,Independiente (C),1,0,,,Torneo Federal A,2026,zonas,Zona 1,Fecha 6,Miguel Morales,false,https://es.wikipedia.org/wiki/Torneo_Federal_A_2026,
2026-04-26,16:00,Gimnasia y Esgrima (C),9 de Julio (R),1,0,,,Torneo Federal A,2026,zonas,Zona 1,Fecha 6,José María Paz,false,https://es.wikipedia.org/wiki/Torneo_Federal_A_2026,
2026-04-26,16:00,San Martín (SM),Costa Brava,0,0,,,Torneo Federal A,2026,zonas,Zona 3,Fecha 6,Libertador General San Martín,false,https://es.wikipedia.org/wiki/Torneo_Federal_A_2026,
2026-04-26,16:10,Sportivo Belgrano,El Linqueño,1,1,,,Torneo Federal A,2026,zonas,Zona 1,Fecha 6,Juan Pablo Francia,false,https://es.wikipedia.org/wiki/Torneo_Federal_A_2026,
2026-04-26,16:30,Bartolomé Mitre (P),Sarmiento (LB),0,0,,,Torneo Federal A,2026,zonas,Zona 2,Fecha 6,Ernesto Cucchiaroni,false,https://es.wikipedia.org/wiki/Torneo_Federal_A_2026,
2026-04-26,16:30,San Martín (F),Sol de América (F),1,0,,,Torneo Federal A,2026,zonas,Zona 2,Fecha 6,17 de Octubre,false,https://es.wikipedia.org/wiki/Torneo_Federal_A_2026,
2026-04-26,17:00,Central Norte (S),Ciudad de Bolívar,0,1,,,Primera Nacional,2026,zonas,Zona A,Fecha 11,Padre Ernesto Martearena,false,https://es.wikipedia.org/wiki/Campeonato_de_Primera_Nacional_2026,
2026-04-26,17:00,Chaco For Ever,Mitre (SdE),1,1,,,Primera Nacional,2026,zonas,Zona A,Fecha 11,Juan Alberto García,false,https://es.wikipedia.org/wiki/Campeonato_de_Primera_Nacional_2026,
2026-04-26,17:00,Güemes (SdE),Atlanta,0,2,,,Primera Nacional,2026,zonas,Zona B,Fecha 11,Arturo Miranda,false,https://es.wikipedia.org/wiki/Campeonato_de_Primera_Nacional_2026,
2026-04-26,17:30,Belgrano,Gimnasia y Esgrima (LP),0,1,,,Primera Division - Apertura,2026,zonas,Zona B,Fecha 16,Gigante de Alberdi,false,https://es.wikipedia.org/wiki/Anexo:Torneo_Apertura_2026_(Argentina),
2026-04-26,17:30,Newell's Old Boys,Instituto,1,1,,,Primera Division - Apertura,2026,zonas,Zona A,Fecha 16,Marcelo Bielsa,false,https://es.wikipedia.org/wiki/Anexo:Torneo_Apertura_2026_(Argentina),
2026-04-26,18:00,Deportivo Maipú,Almagro,1,0,,,Primera Nacional,2026,zonas,Zona B,Fecha 11,Omar Higinio Sperdutti,false,https://es.wikipedia.org/wiki/Campeonato_de_Primera_Nacional_2026,
2026-04-26,19:00,Atenas (RC),Deportivo Rincón,3,1,,,Torneo Federal A,2026,zonas,Zona 3,Fecha 6,9 de Julio,false,https://es.wikipedia.org/wiki/Torneo_Federal_A_2026,
2026-04-26,19:00,Colón,Godoy Cruz,0,0,,,Primera Nacional,2026,zonas,Zona A,Fecha 11,Brigadier General Estanislao López,false,https://es.wikipedia.org/wiki/Campeonato_de_Primera_Nacional_2026,
2026-04-26,20:00,Atlético Tucumán,Banfield,1,1,,,Primera Division - Apertura,2026,zonas,Zona B,Fecha 16,Monumental José Fierro,false,https://es.wikipedia.org/wiki/Anexo:Torneo_Apertura_2026_(Argentina),
2026-04-27,15:00,Olimpo,Círculo Deportivo,1,0,,,Torneo Federal A,2026,zonas,Zona 4,Fecha 6,Roberto Natalio Carminatti,false,https://es.wikipedia.org/wiki/Torneo_Federal_A_2026,
2026-04-27,15:30,Central Ballester,El Porvenir,1,2,,,Primera C,2026,zonas,Zona B,Fecha 9,Predio Cacique,false,https://es.wikipedia.org/wiki/Campeonato_de_Primera_C_2026_(Argentina),
2026-04-27,15:30,Sportivo Barracas,Central Córdoba (R),1,2,,,Primera C,2026,zonas,Zona B,Fecha 9,1.º de Abril,false,https://es.wikipedia.org/wiki/Campeonato_de_Primera_C_2026_(Argentina),
2026-04-27,18:45,Vélez Sarsfield,Unión,2,2,,,Primera Division - Apertura,2026,zonas,Zona A,Fecha 16,José Amalfitani,false,https://es.wikipedia.org/wiki/Anexo:Torneo_Apertura_2026_(Argentina),
2026-04-27,21:00,Huracán,Argentinos Juniors,1,2,,,Primera Division - Apertura,2026,zonas,Zona B,Fecha 16,Tomás Adolfo Ducó,false,https://es.wikipedia.org/wiki/Anexo:Torneo_Apertura_2026_(Argentina),
2026-04-28,19:30,Ferro Carril Oeste,Almirante Brown,0,1,,,Primera Nacional,2026,zonas,Zona A,Fecha 11,Arquitecto Ricardo Etcheverri,false,https://es.wikipedia.org/wiki/Campeonato_de_Primera_Nacional_2026,
2026-04-30,,Vélez Sarsfield,Gimnasia y Tiro (S),2,0,,,Copa Argentina,2026,eliminacion,,Dieciseisavos,Ciudad de Caseros,true,https://es.wikipedia.org/wiki/Copa_Argentina_2026,
2026-04-30,21:30,All Boys,San Miguel,1,1,,,Primera Nacional,2026,zonas,Zona A,Fecha 12,Islas Malvinas,false,https://es.wikipedia.org/wiki/Campeonato_de_Primera_Nacional_2026,
2026-05-02,14:00,Barracas Central,Banfield,1,2,,,Primera Division - Apertura,2026,zonas,Zona B,Fecha 9,Claudio Chiqui Tapia,false,https://es.wikipedia.org/wiki/Anexo:Torneo_Apertura_2026_(Argentina),
2026-05-02,14:00,Los Andes,Colón,1,1,,,Primera Nacional,2026,zonas,Zona A,Fecha 12,Eduardo Gallardón,false,https://es.wikipedia.org/wiki/Campeonato_de_Primera_Nacional_2026,
2026-05-02,14:30,Lanús,Deportivo Riestra,0,0,,,Primera Division - Apertura,2026,zonas,Zona A,Fecha 9,Ciudad de Lanús,false,https://es.wikipedia.org/wiki/Anexo:Torneo_Apertura_2026_(Argentina),
2026-05-02,15:00,Círculo Deportivo,Guillermo Brown,1,1,,,Torneo Federal A,2026,zonas,Zona 4,Fecha 7,Guillermo Trama,false,https://es.wikipedia.org/wiki/Torneo_Federal_A_2026,
2026-05-02,15:30,Cañuelas,General Lamadrid,0,0,,,Primera C,2026,zonas,Zona B,Fecha 10,Jorge Arin,false,https://es.wikipedia.org/wiki/Campeonato_de_Primera_C_2026_(Argentina),
2026-05-02,15:30,Central Córdoba (R),Fénix,1,0,,,Primera C,2026,zonas,Zona B,Fecha 10,Gabino Sosa,false,https://es.wikipedia.org/wiki/Campeonato_de_Primera_C_2026_(Argentina),
2026-05-02,15:30,Costa Brava,Huracán Las Heras,1,2,,,Torneo Federal A,2026,zonas,Zona 3,Fecha 7,Nuevo Pacaembú,false,https://es.wikipedia.org/wiki/Torneo_Federal_A_2026,
2026-05-02,15:30,Deportivo Camioneros,Flandria,0,0,,,Primera B,2026,zonas,,Fecha 14,Hugo Moyano,false,https://es.wikipedia.org/wiki/Campeonato_de_Primera_B_2026_(Argentina),
2026-05-02,15:30,Deportivo Paraguayo,Defensores de Cambaceres,0,0,,,Primera C,2026,zonas,Zona A,Fecha 10,Deportivo Paraguayo,false,https://es.wikipedia.org/wiki/Campeonato_de_Primera_C_2026_(Argentina),
2026-05-02,15:30,Dock Sud,Defensores Unidos,2,0,,,Primera B,2026,zonas,,Fecha 14,De los Inmigrantes,false,https://es.wikipedia.org/wiki/Campeonato_de_Primera_B_2026_(Argentina),
2026-05-02,15:30,Independiente (C),Sportivo Belgrano,0,3,,,Torneo Federal A,2026,zonas,Zona 1,Fecha 7,Raúl Orlando Lungarzo,false,https://es.wikipedia.org/wiki/Torneo_Federal_A_2026,
2026-05-02,15:30,Kimberley,Sol de Mayo (V),0,0,,,Torneo Federal A,2026,zonas,Zona 4,Fecha 7,José Alberto Valle,false,https://es.wikipedia.org/wiki/Torneo_Federal_A_2026,
2026-05-02,15:30,Real Pilar,Argentino de Merlo,1,1,,,Primera B,2026,zonas,,Fecha 14,Carlos Barraza,false,https://es.wikipedia.org/wiki/Campeonato_de_Primera_B_2026_(Argentina),
2026-05-02,15:30,Sportivo Italiano,Deportivo Armenio,1,0,,,Primera B,2026,zonas,,Fecha 14,República de Italia,false,https://es.wikipedia.org/wiki/Campeonato_de_Primera_B_2026_(Argentina),
2026-05-02,15:30,UAI Urquiza,Arsenal,0,1,,,Primera B,2026,zonas,,Fecha 14,Monumental de Villa Lynch,false,https://es.wikipedia.org/wiki/Campeonato_de_Primera_B_2026_(Argentina),
2026-05-02,15:30,Villa Dálmine,Excursionistas,1,0,,,Primera B,2026,zonas,,Fecha 14,El Coliseo de Mitre y Puccini,false,https://es.wikipedia.org/wiki/Campeonato_de_Primera_B_2026_(Argentina),
2026-05-02,15:30,Villa San Carlos,Deportivo Laferrere,0,2,,,Primera B,2026,zonas,,Fecha 14,Genacio Sálice,false,https://es.wikipedia.org/wiki/Campeonato_de_Primera_B_2026_(Argentina),
2026-05-02,16:15,Central Córdoba (SdE),Boca Juniors,1,2,,,Primera Division - Apertura,2026,zonas,Zona A,Fecha 9,Único Madre de Ciudades,false,https://es.wikipedia.org/wiki/Anexo:Torneo_Apertura_2026_(Argentina),
2026-05-02,16:30,Defensores de Belgrano,Central Norte (S),1,1,,,Primera Nacional,2026,zonas,Zona A,Fecha 12,Juan Pasquale,false,https://es.wikipedia.org/wiki/Campeonato_de_Primera_Nacional_2026,
2026-05-02,16:30,Estudiantes (BA),San Telmo,1,1,,,Primera Nacional,2026,zonas,Zona A,Fecha 12,Ciudad de Caseros,false,https://es.wikipedia.org/wiki/Campeonato_de_Primera_Nacional_2026,
2026-05-02,18:00,San Martín (B),Brown de Adrogué,0,0,,,Primera B,2026,zonas,,Fecha 14,Francisco Boga,false,https://es.wikipedia.org/wiki/Campeonato_de_Primera_B_2026_(Argentina),
2026-05-02,18:45,San Lorenzo,Independiente,1,2,,,Primera Division - Apertura,2026,zonas,Zona A,Fecha 9,Nuevo Gasómetro,false,https://es.wikipedia.org/wiki/Anexo:Torneo_Apertura_2026_(Argentina),
2026-05-02,18:45,Unión,Talleres (C),1,1,,,Primera Division - Apertura,2026,zonas,Zona A,Fecha 9,15 de Abril,false,https://es.wikipedia.org/wiki/Anexo:Torneo_Apertura_2026_(Argentina),
2026-05-02,20:00,Deportivo Merlo,Argentino de Quilmes,1,0,,,Primera B,2026,zonas,,Fecha 14,José Manuel Moreno,false,https://es.wikipedia.org/wiki/Campeonato_de_Primera_B_2026_(Argentina),
2026-05-02,21:00,San Martín (T),Atlético de Rafaela,2,1,,,Primera Nacional,2026,zonas,Zona B,Fecha 12,La Ciudadela,false,https://es.wikipedia.org/wiki/Campeonato_de_Primera_Nacional_2026,
2026-05-02,21:15,Platense,Estudiantes (LP),0,2,,,Primera Division - Apertura,2026,zonas,Zona A,Fecha 9,Ciudad de Vicente López,false,https://es.wikipedia.org/wiki/Anexo:Torneo_Apertura_2026_(Argentina),
2026-05-03,11:00,FADEP,Atenas (RC),4,0,,,Torneo Federal A,2026,zonas,Zona 3,Fecha 7,Predio Social y Deportivo FADEP,false,https://es.wikipedia.org/wiki/Torneo_Federal_A_2026,
2026-05-03,13:30,Aldosivi,Independiente Rivadavia,1,1,,,Primera Division - Apertura,2026,zonas,Zona B,Fecha 9,José María Minella,false,https://es.wikipedia.org/wiki/Anexo:Torneo_Apertura_2026_(Argentina),
2026-05-03,14:00,Almagro,Temperley,1,1,,,Primera Nacional,2026,zonas,Zona B,Fecha 12,Tres de Febrero,false,https://es.wikipedia.org/wiki/Campeonato_de_Primera_Nacional_2026,
2026-05-03,14:00,Atlanta,Tristán Suárez,3,1,,,Primera Nacional,2026,zonas,Zona B,Fecha 12,Don León Kolbowsky,false,https://es.wikipedia.org/wiki/Campeonato_de_Primera_Nacional_2026,
2026-05-03,14:00,Colegiales,San Martín (SJ),2,0,,,Primera Nacional,2026,zonas,Zona B,Fecha 12,Libertarios Unidos,false,https://es.wikipedia.org/wiki/Campeonato_de_Primera_Nacional_2026,
2026-05-03,15:00,Atlético Escobar,Defensores de Belgrano (VR),3,2,,,Torneo Federal A,2026,zonas,Zona 1,Fecha 7,Armenia,false,https://es.wikipedia.org/wiki/Torneo_Federal_A_2026,
2026-05-03,15:00,Deportivo Rincón,San Martín (SM),1,0,,,Torneo Federal A,2026,zonas,Zona 3,Fecha 7,Elías Moisés Gómez,false,https://es.wikipedia.org/wiki/Torneo_Federal_A_2026,
2026-05-03,15:00,Germinal,Alvarado,1,0,,,Torneo Federal A,2026,zonas,Zona 4,Fecha 7,El Fortín (R),false,https://es.wikipedia.org/wiki/Torneo_Federal_A_2026,
2026-05-03,15:00,Mitre (SdE),Acassuso,2,0,,,Primera Nacional,2026,zonas,Zona A,Fecha 12,Doctores José y Antonio Castiglione,false,https://es.wikipedia.org/wiki/Campeonato_de_Primera_Nacional_2026,
2026-05-03,15:00,Villa Mitre,Olimpo,0,0,,,Torneo Federal A,2026,zonas,Zona 4,Fecha 7,El Fortín (BB),false,https://es.wikipedia.org/wiki/Torneo_Federal_A_2026,
2026-05-03,15:30,Atlas,Leones de Rosario,3,2,,,Primera C,2026,zonas,Zona B,Fecha 10,Ricardo Puga,false,https://es.wikipedia.org/wiki/Campeonato_de_Primera_C_2026_(Argentina),
2026-05-03,15:30,Berazategui,Lugano,2,0,,,Primera C,2026,zonas,Zona A,Fecha 10,Norman Lee,false,https://es.wikipedia.org/wiki/Campeonato_de_Primera_C_2026_(Argentina),
2026-05-03,15:30,Claypole,El Porvenir,1,2,,,Primera C,2026,zonas,Zona B,Fecha 10,Rodolfo Capocasa,false,https://es.wikipedia.org/wiki/Campeonato_de_Primera_C_2026_(Argentina),
2026-05-03,15:30,Gimnasia y Esgrima (J),Deportivo Maipú,1,1,,,Primera Nacional,2026,zonas,Zona B,Fecha 12,23 de Agosto,false,https://es.wikipedia.org/wiki/Campeonato_de_Primera_Nacional_2026,
2026-05-03,15:30,Liniers,Talleres (RdE),0,1,,,Primera B,2026,zonas,,Fecha 14,Juan Antonio Arias,false,https://es.wikipedia.org/wiki/Campeonato_de_Primera_B_2026_(Argentina),
2026-05-03,15:30,Mercedes,Juventud Unida,1,1,,,Primera C,2026,zonas,Zona A,Fecha 10,Estudiantes de Mercedes,false,https://es.wikipedia.org/wiki/Campeonato_de_Primera_C_2026_(Argentina),
2026-05-03,15:30,Puerto Nuevo,Leandro N. Alem,1,4,,,Primera C,2026,zonas,Zona A,Fecha 10,Rubén Carlos Vallejos,false,https://es.wikipedia.org/wiki/Campeonato_de_Primera_C_2026_(Argentina),
2026-05-03,15:30,Victoriano Arenas,Estrella del Sur,3,0,,,Primera C,2026,zonas,Zona A,Fecha 10,Saturnino Moure,false,https://es.wikipedia.org/wiki/Campeonato_de_Primera_C_2026_(Argentina),
2026-05-03,15:30,Yupanqui,Central Ballester,2,0,,,Primera C,2026,zonas,Zona B,Fecha 10,Ciudad Evita,false,https://es.wikipedia.org/wiki/Campeonato_de_Primera_C_2026_(Argentina),
2026-05-03,16:00,9 de Julio (R),Gimnasia y Esgrima (CdU),4,1,,,Torneo Federal A,2026,zonas,Zona 1,Fecha 7,Germán Solterman,false,https://es.wikipedia.org/wiki/Torneo_Federal_A_2026,
2026-05-03,16:00,Argentino (MM),Cipolletti,2,0,,,Torneo Federal A,2026,zonas,Zona 3,Fecha 7,Modesto Marrone,false,https://es.wikipedia.org/wiki/Torneo_Federal_A_2026,
2026-05-03,16:00,Belgrano,Sarmiento (J),4,0,,,Primera Division - Apertura,2026,zonas,Zona B,Fecha 9,Gigante de Alberdi,false,https://es.wikipedia.org/wiki/Anexo:Torneo_Apertura_2026_(Argentina),
2026-05-03,16:00,El Linqueño,Gimnasia y Esgrima (C),1,1,,,Torneo Federal A,2026,zonas,Zona 1,Fecha 7,Leonardo Costa,false,https://es.wikipedia.org/wiki/Torneo_Federal_A_2026,
2026-05-03,16:00,Gimnasia y Esgrima (LP),Argentinos Juniors,2,0,,,Primera Division - Apertura,2026,zonas,Zona B,Fecha 9,Del Bosque,false,https://es.wikipedia.org/wiki/Anexo:Torneo_Apertura_2026_(Argentina),
2026-05-03,16:00,Patronato,Nueva Chicago,2,1,,,Primera Nacional,2026,zonas,Zona B,Fecha 12,Presbítero Bartolomé Grella,false,https://es.wikipedia.org/wiki/Campeonato_de_Primera_Nacional_2026,
2026-05-03,16:00,Racing Club,Huracán,0,0,,,Primera Division - Apertura,2026,zonas,Zona B,Fecha 9,El Cilindro,false,https://es.wikipedia.org/wiki/Anexo:Torneo_Apertura_2026_(Argentina),
2026-05-03,16:00,Rosario Central,Tigre,1,1,,,Primera Division - Apertura,2026,zonas,Zona B,Fecha 9,Gigante de Arroyito,false,https://es.wikipedia.org/wiki/Anexo:Torneo_Apertura_2026_(Argentina),
2026-05-03,16:00,Sarmiento (R),Boca Unidos,1,1,,,Torneo Federal A,2026,zonas,Zona 2,Fecha 7,Centenario,false,https://es.wikipedia.org/wiki/Torneo_Federal_A_2026,
2026-05-03,16:00,Sol de América (F),Tucumán Central,3,0,,,Torneo Federal A,2026,zonas,Zona 2,Fecha 7,Sol de América,false,https://es.wikipedia.org/wiki/Torneo_Federal_A_2026,
2026-05-03,16:00,Sportivo Las Parejas,Douglas Haig,0,0,,,Torneo Federal A,2026,zonas,Zona 1,Fecha 7,4 de Septiembre,false,https://es.wikipedia.org/wiki/Torneo_Federal_A_2026,
2026-05-03,16:30,Almirante Brown,Chaco For Ever,1,0,,,Primera Nacional,2026,zonas,Zona A,Fecha 12,Fragata Presidente Sarmiento,false,https://es.wikipedia.org/wiki/Campeonato_de_Primera_Nacional_2026,
2026-05-03,16:30,Ferrocarril Midland,Güemes (SdE),2,1,,,Primera Nacional,2026,zonas,Zona B,Fecha 12,Ciudad de Libertad,false,https://es.wikipedia.org/wiki/Campeonato_de_Primera_Nacional_2026,
2026-05-03,16:30,Sarmiento (LB),Defensores de Vilelas,1,2,,,Torneo Federal A,2026,zonas,Zona 2,Fecha 7,Ciudad de La Banda,false,https://es.wikipedia.org/wiki/Torneo_Federal_A_2026,
2026-05-03,17:00,Ciudad de Bolívar,Ferro Carril Oeste,2,4,,,Primera Nacional,2026,zonas,Zona A,Fecha 12,Municipal Eva Perón,false,https://es.wikipedia.org/wiki/Campeonato_de_Primera_Nacional_2026,
2026-05-03,17:00,Juventud Antoniana,San Martín (F),0,3,,,Torneo Federal A,2026,zonas,Zona 2,Fecha 7,Padre Ernesto Martearena,false,https://es.wikipedia.org/wiki/Torneo_Federal_A_2026,
2026-05-03,17:30,Godoy Cruz,Deportivo Morón,2,2,,,Primera Nacional,2026,zonas,Zona A,Fecha 12,Feliciano Gambarte,false,https://es.wikipedia.org/wiki/Campeonato_de_Primera_Nacional_2026,
2026-05-03,18:00,Racing (C),Deportivo Madryn,2,2,,,Primera Nacional,2026,zonas,Zona A,Fecha 12,Miguel Sancho,false,https://es.wikipedia.org/wiki/Campeonato_de_Primera_Nacional_2026,
2026-05-03,18:30,River Plate,Atlético Tucumán,0,1,,,Primera Division - Apertura,2026,zonas,Zona B,Fecha 9,Monumental,false,https://es.wikipedia.org/wiki/Anexo:Torneo_Apertura_2026_(Argentina),
2026-05-04,15:30,Centro Español,Argentino de Rosario,3,2,,,Primera C,2026,zonas,Zona A,Fecha 10,Carlos Sacaan,false,https://es.wikipedia.org/wiki/Campeonato_de_Primera_C_2026_(Argentina),
2026-05-04,15:30,Deportivo Español,Sportivo Barracas,0,0,,,Primera C,2026,zonas,Zona B,Fecha 10,Nueva España,false,https://es.wikipedia.org/wiki/Campeonato_de_Primera_C_2026_(Argentina),
2026-05-04,15:30,J. J. de Urquiza,Sacachispas,0,0,,,Primera C,2026,zonas,Zona A,Fecha 10,Ramón Roque Martín,false,https://es.wikipedia.org/wiki/Campeonato_de_Primera_C_2026_(Argentina),
2026-05-04,15:30,Muñiz,Luján,0,2,,,Primera C,2026,zonas,Zona B,Fecha 10,Ricardo Puga,false,https://es.wikipedia.org/wiki/Campeonato_de_Primera_C_2026_(Argentina),
2026-05-04,17:00,Gimnasia y Esgrima (M),Defensa y Justicia,2,1,,,Primera Division - Apertura,2026,zonas,Zona A,Fecha 9,Víctor Antonio Legrotaglie,false,https://es.wikipedia.org/wiki/Anexo:Torneo_Apertura_2026_(Argentina),
2026-05-04,19:15,Vélez Sarsfield,Newell's Old Boys,1,1,,,Primera Division - Apertura,2026,zonas,Zona A,Fecha 9,José Amalfitani,false,https://es.wikipedia.org/wiki/Anexo:Torneo_Apertura_2026_(Argentina),
2026-05-04,20:00,Comunicaciones,Ituzaingó,3,2,,,Primera B,2026,zonas,,Fecha 14,Alfredo Ramos,false,https://es.wikipedia.org/wiki/Campeonato_de_Primera_B_2026_(Argentina),
2026-05-04,20:00,Quilmes,Chacarita Juniors,0,0,,,Primera Nacional,2026,zonas,Zona B,Fecha 12,Centenario Ciudad de Quilmes,false,https://es.wikipedia.org/wiki/Campeonato_de_Primera_Nacional_2026,
2026-05-04,21:30,Estudiantes (RC),Instituto,0,2,,,Primera Division - Apertura,2026,zonas,Interzonal,Fecha 9,Antonio Candini,false,https://es.wikipedia.org/wiki/Anexo:Torneo_Apertura_2026_(Argentina),
2026-05-04,21:30,Gimnasia y Tiro (S),Agropecuario,2,3,,,Primera Nacional,2026,zonas,Zona B,Fecha 12,Gigante del Norte,false,https://es.wikipedia.org/wiki/Campeonato_de_Primera_Nacional_2026,
2026-05-08,,Banfield,San Martín (T),1,1,5,4,Copa Argentina,2026,eliminacion,,Dieciseisavos,Padre Ernesto Martearena,true,https://es.wikipedia.org/wiki/Copa_Argentina_2026,
2026-05-08,15:30,General Lamadrid,Atlas,1,0,,,Primera C,2026,zonas,Zona B,Fecha 11,Enrique Sexto,false,https://es.wikipedia.org/wiki/Campeonato_de_Primera_C_2026_(Argentina),
2026-05-08,19:00,Defensores de Cambaceres,Mercedes,2,1,,,Primera C,2026,zonas,Zona A,Fecha 11,12 de Octubre,false,https://es.wikipedia.org/wiki/Campeonato_de_Primera_C_2026_(Argentina),
2026-05-08,20:00,Excursionistas,UAI Urquiza,0,0,,,Primera B,2026,zonas,,Fecha 15,Excursionistas,false,https://es.wikipedia.org/wiki/Campeonato_de_Primera_B_2026_(Argentina),
2026-05-09,,Argentinos Juniors,Lanús,2,0,,,Primera Division - Apertura,2026,eliminacion,,Octavos,Estadio Diego Armando Maradona,false,https://es.wikipedia.org/wiki/Anexo:Torneo_Apertura_2026_(Argentina),
2026-05-09,,Boca Juniors,Huracán,2,3,,,Primera Division - Apertura,2026,eliminacion,,Octavos,Estadio La Bombonera,false,https://es.wikipedia.org/wiki/Anexo:Torneo_Apertura_2026_(Argentina),
2026-05-09,,Independiente Rivadavia,Unión,1,2,,,Primera Division - Apertura,2026,eliminacion,,Octavos,Estadio Bautista Gargantini,false,https://es.wikipedia.org/wiki/Anexo:Torneo_Apertura_2026_(Argentina),
2026-05-09,,Talleres (C),Belgrano,0,1,,,Primera Division - Apertura,2026,eliminacion,,Octavos,Estadio Mario Alberto Kempes,false,https://es.wikipedia.org/wiki/Anexo:Torneo_Apertura_2026_(Argentina),
2026-05-09,15:00,Brown de Adrogué,Sportivo Italiano,0,0,,,Primera B,2026,zonas,,Fecha 15,Lorenzo Arandilla,false,https://es.wikipedia.org/wiki/Campeonato_de_Primera_B_2026_(Argentina),
2026-05-09,15:00,Deportivo Morón,Los Andes,0,0,,,Primera Nacional,2026,zonas,Zona A,Fecha 13,Nuevo Francisco Urbano,false,https://es.wikipedia.org/wiki/Campeonato_de_Primera_Nacional_2026,
2026-05-09,15:00,San Telmo,Mitre (SdE),0,0,,,Primera Nacional,2026,zonas,Zona A,Fecha 13,Doctor Osvaldo Baletto,false,https://es.wikipedia.org/wiki/Campeonato_de_Primera_Nacional_2026,
2026-05-09,15:00,Tristán Suárez,Ferrocarril Midland,1,3,,,Primera Nacional,2026,zonas,Zona B,Fecha 13,20 de Octubre,false,https://es.wikipedia.org/wiki/Campeonato_de_Primera_Nacional_2026,
2026-05-09,15:30,Argentino de Merlo,Liniers,0,1,,,Primera B,2026,zonas,,Fecha 15,Juan Carlos Brieva,false,https://es.wikipedia.org/wiki/Campeonato_de_Primera_B_2026_(Argentina),
2026-05-09,15:30,Argentino de Rosario,Victoriano Arenas,1,1,,,Primera C,2026,zonas,Zona A,Fecha 11,José Martín Olaeta,false,https://es.wikipedia.org/wiki/Campeonato_de_Primera_C_2026_(Argentina),
2026-05-09,15:30,Central Ballester,Claypole,0,0,,,Primera C,2026,zonas,Zona B,Fecha 11,Predio Cacique,false,https://es.wikipedia.org/wiki/Campeonato_de_Primera_C_2026_(Argentina),
2026-05-09,15:30,Defensores Unidos,Comunicaciones,1,1,,,Primera B,2026,zonas,,Fecha 15,Mario Losinno,false,https://es.wikipedia.org/wiki/Campeonato_de_Primera_B_2026_(Argentina),
2026-05-09,15:30,Defensores de Vilelas,Bartolomé Mitre (P),1,3,,,Torneo Federal A,2026,zonas,Zona 2,Fecha 8,Centenario,false,https://es.wikipedia.org/wiki/Torneo_Federal_A_2026,
2026-05-09,15:30,Deportivo Armenio,Deportivo Camioneros,1,3,,,Primera B,2026,zonas,,Fecha 15,Armenia,false,https://es.wikipedia.org/wiki/Campeonato_de_Primera_B_2026_(Argentina),
2026-05-09,15:30,Deportivo Laferrere,San Martín (B),0,2,,,Primera B,2026,zonas,,Fecha 15,Ciudad de Laferrere,false,https://es.wikipedia.org/wiki/Campeonato_de_Primera_B_2026_(Argentina),
2026-05-09,15:30,Estrella del Sur,Berazategui,0,0,,,Primera C,2026,zonas,Zona A,Fecha 11,Ciudad de San Vicente,false,https://es.wikipedia.org/wiki/Campeonato_de_Primera_C_2026_(Argentina),
2026-05-09,15:30,Flandria,Deportivo Merlo,2,0,,,Primera B,2026,zonas,,Fecha 15,Carlos V,false,https://es.wikipedia.org/wiki/Campeonato_de_Primera_B_2026_(Argentina),
2026-05-09,15:30,Independiente (C),El Linqueño,1,0,,,Torneo Federal A,2026,zonas,Zona 1,Fecha 8,Raúl Orlando Lungarzo,false,https://es.wikipedia.org/wiki/Torneo_Federal_A_2026,
2026-05-09,15:30,Juventud Unida,J. J. de Urquiza,0,1,,,Primera C,2026,zonas,Zona A,Fecha 11,Ricardo Puga,false,https://es.wikipedia.org/wiki/Campeonato_de_Primera_C_2026_(Argentina),
2026-05-09,15:30,Leones de Rosario,Yupanqui,0,0,,,Primera C,2026,zonas,Zona B,Fecha 11,Antonio Di Giacomo,false,https://es.wikipedia.org/wiki/Campeonato_de_Primera_C_2026_(Argentina),
2026-05-09,15:30,San Miguel,Estudiantes (BA),1,1,,,Primera Nacional,2026,zonas,Zona A,Fecha 13,Malvinas Argentinas,false,https://es.wikipedia.org/wiki/Campeonato_de_Primera_Nacional_2026,
2026-05-09,15:30,Talleres (RdE),Villa San Carlos,1,0,,,Primera B,2026,zonas,,Fecha 15,Pablo Comelli,false,https://es.wikipedia.org/wiki/Campeonato_de_Primera_B_2026_(Argentina),
2026-05-09,15:30,Temperley,Deportivo Maipú,0,5,,,Primera Nacional,2026,zonas,Zona B,Fecha 13,Alfredo Beranger,false,https://es.wikipedia.org/wiki/Campeonato_de_Primera_Nacional_2026,
2026-05-09,16:30,San Martín (SJ),Patronato,1,1,,,Primera Nacional,2026,zonas,Zona B,Fecha 13,Ingeniero Hilario Sánchez,false,https://es.wikipedia.org/wiki/Campeonato_de_Primera_Nacional_2026,
2026-05-09,18:00,Atlético de Rafaela,Gimnasia y Tiro (S),1,0,,,Primera Nacional,2026,zonas,Zona B,Fecha 13,Nuevo Monumental,false,https://es.wikipedia.org/wiki/Campeonato_de_Primera_Nacional_2026,
2026-05-09,18:00,Ituzaingó,Villa Dálmine,0,2,,,Primera B,2026,zonas,,Fecha 15,Carlos Sacaan,false,https://es.wikipedia.org/wiki/Campeonato_de_Primera_B_2026_(Argentina),
2026-05-10,,Estudiantes (LP),Racing Club,0,1,,,Primera Division - Apertura,2026,eliminacion,,Octavos,Estadio Jorge Luis Hirschi,false,https://es.wikipedia.org/wiki/Anexo:Torneo_Apertura_2026_(Argentina),
2026-05-10,,River Plate,San Lorenzo,2,2,4,3,Primera Division - Apertura,2026,eliminacion,,Octavos,Estadio Monumental,false,https://es.wikipedia.org/wiki/Anexo:Torneo_Apertura_2026_(Argentina),
2026-05-10,,Rosario Central,Independiente,3,1,,,Primera Division - Apertura,2026,eliminacion,,Octavos,Estadio Gigante de Arroyito,false,https://es.wikipedia.org/wiki/Anexo:Torneo_Apertura_2026_(Argentina),
2026-05-10,,Vélez Sarsfield,Gimnasia y Esgrima (LP),0,1,,,Primera Division - Apertura,2026,eliminacion,,Octavos,Estadio José Amalfitani,false,https://es.wikipedia.org/wiki/Anexo:Torneo_Apertura_2026_(Argentina),
2026-05-10,15:00,Alvarado,Ramón Santamarina,3,0,,,Torneo Federal A,2026,zonas,Zona 4,Fecha 8,José María Minella,false,https://es.wikipedia.org/wiki/Torneo_Federal_A_2026,
2026-05-10,15:00,Guillermo Brown,Villa Mitre,1,0,,,Torneo Federal A,2026,zonas,Zona 4,Fecha 8,Raúl Conti,false,https://es.wikipedia.org/wiki/Torneo_Federal_A_2026,
2026-05-10,15:00,Sol de Mayo (V),Círculo Deportivo,0,0,,,Torneo Federal A,2026,zonas,Zona 4,Fecha 8,Sol de Mayo,false,https://es.wikipedia.org/wiki/Torneo_Federal_A_2026,
2026-05-10,15:30,Acassuso,Almirante Brown,0,0,,,Primera Nacional,2026,zonas,Zona A,Fecha 13,La Quema,false,https://es.wikipedia.org/wiki/Campeonato_de_Primera_Nacional_2026,
2026-05-10,15:30,Argentino de Quilmes,Dock Sud,0,2,,,Primera B,2026,zonas,,Fecha 15,Argentino de Quilmes,false,https://es.wikipedia.org/wiki/Campeonato_de_Primera_B_2026_(Argentina),
2026-05-10,15:30,Arsenal,Real Pilar,2,1,,,Primera B,2026,zonas,,Fecha 15,Julio Humberto Grondona,false,https://es.wikipedia.org/wiki/Campeonato_de_Primera_B_2026_(Argentina),
2026-05-10,15:30,Atenas (RC),Argentino (MM),1,0,,,Torneo Federal A,2026,zonas,Zona 3,Fecha 8,9 de Julio,false,https://es.wikipedia.org/wiki/Torneo_Federal_A_2026,
2026-05-10,15:30,Chacarita Juniors,Colegiales,2,0,,,Primera Nacional,2026,zonas,Zona B,Fecha 13,Chacarita Juniors,false,https://es.wikipedia.org/wiki/Campeonato_de_Primera_Nacional_2026,
2026-05-10,15:30,Cipolletti,Juventud Unida Universitario,0,1,,,Torneo Federal A,2026,zonas,Zona 3,Fecha 8,La Visera de Cemento,false,https://es.wikipedia.org/wiki/Torneo_Federal_A_2026,
2026-05-10,15:30,El Porvenir,Central Córdoba (R),1,0,,,Primera C,2026,zonas,Zona B,Fecha 11,Gildo Francisco Ghersinich,false,https://es.wikipedia.org/wiki/Campeonato_de_Primera_C_2026_(Argentina),
2026-05-10,15:30,Gimnasia y Esgrima (CdU),Gimnasia y Esgrima (C),1,0,,,Torneo Federal A,2026,zonas,Zona 1,Fecha 8,Manuel y Ramón Núñez,false,https://es.wikipedia.org/wiki/Torneo_Federal_A_2026,
2026-05-10,15:30,Leandro N. Alem,Deportivo Paraguayo,4,2,,,Primera C,2026,zonas,Zona A,Fecha 11,Leandro N. Alem,false,https://es.wikipedia.org/wiki/Campeonato_de_Primera_C_2026_(Argentina),
2026-05-10,15:30,Lugano,Puerto Nuevo,3,0,,,Primera C,2026,zonas,Zona A,Fecha 11,José María Moraños,false,https://es.wikipedia.org/wiki/Campeonato_de_Primera_C_2026_(Argentina),
2026-05-10,15:30,Luján,Cañuelas,2,1,,,Primera C,2026,zonas,Zona B,Fecha 11,1.º de Abril,false,https://es.wikipedia.org/wiki/Campeonato_de_Primera_C_2026_(Argentina),
2026-05-10,15:30,Olimpo,Germinal,1,0,,,Torneo Federal A,2026,zonas,Zona 4,Fecha 8,Roberto Natalio Carminatti,false,https://es.wikipedia.org/wiki/Torneo_Federal_A_2026,
2026-05-10,16:00,Agropecuario,Atlanta,0,0,,,Primera Nacional,2026,zonas,Zona B,Fecha 13,Ofelia Rosenzuaig,false,https://es.wikipedia.org/wiki/Campeonato_de_Primera_Nacional_2026,
2026-05-10,16:00,Boca Unidos,Sol de América (F),0,1,,,Torneo Federal A,2026,zonas,Zona 2,Fecha 8,Leoncio Benítez,false,https://es.wikipedia.org/wiki/Torneo_Federal_A_2026,
2026-05-10,16:00,Defensores de Belgrano (VR),9 de Julio (R),0,0,,,Torneo Federal A,2026,zonas,Zona 1,Fecha 8,Salomón Boeseldín,false,https://es.wikipedia.org/wiki/Torneo_Federal_A_2026,
2026-05-10,16:00,Douglas Haig,Atlético Escobar,4,1,,,Torneo Federal A,2026,zonas,Zona 1,Fecha 8,Miguel Morales,false,https://es.wikipedia.org/wiki/Torneo_Federal_A_2026,
2026-05-10,16:00,Güemes (SdE),Quilmes,2,1,,,Primera Nacional,2026,zonas,Zona B,Fecha 13,Arturo Miranda,false,https://es.wikipedia.org/wiki/Campeonato_de_Primera_Nacional_2026,
2026-05-10,16:00,Huracán Las Heras,Deportivo Rincón,1,1,,,Torneo Federal A,2026,zonas,Zona 3,Fecha 8,General San Martín,false,https://es.wikipedia.org/wiki/Torneo_Federal_A_2026,
2026-05-10,16:00,San Martín (SM),FADEP,1,1,,,Torneo Federal A,2026,zonas,Zona 3,Fecha 8,Libertador General San Martín,false,https://es.wikipedia.org/wiki/Torneo_Federal_A_2026,
2026-05-10,16:00,Sportivo Belgrano,Sportivo Las Parejas,2,0,,,Torneo Federal A,2026,zonas,Zona 1,Fecha 8,Juan Pablo Francia,false,https://es.wikipedia.org/wiki/Torneo_Federal_A_2026,
2026-05-10,16:00,Tucumán Central,Juventud Antoniana,1,0,,,Torneo Federal A,2026,zonas,Zona 2,Fecha 8,Tucumán Central,false,https://es.wikipedia.org/wiki/Torneo_Federal_A_2026,
2026-05-10,16:30,Chaco For Ever,Ciudad de Bolívar,0,1,,,Primera Nacional,2026,zonas,Zona A,Fecha 13,Juan Alberto García,false,https://es.wikipedia.org/wiki/Campeonato_de_Primera_Nacional_2026,
2026-05-10,16:30,Godoy Cruz,Racing (C),2,1,,,Primera Nacional,2026,zonas,Zona A,Fecha 13,Feliciano Gambarte,false,https://es.wikipedia.org/wiki/Campeonato_de_Primera_Nacional_2026,
2026-05-10,16:30,San Martín (F),Sarmiento (LB),4,2,,,Torneo Federal A,2026,zonas,Zona 2,Fecha 8,17 de Octubre,false,https://es.wikipedia.org/wiki/Torneo_Federal_A_2026,
2026-05-10,17:00,Central Norte (S),Deportivo Madryn,2,3,,,Primera Nacional,2026,zonas,Zona A,Fecha 13,Padre Ernesto Martearena,false,https://es.wikipedia.org/wiki/Campeonato_de_Primera_Nacional_2026,
2026-05-10,18:00,Colón,All Boys,3,2,,,Primera Nacional,2026,zonas,Zona A,Fecha 13,Brigadier General Estanislao López,false,https://es.wikipedia.org/wiki/Campeonato_de_Primera_Nacional_2026,
2026-05-11,15:30,Fénix,Deportivo Español,1,0,,,Primera C,2026,zonas,Zona B,Fecha 11,José Manuel Moreno,false,https://es.wikipedia.org/wiki/Campeonato_de_Primera_C_2026_(Argentina),
2026-05-11,15:30,Sacachispas,Centro Español,1,1,,,Primera C,2026,zonas,Zona A,Fecha 11,Beto Larrosa,false,https://es.wikipedia.org/wiki/Campeonato_de_Primera_C_2026_(Argentina),
2026-05-11,15:30,Sportivo Barracas,Muñiz,0,0,,,Primera C,2026,zonas,Zona B,Fecha 11,Tres de Febrero,false,https://es.wikipedia.org/wiki/Campeonato_de_Primera_C_2026_(Argentina),
2026-05-11,19:00,Ferro Carril Oeste,Defensores de Belgrano,2,1,,,Primera Nacional,2026,zonas,Zona A,Fecha 13,Arquitecto Ricardo Etcheverri,false,https://es.wikipedia.org/wiki/Campeonato_de_Primera_Nacional_2026,
2026-05-11,19:30,Nueva Chicago,Almagro,1,2,,,Primera Nacional,2026,zonas,Zona B,Fecha 13,Nueva Chicago,false,https://es.wikipedia.org/wiki/Campeonato_de_Primera_Nacional_2026,
2026-05-12,,Argentinos Juniors,Huracán,1,0,,,Primera Division - Apertura,2026,eliminacion,,Cuartos,Estadio Diego Armando Maradona,false,https://es.wikipedia.org/wiki/Anexo:Torneo_Apertura_2026_(Argentina),
2026-05-12,,Belgrano,Unión,2,0,,,Primera Division - Apertura,2026,eliminacion,,Cuartos,Estadio Gigante de Alberdi,false,https://es.wikipedia.org/wiki/Anexo:Torneo_Apertura_2026_(Argentina),
2026-05-12,21:10,San Martín (T),Gimnasia y Esgrima (J),2,0,,,Primera Nacional,2026,zonas,Zona B,Fecha 13,La Ciudadela,false,https://es.wikipedia.org/wiki/Campeonato_de_Primera_Nacional_2026,
2026-05-13,,Platense,San Martín (SJ),0,0,4,3,Copa Argentina,2026,eliminacion,,Dieciseisavos,Alfredo Beranger,true,https://es.wikipedia.org/wiki/Copa_Argentina_2026,
2026-05-13,,River Plate,Gimnasia y Esgrima (LP),2,0,,,Primera Division - Apertura,2026,eliminacion,,Cuartos,Estadio Monumental,false,https://es.wikipedia.org/wiki/Anexo:Torneo_Apertura_2026_(Argentina),
2026-05-13,,Rosario Central,Racing Club,2,1,,,Primera Division - Apertura,2026,eliminacion,,Cuartos,Estadio Gigante de Arroyito,false,https://es.wikipedia.org/wiki/Anexo:Torneo_Apertura_2026_(Argentina),
2026-05-15,21:00,Racing (C),Central Norte (S),1,2,,,Primera Nacional,2026,zonas,Zona A,Fecha 14,Miguel Sancho,false,https://es.wikipedia.org/wiki/Campeonato_de_Primera_Nacional_2026,
2026-05-16,,River Plate,Rosario Central,1,0,,,Primera Division - Apertura,2026,eliminacion,,Semifinales,Estadio Monumental,false,https://es.wikipedia.org/wiki/Anexo:Torneo_Apertura_2026_(Argentina),
2026-05-16,13:00,Atlanta,Atlético de Rafaela,2,0,,,Primera Nacional,2026,zonas,Zona B,Fecha 14,Don León Kolbowsky,false,https://es.wikipedia.org/wiki/Campeonato_de_Primera_Nacional_2026,
2026-05-16,15:00,Los Andes,Godoy Cruz,1,0,,,Primera Nacional,2026,zonas,Zona A,Fecha 14,Eduardo Gallardón,false,https://es.wikipedia.org/wiki/Campeonato_de_Primera_Nacional_2026,
2026-05-16,15:30,Almirante Brown,San Telmo,0,0,,,Primera Nacional,2026,zonas,Zona A,Fecha 14,Fragata Presidente Sarmiento,false,https://es.wikipedia.org/wiki/Campeonato_de_Primera_Nacional_2026,
2026-05-16,15:30,Atlas,Berazategui,0,0,,,Primera C,2026,zonas,Interzonal,Fecha 12,Ricardo Puga,false,https://es.wikipedia.org/wiki/Campeonato_de_Primera_C_2026_(Argentina),
2026-05-16,15:30,Centro Español,Fénix,1,0,,,Primera C,2026,zonas,Interzonal,Fecha 12,Carlos Sacaan,false,https://es.wikipedia.org/wiki/Campeonato_de_Primera_C_2026_(Argentina),
2026-05-16,15:30,Defensores Unidos,Ituzaingó,2,1,,,Primera B,2026,zonas,,Fecha 16,Mario Losinno,false,https://es.wikipedia.org/wiki/Campeonato_de_Primera_B_2026_(Argentina),
2026-05-16,15:30,Deportivo Camioneros,Brown de Adrogué,1,0,,,Primera B,2026,zonas,,Fecha 16,Hugo Moyano,false,https://es.wikipedia.org/wiki/Campeonato_de_Primera_B_2026_(Argentina),
2026-05-16,15:30,Dock Sud,Flandria,0,0,,,Primera B,2026,zonas,,Fecha 16,De los Inmigrantes,false,https://es.wikipedia.org/wiki/Campeonato_de_Primera_B_2026_(Argentina),
2026-05-16,15:30,El Porvenir,Juventud Unida,0,1,,,Primera C,2026,zonas,Interzonal,Fecha 12,Gildo Francisco Ghersinich,false,https://es.wikipedia.org/wiki/Campeonato_de_Primera_C_2026_(Argentina),
2026-05-16,15:30,Estudiantes (BA),Colón,1,1,,,Primera Nacional,2026,zonas,Zona A,Fecha 14,Ciudad de Caseros,false,https://es.wikipedia.org/wiki/Campeonato_de_Primera_Nacional_2026,
2026-05-16,15:30,General Lamadrid,J. J. de Urquiza,1,0,,,Primera C,2026,zonas,Interzonal,Fecha 12,Enrique Sexto,false,https://es.wikipedia.org/wiki/Campeonato_de_Primera_C_2026_(Argentina),
2026-05-16,15:30,Gimnasia y Esgrima (C),Defensores de Belgrano (VR),3,0,,,Torneo Federal A,2026,zonas,Zona 1,Fecha 9,José María Paz,false,https://es.wikipedia.org/wiki/Torneo_Federal_A_2026,
2026-05-16,15:30,Leones de Rosario,Lugano,2,2,,,Primera C,2026,zonas,Interzonal,Fecha 12,Antonio Di Giacomo,false,https://es.wikipedia.org/wiki/Campeonato_de_Primera_C_2026_(Argentina),
2026-05-16,15:30,Liniers,Arsenal,0,0,,,Primera B,2026,zonas,,Fecha 16,Juan Antonio Arias,false,https://es.wikipedia.org/wiki/Campeonato_de_Primera_B_2026_(Argentina),
2026-05-16,15:30,Real Pilar,Excursionistas,0,1,,,Primera B,2026,zonas,,Fecha 16,Carlos Barraza,false,https://es.wikipedia.org/wiki/Campeonato_de_Primera_B_2026_(Argentina),
2026-05-16,15:30,San Martín (B),Talleres (RdE),0,2,,,Primera B,2026,zonas,,Fecha 16,Francisco Boga,false,https://es.wikipedia.org/wiki/Campeonato_de_Primera_B_2026_(Argentina),
2026-05-16,15:30,UAI Urquiza,Villa Dálmine,0,0,,,Primera B,2026,zonas,,Fecha 16,Monumental de Villa Lynch,false,https://es.wikipedia.org/wiki/Campeonato_de_Primera_B_2026_(Argentina),
2026-05-16,15:30,Villa San Carlos,Argentino de Merlo,0,0,,,Primera B,2026,zonas,,Fecha 16,Genacio Sálice,false,https://es.wikipedia.org/wiki/Campeonato_de_Primera_B_2026_(Argentina),
2026-05-16,15:30,Yupanqui,Estrella del Sur,0,0,,,Primera C,2026,zonas,Interzonal,Fecha 12,Ciudad Evita,false,https://es.wikipedia.org/wiki/Campeonato_de_Primera_C_2026_(Argentina),
2026-05-16,16:00,Ciudad de Bolívar,Acassuso,1,0,,,Primera Nacional,2026,zonas,Zona A,Fecha 14,Municipal Eva Perón,false,https://es.wikipedia.org/wiki/Campeonato_de_Primera_Nacional_2026,
2026-05-16,16:00,Colegiales,Güemes (SdE),4,1,,,Primera Nacional,2026,zonas,Zona B,Fecha 14,Libertarios Unidos,false,https://es.wikipedia.org/wiki/Campeonato_de_Primera_Nacional_2026,
2026-05-16,19:00,Deportivo Merlo,Deportivo Armenio,3,2,,,Primera B,2026,zonas,,Fecha 16,José Manuel Moreno,false,https://es.wikipedia.org/wiki/Campeonato_de_Primera_B_2026_(Argentina),
2026-05-17,,Argentinos Juniors,Belgrano,1,1,3,4,Primera Division - Apertura,2026,eliminacion,,Semifinales,Estadio Diego Armando Maradona,false,https://es.wikipedia.org/wiki/Anexo:Torneo_Apertura_2026_(Argentina),
2026-05-17,11:00,FADEP,Huracán Las Heras,1,0,,,Torneo Federal A,2026,zonas,Zona 3,Fecha 9,Predio Social y Deportivo FADEP,false,https://es.wikipedia.org/wiki/Torneo_Federal_A_2026,
2026-05-17,15:00,Círculo Deportivo,Kimberley,0,1,,,Torneo Federal A,2026,zonas,Zona 4,Fecha 9,Guillermo Trama,false,https://es.wikipedia.org/wiki/Torneo_Federal_A_2026,
2026-05-17,15:00,Deportivo Madryn,Ferro Carril Oeste,0,1,,,Primera Nacional,2026,zonas,Zona A,Fecha 14,Abel Sastre,false,https://es.wikipedia.org/wiki/Campeonato_de_Primera_Nacional_2026,
2026-05-17,15:00,Deportivo Rincón,Costa Brava,1,0,,,Torneo Federal A,2026,zonas,Zona 3,Fecha 9,Elías Moisés Gómez,false,https://es.wikipedia.org/wiki/Torneo_Federal_A_2026,
2026-05-17,15:00,El Linqueño,Gimnasia y Esgrima (CdU),0,0,,,Torneo Federal A,2026,zonas,Zona 1,Fecha 9,Leonardo Costa,false,https://es.wikipedia.org/wiki/Torneo_Federal_A_2026,
2026-05-17,15:00,Germinal,Guillermo Brown,1,1,,,Torneo Federal A,2026,zonas,Zona 4,Fecha 9,El Fortín (R),false,https://es.wikipedia.org/wiki/Torneo_Federal_A_2026,
2026-05-17,15:00,Villa Mitre,Sol de Mayo (V),2,1,,,Torneo Federal A,2026,zonas,Zona 4,Fecha 9,El Fortín (BB),false,https://es.wikipedia.org/wiki/Torneo_Federal_A_2026,
2026-05-17,15:30,9 de Julio (R),Douglas Haig,2,0,,,Torneo Federal A,2026,zonas,Zona 1,Fecha 9,Germán Solterman,false,https://es.wikipedia.org/wiki/Torneo_Federal_A_2026,
2026-05-17,15:30,Almagro,San Martín (SJ),1,2,,,Primera Nacional,2026,zonas,Zona B,Fecha 14,Tres de Febrero,false,https://es.wikipedia.org/wiki/Campeonato_de_Primera_Nacional_2026,
2026-05-17,15:30,Argentino (MM),San Martín (SM),4,1,,,Torneo Federal A,2026,zonas,Zona 3,Fecha 9,Modesto Marrone,false,https://es.wikipedia.org/wiki/Torneo_Federal_A_2026,
2026-05-17,15:30,Argentino de Rosario,Central Córdoba (R),0,0,,,Primera C,2026,zonas,Interzonal,Fecha 12,José Martín Olaeta,false,https://es.wikipedia.org/wiki/Campeonato_de_Primera_C_2026_(Argentina),
2026-05-17,15:30,Atlético Escobar,Sportivo Belgrano,1,3,,,Torneo Federal A,2026,zonas,Zona 1,Fecha 9,Armenia,false,https://es.wikipedia.org/wiki/Torneo_Federal_A_2026,
2026-05-17,15:30,Comunicaciones,Argentino de Quilmes,0,0,,,Primera B,2026,zonas,,Fecha 16,Alfredo Ramos,false,https://es.wikipedia.org/wiki/Campeonato_de_Primera_B_2026_(Argentina),
2026-05-17,15:30,Deportivo Paraguayo,Luján,0,2,,,Primera C,2026,zonas,Interzonal,Fecha 12,Deportivo Paraguayo,false,https://es.wikipedia.org/wiki/Campeonato_de_Primera_C_2026_(Argentina),
2026-05-17,15:30,Gimnasia y Esgrima (J),Temperley,1,0,,,Primera Nacional,2026,zonas,Zona B,Fecha 14,23 de Agosto,false,https://es.wikipedia.org/wiki/Campeonato_de_Primera_Nacional_2026,
2026-05-17,15:30,Juventud Antoniana,Boca Unidos,0,0,,,Torneo Federal A,2026,zonas,Zona 2,Fecha 9,Fray Honorato Pistoia,false,https://es.wikipedia.org/wiki/Torneo_Federal_A_2026,
2026-05-17,15:30,Juventud Unida Universitario,Atenas (RC),0,1,,,Torneo Federal A,2026,zonas,Zona 3,Fecha 9,Mario Sebastián Diez,false,https://es.wikipedia.org/wiki/Torneo_Federal_A_2026,
2026-05-17,15:30,Leandro N. Alem,Muñiz,1,0,,,Primera C,2026,zonas,Interzonal,Fecha 12,Leandro N. Alem,false,https://es.wikipedia.org/wiki/Campeonato_de_Primera_C_2026_(Argentina),
2026-05-17,15:30,Puerto Nuevo,Central Ballester,0,0,,,Primera C,2026,zonas,Interzonal,Fecha 12,Rubén Carlos Vallejos,false,https://es.wikipedia.org/wiki/Campeonato_de_Primera_C_2026_(Argentina),
2026-05-17,15:30,Sacachispas,Claypole,3,0,,,Primera C,2026,zonas,Interzonal,Fecha 12,Beto Larrosa,false,https://es.wikipedia.org/wiki/Campeonato_de_Primera_C_2026_(Argentina),
2026-05-17,15:30,Victoriano Arenas,Cañuelas,2,2,,,Primera C,2026,zonas,Interzonal,Fecha 12,Saturnino Moure,false,https://es.wikipedia.org/wiki/Campeonato_de_Primera_C_2026_(Argentina),
2026-05-17,16:00,Bartolomé Mitre (P),San Martín (F),2,0,,,Torneo Federal A,2026,zonas,Zona 2,Fecha 9,Ernesto Cucchiaroni,false,https://es.wikipedia.org/wiki/Torneo_Federal_A_2026,
2026-05-17,16:00,Mitre (SdE),San Miguel,4,0,,,Primera Nacional,2026,zonas,Zona A,Fecha 14,Doctores José y Antonio Castiglione,false,https://es.wikipedia.org/wiki/Campeonato_de_Primera_Nacional_2026,
2026-05-17,16:00,Patronato,Chacarita Juniors,2,0,,,Primera Nacional,2026,zonas,Zona B,Fecha 14,Presbítero Bartolomé Grella,false,https://es.wikipedia.org/wiki/Campeonato_de_Primera_Nacional_2026,
2026-05-17,16:00,Sol de América (F),Sarmiento (R),3,0,,,Torneo Federal A,2026,zonas,Zona 2,Fecha 9,Sol de América,false,https://es.wikipedia.org/wiki/Torneo_Federal_A_2026,
2026-05-17,16:00,Sportivo Las Parejas,Independiente (C),1,0,,,Torneo Federal A,2026,zonas,Zona 1,Fecha 9,4 de Septiembre,false,https://es.wikipedia.org/wiki/Torneo_Federal_A_2026,
2026-05-17,16:30,Ferrocarril Midland,Agropecuario,2,0,,,Primera Nacional,2026,zonas,Zona B,Fecha 14,Estadio de Libertad,false,https://es.wikipedia.org/wiki/Campeonato_de_Primera_Nacional_2026,
2026-05-17,16:30,Sarmiento (LB),Tucumán Central,1,0,,,Torneo Federal A,2026,zonas,Zona 2,Fecha 9,Ciudad de La Banda,false,https://es.wikipedia.org/wiki/Torneo_Federal_A_2026,
2026-05-17,17:00,Deportivo Maipú,Nueva Chicago,1,0,,,Primera Nacional,2026,zonas,Zona B,Fecha 14,Omar Higinio Sperdutti,false,https://es.wikipedia.org/wiki/Campeonato_de_Primera_Nacional_2026,
2026-05-17,17:00,Gimnasia y Tiro (S),San Martín (T),1,0,,,Primera Nacional,2026,zonas,Zona B,Fecha 14,Gigante del Norte,false,https://es.wikipedia.org/wiki/Campeonato_de_Primera_Nacional_2026,
2026-05-17,17:00,Quilmes,Tristán Suárez,0,1,,,Primera Nacional,2026,zonas,Zona B,Fecha 14,Centenario Ciudad de Quilmes,false,https://es.wikipedia.org/wiki/Campeonato_de_Primera_Nacional_2026,
2026-05-17,18:10,Ramón Santamarina,Olimpo,0,0,,,Torneo Federal A,2026,zonas,Zona 4,Fecha 9,Municipal General San Martín,false,https://es.wikipedia.org/wiki/Torneo_Federal_A_2026,
2026-05-18,15:30,Defensores de Belgrano,Chaco For Ever,0,0,,,Primera Nacional,2026,zonas,Zona A,Fecha 14,Juan Pasquale,false,https://es.wikipedia.org/wiki/Campeonato_de_Primera_Nacional_2026,
2026-05-18,15:30,Deportivo Español,Mercedes,1,0,,,Primera C,2026,zonas,Interzonal,Fecha 12,Nueva España,false,https://es.wikipedia.org/wiki/Campeonato_de_Primera_C_2026_(Argentina),
2026-05-18,15:30,Sportivo Barracas,Defensores de Cambaceres,2,0,,,Primera C,2026,zonas,Interzonal,Fecha 12,Tres de Febrero,false,https://es.wikipedia.org/wiki/Campeonato_de_Primera_C_2026_(Argentina),
2026-05-18,15:30,Sportivo Italiano,Deportivo Laferrere,1,1,,,Primera B,2026,zonas,,Fecha 16,República de Italia,false,https://es.wikipedia.org/wiki/Campeonato_de_Primera_B_2026_(Argentina),
2026-05-18,20:00,All Boys,Deportivo Morón,1,0,,,Primera Nacional,2026,zonas,Zona A,Fecha 14,Islas Malvinas,false,https://es.wikipedia.org/wiki/Campeonato_de_Primera_Nacional_2026,
2026-05-20,,Talleres (C),Atlético Tucumán,0,3,,,Copa Argentina,2026,eliminacion,,Dieciseisavos,Marcelo Bielsa,true,https://es.wikipedia.org/wiki/Copa_Argentina_2026,
2026-05-22,,Unión,Independiente,0,2,,,Copa Argentina,2026,eliminacion,,Dieciseisavos,Marcelo Bielsa,true,https://es.wikipedia.org/wiki/Copa_Argentina_2026,
2026-05-22,15:30,Arsenal,Villa San Carlos,2,2,,,Primera B,2026,zonas,,Fecha 17,Julio Humberto Grondona,false,https://es.wikipedia.org/wiki/Campeonato_de_Primera_B_2026_(Argentina),
2026-05-22,15:30,Yupanqui,Claypole,4,0,,,Primera C,2026,zonas,Zona B,Fecha 13,Ciudad Evita,false,https://es.wikipedia.org/wiki/Campeonato_de_Primera_C_2026_(Argentina),
2026-05-22,19:00,Brown de Adrogué,Deportivo Merlo,0,1,,,Primera B,2026,zonas,,Fecha 17,Lorenzo Arandilla,false,https://es.wikipedia.org/wiki/Campeonato_de_Primera_B_2026_(Argentina),
2026-05-22,19:30,Ituzaingó,UAI Urquiza,1,1,,,Primera B,2026,zonas,,Fecha 17,Carlos Sacaan,false,https://es.wikipedia.org/wiki/Campeonato_de_Primera_B_2026_(Argentina),
2026-05-22,20:00,Deportivo Laferrere,Deportivo Camioneros,0,2,,,Primera B,2026,zonas,,Fecha 17,Ciudad de Laferrere,false,https://es.wikipedia.org/wiki/Campeonato_de_Primera_B_2026_(Argentina),
2026-05-22,20:00,Excursionistas,Liniers,4,1,,,Primera B,2026,zonas,,Fecha 17,Excursionistas,false,https://es.wikipedia.org/wiki/Campeonato_de_Primera_B_2026_(Argentina),
2026-05-22,22:00,Juventud Antoniana,Sarmiento (R),2,0,,,Torneo Federal A,2026,zonas,Zona 2,Fecha 10,Padre Ernesto Martearena,false,https://es.wikipedia.org/wiki/Torneo_Federal_A_2026,
2026-05-23,15:00,Los Andes,Racing (C),2,0,,,Primera Nacional,2026,zonas,Zona A,Fecha 15,Eduardo Gallardón,false,https://es.wikipedia.org/wiki/Campeonato_de_Primera_Nacional_2026,
2026-05-23,15:00,San Telmo,Ciudad de Bolívar,0,1,,,Primera Nacional,2026,zonas,Zona A,Fecha 15,Doctor Osvaldo Baletto,false,https://es.wikipedia.org/wiki/Campeonato_de_Primera_Nacional_2026,
2026-05-23,15:00,Tristán Suárez,Colegiales,0,0,,,Primera Nacional,2026,zonas,Zona B,Fecha 15,20 de Octubre,false,https://es.wikipedia.org/wiki/Campeonato_de_Primera_Nacional_2026,
2026-05-23,15:30,Argentino (MM),Huracán Las Heras,1,0,,,Torneo Federal A,2026,zonas,Zona 3,Fecha 10,Modesto Marrone,false,https://es.wikipedia.org/wiki/Torneo_Federal_A_2026,
2026-05-23,15:30,Argentino de Merlo,San Martín (B),0,1,,,Primera B,2026,zonas,,Fecha 17,Juan Carlos Brieva,false,https://es.wikipedia.org/wiki/Campeonato_de_Primera_B_2026_(Argentina),
2026-05-23,15:30,Argentino de Quilmes,Defensores Unidos,1,0,,,Primera B,2026,zonas,,Fecha 17,Argentino de Quilmes,false,https://es.wikipedia.org/wiki/Campeonato_de_Primera_B_2026_(Argentina),
2026-05-23,15:30,Cañuelas,Sportivo Barracas,3,1,,,Primera C,2026,zonas,Zona B,Fecha 13,Jorge Arin,false,https://es.wikipedia.org/wiki/Campeonato_de_Primera_C_2026_(Argentina),
2026-05-23,15:30,Central Córdoba (R),Central Ballester,3,2,,,Primera C,2026,zonas,Zona B,Fecha 13,Gabino Sosa,false,https://es.wikipedia.org/wiki/Campeonato_de_Primera_C_2026_(Argentina),
2026-05-23,15:30,Centro Español,Juventud Unida,2,3,,,Primera C,2026,zonas,Zona A,Fecha 13,Carlos Sacaan,false,https://es.wikipedia.org/wiki/Campeonato_de_Primera_C_2026_(Argentina),
2026-05-23,15:30,Deportivo Armenio,Dock Sud,1,1,,,Primera B,2026,zonas,,Fecha 17,Armenia,false,https://es.wikipedia.org/wiki/Campeonato_de_Primera_B_2026_(Argentina),
2026-05-23,15:30,Deportivo Español,El Porvenir,0,0,,,Primera C,2026,zonas,Zona B,Fecha 13,Nueva España,false,https://es.wikipedia.org/wiki/Campeonato_de_Primera_C_2026_(Argentina),
2026-05-23,15:30,Deportivo Paraguayo,Puerto Nuevo,0,1,,,Primera C,2026,zonas,Zona A,Fecha 13,Deportivo Paraguayo,false,https://es.wikipedia.org/wiki/Campeonato_de_Primera_C_2026_(Argentina),
2026-05-23,15:30,Estrella del Sur,Lugano,3,2,,,Primera C,2026,zonas,Zona A,Fecha 13,Ciudad de San Vicente,false,https://es.wikipedia.org/wiki/Campeonato_de_Primera_C_2026_(Argentina),
2026-05-23,15:30,Flandria,Comunicaciones,1,2,,,Primera B,2026,zonas,,Fecha 17,Carlos V,false,https://es.wikipedia.org/wiki/Campeonato_de_Primera_B_2026_(Argentina),
2026-05-23,15:30,Gimnasia y Esgrima (C),Douglas Haig,2,0,,,Torneo Federal A,2026,zonas,Zona 1,Fecha 10,José María Paz,false,https://es.wikipedia.org/wiki/Torneo_Federal_A_2026,
2026-05-23,15:30,J. J. de Urquiza,Defensores de Cambaceres,0,1,,,Primera C,2026,zonas,Zona A,Fecha 13,Ramón Roque Martín,false,https://es.wikipedia.org/wiki/Campeonato_de_Primera_C_2026_(Argentina),
2026-05-23,15:30,Juventud Unida Universitario,San Martín (SM),1,1,,,Torneo Federal A,2026,zonas,Zona 3,Fecha 10,Mario Sebastián Diez,false,https://es.wikipedia.org/wiki/Torneo_Federal_A_2026,
2026-05-23,15:30,Leones de Rosario,General Lamadrid,2,1,,,Primera C,2026,zonas,Zona B,Fecha 13,Antonio Di Giacomo,false,https://es.wikipedia.org/wiki/Campeonato_de_Primera_C_2026_(Argentina),
2026-05-23,15:30,Mercedes,Leandro N. Alem,2,0,,,Primera C,2026,zonas,Zona A,Fecha 13,Liga Mercedina,false,https://es.wikipedia.org/wiki/Campeonato_de_Primera_C_2026_(Argentina),
2026-05-23,15:30,San Miguel,Almirante Brown,1,0,,,Primera Nacional,2026,zonas,Zona A,Fecha 15,Malvinas Argentinas,false,https://es.wikipedia.org/wiki/Campeonato_de_Primera_Nacional_2026,
2026-05-23,15:30,Talleres (RdE),Sportivo Italiano,0,1,,,Primera B,2026,zonas,,Fecha 17,Pablo Comelli,false,https://es.wikipedia.org/wiki/Campeonato_de_Primera_B_2026_(Argentina),
2026-05-23,15:30,Villa Dálmine,Real Pilar,1,1,,,Primera B,2026,zonas,,Fecha 17,El Coliseo de Mitre y Puccini,false,https://es.wikipedia.org/wiki/Campeonato_de_Primera_B_2026_(Argentina),
2026-05-23,16:00,Nueva Chicago,Temperley,1,1,,,Primera Nacional,2026,zonas,Zona B,Fecha 15,Nueva Chicago,false,https://es.wikipedia.org/wiki/Campeonato_de_Primera_Nacional_2026,
2026-05-23,16:30,San Martín (SJ),Deportivo Maipú,2,1,,,Primera Nacional,2026,zonas,Zona B,Fecha 15,Ingeniero Hilario Sánchez,false,https://es.wikipedia.org/wiki/Campeonato_de_Primera_Nacional_2026,
2026-05-23,18:00,Atlético de Rafaela,Ferrocarril Midland,1,0,,,Primera Nacional,2026,zonas,Zona B,Fecha 15,Nuevo Monumental,false,https://es.wikipedia.org/wiki/Campeonato_de_Primera_Nacional_2026,
2026-05-24,,River Plate,Belgrano,2,3,,,Primera Division - Apertura,2026,eliminacion,,Final,Estadio Mario Alberto Kempes,false,https://es.wikipedia.org/wiki/Anexo:Torneo_Apertura_2026_(Argentina),
2026-05-24,11:00,9 de Julio (R),Sportivo Belgrano,0,2,,,Torneo Federal A,2026,zonas,Zona 1,Fecha 10,Germán Solterman,false,https://es.wikipedia.org/wiki/Torneo_Federal_A_2026,
2026-05-24,11:00,Gimnasia y Esgrima (CdU),Defensores de Belgrano (VR),1,0,,,Torneo Federal A,2026,zonas,Zona 1,Fecha 10,Manuel y Ramón Núñez,false,https://es.wikipedia.org/wiki/Torneo_Federal_A_2026,
2026-05-24,11:00,Ramón Santamarina,Guillermo Brown,0,2,,,Torneo Federal A,2026,zonas,Zona 4,Fecha 10,Municipal General San Martín,false,https://es.wikipedia.org/wiki/Torneo_Federal_A_2026,
2026-05-24,11:30,FADEP,Costa Brava,2,0,,,Torneo Federal A,2026,zonas,Zona 3,Fecha 10,Predio Social y Deportivo FADEP,false,https://es.wikipedia.org/wiki/Torneo_Federal_A_2026,
2026-05-24,12:15,Alvarado,Olimpo,2,0,,,Torneo Federal A,2026,zonas,Zona 4,Fecha 10,José María Minella,false,https://es.wikipedia.org/wiki/Torneo_Federal_A_2026,
2026-05-24,13:00,Sportivo Las Parejas,El Linqueño,1,0,,,Torneo Federal A,2026,zonas,Zona 1,Fecha 10,4 de Septiembre,false,https://es.wikipedia.org/wiki/Torneo_Federal_A_2026,
2026-05-24,14:00,Acassuso,Defensores de Belgrano,1,0,,,Primera Nacional,2026,zonas,Zona A,Fecha 15,La Quema,false,https://es.wikipedia.org/wiki/Campeonato_de_Primera_Nacional_2026,
2026-05-24,15:00,Deportivo Morón,Estudiantes (BA),2,0,,,Primera Nacional,2026,zonas,Zona A,Fecha 15,Nuevo Francisco Urbano,false,https://es.wikipedia.org/wiki/Campeonato_de_Primera_Nacional_2026,
2026-05-24,15:00,Germinal,Sol de Mayo (V),1,0,,,Torneo Federal A,2026,zonas,Zona 4,Fecha 10,El Fortín (R),false,https://es.wikipedia.org/wiki/Torneo_Federal_A_2026,
2026-05-24,15:30,Atlas,Luján,2,3,,,Primera C,2026,zonas,Zona B,Fecha 13,Ricardo Puga,false,https://es.wikipedia.org/wiki/Campeonato_de_Primera_C_2026_(Argentina),
2026-05-24,15:30,Atlético Escobar,Independiente (C),0,0,,,Torneo Federal A,2026,zonas,Zona 1,Fecha 10,Armenia,false,https://es.wikipedia.org/wiki/Torneo_Federal_A_2026,
2026-05-24,15:30,Berazategui,Argentino de Rosario,2,2,,,Primera C,2026,zonas,Zona A,Fecha 13,Norman Lee,false,https://es.wikipedia.org/wiki/Campeonato_de_Primera_C_2026_(Argentina),
2026-05-24,15:30,Chacarita Juniors,Almagro,1,0,,,Primera Nacional,2026,zonas,Zona B,Fecha 15,Chacarita Juniors,false,https://es.wikipedia.org/wiki/Campeonato_de_Primera_Nacional_2026,
2026-05-24,15:30,Cipolletti,Atenas (RC),1,0,,,Torneo Federal A,2026,zonas,Zona 3,Fecha 10,La Visera de Cemento,false,https://es.wikipedia.org/wiki/Torneo_Federal_A_2026,
2026-05-24,16:00,Agropecuario,Quilmes,0,0,,,Primera Nacional,2026,zonas,Zona B,Fecha 15,Ofelia Rosenzuaig,false,https://es.wikipedia.org/wiki/Campeonato_de_Primera_Nacional_2026,
2026-05-24,16:00,Chaco For Ever,Deportivo Madryn,1,2,,,Primera Nacional,2026,zonas,Zona A,Fecha 15,Juan Alberto García,false,https://es.wikipedia.org/wiki/Campeonato_de_Primera_Nacional_2026,
2026-05-24,16:00,Ferro Carril Oeste,Central Norte (S),1,0,,,Primera Nacional,2026,zonas,Zona A,Fecha 15,Arquitecto Ricardo Etcheverri,false,https://es.wikipedia.org/wiki/Campeonato_de_Primera_Nacional_2026,
2026-05-24,16:30,Godoy Cruz,All Boys,4,0,,,Primera Nacional,2026,zonas,Zona A,Fecha 15,Feliciano Gambarte,false,https://es.wikipedia.org/wiki/Campeonato_de_Primera_Nacional_2026,
2026-05-24,18:00,Colón,Mitre (SdE),1,1,,,Primera Nacional,2026,zonas,Zona A,Fecha 15,Brigadier General Estanislao López,false,https://es.wikipedia.org/wiki/Campeonato_de_Primera_Nacional_2026,
2026-05-24,18:30,Gimnasia y Tiro (S),Gimnasia y Esgrima (J),1,1,,,Primera Nacional,2026,zonas,Zona B,Fecha 15,Gigante del Norte,false,https://es.wikipedia.org/wiki/Campeonato_de_Primera_Nacional_2026,
2026-05-24,18:30,Güemes (SdE),Patronato,1,0,,,Primera Nacional,2026,zonas,Zona B,Fecha 15,Arturo Miranda,false,https://es.wikipedia.org/wiki/Campeonato_de_Primera_Nacional_2026,
2026-05-24,19:00,San Martín (T),Atlanta,0,1,,,Primera Nacional,2026,zonas,Zona B,Fecha 15,La Ciudadela,false,https://es.wikipedia.org/wiki/Campeonato_de_Primera_Nacional_2026,
2026-05-25,15:00,Villa Mitre,Kimberley,0,0,,,Torneo Federal A,2026,zonas,Zona 4,Fecha 10,El Fortín (BB),false,https://es.wikipedia.org/wiki/Torneo_Federal_A_2026,
2026-05-25,15:30,Muñiz,Fénix,1,0,,,Primera C,2026,zonas,Zona B,Fecha 13,Ricardo Puga,false,https://es.wikipedia.org/wiki/Campeonato_de_Primera_C_2026_(Argentina),
2026-05-25,15:30,Victoriano Arenas,Sacachispas,1,0,,,Primera C,2026,zonas,Zona A,Fecha 13,Saturnino Moure,false,https://es.wikipedia.org/wiki/Campeonato_de_Primera_C_2026_(Argentina),
2026-05-25,15:45,Bartolomé Mitre (P),Tucumán Central,1,0,,,Torneo Federal A,2026,zonas,Zona 2,Fecha 10,Ernesto Cucchiaroni,false,https://es.wikipedia.org/wiki/Torneo_Federal_A_2026,
2026-05-25,16:00,Defensores de Vilelas,San Martín (F),2,3,,,Torneo Federal A,2026,zonas,Zona 2,Fecha 10,Juan Alberto García,false,https://es.wikipedia.org/wiki/Torneo_Federal_A_2026,
2026-05-25,16:00,Sarmiento (LB),Boca Unidos,3,0,,,Torneo Federal A,2026,zonas,Zona 2,Fecha 10,Ciudad de La Banda,false,https://es.wikipedia.org/wiki/Torneo_Federal_A_2026,
2026-05-26,15:30,Deportivo Armenio,Argentino de Merlo,2,0,,,Primera B,2026,zonas,,Fecha 5,Armenia,false,https://es.wikipedia.org/wiki/Campeonato_de_Primera_B_2026_(Argentina),
2026-05-26,15:30,Deportivo Camioneros,Villa San Carlos,3,0,,,Primera B,2026,zonas,,Fecha 5,Hugo Moyano,false,https://es.wikipedia.org/wiki/Campeonato_de_Primera_B_2026_(Argentina),
2026-05-26,15:30,Dock Sud,Real Pilar,2,0,,,Primera B,2026,zonas,,Fecha 5,De los Inmigrantes,false,https://es.wikipedia.org/wiki/Campeonato_de_Primera_B_2026_(Argentina),
2026-05-26,15:30,Flandria,Arsenal,0,0,,,Primera B,2026,zonas,,Fecha 5,Carlos V,false,https://es.wikipedia.org/wiki/Campeonato_de_Primera_B_2026_(Argentina),
2026-05-26,19:00,Brown de Adrogué,Talleres (RdE),1,2,,,Primera B,2026,zonas,,Fecha 5,Lorenzo Arandilla,false,https://es.wikipedia.org/wiki/Campeonato_de_Primera_B_2026_(Argentina),
2026-05-26,19:00,Comunicaciones,UAI Urquiza,3,0,,,Primera B,2026,zonas,,Fecha 5,Alfredo Ramos,false,https://es.wikipedia.org/wiki/Campeonato_de_Primera_B_2026_(Argentina),
2026-05-26,19:00,Deportivo Merlo,Liniers,0,0,,,Primera B,2026,zonas,,Fecha 5,José Manuel Moreno,false,https://es.wikipedia.org/wiki/Campeonato_de_Primera_B_2026_(Argentina),
2026-05-26,19:30,Ituzaingó,Deportivo Laferrere,0,2,,,Primera B,2026,zonas,,Fecha 5,Carlos Sacaan,false,https://es.wikipedia.org/wiki/Campeonato_de_Primera_B_2026_(Argentina),
2026-05-27,15:30,Argentino de Quilmes,Excursionistas,2,2,,,Primera B,2026,zonas,,Fecha 5,Argentino de Quilmes,false,https://es.wikipedia.org/wiki/Campeonato_de_Primera_B_2026_(Argentina),
2026-05-27,15:30,Defensores Unidos,Villa Dálmine,2,1,,,Primera B,2026,zonas,,Fecha 5,Mario Losinno,false,https://es.wikipedia.org/wiki/Campeonato_de_Primera_B_2026_(Argentina),
2026-05-27,15:30,Sportivo Italiano,San Martín (B),1,2,,,Primera B,2026,zonas,,Fecha 5,República de Italia,false,https://es.wikipedia.org/wiki/Campeonato_de_Primera_B_2026_(Argentina),
2026-05-29,21:00,Racing (C),Ferro Carril Oeste,0,0,,,Primera Nacional,2026,zonas,Zona A,Fecha 16,Miguel Sancho,false,https://es.wikipedia.org/wiki/Campeonato_de_Primera_Nacional_2026,
2026-05-30,,Gimnasia y Esgrima (J),Belgrano,2,2,2,4,Copa Argentina,2026,eliminacion,,Dieciseisavos,Único Madre de Ciudades,true,https://es.wikipedia.org/wiki/Copa_Argentina_2026,
2026-05-30,,Instituto,Lanús,2,1,,,Copa Argentina,2026,eliminacion,,Dieciseisavos,Marcelo Bielsa,true,https://es.wikipedia.org/wiki/Copa_Argentina_2026,
2026-05-30,12:30,Central Ballester,Deportivo Español,0,0,,,Primera C,2026,zonas,Zona B,Fecha 14,Predio Cacique,false,https://es.wikipedia.org/wiki/Campeonato_de_Primera_C_2026_(Argentina),
2026-05-30,14:30,Claypole,Central Córdoba (R),2,2,,,Primera C,2026,zonas,Zona B,Fecha 14,Rodolfo Capocasa,false,https://es.wikipedia.org/wiki/Campeonato_de_Primera_C_2026_(Argentina),
2026-05-30,14:30,Comunicaciones,Deportivo Armenio,0,1,,,Primera B,2026,zonas,,Fecha 18,Alfredo Ramos,false,https://es.wikipedia.org/wiki/Campeonato_de_Primera_B_2026_(Argentina),
2026-05-30,14:30,Dock Sud,Brown de Adrogué,0,1,,,Primera B,2026,zonas,,Fecha 18,De los Inmigrantes,false,https://es.wikipedia.org/wiki/Campeonato_de_Primera_B_2026_(Argentina),
2026-05-30,14:30,El Porvenir,Muñiz,2,1,,,Primera C,2026,zonas,Zona B,Fecha 14,Gildo Francisco Ghersinich,false,https://es.wikipedia.org/wiki/Campeonato_de_Primera_C_2026_(Argentina),
2026-05-30,14:30,Lugano,Deportivo Paraguayo,0,0,,,Primera C,2026,zonas,Zona A,Fecha 14,José María Moraños,false,https://es.wikipedia.org/wiki/Campeonato_de_Primera_C_2026_(Argentina),
2026-05-30,15:00,Colegiales,Agropecuario,0,0,,,Primera Nacional,2026,zonas,Zona B,Fecha 16,Libertarios Unidos,false,https://es.wikipedia.org/wiki/Campeonato_de_Primera_Nacional_2026,
2026-05-30,15:00,Estudiantes (BA),Godoy Cruz,1,0,,,Primera Nacional,2026,zonas,Zona A,Fecha 16,Ciudad de Caseros,false,https://es.wikipedia.org/wiki/Campeonato_de_Primera_Nacional_2026,
2026-05-30,15:30,All Boys,Los Andes,0,0,,,Primera Nacional,2026,zonas,Zona A,Fecha 16,Islas Malvinas,false,https://es.wikipedia.org/wiki/Campeonato_de_Primera_Nacional_2026,
2026-05-30,15:30,Almirante Brown,Colón,1,1,,,Primera Nacional,2026,zonas,Zona A,Fecha 16,Fragata Presidente Sarmiento,false,https://es.wikipedia.org/wiki/Campeonato_de_Primera_Nacional_2026,
2026-05-30,15:30,Argentino de Rosario,Estrella del Sur,1,1,,,Primera C,2026,zonas,Zona A,Fecha 14,José Martín Olaeta,false,https://es.wikipedia.org/wiki/Campeonato_de_Primera_C_2026_(Argentina),
2026-05-30,15:30,Defensores de Belgrano,San Telmo,1,0,,,Primera Nacional,2026,zonas,Zona A,Fecha 16,Juan Pasquale,false,https://es.wikipedia.org/wiki/Campeonato_de_Primera_Nacional_2026,
2026-05-30,15:30,Kimberley,Germinal,1,0,,,Torneo Federal A,2026,zonas,Zona 4,Fecha 11,José Alberto Valle,false,https://es.wikipedia.org/wiki/Torneo_Federal_A_2026,
2026-05-30,15:30,Luján,Leones de Rosario,2,0,,,Primera C,2026,zonas,Zona B,Fecha 14,1.º de Abril,false,https://es.wikipedia.org/wiki/Campeonato_de_Primera_C_2026_(Argentina),
2026-05-30,15:30,Puerto Nuevo,Mercedes,1,1,,,Primera C,2026,zonas,Zona A,Fecha 14,Rubén Carlos Vallejos,false,https://es.wikipedia.org/wiki/Campeonato_de_Primera_C_2026_(Argentina),
2026-05-30,15:30,Real Pilar,UAI Urquiza,2,1,,,Primera B,2026,zonas,,Fecha 18,Carlos Barraza,false,https://es.wikipedia.org/wiki/Campeonato_de_Primera_B_2026_(Argentina),
2026-05-30,16:30,Sportivo Las Parejas,Atlético Escobar,1,0,,,Torneo Federal A,2026,zonas,Zona 1,Fecha 11,4 de Septiembre,false,https://es.wikipedia.org/wiki/Torneo_Federal_A_2026,
2026-05-30,19:00,Defensores de Cambaceres,Centro Español,1,1,,,Primera C,2026,zonas,Zona A,Fecha 14,12 de Octubre,false,https://es.wikipedia.org/wiki/Campeonato_de_Primera_C_2026_(Argentina),
2026-05-31,,Estudiantes (LP),Rosario Central,3,0,,,Copa Argentina,2026,eliminacion,,Dieciseisavos,Mario Alberto Kempes,true,https://es.wikipedia.org/wiki/Copa_Argentina_2026,
2026-05-31,12:30,Juventud Unida,Victoriano Arenas,1,1,,,Primera C,2026,zonas,Zona A,Fecha 14,Ciudad de San Miguel,false,https://es.wikipedia.org/wiki/Campeonato_de_Primera_C_2026_(Argentina),
2026-05-31,12:30,Liniers,Villa Dálmine,1,0,,,Primera B,2026,zonas,,Fecha 18,Juan Antonio Arias,false,https://es.wikipedia.org/wiki/Campeonato_de_Primera_B_2026_(Argentina),
2026-05-31,13:30,Atlanta,Gimnasia y Tiro (S),1,1,,,Primera Nacional,2026,zonas,Zona B,Fecha 16,Don León Kolbowsky,false,https://es.wikipedia.org/wiki/Campeonato_de_Primera_Nacional_2026,
2026-05-31,14:30,Deportivo Camioneros,Talleres (RdE),1,4,,,Primera B,2026,zonas,,Fecha 18,Hugo Moyano,false,https://es.wikipedia.org/wiki/Campeonato_de_Primera_B_2026_(Argentina),
2026-05-31,14:30,Sportivo Italiano,Argentino de Merlo,0,2,,,Primera B,2026,zonas,,Fecha 18,República de Italia,false,https://es.wikipedia.org/wiki/Campeonato_de_Primera_B_2026_(Argentina),
2026-05-31,15:00,Costa Brava,Argentino (MM),2,0,,,Torneo Federal A,2026,zonas,Zona 3,Fecha 11,Nuevo Pacaembú,false,https://es.wikipedia.org/wiki/Torneo_Federal_A_2026,
2026-05-31,15:00,Círculo Deportivo,Villa Mitre,0,0,,,Torneo Federal A,2026,zonas,Zona 4,Fecha 11,Guillermo Trama,false,https://es.wikipedia.org/wiki/Torneo_Federal_A_2026,
2026-05-31,15:00,Deportivo Madryn,Acassuso,0,0,,,Primera Nacional,2026,zonas,Zona A,Fecha 16,Abel Sastre,false,https://es.wikipedia.org/wiki/Campeonato_de_Primera_Nacional_2026,
2026-05-31,15:00,Deportivo Rincón,FADEP,0,0,,,Torneo Federal A,2026,zonas,Zona 3,Fecha 11,Elías Moisés Gómez,false,https://es.wikipedia.org/wiki/Torneo_Federal_A_2026,
2026-05-31,15:00,El Linqueño,Defensores de Belgrano (VR),0,2,,,Torneo Federal A,2026,zonas,Zona 1,Fecha 11,Leonardo Costa,false,https://es.wikipedia.org/wiki/Torneo_Federal_A_2026,
2026-05-31,15:00,Guillermo Brown,Alvarado,0,0,,,Torneo Federal A,2026,zonas,Zona 4,Fecha 11,Raúl Conti,false,https://es.wikipedia.org/wiki/Torneo_Federal_A_2026,
2026-05-31,15:00,Independiente (C),9 de Julio (R),2,2,,,Torneo Federal A,2026,zonas,Zona 1,Fecha 11,Raúl Orlando Lungarzo,false,https://es.wikipedia.org/wiki/Torneo_Federal_A_2026,
2026-05-31,15:00,Sol de Mayo (V),Ramón Santamarina,3,2,,,Torneo Federal A,2026,zonas,Zona 4,Fecha 11,Sol de Mayo,false,https://es.wikipedia.org/wiki/Torneo_Federal_A_2026,
2026-05-31,15:30,Almagro,Güemes (SdE),2,0,,,Primera Nacional,2026,zonas,Zona B,Fecha 16,Tres de Febrero,false,https://es.wikipedia.org/wiki/Campeonato_de_Primera_Nacional_2026,
2026-05-31,15:30,Boca Unidos,Bartolomé Mitre (P),2,1,,,Torneo Federal A,2026,zonas,Zona 2,Fecha 11,Leoncio Benítez,false,https://es.wikipedia.org/wiki/Torneo_Federal_A_2026,
2026-05-31,15:30,Defensores Unidos,Flandria,1,0,,,Primera B,2026,zonas,,Fecha 18,Mario Losinno,false,https://es.wikipedia.org/wiki/Campeonato_de_Primera_B_2026_(Argentina),
2026-05-31,15:30,Douglas Haig,Gimnasia y Esgrima (CdU),0,0,,,Torneo Federal A,2026,zonas,Zona 1,Fecha 11,Miguel Morales,false,https://es.wikipedia.org/wiki/Torneo_Federal_A_2026,
2026-05-31,15:30,General Lamadrid,Yupanqui,4,2,,,Primera C,2026,zonas,Zona B,Fecha 14,Enrique Sexto,false,https://es.wikipedia.org/wiki/Campeonato_de_Primera_C_2026_(Argentina),
2026-05-31,15:30,Leandro N. Alem,J. J. de Urquiza,2,0,,,Primera C,2026,zonas,Zona A,Fecha 14,Leandro N. Alem,false,https://es.wikipedia.org/wiki/Campeonato_de_Primera_C_2026_(Argentina),
2026-05-31,15:30,Villa San Carlos,Excursionistas,0,2,,,Primera B,2026,zonas,,Fecha 18,Genacio Sálice,false,https://es.wikipedia.org/wiki/Campeonato_de_Primera_B_2026_(Argentina),
2026-05-31,15:45,Sol de América (F),Juventud Antoniana,1,0,,,Torneo Federal A,2026,zonas,Zona 2,Fecha 11,Sol de América,false,https://es.wikipedia.org/wiki/Torneo_Federal_A_2026,
2026-05-31,16:00,Ciudad de Bolívar,San Miguel,1,1,,,Primera Nacional,2026,zonas,Zona A,Fecha 16,Municipal Eva Perón,false,https://es.wikipedia.org/wiki/Campeonato_de_Primera_Nacional_2026,
2026-05-31,16:00,Ferrocarril Midland,San Martín (T),2,0,,,Primera Nacional,2026,zonas,Zona B,Fecha 16,Ciudad de Libertad,false,https://es.wikipedia.org/wiki/Campeonato_de_Primera_Nacional_2026,
2026-05-31,16:00,Huracán Las Heras,Juventud Unida Universitario,1,0,,,Torneo Federal A,2026,zonas,Zona 3,Fecha 11,General San Martín,false,https://es.wikipedia.org/wiki/Torneo_Federal_A_2026,
2026-05-31,16:00,Mitre (SdE),Deportivo Morón,1,3,,,Primera Nacional,2026,zonas,Zona A,Fecha 16,Doctores José y Antonio Castiglione,false,https://es.wikipedia.org/wiki/Campeonato_de_Primera_Nacional_2026,
2026-05-31,16:00,Patronato,Tristán Suárez,1,1,,,Primera Nacional,2026,zonas,Zona B,Fecha 16,Presbítero Bartolomé Grella,false,https://es.wikipedia.org/wiki/Campeonato_de_Primera_Nacional_2026,
2026-05-31,16:00,San Martín (SM),Cipolletti,1,0,,,Torneo Federal A,2026,zonas,Zona 3,Fecha 11,Libertador General San Martín,false,https://es.wikipedia.org/wiki/Torneo_Federal_A_2026,
2026-05-31,16:00,Sarmiento (R),Sarmiento (LB),0,1,,,Torneo Federal A,2026,zonas,Zona 2,Fecha 11,Centenario,false,https://es.wikipedia.org/wiki/Torneo_Federal_A_2026,
2026-05-31,16:00,Sportivo Belgrano,Gimnasia y Esgrima (C),1,0,,,Torneo Federal A,2026,zonas,Zona 1,Fecha 11,Juan Pablo Francia,false,https://es.wikipedia.org/wiki/Torneo_Federal_A_2026,
2026-05-31,16:00,Temperley,San Martín (SJ),2,1,,,Primera Nacional,2026,zonas,Zona B,Fecha 16,Alfredo Beranger,false,https://es.wikipedia.org/wiki/Campeonato_de_Primera_Nacional_2026,
2026-05-31,16:00,Tucumán Central,Defensores de Vilelas,2,0,,,Torneo Federal A,2026,zonas,Zona 2,Fecha 11,Luis Hayward,false,https://es.wikipedia.org/wiki/Torneo_Federal_A_2026,
2026-05-31,16:30,Central Norte (S),Chaco For Ever,1,1,,,Primera Nacional,2026,zonas,Zona A,Fecha 16,Padre Ernesto Martearena,false,https://es.wikipedia.org/wiki/Campeonato_de_Primera_Nacional_2026,
2026-05-31,17:00,Deportivo Maipú,Chacarita Juniors,3,2,,,Primera Nacional,2026,zonas,Zona B,Fecha 16,Omar Higinio Sperdutti,false,https://es.wikipedia.org/wiki/Campeonato_de_Primera_Nacional_2026,
2026-05-31,17:00,Quilmes,Atlético de Rafaela,2,0,,,Primera Nacional,2026,zonas,Zona B,Fecha 16,Centenario Ciudad de Quilmes,false,https://es.wikipedia.org/wiki/Campeonato_de_Primera_Nacional_2026,
2026-05-31,19:00,San Martín (B),Arsenal,2,0,,,Primera B,2026,zonas,,Fecha 18,Francisco Boga,false,https://es.wikipedia.org/wiki/Campeonato_de_Primera_B_2026_(Argentina),
2026-06-01,15:30,Argentino de Quilmes,Ituzaingó,2,0,,,Primera B,2026,zonas,,Fecha 18,Argentino de Quilmes,false,https://es.wikipedia.org/wiki/Campeonato_de_Primera_B_2026_(Argentina),
2026-06-01,15:30,Fénix,Cañuelas,0,2,,,Primera C,2026,zonas,Zona B,Fecha 14,Ciudad de Libertad,false,https://es.wikipedia.org/wiki/Campeonato_de_Primera_C_2026_(Argentina),
2026-06-01,15:30,Sportivo Barracas,Atlas,1,0,,,Primera C,2026,zonas,Zona B,Fecha 14,Tres de Febrero,false,https://es.wikipedia.org/wiki/Campeonato_de_Primera_C_2026_(Argentina),
2026-06-02,,Barracas Central,Huracán,1,0,,,Copa Argentina,2026,eliminacion,,Dieciseisavos,Julio Humberto Grondona,true,https://es.wikipedia.org/wiki/Copa_Argentina_2026,
2026-06-02,19:00,Deportivo Merlo,Deportivo Laferrere,2,1,,,Primera B,2026,zonas,,Fecha 18,José Manuel Moreno,false,https://es.wikipedia.org/wiki/Campeonato_de_Primera_B_2026_(Argentina),
2026-06-03,15:30,Sacachispas,Berazategui,1,0,,,Primera C,2026,zonas,Zona A,Fecha 14,Beto Larrosa,false,https://es.wikipedia.org/wiki/Campeonato_de_Primera_C_2026_(Argentina),
2026-06-05,18:00,Ituzaingó,Real Pilar,2,0,,,Primera B,2026,zonas,,Fecha 19,Carlos Sacaan,false,https://es.wikipedia.org/wiki/Campeonato_de_Primera_B_2026_(Argentina),
2026-06-05,20:00,Talleres (RdE),Deportivo Merlo,2,0,,,Primera B,2026,zonas,,Fecha 19,Pablo Comelli,false,https://es.wikipedia.org/wiki/Campeonato_de_Primera_B_2026_(Argentina),
2026-06-05,21:30,Gimnasia y Tiro (S),Ferrocarril Midland,1,0,,,Primera Nacional,2026,zonas,Zona B,Fecha 17,Gigante del Norte,false,https://es.wikipedia.org/wiki/Campeonato_de_Primera_Nacional_2026,
2026-06-06,14:00,Atlanta,Gimnasia y Esgrima (J),3,0,,,Primera Nacional,2026,zonas,Zona B,Fecha 17,Don León Kolbowsky,false,https://es.wikipedia.org/wiki/Campeonato_de_Primera_Nacional_2026,
2026-06-06,14:30,Arsenal,Sportivo Italiano,1,3,,,Primera B,2026,zonas,,Fecha 19,Julio Humberto Grondona,false,https://es.wikipedia.org/wiki/Campeonato_de_Primera_B_2026_(Argentina),
2026-06-06,14:30,Centro Español,Leandro N. Alem,3,0,,,Primera C,2026,zonas,Zona A,Fecha 15,Carlos Sacaan,false,https://es.wikipedia.org/wiki/Campeonato_de_Primera_C_2026_(Argentina),
2026-06-06,15:00,Brown de Adrogué,Comunicaciones,1,2,,,Primera B,2026,zonas,,Fecha 19,Lorenzo Arandilla,false,https://es.wikipedia.org/wiki/Campeonato_de_Primera_B_2026_(Argentina),
2026-06-06,15:00,Los Andes,Estudiantes (BA),0,0,,,Primera Nacional,2026,zonas,Zona A,Fecha 17,Eduardo Gallardón,false,https://es.wikipedia.org/wiki/Campeonato_de_Primera_Nacional_2026,
2026-06-06,15:30,Acassuso,Central Norte (S),2,1,,,Primera Nacional,2026,zonas,Zona A,Fecha 17,La Quema,false,https://es.wikipedia.org/wiki/Campeonato_de_Primera_Nacional_2026,
2026-06-06,15:30,Argentino de Merlo,Deportivo Camioneros,0,0,,,Primera B,2026,zonas,,Fecha 19,Juan Carlos Brieva,false,https://es.wikipedia.org/wiki/Campeonato_de_Primera_B_2026_(Argentina),
2026-06-06,15:30,Argentino de Rosario,Lugano,2,1,,,Primera C,2026,zonas,Zona A,Fecha 15,José Martín Olaeta,false,https://es.wikipedia.org/wiki/Campeonato_de_Primera_C_2026_(Argentina),
2026-06-06,15:30,Atlas,Fénix,1,1,,,Primera C,2026,zonas,Zona B,Fecha 15,Ricardo Puga,false,https://es.wikipedia.org/wiki/Campeonato_de_Primera_C_2026_(Argentina),
2026-06-06,15:30,Defensores de Vilelas,Boca Unidos,2,0,,,Torneo Federal A,2026,zonas,Zona 2,Fecha 12,Juan Alberto García,false,https://es.wikipedia.org/wiki/Torneo_Federal_A_2026,
2026-06-06,15:30,Deportivo Armenio,Defensores Unidos,3,0,,,Primera B,2026,zonas,,Fecha 19,Armenia,false,https://es.wikipedia.org/wiki/Campeonato_de_Primera_B_2026_(Argentina),
2026-06-06,15:30,Deportivo Español,Claypole,1,0,,,Primera C,2026,zonas,Zona B,Fecha 15,Nueva España,false,https://es.wikipedia.org/wiki/Campeonato_de_Primera_C_2026_(Argentina),
2026-06-06,15:30,Estrella del Sur,Sacachispas,0,0,,,Primera C,2026,zonas,Zona A,Fecha 15,Ciudad de San Vicente,false,https://es.wikipedia.org/wiki/Campeonato_de_Primera_C_2026_(Argentina),
2026-06-06,15:30,Excursionistas,San Martín (B),2,0,,,Primera B,2026,zonas,,Fecha 19,Excursionistas,false,https://es.wikipedia.org/wiki/Campeonato_de_Primera_B_2026_(Argentina),
2026-06-06,15:30,Flandria,Argentino de Quilmes,0,1,,,Primera B,2026,zonas,,Fecha 19,Carlos V,false,https://es.wikipedia.org/wiki/Campeonato_de_Primera_B_2026_(Argentina),
2026-06-06,15:30,J. J. de Urquiza,Puerto Nuevo,0,1,,,Primera C,2026,zonas,Zona A,Fecha 15,Ramón Roque Martín,false,https://es.wikipedia.org/wiki/Campeonato_de_Primera_C_2026_(Argentina),
2026-06-06,15:30,Leones de Rosario,Sportivo Barracas,2,0,,,Primera C,2026,zonas,Zona B,Fecha 15,Antonio Di Giacomo,false,https://es.wikipedia.org/wiki/Campeonato_de_Primera_C_2026_(Argentina),
2026-06-06,15:30,San Miguel,Defensores de Belgrano,0,0,,,Primera Nacional,2026,zonas,Zona A,Fecha 17,Malvinas Argentinas,false,https://es.wikipedia.org/wiki/Campeonato_de_Primera_Nacional_2026,
2026-06-06,15:30,Villa Dálmine,Villa San Carlos,0,0,,,Primera B,2026,zonas,,Fecha 19,El Coliseo de Mitre y Puccini,false,https://es.wikipedia.org/wiki/Campeonato_de_Primera_B_2026_(Argentina),
2026-06-06,15:30,Yupanqui,Central Córdoba (R),2,1,,,Primera C,2026,zonas,Zona B,Fecha 15,Ciudad Evita,false,https://es.wikipedia.org/wiki/Campeonato_de_Primera_C_2026_(Argentina),
2026-06-06,15:45,Bartolomé Mitre (P),Sarmiento (R),2,0,,,Torneo Federal A,2026,zonas,Zona 2,Fecha 12,Ernesto Cucchiaroni,false,https://es.wikipedia.org/wiki/Torneo_Federal_A_2026,
2026-06-06,16:00,Mercedes,Deportivo Paraguayo,0,0,,,Primera C,2026,zonas,Zona A,Fecha 15,Liga Mercedina,false,https://es.wikipedia.org/wiki/Campeonato_de_Primera_C_2026_(Argentina),
2026-06-06,16:30,Atlético de Rafaela,Colegiales,1,0,,,Primera Nacional,2026,zonas,Zona B,Fecha 17,Nuevo Monumental,false,https://es.wikipedia.org/wiki/Campeonato_de_Primera_Nacional_2026,
2026-06-06,19:00,Tristán Suárez,Almagro,0,0,,,Primera Nacional,2026,zonas,Zona B,Fecha 17,20 de Octubre,false,https://es.wikipedia.org/wiki/Campeonato_de_Primera_Nacional_2026,
2026-06-07,14:30,Deportivo Laferrere,Dock Sud,2,1,,,Primera B,2026,zonas,,Fecha 19,Ciudad de Laferrere,false,https://es.wikipedia.org/wiki/Campeonato_de_Primera_B_2026_(Argentina),
2026-06-07,14:30,Victoriano Arenas,Defensores de Cambaceres,1,0,,,Primera C,2026,zonas,Zona A,Fecha 15,Saturnino Moure,false,https://es.wikipedia.org/wiki/Campeonato_de_Primera_C_2026_(Argentina),
2026-06-07,15:00,Alvarado,Sol de Mayo (V),2,0,,,Torneo Federal A,2026,zonas,Zona 4,Fecha 12,José María Minella,false,https://es.wikipedia.org/wiki/Torneo_Federal_A_2026,
2026-06-07,15:00,Deportivo Morón,Almirante Brown,1,0,,,Primera Nacional,2026,zonas,Zona A,Fecha 17,Nuevo Francisco Urbano,false,https://es.wikipedia.org/wiki/Campeonato_de_Primera_Nacional_2026,
2026-06-07,15:00,Germinal,Círculo Deportivo,0,0,,,Torneo Federal A,2026,zonas,Zona 4,Fecha 12,El Fortín (R),false,https://es.wikipedia.org/wiki/Torneo_Federal_A_2026,
2026-06-07,15:00,Juventud Unida Universitario,Costa Brava,0,0,,,Torneo Federal A,2026,zonas,Zona 3,Fecha 12,Mario Sebastián Diez,false,https://es.wikipedia.org/wiki/Torneo_Federal_A_2026,
2026-06-07,15:00,Olimpo,Guillermo Brown,0,0,,,Torneo Federal A,2026,zonas,Zona 4,Fecha 12,Roberto Natalio Carminatti,false,https://es.wikipedia.org/wiki/Torneo_Federal_A_2026,
2026-06-07,15:00,San Telmo,Deportivo Madryn,0,0,,,Primera Nacional,2026,zonas,Zona A,Fecha 17,Doctor Osvaldo Baletto,false,https://es.wikipedia.org/wiki/Campeonato_de_Primera_Nacional_2026,
2026-06-07,15:30,9 de Julio (R),Sportivo Las Parejas,2,2,,,Torneo Federal A,2026,zonas,Zona 1,Fecha 12,Germán Solterman,false,https://es.wikipedia.org/wiki/Torneo_Federal_A_2026,
2026-06-07,15:30,All Boys,Racing (C),1,1,,,Primera Nacional,2026,zonas,Zona A,Fecha 17,Islas Malvinas,false,https://es.wikipedia.org/wiki/Campeonato_de_Primera_Nacional_2026,
2026-06-07,15:30,Argentino (MM),Deportivo Rincón,2,0,,,Torneo Federal A,2026,zonas,Zona 3,Fecha 12,Modesto Marrone,false,https://es.wikipedia.org/wiki/Torneo_Federal_A_2026,
2026-06-07,15:30,Atenas (RC),San Martín (SM),0,0,,,Torneo Federal A,2026,zonas,Zona 3,Fecha 12,9 de Julio,false,https://es.wikipedia.org/wiki/Torneo_Federal_A_2026,
2026-06-07,15:30,Atlético Escobar,El Linqueño,1,0,,,Torneo Federal A,2026,zonas,Zona 1,Fecha 12,Armenia,false,https://es.wikipedia.org/wiki/Torneo_Federal_A_2026,
2026-06-07,15:30,Cañuelas,El Porvenir,0,0,,,Primera C,2026,zonas,Zona B,Fecha 15,Jorge Arin,false,https://es.wikipedia.org/wiki/Campeonato_de_Primera_C_2026_(Argentina),
2026-06-07,15:30,Chacarita Juniors,Temperley,0,1,,,Primera Nacional,2026,zonas,Zona B,Fecha 17,Chacarita Juniors,false,https://es.wikipedia.org/wiki/Campeonato_de_Primera_Nacional_2026,
2026-06-07,15:30,Cipolletti,Huracán Las Heras,3,0,,,Torneo Federal A,2026,zonas,Zona 3,Fecha 12,La Visera de Cemento,false,https://es.wikipedia.org/wiki/Torneo_Federal_A_2026,
2026-06-07,15:30,Defensores de Belgrano (VR),Douglas Haig,1,0,,,Torneo Federal A,2026,zonas,Zona 1,Fecha 12,Salomón Boeseldín,false,https://es.wikipedia.org/wiki/Torneo_Federal_A_2026,
2026-06-07,15:30,General Lamadrid,Luján,0,1,,,Primera C,2026,zonas,Zona B,Fecha 15,Enrique Sexto,false,https://es.wikipedia.org/wiki/Campeonato_de_Primera_C_2026_(Argentina),
2026-06-07,15:30,Gimnasia y Esgrima (C),Independiente (C),0,0,,,Torneo Federal A,2026,zonas,Zona 1,Fecha 12,José María Paz,false,https://es.wikipedia.org/wiki/Torneo_Federal_A_2026,
2026-06-07,15:30,Gimnasia y Esgrima (CdU),Sportivo Belgrano,1,0,,,Torneo Federal A,2026,zonas,Zona 1,Fecha 12,Manuel y Ramón Núñez,false,https://es.wikipedia.org/wiki/Torneo_Federal_A_2026,
2026-06-07,15:30,Muñiz,Central Ballester,4,0,,,Primera C,2026,zonas,Zona B,Fecha 15,Ricardo Puga,false,https://es.wikipedia.org/wiki/Campeonato_de_Primera_C_2026_(Argentina),
2026-06-07,15:30,Ramón Santamarina,Kimberley,1,0,,,Torneo Federal A,2026,zonas,Zona 4,Fecha 12,Municipal General San Martín,false,https://es.wikipedia.org/wiki/Torneo_Federal_A_2026,
2026-06-07,16:00,Agropecuario,Patronato,1,1,,,Primera Nacional,2026,zonas,Zona B,Fecha 17,Ofelia Rosenzuaig,false,https://es.wikipedia.org/wiki/Campeonato_de_Primera_Nacional_2026,
2026-06-07,16:00,Chaco For Ever,Ferro Carril Oeste,1,2,,,Primera Nacional,2026,zonas,Zona A,Fecha 17,Juan Alberto García,false,https://es.wikipedia.org/wiki/Campeonato_de_Primera_Nacional_2026,
2026-06-07,16:00,Güemes (SdE),Deportivo Maipú,1,0,,,Primera Nacional,2026,zonas,Zona B,Fecha 17,Arturo Miranda,false,https://es.wikipedia.org/wiki/Campeonato_de_Primera_Nacional_2026,
2026-06-07,16:30,Godoy Cruz,Mitre (SdE),2,1,,,Primera Nacional,2026,zonas,Zona A,Fecha 17,Feliciano Gambarte,false,https://es.wikipedia.org/wiki/Campeonato_de_Primera_Nacional_2026,
2026-06-07,16:30,San Martín (F),Tucumán Central,3,2,,,Torneo Federal A,2026,zonas,Zona 2,Fecha 12,17 de Octubre,false,https://es.wikipedia.org/wiki/Torneo_Federal_A_2026,
2026-06-07,16:30,Sarmiento (LB),Sol de América (F),2,0,,,Torneo Federal A,2026,zonas,Zona 2,Fecha 12,Ciudad de La Banda,false,https://es.wikipedia.org/wiki/Torneo_Federal_A_2026,
2026-06-07,17:00,Colón,Ciudad de Bolívar,0,0,,,Primera Nacional,2026,zonas,Zona A,Fecha 17,Brigadier General Estanislao López,false,https://es.wikipedia.org/wiki/Campeonato_de_Primera_Nacional_2026,
2026-06-07,17:30,San Martín (T),Quilmes,0,0,,,Primera Nacional,2026,zonas,Zona B,Fecha 17,La Ciudadela,false,https://es.wikipedia.org/wiki/Campeonato_de_Primera_Nacional_2026,
2026-06-08,15:30,Berazategui,Juventud Unida,2,1,,,Primera C,2026,zonas,Zona A,Fecha 15,Norman Lee,false,https://es.wikipedia.org/wiki/Campeonato_de_Primera_C_2026_(Argentina),
2026-06-08,15:30,UAI Urquiza,Liniers,2,1,,,Primera B,2026,zonas,,Fecha 19,Monumental de Villa Lynch,false,https://es.wikipedia.org/wiki/Campeonato_de_Primera_B_2026_(Argentina),
2026-06-12,20:00,San Martín (B),Villa Dálmine,0,2,,,Primera B,2026,zonas,,Fecha 20,Francisco Boga,false,https://es.wikipedia.org/wiki/Campeonato_de_Primera_B_2026_(Argentina),
2026-06-12,22:00,Juventud Antoniana,Sarmiento (LB),0,1,,,Torneo Federal A,2026,zonas,Zona 2,Fecha 13,Padre Ernesto Martearena,false,https://es.wikipedia.org/wiki/Torneo_Federal_A_2026,
2026-06-13,14:30,Ferrocarril Midland,Atlanta,1,2,,,Primera Nacional,2026,zonas,Zona B,Fecha 18,Ciudad de Libertad,false,https://es.wikipedia.org/wiki/Campeonato_de_Primera_Nacional_2026,
2026-06-13,14:30,Villa San Carlos,UAI Urquiza,0,0,,,Primera B,2026,zonas,,Fecha 20,Genacio Sálice,false,https://es.wikipedia.org/wiki/Campeonato_de_Primera_B_2026_(Argentina),
2026-06-13,15:00,Atlético Escobar,9 de Julio (R),2,0,,,Torneo Federal A,2026,zonas,Zona 1,Fecha 13,Armenia,false,https://es.wikipedia.org/wiki/Torneo_Federal_A_2026,
2026-06-13,15:00,Colegiales,San Martín (T),2,0,,,Primera Nacional,2026,zonas,Zona B,Fecha 18,Libertarios Unidos,false,https://es.wikipedia.org/wiki/Campeonato_de_Primera_Nacional_2026,
2026-06-13,15:30,Almagro,Agropecuario,2,1,,,Primera Nacional,2026,zonas,Zona B,Fecha 18,Tres de Febrero,false,https://es.wikipedia.org/wiki/Campeonato_de_Primera_Nacional_2026,
2026-06-13,15:30,Central Córdoba (R),Deportivo Español,0,1,,,Primera C,2026,zonas,Zona B,Fecha 16,Gabino Sosa,false,https://es.wikipedia.org/wiki/Campeonato_de_Primera_C_2026_(Argentina),
2026-06-13,15:30,Comunicaciones,Deportivo Laferrere,3,3,,,Primera B,2026,zonas,,Fecha 20,Alfredo Ramos,false,https://es.wikipedia.org/wiki/Campeonato_de_Primera_B_2026_(Argentina),
2026-06-13,15:30,Defensores Unidos,Brown de Adrogué,1,1,,,Primera B,2026,zonas,,Fecha 20,Mario Losinno,false,https://es.wikipedia.org/wiki/Campeonato_de_Primera_B_2026_(Argentina),
2026-06-13,15:30,Defensores de Belgrano,Colón,0,3,,,Primera Nacional,2026,zonas,Zona A,Fecha 18,Juan Pasquale,false,https://es.wikipedia.org/wiki/Campeonato_de_Primera_Nacional_2026,
2026-06-13,15:30,Deportivo Camioneros,Arsenal,1,2,,,Primera B,2026,zonas,,Fecha 20,Hugo Moyano,false,https://es.wikipedia.org/wiki/Campeonato_de_Primera_B_2026_(Argentina),
2026-06-13,15:30,Deportivo Paraguayo,J. J. de Urquiza,0,0,,,Primera C,2026,zonas,Zona A,Fecha 16,Deportivo Paraguayo,false,https://es.wikipedia.org/wiki/Campeonato_de_Primera_C_2026_(Argentina),
2026-06-13,15:30,Dock Sud,Talleres (RdE),1,1,,,Primera B,2026,zonas,,Fecha 20,De los Inmigrantes,false,https://es.wikipedia.org/wiki/Campeonato_de_Primera_B_2026_(Argentina),
2026-06-13,15:30,El Porvenir,Atlas,0,1,,,Primera C,2026,zonas,Zona B,Fecha 16,Gildo Francisco Ghersinich,false,https://es.wikipedia.org/wiki/Campeonato_de_Primera_C_2026_(Argentina),
2026-06-13,15:30,Flandria,Ituzaingó,3,2,,,Primera B,2026,zonas,,Fecha 20,Carlos V,false,https://es.wikipedia.org/wiki/Campeonato_de_Primera_B_2026_(Argentina),
2026-06-13,15:30,Leandro N. Alem,Victoriano Arenas,0,0,,,Primera C,2026,zonas,Zona A,Fecha 16,Leandro N. Alem,false,https://es.wikipedia.org/wiki/Campeonato_de_Primera_C_2026_(Argentina),
2026-06-13,15:30,Nueva Chicago,Chacarita Juniors,2,0,,,Primera Nacional,2026,zonas,Zona B,Fecha 18,Nueva Chicago,false,https://es.wikipedia.org/wiki/Campeonato_de_Primera_Nacional_2026,
2026-06-13,15:30,Sportivo Italiano,Excursionistas,0,1,,,Primera B,2026,zonas,,Fecha 20,República de Italia,false,https://es.wikipedia.org/wiki/Campeonato_de_Primera_B_2026_(Argentina),
2026-06-13,16:00,Ciudad de Bolívar,Deportivo Morón,1,2,,,Primera Nacional,2026,zonas,Zona A,Fecha 18,Municipal Eva Perón,false,https://es.wikipedia.org/wiki/Campeonato_de_Primera_Nacional_2026,
2026-06-13,16:30,Sportivo Las Parejas,Gimnasia y Esgrima (C),0,0,,,Torneo Federal A,2026,zonas,Zona 1,Fecha 13,4 de Septiembre,false,https://es.wikipedia.org/wiki/Torneo_Federal_A_2026,
2026-06-13,17:00,Quilmes,Gimnasia y Tiro (S),1,0,,,Primera Nacional,2026,zonas,Zona B,Fecha 18,Centenario Ciudad de Quilmes,false,https://es.wikipedia.org/wiki/Campeonato_de_Primera_Nacional_2026,
2026-06-13,20:00,Gimnasia y Esgrima (J),San Martín (SJ),2,1,,,Primera Nacional,2026,zonas,Zona B,Fecha 18,23 de Agosto,false,https://es.wikipedia.org/wiki/Campeonato_de_Primera_Nacional_2026,
2026-06-14,11:30,FADEP,Argentino (MM),2,2,,,Torneo Federal A,2026,zonas,Zona 3,Fecha 13,Predio Social y Deportivo FADEP,false,https://es.wikipedia.org/wiki/Torneo_Federal_A_2026,
2026-06-14,14:00,Argentino de Quilmes,Deportivo Armenio,1,1,,,Primera B,2026,zonas,,Fecha 20,Argentino de Quilmes,false,https://es.wikipedia.org/wiki/Campeonato_de_Primera_B_2026_(Argentina),
2026-06-14,14:30,Almirante Brown,Godoy Cruz,1,0,,,Primera Nacional,2026,zonas,Zona A,Fecha 18,Fragata Presidente Sarmiento,false,https://es.wikipedia.org/wiki/Campeonato_de_Primera_Nacional_2026,
2026-06-14,15:00,Círculo Deportivo,Ramón Santamarina,0,0,,,Torneo Federal A,2026,zonas,Zona 4,Fecha 13,Guillermo Trama,false,https://es.wikipedia.org/wiki/Torneo_Federal_A_2026,
2026-06-14,15:00,Deportivo Madryn,San Miguel,2,2,,,Primera Nacional,2026,zonas,Zona A,Fecha 18,Abel Sastre,false,https://es.wikipedia.org/wiki/Campeonato_de_Primera_Nacional_2026,
2026-06-14,15:00,Deportivo Rincón,Juventud Unida Universitario,2,1,,,Torneo Federal A,2026,zonas,Zona 3,Fecha 13,Elías Moisés Gómez,false,https://es.wikipedia.org/wiki/Torneo_Federal_A_2026,
2026-06-14,15:00,El Linqueño,Douglas Haig,2,0,,,Torneo Federal A,2026,zonas,Zona 1,Fecha 13,Leonardo Costa,false,https://es.wikipedia.org/wiki/Torneo_Federal_A_2026,
2026-06-14,15:00,Estudiantes (BA),All Boys,2,1,,,Primera Nacional,2026,zonas,Zona A,Fecha 18,Ciudad de Caseros,false,https://es.wikipedia.org/wiki/Campeonato_de_Primera_Nacional_2026,
2026-06-14,15:00,Independiente (C),Gimnasia y Esgrima (CdU),0,0,,,Torneo Federal A,2026,zonas,Zona 1,Fecha 13,Raúl Orlando Lungarzo,false,https://es.wikipedia.org/wiki/Torneo_Federal_A_2026,
2026-06-14,15:00,Kimberley,Alvarado,2,2,,,Torneo Federal A,2026,zonas,Zona 4,Fecha 13,José María Minella,false,https://es.wikipedia.org/wiki/Torneo_Federal_A_2026,
2026-06-14,15:00,Sol de Mayo (V),Olimpo,1,1,,,Torneo Federal A,2026,zonas,Zona 4,Fecha 13,Sol de Mayo,false,https://es.wikipedia.org/wiki/Torneo_Federal_A_2026,
2026-06-14,15:00,Villa Mitre,Germinal,0,0,,,Torneo Federal A,2026,zonas,Zona 4,Fecha 13,El Fortín (BB),false,https://es.wikipedia.org/wiki/Torneo_Federal_A_2026,
2026-06-14,15:30,Boca Unidos,San Martín (F),3,1,,,Torneo Federal A,2026,zonas,Zona 2,Fecha 13,Leoncio Benítez,false,https://es.wikipedia.org/wiki/Torneo_Federal_A_2026,
2026-06-14,15:30,Central Ballester,Cañuelas,0,1,,,Primera C,2026,zonas,Zona B,Fecha 16,Predio Cacique,false,https://es.wikipedia.org/wiki/Campeonato_de_Primera_C_2026_(Argentina),
2026-06-14,15:30,Claypole,Muñiz,2,1,,,Primera C,2026,zonas,Zona B,Fecha 16,Rodolfo Capocasa,false,https://es.wikipedia.org/wiki/Campeonato_de_Primera_C_2026_(Argentina),
2026-06-14,15:30,Ferro Carril Oeste,Acassuso,2,1,,,Primera Nacional,2026,zonas,Zona A,Fecha 18,Arquitecto Ricardo Etcheverri,false,https://es.wikipedia.org/wiki/Campeonato_de_Primera_Nacional_2026,
2026-06-14,15:30,Huracán Las Heras,Atenas (RC),1,0,,,Torneo Federal A,2026,zonas,Zona 3,Fecha 13,General San Martín,false,https://es.wikipedia.org/wiki/Torneo_Federal_A_2026,
2026-06-14,15:30,Juventud Unida,Estrella del Sur,2,0,,,Primera C,2026,zonas,Zona A,Fecha 16,Ciudad de San Miguel,false,https://es.wikipedia.org/wiki/Campeonato_de_Primera_C_2026_(Argentina),
2026-06-14,15:30,Liniers,Real Pilar,0,1,,,Primera B,2026,zonas,,Fecha 20,Juan Antonio Arias,false,https://es.wikipedia.org/wiki/Campeonato_de_Primera_B_2026_(Argentina),
2026-06-14,15:30,Lugano,Mercedes,1,0,,,Primera C,2026,zonas,Zona A,Fecha 16,José María Moraños,false,https://es.wikipedia.org/wiki/Campeonato_de_Primera_C_2026_(Argentina),
2026-06-14,15:30,Luján,Yupanqui,2,0,,,Primera C,2026,zonas,Zona B,Fecha 16,1.º de Abril,false,https://es.wikipedia.org/wiki/Campeonato_de_Primera_C_2026_(Argentina),
2026-06-14,15:30,Patronato,Atlético de Rafaela,0,0,,,Primera Nacional,2026,zonas,Zona B,Fecha 18,Presbítero Bartolomé Grella,false,https://es.wikipedia.org/wiki/Campeonato_de_Primera_Nacional_2026,
2026-06-14,15:30,Puerto Nuevo,Centro Español,0,2,,,Primera C,2026,zonas,Zona A,Fecha 16,Rubén Carlos Vallejos,false,https://es.wikipedia.org/wiki/Campeonato_de_Primera_C_2026_(Argentina),
2026-06-14,15:45,Sol de América (F),Bartolomé Mitre (P),0,0,,,Torneo Federal A,2026,zonas,Zona 2,Fecha 13,Sol de América,false,https://es.wikipedia.org/wiki/Torneo_Federal_A_2026,
2026-06-14,16:00,Mitre (SdE),Los Andes,0,3,,,Primera Nacional,2026,zonas,Zona A,Fecha 18,Doctores José y Antonio Castiglione,false,https://es.wikipedia.org/wiki/Campeonato_de_Primera_Nacional_2026,
2026-06-14,16:00,Racing (C),Chaco For Ever,2,0,,,Primera Nacional,2026,zonas,Zona A,Fecha 18,Miguel Sancho,false,https://es.wikipedia.org/wiki/Campeonato_de_Primera_Nacional_2026,
2026-06-14,16:00,Sarmiento (R),Defensores de Vilelas,2,0,,,Torneo Federal A,2026,zonas,Zona 2,Fecha 13,Centenario,false,https://es.wikipedia.org/wiki/Torneo_Federal_A_2026,
2026-06-14,16:00,Temperley,Güemes (SdE),4,1,,,Primera Nacional,2026,zonas,Zona B,Fecha 18,Alfredo Beranger,false,https://es.wikipedia.org/wiki/Campeonato_de_Primera_Nacional_2026,
2026-06-14,16:30,Central Norte (S),San Telmo,0,0,,,Primera Nacional,2026,zonas,Zona A,Fecha 18,Padre Ernesto Martearena,false,https://es.wikipedia.org/wiki/Campeonato_de_Primera_Nacional_2026,
2026-06-14,16:30,Deportivo Maipú,Tristán Suárez,0,1,,,Primera Nacional,2026,zonas,Zona B,Fecha 18,Omar Higinio Sperdutti,false,https://es.wikipedia.org/wiki/Campeonato_de_Primera_Nacional_2026,
2026-06-14,17:00,Costa Brava,Cipolletti,1,0,,,Torneo Federal A,2026,zonas,Zona 3,Fecha 13,Nuevo Pacaembú,false,https://es.wikipedia.org/wiki/Torneo_Federal_A_2026,
2026-06-14,19:00,Deportivo Merlo,Argentino de Merlo,2,2,,,Primera B,2026,zonas,,Fecha 20,José Manuel Moreno,false,https://es.wikipedia.org/wiki/Campeonato_de_Primera_B_2026_(Argentina),
2026-06-15,15:30,Defensores de Cambaceres,Berazategui,0,1,,,Primera C,2026,zonas,Zona A,Fecha 16,12 de Octubre,false,https://es.wikipedia.org/wiki/Campeonato_de_Primera_C_2026_(Argentina),
2026-06-15,15:30,Fénix,Leones de Rosario,0,1,,,Primera C,2026,zonas,Zona B,Fecha 16,Ciudad de Libertad,false,https://es.wikipedia.org/wiki/Campeonato_de_Primera_C_2026_(Argentina),
2026-06-15,15:30,Sacachispas,Argentino de Rosario,1,0,,,Primera C,2026,zonas,Zona A,Fecha 16,Beto Larrosa,false,https://es.wikipedia.org/wiki/Campeonato_de_Primera_C_2026_(Argentina),
2026-06-15,15:30,Sportivo Barracas,General Lamadrid,2,0,,,Primera C,2026,zonas,Zona B,Fecha 16,Tres de Febrero,false,https://es.wikipedia.org/wiki/Campeonato_de_Primera_C_2026_(Argentina),
2026-06-15,18:00,Sportivo Belgrano,Defensores de Belgrano (VR),1,0,,,Torneo Federal A,2026,zonas,Zona 1,Fecha 13,Juan Pablo Francia,false,https://es.wikipedia.org/wiki/Torneo_Federal_A_2026,
2026-06-17,15:00,Gimnasia y Esgrima (J),Nueva Chicago,4,0,,,Primera Nacional,2026,zonas,Zona B,Fecha 16,23 de Agosto,false,https://es.wikipedia.org/wiki/Campeonato_de_Primera_Nacional_2026,
2026-06-19,21:00,Ituzaingó,Liniers,1,1,,,Primera B,2026,zonas,,Fecha 21,Carlos Sacaan,false,https://es.wikipedia.org/wiki/Campeonato_de_Primera_B_2026_(Argentina),
2026-06-20,14:30,Deportivo Laferrere,Defensores Unidos,1,0,,,Primera B,2026,zonas,,Fecha 21,Ciudad de Laferrere,false,https://es.wikipedia.org/wiki/Campeonato_de_Primera_B_2026_(Argentina),
2026-06-20,14:30,UAI Urquiza,San Martín (B),0,0,,,Primera B,2026,zonas,,Fecha 21,Monumental de Villa Lynch,false,https://es.wikipedia.org/wiki/Campeonato_de_Primera_B_2026_(Argentina),
2026-06-20,15:00,Almagro,Atlanta,2,0,,,Primera Nacional,2026,zonas,Zona B,Fecha 4,Tres de Febrero,false,https://es.wikipedia.org/wiki/Campeonato_de_Primera_Nacional_2026,
2026-06-20,15:00,Alvarado,Círculo Deportivo,1,0,,,Torneo Federal A,2026,zonas,Zona 4,Fecha 14,José María Minella,false,https://es.wikipedia.org/wiki/Torneo_Federal_A_2026,
2026-06-20,15:00,Brown de Adrogué,Argentino de Quilmes,2,4,,,Primera B,2026,zonas,,Fecha 21,Lorenzo Arandilla,false,https://es.wikipedia.org/wiki/Campeonato_de_Primera_B_2026_(Argentina),
2026-06-20,15:00,Ciudad de Bolívar,Estudiantes (BA),1,2,,,Primera Nacional,2026,zonas,Zona A,Fecha 4,Municipal Eva Perón,false,https://es.wikipedia.org/wiki/Campeonato_de_Primera_Nacional_2026,
2026-06-20,15:00,Colegiales,Quilmes,3,1,,,Primera Nacional,2026,zonas,Zona B,Fecha 4,Libertarios Unidos,false,https://es.wikipedia.org/wiki/Campeonato_de_Primera_Nacional_2026,
2026-06-20,15:00,Douglas Haig,Sportivo Belgrano,0,0,,,Torneo Federal A,2026,zonas,Zona 1,Fecha 14,Miguel Morales,false,https://es.wikipedia.org/wiki/Torneo_Federal_A_2026,
2026-06-20,15:00,Gimnasia y Esgrima (C),Atlético Escobar,2,0,,,Torneo Federal A,2026,zonas,Zona 1,Fecha 14,José María Paz,false,https://es.wikipedia.org/wiki/Torneo_Federal_A_2026,
2026-06-20,15:00,Juventud Unida Universitario,FADEP,0,0,,,Torneo Federal A,2026,zonas,Zona 3,Fecha 14,Mario Sebastián Diez,false,https://es.wikipedia.org/wiki/Torneo_Federal_A_2026,
2026-06-20,15:00,Olimpo,Kimberley,0,0,,,Torneo Federal A,2026,zonas,Zona 4,Fecha 14,Roberto Natalio Carminatti,false,https://es.wikipedia.org/wiki/Torneo_Federal_A_2026,
2026-06-20,15:00,San Telmo,Racing (C),2,0,,,Primera Nacional,2026,zonas,Zona A,Fecha 4,Doctor Osvaldo Baletto,false,https://es.wikipedia.org/wiki/Campeonato_de_Primera_Nacional_2026,
2026-06-20,15:30,Acassuso,San Miguel,0,2,,,Primera Nacional,2026,zonas,Zona A,Fecha 4,La Quema,false,https://es.wikipedia.org/wiki/Campeonato_de_Primera_Nacional_2026,
2026-06-20,15:30,Deportivo Armenio,Flandria,2,1,,,Primera B,2026,zonas,,Fecha 21,Armenia,false,https://es.wikipedia.org/wiki/Campeonato_de_Primera_B_2026_(Argentina),
2026-06-20,15:30,Excursionistas,Deportivo Camioneros,1,1,,,Primera B,2026,zonas,,Fecha 21,Excursionistas,false,https://es.wikipedia.org/wiki/Campeonato_de_Primera_B_2026_(Argentina),
2026-06-20,15:30,Real Pilar,Villa San Carlos,1,1,,,Primera B,2026,zonas,,Fecha 21,Carlos Barraza,false,https://es.wikipedia.org/wiki/Campeonato_de_Primera_B_2026_(Argentina),
2026-06-20,15:30,Villa Dálmine,Sportivo Italiano,2,1,,,Primera B,2026,zonas,,Fecha 21,El Coliseo de Mitre y Puccini,false,https://es.wikipedia.org/wiki/Campeonato_de_Primera_B_2026_(Argentina),
2026-06-20,15:45,Bartolomé Mitre (P),Juventud Antoniana,0,0,,,Torneo Federal A,2026,zonas,Zona 2,Fecha 14,Ernesto Cucchiaroni,false,https://es.wikipedia.org/wiki/Torneo_Federal_A_2026,
2026-06-20,16:00,Chaco For Ever,Colón,1,0,,,Primera Nacional,2026,zonas,Zona A,Fecha 4,Juan Alberto García,false,https://es.wikipedia.org/wiki/Campeonato_de_Primera_Nacional_2026,
2026-06-20,16:00,San Martín (SJ),Agropecuario,2,0,,,Primera Nacional,2026,zonas,Zona B,Fecha 4,Ingeniero Hilario Sánchez,false,https://es.wikipedia.org/wiki/Campeonato_de_Primera_Nacional_2026,
2026-06-20,16:00,Temperley,San Martín (T),1,1,,,Primera Nacional,2026,zonas,Zona B,Fecha 4,Alfredo Beranger,false,https://es.wikipedia.org/wiki/Campeonato_de_Primera_Nacional_2026,
2026-06-20,18:00,Ramón Santamarina,Villa Mitre,0,2,,,Torneo Federal A,2026,zonas,Zona 4,Fecha 14,Municipal General San Martín,false,https://es.wikipedia.org/wiki/Torneo_Federal_A_2026,
2026-06-20,20:30,San Martín (SM),Huracán Las Heras,3,1,,,Torneo Federal A,2026,zonas,Zona 3,Fecha 14,Libertador General San Martín,false,https://es.wikipedia.org/wiki/Torneo_Federal_A_2026,
2026-06-21,14:30,Argentino de Merlo,Dock Sud,3,1,,,Primera B,2026,zonas,,Fecha 21,Juan Carlos Brieva,false,https://es.wikipedia.org/wiki/Campeonato_de_Primera_B_2026_(Argentina),
2026-06-21,14:30,Arsenal,Deportivo Merlo,4,2,,,Primera B,2026,zonas,,Fecha 21,Julio Humberto Grondona,false,https://es.wikipedia.org/wiki/Campeonato_de_Primera_B_2026_(Argentina),
2026-06-21,14:30,Talleres (RdE),Comunicaciones,0,0,,,Primera B,2026,zonas,,Fecha 21,Pablo Comelli,false,https://es.wikipedia.org/wiki/Campeonato_de_Primera_B_2026_(Argentina),
2026-06-21,15:00,Deportivo Madryn,Los Andes,2,1,,,Primera Nacional,2026,zonas,Zona A,Fecha 4,Abel Sastre,false,https://es.wikipedia.org/wiki/Campeonato_de_Primera_Nacional_2026,
2026-06-21,15:00,Guillermo Brown,Sol de Mayo (V),0,1,,,Torneo Federal A,2026,zonas,Zona 4,Fecha 14,Raúl Conti,false,https://es.wikipedia.org/wiki/Torneo_Federal_A_2026,
2026-06-21,15:30,Almirante Brown,Mitre (SdE),3,1,,,Primera Nacional,2026,zonas,Zona A,Fecha 4,Fragata Presidente Sarmiento,false,https://es.wikipedia.org/wiki/Campeonato_de_Primera_Nacional_2026,
2026-06-21,15:30,Chacarita Juniors,Tristán Suárez,0,0,,,Primera Nacional,2026,zonas,Zona B,Fecha 4,Chacarita Juniors,false,https://es.wikipedia.org/wiki/Campeonato_de_Primera_Nacional_2026,
2026-06-21,15:30,Cipolletti,Deportivo Rincón,2,1,,,Torneo Federal A,2026,zonas,Zona 3,Fecha 14,La Visera de Cemento,false,https://es.wikipedia.org/wiki/Torneo_Federal_A_2026,
2026-06-21,15:30,Defensores de Belgrano,All Boys,0,1,,,Primera Nacional,2026,zonas,Zona A,Fecha 4,Juan Pasquale,false,https://es.wikipedia.org/wiki/Campeonato_de_Primera_Nacional_2026,
2026-06-21,15:30,Defensores de Belgrano (VR),Independiente (C),2,0,,,Torneo Federal A,2026,zonas,Zona 1,Fecha 14,Salomón Boeseldín,false,https://es.wikipedia.org/wiki/Torneo_Federal_A_2026,
2026-06-21,15:30,Defensores de Vilelas,Sol de América (F),2,1,,,Torneo Federal A,2026,zonas,Zona 2,Fecha 14,Juan Alberto García,false,https://es.wikipedia.org/wiki/Torneo_Federal_A_2026,
2026-06-21,15:30,Ferro Carril Oeste,Deportivo Morón,1,0,,,Primera Nacional,2026,zonas,Zona A,Fecha 4,Arquitecto Ricardo Etcheverri,false,https://es.wikipedia.org/wiki/Campeonato_de_Primera_Nacional_2026,
2026-06-21,15:30,Patronato,Ferrocarril Midland,1,1,,,Primera Nacional,2026,zonas,Zona B,Fecha 4,Presbítero Bartolomé Grella,false,https://es.wikipedia.org/wiki/Campeonato_de_Primera_Nacional_2026,
2026-06-21,16:00,Gimnasia y Esgrima (CdU),Sportivo Las Parejas,0,1,,,Torneo Federal A,2026,zonas,Zona 1,Fecha 14,Manuel y Ramón Núñez,false,https://es.wikipedia.org/wiki/Torneo_Federal_A_2026,
2026-06-21,16:00,San Martín (F),Sarmiento (R),3,0,,,Torneo Federal A,2026,zonas,Zona 2,Fecha 14,17 de Octubre,false,https://es.wikipedia.org/wiki/Torneo_Federal_A_2026,
2026-06-21,16:00,Tucumán Central,Boca Unidos,2,0,,,Torneo Federal A,2026,zonas,Zona 2,Fecha 14,Luis Hayward,false,https://es.wikipedia.org/wiki/Torneo_Federal_A_2026,
2026-06-21,16:30,Atenas (RC),Costa Brava,1,1,,,Torneo Federal A,2026,zonas,Zona 3,Fecha 14,9 de Julio,false,https://es.wikipedia.org/wiki/Torneo_Federal_A_2026,
2026-06-21,16:30,Central Norte (S),Godoy Cruz,1,0,,,Primera Nacional,2026,zonas,Zona A,Fecha 4,Padre Ernesto Martearena,false,https://es.wikipedia.org/wiki/Campeonato_de_Primera_Nacional_2026,
2026-06-21,16:30,Deportivo Maipú,Gimnasia y Tiro (S),0,0,,,Primera Nacional,2026,zonas,Zona B,Fecha 4,Omar Higinio Sperdutti,false,https://es.wikipedia.org/wiki/Campeonato_de_Primera_Nacional_2026,
2026-06-21,17:00,Güemes (SdE),Gimnasia y Esgrima (J),1,3,,,Primera Nacional,2026,zonas,Zona B,Fecha 4,Arturo Miranda,false,https://es.wikipedia.org/wiki/Campeonato_de_Primera_Nacional_2026,
2026-06-22,20:15,9 de Julio (R),El Linqueño,3,2,,,Torneo Federal A,2026,zonas,Zona 1,Fecha 14,Germán Solterman,false,https://es.wikipedia.org/wiki/Torneo_Federal_A_2026,
2026-06-23,18:30,Nueva Chicago,Atlético de Rafaela,0,0,,,Primera Nacional,2026,zonas,Zona B,Fecha 4,Nueva Chicago,false,https://es.wikipedia.org/wiki/Campeonato_de_Primera_Nacional_2026,
2026-06-27,11:30,FADEP,Cipolletti,0,0,,,Torneo Federal A,2026,zonas,Zona 3,Fecha 15,Predio Social y Deportivo FADEP,false,https://es.wikipedia.org/wiki/Torneo_Federal_A_2026,
2026-06-27,13:00,Deportivo Paraguayo,Centro Español,0,2,,,Primera C,2026,zonas,Zona A,Fecha 17,Deportivo Paraguayo,false,https://es.wikipedia.org/wiki/Campeonato_de_Primera_C_2026_(Argentina),
2026-06-27,13:00,Real Pilar,San Martín (B),0,0,,,Primera B,2026,zonas,,Fecha 22,Carlos Barraza,false,https://es.wikipedia.org/wiki/Campeonato_de_Primera_B_2026_(Argentina),
2026-06-27,13:00,Sacachispas,Lugano,0,1,,,Primera C,2026,zonas,Zona A,Fecha 17,Beto Larrosa,false,https://es.wikipedia.org/wiki/Campeonato_de_Primera_C_2026_(Argentina),
2026-06-27,13:00,Villa Dálmine,Deportivo Camioneros,0,1,,,Primera B,2026,zonas,,Fecha 22,El Coliseo de Mitre y Puccini,false,https://es.wikipedia.org/wiki/Campeonato_de_Primera_B_2026_(Argentina),
2026-06-27,15:00,Brown de Adrogué,Flandria,2,0,,,Primera B,2026,zonas,,Fecha 22,Lorenzo Arandilla,false,https://es.wikipedia.org/wiki/Campeonato_de_Primera_B_2026_(Argentina),
2026-06-27,15:00,Central Córdoba (R),Muñiz,0,0,,,Primera C,2026,zonas,Zona B,Fecha 17,Gabino Sosa,false,https://es.wikipedia.org/wiki/Campeonato_de_Primera_C_2026_(Argentina),
2026-06-27,15:00,El Porvenir,Leones de Rosario,0,0,,,Primera C,2026,zonas,Zona B,Fecha 17,Gildo Francisco Ghersinich,false,https://es.wikipedia.org/wiki/Campeonato_de_Primera_C_2026_(Argentina),
2026-06-27,15:00,Excursionistas,Deportivo Merlo,5,0,,,Primera B,2026,zonas,,Fecha 22,Excursionistas,false,https://es.wikipedia.org/wiki/Campeonato_de_Primera_B_2026_(Argentina),
2026-06-27,15:00,Juventud Unida,Argentino de Rosario,3,0,,,Primera C,2026,zonas,Zona A,Fecha 17,Ciudad de San Miguel,false,https://es.wikipedia.org/wiki/Campeonato_de_Primera_C_2026_(Argentina),
2026-06-27,15:00,Mercedes,J. J. de Urquiza,5,0,,,Primera C,2026,zonas,Zona A,Fecha 17,Liga Mercedina,false,https://es.wikipedia.org/wiki/Campeonato_de_Primera_C_2026_(Argentina),
2026-06-27,15:00,Talleres (RdE),Defensores Unidos,1,0,,,Primera B,2026,zonas,,Fecha 22,Pablo Comelli,false,https://es.wikipedia.org/wiki/Campeonato_de_Primera_B_2026_(Argentina),
2026-06-27,15:00,Yupanqui,Deportivo Español,1,2,,,Primera C,2026,zonas,Zona B,Fecha 17,Ciudad Evita,false,https://es.wikipedia.org/wiki/Campeonato_de_Primera_C_2026_(Argentina),
2026-06-27,15:30,Argentino (MM),Juventud Unida Universitario,0,0,,,Torneo Federal A,2026,zonas,Zona 3,Fecha 15,Modesto Marrone,false,https://es.wikipedia.org/wiki/Torneo_Federal_A_2026,
2026-06-27,15:30,Deportivo Armenio,Ituzaingó,2,1,,,Primera B,2026,zonas,,Fecha 22,Armenia,false,https://es.wikipedia.org/wiki/Campeonato_de_Primera_B_2026_(Argentina),
2026-06-27,15:30,Deportivo Rincón,Atenas (RC),0,1,,,Torneo Federal A,2026,zonas,Zona 3,Fecha 15,Elías Moisés Gómez,false,https://es.wikipedia.org/wiki/Torneo_Federal_A_2026,
2026-06-27,16:30,Sportivo Las Parejas,Defensores de Belgrano (VR),1,1,,,Torneo Federal A,2026,zonas,Zona 1,Fecha 15,4 de Septiembre,false,https://es.wikipedia.org/wiki/Torneo_Federal_A_2026,
2026-06-28,13:00,Deportivo Laferrere,Argentino de Quilmes,1,1,,,Primera B,2026,zonas,,Fecha 22,Ciudad de Laferrere,false,https://es.wikipedia.org/wiki/Campeonato_de_Primera_B_2026_(Argentina),
2026-06-28,13:00,Liniers,Villa San Carlos,1,1,,,Primera B,2026,zonas,,Fecha 22,Juan Antonio Arias,false,https://es.wikipedia.org/wiki/Campeonato_de_Primera_B_2026_(Argentina),
2026-06-28,13:00,UAI Urquiza,Sportivo Italiano,0,0,,,Primera B,2026,zonas,,Fecha 22,Monumental de Villa Lynch,false,https://es.wikipedia.org/wiki/Campeonato_de_Primera_B_2026_(Argentina),
2026-06-28,15:00,Argentino de Merlo,Comunicaciones,3,2,,,Primera B,2026,zonas,,Fecha 22,Juan Carlos Brieva,false,https://es.wikipedia.org/wiki/Campeonato_de_Primera_B_2026_(Argentina),
2026-06-28,15:00,Arsenal,Dock Sud,0,0,,,Primera B,2026,zonas,,Fecha 22,Julio Humberto Grondona,false,https://es.wikipedia.org/wiki/Campeonato_de_Primera_B_2026_(Argentina),
2026-06-28,15:00,Círculo Deportivo,Olimpo,1,1,,,Torneo Federal A,2026,zonas,Zona 4,Fecha 15,Guillermo Trama,false,https://es.wikipedia.org/wiki/Torneo_Federal_A_2026,
2026-06-28,15:00,Defensores de Cambaceres,Estrella del Sur,0,3,,,Primera C,2026,zonas,Zona A,Fecha 17,12 de Octubre,false,https://es.wikipedia.org/wiki/Campeonato_de_Primera_C_2026_(Argentina),
2026-06-28,15:00,El Linqueño,Sportivo Belgrano,1,1,,,Torneo Federal A,2026,zonas,Zona 1,Fecha 15,Leonardo Costa,false,https://es.wikipedia.org/wiki/Torneo_Federal_A_2026,
2026-06-28,15:00,Germinal,Ramón Santamarina,1,0,,,Torneo Federal A,2026,zonas,Zona 4,Fecha 15,El Fortín (R),false,https://es.wikipedia.org/wiki/Torneo_Federal_A_2026,
2026-06-28,15:00,Independiente (C),Douglas Haig,0,4,,,Torneo Federal A,2026,zonas,Zona 1,Fecha 15,Raúl Orlando Lungarzo,false,https://es.wikipedia.org/wiki/Torneo_Federal_A_2026,
2026-06-28,15:00,Kimberley,Guillermo Brown,3,0,,,Torneo Federal A,2026,zonas,Zona 4,Fecha 15,José Alberto Valle,false,https://es.wikipedia.org/wiki/Torneo_Federal_A_2026,
2026-06-28,15:00,Leandro N. Alem,Berazategui,1,1,,,Primera C,2026,zonas,Zona A,Fecha 17,Leandro N. Alem,false,https://es.wikipedia.org/wiki/Campeonato_de_Primera_C_2026_(Argentina),
2026-06-28,15:00,Puerto Nuevo,Victoriano Arenas,2,1,,,Primera C,2026,zonas,Zona A,Fecha 17,Rubén Carlos Vallejos,false,https://es.wikipedia.org/wiki/Campeonato_de_Primera_C_2026_(Argentina),
2026-06-28,15:00,Sol de América (F),San Martín (F),1,2,,,Torneo Federal A,2026,zonas,Zona 2,Fecha 15,Sol de América,false,https://es.wikipedia.org/wiki/Torneo_Federal_A_2026,
2026-06-28,15:00,Villa Mitre,Alvarado,1,0,,,Torneo Federal A,2026,zonas,Zona 4,Fecha 15,El Fortín (BB),false,https://es.wikipedia.org/wiki/Torneo_Federal_A_2026,
2026-06-28,15:30,Atlético Escobar,Gimnasia y Esgrima (CdU),2,1,,,Torneo Federal A,2026,zonas,Zona 1,Fecha 15,Armenia,false,https://es.wikipedia.org/wiki/Torneo_Federal_A_2026,
2026-06-28,15:30,Costa Brava,San Martín (SM),2,1,,,Torneo Federal A,2026,zonas,Zona 3,Fecha 15,Nuevo Pacaembú,false,https://es.wikipedia.org/wiki/Torneo_Federal_A_2026,
2026-06-28,15:30,Juventud Antoniana,Defensores de Vilelas,4,0,,,Torneo Federal A,2026,zonas,Zona 2,Fecha 15,Fray Honorato Pistoia,false,https://es.wikipedia.org/wiki/Torneo_Federal_A_2026,
2026-06-28,16:00,9 de Julio (R),Gimnasia y Esgrima (C),2,1,,,Torneo Federal A,2026,zonas,Zona 1,Fecha 15,Germán Solterman,false,https://es.wikipedia.org/wiki/Torneo_Federal_A_2026,
2026-06-28,16:00,Sarmiento (LB),Bartolomé Mitre (P),1,0,,,Torneo Federal A,2026,zonas,Zona 2,Fecha 15,Ciudad de La Banda,false,https://es.wikipedia.org/wiki/Torneo_Federal_A_2026,
2026-06-28,16:00,Sarmiento (R),Tucumán Central,1,0,,,Torneo Federal A,2026,zonas,Zona 2,Fecha 15,Centenario,false,https://es.wikipedia.org/wiki/Torneo_Federal_A_2026,
2026-06-29,15:00,Fénix,General Lamadrid,3,1,,,Primera C,2026,zonas,Zona B,Fecha 17,Ciudad de Libertad,false,https://es.wikipedia.org/wiki/Campeonato_de_Primera_C_2026_(Argentina),
2026-06-29,15:00,Sportivo Barracas,Luján,2,0,,,Primera C,2026,zonas,Zona B,Fecha 17,Tres de Febrero,false,https://es.wikipedia.org/wiki/Campeonato_de_Primera_C_2026_(Argentina),
2026-06-30,15:00,Central Ballester,Atlas,0,2,,,Primera C,2026,zonas,Zona B,Fecha 17,Chacarita Juniors,false,https://es.wikipedia.org/wiki/Campeonato_de_Primera_C_2026_(Argentina),
2026-06-30,15:00,Claypole,Cañuelas,0,2,,,Primera C,2026,zonas,Zona B,Fecha 17,Rodolfo Capocasa,false,https://es.wikipedia.org/wiki/Campeonato_de_Primera_C_2026_(Argentina),
2026-07-04,13:00,Deportivo Camioneros,UAI Urquiza,4,0,,,Primera B,2026,zonas,,Fecha 23,Hugo Moyano,false,https://es.wikipedia.org/wiki/Campeonato_de_Primera_B_2026_(Argentina),
2026-07-04,13:00,Lugano,J. J. de Urquiza,0,0,,,Primera C,2026,zonas,Zona A,Fecha 18,José María Moraños,false,https://es.wikipedia.org/wiki/Campeonato_de_Primera_C_2026_(Argentina),
2026-07-04,14:30,Ituzaingó,Villa San Carlos,1,3,,,Primera B,2026,zonas,,Fecha 23,Carlos Sacaan,false,https://es.wikipedia.org/wiki/Campeonato_de_Primera_B_2026_(Argentina),
2026-07-04,15:00,Argentino de Rosario,Defensores de Cambaceres,1,1,,,Primera C,2026,zonas,Zona A,Fecha 18,José María Olaeta,false,https://es.wikipedia.org/wiki/Campeonato_de_Primera_C_2026_(Argentina),
2026-07-04,15:00,Colegiales,Gimnasia y Tiro (S),1,2,,,Primera Nacional,2026,zonas,Zona B,Fecha 19,Libertarios Unidos,false,https://es.wikipedia.org/wiki/Campeonato_de_Primera_Nacional_2026,
2026-07-04,15:00,Comunicaciones,Arsenal,1,2,,,Primera B,2026,zonas,,Fecha 23,Alfredo Ramos,false,https://es.wikipedia.org/wiki/Campeonato_de_Primera_B_2026_(Argentina),
2026-07-04,15:00,Deportivo Armenio,Brown de Adrogué,0,0,,,Primera B,2026,zonas,,Fecha 23,Armenia,false,https://es.wikipedia.org/wiki/Campeonato_de_Primera_B_2026_(Argentina),
2026-07-04,15:00,Deportivo Merlo,Villa Dálmine,1,2,,,Primera B,2026,zonas,,Fecha 23,José Manuel Moreno,false,https://es.wikipedia.org/wiki/Campeonato_de_Primera_B_2026_(Argentina),
2026-07-04,15:00,Dock Sud,Excursionistas,3,1,,,Primera B,2026,zonas,,Fecha 23,De los Inmigrantes,false,https://es.wikipedia.org/wiki/Campeonato_de_Primera_B_2026_(Argentina),
2026-07-04,15:00,Estrella del Sur,Leandro N. Alem,3,0,,,Primera C,2026,zonas,Zona A,Fecha 18,Ciudad de San Vicente,false,https://es.wikipedia.org/wiki/Campeonato_de_Primera_C_2026_(Argentina),
2026-07-04,15:00,Flandria,Deportivo Laferrere,1,2,,,Primera B,2026,zonas,,Fecha 23,Carlos V,false,https://es.wikipedia.org/wiki/Campeonato_de_Primera_B_2026_(Argentina),
2026-07-04,15:00,Leones de Rosario,Central Ballester,0,1,,,Primera C,2026,zonas,Zona B,Fecha 18,Antonio Di Giacomo,false,https://es.wikipedia.org/wiki/Campeonato_de_Primera_C_2026_(Argentina),
2026-07-04,15:30,Almagro,Atlético de Rafaela,1,0,,,Primera Nacional,2026,zonas,Zona B,Fecha 19,Tres de Febrero,false,https://es.wikipedia.org/wiki/Campeonato_de_Primera_Nacional_2026,
2026-07-04,15:30,Almirante Brown,Los Andes,1,0,,,Primera Nacional,2026,zonas,Zona A,Fecha 19,Fragata Presidente Sarmiento,false,https://es.wikipedia.org/wiki/Campeonato_de_Primera_Nacional_2026,
2026-07-04,15:30,Defensores de Belgrano,Deportivo Morón,2,1,,,Primera Nacional,2026,zonas,Zona A,Fecha 19,Juan Pasquale,false,https://es.wikipedia.org/wiki/Campeonato_de_Primera_Nacional_2026,
2026-07-04,15:30,Defensores de Vilelas,Sarmiento (LB),3,0,,,Torneo Federal A,2026,zonas,Zona 2,Fecha 16,Juan Alberto García,false,https://es.wikipedia.org/wiki/Torneo_Federal_A_2026,
2026-07-04,15:30,Huracán Las Heras,Costa Brava,2,0,,,Torneo Federal A,2026,zonas,Zona 3,Fecha 16,General San Martín,false,https://es.wikipedia.org/wiki/Torneo_Federal_A_2026,
2026-07-04,15:30,Nueva Chicago,Güemes (SdE),2,0,,,Primera Nacional,2026,zonas,Zona B,Fecha 19,Nueva Chicago,false,https://es.wikipedia.org/wiki/Campeonato_de_Primera_Nacional_2026,
2026-07-04,15:30,Temperley,Tristán Suárez,1,0,,,Primera Nacional,2026,zonas,Zona B,Fecha 19,Alfredo Beranger,false,https://es.wikipedia.org/wiki/Campeonato_de_Primera_Nacional_2026,
2026-07-04,16:00,Ciudad de Bolívar,Godoy Cruz,3,1,,,Primera Nacional,2026,zonas,Zona A,Fecha 19,Municipal Eva Perón,false,https://es.wikipedia.org/wiki/Campeonato_de_Primera_Nacional_2026,
2026-07-04,18:00,Quilmes,Atlanta,2,1,,,Primera Nacional,2026,zonas,Zona B,Fecha 19,Centenario Ciudad de Quilmes,false,https://es.wikipedia.org/wiki/Campeonato_de_Primera_Nacional_2026,
2026-07-05,11:00,Berazategui,Puerto Nuevo,0,2,,,Primera C,2026,zonas,Zona A,Fecha 18,Norman Lee,false,https://es.wikipedia.org/wiki/Campeonato_de_Primera_C_2026_(Argentina),
2026-07-05,13:00,Argentino de Quilmes,Talleres (RdE),0,3,,,Primera B,2026,zonas,,Fecha 23,Argentino de Quilmes,false,https://es.wikipedia.org/wiki/Campeonato_de_Primera_B_2026_(Argentina),
2026-07-05,13:00,Sacachispas,Juventud Unida,1,0,,,Primera C,2026,zonas,Zona A,Fecha 18,Beto Larrosa,false,https://es.wikipedia.org/wiki/Campeonato_de_Primera_C_2026_(Argentina),
2026-07-05,13:00,Sportivo Italiano,Real Pilar,1,1,,,Primera B,2026,zonas,,Fecha 23,República de Italia,false,https://es.wikipedia.org/wiki/Campeonato_de_Primera_B_2026_(Argentina),
2026-07-05,13:00,Victoriano Arenas,Deportivo Paraguayo,0,0,,,Primera C,2026,zonas,Zona A,Fecha 18,Saturnino Moure,false,https://es.wikipedia.org/wiki/Campeonato_de_Primera_C_2026_(Argentina),
2026-07-05,15:00,Alvarado,Germinal,5,0,,,Torneo Federal A,2026,zonas,Zona 4,Fecha 16,José María Minella,false,https://es.wikipedia.org/wiki/Torneo_Federal_A_2026,
2026-07-05,15:00,Atenas (RC),FADEP,1,3,,,Torneo Federal A,2026,zonas,Zona 3,Fecha 16,9 de Julio,false,https://es.wikipedia.org/wiki/Torneo_Federal_A_2026,
2026-07-05,15:00,Atlas,Claypole,2,1,,,Primera C,2026,zonas,Zona B,Fecha 18,Ricardo Puga,false,https://es.wikipedia.org/wiki/Campeonato_de_Primera_C_2026_(Argentina),
2026-07-05,15:00,Cañuelas,Central Córdoba (R),0,0,,,Primera C,2026,zonas,Zona B,Fecha 18,Jorge Arin,false,https://es.wikipedia.org/wiki/Campeonato_de_Primera_C_2026_(Argentina),
2026-07-05,15:00,Defensores Unidos,Argentino de Merlo,1,1,,,Primera B,2026,zonas,,Fecha 23,Mario Losinno,false,https://es.wikipedia.org/wiki/Campeonato_de_Primera_B_2026_(Argentina),
2026-07-05,15:00,Deportivo Madryn,Colón,1,2,,,Primera Nacional,2026,zonas,Zona A,Fecha 19,Abel Sastre,false,https://es.wikipedia.org/wiki/Campeonato_de_Primera_Nacional_2026,
2026-07-05,15:00,Douglas Haig,Sportivo Las Parejas,0,0,,,Torneo Federal A,2026,zonas,Zona 1,Fecha 16,Miguel Morales,false,https://es.wikipedia.org/wiki/Torneo_Federal_A_2026,
2026-07-05,15:00,Estudiantes (BA),Racing (C),1,1,,,Primera Nacional,2026,zonas,Zona A,Fecha 19,Ciudad de Caseros,false,https://es.wikipedia.org/wiki/Campeonato_de_Primera_Nacional_2026,
2026-07-05,15:00,General Lamadrid,El Porvenir,1,1,,,Primera C,2026,zonas,Zona B,Fecha 18,Enrique Sexto,false,https://es.wikipedia.org/wiki/Campeonato_de_Primera_C_2026_(Argentina),
2026-07-05,15:00,Gimnasia y Esgrima (CdU),9 de Julio (R),3,0,,,Torneo Federal A,2026,zonas,Zona 1,Fecha 16,Manuel y Ramón Núñez,false,https://es.wikipedia.org/wiki/Torneo_Federal_A_2026,
2026-07-05,15:00,Guillermo Brown,Círculo Deportivo,1,0,,,Torneo Federal A,2026,zonas,Zona 4,Fecha 16,Raúl Conti,false,https://es.wikipedia.org/wiki/Torneo_Federal_A_2026,
2026-07-05,15:00,Luján,Fénix,2,1,,,Primera C,2026,zonas,Zona B,Fecha 18,1.º de Abril,false,https://es.wikipedia.org/wiki/Campeonato_de_Primera_C_2026_(Argentina),
2026-07-05,15:00,Olimpo,Villa Mitre,0,0,,,Torneo Federal A,2026,zonas,Zona 4,Fecha 16,Roberto Natalio Carminatti,false,https://es.wikipedia.org/wiki/Torneo_Federal_A_2026,
2026-07-05,15:00,San Martín (B),Liniers,1,1,,,Primera B,2026,zonas,,Fecha 23,Francisco Boga,false,https://es.wikipedia.org/wiki/Campeonato_de_Primera_B_2026_(Argentina),
2026-07-05,15:00,Sol de Mayo (V),Kimberley,1,2,,,Torneo Federal A,2026,zonas,Zona 4,Fecha 16,Sol de Mayo,false,https://es.wikipedia.org/wiki/Torneo_Federal_A_2026,
2026-07-05,15:30,Boca Unidos,Sarmiento (R),2,0,,,Torneo Federal A,2026,zonas,Zona 2,Fecha 16,José Antonio Romero,false,https://es.wikipedia.org/wiki/Torneo_Federal_A_2026,
2026-07-05,15:30,Cipolletti,Argentino (MM),2,2,,,Torneo Federal A,2026,zonas,Zona 3,Fecha 16,La Visera de Cemento,false,https://es.wikipedia.org/wiki/Torneo_Federal_A_2026,
2026-07-05,15:30,Defensores de Belgrano (VR),Atlético Escobar,1,1,,,Torneo Federal A,2026,zonas,Zona 1,Fecha 16,Salomón Boeseldín,false,https://es.wikipedia.org/wiki/Torneo_Federal_A_2026,
2026-07-05,15:30,Ferro Carril Oeste,San Telmo,2,1,,,Primera Nacional,2026,zonas,Zona A,Fecha 19,Arquitecto Ricardo Etcheverri,false,https://es.wikipedia.org/wiki/Campeonato_de_Primera_Nacional_2026,
2026-07-05,15:30,Patronato,San Martín (T),0,1,,,Primera Nacional,2026,zonas,Zona B,Fecha 19,Presbítero Bartolomé Grella,false,https://es.wikipedia.org/wiki/Campeonato_de_Primera_Nacional_2026,
2026-07-05,16:00,Chaco For Ever,Acassuso,1,1,,,Primera Nacional,2026,zonas,Zona A,Fecha 19,Juan Alberto García,false,https://es.wikipedia.org/wiki/Campeonato_de_Primera_Nacional_2026,
2026-07-05,16:00,Ferrocarril Midland,Gimnasia y Esgrima (J),1,1,,,Primera Nacional,2026,zonas,Zona B,Fecha 19,Ciudad de Libertad,false,https://es.wikipedia.org/wiki/Campeonato_de_Primera_Nacional_2026,
2026-07-05,16:00,Gimnasia y Esgrima (C),El Linqueño,1,0,,,Torneo Federal A,2026,zonas,Zona 1,Fecha 16,José María Paz,false,https://es.wikipedia.org/wiki/Torneo_Federal_A_2026,
2026-07-05,16:00,Mitre (SdE),All Boys,1,1,,,Primera Nacional,2026,zonas,Zona A,Fecha 19,Doctores José y Antonio Castiglione,false,https://es.wikipedia.org/wiki/Campeonato_de_Primera_Nacional_2026,
2026-07-05,16:00,San Martín (F),Juventud Antoniana,0,0,,,Torneo Federal A,2026,zonas,Zona 2,Fecha 16,17 de Octubre,false,https://es.wikipedia.org/wiki/Torneo_Federal_A_2026,
2026-07-05,16:00,San Martín (SJ),Chacarita Juniors,0,1,,,Primera Nacional,2026,zonas,Zona B,Fecha 19,Ingeniero Hilario Sánchez,false,https://es.wikipedia.org/wiki/Campeonato_de_Primera_Nacional_2026,
2026-07-05,16:00,San Martín (SM),Deportivo Rincón,1,0,,,Torneo Federal A,2026,zonas,Zona 3,Fecha 16,Libertador General San Martín,false,https://es.wikipedia.org/wiki/Torneo_Federal_A_2026,
2026-07-05,16:00,Sportivo Belgrano,Independiente (C),1,1,,,Torneo Federal A,2026,zonas,Zona 1,Fecha 16,Juan Pablo Francia,false,https://es.wikipedia.org/wiki/Torneo_Federal_A_2026,
2026-07-05,16:00,Tucumán Central,Sol de América (F),0,1,,,Torneo Federal A,2026,zonas,Zona 2,Fecha 16,Luis Hayward,false,https://es.wikipedia.org/wiki/Torneo_Federal_A_2026,
2026-07-05,16:30,Central Norte (S),San Miguel,1,1,,,Primera Nacional,2026,zonas,Zona A,Fecha 19,Padre Ernesto Martearena,false,https://es.wikipedia.org/wiki/Campeonato_de_Primera_Nacional_2026,
2026-07-05,16:30,Deportivo Maipú,Agropecuario,2,0,,,Primera Nacional,2026,zonas,Zona B,Fecha 19,Omar Higinio Sperdutti,false,https://es.wikipedia.org/wiki/Campeonato_de_Primera_Nacional_2026,
2026-07-06,15:00,Centro Español,Mercedes,0,3,,,Primera C,2026,zonas,Zona A,Fecha 18,Carlos Sacaan,false,https://es.wikipedia.org/wiki/Campeonato_de_Primera_C_2026_(Argentina),
2026-07-06,15:00,Muñiz,Deportivo Español,1,1,,,Primera C,2026,zonas,Zona B,Fecha 18,Ricardo Puga,false,https://es.wikipedia.org/wiki/Campeonato_de_Primera_C_2026_(Argentina),
2026-07-06,15:00,Sportivo Barracas,Yupanqui,2,3,,,Primera C,2026,zonas,Zona B,Fecha 18,Tres de Febrero,false,https://es.wikipedia.org/wiki/Campeonato_de_Primera_C_2026_(Argentina),
2026-07-10,13:00,Real Pilar,Deportivo Camioneros,2,1,,,Primera B,2026,zonas,,Fecha 24,Carlos Barraza,false,https://es.wikipedia.org/wiki/Campeonato_de_Primera_B_2026_(Argentina),
2026-07-10,13:00,Villa San Carlos,San Martín (B),0,0,,,Primera B,2026,zonas,,Fecha 24,Genacio Sálice,false,https://es.wikipedia.org/wiki/Campeonato_de_Primera_B_2026_(Argentina),
2026-07-10,14:00,Arsenal,Defensores Unidos,3,1,,,Primera B,2026,zonas,,Fecha 24,Julio Humberto Grondona,false,https://es.wikipedia.org/wiki/Campeonato_de_Primera_B_2026_(Argentina),
2026-07-10,14:00,Deportivo Laferrere,Deportivo Armenio,1,1,,,Primera B,2026,zonas,,Fecha 24,Ciudad de Laferrere,false,https://es.wikipedia.org/wiki/Campeonato_de_Primera_B_2026_(Argentina),
2026-07-10,15:00,Argentino de Merlo,Argentino de Quilmes,3,0,,,Primera B,2026,zonas,,Fecha 24,Juan Carlos Brieva,false,https://es.wikipedia.org/wiki/Campeonato_de_Primera_B_2026_(Argentina),
2026-07-10,15:00,Brown de Adrogué,Ituzaingó,0,0,,,Primera B,2026,zonas,,Fecha 24,Lorenzo Arandilla,false,https://es.wikipedia.org/wiki/Campeonato_de_Primera_B_2026_(Argentina),
2026-07-10,15:00,Excursionistas,Comunicaciones,1,2,,,Primera B,2026,zonas,,Fecha 24,Excursionistas,false,https://es.wikipedia.org/wiki/Campeonato_de_Primera_B_2026_(Argentina),
2026-07-10,15:00,Liniers,Sportivo Italiano,0,1,,,Primera B,2026,zonas,,Fecha 24,Juan Antonio Arias,false,https://es.wikipedia.org/wiki/Campeonato_de_Primera_B_2026_(Argentina),
2026-07-10,15:00,Talleres (RdE),Flandria,1,1,,,Primera B,2026,zonas,,Fecha 24,Pablo Comelli,false,https://es.wikipedia.org/wiki/Campeonato_de_Primera_B_2026_(Argentina),
2026-07-10,15:00,UAI Urquiza,Deportivo Merlo,0,0,,,Primera B,2026,zonas,,Fecha 24,Monumental de Villa Lynch,false,https://es.wikipedia.org/wiki/Campeonato_de_Primera_B_2026_(Argentina),
2026-07-10,15:00,Villa Dálmine,Dock Sud,2,1,,,Primera B,2026,zonas,,Fecha 24,El Coliseo de Mitre y Puccini,false,https://es.wikipedia.org/wiki/Campeonato_de_Primera_B_2026_(Argentina),
2026-07-11,13:00,Deportivo Español,Cañuelas,0,1,,,Primera C,2026,zonas,Zona B,Fecha 19,Nueva España,false,https://es.wikipedia.org/wiki/Campeonato_de_Primera_C_2026_(Argentina),
2026-07-11,14:00,Central Córdoba (R),Atlas,0,1,,,Primera C,2026,zonas,Zona B,Fecha 19,Gabino Sosa,false,https://es.wikipedia.org/wiki/Campeonato_de_Primera_C_2026_(Argentina),
2026-07-11,14:00,Deportivo Paraguayo,Berazategui,0,1,,,Primera C,2026,zonas,Zona A,Fecha 19,Deportivo Paraguayo,false,https://es.wikipedia.org/wiki/Campeonato_de_Primera_C_2026_(Argentina),
2026-07-11,15:00,All Boys,Almirante Brown,1,1,,,Primera Nacional,2026,zonas,Zona A,Fecha 20,Islas Malvinas,false,https://es.wikipedia.org/wiki/Campeonato_de_Primera_Nacional_2026,
2026-07-11,15:00,Atlético de Rafaela,Deportivo Maipú,1,3,,,Primera Nacional,2026,zonas,Zona B,Fecha 20,Nuevo Monumental,false,https://es.wikipedia.org/wiki/Campeonato_de_Primera_Nacional_2026,
2026-07-11,15:00,Defensores de Cambaceres,Sacachispas,0,2,,,Primera C,2026,zonas,Zona A,Fecha 19,12 de Octubre,false,https://es.wikipedia.org/wiki/Campeonato_de_Primera_C_2026_(Argentina),
2026-07-11,15:00,Deportivo Morón,Deportivo Madryn,2,2,,,Primera Nacional,2026,zonas,Zona A,Fecha 20,Nuevo Francisco Urbano,false,https://es.wikipedia.org/wiki/Campeonato_de_Primera_Nacional_2026,
2026-07-11,15:00,El Porvenir,Luján,0,0,,,Primera C,2026,zonas,Zona B,Fecha 19,Gildo Francisco Ghersinich,false,https://es.wikipedia.org/wiki/Campeonato_de_Primera_C_2026_(Argentina),
2026-07-11,15:00,Estudiantes (BA),Mitre (SdE),3,0,,,Primera Nacional,2026,zonas,Zona A,Fecha 20,Ciudad de Caseros,false,https://es.wikipedia.org/wiki/Campeonato_de_Primera_Nacional_2026,
2026-07-11,15:00,Juventud Unida Universitario,Cipolletti,0,1,,,Torneo Federal A,2026,zonas,Zona 3,Fecha 17,Mario Sebastián Diez,false,https://es.wikipedia.org/wiki/Torneo_Federal_A_2026,
2026-07-11,15:00,Los Andes,Ciudad de Bolívar,3,1,,,Primera Nacional,2026,zonas,Zona A,Fecha 20,Eduardo Gallardón,false,https://es.wikipedia.org/wiki/Campeonato_de_Primera_Nacional_2026,
2026-07-11,15:00,San Miguel,Ferro Carril Oeste,0,1,,,Primera Nacional,2026,zonas,Zona A,Fecha 20,Malvinas Argentinas,false,https://es.wikipedia.org/wiki/Campeonato_de_Primera_Nacional_2026,
2026-07-11,15:00,San Telmo,Chaco For Ever,1,3,,,Primera Nacional,2026,zonas,Zona A,Fecha 20,Doctor Osvaldo Baletto,false,https://es.wikipedia.org/wiki/Campeonato_de_Primera_Nacional_2026,
2026-07-11,15:00,Tristán Suárez,Nueva Chicago,1,0,,,Primera Nacional,2026,zonas,Zona B,Fecha 20,20 de Octubre,false,https://es.wikipedia.org/wiki/Campeonato_de_Primera_Nacional_2026,
2026-07-11,15:00,Yupanqui,Muñiz,0,1,,,Primera C,2026,zonas,Zona B,Fecha 19,Ciudad Evita,false,https://es.wikipedia.org/wiki/Campeonato_de_Primera_C_2026_(Argentina),
2026-07-11,15:30,Atlético Escobar,Douglas Haig,2,1,,,Torneo Federal A,2026,zonas,Zona 1,Fecha 17,Armenia,false,https://es.wikipedia.org/wiki/Torneo_Federal_A_2026,
2026-07-11,15:30,Ramón Santamarina,Alvarado,0,0,,,Torneo Federal A,2026,zonas,Zona 4,Fecha 17,Municipal General San Martín,false,https://es.wikipedia.org/wiki/Torneo_Federal_A_2026,
2026-07-12,,Independiente Rivadavia,Tigre,1,0,,,Copa Argentina,2026,eliminacion,,Dieciseisavos,Julio César Villagra,true,https://es.wikipedia.org/wiki/Copa_Argentina_2026,
2026-07-12,11:30,FADEP,San Martín (SM),0,0,,,Torneo Federal A,2026,zonas,Zona 3,Fecha 17,Predio Social y Deportivo FADEP,false,https://es.wikipedia.org/wiki/Torneo_Federal_A_2026,
2026-07-12,13:00,Central Ballester,General Lamadrid,3,0,,,Primera C,2026,zonas,Zona B,Fecha 19,Predio Cacique,false,https://es.wikipedia.org/wiki/Campeonato_de_Primera_C_2026_(Argentina),
2026-07-12,13:00,Sportivo Las Parejas,Sportivo Belgrano,0,0,,,Torneo Federal A,2026,zonas,Zona 1,Fecha 17,4 de Septiembre,false,https://es.wikipedia.org/wiki/Torneo_Federal_A_2026,
2026-07-12,14:00,J. J. de Urquiza,Centro Español,0,0,,,Primera C,2026,zonas,Zona A,Fecha 19,Ramón Roque Martín,false,https://es.wikipedia.org/wiki/Campeonato_de_Primera_C_2026_(Argentina),
2026-07-12,14:00,Juventud Unida,Lugano,0,0,,,Primera C,2026,zonas,Zona A,Fecha 19,Ciudad de San Miguel,false,https://es.wikipedia.org/wiki/Campeonato_de_Primera_C_2026_(Argentina),
2026-07-12,15:00,Círculo Deportivo,Sol de Mayo (V),3,1,,,Torneo Federal A,2026,zonas,Zona 4,Fecha 17,Guillermo Trama,false,https://es.wikipedia.org/wiki/Torneo_Federal_A_2026,
2026-07-12,15:00,El Linqueño,Independiente (C),2,1,,,Torneo Federal A,2026,zonas,Zona 1,Fecha 17,Leonardo Costa,false,https://es.wikipedia.org/wiki/Torneo_Federal_A_2026,
2026-07-12,15:00,Gimnasia y Esgrima (J),Chacarita Juniors,1,1,,,Primera Nacional,2026,zonas,Zona B,Fecha 20,23 de Agosto,false,https://es.wikipedia.org/wiki/Campeonato_de_Primera_Nacional_2026,
2026-07-12,15:00,Leandro N. Alem,Argentino de Rosario,2,0,,,Primera C,2026,zonas,Zona A,Fecha 19,Leandro N. Alem,false,https://es.wikipedia.org/wiki/Campeonato_de_Primera_C_2026_(Argentina),
2026-07-12,15:00,Puerto Nuevo,Estrella del Sur,1,0,,,Primera C,2026,zonas,Zona A,Fecha 19,Rubén Carlos Vallejos,false,https://es.wikipedia.org/wiki/Campeonato_de_Primera_C_2026_(Argentina),
2026-07-12,15:00,Sol de América (F),Boca Unidos,3,2,,,Torneo Federal A,2026,zonas,Zona 2,Fecha 17,Sol de América,false,https://es.wikipedia.org/wiki/Torneo_Federal_A_2026,
2026-07-12,15:00,Villa Mitre,Guillermo Brown,3,0,,,Torneo Federal A,2026,zonas,Zona 4,Fecha 17,El Fortín (BB),false,https://es.wikipedia.org/wiki/Torneo_Federal_A_2026,
2026-07-12,15:30,Colón,Central Norte (S),4,0,,,Primera Nacional,2026,zonas,Zona A,Fecha 20,Brigadier General Estanislao López,false,https://es.wikipedia.org/wiki/Campeonato_de_Primera_Nacional_2026,
2026-07-12,15:30,Deportivo Rincón,Huracán Las Heras,0,1,,,Torneo Federal A,2026,zonas,Zona 3,Fecha 17,Elías Moisés Gómez,false,https://es.wikipedia.org/wiki/Torneo_Federal_A_2026,
2026-07-12,15:30,Juventud Antoniana,Tucumán Central,3,1,,,Torneo Federal A,2026,zonas,Zona 2,Fecha 17,Fray Honorato Pistoia,false,https://es.wikipedia.org/wiki/Torneo_Federal_A_2026,
2026-07-12,15:30,Mercedes,Victoriano Arenas,1,1,,,Primera C,2026,zonas,Zona A,Fecha 19,Liga Mercedina,false,https://es.wikipedia.org/wiki/Campeonato_de_Primera_C_2026_(Argentina),
2026-07-12,15:45,Argentino (MM),Atenas (RC),0,0,,,Torneo Federal A,2026,zonas,Zona 3,Fecha 17,Modesto Marrone,false,https://es.wikipedia.org/wiki/Torneo_Federal_A_2026,
2026-07-12,16:00,Agropecuario,Temperley,0,0,,,Primera Nacional,2026,zonas,Zona B,Fecha 20,Ofelia Rosenzuaig,false,https://es.wikipedia.org/wiki/Campeonato_de_Primera_Nacional_2026,
2026-07-12,16:00,Bartolomé Mitre (P),Defensores de Vilelas,1,0,,,Torneo Federal A,2026,zonas,Zona 2,Fecha 17,Ernesto Cucchiaroni,false,https://es.wikipedia.org/wiki/Torneo_Federal_A_2026,
2026-07-12,16:00,Ferrocarril Midland,Quilmes,1,0,,,Primera Nacional,2026,zonas,Zona B,Fecha 20,Ciudad de Libertad,false,https://es.wikipedia.org/wiki/Campeonato_de_Primera_Nacional_2026,
2026-07-12,16:00,Germinal,Olimpo,0,1,,,Torneo Federal A,2026,zonas,Zona 4,Fecha 17,El Fortín (R),false,https://es.wikipedia.org/wiki/Torneo_Federal_A_2026,
2026-07-12,16:00,Güemes (SdE),San Martín (SJ),0,2,,,Primera Nacional,2026,zonas,Zona B,Fecha 20,Arturo Miranda,false,https://es.wikipedia.org/wiki/Campeonato_de_Primera_Nacional_2026,
2026-07-12,16:00,Racing (C),Acassuso,3,2,,,Primera Nacional,2026,zonas,Zona A,Fecha 20,Miguel Sancho,false,https://es.wikipedia.org/wiki/Campeonato_de_Primera_Nacional_2026,
2026-07-12,16:00,Sarmiento (LB),San Martín (F),2,0,,,Torneo Federal A,2026,zonas,Zona 2,Fecha 17,Ciudad de La Banda,false,https://es.wikipedia.org/wiki/Torneo_Federal_A_2026,
2026-07-12,16:30,Godoy Cruz,Defensores de Belgrano,1,0,,,Primera Nacional,2026,zonas,Zona A,Fecha 20,Feliciano Gambarte,false,https://es.wikipedia.org/wiki/Campeonato_de_Primera_Nacional_2026,
2026-07-12,17:00,Gimnasia y Esgrima (C),Gimnasia y Esgrima (CdU),0,0,,,Torneo Federal A,2026,zonas,Zona 1,Fecha 17,José María Paz,false,https://es.wikipedia.org/wiki/Torneo_Federal_A_2026,
2026-07-12,17:00,Gimnasia y Tiro (S),Patronato,1,1,,,Primera Nacional,2026,zonas,Zona B,Fecha 20,Gigante del Norte,false,https://es.wikipedia.org/wiki/Campeonato_de_Primera_Nacional_2026,
2026-07-12,18:00,San Martín (T),Almagro,3,0,,,Primera Nacional,2026,zonas,Zona B,Fecha 20,La Ciudadela,false,https://es.wikipedia.org/wiki/Campeonato_de_Primera_Nacional_2026,
2026-07-13,15:00,Claypole,Leones de Rosario,1,1,,,Primera C,2026,zonas,Zona B,Fecha 19,Rodolfo Capocasa,false,https://es.wikipedia.org/wiki/Campeonato_de_Primera_C_2026_(Argentina),
2026-07-13,15:00,Fénix,Sportivo Barracas,2,1,,,Primera C,2026,zonas,Zona B,Fecha 19,Ciudad de Libertad,false,https://es.wikipedia.org/wiki/Campeonato_de_Primera_C_2026_(Argentina),
2026-07-13,18:30,9 de Julio (R),Defensores de Belgrano (VR),1,2,,,Torneo Federal A,2026,zonas,Zona 1,Fecha 17,Germán Solterman,false,https://es.wikipedia.org/wiki/Torneo_Federal_A_2026,
2026-07-13,21:00,Atlanta,Colegiales,1,0,,,Primera Nacional,2026,zonas,Zona B,Fecha 20,Don León Kolbovski,false,https://es.wikipedia.org/wiki/Campeonato_de_Primera_Nacional_2026,
2026-07-14,15:00,Argentino de Quilmes,Arsenal,1,0,,,Primera B,2026,zonas,,Fecha 25,Argentino de Quilmes,false,https://es.wikipedia.org/wiki/Campeonato_de_Primera_B_2026_(Argentina),
2026-07-14,15:00,Defensores Unidos,Excursionistas,0,2,,,Primera B,2026,zonas,,Fecha 25,Mario Losinno,false,https://es.wikipedia.org/wiki/Campeonato_de_Primera_B_2026_(Argentina),
2026-07-14,15:00,Deportivo Camioneros,Liniers,1,0,,,Primera B,2026,zonas,,Fecha 25,Hugo Moyano,false,https://es.wikipedia.org/wiki/Campeonato_de_Primera_B_2026_(Argentina),
2026-07-14,15:00,Dock Sud,UAI Urquiza,0,0,,,Primera B,2026,zonas,,Fecha 25,De los Inmigrantes,false,https://es.wikipedia.org/wiki/Campeonato_de_Primera_B_2026_(Argentina),
2026-07-14,15:00,Flandria,Argentino de Merlo,1,0,,,Primera B,2026,zonas,,Fecha 25,Carlos V,false,https://es.wikipedia.org/wiki/Campeonato_de_Primera_B_2026_(Argentina),
2026-07-14,15:00,Sportivo Italiano,Villa San Carlos,1,0,,,Primera B,2026,zonas,,Fecha 25,República de Italia,false,https://es.wikipedia.org/wiki/Campeonato_de_Primera_B_2026_(Argentina),
2026-07-14,15:30,Deportivo Armenio,Talleres (RdE),2,1,,,Primera B,2026,zonas,,Fecha 25,Armenia,false,https://es.wikipedia.org/wiki/Campeonato_de_Primera_B_2026_(Argentina),
2026-07-14,19:00,Brown de Adrogué,Deportivo Laferrere,0,1,,,Primera B,2026,zonas,,Fecha 25,Lorenzo Arandilla,false,https://es.wikipedia.org/wiki/Campeonato_de_Primera_B_2026_(Argentina),
2026-07-14,19:00,Comunicaciones,Villa Dálmine,0,0,,,Primera B,2026,zonas,,Fecha 25,Alfredo Ramos,false,https://es.wikipedia.org/wiki/Campeonato_de_Primera_B_2026_(Argentina),
2026-07-14,19:00,Deportivo Merlo,Real Pilar,3,2,,,Primera B,2026,zonas,,Fecha 25,José Manuel Moreno,false,https://es.wikipedia.org/wiki/Campeonato_de_Primera_B_2026_(Argentina),
2026-07-14,19:00,Ituzaingó,San Martín (B),1,2,,,Primera B,2026,zonas,,Fecha 25,Carlos Sacaan,false,https://es.wikipedia.org/wiki/Campeonato_de_Primera_B_2026_(Argentina),
2026-07-16,,Racing Club,Defensa y Justicia,4,1,,,Copa Argentina,2026,eliminacion,,Dieciseisavos,Centenario Ciudad de Quilmes,true,https://es.wikipedia.org/wiki/Copa_Argentina_2026,
2026-07-16,,Sarmiento (J),Boca Juniors,0,2,,,Copa Argentina,2026,eliminacion,,Dieciseisavos,Marcelo Bielsa,true,https://es.wikipedia.org/wiki/Copa_Argentina_2026,
2026-07-17,,River Plate,Aldosivi,1,3,,,Copa Argentina,2026,eliminacion,,Dieciseisavos,Padre Ernesto Martearena,true,https://es.wikipedia.org/wiki/Copa_Argentina_2026,
2026-07-17,,San Lorenzo,Deportivo Riestra,1,1,4,5,Copa Argentina,2026,eliminacion,,Dieciseisavos,Nuevo Francisco Urbano,true,https://es.wikipedia.org/wiki/Copa_Argentina_2026,
2026-07-17,15:00,Almirante Brown,Estudiantes (BA),0,0,,,Primera Nacional,2026,zonas,Zona A,Fecha 21,Fragata Presidente Sarmiento,false,https://es.wikipedia.org/wiki/Campeonato_de_Primera_Nacional_2026,
2026-07-17,15:00,Defensores de Cambaceres,General Lamadrid,0,0,,,Primera C,2026,zonas,Interzonal,Fecha 20,12 de Octubre,false,https://es.wikipedia.org/wiki/Campeonato_de_Primera_C_2026_(Argentina),
2026-07-17,15:00,Deportivo Español,Victoriano Arenas,1,0,,,Primera C,2026,zonas,Interzonal,Fecha 20,Nueva España,false,https://es.wikipedia.org/wiki/Campeonato_de_Primera_C_2026_(Argentina),
2026-07-17,15:00,Deportivo Maipú,San Martín (T),0,0,,,Primera Nacional,2026,zonas,Zona B,Fecha 21,Omar Higinio Sperdutti,false,https://es.wikipedia.org/wiki/Campeonato_de_Primera_Nacional_2026,
2026-07-17,15:00,Lugano,Sportivo Barracas,3,2,,,Primera C,2026,zonas,Interzonal,Fecha 20,José María Moraños,false,https://es.wikipedia.org/wiki/Campeonato_de_Primera_C_2026_(Argentina),
2026-07-17,15:00,Puerto Nuevo,Fénix,0,1,,,Primera C,2026,zonas,Interzonal,Fecha 20,Rubén Carlos Vallejos,false,https://es.wikipedia.org/wiki/Campeonato_de_Primera_C_2026_(Argentina),
2026-07-17,15:00,Yupanqui,Argentino de Rosario,1,1,,,Primera C,2026,zonas,Interzonal,Fecha 20,Ciudad Evita,false,https://es.wikipedia.org/wiki/Campeonato_de_Primera_C_2026_(Argentina),
2026-07-17,16:00,Mitre (SdE),Racing (C),1,0,,,Primera Nacional,2026,zonas,Zona A,Fecha 21,Doctores José y Antonio Castiglione,false,https://es.wikipedia.org/wiki/Campeonato_de_Primera_Nacional_2026,
2026-07-17,18:00,Nueva Chicago,Agropecuario,1,1,,,Primera Nacional,2026,zonas,Zona B,Fecha 21,Nueva Chicago,false,https://es.wikipedia.org/wiki/Campeonato_de_Primera_Nacional_2026,
2026-07-17,19:30,Ferro Carril Oeste,Colón,2,0,,,Primera Nacional,2026,zonas,Zona A,Fecha 21,Arquitecto Ricardo Etcheverri,false,https://es.wikipedia.org/wiki/Campeonato_de_Primera_Nacional_2026,
2026-07-17,20:00,Ciudad de Bolívar,All Boys,0,0,,,Primera Nacional,2026,zonas,Zona A,Fecha 21,Municipal Eva Perón,false,https://es.wikipedia.org/wiki/Campeonato_de_Primera_Nacional_2026,
2026-07-17,20:30,Temperley,Atlético de Rafaela,2,0,,,Primera Nacional,2026,zonas,Zona B,Fecha 21,Alfredo Beranger,false,https://es.wikipedia.org/wiki/Campeonato_de_Primera_Nacional_2026,
2026-07-18,13:00,Villa San Carlos,Deportivo Camioneros,0,2,,,Primera B,2026,zonas,,Fecha 26,Genacio Sálice,false,https://es.wikipedia.org/wiki/Campeonato_de_Primera_B_2026_(Argentina),
2026-07-18,15:00,Argentino de Merlo,Deportivo Armenio,2,2,,,Primera B,2026,zonas,,Fecha 26,Juan Carlos Brieva,false,https://es.wikipedia.org/wiki/Campeonato_de_Primera_B_2026_(Argentina),
2026-07-18,15:00,Arsenal,Flandria,1,0,,,Primera B,2026,zonas,,Fecha 26,Julio Humberto Grondona,false,https://es.wikipedia.org/wiki/Campeonato_de_Primera_B_2026_(Argentina),
2026-07-18,15:00,Cañuelas,Leandro N. Alem,1,0,,,Primera C,2026,zonas,Interzonal,Fecha 20,Jorge Arin,false,https://es.wikipedia.org/wiki/Campeonato_de_Primera_C_2026_(Argentina),
2026-07-18,15:00,Deportivo Laferrere,Ituzaingó,2,0,,,Primera B,2026,zonas,,Fecha 26,Ciudad de Laferrere,false,https://es.wikipedia.org/wiki/Campeonato_de_Primera_B_2026_(Argentina),
2026-07-18,15:00,Excursionistas,Argentino de Quilmes,0,0,,,Primera B,2026,zonas,,Fecha 26,Excursionistas,false,https://es.wikipedia.org/wiki/Campeonato_de_Primera_B_2026_(Argentina),
2026-07-18,15:00,J. J. de Urquiza,Muñiz,3,0,,,Primera C,2026,zonas,Interzonal,Fecha 20,Ramón Roque Martín,false,https://es.wikipedia.org/wiki/Campeonato_de_Primera_C_2026_(Argentina),
2026-07-18,15:00,Liniers,Deportivo Merlo,1,1,,,Primera B,2026,zonas,,Fecha 26,Juan Antonio Arias,false,https://es.wikipedia.org/wiki/Campeonato_de_Primera_B_2026_(Argentina),
2026-07-18,15:00,Mercedes,El Porvenir,2,0,,,Primera C,2026,zonas,Interzonal,Fecha 20,Liga Mercedina,false,https://es.wikipedia.org/wiki/Campeonato_de_Primera_C_2026_(Argentina),
2026-07-18,15:00,Real Pilar,Dock Sud,0,1,,,Primera B,2026,zonas,,Fecha 26,Carlos Barraza,false,https://es.wikipedia.org/wiki/Campeonato_de_Primera_B_2026_(Argentina),
2026-07-18,15:00,San Martín (B),Sportivo Italiano,1,2,,,Primera B,2026,zonas,,Fecha 26,Francisco Boga,false,https://es.wikipedia.org/wiki/Campeonato_de_Primera_B_2026_(Argentina),
2026-07-18,15:00,Talleres (RdE),Brown de Adrogué,1,0,,,Primera B,2026,zonas,,Fecha 26,Pablo Comelli,false,https://es.wikipedia.org/wiki/Campeonato_de_Primera_B_2026_(Argentina),
2026-07-18,15:00,UAI Urquiza,Comunicaciones,0,2,,,Primera B,2026,zonas,,Fecha 26,Monumental de Villa Lynch,false,https://es.wikipedia.org/wiki/Campeonato_de_Primera_B_2026_(Argentina),
2026-07-18,15:00,Villa Dálmine,Defensores Unidos,0,0,,,Primera B,2026,zonas,,Fecha 26,El Coliseo de Mitre y Puccini,false,https://es.wikipedia.org/wiki/Campeonato_de_Primera_B_2026_(Argentina),
2026-07-23,15:00,Argentino de Rosario,Puerto Nuevo,0,0,,,Primera C,2026,zonas,Zona A,Fecha 21,José Martín Olaeta,false,https://es.wikipedia.org/wiki/Campeonato_de_Primera_C_2026_(Argentina),
2026-07-23,19:30,Belgrano,Rosario Central,2,1,,,Primera Division - Clausura,2026,zonas,Zona B,Fecha 1,Gigante de Alberdi,false,https://es.wikipedia.org/wiki/Anexo:Torneo_Clausura_2026_(Argentina),
2026-07-23,19:30,Sarmiento (J),Argentinos Juniors,2,3,,,Primera Division - Clausura,2026,zonas,Zona B,Fecha 1,Eva Perón,false,https://es.wikipedia.org/wiki/Anexo:Torneo_Clausura_2026_(Argentina),
2026-07-23,21:45,Defensa y Justicia,Aldosivi,1,1,,,Primera Division - Clausura,2026,zonas,Interzonal,Fecha 1,Norberto Tomaghello,false,https://es.wikipedia.org/wiki/Anexo:Torneo_Clausura_2026_(Argentina),
2026-07-24,15:00,Kimberley,Círculo Deportivo,1,1,,,Torneo Federal A,2026,zonas,Zona 4,Fecha 18,José Alberto Valle,false,https://es.wikipedia.org/wiki/Torneo_Federal_A_2026,
2026-07-24,16:45,Gimnasia y Esgrima (M),Central Córdoba (SdE),1,0,,,Primera Division - Clausura,2026,zonas,Zona A,Fecha 1,Víctor Antonio Legrotaglie,false,https://es.wikipedia.org/wiki/Anexo:Torneo_Clausura_2026_(Argentina),
2026-07-24,19:00,Racing Club,Gimnasia y Esgrima (LP),2,1,,,Primera Division - Clausura,2026,zonas,Zona B,Fecha 1,El Cilindro,false,https://es.wikipedia.org/wiki/Anexo:Torneo_Clausura_2026_(Argentina),
2026-07-24,19:00,Vélez Sarsfield,Instituto,1,0,,,Primera Division - Clausura,2026,zonas,Zona A,Fecha 1,José Amalfitani,false,https://es.wikipedia.org/wiki/Anexo:Torneo_Clausura_2026_(Argentina),
2026-07-24,20:35,Sportivo Belgrano,Atlético Escobar,2,2,,,Torneo Federal A,2026,zonas,Zona 1,Fecha 18,Juan Pablo Francia,false,https://es.wikipedia.org/wiki/Torneo_Federal_A_2026,
2026-07-24,21:15,Huracán,Banfield,1,0,,,Primera Division - Clausura,2026,zonas,Zona B,Fecha 1,Tomás Adolfo Ducó,false,https://es.wikipedia.org/wiki/Anexo:Torneo_Clausura_2026_(Argentina),
2026-07-24,21:15,Platense,Unión,2,2,,,Primera Division - Clausura,2026,zonas,Zona A,Fecha 1,Ciudad de Vicente López,false,https://es.wikipedia.org/wiki/Anexo:Torneo_Clausura_2026_(Argentina),
2026-07-25,13:00,Berazategui,Mercedes,0,1,,,Primera C,2026,zonas,Zona A,Fecha 21,Norman Lee,false,https://es.wikipedia.org/wiki/Campeonato_de_Primera_C_2026_(Argentina),
2026-07-25,13:00,Dock Sud,Liniers,1,1,,,Primera B,2026,zonas,,Fecha 27,De los Inmigrantes,false,https://es.wikipedia.org/wiki/Campeonato_de_Primera_B_2026_(Argentina),
2026-07-25,14:00,Ituzaingó,Sportivo Italiano,0,0,,,Primera B,2026,zonas,,Fecha 27,Carlos Sacaan,false,https://es.wikipedia.org/wiki/Campeonato_de_Primera_B_2026_(Argentina),
2026-07-25,14:45,Estudiantes (RC),Tigre,1,0,,,Primera Division - Clausura,2026,zonas,Zona B,Fecha 1,Antonio Candini,false,https://es.wikipedia.org/wiki/Anexo:Torneo_Clausura_2026_(Argentina),
2026-07-25,15:00,Argentino de Quilmes,Villa Dálmine,0,0,,,Primera B,2026,zonas,,Fecha 27,Argentino de Quilmes,false,https://es.wikipedia.org/wiki/Campeonato_de_Primera_B_2026_(Argentina),
2026-07-25,15:00,Atlas,Deportivo Español,0,1,,,Primera C,2026,zonas,Zona B,Fecha 21,Ricardo Puga,false,https://es.wikipedia.org/wiki/Campeonato_de_Primera_C_2026_(Argentina),
2026-07-25,15:00,Brown de Adrogué,Argentino de Merlo,1,0,,,Primera B,2026,zonas,,Fecha 27,Lorenzo Arandilla,false,https://es.wikipedia.org/wiki/Campeonato_de_Primera_B_2026_(Argentina),
2026-07-25,15:00,Cañuelas,Muñiz,0,1,,,Primera C,2026,zonas,Zona B,Fecha 21,Jorge Arin,false,https://es.wikipedia.org/wiki/Campeonato_de_Primera_C_2026_(Argentina),
2026-07-25,15:00,Comunicaciones,Real Pilar,1,2,,,Primera B,2026,zonas,,Fecha 27,Alfredo Ramos,false,https://es.wikipedia.org/wiki/Campeonato_de_Primera_B_2026_(Argentina),
2026-07-25,15:00,Defensores Unidos,UAI Urquiza,1,1,,,Primera B,2026,zonas,,Fecha 27,Mario Losinno,false,https://es.wikipedia.org/wiki/Campeonato_de_Primera_B_2026_(Argentina),
2026-07-25,15:00,Defensores de Belgrano (VR),Gimnasia y Esgrima (C),2,2,,,Torneo Federal A,2026,zonas,Zona 1,Fecha 18,Salomón Boeseldín,false,https://es.wikipedia.org/wiki/Torneo_Federal_A_2026,
2026-07-25,15:00,Deportivo Camioneros,San Martín (B),2,0,,,Primera B,2026,zonas,,Fecha 27,Hugo Moyano,false,https://es.wikipedia.org/wiki/Campeonato_de_Primera_B_2026_(Argentina),
2026-07-25,15:00,Estrella del Sur,Deportivo Paraguayo,1,0,,,Primera C,2026,zonas,Zona A,Fecha 21,Ciudad de San Vicente,false,https://es.wikipedia.org/wiki/Campeonato_de_Primera_C_2026_(Argentina),
2026-07-25,15:00,Estudiantes (BA),Ciudad de Bolívar,1,2,,,Primera Nacional,2026,zonas,Zona A,Fecha 22,Ciudad de Caseros,false,https://es.wikipedia.org/wiki/Campeonato_de_Primera_Nacional_2026,
2026-07-25,15:00,Flandria,Excursionistas,1,1,,,Primera B,2026,zonas,,Fecha 27,Carlos V,false,https://es.wikipedia.org/wiki/Campeonato_de_Primera_B_2026_(Argentina),
2026-07-25,15:00,Leones de Rosario,Central Córdoba (R),0,2,,,Primera C,2026,zonas,Zona B,Fecha 21,Antonio Di Giacomo,false,https://es.wikipedia.org/wiki/Campeonato_de_Primera_C_2026_(Argentina),
2026-07-25,15:00,Lugano,Centro Español,1,0,,,Primera C,2026,zonas,Zona A,Fecha 21,José María Moraños,false,https://es.wikipedia.org/wiki/Campeonato_de_Primera_C_2026_(Argentina),
2026-07-25,15:00,Tristán Suárez,Chacarita Juniors,1,0,,,Primera Nacional,2026,zonas,Zona B,Fecha 22,20 de Octubre,false,https://es.wikipedia.org/wiki/Campeonato_de_Primera_Nacional_2026,
2026-07-25,15:00,Victoriano Arenas,J. J. de Urquiza,0,0,,,Primera C,2026,zonas,Zona A,Fecha 21,Saturnino Moure,false,https://es.wikipedia.org/wiki/Campeonato_de_Primera_C_2026_(Argentina),
2026-07-25,15:30,Costa Brava,Deportivo Rincón,0,1,,,Torneo Federal A,2026,zonas,Zona 3,Fecha 18,Nuevo Pacaembú,false,https://es.wikipedia.org/wiki/Torneo_Federal_A_2026,
2026-07-25,15:30,Deportivo Armenio,Arsenal,0,0,,,Primera B,2026,zonas,,Fecha 27,Armenia,false,https://es.wikipedia.org/wiki/Campeonato_de_Primera_B_2026_(Argentina),
2026-07-25,16:00,Atlético de Rafaela,Nueva Chicago,1,0,,,Primera Nacional,2026,zonas,Zona B,Fecha 22,Nuevo Monumental,false,https://es.wikipedia.org/wiki/Campeonato_de_Primera_Nacional_2026,
2026-07-25,17:00,Newell's Old Boys,Talleres (C),1,0,,,Primera Division - Clausura,2026,zonas,Zona A,Fecha 1,Marcelo Bielsa,false,https://es.wikipedia.org/wiki/Anexo:Torneo_Clausura_2026_(Argentina),
2026-07-25,19:00,Deportivo Merlo,Villa San Carlos,1,2,,,Primera B,2026,zonas,,Fecha 27,José Manuel Moreno,false,https://es.wikipedia.org/wiki/Campeonato_de_Primera_B_2026_(Argentina),
2026-07-25,19:00,San Martín (T),Temperley,1,2,,,Primera Nacional,2026,zonas,Zona B,Fecha 22,La Ciudadela,false,https://es.wikipedia.org/wiki/Campeonato_de_Primera_Nacional_2026,
2026-07-25,19:15,River Plate,Barracas Central,0,1,,,Primera Division - Clausura,2026,zonas,Zona B,Fecha 1,Monumental,false,https://es.wikipedia.org/wiki/Anexo:Torneo_Clausura_2026_(Argentina),
2026-07-25,21:30,Lanús,San Lorenzo,1,0,,,Primera Division - Clausura,2026,zonas,Zona A,Fecha 1,Ciudad de Lanús,false,https://es.wikipedia.org/wiki/Anexo:Torneo_Clausura_2026_(Argentina),
2026-07-26,15:00,Agropecuario,San Martín (SJ),2,1,,,Primera Nacional,2026,zonas,Zona B,Fecha 22,Ofelia Rosenzuaig,false,https://es.wikipedia.org/wiki/Campeonato_de_Primera_Nacional_2026,
2026-07-26,15:00,All Boys,Defensores de Belgrano,0,0,,,Primera Nacional,2026,zonas,Zona A,Fecha 22,Islas Malvinas,false,https://es.wikipedia.org/wiki/Campeonato_de_Primera_Nacional_2026,
2026-07-26,15:00,Atenas (RC),Juventud Unida Universitario,0,0,,,Torneo Federal A,2026,zonas,Zona 3,Fecha 18,9 de Julio,false,https://es.wikipedia.org/wiki/Torneo_Federal_A_2026,
2026-07-26,15:00,Atlético Tucumán,Independiente Rivadavia,0,0,,,Primera Division - Clausura,2026,zonas,Zona B,Fecha 1,Monumental José Fierro,false,https://es.wikipedia.org/wiki/Anexo:Torneo_Clausura_2026_(Argentina),
2026-07-26,15:00,Boca Unidos,Juventud Antoniana,0,3,,,Torneo Federal A,2026,zonas,Zona 2,Fecha 18,Leoncio Benítez,false,https://es.wikipedia.org/wiki/Torneo_Federal_A_2026,
2026-07-26,15:00,Deportivo Laferrere,Talleres (RdE),0,2,,,Primera B,2026,zonas,,Fecha 27,Ciudad de Laferrere,false,https://es.wikipedia.org/wiki/Campeonato_de_Primera_B_2026_(Argentina),
2026-07-26,15:00,Deportivo Morón,Ferro Carril Oeste,4,0,,,Primera Nacional,2026,zonas,Zona A,Fecha 22,Nuevo Francisco Urbano,false,https://es.wikipedia.org/wiki/Campeonato_de_Primera_Nacional_2026,
2026-07-26,15:00,Douglas Haig,9 de Julio (R),2,1,,,Torneo Federal A,2026,zonas,Zona 1,Fecha 18,Miguel Morales,false,https://es.wikipedia.org/wiki/Torneo_Federal_A_2026,
2026-07-26,15:00,General Lamadrid,Claypole,0,0,,,Primera C,2026,zonas,Zona B,Fecha 21,Enrique Sexto,false,https://es.wikipedia.org/wiki/Campeonato_de_Primera_C_2026_(Argentina),
2026-07-26,15:00,Gimnasia y Esgrima (CdU),El Linqueño,0,1,,,Torneo Federal A,2026,zonas,Zona 1,Fecha 18,Manuel y Ramón Núñez,false,https://es.wikipedia.org/wiki/Torneo_Federal_A_2026,
2026-07-26,15:00,Guillermo Brown,Germinal,2,0,,,Torneo Federal A,2026,zonas,Zona 4,Fecha 18,Raúl Conti,false,https://es.wikipedia.org/wiki/Torneo_Federal_A_2026,
2026-07-26,15:00,Huracán Las Heras,FADEP,0,0,,,Torneo Federal A,2026,zonas,Zona 3,Fecha 18,General San Martín,false,https://es.wikipedia.org/wiki/Torneo_Federal_A_2026,
2026-07-26,15:00,Independiente (C),Sportivo Las Parejas,1,1,,,Torneo Federal A,2026,zonas,Zona 1,Fecha 18,Raúl Orlando Lungarzo,false,https://es.wikipedia.org/wiki/Torneo_Federal_A_2026,
2026-07-26,15:00,Juventud Unida,Defensores de Cambaceres,3,1,,,Primera C,2026,zonas,Zona A,Fecha 21,Ciudad de San Miguel,false,https://es.wikipedia.org/wiki/Campeonato_de_Primera_C_2026_(Argentina),
2026-07-26,15:00,Los Andes,Deportivo Madryn,0,0,,,Primera Nacional,2026,zonas,Zona A,Fecha 22,Eduardo Gallardón,false,https://es.wikipedia.org/wiki/Campeonato_de_Primera_Nacional_2026,
2026-07-26,15:00,Luján,Central Ballester,3,1,,,Primera C,2026,zonas,Zona B,Fecha 21,1.º de Abril,false,https://es.wikipedia.org/wiki/Campeonato_de_Primera_C_2026_(Argentina),
2026-07-26,15:00,Olimpo,Ramón Santamarina,2,0,,,Torneo Federal A,2026,zonas,Zona 4,Fecha 18,Roberto Natalio Carminatti,false,https://es.wikipedia.org/wiki/Torneo_Federal_A_2026,
2026-07-26,15:00,San Martín (SM),Argentino (MM),1,1,,,Torneo Federal A,2026,zonas,Zona 3,Fecha 18,Libertador General San Martín,false,https://es.wikipedia.org/wiki/Torneo_Federal_A_2026,
2026-07-26,15:00,Sol de Mayo (V),Villa Mitre,3,3,,,Torneo Federal A,2026,zonas,Zona 4,Fecha 18,Sol de Mayo,false,https://es.wikipedia.org/wiki/Torneo_Federal_A_2026,
2026-07-26,15:30,Colón,Chaco For Ever,0,1,,,Primera Nacional,2026,zonas,Zona A,Fecha 22,Brigadier General Estanislao López,false,https://es.wikipedia.org/wiki/Campeonato_de_Primera_Nacional_2026,
2026-07-26,15:30,San Martín (F),Bartolomé Mitre (P),1,0,,,Torneo Federal A,2026,zonas,Zona 2,Fecha 18,17 de Octubre,false,https://es.wikipedia.org/wiki/Torneo_Federal_A_2026,
2026-07-26,15:30,San Miguel,Acassuso,0,0,,,Primera Nacional,2026,zonas,Zona A,Fecha 22,Malvinas Argentinas,false,https://es.wikipedia.org/wiki/Campeonato_de_Primera_Nacional_2026,
2026-07-26,16:00,Ferrocarril Midland,Patronato,1,0,,,Primera Nacional,2026,zonas,Zona B,Fecha 22,Ciudad de Libertad,false,https://es.wikipedia.org/wiki/Campeonato_de_Primera_Nacional_2026,
2026-07-26,16:00,Gimnasia y Esgrima (J),Güemes (SdE),2,1,,,Primera Nacional,2026,zonas,Zona B,Fecha 22,23 de Agosto,false,https://es.wikipedia.org/wiki/Campeonato_de_Primera_Nacional_2026,
2026-07-26,16:00,Mitre (SdE),Almirante Brown,0,0,,,Primera Nacional,2026,zonas,Zona A,Fecha 22,Doctores José y Antonio Castiglione,false,https://es.wikipedia.org/wiki/Campeonato_de_Primera_Nacional_2026,
2026-07-26,16:00,Racing (C),San Telmo,2,1,,,Primera Nacional,2026,zonas,Zona A,Fecha 22,Miguel Sancho,false,https://es.wikipedia.org/wiki/Campeonato_de_Primera_Nacional_2026,
2026-07-26,16:00,Sarmiento (R),Sol de América (F),2,1,,,Torneo Federal A,2026,zonas,Zona 2,Fecha 18,Centenario,false,https://es.wikipedia.org/wiki/Torneo_Federal_A_2026,
2026-07-26,16:00,Tucumán Central,Sarmiento (LB),1,1,,,Torneo Federal A,2026,zonas,Zona 2,Fecha 18,Tucumán Central,false,https://es.wikipedia.org/wiki/Torneo_Federal_A_2026,
2026-07-26,16:30,Godoy Cruz,Central Norte (S),2,1,,,Primera Nacional,2026,zonas,Zona A,Fecha 22,Feliciano Gambarte,false,https://es.wikipedia.org/wiki/Campeonato_de_Primera_Nacional_2026,
2026-07-26,17:15,Estudiantes (LP),Independiente,0,2,,,Primera Division - Clausura,2026,zonas,Zona A,Fecha 1,Jorge Luis Hirschi,false,https://es.wikipedia.org/wiki/Anexo:Torneo_Clausura_2026_(Argentina),
2026-07-26,18:00,Gimnasia y Tiro (S),Deportivo Maipú,1,0,,,Primera Nacional,2026,zonas,Zona B,Fecha 22,Gigante del Norte,false,https://es.wikipedia.org/wiki/Campeonato_de_Primera_Nacional_2026,
2026-07-26,19:00,Deportivo Riestra,Boca Juniors,3,0,,,Primera Division - Clausura,2026,zonas,Zona A,Fecha 1,Guillermo Laza,false,https://es.wikipedia.org/wiki/Anexo:Torneo_Clausura_2026_(Argentina),
2026-07-26,19:00,Quilmes,Colegiales,0,1,,,Primera Nacional,2026,zonas,Zona B,Fecha 22,Centenario Ciudad de Quilmes,false,https://es.wikipedia.org/wiki/Campeonato_de_Primera_Nacional_2026,
2026-07-27,15:00,Fénix,Yupanqui,1,1,,,Primera C,2026,zonas,Zona B,Fecha 21,Ciudad de Libertad,false,https://es.wikipedia.org/wiki/Campeonato_de_Primera_C_2026_(Argentina),
2026-07-27,15:00,Sacachispas,Leandro N. Alem,1,1,,,Primera C,2026,zonas,Zona A,Fecha 21,Beto Larrosa,false,https://es.wikipedia.org/wiki/Campeonato_de_Primera_C_2026_(Argentina),
2026-07-27,20:00,Atlanta,Almagro,1,3,,,Primera Nacional,2026,zonas,Zona B,Fecha 22,Don León Kolbovski,false,https://es.wikipedia.org/wiki/Campeonato_de_Primera_Nacional_2026,
2026-07-28,15:00,Sportivo Barracas,El Porvenir,3,2,,,Primera C,2026,zonas,Zona B,Fecha 21,Tres de Febrero,false,https://es.wikipedia.org/wiki/Campeonato_de_Primera_C_2026_(Argentina),
2026-07-28,19:00,Banfield,Sarmiento (J),3,2,,,Primera Division - Clausura,2026,zonas,Zona B,Fecha 2,Florencio Sola,false,https://es.wikipedia.org/wiki/Anexo:Torneo_Clausura_2026_(Argentina),
2026-07-28,19:00,San Lorenzo,Gimnasia y Esgrima (M),1,0,,,Primera Division - Clausura,2026,zonas,Zona A,Fecha 2,Nuevo Gasómetro,false,https://es.wikipedia.org/wiki/Anexo:Torneo_Clausura_2026_(Argentina),
2026-07-28,21:15,Argentinos Juniors,Estudiantes (RC),3,0,,,Primera Division - Clausura,2026,zonas,Zona B,Fecha 2,Diego Armando Maradona,false,https://es.wikipedia.org/wiki/Anexo:Torneo_Clausura_2026_(Argentina),
2026-07-28,21:15,Rosario Central,Racing Club,0,0,,,Primera Division - Clausura,2026,zonas,Zona B,Fecha 2,Gigante de Arroyito,false,https://es.wikipedia.org/wiki/Anexo:Torneo_Clausura_2026_(Argentina),
2026-07-29,14:30,Barracas Central,Aldosivi,1,0,,,Primera Division - Clausura,2026,zonas,Zona B,Fecha 2,Claudio Chiqui Tapia,false,https://es.wikipedia.org/wiki/Anexo:Torneo_Clausura_2026_(Argentina),
2026-07-29,17:00,Defensa y Justicia,Deportivo Riestra,2,1,,,Primera Division - Clausura,2026,zonas,Zona A,Fecha 2,Norberto Tomaghello,false,https://es.wikipedia.org/wiki/Anexo:Torneo_Clausura_2026_(Argentina),
2026-07-29,19:15,Gimnasia y Esgrima (LP),River Plate,1,0,,,Primera Division - Clausura,2026,zonas,Zona B,Fecha 2,Del Bosque,false,https://es.wikipedia.org/wiki/Anexo:Torneo_Clausura_2026_(Argentina),
2026-07-29,21:30,Instituto,Platense,2,1,,,Primera Division - Clausura,2026,zonas,Zona A,Fecha 2,Monumental Presidente Perón,false,https://es.wikipedia.org/wiki/Anexo:Torneo_Clausura_2026_(Argentina),
2026-07-30,15:00,Muñiz,Atlas,1,1,,,Primera C,2026,zonas,Zona B,Fecha 22,Ricardo Puga,false,https://es.wikipedia.org/wiki/Campeonato_de_Primera_C_2026_(Argentina),
2026-07-30,19:00,Independiente Rivadavia,Huracán,2,1,,,Primera Division - Clausura,2026,zonas,Zona B,Fecha 2,Bautista Gargantini,false,https://es.wikipedia.org/wiki/Anexo:Torneo_Clausura_2026_(Argentina),
2026-07-30,19:00,Talleres (C),Vélez Sarsfield,1,3,,,Primera Division - Clausura,2026,zonas,Zona A,Fecha 2,Mario Alberto Kempes,false,https://es.wikipedia.org/wiki/Anexo:Torneo_Clausura_2026_(Argentina),
2026-07-30,21:15,Central Córdoba (SdE),Atlético Tucumán,0,2,,,Primera Division - Clausura,2026,zonas,Interzonal,Fecha 2,Único Madre de Ciudades,false,https://es.wikipedia.org/wiki/Anexo:Torneo_Clausura_2026_(Argentina),
2026-07-30,21:15,Independiente,Newell's Old Boys,1,0,,,Primera Division - Clausura,2026,zonas,Zona A,Fecha 2,Libertadores de América,false,https://es.wikipedia.org/wiki/Anexo:Torneo_Clausura_2026_(Argentina),
2026-07-31,15:00,Arsenal,Brown de Adrogué,1,1,,,Primera B,2026,zonas,,Fecha 28,Julio Humberto Grondona,false,https://es.wikipedia.org/wiki/Campeonato_de_Primera_B_2026_(Argentina),
2026-07-31,15:00,Central Córdoba (R),General Lamadrid,3,1,,,Primera C,2026,zonas,Zona B,Fecha 22,Gabino Sosa,false,https://es.wikipedia.org/wiki/Campeonato_de_Primera_C_2026_(Argentina),
2026-07-31,15:00,Centro Español,Victoriano Arenas,0,1,,,Primera C,2026,zonas,Zona A,Fecha 22,Carlos Sacaan,false,https://es.wikipedia.org/wiki/Campeonato_de_Primera_C_2026_(Argentina),
2026-07-31,15:00,Claypole,Luján,1,3,,,Primera C,2026,zonas,Zona B,Fecha 22,Rodolfo Capocasa,false,https://es.wikipedia.org/wiki/Campeonato_de_Primera_C_2026_(Argentina),
2026-07-31,15:00,Deportivo Español,Leones de Rosario,0,0,,,Primera C,2026,zonas,Zona B,Fecha 22,Nueva España,false,https://es.wikipedia.org/wiki/Campeonato_de_Primera_C_2026_(Argentina),
2026-07-31,15:00,Deportivo Paraguayo,Argentino de Rosario,2,1,,,Primera C,2026,zonas,Zona A,Fecha 22,Deportivo Paraguayo,false,https://es.wikipedia.org/wiki/Campeonato_de_Primera_C_2026_(Argentina),
2026-07-31,15:00,J. J. de Urquiza,Berazategui,0,0,,,Primera C,2026,zonas,Zona A,Fecha 22,Ramón Roque Martín,false,https://es.wikipedia.org/wiki/Campeonato_de_Primera_C_2026_(Argentina),
2026-07-31,15:00,Puerto Nuevo,Sacachispas,1,0,,,Primera C,2026,zonas,Zona A,Fecha 22,Rubén Carlos Vallejos,false,https://es.wikipedia.org/wiki/Campeonato_de_Primera_C_2026_(Argentina),
2026-07-31,18:00,Defensores de Cambaceres,Lugano,1,2,,,Primera C,2026,zonas,Zona A,Fecha 22,12 de Octubre,false,https://es.wikipedia.org/wiki/Campeonato_de_Primera_C_2026_(Argentina),
2026-07-31,18:00,Mercedes,Estrella del Sur,1,1,,,Primera C,2026,zonas,Zona A,Fecha 22,Liga Mercedina,false,https://es.wikipedia.org/wiki/Campeonato_de_Primera_C_2026_(Argentina),
2026-07-31,20:00,Excursionistas,Deportivo Armenio,2,1,,,Primera B,2026,zonas,,Fecha 28,Excursionistas,false,https://es.wikipedia.org/wiki/Campeonato_de_Primera_B_2026_(Argentina),
2026-08-01,14:30,Nueva Chicago,San Martín (T),2,1,,,Primera Nacional,2026,zonas,Zona B,Fecha 23,Nueva Chicago,false,https://es.wikipedia.org/wiki/Campeonato_de_Primera_Nacional_2026,
2026-08-01,15:00,Acassuso,Colón,1,1,,,Primera Nacional,2026,zonas,Zona A,Fecha 23,La Quema,false,https://es.wikipedia.org/wiki/Campeonato_de_Primera_Nacional_2026,
2026-08-01,15:00,Almagro,Ferrocarril Midland,1,1,,,Primera Nacional,2026,zonas,Zona B,Fecha 23,Tres de Febrero,false,https://es.wikipedia.org/wiki/Campeonato_de_Primera_Nacional_2026,
2026-08-01,15:00,Argentino de Merlo,Deportivo Laferrere,1,3,,,Primera B,2026,zonas,,Fecha 28,Juan Carlos Brieva,false,https://es.wikipedia.org/wiki/Campeonato_de_Primera_B_2026_(Argentina),
2026-08-01,15:00,Colegiales,Gimnasia y Esgrima (J),2,1,,,Primera Nacional,2026,zonas,Zona B,Fecha 23,Libertarios Unidos,false,https://es.wikipedia.org/wiki/Campeonato_de_Primera_Nacional_2026,
2026-08-01,15:00,Defensores de Belgrano,Estudiantes (BA),1,1,,,Primera Nacional,2026,zonas,Zona A,Fecha 23,Juan Pasquale,false,https://es.wikipedia.org/wiki/Campeonato_de_Primera_Nacional_2026,
2026-08-01,15:00,Ferro Carril Oeste,Godoy Cruz,1,3,,,Primera Nacional,2026,zonas,Zona A,Fecha 23,Arquitecto Ricardo Etcheverri,false,https://es.wikipedia.org/wiki/Campeonato_de_Primera_Nacional_2026,
2026-08-01,15:00,Liniers,Comunicaciones,0,0,,,Primera B,2026,zonas,,Fecha 28,Juan Antonio Arias,false,https://es.wikipedia.org/wiki/Campeonato_de_Primera_B_2026_(Argentina),
2026-08-01,15:00,Real Pilar,Defensores Unidos,2,1,,,Primera B,2026,zonas,,Fecha 28,Carlos Barraza,false,https://es.wikipedia.org/wiki/Campeonato_de_Primera_B_2026_(Argentina),
2026-08-01,15:00,Sportivo Italiano,Deportivo Camioneros,1,1,,,Primera B,2026,zonas,,Fecha 28,República de Italia,false,https://es.wikipedia.org/wiki/Campeonato_de_Primera_B_2026_(Argentina),
2026-08-01,15:00,Talleres (RdE),Ituzaingó,0,0,,,Primera B,2026,zonas,,Fecha 28,Pablo Comelli,false,https://es.wikipedia.org/wiki/Campeonato_de_Primera_B_2026_(Argentina),
2026-08-01,15:00,UAI Urquiza,Argentino de Quilmes,0,0,,,Primera B,2026,zonas,,Fecha 28,Monumental de Villa Lynch,false,https://es.wikipedia.org/wiki/Campeonato_de_Primera_B_2026_(Argentina),
2026-08-01,15:00,Villa Dálmine,Flandria,2,1,,,Primera B,2026,zonas,,Fecha 28,El Coliseo de Mitre y Puccini,false,https://es.wikipedia.org/wiki/Campeonato_de_Primera_B_2026_(Argentina),
2026-08-01,15:30,Atlético Escobar,Boca Unidos,0,3,,,Torneo Federal A,2026,zonas,Zona A,Fecha 1,Armenia,false,https://es.wikipedia.org/wiki/Torneo_Federal_A_2026,
2026-08-01,15:30,Estudiantes (RC),Banfield,0,0,,,Primera Division - Clausura,2026,zonas,Zona B,Fecha 3,Antonio Candini,false,https://es.wikipedia.org/wiki/Anexo:Torneo_Clausura_2026_(Argentina),
2026-08-01,15:30,Gimnasia y Esgrima (M),Unión,2,0,,,Primera Division - Clausura,2026,zonas,Zona A,Fecha 3,Víctor Antonio Legrotaglie,false,https://es.wikipedia.org/wiki/Anexo:Torneo_Clausura_2026_(Argentina),
2026-08-01,15:30,Patronato,Quilmes,3,3,,,Primera Nacional,2026,zonas,Zona B,Fecha 23,Presbítero Bartolomé Grella,false,https://es.wikipedia.org/wiki/Campeonato_de_Primera_Nacional_2026,
2026-08-01,15:30,San Martín (SJ),Atlético de Rafaela,1,1,,,Primera Nacional,2026,zonas,Zona B,Fecha 23,Ingeniero Hilario Sánchez,false,https://es.wikipedia.org/wiki/Campeonato_de_Primera_Nacional_2026,
2026-08-01,16:30,Gimnasia y Esgrima (C),Sportivo Belgrano,0,0,,,Torneo Federal A,2026,zonas,Zona A,Fecha 1,José María Paz,false,https://es.wikipedia.org/wiki/Torneo_Federal_A_2026,
2026-08-01,18:00,Belgrano,Argentinos Juniors,0,1,,,Primera Division - Clausura,2026,zonas,Zona B,Fecha 3,Gigante de Alberdi,false,https://es.wikipedia.org/wiki/Anexo:Torneo_Clausura_2026_(Argentina),
2026-08-01,18:00,Estudiantes (LP),Defensa y Justicia,3,0,,,Primera Division - Clausura,2026,zonas,Zona A,Fecha 3,Jorge Luis Hirschi,false,https://es.wikipedia.org/wiki/Anexo:Torneo_Clausura_2026_(Argentina),
2026-08-01,20:30,Racing Club,Tigre,1,3,,,Primera Division - Clausura,2026,zonas,Zona B,Fecha 3,El Cilindro,false,https://es.wikipedia.org/wiki/Anexo:Torneo_Clausura_2026_(Argentina),
2026-08-02,11:30,FADEP,Círculo Deportivo,1,0,,,Torneo Federal A,2026,zonas,Zona B,Fecha 1,Predio Social y Deportivo FADEP,false,https://es.wikipedia.org/wiki/Torneo_Federal_A_2026,
2026-08-02,14:30,Aldosivi,Gimnasia y Esgrima (LP),1,2,,,Primera Division - Clausura,2026,zonas,Zona B,Fecha 3,José María Minella,false,https://es.wikipedia.org/wiki/Anexo:Torneo_Clausura_2026_(Argentina),
2026-08-02,14:30,Deportivo Riestra,Barracas Central,0,1,,,Primera Division - Clausura,2026,zonas,Interzonal,Fecha 3,Guillermo Laza,false,https://es.wikipedia.org/wiki/Anexo:Torneo_Clausura_2026_(Argentina),
2026-08-02,15:00,Almirante Brown,Racing (C),2,0,,,Primera Nacional,2026,zonas,Zona A,Fecha 23,Fragata Presidente Sarmiento,false,https://es.wikipedia.org/wiki/Campeonato_de_Primera_Nacional_2026,
2026-08-02,15:00,Chacarita Juniors,Agropecuario,2,1,,,Primera Nacional,2026,zonas,Zona B,Fecha 23,Chacarita Juniors,false,https://es.wikipedia.org/wiki/Campeonato_de_Primera_Nacional_2026,
2026-08-02,15:00,Ciudad de Bolívar,Mitre (SdE),0,2,,,Primera Nacional,2026,zonas,Zona A,Fecha 23,Municipal Eva Perón,false,https://es.wikipedia.org/wiki/Campeonato_de_Primera_Nacional_2026,
2026-08-02,15:00,El Linqueño,Sportivo Las Parejas,2,0,,,Torneo Federal A,2026,zonas,Zona A,Fecha 1,Leonardo Costa,false,https://es.wikipedia.org/wiki/Torneo_Federal_A_2026,
2026-08-02,15:00,Olimpo,Juventud Antoniana,0,0,,,Torneo Federal A,2026,zonas,Zona B,Fecha 1,Roberto Natalio Carminatti,false,https://es.wikipedia.org/wiki/Torneo_Federal_A_2026,
2026-08-02,15:00,San Martín (B),Deportivo Merlo,1,1,,,Primera B,2026,zonas,,Fecha 28,Francisco Boga,false,https://es.wikipedia.org/wiki/Campeonato_de_Primera_B_2026_(Argentina),
2026-08-02,15:00,San Telmo,San Miguel,1,0,,,Primera Nacional,2026,zonas,Zona A,Fecha 23,Doctor Osvaldo Baletto,false,https://es.wikipedia.org/wiki/Campeonato_de_Primera_Nacional_2026,
2026-08-02,15:00,Sol de Mayo (V),Ramón Santamarina,1,0,,,Torneo Federal A,2026,zonas,Zona B,Fecha 1,Sol de Mayo,false,https://es.wikipedia.org/wiki/Torneo_Federal_A_2026,
2026-08-02,15:00,Villa San Carlos,Dock Sud,1,1,,,Primera B,2026,zonas,,Fecha 28,Genacio Sálice,false,https://es.wikipedia.org/wiki/Campeonato_de_Primera_B_2026_(Argentina),
2026-08-02,15:30,Cipolletti,Huracán Las Heras,1,0,,,Torneo Federal A,2026,zonas,Zona B,Fecha 1,La Visera de Cemento,false,https://es.wikipedia.org/wiki/Torneo_Federal_A_2026,
2026-08-02,15:30,Defensores de Belgrano (VR),Bartolomé Mitre (P),1,0,,,Torneo Federal A,2026,zonas,Zona A,Fecha 1,Salomón Boeseldín,false,https://es.wikipedia.org/wiki/Torneo_Federal_A_2026,
2026-08-02,15:30,Deportivo Maipú,Atlanta,4,2,,,Primera Nacional,2026,zonas,Zona B,Fecha 23,Omar Higinio Sperdutti,false,https://es.wikipedia.org/wiki/Campeonato_de_Primera_Nacional_2026,
2026-08-02,15:30,Deportivo Rincón,Guillermo Brown,2,0,,,Torneo Federal A,2026,zonas,Zona B,Fecha 1,Elías Moisés Gómez,false,https://es.wikipedia.org/wiki/Torneo_Federal_A_2026,
2026-08-02,15:30,Gimnasia y Esgrima (CdU),Tucumán Central,4,0,,,Torneo Federal A,2026,zonas,Zona A,Fecha 1,Manuel y Ramón Núñez,false,https://es.wikipedia.org/wiki/Torneo_Federal_A_2026,
2026-08-02,15:30,Temperley,Gimnasia y Tiro (S),1,2,,,Primera Nacional,2026,zonas,Zona B,Fecha 23,Alfredo Beranger,false,https://es.wikipedia.org/wiki/Campeonato_de_Primera_Nacional_2026,
2026-08-02,15:45,Atenas (RC),Villa Mitre,0,1,,,Torneo Federal A,2026,zonas,Zona B,Fecha 1,9 de Julio,false,https://es.wikipedia.org/wiki/Torneo_Federal_A_2026,
2026-08-02,16:00,9 de Julio (R),Douglas Haig,0,0,,,Torneo Federal A,2026,zonas,Zona A,Fecha 1,Germán Solterman,false,https://es.wikipedia.org/wiki/Torneo_Federal_A_2026,
2026-08-02,16:00,Chaco For Ever,Deportivo Morón,2,0,,,Primera Nacional,2026,zonas,Zona A,Fecha 23,Juan Alberto García,false,https://es.wikipedia.org/wiki/Campeonato_de_Primera_Nacional_2026,
2026-08-02,16:00,Deportivo Madryn,All Boys,2,0,,,Primera Nacional,2026,zonas,Zona A,Fecha 23,Abel Sastre,false,https://es.wikipedia.org/wiki/Campeonato_de_Primera_Nacional_2026,
2026-08-02,16:00,Germinal,Juventud Unida Universitario,2,1,,,Torneo Federal A,2026,zonas,Zona B,Fecha 1,El Fortín (R),false,https://es.wikipedia.org/wiki/Torneo_Federal_A_2026,
2026-08-02,16:00,San Martín (F),Sol de América (F),2,1,,,Torneo Federal A,2026,zonas,Zona A,Fecha 1,17 de Octubre,false,https://es.wikipedia.org/wiki/Torneo_Federal_A_2026,
2026-08-02,16:30,Central Norte (S),Los Andes,1,0,,,Primera Nacional,2026,zonas,Zona A,Fecha 23,Padre Ernesto Martearena,false,https://es.wikipedia.org/wiki/Campeonato_de_Primera_Nacional_2026,
2026-08-02,16:30,San Martín (SM),Costa Brava,2,2,,,Torneo Federal A,2026,zonas,Zona B,Fecha 1,Libertador General San Martín,false,https://es.wikipedia.org/wiki/Torneo_Federal_A_2026,
2026-08-02,17:00,Newell's Old Boys,Boca Juniors,2,2,,,Primera Division - Clausura,2026,zonas,Zona A,Fecha 3,Marcelo Bielsa,false,https://es.wikipedia.org/wiki/Anexo:Torneo_Clausura_2026_(Argentina),
2026-08-02,19:15,River Plate,Rosario Central,0,1,,,Primera Division - Clausura,2026,zonas,Zona B,Fecha 3,Monumental,false,https://es.wikipedia.org/wiki/Anexo:Torneo_Clausura_2026_(Argentina),
2026-08-02,21:30,Lanús,Instituto,0,1,,,Primera Division - Clausura,2026,zonas,Zona A,Fecha 3,Ciudad de Lanús,false,https://es.wikipedia.org/wiki/Anexo:Torneo_Clausura_2026_(Argentina),
2026-08-03,15:00,Kimberley,Argentino (MM),1,0,,,Torneo Federal A,2026,zonas,Zona B,Fecha 1,José Alberto Valle,false,https://es.wikipedia.org/wiki/Torneo_Federal_A_2026,
2026-08-03,15:00,Yupanqui,Cañuelas,1,2,,,Primera C,2026,zonas,Zona B,Fecha 22,Ciudad Evita,false,https://es.wikipedia.org/wiki/Campeonato_de_Primera_C_2026_(Argentina),
2026-08-03,15:30,Defensores de Vilelas,Sarmiento (R),4,1,,,Torneo Federal A,2026,zonas,Zona A,Fecha 1,Pedro Álvarez,false,https://es.wikipedia.org/wiki/Torneo_Federal_A_2026,
2026-08-03,16:00,Güemes (SdE),Tristán Suárez,1,3,,,Primera Nacional,2026,zonas,Zona B,Fecha 23,Arturo Miranda,false,https://es.wikipedia.org/wiki/Campeonato_de_Primera_Nacional_2026,
2026-08-03,16:45,Sarmiento (J),Independiente Rivadavia,2,1,,,Primera Division - Clausura,2026,zonas,Zona B,Fecha 3,Eva Perón,false,https://es.wikipedia.org/wiki/Anexo:Torneo_Clausura_2026_(Argentina),
2026-08-03,19:00,Platense,Talleres (C),0,4,,,Primera Division - Clausura,2026,zonas,Zona A,Fecha 3,Ciudad de Vicente López,false,https://es.wikipedia.org/wiki/Anexo:Torneo_Clausura_2026_(Argentina),
2026-08-03,19:00,Vélez Sarsfield,Independiente,1,0,,,Primera Division - Clausura,2026,zonas,Zona A,Fecha 3,José Amalfitani,false,https://es.wikipedia.org/wiki/Anexo:Torneo_Clausura_2026_(Argentina),
2026-08-03,21:15,Central Córdoba (SdE),San Lorenzo,1,0,,,Primera Division - Clausura,2026,zonas,Zona A,Fecha 3,Único Madre de Ciudades,false,https://es.wikipedia.org/wiki/Anexo:Torneo_Clausura_2026_(Argentina),
2026-08-03,21:15,Huracán,Atlético Tucumán,0,0,,,Primera Division - Clausura,2026,zonas,Zona B,Fecha 3,Tomás Adolfo Ducó,false,https://es.wikipedia.org/wiki/Anexo:Torneo_Clausura_2026_(Argentina),
2026-08-04,15:00,Atlas,Sacachispas,0,2,,,Primera C,2026,zonas,Interzonal,Fecha 20,Ricardo Puga,false,https://es.wikipedia.org/wiki/Campeonato_de_Primera_C_2026_(Argentina),
2026-08-04,15:00,Berazategui,Central Córdoba (R),1,0,,,Primera C,2026,zonas,Interzonal,Fecha 20,Norman Lee,false,https://es.wikipedia.org/wiki/Campeonato_de_Primera_C_2026_(Argentina),
2026-08-04,15:00,Centro Español,Leones de Rosario,1,1,,,Primera C,2026,zonas,Interzonal,Fecha 20,Carlos Sacaan,false,https://es.wikipedia.org/wiki/Campeonato_de_Primera_C_2026_(Argentina),
2026-08-04,15:00,Claypole,Juventud Unida,0,2,,,Primera C,2026,zonas,Interzonal,Fecha 20,Rodolfo Capocasa,false,https://es.wikipedia.org/wiki/Campeonato_de_Primera_C_2026_(Argentina),
2026-08-04,15:00,Deportivo Paraguayo,Central Ballester,0,0,,,Primera C,2026,zonas,Interzonal,Fecha 20,Deportivo Paraguayo,false,https://es.wikipedia.org/wiki/Campeonato_de_Primera_C_2026_(Argentina),
2026-08-04,15:00,El Porvenir,Fénix,0,0,,,Primera C,2026,zonas,Zona B,Fecha 22,Gildo Francisco Ghersinich,false,https://es.wikipedia.org/wiki/Campeonato_de_Primera_C_2026_(Argentina),
2026-08-04,15:00,Estrella del Sur,Luján,0,2,,,Primera C,2026,zonas,Interzonal,Fecha 20,Ciudad de San Vicente,false,https://es.wikipedia.org/wiki/Campeonato_de_Primera_C_2026_(Argentina),
2026-08-05,15:00,Almagro,Gimnasia y Tiro (S),0,2,,,Primera Nacional,2026,zonas,Zona B,Fecha 21,Tres de Febrero,false,https://es.wikipedia.org/wiki/Campeonato_de_Primera_Nacional_2026,
2026-08-05,19:00,Boca Juniors,Estudiantes (LP),1,0,,,Primera Division - Clausura,2026,zonas,Zona A,Fecha 2,Tomás Adolfo Ducó,false,https://es.wikipedia.org/wiki/Anexo:Torneo_Clausura_2026_(Argentina),
2026-08-05,19:00,Quilmes,Gimnasia y Esgrima (J),2,0,,,Primera Nacional,2026,zonas,Zona B,Fecha 21,Centenario Ciudad de Quilmes,false,https://es.wikipedia.org/wiki/Campeonato_de_Primera_Nacional_2026,
2026-08-05,21:15,Tigre,Belgrano,0,0,,,Primera Division - Clausura,2026,zonas,Zona B,Fecha 2,Monumental de Victoria,false,https://es.wikipedia.org/wiki/Anexo:Torneo_Clausura_2026_(Argentina),
2026-08-06,19:00,Unión,Lanús,2,1,,,Primera Division - Clausura,2026,zonas,Zona A,Fecha 2,15 de Abril,false,https://es.wikipedia.org/wiki/Anexo:Torneo_Clausura_2026_(Argentina),
2026-08-07,15:00,General Lamadrid,Deportivo Español,0,0,,,Primera C,2026,zonas,Zona B,Fecha 23,Enrique Sexto,false,https://es.wikipedia.org/wiki/Campeonato_de_Primera_C_2026_(Argentina),
2026-08-07,19:00,Comunicaciones,Villa San Carlos,0,1,,,Primera B,2026,zonas,,Fecha 29,Alfredo Ramos,false,https://es.wikipedia.org/wiki/Campeonato_de_Primera_B_2026_(Argentina),
2026-08-07,19:00,Ituzaingó,Deportivo Camioneros,0,1,,,Primera B,2026,zonas,,Fecha 29,Carlos Sacaan,false,https://es.wikipedia.org/wiki/Campeonato_de_Primera_B_2026_(Argentina),
2026-08-07,19:30,Rosario Central,Aldosivi,2,1,,,Primera Division - Clausura,2026,zonas,Zona B,Fecha 4,Gigante de Arroyito,false,https://es.wikipedia.org/wiki/Anexo:Torneo_Clausura_2026_(Argentina),
2026-08-07,20:00,Ferrocarril Midland,Deportivo Maipú,2,0,,,Primera Nacional,2026,zonas,Zona B,Fecha 24,Ciudad de Libertad,false,https://es.wikipedia.org/wiki/Campeonato_de_Primera_Nacional_2026,
2026-08-07,20:45,Sportivo Belgrano,9 de Julio (R),1,1,,,Torneo Federal A,2026,zonas,Zona A,Fecha 2,Juan Pablo Francia,false,https://es.wikipedia.org/wiki/Torneo_Federal_A_2026,
2026-08-07,21:45,Independiente Rivadavia,Estudiantes (RC),2,1,,,Primera Division - Clausura,2026,zonas,Zona B,Fecha 4,Bautista Gargantini,false,https://es.wikipedia.org/wiki/Anexo:Torneo_Clausura_2026_(Argentina),
2026-08-07,22:00,Juventud Antoniana,Alvarado,0,2,,,Torneo Federal A,2026,zonas,Zona B,Fecha 2,Fray Honorato Pistoia,false,https://es.wikipedia.org/wiki/Torneo_Federal_A_2026,
2026-08-08,14:30,Sportivo Las Parejas,Defensores de Vilelas,0,0,,,Torneo Federal A,2026,zonas,Zona A,Fecha 2,4 de Septiembre,false,https://es.wikipedia.org/wiki/Torneo_Federal_A_2026,
2026-08-08,14:45,Atlético Tucumán,Sarmiento (J),1,2,,,Primera Division - Clausura,2026,zonas,Zona B,Fecha 4,Monumental José Fierro,false,https://es.wikipedia.org/wiki/Anexo:Torneo_Clausura_2026_(Argentina),
2026-08-08,14:45,Deportivo Riestra,Estudiantes (LP),2,0,,,Primera Division - Clausura,2026,zonas,Zona A,Fecha 4,Guillermo Laza,false,https://es.wikipedia.org/wiki/Anexo:Torneo_Clausura_2026_(Argentina),
2026-08-08,15:00,Agropecuario,Güemes (SdE),3,0,,,Primera Nacional,2026,zonas,Zona B,Fecha 24,Ofelia Rosenzuaig,false,https://es.wikipedia.org/wiki/Campeonato_de_Primera_Nacional_2026,
2026-08-08,15:00,Almirante Brown,Ciudad de Bolívar,2,0,,,Primera Nacional,2026,zonas,Zona A,Fecha 24,Fragata Presidente Sarmiento,false,https://es.wikipedia.org/wiki/Campeonato_de_Primera_Nacional_2026,
2026-08-08,15:00,Argentino (MM),Atenas (RC),1,2,,,Torneo Federal A,2026,zonas,Zona B,Fecha 2,Modesto Marrone,false,https://es.wikipedia.org/wiki/Torneo_Federal_A_2026,
2026-08-08,15:00,Argentino de Quilmes,Real Pilar,0,0,,,Primera B,2026,zonas,,Fecha 29,Argentino de Quilmes,false,https://es.wikipedia.org/wiki/Campeonato_de_Primera_B_2026_(Argentina),
2026-08-08,15:00,Argentino de Rosario,Mercedes,2,0,,,Primera C,2026,zonas,Zona A,Fecha 23,José Martín Olaeta,false,https://es.wikipedia.org/wiki/Campeonato_de_Primera_C_2026_(Argentina),
2026-08-08,15:00,Berazategui,Centro Español,0,1,,,Primera C,2026,zonas,Zona A,Fecha 23,Norman Lee,false,https://es.wikipedia.org/wiki/Campeonato_de_Primera_C_2026_(Argentina),
2026-08-08,15:00,Brown de Adrogué,Excursionistas,1,0,,,Primera B,2026,zonas,,Fecha 29,Lorenzo Arandilla,false,https://es.wikipedia.org/wiki/Campeonato_de_Primera_B_2026_(Argentina),
2026-08-08,15:00,Círculo Deportivo,Guillermo Brown,1,0,,,Torneo Federal A,2026,zonas,Zona B,Fecha 2,Guillermo Trama,false,https://es.wikipedia.org/wiki/Torneo_Federal_A_2026,
2026-08-08,15:00,Defensores Unidos,Liniers,2,3,,,Primera B,2026,zonas,,Fecha 29,Mario Losinno,false,https://es.wikipedia.org/wiki/Campeonato_de_Primera_B_2026_(Argentina),
2026-08-08,15:00,Defensores de Cambaceres,Leandro N. Alem,2,0,,,Primera C,2026,zonas,Zona A,Fecha 23,12 de Octubre,false,https://es.wikipedia.org/wiki/Campeonato_de_Primera_C_2026_(Argentina),
2026-08-08,15:00,Douglas Haig,San Martín (F),1,4,,,Torneo Federal A,2026,zonas,Zona A,Fecha 2,Miguel Morales,false,https://es.wikipedia.org/wiki/Torneo_Federal_A_2026,
2026-08-08,15:00,El Porvenir,Yupanqui,0,3,,,Primera C,2026,zonas,Zona B,Fecha 23,Gildo Francisco Ghersinich,false,https://es.wikipedia.org/wiki/Campeonato_de_Primera_C_2026_(Argentina),
2026-08-08,15:00,Estrella del Sur,J. J. de Urquiza,1,0,,,Primera C,2026,zonas,Zona A,Fecha 23,Ciudad de San Vicente,false,https://es.wikipedia.org/wiki/Campeonato_de_Primera_C_2026_(Argentina),
2026-08-08,15:00,Estudiantes (BA),Deportivo Madryn,0,1,,,Primera Nacional,2026,zonas,Zona A,Fecha 24,Ciudad de Caseros,false,https://es.wikipedia.org/wiki/Campeonato_de_Primera_Nacional_2026,
2026-08-08,15:00,Flandria,UAI Urquiza,1,1,,,Primera B,2026,zonas,,Fecha 29,Carlos V,false,https://es.wikipedia.org/wiki/Campeonato_de_Primera_B_2026_(Argentina),
2026-08-08,15:00,Juventud Unida Universitario,FADEP,1,0,,,Torneo Federal A,2026,zonas,Zona B,Fecha 2,Mario Sebastián Diez,false,https://es.wikipedia.org/wiki/Torneo_Federal_A_2026,
2026-08-08,15:00,Ramón Santamarina,San Martín (SM),0,1,,,Torneo Federal A,2026,zonas,Zona B,Fecha 2,Municipal General San Martín,false,https://es.wikipedia.org/wiki/Torneo_Federal_A_2026,
2026-08-08,15:00,Sol de Mayo (V),Deportivo Rincón,2,4,,,Torneo Federal A,2026,zonas,Zona B,Fecha 2,Sol de Mayo,false,https://es.wikipedia.org/wiki/Torneo_Federal_A_2026,
2026-08-08,15:00,Talleres (RdE),Argentino de Merlo,1,2,,,Primera B,2026,zonas,,Fecha 29,Pablo Comelli,false,https://es.wikipedia.org/wiki/Campeonato_de_Primera_B_2026_(Argentina),
2026-08-08,15:30,Bartolomé Mitre (P),Sarmiento (LB),1,1,,,Torneo Federal A,2026,zonas,Zona A,Fecha 2,Ernesto Cucchiaroni,false,https://es.wikipedia.org/wiki/Torneo_Federal_A_2026,
2026-08-08,15:30,Boca Unidos,Independiente (C),1,1,,,Torneo Federal A,2026,zonas,Zona A,Fecha 2,Leoncio Benítez,false,https://es.wikipedia.org/wiki/Torneo_Federal_A_2026,
2026-08-08,15:30,Costa Brava,Germinal,1,1,,,Torneo Federal A,2026,zonas,Zona B,Fecha 2,Nuevo Pacaembú,false,https://es.wikipedia.org/wiki/Torneo_Federal_A_2026,
2026-08-08,15:30,Deportivo Armenio,Villa Dálmine,1,0,,,Primera B,2026,zonas,,Fecha 29,Armenia,false,https://es.wikipedia.org/wiki/Campeonato_de_Primera_B_2026_(Argentina),
2026-08-08,15:30,Huracán Las Heras,Olimpo,0,1,,,Torneo Federal A,2026,zonas,Zona B,Fecha 2,General San Martín,false,https://es.wikipedia.org/wiki/Torneo_Federal_A_2026,
2026-08-08,15:30,Villa Mitre,Cipolletti,1,1,,,Torneo Federal A,2026,zonas,Zona B,Fecha 2,El Fortín (BB),false,https://es.wikipedia.org/wiki/Torneo_Federal_A_2026,
2026-08-08,16:00,Atlético de Rafaela,Chacarita Juniors,1,0,,,Primera Nacional,2026,zonas,Zona B,Fecha 24,Nuevo Monumental,false,https://es.wikipedia.org/wiki/Campeonato_de_Primera_Nacional_2026,
2026-08-08,16:00,Sarmiento (R),Atlético Escobar,0,1,,,Torneo Federal A,2026,zonas,Zona A,Fecha 2,Centenario,false,https://es.wikipedia.org/wiki/Torneo_Federal_A_2026,
2026-08-08,16:00,Tucumán Central,El Linqueño,1,1,,,Torneo Federal A,2026,zonas,Zona A,Fecha 2,Tucumán Central,false,https://es.wikipedia.org/wiki/Torneo_Federal_A_2026,
2026-08-08,17:00,Tigre,River Plate,1,0,,,Primera Division - Clausura,2026,zonas,Zona B,Fecha 4,Monumental de Victoria,false,https://es.wikipedia.org/wiki/Anexo:Torneo_Clausura_2026_(Argentina),
2026-08-08,19:15,Boca Juniors,Vélez Sarsfield,1,1,,,Primera Division - Clausura,2026,zonas,Zona A,Fecha 4,Tomás Adolfo Ducó,false,https://es.wikipedia.org/wiki/Anexo:Torneo_Clausura_2026_(Argentina),
2026-08-08,19:30,Deportivo Merlo,Sportivo Italiano,0,4,,,Primera B,2026,zonas,,Fecha 29,José Manuel Moreno,false,https://es.wikipedia.org/wiki/Campeonato_de_Primera_B_2026_(Argentina),
2026-08-08,19:30,Sol de América (F),Defensores de Belgrano (VR),1,0,,,Torneo Federal A,2026,zonas,Zona A,Fecha 2,Sol de América,false,https://es.wikipedia.org/wiki/Torneo_Federal_A_2026,
2026-08-08,21:30,Independiente,Platense,0,1,,,Primera Division - Clausura,2026,zonas,Zona A,Fecha 4,Libertadores de América,false,https://es.wikipedia.org/wiki/Anexo:Torneo_Clausura_2026_(Argentina),
2026-08-08,21:30,Instituto,Gimnasia y Esgrima (M),1,0,,,Primera Division - Clausura,2026,zonas,Zona A,Fecha 4,Monumental Presidente Perón,false,https://es.wikipedia.org/wiki/Anexo:Torneo_Clausura_2026_(Argentina),
2026-08-09,14:00,Atlanta,Temperley,1,0,,,Primera Nacional,2026,zonas,Zona B,Fecha 24,Don León Kolbowsky,false,https://es.wikipedia.org/wiki/Campeonato_de_Primera_Nacional_2026,
2026-08-09,14:30,Los Andes,Ferro Carril Oeste,1,2,,,Primera Nacional,2026,zonas,Zona A,Fecha 24,Eduardo Gallardón,false,https://es.wikipedia.org/wiki/Campeonato_de_Primera_Nacional_2026,
2026-08-09,15:00,Atlas,Cañuelas,2,0,,,Primera C,2026,zonas,Zona B,Fecha 23,Ricardo Puga,false,https://es.wikipedia.org/wiki/Campeonato_de_Primera_C_2026_(Argentina),
2026-08-09,15:00,Colegiales,Patronato,2,2,,,Primera Nacional,2026,zonas,Zona B,Fecha 24,Libertarios Unidos,false,https://es.wikipedia.org/wiki/Campeonato_de_Primera_Nacional_2026,
2026-08-09,15:00,Deportivo Laferrere,Arsenal,1,1,,,Primera B,2026,zonas,,Fecha 29,Ciudad de Laferrere,false,https://es.wikipedia.org/wiki/Campeonato_de_Primera_B_2026_(Argentina),
2026-08-09,15:00,Deportivo Morón,Acassuso,4,1,,,Primera Nacional,2026,zonas,Zona A,Fecha 24,Nuevo Francisco Urbano,false,https://es.wikipedia.org/wiki/Campeonato_de_Primera_Nacional_2026,
2026-08-09,15:00,Dock Sud,San Martín (B),4,1,,,Primera B,2026,zonas,,Fecha 29,De los Inmigrantes,false,https://es.wikipedia.org/wiki/Campeonato_de_Primera_B_2026_(Argentina),
2026-08-09,15:00,Juventud Unida,Puerto Nuevo,1,1,,,Primera C,2026,zonas,Zona A,Fecha 23,Ciudad de San Miguel,false,https://es.wikipedia.org/wiki/Campeonato_de_Primera_C_2026_(Argentina),
2026-08-09,15:00,Lugano,Victoriano Arenas,0,0,,,Primera C,2026,zonas,Zona A,Fecha 23,José María Moraños,false,https://es.wikipedia.org/wiki/Campeonato_de_Primera_C_2026_(Argentina),
2026-08-09,15:00,Luján,Central Córdoba (R),1,2,,,Primera C,2026,zonas,Zona B,Fecha 23,1.º de Abril,false,https://es.wikipedia.org/wiki/Campeonato_de_Primera_C_2026_(Argentina),
2026-08-09,15:00,San Lorenzo,Huracán,0,2,,,Primera Division - Clausura,2026,zonas,Interzonal,Fecha 4,Nuevo Gasómetro,false,https://es.wikipedia.org/wiki/Anexo:Torneo_Clausura_2026_(Argentina),
2026-08-09,15:30,Colón,San Telmo,1,0,,,Primera Nacional,2026,zonas,Zona A,Fecha 24,Brigadier General Estanislao López,false,https://es.wikipedia.org/wiki/Campeonato_de_Primera_Nacional_2026,
2026-08-09,16:00,Mitre (SdE),Defensores de Belgrano,2,1,,,Primera Nacional,2026,zonas,Zona A,Fecha 24,Doctores José y Antonio Castiglione,false,https://es.wikipedia.org/wiki/Campeonato_de_Primera_Nacional_2026,
2026-08-09,16:00,Racing (C),San Miguel,1,0,,,Primera Nacional,2026,zonas,Zona A,Fecha 24,Miguel Sancho,false,https://es.wikipedia.org/wiki/Campeonato_de_Primera_Nacional_2026,
2026-08-09,16:30,Godoy Cruz,Chaco For Ever,2,1,,,Primera Nacional,2026,zonas,Zona A,Fecha 24,Feliciano Gambarte,false,https://es.wikipedia.org/wiki/Campeonato_de_Primera_Nacional_2026,
2026-08-09,17:00,Quilmes,Almagro,1,1,,,Primera Nacional,2026,zonas,Zona B,Fecha 24,Centenario Ciudad de Quilmes,false,https://es.wikipedia.org/wiki/Campeonato_de_Primera_Nacional_2026,
2026-08-09,17:30,Gimnasia y Tiro (S),Nueva Chicago,2,0,,,Primera Nacional,2026,zonas,Zona B,Fecha 24,Gigante del Norte,false,https://es.wikipedia.org/wiki/Campeonato_de_Primera_Nacional_2026,
2026-08-09,17:45,Defensa y Justicia,Newell's Old Boys,2,1,,,Primera Division - Clausura,2026,zonas,Zona A,Fecha 4,Norberto Tomaghello,false,https://es.wikipedia.org/wiki/Anexo:Torneo_Clausura_2026_(Argentina),
2026-08-09,17:45,Gimnasia y Esgrima (LP),Barracas Central,2,0,,,Primera Division - Clausura,2026,zonas,Zona B,Fecha 4,Del Bosque,false,https://es.wikipedia.org/wiki/Anexo:Torneo_Clausura_2026_(Argentina),
2026-08-09,18:00,San Martín (T),San Martín (SJ),1,1,,,Primera Nacional,2026,zonas,Zona B,Fecha 24,La Ciudadela,false,https://es.wikipedia.org/wiki/Campeonato_de_Primera_Nacional_2026,
2026-08-09,20:15,Argentinos Juniors,Racing Club,2,1,,,Primera Division - Clausura,2026,zonas,Zona B,Fecha 4,Diego Armando Maradona,false,https://es.wikipedia.org/wiki/Anexo:Torneo_Clausura_2026_(Argentina),
2026-08-10,15:00,All Boys,Central Norte (S),1,1,,,Primera Nacional,2026,zonas,Zona A,Fecha 24,Islas Malvinas,false,https://es.wikipedia.org/wiki/Campeonato_de_Primera_Nacional_2026,
2026-08-10,15:00,Fénix,Central Ballester,3,1,,,Primera C,2026,zonas,Zona B,Fecha 23,Ciudad de Libertad,false,https://es.wikipedia.org/wiki/Campeonato_de_Primera_C_2026_(Argentina),
2026-08-10,15:00,Gimnasia y Esgrima (J),Tristán Suárez,0,2,,,Primera Nacional,2026,zonas,Zona B,Fecha 24,23 de Agosto,false,https://es.wikipedia.org/wiki/Campeonato_de_Primera_Nacional_2026,
2026-08-10,15:00,Sacachispas,Deportivo Paraguayo,2,0,,,Primera C,2026,zonas,Zona A,Fecha 23,Beto Larrosa,false,https://es.wikipedia.org/wiki/Campeonato_de_Primera_C_2026_(Argentina),
2026-08-10,15:00,Sportivo Barracas,Claypole,2,0,,,Primera C,2026,zonas,Zona B,Fecha 23,Tres de Febrero,false,https://es.wikipedia.org/wiki/Campeonato_de_Primera_C_2026_(Argentina),
2026-08-10,19:00,Banfield,Belgrano,0,2,,,Primera Division - Clausura,2026,zonas,Zona B,Fecha 4,Florencio Sola,false,https://es.wikipedia.org/wiki/Anexo:Torneo_Clausura_2026_(Argentina),
2026-08-10,21:15,Unión,Central Córdoba (SdE),1,2,,,Primera Division - Clausura,2026,zonas,Zona A,Fecha 4,15 de Abril,false,https://es.wikipedia.org/wiki/Anexo:Torneo_Clausura_2026_(Argentina),
2026-08-11,21:00,Talleres (C),Lanús,0,3,,,Primera Division - Clausura,2026,zonas,Zona A,Fecha 4,Mario Alberto Kempes,false,https://es.wikipedia.org/wiki/Anexo:Torneo_Clausura_2026_(Argentina),
2026-08-12,,Atlético Tucumán,Independiente,4,0,,,Copa Argentina,2026,eliminacion,,Octavos,Marcelo Bielsa,true,https://es.wikipedia.org/wiki/Copa_Argentina_2026,
2026-08-12,11:30,FADEP,Costa Brava,0,0,,,Torneo Federal A,2026,zonas,Zona B,Fecha 3,Predio Social y Deportivo FADEP,false,https://es.wikipedia.org/wiki/Torneo_Federal_A_2026,
2026-08-12,15:00,Atlético Escobar,Sportivo Las Parejas,0,0,,,Torneo Federal A,2026,zonas,Zona A,Fecha 3,Armenia,false,https://es.wikipedia.org/wiki/Torneo_Federal_A_2026,
2026-08-12,15:00,Deportivo Rincón,Círculo Deportivo,0,0,,,Torneo Federal A,2026,zonas,Zona B,Fecha 3,Elías Moisés Gómez,false,https://es.wikipedia.org/wiki/Torneo_Federal_A_2026,
2026-08-12,15:00,Germinal,Ramón Santamarina,5,1,,,Torneo Federal A,2026,zonas,Zona B,Fecha 3,El Fortín (R),false,https://es.wikipedia.org/wiki/Torneo_Federal_A_2026,
2026-08-12,15:00,Guillermo Brown,Juventud Unida Universitario,2,1,,,Torneo Federal A,2026,zonas,Zona B,Fecha 3,Raúl Conti,false,https://es.wikipedia.org/wiki/Torneo_Federal_A_2026,
2026-08-12,15:30,Alvarado,Huracán Las Heras,1,0,,,Torneo Federal A,2026,zonas,Zona B,Fecha 3,José María Minella,false,https://es.wikipedia.org/wiki/Torneo_Federal_A_2026,
2026-08-12,15:30,Cipolletti,Argentino (MM),1,0,,,Torneo Federal A,2026,zonas,Zona B,Fecha 3,La Visera de Cemento,false,https://es.wikipedia.org/wiki/Torneo_Federal_A_2026,
2026-08-12,15:30,Defensores de Belgrano (VR),Douglas Haig,0,0,,,Torneo Federal A,2026,zonas,Zona A,Fecha 3,Salomón Boeseldín,false,https://es.wikipedia.org/wiki/Torneo_Federal_A_2026,
2026-08-12,15:30,Defensores de Vilelas,Tucumán Central,4,3,,,Torneo Federal A,2026,zonas,Zona A,Fecha 3,Pedro Álvarez,false,https://es.wikipedia.org/wiki/Torneo_Federal_A_2026,
2026-08-12,15:30,Independiente (C),Sarmiento (R),1,2,,,Torneo Federal A,2026,zonas,Zona A,Fecha 3,Raúl Orlando Lungarzo,false,https://es.wikipedia.org/wiki/Torneo_Federal_A_2026,
2026-08-12,16:00,San Martín (F),Sportivo Belgrano,2,0,,,Torneo Federal A,2026,zonas,Zona A,Fecha 3,17 de Octubre,false,https://es.wikipedia.org/wiki/Torneo_Federal_A_2026,
2026-08-12,19:30,Olimpo,Villa Mitre,2,0,,,Torneo Federal A,2026,zonas,Zona B,Fecha 3,Roberto Natalio Carminatti,false,https://es.wikipedia.org/wiki/Torneo_Federal_A_2026,
2026-08-12,20:30,El Linqueño,Gimnasia y Esgrima (CdU),0,0,,,Torneo Federal A,2026,zonas,Zona A,Fecha 3,Leonardo Costa,false,https://es.wikipedia.org/wiki/Torneo_Federal_A_2026,
2026-08-12,20:45,9 de Julio (R),Gimnasia y Esgrima (C),1,0,,,Torneo Federal A,2026,zonas,Zona A,Fecha 3,Germán Solterman,false,https://es.wikipedia.org/wiki/Torneo_Federal_A_2026,
2026-08-12,21:00,Atenas (RC),Kimberley,2,1,,,Torneo Federal A,2026,zonas,Zona B,Fecha 3,9 de Julio,false,https://es.wikipedia.org/wiki/Torneo_Federal_A_2026,
2026-08-12,21:15,San Martín (SM),Sol de Mayo (V),2,1,,,Torneo Federal A,2026,zonas,Zona B,Fecha 3,Libertador General San Martín,false,https://es.wikipedia.org/wiki/Torneo_Federal_A_2026,
2026-08-12,21:30,Sarmiento (LB),Sol de América (F),0,0,,,Torneo Federal A,2026,zonas,Zona A,Fecha 3,Ciudad de La Banda,false,https://es.wikipedia.org/wiki/Torneo_Federal_A_2026,
2026-08-14,15:00,Acassuso,Ferrocarril Midland,1,1,,,Primera Nacional,2026,zonas,Interzonal,Fecha 25,La Quema,false,https://es.wikipedia.org/wiki/Campeonato_de_Primera_Nacional_2026,
2026-08-14,15:00,Puerto Nuevo,Yupanqui,2,2,,,Primera C,2026,zonas,Interzonal,Fecha 24,Rubén Carlos Vallejos,false,https://es.wikipedia.org/wiki/Campeonato_de_Primera_C_2026_(Argentina),
2026-08-14,20:30,Atlético de Rafaela,Defensores de Belgrano,0,0,,,Primera Nacional,2026,zonas,Interzonal,Fecha 25,Nuevo Monumental,false,https://es.wikipedia.org/wiki/Campeonato_de_Primera_Nacional_2026,
2026-08-14,20:30,Racing Club,Banfield,0,1,,,Primera Division - Clausura,2026,zonas,Zona B,Fecha 5,El Cilindro,false,https://es.wikipedia.org/wiki/Anexo:Torneo_Clausura_2026_(Argentina),
2026-08-15,13:00,Deportivo Camioneros,Deportivo Merlo,0,0,,,Primera B,2026,zonas,,Fecha 30,Hugo Moyano,false,https://es.wikipedia.org/wiki/Campeonato_de_Primera_B_2026_(Argentina),
2026-08-15,14:30,Aldosivi,Tigre,0,0,,,Primera Division - Clausura,2026,zonas,Zona B,Fecha 5,José María Minella,false,https://es.wikipedia.org/wiki/Anexo:Torneo_Clausura_2026_(Argentina),
2026-08-15,14:30,San Lorenzo,Unión,1,0,,,Primera Division - Clausura,2026,zonas,Zona A,Fecha 5,Nuevo Gasómetro,false,https://es.wikipedia.org/wiki/Anexo:Torneo_Clausura_2026_(Argentina),
2026-08-15,15:00,Agropecuario,Ciudad de Bolívar,1,0,,,Primera Nacional,2026,zonas,Interzonal,Fecha 25,Ofelia Rosenzuaig,false,https://es.wikipedia.org/wiki/Campeonato_de_Primera_Nacional_2026,
2026-08-15,15:00,Argentino de Merlo,Ituzaingó,1,1,,,Primera B,2026,zonas,,Fecha 30,Juan Carlos Brieva,false,https://es.wikipedia.org/wiki/Campeonato_de_Primera_B_2026_(Argentina),
2026-08-15,15:00,Arsenal,Talleres (RdE),0,1,,,Primera B,2026,zonas,,Fecha 30,Julio Humberto Grondona,false,https://es.wikipedia.org/wiki/Campeonato_de_Primera_B_2026_(Argentina),
2026-08-15,15:00,Cañuelas,Estrella del Sur,1,2,,,Primera C,2026,zonas,Interzonal,Fecha 24,Jorge Arin,false,https://es.wikipedia.org/wiki/Campeonato_de_Primera_C_2026_(Argentina),
2026-08-15,15:00,Central Ballester,Leandro N. Alem,3,0,,,Primera C,2026,zonas,Interzonal,Fecha 24,Predio Cacique,false,https://es.wikipedia.org/wiki/Campeonato_de_Primera_C_2026_(Argentina),
2026-08-15,15:00,Deportivo Morón,Almagro,2,0,,,Primera Nacional,2026,zonas,Interzonal,Fecha 25,Nuevo Francisco Urbano,false,https://es.wikipedia.org/wiki/Campeonato_de_Primera_Nacional_2026,
2026-08-15,15:00,Excursionistas,Deportivo Laferrere,5,3,,,Primera B,2026,zonas,,Fecha 30,Excursionistas,false,https://es.wikipedia.org/wiki/Campeonato_de_Primera_B_2026_(Argentina),
2026-08-15,15:00,Ferro Carril Oeste,Atlanta,3,1,,,Primera Nacional,2026,zonas,Interzonal,Fecha 25,Arquitecto Ricardo Etcheverri,false,https://es.wikipedia.org/wiki/Campeonato_de_Primera_Nacional_2026,
2026-08-15,15:00,Real Pilar,Flandria,0,0,,,Primera B,2026,zonas,,Fecha 30,Carlos Barraza,false,https://es.wikipedia.org/wiki/Campeonato_de_Primera_B_2026_(Argentina),
2026-08-15,15:00,San Martín (B),Comunicaciones,0,0,,,Primera B,2026,zonas,,Fecha 30,Francisco Boga,false,https://es.wikipedia.org/wiki/Campeonato_de_Primera_B_2026_(Argentina),
2026-08-15,15:00,San Miguel,Colegiales,2,0,,,Primera Nacional,2026,zonas,Interzonal,Fecha 25,Malvinas Argentinas,false,https://es.wikipedia.org/wiki/Campeonato_de_Primera_Nacional_2026,
2026-08-15,15:00,Sportivo Italiano,Dock Sud,4,0,,,Primera B,2026,zonas,,Fecha 30,República de Italia,false,https://es.wikipedia.org/wiki/Campeonato_de_Primera_B_2026_(Argentina),
2026-08-15,15:00,Victoriano Arenas,General Lamadrid,0,1,,,Primera C,2026,zonas,Interzonal,Fecha 24,Saturnino Moure,false,https://es.wikipedia.org/wiki/Campeonato_de_Primera_C_2026_(Argentina),
2026-08-15,15:00,Villa Dálmine,Brown de Adrogué,1,0,,,Primera B,2026,zonas,,Fecha 30,El Coliseo de Mitre y Puccini,false,https://es.wikipedia.org/wiki/Campeonato_de_Primera_B_2026_(Argentina),
2026-08-15,16:00,Mitre (SdE),Güemes (SdE),1,1,,,Primera Nacional,2026,zonas,Interzonal,Fecha 25,Doctores José y Antonio Castiglione,false,https://es.wikipedia.org/wiki/Campeonato_de_Primera_Nacional_2026,
2026-08-15,16:00,Tucumán Central,Atlético Escobar,2,3,,,Torneo Federal A,2026,zonas,Zona A,Fecha 4,Tucumán Central,false,https://es.wikipedia.org/wiki/Torneo_Federal_A_2026,
2026-08-15,16:30,Colón,Patronato,3,0,,,Primera Nacional,2026,zonas,Interzonal,Fecha 25,Brigadier General Estanislao López,false,https://es.wikipedia.org/wiki/Campeonato_de_Primera_Nacional_2026,
2026-08-15,16:45,Estudiantes (LP),Gimnasia y Esgrima (LP),4,0,,,Primera Division - Clausura,2026,zonas,Interzonal,Fecha 5,Jorge Luis Hirschi,false,https://es.wikipedia.org/wiki/Anexo:Torneo_Clausura_2026_(Argentina),
2026-08-15,18:00,Godoy Cruz,Deportivo Maipú,1,2,,,Primera Nacional,2026,zonas,Interzonal,Fecha 25,Feliciano Gambarte,false,https://es.wikipedia.org/wiki/Campeonato_de_Primera_Nacional_2026,
2026-08-15,19:00,Belgrano,Independiente Rivadavia,2,0,,,Primera Division - Clausura,2026,zonas,Zona B,Fecha 5,Gigante de Alberdi,false,https://es.wikipedia.org/wiki/Anexo:Torneo_Clausura_2026_(Argentina),
2026-08-15,19:00,Estudiantes (BA),Chacarita Juniors,2,0,,,Primera Nacional,2026,zonas,Interzonal,Fecha 25,Ciudad de Caseros,false,https://es.wikipedia.org/wiki/Campeonato_de_Primera_Nacional_2026,
2026-08-15,19:00,Newell's Old Boys,Deportivo Riestra,2,0,,,Primera Division - Clausura,2026,zonas,Zona A,Fecha 5,Marcelo Bielsa,false,https://es.wikipedia.org/wiki/Anexo:Torneo_Clausura_2026_(Argentina),
2026-08-15,19:00,Quilmes,San Telmo,3,0,,,Primera Nacional,2026,zonas,Interzonal,Fecha 25,Centenario Ciudad de Quilmes,false,https://es.wikipedia.org/wiki/Campeonato_de_Primera_Nacional_2026,
2026-08-15,21:15,Platense,Boca Juniors,1,1,,,Primera Division - Clausura,2026,zonas,Zona A,Fecha 5,Ciudad de Vicente López,false,https://es.wikipedia.org/wiki/Anexo:Torneo_Clausura_2026_(Argentina),
2026-08-16,11:00,Berazategui,Fénix,2,2,,,Primera C,2026,zonas,Interzonal,Fecha 24,Norman Lee,false,https://es.wikipedia.org/wiki/Campeonato_de_Primera_C_2026_(Argentina),
2026-08-16,11:00,Costa Brava,Guillermo Brown,1,0,,,Torneo Federal A,2026,zonas,Zona B,Fecha 4,Nuevo Pacaembú,false,https://es.wikipedia.org/wiki/Torneo_Federal_A_2026,
2026-08-16,15:00,Argentino (MM),Olimpo,1,1,,,Torneo Federal A,2026,zonas,Zona B,Fecha 4,Modesto Marrone,false,https://es.wikipedia.org/wiki/Torneo_Federal_A_2026,
2026-08-16,15:00,Atlas,Argentino de Rosario,1,0,,,Primera C,2026,zonas,Interzonal,Fecha 24,Ricardo Puga,false,https://es.wikipedia.org/wiki/Campeonato_de_Primera_C_2026_(Argentina),
2026-08-16,15:00,Deportivo Paraguayo,Sportivo Barracas,0,1,,,Primera C,2026,zonas,Interzonal,Fecha 24,Deportivo Paraguayo,false,https://es.wikipedia.org/wiki/Campeonato_de_Primera_C_2026_(Argentina),
2026-08-16,15:00,Douglas Haig,Sarmiento (LB),3,1,,,Torneo Federal A,2026,zonas,Zona A,Fecha 4,Miguel Morales,false,https://es.wikipedia.org/wiki/Torneo_Federal_A_2026,
2026-08-16,15:00,Gimnasia y Esgrima (C),San Martín (F),1,1,,,Torneo Federal A,2026,zonas,Zona A,Fecha 4,José María Paz,false,https://es.wikipedia.org/wiki/Torneo_Federal_A_2026,
2026-08-16,15:00,J. J. de Urquiza,El Porvenir,0,1,,,Primera C,2026,zonas,Interzonal,Fecha 24,Ramón Roque Martín,false,https://es.wikipedia.org/wiki/Campeonato_de_Primera_C_2026_(Argentina),
2026-08-16,15:00,Juventud Unida Universitario,Círculo Deportivo,0,0,,,Torneo Federal A,2026,zonas,Zona B,Fecha 4,Mario Sebastián Diez,false,https://es.wikipedia.org/wiki/Torneo_Federal_A_2026,
2026-08-16,15:00,Kimberley,Cipolletti,3,1,,,Torneo Federal A,2026,zonas,Zona B,Fecha 4,José Alberto Valle,false,https://es.wikipedia.org/wiki/Torneo_Federal_A_2026,
2026-08-16,15:00,Liniers,Argentino de Quilmes,0,1,,,Primera B,2026,zonas,,Fecha 30,Juan Antonio Arias,false,https://es.wikipedia.org/wiki/Campeonato_de_Primera_B_2026_(Argentina),
2026-08-16,15:00,Lugano,Luján,1,2,,,Primera C,2026,zonas,Interzonal,Fecha 24,José María Moraños,false,https://es.wikipedia.org/wiki/Campeonato_de_Primera_C_2026_(Argentina),
2026-08-16,15:00,Sarmiento (J),Huracán,2,0,,,Primera Division - Clausura,2026,zonas,Zona B,Fecha 5,Eva Perón,false,https://es.wikipedia.org/wiki/Anexo:Torneo_Clausura_2026_(Argentina),
2026-08-16,15:00,Sol de Mayo (V),Germinal,1,0,,,Torneo Federal A,2026,zonas,Zona B,Fecha 4,Sol de Mayo,false,https://es.wikipedia.org/wiki/Torneo_Federal_A_2026,
2026-08-16,15:00,Sportivo Las Parejas,Independiente (C),0,0,,,Torneo Federal A,2026,zonas,Zona A,Fecha 4,4 de Septiembre,false,https://es.wikipedia.org/wiki/Torneo_Federal_A_2026,
2026-08-16,15:00,Tristán Suárez,Almirante Brown,3,1,,,Primera Nacional,2026,zonas,Interzonal,Fecha 25,20 de Octubre,false,https://es.wikipedia.org/wiki/Campeonato_de_Primera_Nacional_2026,
2026-08-16,15:00,UAI Urquiza,Deportivo Armenio,0,1,,,Primera B,2026,zonas,,Fecha 30,Monumental de Villa Lynch,false,https://es.wikipedia.org/wiki/Campeonato_de_Primera_B_2026_(Argentina),
2026-08-16,15:00,Villa San Carlos,Defensores Unidos,1,0,,,Primera B,2026,zonas,,Fecha 30,Genacio Sálice,false,https://es.wikipedia.org/wiki/Campeonato_de_Primera_B_2026_(Argentina),
2026-08-16,15:30,Gimnasia y Esgrima (CdU),Defensores de Vilelas,2,0,,,Torneo Federal A,2026,zonas,Zona A,Fecha 4,Manuel y Ramón Núñez,false,https://es.wikipedia.org/wiki/Torneo_Federal_A_2026,
2026-08-16,15:30,Huracán Las Heras,Juventud Antoniana,1,0,,,Torneo Federal A,2026,zonas,Zona B,Fecha 4,General San Martín,false,https://es.wikipedia.org/wiki/Torneo_Federal_A_2026,
2026-08-16,15:30,Villa Mitre,Alvarado,0,0,,,Torneo Federal A,2026,zonas,Zona B,Fecha 4,El Fortín (BB),false,https://es.wikipedia.org/wiki/Torneo_Federal_A_2026,
2026-08-16,16:00,Gimnasia y Esgrima (J),Chaco For Ever,1,0,,,Primera Nacional,2026,zonas,Interzonal,Fecha 25,23 de Agosto,false,https://es.wikipedia.org/wiki/Campeonato_de_Primera_Nacional_2026,
2026-08-16,16:00,Sarmiento (R),Boca Unidos,0,3,,,Torneo Federal A,2026,zonas,Zona A,Fecha 4,Centenario,false,https://es.wikipedia.org/wiki/Torneo_Federal_A_2026,
2026-08-16,17:00,Central Norte (S),Gimnasia y Tiro (S),0,0,,,Primera Nacional,2026,zonas,Interzonal,Fecha 25,Padre Ernesto Martearena,false,https://es.wikipedia.org/wiki/Campeonato_de_Primera_Nacional_2026,
2026-08-16,17:00,Racing (C),San Martín (SJ),0,0,,,Primera Nacional,2026,zonas,Interzonal,Fecha 25,Miguel Sancho,false,https://es.wikipedia.org/wiki/Campeonato_de_Primera_Nacional_2026,
2026-08-16,17:00,San Martín (SM),Deportivo Rincón,1,0,,,Torneo Federal A,2026,zonas,Zona B,Fecha 4,Libertador General San Martín,false,https://es.wikipedia.org/wiki/Torneo_Federal_A_2026,
2026-08-16,18:00,River Plate,Argentinos Juniors,2,0,,,Primera Division - Clausura,2026,zonas,Zona B,Fecha 5,Monumental,false,https://es.wikipedia.org/wiki/Anexo:Torneo_Clausura_2026_(Argentina),
2026-08-16,18:00,San Martín (T),Deportivo Madryn,2,2,,,Primera Nacional,2026,zonas,Interzonal,Fecha 25,La Ciudadela,false,https://es.wikipedia.org/wiki/Campeonato_de_Primera_Nacional_2026,
2026-08-16,18:00,Temperley,Los Andes,3,0,,,Primera Nacional,2026,zonas,Interzonal,Fecha 25,Alfredo Beranger,false,https://es.wikipedia.org/wiki/Campeonato_de_Primera_Nacional_2026,
2026-08-16,19:00,Sol de América (F),Bartolomé Mitre (P),2,1,,,Torneo Federal A,2026,zonas,Zona A,Fecha 4,Sol de América,false,https://es.wikipedia.org/wiki/Torneo_Federal_A_2026,
2026-08-16,20:15,Barracas Central,Rosario Central,0,1,,,Primera Division - Clausura,2026,zonas,Zona B,Fecha 5,Claudio Chiqui Tapia,false,https://es.wikipedia.org/wiki/Anexo:Torneo_Clausura_2026_(Argentina),
2026-08-16,20:15,Central Córdoba (SdE),Instituto,0,1,,,Primera Division - Clausura,2026,zonas,Zona A,Fecha 5,Único Madre de Ciudades,false,https://es.wikipedia.org/wiki/Anexo:Torneo_Clausura_2026_(Argentina),
2026-08-17,14:45,Estudiantes (RC),Atlético Tucumán,0,1,,,Primera Division - Clausura,2026,zonas,Zona B,Fecha 5,Antonio Candini,false,https://es.wikipedia.org/wiki/Anexo:Torneo_Clausura_2026_(Argentina),
2026-08-17,15:00,All Boys,Nueva Chicago,1,0,,,Primera Nacional,2026,zonas,Interzonal,Fecha 25,Islas Malvinas,false,https://es.wikipedia.org/wiki/Campeonato_de_Primera_Nacional_2026,
2026-08-17,15:00,Centro Español,Central Córdoba (R),2,2,,,Primera C,2026,zonas,Interzonal,Fecha 24,Carlos Sacaan,false,https://es.wikipedia.org/wiki/Campeonato_de_Primera_C_2026_(Argentina),
2026-08-17,15:00,Deportivo Español,Sacachispas,0,0,,,Primera C,2026,zonas,Interzonal,Fecha 24,Nueva España,false,https://es.wikipedia.org/wiki/Campeonato_de_Primera_C_2026_(Argentina),
2026-08-17,15:00,Leones de Rosario,Defensores de Cambaceres,2,0,,,Primera C,2026,zonas,Interzonal,Fecha 24,Polideportivo Jorge B. Griffa,false,https://es.wikipedia.org/wiki/Campeonato_de_Primera_C_2026_(Argentina),
2026-08-17,16:00,Sportivo Belgrano,Defensores de Belgrano (VR),0,2,,,Torneo Federal A,2026,zonas,Zona A,Fecha 4,Juan Pablo Francia,false,https://es.wikipedia.org/wiki/Torneo_Federal_A_2026,
2026-08-17,17:00,Lanús,Independiente,1,3,,,Primera Division - Clausura,2026,zonas,Zona A,Fecha 5,Ciudad de Lanús,false,https://es.wikipedia.org/wiki/Anexo:Torneo_Clausura_2026_(Argentina),
2026-08-17,18:00,Ramón Santamarina,FADEP,2,0,,,Torneo Federal A,2026,zonas,Zona B,Fecha 4,Municipal General San Martín,false,https://es.wikipedia.org/wiki/Torneo_Federal_A_2026,
2026-08-17,19:15,Vélez Sarsfield,Defensa y Justicia,1,1,,,Primera Division - Clausura,2026,zonas,Zona A,Fecha 5,José Amalfitani,false,https://es.wikipedia.org/wiki/Anexo:Torneo_Clausura_2026_(Argentina),
2026-08-17,21:30,Gimnasia y Esgrima (M),Talleres (C),3,1,,,Primera Division - Clausura,2026,zonas,Zona A,Fecha 5,Víctor Antonio Legrotaglie,false,https://es.wikipedia.org/wiki/Anexo:Torneo_Clausura_2026_(Argentina),
2026-08-18,,Banfield,Ferrocarril Midland,2,2,4,3,Copa Argentina,2026,eliminacion,,Octavos,Nuevo Francisco Urbano,true,https://es.wikipedia.org/wiki/Copa_Argentina_2026,
2026-08-18,,Deportivo Riestra,Gimnasia y Esgrima (LP),1,1,4,2,Copa Argentina,2026,eliminacion,,Octavos,Norberto Tomaghello,true,https://es.wikipedia.org/wiki/Copa_Argentina_2026,
2026-08-18,15:00,Claypole,Mercedes,1,0,,,Primera C,2026,zonas,Interzonal,Fecha 24,Rodolfo Capocasa,false,https://es.wikipedia.org/wiki/Campeonato_de_Primera_C_2026_(Argentina),
2026-08-18,15:00,Muñiz,Juventud Unida,0,1,,,Primera C,2026,zonas,Interzonal,Fecha 24,Ricardo Puga,false,https://es.wikipedia.org/wiki/Campeonato_de_Primera_C_2026_(Argentina),
2026-08-19,,Racing Club,Belgrano,1,0,,,Copa Argentina,2026,eliminacion,,Octavos,Único La Pedrera,true,https://es.wikipedia.org/wiki/Copa_Argentina_2026,
2026-08-19,15:00,Chacarita Juniors,Güemes (SdE),0,0,,,Primera Nacional,2026,zonas,Zona B,Fecha 21,Chacarita Juniors,false,https://es.wikipedia.org/wiki/Campeonato_de_Primera_Nacional_2026,
2026-08-21,14:30,Aldosivi,Unión,1,3,,,Primera Division - Clausura,2026,zonas,Interzonal,Fecha 6,José María Minella,false,https://es.wikipedia.org/wiki/Anexo:Torneo_Clausura_2026_(Argentina),
2026-08-21,15:00,Acassuso,Godoy Cruz,0,1,,,Primera Nacional,2026,zonas,Zona A,Fecha 26,La Quema,false,https://es.wikipedia.org/wiki/Campeonato_de_Primera_Nacional_2026,
2026-08-21,15:00,Muñiz,General Lamadrid,0,2,,,Primera C,2026,zonas,Zona B,Fecha 25,Ricardo Puga,false,https://es.wikipedia.org/wiki/Campeonato_de_Primera_C_2026_(Argentina),
2026-08-21,15:30,Comunicaciones,Sportivo Italiano,1,0,,,Primera B,2026,zonas,,Fecha 31,Alfredo Ramos,false,https://es.wikipedia.org/wiki/Campeonato_de_Primera_B_2026_(Argentina),
2026-08-21,15:30,San Telmo,Deportivo Morón,2,2,,,Primera Nacional,2026,zonas,Zona A,Fecha 26,Doctor Osvaldo Baletto,false,https://es.wikipedia.org/wiki/Campeonato_de_Primera_Nacional_2026,
2026-08-21,19:00,Brown de Adrogué,UAI Urquiza,1,1,,,Primera B,2026,zonas,,Fecha 31,Lorenzo Arandilla,false,https://es.wikipedia.org/wiki/Campeonato_de_Primera_B_2026_(Argentina),
2026-08-21,19:00,Deportivo Laferrere,Villa Dálmine,0,2,,,Primera B,2026,zonas,,Fecha 31,Ciudad de Laferrere,false,https://es.wikipedia.org/wiki/Campeonato_de_Primera_B_2026_(Argentina),
2026-08-21,19:00,Deportivo Madryn,Mitre (SdE),4,0,,,Primera Nacional,2026,zonas,Zona A,Fecha 26,Abel Sastre,false,https://es.wikipedia.org/wiki/Campeonato_de_Primera_Nacional_2026,
2026-08-21,20:00,Estudiantes (RC),San Lorenzo,0,0,,,Primera Division - Clausura,2026,zonas,Interzonal,Fecha 6,Antonio Candini,false,https://es.wikipedia.org/wiki/Anexo:Torneo_Clausura_2026_(Argentina),
2026-08-21,21:00,Juventud Antoniana,Villa Mitre,0,0,,,Torneo Federal A,2026,zonas,Zona B,Fecha 5,Fray Honorato Pistoia,false,https://es.wikipedia.org/wiki/Torneo_Federal_A_2026,
