date,time,home_team,away_team,home_score,away_score,home_pens,away_pens,tournament,season,phase,group,matchday,venue,neutral,source
2015-02-13,17:00,Berazategui,J. J. de Urquiza,1,2,,,Primera C,2015,zonas,,Fecha 1,Gildo Francisco Ghersinich,false,https://es.wikipedia.org/wiki/Campeonato_de_Primera_C_2015_(Argentina)
2015-02-13,17:00,San Miguel,Defensores de Cambaceres,2,1,,,Primera C,2015,zonas,,Fecha 1,Malvinas Argentinas,false,https://es.wikipedia.org/wiki/Campeonato_de_Primera_C_2015_(Argentina)
2015-02-13,18:00,Vélez Sarsfield,Aldosivi,2,0,,,Primera Division,2015,zonas,,Fecha 1,José Amalfitani,false,https://es.wikipedia.org/wiki/Campeonato_de_Primera_División_2015_(Argentina)
2015-02-13,19:00,Douglas Haig,Juventud Unida (G),0,1,,,Primera Nacional,2015,zonas,,Fecha 1,Miguel Morales,false,https://es.wikipedia.org/wiki/Campeonato_de_Primera_B_Nacional_2015
2015-02-13,20:30,Argentino de Merlo,Central Córdoba (R),1,1,,,Primera C,2015,zonas,,Fecha 1,Merlo,false,https://es.wikipedia.org/wiki/Campeonato_de_Primera_C_2015_(Argentina)
2015-02-13,21:05,Sportivo Belgrano,Chacarita Juniors,0,0,,,Primera Nacional,2015,zonas,,Fecha 1,Oscar C. Boero,false,https://es.wikipedia.org/wiki/Campeonato_de_Primera_B_Nacional_2015
2015-02-13,21:10,Racing Club,Rosario Central,0,1,,,Primera Division,2015,zonas,,Fecha 1,El Cilindro,false,https://es.wikipedia.org/wiki/Campeonato_de_Primera_División_2015_(Argentina)
2015-02-13,21:30,Gimnasia y Esgrima (J),Independiente Rivadavia,1,0,,,Primera Nacional,2015,zonas,,Fecha 1,23 de agosto,false,https://es.wikipedia.org/wiki/Campeonato_de_Primera_B_Nacional_2015
2015-02-13,22:00,Central Córdoba (SdE),Villa Dálmine,1,3,,,Primera Nacional,2015,zonas,,Fecha 1,Alfredo Terrera,false,https://es.wikipedia.org/wiki/Campeonato_de_Primera_B_Nacional_2015
2015-02-14,17:00,Barracas Central,Acassuso,0,1,,,Primera B,2015,zonas,,Fecha 1,Claudio Chiqui Tapia,false,https://es.wikipedia.org/wiki/Campeonato_de_Primera_B_2015_(Argentina)
2015-02-14,17:00,Defensores Unidos,Ferrocarril Midland,0,1,,,Primera C,2015,zonas,,Fecha 1,Municipal de Pilar,false,https://es.wikipedia.org/wiki/Campeonato_de_Primera_C_2015_(Argentina)
2015-02-14,17:00,Deportivo Armenio,Comunicaciones,0,1,,,Primera B,2015,zonas,,Fecha 1,Armenia,false,https://es.wikipedia.org/wiki/Campeonato_de_Primera_B_2015_(Argentina)
2015-02-14,17:00,General Lamadrid,Excursionistas,1,0,,,Primera C,2015,zonas,,Fecha 1,Enrique Sexto,false,https://es.wikipedia.org/wiki/Campeonato_de_Primera_C_2015_(Argentina)
2015-02-14,17:00,Gimnasia y Esgrima (LP),Defensa y Justicia,0,1,,,Primera Division,2015,zonas,,Fecha 1,Del Bosque,false,https://es.wikipedia.org/wiki/Campeonato_de_Primera_División_2015_(Argentina)
2015-02-14,17:00,San Lorenzo,Colón,2,0,,,Primera Division,2015,zonas,,Fecha 1,Nuevo Gasómetro,false,https://es.wikipedia.org/wiki/Campeonato_de_Primera_División_2015_(Argentina)
2015-02-14,17:00,Sportivo Italiano,Colegiales,1,0,,,Primera B,2015,zonas,,Fecha 1,República de Italia,false,https://es.wikipedia.org/wiki/Campeonato_de_Primera_B_2015_(Argentina)
2015-02-14,17:00,Talleres (RdE),San Telmo,0,2,,,Primera C,2015,zonas,,Fecha 1,Talleres de Remedios de Escalada,false,https://es.wikipedia.org/wiki/Campeonato_de_Primera_C_2015_(Argentina)
2015-02-14,17:00,Tristán Suárez,UAI Urquiza,2,0,,,Primera B,2015,zonas,,Fecha 1,20 de Octubre,false,https://es.wikipedia.org/wiki/Campeonato_de_Primera_B_2015_(Argentina)
2015-02-14,17:05,Defensores de Belgrano,Deportivo Riestra,0,0,,,Primera B,2015,zonas,,Fecha 1,Juan Pasquale,false,https://es.wikipedia.org/wiki/Campeonato_de_Primera_B_2015_(Argentina)
2015-02-14,19:15,All Boys,Patronato,1,1,,,Primera Nacional,2015,zonas,,Fecha 1,Islas Malvinas,false,https://es.wikipedia.org/wiki/Campeonato_de_Primera_B_Nacional_2015
2015-02-14,19:15,Godoy Cruz,San Martín (SJ),1,1,,,Primera Division,2015,zonas,,Fecha 1,Malvinas Argentinas,false,https://es.wikipedia.org/wiki/Campeonato_de_Primera_División_2015_(Argentina)
2015-02-14,19:30,Deportivo Morón,Deportivo Merlo,1,1,,,Primera B,2015,zonas,,Fecha 1,Nuevo Francisco Urbano,false,https://es.wikipedia.org/wiki/Campeonato_de_Primera_B_2015_(Argentina)
2015-02-14,20:00,Newell's Old Boys,Independiente,2,3,,,Primera Division,2015,zonas,,Fecha 1,Marcelo Bielsa,false,https://es.wikipedia.org/wiki/Campeonato_de_Primera_División_2015_(Argentina)
2015-02-14,20:30,Banfield,Temperley,0,1,,,Primera Division,2015,zonas,,Fecha 1,Florencio Sola,false,https://es.wikipedia.org/wiki/Campeonato_de_Primera_División_2015_(Argentina)
2015-02-14,21:05,Unión (MdP),Ramón Santamarina,2,2,,,Primera Nacional,2015,zonas,,Fecha 1,José María Minella,false,https://es.wikipedia.org/wiki/Campeonato_de_Primera_B_Nacional_2015
2015-02-14,21:30,Atlético Paraná,Ferro Carril Oeste,3,2,,,Primera Nacional,2015,zonas,,Fecha 1,Pedro Mutio,false,https://es.wikipedia.org/wiki/Campeonato_de_Primera_B_Nacional_2015
2015-02-14,21:30,Crucero del Norte,Tigre,0,0,,,Primera Division,2015,zonas,,Fecha 1,Comandante Andrés Guacurarí,false,https://es.wikipedia.org/wiki/Campeonato_de_Primera_División_2015_(Argentina)
2015-02-15,17:00,Boca Unidos,Guillermo Brown,1,0,,,Primera Nacional,2015,zonas,,Fecha 1,Leoncio Benítez,false,https://es.wikipedia.org/wiki/Campeonato_de_Primera_B_Nacional_2015
2015-02-15,17:00,Cañuelas,Juventud Unida,1,0,,,Primera C,2015,zonas,,Fecha 1,José Alfredo Arín,false,https://es.wikipedia.org/wiki/Campeonato_de_Primera_C_2015_(Argentina)
2015-02-15,17:00,Deportivo Español,Atlanta,0,2,,,Primera B,2015,zonas,,Fecha 1,Nueva España,false,https://es.wikipedia.org/wiki/Campeonato_de_Primera_B_2015_(Argentina)
2015-02-15,17:00,Los Andes,Instituto,0,0,,,Primera Nacional,2015,zonas,,Fecha 1,Eduardo Gallardón,false,https://es.wikipedia.org/wiki/Campeonato_de_Primera_B_Nacional_2015
2015-02-15,17:00,Luján,Sacachispas,2,0,,,Primera C,2015,zonas,,Fecha 1,Municipal de la Ciudad de Luján,false,https://es.wikipedia.org/wiki/Campeonato_de_Primera_C_2015_(Argentina)
2015-02-15,17:00,Quilmes,Lanús,0,1,,,Primera Division,2015,zonas,,Fecha 1,Centenario,false,https://es.wikipedia.org/wiki/Campeonato_de_Primera_División_2015_(Argentina)
2015-02-15,17:00,Unión,Huracán,1,0,,,Primera Division,2015,zonas,,Fecha 1,15 de abril,false,https://es.wikipedia.org/wiki/Campeonato_de_Primera_División_2015_(Argentina)
2015-02-15,18:00,Sportivo Estudiantes (SL),Guaraní Antonio Franco,2,0,,,Primera Nacional,2015,zonas,,Fecha 1,Juan Gilberto Funes,false,https://es.wikipedia.org/wiki/Campeonato_de_Primera_B_Nacional_2015
2015-02-15,18:15,Boca Juniors,Olimpo,3,1,,,Primera Division,2015,zonas,,Fecha 1,Alberto J. Armando,false,https://es.wikipedia.org/wiki/Campeonato_de_Primera_División_2015_(Argentina)
2015-02-15,19:10,Argentinos Juniors,Atlético de Rafaela,2,0,,,Primera Division,2015,zonas,,Fecha 1,Diego Armando Maradona,false,https://es.wikipedia.org/wiki/Campeonato_de_Primera_División_2015_(Argentina)
2015-02-15,21:30,Gimnasia y Esgrima (M),Atlético Tucumán,0,1,,,Primera Nacional,2015,zonas,,Fecha 1,Víctor Antonio Legrotaglie,false,https://es.wikipedia.org/wiki/Campeonato_de_Primera_B_Nacional_2015
2015-02-15,21:30,Sarmiento (J),River Plate,1,4,,,Primera Division,2015,zonas,,Fecha 1,Eva Perón,false,https://es.wikipedia.org/wiki/Campeonato_de_Primera_División_2015_(Argentina)
2015-02-16,17:00,Almagro,Flandria,0,1,,,Primera B,2015,zonas,,Fecha 1,Tres de Febrero,false,https://es.wikipedia.org/wiki/Campeonato_de_Primera_B_2015_(Argentina)
2015-02-16,17:00,Deportivo Laferrere,Argentino de Quilmes,1,1,,,Primera C,2015,zonas,,Fecha 1,José Luis Sánchez,false,https://es.wikipedia.org/wiki/Campeonato_de_Primera_C_2015_(Argentina)
2015-02-16,17:00,Villa San Carlos,Estudiantes (BA),0,0,,,Primera B,2015,zonas,,Fecha 1,Genacio Sálice,false,https://es.wikipedia.org/wiki/Campeonato_de_Primera_B_2015_(Argentina)
2015-02-16,18:00,Arsenal,Estudiantes (LP),0,1,,,Primera Division,2015,zonas,,Fecha 1,El Viaducto,false,https://es.wikipedia.org/wiki/Campeonato_de_Primera_División_2015_(Argentina)
2015-02-16,21:10,Belgrano,Nueva Chicago,3,1,,,Primera Division,2015,zonas,,Fecha 1,Mario Alberto Kempes,false,https://es.wikipedia.org/wiki/Campeonato_de_Primera_División_2015_(Argentina)
2015-02-17,17:00,Dock Sud,San Martín (B),1,4,,,Primera C,2015,zonas,,Fecha 1,De los Inmigrantes,false,https://es.wikipedia.org/wiki/Campeonato_de_Primera_C_2015_(Argentina)
2015-02-17,17:00,Fénix,Brown de Adrogué,1,2,,,Primera B,2015,zonas,,Fecha 1,Armenia,false,https://es.wikipedia.org/wiki/Campeonato_de_Primera_B_2015_(Argentina)
2015-02-17,21:05,Platense,Almirante Brown,2,3,,,Primera B,2015,zonas,,Fecha 1,Ciudad de Vicente López,false,https://es.wikipedia.org/wiki/Campeonato_de_Primera_B_2015_(Argentina)
2015-02-20,19:00,Chacarita Juniors,Unión (MdP),3,1,,,Primera Nacional,2015,zonas,,Fecha 2,Chacarita Juniors,false,https://es.wikipedia.org/wiki/Campeonato_de_Primera_B_Nacional_2015
2015-02-20,20:00,Central Córdoba (R),Defensores Unidos,0,0,,,Primera C,2015,zonas,,Fecha 2,Gabino Sosa,false,https://es.wikipedia.org/wiki/Campeonato_de_Primera_C_2015_(Argentina)
2015-02-20,21:10,Atlético de Rafaela,Banfield,1,4,,,Primera Division,2015,zonas,,Fecha 2,Nuevo Monumental,false,https://es.wikipedia.org/wiki/Campeonato_de_Primera_División_2015_(Argentina)
2015-02-20,21:10,Independiente Rivadavia,Sportivo Estudiantes (SL),3,2,,,Primera Nacional,2015,zonas,,Fecha 2,Bautista Gargantini,false,https://es.wikipedia.org/wiki/Campeonato_de_Primera_B_Nacional_2015
2015-02-21,17:00,All Boys,Atlético Paraná,1,1,,,Primera Nacional,2015,zonas,,Fecha 2,Islas Malvinas,false,https://es.wikipedia.org/wiki/Campeonato_de_Primera_B_Nacional_2015
2015-02-21,17:00,Argentino de Quilmes,San Miguel,1,0,,,Primera C,2015,zonas,,Fecha 2,Argentino de Quilmes,false,https://es.wikipedia.org/wiki/Campeonato_de_Primera_C_2015_(Argentina)
2015-02-21,17:00,Dock Sud,Talleres (RdE),0,0,,,Primera C,2015,zonas,,Fecha 2,De los Inmigrantes,false,https://es.wikipedia.org/wiki/Campeonato_de_Primera_C_2015_(Argentina)
2015-02-21,17:00,Huracán,Arsenal,1,0,,,Primera Division,2015,zonas,,Fecha 2,Tomás A. Ducó,false,https://es.wikipedia.org/wiki/Campeonato_de_Primera_División_2015_(Argentina)
2015-02-21,17:00,J. J. de Urquiza,San Telmo,0,0,,,Primera C,2015,zonas,,Fecha 2,Ramón Roque Martín,false,https://es.wikipedia.org/wiki/Campeonato_de_Primera_C_2015_(Argentina)
2015-02-21,17:00,Juventud Unida,Berazategui,1,2,,,Primera C,2015,zonas,,Fecha 2,Ciudad de San Miguel,false,https://es.wikipedia.org/wiki/Campeonato_de_Primera_C_2015_(Argentina)
2015-02-21,17:05,Almirante Brown,Tristán Suárez,2,0,,,Primera B,2015,zonas,,Fecha 2,Fragata Presidente Sarmiento,false,https://es.wikipedia.org/wiki/Campeonato_de_Primera_B_2015_(Argentina)
2015-02-21,17:15,Estudiantes (LP),Godoy Cruz,2,1,,,Primera Division,2015,zonas,,Fecha 2,Ciudad de La Plata,false,https://es.wikipedia.org/wiki/Campeonato_de_Primera_División_2015_(Argentina)
2015-02-21,19:05,Atlanta,Comunicaciones,1,0,,,Primera B,2015,zonas,,Fecha 2,Don León Kolbovsky,false,https://es.wikipedia.org/wiki/Campeonato_de_Primera_B_2015_(Argentina)
2015-02-21,19:15,Instituto,Boca Unidos,1,0,,,Primera Nacional,2015,zonas,,Fecha 2,Juan Domingo Perón,false,https://es.wikipedia.org/wiki/Campeonato_de_Primera_B_Nacional_2015
2015-02-21,19:15,Rosario Central,Tigre,2,1,,,Primera Division,2015,zonas,,Fecha 2,Gigante de Arroyito,false,https://es.wikipedia.org/wiki/Campeonato_de_Primera_División_2015_(Argentina)
2015-02-21,20:00,Olimpo,Racing Club,0,0,,,Primera Division,2015,zonas,,Fecha 2,Roberto N. Carminatti,false,https://es.wikipedia.org/wiki/Campeonato_de_Primera_División_2015_(Argentina)
2015-02-21,20:30,Vélez Sarsfield,Crucero del Norte,2,1,,,Primera Division,2015,zonas,,Fecha 2,José Amalfitani,false,https://es.wikipedia.org/wiki/Campeonato_de_Primera_División_2015_(Argentina)
2015-02-21,21:30,Ramón Santamarina,Los Andes,0,0,,,Primera Nacional,2015,zonas,,Fecha 2,Municipal General San Martín,false,https://es.wikipedia.org/wiki/Campeonato_de_Primera_B_Nacional_2015
2015-02-21,21:30,San Martín (SJ),Gimnasia y Esgrima (LP),1,1,,,Primera Division,2015,zonas,,Fecha 2,Ingeniero Hilario Sánchez,false,https://es.wikipedia.org/wiki/Campeonato_de_Primera_División_2015_(Argentina)
2015-02-22,17:00,Aldosivi,Newell's Old Boys,0,1,,,Primera Division,2015,zonas,,Fecha 2,José María Minella,false,https://es.wikipedia.org/wiki/Campeonato_de_Primera_División_2015_(Argentina)
2015-02-22,17:00,Barracas Central,Deportivo Armenio,2,0,,,Primera B,2015,zonas,,Fecha 2,Claudio Chiqui Tapia,false,https://es.wikipedia.org/wiki/Campeonato_de_Primera_B_2015_(Argentina)
2015-02-22,17:00,Brown de Adrogué,Sportivo Italiano,2,0,,,Primera B,2015,zonas,,Fecha 2,Lorenzo Arandilla,false,https://es.wikipedia.org/wiki/Campeonato_de_Primera_B_2015_(Argentina)
2015-02-22,17:00,Colegiales,Almagro,3,2,,,Primera B,2015,zonas,,Fecha 2,Colegiales,false,https://es.wikipedia.org/wiki/Campeonato_de_Primera_B_2015_(Argentina)
2015-02-22,17:00,Flandria,Deportivo Español,0,0,,,Primera B,2015,zonas,,Fecha 2,Carlos V,false,https://es.wikipedia.org/wiki/Campeonato_de_Primera_B_2015_(Argentina)
2015-02-22,17:00,Guaraní Antonio Franco,Sportivo Belgrano,0,0,,,Primera Nacional,2015,zonas,,Fecha 2,C. A. Fernández de Oliveira,false,https://es.wikipedia.org/wiki/Campeonato_de_Primera_B_Nacional_2015
2015-02-22,17:00,Guillermo Brown,Gimnasia y Esgrima (M),0,1,,,Primera Nacional,2015,zonas,,Fecha 2,Raúl Conti,false,https://es.wikipedia.org/wiki/Campeonato_de_Primera_B_Nacional_2015
2015-02-22,17:00,Independiente,Sarmiento (J),1,1,,,Primera Division,2015,zonas,,Fecha 2,Libertadores de América,false,https://es.wikipedia.org/wiki/Campeonato_de_Primera_División_2015_(Argentina)
2015-02-22,17:00,Juventud Unida (G),Gimnasia y Esgrima (J),0,0,,,Primera Nacional,2015,zonas,,Fecha 2,Guillermo Bonnín,false,https://es.wikipedia.org/wiki/Campeonato_de_Primera_B_Nacional_2015
2015-02-22,17:00,Nueva Chicago,Unión,2,2,,,Primera Division,2015,zonas,,Fecha 2,República de Mataderos,false,https://es.wikipedia.org/wiki/Campeonato_de_Primera_División_2015_(Argentina)
2015-02-22,18:15,River Plate,Quilmes,2,2,,,Primera Division,2015,zonas,,Fecha 2,Monumental,false,https://es.wikipedia.org/wiki/Campeonato_de_Primera_División_2015_(Argentina)
2015-02-22,19:00,Atlético Tucumán,Central Córdoba (SdE),1,1,,,Primera Nacional,2015,zonas,,Fecha 2,Monumental José Fierro,false,https://es.wikipedia.org/wiki/Campeonato_de_Primera_B_Nacional_2015
2015-02-22,19:10,Colón,Argentinos Juniors,1,1,,,Primera Division,2015,zonas,,Fecha 2,Brigadier Estanislao López,false,https://es.wikipedia.org/wiki/Campeonato_de_Primera_División_2015_(Argentina)
2015-02-22,20:00,Patronato,Douglas Haig,0,1,,,Primera Nacional,2015,zonas,,Fecha 2,Presbítero Bartolomé Grella,false,https://es.wikipedia.org/wiki/Campeonato_de_Primera_B_Nacional_2015
2015-02-22,21:30,Temperley,Boca Juniors,0,2,,,Primera Division,2015,zonas,,Fecha 2,Alfredo Beranger,false,https://es.wikipedia.org/wiki/Campeonato_de_Primera_División_2015_(Argentina)
2015-02-22,21:30,Villa Dálmine,Ferro Carril Oeste,1,3,,,Primera Nacional,2015,zonas,,Fecha 2,El Coliseo de Mitre y Puccini,false,https://es.wikipedia.org/wiki/Campeonato_de_Primera_B_Nacional_2015
2015-02-23,17:00,Acassuso,Defensores de Belgrano,1,3,,,Primera B,2015,zonas,,Fecha 2,Ciudad de Vicente López,false,https://es.wikipedia.org/wiki/Campeonato_de_Primera_B_2015_(Argentina)
2015-02-23,17:00,Defensores de Cambaceres,General Lamadrid,0,4,,,Primera C,2015,zonas,,Fecha 2,Malvinas Argentinas,false,https://es.wikipedia.org/wiki/Campeonato_de_Primera_C_2015_(Argentina)
2015-02-23,17:00,Deportivo Merlo,Fénix,0,1,,,Primera B,2015,zonas,,Fecha 2,Armenia,false,https://es.wikipedia.org/wiki/Campeonato_de_Primera_B_2015_(Argentina)
2015-02-23,17:00,Deportivo Riestra,Villa San Carlos,1,0,,,Primera B,2015,zonas,,Fecha 2,Guillermo Laza,false,https://es.wikipedia.org/wiki/Campeonato_de_Primera_B_2015_(Argentina)
2015-02-23,17:00,UAI Urquiza,Deportivo Morón,1,1,,,Primera B,2015,zonas,,Fecha 2,Monumental de Villa Lynch,false,https://es.wikipedia.org/wiki/Campeonato_de_Primera_B_2015_(Argentina)
2015-02-23,18:00,Lanús,Belgrano,0,0,,,Primera Division,2015,zonas,,Fecha 2,Ciudad de Lanús,false,https://es.wikipedia.org/wiki/Campeonato_de_Primera_División_2015_(Argentina)
2015-02-23,21:10,Defensa y Justicia,San Lorenzo,1,2,,,Primera Division,2015,zonas,,Fecha 2,Norberto Tomaghello,false,https://es.wikipedia.org/wiki/Campeonato_de_Primera_División_2015_(Argentina)
2015-02-24,17:00,Estudiantes (BA),Platense,1,1,,,Primera B,2015,zonas,,Fecha 2,Ciudad de Caseros,false,https://es.wikipedia.org/wiki/Campeonato_de_Primera_B_2015_(Argentina)
2015-02-24,17:00,Ferrocarril Midland,Luján,0,0,,,Primera C,2015,zonas,,Fecha 2,Ciudad de Libertad,false,https://es.wikipedia.org/wiki/Campeonato_de_Primera_C_2015_(Argentina)
2015-02-24,17:00,Sacachispas,Cañuelas,0,0,,,Primera C,2015,zonas,,Fecha 2,Beto Larrosa,false,https://es.wikipedia.org/wiki/Campeonato_de_Primera_C_2015_(Argentina)
2015-02-24,17:00,San Martín (B),Deportivo Laferrere,0,0,,,Primera C,2015,zonas,,Fecha 2,Francisco Boga,false,https://es.wikipedia.org/wiki/Campeonato_de_Primera_C_2015_(Argentina)
2015-02-27,17:00,Almagro,Brown de Adrogué,1,2,,,Primera B,2015,zonas,,Fecha 3,Tres de Febrero,false,https://es.wikipedia.org/wiki/Campeonato_de_Primera_B_2015_(Argentina)
2015-02-27,17:10,Los Andes,Chacarita Juniors,1,0,,,Primera Nacional,2015,zonas,,Fecha 3,Eduardo Gallardón,false,https://es.wikipedia.org/wiki/Campeonato_de_Primera_B_Nacional_2015
2015-02-27,18:00,Arsenal,Nueva Chicago,1,1,,,Primera Division,2015,zonas,,Fecha 3,El Viaducto,false,https://es.wikipedia.org/wiki/Campeonato_de_Primera_División_2015_(Argentina)
2015-02-27,21:00,Argentino de Merlo,Defensores de Cambaceres,0,1,,,Primera C,2015,zonas,,Fecha 3,Merlo,false,https://es.wikipedia.org/wiki/Campeonato_de_Primera_C_2015_(Argentina)
2015-02-27,21:10,Godoy Cruz,Huracán,2,1,,,Primera Division,2015,zonas,,Fecha 3,Malvinas Argentinas,false,https://es.wikipedia.org/wiki/Campeonato_de_Primera_División_2015_(Argentina)
2015-02-27,21:30,Douglas Haig,All Boys,2,2,,,Primera Nacional,2015,zonas,,Fecha 3,Miguel Morales,false,https://es.wikipedia.org/wiki/Campeonato_de_Primera_B_Nacional_2015
2015-02-28,17:00,Atlético Paraná,Villa Dálmine,0,2,,,Primera Nacional,2015,zonas,,Fecha 3,Pedro Mutio,false,https://es.wikipedia.org/wiki/Campeonato_de_Primera_B_Nacional_2015
2015-02-28,17:00,Comunicaciones,Flandria,0,0,,,Primera B,2015,zonas,,Fecha 3,Alfredo Ramos,false,https://es.wikipedia.org/wiki/Campeonato_de_Primera_B_2015_(Argentina)
2015-02-28,17:00,Defensores Unidos,Excursionistas,1,2,,,Primera C,2015,zonas,,Fecha 3,Municipal de Pilar,false,https://es.wikipedia.org/wiki/Campeonato_de_Primera_C_2015_(Argentina)
2015-02-28,17:00,Deportivo Armenio,Atlanta,1,0,,,Primera B,2015,zonas,,Fecha 3,Armenia,false,https://es.wikipedia.org/wiki/Campeonato_de_Primera_B_2015_(Argentina)
2015-02-28,17:00,Ferro Carril Oeste,Atlético Tucumán,1,1,,,Primera Nacional,2015,zonas,,Fecha 3,Arquitecto Ricardo Etcheverri,false,https://es.wikipedia.org/wiki/Campeonato_de_Primera_B_Nacional_2015
2015-02-28,17:00,General Lamadrid,Argentino de Quilmes,1,2,,,Primera C,2015,zonas,,Fecha 3,Enrique Sexto,false,https://es.wikipedia.org/wiki/Campeonato_de_Primera_C_2015_(Argentina)
2015-02-28,17:00,Talleres (RdE),J. J. de Urquiza,1,0,,,Primera C,2015,zonas,,Fecha 3,Talleres de Remedios de Escalada,false,https://es.wikipedia.org/wiki/Campeonato_de_Primera_C_2015_(Argentina)
2015-02-28,17:00,Tigre,Olimpo,1,0,,,Primera Division,2015,zonas,,Fecha 3,Monumental de Victoria,false,https://es.wikipedia.org/wiki/Campeonato_de_Primera_División_2015_(Argentina)
2015-02-28,17:00,Tristán Suárez,Estudiantes (BA),3,1,,,Primera B,2015,zonas,,Fecha 3,20 de Octubre,false,https://es.wikipedia.org/wiki/Campeonato_de_Primera_B_2015_(Argentina)
2015-02-28,18:00,Crucero del Norte,Rosario Central,0,1,,,Primera Division,2015,zonas,,Fecha 3,Comandante Andrés Guacurarí,false,https://es.wikipedia.org/wiki/Campeonato_de_Primera_División_2015_(Argentina)
2015-02-28,19:05,Gimnasia y Esgrima (M),Instituto,2,2,,,Primera Nacional,2015,zonas,,Fecha 3,Víctor Antonio Legrotaglie,false,https://es.wikipedia.org/wiki/Campeonato_de_Primera_B_Nacional_2015
2015-02-28,19:15,Unión,Lanús,1,1,,,Primera Division,2015,zonas,,Fecha 3,15 de abril,false,https://es.wikipedia.org/wiki/Campeonato_de_Primera_División_2015_(Argentina)
2015-02-28,20:05,Defensores de Belgrano,Barracas Central,1,1,,,Primera B,2015,zonas,,Fecha 3,Juan Pasquale,false,https://es.wikipedia.org/wiki/Campeonato_de_Primera_B_2015_(Argentina)
2015-02-28,20:10,Quilmes,Independiente,1,2,,,Primera Division,2015,zonas,,Fecha 3,Centenario,false,https://es.wikipedia.org/wiki/Campeonato_de_Primera_División_2015_(Argentina)
2015-02-28,20:30,San Lorenzo,San Martín (SJ),1,2,,,Primera Division,2015,zonas,,Fecha 3,Nuevo Gasómetro,false,https://es.wikipedia.org/wiki/Campeonato_de_Primera_División_2015_(Argentina)
2015-02-28,21:00,Sportivo Italiano,Deportivo Merlo,1,1,,,Primera B,2015,zonas,,Fecha 3,República de Italia,false,https://es.wikipedia.org/wiki/Campeonato_de_Primera_B_2015_(Argentina)
2015-02-28,21:10,Unión (MdP),Guaraní Antonio Franco,2,0,,,Primera Nacional,2015,zonas,,Fecha 3,José María Minella,false,https://es.wikipedia.org/wiki/Campeonato_de_Primera_B_Nacional_2015
2015-03-01,17:00,Boca Unidos,Ramón Santamarina,2,1,,,Primera Nacional,2015,zonas,,Fecha 3,Leoncio Benítez,false,https://es.wikipedia.org/wiki/Campeonato_de_Primera_B_Nacional_2015
2015-03-01,17:00,Cañuelas,Ferrocarril Midland,1,0,,,Primera C,2015,zonas,,Fecha 3,José Alfredo Arín,false,https://es.wikipedia.org/wiki/Campeonato_de_Primera_C_2015_(Argentina)
2015-03-01,17:00,Deportivo Español,Colegiales,0,1,,,Primera B,2015,zonas,,Fecha 3,Nueva España,false,https://es.wikipedia.org/wiki/Campeonato_de_Primera_B_2015_(Argentina)
2015-03-01,17:00,Fénix,UAI Urquiza,2,0,,,Primera B,2015,zonas,,Fecha 3,Armenia,false,https://es.wikipedia.org/wiki/Campeonato_de_Primera_B_2015_(Argentina)
2015-03-01,17:00,Gimnasia y Esgrima (J),Patronato,1,1,,,Primera Nacional,2015,zonas,,Fecha 3,23 de agosto,false,https://es.wikipedia.org/wiki/Campeonato_de_Primera_B_Nacional_2015
2015-03-01,17:00,Gimnasia y Esgrima (LP),Estudiantes (LP),1,3,,,Primera Division,2015,zonas,,Fecha 3,Del Bosque,false,https://es.wikipedia.org/wiki/Campeonato_de_Primera_División_2015_(Argentina)
2015-03-01,18:00,Central Córdoba (SdE),Guillermo Brown,1,2,,,Primera Nacional,2015,zonas,,Fecha 3,Alfredo Terrera,false,https://es.wikipedia.org/wiki/Campeonato_de_Primera_B_Nacional_2015
2015-03-01,18:00,Sportivo Estudiantes (SL),Juventud Unida (G),3,1,,,Primera Nacional,2015,zonas,,Fecha 3,Juan Gilberto Funes,false,https://es.wikipedia.org/wiki/Campeonato_de_Primera_B_Nacional_2015
2015-03-01,18:05,Sportivo Belgrano,Independiente Rivadavia,0,1,,,Primera Nacional,2015,zonas,,Fecha 3,Oscar C. Boero,false,https://es.wikipedia.org/wiki/Campeonato_de_Primera_B_Nacional_2015
2015-03-01,18:15,Boca Juniors,Atlético de Rafaela,1,0,,,Primera Division,2015,zonas,,Fecha 3,La Bombonera,false,https://es.wikipedia.org/wiki/Campeonato_de_Primera_División_2015_(Argentina)
2015-03-01,19:15,Argentinos Juniors,Defensa y Justicia,1,0,,,Primera Division,2015,zonas,,Fecha 3,Diego Armando Maradona,false,https://es.wikipedia.org/wiki/Campeonato_de_Primera_División_2015_(Argentina)
2015-03-01,19:15,Racing Club,Temperley,2,1,,,Primera Division,2015,zonas,,Fecha 3,El Cilindro,false,https://es.wikipedia.org/wiki/Campeonato_de_Primera_División_2015_(Argentina)
2015-03-01,21:30,Belgrano,River Plate,1,2,,,Primera Division,2015,zonas,,Fecha 3,Mario Alberto Kempes,false,https://es.wikipedia.org/wiki/Campeonato_de_Primera_División_2015_(Argentina)
2015-03-02,17:00,Deportivo Laferrere,Dock Sud,2,2,,,Primera C,2015,zonas,,Fecha 3,José Luis Sánchez,false,https://es.wikipedia.org/wiki/Campeonato_de_Primera_C_2015_(Argentina)
2015-03-02,17:00,Luján,Central Córdoba (R),1,3,,,Primera C,2015,zonas,,Fecha 3,Municipal de la Ciudad de Luján,false,https://es.wikipedia.org/wiki/Campeonato_de_Primera_C_2015_(Argentina)
2015-03-02,17:00,San Miguel,San Martín (B),3,2,,,Primera C,2015,zonas,,Fecha 3,Malvinas Argentinas,false,https://es.wikipedia.org/wiki/Campeonato_de_Primera_C_2015_(Argentina)
2015-03-02,17:00,Villa San Carlos,Acassuso,1,1,,,Primera B,2015,zonas,,Fecha 3,Genacio Sálice,false,https://es.wikipedia.org/wiki/Campeonato_de_Primera_B_2015_(Argentina)
2015-03-02,18:00,Sarmiento (J),Aldosivi,2,2,,,Primera Division,2015,zonas,,Fecha 3,Eva Perón,false,https://es.wikipedia.org/wiki/Campeonato_de_Primera_División_2015_(Argentina)
2015-03-02,20:15,Banfield,Colón,0,0,,,Primera Division,2015,zonas,,Fecha 3,Florencio Sola,false,https://es.wikipedia.org/wiki/Campeonato_de_Primera_División_2015_(Argentina)
2015-03-02,21:10,Newell's Old Boys,Vélez Sarsfield,0,0,,,Primera Division,2015,zonas,,Fecha 3,Marcelo Bielsa,false,https://es.wikipedia.org/wiki/Campeonato_de_Primera_División_2015_(Argentina)
2015-03-02,21:35,Platense,Deportivo Riestra,0,1,,,Primera B,2015,zonas,,Fecha 3,Ciudad de Vicente López,false,https://es.wikipedia.org/wiki/Campeonato_de_Primera_B_2015_(Argentina)
2015-03-03,17:00,Berazategui,Sacachispas,3,1,,,Primera C,2015,zonas,,Fecha 3,Gildo Francisco Ghersinich,false,https://es.wikipedia.org/wiki/Campeonato_de_Primera_C_2015_(Argentina)
2015-03-03,17:00,San Telmo,Juventud Unida,2,1,,,Primera C,2015,zonas,,Fecha 3,Dr. Osvaldo Baletto,false,https://es.wikipedia.org/wiki/Campeonato_de_Primera_C_2015_(Argentina)
2015-03-03,21:05,Deportivo Morón,Almirante Brown,4,3,,,Primera B,2015,zonas,,Fecha 3,Nuevo Francisco Urbano,false,https://es.wikipedia.org/wiki/Campeonato_de_Primera_B_2015_(Argentina)
2015-03-05,17:00,Defensores de Cambaceres,Defensores Unidos,2,1,,,Primera C,2015,zonas,,Fecha 4,Gildo Francisco Ghersinich,false,https://es.wikipedia.org/wiki/Campeonato_de_Primera_C_2015_(Argentina)
2015-03-05,17:00,Deportivo Laferrere,Talleres (RdE),0,0,,,Primera C,2015,zonas,,Fecha 4,El Coliseo de Mitre y Puccini,false,https://es.wikipedia.org/wiki/Campeonato_de_Primera_C_2015_(Argentina)
2015-03-05,17:00,Deportivo Merlo,Almagro,0,0,,,Primera B,2015,zonas,,Fecha 4,José Manuel Moreno,false,https://es.wikipedia.org/wiki/Campeonato_de_Primera_B_2015_(Argentina)
2015-03-05,17:00,Excursionistas,Luján,2,1,,,Primera C,2015,zonas,,Fecha 4,Ramón Roque Martín,false,https://es.wikipedia.org/wiki/Campeonato_de_Primera_C_2015_(Argentina)
2015-03-06,17:00,Almirante Brown,Fénix,0,2,,,Primera B,2015,zonas,,Fecha 4,Fragata Presidente Sarmiento,false,https://es.wikipedia.org/wiki/Campeonato_de_Primera_B_2015_(Argentina)
2015-03-06,17:00,Brown de Adrogué,Deportivo Español,3,2,,,Primera B,2015,zonas,,Fecha 4,Lorenzo Arandilla,false,https://es.wikipedia.org/wiki/Campeonato_de_Primera_B_2015_(Argentina)
2015-03-06,17:00,Chacarita Juniors,Boca Unidos,2,1,,,Primera Nacional,2015,zonas,,Fecha 4,Chacarita Juniors,false,https://es.wikipedia.org/wiki/Campeonato_de_Primera_B_Nacional_2015
2015-03-06,17:00,Deportivo Riestra,Tristán Suárez,2,0,,,Primera B,2015,zonas,,Fecha 4,Guillermo Laza,false,https://es.wikipedia.org/wiki/Campeonato_de_Primera_B_2015_(Argentina)
2015-03-06,17:00,Dock Sud,San Miguel,2,1,,,Primera C,2015,zonas,,Fecha 4,De los Inmigrantes,false,https://es.wikipedia.org/wiki/Campeonato_de_Primera_C_2015_(Argentina)
2015-03-06,17:00,Juventud Unida,J. J. de Urquiza,3,1,,,Primera C,2015,zonas,,Fecha 4,Ciudad de San Miguel,false,https://es.wikipedia.org/wiki/Campeonato_de_Primera_C_2015_(Argentina)
2015-03-06,18:00,Huracán,Gimnasia y Esgrima (LP),1,1,,,Primera Division,2015,zonas,,Fecha 4,Tomás A. Ducó,false,https://es.wikipedia.org/wiki/Campeonato_de_Primera_División_2015_(Argentina)
2015-03-06,21:10,Atlético de Rafaela,Racing Club,1,1,,,Primera Division,2015,zonas,,Fecha 4,Nuevo Monumental,false,https://es.wikipedia.org/wiki/Campeonato_de_Primera_División_2015_(Argentina)
2015-03-06,22:00,Atlético Tucumán,Villa Dálmine,3,1,,,Primera Nacional,2015,zonas,,Fecha 4,Monumental José Fierro,false,https://es.wikipedia.org/wiki/Campeonato_de_Primera_B_Nacional_2015
2015-03-07,17:00,Barracas Central,Villa San Carlos,3,0,,,Primera B,2015,zonas,,Fecha 4,Claudio Chiqui Tapia,false,https://es.wikipedia.org/wiki/Campeonato_de_Primera_B_2015_(Argentina)
2015-03-07,17:00,Colegiales,Comunicaciones,2,2,,,Primera B,2015,zonas,,Fecha 4,Colegiales,false,https://es.wikipedia.org/wiki/Campeonato_de_Primera_B_2015_(Argentina)
2015-03-07,17:00,Flandria,Atlanta,2,1,,,Primera B,2015,zonas,,Fecha 4,Carlos V,false,https://es.wikipedia.org/wiki/Campeonato_de_Primera_B_2015_(Argentina)
2015-03-07,17:00,Guillermo Brown,Ferro Carril Oeste,2,2,,,Primera Nacional,2015,zonas,,Fecha 4,Raúl Conti,false,https://es.wikipedia.org/wiki/Campeonato_de_Primera_B_Nacional_2015
2015-03-07,17:00,Nueva Chicago,Godoy Cruz,0,2,,,Primera Division,2015,zonas,,Fecha 4,República de Mataderos,false,https://es.wikipedia.org/wiki/Campeonato_de_Primera_División_2015_(Argentina)
2015-03-07,17:00,Sacachispas,San Telmo,1,0,,,Primera C,2015,zonas,,Fecha 4,Beto Larrosa,false,https://es.wikipedia.org/wiki/Campeonato_de_Primera_C_2015_(Argentina)
2015-03-07,17:00,San Martín (B),General Lamadrid,2,2,,,Primera C,2015,zonas,,Fecha 4,Francisco Boga,false,https://es.wikipedia.org/wiki/Campeonato_de_Primera_C_2015_(Argentina)
2015-03-07,17:00,UAI Urquiza,Sportivo Italiano,3,0,,,Primera B,2015,zonas,,Fecha 4,Monumental de Villa Lynch,false,https://es.wikipedia.org/wiki/Campeonato_de_Primera_B_2015_(Argentina)
2015-03-07,18:00,Olimpo,Rosario Central,1,3,,,Primera Division,2015,zonas,,Fecha 4,Roberto N. Carminatti,false,https://es.wikipedia.org/wiki/Campeonato_de_Primera_División_2015_(Argentina)
2015-03-07,18:05,Estudiantes (BA),Deportivo Morón,2,1,,,Primera B,2015,zonas,,Fecha 4,Ciudad de Caseros,false,https://es.wikipedia.org/wiki/Campeonato_de_Primera_B_2015_(Argentina)
2015-03-07,19:05,All Boys,Gimnasia y Esgrima (J),0,0,,,Primera Nacional,2015,zonas,,Fecha 4,Islas Malvinas,false,https://es.wikipedia.org/wiki/Campeonato_de_Primera_B_Nacional_2015
2015-03-07,19:15,Aldosivi,Quilmes,1,1,,,Primera Division,2015,zonas,,Fecha 4,José María Minella,false,https://es.wikipedia.org/wiki/Campeonato_de_Primera_División_2015_(Argentina)
2015-03-07,20:00,Instituto,Central Córdoba (SdE),0,0,,,Primera Nacional,2015,zonas,,Fecha 4,Juan Domingo Perón,false,https://es.wikipedia.org/wiki/Campeonato_de_Primera_B_Nacional_2015
2015-03-07,20:05,Defensores de Belgrano,Deportivo Armenio,3,1,,,Primera B,2015,zonas,,Fecha 4,Juan Pasquale,false,https://es.wikipedia.org/wiki/Campeonato_de_Primera_B_2015_(Argentina)
2015-03-07,20:10,Independiente,Belgrano,1,2,,,Primera Division,2015,zonas,,Fecha 4,Libertadores de América,false,https://es.wikipedia.org/wiki/Campeonato_de_Primera_División_2015_(Argentina)
2015-03-07,20:30,Newell's Old Boys,Crucero del Norte,2,0,,,Primera Division,2015,zonas,,Fecha 4,Marcelo Bielsa,false,https://es.wikipedia.org/wiki/Campeonato_de_Primera_División_2015_(Argentina)
2015-03-07,21:10,Ramón Santamarina,Gimnasia y Esgrima (M),2,0,,,Primera Nacional,2015,zonas,,Fecha 4,Municipal General San Martín,false,https://es.wikipedia.org/wiki/Campeonato_de_Primera_B_Nacional_2015
2015-03-08,17:00,Acassuso,Platense,0,0,,,Primera B,2015,zonas,,Fecha 4,Armenia,false,https://es.wikipedia.org/wiki/Campeonato_de_Primera_B_2015_(Argentina)
2015-03-08,17:00,Central Córdoba (R),Cañuelas,1,3,,,Primera C,2015,zonas,,Fecha 4,Gabino Sosa,false,https://es.wikipedia.org/wiki/Campeonato_de_Primera_C_2015_(Argentina)
2015-03-08,17:00,Defensa y Justicia,Banfield,1,0,,,Primera Division,2015,zonas,,Fecha 4,Norberto Tomaghello,false,https://es.wikipedia.org/wiki/Campeonato_de_Primera_División_2015_(Argentina)
2015-03-08,17:00,Ferrocarril Midland,Berazategui,0,0,,,Primera C,2015,zonas,,Fecha 4,Ciudad de Libertad,false,https://es.wikipedia.org/wiki/Campeonato_de_Primera_C_2015_(Argentina)
2015-03-08,17:00,Guaraní Antonio Franco,Los Andes,1,1,,,Primera Nacional,2015,zonas,,Fecha 4,C. A. Fernández de Oliveira,false,https://es.wikipedia.org/wiki/Campeonato_de_Primera_B_Nacional_2015
2015-03-08,17:00,Juventud Unida (G),Sportivo Belgrano,2,0,,,Primera Nacional,2015,zonas,,Fecha 4,Guillermo Bonnín,false,https://es.wikipedia.org/wiki/Campeonato_de_Primera_B_Nacional_2015
2015-03-08,17:00,Lanús,Arsenal,0,0,,,Primera Division,2015,zonas,,Fecha 4,Ciudad de Lanús,false,https://es.wikipedia.org/wiki/Campeonato_de_Primera_División_2015_(Argentina)
2015-03-08,17:00,Vélez Sarsfield,Sarmiento (J),1,1,,,Primera Division,2015,zonas,,Fecha 4,José Amalfitani,false,https://es.wikipedia.org/wiki/Campeonato_de_Primera_División_2015_(Argentina)
2015-03-08,18:00,Independiente Rivadavia,Unión (MdP),1,1,,,Primera Nacional,2015,zonas,,Fecha 4,Bautista Gargantini,false,https://es.wikipedia.org/wiki/Campeonato_de_Primera_B_Nacional_2015
2015-03-08,18:15,River Plate,Unión,2,2,,,Primera Division,2015,zonas,,Fecha 4,Monumental,false,https://es.wikipedia.org/wiki/Campeonato_de_Primera_División_2015_(Argentina)
2015-03-08,19:15,San Martín (SJ),Argentinos Juniors,0,0,,,Primera Division,2015,zonas,,Fecha 4,Ingeniero Hilario Sánchez,false,https://es.wikipedia.org/wiki/Campeonato_de_Primera_División_2015_(Argentina)
2015-03-08,20:00,Patronato,Sportivo Estudiantes (SL),2,0,,,Primera Nacional,2015,zonas,,Fecha 4,Presbítero Bartolomé Grella,false,https://es.wikipedia.org/wiki/Campeonato_de_Primera_B_Nacional_2015
2015-03-08,21:30,Colón,Boca Juniors,1,1,,,Primera Division,2015,zonas,,Fecha 4,Brigadier Estanislao López,false,https://es.wikipedia.org/wiki/Campeonato_de_Primera_División_2015_(Argentina)
2015-03-08,21:30,Douglas Haig,Atlético Paraná,3,1,,,Primera Nacional,2015,zonas,,Fecha 4,Miguel Morales,false,https://es.wikipedia.org/wiki/Campeonato_de_Primera_B_Nacional_2015
2015-03-09,17:00,Argentino de Quilmes,Argentino de Merlo,1,0,,,Primera C,2015,zonas,,Fecha 4,Argentino de Quilmes,false,https://es.wikipedia.org/wiki/Campeonato_de_Primera_C_2015_(Argentina)
2015-03-09,20:00,Temperley,Tigre,1,1,,,Primera Division,2015,zonas,,Fecha 4,Alfredo Bernager,false,https://es.wikipedia.org/wiki/Campeonato_de_Primera_División_2015_(Argentina)
2015-03-09,21:10,Estudiantes (LP),San Lorenzo,0,2,,,Primera Division,2015,zonas,,Fecha 4,Ciudad de La Plata,false,https://es.wikipedia.org/wiki/Campeonato_de_Primera_División_2015_(Argentina)
2015-03-10,15:30,Comunicaciones,Brown de Adrogué,0,0,,,Primera B,2015,zonas,,Fecha 5,Alfredo Ramos,false,https://es.wikipedia.org/wiki/Campeonato_de_Primera_B_2015_(Argentina)
2015-03-10,16:00,Almagro,UAI Urquiza,0,0,,,Primera B,2015,zonas,,Fecha 5,Tres de Febrero,false,https://es.wikipedia.org/wiki/Campeonato_de_Primera_B_2015_(Argentina)
2015-03-10,16:00,Deportivo Armenio,Flandria,0,0,,,Primera B,2015,zonas,,Fecha 5,Armenia,false,https://es.wikipedia.org/wiki/Campeonato_de_Primera_B_2015_(Argentina)
2015-03-10,16:00,Villa San Carlos,Defensores de Belgrano,1,2,,,Primera B,2015,zonas,,Fecha 5,Genacio Sálice,false,https://es.wikipedia.org/wiki/Campeonato_de_Primera_B_2015_(Argentina)
2015-03-10,21:05,Atlanta,Colegiales,2,1,,,Primera B,2015,zonas,,Fecha 5,Don León Kolbovsky,false,https://es.wikipedia.org/wiki/Campeonato_de_Primera_B_2015_(Argentina)
2015-03-11,16:00,Deportivo Español,Deportivo Merlo,2,0,,,Primera B,2015,zonas,,Fecha 5,Nueva España,false,https://es.wikipedia.org/wiki/Campeonato_de_Primera_B_2015_(Argentina)
2015-03-11,16:00,Fénix,Estudiantes (BA),1,1,,,Primera B,2015,zonas,,Fecha 5,Armenia,false,https://es.wikipedia.org/wiki/Campeonato_de_Primera_B_2015_(Argentina)
2015-03-11,16:00,Tristán Suárez,Acassuso,1,1,,,Primera B,2015,zonas,,Fecha 5,20 de Octubre,false,https://es.wikipedia.org/wiki/Campeonato_de_Primera_B_2015_(Argentina)
2015-03-11,17:00,Deportivo Morón,Deportivo Riestra,4,2,,,Primera B,2015,zonas,,Fecha 5,Nuevo Francisco Urbano,false,https://es.wikipedia.org/wiki/Campeonato_de_Primera_B_2015_(Argentina)
2015-03-11,17:05,Platense,Barracas Central,0,0,,,Primera B,2015,zonas,,Fecha 5,Ciudad de Vicente López,false,https://es.wikipedia.org/wiki/Campeonato_de_Primera_B_2015_(Argentina)
2015-03-11,17:05,Sportivo Italiano,Almirante Brown,0,0,,,Primera B,2015,zonas,,Fecha 5,República de Italia,false,https://es.wikipedia.org/wiki/Campeonato_de_Primera_B_2015_(Argentina)
2015-03-13,16:00,Cañuelas,Excursionistas,0,1,,,Primera C,2015,zonas,,Fecha 5,José Alfredo Arín,false,https://es.wikipedia.org/wiki/Campeonato_de_Primera_C_2015_(Argentina)
2015-03-13,18:00,Crucero del Norte,Olimpo,0,0,,,Primera Division,2015,zonas,,Fecha 5,Comandante Andrés Guacurarí,false,https://es.wikipedia.org/wiki/Campeonato_de_Primera_División_2015_(Argentina)
2015-03-13,21:00,Sportivo Belgrano,Patronato,1,3,,,Primera Nacional,2015,zonas,,Fecha 5,Oscar C. Boero,false,https://es.wikipedia.org/wiki/Campeonato_de_Primera_B_Nacional_2015
2015-03-13,21:10,Racing Club,Colón,4,1,,,Primera Division,2015,zonas,,Fecha 5,El Cilindro,false,https://es.wikipedia.org/wiki/Campeonato_de_Primera_División_2015_(Argentina)
2015-03-13,22:00,Central Córdoba (SdE),Ramón Santamarina,2,2,,,Primera Nacional,2015,zonas,,Fecha 5,Alfredo Terrera,false,https://es.wikipedia.org/wiki/Campeonato_de_Primera_B_Nacional_2015
2015-03-14,13:05,Brown de Adrogué,Atlanta,4,1,,,Primera B,2015,zonas,,Fecha 6,Lorenzo Arandilla,false,https://es.wikipedia.org/wiki/Campeonato_de_Primera_B_2015_(Argentina)
2015-03-14,15:05,Acassuso,Deportivo Morón,2,1,,,Primera B,2015,zonas,,Fecha 6,Ciudad de Vicente López,false,https://es.wikipedia.org/wiki/Campeonato_de_Primera_B_2015_(Argentina)
2015-03-14,16:00,Banfield,San Martín (SJ),3,2,,,Primera Division,2015,zonas,,Fecha 5,Florencio Sola,false,https://es.wikipedia.org/wiki/Campeonato_de_Primera_División_2015_(Argentina)
2015-03-14,16:00,Boca Unidos,Guaraní Antonio Franco,0,0,,,Primera Nacional,2015,zonas,,Fecha 5,Leoncio Benítez,false,https://es.wikipedia.org/wiki/Campeonato_de_Primera_B_Nacional_2015
2015-03-14,16:00,Deportivo Merlo,Comunicaciones,4,2,,,Primera B,2015,zonas,,Fecha 6,José Manuel Moreno,false,https://es.wikipedia.org/wiki/Campeonato_de_Primera_B_2015_(Argentina)
2015-03-14,16:00,Deportivo Riestra,Fénix,2,1,,,Primera B,2015,zonas,,Fecha 6,Guillermo Laza,false,https://es.wikipedia.org/wiki/Campeonato_de_Primera_B_2015_(Argentina)
2015-03-14,16:00,Estudiantes (BA),Sportivo Italiano,1,4,,,Primera B,2015,zonas,,Fecha 6,Ciudad de Caseros,false,https://es.wikipedia.org/wiki/Campeonato_de_Primera_B_2015_(Argentina)
2015-03-14,16:00,General Lamadrid,Dock Sud,0,1,,,Primera C,2015,zonas,,Fecha 5,Enrique Sexto,false,https://es.wikipedia.org/wiki/Campeonato_de_Primera_C_2015_(Argentina)
2015-03-14,16:00,Gimnasia y Esgrima (M),Chacarita Juniors,2,1,,,Primera Nacional,2015,zonas,,Fecha 5,Víctor Antonio Legrotaglie,false,https://es.wikipedia.org/wiki/Campeonato_de_Primera_B_Nacional_2015
2015-03-14,16:00,San Telmo,Ferrocarril Midland,1,0,,,Primera C,2015,zonas,,Fecha 5,Dr. Osvaldo Baletto,false,https://es.wikipedia.org/wiki/Campeonato_de_Primera_C_2015_(Argentina)
2015-03-14,18:15,Boca Juniors,Defensa y Justicia,2,1,,,Primera Division,2015,zonas,,Fecha 5,La Bombonera,false,https://es.wikipedia.org/wiki/Campeonato_de_Primera_División_2015_(Argentina)
2015-03-14,18:15,Ferro Carril Oeste,Instituto,1,0,,,Primera Nacional,2015,zonas,,Fecha 5,Arquitecto Ricardo Etcheverri,false,https://es.wikipedia.org/wiki/Campeonato_de_Primera_B_Nacional_2015
2015-03-14,19:30,Villa Dálmine,Guillermo Brown,1,1,,,Primera Nacional,2015,zonas,,Fecha 5,El Coliseo de Mitre y Puccini,false,https://es.wikipedia.org/wiki/Campeonato_de_Primera_B_Nacional_2015
2015-03-14,20:05,Defensores de Belgrano,Platense,0,0,,,Primera B,2015,zonas,,Fecha 6,Juan Pasquale,false,https://es.wikipedia.org/wiki/Campeonato_de_Primera_B_2015_(Argentina)
2015-03-14,20:10,Unión,Independiente,1,1,,,Primera Division,2015,zonas,,Fecha 5,15 de abril,false,https://es.wikipedia.org/wiki/Campeonato_de_Primera_División_2015_(Argentina)
2015-03-14,20:30,Atlético Paraná,Atlético Tucumán,1,1,,,Primera Nacional,2015,zonas,,Fecha 5,Pedro Mutio,false,https://es.wikipedia.org/wiki/Campeonato_de_Primera_B_Nacional_2015
2015-03-14,20:30,Sarmiento (J),Newell's Old Boys,1,2,,,Primera Division,2015,zonas,,Fecha 5,Eva Perón,false,https://es.wikipedia.org/wiki/Campeonato_de_Primera_División_2015_(Argentina)
2015-03-14,20:30,Unión (MdP),Juventud Unida (G),2,2,,,Primera Nacional,2015,zonas,,Fecha 5,José María Minella,false,https://es.wikipedia.org/wiki/Campeonato_de_Primera_B_Nacional_2015
2015-03-15,13:10,Barracas Central,Tristán Suárez,2,1,,,Primera B,2015,zonas,,Fecha 6,Claudio Chiqui Tapia,false,https://es.wikipedia.org/wiki/Campeonato_de_Primera_B_2015_(Argentina)
2015-03-15,16:00,Argentino de Merlo,San Martín (B),0,0,,,Primera C,2015,zonas,,Fecha 5,Merlo,false,https://es.wikipedia.org/wiki/Campeonato_de_Primera_C_2015_(Argentina)
2015-03-15,16:00,Los Andes,Independiente Rivadavia,4,1,,,Primera Nacional,2015,zonas,,Fecha 5,Eduardo Gallardón,false,https://es.wikipedia.org/wiki/Campeonato_de_Primera_B_Nacional_2015
2015-03-15,17:00,Gimnasia y Esgrima (J),Douglas Haig,3,0,,,Primera Nacional,2015,zonas,,Fecha 5,23 de agosto,false,https://es.wikipedia.org/wiki/Campeonato_de_Primera_B_Nacional_2015
2015-03-15,17:00,Quilmes,Vélez Sarsfield,2,1,,,Primera Division,2015,zonas,,Fecha 5,Centenario,false,https://es.wikipedia.org/wiki/Campeonato_de_Primera_División_2015_(Argentina)
2015-03-15,18:10,Argentinos Juniors,Estudiantes (LP),2,2,,,Primera Division,2015,zonas,,Fecha 5,Diego Armando Maradona,false,https://es.wikipedia.org/wiki/Campeonato_de_Primera_División_2015_(Argentina)
2015-03-15,18:15,San Lorenzo,Huracán,3,1,,,Primera Division,2015,zonas,,Fecha 5,Nuevo Gasómetro,false,https://es.wikipedia.org/wiki/Campeonato_de_Primera_División_2015_(Argentina)
2015-03-15,18:15,Tigre,Atlético de Rafaela,2,1,,,Primera Division,2015,zonas,,Fecha 5,Monumental de Victoria,false,https://es.wikipedia.org/wiki/Campeonato_de_Primera_División_2015_(Argentina)
2015-03-15,20:30,Sportivo Estudiantes (SL),All Boys,0,0,,,Primera Nacional,2015,zonas,,Fecha 5,Juan Gilberto Funes,false,https://es.wikipedia.org/wiki/Campeonato_de_Primera_B_Nacional_2015
2015-03-15,21:30,Godoy Cruz,Lanús,1,5,,,Primera Division,2015,zonas,,Fecha 5,Malvinas Argentinas,false,https://es.wikipedia.org/wiki/Campeonato_de_Primera_División_2015_(Argentina)
2015-03-16,16:00,J. J. de Urquiza,Sacachispas,1,0,,,Primera C,2015,zonas,,Fecha 5,Ramón Roque Martín,false,https://es.wikipedia.org/wiki/Campeonato_de_Primera_C_2015_(Argentina)
2015-03-16,16:00,Luján,Defensores de Cambaceres,1,0,,,Primera C,2015,zonas,,Fecha 5,Municipal de la Ciudad de Luján,false,https://es.wikipedia.org/wiki/Campeonato_de_Primera_C_2015_(Argentina)
2015-03-16,16:00,Rosario Central,Temperley,1,0,,,Primera Division,2015,zonas,,Fecha 5,Gigante de Arroyito,false,https://es.wikipedia.org/wiki/Campeonato_de_Primera_División_2015_(Argentina)
2015-03-16,16:00,San Miguel,Deportivo Laferrere,1,4,,,Primera C,2015,zonas,,Fecha 5,Malvinas Argentinas,false,https://es.wikipedia.org/wiki/Campeonato_de_Primera_C_2015_(Argentina)
2015-03-16,16:00,Villa San Carlos,Deportivo Armenio,0,1,,,Primera B,2015,zonas,,Fecha 6,Genacio Sálice,false,https://es.wikipedia.org/wiki/Campeonato_de_Primera_B_2015_(Argentina)
2015-03-16,20:00,Belgrano,Aldosivi,0,1,,,Primera Division,2015,zonas,,Fecha 5,Mario Alberto Kempes,false,https://es.wikipedia.org/wiki/Campeonato_de_Primera_División_2015_(Argentina)
2015-03-16,21:10,Arsenal,River Plate,3,3,,,Primera Division,2015,zonas,,Fecha 5,El Viaducto,false,https://es.wikipedia.org/wiki/Campeonato_de_Primera_División_2015_(Argentina)
2015-03-17,15:00,Berazategui,Central Córdoba (R),3,1,,,Primera C,2015,zonas,,Fecha 5,Gildo Francisco Ghersinich,false,https://es.wikipedia.org/wiki/Campeonato_de_Primera_C_2015_(Argentina)
2015-03-17,16:00,Almirante Brown,Almagro,3,1,,,Primera B,2015,zonas,,Fecha 6,Fragata Presidente Sarmiento,false,https://es.wikipedia.org/wiki/Campeonato_de_Primera_B_2015_(Argentina)
2015-03-17,16:00,Colegiales,Flandria,0,0,,,Primera B,2015,zonas,,Fecha 6,Colegiales,false,https://es.wikipedia.org/wiki/Campeonato_de_Primera_B_2015_(Argentina)
2015-03-17,16:00,Gimnasia y Esgrima (LP),Nueva Chicago,2,1,,,Primera Division,2015,zonas,,Fecha 5,Del Bosque,false,https://es.wikipedia.org/wiki/Campeonato_de_Primera_División_2015_(Argentina)
2015-03-17,16:00,Talleres (RdE),Juventud Unida,7,0,,,Primera C,2015,zonas,,Fecha 5,Talleres de Remedios de Escalada,false,https://es.wikipedia.org/wiki/Campeonato_de_Primera_C_2015_(Argentina)
2015-03-17,16:00,UAI Urquiza,Deportivo Español,0,2,,,Primera B,2015,zonas,,Fecha 6,Monumental de Villa Lynch,false,https://es.wikipedia.org/wiki/Campeonato_de_Primera_B_2015_(Argentina)
2015-03-17,16:30,Defensores Unidos,Argentino de Quilmes,3,1,,,Primera C,2015,zonas,,Fecha 5,Municipal de Pilar,false,https://es.wikipedia.org/wiki/Campeonato_de_Primera_C_2015_(Argentina)
2015-03-18,,Banfield,Sol de América (F),1,0,,,Copa Argentina,2015,eliminacion,,Treintaidosavos,Antonio Romero,true,https://es.wikipedia.org/wiki/Copa_Argentina_2014-15
2015-03-19,16:00,Deportivo Laferrere,General Lamadrid,1,2,,,Primera C,2015,zonas,,Fecha 6,El Coliseo de Mitre y Puccini,false,https://es.wikipedia.org/wiki/Campeonato_de_Primera_C_2015_(Argentina)
2015-03-20,16:00,Chacarita Juniors,Central Córdoba (SdE),2,0,,,Primera Nacional,2015,zonas,,Fecha 6,Chacarita Juniors,false,https://es.wikipedia.org/wiki/Campeonato_de_Primera_B_Nacional_2015
2015-03-20,16:00,Fénix,Acassuso,2,0,,,Primera B,2015,zonas,,Fecha 7,Armenia,false,https://es.wikipedia.org/wiki/Campeonato_de_Primera_B_2015_(Argentina)
2015-03-20,18:20,All Boys,Sportivo Belgrano,0,1,,,Primera Nacional,2015,zonas,,Fecha 6,Islas Malvinas,false,https://es.wikipedia.org/wiki/Campeonato_de_Primera_B_Nacional_2015
2015-03-20,20:30,Newell's Old Boys,Quilmes,1,1,,,Primera Division,2015,zonas,,Fecha 6,Marcelo Bielsa,false,https://es.wikipedia.org/wiki/Campeonato_de_Primera_División_2015_(Argentina)
2015-03-20,20:30,Ramón Santamarina,Ferro Carril Oeste,0,0,,,Primera Nacional,2015,zonas,,Fecha 6,Municipal General San Martín,false,https://es.wikipedia.org/wiki/Campeonato_de_Primera_B_Nacional_2015
2015-03-20,20:45,Douglas Haig,Sportivo Estudiantes (SL),0,0,,,Primera Nacional,2015,zonas,,Fecha 6,Miguel Morales,false,https://es.wikipedia.org/wiki/Campeonato_de_Primera_B_Nacional_2015
2015-03-20,21:00,Instituto,Villa Dálmine,1,1,,,Primera Nacional,2015,zonas,,Fecha 6,Juan Domingo Perón,false,https://es.wikipedia.org/wiki/Campeonato_de_Primera_B_Nacional_2015
2015-03-20,21:10,Lanús,Gimnasia y Esgrima (LP),2,0,,,Primera Division,2015,zonas,,Fecha 6,Ciudad de Lanús,false,https://es.wikipedia.org/wiki/Campeonato_de_Primera_División_2015_(Argentina)
2015-03-20,21:30,Gimnasia y Esgrima (J),Atlético Paraná,2,3,,,Primera Nacional,2015,zonas,,Fecha 6,23 de agosto,false,https://es.wikipedia.org/wiki/Campeonato_de_Primera_B_Nacional_2015
2015-03-20,21:30,Independiente Rivadavia,Boca Unidos,0,0,,,Primera Nacional,2015,zonas,,Fecha 6,Bautista Gargantini,false,https://es.wikipedia.org/wiki/Campeonato_de_Primera_B_Nacional_2015
2015-03-21,13:30,Almagro,Estudiantes (BA),0,0,,,Primera B,2015,zonas,,Fecha 7,Tres de Febrero,false,https://es.wikipedia.org/wiki/Campeonato_de_Primera_B_2015_(Argentina)
2015-03-21,14:00,Argentino de Quilmes,Luján,0,0,,,Primera C,2015,zonas,,Fecha 6,Argentino de Quilmes,false,https://es.wikipedia.org/wiki/Campeonato_de_Primera_C_2015_(Argentina)
2015-03-21,14:00,Sportivo Italiano,Deportivo Riestra,0,0,,,Primera B,2015,zonas,,Fecha 7,República de Italia,false,https://es.wikipedia.org/wiki/Campeonato_de_Primera_B_2015_(Argentina)
2015-03-21,14:15,Deportivo Morón,Barracas Central,3,2,,,Primera B,2015,zonas,,Fecha 7,Nuevo Francisco Urbano,false,https://es.wikipedia.org/wiki/Campeonato_de_Primera_B_2015_(Argentina)
2015-03-21,16:00,Central Córdoba (R),San Telmo,0,0,,,Primera C,2015,zonas,,Fecha 6,Gabino Sosa,false,https://es.wikipedia.org/wiki/Campeonato_de_Primera_C_2015_(Argentina)
2015-03-21,16:00,Comunicaciones,UAI Urquiza,1,2,,,Primera B,2015,zonas,,Fecha 7,Alfredo Ramos,false,https://es.wikipedia.org/wiki/Campeonato_de_Primera_B_2015_(Argentina)
2015-03-21,16:00,Deportivo Armenio,Colegiales,2,1,,,Primera B,2015,zonas,,Fecha 7,Armenia,false,https://es.wikipedia.org/wiki/Campeonato_de_Primera_B_2015_(Argentina)
2015-03-21,16:00,Guillermo Brown,Atlético Tucumán,2,2,,,Primera Nacional,2015,zonas,,Fecha 6,Raúl Conti,false,https://es.wikipedia.org/wiki/Campeonato_de_Primera_B_Nacional_2015
2015-03-21,16:00,Juventud Unida (G),Los Andes,0,1,,,Primera Nacional,2015,zonas,,Fecha 6,Guillermo Bonnín,false,https://es.wikipedia.org/wiki/Campeonato_de_Primera_B_Nacional_2015
2015-03-21,17:00,Colón,Tigre,0,1,,,Primera Division,2015,zonas,,Fecha 6,Brigadier Estanislao López,false,https://es.wikipedia.org/wiki/Campeonato_de_Primera_División_2015_(Argentina)
2015-03-21,18:05,Deportivo Español,Almirante Brown,1,1,,,Primera B,2015,zonas,,Fecha 7,Nueva España,false,https://es.wikipedia.org/wiki/Campeonato_de_Primera_B_2015_(Argentina)
2015-03-21,18:10,Vélez Sarsfield,Belgrano,1,2,,,Primera Division,2015,zonas,,Fecha 6,José Amalfitani,false,https://es.wikipedia.org/wiki/Campeonato_de_Primera_División_2015_(Argentina)
2015-03-21,20:10,Atlanta,Deportivo Merlo,2,2,,,Primera B,2015,zonas,,Fecha 7,Don León Kolbovsky,false,https://es.wikipedia.org/wiki/Campeonato_de_Primera_B_2015_(Argentina)
2015-03-21,20:10,Independiente,Arsenal,4,0,,,Primera Division,2015,zonas,,Fecha 6,Libertadores de América,false,https://es.wikipedia.org/wiki/Campeonato_de_Primera_División_2015_(Argentina)
2015-03-21,20:30,Huracán,Argentinos Juniors,4,0,,,Primera Division,2015,zonas,,Fecha 6,Tomás A. Ducó,false,https://es.wikipedia.org/wiki/Campeonato_de_Primera_División_2015_(Argentina)
2015-03-21,20:30,Sarmiento (J),Crucero del Norte,2,1,,,Primera Division,2015,zonas,,Fecha 6,Eva Perón,false,https://es.wikipedia.org/wiki/Campeonato_de_Primera_División_2015_(Argentina)
2015-03-21,21:00,Guaraní Antonio Franco,Gimnasia y Esgrima (M),5,1,,,Primera Nacional,2015,zonas,,Fecha 6,C. A. Fernández de Oliveira,false,https://es.wikipedia.org/wiki/Campeonato_de_Primera_B_Nacional_2015
2015-03-22,11:00,Excursionistas,Berazategui,0,3,,,Primera C,2015,zonas,,Fecha 6,Ramón Roque Martín,false,https://es.wikipedia.org/wiki/Campeonato_de_Primera_C_2015_(Argentina)
2015-03-22,16:00,Atlético de Rafaela,Rosario Central,1,1,,,Primera Division,2015,zonas,,Fecha 6,Nuevo Monumental,false,https://es.wikipedia.org/wiki/Campeonato_de_Primera_División_2015_(Argentina)
2015-03-22,16:00,Sacachispas,Juventud Unida,1,0,,,Primera C,2015,zonas,,Fecha 6,Beto Larrosa,false,https://es.wikipedia.org/wiki/Campeonato_de_Primera_C_2015_(Argentina)
2015-03-22,16:00,Tristán Suárez,Defensores de Belgrano,0,1,,,Primera B,2015,zonas,,Fecha 7,20 de Octubre,false,https://es.wikipedia.org/wiki/Campeonato_de_Primera_B_2015_(Argentina)
2015-03-22,17:00,Defensa y Justicia,Racing Club,1,1,,,Primera Division,2015,zonas,,Fecha 6,Norberto Tomaghello,false,https://es.wikipedia.org/wiki/Campeonato_de_Primera_División_2015_(Argentina)
2015-03-22,17:00,Estudiantes (LP),Banfield,1,2,,,Primera Division,2015,zonas,,Fecha 6,Ciudad de La Plata,false,https://es.wikipedia.org/wiki/Campeonato_de_Primera_División_2015_(Argentina)
2015-03-22,18:15,River Plate,Godoy Cruz,1,0,,,Primera Division,2015,zonas,,Fecha 6,Monumental,false,https://es.wikipedia.org/wiki/Campeonato_de_Primera_División_2015_(Argentina)
2015-03-22,19:15,Patronato,Unión (MdP),4,0,,,Primera Nacional,2015,zonas,,Fecha 6,Presbítero Bartolomé Grella,false,https://es.wikipedia.org/wiki/Campeonato_de_Primera_B_Nacional_2015
2015-03-22,21:30,San Martín (SJ),Boca Juniors,1,1,,,Primera Division,2015,zonas,,Fecha 6,Ingeniero Hilario Sánchez,false,https://es.wikipedia.org/wiki/Campeonato_de_Primera_División_2015_(Argentina)
2015-03-23,14:00,Dock Sud,Argentino de Merlo,1,2,,,Primera C,2015,zonas,,Fecha 6,De los Inmigrantes,false,https://es.wikipedia.org/wiki/Campeonato_de_Primera_C_2015_(Argentina)
2015-03-23,16:00,Ferrocarril Midland,J. J. de Urquiza,1,2,,,Primera C,2015,zonas,,Fecha 6,Ciudad de Libertad,false,https://es.wikipedia.org/wiki/Campeonato_de_Primera_C_2015_(Argentina)
2015-03-23,16:00,Nueva Chicago,San Lorenzo,0,1,,,Primera Division,2015,zonas,,Fecha 6,República de Mataderos,false,https://es.wikipedia.org/wiki/Campeonato_de_Primera_División_2015_(Argentina)
2015-03-23,16:00,Platense,Villa San Carlos,2,1,,,Primera B,2015,zonas,,Fecha 7,Ciudad de Vicente López,false,https://es.wikipedia.org/wiki/Campeonato_de_Primera_B_2015_(Argentina)
2015-03-23,16:00,San Miguel,Talleres (RdE),3,1,,,Primera C,2015,zonas,,Fecha 6,Malvinas Argentinas,false,https://es.wikipedia.org/wiki/Campeonato_de_Primera_C_2015_(Argentina)
2015-03-23,18:10,Aldosivi,Unión,3,3,,,Primera Division,2015,zonas,,Fecha 6,José María Minella,false,https://es.wikipedia.org/wiki/Campeonato_de_Primera_División_2015_(Argentina)
2015-03-23,21:10,Temperley,Olimpo,0,0,,,Primera Division,2015,zonas,,Fecha 6,Alfredo Beranger,false,https://es.wikipedia.org/wiki/Campeonato_de_Primera_División_2015_(Argentina)
2015-03-24,15:05,Flandria,Brown de Adrogué,2,2,,,Primera B,2015,zonas,,Fecha 7,Carlos V,false,https://es.wikipedia.org/wiki/Campeonato_de_Primera_B_2015_(Argentina)
2015-03-24,16:00,Defensores de Cambaceres,Cañuelas,1,0,,,Primera C,2015,zonas,,Fecha 6,Argentino de Quilmes,false,https://es.wikipedia.org/wiki/Campeonato_de_Primera_C_2015_(Argentina)
2015-03-24,16:00,San Martín (B),Defensores Unidos,0,2,,,Primera C,2015,zonas,,Fecha 6,Francisco Boga,false,https://es.wikipedia.org/wiki/Campeonato_de_Primera_C_2015_(Argentina)
2015-03-24,17:00,Gimnasia y Esgrima (M),Independiente Rivadavia,1,3,,,Primera Nacional,2015,zonas,,Fecha 7,Víctor Antonio Legrotaglie,false,https://es.wikipedia.org/wiki/Campeonato_de_Primera_B_Nacional_2015
2015-03-24,19:00,Villa Dálmine,Ramón Santamarina,1,0,,,Primera Nacional,2015,zonas,,Fecha 7,El Coliseo de Mitre y Puccini,false,https://es.wikipedia.org/wiki/Campeonato_de_Primera_B_Nacional_2015
2015-03-24,19:15,Ferro Carril Oeste,Chacarita Juniors,1,1,,,Primera Nacional,2015,zonas,,Fecha 7,Arquitecto Ricardo Etcheverri,false,https://es.wikipedia.org/wiki/Campeonato_de_Primera_B_Nacional_2015
2015-03-25,16:00,Boca Unidos,Juventud Unida (G),1,2,,,Primera Nacional,2015,zonas,,Fecha 7,Leoncio Benítez,false,https://es.wikipedia.org/wiki/Campeonato_de_Primera_B_Nacional_2015
2015-03-25,19:15,Unión (MdP),All Boys,2,1,,,Primera Nacional,2015,zonas,,Fecha 7,José María Minella,false,https://es.wikipedia.org/wiki/Campeonato_de_Primera_B_Nacional_2015
2015-03-25,20:00,Atlético Paraná,Guillermo Brown,2,0,,,Primera Nacional,2015,zonas,,Fecha 7,Pedro Mutio,false,https://es.wikipedia.org/wiki/Campeonato_de_Primera_B_Nacional_2015
2015-03-25,20:00,Sportivo Estudiantes (SL),Gimnasia y Esgrima (J),1,0,,,Primera Nacional,2015,zonas,,Fecha 7,Juan Gilberto Funes,false,https://es.wikipedia.org/wiki/Campeonato_de_Primera_B_Nacional_2015
2015-03-25,21:00,Sportivo Belgrano,Douglas Haig,1,2,,,Primera Nacional,2015,zonas,,Fecha 7,Oscar C. Boero,false,https://es.wikipedia.org/wiki/Campeonato_de_Primera_B_Nacional_2015
2015-03-25,22:00,Central Córdoba (SdE),Guaraní Antonio Franco,1,2,,,Primera Nacional,2015,zonas,,Fecha 7,Alfredo Terrera,false,https://es.wikipedia.org/wiki/Campeonato_de_Primera_B_Nacional_2015
2015-03-26,,Defensa y Justicia,Andino,3,0,,,Copa Argentina,2015,eliminacion,,Treintaidosavos,San Juan del Bicentenario,true,https://es.wikipedia.org/wiki/Copa_Argentina_2014-15
2015-03-26,,Nueva Chicago,Defensores de Belgrano (VR),2,1,,,Copa Argentina,2015,eliminacion,,Treintaidosavos,Tomás Adolfo Ducó,true,https://es.wikipedia.org/wiki/Copa_Argentina_2014-15
2015-03-26,17:00,Los Andes,Patronato,2,1,,,Primera Nacional,2015,zonas,,Fecha 7,Eduardo Gallardón,false,https://es.wikipedia.org/wiki/Campeonato_de_Primera_B_Nacional_2015
2015-03-26,21:30,Atlético Tucumán,Instituto,3,1,,,Primera Nacional,2015,zonas,,Fecha 7,Monumental José Fierro,false,https://es.wikipedia.org/wiki/Campeonato_de_Primera_B_Nacional_2015
2015-03-27,16:00,Almirante Brown,Comunicaciones,1,1,,,Primera B,2015,zonas,,Fecha 8,Fragata Presidente Sarmiento,false,https://es.wikipedia.org/wiki/Campeonato_de_Primera_B_2015_(Argentina)
2015-03-27,16:00,Estudiantes (BA),Deportivo Español,2,0,,,Primera B,2015,zonas,,Fecha 8,Ciudad de Caseros,false,https://es.wikipedia.org/wiki/Campeonato_de_Primera_B_2015_(Argentina)
2015-03-27,16:00,Talleres (RdE),Sacachispas,3,1,,,Primera C,2015,zonas,,Fecha 7,Talleres de Remedios de Escalada,false,https://es.wikipedia.org/wiki/Campeonato_de_Primera_C_2015_(Argentina)
2015-03-27,18:00,Quilmes,Sarmiento (J),0,4,,,Primera Division,2015,zonas,,Fecha 7,Centenario,false,https://es.wikipedia.org/wiki/Campeonato_de_Primera_División_2015_(Argentina)
2015-03-27,21:10,Rosario Central,Colón,1,1,,,Primera Division,2015,zonas,,Fecha 7,Gigante de Arroyito,false,https://es.wikipedia.org/wiki/Campeonato_de_Primera_División_2015_(Argentina)
2015-03-28,11:00,Cañuelas,Argentino de Quilmes,0,1,,,Primera C,2015,zonas,,Fecha 7,José Alfredo Arín,false,https://es.wikipedia.org/wiki/Campeonato_de_Primera_C_2015_(Argentina)
2015-03-28,11:00,San Telmo,Excursionistas,0,0,,,Primera C,2015,zonas,,Fecha 7,Dr. Osvaldo Baletto,false,https://es.wikipedia.org/wiki/Campeonato_de_Primera_C_2015_(Argentina)
2015-03-28,12:00,Deportivo Merlo,Flandria,0,0,,,Primera B,2015,zonas,,Fecha 8,José Manuel Moreno,false,https://es.wikipedia.org/wiki/Campeonato_de_Primera_B_2015_(Argentina)
2015-03-28,12:00,J. J. de Urquiza,Central Córdoba (R),1,2,,,Primera C,2015,zonas,,Fecha 7,Ramón Roque Martín,false,https://es.wikipedia.org/wiki/Campeonato_de_Primera_C_2015_(Argentina)
2015-03-28,12:30,Barracas Central,Fénix,2,1,,,Primera B,2015,zonas,,Fecha 8,Claudio Chiqui Tapia,false,https://es.wikipedia.org/wiki/Campeonato_de_Primera_B_2015_(Argentina)
2015-03-28,15:00,Chacarita Juniors,Villa Dálmine,1,0,,,Primera Nacional,2015,zonas,,Fecha 8,Chacarita Juniors,false,https://es.wikipedia.org/wiki/Campeonato_de_Primera_B_Nacional_2015
2015-03-28,15:00,General Lamadrid,San Miguel,2,2,,,Primera C,2015,zonas,,Fecha 7,Enrique Sexto,false,https://es.wikipedia.org/wiki/Campeonato_de_Primera_C_2015_(Argentina)
2015-03-28,15:00,Olimpo,Atlético de Rafaela,0,0,,,Primera Division,2015,zonas,,Fecha 7,Roberto N. Carminatti,false,https://es.wikipedia.org/wiki/Campeonato_de_Primera_División_2015_(Argentina)
2015-03-28,15:00,Platense,Deportivo Armenio,1,0,,,Primera B,2015,zonas,,Fecha 8,Ciudad de Vicente López,false,https://es.wikipedia.org/wiki/Campeonato_de_Primera_B_2015_(Argentina)
2015-03-28,15:00,Villa San Carlos,Tristán Suárez,1,3,,,Primera B,2015,zonas,,Fecha 8,Genacio Sálice,false,https://es.wikipedia.org/wiki/Campeonato_de_Primera_B_2015_(Argentina)
2015-03-28,20:00,Banfield,Huracán,1,0,,,Primera Division,2015,zonas,,Fecha 7,Florencio Sola,false,https://es.wikipedia.org/wiki/Campeonato_de_Primera_División_2015_(Argentina)
2015-03-28,20:10,Godoy Cruz,Independiente,2,2,,,Primera Division,2015,zonas,,Fecha 7,Malvinas Argentinas,false,https://es.wikipedia.org/wiki/Campeonato_de_Primera_División_2015_(Argentina)
2015-03-28,20:30,San Lorenzo,Lanús,4,0,,,Primera Division,2015,zonas,,Fecha 7,Nuevo Gasómetro,false,https://es.wikipedia.org/wiki/Campeonato_de_Primera_División_2015_(Argentina)
2015-03-28,20:35,Defensores de Belgrano,Deportivo Morón,1,0,,,Primera B,2015,zonas,,Fecha 8,Juan Pasquale,false,https://es.wikipedia.org/wiki/Campeonato_de_Primera_B_2015_(Argentina)
2015-03-28,21:00,Crucero del Norte,Temperley,1,0,,,Primera Division,2015,zonas,,Fecha 7,Comandante Andrés Guacurarí,false,https://es.wikipedia.org/wiki/Campeonato_de_Primera_División_2015_(Argentina)
2015-03-29,11:00,Defensores Unidos,Dock Sud,1,2,,,Primera C,2015,zonas,,Fecha 7,Municipal de Pilar,false,https://es.wikipedia.org/wiki/Campeonato_de_Primera_C_2015_(Argentina)
2015-03-29,13:35,Brown de Adrogué,Colegiales,2,1,,,Primera B,2015,zonas,,Fecha 8,Lorenzo Arandilla,false,https://es.wikipedia.org/wiki/Campeonato_de_Primera_B_2015_(Argentina)
2015-03-29,16:00,Belgrano,Newell's Old Boys,2,0,,,Primera Division,2015,zonas,,Fecha 7,Mario Alberto Kempes,false,https://es.wikipedia.org/wiki/Campeonato_de_Primera_División_2015_(Argentina)
2015-03-29,16:00,Douglas Haig,Unión (MdP),5,0,,,Primera Nacional,2015,zonas,,Fecha 8,Miguel Morales,false,https://es.wikipedia.org/wiki/Campeonato_de_Primera_B_Nacional_2015
2015-03-29,16:00,Juventud Unida (G),Gimnasia y Esgrima (M),2,0,,,Primera Nacional,2015,zonas,,Fecha 8,Guillermo Bonnín,false,https://es.wikipedia.org/wiki/Campeonato_de_Primera_B_Nacional_2015
2015-03-29,16:05,Guaraní Antonio Franco,Ferro Carril Oeste,1,0,,,Primera Nacional,2015,zonas,,Fecha 8,C. A. Fernández de Oliveira,false,https://es.wikipedia.org/wiki/Campeonato_de_Primera_B_Nacional_2015
2015-03-29,17:00,Gimnasia y Esgrima (J),Sportivo Belgrano,1,0,,,Primera Nacional,2015,zonas,,Fecha 8,23 de agosto,false,https://es.wikipedia.org/wiki/Campeonato_de_Primera_B_Nacional_2015
2015-03-29,17:00,Racing Club,San Martín (SJ),2,0,,,Primera Division,2015,zonas,,Fecha 7,El Cilindro,false,https://es.wikipedia.org/wiki/Campeonato_de_Primera_División_2015_(Argentina)
2015-03-29,17:00,Sportivo Estudiantes (SL),Atlético Paraná,3,2,,,Primera Nacional,2015,zonas,,Fecha 8,Juan Gilberto Funes,false,https://es.wikipedia.org/wiki/Campeonato_de_Primera_B_Nacional_2015
2015-03-29,18:00,Independiente Rivadavia,Central Córdoba (SdE),2,0,,,Primera Nacional,2015,zonas,,Fecha 8,Bautista Gargantini,false,https://es.wikipedia.org/wiki/Campeonato_de_Primera_B_Nacional_2015
2015-03-29,18:15,Boca Juniors,Estudiantes (LP),3,0,,,Primera Division,2015,zonas,,Fecha 7,La Bombonera,false,https://es.wikipedia.org/wiki/Campeonato_de_Primera_División_2015_(Argentina)
2015-03-29,18:15,Unión,Vélez Sarsfield,1,0,,,Primera Division,2015,zonas,,Fecha 7,15 de abril,false,https://es.wikipedia.org/wiki/Campeonato_de_Primera_División_2015_(Argentina)
2015-03-29,20:00,Ramón Santamarina,Atlético Tucumán,1,0,,,Primera Nacional,2015,zonas,,Fecha 8,Municipal General San Martín,false,https://es.wikipedia.org/wiki/Campeonato_de_Primera_B_Nacional_2015
2015-03-29,21:30,Gimnasia y Esgrima (LP),River Plate,2,3,,,Primera Division,2015,zonas,,Fecha 7,Del Bosque,false,https://es.wikipedia.org/wiki/Campeonato_de_Primera_División_2015_(Argentina)
2015-03-30,14:00,Argentino de Merlo,Deportivo Laferrere,0,0,,,Primera C,2015,zonas,,Fecha 7,Merlo,false,https://es.wikipedia.org/wiki/Campeonato_de_Primera_C_2015_(Argentina)
2015-03-30,14:00,UAI Urquiza,Atlanta,2,0,,,Primera B,2015,zonas,,Fecha 8,Monumental de Villa Lynch,false,https://es.wikipedia.org/wiki/Campeonato_de_Primera_B_2015_(Argentina)
2015-03-30,15:00,Acassuso,Sportivo Italiano,1,0,,,Primera B,2015,zonas,,Fecha 8,Ciudad de Vicente López,false,https://es.wikipedia.org/wiki/Campeonato_de_Primera_B_2015_(Argentina)
2015-03-30,16:00,Deportivo Riestra,Almagro,3,0,,,Primera B,2015,zonas,,Fecha 8,Guillermo Laza,false,https://es.wikipedia.org/wiki/Campeonato_de_Primera_B_2015_(Argentina)
2015-03-30,18:00,Arsenal,Aldosivi,0,3,,,Primera Division,2015,zonas,,Fecha 7,El Viaducto,false,https://es.wikipedia.org/wiki/Campeonato_de_Primera_División_2015_(Argentina)
2015-03-30,19:00,All Boys,Los Andes,1,0,,,Primera Nacional,2015,zonas,,Fecha 8,Islas Malvinas,false,https://es.wikipedia.org/wiki/Campeonato_de_Primera_B_Nacional_2015
2015-03-30,21:00,Instituto,Guillermo Brown,1,1,,,Primera Nacional,2015,zonas,,Fecha 8,Juan Domingo Perón,false,https://es.wikipedia.org/wiki/Campeonato_de_Primera_B_Nacional_2015
2015-03-30,21:00,Patronato,Boca Unidos,4,1,,,Primera Nacional,2015,zonas,,Fecha 8,Presbítero Bartolomé Grella,false,https://es.wikipedia.org/wiki/Campeonato_de_Primera_B_Nacional_2015
2015-03-30,21:10,Argentinos Juniors,Nueva Chicago,1,1,,,Primera Division,2015,zonas,,Fecha 7,Diego Armando Maradona,false,https://es.wikipedia.org/wiki/Campeonato_de_Primera_División_2015_(Argentina)
2015-03-30,21:10,Tigre,Defensa y Justicia,0,0,,,Primera Division,2015,zonas,,Fecha 7,Monumental de Victoria,false,https://es.wikipedia.org/wiki/Campeonato_de_Primera_División_2015_(Argentina)
2015-03-31,16:00,Berazategui,Defensores de Cambaceres,2,1,,,Primera C,2015,zonas,,Fecha 7,Gildo Francisco Ghersinich,false,https://es.wikipedia.org/wiki/Campeonato_de_Primera_C_2015_(Argentina)
2015-03-31,16:00,Juventud Unida,Ferrocarril Midland,0,2,,,Primera C,2015,zonas,,Fecha 7,Ciudad de San Miguel,false,https://es.wikipedia.org/wiki/Campeonato_de_Primera_C_2015_(Argentina)
2015-03-31,16:00,Luján,San Martín (B),0,1,,,Primera C,2015,zonas,,Fecha 7,Municipal de la Ciudad de Luján,false,https://es.wikipedia.org/wiki/Campeonato_de_Primera_C_2015_(Argentina)
2015-04-03,12:00,Deportivo Morón,Villa San Carlos,2,1,,,Primera B,2015,zonas,,Fecha 9,Nuevo Francisco Urbano,false,https://es.wikipedia.org/wiki/Campeonato_de_Primera_B_2015_(Argentina)
2015-04-03,13:00,Almagro,Acassuso,0,0,,,Primera B,2015,zonas,,Fecha 9,Tres de Febrero,false,https://es.wikipedia.org/wiki/Campeonato_de_Primera_B_2015_(Argentina)
2015-04-03,13:00,San Miguel,Argentino de Merlo,1,1,,,Primera C,2015,zonas,,Fecha 8,Malvinas Argentinas,false,https://es.wikipedia.org/wiki/Campeonato_de_Primera_C_2015_(Argentina)
2015-04-03,15:30,Fénix,Defensores de Belgrano,1,1,,,Primera B,2015,zonas,,Fecha 9,Armenia,false,https://es.wikipedia.org/wiki/Campeonato_de_Primera_B_2015_(Argentina)
2015-04-03,18:00,Sarmiento (J),Belgrano,1,3,,,Primera Division,2015,zonas,,Fecha 8,Eva Perón,false,https://es.wikipedia.org/wiki/Campeonato_de_Primera_División_2015_(Argentina)
2015-04-03,21:10,Estudiantes (LP),Racing Club,1,1,,,Primera Division,2015,zonas,,Fecha 8,Ciudad de La Plata,false,https://es.wikipedia.org/wiki/Campeonato_de_Primera_División_2015_(Argentina)
2015-04-04,12:00,Argentino de Quilmes,Berazategui,2,0,,,Primera C,2015,zonas,,Fecha 8,Argentino de Quilmes,false,https://es.wikipedia.org/wiki/Campeonato_de_Primera_C_2015_(Argentina)
2015-04-04,12:00,Los Andes,Douglas Haig,5,2,,,Primera Nacional,2015,zonas,,Fecha 9,Eduardo Gallardón,false,https://es.wikipedia.org/wiki/Campeonato_de_Primera_B_Nacional_2015
2015-04-04,13:05,Sportivo Italiano,Barracas Central,1,1,,,Primera B,2015,zonas,,Fecha 9,República de Italia,false,https://es.wikipedia.org/wiki/Campeonato_de_Primera_B_2015_(Argentina)
2015-04-04,15:00,Central Córdoba (R),Juventud Unida,2,0,,,Primera C,2015,zonas,,Fecha 8,Gabino Sosa,false,https://es.wikipedia.org/wiki/Campeonato_de_Primera_C_2015_(Argentina)
2015-04-04,15:05,Tristán Suárez,Platense,1,0,,,Primera B,2015,zonas,,Fecha 9,20 de Octubre,false,https://es.wikipedia.org/wiki/Campeonato_de_Primera_B_2015_(Argentina)
2015-04-04,15:30,General Lamadrid,Talleres (RdE),0,1,,,Primera C,2015,zonas,,Fecha 8,Enrique Sexto,false,https://es.wikipedia.org/wiki/Campeonato_de_Primera_C_2015_(Argentina)
2015-04-04,15:30,Villa Dálmine,Guaraní Antonio Franco,1,0,,,Primera Nacional,2015,zonas,,Fecha 9,El Coliseo de Mitre y Puccini,false,https://es.wikipedia.org/wiki/Campeonato_de_Primera_B_Nacional_2015
2015-04-04,16:10,Ferro Carril Oeste,Independiente Rivadavia,1,0,,,Primera Nacional,2015,zonas,,Fecha 9,Arquitecto Ricardo Etcheverri,false,https://es.wikipedia.org/wiki/Campeonato_de_Primera_B_Nacional_2015
2015-04-04,17:00,Atlético Paraná,Instituto,2,0,,,Primera Nacional,2015,zonas,,Fecha 9,Pedro Mutio,false,https://es.wikipedia.org/wiki/Campeonato_de_Primera_B_Nacional_2015
2015-04-04,17:00,Atlético de Rafaela,Temperley,1,1,,,Primera Division,2015,zonas,,Fecha 8,Nuevo Monumental,false,https://es.wikipedia.org/wiki/Campeonato_de_Primera_División_2015_(Argentina)
2015-04-04,18:10,Defensa y Justicia,Rosario Central,3,3,,,Primera Division,2015,zonas,,Fecha 8,Norberto Tomaghello,false,https://es.wikipedia.org/wiki/Campeonato_de_Primera_División_2015_(Argentina)
2015-04-04,19:15,Aldosivi,Godoy Cruz,2,0,,,Primera Division,2015,zonas,,Fecha 8,José María Minella,false,https://es.wikipedia.org/wiki/Campeonato_de_Primera_División_2015_(Argentina)
2015-04-04,20:05,Atlanta,Almirante Brown,5,1,,,Primera B,2015,zonas,,Fecha 9,Don León Kolbovsky,false,https://es.wikipedia.org/wiki/Campeonato_de_Primera_B_2015_(Argentina)
2015-04-04,20:15,Independiente,Gimnasia y Esgrima (LP),1,1,,,Primera Division,2015,zonas,,Fecha 8,Libertadores de América,false,https://es.wikipedia.org/wiki/Campeonato_de_Primera_División_2015_(Argentina)
2015-04-04,20:30,Vélez Sarsfield,Arsenal,2,1,,,Primera Division,2015,zonas,,Fecha 8,José Amalfitani,false,https://es.wikipedia.org/wiki/Campeonato_de_Primera_División_2015_(Argentina)
2015-04-05,11:00,Ferrocarril Midland,Sacachispas,2,1,,,Primera C,2015,zonas,,Fecha 8,Ciudad de Libertad,false,https://es.wikipedia.org/wiki/Campeonato_de_Primera_C_2015_(Argentina)
2015-04-05,12:15,Deportivo Armenio,Brown de Adrogué,1,1,,,Primera B,2015,zonas,,Fecha 9,Armenia,false,https://es.wikipedia.org/wiki/Campeonato_de_Primera_B_2015_(Argentina)
2015-04-05,16:00,Boca Unidos,All Boys,1,1,,,Primera Nacional,2015,zonas,,Fecha 9,Leoncio Benítez,false,https://es.wikipedia.org/wiki/Campeonato_de_Primera_B_Nacional_2015
2015-04-05,16:00,Gimnasia y Esgrima (M),Patronato,1,0,,,Primera Nacional,2015,zonas,,Fecha 9,Víctor Antonio Legrotaglie,false,https://es.wikipedia.org/wiki/Campeonato_de_Primera_B_Nacional_2015
2015-04-05,16:00,Guillermo Brown,Ramón Santamarina,0,2,,,Primera Nacional,2015,zonas,,Fecha 9,Raúl Conti,false,https://es.wikipedia.org/wiki/Campeonato_de_Primera_B_Nacional_2015
2015-04-05,16:00,River Plate,San Lorenzo,1,0,,,Primera Division,2015,zonas,,Fecha 8,Monumental,false,https://es.wikipedia.org/wiki/Campeonato_de_Primera_División_2015_(Argentina)
2015-04-05,17:00,Lanús,Argentinos Juniors,0,1,,,Primera Division,2015,zonas,,Fecha 8,Ciudad de Lanús,false,https://es.wikipedia.org/wiki/Campeonato_de_Primera_División_2015_(Argentina)
2015-04-05,17:00,Unión (MdP),Gimnasia y Esgrima (J),2,3,,,Primera Nacional,2015,zonas,,Fecha 9,José María Minella,false,https://es.wikipedia.org/wiki/Campeonato_de_Primera_B_Nacional_2015
2015-04-05,18:00,Central Córdoba (SdE),Juventud Unida (G),0,0,,,Primera Nacional,2015,zonas,,Fecha 9,Alfredo Terrera,false,https://es.wikipedia.org/wiki/Campeonato_de_Primera_B_Nacional_2015
2015-04-05,18:15,Colón,Olimpo,1,0,,,Primera Division,2015,zonas,,Fecha 8,Brigadier Estanislao López,false,https://es.wikipedia.org/wiki/Campeonato_de_Primera_División_2015_(Argentina)
2015-04-05,18:15,Huracán,Boca Juniors,0,2,,,Primera Division,2015,zonas,,Fecha 8,Tomás A. Ducó,false,https://es.wikipedia.org/wiki/Campeonato_de_Primera_División_2015_(Argentina)
2015-04-05,18:15,Sportivo Belgrano,Sportivo Estudiantes (SL),1,1,,,Primera Nacional,2015,zonas,,Fecha 9,Oscar C. Boero,false,https://es.wikipedia.org/wiki/Campeonato_de_Primera_B_Nacional_2015
2015-04-05,19:15,Atlético Tucumán,Chacarita Juniors,2,1,,,Primera Nacional,2015,zonas,,Fecha 9,Monumental José Fierro,false,https://es.wikipedia.org/wiki/Campeonato_de_Primera_B_Nacional_2015
2015-04-05,20:30,Quilmes,Crucero del Norte,3,1,,,Primera Division,2015,zonas,,Fecha 8,Centenario,false,https://es.wikipedia.org/wiki/Campeonato_de_Primera_División_2015_(Argentina)
2015-04-05,21:30,San Martín (SJ),Tigre,3,1,,,Primera Division,2015,zonas,,Fecha 8,Ingeniero Hilario Sánchez,false,https://es.wikipedia.org/wiki/Campeonato_de_Primera_División_2015_(Argentina)
2015-04-06,15:30,Colegiales,Deportivo Merlo,1,1,,,Primera B,2015,zonas,,Fecha 9,Colegiales,false,https://es.wikipedia.org/wiki/Campeonato_de_Primera_B_2015_(Argentina)
2015-04-06,15:30,Dock Sud,Luján,2,0,,,Primera C,2015,zonas,,Fecha 8,De los Inmigrantes,false,https://es.wikipedia.org/wiki/Campeonato_de_Primera_C_2015_(Argentina)
2015-04-06,15:30,Flandria,UAI Urquiza,1,0,,,Primera B,2015,zonas,,Fecha 9,Carlos V,false,https://es.wikipedia.org/wiki/Campeonato_de_Primera_B_2015_(Argentina)
2015-04-06,15:30,San Martín (B),Cañuelas,3,3,,,Primera C,2015,zonas,,Fecha 8,Francisco Boga,false,https://es.wikipedia.org/wiki/Campeonato_de_Primera_C_2015_(Argentina)
2015-04-06,16:00,Nueva Chicago,Banfield,1,2,,,Primera Division,2015,zonas,,Fecha 8,República de Mataderos,false,https://es.wikipedia.org/wiki/Campeonato_de_Primera_División_2015_(Argentina)
2015-04-06,21:10,Newell's Old Boys,Unión,2,0,,,Primera Division,2015,zonas,,Fecha 8,Marcelo Bielsa,false,https://es.wikipedia.org/wiki/Campeonato_de_Primera_División_2015_(Argentina)
2015-04-07,15:30,Comunicaciones,Estudiantes (BA),1,0,,,Primera B,2015,zonas,,Fecha 9,Alfredo Ramos,false,https://es.wikipedia.org/wiki/Campeonato_de_Primera_B_2015_(Argentina)
2015-04-07,15:30,Defensores de Cambaceres,San Telmo,0,1,,,Primera C,2015,zonas,,Fecha 8,Gildo Francisco Ghersinich,false,https://es.wikipedia.org/wiki/Campeonato_de_Primera_C_2015_(Argentina)
2015-04-07,15:30,Deportivo Español,Deportivo Riestra,3,2,,,Primera B,2015,zonas,,Fecha 9,Nueva España,false,https://es.wikipedia.org/wiki/Campeonato_de_Primera_B_2015_(Argentina)
2015-04-07,15:30,Deportivo Laferrere,Defensores Unidos,2,1,,,Primera C,2015,zonas,,Fecha 8,Claudio Chiqui Tapia,false,https://es.wikipedia.org/wiki/Campeonato_de_Primera_C_2015_(Argentina)
2015-04-07,15:30,Excursionistas,J. J. de Urquiza,0,2,,,Primera C,2015,zonas,,Fecha 8,Municipal de Pilar,false,https://es.wikipedia.org/wiki/Campeonato_de_Primera_C_2015_(Argentina)
2015-04-09,,Douglas Haig,All Boys,1,2,,,Copa Argentina,2015,eliminacion,,Treintaidosavos,Ciudad de Lanús,true,https://es.wikipedia.org/wiki/Copa_Argentina_2014-15
2015-04-10,14:00,Deportivo Merlo,Brown de Adrogué,1,3,,,Primera B,2015,zonas,,Fecha 10,José Manuel Moreno,false,https://es.wikipedia.org/wiki/Campeonato_de_Primera_B_2015_(Argentina)
2015-04-10,15:00,Almirante Brown,Flandria,4,1,,,Primera B,2015,zonas,,Fecha 10,Fragata Presidente Sarmiento,false,https://es.wikipedia.org/wiki/Campeonato_de_Primera_B_2015_(Argentina)
2015-04-10,15:00,Berazategui,San Martín (B),0,2,,,Primera C,2015,zonas,,Fecha 9,Gildo Francisco Ghersinich,false,https://es.wikipedia.org/wiki/Campeonato_de_Primera_C_2015_(Argentina)
2015-04-10,18:00,Crucero del Norte,Atlético de Rafaela,1,1,,,Primera Division,2015,zonas,,Fecha 9,Comandante Andrés Guacurarí,false,https://es.wikipedia.org/wiki/Campeonato_de_Primera_División_2015_(Argentina)
2015-04-10,21:10,Temperley,Colón,2,1,,,Primera Division,2015,zonas,,Fecha 9,Alfredo Beranger,false,https://es.wikipedia.org/wiki/Campeonato_de_Primera_División_2015_(Argentina)
2015-04-11,11:00,Defensores Unidos,San Miguel,1,3,,,Primera C,2015,zonas,,Fecha 9,Municipal de Pilar,false,https://es.wikipedia.org/wiki/Campeonato_de_Primera_C_2015_(Argentina)
2015-04-11,11:00,Talleres (RdE),Ferrocarril Midland,2,1,,,Primera C,2015,zonas,,Fecha 9,Talleres de Remedios de Escalada,false,https://es.wikipedia.org/wiki/Campeonato_de_Primera_C_2015_(Argentina)
2015-04-11,11:00,UAI Urquiza,Colegiales,0,1,,,Primera B,2015,zonas,,Fecha 10,Monumental de Villa Lynch,false,https://es.wikipedia.org/wiki/Campeonato_de_Primera_B_2015_(Argentina)
2015-04-11,13:05,Platense,Deportivo Morón,2,1,,,Primera B,2015,zonas,,Fecha 10,Ciudad de Vicente López,false,https://es.wikipedia.org/wiki/Campeonato_de_Primera_B_2015_(Argentina)
2015-04-11,15:00,Godoy Cruz,Vélez Sarsfield,2,2,,,Primera Division,2015,zonas,,Fecha 9,Malvinas Argentinas,false,https://es.wikipedia.org/wiki/Campeonato_de_Primera_División_2015_(Argentina)
2015-04-11,15:00,Juventud Unida (G),Ferro Carril Oeste,2,1,,,Primera Nacional,2015,zonas,,Fecha 10,De los Eucaliptos,false,https://es.wikipedia.org/wiki/Campeonato_de_Primera_B_Nacional_2015
2015-04-11,15:30,Barracas Central,Almagro,1,0,,,Primera B,2015,zonas,,Fecha 10,Claudio Chiqui Tapia,false,https://es.wikipedia.org/wiki/Campeonato_de_Primera_B_2015_(Argentina)
2015-04-11,17:10,Gimnasia y Esgrima (LP),Aldosivi,4,1,,,Primera Division,2015,zonas,,Fecha 9,Del Bosque,false,https://es.wikipedia.org/wiki/Campeonato_de_Primera_División_2015_(Argentina)
2015-04-11,18:10,Rosario Central,San Martín (SJ),2,1,,,Primera Division,2015,zonas,,Fecha 9,Gigante de Arroyito,false,https://es.wikipedia.org/wiki/Campeonato_de_Primera_División_2015_(Argentina)
2015-04-11,19:15,Guaraní Antonio Franco,Atlético Tucumán,2,2,,,Primera Nacional,2015,zonas,,Fecha 10,C. A. Fernández de Oliveira,false,https://es.wikipedia.org/wiki/Campeonato_de_Primera_B_Nacional_2015
2015-04-11,20:15,Racing Club,Huracán,2,0,,,Primera Division,2015,zonas,,Fecha 9,El Cilindro,false,https://es.wikipedia.org/wiki/Campeonato_de_Primera_División_2015_(Argentina)
2015-04-11,20:30,San Lorenzo,Independiente,1,0,,,Primera Division,2015,zonas,,Fecha 9,Nuevo Gasómetro,false,https://es.wikipedia.org/wiki/Campeonato_de_Primera_División_2015_(Argentina)
2015-04-12,11:00,Acassuso,Deportivo Español,0,1,,,Primera B,2015,zonas,,Fecha 10,Ciudad de Vicente López,false,https://es.wikipedia.org/wiki/Campeonato_de_Primera_B_2015_(Argentina)
2015-04-12,11:00,Argentino de Merlo,General Lamadrid,2,0,,,Primera C,2015,zonas,,Fecha 9,Merlo,false,https://es.wikipedia.org/wiki/Campeonato_de_Primera_C_2015_(Argentina)
2015-04-12,11:00,J. J. de Urquiza,Defensores de Cambaceres,2,0,,,Primera C,2015,zonas,,Fecha 9,Ramón Roque Martín,false,https://es.wikipedia.org/wiki/Campeonato_de_Primera_C_2015_(Argentina)
2015-04-12,11:00,San Telmo,Argentino de Quilmes,0,0,,,Primera C,2015,zonas,,Fecha 9,Dr. Osvaldo Baletto,false,https://es.wikipedia.org/wiki/Campeonato_de_Primera_C_2015_(Argentina)
2015-04-12,12:00,Villa San Carlos,Fénix,1,1,,,Primera B,2015,zonas,,Fecha 10,Genacio Sálice,false,https://es.wikipedia.org/wiki/Campeonato_de_Primera_B_2015_(Argentina)
2015-04-12,13:00,Chacarita Juniors,Guillermo Brown,2,0,,,Primera Nacional,2015,zonas,,Fecha 10,Chacarita Juniors,false,https://es.wikipedia.org/wiki/Campeonato_de_Primera_B_Nacional_2015
2015-04-12,15:10,Gimnasia y Esgrima (J),Los Andes,0,0,,,Primera Nacional,2015,zonas,,Fecha 10,23 de agosto,false,https://es.wikipedia.org/wiki/Campeonato_de_Primera_B_Nacional_2015
2015-04-12,15:30,Sacachispas,Central Córdoba (R),0,2,,,Primera C,2015,zonas,,Fecha 9,Beto Larrosa,false,https://es.wikipedia.org/wiki/Campeonato_de_Primera_C_2015_(Argentina)
2015-04-12,15:30,Tristán Suárez,Deportivo Armenio,1,1,,,Primera B,2015,zonas,,Fecha 10,20 de Octubre,false,https://es.wikipedia.org/wiki/Campeonato_de_Primera_B_2015_(Argentina)
2015-04-12,16:00,Banfield,Lanús,1,2,,,Primera Division,2015,zonas,,Fecha 9,Florencio Sola,false,https://es.wikipedia.org/wiki/Campeonato_de_Primera_División_2015_(Argentina)
2015-04-12,16:00,Douglas Haig,Boca Unidos,1,2,,,Primera Nacional,2015,zonas,,Fecha 10,Miguel Morales,false,https://es.wikipedia.org/wiki/Campeonato_de_Primera_B_Nacional_2015
2015-04-12,16:00,Independiente Rivadavia,Villa Dálmine,1,0,,,Primera Nacional,2015,zonas,,Fecha 10,Bautista Gargantini,false,https://es.wikipedia.org/wiki/Campeonato_de_Primera_B_Nacional_2015
2015-04-12,16:00,Olimpo,Defensa y Justicia,0,0,,,Primera Division,2015,zonas,,Fecha 9,Roberto N. Carminatti,false,https://es.wikipedia.org/wiki/Campeonato_de_Primera_División_2015_(Argentina)
2015-04-12,17:00,Sportivo Estudiantes (SL),Unión (MdP),0,0,,,Primera Nacional,2015,zonas,,Fecha 10,Juan Gilberto Funes,false,https://es.wikipedia.org/wiki/Campeonato_de_Primera_B_Nacional_2015
2015-04-12,17:15,Unión,Sarmiento (J),0,1,,,Primera Division,2015,zonas,,Fecha 9,15 de abril,false,https://es.wikipedia.org/wiki/Campeonato_de_Primera_División_2015_(Argentina)
2015-04-12,18:15,Boca Juniors,Nueva Chicago,0,0,,,Primera Division,2015,zonas,,Fecha 9,La Bombonera,false,https://es.wikipedia.org/wiki/Campeonato_de_Primera_División_2015_(Argentina)
2015-04-12,19:00,Sportivo Belgrano,Atlético Paraná,0,0,,,Primera Nacional,2015,zonas,,Fecha 10,Oscar C. Boero,false,https://es.wikipedia.org/wiki/Campeonato_de_Primera_B_Nacional_2015
2015-04-12,19:30,Patronato,Central Córdoba (SdE),2,0,,,Primera Nacional,2015,zonas,,Fecha 10,Presbítero Bartolomé Grella,false,https://es.wikipedia.org/wiki/Campeonato_de_Primera_B_Nacional_2015
2015-04-12,21:30,Argentinos Juniors,River Plate,1,2,,,Primera Division,2015,zonas,,Fecha 9,Diego Armando Maradona,false,https://es.wikipedia.org/wiki/Campeonato_de_Primera_División_2015_(Argentina)
2015-04-13,15:00,Estudiantes (BA),Atlanta,2,2,,,Primera B,2015,zonas,,Fecha 10,Ciudad de Caseros,false,https://es.wikipedia.org/wiki/Campeonato_de_Primera_B_2015_(Argentina)
2015-04-13,15:30,Deportivo Riestra,Comunicaciones,1,2,,,Primera B,2015,zonas,,Fecha 10,Guillermo Laza,false,https://es.wikipedia.org/wiki/Campeonato_de_Primera_B_2015_(Argentina)
2015-04-13,16:00,Arsenal,Newell's Old Boys,3,0,,,Primera Division,2015,zonas,,Fecha 9,El Viaducto,false,https://es.wikipedia.org/wiki/Campeonato_de_Primera_División_2015_(Argentina)
2015-04-13,18:00,All Boys,Gimnasia y Esgrima (M),2,0,,,Primera Nacional,2015,zonas,,Fecha 10,Islas Malvinas,false,https://es.wikipedia.org/wiki/Campeonato_de_Primera_B_Nacional_2015
2015-04-13,20:10,Tigre,Estudiantes (LP),2,0,,,Primera Division,2015,zonas,,Fecha 9,Monumental de Victoria,false,https://es.wikipedia.org/wiki/Campeonato_de_Primera_División_2015_(Argentina)
2015-04-13,20:30,Ramón Santamarina,Instituto,1,0,,,Primera Nacional,2015,zonas,,Fecha 10,Municipal General San Martín,false,https://es.wikipedia.org/wiki/Campeonato_de_Primera_B_Nacional_2015
2015-04-13,21:10,Belgrano,Quilmes,2,1,,,Primera Division,2015,zonas,,Fecha 9,Mario Alberto Kempes,false,https://es.wikipedia.org/wiki/Campeonato_de_Primera_División_2015_(Argentina)
2015-04-14,15:00,Juventud Unida,Excursionistas,2,2,,,Primera C,2015,zonas,,Fecha 9,Ciudad de San Miguel,false,https://es.wikipedia.org/wiki/Campeonato_de_Primera_C_2015_(Argentina)
2015-04-14,15:00,Luján,Deportivo Laferrere,2,3,,,Primera C,2015,zonas,,Fecha 9,Municipal de la Ciudad de Luján,false,https://es.wikipedia.org/wiki/Campeonato_de_Primera_C_2015_(Argentina)
2015-04-14,15:20,Cañuelas,Dock Sud,1,1,,,Primera C,2015,zonas,,Fecha 9,José Alfredo Arín,false,https://es.wikipedia.org/wiki/Campeonato_de_Primera_C_2015_(Argentina)
2015-04-14,21:05,Defensores de Belgrano,Sportivo Italiano,1,0,,,Primera B,2015,zonas,,Fecha 10,Juan Pasquale,false,https://es.wikipedia.org/wiki/Campeonato_de_Primera_B_2015_(Argentina)
2015-04-17,17:00,Deportivo Morón,Tristán Suárez,2,1,,,Primera B,2015,zonas,,Fecha 11,Nuevo Francisco Urbano,false,https://es.wikipedia.org/wiki/Campeonato_de_Primera_B_2015_(Argentina)
2015-04-17,21:10,Estudiantes (LP),Rosario Central,1,1,,,Primera Division,2015,zonas,,Fecha 10,Ciudad de La Plata,false,https://es.wikipedia.org/wiki/Campeonato_de_Primera_División_2015_(Argentina)
2015-04-18,11:00,Argentino de Merlo,Talleres (RdE),1,2,,,Primera C,2015,zonas,,Fecha 10,Merlo,false,https://es.wikipedia.org/wiki/Campeonato_de_Primera_C_2015_(Argentina)
2015-04-18,11:00,Colegiales,Almirante Brown,1,1,,,Primera B,2015,zonas,,Fecha 11,Colegiales,false,https://es.wikipedia.org/wiki/Campeonato_de_Primera_B_2015_(Argentina)
2015-04-18,11:00,San Miguel,Luján,0,2,,,Primera C,2015,zonas,,Fecha 10,Malvinas Argentinas,false,https://es.wikipedia.org/wiki/Campeonato_de_Primera_C_2015_(Argentina)
2015-04-18,12:00,Defensores de Cambaceres,Juventud Unida,0,0,,,Primera C,2015,zonas,,Fecha 10,12 de Octubre,false,https://es.wikipedia.org/wiki/Campeonato_de_Primera_C_2015_(Argentina)
2015-04-18,13:00,Sportivo Italiano,Villa San Carlos,0,1,,,Primera B,2015,zonas,,Fecha 11,República de Italia,false,https://es.wikipedia.org/wiki/Campeonato_de_Primera_B_2015_(Argentina)
2015-04-18,15:00,Central Córdoba (R),Ferrocarril Midland,4,0,,,Primera C,2015,zonas,,Fecha 10,Gabino Sosa,false,https://es.wikipedia.org/wiki/Campeonato_de_Primera_C_2015_(Argentina)
2015-04-18,15:30,Brown de Adrogué,UAI Urquiza,2,1,,,Primera B,2015,zonas,,Fecha 11,Lorenzo Arandilla,false,https://es.wikipedia.org/wiki/Campeonato_de_Primera_B_2015_(Argentina)
2015-04-18,15:30,Comunicaciones,Acassuso,0,2,,,Primera B,2015,zonas,,Fecha 11,Alfredo Ramos,false,https://es.wikipedia.org/wiki/Campeonato_de_Primera_B_2015_(Argentina)
2015-04-18,15:30,General Lamadrid,Defensores Unidos,0,0,,,Primera C,2015,zonas,,Fecha 10,Enrique Sexto,false,https://es.wikipedia.org/wiki/Campeonato_de_Primera_C_2015_(Argentina)
2015-04-18,15:30,Villa Dálmine,Juventud Unida (G),2,2,,,Primera Nacional,2015,zonas,,Fecha 11,El Coliseo de Mitre y Puccini,false,https://es.wikipedia.org/wiki/Campeonato_de_Primera_B_Nacional_2015
2015-04-18,16:10,Sarmiento (J),Arsenal,2,0,,,Primera Division,2015,zonas,,Fecha 10,Eva Perón,false,https://es.wikipedia.org/wiki/Campeonato_de_Primera_División_2015_(Argentina)
2015-04-18,16:15,Ferro Carril Oeste,Patronato,0,1,,,Primera Nacional,2015,zonas,,Fecha 11,Arquitecto Ricardo Etcheverri,false,https://es.wikipedia.org/wiki/Campeonato_de_Primera_B_Nacional_2015
2015-04-18,17:00,Unión (MdP),Sportivo Belgrano,4,0,,,Primera Nacional,2015,zonas,,Fecha 11,José María Minella,false,https://es.wikipedia.org/wiki/Campeonato_de_Primera_B_Nacional_2015
2015-04-18,18:05,Atlanta,Deportivo Riestra,2,0,,,Primera B,2015,zonas,,Fecha 11,Don León Kolbovsky,false,https://es.wikipedia.org/wiki/Campeonato_de_Primera_B_2015_(Argentina)
2015-04-18,18:10,Huracán,Tigre,1,2,,,Primera Division,2015,zonas,,Fecha 10,Tomás A. Ducó,false,https://es.wikipedia.org/wiki/Campeonato_de_Primera_División_2015_(Argentina)
2015-04-18,18:30,Atlético Paraná,Ramón Santamarina,0,1,,,Primera Nacional,2015,zonas,,Fecha 11,Pedro Mutio,false,https://es.wikipedia.org/wiki/Campeonato_de_Primera_B_Nacional_2015
2015-04-18,18:30,Central Córdoba (SdE),All Boys,2,0,,,Primera Nacional,2015,zonas,,Fecha 11,Alfredo Terrera,false,https://es.wikipedia.org/wiki/Campeonato_de_Primera_B_Nacional_2015
2015-04-18,18:30,Defensa y Justicia,Temperley,0,1,,,Primera Division,2015,zonas,,Fecha 10,Norberto Tomaghello,false,https://es.wikipedia.org/wiki/Campeonato_de_Primera_División_2015_(Argentina)
2015-04-18,20:15,Independiente,Argentinos Juniors,0,0,,,Primera Division,2015,zonas,,Fecha 10,Libertadores de América,false,https://es.wikipedia.org/wiki/Campeonato_de_Primera_División_2015_(Argentina)
2015-04-18,20:30,Vélez Sarsfield,Gimnasia y Esgrima (LP),0,1,,,Primera Division,2015,zonas,,Fecha 10,José Amalfitani,false,https://es.wikipedia.org/wiki/Campeonato_de_Primera_División_2015_(Argentina)
2015-04-18,21:00,Belgrano,Crucero del Norte,1,0,,,Primera Division,2015,zonas,,Fecha 10,Mario Alberto Kempes,false,https://es.wikipedia.org/wiki/Campeonato_de_Primera_División_2015_(Argentina)
2015-04-19,11:00,Argentino de Quilmes,J. J. de Urquiza,5,2,,,Primera C,2015,zonas,,Fecha 10,Argentino de Quilmes,false,https://es.wikipedia.org/wiki/Campeonato_de_Primera_C_2015_(Argentina)
2015-04-19,12:00,Flandria,Estudiantes (BA),1,0,,,Primera B,2015,zonas,,Fecha 11,Carlos V,false,https://es.wikipedia.org/wiki/Campeonato_de_Primera_B_2015_(Argentina)
2015-04-19,13:00,Deportivo Armenio,Deportivo Merlo,1,2,,,Primera B,2015,zonas,,Fecha 11,Armenia,false,https://es.wikipedia.org/wiki/Campeonato_de_Primera_B_2015_(Argentina)
2015-04-19,13:00,San Martín (B),San Telmo,2,0,,,Primera C,2015,zonas,,Fecha 10,Francisco Boga,false,https://es.wikipedia.org/wiki/Campeonato_de_Primera_C_2015_(Argentina)
2015-04-19,14:10,Los Andes,Sportivo Estudiantes (SL),1,1,,,Primera Nacional,2015,zonas,,Fecha 11,Eduardo Gallardón,false,https://es.wikipedia.org/wiki/Campeonato_de_Primera_B_Nacional_2015
2015-04-19,15:00,Nueva Chicago,Racing Club,0,0,,,Primera Division,2015,zonas,,Fecha 10,República de Mataderos,false,https://es.wikipedia.org/wiki/Campeonato_de_Primera_División_2015_(Argentina)
2015-04-19,16:00,Boca Unidos,Gimnasia y Esgrima (J),1,0,,,Primera Nacional,2015,zonas,,Fecha 11,Leoncio Benítez,false,https://es.wikipedia.org/wiki/Campeonato_de_Primera_B_Nacional_2015
2015-04-19,16:00,Guillermo Brown,Guaraní Antonio Franco,2,0,,,Primera Nacional,2015,zonas,,Fecha 11,Raúl Conti,false,https://es.wikipedia.org/wiki/Campeonato_de_Primera_B_Nacional_2015
2015-04-19,16:15,Instituto,Chacarita Juniors,2,2,,,Primera Nacional,2015,zonas,,Fecha 11,Juan Domingo Perón,false,https://es.wikipedia.org/wiki/Campeonato_de_Primera_B_Nacional_2015
2015-04-19,17:10,Aldosivi,San Lorenzo,1,0,,,Primera Division,2015,zonas,,Fecha 10,José María Minella,false,https://es.wikipedia.org/wiki/Campeonato_de_Primera_División_2015_(Argentina)
2015-04-19,18:15,River Plate,Banfield,4,1,,,Primera Division,2015,zonas,,Fecha 10,Monumental,false,https://es.wikipedia.org/wiki/Campeonato_de_Primera_División_2015_(Argentina)
2015-04-19,18:30,San Martín (SJ),Olimpo,2,0,,,Primera Division,2015,zonas,,Fecha 10,Ingeniero Hilario Sánchez,false,https://es.wikipedia.org/wiki/Campeonato_de_Primera_División_2015_(Argentina)
2015-04-19,20:45,Atlético Tucumán,Independiente Rivadavia,2,0,,,Primera Nacional,2015,zonas,,Fecha 11,Monumental José Fierro,false,https://es.wikipedia.org/wiki/Campeonato_de_Primera_B_Nacional_2015
2015-04-19,21:30,Lanús,Boca Juniors,1,3,,,Primera Division,2015,zonas,,Fecha 10,Ciudad de Lanús,false,https://es.wikipedia.org/wiki/Campeonato_de_Primera_División_2015_(Argentina)
2015-04-20,15:00,Almagro,Defensores de Belgrano,0,0,,,Primera B,2015,zonas,,Fecha 11,Tres de Febrero,false,https://es.wikipedia.org/wiki/Campeonato_de_Primera_B_2015_(Argentina)
2015-04-20,15:00,Dock Sud,Berazategui,1,0,,,Primera C,2015,zonas,,Fecha 10,De los Inmigrantes,false,https://es.wikipedia.org/wiki/Campeonato_de_Primera_C_2015_(Argentina)
2015-04-20,15:30,Fénix,Platense,0,1,,,Primera B,2015,zonas,,Fecha 11,Armenia,false,https://es.wikipedia.org/wiki/Campeonato_de_Primera_B_2015_(Argentina)
2015-04-20,21:10,Quilmes,Unión,1,3,,,Primera Division,2015,zonas,,Fecha 10,Centenario,false,https://es.wikipedia.org/wiki/Campeonato_de_Primera_División_2015_(Argentina)
2015-04-20,21:15,Gimnasia y Esgrima (M),Douglas Haig,2,0,,,Primera Nacional,2015,zonas,,Fecha 11,Víctor Antonio Legrotaglie,false,https://es.wikipedia.org/wiki/Campeonato_de_Primera_B_Nacional_2015
2015-04-21,15:30,Deportivo Laferrere,Cañuelas,2,1,,,Primera C,2015,zonas,,Fecha 10,Don León Kolbovsky,false,https://es.wikipedia.org/wiki/Campeonato_de_Primera_C_2015_(Argentina)
2015-04-21,18:00,Colón,Atlético de Rafaela,2,1,,,Primera Division,2015,zonas,,Fecha 10,Brigadier Estanislao López,false,https://es.wikipedia.org/wiki/Campeonato_de_Primera_División_2015_(Argentina)
2015-04-21,20:30,Newell's Old Boys,Godoy Cruz,2,0,,,Primera Division,2015,zonas,,Fecha 10,Marcelo Bielsa,false,https://es.wikipedia.org/wiki/Campeonato_de_Primera_División_2015_(Argentina)
2015-04-21,21:10,Deportivo Español,Barracas Central,0,1,,,Primera B,2015,zonas,,Fecha 11,Nueva España,false,https://es.wikipedia.org/wiki/Campeonato_de_Primera_B_2015_(Argentina)
2015-04-22,,Sarmiento (J),Deportivo Merlo,1,2,,,Copa Argentina,2015,eliminacion,,Treintaidosavos,Ciudad de Vicente López,true,https://es.wikipedia.org/wiki/Copa_Argentina_2014-15
2015-04-22,,Vélez Sarsfield,La Emilia,3,0,,,Copa Argentina,2015,eliminacion,,Treintaidosavos,Florencio Sola,true,https://es.wikipedia.org/wiki/Copa_Argentina_2014-15
2015-04-23,,Argentinos Juniors,San Martín (T),3,0,,,Copa Argentina,2015,eliminacion,,Treintaidosavos,Padre Ernesto Martearena,true,https://es.wikipedia.org/wiki/Copa_Argentina_2014-15
2015-04-23,,Tigre,Gimnasia y Esgrima (J),1,0,,,Copa Argentina,2015,eliminacion,,Treintaidosavos,Antonio Romero,true,https://es.wikipedia.org/wiki/Copa_Argentina_2014-15
2015-04-23,15:30,Excursionistas,Sacachispas,1,2,,,Primera C,2015,zonas,,Fecha 10,Excursionistas,false,https://es.wikipedia.org/wiki/Campeonato_de_Primera_C_2015_(Argentina)
2015-04-24,15:30,Talleres (RdE),Central Córdoba (R),1,2,,,Primera C,2015,zonas,,Fecha 11,Talleres de Remedios de Escalada,false,https://es.wikipedia.org/wiki/Campeonato_de_Primera_C_2015_(Argentina)
2015-04-24,20:10,All Boys,Ferro Carril Oeste,0,0,,,Primera Nacional,2015,zonas,,Fecha 12,Islas Malvinas,false,https://es.wikipedia.org/wiki/Campeonato_de_Primera_B_Nacional_2015
2015-04-25,11:00,J. J. de Urquiza,San Martín (B),1,1,,,Primera C,2015,zonas,,Fecha 11,Ramón Roque Martín,false,https://es.wikipedia.org/wiki/Campeonato_de_Primera_C_2015_(Argentina)
2015-04-25,11:00,Juventud Unida,Argentino de Quilmes,1,1,,,Primera C,2015,zonas,,Fecha 11,Ciudad de San Miguel,false,https://es.wikipedia.org/wiki/Campeonato_de_Primera_C_2015_(Argentina)
2015-04-25,13:00,Villa San Carlos,Almagro,1,1,,,Primera B,2015,zonas,,Fecha 12,Genacio Sálice,false,https://es.wikipedia.org/wiki/Campeonato_de_Primera_B_2015_(Argentina)
2015-04-25,13:05,Platense,Sportivo Italiano,1,0,,,Primera B,2015,zonas,,Fecha 12,Ciudad de Vicente López,false,https://es.wikipedia.org/wiki/Campeonato_de_Primera_B_2015_(Argentina)
2015-04-25,14:00,Juventud Unida (G),Atlético Tucumán,0,1,,,Primera Nacional,2015,zonas,,Fecha 12,De los Eucaliptos,false,https://es.wikipedia.org/wiki/Campeonato_de_Primera_B_Nacional_2015
2015-04-25,15:30,Luján,General Lamadrid,1,0,,,Primera C,2015,zonas,,Fecha 11,Municipal de la Ciudad de Luján,false,https://es.wikipedia.org/wiki/Campeonato_de_Primera_C_2015_(Argentina)
2015-04-25,15:30,Tristán Suárez,Fénix,1,0,,,Primera B,2015,zonas,,Fecha 12,20 de Octubre,false,https://es.wikipedia.org/wiki/Campeonato_de_Primera_B_2015_(Argentina)
2015-04-25,16:10,Chacarita Juniors,Ramón Santamarina,1,3,,,Primera Nacional,2015,zonas,,Fecha 12,Chacarita Juniors,false,https://es.wikipedia.org/wiki/Campeonato_de_Primera_B_Nacional_2015
2015-04-25,18:40,Guaraní Antonio Franco,Instituto,1,1,,,Primera Nacional,2015,zonas,,Fecha 12,C. A. Fernández de Oliveira,false,https://es.wikipedia.org/wiki/Campeonato_de_Primera_B_Nacional_2015
2015-04-26,11:00,Berazategui,Deportivo Laferrere,0,0,,,Primera C,2015,zonas,,Fecha 11,Gildo Francisco Ghersinich,false,https://es.wikipedia.org/wiki/Campeonato_de_Primera_C_2015_(Argentina)
2015-04-26,11:00,Ferrocarril Midland,Excursionistas,2,0,,,Primera C,2015,zonas,,Fecha 11,Ciudad de Libertad,false,https://es.wikipedia.org/wiki/Campeonato_de_Primera_C_2015_(Argentina)
2015-04-26,11:00,UAI Urquiza,Deportivo Merlo,1,1,,,Primera B,2015,zonas,,Fecha 12,Monumental de Villa Lynch,false,https://es.wikipedia.org/wiki/Campeonato_de_Primera_B_2015_(Argentina)
2015-04-26,13:00,Acassuso,Atlanta,1,1,,,Primera B,2015,zonas,,Fecha 12,Ciudad de Vicente López,false,https://es.wikipedia.org/wiki/Campeonato_de_Primera_B_2015_(Argentina)
2015-04-26,14:05,Almirante Brown,Brown de Adrogué,2,1,,,Primera B,2015,zonas,,Fecha 12,República de Italia,false,https://es.wikipedia.org/wiki/Campeonato_de_Primera_B_2015_(Argentina)
2015-04-26,14:30,Sportivo Belgrano,Los Andes,1,1,,,Primera Nacional,2015,zonas,,Fecha 12,Oscar C. Boero,false,https://es.wikipedia.org/wiki/Campeonato_de_Primera_B_Nacional_2015
2015-04-26,15:30,Defensores Unidos,Argentino de Merlo,0,1,,,Primera C,2015,zonas,,Fecha 11,Gigante de Villa Fox,false,https://es.wikipedia.org/wiki/Campeonato_de_Primera_C_2015_(Argentina)
2015-04-26,16:05,Deportivo Morón,Deportivo Armenio,0,2,,,Primera B,2015,zonas,,Fecha 12,Nuevo Francisco Urbano,false,https://es.wikipedia.org/wiki/Campeonato_de_Primera_B_2015_(Argentina)
2015-04-26,16:30,Douglas Haig,Central Córdoba (SdE),0,0,,,Primera Nacional,2015,zonas,,Fecha 12,Miguel Morales,false,https://es.wikipedia.org/wiki/Campeonato_de_Primera_B_Nacional_2015
2015-04-26,17:00,Sportivo Estudiantes (SL),Boca Unidos,0,0,,,Primera Nacional,2015,zonas,,Fecha 12,El Coliseo,false,https://es.wikipedia.org/wiki/Campeonato_de_Primera_B_Nacional_2015
2015-04-26,17:00,Unión (MdP),Atlético Paraná,0,1,,,Primera Nacional,2015,zonas,,Fecha 12,José María Minella,false,https://es.wikipedia.org/wiki/Campeonato_de_Primera_B_Nacional_2015
2015-04-26,19:00,Independiente Rivadavia,Guillermo Brown,3,1,,,Primera Nacional,2015,zonas,,Fecha 12,Malvinas Argentinas,false,https://es.wikipedia.org/wiki/Campeonato_de_Primera_B_Nacional_2015
2015-04-26,19:00,Patronato,Villa Dálmine,2,0,,,Primera Nacional,2015,zonas,,Fecha 12,Presbítero Bartolomé Grella,false,https://es.wikipedia.org/wiki/Campeonato_de_Primera_B_Nacional_2015
2015-04-27,15:30,Barracas Central,Comunicaciones,1,1,,,Primera B,2015,zonas,,Fecha 12,Claudio Chiqui Tapia,false,https://es.wikipedia.org/wiki/Campeonato_de_Primera_B_2015_(Argentina)
2015-04-27,15:30,Cañuelas,San Miguel,0,0,,,Primera C,2015,zonas,,Fecha 11,José Alfredo Arín,false,https://es.wikipedia.org/wiki/Campeonato_de_Primera_C_2015_(Argentina)
2015-04-27,15:30,Deportivo Riestra,Flandria,1,0,,,Primera B,2015,zonas,,Fecha 12,Guillermo Laza,false,https://es.wikipedia.org/wiki/Campeonato_de_Primera_B_2015_(Argentina)
2015-04-27,21:00,Gimnasia y Esgrima (J),Gimnasia y Esgrima (M),2,1,,,Primera Nacional,2015,zonas,,Fecha 12,23 de agosto,false,https://es.wikipedia.org/wiki/Campeonato_de_Primera_B_Nacional_2015
2015-04-28,15:30,Sacachispas,Defensores de Cambaceres,2,1,,,Primera C,2015,zonas,,Fecha 11,Beto Larrosa,false,https://es.wikipedia.org/wiki/Campeonato_de_Primera_C_2015_(Argentina)
2015-04-28,15:45,Estudiantes (BA),Colegiales,1,0,,,Primera B,2015,zonas,,Fecha 12,Ciudad de Caseros,false,https://es.wikipedia.org/wiki/Campeonato_de_Primera_B_2015_(Argentina)
2015-04-28,21:05,Defensores de Belgrano,Deportivo Español,2,1,,,Primera B,2015,zonas,,Fecha 12,Juan Pasquale,false,https://es.wikipedia.org/wiki/Campeonato_de_Primera_B_2015_(Argentina)
2015-04-29,,Arsenal,Guaraní Antonio Franco,1,2,,,Copa Argentina,2015,eliminacion,,Treintaidosavos,Antonio Romero,true,https://es.wikipedia.org/wiki/Copa_Argentina_2014-15
2015-04-29,,Quilmes,Sportivo Belgrano,2,0,,,Copa Argentina,2015,eliminacion,,Treintaidosavos,Juan Domingo Perón,true,https://es.wikipedia.org/wiki/Copa_Argentina_2014-15
2015-04-29,15:00,San Telmo,Dock Sud,0,0,,,Primera C,2015,zonas,,Fecha 11,Talleres de Remedios de Escalada,false,https://es.wikipedia.org/wiki/Campeonato_de_Primera_C_2015_(Argentina)
2015-04-29,15:30,Excursionistas,Argentino de Merlo,2,0,,,Primera C,2015,zonas,,Fecha 2,Excursionistas,false,https://es.wikipedia.org/wiki/Campeonato_de_Primera_C_2015_(Argentina)
2015-04-30,15:30,Defensores Unidos,Talleres (RdE),2,0,,,Primera C,2015,zonas,,Fecha 12,Gigante de Villa Fox,false,https://es.wikipedia.org/wiki/Campeonato_de_Primera_C_2015_(Argentina)
2015-04-30,15:30,Deportivo Merlo,Almirante Brown,1,2,,,Primera B,2015,zonas,,Fecha 13,José Manuel Moreno,false,https://es.wikipedia.org/wiki/Campeonato_de_Primera_B_2015_(Argentina)
2015-04-30,18:00,Godoy Cruz,Sarmiento (J),1,0,,,Primera Division,2015,zonas,,Fecha 11,Malvinas Argentinas,false,https://es.wikipedia.org/wiki/Campeonato_de_Primera_División_2015_(Argentina)
2015-04-30,20:15,Ferro Carril Oeste,Douglas Haig,0,1,,,Primera Nacional,2015,zonas,,Fecha 13,Arquitecto Ricardo Etcheverri,false,https://es.wikipedia.org/wiki/Campeonato_de_Primera_B_Nacional_2015
2015-05-02,11:00,San Miguel,Berazategui,1,1,,,Primera C,2015,zonas,,Fecha 12,Malvinas Argentinas,false,https://es.wikipedia.org/wiki/Campeonato_de_Primera_C_2015_(Argentina)
2015-05-02,11:00,Sportivo Italiano,Tristán Suárez,1,2,,,Primera B,2015,zonas,,Fecha 13,República de Italia,false,https://es.wikipedia.org/wiki/Campeonato_de_Primera_B_2015_(Argentina)
2015-05-02,11:10,Colegiales,Deportivo Riestra,2,0,,,Primera B,2015,zonas,,Fecha 13,Colegiales,false,https://es.wikipedia.org/wiki/Campeonato_de_Primera_B_2015_(Argentina)
2015-05-02,12:00,Deportivo Armenio,UAI Urquiza,0,0,,,Primera B,2015,zonas,,Fecha 13,Armenia,false,https://es.wikipedia.org/wiki/Campeonato_de_Primera_B_2015_(Argentina)
2015-05-02,12:00,Deportivo Español,Villa San Carlos,1,1,,,Primera B,2015,zonas,,Fecha 13,Nueva España,false,https://es.wikipedia.org/wiki/Campeonato_de_Primera_B_2015_(Argentina)
2015-05-02,13:05,Almagro,Platense,2,0,,,Primera B,2015,zonas,,Fecha 13,Tres de Febrero,false,https://es.wikipedia.org/wiki/Campeonato_de_Primera_B_2015_(Argentina)
2015-05-02,14:00,Los Andes,Unión (MdP),2,3,,,Primera Nacional,2015,zonas,,Fecha 13,Eduardo Gallardón,false,https://es.wikipedia.org/wiki/Campeonato_de_Primera_B_Nacional_2015
2015-05-02,15:00,Guillermo Brown,Juventud Unida (G),2,1,,,Primera Nacional,2015,zonas,,Fecha 13,Raúl Conti,false,https://es.wikipedia.org/wiki/Campeonato_de_Primera_B_Nacional_2015
2015-05-02,15:00,Olimpo,Estudiantes (LP),0,0,,,Primera Division,2015,zonas,,Fecha 11,Roberto N. Carminatti,false,https://es.wikipedia.org/wiki/Campeonato_de_Primera_División_2015_(Argentina)
2015-05-02,15:30,Boca Unidos,Sportivo Belgrano,1,0,,,Primera Nacional,2015,zonas,,Fecha 13,Leoncio Benítez,false,https://es.wikipedia.org/wiki/Campeonato_de_Primera_B_Nacional_2015
2015-05-02,15:30,Brown de Adrogué,Estudiantes (BA),0,1,,,Primera B,2015,zonas,,Fecha 13,Lorenzo Arandilla,false,https://es.wikipedia.org/wiki/Campeonato_de_Primera_B_2015_(Argentina)
2015-05-02,15:30,Comunicaciones,Defensores de Belgrano,0,1,,,Primera B,2015,zonas,,Fecha 13,Alfredo Ramos,false,https://es.wikipedia.org/wiki/Campeonato_de_Primera_B_2015_(Argentina)
2015-05-02,16:00,Gimnasia y Esgrima (M),Sportivo Estudiantes (SL),2,0,,,Primera Nacional,2015,zonas,,Fecha 13,Víctor Antonio Legrotaglie,false,https://es.wikipedia.org/wiki/Campeonato_de_Primera_B_Nacional_2015
2015-05-02,16:10,Atlético Paraná,Chacarita Juniors,3,1,,,Primera Nacional,2015,zonas,,Fecha 13,Pedro Mutio,false,https://es.wikipedia.org/wiki/Campeonato_de_Primera_B_Nacional_2015
2015-05-02,17:15,Gimnasia y Esgrima (LP),Newell's Old Boys,0,0,,,Primera Division,2015,zonas,,Fecha 11,Del Bosque,false,https://es.wikipedia.org/wiki/Campeonato_de_Primera_División_2015_(Argentina)
2015-05-02,18:10,San Lorenzo,Vélez Sarsfield,1,0,,,Primera Division,2015,zonas,,Fecha 11,Nuevo Gasómetro,false,https://es.wikipedia.org/wiki/Campeonato_de_Primera_División_2015_(Argentina)
2015-05-02,19:00,Villa Dálmine,All Boys,2,1,,,Primera Nacional,2015,zonas,,Fecha 13,El Coliseo de Mitre y Puccini,false,https://es.wikipedia.org/wiki/Campeonato_de_Primera_B_Nacional_2015
2015-05-02,19:30,Argentinos Juniors,Aldosivi,0,1,,,Primera Division,2015,zonas,,Fecha 11,Diego Armando Maradona,false,https://es.wikipedia.org/wiki/Campeonato_de_Primera_División_2015_(Argentina)
2015-05-02,20:00,Instituto,Independiente Rivadavia,0,1,,,Primera Nacional,2015,zonas,,Fecha 13,Juan Domingo Perón,false,https://es.wikipedia.org/wiki/Campeonato_de_Primera_B_Nacional_2015
2015-05-02,20:15,Racing Club,Lanús,2,0,,,Primera Division,2015,zonas,,Fecha 11,El Cilindro,false,https://es.wikipedia.org/wiki/Campeonato_de_Primera_División_2015_(Argentina)
2015-05-02,20:30,Ramón Santamarina,Guaraní Antonio Franco,2,0,,,Primera Nacional,2015,zonas,,Fecha 13,Municipal General San Martín,false,https://es.wikipedia.org/wiki/Campeonato_de_Primera_B_Nacional_2015
2015-05-02,20:30,Rosario Central,Huracán,1,1,,,Primera Division,2015,zonas,,Fecha 11,Gigante de Arroyito,false,https://es.wikipedia.org/wiki/Campeonato_de_Primera_División_2015_(Argentina)
2015-05-02,21:00,Atlético Tucumán,Patronato,1,1,,,Primera Nacional,2015,zonas,,Fecha 13,Monumental José Fierro,false,https://es.wikipedia.org/wiki/Campeonato_de_Primera_B_Nacional_2015
2015-05-02,21:05,Atlanta,Barracas Central,3,1,,,Primera B,2015,zonas,,Fecha 13,Don León Kolbovsky,false,https://es.wikipedia.org/wiki/Campeonato_de_Primera_B_2015_(Argentina)
2015-05-02,21:45,Central Córdoba (SdE),Gimnasia y Esgrima (J),2,0,,,Primera Nacional,2015,zonas,,Fecha 13,Alfredo Terrera,false,https://es.wikipedia.org/wiki/Campeonato_de_Primera_B_Nacional_2015
2015-05-03,11:00,Argentino de Quilmes,Sacachispas,3,0,,,Primera C,2015,zonas,,Fecha 12,Argentino de Quilmes,false,https://es.wikipedia.org/wiki/Campeonato_de_Primera_C_2015_(Argentina)
2015-05-03,15:00,Atlético de Rafaela,Defensa y Justicia,2,1,,,Primera Division,2015,zonas,,Fecha 11,Nuevo Monumental,false,https://es.wikipedia.org/wiki/Campeonato_de_Primera_División_2015_(Argentina)
2015-05-03,15:30,Fénix,Deportivo Morón,0,0,,,Primera B,2015,zonas,,Fecha 13,Armenia,false,https://es.wikipedia.org/wiki/Campeonato_de_Primera_B_2015_(Argentina)
2015-05-03,15:40,Flandria,Acassuso,0,0,,,Primera B,2015,zonas,,Fecha 13,Carlos V,false,https://es.wikipedia.org/wiki/Campeonato_de_Primera_B_2015_(Argentina)
2015-05-03,16:00,Banfield,Independiente,1,1,,,Primera Division,2015,zonas,,Fecha 11,Florencio Sola,false,https://es.wikipedia.org/wiki/Campeonato_de_Primera_División_2015_(Argentina)
2015-05-03,17:10,Tigre,Nueva Chicago,2,0,,,Primera Division,2015,zonas,,Fecha 11,Monumental de Victoria,false,https://es.wikipedia.org/wiki/Campeonato_de_Primera_División_2015_(Argentina)
2015-05-03,18:15,Boca Juniors,River Plate,2,0,,,Primera Division,2015,zonas,,Fecha 11,La Bombonera,false,https://es.wikipedia.org/wiki/Campeonato_de_Primera_División_2015_(Argentina)
2015-05-03,21:30,Unión,Belgrano,1,1,,,Primera Division,2015,zonas,,Fecha 11,15 de abril,false,https://es.wikipedia.org/wiki/Campeonato_de_Primera_División_2015_(Argentina)
2015-05-04,15:30,Defensores de Cambaceres,Ferrocarril Midland,0,1,,,Primera C,2015,zonas,,Fecha 12,12 de Octubre,false,https://es.wikipedia.org/wiki/Campeonato_de_Primera_C_2015_(Argentina)
2015-05-04,15:30,Excursionistas,Central Córdoba (R),0,1,,,Primera C,2015,zonas,,Fecha 12,Excursionistas,false,https://es.wikipedia.org/wiki/Campeonato_de_Primera_C_2015_(Argentina)
2015-05-04,15:30,General Lamadrid,Cañuelas,1,1,,,Primera C,2015,zonas,,Fecha 12,Enrique Sexto,false,https://es.wikipedia.org/wiki/Campeonato_de_Primera_C_2015_(Argentina)
2015-05-04,15:30,San Martín (B),Juventud Unida,1,2,,,Primera C,2015,zonas,,Fecha 12,Francisco Boga,false,https://es.wikipedia.org/wiki/Campeonato_de_Primera_C_2015_(Argentina)
2015-05-04,16:00,Arsenal,Quilmes,0,1,,,Primera Division,2015,zonas,,Fecha 11,El Viaducto,false,https://es.wikipedia.org/wiki/Campeonato_de_Primera_División_2015_(Argentina)
2015-05-04,21:00,Crucero del Norte,Colón,0,0,,,Primera Division,2015,zonas,,Fecha 11,Comandante Andrés Guacurarí,false,https://es.wikipedia.org/wiki/Campeonato_de_Primera_División_2015_(Argentina)
2015-05-04,21:10,Temperley,San Martín (SJ),0,1,,,Primera Division,2015,zonas,,Fecha 11,Alfredo Beranger,false,https://es.wikipedia.org/wiki/Campeonato_de_Primera_División_2015_(Argentina)
2015-05-05,15:00,Argentino de Merlo,Luján,1,1,,,Primera C,2015,zonas,,Fecha 12,Merlo,false,https://es.wikipedia.org/wiki/Campeonato_de_Primera_C_2015_(Argentina)
2015-05-05,15:00,Dock Sud,J. J. de Urquiza,2,0,,,Primera C,2015,zonas,,Fecha 12,De los Inmigrantes,false,https://es.wikipedia.org/wiki/Campeonato_de_Primera_C_2015_(Argentina)
2015-05-05,15:00,Estudiantes (BA),Deportivo Merlo,3,1,,,Primera B,2015,zonas,,Fecha 14,Ciudad de Caseros,false,https://es.wikipedia.org/wiki/Campeonato_de_Primera_B_2015_(Argentina)
2015-05-05,15:00,Platense,Deportivo Español,0,0,,,Primera B,2015,zonas,,Fecha 14,Ciudad de Vicente López,false,https://es.wikipedia.org/wiki/Campeonato_de_Primera_B_2015_(Argentina)
2015-05-05,15:05,Deportivo Riestra,Brown de Adrogué,1,0,,,Primera B,2015,zonas,,Fecha 14,Guillermo Laza,false,https://es.wikipedia.org/wiki/Campeonato_de_Primera_B_2015_(Argentina)
2015-05-05,21:10,Defensores de Belgrano,Atlanta,1,0,,,Primera B,2015,zonas,,Fecha 14,Juan Pasquale,false,https://es.wikipedia.org/wiki/Campeonato_de_Primera_B_2015_(Argentina)
2015-05-06,,Gimnasia y Esgrima (LP),Altos Hornos Zapla,2,0,,,Copa Argentina,2015,eliminacion,,Treintaidosavos,Antonio Romero,true,https://es.wikipedia.org/wiki/Copa_Argentina_2014-15
2015-05-06,15:00,Acassuso,Colegiales,1,0,,,Primera B,2015,zonas,,Fecha 14,Ciudad de Vicente López,false,https://es.wikipedia.org/wiki/Campeonato_de_Primera_B_2015_(Argentina)
2015-05-06,15:00,Almirante Brown,UAI Urquiza,0,0,,,Primera B,2015,zonas,,Fecha 14,República de Italia,false,https://es.wikipedia.org/wiki/Campeonato_de_Primera_B_2015_(Argentina)
2015-05-06,15:00,Los Andes,Atlético Paraná,2,1,,,Primera Nacional,2015,zonas,,Fecha 14,Eduardo Gallardón,false,https://es.wikipedia.org/wiki/Campeonato_de_Primera_B_Nacional_2015
2015-05-06,15:00,Tristán Suárez,Almagro,1,0,,,Primera B,2015,zonas,,Fecha 14,20 de Octubre,false,https://es.wikipedia.org/wiki/Campeonato_de_Primera_B_2015_(Argentina)
2015-05-06,15:00,Villa San Carlos,Comunicaciones,1,1,,,Primera B,2015,zonas,,Fecha 14,Genacio Sálice,false,https://es.wikipedia.org/wiki/Campeonato_de_Primera_B_2015_(Argentina)
2015-05-06,15:15,Juventud Unida (G),Instituto,0,2,,,Primera Nacional,2015,zonas,,Fecha 14,De los Eucaliptos,false,https://es.wikipedia.org/wiki/Campeonato_de_Primera_B_Nacional_2015
2015-05-06,15:20,Fénix,Deportivo Armenio,1,0,,,Primera B,2015,zonas,,Fecha 14,Armenia,false,https://es.wikipedia.org/wiki/Campeonato_de_Primera_B_2015_(Argentina)
2015-05-06,15:30,Barracas Central,Flandria,0,2,,,Primera B,2015,zonas,,Fecha 14,Claudio Chiqui Tapia,false,https://es.wikipedia.org/wiki/Campeonato_de_Primera_B_2015_(Argentina)
2015-05-06,16:00,Sportivo Estudiantes (SL),Central Córdoba (SdE),2,2,,,Primera Nacional,2015,zonas,,Fecha 14,El Coliseo,false,https://es.wikipedia.org/wiki/Campeonato_de_Primera_B_Nacional_2015
2015-05-06,17:10,Guaraní Antonio Franco,Chacarita Juniors,2,2,,,Primera Nacional,2015,zonas,,Fecha 14,C. A. Fernández de Oliveira,false,https://es.wikipedia.org/wiki/Campeonato_de_Primera_B_Nacional_2015
2015-05-06,19:15,All Boys,Atlético Tucumán,0,0,,,Primera Nacional,2015,zonas,,Fecha 14,Islas Malvinas,false,https://es.wikipedia.org/wiki/Campeonato_de_Primera_B_Nacional_2015
2015-05-06,19:15,Gimnasia y Esgrima (J),Ferro Carril Oeste,1,1,,,Primera Nacional,2015,zonas,,Fecha 14,23 de agosto,false,https://es.wikipedia.org/wiki/Campeonato_de_Primera_B_Nacional_2015
2015-05-06,20:05,Unión (MdP),Boca Unidos,0,2,,,Primera Nacional,2015,zonas,,Fecha 14,José María Minella,false,https://es.wikipedia.org/wiki/Campeonato_de_Primera_B_Nacional_2015
2015-05-06,20:30,Douglas Haig,Villa Dálmine,2,2,,,Primera Nacional,2015,zonas,,Fecha 14,Miguel Morales,false,https://es.wikipedia.org/wiki/Campeonato_de_Primera_B_Nacional_2015
2015-05-06,21:00,Independiente Rivadavia,Ramón Santamarina,1,2,,,Primera Nacional,2015,zonas,,Fecha 14,Bautista Gargantini,false,https://es.wikipedia.org/wiki/Campeonato_de_Primera_B_Nacional_2015
2015-05-06,21:00,Patronato,Guillermo Brown,0,0,,,Primera Nacional,2015,zonas,,Fecha 14,Presbítero Bartolomé Grella,false,https://es.wikipedia.org/wiki/Campeonato_de_Primera_B_Nacional_2015
2015-05-06,21:00,Sportivo Belgrano,Gimnasia y Esgrima (M),3,0,,,Primera Nacional,2015,zonas,,Fecha 14,Oscar C. Boero,false,https://es.wikipedia.org/wiki/Campeonato_de_Primera_B_Nacional_2015
2015-05-07,15:00,Deportivo Morón,Sportivo Italiano,0,0,,,Primera B,2015,zonas,,Fecha 14,Nuevo Francisco Urbano,false,https://es.wikipedia.org/wiki/Campeonato_de_Primera_B_2015_(Argentina)
2015-05-07,15:30,Deportivo Laferrere,San Telmo,2,1,,,Primera C,2015,zonas,,Fecha 12,Municipal de Pilar,false,https://es.wikipedia.org/wiki/Campeonato_de_Primera_C_2015_(Argentina)
2015-05-08,15:00,Nueva Chicago,Rosario Central,0,2,,,Primera Division,2015,zonas,,Fecha 12,República de Mataderos,false,https://es.wikipedia.org/wiki/Campeonato_de_Primera_División_2015_(Argentina)
2015-05-08,20:00,Lanús,Tigre,1,1,,,Primera Division,2015,zonas,,Fecha 12,Ciudad de Lanús,false,https://es.wikipedia.org/wiki/Campeonato_de_Primera_División_2015_(Argentina)
2015-05-08,21:10,Estudiantes (LP),Temperley,2,1,,,Primera Division,2015,zonas,,Fecha 12,Ciudad de La Plata,false,https://es.wikipedia.org/wiki/Campeonato_de_Primera_División_2015_(Argentina)
2015-05-09,11:00,Deportivo Merlo,Deportivo Riestra,0,2,,,Primera B,2015,zonas,,Fecha 15,José Manuel Moreno,false,https://es.wikipedia.org/wiki/Campeonato_de_Primera_B_2015_(Argentina)
2015-05-09,11:00,Flandria,Defensores de Belgrano,2,1,,,Primera B,2015,zonas,,Fecha 15,Carlos V,false,https://es.wikipedia.org/wiki/Campeonato_de_Primera_B_2015_(Argentina)
2015-05-09,13:35,Comunicaciones,Platense,1,2,,,Primera B,2015,zonas,,Fecha 15,Alfredo Ramos,false,https://es.wikipedia.org/wiki/Campeonato_de_Primera_B_2015_(Argentina)
2015-05-09,15:00,Deportivo Armenio,Almirante Brown,2,1,,,Primera B,2015,zonas,,Fecha 15,Armenia,false,https://es.wikipedia.org/wiki/Campeonato_de_Primera_B_2015_(Argentina)
2015-05-09,15:15,Brown de Adrogué,Acassuso,0,0,,,Primera B,2015,zonas,,Fecha 15,Lorenzo Arandilla,false,https://es.wikipedia.org/wiki/Campeonato_de_Primera_B_2015_(Argentina)
2015-05-09,15:30,Deportivo Español,Tristán Suárez,0,1,,,Primera B,2015,zonas,,Fecha 15,Nueva España,false,https://es.wikipedia.org/wiki/Campeonato_de_Primera_B_2015_(Argentina)
2015-05-09,16:10,Chacarita Juniors,Independiente Rivadavia,0,0,,,Primera Nacional,2015,zonas,,Fecha 15,República de Italia,false,https://es.wikipedia.org/wiki/Campeonato_de_Primera_B_Nacional_2015
2015-05-09,16:10,Quilmes,Godoy Cruz,0,0,,,Primera Division,2015,zonas,,Fecha 12,Centenario,false,https://es.wikipedia.org/wiki/Campeonato_de_Primera_División_2015_(Argentina)
2015-05-09,18:10,Atlanta,Villa San Carlos,0,3,,,Primera B,2015,zonas,,Fecha 15,Don León Kolbovsky,false,https://es.wikipedia.org/wiki/Campeonato_de_Primera_B_2015_(Argentina)
2015-05-09,18:10,Huracán,Olimpo,1,3,,,Primera Division,2015,zonas,,Fecha 12,Tomás A. Ducó,false,https://es.wikipedia.org/wiki/Campeonato_de_Primera_División_2015_(Argentina)
2015-05-09,18:30,Unión,Crucero del Norte,5,2,,,Primera Division,2015,zonas,,Fecha 12,15 de abril,false,https://es.wikipedia.org/wiki/Campeonato_de_Primera_División_2015_(Argentina)
2015-05-09,20:15,Newell's Old Boys,San Lorenzo,1,1,,,Primera Division,2015,zonas,,Fecha 12,Marcelo Bielsa,false,https://es.wikipedia.org/wiki/Campeonato_de_Primera_División_2015_(Argentina)
2015-05-09,20:30,Vélez Sarsfield,Argentinos Juniors,0,1,,,Primera Division,2015,zonas,,Fecha 12,José Amalfitani,false,https://es.wikipedia.org/wiki/Campeonato_de_Primera_División_2015_(Argentina)
2015-05-10,11:00,Colegiales,Barracas Central,3,2,,,Primera B,2015,zonas,,Fecha 15,Colegiales,false,https://es.wikipedia.org/wiki/Campeonato_de_Primera_B_2015_(Argentina)
2015-05-10,11:00,Ferrocarril Midland,Argentino de Quilmes,1,2,,,Primera C,2015,zonas,,Fecha 13,Ciudad de Libertad,false,https://es.wikipedia.org/wiki/Campeonato_de_Primera_C_2015_(Argentina)
2015-05-10,11:00,Juventud Unida,Dock Sud,1,0,,,Primera C,2015,zonas,,Fecha 13,Ciudad de San Miguel,false,https://es.wikipedia.org/wiki/Campeonato_de_Primera_C_2015_(Argentina)
2015-05-10,11:00,Talleres (RdE),Excursionistas,3,0,,,Primera C,2015,zonas,,Fecha 13,Talleres de Remedios de Escalada,false,https://es.wikipedia.org/wiki/Campeonato_de_Primera_C_2015_(Argentina)
2015-05-10,11:00,UAI Urquiza,Estudiantes (BA),1,1,,,Primera B,2015,zonas,,Fecha 15,Monumental de Villa Lynch,false,https://es.wikipedia.org/wiki/Campeonato_de_Primera_B_2015_(Argentina)
2015-05-10,12:00,Luján,Defensores Unidos,1,3,,,Primera C,2015,zonas,,Fecha 13,Municipal de la Ciudad de Luján,false,https://es.wikipedia.org/wiki/Campeonato_de_Primera_C_2015_(Argentina)
2015-05-10,13:30,Guillermo Brown,All Boys,1,0,,,Primera Nacional,2015,zonas,,Fecha 15,Raúl Conti,false,https://es.wikipedia.org/wiki/Campeonato_de_Primera_B_Nacional_2015
2015-05-10,15:00,Ferro Carril Oeste,Sportivo Estudiantes (SL),0,3,,,Primera Nacional,2015,zonas,,Fecha 15,Arquitecto Ricardo Etcheverri,false,https://es.wikipedia.org/wiki/Campeonato_de_Primera_B_Nacional_2015
2015-05-10,15:30,Central Córdoba (R),Defensores de Cambaceres,1,1,,,Primera C,2015,zonas,,Fecha 13,Gabino Sosa,false,https://es.wikipedia.org/wiki/Campeonato_de_Primera_C_2015_(Argentina)
2015-05-10,15:30,Villa Dálmine,Gimnasia y Esgrima (J),0,0,,,Primera Nacional,2015,zonas,,Fecha 15,El Coliseo de Mitre y Puccini,false,https://es.wikipedia.org/wiki/Campeonato_de_Primera_B_Nacional_2015
2015-05-10,15:40,Boca Unidos,Los Andes,0,0,,,Primera Nacional,2015,zonas,,Fecha 15,Leoncio Benítez,false,https://es.wikipedia.org/wiki/Campeonato_de_Primera_B_Nacional_2015
2015-05-10,16:00,Aldosivi,Banfield,0,3,,,Primera Division,2015,zonas,,Fecha 12,José María Minella,false,https://es.wikipedia.org/wiki/Campeonato_de_Primera_División_2015_(Argentina)
2015-05-10,16:00,Atlético Paraná,Guaraní Antonio Franco,2,0,,,Primera Nacional,2015,zonas,,Fecha 15,Pedro Mutio,false,https://es.wikipedia.org/wiki/Campeonato_de_Primera_B_Nacional_2015
2015-05-10,16:00,Belgrano,Arsenal,2,0,,,Primera Division,2015,zonas,,Fecha 12,Mario Alberto Kempes,false,https://es.wikipedia.org/wiki/Campeonato_de_Primera_División_2015_(Argentina)
2015-05-10,16:00,Gimnasia y Esgrima (M),Unión (MdP),1,0,,,Primera Nacional,2015,zonas,,Fecha 15,Víctor Antonio Legrotaglie,false,https://es.wikipedia.org/wiki/Campeonato_de_Primera_B_Nacional_2015
2015-05-10,17:00,Central Córdoba (SdE),Sportivo Belgrano,1,0,,,Primera Nacional,2015,zonas,,Fecha 15,Alfredo Terrera,false,https://es.wikipedia.org/wiki/Campeonato_de_Primera_B_Nacional_2015
2015-05-10,17:45,Atlético Tucumán,Douglas Haig,2,1,,,Primera Nacional,2015,zonas,,Fecha 15,Monumental José Fierro,false,https://es.wikipedia.org/wiki/Campeonato_de_Primera_B_Nacional_2015
2015-05-10,18:15,River Plate,Racing Club,0,0,,,Primera Division,2015,zonas,,Fecha 12,Monumental,false,https://es.wikipedia.org/wiki/Campeonato_de_Primera_División_2015_(Argentina)
2015-05-10,20:00,San Martín (SJ),Atlético de Rafaela,1,1,,,Primera Division,2015,zonas,,Fecha 12,Ingeniero Hilario Sánchez,false,https://es.wikipedia.org/wiki/Campeonato_de_Primera_División_2015_(Argentina)
2015-05-10,21:30,Independiente,Boca Juniors,1,1,,,Primera Division,2015,zonas,,Fecha 12,Libertadores de América,false,https://es.wikipedia.org/wiki/Campeonato_de_Primera_División_2015_(Argentina)
2015-05-11,15:00,Almagro,Deportivo Morón,1,1,,,Primera B,2015,zonas,,Fecha 15,Tres de Febrero,false,https://es.wikipedia.org/wiki/Campeonato_de_Primera_B_2015_(Argentina)
2015-05-11,15:00,Cañuelas,Argentino de Merlo,0,1,,,Primera C,2015,zonas,,Fecha 13,José Alfredo Arín,false,https://es.wikipedia.org/wiki/Campeonato_de_Primera_C_2015_(Argentina)
2015-05-11,15:00,San Telmo,San Miguel,2,0,,,Primera C,2015,zonas,,Fecha 13,Dr. Osvaldo Baletto,false,https://es.wikipedia.org/wiki/Campeonato_de_Primera_C_2015_(Argentina)
2015-05-11,15:00,Sportivo Italiano,Fénix,3,1,,,Primera B,2015,zonas,,Fecha 15,República de Italia,false,https://es.wikipedia.org/wiki/Campeonato_de_Primera_B_2015_(Argentina)
2015-05-11,18:00,Sarmiento (J),Gimnasia y Esgrima (LP),0,0,,,Primera Division,2015,zonas,,Fecha 12,Eva Perón,false,https://es.wikipedia.org/wiki/Campeonato_de_Primera_División_2015_(Argentina)
2015-05-11,20:05,Instituto,Patronato,0,1,,,Primera Nacional,2015,zonas,,Fecha 15,Juan Domingo Perón,false,https://es.wikipedia.org/wiki/Campeonato_de_Primera_B_Nacional_2015
2015-05-11,20:35,Ramón Santamarina,Juventud Unida (G),3,0,,,Primera Nacional,2015,zonas,,Fecha 15,Municipal General San Martín,false,https://es.wikipedia.org/wiki/Campeonato_de_Primera_B_Nacional_2015
2015-05-11,21:10,Defensa y Justicia,Colón,2,3,,,Primera Division,2015,zonas,,Fecha 12,Norberto Tomaghello,false,https://es.wikipedia.org/wiki/Campeonato_de_Primera_División_2015_(Argentina)
2015-05-12,15:00,Almirante Brown,Barracas Central,0,1,,,Primera B,2015,zonas,,Fecha 19,Tres de Febrero,false,https://es.wikipedia.org/wiki/Campeonato_de_Primera_B_2015_(Argentina)
2015-05-12,15:00,Berazategui,General Lamadrid,1,0,,,Primera C,2015,zonas,,Fecha 13,Gildo Francisco Ghersinich,false,https://es.wikipedia.org/wiki/Campeonato_de_Primera_C_2015_(Argentina)
2015-05-12,15:00,J. J. de Urquiza,Deportivo Laferrere,1,1,,,Primera C,2015,zonas,,Fecha 13,Ramón Roque Martín,false,https://es.wikipedia.org/wiki/Campeonato_de_Primera_C_2015_(Argentina)
2015-05-13,,Godoy Cruz,Deportivo Español,0,1,,,Copa Argentina,2015,eliminacion,,Treintaidosavos,Juan Domingo Perón,true,https://es.wikipedia.org/wiki/Copa_Argentina_2014-15
2015-05-13,,Rosario Central,Deportivo Riestra,3,1,,,Copa Argentina,2015,eliminacion,,Treintaidosavos,Eva Perón,true,https://es.wikipedia.org/wiki/Copa_Argentina_2014-15
2015-05-16,15:00,Estudiantes (BA),Acassuso,1,0,,,Primera B,2015,zonas,,Fecha 19,Ciudad de Caseros,false,https://es.wikipedia.org/wiki/Campeonato_de_Primera_B_2015_(Argentina)
2015-05-19,,Newell's Old Boys,Chacarita Juniors,0,2,,,Copa Argentina,2015,eliminacion,,Treintaidosavos,Florencio Sola,true,https://es.wikipedia.org/wiki/Copa_Argentina_2014-15
2015-05-20,,San Lorenzo,Viale FBC,3,0,,,Copa Argentina,2015,eliminacion,,Treintaidosavos,Antonio Romero,true,https://es.wikipedia.org/wiki/Copa_Argentina_2014-15
2015-05-20,,Unión,Deportivo Armenio,2,1,,,Copa Argentina,2015,eliminacion,,Treintaidosavos,Juan Domingo Perón,true,https://es.wikipedia.org/wiki/Copa_Argentina_2014-15
2015-05-21,15:00,Argentino de Merlo,Berazategui,0,1,,,Primera C,2015,zonas,,Fecha 14,Merlo,false,https://es.wikipedia.org/wiki/Campeonato_de_Primera_C_2015_(Argentina)
2015-05-21,15:00,Defensores de Cambaceres,Excursionistas,0,1,,,Primera C,2015,zonas,,Fecha 14,12 de Octubre,false,https://es.wikipedia.org/wiki/Campeonato_de_Primera_C_2015_(Argentina)
2015-05-21,15:00,Dock Sud,Sacachispas,2,0,,,Primera C,2015,zonas,,Fecha 14,De los Inmigrantes,false,https://es.wikipedia.org/wiki/Campeonato_de_Primera_C_2015_(Argentina)
2015-05-21,15:00,Luján,Talleres (RdE),2,2,,,Primera C,2015,zonas,,Fecha 14,Municipal de la Ciudad de Luján,false,https://es.wikipedia.org/wiki/Campeonato_de_Primera_C_2015_(Argentina)
2015-05-21,20:35,Douglas Haig,Guillermo Brown,1,1,,,Primera Nacional,2015,zonas,,Fecha 16,Miguel Morales,false,https://es.wikipedia.org/wiki/Campeonato_de_Primera_B_Nacional_2015
2015-05-22,14:00,Estudiantes (BA),Almirante Brown,2,1,,,Primera B,2015,zonas,,Fecha 16,Ciudad de Caseros,false,https://es.wikipedia.org/wiki/Campeonato_de_Primera_B_2015_(Argentina)
2015-05-22,15:00,Acassuso,Deportivo Merlo,0,1,,,Primera B,2015,zonas,,Fecha 16,Ciudad de Vicente López,false,https://es.wikipedia.org/wiki/Campeonato_de_Primera_B_2015_(Argentina)
2015-05-22,15:00,Fénix,Almagro,1,2,,,Primera B,2015,zonas,,Fecha 16,Armenia,false,https://es.wikipedia.org/wiki/Campeonato_de_Primera_B_2015_(Argentina)
2015-05-22,15:00,Villa San Carlos,Flandria,1,0,,,Primera B,2015,zonas,,Fecha 16,Genacio Sálice,false,https://es.wikipedia.org/wiki/Campeonato_de_Primera_B_2015_(Argentina)
2015-05-22,18:00,Gimnasia y Esgrima (LP),Quilmes,3,2,,,Primera Division,2015,zonas,,Fecha 13,Del Bosque,false,https://es.wikipedia.org/wiki/Campeonato_de_Primera_División_2015_(Argentina)
2015-05-22,20:00,Crucero del Norte,Defensa y Justicia,3,1,,,Primera Division,2015,zonas,,Fecha 13,Comandante Andrés Guacurarí,false,https://es.wikipedia.org/wiki/Campeonato_de_Primera_División_2015_(Argentina)
2015-05-22,21:00,Independiente Rivadavia,Guaraní Antonio Franco,0,0,,,Primera Nacional,2015,zonas,,Fecha 16,Bautista Gargantini,false,https://es.wikipedia.org/wiki/Campeonato_de_Primera_B_Nacional_2015
2015-05-22,21:10,Temperley,Huracán,0,0,,,Primera Division,2015,zonas,,Fecha 13,Alfredo Beranger,false,https://es.wikipedia.org/wiki/Campeonato_de_Primera_División_2015_(Argentina)
2015-05-23,11:00,Argentino de Quilmes,Central Córdoba (R),3,3,,,Primera C,2015,zonas,,Fecha 14,Argentino de Quilmes,false,https://es.wikipedia.org/wiki/Campeonato_de_Primera_C_2015_(Argentina)
2015-05-23,11:00,Platense,Atlanta,1,4,,,Primera B,2015,zonas,,Fecha 16,Ciudad de Vicente López,false,https://es.wikipedia.org/wiki/Campeonato_de_Primera_B_2015_(Argentina)
2015-05-23,11:00,Tristán Suárez,Comunicaciones,0,0,,,Primera B,2015,zonas,,Fecha 16,20 de Octubre,false,https://es.wikipedia.org/wiki/Campeonato_de_Primera_B_2015_(Argentina)
2015-05-23,11:30,Los Andes,Gimnasia y Esgrima (M),1,1,,,Primera Nacional,2015,zonas,,Fecha 16,Eduardo Gallardón,false,https://es.wikipedia.org/wiki/Campeonato_de_Primera_B_Nacional_2015
2015-05-23,13:35,Barracas Central,Brown de Adrogué,2,1,,,Primera B,2015,zonas,,Fecha 16,Claudio Chiqui Tapia,false,https://es.wikipedia.org/wiki/Campeonato_de_Primera_B_2015_(Argentina)
2015-05-23,15:00,Arsenal,Unión,1,1,,,Primera Division,2015,zonas,,Fecha 13,El Viaducto,false,https://es.wikipedia.org/wiki/Campeonato_de_Primera_División_2015_(Argentina)
2015-05-23,15:30,General Lamadrid,San Telmo,0,3,,,Primera C,2015,zonas,,Fecha 14,Enrique Sexto,false,https://es.wikipedia.org/wiki/Campeonato_de_Primera_C_2015_(Argentina)
2015-05-23,15:30,Juventud Unida (G),Chacarita Juniors,2,1,,,Primera Nacional,2015,zonas,,Fecha 16,De los Eucaliptos,false,https://es.wikipedia.org/wiki/Campeonato_de_Primera_B_Nacional_2015
2015-05-23,17:10,Rosario Central,Lanús,1,1,,,Primera Division,2015,zonas,,Fecha 13,Gigante de Arroyito,false,https://es.wikipedia.org/wiki/Campeonato_de_Primera_División_2015_(Argentina)
2015-05-23,17:40,Colón,San Martín (SJ),2,2,,,Primera Division,2015,zonas,,Fecha 13,Brigadier Estanislao López,false,https://es.wikipedia.org/wiki/Campeonato_de_Primera_División_2015_(Argentina)
2015-05-23,18:05,Defensores de Belgrano,Colegiales,1,0,,,Primera B,2015,zonas,,Fecha 16,Juan Pasquale,false,https://es.wikipedia.org/wiki/Campeonato_de_Primera_B_2015_(Argentina)
2015-05-23,18:10,Banfield,Vélez Sarsfield,1,3,,,Primera Division,2015,zonas,,Fecha 13,Florencio Sola,false,https://es.wikipedia.org/wiki/Campeonato_de_Primera_División_2015_(Argentina)
2015-05-23,19:30,Olimpo,Nueva Chicago,0,0,,,Primera Division,2015,zonas,,Fecha 13,Roberto N. Carminatti,false,https://es.wikipedia.org/wiki/Campeonato_de_Primera_División_2015_(Argentina)
2015-05-23,20:00,All Boys,Instituto,0,2,,,Primera Nacional,2015,zonas,,Fecha 16,Islas Malvinas,false,https://es.wikipedia.org/wiki/Campeonato_de_Primera_B_Nacional_2015
2015-05-23,20:15,San Lorenzo,Sarmiento (J),3,0,,,Primera Division,2015,zonas,,Fecha 13,Nuevo Gasómetro,false,https://es.wikipedia.org/wiki/Campeonato_de_Primera_División_2015_(Argentina)
2015-05-23,20:30,Atlético de Rafaela,Estudiantes (LP),1,2,,,Primera Division,2015,zonas,,Fecha 13,Nuevo Monumental,false,https://es.wikipedia.org/wiki/Campeonato_de_Primera_División_2015_(Argentina)
2015-05-24,11:00,Sportivo Italiano,Deportivo Armenio,1,0,,,Primera B,2015,zonas,,Fecha 16,República de Italia,false,https://es.wikipedia.org/wiki/Campeonato_de_Primera_B_2015_(Argentina)
2015-05-24,14:10,Patronato,Ramón Santamarina,2,0,,,Primera Nacional,2015,zonas,,Fecha 16,Presbítero Bartolomé Grella,false,https://es.wikipedia.org/wiki/Campeonato_de_Primera_B_Nacional_2015
2015-05-24,15:00,Racing Club,Independiente,1,0,,,Primera Division,2015,zonas,,Fecha 13,El Cilindro,false,https://es.wikipedia.org/wiki/Campeonato_de_Primera_División_2015_(Argentina)
2015-05-24,15:00,Sportivo Estudiantes (SL),Villa Dálmine,1,1,,,Primera Nacional,2015,zonas,,Fecha 16,Juan Gilberto Funes,false,https://es.wikipedia.org/wiki/Campeonato_de_Primera_B_Nacional_2015
2015-05-24,15:10,Boca Unidos,Atlético Paraná,3,1,,,Primera Nacional,2015,zonas,,Fecha 16,Leoncio Benítez,false,https://es.wikipedia.org/wiki/Campeonato_de_Primera_B_Nacional_2015
2015-05-24,16:00,Argentinos Juniors,Newell's Old Boys,2,1,,,Primera Division,2015,zonas,,Fecha 13,Diego Armando Maradona,false,https://es.wikipedia.org/wiki/Campeonato_de_Primera_División_2015_(Argentina)
2015-05-24,16:20,Gimnasia y Esgrima (J),Atlético Tucumán,2,1,,,Primera Nacional,2015,zonas,,Fecha 16,23 de agosto,false,https://es.wikipedia.org/wiki/Campeonato_de_Primera_B_Nacional_2015
2015-05-24,18:15,Boca Juniors,Aldosivi,0,3,,,Primera Division,2015,zonas,,Fecha 13,La Bombonera,false,https://es.wikipedia.org/wiki/Campeonato_de_Primera_División_2015_(Argentina)
2015-05-24,18:20,Godoy Cruz,Belgrano,1,0,,,Primera Division,2015,zonas,,Fecha 13,Malvinas Argentinas,false,https://es.wikipedia.org/wiki/Campeonato_de_Primera_División_2015_(Argentina)
2015-05-27,,Boca Juniors,Huracán Las Heras,2,0,,,Copa Argentina,2015,eliminacion,,Treintaidosavos,San Juan del Bicentenario,true,https://es.wikipedia.org/wiki/Copa_Argentina_2014-15
2015-05-27,,Crucero del Norte,Los Andes,0,2,,,Copa Argentina,2015,eliminacion,,Treintaidosavos,Ciudad de Lanús,true,https://es.wikipedia.org/wiki/Copa_Argentina_2014-15
2015-05-27,,Lanús,Atlético Tucumán,2,0,,,Copa Argentina,2015,eliminacion,,Treintaidosavos,Padre Ernesto Martearena,true,https://es.wikipedia.org/wiki/Copa_Argentina_2014-15
2015-05-29,15:00,Almirante Brown,Deportivo Riestra,1,2,,,Primera B,2015,zonas,,Fecha 17,Tres de Febrero,false,https://es.wikipedia.org/wiki/Campeonato_de_Primera_B_2015_(Argentina)
2015-05-29,20:00,Ramón Santamarina,All Boys,2,1,,,Primera Nacional,2015,zonas,,Fecha 17,Municipal General San Martín,false,https://es.wikipedia.org/wiki/Campeonato_de_Primera_B_Nacional_2015
2015-05-29,21:10,Quilmes,San Lorenzo,1,2,,,Primera Division,2015,zonas,,Fecha 14,Centenario,false,https://es.wikipedia.org/wiki/Campeonato_de_Primera_División_2015_(Argentina)
2015-05-30,11:00,Cañuelas,Luján,2,1,,,Primera C,2015,zonas,,Fecha 15,José Alfredo Arín,false,https://es.wikipedia.org/wiki/Campeonato_de_Primera_C_2015_(Argentina)
2015-05-30,11:00,Colegiales,Villa San Carlos,2,1,,,Primera B,2015,zonas,,Fecha 17,Colegiales,false,https://es.wikipedia.org/wiki/Campeonato_de_Primera_B_2015_(Argentina)
2015-05-30,11:00,Excursionistas,Argentino de Quilmes,0,0,,,Primera C,2015,zonas,,Fecha 15,Excursionistas,false,https://es.wikipedia.org/wiki/Campeonato_de_Primera_C_2015_(Argentina)
2015-05-30,11:00,Juventud Unida,San Miguel,1,0,,,Primera C,2015,zonas,,Fecha 15,Ciudad de San Miguel,false,https://es.wikipedia.org/wiki/Campeonato_de_Primera_C_2015_(Argentina)
2015-05-30,11:00,Talleres (RdE),Defensores de Cambaceres,4,1,,,Primera C,2015,zonas,,Fecha 15,Talleres de Remedios de Escalada,false,https://es.wikipedia.org/wiki/Campeonato_de_Primera_C_2015_(Argentina)
2015-05-30,12:00,Chacarita Juniors,Patronato,1,1,,,Primera Nacional,2015,zonas,,Fecha 17,Chacarita Juniors,false,https://es.wikipedia.org/wiki/Campeonato_de_Primera_B_Nacional_2015
2015-05-30,13:30,Brown de Adrogué,Defensores de Belgrano,2,2,,,Primera B,2015,zonas,,Fecha 17,Lorenzo Arandilla,false,https://es.wikipedia.org/wiki/Campeonato_de_Primera_B_2015_(Argentina)
2015-05-30,15:00,Nueva Chicago,Temperley,0,2,,,Primera Division,2015,zonas,,Fecha 14,República de Mataderos,false,https://es.wikipedia.org/wiki/Campeonato_de_Primera_División_2015_(Argentina)
2015-05-30,15:30,Comunicaciones,Deportivo Morón,1,1,,,Primera B,2015,zonas,,Fecha 17,Alfredo Ramos,false,https://es.wikipedia.org/wiki/Campeonato_de_Primera_B_2015_(Argentina)
2015-05-30,15:30,Ferro Carril Oeste,Unión (MdP),2,0,,,Primera Nacional,2015,zonas,,Fecha 17,Arquitecto Ricardo Etcheverri,false,https://es.wikipedia.org/wiki/Campeonato_de_Primera_B_Nacional_2015
2015-05-30,15:30,Villa Dálmine,Sportivo Belgrano,0,3,,,Primera Nacional,2015,zonas,,Fecha 17,El Coliseo de Mitre y Puccini,false,https://es.wikipedia.org/wiki/Campeonato_de_Primera_B_Nacional_2015
2015-05-30,17:10,Sarmiento (J),Argentinos Juniors,0,0,,,Primera Division,2015,zonas,,Fecha 14,Eva Perón,false,https://es.wikipedia.org/wiki/Campeonato_de_Primera_División_2015_(Argentina)
2015-05-30,18:10,Belgrano,Gimnasia y Esgrima (LP),0,1,,,Primera Division,2015,zonas,,Fecha 14,Mario Alberto Kempes,false,https://es.wikipedia.org/wiki/Campeonato_de_Primera_División_2015_(Argentina)
2015-05-30,19:05,Deportivo Español,Fénix,1,1,,,Primera B,2015,zonas,,Fecha 17,Nueva España,false,https://es.wikipedia.org/wiki/Campeonato_de_Primera_B_2015_(Argentina)
2015-05-30,20:15,Independiente,Tigre,1,0,,,Primera Division,2015,zonas,,Fecha 14,Libertadores de América,false,https://es.wikipedia.org/wiki/Campeonato_de_Primera_División_2015_(Argentina)
2015-05-30,20:30,Newell's Old Boys,Banfield,1,1,,,Primera Division,2015,zonas,,Fecha 14,Marcelo Bielsa,false,https://es.wikipedia.org/wiki/Campeonato_de_Primera_División_2015_(Argentina)
2015-05-30,20:30,Unión,Godoy Cruz,1,0,,,Primera Division,2015,zonas,,Fecha 14,15 de abril,false,https://es.wikipedia.org/wiki/Campeonato_de_Primera_División_2015_(Argentina)
2015-05-30,21:00,Guaraní Antonio Franco,Juventud Unida (G),3,1,,,Primera Nacional,2015,zonas,,Fecha 17,C. A. Fernández de Oliveira,false,https://es.wikipedia.org/wiki/Campeonato_de_Primera_B_Nacional_2015
2015-05-31,11:00,Deportivo Merlo,Barracas Central,2,2,,,Primera B,2015,zonas,,Fecha 17,José Manuel Moreno,false,https://es.wikipedia.org/wiki/Campeonato_de_Primera_B_2015_(Argentina)
2015-05-31,11:00,Flandria,Platense,2,3,,,Primera B,2015,zonas,,Fecha 17,Carlos V,false,https://es.wikipedia.org/wiki/Campeonato_de_Primera_B_2015_(Argentina)
2015-05-31,11:00,San Telmo,Argentino de Merlo,1,0,,,Primera C,2015,zonas,,Fecha 15,Dr. Osvaldo Baletto,false,https://es.wikipedia.org/wiki/Campeonato_de_Primera_C_2015_(Argentina)
2015-05-31,13:00,Deportivo Armenio,Estudiantes (BA),0,3,,,Primera B,2015,zonas,,Fecha 17,Armenia,false,https://es.wikipedia.org/wiki/Campeonato_de_Primera_B_2015_(Argentina)
2015-05-31,15:00,Atlético Paraná,Independiente Rivadavia,2,1,,,Primera Nacional,2015,zonas,,Fecha 17,Pedro Mutio,false,https://es.wikipedia.org/wiki/Campeonato_de_Primera_B_Nacional_2015
2015-05-31,15:30,Almagro,Sportivo Italiano,1,2,,,Primera B,2015,zonas,,Fecha 17,Tres de Febrero,false,https://es.wikipedia.org/wiki/Campeonato_de_Primera_B_2015_(Argentina)
2015-05-31,15:30,Central Córdoba (R),San Martín (B),2,1,,,Primera C,2015,zonas,,Fecha 15,Gabino Sosa,false,https://es.wikipedia.org/wiki/Campeonato_de_Primera_C_2015_(Argentina)
2015-05-31,16:00,Aldosivi,Racing Club,1,2,,,Primera Division,2015,zonas,,Fecha 14,José María Minella,false,https://es.wikipedia.org/wiki/Campeonato_de_Primera_División_2015_(Argentina)
2015-05-31,16:00,Gimnasia y Esgrima (M),Boca Unidos,3,1,,,Primera Nacional,2015,zonas,,Fecha 17,Víctor Antonio Legrotaglie,false,https://es.wikipedia.org/wiki/Campeonato_de_Primera_B_Nacional_2015
2015-05-31,16:00,San Martín (SJ),Defensa y Justicia,2,2,,,Primera Division,2015,zonas,,Fecha 14,Ingeniero Hilario Sánchez,false,https://es.wikipedia.org/wiki/Campeonato_de_Primera_División_2015_(Argentina)
2015-05-31,16:30,Instituto,Douglas Haig,3,2,,,Primera Nacional,2015,zonas,,Fecha 17,Juan Domingo Perón,false,https://es.wikipedia.org/wiki/Campeonato_de_Primera_B_Nacional_2015
2015-05-31,17:10,Atlético Tucumán,Sportivo Estudiantes (SL),1,0,,,Primera Nacional,2015,zonas,,Fecha 17,Monumental José Fierro,false,https://es.wikipedia.org/wiki/Campeonato_de_Primera_B_Nacional_2015
2015-05-31,18:15,River Plate,Rosario Central,2,0,,,Primera Division,2015,zonas,,Fecha 14,Monumental,false,https://es.wikipedia.org/wiki/Campeonato_de_Primera_División_2015_(Argentina)
2015-05-31,19:30,Estudiantes (LP),Colón,0,0,,,Primera Division,2015,zonas,,Fecha 14,Ciudad de La Plata,false,https://es.wikipedia.org/wiki/Campeonato_de_Primera_División_2015_(Argentina)
2015-05-31,21:30,Vélez Sarsfield,Boca Juniors,2,0,,,Primera Division,2015,zonas,,Fecha 14,José Amalfitani,false,https://es.wikipedia.org/wiki/Campeonato_de_Primera_División_2015_(Argentina)
2015-06-01,15:00,Ferrocarril Midland,Dock Sud,0,1,,,Primera C,2015,zonas,,Fecha 15,Ciudad de Libertad,false,https://es.wikipedia.org/wiki/Campeonato_de_Primera_C_2015_(Argentina)
2015-06-01,15:00,Guillermo Brown,Gimnasia y Esgrima (J),0,1,,,Primera Nacional,2015,zonas,,Fecha 17,Raúl Conti,false,https://es.wikipedia.org/wiki/Campeonato_de_Primera_B_Nacional_2015
2015-06-01,15:00,UAI Urquiza,Acassuso,0,1,,,Primera B,2015,zonas,,Fecha 17,Monumental de Villa Lynch,false,https://es.wikipedia.org/wiki/Campeonato_de_Primera_B_2015_(Argentina)
2015-06-01,15:30,Sacachispas,Deportivo Laferrere,0,2,,,Primera C,2015,zonas,,Fecha 15,Beto Larrosa,false,https://es.wikipedia.org/wiki/Campeonato_de_Primera_C_2015_(Argentina)
2015-06-01,16:00,Arsenal,Crucero del Norte,1,0,,,Primera Division,2015,zonas,,Fecha 14,El Viaducto,false,https://es.wikipedia.org/wiki/Campeonato_de_Primera_División_2015_(Argentina)
2015-06-01,19:00,Central Córdoba (SdE),Los Andes,2,0,,,Primera Nacional,2015,zonas,,Fecha 17,Alfredo Terrera,false,https://es.wikipedia.org/wiki/Campeonato_de_Primera_B_Nacional_2015
2015-06-01,21:10,Huracán,Atlético de Rafaela,3,2,,,Primera Division,2015,zonas,,Fecha 14,Tomás A. Ducó,false,https://es.wikipedia.org/wiki/Campeonato_de_Primera_División_2015_(Argentina)
2015-06-01,21:10,Lanús,Olimpo,2,0,,,Primera Division,2015,zonas,,Fecha 14,Ciudad de Lanús,false,https://es.wikipedia.org/wiki/Campeonato_de_Primera_División_2015_(Argentina)
2015-06-02,15:00,Berazategui,Defensores Unidos,2,1,,,Primera C,2015,zonas,,Fecha 15,Gildo Francisco Ghersinich,false,https://es.wikipedia.org/wiki/Campeonato_de_Primera_C_2015_(Argentina)
2015-06-02,15:00,J. J. de Urquiza,General Lamadrid,0,0,,,Primera C,2015,zonas,,Fecha 15,Ramón Roque Martín,false,https://es.wikipedia.org/wiki/Campeonato_de_Primera_C_2015_(Argentina)
2015-06-02,21:05,Atlanta,Tristán Suárez,2,0,,,Primera B,2015,zonas,,Fecha 17,Don León Kolbovsky,false,https://es.wikipedia.org/wiki/Campeonato_de_Primera_B_2015_(Argentina)
2015-06-03,,Racing Club,Independiente (N),2,0,,,Copa Argentina,2015,eliminacion,,Treintaidosavos,Ciudad de Lanús,true,https://es.wikipedia.org/wiki/Copa_Argentina_2014-15
2015-06-03,,River Plate,Liniers (BB),2,0,,,Copa Argentina,2015,eliminacion,,Treintaidosavos,Antonio Romero,true,https://es.wikipedia.org/wiki/Copa_Argentina_2014-15
2015-06-04,,Estudiantes (LP),Ramón Santamarina,2,1,,,Copa Argentina,2015,eliminacion,,Treintaidosavos,Julio Humberto Grondona,true,https://es.wikipedia.org/wiki/Copa_Argentina_2014-15
2015-06-05,13:00,San Martín (B),Excursionistas,2,0,,,Primera C,2015,zonas,,Fecha 16,Francisco Boga,false,https://es.wikipedia.org/wiki/Campeonato_de_Primera_C_2015_(Argentina)
2015-06-05,15:00,Barracas Central,UAI Urquiza,3,3,,,Primera B,2015,zonas,,Fecha 18,Claudio Chiqui Tapia,false,https://es.wikipedia.org/wiki/Campeonato_de_Primera_B_2015_(Argentina)
2015-06-05,15:30,Deportivo Riestra,Estudiantes (BA),1,1,,,Primera B,2015,zonas,,Fecha 18,Guillermo Laza,false,https://es.wikipedia.org/wiki/Campeonato_de_Primera_B_2015_(Argentina)
2015-06-05,18:00,Gimnasia y Esgrima (LP),Unión,5,2,,,Primera Division,2015,zonas,,Fecha 15,Del Bosque,false,https://es.wikipedia.org/wiki/Campeonato_de_Primera_División_2015_(Argentina)
2015-06-05,20:00,Banfield,Sarmiento (J),0,0,,,Primera Division,2015,zonas,,Fecha 15,Florencio Sola,false,https://es.wikipedia.org/wiki/Campeonato_de_Primera_División_2015_(Argentina)
2015-06-05,21:10,Argentinos Juniors,Quilmes,0,2,,,Primera Division,2015,zonas,,Fecha 15,Diego Armando Maradona,false,https://es.wikipedia.org/wiki/Campeonato_de_Primera_División_2015_(Argentina)
2015-06-06,11:00,Argentino de Merlo,J. J. de Urquiza,2,1,,,Primera C,2015,zonas,,Fecha 16,Merlo,false,https://es.wikipedia.org/wiki/Campeonato_de_Primera_C_2015_(Argentina)
2015-06-06,11:00,Argentino de Quilmes,Defensores de Cambaceres,1,1,,,Primera C,2015,zonas,,Fecha 16,Argentino de Quilmes,false,https://es.wikipedia.org/wiki/Campeonato_de_Primera_C_2015_(Argentina)
2015-06-06,11:00,Dock Sud,Central Córdoba (R),0,0,,,Primera C,2015,zonas,,Fecha 16,De los Inmigrantes,false,https://es.wikipedia.org/wiki/Campeonato_de_Primera_C_2015_(Argentina)
2015-06-06,11:00,Luján,Berazategui,1,1,,,Primera C,2015,zonas,,Fecha 16,Municipal de la Ciudad de Luján,false,https://es.wikipedia.org/wiki/Campeonato_de_Primera_C_2015_(Argentina)
2015-06-06,11:00,Platense,Colegiales,1,2,,,Primera B,2015,zonas,,Fecha 18,Ciudad de Vicente López,false,https://es.wikipedia.org/wiki/Campeonato_de_Primera_B_2015_(Argentina)
2015-06-06,11:30,Cañuelas,Talleres (RdE),0,3,,,Primera C,2015,zonas,,Fecha 16,José Alfredo Arín,false,https://es.wikipedia.org/wiki/Campeonato_de_Primera_C_2015_(Argentina)
2015-06-06,12:35,Sportivo Italiano,Deportivo Español,1,1,,,Primera B,2015,zonas,,Fecha 18,República de Italia,false,https://es.wikipedia.org/wiki/Campeonato_de_Primera_B_2015_(Argentina)
2015-06-06,14.30,Juventud Unida (G),Independiente Rivadavia,2,1,,,Primera Nacional,2015,zonas,,Fecha 18,De los Eucaliptos,false,https://es.wikipedia.org/wiki/Campeonato_de_Primera_B_Nacional_2015
2015-06-06,14:00,All Boys,Chacarita Juniors,4,1,,,Primera Nacional,2015,zonas,,Fecha 18,Islas Malvinas,false,https://es.wikipedia.org/wiki/Campeonato_de_Primera_B_Nacional_2015
2015-06-06,15:00,Colón,Huracán,1,1,,,Primera Division,2015,zonas,,Fecha 15,Brigadier Estanislao López,false,https://es.wikipedia.org/wiki/Campeonato_de_Primera_División_2015_(Argentina)
2015-06-06,15:00,Gimnasia y Esgrima (M),Atlético Paraná,1,0,,,Primera Nacional,2015,zonas,,Fecha 18,Víctor Antonio Legrotaglie,false,https://es.wikipedia.org/wiki/Campeonato_de_Primera_B_Nacional_2015
2015-06-06,15:30,General Lamadrid,Juventud Unida,0,0,,,Primera C,2015,zonas,,Fecha 16,Enrique Sexto,false,https://es.wikipedia.org/wiki/Campeonato_de_Primera_C_2015_(Argentina)
2015-06-06,16:30,Deportivo Morón,Atlanta,0,1,,,Primera B,2015,zonas,,Fecha 18,Nuevo Francisco Urbano,false,https://es.wikipedia.org/wiki/Campeonato_de_Primera_B_2015_(Argentina)
2015-06-06,17:00,Unión (MdP),Villa Dálmine,1,3,,,Primera Nacional,2015,zonas,,Fecha 18,José María Minella,false,https://es.wikipedia.org/wiki/Campeonato_de_Primera_B_Nacional_2015
2015-06-06,17:15,Temperley,Lanús,1,1,,,Primera Division,2015,zonas,,Fecha 15,Alfredo Beranger,false,https://es.wikipedia.org/wiki/Campeonato_de_Primera_División_2015_(Argentina)
2015-06-06,18:00,San Lorenzo,Belgrano,0,0,,,Primera Division,2015,zonas,,Fecha 15,Nuevo Gasómetro,false,https://es.wikipedia.org/wiki/Campeonato_de_Primera_División_2015_(Argentina)
2015-06-07,11:00,Acassuso,Almirante Brown,0,1,,,Primera B,2015,zonas,,Fecha 18,Ciudad de Vicente López,false,https://es.wikipedia.org/wiki/Campeonato_de_Primera_B_2015_(Argentina)
2015-06-07,11:00,Crucero del Norte,San Martín (SJ),3,1,,,Primera Division,2015,zonas,,Fecha 15,Comandante Andrés Guacurarí,false,https://es.wikipedia.org/wiki/Campeonato_de_Primera_División_2015_(Argentina)
2015-06-07,11:00,Fénix,Comunicaciones,1,0,,,Primera B,2015,zonas,,Fecha 18,Armenia,false,https://es.wikipedia.org/wiki/Campeonato_de_Primera_B_2015_(Argentina)
2015-06-07,11:00,Los Andes,Ferro Carril Oeste,1,2,,,Primera Nacional,2015,zonas,,Fecha 18,Eduardo Gallardón,false,https://es.wikipedia.org/wiki/Campeonato_de_Primera_B_Nacional_2015
2015-06-07,11:00,Tristán Suárez,Flandria,0,1,,,Primera B,2015,zonas,,Fecha 18,20 de Octubre,false,https://es.wikipedia.org/wiki/Campeonato_de_Primera_B_2015_(Argentina)
2015-06-07,12:00,Defensores Unidos,San Telmo,0,1,,,Primera C,2015,zonas,,Fecha 16,Gigante de Villa Fox,false,https://es.wikipedia.org/wiki/Campeonato_de_Primera_C_2015_(Argentina)
2015-06-07,15:00,Rosario Central,Independiente,1,1,,,Primera Division,2015,zonas,,Fecha 15,Gigante de Arroyito,false,https://es.wikipedia.org/wiki/Campeonato_de_Primera_División_2015_(Argentina)
2015-06-07,15:00,Sportivo Estudiantes (SL),Guillermo Brown,2,2,,,Primera Nacional,2015,zonas,,Fecha 18,El Coliseo,false,https://es.wikipedia.org/wiki/Campeonato_de_Primera_B_Nacional_2015
2015-06-07,15:30,Boca Unidos,Central Córdoba (SdE),2,0,,,Primera Nacional,2015,zonas,,Fecha 18,Leoncio Benítez,false,https://es.wikipedia.org/wiki/Campeonato_de_Primera_B_Nacional_2015
2015-06-07,15:30,Deportivo Laferrere,Ferrocarril Midland,0,0,,,Primera C,2015,zonas,,Fecha 16,Claudio Chiqui Tapia,false,https://es.wikipedia.org/wiki/Campeonato_de_Primera_C_2015_(Argentina)
2015-06-07,16:05,Atlético de Rafaela,Nueva Chicago,2,0,,,Primera Division,2015,zonas,,Fecha 15,Nuevo Monumental,false,https://es.wikipedia.org/wiki/Campeonato_de_Primera_División_2015_(Argentina)
2015-06-07,17:00,Gimnasia y Esgrima (J),Instituto,1,1,,,Primera Nacional,2015,zonas,,Fecha 18,23 de agosto,false,https://es.wikipedia.org/wiki/Campeonato_de_Primera_B_Nacional_2015
2015-06-07,17:00,Racing Club,Vélez Sarsfield,3,1,,,Primera Division,2015,zonas,,Fecha 15,El Cilindro,false,https://es.wikipedia.org/wiki/Campeonato_de_Primera_División_2015_(Argentina)
2015-06-07,18:00,Sportivo Belgrano,Atlético Tucumán,1,1,,,Primera Nacional,2015,zonas,,Fecha 18,Oscar C. Boero,false,https://es.wikipedia.org/wiki/Campeonato_de_Primera_B_Nacional_2015
2015-06-07,18:15,Boca Juniors,Newell's Old Boys,4,0,,,Primera Division,2015,zonas,,Fecha 15,La Bombonera,false,https://es.wikipedia.org/wiki/Campeonato_de_Primera_División_2015_(Argentina)
2015-06-07,18:30,Patronato,Guaraní Antonio Franco,1,0,,,Primera Nacional,2015,zonas,,Fecha 18,Presbítero Bartolomé Grella,false,https://es.wikipedia.org/wiki/Campeonato_de_Primera_B_Nacional_2015
2015-06-07,20:00,Godoy Cruz,Arsenal,0,0,,,Primera Division,2015,zonas,,Fecha 15,Malvinas Argentinas,false,https://es.wikipedia.org/wiki/Campeonato_de_Primera_División_2015_(Argentina)
2015-06-07,21:30,Olimpo,River Plate,1,1,,,Primera Division,2015,zonas,,Fecha 15,Roberto N. Carminatti,false,https://es.wikipedia.org/wiki/Campeonato_de_Primera_División_2015_(Argentina)
2015-06-08,15:00,Almagro,Deportivo Armenio,1,0,,,Primera B,2015,zonas,,Fecha 18,Tres de Febrero,false,https://es.wikipedia.org/wiki/Campeonato_de_Primera_B_2015_(Argentina)
2015-06-08,15:10,Villa San Carlos,Brown de Adrogué,1,0,,,Primera B,2015,zonas,,Fecha 18,Genacio Sálice,false,https://es.wikipedia.org/wiki/Campeonato_de_Primera_B_2015_(Argentina)
2015-06-08,18:00,Douglas Haig,Ramón Santamarina,1,1,,,Primera Nacional,2015,zonas,,Fecha 18,Miguel Morales,false,https://es.wikipedia.org/wiki/Campeonato_de_Primera_B_Nacional_2015
2015-06-08,18:00,Tigre,Aldosivi,2,1,,,Primera Division,2015,zonas,,Fecha 15,Monumental de Victoria,false,https://es.wikipedia.org/wiki/Campeonato_de_Primera_División_2015_(Argentina)
2015-06-08,20:10,Defensa y Justicia,Estudiantes (LP),0,1,,,Primera Division,2015,zonas,,Fecha 15,Norberto Tomaghello,false,https://es.wikipedia.org/wiki/Campeonato_de_Primera_División_2015_(Argentina)
2015-06-09,15:00,San Miguel,Sacachispas,3,0,,,Primera C,2015,zonas,,Fecha 16,Malvinas Argentinas,false,https://es.wikipedia.org/wiki/Campeonato_de_Primera_C_2015_(Argentina)
2015-06-09,21:05,Defensores de Belgrano,Deportivo Merlo,1,1,,,Primera B,2015,zonas,,Fecha 18,Juan Pasquale,false,https://es.wikipedia.org/wiki/Campeonato_de_Primera_B_2015_(Argentina)
2015-06-10,15:00,Defensores Unidos,Cañuelas,3,0,,,Primera C,2015,zonas,,Fecha 14,Gigante de Villa Fox,false,https://es.wikipedia.org/wiki/Campeonato_de_Primera_C_2015_(Argentina)
2015-06-10,15:00,Deportivo Laferrere,Juventud Unida,1,0,,,Primera C,2015,zonas,,Fecha 14,Claudio Chiqui Tapia,false,https://es.wikipedia.org/wiki/Campeonato_de_Primera_C_2015_(Argentina)
2015-06-10,15:00,Deportivo Riestra,UAI Urquiza,0,1,,,Primera B,2015,zonas,,Fecha 16,Guillermo Laza,false,https://es.wikipedia.org/wiki/Campeonato_de_Primera_B_2015_(Argentina)
2015-06-10,15:00,San Martín (B),Ferrocarril Midland,1,0,,,Primera C,2015,zonas,,Fecha 14,Francisco Boga,false,https://es.wikipedia.org/wiki/Campeonato_de_Primera_C_2015_(Argentina)
2015-06-10,15:15,Deportivo Morón,Deportivo Español,3,0,,,Primera B,2015,zonas,,Fecha 16,Nuevo Francisco Urbano,false,https://es.wikipedia.org/wiki/Campeonato_de_Primera_B_2015_(Argentina)
2015-06-12,22:00,Central Córdoba (SdE),Gimnasia y Esgrima (M),1,0,,,Primera Nacional,2015,zonas,,Fecha 19,Alfredo Terrera,false,https://es.wikipedia.org/wiki/Campeonato_de_Primera_B_Nacional_2015
2015-06-13,11:00,Defensores de Cambaceres,San Martín (B),2,0,,,Primera C,2015,zonas,,Fecha 17,12 de Octubre,false,https://es.wikipedia.org/wiki/Campeonato_de_Primera_C_2015_(Argentina)
2015-06-13,11:00,Ferrocarril Midland,San Miguel,3,0,,,Primera C,2015,zonas,,Fecha 17,Ciudad de Libertad,false,https://es.wikipedia.org/wiki/Campeonato_de_Primera_C_2015_(Argentina)
2015-06-13,11:00,Juventud Unida,Argentino de Merlo,1,2,,,Primera C,2015,zonas,,Fecha 17,Ciudad de San Miguel,false,https://es.wikipedia.org/wiki/Campeonato_de_Primera_C_2015_(Argentina)
2015-06-13,12:00,Central Córdoba (R),Deportivo Laferrere,1,1,,,Primera C,2015,zonas,,Fecha 17,Gabino Sosa,false,https://es.wikipedia.org/wiki/Campeonato_de_Primera_C_2015_(Argentina)
2015-06-13,12:00,UAI Urquiza,Defensores de Belgrano,0,0,,,Primera B,2015,zonas,,Fecha 19,Monumental de Villa Lynch,false,https://es.wikipedia.org/wiki/Campeonato_de_Primera_B_2015_(Argentina)
2015-06-13,15:00,Ferro Carril Oeste,Boca Unidos,2,1,,,Primera Nacional,2015,zonas,,Fecha 19,Arquitecto Ricardo Etcheverri,false,https://es.wikipedia.org/wiki/Campeonato_de_Primera_B_Nacional_2015
2015-06-13,15:00,Instituto,Sportivo Estudiantes (SL),2,0,,,Primera Nacional,2015,zonas,,Fecha 19,Juan Domingo Perón,false,https://es.wikipedia.org/wiki/Campeonato_de_Primera_B_Nacional_2015
2015-06-13,15:00,Talleres (RdE),Argentino de Quilmes,3,1,,,Primera C,2015,zonas,,Fecha 17,Talleres de Remedios de Escalada,false,https://es.wikipedia.org/wiki/Campeonato_de_Primera_C_2015_(Argentina)
2015-06-13,15:30,Atlanta,Fénix,0,0,,,Primera B,2015,zonas,,Fecha 19,Don León Kolbovsky,false,https://es.wikipedia.org/wiki/Campeonato_de_Primera_B_2015_(Argentina)
2015-06-13,15:30,Brown de Adrogué,Platense,2,0,,,Primera B,2015,zonas,,Fecha 19,Lorenzo Arandilla,false,https://es.wikipedia.org/wiki/Campeonato_de_Primera_B_2015_(Argentina)
2015-06-13,15:30,Comunicaciones,Sportivo Italiano,3,0,,,Primera B,2015,zonas,,Fecha 19,Alfredo Ramos,false,https://es.wikipedia.org/wiki/Campeonato_de_Primera_B_2015_(Argentina)
2015-06-13,15:30,Deportivo Armenio,Deportivo Riestra,3,2,,,Primera B,2015,zonas,,Fecha 19,Armenia,false,https://es.wikipedia.org/wiki/Campeonato_de_Primera_B_2015_(Argentina)
2015-06-13,15:30,Deportivo Español,Almagro,0,0,,,Primera B,2015,zonas,,Fecha 19,Nueva España,false,https://es.wikipedia.org/wiki/Campeonato_de_Primera_B_2015_(Argentina)
2015-06-13,15:30,Excursionistas,Dock Sud,1,3,,,Primera C,2015,zonas,,Fecha 17,Excursionistas,false,https://es.wikipedia.org/wiki/Campeonato_de_Primera_C_2015_(Argentina)
2015-06-13,16:00,Atlético Paraná,Juventud Unida (G),1,1,,,Primera Nacional,2015,zonas,,Fecha 19,Pedro Mutio,false,https://es.wikipedia.org/wiki/Campeonato_de_Primera_B_Nacional_2015
2015-06-13,21:00,Guaraní Antonio Franco,All Boys,0,0,,,Primera Nacional,2015,zonas,,Fecha 19,C. A. Fernández de Oliveira,false,https://es.wikipedia.org/wiki/Campeonato_de_Primera_B_Nacional_2015
2015-06-14,11:00,J. J. de Urquiza,Defensores Unidos,2,0,,,Primera C,2015,zonas,,Fecha 17,Ramón Roque Martín,false,https://es.wikipedia.org/wiki/Campeonato_de_Primera_C_2015_(Argentina)
2015-06-14,11:00,San Telmo,Luján,0,0,,,Primera C,2015,zonas,,Fecha 17,Dr. Osvaldo Baletto,false,https://es.wikipedia.org/wiki/Campeonato_de_Primera_C_2015_(Argentina)
2015-06-14,12:00,Colegiales,Tristán Suárez,2,3,,,Primera B,2015,zonas,,Fecha 19,Colegiales,false,https://es.wikipedia.org/wiki/Campeonato_de_Primera_B_2015_(Argentina)
2015-06-14,12:00,Flandria,Deportivo Morón,0,2,,,Primera B,2015,zonas,,Fecha 19,Carlos V,false,https://es.wikipedia.org/wiki/Campeonato_de_Primera_B_2015_(Argentina)
2015-06-14,12:15,Deportivo Merlo,Villa San Carlos,0,0,,,Primera B,2015,zonas,,Fecha 19,José Manuel Moreno,false,https://es.wikipedia.org/wiki/Campeonato_de_Primera_B_2015_(Argentina)
2015-06-14,15:00,Guillermo Brown,Sportivo Belgrano,1,0,,,Primera Nacional,2015,zonas,,Fecha 19,Raúl Conti,false,https://es.wikipedia.org/wiki/Campeonato_de_Primera_B_Nacional_2015
2015-06-14,15:30,Sacachispas,General Lamadrid,1,1,,,Primera C,2015,zonas,,Fecha 17,Beto Larrosa,false,https://es.wikipedia.org/wiki/Campeonato_de_Primera_C_2015_(Argentina)
2015-06-14,16:00,Chacarita Juniors,Douglas Haig,0,0,,,Primera Nacional,2015,zonas,,Fecha 19,Chacarita Juniors,false,https://es.wikipedia.org/wiki/Campeonato_de_Primera_B_Nacional_2015
2015-06-14,17:00,Independiente Rivadavia,Patronato,0,2,,,Primera Nacional,2015,zonas,,Fecha 19,Bautista Gargantini,false,https://es.wikipedia.org/wiki/Campeonato_de_Primera_B_Nacional_2015
2015-06-14,18:10,Villa Dálmine,Los Andes,0,0,,,Primera Nacional,2015,zonas,,Fecha 19,El Coliseo de Mitre y Puccini,false,https://es.wikipedia.org/wiki/Campeonato_de_Primera_B_Nacional_2015
2015-06-14,20:30,Ramón Santamarina,Gimnasia y Esgrima (J),3,0,,,Primera Nacional,2015,zonas,,Fecha 19,Municipal General San Martín,false,https://es.wikipedia.org/wiki/Campeonato_de_Primera_B_Nacional_2015
2015-06-15,15:00,Berazategui,Cañuelas,1,0,,,Primera C,2015,zonas,,Fecha 17,Gildo Francisco Ghersinich,false,https://es.wikipedia.org/wiki/Campeonato_de_Primera_C_2015_(Argentina)
2015-06-15,20:30,Atlético Tucumán,Unión (MdP),1,1,,,Primera Nacional,2015,zonas,,Fecha 19,Monumental José Fierro,false,https://es.wikipedia.org/wiki/Campeonato_de_Primera_B_Nacional_2015
2015-06-17,15:00,Argentino de Merlo,Sacachispas,4,3,,,Primera C,2015,zonas,,Fecha 18,Merlo,false,https://es.wikipedia.org/wiki/Campeonato_de_Primera_C_2015_(Argentina)
2015-06-17,15:00,Defensores Unidos,Juventud Unida,0,0,,,Primera C,2015,zonas,,Fecha 18,Gigante de Villa Fox,false,https://es.wikipedia.org/wiki/Campeonato_de_Primera_C_2015_(Argentina)
2015-06-17,15:00,Dock Sud,Defensores de Cambaceres,2,1,,,Primera C,2015,zonas,,Fecha 18,De los Inmigrantes,false,https://es.wikipedia.org/wiki/Campeonato_de_Primera_C_2015_(Argentina)
2015-06-17,15:00,Luján,J. J. de Urquiza,2,0,,,Primera C,2015,zonas,,Fecha 18,Municipal de la Ciudad de Luján,false,https://es.wikipedia.org/wiki/Campeonato_de_Primera_C_2015_(Argentina)
2015-06-17,15:20,San Martín (B),Argentino de Quilmes,1,3,,,Primera C,2015,zonas,,Fecha 18,Francisco Boga,false,https://es.wikipedia.org/wiki/Campeonato_de_Primera_C_2015_(Argentina)
2015-06-17,15:30,Deportivo Laferrere,Excursionistas,0,0,,,Primera C,2015,zonas,,Fecha 18,Claudio Chiqui Tapia,false,https://es.wikipedia.org/wiki/Campeonato_de_Primera_C_2015_(Argentina)
2015-06-17,15:30,General Lamadrid,Ferrocarril Midland,0,0,,,Primera C,2015,zonas,,Fecha 18,Enrique Sexto,false,https://es.wikipedia.org/wiki/Campeonato_de_Primera_C_2015_(Argentina)
2015-06-18,15:00,Berazategui,Talleres (RdE),1,1,,,Primera C,2015,zonas,,Fecha 18,Gildo Francisco Ghersinich,false,https://es.wikipedia.org/wiki/Campeonato_de_Primera_C_2015_(Argentina)
2015-06-18,15:00,Cañuelas,San Telmo,3,1,,,Primera C,2015,zonas,,Fecha 18,José Alfredo Arín,false,https://es.wikipedia.org/wiki/Campeonato_de_Primera_C_2015_(Argentina)
2015-06-18,15:00,San Miguel,Central Córdoba (R),0,0,,,Primera C,2015,zonas,,Fecha 18,Malvinas Argentinas,false,https://es.wikipedia.org/wiki/Campeonato_de_Primera_C_2015_(Argentina)
2015-06-19,21:00,Gimnasia y Esgrima (M),Ferro Carril Oeste,0,1,,,Primera Nacional,2015,zonas,,Fecha 20,Víctor Antonio Legrotaglie,false,https://es.wikipedia.org/wiki/Campeonato_de_Primera_B_Nacional_2015
2015-06-19,21:00,Sportivo Belgrano,Instituto,0,0,,,Primera Nacional,2015,zonas,,Fecha 20,Oscar C. Boero,false,https://es.wikipedia.org/wiki/Campeonato_de_Primera_B_Nacional_2015
2015-06-20,12:00,Argentino de Quilmes,Dock Sud,2,2,,,Primera C,2015,zonas,,Fecha 19,Argentino de Quilmes,false,https://es.wikipedia.org/wiki/Campeonato_de_Primera_C_2015_(Argentina)
2015-06-20,12:00,Platense,Deportivo Merlo,2,1,,,Primera B,2015,zonas,,Fecha 20,Ciudad de Vicente López,false,https://es.wikipedia.org/wiki/Campeonato_de_Primera_B_2015_(Argentina)
2015-06-20,12:00,Villa San Carlos,UAI Urquiza,1,0,,,Primera B,2015,zonas,,Fecha 20,Genacio Sálice,false,https://es.wikipedia.org/wiki/Campeonato_de_Primera_B_2015_(Argentina)
2015-06-20,14:00,Los Andes,Atlético Tucumán,1,0,,,Primera Nacional,2015,zonas,,Fecha 20,Eduardo Gallardón,false,https://es.wikipedia.org/wiki/Campeonato_de_Primera_B_Nacional_2015
2015-06-20,14:30,Deportivo Español,Deportivo Armenio,1,0,,,Primera B,2015,zonas,,Fecha 20,Nueva España,false,https://es.wikipedia.org/wiki/Campeonato_de_Primera_B_2015_(Argentina)
2015-06-20,15:30,Barracas Central,Estudiantes (BA),1,1,,,Primera B,2015,zonas,,Fecha 20,Claudio Chiqui Tapia,false,https://es.wikipedia.org/wiki/Campeonato_de_Primera_B_2015_(Argentina)
2015-06-20,15:30,Defensores de Belgrano,Almirante Brown,1,0,,,Primera B,2015,zonas,,Fecha 20,Juan Pasquale,false,https://es.wikipedia.org/wiki/Campeonato_de_Primera_B_2015_(Argentina)
2015-06-20,15:30,Tristán Suárez,Brown de Adrogué,1,1,,,Primera B,2015,zonas,,Fecha 20,20 de Octubre,false,https://es.wikipedia.org/wiki/Campeonato_de_Primera_B_2015_(Argentina)
2015-06-20,16:00,Unión (MdP),Guillermo Brown,1,1,,,Primera Nacional,2015,zonas,,Fecha 20,José María Minella,false,https://es.wikipedia.org/wiki/Campeonato_de_Primera_B_Nacional_2015
2015-06-20,20:45,All Boys,Independiente Rivadavia,2,0,,,Primera Nacional,2015,zonas,,Fecha 20,Islas Malvinas,false,https://es.wikipedia.org/wiki/Campeonato_de_Primera_B_Nacional_2015
2015-06-20,22:00,Central Córdoba (SdE),Atlético Paraná,1,2,,,Primera Nacional,2015,zonas,,Fecha 20,Alfredo Terrera,false,https://es.wikipedia.org/wiki/Campeonato_de_Primera_B_Nacional_2015
2015-06-21,11:00,Central Córdoba (R),General Lamadrid,1,0,,,Primera C,2015,zonas,,Fecha 19,Gabino Sosa,false,https://es.wikipedia.org/wiki/Campeonato_de_Primera_C_2015_(Argentina)
2015-06-21,11:00,Deportivo Morón,Colegiales,0,0,,,Primera B,2015,zonas,,Fecha 20,Nuevo Francisco Urbano,false,https://es.wikipedia.org/wiki/Campeonato_de_Primera_B_2015_(Argentina)
2015-06-21,11:00,Excursionistas,San Miguel,2,3,,,Primera C,2015,zonas,,Fecha 19,Excursionistas,false,https://es.wikipedia.org/wiki/Campeonato_de_Primera_C_2015_(Argentina)
2015-06-21,11:00,J. J. de Urquiza,Cañuelas,2,1,,,Primera C,2015,zonas,,Fecha 19,Ramón Roque Martín,false,https://es.wikipedia.org/wiki/Campeonato_de_Primera_C_2015_(Argentina)
2015-06-21,11:00,Juventud Unida,Luján,0,2,,,Primera C,2015,zonas,,Fecha 19,Ciudad de San Miguel,false,https://es.wikipedia.org/wiki/Campeonato_de_Primera_C_2015_(Argentina)
2015-06-21,12:00,Fénix,Flandria,0,0,,,Primera B,2015,zonas,,Fecha 20,Armenia,false,https://es.wikipedia.org/wiki/Campeonato_de_Primera_B_2015_(Argentina)
2015-06-21,15:00,San Telmo,Berazategui,2,0,,,Primera C,2015,zonas,,Fecha 19,Dr. Osvaldo Baletto,false,https://es.wikipedia.org/wiki/Campeonato_de_Primera_C_2015_(Argentina)
2015-06-21,15:30,Almagro,Comunicaciones,2,0,,,Primera B,2015,zonas,,Fecha 20,Tres de Febrero,false,https://es.wikipedia.org/wiki/Campeonato_de_Primera_B_2015_(Argentina)
2015-06-21,15:30,Boca Unidos,Villa Dálmine,0,1,,,Primera Nacional,2015,zonas,,Fecha 20,Leoncio Benítez,false,https://es.wikipedia.org/wiki/Campeonato_de_Primera_B_Nacional_2015
2015-06-21,15:30,Douglas Haig,Guaraní Antonio Franco,0,1,,,Primera Nacional,2015,zonas,,Fecha 20,Miguel Morales,false,https://es.wikipedia.org/wiki/Campeonato_de_Primera_B_Nacional_2015
2015-06-21,15:30,Sportivo Italiano,Atlanta,4,1,,,Primera B,2015,zonas,,Fecha 20,República de Italia,false,https://es.wikipedia.org/wiki/Campeonato_de_Primera_B_2015_(Argentina)
2015-06-21,16:00,Gimnasia y Esgrima (J),Chacarita Juniors,3,2,,,Primera Nacional,2015,zonas,,Fecha 20,23 de agosto,false,https://es.wikipedia.org/wiki/Campeonato_de_Primera_B_Nacional_2015
2015-06-21,18:15,Sportivo Estudiantes (SL),Ramón Santamarina,1,3,,,Primera Nacional,2015,zonas,,Fecha 20,El Coliseo,false,https://es.wikipedia.org/wiki/Campeonato_de_Primera_B_Nacional_2015
2015-06-21,20:30,Patronato,Juventud Unida (G),1,2,,,Primera Nacional,2015,zonas,,Fecha 20,Presbítero Bartolomé Grella,false,https://es.wikipedia.org/wiki/Campeonato_de_Primera_B_Nacional_2015
2015-06-22,14:00,Defensores de Cambaceres,Deportivo Laferrere,0,0,,,Primera C,2015,zonas,,Fecha 19,12 de Octubre,false,https://es.wikipedia.org/wiki/Campeonato_de_Primera_C_2015_(Argentina)
2015-06-22,15:00,Acassuso,Deportivo Riestra,1,2,,,Primera B,2015,zonas,,Fecha 20,Ciudad de Vicente López,false,https://es.wikipedia.org/wiki/Campeonato_de_Primera_B_2015_(Argentina)
2015-06-22,15:00,Ferrocarril Midland,Argentino de Merlo,0,0,,,Primera C,2015,zonas,,Fecha 19,Ciudad de Libertad,false,https://es.wikipedia.org/wiki/Campeonato_de_Primera_C_2015_(Argentina)
2015-06-22,15:30,Sacachispas,Defensores Unidos,3,1,,,Primera C,2015,zonas,,Fecha 19,Beto Larrosa,false,https://es.wikipedia.org/wiki/Campeonato_de_Primera_C_2015_(Argentina)
2015-06-22,17:30,Talleres (RdE),San Martín (B),3,0,,,Primera C,2015,zonas,,Fecha 19,Talleres de Remedios de Escalada,false,https://es.wikipedia.org/wiki/Campeonato_de_Primera_C_2015_(Argentina)
2015-06-24,15:00,San Miguel,J. J. de Urquiza,3,2,,,Primera C,2015,zonas,,Fecha 14,Malvinas Argentinas,false,https://es.wikipedia.org/wiki/Campeonato_de_Primera_C_2015_(Argentina)
2015-06-24,20:00,Sportivo Belgrano,Ferro Carril Oeste,3,1,,,Primera Nacional,2015,zonas,,Fecha 16,Oscar C. Boero,false,https://es.wikipedia.org/wiki/Campeonato_de_Primera_B_Nacional_2015
2015-06-24,20:00,Unión (MdP),Central Córdoba (SdE),1,0,,,Primera Nacional,2015,zonas,,Fecha 16,José María Minella,false,https://es.wikipedia.org/wiki/Campeonato_de_Primera_B_Nacional_2015
2015-06-26,15:00,Almirante Brown,Villa San Carlos,4,2,,,Primera B,2015,zonas,,Fecha 21,20 de Octubre,false,https://es.wikipedia.org/wiki/Campeonato_de_Primera_B_2015_(Argentina)
2015-06-26,15:30,Sacachispas,Luján,1,2,,,Primera C,2015,zonas,,Fecha 20,Beto Larrosa,false,https://es.wikipedia.org/wiki/Campeonato_de_Primera_C_2015_(Argentina)
2015-06-27,11:00,Argentino de Quilmes,Deportivo Laferrere,1,1,,,Primera C,2015,zonas,,Fecha 20,Argentino de Quilmes,false,https://es.wikipedia.org/wiki/Campeonato_de_Primera_C_2015_(Argentina)
2015-06-27,11:00,Ferrocarril Midland,Defensores Unidos,1,3,,,Primera C,2015,zonas,,Fecha 20,Ciudad de Libertad,false,https://es.wikipedia.org/wiki/Campeonato_de_Primera_C_2015_(Argentina)
2015-06-27,12:00,Juventud Unida,Cañuelas,1,0,,,Primera C,2015,zonas,,Fecha 20,Ciudad de San Miguel,false,https://es.wikipedia.org/wiki/Campeonato_de_Primera_C_2015_(Argentina)
2015-06-27,14:00,Juventud Unida (G),All Boys,0,1,,,Primera Nacional,2015,zonas,,Fecha 21,De los Eucaliptos,false,https://es.wikipedia.org/wiki/Campeonato_de_Primera_B_Nacional_2015
2015-06-27,15:00,Flandria,Sportivo Italiano,1,0,,,Primera B,2015,zonas,,Fecha 21,Carlos V,false,https://es.wikipedia.org/wiki/Campeonato_de_Primera_B_2015_(Argentina)
2015-06-27,15:30,Central Córdoba (R),Argentino de Merlo,1,1,,,Primera C,2015,zonas,,Fecha 20,Gabino Sosa,false,https://es.wikipedia.org/wiki/Campeonato_de_Primera_C_2015_(Argentina)
2015-06-27,15:30,Comunicaciones,Deportivo Español,0,0,,,Primera B,2015,zonas,,Fecha 21,Alfredo Ramos,false,https://es.wikipedia.org/wiki/Campeonato_de_Primera_B_2015_(Argentina)
2015-06-27,15:30,Deportivo Armenio,Acassuso,1,0,,,Primera B,2015,zonas,,Fecha 21,Armenia,false,https://es.wikipedia.org/wiki/Campeonato_de_Primera_B_2015_(Argentina)
2015-06-27,15:30,Deportivo Riestra,Barracas Central,0,1,,,Primera B,2015,zonas,,Fecha 21,Guillermo Laza,false,https://es.wikipedia.org/wiki/Campeonato_de_Primera_B_2015_(Argentina)
2015-06-27,15:35,Brown de Adrogué,Deportivo Morón,1,0,,,Primera B,2015,zonas,,Fecha 21,Lorenzo Arandilla,false,https://es.wikipedia.org/wiki/Campeonato_de_Primera_B_2015_(Argentina)
2015-06-27,16:10,Chacarita Juniors,Sportivo Estudiantes (SL),1,1,,,Primera Nacional,2015,zonas,,Fecha 21,Chacarita Juniors,false,https://es.wikipedia.org/wiki/Campeonato_de_Primera_B_Nacional_2015
2015-06-28,14:00,Guillermo Brown,Los Andes,3,3,,,Primera Nacional,2015,zonas,,Fecha 21,Raúl Conti,false,https://es.wikipedia.org/wiki/Campeonato_de_Primera_B_Nacional_2015
2015-06-28,15:00,San Martín (B),Dock Sud,4,2,,,Primera C,2015,zonas,,Fecha 20,Francisco Boga,false,https://es.wikipedia.org/wiki/Campeonato_de_Primera_C_2015_(Argentina)
2015-06-28,15:30,Atlanta,Almagro,2,0,,,Primera B,2015,zonas,,Fecha 21,Don León Kolbovsky,false,https://es.wikipedia.org/wiki/Campeonato_de_Primera_B_2015_(Argentina)
2015-06-28,15:30,Estudiantes (BA),Defensores de Belgrano,1,1,,,Primera B,2015,zonas,,Fecha 21,Ciudad de Caseros,false,https://es.wikipedia.org/wiki/Campeonato_de_Primera_B_2015_(Argentina)
2015-06-28,16:00,Guaraní Antonio Franco,Gimnasia y Esgrima (J),0,2,,,Primera Nacional,2015,zonas,,Fecha 21,C. A. Fernández de Oliveira,false,https://es.wikipedia.org/wiki/Campeonato_de_Primera_B_Nacional_2015
2015-06-28,16:00,Instituto,Unión (MdP),1,1,,,Primera Nacional,2015,zonas,,Fecha 21,Juan Domingo Perón,false,https://es.wikipedia.org/wiki/Campeonato_de_Primera_B_Nacional_2015
2015-06-28,16:10,Atlético Paraná,Patronato,0,2,,,Primera Nacional,2015,zonas,,Fecha 21,Pedro Mutio,false,https://es.wikipedia.org/wiki/Campeonato_de_Primera_B_Nacional_2015
2015-06-28,17:00,Independiente Rivadavia,Douglas Haig,1,0,,,Primera Nacional,2015,zonas,,Fecha 21,Bautista Gargantini,false,https://es.wikipedia.org/wiki/Campeonato_de_Primera_B_Nacional_2015
2015-06-28,18:20,Ferro Carril Oeste,Central Córdoba (SdE),1,0,,,Primera Nacional,2015,zonas,,Fecha 21,Arquitecto Ricardo Etcheverri,false,https://es.wikipedia.org/wiki/Campeonato_de_Primera_B_Nacional_2015
2015-06-28,20:30,Atlético Tucumán,Boca Unidos,3,1,,,Primera Nacional,2015,zonas,,Fecha 21,Monumental José Fierro,false,https://es.wikipedia.org/wiki/Campeonato_de_Primera_B_Nacional_2015
2015-06-29,15:00,Defensores de Cambaceres,San Miguel,1,0,,,Primera C,2015,zonas,,Fecha 20,12 de Octubre,false,https://es.wikipedia.org/wiki/Campeonato_de_Primera_C_2015_(Argentina)
2015-06-29,15:00,J. J. de Urquiza,Berazategui,0,1,,,Primera C,2015,zonas,,Fecha 20,Ramón Roque Martín,false,https://es.wikipedia.org/wiki/Campeonato_de_Primera_C_2015_(Argentina)
2015-06-29,15:30,Excursionistas,General Lamadrid,1,1,,,Primera C,2015,zonas,,Fecha 20,Excursionistas,false,https://es.wikipedia.org/wiki/Campeonato_de_Primera_C_2015_(Argentina)
2015-06-29,20:30,Ramón Santamarina,Sportivo Belgrano,0,0,,,Primera Nacional,2015,zonas,,Fecha 21,Municipal General San Martín,false,https://es.wikipedia.org/wiki/Campeonato_de_Primera_B_Nacional_2015
2015-06-30,15:00,San Telmo,Talleres (RdE),1,1,,,Primera C,2015,zonas,,Fecha 20,Dr. Osvaldo Baletto,false,https://es.wikipedia.org/wiki/Campeonato_de_Primera_C_2015_(Argentina)
2015-06-31,15:00,Colegiales,Fénix,0,0,,,Primera B,2015,zonas,,Fecha 21,Colegiales,false,https://es.wikipedia.org/wiki/Campeonato_de_Primera_B_2015_(Argentina)
2015-06-31,15:00,Deportivo Merlo,Tristán Suárez,2,2,,,Primera B,2015,zonas,,Fecha 21,José Manuel Moreno,false,https://es.wikipedia.org/wiki/Campeonato_de_Primera_B_2015_(Argentina)
2015-06-31,15:00,UAI Urquiza,Platense,0,0,,,Primera B,2015,zonas,,Fecha 21,Monumental de Villa Lynch,false,https://es.wikipedia.org/wiki/Campeonato_de_Primera_B_2015_(Argentina)
2015-07-01,,Huracán,Independiente Rivadavia,0,1,,,Copa Argentina,2015,eliminacion,,Treintaidosavos,Juan Domingo Perón,true,https://es.wikipedia.org/wiki/Copa_Argentina_2014-15
2015-07-03,,River Plate,Rosario Central,0,2,,,Copa Argentina,2015,eliminacion,,Dieciseisavos,San Juan del Bicentenario,true,https://es.wikipedia.org/wiki/Copa_Argentina_2014-15
2015-07-03,15:00,Cañuelas,Sacachispas,1,2,,,Primera C,2015,zonas,,Fecha 21,José Alfredo Arín,false,https://es.wikipedia.org/wiki/Campeonato_de_Primera_C_2015_(Argentina)
2015-07-03,15:00,Luján,Ferrocarril Midland,1,1,,,Primera C,2015,zonas,,Fecha 21,Municipal de la Ciudad de Luján,false,https://es.wikipedia.org/wiki/Campeonato_de_Primera_C_2015_(Argentina)
2015-07-03,15:00,San Miguel,Argentino de Quilmes,2,1,,,Primera C,2015,zonas,,Fecha 21,Malvinas Argentinas,false,https://es.wikipedia.org/wiki/Campeonato_de_Primera_C_2015_(Argentina)
2015-07-03,15:30,Comunicaciones,Deportivo Armenio,0,0,,,Primera B,2015,zonas,,Fecha 22,Alfredo Ramos,false,https://es.wikipedia.org/wiki/Campeonato_de_Primera_B_2015_(Argentina)
2015-07-03,15:30,General Lamadrid,Defensores de Cambaceres,2,1,,,Primera C,2015,zonas,,Fecha 21,Enrique Sexto,false,https://es.wikipedia.org/wiki/Campeonato_de_Primera_C_2015_(Argentina)
2015-07-03,15:40,Deportivo Riestra,Defensores de Belgrano,1,1,,,Primera B,2015,zonas,,Fecha 22,Guillermo Laza,false,https://es.wikipedia.org/wiki/Campeonato_de_Primera_B_2015_(Argentina)
2015-07-03,17:00,Argentino de Merlo,Excursionistas,0,1,,,Primera C,2015,zonas,,Fecha 21,Merlo,false,https://es.wikipedia.org/wiki/Campeonato_de_Primera_C_2015_(Argentina)
2015-07-03,18:00,Instituto,Los Andes,3,0,,,Primera Nacional,2015,zonas,,Fecha 22,Juan Domingo Perón,false,https://es.wikipedia.org/wiki/Campeonato_de_Primera_B_Nacional_2015
2015-07-03,20:00,Ferro Carril Oeste,Atlético Paraná,1,0,,,Primera Nacional,2015,zonas,,Fecha 22,Arquitecto Ricardo Etcheverri,false,https://es.wikipedia.org/wiki/Campeonato_de_Primera_B_Nacional_2015
2015-07-03,20:30,Atlanta,Deportivo Español,0,1,,,Primera B,2015,zonas,,Fecha 22,Don León Kolbovsky,false,https://es.wikipedia.org/wiki/Campeonato_de_Primera_B_2015_(Argentina)
2015-07-03,21:00,Guaraní Antonio Franco,Sportivo Estudiantes (SL),1,1,,,Primera Nacional,2015,zonas,,Fecha 22,C. A. Fernández de Oliveira,false,https://es.wikipedia.org/wiki/Campeonato_de_Primera_B_Nacional_2015
2015-07-03,21:00,Patronato,All Boys,1,0,,,Primera Nacional,2015,zonas,,Fecha 22,Presbítero Bartolomé Grella,false,https://es.wikipedia.org/wiki/Campeonato_de_Primera_B_Nacional_2015
2015-07-03,22:00,Atlético Tucumán,Gimnasia y Esgrima (M),1,0,,,Primera Nacional,2015,zonas,,Fecha 22,Monumental José Fierro,false,https://es.wikipedia.org/wiki/Campeonato_de_Primera_B_Nacional_2015
2015-07-04,11:00,Almirante Brown,Platense,1,1,,,Primera B,2015,zonas,,Fecha 22,Fragata Presidente Sarmiento,false,https://es.wikipedia.org/wiki/Campeonato_de_Primera_B_2015_(Argentina)
2015-07-04,11:00,San Telmo,J. J. de Urquiza,1,0,,,Primera C,2015,zonas,,Fecha 21,Dr. Osvaldo Baletto,false,https://es.wikipedia.org/wiki/Campeonato_de_Primera_C_2015_(Argentina)
2015-07-04,14:00,Acassuso,Barracas Central,1,1,,,Primera B,2015,zonas,,Fecha 22,Ciudad de Vicente López,false,https://es.wikipedia.org/wiki/Campeonato_de_Primera_B_2015_(Argentina)
2015-07-04,14:00,Brown de Adrogué,Fénix,1,1,,,Primera B,2015,zonas,,Fecha 22,Lorenzo Arandilla,false,https://es.wikipedia.org/wiki/Campeonato_de_Primera_B_2015_(Argentina)
2015-07-04,14:00,Chacarita Juniors,Sportivo Belgrano,0,0,,,Primera Nacional,2015,zonas,,Fecha 22,Chacarita Juniors,false,https://es.wikipedia.org/wiki/Campeonato_de_Primera_B_Nacional_2015
2015-07-04,14:00,Guillermo Brown,Boca Unidos,2,0,,,Primera Nacional,2015,zonas,,Fecha 22,Raúl Conti,false,https://es.wikipedia.org/wiki/Campeonato_de_Primera_B_Nacional_2015
2015-07-04,14:00,Ramón Santamarina,Unión (MdP),0,1,,,Primera Nacional,2015,zonas,,Fecha 22,Municipal General San Martín,false,https://es.wikipedia.org/wiki/Campeonato_de_Primera_B_Nacional_2015
2015-07-04,14:00,Villa Dálmine,Central Córdoba (SdE),1,1,,,Primera Nacional,2015,zonas,,Fecha 22,El Coliseo de Mitre y Puccini,false,https://es.wikipedia.org/wiki/Campeonato_de_Primera_B_Nacional_2015
2015-07-04,14:30,Juventud Unida (G),Douglas Haig,0,0,,,Primera Nacional,2015,zonas,,Fecha 22,De los Eucaliptos,false,https://es.wikipedia.org/wiki/Campeonato_de_Primera_B_Nacional_2015
2015-07-04,14:45,Talleres (RdE),Dock Sud,2,1,,,Primera C,2015,zonas,,Fecha 21,Talleres de Remedios de Escalada,false,https://es.wikipedia.org/wiki/Campeonato_de_Primera_C_2015_(Argentina)
2015-07-04,20:00,Independiente Rivadavia,Gimnasia y Esgrima (J),0,0,,,Primera Nacional,2015,zonas,,Fecha 22,Bautista Gargantini,false,https://es.wikipedia.org/wiki/Campeonato_de_Primera_B_Nacional_2015
2015-07-05,11:00,Colegiales,Sportivo Italiano,3,2,,,Primera B,2015,zonas,,Fecha 22,Colegiales,false,https://es.wikipedia.org/wiki/Campeonato_de_Primera_B_2015_(Argentina)
2015-07-05,11:00,Flandria,Almagro,1,3,,,Primera B,2015,zonas,,Fecha 22,Carlos V,false,https://es.wikipedia.org/wiki/Campeonato_de_Primera_B_2015_(Argentina)
2015-07-05,11:00,UAI Urquiza,Tristán Suárez,0,2,,,Primera B,2015,zonas,,Fecha 22,Monumental de Villa Lynch,false,https://es.wikipedia.org/wiki/Campeonato_de_Primera_B_2015_(Argentina)
2015-07-05,12:20,Deportivo Merlo,Deportivo Morón,2,0,,,Primera B,2015,zonas,,Fecha 22,José Manuel Moreno,false,https://es.wikipedia.org/wiki/Campeonato_de_Primera_B_2015_(Argentina)
2015-07-05,15:00,Defensores Unidos,Central Córdoba (R),2,0,,,Primera C,2015,zonas,,Fecha 21,Gigante de Villa Fox,false,https://es.wikipedia.org/wiki/Campeonato_de_Primera_C_2015_(Argentina)
2015-07-05,15:30,Estudiantes (BA),Villa San Carlos,2,0,,,Primera B,2015,zonas,,Fecha 22,Ciudad de Caseros,false,https://es.wikipedia.org/wiki/Campeonato_de_Primera_B_2015_(Argentina)
2015-07-06,15:00,Deportivo Laferrere,San Martín (B),2,1,,,Primera C,2015,zonas,,Fecha 21,José Luis Sánchez,false,https://es.wikipedia.org/wiki/Campeonato_de_Primera_C_2015_(Argentina)
2015-07-07,15:00,Berazategui,Juventud Unida,2,1,,,Primera C,2015,zonas,,Fecha 21,Gildo Francisco Ghersinich,false,https://es.wikipedia.org/wiki/Campeonato_de_Primera_C_2015_(Argentina)
2015-07-08,14:00,Gimnasia y Esgrima (M),Guillermo Brown,2,1,,,Primera Nacional,2015,zonas,,Fecha 23,Víctor Antonio Legrotaglie,false,https://es.wikipedia.org/wiki/Campeonato_de_Primera_B_Nacional_2015
2015-07-08,15:00,Almagro,Colegiales,1,0,,,Primera B,2015,zonas,,Fecha 23,Ramón Roque Martín,false,https://es.wikipedia.org/wiki/Campeonato_de_Primera_B_2015_(Argentina)
2015-07-08,15:00,Boca Unidos,Instituto,0,1,,,Primera Nacional,2015,zonas,,Fecha 23,Leoncio Benítez,false,https://es.wikipedia.org/wiki/Campeonato_de_Primera_B_Nacional_2015
2015-07-08,15:00,Fénix,Deportivo Merlo,1,1,,,Primera B,2015,zonas,,Fecha 23,Armenia,false,https://es.wikipedia.org/wiki/Campeonato_de_Primera_B_2015_(Argentina)
2015-07-08,15:05,Sportivo Italiano,Brown de Adrogué,0,2,,,Primera B,2015,zonas,,Fecha 23,República de Italia,false,https://es.wikipedia.org/wiki/Campeonato_de_Primera_B_2015_(Argentina)
2015-07-08,15:30,Comunicaciones,Atlanta,0,5,,,Primera B,2015,zonas,,Fecha 23,Alfredo Ramos,false,https://es.wikipedia.org/wiki/Campeonato_de_Primera_B_2015_(Argentina)
2015-07-08,15:30,Sportivo Estudiantes (SL),Independiente Rivadavia,1,0,,,Primera Nacional,2015,zonas,,Fecha 23,El Coliseo,false,https://es.wikipedia.org/wiki/Campeonato_de_Primera_B_Nacional_2015
2015-07-08,17:10,Unión (MdP),Chacarita Juniors,4,1,,,Primera Nacional,2015,zonas,,Fecha 23,José María Minella,false,https://es.wikipedia.org/wiki/Campeonato_de_Primera_B_Nacional_2015
2015-07-08,19:15,Atlético Paraná,All Boys,0,1,,,Primera Nacional,2015,zonas,,Fecha 23,Pedro Mutio,false,https://es.wikipedia.org/wiki/Campeonato_de_Primera_B_Nacional_2015
2015-07-08,19:30,Deportivo Español,Flandria,1,0,,,Primera B,2015,zonas,,Fecha 23,Nueva España,false,https://es.wikipedia.org/wiki/Campeonato_de_Primera_B_2015_(Argentina)
2015-07-08,20:00,Ferro Carril Oeste,Villa Dálmine,1,1,,,Primera Nacional,2015,zonas,,Fecha 23,Arquitecto Ricardo Etcheverri,false,https://es.wikipedia.org/wiki/Campeonato_de_Primera_B_Nacional_2015
2015-07-08,20:00,Sportivo Belgrano,Guaraní Antonio Franco,1,0,,,Primera Nacional,2015,zonas,,Fecha 23,Oscar C. Boero,false,https://es.wikipedia.org/wiki/Campeonato_de_Primera_B_Nacional_2015
2015-07-08,20:15,Douglas Haig,Patronato,2,1,,,Primera Nacional,2015,zonas,,Fecha 23,Miguel Morales,false,https://es.wikipedia.org/wiki/Campeonato_de_Primera_B_Nacional_2015
2015-07-08,20:35,Defensores de Belgrano,Acassuso,0,0,,,Primera B,2015,zonas,,Fecha 23,Juan Pasquale,false,https://es.wikipedia.org/wiki/Campeonato_de_Primera_B_2015_(Argentina)
2015-07-08,21:30,Central Córdoba (SdE),Atlético Tucumán,3,2,,,Primera Nacional,2015,zonas,,Fecha 23,Alfredo Terrera,false,https://es.wikipedia.org/wiki/Campeonato_de_Primera_B_Nacional_2015
2015-07-08,21:30,Gimnasia y Esgrima (J),Juventud Unida (G),1,4,,,Primera Nacional,2015,zonas,,Fecha 23,23 de agosto,false,https://es.wikipedia.org/wiki/Campeonato_de_Primera_B_Nacional_2015
2015-07-08,21:30,Tigre,River Plate,0,0,,,Primera Division,2015,zonas,,Fecha 13,Monumental de Victoria,false,https://es.wikipedia.org/wiki/Campeonato_de_Primera_División_2015_(Argentina)
2015-07-09,11:00,Platense,Estudiantes (BA),0,2,,,Primera B,2015,zonas,,Fecha 23,Ciudad de Vicente López,false,https://es.wikipedia.org/wiki/Campeonato_de_Primera_B_2015_(Argentina)
2015-07-09,15:00,Deportivo Armenio,Barracas Central,1,0,,,Primera B,2015,zonas,,Fecha 23,Armenia,false,https://es.wikipedia.org/wiki/Campeonato_de_Primera_B_2015_(Argentina)
2015-07-09,15:00,Deportivo Morón,UAI Urquiza,2,0,,,Primera B,2015,zonas,,Fecha 23,Nuevo Francisco Urbano,false,https://es.wikipedia.org/wiki/Campeonato_de_Primera_B_2015_(Argentina)
2015-07-09,15:00,Los Andes,Ramón Santamarina,0,0,,,Primera Nacional,2015,zonas,,Fecha 23,Eduardo Gallardón,false,https://es.wikipedia.org/wiki/Campeonato_de_Primera_B_Nacional_2015
2015-07-09,15:00,Tristán Suárez,Almirante Brown,5,1,,,Primera B,2015,zonas,,Fecha 23,20 de Octubre,false,https://es.wikipedia.org/wiki/Campeonato_de_Primera_B_2015_(Argentina)
2015-07-09,15:00,Villa San Carlos,Deportivo Riestra,1,1,,,Primera B,2015,zonas,,Fecha 23,Genacio Sálice,false,https://es.wikipedia.org/wiki/Campeonato_de_Primera_B_2015_(Argentina)
2015-07-09,15:30,Sacachispas,San Martín (B),0,0,,,Primera C,2015,zonas,,Fecha 13,Beto Larrosa,false,https://es.wikipedia.org/wiki/Campeonato_de_Primera_C_2015_(Argentina)
2015-07-10,18:00,Arsenal,Gimnasia y Esgrima (LP),0,1,,,Primera Division,2015,zonas,,Fecha 16,El Viaducto,false,https://es.wikipedia.org/wiki/Campeonato_de_Primera_División_2015_(Argentina)
2015-07-10,21:10,Estudiantes (LP),San Martín (SJ),0,0,,,Primera Division,2015,zonas,,Fecha 16,Ciudad de La Plata,false,https://es.wikipedia.org/wiki/Campeonato_de_Primera_División_2015_(Argentina)
2015-07-11,11:00,Colegiales,Deportivo Español,1,1,,,Primera B,2015,zonas,,Fecha 24,Colegiales,false,https://es.wikipedia.org/wiki/Campeonato_de_Primera_B_2015_(Argentina)
2015-07-11,11:00,Juventud Unida,San Telmo,2,0,,,Primera C,2015,zonas,,Fecha 22,Ciudad de San Miguel,false,https://es.wikipedia.org/wiki/Campeonato_de_Primera_C_2015_(Argentina)
2015-07-11,12:00,Flandria,Comunicaciones,0,0,,,Primera B,2015,zonas,,Fecha 24,Carlos V,false,https://es.wikipedia.org/wiki/Campeonato_de_Primera_B_2015_(Argentina)
2015-07-11,13:00,Argentino de Quilmes,General Lamadrid,1,2,,,Primera C,2015,zonas,,Fecha 22,Argentino de Quilmes,false,https://es.wikipedia.org/wiki/Campeonato_de_Primera_C_2015_(Argentina)
2015-07-11,15:00,Belgrano,Argentinos Juniors,2,1,,,Primera Division,2015,zonas,,Fecha 16,Mario Alberto Kempes,false,https://es.wikipedia.org/wiki/Campeonato_de_Primera_División_2015_(Argentina)
2015-07-11,15:30,Central Córdoba (R),Luján,1,0,,,Primera C,2015,zonas,,Fecha 22,Gabino Sosa,false,https://es.wikipedia.org/wiki/Campeonato_de_Primera_C_2015_(Argentina)
2015-07-11,17:00,River Plate,Temperley,1,1,,,Primera Division,2015,zonas,,Fecha 16,Monumental,false,https://es.wikipedia.org/wiki/Campeonato_de_Primera_División_2015_(Argentina)
2015-07-11,19:10,Quilmes,Banfield,0,1,,,Primera Division,2015,zonas,,Fecha 16,Centenario,false,https://es.wikipedia.org/wiki/Campeonato_de_Primera_División_2015_(Argentina)
2015-07-11,19:10,Unión,San Lorenzo,1,1,,,Primera Division,2015,zonas,,Fecha 16,15 de abril,false,https://es.wikipedia.org/wiki/Campeonato_de_Primera_División_2015_(Argentina)
2015-07-11,20:30,Huracán,Defensa y Justicia,0,0,,,Primera Division,2015,zonas,,Fecha 16,Tomás A. Ducó,false,https://es.wikipedia.org/wiki/Campeonato_de_Primera_División_2015_(Argentina)
2015-07-11,21:30,Lanús,Atlético de Rafaela,3,0,,,Primera Division,2015,zonas,,Fecha 16,Ciudad de Lanús,false,https://es.wikipedia.org/wiki/Campeonato_de_Primera_División_2015_(Argentina)
2015-07-12,11:00,Brown de Adrogué,Almagro,0,2,,,Primera B,2015,zonas,,Fecha 24,Lorenzo Arandilla,false,https://es.wikipedia.org/wiki/Campeonato_de_Primera_B_2015_(Argentina)
2015-07-12,11:00,Deportivo Merlo,Sportivo Italiano,1,1,,,Primera B,2015,zonas,,Fecha 24,José Manuel Moreno,false,https://es.wikipedia.org/wiki/Campeonato_de_Primera_B_2015_(Argentina)
2015-07-12,14:00,Nueva Chicago,Colón,0,0,,,Primera Division,2015,zonas,,Fecha 16,República de Mataderos,false,https://es.wikipedia.org/wiki/Campeonato_de_Primera_División_2015_(Argentina)
2015-07-12,15:00,Deportivo Riestra,Platense,1,2,,,Primera B,2015,zonas,,Fecha 24,Guillermo Laza,false,https://es.wikipedia.org/wiki/Campeonato_de_Primera_B_2015_(Argentina)
2015-07-12,15:00,Guillermo Brown,Central Córdoba (SdE),2,2,,,Primera Nacional,2015,zonas,,Fecha 24,Raúl Conti,false,https://es.wikipedia.org/wiki/Campeonato_de_Primera_B_Nacional_2015
2015-07-12,15:00,Independiente,Olimpo,3,1,,,Primera Division,2015,zonas,,Fecha 16,Libertadores de América,false,https://es.wikipedia.org/wiki/Campeonato_de_Primera_División_2015_(Argentina)
2015-07-12,15:00,Juventud Unida (G),Sportivo Estudiantes (SL),1,1,,,Primera Nacional,2015,zonas,,Fecha 24,De los Eucaliptos,false,https://es.wikipedia.org/wiki/Campeonato_de_Primera_B_Nacional_2015
2015-07-12,15:00,UAI Urquiza,Fénix,0,1,,,Primera B,2015,zonas,,Fecha 24,Monumental de Villa Lynch,false,https://es.wikipedia.org/wiki/Campeonato_de_Primera_B_2015_(Argentina)
2015-07-12,15:00,Villa Dálmine,Atlético Paraná,2,1,,,Primera Nacional,2015,zonas,,Fecha 24,El Coliseo de Mitre y Puccini,false,https://es.wikipedia.org/wiki/Campeonato_de_Primera_B_Nacional_2015
2015-07-12,15:30,Atlanta,Deportivo Armenio,2,0,,,Primera B,2015,zonas,,Fecha 24,Don León Kolbovsky,false,https://es.wikipedia.org/wiki/Campeonato_de_Primera_B_2015_(Argentina)
2015-07-12,15:30,Estudiantes (BA),Tristán Suárez,2,1,,,Primera B,2015,zonas,,Fecha 24,Ciudad de Caseros,false,https://es.wikipedia.org/wiki/Campeonato_de_Primera_B_2015_(Argentina)
2015-07-12,16:00,Guaraní Antonio Franco,Unión (MdP),1,0,,,Primera Nacional,2015,zonas,,Fecha 24,C. A. Fernández de Oliveira,false,https://es.wikipedia.org/wiki/Campeonato_de_Primera_B_Nacional_2015
2015-07-12,16:00,Instituto,Gimnasia y Esgrima (M),2,0,,,Primera Nacional,2015,zonas,,Fecha 24,Juan Domingo Perón,false,https://es.wikipedia.org/wiki/Campeonato_de_Primera_B_Nacional_2015
2015-07-12,17:00,All Boys,Douglas Haig,2,2,,,Primera Nacional,2015,zonas,,Fecha 24,Islas Malvinas,false,https://es.wikipedia.org/wiki/Campeonato_de_Primera_B_Nacional_2015
2015-07-12,17:00,Newell's Old Boys,Racing Club,3,0,,,Primera Division,2015,zonas,,Fecha 16,Marcelo Bielsa,false,https://es.wikipedia.org/wiki/Campeonato_de_Primera_División_2015_(Argentina)
2015-07-12,17:10,Atlético Tucumán,Ferro Carril Oeste,3,0,,,Primera Nacional,2015,zonas,,Fecha 24,Monumental José Fierro,false,https://es.wikipedia.org/wiki/Campeonato_de_Primera_B_Nacional_2015
2015-07-12,18:15,Godoy Cruz,Crucero del Norte,3,0,,,Primera Division,2015,zonas,,Fecha 16,Malvinas Argentinas,false,https://es.wikipedia.org/wiki/Campeonato_de_Primera_División_2015_(Argentina)
2015-07-12,19:15,Patronato,Gimnasia y Esgrima (J),2,0,,,Primera Nacional,2015,zonas,,Fecha 24,Presbítero Bartolomé Grella,false,https://es.wikipedia.org/wiki/Campeonato_de_Primera_B_Nacional_2015
2015-07-12,21:30,Ramón Santamarina,Boca Unidos,2,0,,,Primera Nacional,2015,zonas,,Fecha 24,Municipal General San Martín,false,https://es.wikipedia.org/wiki/Campeonato_de_Primera_B_Nacional_2015
2015-07-12,21:30,Sarmiento (J),Boca Juniors,0,1,,,Primera Division,2015,zonas,,Fecha 16,Eva Perón,false,https://es.wikipedia.org/wiki/Campeonato_de_Primera_División_2015_(Argentina)
2015-07-13,15:00,Acassuso,Villa San Carlos,1,0,,,Primera B,2015,zonas,,Fecha 24,Ciudad de Vicente López,false,https://es.wikipedia.org/wiki/Campeonato_de_Primera_B_2015_(Argentina)
2015-07-13,15:00,Chacarita Juniors,Los Andes,1,2,,,Primera Nacional,2015,zonas,,Fecha 24,Chacarita Juniors,false,https://es.wikipedia.org/wiki/Campeonato_de_Primera_B_Nacional_2015
2015-07-13,15:00,Defensores de Cambaceres,Argentino de Merlo,1,1,,,Primera C,2015,zonas,,Fecha 22,12 de Octubre,false,https://es.wikipedia.org/wiki/Campeonato_de_Primera_C_2015_(Argentina)
2015-07-13,15:00,J. J. de Urquiza,Talleres (RdE),1,1,,,Primera C,2015,zonas,,Fecha 22,Ramón Roque Martín,false,https://es.wikipedia.org/wiki/Campeonato_de_Primera_C_2015_(Argentina)
2015-07-13,15:00,Sacachispas,Berazategui,2,2,,,Primera C,2015,zonas,,Fecha 22,Beto Larrosa,false,https://es.wikipedia.org/wiki/Campeonato_de_Primera_C_2015_(Argentina)
2015-07-13,15:00,San Martín (B),San Miguel,2,3,,,Primera C,2015,zonas,,Fecha 22,Francisco Boga,false,https://es.wikipedia.org/wiki/Campeonato_de_Primera_C_2015_(Argentina)
2015-07-13,15:30,Barracas Central,Defensores de Belgrano,0,1,,,Primera B,2015,zonas,,Fecha 24,Claudio Chiqui Tapia,false,https://es.wikipedia.org/wiki/Campeonato_de_Primera_B_2015_(Argentina)
2015-07-13,15:30,Excursionistas,Defensores Unidos,1,0,,,Primera C,2015,zonas,,Fecha 22,Excursionistas,false,https://es.wikipedia.org/wiki/Campeonato_de_Primera_C_2015_(Argentina)
2015-07-13,18:00,Aldosivi,Rosario Central,1,3,,,Primera Division,2015,zonas,,Fecha 16,José María Minella,false,https://es.wikipedia.org/wiki/Campeonato_de_Primera_División_2015_(Argentina)
2015-07-13,20:00,Independiente Rivadavia,Sportivo Belgrano,1,1,,,Primera Nacional,2015,zonas,,Fecha 24,Bautista Gargantini,false,https://es.wikipedia.org/wiki/Campeonato_de_Primera_B_Nacional_2015
2015-07-13,21:10,Vélez Sarsfield,Tigre,2,2,,,Primera Division,2015,zonas,,Fecha 16,José Amalfitani,false,https://es.wikipedia.org/wiki/Campeonato_de_Primera_División_2015_(Argentina)
2015-07-14,15:00,Almirante Brown,Deportivo Morón,1,2,,,Primera B,2015,zonas,,Fecha 24,Fragata Presidente Sarmiento,false,https://es.wikipedia.org/wiki/Campeonato_de_Primera_B_2015_(Argentina)
2015-07-14,15:00,Dock Sud,Deportivo Laferrere,1,1,,,Primera C,2015,zonas,,Fecha 22,Municipal de Pilar,false,https://es.wikipedia.org/wiki/Campeonato_de_Primera_C_2015_(Argentina)
2015-07-14,15:00,Ferrocarril Midland,Cañuelas,1,1,,,Primera C,2015,zonas,,Fecha 22,Ciudad de Libertad,false,https://es.wikipedia.org/wiki/Campeonato_de_Primera_C_2015_(Argentina)
2015-07-17,15:00,Almagro,Deportivo Merlo,2,0,,,Primera B,2015,zonas,,Fecha 25,Tres de Febrero,false,https://es.wikipedia.org/wiki/Campeonato_de_Primera_B_2015_(Argentina)
2015-07-17,15:00,Boca Unidos,Chacarita Juniors,4,1,,,Primera Nacional,2015,zonas,,Fecha 25,Leoncio Benítez,false,https://es.wikipedia.org/wiki/Campeonato_de_Primera_B_Nacional_2015
2015-07-17,15:00,Deportivo Español,Brown de Adrogué,0,1,,,Primera B,2015,zonas,,Fecha 25,Nueva España,false,https://es.wikipedia.org/wiki/Campeonato_de_Primera_B_2015_(Argentina)
2015-07-17,15:00,Fénix,Almirante Brown,1,0,,,Primera B,2015,zonas,,Fecha 25,Armenia,false,https://es.wikipedia.org/wiki/Campeonato_de_Primera_B_2015_(Argentina)
2015-07-17,15:00,Platense,Acassuso,1,0,,,Primera B,2015,zonas,,Fecha 25,Ciudad de Vicente López,false,https://es.wikipedia.org/wiki/Campeonato_de_Primera_B_2015_(Argentina)
2015-07-17,15:00,San Telmo,Sacachispas,2,1,,,Primera C,2015,zonas,,Fecha 23,Dr. Osvaldo Baletto,false,https://es.wikipedia.org/wiki/Campeonato_de_Primera_C_2015_(Argentina)
2015-07-17,15:00,Sportivo Italiano,UAI Urquiza,2,2,,,Primera B,2015,zonas,,Fecha 25,República de Italia,false,https://es.wikipedia.org/wiki/Campeonato_de_Primera_B_2015_(Argentina)
2015-07-17,15:00,Villa San Carlos,Barracas Central,1,1,,,Primera B,2015,zonas,,Fecha 25,Genacio Sálice,false,https://es.wikipedia.org/wiki/Campeonato_de_Primera_B_2015_(Argentina)
2015-07-17,15:30,Atlanta,Flandria,3,0,,,Primera B,2015,zonas,,Fecha 25,Don León Kolbovsky,false,https://es.wikipedia.org/wiki/Campeonato_de_Primera_B_2015_(Argentina)
2015-07-17,15:30,Comunicaciones,Colegiales,0,0,,,Primera B,2015,zonas,,Fecha 25,Alfredo Ramos,false,https://es.wikipedia.org/wiki/Campeonato_de_Primera_B_2015_(Argentina)
2015-07-17,17:00,Argentino de Merlo,Argentino de Quilmes,2,0,,,Primera C,2015,zonas,,Fecha 23,Merlo,false,https://es.wikipedia.org/wiki/Campeonato_de_Primera_C_2015_(Argentina)
2015-07-17,17:10,Ferro Carril Oeste,Guillermo Brown,1,1,,,Primera Nacional,2015,zonas,,Fecha 25,Arquitecto Ricardo Etcheverri,false,https://es.wikipedia.org/wiki/Campeonato_de_Primera_B_Nacional_2015
2015-07-17,19:00,San Lorenzo,Arsenal,3,0,,,Primera Division,2015,zonas,,Fecha 17,Nuevo Gasómetro,false,https://es.wikipedia.org/wiki/Campeonato_de_Primera_División_2015_(Argentina)
2015-07-17,19:20,Gimnasia y Esgrima (J),All Boys,0,0,,,Primera Nacional,2015,zonas,,Fecha 25,23 de agosto,false,https://es.wikipedia.org/wiki/Campeonato_de_Primera_B_Nacional_2015
2015-07-17,21:30,Banfield,Belgrano,1,2,,,Primera Division,2015,zonas,,Fecha 17,Florencio Sola,false,https://es.wikipedia.org/wiki/Campeonato_de_Primera_División_2015_(Argentina)
2015-07-18,11:00,Deportivo Morón,Estudiantes (BA),0,0,,,Primera B,2015,zonas,,Fecha 25,Nuevo Francisco Urbano,false,https://es.wikipedia.org/wiki/Campeonato_de_Primera_B_2015_(Argentina)
2015-07-18,11:00,Luján,Excursionistas,2,1,,,Primera C,2015,zonas,,Fecha 23,Municipal de la Ciudad de Luján,false,https://es.wikipedia.org/wiki/Campeonato_de_Primera_C_2015_(Argentina)
2015-07-18,11:00,Tristán Suárez,Deportivo Riestra,1,1,,,Primera B,2015,zonas,,Fecha 25,20 de Octubre,false,https://es.wikipedia.org/wiki/Campeonato_de_Primera_B_2015_(Argentina)
2015-07-18,14:00,Los Andes,Guaraní Antonio Franco,2,0,,,Primera Nacional,2015,zonas,,Fecha 25,Eduardo Gallardón,false,https://es.wikipedia.org/wiki/Campeonato_de_Primera_B_Nacional_2015
2015-07-18,14:00,Olimpo,Aldosivi,3,1,,,Primera Division,2015,zonas,,Fecha 17,Roberto N. Carminatti,false,https://es.wikipedia.org/wiki/Campeonato_de_Primera_División_2015_(Argentina)
2015-07-18,15:00,Deportivo Armenio,Defensores de Belgrano,0,1,,,Primera B,2015,zonas,,Fecha 25,Armenia,false,https://es.wikipedia.org/wiki/Campeonato_de_Primera_B_2015_(Argentina)
2015-07-18,15:30,General Lamadrid,San Martín (B),0,2,,,Primera C,2015,zonas,,Fecha 23,Enrique Sexto,false,https://es.wikipedia.org/wiki/Campeonato_de_Primera_C_2015_(Argentina)
2015-07-18,16:00,Atlético Paraná,Douglas Haig,1,2,,,Primera Nacional,2015,zonas,,Fecha 25,Pedro Mutio,false,https://es.wikipedia.org/wiki/Campeonato_de_Primera_B_Nacional_2015
2015-07-18,16:10,Boca Juniors,Quilmes,2,1,,,Primera Division,2015,zonas,,Fecha 17,La Bombonera,false,https://es.wikipedia.org/wiki/Campeonato_de_Primera_División_2015_(Argentina)
2015-07-18,16:10,Defensa y Justicia,Nueva Chicago,2,1,,,Primera Division,2015,zonas,,Fecha 17,Norberto Tomaghello,false,https://es.wikipedia.org/wiki/Campeonato_de_Primera_División_2015_(Argentina)
2015-07-18,18:30,Atlético de Rafaela,River Plate,1,5,,,Primera Division,2015,zonas,,Fecha 17,Nuevo Monumental,false,https://es.wikipedia.org/wiki/Campeonato_de_Primera_División_2015_(Argentina)
2015-07-18,20:10,Racing Club,Sarmiento (J),2,1,,,Primera Division,2015,zonas,,Fecha 17,El Cilindro,false,https://es.wikipedia.org/wiki/Campeonato_de_Primera_División_2015_(Argentina)
2015-07-18,20:30,Colón,Lanús,1,2,,,Primera Division,2015,zonas,,Fecha 17,Brigadier Estanislao López,false,https://es.wikipedia.org/wiki/Campeonato_de_Primera_División_2015_(Argentina)
2015-07-19,11:00,J. J. de Urquiza,Juventud Unida,0,0,,,Primera C,2015,zonas,,Fecha 23,Ramón Roque Martín,false,https://es.wikipedia.org/wiki/Campeonato_de_Primera_C_2015_(Argentina)
2015-07-19,11:00,San Miguel,Dock Sud,3,1,,,Primera C,2015,zonas,,Fecha 23,Malvinas Argentinas,false,https://es.wikipedia.org/wiki/Campeonato_de_Primera_C_2015_(Argentina)
2015-07-19,13:00,Cañuelas,Central Córdoba (R),2,1,,,Primera C,2015,zonas,,Fecha 23,José Alfredo Arín,false,https://es.wikipedia.org/wiki/Campeonato_de_Primera_C_2015_(Argentina)
2015-07-19,14:00,Talleres (RdE),Deportivo Laferrere,1,3,,,Primera C,2015,zonas,,Fecha 23,Talleres de Remedios de Escalada,false,https://es.wikipedia.org/wiki/Campeonato_de_Primera_C_2015_(Argentina)
2015-07-19,15:10,Sportivo Estudiantes (SL),Patronato,0,1,,,Primera Nacional,2015,zonas,,Fecha 25,El Coliseo,false,https://es.wikipedia.org/wiki/Campeonato_de_Primera_B_Nacional_2015
2015-07-19,15:30,Sportivo Belgrano,Juventud Unida (G),1,0,,,Primera Nacional,2015,zonas,,Fecha 25,Oscar C. Boero,false,https://es.wikipedia.org/wiki/Campeonato_de_Primera_B_Nacional_2015
2015-07-19,16:00,San Martín (SJ),Huracán,3,2,,,Primera Division,2015,zonas,,Fecha 17,Ingeniero Hilario Sánchez,false,https://es.wikipedia.org/wiki/Campeonato_de_Primera_División_2015_(Argentina)
2015-07-19,16:00,Tigre,Newell's Old Boys,0,0,,,Primera Division,2015,zonas,,Fecha 17,Monumental de Victoria,false,https://es.wikipedia.org/wiki/Campeonato_de_Primera_División_2015_(Argentina)
2015-07-19,17:20,Gimnasia y Esgrima (M),Ramón Santamarina,0,0,,,Primera Nacional,2015,zonas,,Fecha 25,Víctor Antonio Legrotaglie,false,https://es.wikipedia.org/wiki/Campeonato_de_Primera_B_Nacional_2015
2015-07-19,17:30,Central Córdoba (SdE),Instituto,1,1,,,Primera Nacional,2015,zonas,,Fecha 25,Alfredo Terrera,false,https://es.wikipedia.org/wiki/Campeonato_de_Primera_B_Nacional_2015
2015-07-19,18:15,Rosario Central,Vélez Sarsfield,0,0,,,Primera Division,2015,zonas,,Fecha 17,Gigante de Arroyito,false,https://es.wikipedia.org/wiki/Campeonato_de_Primera_División_2015_(Argentina)
2015-07-19,19:30,Villa Dálmine,Atlético Tucumán,1,2,,,Primera Nacional,2015,zonas,,Fecha 25,El Coliseo de Mitre y Puccini,false,https://es.wikipedia.org/wiki/Campeonato_de_Primera_B_Nacional_2015
2015-07-19,20:00,Unión (MdP),Independiente Rivadavia,0,0,,,Primera Nacional,2015,zonas,,Fecha 25,José María Minella,false,https://es.wikipedia.org/wiki/Campeonato_de_Primera_B_Nacional_2015
2015-07-19,21:30,Temperley,Independiente,0,1,,,Primera Division,2015,zonas,,Fecha 17,Alfredo Beranger,false,https://es.wikipedia.org/wiki/Campeonato_de_Primera_División_2015_(Argentina)
2015-07-20,15:00,Defensores Unidos,Defensores de Cambaceres,1,1,,,Primera C,2015,zonas,,Fecha 23,Gigante de Villa Fox,false,https://es.wikipedia.org/wiki/Campeonato_de_Primera_C_2015_(Argentina)
2015-07-20,15:15,Gimnasia y Esgrima (LP),Godoy Cruz,2,0,,,Primera Division,2015,zonas,,Fecha 17,Del Bosque,false,https://es.wikipedia.org/wiki/Campeonato_de_Primera_División_2015_(Argentina)
2015-07-20,20:00,Crucero del Norte,Estudiantes (LP),1,2,,,Primera Division,2015,zonas,,Fecha 17,Comandante Andrés Guacurarí,false,https://es.wikipedia.org/wiki/Campeonato_de_Primera_División_2015_(Argentina)
2015-07-20,21:10,Argentinos Juniors,Unión,1,2,,,Primera Division,2015,zonas,,Fecha 17,Diego Armando Maradona,false,https://es.wikipedia.org/wiki/Campeonato_de_Primera_División_2015_(Argentina)
2015-07-21,,Chacarita Juniors,All Boys,2,1,,,Copa Argentina,2015,eliminacion,,Dieciseisavos,Julio Humberto Grondona,true,https://es.wikipedia.org/wiki/Copa_Argentina_2014-15
2015-07-21,15:00,Almirante Brown,Sportivo Italiano,4,1,,,Primera B,2015,zonas,,Fecha 26,Fragata Presidente Sarmiento,false,https://es.wikipedia.org/wiki/Campeonato_de_Primera_B_2015_(Argentina)
2015-07-21,15:00,Berazategui,Ferrocarril Midland,1,1,,,Primera C,2015,zonas,,Fecha 23,Centenario,false,https://es.wikipedia.org/wiki/Campeonato_de_Primera_C_2015_(Argentina)
2015-07-21,15:00,Brown de Adrogué,Comunicaciones,3,2,,,Primera B,2015,zonas,,Fecha 26,Lorenzo Arandilla,false,https://es.wikipedia.org/wiki/Campeonato_de_Primera_B_2015_(Argentina)
2015-07-21,15:00,Colegiales,Atlanta,0,2,,,Primera B,2015,zonas,,Fecha 26,Colegiales,false,https://es.wikipedia.org/wiki/Campeonato_de_Primera_B_2015_(Argentina)
2015-07-21,15:00,Deportivo Riestra,Deportivo Morón,1,1,,,Primera B,2015,zonas,,Fecha 26,Guillermo Laza,false,https://es.wikipedia.org/wiki/Campeonato_de_Primera_B_2015_(Argentina)
2015-07-21,15:00,Estudiantes (BA),Fénix,1,1,,,Primera B,2015,zonas,,Fecha 26,Ciudad de Caseros,false,https://es.wikipedia.org/wiki/Campeonato_de_Primera_B_2015_(Argentina)
2015-07-21,15:00,Flandria,Deportivo Armenio,1,1,,,Primera B,2015,zonas,,Fecha 26,Carlos V,false,https://es.wikipedia.org/wiki/Campeonato_de_Primera_B_2015_(Argentina)
2015-07-21,15:30,Barracas Central,Platense,2,1,,,Primera B,2015,zonas,,Fecha 26,Claudio Chiqui Tapia,false,https://es.wikipedia.org/wiki/Campeonato_de_Primera_B_2015_(Argentina)
2015-07-21,15:30,Defensores de Belgrano,Villa San Carlos,1,0,,,Primera B,2015,zonas,,Fecha 26,Juan Pasquale,false,https://es.wikipedia.org/wiki/Campeonato_de_Primera_B_2015_(Argentina)
2015-07-22,15:00,Acassuso,Tristán Suárez,0,0,,,Primera B,2015,zonas,,Fecha 26,Ciudad de Vicente López,false,https://es.wikipedia.org/wiki/Campeonato_de_Primera_B_2015_(Argentina)
2015-07-22,15:00,Deportivo Merlo,Deportivo Español,1,0,,,Primera B,2015,zonas,,Fecha 26,José Manuel Moreno,false,https://es.wikipedia.org/wiki/Campeonato_de_Primera_B_2015_(Argentina)
2015-07-22,15:00,UAI Urquiza,Almagro,0,0,,,Primera B,2015,zonas,,Fecha 26,Monumental de Villa Lynch,false,https://es.wikipedia.org/wiki/Campeonato_de_Primera_B_2015_(Argentina)
2015-07-23,,Argentinos Juniors,Guaraní Antonio Franco,0,1,,,Copa Argentina,2015,eliminacion,,Dieciseisavos,Alfredo Beranger,true,https://es.wikipedia.org/wiki/Copa_Argentina_2014-15
2015-07-24,15:00,Deportivo Laferrere,San Miguel,2,0,,,Primera C,2015,zonas,,Fecha 24,José Luis Sánchez,false,https://es.wikipedia.org/wiki/Campeonato_de_Primera_C_2015_(Argentina)
2015-07-24,15:00,Ferrocarril Midland,San Telmo,3,0,,,Primera C,2015,zonas,,Fecha 24,Ciudad de Libertad,false,https://es.wikipedia.org/wiki/Campeonato_de_Primera_C_2015_(Argentina)
2015-07-24,15:00,Independiente Rivadavia,Los Andes,1,0,,,Primera Nacional,2015,zonas,,Fecha 26,Bautista Gargantini,false,https://es.wikipedia.org/wiki/Campeonato_de_Primera_B_Nacional_2015
2015-07-24,21:10,Aldosivi,Temperley,0,0,,,Primera Division,2015,zonas,,Fecha 18,José María Minella,false,https://es.wikipedia.org/wiki/Campeonato_de_Primera_División_2015_(Argentina)
2015-07-25,11:00,Juventud Unida,Talleres (RdE),0,2,,,Primera C,2015,zonas,,Fecha 24,Ciudad de San Miguel,false,https://es.wikipedia.org/wiki/Campeonato_de_Primera_C_2015_(Argentina)
2015-07-25,11:00,San Martín (B),Argentino de Merlo,3,3,,,Primera C,2015,zonas,,Fecha 24,Francisco Boga,false,https://es.wikipedia.org/wiki/Campeonato_de_Primera_C_2015_(Argentina)
2015-07-25,12:00,Argentino de Quilmes,Defensores Unidos,3,0,,,Primera C,2015,zonas,,Fecha 24,Argentino de Quilmes,false,https://es.wikipedia.org/wiki/Campeonato_de_Primera_C_2015_(Argentina)
2015-07-25,12:00,Chacarita Juniors,Gimnasia y Esgrima (M),1,0,,,Primera Nacional,2015,zonas,,Fecha 26,Chacarita Juniors,false,https://es.wikipedia.org/wiki/Campeonato_de_Primera_B_Nacional_2015
2015-07-25,15:00,Deportivo Español,UAI Urquiza,1,1,,,Primera B,2015,zonas,,Fecha 27,Nueva España,false,https://es.wikipedia.org/wiki/Campeonato_de_Primera_B_2015_(Argentina)
2015-07-25,15:00,Gimnasia y Esgrima (LP),Crucero del Norte,2,1,,,Primera Division,2015,zonas,,Fecha 18,Del Bosque,false,https://es.wikipedia.org/wiki/Campeonato_de_Primera_División_2015_(Argentina)
2015-07-25,15:00,Guillermo Brown,Villa Dálmine,0,1,,,Primera Nacional,2015,zonas,,Fecha 26,Raúl Conti,false,https://es.wikipedia.org/wiki/Campeonato_de_Primera_B_Nacional_2015
2015-07-25,15:30,Atlanta,Brown de Adrogué,0,2,,,Primera B,2015,zonas,,Fecha 27,Don León Kolbovsky,false,https://es.wikipedia.org/wiki/Campeonato_de_Primera_B_2015_(Argentina)
2015-07-25,15:30,Central Córdoba (R),Berazategui,3,0,,,Primera C,2015,zonas,,Fecha 24,Gabino Sosa,false,https://es.wikipedia.org/wiki/Campeonato_de_Primera_C_2015_(Argentina)
2015-07-25,15:30,Comunicaciones,Deportivo Merlo,1,0,,,Primera B,2015,zonas,,Fecha 27,Alfredo Ramos,false,https://es.wikipedia.org/wiki/Campeonato_de_Primera_B_2015_(Argentina)
2015-07-25,15:30,Deportivo Armenio,Villa San Carlos,0,0,,,Primera B,2015,zonas,,Fecha 27,Armenia,false,https://es.wikipedia.org/wiki/Campeonato_de_Primera_B_2015_(Argentina)
2015-07-25,16:15,Sarmiento (J),Tigre,0,1,,,Primera Division,2015,zonas,,Fecha 18,Eva Perón,false,https://es.wikipedia.org/wiki/Campeonato_de_Primera_División_2015_(Argentina)
2015-07-25,17:15,River Plate,Colón,3,1,,,Primera Division,2015,zonas,,Fecha 18,Monumental,false,https://es.wikipedia.org/wiki/Campeonato_de_Primera_División_2015_(Argentina)
2015-07-25,18:45,Unión,Banfield,0,0,,,Primera Division,2015,zonas,,Fecha 18,15 de abril,false,https://es.wikipedia.org/wiki/Campeonato_de_Primera_División_2015_(Argentina)
2015-07-25,20:10,Independiente,Atlético de Rafaela,2,0,,,Primera Division,2015,zonas,,Fecha 18,Libertadores de América,false,https://es.wikipedia.org/wiki/Campeonato_de_Primera_División_2015_(Argentina)
2015-07-25,20:30,Vélez Sarsfield,Olimpo,0,2,,,Primera Division,2015,zonas,,Fecha 18,José Amalfitani,false,https://es.wikipedia.org/wiki/Campeonato_de_Primera_División_2015_(Argentina)
2015-07-25,21:15,Instituto,Ferro Carril Oeste,0,0,,,Primera Nacional,2015,zonas,,Fecha 26,Juan Domingo Perón,false,https://es.wikipedia.org/wiki/Campeonato_de_Primera_B_Nacional_2015
2015-07-26,11:00,Almagro,Almirante Brown,1,0,,,Primera B,2015,zonas,,Fecha 27,Tres de Febrero,false,https://es.wikipedia.org/wiki/Campeonato_de_Primera_B_2015_(Argentina)
2015-07-26,11:00,Flandria,Colegiales,0,1,,,Primera B,2015,zonas,,Fecha 27,Carlos V,false,https://es.wikipedia.org/wiki/Campeonato_de_Primera_B_2015_(Argentina)
2015-07-26,11:00,Ramón Santamarina,Central Córdoba (SdE),2,2,,,Primera Nacional,2015,zonas,,Fecha 26,Municipal General San Martín,false,https://es.wikipedia.org/wiki/Campeonato_de_Primera_B_Nacional_2015
2015-07-26,12:00,Platense,Defensores de Belgrano,4,3,,,Primera B,2015,zonas,,Fecha 27,Ciudad de Vicente López,false,https://es.wikipedia.org/wiki/Campeonato_de_Primera_B_2015_(Argentina)
2015-07-26,13:00,Dock Sud,General Lamadrid,1,0,,,Primera C,2015,zonas,,Fecha 24,De los Inmigrantes,false,https://es.wikipedia.org/wiki/Campeonato_de_Primera_C_2015_(Argentina)
2015-07-26,13:00,Tristán Suárez,Barracas Central,2,0,,,Primera B,2015,zonas,,Fecha 27,20 de Octubre,false,https://es.wikipedia.org/wiki/Campeonato_de_Primera_B_2015_(Argentina)
2015-07-26,14:30,Juventud Unida (G),Unión (MdP),2,1,,,Primera Nacional,2015,zonas,,Fecha 26,De los Eucaliptos,false,https://es.wikipedia.org/wiki/Campeonato_de_Primera_B_Nacional_2015
2015-07-26,15:00,Excursionistas,Cañuelas,3,1,,,Primera C,2015,zonas,,Fecha 24,Excursionistas,false,https://es.wikipedia.org/wiki/Campeonato_de_Primera_C_2015_(Argentina)
2015-07-26,15:00,Godoy Cruz,San Lorenzo,1,1,,,Primera Division,2015,zonas,,Fecha 18,Malvinas Argentinas,false,https://es.wikipedia.org/wiki/Campeonato_de_Primera_División_2015_(Argentina)
2015-07-26,15:00,Newell's Old Boys,Rosario Central,0,1,,,Primera Division,2015,zonas,,Fecha 18,Marcelo Bielsa,false,https://es.wikipedia.org/wiki/Campeonato_de_Primera_División_2015_(Argentina)
2015-07-26,15:00,Patronato,Sportivo Belgrano,3,0,,,Primera Nacional,2015,zonas,,Fecha 26,Presbítero Bartolomé Grella,false,https://es.wikipedia.org/wiki/Campeonato_de_Primera_B_Nacional_2015
2015-07-26,15:00,Sacachispas,J. J. de Urquiza,1,0,,,Primera C,2015,zonas,,Fecha 24,Beto Larrosa,false,https://es.wikipedia.org/wiki/Campeonato_de_Primera_C_2015_(Argentina)
2015-07-26,15:30,Deportivo Morón,Acassuso,0,0,,,Primera B,2015,zonas,,Fecha 27,Nuevo Francisco Urbano,false,https://es.wikipedia.org/wiki/Campeonato_de_Primera_B_2015_(Argentina)
2015-07-26,15:30,Douglas Haig,Gimnasia y Esgrima (J),1,0,,,Primera Nacional,2015,zonas,,Fecha 26,Miguel Morales,false,https://es.wikipedia.org/wiki/Campeonato_de_Primera_B_Nacional_2015
2015-07-26,16:00,Guaraní Antonio Franco,Boca Unidos,2,0,,,Primera Nacional,2015,zonas,,Fecha 26,C. A. Fernández de Oliveira,false,https://es.wikipedia.org/wiki/Campeonato_de_Primera_B_Nacional_2015
2015-07-26,17:00,All Boys,Sportivo Estudiantes (SL),0,2,,,Primera Nacional,2015,zonas,,Fecha 26,Islas Malvinas,false,https://es.wikipedia.org/wiki/Campeonato_de_Primera_B_Nacional_2015
2015-07-26,17:30,Atlético Tucumán,Atlético Paraná,2,0,,,Primera Nacional,2015,zonas,,Fecha 26,Monumental José Fierro,false,https://es.wikipedia.org/wiki/Campeonato_de_Primera_B_Nacional_2015
2015-07-26,17:30,Quilmes,Racing Club,2,1,,,Primera Division,2015,zonas,,Fecha 18,Centenario,false,https://es.wikipedia.org/wiki/Campeonato_de_Primera_División_2015_(Argentina)
2015-07-26,18:15,Huracán,Estudiantes (LP),1,0,,,Primera Division,2015,zonas,,Fecha 18,Tomás A. Ducó,false,https://es.wikipedia.org/wiki/Campeonato_de_Primera_División_2015_(Argentina)
2015-07-26,19:45,Lanús,Defensa y Justicia,0,1,,,Primera Division,2015,zonas,,Fecha 18,Ciudad de Lanús,false,https://es.wikipedia.org/wiki/Campeonato_de_Primera_División_2015_(Argentina)
2015-07-26,21:30,Belgrano,Boca Juniors,0,1,,,Primera Division,2015,zonas,,Fecha 18,Mario Alberto Kempes,false,https://es.wikipedia.org/wiki/Campeonato_de_Primera_División_2015_(Argentina)
2015-07-27,15:00,Defensores de Cambaceres,Luján,1,0,,,Primera C,2015,zonas,,Fecha 24,12 de Octubre,false,https://es.wikipedia.org/wiki/Campeonato_de_Primera_C_2015_(Argentina)
2015-07-27,15:00,Nueva Chicago,San Martín (SJ),0,0,,,Primera Division,2015,zonas,,Fecha 18,República de Mataderos,false,https://es.wikipedia.org/wiki/Campeonato_de_Primera_División_2015_(Argentina)
2015-07-27,15:00,Sportivo Italiano,Estudiantes (BA),0,2,,,Primera B,2015,zonas,,Fecha 27,República de Italia,false,https://es.wikipedia.org/wiki/Campeonato_de_Primera_B_2015_(Argentina)
2015-07-27,18:00,Arsenal,Argentinos Juniors,3,2,,,Primera Division,2015,zonas,,Fecha 18,El Viaducto,false,https://es.wikipedia.org/wiki/Campeonato_de_Primera_División_2015_(Argentina)
2015-07-29,,Banfield,Boca Juniors,0,3,,,Copa Argentina,2015,eliminacion,,Dieciseisavos,Antonio Romero,true,https://es.wikipedia.org/wiki/Copa_Argentina_2014-15
2015-07-29,15:00,Fénix,Deportivo Riestra,0,1,,,Primera B,2015,zonas,,Fecha 27,Armenia,false,https://es.wikipedia.org/wiki/Campeonato_de_Primera_B_2015_(Argentina)
2015-07-29,15:30,Villa Dálmine,Gimnasia y Esgrima (M),2,1,,,Primera Nacional,2015,zonas,,Fecha 21,El Coliseo de Mitre y Puccini,false,https://es.wikipedia.org/wiki/Campeonato_de_Primera_B_Nacional_2015
2015-07-30,,Quilmes,Independiente Rivadavia,3,0,,,Copa Argentina,2015,eliminacion,,Dieciseisavos,Juan Domingo Perón,true,https://es.wikipedia.org/wiki/Copa_Argentina_2014-15
2015-07-31,14:00,Almirante Brown,Deportivo Español,2,1,,,Primera B,2015,zonas,,Fecha 28,Fragata Presidente Sarmiento,false,https://es.wikipedia.org/wiki/Campeonato_de_Primera_B_2015_(Argentina)
2015-07-31,18:00,Atlético de Rafaela,Aldosivi,2,1,,,Primera Division,2015,zonas,,Fecha 19,Nuevo Monumental,false,https://es.wikipedia.org/wiki/Campeonato_de_Primera_División_2015_(Argentina)
2015-07-31,21:00,Central Córdoba (SdE),Chacarita Juniors,0,1,,,Primera Nacional,2015,zonas,,Fecha 27,Alfredo Terrera,false,https://es.wikipedia.org/wiki/Campeonato_de_Primera_B_Nacional_2015
2015-07-31,21:10,Temperley,Vélez Sarsfield,2,1,,,Primera Division,2015,zonas,,Fecha 19,Alfredo Beranger,false,https://es.wikipedia.org/wiki/Campeonato_de_Primera_División_2015_(Argentina)
2015-08-01,11:00,Colegiales,Deportivo Armenio,1,1,,,Primera B,2015,zonas,,Fecha 28,Colegiales,false,https://es.wikipedia.org/wiki/Campeonato_de_Primera_B_2015_(Argentina)
2015-08-01,11:00,San Telmo,Central Córdoba (R),2,1,,,Primera C,2015,zonas,,Fecha 25,Dr. Osvaldo Baletto,false,https://es.wikipedia.org/wiki/Campeonato_de_Primera_C_2015_(Argentina)
2015-08-01,12:00,Cañuelas,Defensores de Cambaceres,1,0,,,Primera C,2015,zonas,,Fecha 25,José Alfredo Arín,false,https://es.wikipedia.org/wiki/Campeonato_de_Primera_C_2015_(Argentina)
2015-08-01,12:00,Defensores Unidos,San Martín (B),0,1,,,Primera C,2015,zonas,,Fecha 25,Gigante de Villa Fox,false,https://es.wikipedia.org/wiki/Campeonato_de_Primera_C_2015_(Argentina)
2015-08-01,13:00,Los Andes,Juventud Unida (G),2,2,,,Primera Nacional,2015,zonas,,Fecha 27,Eduardo Gallardón,false,https://es.wikipedia.org/wiki/Campeonato_de_Primera_B_Nacional_2015
2015-08-01,13:40,Barracas Central,Deportivo Morón,0,2,,,Primera B,2015,zonas,,Fecha 28,Claudio Chiqui Tapia,false,https://es.wikipedia.org/wiki/Campeonato_de_Primera_B_2015_(Argentina)
2015-08-01,15:30,Argentinos Juniors,Godoy Cruz,0,0,,,Primera Division,2015,zonas,,Fecha 19,Diego Armando Maradona,false,https://es.wikipedia.org/wiki/Campeonato_de_Primera_División_2015_(Argentina)
2015-08-01,15:30,General Lamadrid,Deportivo Laferrere,0,1,,,Primera C,2015,zonas,,Fecha 25,Enrique Sexto,false,https://es.wikipedia.org/wiki/Campeonato_de_Primera_C_2015_(Argentina)
2015-08-01,17:15,Estudiantes (LP),Nueva Chicago,1,0,,,Primera Division,2015,zonas,,Fecha 19,Ciudad de La Plata,false,https://es.wikipedia.org/wiki/Campeonato_de_Primera_División_2015_(Argentina)
2015-08-01,17:45,Ferro Carril Oeste,Ramón Santamarina,2,0,,,Primera Nacional,2015,zonas,,Fecha 27,Arquitecto Ricardo Etcheverri,false,https://es.wikipedia.org/wiki/Campeonato_de_Primera_B_Nacional_2015
2015-08-01,18:10,San Lorenzo,Gimnasia y Esgrima (LP),1,0,,,Primera Division,2015,zonas,,Fecha 19,Nuevo Gasómetro,false,https://es.wikipedia.org/wiki/Campeonato_de_Primera_División_2015_(Argentina)
2015-08-01,20:00,Rosario Central,Sarmiento (J),1,1,,,Primera Division,2015,zonas,,Fecha 19,Gigante de Arroyito,false,https://es.wikipedia.org/wiki/Campeonato_de_Primera_División_2015_(Argentina)
2015-08-01,20:00,Unión (MdP),Patronato,1,1,,,Primera Nacional,2015,zonas,,Fecha 27,José María Minella,false,https://es.wikipedia.org/wiki/Campeonato_de_Primera_B_Nacional_2015
2015-08-01,20:10,Colón,Independiente,0,1,,,Primera Division,2015,zonas,,Fecha 19,Brigadier Estanislao López,false,https://es.wikipedia.org/wiki/Campeonato_de_Primera_División_2015_(Argentina)
2015-08-02,11:00,Acassuso,Fénix,0,1,,,Primera B,2015,zonas,,Fecha 28,Ciudad de Vicente López,false,https://es.wikipedia.org/wiki/Campeonato_de_Primera_B_2015_(Argentina)
2015-08-02,11:00,Argentino de Merlo,Dock Sud,2,0,,,Primera C,2015,zonas,,Fecha 25,Merlo,false,https://es.wikipedia.org/wiki/Campeonato_de_Primera_C_2015_(Argentina)
2015-08-02,11:00,Brown de Adrogué,Flandria,1,0,,,Primera B,2015,zonas,,Fecha 28,Lorenzo Arandilla,false,https://es.wikipedia.org/wiki/Campeonato_de_Primera_B_2015_(Argentina)
2015-08-02,12:00,Sportivo Estudiantes (SL),Douglas Haig,1,2,,,Primera Nacional,2015,zonas,,Fecha 27,El Coliseo,false,https://es.wikipedia.org/wiki/Campeonato_de_Primera_B_Nacional_2015
2015-08-02,14:35,Estudiantes (BA),Almagro,3,2,,,Primera B,2015,zonas,,Fecha 28,Ciudad de Caseros,false,https://es.wikipedia.org/wiki/Campeonato_de_Primera_B_2015_(Argentina)
2015-08-02,15:00,Atlético Paraná,Gimnasia y Esgrima (J),3,0,,,Primera Nacional,2015,zonas,,Fecha 27,Pedro Mutio,false,https://es.wikipedia.org/wiki/Campeonato_de_Primera_B_Nacional_2015
2015-08-02,15:30,Boca Unidos,Independiente Rivadavia,0,0,,,Primera Nacional,2015,zonas,,Fecha 27,Leoncio Benítez,false,https://es.wikipedia.org/wiki/Campeonato_de_Primera_B_Nacional_2015
2015-08-02,15:30,Olimpo,Newell's Old Boys,2,0,,,Primera Division,2015,zonas,,Fecha 19,Roberto N. Carminatti,false,https://es.wikipedia.org/wiki/Campeonato_de_Primera_División_2015_(Argentina)
2015-08-02,15:30,Sportivo Belgrano,All Boys,1,2,,,Primera Nacional,2015,zonas,,Fecha 27,Oscar C. Boero,false,https://es.wikipedia.org/wiki/Campeonato_de_Primera_B_Nacional_2015
2015-08-02,15:30,Villa Dálmine,Instituto,1,0,,,Primera Nacional,2015,zonas,,Fecha 27,El Coliseo de Mitre y Puccini,false,https://es.wikipedia.org/wiki/Campeonato_de_Primera_B_Nacional_2015
2015-08-02,16:00,Racing Club,Belgrano,0,0,,,Primera Division,2015,zonas,,Fecha 19,El Cilindro,false,https://es.wikipedia.org/wiki/Campeonato_de_Primera_División_2015_(Argentina)
2015-08-02,17:30,Crucero del Norte,Huracán,3,3,,,Primera Division,2015,zonas,,Fecha 19,Comandante Andrés Guacurarí,false,https://es.wikipedia.org/wiki/Campeonato_de_Primera_División_2015_(Argentina)
2015-08-02,18:15,Boca Juniors,Unión,3,4,,,Primera Division,2015,zonas,,Fecha 19,La Bombonera,false,https://es.wikipedia.org/wiki/Campeonato_de_Primera_División_2015_(Argentina)
2015-08-02,20:00,Atlético Tucumán,Guillermo Brown,0,0,,,Primera Nacional,2015,zonas,,Fecha 27,Monumental José Fierro,false,https://es.wikipedia.org/wiki/Campeonato_de_Primera_B_Nacional_2015
2015-08-03,15:00,Deportivo Riestra,Sportivo Italiano,2,2,,,Primera B,2015,zonas,,Fecha 28,Guillermo Laza,false,https://es.wikipedia.org/wiki/Campeonato_de_Primera_B_2015_(Argentina)
2015-08-03,15:30,Deportivo Merlo,Atlanta,1,0,,,Primera B,2015,zonas,,Fecha 28,José Manuel Moreno,false,https://es.wikipedia.org/wiki/Campeonato_de_Primera_B_2015_(Argentina)
2015-08-03,18:00,Tigre,Quilmes,0,1,,,Primera Division,2015,zonas,,Fecha 19,Monumental de Victoria,false,https://es.wikipedia.org/wiki/Campeonato_de_Primera_División_2015_(Argentina)
2015-08-03,21:10,Banfield,Arsenal,4,1,,,Primera Division,2015,zonas,,Fecha 19,Florencio Sola,false,https://es.wikipedia.org/wiki/Campeonato_de_Primera_División_2015_(Argentina)
2015-08-04,14:00,Gimnasia y Esgrima (M),Guaraní Antonio Franco,1,0,,,Primera Nacional,2015,zonas,,Fecha 27,Víctor Antonio Legrotaglie,false,https://es.wikipedia.org/wiki/Campeonato_de_Primera_B_Nacional_2015
2015-08-04,15:00,Berazategui,Excursionistas,0,0,,,Primera C,2015,zonas,,Fecha 25,Gildo Francisco Ghersinich,false,https://es.wikipedia.org/wiki/Campeonato_de_Primera_C_2015_(Argentina)
2015-08-04,15:00,J. J. de Urquiza,Ferrocarril Midland,2,1,,,Primera C,2015,zonas,,Fecha 25,Ramón Roque Martín,false,https://es.wikipedia.org/wiki/Campeonato_de_Primera_C_2015_(Argentina)
2015-08-04,15:00,Juventud Unida,Sacachispas,2,2,,,Primera C,2015,zonas,,Fecha 25,Ciudad de San Miguel,false,https://es.wikipedia.org/wiki/Campeonato_de_Primera_C_2015_(Argentina)
2015-08-04,15:00,Luján,Argentino de Quilmes,0,1,,,Primera C,2015,zonas,,Fecha 25,Municipal de la Ciudad de Luján,false,https://es.wikipedia.org/wiki/Campeonato_de_Primera_C_2015_(Argentina)
2015-08-04,15:00,Talleres (RdE),San Miguel,1,1,,,Primera C,2015,zonas,,Fecha 25,Talleres de Remedios de Escalada,false,https://es.wikipedia.org/wiki/Campeonato_de_Primera_C_2015_(Argentina)
2015-08-04,15:00,UAI Urquiza,Comunicaciones,1,2,,,Primera B,2015,zonas,,Fecha 28,Monumental de Villa Lynch,false,https://es.wikipedia.org/wiki/Campeonato_de_Primera_B_2015_(Argentina)
2015-08-04,20:35,Defensores de Belgrano,Tristán Suárez,1,0,,,Primera B,2015,zonas,,Fecha 28,Juan Pasquale,false,https://es.wikipedia.org/wiki/Campeonato_de_Primera_B_2015_(Argentina)
2015-08-05,,Instituto,San Lorenzo,1,2,,,Copa Argentina,2015,eliminacion,,Dieciseisavos,San Juan del Bicentenario,true,https://es.wikipedia.org/wiki/Copa_Argentina_2014-15
2015-08-05,15:00,Villa San Carlos,Platense,0,0,,,Primera B,2015,zonas,,Fecha 28,Genacio Sálice,false,https://es.wikipedia.org/wiki/Campeonato_de_Primera_B_2015_(Argentina)
2015-08-06,,Lanús,Nueva Chicago,3,0,,,Copa Argentina,2015,eliminacion,,Dieciseisavos,Tomás Adolfo Ducó,true,https://es.wikipedia.org/wiki/Copa_Argentina_2014-15
2015-08-07,,Independiente,Deportivo Español,1,0,,,Copa Argentina,2015,eliminacion,,Dieciseisavos,Ciudad de Lanús,true,https://es.wikipedia.org/wiki/Copa_Argentina_2014-15
2015-08-07,,Racing Club,Tigre,2,1,,,Copa Argentina,2015,eliminacion,,Dieciseisavos,San Juan del Bicentenario,true,https://es.wikipedia.org/wiki/Copa_Argentina_2014-15
2015-08-10,,Atlético de Rafaela,Deportivo Merlo,5,1,,,Copa Argentina,2015,eliminacion,,Dieciseisavos,Oscar Carlos Boero,true,https://es.wikipedia.org/wiki/Copa_Argentina_2014-15
2015-08-11,14:05,Independiente Rivadavia,Gimnasia y Esgrima (M),4,2,,,Primera Nacional,2015,zonas,,Fecha 28,Bautista Gargantini,false,https://es.wikipedia.org/wiki/Campeonato_de_Primera_B_Nacional_2015
2015-08-11,14:30,Juventud Unida (G),Boca Unidos,2,0,,,Primera Nacional,2015,zonas,,Fecha 28,De los Eucaliptos,false,https://es.wikipedia.org/wiki/Campeonato_de_Primera_B_Nacional_2015
2015-08-11,15:00,Chacarita Juniors,Ferro Carril Oeste,2,0,,,Primera Nacional,2015,zonas,,Fecha 28,Chacarita Juniors,false,https://es.wikipedia.org/wiki/Campeonato_de_Primera_B_Nacional_2015
2015-08-11,15:00,Guillermo Brown,Atlético Paraná,0,3,,,Primera Nacional,2015,zonas,,Fecha 28,Raúl Conti,false,https://es.wikipedia.org/wiki/Campeonato_de_Primera_B_Nacional_2015
2015-08-11,17:10,Instituto,Atlético Tucumán,1,0,,,Primera Nacional,2015,zonas,,Fecha 28,Juan Domingo Perón,false,https://es.wikipedia.org/wiki/Campeonato_de_Primera_B_Nacional_2015
2015-08-11,19:20,Patronato,Los Andes,2,1,,,Primera Nacional,2015,zonas,,Fecha 28,Presbítero Bartolomé Grella,false,https://es.wikipedia.org/wiki/Campeonato_de_Primera_B_Nacional_2015
2015-08-11,20:30,All Boys,Unión (MdP),0,0,,,Primera Nacional,2015,zonas,,Fecha 28,Islas Malvinas,false,https://es.wikipedia.org/wiki/Campeonato_de_Primera_B_Nacional_2015
2015-08-11,20:30,Ramón Santamarina,Villa Dálmine,4,1,,,Primera Nacional,2015,zonas,,Fecha 28,Municipal General San Martín,false,https://es.wikipedia.org/wiki/Campeonato_de_Primera_B_Nacional_2015
2015-08-11,21:00,Guaraní Antonio Franco,Central Córdoba (SdE),0,1,,,Primera Nacional,2015,zonas,,Fecha 28,C. A. Fernández de Oliveira,false,https://es.wikipedia.org/wiki/Campeonato_de_Primera_B_Nacional_2015
2015-08-11,21:30,Gimnasia y Esgrima (J),Sportivo Estudiantes (SL),0,0,,,Primera Nacional,2015,zonas,,Fecha 28,23 de agosto,false,https://es.wikipedia.org/wiki/Campeonato_de_Primera_B_Nacional_2015
2015-08-11,21:30,San Martín (SJ),Lanús,1,1,,,Primera Division,2015,zonas,,Fecha 19,Ingeniero Hilario Sánchez,false,https://es.wikipedia.org/wiki/Campeonato_de_Primera_División_2015_(Argentina)
2015-08-12,,Acassuso,Vélez Sarsfield,0,3,,,Copa Argentina,2015,eliminacion,,Dieciseisavos,Juan Domingo Perón,true,https://es.wikipedia.org/wiki/Copa_Argentina_2014-15
2015-08-14,15:30,Excursionistas,San Telmo,0,2,,,Primera C,2015,zonas,,Fecha 26,Excursionistas,false,https://es.wikipedia.org/wiki/Campeonato_de_Primera_C_2015_(Argentina)
2015-08-14,18:00,Sarmiento (J),Olimpo,0,0,,,Primera Division,2015,zonas,,Fecha 20,Eva Perón,false,https://es.wikipedia.org/wiki/Campeonato_de_Primera_División_2015_(Argentina)
2015-08-14,20:00,Belgrano,Tigre,1,0,,,Primera Division,2015,zonas,,Fecha 20,Mario Alberto Kempes,false,https://es.wikipedia.org/wiki/Campeonato_de_Primera_División_2015_(Argentina)
2015-08-14,21:10,Independiente,Defensa y Justicia,1,0,,,Primera Division,2015,zonas,,Fecha 20,Libertadores de América,false,https://es.wikipedia.org/wiki/Campeonato_de_Primera_División_2015_(Argentina)
2015-08-15,11:00,San Miguel,General Lamadrid,2,0,,,Primera C,2015,zonas,,Fecha 26,Malvinas Argentinas,false,https://es.wikipedia.org/wiki/Campeonato_de_Primera_C_2015_(Argentina)
2015-08-15,13:05,Tristán Suárez,Villa San Carlos,2,3,,,Primera B,2015,zonas,,Fecha 29,20 de Octubre,false,https://es.wikipedia.org/wiki/Campeonato_de_Primera_B_2015_(Argentina)
2015-08-15,15:00,Nueva Chicago,Huracán,3,0,,,Primera Division,2015,zonas,,Fecha 20,República de Mataderos,false,https://es.wikipedia.org/wiki/Campeonato_de_Primera_División_2015_(Argentina)
2015-08-15,15:00,Sacachispas,Talleres (RdE),2,0,,,Primera C,2015,zonas,,Fecha 26,Beto Larrosa,false,https://es.wikipedia.org/wiki/Campeonato_de_Primera_C_2015_(Argentina)
2015-08-15,15:30,Central Córdoba (R),J. J. de Urquiza,0,0,,,Primera C,2015,zonas,,Fecha 26,Gabino Sosa,false,https://es.wikipedia.org/wiki/Campeonato_de_Primera_C_2015_(Argentina)
2015-08-15,15:30,Deportivo Morón,Defensores de Belgrano,1,0,,,Primera B,2015,zonas,,Fecha 29,Nuevo Francisco Urbano,false,https://es.wikipedia.org/wiki/Campeonato_de_Primera_B_2015_(Argentina)
2015-08-15,16:00,Godoy Cruz,Banfield,1,2,,,Primera Division,2015,zonas,,Fecha 20,Malvinas Argentinas,false,https://es.wikipedia.org/wiki/Campeonato_de_Primera_División_2015_(Argentina)
2015-08-15,17:10,Aldosivi,Colón,1,1,,,Primera Division,2015,zonas,,Fecha 20,José María Minella,false,https://es.wikipedia.org/wiki/Campeonato_de_Primera_División_2015_(Argentina)
2015-08-15,18:05,Atlanta,UAI Urquiza,3,0,,,Primera B,2015,zonas,,Fecha 29,Don León Kolbovsky,false,https://es.wikipedia.org/wiki/Campeonato_de_Primera_B_2015_(Argentina)
2015-08-15,18:10,Unión,Racing Club,1,2,,,Primera Division,2015,zonas,,Fecha 20,15 de abril,false,https://es.wikipedia.org/wiki/Campeonato_de_Primera_División_2015_(Argentina)
2015-08-15,20:30,Lanús,Estudiantes (LP),0,0,,,Primera Division,2015,zonas,,Fecha 20,Ciudad de Lanús,false,https://es.wikipedia.org/wiki/Campeonato_de_Primera_División_2015_(Argentina)
2015-08-16,13:00,Ferro Carril Oeste,Guaraní Antonio Franco,1,0,,,Primera Nacional,2015,zonas,,Fecha 29,Arquitecto Ricardo Etcheverri,false,https://es.wikipedia.org/wiki/Campeonato_de_Primera_B_Nacional_2015
2015-08-16,15:00,Colegiales,Brown de Adrogué,0,1,,,Primera B,2015,zonas,,Fecha 29,Colegiales,false,https://es.wikipedia.org/wiki/Campeonato_de_Primera_B_2015_(Argentina)
2015-08-16,15:00,Guillermo Brown,Instituto,1,2,,,Primera Nacional,2015,zonas,,Fecha 29,Raúl Conti,false,https://es.wikipedia.org/wiki/Campeonato_de_Primera_B_Nacional_2015
2015-08-16,15:00,San Martín (B),Luján,0,1,,,Primera C,2015,zonas,,Fecha 26,Francisco Boga,false,https://es.wikipedia.org/wiki/Campeonato_de_Primera_C_2015_(Argentina)
2015-08-16,15:05,Boca Unidos,Patronato,0,0,,,Primera Nacional,2015,zonas,,Fecha 29,Leoncio Benítez,false,https://es.wikipedia.org/wiki/Campeonato_de_Primera_B_Nacional_2015
2015-08-16,16:00,Gimnasia y Esgrima (LP),Argentinos Juniors,4,2,,,Primera Division,2015,zonas,,Fecha 20,Del Bosque,false,https://es.wikipedia.org/wiki/Campeonato_de_Primera_División_2015_(Argentina)
2015-08-16,16:00,Gimnasia y Esgrima (M),Juventud Unida (G),1,1,,,Primera Nacional,2015,zonas,,Fecha 29,Víctor Antonio Legrotaglie,false,https://es.wikipedia.org/wiki/Campeonato_de_Primera_B_Nacional_2015
2015-08-16,16:00,San Lorenzo,Crucero del Norte,2,1,,,Primera Division,2015,zonas,,Fecha 20,Nuevo Gasómetro,false,https://es.wikipedia.org/wiki/Campeonato_de_Primera_División_2015_(Argentina)
2015-08-16,16:00,Sportivo Belgrano,Gimnasia y Esgrima (J),2,1,,,Primera Nacional,2015,zonas,,Fecha 29,Oscar C. Boero,false,https://es.wikipedia.org/wiki/Campeonato_de_Primera_B_Nacional_2015
2015-08-16,17:10,Villa Dálmine,Chacarita Juniors,0,0,,,Primera Nacional,2015,zonas,,Fecha 29,El Coliseo de Mitre y Puccini,false,https://es.wikipedia.org/wiki/Campeonato_de_Primera_B_Nacional_2015
2015-08-16,18:15,Vélez Sarsfield,Atlético de Rafaela,2,2,,,Primera Division,2015,zonas,,Fecha 20,José Amalfitani,false,https://es.wikipedia.org/wiki/Campeonato_de_Primera_División_2015_(Argentina)
2015-08-16,18:30,Unión (MdP),Douglas Haig,0,0,,,Primera Nacional,2015,zonas,,Fecha 29,José María Minella,false,https://es.wikipedia.org/wiki/Campeonato_de_Primera_B_Nacional_2015
2015-08-16,19:20,Newell's Old Boys,Temperley,0,0,,,Primera Division,2015,zonas,,Fecha 20,Marcelo Bielsa,false,https://es.wikipedia.org/wiki/Campeonato_de_Primera_División_2015_(Argentina)
2015-08-16,21:30,Arsenal,Boca Juniors,1,2,,,Primera Division,2015,zonas,,Fecha 20,El Viaducto,false,https://es.wikipedia.org/wiki/Campeonato_de_Primera_División_2015_(Argentina)
2015-08-16,21:30,Atlético Tucumán,Ramón Santamarina,2,1,,,Primera Nacional,2015,zonas,,Fecha 29,Monumental José Fierro,false,https://es.wikipedia.org/wiki/Campeonato_de_Primera_B_Nacional_2015
2015-08-17,11:00,Dock Sud,Defensores Unidos,3,0,,,Primera C,2015,zonas,,Fecha 26,De los Inmigrantes,false,https://es.wikipedia.org/wiki/Campeonato_de_Primera_C_2015_(Argentina)
2015-08-17,15:00,Almagro,Deportivo Riestra,2,0,,,Primera B,2015,zonas,,Fecha 29,Tres de Febrero,false,https://es.wikipedia.org/wiki/Campeonato_de_Primera_B_2015_(Argentina)
2015-08-17,15:00,Defensores de Cambaceres,Berazategui,1,1,,,Primera C,2015,zonas,,Fecha 26,12 de Octubre,false,https://es.wikipedia.org/wiki/Campeonato_de_Primera_C_2015_(Argentina)
2015-08-17,15:00,Fénix,Barracas Central,0,1,,,Primera B,2015,zonas,,Fecha 29,Armenia,false,https://es.wikipedia.org/wiki/Campeonato_de_Primera_B_2015_(Argentina)
2015-08-17,15:00,Los Andes,All Boys,1,0,,,Primera Nacional,2015,zonas,,Fecha 29,Eduardo Gallardón,false,https://es.wikipedia.org/wiki/Campeonato_de_Primera_B_Nacional_2015
2015-08-17,15:00,Sportivo Italiano,Acassuso,0,0,,,Primera B,2015,zonas,,Fecha 29,República de Italia,false,https://es.wikipedia.org/wiki/Campeonato_de_Primera_B_2015_(Argentina)
2015-08-17,15:30,Comunicaciones,Almirante Brown,1,0,,,Primera B,2015,zonas,,Fecha 29,Alfredo Ramos,false,https://es.wikipedia.org/wiki/Campeonato_de_Primera_B_2015_(Argentina)
2015-08-17,16:00,Atlético Paraná,Sportivo Estudiantes (SL),1,1,,,Primera Nacional,2015,zonas,,Fecha 29,Pedro Mutio,false,https://es.wikipedia.org/wiki/Campeonato_de_Primera_B_Nacional_2015
2015-08-17,16:00,Central Córdoba (SdE),Independiente Rivadavia,1,3,,,Primera Nacional,2015,zonas,,Fecha 29,Alfredo Terrera,false,https://es.wikipedia.org/wiki/Campeonato_de_Primera_B_Nacional_2015
2015-08-17,18:00,River Plate,San Martín (SJ),0,1,,,Primera Division,2015,zonas,,Fecha 20,Monumental,false,https://es.wikipedia.org/wiki/Campeonato_de_Primera_División_2015_(Argentina)
2015-08-17,21:10,Quilmes,Rosario Central,3,1,,,Primera Division,2015,zonas,,Fecha 20,Centenario,false,https://es.wikipedia.org/wiki/Campeonato_de_Primera_División_2015_(Argentina)
2015-08-18,15:00,Argentino de Quilmes,Cañuelas,1,2,,,Primera C,2015,zonas,,Fecha 26,12 de Octubre,false,https://es.wikipedia.org/wiki/Campeonato_de_Primera_C_2015_(Argentina)
2015-08-18,15:00,Deportivo Armenio,Platense,0,0,,,Primera B,2015,zonas,,Fecha 29,Armenia,false,https://es.wikipedia.org/wiki/Campeonato_de_Primera_B_2015_(Argentina)
2015-08-18,15:00,Deportivo Laferrere,Argentino de Merlo,1,1,,,Primera C,2015,zonas,,Fecha 26,José Luis Sánchez,false,https://es.wikipedia.org/wiki/Campeonato_de_Primera_C_2015_(Argentina)
2015-08-18,15:00,Ferrocarril Midland,Juventud Unida,0,0,,,Primera C,2015,zonas,,Fecha 26,Ciudad de Libertad,false,https://es.wikipedia.org/wiki/Campeonato_de_Primera_C_2015_(Argentina)
2015-08-18,21:10,Deportivo Español,Estudiantes (BA),0,0,,,Primera B,2015,zonas,,Fecha 29,Nueva España,false,https://es.wikipedia.org/wiki/Campeonato_de_Primera_B_2015_(Argentina)
2015-08-19,,Guaraní Antonio Franco,Boca Juniors,0,4,,,Copa Argentina,2015,eliminacion,,Octavos,San Juan del Bicentenario,true,https://es.wikipedia.org/wiki/Copa_Argentina_2014-15
2015-08-19,,Independiente,Lanús,0,2,,,Copa Argentina,2015,eliminacion,,Octavos,Ciudad de La Plata,true,https://es.wikipedia.org/wiki/Copa_Argentina_2014-15
2015-08-19,20:30,Douglas Haig,Sportivo Belgrano,1,0,,,Primera Nacional,2015,zonas,,Fecha 28,Miguel Morales,false,https://es.wikipedia.org/wiki/Campeonato_de_Primera_B_Nacional_2015
2015-08-20,,Chacarita Juniors,Defensa y Justicia,0,1,,,Copa Argentina,2015,eliminacion,,Octavos,Julio Humberto Grondona,true,https://es.wikipedia.org/wiki/Copa_Argentina_2014-15
2015-08-21,15:00,Almirante Brown,Atlanta,1,0,,,Primera B,2015,zonas,,Fecha 30,Fragata Presidente Sarmiento,false,https://es.wikipedia.org/wiki/Campeonato_de_Primera_B_2015_(Argentina)
2015-08-21,15:00,J. J. de Urquiza,Excursionistas,1,1,,,Primera C,2015,zonas,,Fecha 27,Ramón Roque Martín,false,https://es.wikipedia.org/wiki/Campeonato_de_Primera_C_2015_(Argentina)
2015-08-21,15:00,Talleres (RdE),General Lamadrid,0,1,,,Primera C,2015,zonas,,Fecha 27,Talleres de Remedios de Escalada,false,https://es.wikipedia.org/wiki/Campeonato_de_Primera_C_2015_(Argentina)
2015-08-21,15:00,Villa San Carlos,Deportivo Morón,0,1,,,Primera B,2015,zonas,,Fecha 30,Genacio Sálice,false,https://es.wikipedia.org/wiki/Campeonato_de_Primera_B_2015_(Argentina)
2015-08-21,20:00,Atlético de Rafaela,Newell's Old Boys,1,1,,,Primera Division,2015,zonas,,Fecha 21,Nuevo Monumental,false,https://es.wikipedia.org/wiki/Campeonato_de_Primera_División_2015_(Argentina)
2015-08-21,21:10,Banfield,Gimnasia y Esgrima (LP),1,0,,,Primera Division,2015,zonas,,Fecha 21,Florencio Sola,false,https://es.wikipedia.org/wiki/Campeonato_de_Primera_División_2015_(Argentina)
2015-08-21,21:30,Gimnasia y Esgrima (J),Unión (MdP),0,0,,,Primera Nacional,2015,zonas,,Fecha 30,23 de agosto,false,https://es.wikipedia.org/wiki/Campeonato_de_Primera_B_Nacional_2015
2015-08-22,11:00,UAI Urquiza,Flandria,1,0,,,Primera B,2015,zonas,,Fecha 30,Monumental de Villa Lynch,false,https://es.wikipedia.org/wiki/Campeonato_de_Primera_B_2015_(Argentina)
2015-08-22,13:30,Brown de Adrogué,Deportivo Armenio,2,0,,,Primera B,2015,zonas,,Fecha 30,Lorenzo Arandilla,false,https://es.wikipedia.org/wiki/Campeonato_de_Primera_B_2015_(Argentina)
2015-08-22,15:00,All Boys,Boca Unidos,2,0,,,Primera Nacional,2015,zonas,,Fecha 30,Islas Malvinas,false,https://es.wikipedia.org/wiki/Campeonato_de_Primera_B_Nacional_2015
2015-08-22,15:00,Barracas Central,Sportivo Italiano,3,0,,,Primera B,2015,zonas,,Fecha 30,Claudio Chiqui Tapia,false,https://es.wikipedia.org/wiki/Campeonato_de_Primera_B_2015_(Argentina)
2015-08-22,15:00,Cañuelas,San Martín (B),1,1,,,Primera C,2015,zonas,,Fecha 27,José Alfredo Arín,false,https://es.wikipedia.org/wiki/Campeonato_de_Primera_C_2015_(Argentina)
2015-08-22,15:00,Defensores Unidos,Deportivo Laferrere,2,1,,,Primera C,2015,zonas,,Fecha 27,Gigante de Villa Fox,false,https://es.wikipedia.org/wiki/Campeonato_de_Primera_C_2015_(Argentina)
2015-08-22,15:00,Olimpo,Quilmes,0,1,,,Primera Division,2015,zonas,,Fecha 21,Roberto N. Carminatti,false,https://es.wikipedia.org/wiki/Campeonato_de_Primera_División_2015_(Argentina)
2015-08-22,16:00,Independiente Rivadavia,Ferro Carril Oeste,0,2,,,Primera Nacional,2015,zonas,,Fecha 30,Bautista Gargantini,false,https://es.wikipedia.org/wiki/Campeonato_de_Primera_B_Nacional_2015
2015-08-22,16:30,Racing Club,Arsenal,2,1,,,Primera Division,2015,zonas,,Fecha 21,El Cilindro,false,https://es.wikipedia.org/wiki/Campeonato_de_Primera_División_2015_(Argentina)
2015-08-22,17:10,Colón,Vélez Sarsfield,0,0,,,Primera Division,2015,zonas,,Fecha 21,Brigadier Estanislao López,false,https://es.wikipedia.org/wiki/Campeonato_de_Primera_División_2015_(Argentina)
2015-08-22,18:00,Instituto,Atlético Paraná,0,0,,,Primera Nacional,2015,zonas,,Fecha 30,Juan Domingo Perón,false,https://es.wikipedia.org/wiki/Campeonato_de_Primera_B_Nacional_2015
2015-08-22,18:10,San Martín (SJ),Independiente,1,1,,,Primera Division,2015,zonas,,Fecha 21,Ingeniero Hilario Sánchez,false,https://es.wikipedia.org/wiki/Campeonato_de_Primera_División_2015_(Argentina)
2015-08-22,19:30,Ramón Santamarina,Guillermo Brown,1,4,,,Primera Nacional,2015,zonas,,Fecha 30,Municipal General San Martín,false,https://es.wikipedia.org/wiki/Campeonato_de_Primera_B_Nacional_2015
2015-08-22,20:30,Argentinos Juniors,San Lorenzo,2,3,,,Primera Division,2015,zonas,,Fecha 21,Diego Armando Maradona,false,https://es.wikipedia.org/wiki/Campeonato_de_Primera_División_2015_(Argentina)
2015-08-23,13:00,Deportivo Merlo,Colegiales,0,2,,,Primera B,2015,zonas,,Fecha 30,José Manuel Moreno,false,https://es.wikipedia.org/wiki/Campeonato_de_Primera_B_2015_(Argentina)
2015-08-23,13:00,Douglas Haig,Los Andes,0,0,,,Primera Nacional,2015,zonas,,Fecha 30,Miguel Morales,false,https://es.wikipedia.org/wiki/Campeonato_de_Primera_B_Nacional_2015
2015-08-23,13:00,San Telmo,Defensores de Cambaceres,2,1,,,Primera C,2015,zonas,,Fecha 27,Dr. Osvaldo Baletto,false,https://es.wikipedia.org/wiki/Campeonato_de_Primera_C_2015_(Argentina)
2015-08-23,14:30,Juventud Unida (G),Central Córdoba (SdE),0,0,,,Primera Nacional,2015,zonas,,Fecha 30,De los Eucaliptos,false,https://es.wikipedia.org/wiki/Campeonato_de_Primera_B_Nacional_2015
2015-08-23,15:00,Luján,Dock Sud,1,0,,,Primera C,2015,zonas,,Fecha 27,Municipal de la Ciudad de Luján,false,https://es.wikipedia.org/wiki/Campeonato_de_Primera_C_2015_(Argentina)
2015-08-23,15:00,Platense,Tristán Suárez,0,1,,,Primera B,2015,zonas,,Fecha 30,Ciudad de Vicente López,false,https://es.wikipedia.org/wiki/Campeonato_de_Primera_B_2015_(Argentina)
2015-08-23,15:00,Sacachispas,Ferrocarril Midland,0,0,,,Primera C,2015,zonas,,Fecha 27,Beto Larrosa,false,https://es.wikipedia.org/wiki/Campeonato_de_Primera_C_2015_(Argentina)
2015-08-23,15:10,Crucero del Norte,Nueva Chicago,0,1,,,Primera Division,2015,zonas,,Fecha 21,Comandante Andrés Guacurarí,false,https://es.wikipedia.org/wiki/Campeonato_de_Primera_División_2015_(Argentina)
2015-08-23,16:00,Huracán,Lanús,0,0,,,Primera Division,2015,zonas,,Fecha 21,Tomás A. Ducó,false,https://es.wikipedia.org/wiki/Campeonato_de_Primera_División_2015_(Argentina)
2015-08-23,16:00,Rosario Central,Belgrano,3,1,,,Primera Division,2015,zonas,,Fecha 21,Gigante de Arroyito,false,https://es.wikipedia.org/wiki/Campeonato_de_Primera_División_2015_(Argentina)
2015-08-23,17:20,Tigre,Unión,2,1,,,Primera Division,2015,zonas,,Fecha 21,Monumental de Victoria,false,https://es.wikipedia.org/wiki/Campeonato_de_Primera_División_2015_(Argentina)
2015-08-23,18:15,Boca Juniors,Godoy Cruz,2,0,,,Primera Division,2015,zonas,,Fecha 21,La Bombonera,false,https://es.wikipedia.org/wiki/Campeonato_de_Primera_División_2015_(Argentina)
2015-08-23,19:30,Patronato,Gimnasia y Esgrima (M),1,0,,,Primera Nacional,2015,zonas,,Fecha 30,Presbítero Bartolomé Grella,false,https://es.wikipedia.org/wiki/Campeonato_de_Primera_B_Nacional_2015
2015-08-23,21:30,Estudiantes (LP),River Plate,2,1,,,Primera Division,2015,zonas,,Fecha 21,Ciudad de La Plata,false,https://es.wikipedia.org/wiki/Campeonato_de_Primera_División_2015_(Argentina)
2015-08-24,15:00,Deportivo Riestra,Deportivo Español,3,3,,,Primera B,2015,zonas,,Fecha 30,Guillermo Laza,false,https://es.wikipedia.org/wiki/Campeonato_de_Primera_B_2015_(Argentina)
2015-08-24,15:00,Sportivo Estudiantes (SL),Sportivo Belgrano,1,1,,,Primera Nacional,2015,zonas,,Fecha 30,Juan Gilberto Funes,false,https://es.wikipedia.org/wiki/Campeonato_de_Primera_B_Nacional_2015
2015-08-24,16:00,Chacarita Juniors,Atlético Tucumán,1,3,,,Primera Nacional,2015,zonas,,Fecha 30,Chacarita Juniors,false,https://es.wikipedia.org/wiki/Campeonato_de_Primera_B_Nacional_2015
2015-08-24,20:00,Defensa y Justicia,Aldosivi,4,0,,,Primera Division,2015,zonas,,Fecha 21,Norberto Tomaghello,false,https://es.wikipedia.org/wiki/Campeonato_de_Primera_División_2015_(Argentina)
2015-08-24,21:00,Guaraní Antonio Franco,Villa Dálmine,1,1,,,Primera Nacional,2015,zonas,,Fecha 30,C. A. Fernández de Oliveira,false,https://es.wikipedia.org/wiki/Campeonato_de_Primera_B_Nacional_2015
2015-08-24,21:10,Temperley,Sarmiento (J),0,0,,,Primera Division,2015,zonas,,Fecha 21,Alfredo Beranger,false,https://es.wikipedia.org/wiki/Campeonato_de_Primera_División_2015_(Argentina)
2015-08-25,15:00,Acassuso,Almagro,1,1,,,Primera B,2015,zonas,,Fecha 30,Ciudad de Vicente López,false,https://es.wikipedia.org/wiki/Campeonato_de_Primera_B_2015_(Argentina)
2015-08-25,15:00,Argentino de Merlo,San Miguel,1,2,,,Primera C,2015,zonas,,Fecha 27,Merlo,false,https://es.wikipedia.org/wiki/Campeonato_de_Primera_C_2015_(Argentina)
2015-08-25,15:00,Berazategui,Argentino de Quilmes,1,0,,,Primera C,2015,zonas,,Fecha 27,Gildo Francisco Ghersinich,false,https://es.wikipedia.org/wiki/Campeonato_de_Primera_C_2015_(Argentina)
2015-08-25,15:00,Estudiantes (BA),Comunicaciones,1,2,,,Primera B,2015,zonas,,Fecha 30,Ciudad de Caseros,false,https://es.wikipedia.org/wiki/Campeonato_de_Primera_B_2015_(Argentina)
2015-08-25,20:35,Defensores de Belgrano,Fénix,1,0,,,Primera B,2015,zonas,,Fecha 30,Juan Pasquale,false,https://es.wikipedia.org/wiki/Campeonato_de_Primera_B_2015_(Argentina)
2015-08-26,,Atlético de Rafaela,San Lorenzo,0,1,,,Copa Argentina,2015,eliminacion,,Octavos,Brigadier Estanislao López,true,https://es.wikipedia.org/wiki/Copa_Argentina_2014-15
2015-08-26,15:00,Flandria,Deportivo Merlo,0,0,,,Primera B,2015,zonas,,Fecha 29,Carlos V,false,https://es.wikipedia.org/wiki/Campeonato_de_Primera_B_2015_(Argentina)
2015-08-28,15:00,Dock Sud,Cañuelas,0,3,,,Primera C,2015,zonas,,Fecha 28,De los Inmigrantes,false,https://es.wikipedia.org/wiki/Campeonato_de_Primera_C_2015_(Argentina)
2015-08-28,15:00,Ferrocarril Midland,Talleres (RdE),2,3,,,Primera C,2015,zonas,,Fecha 28,Ciudad de Libertad,false,https://es.wikipedia.org/wiki/Campeonato_de_Primera_C_2015_(Argentina)
2015-08-28,21:00,Central Córdoba (SdE),Patronato,0,0,,,Primera Nacional,2015,zonas,,Fecha 31,Alfredo Terrera,false,https://es.wikipedia.org/wiki/Campeonato_de_Primera_B_Nacional_2015
2015-08-28,21:10,Argentinos Juniors,Crucero del Norte,4,0,,,Primera Division,2015,zonas,,Fecha 22,Diego Armando Maradona,false,https://es.wikipedia.org/wiki/Campeonato_de_Primera_División_2015_(Argentina)
2015-08-29,11:00,Almagro,Barracas Central,0,1,,,Primera B,2015,zonas,,Fecha 31,Tres de Febrero,false,https://es.wikipedia.org/wiki/Campeonato_de_Primera_B_2015_(Argentina)
2015-08-29,11:00,Argentino de Quilmes,San Telmo,1,1,,,Primera C,2015,zonas,,Fecha 28,Argentino de Quilmes,false,https://es.wikipedia.org/wiki/Campeonato_de_Primera_C_2015_(Argentina)
2015-08-29,13:05,Brown de Adrogué,Deportivo Merlo,3,0,,,Primera B,2015,zonas,,Fecha 31,Lorenzo Arandilla,false,https://es.wikipedia.org/wiki/Campeonato_de_Primera_B_2015_(Argentina)
2015-08-29,15:00,Deportivo Armenio,Tristán Suárez,1,0,,,Primera B,2015,zonas,,Fecha 31,Armenia,false,https://es.wikipedia.org/wiki/Campeonato_de_Primera_B_2015_(Argentina)
2015-08-29,15:30,Comunicaciones,Deportivo Riestra,2,2,,,Primera B,2015,zonas,,Fecha 31,Alfredo Ramos,false,https://es.wikipedia.org/wiki/Campeonato_de_Primera_B_2015_(Argentina)
2015-08-29,15:30,Excursionistas,Juventud Unida,3,1,,,Primera C,2015,zonas,,Fecha 28,Excursionistas,false,https://es.wikipedia.org/wiki/Campeonato_de_Primera_C_2015_(Argentina)
2015-08-29,15:30,Gimnasia y Esgrima (M),All Boys,1,2,,,Primera Nacional,2015,zonas,,Fecha 31,Víctor Antonio Legrotaglie,false,https://es.wikipedia.org/wiki/Campeonato_de_Primera_B_Nacional_2015
2015-08-29,16:00,Atlético Paraná,Sportivo Belgrano,2,1,,,Primera Nacional,2015,zonas,,Fecha 31,Pedro Mutio,false,https://es.wikipedia.org/wiki/Campeonato_de_Primera_B_Nacional_2015
2015-08-29,16:00,Quilmes,Temperley,0,0,,,Primera Division,2015,zonas,,Fecha 22,Centenario,false,https://es.wikipedia.org/wiki/Campeonato_de_Primera_División_2015_(Argentina)
2015-08-29,17:10,Aldosivi,San Martín (SJ),2,0,,,Primera Division,2015,zonas,,Fecha 22,José María Minella,false,https://es.wikipedia.org/wiki/Campeonato_de_Primera_División_2015_(Argentina)
2015-08-29,18:15,Deportivo Español,Acassuso,1,1,,,Primera B,2015,zonas,,Fecha 31,Nueva España,false,https://es.wikipedia.org/wiki/Campeonato_de_Primera_B_2015_(Argentina)
2015-08-29,18:15,Gimnasia y Esgrima (LP),Boca Juniors,1,2,,,Primera Division,2015,zonas,,Fecha 22,Del Bosque,false,https://es.wikipedia.org/wiki/Campeonato_de_Primera_División_2015_(Argentina)
2015-08-29,19:30,Instituto,Ramón Santamarina,3,2,,,Primera Nacional,2015,zonas,,Fecha 31,Juan Domingo Perón,false,https://es.wikipedia.org/wiki/Campeonato_de_Primera_B_Nacional_2015
2015-08-29,20:30,Newell's Old Boys,Colón,0,1,,,Primera Division,2015,zonas,,Fecha 22,Marcelo Bielsa,false,https://es.wikipedia.org/wiki/Campeonato_de_Primera_División_2015_(Argentina)
2015-08-29,20:30,Vélez Sarsfield,Defensa y Justicia,2,1,,,Primera Division,2015,zonas,,Fecha 22,José Amalfitani,false,https://es.wikipedia.org/wiki/Campeonato_de_Primera_División_2015_(Argentina)
2015-08-30,11:00,San Miguel,Defensores Unidos,2,2,,,Primera C,2015,zonas,,Fecha 28,Malvinas Argentinas,false,https://es.wikipedia.org/wiki/Campeonato_de_Primera_C_2015_(Argentina)
2015-08-30,12:00,Flandria,Almirante Brown,3,0,,,Primera B,2015,zonas,,Fecha 31,Carlos V,false,https://es.wikipedia.org/wiki/Campeonato_de_Primera_B_2015_(Argentina)
2015-08-30,13:00,Los Andes,Gimnasia y Esgrima (J),1,0,,,Primera Nacional,2015,zonas,,Fecha 31,Eduardo Gallardón,false,https://es.wikipedia.org/wiki/Campeonato_de_Primera_B_Nacional_2015
2015-08-30,15:10,Arsenal,Tigre,2,0,,,Primera Division,2015,zonas,,Fecha 22,El Viaducto,false,https://es.wikipedia.org/wiki/Campeonato_de_Primera_División_2015_(Argentina)
2015-08-30,15:30,Boca Unidos,Douglas Haig,0,0,,,Primera Nacional,2015,zonas,,Fecha 31,Leoncio Benítez,false,https://es.wikipedia.org/wiki/Campeonato_de_Primera_B_Nacional_2015
2015-08-30,15:30,Central Córdoba (R),Sacachispas,1,0,,,Primera C,2015,zonas,,Fecha 28,Gabino Sosa,false,https://es.wikipedia.org/wiki/Campeonato_de_Primera_C_2015_(Argentina)
2015-08-30,15:30,Deportivo Morón,Platense,2,1,,,Primera B,2015,zonas,,Fecha 31,Nuevo Francisco Urbano,false,https://es.wikipedia.org/wiki/Campeonato_de_Primera_B_2015_(Argentina)
2015-08-30,15:30,General Lamadrid,Argentino de Merlo,2,1,,,Primera C,2015,zonas,,Fecha 28,Enrique Sexto,false,https://es.wikipedia.org/wiki/Campeonato_de_Primera_C_2015_(Argentina)
2015-08-30,16:00,Guillermo Brown,Chacarita Juniors,1,0,,,Primera Nacional,2015,zonas,,Fecha 31,Raúl Conti,false,https://es.wikipedia.org/wiki/Campeonato_de_Primera_B_Nacional_2015
2015-08-30,16:10,Godoy Cruz,Racing Club,1,2,,,Primera Division,2015,zonas,,Fecha 22,Malvinas Argentinas,false,https://es.wikipedia.org/wiki/Campeonato_de_Primera_División_2015_(Argentina)
2015-08-30,16:10,San Lorenzo,Banfield,0,0,,,Primera Division,2015,zonas,,Fecha 22,Nuevo Gasómetro,false,https://es.wikipedia.org/wiki/Campeonato_de_Primera_División_2015_(Argentina)
2015-08-30,16:30,Villa Dálmine,Independiente Rivadavia,0,0,,,Primera Nacional,2015,zonas,,Fecha 31,El Coliseo de Mitre y Puccini,false,https://es.wikipedia.org/wiki/Campeonato_de_Primera_B_Nacional_2015
2015-08-30,17:00,Atlético Tucumán,Guaraní Antonio Franco,3,0,,,Primera Nacional,2015,zonas,,Fecha 31,Monumental José Fierro,false,https://es.wikipedia.org/wiki/Campeonato_de_Primera_B_Nacional_2015
2015-08-30,17:20,Sarmiento (J),Atlético de Rafaela,0,1,,,Primera Division,2015,zonas,,Fecha 22,Eva Perón,false,https://es.wikipedia.org/wiki/Campeonato_de_Primera_División_2015_(Argentina)
2015-08-30,18:00,Unión (MdP),Sportivo Estudiantes (SL),1,1,,,Primera Nacional,2015,zonas,,Fecha 31,José María Minella,false,https://es.wikipedia.org/wiki/Campeonato_de_Primera_B_Nacional_2015
2015-08-30,18:20,River Plate,Huracán,1,1,,,Primera Division,2015,zonas,,Fecha 22,Monumental,false,https://es.wikipedia.org/wiki/Campeonato_de_Primera_División_2015_(Argentina)
2015-08-30,19:30,Unión,Rosario Central,0,1,,,Primera Division,2015,zonas,,Fecha 22,15 de abril,false,https://es.wikipedia.org/wiki/Campeonato_de_Primera_División_2015_(Argentina)
2015-08-30,21:30,Independiente,Estudiantes (LP),1,1,,,Primera Division,2015,zonas,,Fecha 22,Libertadores de América,false,https://es.wikipedia.org/wiki/Campeonato_de_Primera_División_2015_(Argentina)
2015-08-31,15:00,Colegiales,UAI Urquiza,0,0,,,Primera B,2015,zonas,,Fecha 31,Colegiales,false,https://es.wikipedia.org/wiki/Campeonato_de_Primera_B_2015_(Argentina)
2015-08-31,15:00,Fénix,Villa San Carlos,0,0,,,Primera B,2015,zonas,,Fecha 31,Armenia,false,https://es.wikipedia.org/wiki/Campeonato_de_Primera_B_2015_(Argentina)
2015-08-31,18:00,Ferro Carril Oeste,Juventud Unida (G),3,1,,,Primera Nacional,2015,zonas,,Fecha 31,Arquitecto Ricardo Etcheverri,false,https://es.wikipedia.org/wiki/Campeonato_de_Primera_B_Nacional_2015
2015-08-31,20:10,Belgrano,Olimpo,0,0,,,Primera Division,2015,zonas,,Fecha 22,Mario Alberto Kempes,false,https://es.wikipedia.org/wiki/Campeonato_de_Primera_División_2015_(Argentina)
2015-08-31,21:10,Lanús,Nueva Chicago,1,0,,,Primera Division,2015,zonas,,Fecha 22,Ciudad de Lanús,false,https://es.wikipedia.org/wiki/Campeonato_de_Primera_División_2015_(Argentina)
2015-09-01,15:00,San Martín (B),Berazategui,2,0,,,Primera C,2015,zonas,,Fecha 28,Francisco Boga,false,https://es.wikipedia.org/wiki/Campeonato_de_Primera_C_2015_(Argentina)
2015-09-01,15:00,Sportivo Italiano,Defensores de Belgrano,1,0,,,Primera B,2015,zonas,,Fecha 31,República de Italia,false,https://es.wikipedia.org/wiki/Campeonato_de_Primera_B_2015_(Argentina)
2015-09-01,21:10,Atlanta,Estudiantes (BA),1,2,,,Primera B,2015,zonas,,Fecha 31,Don León Kolbovsky,false,https://es.wikipedia.org/wiki/Campeonato_de_Primera_B_2015_(Argentina)
2015-09-02,,Gimnasia y Esgrima (LP),Vélez Sarsfield,0,1,,,Copa Argentina,2015,eliminacion,,Octavos,Juan Domingo Perón,true,https://es.wikipedia.org/wiki/Copa_Argentina_2014-15
2015-09-04,19:10,Banfield,Argentinos Juniors,1,1,,,Primera Division,2015,zonas,,Fecha 23,Florencio Sola,false,https://es.wikipedia.org/wiki/Campeonato_de_Primera_División_2015_(Argentina)
2015-09-04,19:10,Tigre,Godoy Cruz,2,1,,,Primera Division,2015,zonas,,Fecha 23,Monumental de Victoria,false,https://es.wikipedia.org/wiki/Campeonato_de_Primera_División_2015_(Argentina)
2015-09-05,12:00,Villa San Carlos,Sportivo Italiano,1,1,,,Primera B,2015,zonas,,Fecha 32,Genacio Sálice,false,https://es.wikipedia.org/wiki/Campeonato_de_Primera_B_2015_(Argentina)
2015-09-05,13:00,Chacarita Juniors,Instituto,1,0,,,Primera Nacional,2015,zonas,,Fecha 32,Chacarita Juniors,false,https://es.wikipedia.org/wiki/Campeonato_de_Primera_B_Nacional_2015
2015-09-05,13:00,Talleres (RdE),Argentino de Merlo,1,2,,,Primera C,2015,zonas,,Fecha 29,Talleres de Remedios de Escalada,false,https://es.wikipedia.org/wiki/Campeonato_de_Primera_C_2015_(Argentina)
2015-09-05,13:05,Platense,Fénix,2,1,,,Primera B,2015,zonas,,Fecha 32,Ciudad de Vicente López,false,https://es.wikipedia.org/wiki/Campeonato_de_Primera_B_2015_(Argentina)
2015-09-05,15:00,Defensores Unidos,General Lamadrid,0,0,,,Primera C,2015,zonas,,Fecha 29,Gigante de Villa Fox,false,https://es.wikipedia.org/wiki/Campeonato_de_Primera_C_2015_(Argentina)
2015-09-05,15:00,Sacachispas,Excursionistas,0,0,,,Primera C,2015,zonas,,Fecha 29,Beto Larrosa,false,https://es.wikipedia.org/wiki/Campeonato_de_Primera_C_2015_(Argentina)
2015-09-05,15:05,Tristán Suárez,Deportivo Morón,0,0,,,Primera B,2015,zonas,,Fecha 32,20 de Octubre,false,https://es.wikipedia.org/wiki/Campeonato_de_Primera_B_2015_(Argentina)
2015-09-05,15:10,Crucero del Norte,Lanús,1,3,,,Primera Division,2015,zonas,,Fecha 23,Comandante Andrés Guacurari,false,https://es.wikipedia.org/wiki/Campeonato_de_Primera_División_2015_(Argentina)
2015-09-05,16:45,Rosario Central,Arsenal,1,0,,,Primera Division,2015,zonas,,Fecha 23,Gigante de Arroyito,false,https://es.wikipedia.org/wiki/Campeonato_de_Primera_División_2015_(Argentina)
2015-09-05,17:00,All Boys,Central Córdoba (SdE),2,0,,,Primera Nacional,2015,zonas,,Fecha 32,Islas Malvinas,false,https://es.wikipedia.org/wiki/Campeonato_de_Primera_B_Nacional_2015
2015-09-05,17:20,Colón,Sarmiento (J),0,1,,,Primera Division,2015,zonas,,Fecha 23,Brigadier Estanislao López,false,https://es.wikipedia.org/wiki/Campeonato_de_Primera_División_2015_(Argentina)
2015-09-05,18:10,Huracán,Independiente,1,1,,,Primera Division,2015,zonas,,Fecha 23,Tomás A. Ducó,false,https://es.wikipedia.org/wiki/Campeonato_de_Primera_División_2015_(Argentina)
2015-09-05,19:00,Defensa y Justicia,Newell's Old Boys,1,0,,,Primera Division,2015,zonas,,Fecha 23,Norberto Tomaghello,false,https://es.wikipedia.org/wiki/Campeonato_de_Primera_División_2015_(Argentina)
2015-09-05,19:30,Ramón Santamarina,Atlético Paraná,1,1,,,Primera Nacional,2015,zonas,,Fecha 32,Municipal General San Martín,false,https://es.wikipedia.org/wiki/Campeonato_de_Primera_B_Nacional_2015
2015-09-05,20:30,Temperley,Belgrano,2,1,,,Primera Division,2015,zonas,,Fecha 23,Alfredo Beranger,false,https://es.wikipedia.org/wiki/Campeonato_de_Primera_División_2015_(Argentina)
2015-09-05,21:05,Defensores de Belgrano,Almagro,1,0,,,Primera B,2015,zonas,,Fecha 32,Juan Pasquale,false,https://es.wikipedia.org/wiki/Campeonato_de_Primera_B_2015_(Argentina)
2015-09-06,11:00,Deportivo Merlo,Deportivo Armenio,0,2,,,Primera B,2015,zonas,,Fecha 32,José Manuel Moreno,false,https://es.wikipedia.org/wiki/Campeonato_de_Primera_B_2015_(Argentina)
2015-09-06,11:00,UAI Urquiza,Brown de Adrogué,1,1,,,Primera B,2015,zonas,,Fecha 32,Monumental de Villa Lynch,false,https://es.wikipedia.org/wiki/Campeonato_de_Primera_B_2015_(Argentina)
2015-09-06,12:00,Cañuelas,Deportivo Laferrere,1,1,,,Primera C,2015,zonas,,Fecha 29,José Alfredo Arín,false,https://es.wikipedia.org/wiki/Campeonato_de_Primera_C_2015_(Argentina)
2015-09-06,13:00,Juventud Unida (G),Villa Dálmine,0,0,,,Primera Nacional,2015,zonas,,Fecha 32,De los Eucaliptos,false,https://es.wikipedia.org/wiki/Campeonato_de_Primera_B_Nacional_2015
2015-09-06,14:00,San Telmo,San Martín (B),1,0,,,Primera C,2015,zonas,,Fecha 29,Dr. Osvaldo Baletto,false,https://es.wikipedia.org/wiki/Campeonato_de_Primera_C_2015_(Argentina)
2015-09-06,15:00,Sportivo Estudiantes (SL),Los Andes,3,1,,,Primera Nacional,2015,zonas,,Fecha 32,El Coliseo,false,https://es.wikipedia.org/wiki/Campeonato_de_Primera_B_Nacional_2015
2015-09-06,15:30,Estudiantes (BA),Flandria,1,0,,,Primera B,2015,zonas,,Fecha 32,Ciudad de Caseros,false,https://es.wikipedia.org/wiki/Campeonato_de_Primera_B_2015_(Argentina)
2015-09-06,16:00,Douglas Haig,Gimnasia y Esgrima (M),2,0,,,Primera Nacional,2015,zonas,,Fecha 32,Miguel Morales,false,https://es.wikipedia.org/wiki/Campeonato_de_Primera_B_Nacional_2015
2015-09-06,16:00,Guaraní Antonio Franco,Guillermo Brown,2,1,,,Primera Nacional,2015,zonas,,Fecha 32,C. A. Fernández de Oliveira,false,https://es.wikipedia.org/wiki/Campeonato_de_Primera_B_Nacional_2015
2015-09-06,16:00,Nueva Chicago,River Plate,1,4,,,Primera Division,2015,zonas,,Fecha 23,República de Mataderos,false,https://es.wikipedia.org/wiki/Campeonato_de_Primera_División_2015_(Argentina)
2015-09-06,17:00,Gimnasia y Esgrima (J),Boca Unidos,2,0,,,Primera Nacional,2015,zonas,,Fecha 32,23 de agosto,false,https://es.wikipedia.org/wiki/Campeonato_de_Primera_B_Nacional_2015
2015-09-06,17:00,Sportivo Belgrano,Unión (MdP),1,0,,,Primera Nacional,2015,zonas,,Fecha 32,Oscar C. Boero,false,https://es.wikipedia.org/wiki/Campeonato_de_Primera_B_Nacional_2015
2015-09-06,17:10,San Martín (SJ),Vélez Sarsfield,3,1,,,Primera Division,2015,zonas,,Fecha 23,Ingeniero Hilario Sánchez,false,https://es.wikipedia.org/wiki/Campeonato_de_Primera_División_2015_(Argentina)
2015-09-06,18:00,Independiente Rivadavia,Atlético Tucumán,1,3,,,Primera Nacional,2015,zonas,,Fecha 32,Bautista Gargantini,false,https://es.wikipedia.org/wiki/Campeonato_de_Primera_B_Nacional_2015
2015-09-06,18:15,Boca Juniors,San Lorenzo,0,1,,,Primera Division,2015,zonas,,Fecha 23,La Bombonera,false,https://es.wikipedia.org/wiki/Campeonato_de_Primera_División_2015_(Argentina)
2015-09-06,19:20,Olimpo,Unión,0,0,,,Primera Division,2015,zonas,,Fecha 23,Roberto N. Carminatti,false,https://es.wikipedia.org/wiki/Campeonato_de_Primera_División_2015_(Argentina)
2015-09-06,21:30,Patronato,Ferro Carril Oeste,0,0,,,Primera Nacional,2015,zonas,,Fecha 32,Presbítero Bartolomé Grella,false,https://es.wikipedia.org/wiki/Campeonato_de_Primera_B_Nacional_2015
2015-09-06,21:30,Racing Club,Gimnasia y Esgrima (LP),2,0,,,Primera Division,2015,zonas,,Fecha 23,El Cilindro,false,https://es.wikipedia.org/wiki/Campeonato_de_Primera_División_2015_(Argentina)
2015-09-07,15:00,Berazategui,Dock Sud,0,2,,,Primera C,2015,zonas,,Fecha 29,Centenario Dr. José Luis Meiszner,false,https://es.wikipedia.org/wiki/Campeonato_de_Primera_C_2015_(Argentina)
2015-09-07,15:00,Ferrocarril Midland,Central Córdoba (R),0,0,,,Primera C,2015,zonas,,Fecha 29,Ciudad de Libertad,false,https://es.wikipedia.org/wiki/Campeonato_de_Primera_C_2015_(Argentina)
2015-09-07,15:00,J. J. de Urquiza,Argentino de Quilmes,2,1,,,Primera C,2015,zonas,,Fecha 29,Ramón Roque Martín,false,https://es.wikipedia.org/wiki/Campeonato_de_Primera_C_2015_(Argentina)
2015-09-07,15:00,Juventud Unida,Defensores de Cambaceres,2,0,,,Primera C,2015,zonas,,Fecha 29,Ciudad de San Miguel,false,https://es.wikipedia.org/wiki/Campeonato_de_Primera_C_2015_(Argentina)
2015-09-07,15:00,Luján,San Miguel,2,1,,,Primera C,2015,zonas,,Fecha 29,Municipal de la Ciudad de Luján,false,https://es.wikipedia.org/wiki/Campeonato_de_Primera_C_2015_(Argentina)
2015-09-07,20:00,Atlético de Rafaela,Quilmes,2,4,,,Primera Division,2015,zonas,,Fecha 23,Nuevo Monumental,false,https://es.wikipedia.org/wiki/Campeonato_de_Primera_División_2015_(Argentina)
2015-09-07,21:10,Estudiantes (LP),Aldosivi,2,1,,,Primera Division,2015,zonas,,Fecha 23,Ciudad de La Plata,false,https://es.wikipedia.org/wiki/Campeonato_de_Primera_División_2015_(Argentina)
2015-09-08,15:00,Acassuso,Comunicaciones,0,4,,,Primera B,2015,zonas,,Fecha 32,Ciudad de Vicente López,false,https://es.wikipedia.org/wiki/Campeonato_de_Primera_B_2015_(Argentina)
2015-09-08,15:00,Almirante Brown,Colegiales,0,1,,,Primera B,2015,zonas,,Fecha 32,Fragata Presidente Sarmiento,false,https://es.wikipedia.org/wiki/Campeonato_de_Primera_B_2015_(Argentina)
2015-09-08,15:00,Barracas Central,Deportivo Español,0,0,,,Primera B,2015,zonas,,Fecha 32,Claudio Chiqui Tapia,false,https://es.wikipedia.org/wiki/Campeonato_de_Primera_B_2015_(Argentina)
2015-09-08,15:00,Deportivo Riestra,Atlanta,2,2,,,Primera B,2015,zonas,,Fecha 32,Guillermo Laza,false,https://es.wikipedia.org/wiki/Campeonato_de_Primera_B_2015_(Argentina)
2015-09-11,15:00,San Miguel,Cañuelas,1,2,,,Primera C,2015,zonas,,Fecha 30,Malvinas Argentinas,false,https://es.wikipedia.org/wiki/Campeonato_de_Primera_C_2015_(Argentina)
2015-09-11,15:30,Excursionistas,Ferrocarril Midland,1,3,,,Primera C,2015,zonas,,Fecha 30,Excursionistas,false,https://es.wikipedia.org/wiki/Campeonato_de_Primera_C_2015_(Argentina)
2015-09-11,15:30,Sportivo Italiano,Platense,1,1,,,Primera B,2015,zonas,,Fecha 33,República de Italia,false,https://es.wikipedia.org/wiki/Campeonato_de_Primera_B_2015_(Argentina)
2015-09-11,16:00,Los Andes,Sportivo Belgrano,2,1,,,Primera Nacional,2015,zonas,,Fecha 33,Eduardo Gallardón,false,https://es.wikipedia.org/wiki/Campeonato_de_Primera_B_Nacional_2015
2015-09-11,21:00,Central Córdoba (SdE),Douglas Haig,0,2,,,Primera Nacional,2015,zonas,,Fecha 33,Alfredo Terrera,false,https://es.wikipedia.org/wiki/Campeonato_de_Primera_B_Nacional_2015
2015-09-11,21:00,Instituto,Guaraní Antonio Franco,0,1,,,Primera Nacional,2015,zonas,,Fecha 33,Juan Domingo Perón,false,https://es.wikipedia.org/wiki/Campeonato_de_Primera_B_Nacional_2015
2015-09-11,21:10,Defensa y Justicia,Arsenal,1,0,,,Primera Division,2015,zonas,,Fecha 24,Norberto Tomaghello,false,https://es.wikipedia.org/wiki/Campeonato_de_Primera_División_2015_(Argentina)
2015-09-12,12:40,Brown de Adrogué,Almirante Brown,3,1,,,Primera B,2015,zonas,,Fecha 33,Lorenzo Arandilla,false,https://es.wikipedia.org/wiki/Campeonato_de_Primera_B_2015_(Argentina)
2015-09-12,14:00,Nueva Chicago,Argentinos Juniors,1,2,,,Primera Division,2015,zonas,,Fecha 24,República de Mataderos,false,https://es.wikipedia.org/wiki/Campeonato_de_Primera_División_2015_(Argentina)
2015-09-12,14:00,Villa Dálmine,Patronato,1,0,,,Primera Nacional,2015,zonas,,Fecha 33,El Coliseo de Mitre y Puccini,false,https://es.wikipedia.org/wiki/Campeonato_de_Primera_B_Nacional_2015
2015-09-12,15:30,Central Córdoba (R),Talleres (RdE),1,1,,,Primera C,2015,zonas,,Fecha 30,Gabino Sosa,false,https://es.wikipedia.org/wiki/Campeonato_de_Primera_C_2015_(Argentina)
2015-09-12,15:30,General Lamadrid,Luján,0,1,,,Primera C,2015,zonas,,Fecha 30,Enrique Sexto,false,https://es.wikipedia.org/wiki/Campeonato_de_Primera_C_2015_(Argentina)
2015-09-12,16:10,Independiente,Racing Club,3,0,,,Primera Division,2015,zonas,,Fecha 24,Libertadores de América,false,https://es.wikipedia.org/wiki/Campeonato_de_Primera_División_2015_(Argentina)
2015-09-12,16:10,San Martín (SJ),Godoy Cruz,1,2,,,Primera Division,2015,zonas,,Fecha 24,Ingeniero Hilario Sánchez,false,https://es.wikipedia.org/wiki/Campeonato_de_Primera_División_2015_(Argentina)
2015-09-12,17:00,Atlético Paraná,Unión (MdP),3,0,,,Primera Nacional,2015,zonas,,Fecha 33,Pedro Mutio,false,https://es.wikipedia.org/wiki/Campeonato_de_Primera_B_Nacional_2015
2015-09-12,18:00,Atlético Tucumán,Juventud Unida (G),2,0,,,Primera Nacional,2015,zonas,,Fecha 33,Monumental José Fierro,false,https://es.wikipedia.org/wiki/Campeonato_de_Primera_B_Nacional_2015
2015-09-12,18:10,Huracán,San Lorenzo,1,0,,,Primera Division,2015,zonas,,Fecha 24,Tomás A. Ducó,false,https://es.wikipedia.org/wiki/Campeonato_de_Primera_División_2015_(Argentina)
2015-09-12,18:20,Olimpo,Sarmiento (J),1,0,,,Primera Division,2015,zonas,,Fecha 24,Roberto N. Carminatti,false,https://es.wikipedia.org/wiki/Campeonato_de_Primera_División_2015_(Argentina)
2015-09-12,20:30,Atlético de Rafaela,Belgrano,1,1,,,Primera Division,2015,zonas,,Fecha 24,Nuevo Monumental,false,https://es.wikipedia.org/wiki/Campeonato_de_Primera_División_2015_(Argentina)
2015-09-12,20:30,Ramón Santamarina,Chacarita Juniors,2,0,,,Primera Nacional,2015,zonas,,Fecha 33,Municipal General San Martín,false,https://es.wikipedia.org/wiki/Campeonato_de_Primera_B_Nacional_2015
2015-09-12,21:30,Tigre,Vélez Sarsfield,3,0,,,Primera Division,2015,zonas,,Fecha 24,Monumental de Victoria,false,https://es.wikipedia.org/wiki/Campeonato_de_Primera_División_2015_(Argentina)
2015-09-13,11:00,Boca Unidos,Sportivo Estudiantes (SL),1,0,,,Primera Nacional,2015,zonas,,Fecha 33,Leoncio Benítez,false,https://es.wikipedia.org/wiki/Campeonato_de_Primera_B_Nacional_2015
2015-09-13,11:00,Deportivo Armenio,Deportivo Morón,0,1,,,Primera B,2015,zonas,,Fecha 33,Armenia,false,https://es.wikipedia.org/wiki/Campeonato_de_Primera_B_2015_(Argentina)
2015-09-13,11:00,Guillermo Brown,Independiente Rivadavia,0,2,,,Primera Nacional,2015,zonas,,Fecha 33,Raúl Conti,false,https://es.wikipedia.org/wiki/Campeonato_de_Primera_B_Nacional_2015
2015-09-13,11:00,San Martín (B),J. J. de Urquiza,0,1,,,Primera C,2015,zonas,,Fecha 30,Francisco Boga,false,https://es.wikipedia.org/wiki/Campeonato_de_Primera_C_2015_(Argentina)
2015-09-13,14:30,Ferro Carril Oeste,All Boys,2,1,,,Primera Nacional,2015,zonas,,Fecha 33,Arquitecto Ricardo Etcheverri,false,https://es.wikipedia.org/wiki/Campeonato_de_Primera_B_Nacional_2015
2015-09-13,15:00,Deportivo Español,Defensores de Belgrano,0,3,,,Primera B,2015,zonas,,Fecha 33,Nueva España,false,https://es.wikipedia.org/wiki/Campeonato_de_Primera_B_2015_(Argentina)
2015-09-13,15:10,Rosario Central,Newell's Old Boys,0,0,,,Primera Division,2015,zonas,,Fecha 24,Gigante de Arroyito,false,https://es.wikipedia.org/wiki/Campeonato_de_Primera_División_2015_(Argentina)
2015-09-13,15:30,Gimnasia y Esgrima (M),Gimnasia y Esgrima (J),4,1,,,Primera Nacional,2015,zonas,,Fecha 33,Víctor Antonio Legrotaglie,false,https://es.wikipedia.org/wiki/Campeonato_de_Primera_B_Nacional_2015
2015-09-13,16:00,Estudiantes (LP),Gimnasia y Esgrima (LP),1,1,,,Primera Division,2015,zonas,,Fecha 24,Ciudad de La Plata,false,https://es.wikipedia.org/wiki/Campeonato_de_Primera_División_2015_(Argentina)
2015-09-13,16:40,Colón,Unión,0,0,,,Primera Division,2015,zonas,,Fecha 24,Brigadier Estanislao López,false,https://es.wikipedia.org/wiki/Campeonato_de_Primera_División_2015_(Argentina)
2015-09-13,18:15,River Plate,Boca Juniors,0,1,,,Primera Division,2015,zonas,,Fecha 24,Monumental,false,https://es.wikipedia.org/wiki/Campeonato_de_Primera_División_2015_(Argentina)
2015-09-13,21:30,Lanús,Banfield,0,1,,,Primera Division,2015,zonas,,Fecha 24,Ciudad de Lanús,false,https://es.wikipedia.org/wiki/Campeonato_de_Primera_División_2015_(Argentina)
2015-09-14,15:00,Colegiales,Estudiantes (BA),1,2,,,Primera B,2015,zonas,,Fecha 33,Colegiales,false,https://es.wikipedia.org/wiki/Campeonato_de_Primera_B_2015_(Argentina)
2015-09-14,15:00,Comunicaciones,Barracas Central,0,0,,,Primera B,2015,zonas,,Fecha 33,Alfredo Ramos,false,https://es.wikipedia.org/wiki/Campeonato_de_Primera_B_2015_(Argentina)
2015-09-14,15:00,Deportivo Merlo,UAI Urquiza,0,2,,,Primera B,2015,zonas,,Fecha 33,José Manuel Moreno,false,https://es.wikipedia.org/wiki/Campeonato_de_Primera_B_2015_(Argentina)
2015-09-14,15:00,Flandria,Deportivo Riestra,2,0,,,Primera B,2015,zonas,,Fecha 33,Carlos V,false,https://es.wikipedia.org/wiki/Campeonato_de_Primera_B_2015_(Argentina)
2015-09-14,15:00,Fénix,Tristán Suárez,2,0,,,Primera B,2015,zonas,,Fecha 33,Ciudad de Vicente López,false,https://es.wikipedia.org/wiki/Campeonato_de_Primera_B_2015_(Argentina)
2015-09-14,18:00,Aldosivi,Crucero del Norte,2,0,,,Primera Division,2015,zonas,,Fecha 24,José María Minella,false,https://es.wikipedia.org/wiki/Campeonato_de_Primera_División_2015_(Argentina)
2015-09-14,21:10,Temperley,Quilmes,0,0,,,Primera Division,2015,zonas,,Fecha 24,Alfredo Beranger,false,https://es.wikipedia.org/wiki/Campeonato_de_Primera_División_2015_(Argentina)
2015-09-15,15:00,Almagro,Villa San Carlos,2,0,,,Primera B,2015,zonas,,Fecha 33,Tres de Febrero,false,https://es.wikipedia.org/wiki/Campeonato_de_Primera_B_2015_(Argentina)
2015-09-15,15:00,Argentino de Quilmes,Juventud Unida,0,2,,,Primera C,2015,zonas,,Fecha 30,Argentino de Quilmes,false,https://es.wikipedia.org/wiki/Campeonato_de_Primera_C_2015_(Argentina)
2015-09-15,15:00,Defensores de Cambaceres,Sacachispas,0,2,,,Primera C,2015,zonas,,Fecha 30,12 de Octubre,false,https://es.wikipedia.org/wiki/Campeonato_de_Primera_C_2015_(Argentina)
2015-09-15,15:00,Dock Sud,San Telmo,1,2,,,Primera C,2015,zonas,,Fecha 30,República de Italia,false,https://es.wikipedia.org/wiki/Campeonato_de_Primera_C_2015_(Argentina)
2015-09-15,15:30,Argentino de Merlo,Defensores Unidos,1,2,,,Primera C,2015,zonas,,Fecha 30,Merlo,false,https://es.wikipedia.org/wiki/Campeonato_de_Primera_C_2015_(Argentina)
2015-09-15,21:05,Atlanta,Acassuso,2,0,,,Primera B,2015,zonas,,Fecha 33,Don León Kolbovsky,false,https://es.wikipedia.org/wiki/Campeonato_de_Primera_B_2015_(Argentina)
2015-09-16,14:00,Deportivo Laferrere,Berazategui,3,1,,,Primera C,2015,zonas,,Fecha 30,José Luis Sánchez,false,https://es.wikipedia.org/wiki/Campeonato_de_Primera_C_2015_(Argentina)
2015-09-17,,Racing Club,San Lorenzo,2,1,,,Copa Argentina,2015,eliminacion,,Cuartos,Ciudad de La Plata,true,https://es.wikipedia.org/wiki/Copa_Argentina_2014-15
2015-09-17,21:30,Gimnasia y Esgrima (J),Central Córdoba (SdE),0,0,,,Primera Nacional,2015,zonas,,Fecha 34,23 de agosto,false,https://es.wikipedia.org/wiki/Campeonato_de_Primera_B_Nacional_2015
2015-09-18,15:00,Acassuso,Flandria,1,0,,,Primera B,2015,zonas,,Fecha 34,Ciudad de Vicente López,false,https://es.wikipedia.org/wiki/Campeonato_de_Primera_B_2015_(Argentina)
2015-09-18,15:30,Almirante Brown,Deportivo Merlo,2,2,,,Primera B,2015,zonas,,Fecha 34,Fragata Presidente Sarmiento,false,https://es.wikipedia.org/wiki/Campeonato_de_Primera_B_2015_(Argentina)
2015-09-18,16:00,Chacarita Juniors,Atlético Paraná,1,0,,,Primera Nacional,2015,zonas,,Fecha 34,Chacarita Juniors,false,https://es.wikipedia.org/wiki/Campeonato_de_Primera_B_Nacional_2015
2015-09-18,17:00,Unión (MdP),Los Andes,1,1,,,Primera Nacional,2015,zonas,,Fecha 34,José María Minella,false,https://es.wikipedia.org/wiki/Campeonato_de_Primera_B_Nacional_2015
2015-09-18,19:10,Douglas Haig,Ferro Carril Oeste,0,2,,,Primera Nacional,2015,zonas,,Fecha 34,Miguel Morales,false,https://es.wikipedia.org/wiki/Campeonato_de_Primera_B_Nacional_2015
2015-09-18,20:00,All Boys,Villa Dálmine,1,0,,,Primera Nacional,2015,zonas,,Fecha 34,Islas Malvinas,false,https://es.wikipedia.org/wiki/Campeonato_de_Primera_B_Nacional_2015
2015-09-18,21:00,Guaraní Antonio Franco,Ramón Santamarina,2,0,,,Primera Nacional,2015,zonas,,Fecha 34,C. A. Fernández de Oliveira,false,https://es.wikipedia.org/wiki/Campeonato_de_Primera_B_Nacional_2015
2015-09-18,21:00,Sportivo Belgrano,Boca Unidos,1,2,,,Primera Nacional,2015,zonas,,Fecha 34,Oscar C. Boero,false,https://es.wikipedia.org/wiki/Campeonato_de_Primera_B_Nacional_2015
2015-09-18,21:00,Sportivo Estudiantes (SL),Gimnasia y Esgrima (M),2,0,,,Primera Nacional,2015,zonas,,Fecha 34,El Coliseo,false,https://es.wikipedia.org/wiki/Campeonato_de_Primera_B_Nacional_2015
2015-09-18,21:05,Independiente Rivadavia,Instituto,0,1,,,Primera Nacional,2015,zonas,,Fecha 34,Bautista Gargantini,false,https://es.wikipedia.org/wiki/Campeonato_de_Primera_B_Nacional_2015
2015-09-18,21:10,Sarmiento (J),Defensa y Justicia,2,1,,,Primera Division,2015,zonas,,Fecha 25,Eva Perón,false,https://es.wikipedia.org/wiki/Campeonato_de_Primera_División_2015_(Argentina)
2015-09-18,21:30,Patronato,Atlético Tucumán,0,0,,,Primera Nacional,2015,zonas,,Fecha 34,Presbítero Bartolomé Grella,false,https://es.wikipedia.org/wiki/Campeonato_de_Primera_B_Nacional_2015
2015-09-19,11:00,Aldosivi,Huracán,0,0,,,Primera Division,2015,zonas,,Fecha 25,José María Minella,false,https://es.wikipedia.org/wiki/Campeonato_de_Primera_División_2015_(Argentina)
2015-09-19,11:00,Juventud Unida,San Martín (B),0,0,,,Primera C,2015,zonas,,Fecha 31,Ciudad de San Miguel,false,https://es.wikipedia.org/wiki/Campeonato_de_Primera_C_2015_(Argentina)
2015-09-19,11:00,Platense,Almagro,0,1,,,Primera B,2015,zonas,,Fecha 34,Ciudad de Vicente López,false,https://es.wikipedia.org/wiki/Campeonato_de_Primera_B_2015_(Argentina)
2015-09-19,11:00,San Telmo,Deportivo Laferrere,1,1,,,Primera C,2015,zonas,,Fecha 31,Dr. Osvaldo Baletto,false,https://es.wikipedia.org/wiki/Campeonato_de_Primera_C_2015_(Argentina)
2015-09-19,11:00,UAI Urquiza,Deportivo Armenio,2,1,,,Primera B,2015,zonas,,Fecha 34,Monumental de Villa Lynch,false,https://es.wikipedia.org/wiki/Campeonato_de_Primera_B_2015_(Argentina)
2015-09-19,12:00,Villa San Carlos,Deportivo Español,1,0,,,Primera B,2015,zonas,,Fecha 34,Genacio Sálice,false,https://es.wikipedia.org/wiki/Campeonato_de_Primera_B_2015_(Argentina)
2015-09-19,14:00,Barracas Central,Atlanta,1,0,,,Primera B,2015,zonas,,Fecha 34,Claudio Chiqui Tapia,false,https://es.wikipedia.org/wiki/Campeonato_de_Primera_B_2015_(Argentina)
2015-09-19,15:00,Defensores de Belgrano,Comunicaciones,0,0,,,Primera B,2015,zonas,,Fecha 34,Juan Pasquale,false,https://es.wikipedia.org/wiki/Campeonato_de_Primera_B_2015_(Argentina)
2015-09-19,15:00,Deportivo Riestra,Colegiales,2,4,,,Primera B,2015,zonas,,Fecha 34,Guillermo Laza,false,https://es.wikipedia.org/wiki/Campeonato_de_Primera_B_2015_(Argentina)
2015-09-19,15:00,Juventud Unida (G),Guillermo Brown,1,0,,,Primera Nacional,2015,zonas,,Fecha 34,De los Eucaliptos,false,https://es.wikipedia.org/wiki/Campeonato_de_Primera_B_Nacional_2015
2015-09-19,15:10,Estudiantes (BA),Brown de Adrogué,1,0,,,Primera B,2015,zonas,,Fecha 34,Ciudad de Caseros,false,https://es.wikipedia.org/wiki/Campeonato_de_Primera_B_2015_(Argentina)
2015-09-19,15:30,Central Córdoba (R),Excursionistas,4,1,,,Primera C,2015,zonas,,Fecha 31,Gabino Sosa,false,https://es.wikipedia.org/wiki/Campeonato_de_Primera_C_2015_(Argentina)
2015-09-19,15:45,Tristán Suárez,Sportivo Italiano,2,1,,,Primera B,2015,zonas,,Fecha 34,20 de Octubre,false,https://es.wikipedia.org/wiki/Campeonato_de_Primera_B_2015_(Argentina)
2015-09-19,16:30,Argentinos Juniors,Boca Juniors,1,3,,,Primera Division,2015,zonas,,Fecha 25,Diego Armando Maradona,false,https://es.wikipedia.org/wiki/Campeonato_de_Primera_División_2015_(Argentina)
2015-09-19,16:30,Godoy Cruz,Rosario Central,1,3,,,Primera Division,2015,zonas,,Fecha 25,Malvinas Argentinas,false,https://es.wikipedia.org/wiki/Campeonato_de_Primera_División_2015_(Argentina)
2015-09-19,18:10,Independiente,Nueva Chicago,2,1,,,Primera Division,2015,zonas,,Fecha 25,Libertadores de América,false,https://es.wikipedia.org/wiki/Campeonato_de_Primera_División_2015_(Argentina)
2015-09-19,18:45,Gimnasia y Esgrima (LP),Tigre,1,1,,,Primera Division,2015,zonas,,Fecha 25,Del Bosque,false,https://es.wikipedia.org/wiki/Campeonato_de_Primera_División_2015_(Argentina)
2015-09-19,19:00,Newell's Old Boys,San Martín (SJ),1,0,,,Primera Division,2015,zonas,,Fecha 25,Marcelo Bielsa,false,https://es.wikipedia.org/wiki/Campeonato_de_Primera_División_2015_(Argentina)
2015-09-19,20:30,Vélez Sarsfield,Estudiantes (LP),0,1,,,Primera Division,2015,zonas,,Fecha 25,José Amalfitani,false,https://es.wikipedia.org/wiki/Campeonato_de_Primera_División_2015_(Argentina)
2015-09-20,11:00,Deportivo Morón,Fénix,0,1,,,Primera B,2015,zonas,,Fecha 34,Nuevo Francisco Urbano,false,https://es.wikipedia.org/wiki/Campeonato_de_Primera_B_2015_(Argentina)
2015-09-20,11:00,J. J. de Urquiza,Dock Sud,1,1,,,Primera C,2015,zonas,,Fecha 31,Ramón Roque Martín,false,https://es.wikipedia.org/wiki/Campeonato_de_Primera_C_2015_(Argentina)
2015-09-20,12:00,Cañuelas,General Lamadrid,2,1,,,Primera C,2015,zonas,,Fecha 31,José Alfredo Arín,false,https://es.wikipedia.org/wiki/Campeonato_de_Primera_C_2015_(Argentina)
2015-09-20,12:00,Sacachispas,Argentino de Quilmes,2,1,,,Primera C,2015,zonas,,Fecha 31,Beto Larrosa,false,https://es.wikipedia.org/wiki/Campeonato_de_Primera_C_2015_(Argentina)
2015-09-20,15:00,Arsenal,Olimpo,2,1,,,Primera Division,2015,zonas,,Fecha 25,El Viaducto,false,https://es.wikipedia.org/wiki/Campeonato_de_Primera_División_2015_(Argentina)
2015-09-20,16:00,Banfield,Crucero del Norte,2,1,,,Primera Division,2015,zonas,,Fecha 25,Florencio Sola,false,https://es.wikipedia.org/wiki/Campeonato_de_Primera_División_2015_(Argentina)
2015-09-20,17:10,Unión,Temperley,2,1,,,Primera Division,2015,zonas,,Fecha 25,15 de abril,false,https://es.wikipedia.org/wiki/Campeonato_de_Primera_División_2015_(Argentina)
2015-09-20,18:15,River Plate,Lanús,1,1,,,Primera Division,2015,zonas,,Fecha 25,Monumental,false,https://es.wikipedia.org/wiki/Campeonato_de_Primera_División_2015_(Argentina)
2015-09-20,21:30,San Lorenzo,Racing Club,2,1,,,Primera Division,2015,zonas,,Fecha 25,Nuevo Gasómetro,false,https://es.wikipedia.org/wiki/Campeonato_de_Primera_División_2015_(Argentina)
2015-09-21,15:00,Berazategui,San Miguel,1,1,,,Primera C,2015,zonas,,Fecha 31,De los Inmigrantes,false,https://es.wikipedia.org/wiki/Campeonato_de_Primera_C_2015_(Argentina)
2015-09-21,15:00,Luján,Argentino de Merlo,4,0,,,Primera C,2015,zonas,,Fecha 31,Municipal de la Ciudad de Luján,false,https://es.wikipedia.org/wiki/Campeonato_de_Primera_C_2015_(Argentina)
2015-09-21,18:00,Talleres (RdE),Defensores Unidos,1,3,,,Primera C,2015,zonas,,Fecha 31,Talleres de Remedios de Escalada,false,https://es.wikipedia.org/wiki/Campeonato_de_Primera_C_2015_(Argentina)
2015-09-21,20:00,Belgrano,Atlético de Rafaela,0,0,,,Primera Division,2015,zonas,,Fecha 25,Mario Alberto Kempes,false,https://es.wikipedia.org/wiki/Campeonato_de_Primera_División_2015_(Argentina)
2015-09-21,21:10,Quilmes,Colón,1,0,,,Primera Division,2015,zonas,,Fecha 25,Centenario,false,https://es.wikipedia.org/wiki/Campeonato_de_Primera_División_2015_(Argentina)
2015-09-22,14:00,Ferrocarril Midland,Defensores de Cambaceres,1,2,,,Primera C,2015,zonas,,Fecha 31,Ciudad de Libertad,false,https://es.wikipedia.org/wiki/Campeonato_de_Primera_C_2015_(Argentina)
2015-09-22,15:00,Almagro,Tristán Suárez,1,0,,,Primera B,2015,zonas,,Fecha 35,Tres de Febrero,false,https://es.wikipedia.org/wiki/Campeonato_de_Primera_B_2015_(Argentina)
2015-09-22,15:00,Deportivo Español,Platense,0,2,,,Primera B,2015,zonas,,Fecha 35,Nueva España,false,https://es.wikipedia.org/wiki/Campeonato_de_Primera_B_2015_(Argentina)
2015-09-22,15:00,UAI Urquiza,Almirante Brown,1,1,,,Primera B,2015,zonas,,Fecha 35,Monumental de Villa Lynch,false,https://es.wikipedia.org/wiki/Campeonato_de_Primera_B_2015_(Argentina)
2015-09-22,15:30,Comunicaciones,Villa San Carlos,2,2,,,Primera B,2015,zonas,,Fecha 35,Alfredo Ramos,false,https://es.wikipedia.org/wiki/Campeonato_de_Primera_B_2015_(Argentina)
2015-09-22,18:05,Atlanta,Defensores de Belgrano,2,1,,,Primera B,2015,zonas,,Fecha 35,Don León Kolbovsky,false,https://es.wikipedia.org/wiki/Campeonato_de_Primera_B_2015_(Argentina)
2015-09-22,19:00,Villa Dálmine,Douglas Haig,0,0,,,Primera Nacional,2015,zonas,,Fecha 35,El Coliseo de Mitre y Puccini,false,https://es.wikipedia.org/wiki/Campeonato_de_Primera_B_Nacional_2015
2015-09-22,21:00,Central Córdoba (SdE),Sportivo Estudiantes (SL),0,1,,,Primera Nacional,2015,zonas,,Fecha 35,Alfredo Terrera,false,https://es.wikipedia.org/wiki/Campeonato_de_Primera_B_Nacional_2015
2015-09-22,21:10,Ferro Carril Oeste,Gimnasia y Esgrima (J),2,0,,,Primera Nacional,2015,zonas,,Fecha 35,Arquitecto Ricardo Etcheverri,false,https://es.wikipedia.org/wiki/Campeonato_de_Primera_B_Nacional_2015
2015-09-23,,Defensa y Justicia,Boca Juniors,1,2,,,Copa Argentina,2015,eliminacion,,Cuartos,Mario Alberto Kempes,true,https://es.wikipedia.org/wiki/Copa_Argentina_2014-15
2015-09-23,,Rosario Central,Estudiantes (LP),2,1,,,Copa Argentina,2015,eliminacion,,Cuartos,San Juan del Bicentenario,true,https://es.wikipedia.org/wiki/Copa_Argentina_2014-15
2015-09-23,13:00,Juventud Unida,Central Córdoba (R),0,1,,,Primera C,2015,zonas,,Fecha 27,Ciudad de San Miguel,false,https://es.wikipedia.org/wiki/Campeonato_de_Primera_C_2015_(Argentina)
2015-09-23,14:00,Gimnasia y Esgrima (M),Sportivo Belgrano,2,1,,,Primera Nacional,2015,zonas,,Fecha 35,Víctor Antonio Legrotaglie,false,https://es.wikipedia.org/wiki/Campeonato_de_Primera_B_Nacional_2015
2015-09-23,14:00,Guillermo Brown,Patronato,1,1,,,Primera Nacional,2015,zonas,,Fecha 35,Raúl Conti,false,https://es.wikipedia.org/wiki/Campeonato_de_Primera_B_Nacional_2015
2015-09-23,14:30,Colegiales,Acassuso,1,1,,,Primera B,2015,zonas,,Fecha 35,Colegiales,false,https://es.wikipedia.org/wiki/Campeonato_de_Primera_B_2015_(Argentina)
2015-09-23,14:30,Deportivo Armenio,Fénix,1,0,,,Primera B,2015,zonas,,Fecha 35,Armenia,false,https://es.wikipedia.org/wiki/Campeonato_de_Primera_B_2015_(Argentina)
2015-09-23,14:30,Flandria,Barracas Central,1,0,,,Primera B,2015,zonas,,Fecha 35,Carlos V,false,https://es.wikipedia.org/wiki/Campeonato_de_Primera_B_2015_(Argentina)
2015-09-23,14:30,Sportivo Italiano,Deportivo Morón,2,0,,,Primera B,2015,zonas,,Fecha 35,República de Italia,false,https://es.wikipedia.org/wiki/Campeonato_de_Primera_B_2015_(Argentina)
2015-09-23,15:15,Brown de Adrogué,Deportivo Riestra,3,0,,,Primera B,2015,zonas,,Fecha 35,Lorenzo Arandilla,false,https://es.wikipedia.org/wiki/Campeonato_de_Primera_B_2015_(Argentina)
2015-09-23,15:30,Deportivo Merlo,Estudiantes (BA),0,2,,,Primera B,2015,zonas,,Fecha 35,José Manuel Moreno,false,https://es.wikipedia.org/wiki/Campeonato_de_Primera_B_2015_(Argentina)
2015-09-23,16:00,Boca Unidos,Unión (MdP),3,0,,,Primera Nacional,2015,zonas,,Fecha 35,Leoncio Benítez,false,https://es.wikipedia.org/wiki/Campeonato_de_Primera_B_Nacional_2015
2015-09-23,16:10,Chacarita Juniors,Guaraní Antonio Franco,3,1,,,Primera Nacional,2015,zonas,,Fecha 35,Chacarita Juniors,false,https://es.wikipedia.org/wiki/Campeonato_de_Primera_B_Nacional_2015
2015-09-23,18:20,Atlético Paraná,Los Andes,2,1,,,Primera Nacional,2015,zonas,,Fecha 35,Pedro Mutio,false,https://es.wikipedia.org/wiki/Campeonato_de_Primera_B_Nacional_2015
2015-09-23,20:30,Atlético Tucumán,All Boys,2,1,,,Primera Nacional,2015,zonas,,Fecha 35,Monumental José Fierro,false,https://es.wikipedia.org/wiki/Campeonato_de_Primera_B_Nacional_2015
2015-09-23,20:30,Ramón Santamarina,Independiente Rivadavia,4,2,,,Primera Nacional,2015,zonas,,Fecha 35,Municipal General San Martín,false,https://es.wikipedia.org/wiki/Campeonato_de_Primera_B_Nacional_2015
2015-09-24,21:00,Instituto,Juventud Unida (G),2,1,,,Primera Nacional,2015,zonas,,Fecha 35,Juan Domingo Perón,false,https://es.wikipedia.org/wiki/Campeonato_de_Primera_B_Nacional_2015
2015-09-25,15:00,Deportivo Laferrere,J. J. de Urquiza,1,0,,,Primera C,2015,zonas,,Fecha 32,José Luis Sánchez,false,https://es.wikipedia.org/wiki/Campeonato_de_Primera_C_2015_(Argentina)
2015-09-25,21:10,Olimpo,Godoy Cruz,1,0,,,Primera Division,2015,zonas,,Fecha 26,Roberto N. Carminatti,false,https://es.wikipedia.org/wiki/Campeonato_de_Primera_División_2015_(Argentina)
2015-09-26,11:00,Almirante Brown,Deportivo Armenio,0,2,,,Primera B,2015,zonas,,Fecha 36,Fragata Presidente Sarmiento,false,https://es.wikipedia.org/wiki/Campeonato_de_Primera_B_2015_(Argentina)
2015-09-26,13:05,Villa San Carlos,Atlanta,0,2,,,Primera B,2015,zonas,,Fecha 36,Genacio Sálice,false,https://es.wikipedia.org/wiki/Campeonato_de_Primera_B_2015_(Argentina)
2015-09-26,15:00,Tristán Suárez,Deportivo Español,3,2,,,Primera B,2015,zonas,,Fecha 36,20 de Octubre,false,https://es.wikipedia.org/wiki/Campeonato_de_Primera_B_2015_(Argentina)
2015-09-26,15:30,Defensores Unidos,Luján,1,1,,,Primera C,2015,zonas,,Fecha 32,Gigante de Villa Fox,false,https://es.wikipedia.org/wiki/Campeonato_de_Primera_C_2015_(Argentina)
2015-09-26,15:30,Excursionistas,Talleres (RdE),1,1,,,Primera C,2015,zonas,,Fecha 32,Excursionistas,false,https://es.wikipedia.org/wiki/Campeonato_de_Primera_C_2015_(Argentina)
2015-09-26,16:00,Atlético de Rafaela,Unión,2,3,,,Primera Division,2015,zonas,,Fecha 26,Nuevo Monumental,false,https://es.wikipedia.org/wiki/Campeonato_de_Primera_División_2015_(Argentina)
2015-09-26,16:00,Nueva Chicago,Aldosivi,3,1,,,Primera Division,2015,zonas,,Fecha 26,República de Mataderos,false,https://es.wikipedia.org/wiki/Campeonato_de_Primera_División_2015_(Argentina)
2015-09-26,18:10,Tigre,San Lorenzo,1,1,,,Primera Division,2015,zonas,,Fecha 26,Monumental de Victoria,false,https://es.wikipedia.org/wiki/Campeonato_de_Primera_División_2015_(Argentina)
2015-09-26,18:15,Colón,Belgrano,0,1,,,Primera Division,2015,zonas,,Fecha 26,Brigadier Estanislao López,false,https://es.wikipedia.org/wiki/Campeonato_de_Primera_División_2015_(Argentina)
2015-09-26,20:30,Crucero del Norte,River Plate,0,1,,,Primera Division,2015,zonas,,Fecha 26,Centenario (Resistencia),false,https://es.wikipedia.org/wiki/Campeonato_de_Primera_División_2015_(Argentina)
2015-09-26,20:30,Racing Club,Argentinos Juniors,1,0,,,Primera Division,2015,zonas,,Fecha 26,El Cilindro,false,https://es.wikipedia.org/wiki/Campeonato_de_Primera_División_2015_(Argentina)
2015-09-27,11:00,Platense,Comunicaciones,1,2,,,Primera B,2015,zonas,,Fecha 36,Ciudad de Vicente López,false,https://es.wikipedia.org/wiki/Campeonato_de_Primera_B_2015_(Argentina)
2015-09-27,11:00,San Martín (B),Sacachispas,0,0,,,Primera C,2015,zonas,,Fecha 32,Francisco Boga,false,https://es.wikipedia.org/wiki/Campeonato_de_Primera_C_2015_(Argentina)
2015-09-27,11:05,Deportivo Morón,Almagro,1,0,,,Primera B,2015,zonas,,Fecha 36,Nuevo Francisco Urbano,false,https://es.wikipedia.org/wiki/Campeonato_de_Primera_B_2015_(Argentina)
2015-09-27,12:30,Dock Sud,Juventud Unida,1,0,,,Primera C,2015,zonas,,Fecha 32,De los Inmigrantes,false,https://es.wikipedia.org/wiki/Campeonato_de_Primera_C_2015_(Argentina)
2015-09-27,14:00,Los Andes,Boca Unidos,1,2,,,Primera Nacional,2015,zonas,,Fecha 36,Eduardo Gallardón,false,https://es.wikipedia.org/wiki/Campeonato_de_Primera_B_Nacional_2015
2015-09-27,15:00,Sportivo Estudiantes (SL),Ferro Carril Oeste,2,0,,,Primera Nacional,2015,zonas,,Fecha 36,El Coliseo,false,https://es.wikipedia.org/wiki/Campeonato_de_Primera_B_Nacional_2015
2015-09-27,16:00,Douglas Haig,Atlético Tucumán,1,4,,,Primera Nacional,2015,zonas,,Fecha 36,Miguel Morales,false,https://es.wikipedia.org/wiki/Campeonato_de_Primera_B_Nacional_2015
2015-09-27,16:00,Huracán,Vélez Sarsfield,0,0,,,Primera Division,2015,zonas,,Fecha 26,Tomás A. Ducó,false,https://es.wikipedia.org/wiki/Campeonato_de_Primera_División_2015_(Argentina)
2015-09-27,16:00,Independiente Rivadavia,Chacarita Juniors,1,1,,,Primera Nacional,2015,zonas,,Fecha 36,Bautista Gargantini,false,https://es.wikipedia.org/wiki/Campeonato_de_Primera_B_Nacional_2015
2015-09-27,16:00,Rosario Central,Gimnasia y Esgrima (LP),4,0,,,Primera Division,2015,zonas,,Fecha 26,Gigante de Arroyito,false,https://es.wikipedia.org/wiki/Campeonato_de_Primera_División_2015_(Argentina)
2015-09-27,17:00,All Boys,Guillermo Brown,0,1,,,Primera Nacional,2015,zonas,,Fecha 36,Islas Malvinas,false,https://es.wikipedia.org/wiki/Campeonato_de_Primera_B_Nacional_2015
2015-09-27,17:10,Defensa y Justicia,Quilmes,0,1,,,Primera Division,2015,zonas,,Fecha 26,Norberto Tomaghelo,false,https://es.wikipedia.org/wiki/Campeonato_de_Primera_División_2015_(Argentina)
2015-09-27,18:15,Boca Juniors,Banfield,3,0,,,Primera Division,2015,zonas,,Fecha 26,La Bombonera,false,https://es.wikipedia.org/wiki/Campeonato_de_Primera_División_2015_(Argentina)
2015-09-27,19:20,San Martín (SJ),Sarmiento (J),0,1,,,Primera Division,2015,zonas,,Fecha 26,Ingeniero Hilario Sánchez,false,https://es.wikipedia.org/wiki/Campeonato_de_Primera_División_2015_(Argentina)
2015-09-27,19:30,Sportivo Belgrano,Central Córdoba (SdE),1,2,,,Primera Nacional,2015,zonas,,Fecha 36,Oscar C. Boero,false,https://es.wikipedia.org/wiki/Campeonato_de_Primera_B_Nacional_2015
2015-09-27,21:30,Lanús,Independiente,1,1,,,Primera Division,2015,zonas,,Fecha 26,Ciudad de Lanús,false,https://es.wikipedia.org/wiki/Campeonato_de_Primera_División_2015_(Argentina)
2015-09-28,13:30,Barracas Central,Colegiales,1,3,,,Primera B,2015,zonas,,Fecha 36,Claudio Chiqui Tapia,false,https://es.wikipedia.org/wiki/Campeonato_de_Primera_B_2015_(Argentina)
2015-09-28,14:00,Juventud Unida (G),Ramón Santamarina,0,1,,,Primera Nacional,2015,zonas,,Fecha 36,De los Eucaliptos,false,https://es.wikipedia.org/wiki/Campeonato_de_Primera_B_Nacional_2015
2015-09-28,15:00,Acassuso,Brown de Adrogué,0,3,,,Primera B,2015,zonas,,Fecha 36,Ciudad de Vicente López,false,https://es.wikipedia.org/wiki/Campeonato_de_Primera_B_2015_(Argentina)
2015-09-28,15:00,Argentino de Merlo,Cañuelas,1,2,,,Primera C,2015,zonas,,Fecha 32,Merlo,false,https://es.wikipedia.org/wiki/Campeonato_de_Primera_C_2015_(Argentina)
2015-09-28,15:00,Defensores de Cambaceres,Central Córdoba (R),0,2,,,Primera C,2015,zonas,,Fecha 32,12 de Octubre,false,https://es.wikipedia.org/wiki/Campeonato_de_Primera_C_2015_(Argentina)
2015-09-28,15:00,Deportivo Riestra,Deportivo Merlo,0,1,,,Primera B,2015,zonas,,Fecha 36,Guillermo Laza,false,https://es.wikipedia.org/wiki/Campeonato_de_Primera_B_2015_(Argentina)
2015-09-28,15:00,Fénix,Sportivo Italiano,1,1,,,Primera B,2015,zonas,,Fecha 36,Tres de Febrero,false,https://es.wikipedia.org/wiki/Campeonato_de_Primera_B_2015_(Argentina)
2015-09-28,18:00,Unión (MdP),Gimnasia y Esgrima (M),0,1,,,Primera Nacional,2015,zonas,,Fecha 36,José María Minella,false,https://es.wikipedia.org/wiki/Campeonato_de_Primera_B_Nacional_2015
2015-09-28,19:00,Temperley,Arsenal,1,2,,,Primera Division,2015,zonas,,Fecha 26,Alfredo Beranger,false,https://es.wikipedia.org/wiki/Campeonato_de_Primera_División_2015_(Argentina)
2015-09-28,21:00,Guaraní Antonio Franco,Atlético Paraná,2,0,,,Primera Nacional,2015,zonas,,Fecha 36,C. A. Fernández de Oliveira,false,https://es.wikipedia.org/wiki/Campeonato_de_Primera_B_Nacional_2015
2015-09-28,21:10,Estudiantes (LP),Newell's Old Boys,0,2,,,Primera Division,2015,zonas,,Fecha 26,Ciudad de La Plata,false,https://es.wikipedia.org/wiki/Campeonato_de_Primera_División_2015_(Argentina)
2015-09-28,21:10,Patronato,Instituto,3,1,,,Primera Nacional,2015,zonas,,Fecha 36,Presbítero Bartolomé Grella,false,https://es.wikipedia.org/wiki/Campeonato_de_Primera_B_Nacional_2015
2015-09-29,15:00,Argentino de Quilmes,Ferrocarril Midland,1,1,,,Primera C,2015,zonas,,Fecha 32,Argentino de Quilmes,false,https://es.wikipedia.org/wiki/Campeonato_de_Primera_C_2015_(Argentina)
2015-09-29,15:00,Estudiantes (BA),UAI Urquiza,1,1,,,Primera B,2015,zonas,,Fecha 36,Ciudad de Caseros,false,https://es.wikipedia.org/wiki/Campeonato_de_Primera_B_2015_(Argentina)
2015-09-29,15:15,General Lamadrid,Berazategui,1,1,,,Primera C,2015,zonas,,Fecha 32,Enrique Sexto,false,https://es.wikipedia.org/wiki/Campeonato_de_Primera_C_2015_(Argentina)
2015-09-29,15:15,San Miguel,San Telmo,2,2,,,Primera C,2015,zonas,,Fecha 32,Malvinas Argentinas,false,https://es.wikipedia.org/wiki/Campeonato_de_Primera_C_2015_(Argentina)
2015-09-29,21:10,Defensores de Belgrano,Flandria,2,1,,,Primera B,2015,zonas,,Fecha 36,Juan Pasquale,false,https://es.wikipedia.org/wiki/Campeonato_de_Primera_B_2015_(Argentina)
2015-10-02,15:00,Sacachispas,Dock Sud,0,2,,,Primera C,2015,zonas,,Fecha 33,Beto Larrosa,false,https://es.wikipedia.org/wiki/Campeonato_de_Primera_C_2015_(Argentina)
2015-10-02,20:00,Belgrano,Defensa y Justicia,1,0,,,Primera Division,2015,zonas,,Fecha 27,Mario Alberto Kempes,false,https://es.wikipedia.org/wiki/Campeonato_de_Primera_División_2015_(Argentina)
2015-10-02,21:10,Quilmes,San Martín (SJ),2,0,,,Primera Division,2015,zonas,,Fecha 27,Centenario,false,https://es.wikipedia.org/wiki/Campeonato_de_Primera_División_2015_(Argentina)
2015-10-03,11:00,J. J. de Urquiza,San Miguel,0,1,,,Primera C,2015,zonas,,Fecha 33,Ramón Roque Martín,false,https://es.wikipedia.org/wiki/Campeonato_de_Primera_C_2015_(Argentina)
2015-10-03,11:00,Juventud Unida,Deportivo Laferrere,0,0,,,Primera C,2015,zonas,,Fecha 33,Ciudad de San Miguel,false,https://es.wikipedia.org/wiki/Campeonato_de_Primera_C_2015_(Argentina)
2015-10-03,13:05,Brown de Adrogué,Barracas Central,0,0,,,Primera B,2015,zonas,,Fecha 37,Lorenzo Arandilla,false,https://es.wikipedia.org/wiki/Campeonato_de_Primera_B_2015_(Argentina)
2015-10-03,14:00,Gimnasia y Esgrima (M),Los Andes,1,1,,,Primera Nacional,2015,zonas,,Fecha 37,Víctor Antonio Legrotaglie,false,https://es.wikipedia.org/wiki/Campeonato_de_Primera_B_Nacional_2015
2015-10-03,14:30,Deportivo Armenio,Sportivo Italiano,0,1,,,Primera B,2015,zonas,,Fecha 37,Armenia,false,https://es.wikipedia.org/wiki/Campeonato_de_Primera_B_2015_(Argentina)
2015-10-03,15:00,Arsenal,Atlético de Rafaela,1,1,,,Primera Division,2015,zonas,,Fecha 27,El Viaducto,false,https://es.wikipedia.org/wiki/Campeonato_de_Primera_División_2015_(Argentina)
2015-10-03,15:30,Central Córdoba (R),Argentino de Quilmes,0,0,,,Primera C,2015,zonas,,Fecha 33,Gabino Sosa,false,https://es.wikipedia.org/wiki/Campeonato_de_Primera_C_2015_(Argentina)
2015-10-03,15:30,Comunicaciones,Tristán Suárez,3,0,,,Primera B,2015,zonas,,Fecha 37,Alfredo Ramos,false,https://es.wikipedia.org/wiki/Campeonato_de_Primera_B_2015_(Argentina)
2015-10-03,15:30,Excursionistas,Defensores de Cambaceres,2,1,,,Primera C,2015,zonas,,Fecha 33,Excursionistas,false,https://es.wikipedia.org/wiki/Campeonato_de_Primera_C_2015_(Argentina)
2015-10-03,16:00,Chacarita Juniors,Juventud Unida (G),2,1,,,Primera Nacional,2015,zonas,,Fecha 37,Chacarita Juniors,false,https://es.wikipedia.org/wiki/Campeonato_de_Primera_B_Nacional_2015
2015-10-03,16:15,Sarmiento (J),Estudiantes (LP),0,1,,,Primera Division,2015,zonas,,Fecha 27,Eva Perón,false,https://es.wikipedia.org/wiki/Campeonato_de_Primera_División_2015_(Argentina)
2015-10-03,17:10,Argentinos Juniors,Tigre,2,1,,,Primera Division,2015,zonas,,Fecha 27,Diego Armando Maradona,false,https://es.wikipedia.org/wiki/Campeonato_de_Primera_División_2015_(Argentina)
2015-10-03,18:10,San Lorenzo,Rosario Central,2,2,,,Primera Division,2015,zonas,,Fecha 27,Nuevo Gasómetro,false,https://es.wikipedia.org/wiki/Campeonato_de_Primera_División_2015_(Argentina)
2015-10-03,18:30,Ramón Santamarina,Patronato,0,1,,,Primera Nacional,2015,zonas,,Fecha 37,Municipal General San Martín,false,https://es.wikipedia.org/wiki/Campeonato_de_Primera_B_Nacional_2015
2015-10-03,20:30,Gimnasia y Esgrima (LP),Olimpo,2,2,,,Primera Division,2015,zonas,,Fecha 27,Del Bosque,false,https://es.wikipedia.org/wiki/Campeonato_de_Primera_División_2015_(Argentina)
2015-10-03,20:30,Villa Dálmine,Sportivo Estudiantes (SL),3,0,,,Primera Nacional,2015,zonas,,Fecha 37,El Coliseo de Mitre y Puccini,false,https://es.wikipedia.org/wiki/Campeonato_de_Primera_B_Nacional_2015
2015-10-03,20:45,Atlanta,Platense,1,0,,,Primera B,2015,zonas,,Fecha 37,Don León Kolbovsky,false,https://es.wikipedia.org/wiki/Campeonato_de_Primera_B_2015_(Argentina)
2015-10-03,21:00,Guaraní Antonio Franco,Independiente Rivadavia,2,0,,,Primera Nacional,2015,zonas,,Fecha 37,C. A. Fernández de Oliveira,false,https://es.wikipedia.org/wiki/Campeonato_de_Primera_B_Nacional_2015
2015-10-04,12:00,Colegiales,Defensores de Belgrano,1,1,,,Primera B,2015,zonas,,Fecha 37,Colegiales,false,https://es.wikipedia.org/wiki/Campeonato_de_Primera_B_2015_(Argentina)
2015-10-04,12:05,Almirante Brown,Estudiantes (BA),0,1,,,Primera B,2015,zonas,,Fecha 37,Fragata Presidente Sarmiento,false,https://es.wikipedia.org/wiki/Campeonato_de_Primera_B_2015_(Argentina)
2015-10-04,13:00,Almagro,Fénix,0,1,,,Primera B,2015,zonas,,Fecha 37,Tres de Febrero,false,https://es.wikipedia.org/wiki/Campeonato_de_Primera_B_2015_(Argentina)
2015-10-04,14:00,San Telmo,General Lamadrid,4,0,,,Primera C,2015,zonas,,Fecha 33,Dr. Osvaldo Baletto,false,https://es.wikipedia.org/wiki/Campeonato_de_Primera_C_2015_(Argentina)
2015-10-04,14:00,Vélez Sarsfield,Nueva Chicago,1,2,,,Primera Division,2015,zonas,,Fecha 27,José Amalfitani,false,https://es.wikipedia.org/wiki/Campeonato_de_Primera_División_2015_(Argentina)
2015-10-04,15:00,Instituto,All Boys,1,1,,,Primera Nacional,2015,zonas,,Fecha 37,Juan Domingo Perón,false,https://es.wikipedia.org/wiki/Campeonato_de_Primera_B_Nacional_2015
2015-10-04,15:30,Talleres (RdE),Luján,4,0,,,Primera C,2015,zonas,,Fecha 33,Talleres de Remedios de Escalada,false,https://es.wikipedia.org/wiki/Campeonato_de_Primera_C_2015_(Argentina)
2015-10-04,16:00,Guillermo Brown,Douglas Haig,0,0,,,Primera Nacional,2015,zonas,,Fecha 37,Raúl Conti,false,https://es.wikipedia.org/wiki/Campeonato_de_Primera_B_Nacional_2015
2015-10-04,16:00,Unión,Colón,0,0,,,Primera Division,2015,zonas,,Fecha 27,15 de abril,false,https://es.wikipedia.org/wiki/Campeonato_de_Primera_División_2015_(Argentina)
2015-10-04,16:15,Godoy Cruz,Temperley,3,0,,,Primera Division,2015,zonas,,Fecha 27,Malvinas Argentinas,false,https://es.wikipedia.org/wiki/Campeonato_de_Primera_División_2015_(Argentina)
2015-10-04,17:00,Atlético Paraná,Boca Unidos,1,1,,,Primera Nacional,2015,zonas,,Fecha 37,Pedro Mutio,false,https://es.wikipedia.org/wiki/Campeonato_de_Primera_B_Nacional_2015
2015-10-04,17:15,Ferro Carril Oeste,Sportivo Belgrano,3,2,,,Primera Nacional,2015,zonas,,Fecha 37,Arquitecto Ricardo Etcheverri,false,https://es.wikipedia.org/wiki/Campeonato_de_Primera_B_Nacional_2015
2015-10-04,18:30,Boca Juniors,Crucero del Norte,1,0,,,Primera Division,2015,zonas,,Fecha 27,La Bombonera,false,https://es.wikipedia.org/wiki/Campeonato_de_Primera_División_2015_(Argentina)
2015-10-04,19:30,Newell's Old Boys,Huracán,2,0,,,Primera Division,2015,zonas,,Fecha 27,Marcelo Bielsa,false,https://es.wikipedia.org/wiki/Campeonato_de_Primera_División_2015_(Argentina)
2015-10-04,20:30,Central Córdoba (SdE),Unión (MdP),2,0,,,Primera Nacional,2015,zonas,,Fecha 37,Alfredo Terrera,false,https://es.wikipedia.org/wiki/Campeonato_de_Primera_B_Nacional_2015
2015-10-04,21:30,Atlético Tucumán,Gimnasia y Esgrima (J),1,0,,,Primera Nacional,2015,zonas,,Fecha 37,Monumental José Fierro,false,https://es.wikipedia.org/wiki/Campeonato_de_Primera_B_Nacional_2015
2015-10-04,21:30,Independiente,River Plate,3,0,,,Primera Division,2015,zonas,,Fecha 27,Libertadores de América,false,https://es.wikipedia.org/wiki/Campeonato_de_Primera_División_2015_(Argentina)
2015-10-05,14:00,Deportivo Merlo,Acassuso,2,1,,,Primera B,2015,zonas,,Fecha 37,José Manuel Moreno,false,https://es.wikipedia.org/wiki/Campeonato_de_Primera_B_2015_(Argentina)
2015-10-05,15:00,Cañuelas,Defensores Unidos,3,2,,,Primera C,2015,zonas,,Fecha 33,José Alfredo Arín,false,https://es.wikipedia.org/wiki/Campeonato_de_Primera_C_2015_(Argentina)
2015-10-05,15:00,UAI Urquiza,Deportivo Riestra,4,1,,,Primera B,2015,zonas,,Fecha 37,Monumental de Villa Lynch,false,https://es.wikipedia.org/wiki/Campeonato_de_Primera_B_2015_(Argentina)
2015-10-05,20:00,Aldosivi,Lanús,3,1,,,Primera Division,2015,zonas,,Fecha 27,José María Minella,false,https://es.wikipedia.org/wiki/Campeonato_de_Primera_División_2015_(Argentina)
2015-10-05,21:10,Banfield,Racing Club,0,0,,,Primera Division,2015,zonas,,Fecha 27,Florencio Sola,false,https://es.wikipedia.org/wiki/Campeonato_de_Primera_División_2015_(Argentina)
2015-10-06,15:00,Berazategui,Argentino de Merlo,1,2,,,Primera C,2015,zonas,,Fecha 33,De los Inmigrantes,false,https://es.wikipedia.org/wiki/Campeonato_de_Primera_C_2015_(Argentina)
2015-10-06,15:00,Ferrocarril Midland,San Martín (B),1,1,,,Primera C,2015,zonas,,Fecha 33,Ciudad de Libertad,false,https://es.wikipedia.org/wiki/Campeonato_de_Primera_C_2015_(Argentina)
2015-10-06,15:00,Flandria,Villa San Carlos,1,1,,,Primera B,2015,zonas,,Fecha 37,Carlos V,false,https://es.wikipedia.org/wiki/Campeonato_de_Primera_B_2015_(Argentina)
2015-10-06,21:05,Deportivo Español,Deportivo Morón,1,1,,,Primera B,2015,zonas,,Fecha 37,Nueva España,false,https://es.wikipedia.org/wiki/Campeonato_de_Primera_B_2015_(Argentina)
2015-10-10,11:00,Luján,Cañuelas,4,1,,,Primera C,2015,zonas,,Fecha 34,Municipal de la Ciudad de Luján,false,https://es.wikipedia.org/wiki/Campeonato_de_Primera_C_2015_(Argentina)
2015-10-10,11:00,Sportivo Italiano,Almagro,0,0,,,Primera B,2015,zonas,,Fecha 38,República de Italia,false,https://es.wikipedia.org/wiki/Campeonato_de_Primera_B_2015_(Argentina)
2015-10-10,13:10,Tristán Suárez,Atlanta,0,2,,,Primera B,2015,zonas,,Fecha 38,20 de Octubre,false,https://es.wikipedia.org/wiki/Campeonato_de_Primera_B_2015_(Argentina)
2015-10-10,15:00,Barracas Central,Deportivo Merlo,0,0,,,Primera B,2015,zonas,,Fecha 38,Claudio Chiqui Tapia,false,https://es.wikipedia.org/wiki/Campeonato_de_Primera_B_2015_(Argentina)
2015-10-10,15:00,Los Andes,Central Córdoba (SdE),1,1,,,Primera Nacional,2015,zonas,,Fecha 38,Eduardo Gallardón,false,https://es.wikipedia.org/wiki/Campeonato_de_Primera_B_Nacional_2015
2015-10-10,15:30,Defensores Unidos,Berazategui,0,0,,,Primera C,2015,zonas,,Fecha 34,Gigante de Villa Fox,false,https://es.wikipedia.org/wiki/Campeonato_de_Primera_C_2015_(Argentina)
2015-10-10,15:30,Estudiantes (BA),Deportivo Armenio,2,0,,,Primera B,2015,zonas,,Fecha 38,Ciudad de Caseros,false,https://es.wikipedia.org/wiki/Campeonato_de_Primera_B_2015_(Argentina)
2015-10-10,15:30,General Lamadrid,J. J. de Urquiza,1,3,,,Primera C,2015,zonas,,Fecha 34,Enrique Sexto,false,https://es.wikipedia.org/wiki/Campeonato_de_Primera_C_2015_(Argentina)
2015-10-10,17:00,All Boys,Ramón Santamarina,2,1,,,Primera Nacional,2015,zonas,,Fecha 38,Islas Malvinas,false,https://es.wikipedia.org/wiki/Campeonato_de_Primera_B_Nacional_2015
2015-10-10,18:00,Independiente Rivadavia,Atlético Paraná,0,0,,,Primera Nacional,2015,zonas,,Fecha 38,Bautista Gargantini,false,https://es.wikipedia.org/wiki/Campeonato_de_Primera_B_Nacional_2015
2015-10-10,20:40,Unión (MdP),Ferro Carril Oeste,0,0,,,Primera Nacional,2015,zonas,,Fecha 38,José María Minella,false,https://es.wikipedia.org/wiki/Campeonato_de_Primera_B_Nacional_2015
2015-10-11,11:00,Argentino de Merlo,San Telmo,0,0,,,Primera C,2015,zonas,,Fecha 34,Merlo,false,https://es.wikipedia.org/wiki/Campeonato_de_Primera_C_2015_(Argentina)
2015-10-11,15:00,Sportivo Estudiantes (SL),Atlético Tucumán,1,1,,,Primera Nacional,2015,zonas,,Fecha 38,El Coliseo,false,https://es.wikipedia.org/wiki/Campeonato_de_Primera_B_Nacional_2015
2015-10-11,15:30,Dock Sud,Ferrocarril Midland,0,1,,,Primera C,2015,zonas,,Fecha 34,De los Inmigrantes,false,https://es.wikipedia.org/wiki/Campeonato_de_Primera_C_2015_(Argentina)
2015-10-11,15:30,Villa San Carlos,Colegiales,1,1,,,Primera B,2015,zonas,,Fecha 38,Genacio Sálice,false,https://es.wikipedia.org/wiki/Campeonato_de_Primera_B_2015_(Argentina)
2015-10-11,15:35,Defensores de Belgrano,Brown de Adrogué,0,0,,,Primera B,2015,zonas,,Fecha 38,Juan Pasquale,false,https://es.wikipedia.org/wiki/Campeonato_de_Primera_B_2015_(Argentina)
2015-10-11,16:00,Juventud Unida (G),Guaraní Antonio Franco,1,0,,,Primera Nacional,2015,zonas,,Fecha 38,De los Eucaliptos,false,https://es.wikipedia.org/wiki/Campeonato_de_Primera_B_Nacional_2015
2015-10-11,17:00,Gimnasia y Esgrima (J),Guillermo Brown,1,0,,,Primera Nacional,2015,zonas,,Fecha 38,23 de agosto,false,https://es.wikipedia.org/wiki/Campeonato_de_Primera_B_Nacional_2015
2015-10-11,18:00,Sportivo Belgrano,Villa Dálmine,3,3,,,Primera Nacional,2015,zonas,,Fecha 38,Oscar C. Boero,false,https://es.wikipedia.org/wiki/Campeonato_de_Primera_B_Nacional_2015
2015-10-11,18:15,Douglas Haig,Instituto,1,1,,,Primera Nacional,2015,zonas,,Fecha 38,Miguel Morales,false,https://es.wikipedia.org/wiki/Campeonato_de_Primera_B_Nacional_2015
2015-10-11,18:30,Patronato,Chacarita Juniors,6,2,,,Primera Nacional,2015,zonas,,Fecha 38,Presbítero Bartolomé Grella,false,https://es.wikipedia.org/wiki/Campeonato_de_Primera_B_Nacional_2015
2015-10-12,11:00,Defensores de Cambaceres,Talleres (RdE),0,1,,,Primera C,2015,zonas,,Fecha 34,12 de Octubre,false,https://es.wikipedia.org/wiki/Campeonato_de_Primera_C_2015_(Argentina)
2015-10-12,11:00,Fénix,Deportivo Español,1,1,,,Primera B,2015,zonas,,Fecha 38,Monumental de Villa Lynch,false,https://es.wikipedia.org/wiki/Campeonato_de_Primera_B_2015_(Argentina)
2015-10-12,11:00,San Miguel,Juventud Unida,2,1,,,Primera C,2015,zonas,,Fecha 34,Malvinas Argentinas,false,https://es.wikipedia.org/wiki/Campeonato_de_Primera_C_2015_(Argentina)
2015-10-12,12:00,Argentino de Quilmes,Excursionistas,3,1,,,Primera C,2015,zonas,,Fecha 34,Argentino de Quilmes,false,https://es.wikipedia.org/wiki/Campeonato_de_Primera_C_2015_(Argentina)
2015-10-12,15:00,Deportivo Riestra,Almirante Brown,2,1,,,Primera B,2015,zonas,,Fecha 38,Guillermo Laza,false,https://es.wikipedia.org/wiki/Campeonato_de_Primera_B_2015_(Argentina)
2015-10-12,15:00,Platense,Flandria,0,0,,,Primera B,2015,zonas,,Fecha 38,Ciudad de Vicente López,false,https://es.wikipedia.org/wiki/Campeonato_de_Primera_B_2015_(Argentina)
2015-10-12,15:30,Deportivo Laferrere,Sacachispas,1,1,,,Primera C,2015,zonas,,Fecha 34,José Luis Sánchez,false,https://es.wikipedia.org/wiki/Campeonato_de_Primera_C_2015_(Argentina)
2015-10-12,16:00,Boca Unidos,Gimnasia y Esgrima (M),1,1,,,Primera Nacional,2015,zonas,,Fecha 38,Leoncio Benítez,false,https://es.wikipedia.org/wiki/Campeonato_de_Primera_B_Nacional_2015
2015-10-13,15:00,Acassuso,UAI Urquiza,0,0,,,Primera B,2015,zonas,,Fecha 38,Ciudad de Vicente López,false,https://es.wikipedia.org/wiki/Campeonato_de_Primera_B_2015_(Argentina)
2015-10-13,15:00,Deportivo Morón,Comunicaciones,1,1,,,Primera B,2015,zonas,,Fecha 38,Nuevo Francisco Urbano,false,https://es.wikipedia.org/wiki/Campeonato_de_Primera_B_2015_(Argentina)
2015-10-13,15:00,San Martín (B),Central Córdoba (R),2,0,,,Primera C,2015,zonas,,Fecha 34,Francisco Boga,false,https://es.wikipedia.org/wiki/Campeonato_de_Primera_C_2015_(Argentina)
2015-10-14,20:45,Defensa y Justicia,River Plate,1,0,,,Primera Division,2015,zonas,,Fecha 19,Norberto Tomaghello,false,https://es.wikipedia.org/wiki/Campeonato_de_Primera_División_2015_(Argentina)
2015-10-16,20:00,Huracán,Sarmiento (J),3,0,,,Primera Division,2015,zonas,,Fecha 28,Tomás A. Ducó,false,https://es.wikipedia.org/wiki/Campeonato_de_Primera_División_2015_(Argentina)
2015-10-16,21:10,Crucero del Norte,Independiente,0,4,,,Primera Division,2015,zonas,,Fecha 28,Comandante Andrés Guacurarí,false,https://es.wikipedia.org/wiki/Campeonato_de_Primera_División_2015_(Argentina)
2015-10-17,11:00,Flandria,Tristán Suárez,1,1,,,Primera B,2015,zonas,,Fecha 39,Carlos V,false,https://es.wikipedia.org/wiki/Campeonato_de_Primera_B_2015_(Argentina)
2015-10-17,12:00,Brown de Adrogué,Villa San Carlos,1,0,,,Primera B,2015,zonas,,Fecha 39,Lorenzo Arandilla,false,https://es.wikipedia.org/wiki/Campeonato_de_Primera_B_2015_(Argentina)
2015-10-17,13:00,Chacarita Juniors,All Boys,3,1,,,Primera Nacional,2015,zonas,,Fecha 39,Chacarita Juniors,false,https://es.wikipedia.org/wiki/Campeonato_de_Primera_B_Nacional_2015
2015-10-17,13:00,San Telmo,Defensores Unidos,0,0,,,Primera C,2015,zonas,,Fecha 35,Dr. Osvaldo Baletto,false,https://es.wikipedia.org/wiki/Campeonato_de_Primera_C_2015_(Argentina)
2015-10-17,15:00,Deportivo Armenio,Almagro,0,1,,,Primera B,2015,zonas,,Fecha 39,Armenia,false,https://es.wikipedia.org/wiki/Campeonato_de_Primera_B_2015_(Argentina)
2015-10-17,15:00,Sacachispas,San Miguel,3,0,,,Primera C,2015,zonas,,Fecha 35,Beto Larrosa,false,https://es.wikipedia.org/wiki/Campeonato_de_Primera_C_2015_(Argentina)
2015-10-17,15:15,Nueva Chicago,Newell's Old Boys,5,0,,,Primera Division,2015,zonas,,Fecha 28,República de Mataderos,false,https://es.wikipedia.org/wiki/Campeonato_de_Primera_División_2015_(Argentina)
2015-10-17,15:30,Central Córdoba (R),Dock Sud,2,2,,,Primera C,2015,zonas,,Fecha 35,Gabino Sosa,false,https://es.wikipedia.org/wiki/Campeonato_de_Primera_C_2015_(Argentina)
2015-10-17,15:30,Villa Dálmine,Unión (MdP),2,0,,,Primera Nacional,2015,zonas,,Fecha 39,El Coliseo de Mitre y Puccini,false,https://es.wikipedia.org/wiki/Campeonato_de_Primera_B_Nacional_2015
2015-10-17,16:15,Atlético de Rafaela,Godoy Cruz,1,4,,,Primera Division,2015,zonas,,Fecha 28,Nuevo Monumental,false,https://es.wikipedia.org/wiki/Campeonato_de_Primera_División_2015_(Argentina)
2015-10-17,17:00,Atlético Paraná,Gimnasia y Esgrima (M),1,0,,,Primera Nacional,2015,zonas,,Fecha 39,Pedro Mutio,false,https://es.wikipedia.org/wiki/Campeonato_de_Primera_B_Nacional_2015
2015-10-17,17:30,Colón,Arsenal,3,1,,,Primera Division,2015,zonas,,Fecha 28,Brigadier Estanislao López,false,https://es.wikipedia.org/wiki/Campeonato_de_Primera_División_2015_(Argentina)
2015-10-17,18:00,Instituto,Gimnasia y Esgrima (J),3,1,,,Primera Nacional,2015,zonas,,Fecha 39,Juan Domingo Perón,false,https://es.wikipedia.org/wiki/Campeonato_de_Primera_B_Nacional_2015
2015-10-17,18:30,San Martín (SJ),Belgrano,1,1,,,Primera Division,2015,zonas,,Fecha 28,Ingeniero Hilario Sánchez,false,https://es.wikipedia.org/wiki/Campeonato_de_Primera_División_2015_(Argentina)
2015-10-17,20:30,Estudiantes (LP),Quilmes,4,1,,,Primera Division,2015,zonas,,Fecha 28,Ciudad de La Plata,false,https://es.wikipedia.org/wiki/Campeonato_de_Primera_División_2015_(Argentina)
2015-10-17,20:45,Lanús,Vélez Sarsfield,0,1,,,Primera Division,2015,zonas,,Fecha 28,Ciudad de Lanús,false,https://es.wikipedia.org/wiki/Campeonato_de_Primera_División_2015_(Argentina)
2015-10-18,11:00,Colegiales,Platense,1,3,,,Primera B,2015,zonas,,Fecha 39,Colegiales,false,https://es.wikipedia.org/wiki/Campeonato_de_Primera_B_2015_(Argentina)
2015-10-18,11:00,UAI Urquiza,Barracas Central,1,0,,,Primera B,2015,zonas,,Fecha 39,Monumental de Villa Lynch,false,https://es.wikipedia.org/wiki/Campeonato_de_Primera_B_2015_(Argentina)
2015-10-18,11:35,Atlanta,Deportivo Morón,4,1,,,Primera B,2015,zonas,,Fecha 39,Don León Kolbovsky,false,https://es.wikipedia.org/wiki/Campeonato_de_Primera_B_2015_(Argentina)
2015-10-18,13:00,Deportivo Merlo,Defensores de Belgrano,1,2,,,Primera B,2015,zonas,,Fecha 39,José Manuel Moreno,false,https://es.wikipedia.org/wiki/Campeonato_de_Primera_B_2015_(Argentina)
2015-10-18,16:10,Olimpo,San Lorenzo,2,1,,,Primera Division,2015,zonas,,Fecha 28,Roberto N. Carminatti,false,https://es.wikipedia.org/wiki/Campeonato_de_Primera_División_2015_(Argentina)
2015-10-18,16:10,Rosario Central,Argentinos Juniors,2,0,,,Primera Division,2015,zonas,,Fecha 28,Gigante de Arroyito,false,https://es.wikipedia.org/wiki/Campeonato_de_Primera_División_2015_(Argentina)
2015-10-18,16:15,Tigre,Banfield,3,1,,,Primera Division,2015,zonas,,Fecha 28,Monumental de Victoria,false,https://es.wikipedia.org/wiki/Campeonato_de_Primera_División_2015_(Argentina)
2015-10-18,17:00,Ferro Carril Oeste,Los Andes,1,1,,,Primera Nacional,2015,zonas,,Fecha 39,Arquitecto Ricardo Etcheverri,false,https://es.wikipedia.org/wiki/Campeonato_de_Primera_B_Nacional_2015
2015-10-18,17:00,Guillermo Brown,Sportivo Estudiantes (SL),0,2,,,Primera Nacional,2015,zonas,,Fecha 39,Raúl Conti,false,https://es.wikipedia.org/wiki/Campeonato_de_Primera_B_Nacional_2015
2015-10-18,18:00,Independiente Rivadavia,Juventud Unida (G),2,1,,,Primera Nacional,2015,zonas,,Fecha 39,Bautista Gargantini,false,https://es.wikipedia.org/wiki/Campeonato_de_Primera_B_Nacional_2015
2015-10-18,18:30,River Plate,Aldosivi,1,1,,,Primera Division,2015,zonas,,Fecha 28,Monumental,false,https://es.wikipedia.org/wiki/Campeonato_de_Primera_División_2015_(Argentina)
2015-10-18,19:15,Guaraní Antonio Franco,Patronato,1,1,,,Primera Nacional,2015,zonas,,Fecha 39,C. A. Fernández de Oliveira,false,https://es.wikipedia.org/wiki/Campeonato_de_Primera_B_Nacional_2015
2015-10-18,20:30,Central Córdoba (SdE),Boca Unidos,1,0,,,Primera Nacional,2015,zonas,,Fecha 39,Alfredo Terrera,false,https://es.wikipedia.org/wiki/Campeonato_de_Primera_B_Nacional_2015
2015-10-18,21:30,Atlético Tucumán,Sportivo Belgrano,2,0,,,Primera Nacional,2015,zonas,,Fecha 39,Monumental José Fierro,false,https://es.wikipedia.org/wiki/Campeonato_de_Primera_B_Nacional_2015
2015-10-18,21:30,Racing Club,Boca Juniors,3,1,,,Primera Division,2015,zonas,,Fecha 28,El Cilindro,false,https://es.wikipedia.org/wiki/Campeonato_de_Primera_División_2015_(Argentina)
2015-10-19,15:00,J. J. de Urquiza,Argentino de Merlo,3,2,,,Primera C,2015,zonas,,Fecha 35,Ramón Roque Martín,false,https://es.wikipedia.org/wiki/Campeonato_de_Primera_C_2015_(Argentina)
2015-10-19,15:30,Excursionistas,San Martín (B),1,0,,,Primera C,2015,zonas,,Fecha 35,Excursionistas,false,https://es.wikipedia.org/wiki/Campeonato_de_Primera_C_2015_(Argentina)
2015-10-19,17:00,Talleres (RdE),Cañuelas,2,0,,,Primera C,2015,zonas,,Fecha 35,Talleres de Remedios de Escalada,false,https://es.wikipedia.org/wiki/Campeonato_de_Primera_C_2015_(Argentina)
2015-10-19,18:00,Ramón Santamarina,Douglas Haig,0,0,,,Primera Nacional,2015,zonas,,Fecha 39,Municipal General San Martín,false,https://es.wikipedia.org/wiki/Campeonato_de_Primera_B_Nacional_2015
2015-10-19,20:15,Defensa y Justicia,Unión,0,0,,,Primera Division,2015,zonas,,Fecha 28,Norberto Tomaghello,false,https://es.wikipedia.org/wiki/Campeonato_de_Primera_División_2015_(Argentina)
2015-10-20,15:00,Almirante Brown,Acassuso,0,1,,,Primera B,2015,zonas,,Fecha 39,Armenia,false,https://es.wikipedia.org/wiki/Campeonato_de_Primera_B_2015_(Argentina)
2015-10-20,15:00,Berazategui,Luján,0,0,,,Primera C,2015,zonas,,Fecha 35,De los Inmigrantes,false,https://es.wikipedia.org/wiki/Campeonato_de_Primera_C_2015_(Argentina)
2015-10-20,15:00,Defensores de Cambaceres,Argentino de Quilmes,1,1,,,Primera C,2015,zonas,,Fecha 35,12 de Octubre,false,https://es.wikipedia.org/wiki/Campeonato_de_Primera_C_2015_(Argentina)
2015-10-20,15:00,Ferrocarril Midland,Deportivo Laferrere,0,1,,,Primera C,2015,zonas,,Fecha 35,Ciudad de Libertad,false,https://es.wikipedia.org/wiki/Campeonato_de_Primera_C_2015_(Argentina)
2015-10-20,15:05,Deportivo Español,Sportivo Italiano,2,1,,,Primera B,2015,zonas,,Fecha 39,Nueva España,false,https://es.wikipedia.org/wiki/Campeonato_de_Primera_B_2015_(Argentina)
2015-10-20,15:05,Juventud Unida,General Lamadrid,3,0,,,Primera C,2015,zonas,,Fecha 35,Ciudad de San Miguel,false,https://es.wikipedia.org/wiki/Campeonato_de_Primera_C_2015_(Argentina)
2015-10-20,15:30,Comunicaciones,Fénix,0,0,,,Primera B,2015,zonas,,Fecha 39,Alfredo Ramos,false,https://es.wikipedia.org/wiki/Campeonato_de_Primera_B_2015_(Argentina)
2015-10-20,17:00,Temperley,Gimnasia y Esgrima (LP),1,3,,,Primera Division,2015,zonas,,Fecha 28,Alfredo Beranger,false,https://es.wikipedia.org/wiki/Campeonato_de_Primera_División_2015_(Argentina)
2015-10-21,15:30,Estudiantes (BA),Deportivo Riestra,4,1,,,Primera B,2015,zonas,,Fecha 39,Ciudad de Caseros,false,https://es.wikipedia.org/wiki/Campeonato_de_Primera_B_2015_(Argentina)
2015-10-23,,Lanús,Boca Juniors,0,2,,,Copa Argentina,2015,eliminacion,,Semifinales,San Juan del Bicentenario,true,https://es.wikipedia.org/wiki/Copa_Argentina_2014-15
2015-10-23,,Rosario Central,Racing Club,1,0,,,Copa Argentina,2015,eliminacion,,Semifinales,Padre Ernesto Martearena,true,https://es.wikipedia.org/wiki/Copa_Argentina_2014-15
2015-10-23,21:30,Gimnasia y Esgrima (J),Villa Dálmine,1,0,,,Primera Nacional,2015,zonas,,Fecha 36,23 de agosto,false,https://es.wikipedia.org/wiki/Campeonato_de_Primera_B_Nacional_2015
2015-10-30,15:00,San Miguel,Ferrocarril Midland,2,2,,,Primera C,2015,zonas,,Fecha 36,Malvinas Argentinas,false,https://es.wikipedia.org/wiki/Campeonato_de_Primera_C_2015_(Argentina)
2015-10-30,15:15,Villa San Carlos,Deportivo Merlo,3,0,,,Primera B,2015,zonas,,Fecha 40,Genacio Sálice,false,https://es.wikipedia.org/wiki/Campeonato_de_Primera_B_2015_(Argentina)
2015-10-30,21:10,Godoy Cruz,Colón,1,3,,,Primera Division,2015,zonas,,Fecha 29,Malvinas Argentinas,false,https://es.wikipedia.org/wiki/Campeonato_de_Primera_División_2015_(Argentina)
2015-10-30,21:10,Sarmiento (J),Nueva Chicago,1,2,,,Primera Division,2015,zonas,,Fecha 29,Eva Perón,false,https://es.wikipedia.org/wiki/Campeonato_de_Primera_División_2015_(Argentina)
2015-10-31,11:00,Argentino de Quilmes,Talleres (RdE),0,1,,,Primera C,2015,zonas,,Fecha 36,Argentino de Quilmes,false,https://es.wikipedia.org/wiki/Campeonato_de_Primera_C_2015_(Argentina)
2015-10-31,11:00,Sportivo Italiano,Comunicaciones,1,0,,,Primera B,2015,zonas,,Fecha 40,República de Italia,false,https://es.wikipedia.org/wiki/Campeonato_de_Primera_B_2015_(Argentina)
2015-10-31,13:00,Los Andes,Villa Dálmine,0,1,,,Primera Nacional,2015,zonas,,Fecha 40,Eduardo Gallardón,false,https://es.wikipedia.org/wiki/Campeonato_de_Primera_B_Nacional_2015
2015-10-31,13:10,Platense,Brown de Adrogué,0,0,,,Primera B,2015,zonas,,Fecha 40,Ciudad de Vicente López,false,https://es.wikipedia.org/wiki/Campeonato_de_Primera_B_2015_(Argentina)
2015-10-31,14:00,Almagro,Deportivo Español,3,2,,,Primera B,2015,zonas,,Fecha 40,Tres de Febrero,false,https://es.wikipedia.org/wiki/Campeonato_de_Primera_B_2015_(Argentina)
2015-10-31,15:00,Barracas Central,Almirante Brown,3,0,,,Primera B,2015,zonas,,Fecha 40,Claudio Chiqui Tapia,false,https://es.wikipedia.org/wiki/Campeonato_de_Primera_B_2015_(Argentina)
2015-10-31,15:00,Defensores de Cambaceres,J. J. de Urquiza,0,0,,,Primera C,2015,zonas,,Fecha 28,12 de Octubre,false,https://es.wikipedia.org/wiki/Campeonato_de_Primera_C_2015_(Argentina)
2015-10-31,15:00,Deportivo Laferrere,Luján,0,2,,,Primera C,2015,zonas,,Fecha 28,José Luis Sánchez,false,https://es.wikipedia.org/wiki/Campeonato_de_Primera_C_2015_(Argentina)
2015-10-31,15:00,Tristán Suárez,Colegiales,1,2,,,Primera B,2015,zonas,,Fecha 40,20 de Octubre,false,https://es.wikipedia.org/wiki/Campeonato_de_Primera_B_2015_(Argentina)
2015-10-31,15:30,General Lamadrid,Sacachispas,0,0,,,Primera C,2015,zonas,,Fecha 36,Enrique Sexto,false,https://es.wikipedia.org/wiki/Campeonato_de_Primera_C_2015_(Argentina)
2015-10-31,16:30,Belgrano,Estudiantes (LP),2,1,,,Primera Division,2015,zonas,,Fecha 29,Mario Alberto Kempes,false,https://es.wikipedia.org/wiki/Campeonato_de_Primera_División_2015_(Argentina)
2015-10-31,17:00,All Boys,Guaraní Antonio Franco,2,0,,,Primera Nacional,2015,zonas,,Fecha 40,Islas Malvinas,false,https://es.wikipedia.org/wiki/Campeonato_de_Primera_B_Nacional_2015
2015-10-31,17:10,Gimnasia y Esgrima (LP),Atlético de Rafaela,1,0,,,Primera Division,2015,zonas,,Fecha 29,Del Bosque,false,https://es.wikipedia.org/wiki/Campeonato_de_Primera_División_2015_(Argentina)
2015-10-31,19:00,Vélez Sarsfield,River Plate,0,1,,,Primera Division,2015,zonas,,Fecha 29,José Amalfitani,false,https://es.wikipedia.org/wiki/Campeonato_de_Primera_División_2015_(Argentina)
2015-10-31,19:10,Defensores de Belgrano,UAI Urquiza,1,0,,,Primera B,2015,zonas,,Fecha 40,Juan Pasquale,false,https://es.wikipedia.org/wiki/Campeonato_de_Primera_B_2015_(Argentina)
2015-10-31,19:20,Unión,San Martín (SJ),0,0,,,Primera Division,2015,zonas,,Fecha 29,15 de abril,false,https://es.wikipedia.org/wiki/Campeonato_de_Primera_División_2015_(Argentina)
2015-10-31,20:30,Racing Club,Crucero del Norte,3,0,,,Primera Division,2015,zonas,,Fecha 29,El Cilindro,false,https://es.wikipedia.org/wiki/Campeonato_de_Primera_División_2015_(Argentina)
2015-10-31,21:10,Newell's Old Boys,Lanús,1,1,,,Primera Division,2015,zonas,,Fecha 29,Marcelo Bielsa,false,https://es.wikipedia.org/wiki/Campeonato_de_Primera_División_2015_(Argentina)
2015-10-31,21:30,Unión (MdP),Atlético Tucumán,1,2,,,Primera Nacional,2015,zonas,,Fecha 40,José María Minella,false,https://es.wikipedia.org/wiki/Campeonato_de_Primera_B_Nacional_2015
2015-11-01,12:00,Dock Sud,Excursionistas,2,0,,,Primera C,2015,zonas,,Fecha 36,De los Inmigrantes,false,https://es.wikipedia.org/wiki/Campeonato_de_Primera_C_2015_(Argentina)
2015-11-01,12:35,Acassuso,Estudiantes (BA),0,1,,,Primera B,2015,zonas,,Fecha 40,Ciudad de Vicente López,false,https://es.wikipedia.org/wiki/Campeonato_de_Primera_B_2015_(Argentina)
2015-11-01,15:00,Fénix,Atlanta,2,2,,,Primera B,2015,zonas,,Fecha 40,Armenia,false,https://es.wikipedia.org/wiki/Campeonato_de_Primera_B_2015_(Argentina)
2015-11-01,15:30,Quilmes,Huracán,2,1,,,Primera Division,2015,zonas,,Fecha 29,Centenario,false,https://es.wikipedia.org/wiki/Campeonato_de_Primera_División_2015_(Argentina)
2015-11-01,15:45,Douglas Haig,Chacarita Juniors,2,1,,,Primera Nacional,2015,zonas,,Fecha 40,Miguel Morales,false,https://es.wikipedia.org/wiki/Campeonato_de_Primera_B_Nacional_2015
2015-11-01,15:45,Juventud Unida (G),Atlético Paraná,0,1,,,Primera Nacional,2015,zonas,,Fecha 40,De los Eucaliptos,false,https://es.wikipedia.org/wiki/Campeonato_de_Primera_B_Nacional_2015
2015-11-01,16:00,Boca Unidos,Ferro Carril Oeste,0,0,,,Primera Nacional,2015,zonas,,Fecha 40,Leoncio Benítez,false,https://es.wikipedia.org/wiki/Campeonato_de_Primera_B_Nacional_2015
2015-11-01,16:00,Gimnasia y Esgrima (M),Central Córdoba (SdE),0,1,,,Primera Nacional,2015,zonas,,Fecha 40,Víctor Antonio Legrotaglie,false,https://es.wikipedia.org/wiki/Campeonato_de_Primera_B_Nacional_2015
2015-11-01,17:00,Gimnasia y Esgrima (J),Ramón Santamarina,1,1,,,Primera Nacional,2015,zonas,,Fecha 40,23 de agosto,false,https://es.wikipedia.org/wiki/Campeonato_de_Primera_B_Nacional_2015
2015-11-01,18:00,Banfield,Rosario Central,2,1,,,Primera Division,2015,zonas,,Fecha 29,Florencio Sola,false,https://es.wikipedia.org/wiki/Campeonato_de_Primera_División_2015_(Argentina)
2015-11-01,18:00,Boca Juniors,Tigre,1,0,,,Primera Division,2015,zonas,,Fecha 29,La Bombonera,false,https://es.wikipedia.org/wiki/Campeonato_de_Primera_División_2015_(Argentina)
2015-11-01,18:00,San Lorenzo,Temperley,2,0,,,Primera Division,2015,zonas,,Fecha 29,Nuevo Gasómetro,false,https://es.wikipedia.org/wiki/Campeonato_de_Primera_División_2015_(Argentina)
2015-11-01,18:10,Sportivo Estudiantes (SL),Instituto,1,3,,,Primera Nacional,2015,zonas,,Fecha 40,El Coliseo,false,https://es.wikipedia.org/wiki/Campeonato_de_Primera_B_Nacional_2015
2015-11-01,20:30,Patronato,Independiente Rivadavia,1,0,,,Primera Nacional,2015,zonas,,Fecha 40,Presbítero Bartolomé Grella,false,https://es.wikipedia.org/wiki/Campeonato_de_Primera_B_Nacional_2015
2015-11-01,20:30,Sportivo Belgrano,Guillermo Brown,0,2,,,Primera Nacional,2015,zonas,,Fecha 40,Oscar C. Boero,false,https://es.wikipedia.org/wiki/Campeonato_de_Primera_B_Nacional_2015
2015-11-01,21:30,Aldosivi,Independiente,1,0,,,Primera Division,2015,zonas,,Fecha 29,José María Minella,false,https://es.wikipedia.org/wiki/Campeonato_de_Primera_División_2015_(Argentina)
2015-11-02,15:00,Argentino de Merlo,Juventud Unida,3,0,,,Primera C,2015,zonas,,Fecha 36,Merlo,false,https://es.wikipedia.org/wiki/Campeonato_de_Primera_C_2015_(Argentina)
2015-11-02,15:00,Cañuelas,Berazategui,0,1,,,Primera C,2015,zonas,,Fecha 36,José Alfredo Arín,false,https://es.wikipedia.org/wiki/Campeonato_de_Primera_C_2015_(Argentina)
2015-11-02,15:00,Deportivo Morón,Flandria,1,1,,,Primera B,2015,zonas,,Fecha 40,Nuevo Francisco Urbano,false,https://es.wikipedia.org/wiki/Campeonato_de_Primera_B_2015_(Argentina)
2015-11-02,15:00,Luján,San Telmo,2,3,,,Primera C,2015,zonas,,Fecha 36,Municipal de la Ciudad de Luján,false,https://es.wikipedia.org/wiki/Campeonato_de_Primera_C_2015_(Argentina)
2015-11-02,15:00,San Martín (B),Defensores de Cambaceres,4,2,,,Primera C,2015,zonas,,Fecha 36,Francisco Boga,false,https://es.wikipedia.org/wiki/Campeonato_de_Primera_C_2015_(Argentina)
2015-11-02,15:10,Defensores Unidos,J. J. de Urquiza,1,0,,,Primera C,2015,zonas,,Fecha 36,Gigante de Villa Fox,false,https://es.wikipedia.org/wiki/Campeonato_de_Primera_C_2015_(Argentina)
2015-11-02,20:00,Arsenal,Defensa y Justicia,1,0,,,Primera Division,2015,zonas,,Fecha 29,El Viaducto,false,https://es.wikipedia.org/wiki/Campeonato_de_Primera_División_2015_(Argentina)
2015-11-02,21:10,Argentinos Juniors,Olimpo,0,1,,,Primera Division,2015,zonas,,Fecha 29,Diego Armando Maradona,false,https://es.wikipedia.org/wiki/Campeonato_de_Primera_División_2015_(Argentina)
2015-11-03,15:00,Deportivo Laferrere,Central Córdoba (R),1,0,,,Primera C,2015,zonas,,Fecha 36,José Luis Sánchez,false,https://es.wikipedia.org/wiki/Campeonato_de_Primera_C_2015_(Argentina)
2015-11-03,15:00,Deportivo Riestra,Deportivo Armenio,2,0,,,Primera B,2015,zonas,,Fecha 40,Guillermo Laza,false,https://es.wikipedia.org/wiki/Campeonato_de_Primera_B_2015_(Argentina)
2015-11-04,,Rosario Central,Boca Juniors,0,2,,,Copa Argentina,2015,eliminacion,,Final,Mario Alberto Kempes,true,https://es.wikipedia.org/wiki/Copa_Argentina_2014-15
2015-11-06,15:00,UAI Urquiza,Villa San Carlos,0,0,,,Primera B,2015,zonas,,Fecha 41,Monumental de Villa Lynch,false,https://es.wikipedia.org/wiki/Campeonato_de_Primera_B_2015_(Argentina)
2015-11-06,21:10,Lanús,Sarmiento (J),2,1,,,Primera Division,2015,zonas,,Fecha 30,Ciudad de Lanús,false,https://es.wikipedia.org/wiki/Campeonato_de_Primera_División_2015_(Argentina)
2015-11-07,12:00,Central Córdoba (R),San Miguel,2,2,,,Primera C,2015,zonas,,Fecha 37,Gabino Sosa,false,https://es.wikipedia.org/wiki/Campeonato_de_Primera_C_2015_(Argentina)
2015-11-07,12:00,Excursionistas,Deportivo Laferrere,1,0,,,Primera C,2015,zonas,,Fecha 37,Excursionistas,false,https://es.wikipedia.org/wiki/Campeonato_de_Primera_C_2015_(Argentina)
2015-11-07,12:00,San Telmo,Cañuelas,1,0,,,Primera C,2015,zonas,,Fecha 37,Dr. Osvaldo Baletto,false,https://es.wikipedia.org/wiki/Campeonato_de_Primera_C_2015_(Argentina)
2015-11-07,12:00,Talleres (RdE),Berazategui,1,1,,,Primera C,2015,zonas,,Fecha 37,Talleres de Remedios de Escalada,false,https://es.wikipedia.org/wiki/Campeonato_de_Primera_C_2015_(Argentina)
2015-11-07,13:10,Comunicaciones,Almagro,0,2,,,Primera B,2015,zonas,,Fecha 41,Alfredo Ramos,false,https://es.wikipedia.org/wiki/Campeonato_de_Primera_B_2015_(Argentina)
2015-11-07,14:00,Chacarita Juniors,Gimnasia y Esgrima (J),0,2,,,Primera Nacional,2015,zonas,,Fecha 41,Chacarita Juniors,false,https://es.wikipedia.org/wiki/Campeonato_de_Primera_B_Nacional_2015
2015-11-07,15:00,Deportivo Armenio,Deportivo Español,1,1,,,Primera B,2015,zonas,,Fecha 41,Armenia,false,https://es.wikipedia.org/wiki/Campeonato_de_Primera_B_2015_(Argentina)
2015-11-07,15:00,Sacachispas,Argentino de Merlo,1,4,,,Primera C,2015,zonas,,Fecha 37,Beto Larrosa,false,https://es.wikipedia.org/wiki/Campeonato_de_Primera_C_2015_(Argentina)
2015-11-07,15:30,Defensa y Justicia,Godoy Cruz,1,1,,,Primera Division,2015,zonas,,Fecha 30,Norberto Tomaghello,false,https://es.wikipedia.org/wiki/Campeonato_de_Primera_División_2015_(Argentina)
2015-11-07,16:15,Villa Dálmine,Boca Unidos,1,2,,,Primera Nacional,2015,zonas,,Fecha 41,El Coliseo de Mitre y Puccini,false,https://es.wikipedia.org/wiki/Campeonato_de_Primera_B_Nacional_2015
2015-11-07,16:30,Independiente Rivadavia,All Boys,0,0,,,Primera Nacional,2015,zonas,,Fecha 41,Bautista Gargantini,false,https://es.wikipedia.org/wiki/Campeonato_de_Primera_B_Nacional_2015
2015-11-07,18:00,Colón,Gimnasia y Esgrima (LP),2,1,,,Primera Division,2015,zonas,,Fecha 30,Brigadier Estanislao López,false,https://es.wikipedia.org/wiki/Campeonato_de_Primera_División_2015_(Argentina)
2015-11-07,18:30,San Martín (SJ),Arsenal,1,0,,,Primera Division,2015,zonas,,Fecha 30,Ingeniero Hilario Sánchez,false,https://es.wikipedia.org/wiki/Campeonato_de_Primera_División_2015_(Argentina)
2015-11-07,20:30,Estudiantes (LP),Unión,2,0,,,Primera Division,2015,zonas,,Fecha 30,El Viaducto,false,https://es.wikipedia.org/wiki/Campeonato_de_Primera_División_2015_(Argentina)
2015-11-07,20:30,Olimpo,Banfield,1,2,,,Primera Division,2015,zonas,,Fecha 30,Roberto N. Carminatti,false,https://es.wikipedia.org/wiki/Campeonato_de_Primera_División_2015_(Argentina)
2015-11-08,11:00,Argentino de Quilmes,San Martín (B),2,1,,,Primera C,2015,zonas,,Fecha 37,Argentino de Quilmes,false,https://es.wikipedia.org/wiki/Campeonato_de_Primera_C_2015_(Argentina)
2015-11-08,11:00,Atlanta,Sportivo Italiano,2,1,,,Primera B,2015,zonas,,Fecha 41,Don León Kolbovsky,false,https://es.wikipedia.org/wiki/Campeonato_de_Primera_B_2015_(Argentina)
2015-11-08,11:00,Colegiales,Deportivo Morón,0,1,,,Primera B,2015,zonas,,Fecha 41,Colegiales,false,https://es.wikipedia.org/wiki/Campeonato_de_Primera_B_2015_(Argentina)
2015-11-08,11:00,Deportivo Merlo,Platense,2,1,,,Primera B,2015,zonas,,Fecha 41,José Manuel Moreno,false,https://es.wikipedia.org/wiki/Campeonato_de_Primera_B_2015_(Argentina)
2015-11-08,11:05,Flandria,Fénix,1,0,,,Primera B,2015,zonas,,Fecha 41,Carlos V,false,https://es.wikipedia.org/wiki/Campeonato_de_Primera_B_2015_(Argentina)
2015-11-08,12:05,Almirante Brown,Defensores de Belgrano,0,0,,,Primera B,2015,zonas,,Fecha 41,Fragata Presidente Sarmiento,false,https://es.wikipedia.org/wiki/Campeonato_de_Primera_B_2015_(Argentina)
2015-11-08,12:05,Brown de Adrogué,Tristán Suárez,0,0,,,Primera B,2015,zonas,,Fecha 41,Lorenzo Arandilla,false,https://es.wikipedia.org/wiki/Campeonato_de_Primera_B_2015_(Argentina)
2015-11-08,12:10,Estudiantes (BA),Barracas Central,1,2,,,Primera B,2015,zonas,,Fecha 41,Ciudad de Caseros,false,https://es.wikipedia.org/wiki/Campeonato_de_Primera_B_2015_(Argentina)
2015-11-08,16:00,Juventud Unida (G),Patronato,1,1,,,Primera Nacional,2015,zonas,,Fecha 41,De los Eucaliptos,false,https://es.wikipedia.org/wiki/Campeonato_de_Primera_B_Nacional_2015
2015-11-08,16:00,River Plate,Newell's Old Boys,0,2,,,Primera Division,2015,zonas,,Fecha 30,Monumental,false,https://es.wikipedia.org/wiki/Campeonato_de_Primera_División_2015_(Argentina)
2015-11-08,17:00,Atlético Paraná,Central Córdoba (SdE),1,1,,,Primera Nacional,2015,zonas,,Fecha 41,Pedro Mutio,false,https://es.wikipedia.org/wiki/Campeonato_de_Primera_B_Nacional_2015
2015-11-08,17:00,Ferro Carril Oeste,Gimnasia y Esgrima (M),1,0,,,Primera Nacional,2015,zonas,,Fecha 41,Arquitecto Ricardo Etcheverri,false,https://es.wikipedia.org/wiki/Campeonato_de_Primera_B_Nacional_2015
2015-11-08,17:00,Guaraní Antonio Franco,Douglas Haig,4,0,,,Primera Nacional,2015,zonas,,Fecha 41,C. A. Fernández de Oliveira,false,https://es.wikipedia.org/wiki/Campeonato_de_Primera_B_Nacional_2015
2015-11-08,17:00,Guillermo Brown,Unión (MdP),2,0,,,Primera Nacional,2015,zonas,,Fecha 41,Raúl Conti,false,https://es.wikipedia.org/wiki/Campeonato_de_Primera_B_Nacional_2015
2015-11-08,17:00,Instituto,Sportivo Belgrano,1,1,,,Primera Nacional,2015,zonas,,Fecha 41,Juan Domingo Perón,false,https://es.wikipedia.org/wiki/Campeonato_de_Primera_B_Nacional_2015
2015-11-08,18:15,Atlético de Rafaela,San Lorenzo,0,1,,,Primera Division,2015,zonas,,Fecha 30,Nuevo Monumental,false,https://es.wikipedia.org/wiki/Campeonato_de_Primera_División_2015_(Argentina)
2015-11-08,18:15,Rosario Central,Boca Juniors,3,1,,,Primera Division,2015,zonas,,Fecha 30,Gigante de Arroyito,false,https://es.wikipedia.org/wiki/Campeonato_de_Primera_División_2015_(Argentina)
2015-11-08,18:15,Tigre,Racing Club,0,0,,,Primera Division,2015,zonas,,Fecha 30,Monumental de Victoria,false,https://es.wikipedia.org/wiki/Campeonato_de_Primera_División_2015_(Argentina)
2015-11-08,20:30,Atlético Tucumán,Los Andes,5,0,,,Primera Nacional,2015,zonas,,Fecha 41,Monumental José Fierro,false,https://es.wikipedia.org/wiki/Campeonato_de_Primera_B_Nacional_2015
2015-11-08,21:30,Independiente,Vélez Sarsfield,1,0,,,Primera Division,2015,zonas,,Fecha 30,Libertadores de América,false,https://es.wikipedia.org/wiki/Campeonato_de_Primera_División_2015_(Argentina)
2015-11-09,15:00,Defensores de Cambaceres,Dock Sud,2,0,,,Primera C,2015,zonas,,Fecha 37,12 de Octubre,false,https://es.wikipedia.org/wiki/Campeonato_de_Primera_C_2015_(Argentina)
2015-11-09,15:00,J. J. de Urquiza,Luján,2,0,,,Primera C,2015,zonas,,Fecha 37,Ramón Roque Martín,false,https://es.wikipedia.org/wiki/Campeonato_de_Primera_C_2015_(Argentina)
2015-11-09,15:10,Ferrocarril Midland,General Lamadrid,2,0,,,Primera C,2015,zonas,,Fecha 37,Ciudad de Libertad,false,https://es.wikipedia.org/wiki/Campeonato_de_Primera_C_2015_(Argentina)
2015-11-09,15:30,Huracán,Belgrano,1,1,,,Primera Division,2015,zonas,,Fecha 30,Tomás A. Ducó,false,https://es.wikipedia.org/wiki/Campeonato_de_Primera_División_2015_(Argentina)
2015-11-09,15:30,Juventud Unida,Defensores Unidos,2,0,,,Primera C,2015,zonas,,Fecha 37,Ciudad de San Miguel,false,https://es.wikipedia.org/wiki/Campeonato_de_Primera_C_2015_(Argentina)
2015-11-09,15:30,Nueva Chicago,Quilmes,2,1,,,Primera Division,2015,zonas,,Fecha 30,República de Mataderos,false,https://es.wikipedia.org/wiki/Campeonato_de_Primera_División_2015_(Argentina)
2015-11-09,15:30,Temperley,Argentinos Juniors,0,0,,,Primera Division,2015,zonas,,Fecha 30,Alfredo Beranger,false,https://es.wikipedia.org/wiki/Campeonato_de_Primera_División_2015_(Argentina)
2015-11-09,20:10,Crucero del Norte,Aldosivi,0,2,,,Primera Division,2015,zonas,,Fecha 30,Comandante Andrés Guacurarí,false,https://es.wikipedia.org/wiki/Campeonato_de_Primera_División_2015_(Argentina)
2015-11-09,20:30,Ramón Santamarina,Sportivo Estudiantes (SL),1,0,,,Primera Nacional,2015,zonas,,Fecha 41,Municipal General San Martín,false,https://es.wikipedia.org/wiki/Campeonato_de_Primera_B_Nacional_2015
2015-11-10,15:00,Deportivo Riestra,Acassuso,0,0,,,Primera B,2015,zonas,,Fecha 41,Guillermo Laza,false,https://es.wikipedia.org/wiki/Campeonato_de_Primera_B_2015_(Argentina)
2015-11-13,17:00,Almagro,Atlanta,0,0,,,Primera B,2015,zonas,,Fecha 42,Tres de Febrero,false,https://es.wikipedia.org/wiki/Campeonato_de_Primera_B_2015_(Argentina)
2015-11-13,17:00,San Miguel,Excursionistas,1,2,,,Primera C,2015,zonas,,Fecha 38,Malvinas Argentinas,false,https://es.wikipedia.org/wiki/Campeonato_de_Primera_C_2015_(Argentina)
2015-11-13,17:00,Sportivo Italiano,Flandria,0,2,,,Primera B,2015,zonas,,Fecha 42,República de Italia,false,https://es.wikipedia.org/wiki/Campeonato_de_Primera_B_2015_(Argentina)
2015-11-13,17:00,Villa San Carlos,Almirante Brown,1,1,,,Primera B,2015,zonas,,Fecha 42,Genacio Sálice,false,https://es.wikipedia.org/wiki/Campeonato_de_Primera_B_2015_(Argentina)
2015-11-14,17:00,All Boys,Juventud Unida (G),0,1,,,Primera Nacional,2015,zonas,,Fecha 42,Islas Malvinas,false,https://es.wikipedia.org/wiki/Campeonato_de_Primera_B_Nacional_2015
2015-11-14,17:00,Barracas Central,Deportivo Riestra,5,4,,,Primera B,2015,zonas,,Fecha 42,Claudio Chiqui Tapia,false,https://es.wikipedia.org/wiki/Campeonato_de_Primera_B_2015_(Argentina)
2015-11-14,17:00,Boca Unidos,Atlético Tucumán,0,0,,,Primera Nacional,2015,zonas,,Fecha 42,Leoncio Benítez,false,https://es.wikipedia.org/wiki/Campeonato_de_Primera_B_Nacional_2015
2015-11-14,17:00,Cañuelas,J. J. de Urquiza,1,2,,,Primera C,2015,zonas,,Fecha 38,José Alfredo Arín,false,https://es.wikipedia.org/wiki/Campeonato_de_Primera_C_2015_(Argentina)
2015-11-14,17:00,Deportivo Español,Comunicaciones,2,0,,,Primera B,2015,zonas,,Fecha 42,Nueva España,false,https://es.wikipedia.org/wiki/Campeonato_de_Primera_B_2015_(Argentina)
2015-11-14,17:00,Dock Sud,Argentino de Quilmes,1,1,,,Primera C,2015,zonas,,Fecha 38,De los Inmigrantes,false,https://es.wikipedia.org/wiki/Campeonato_de_Primera_C_2015_(Argentina)
2015-11-14,17:00,Fénix,Colegiales,2,2,,,Primera B,2015,zonas,,Fecha 42,Armenia,false,https://es.wikipedia.org/wiki/Campeonato_de_Primera_B_2015_(Argentina)
2015-11-14,17:00,General Lamadrid,Central Córdoba (R),2,1,,,Primera C,2015,zonas,,Fecha 38,Enrique Sexto,false,https://es.wikipedia.org/wiki/Campeonato_de_Primera_C_2015_(Argentina)
2015-11-14,17:00,Luján,Juventud Unida,3,1,,,Primera C,2015,zonas,,Fecha 38,Municipal de la Ciudad de Luján,false,https://es.wikipedia.org/wiki/Campeonato_de_Primera_C_2015_(Argentina)
2015-11-14,17:00,Platense,UAI Urquiza,2,0,,,Primera B,2015,zonas,,Fecha 42,Ciudad de Vicente López,false,https://es.wikipedia.org/wiki/Campeonato_de_Primera_B_2015_(Argentina)
2015-11-14,17:00,Tristán Suárez,Deportivo Merlo,2,0,,,Primera B,2015,zonas,,Fecha 42,20 de Octubre,false,https://es.wikipedia.org/wiki/Campeonato_de_Primera_B_2015_(Argentina)
2015-11-14,17:30,Defensores de Belgrano,Estudiantes (BA),0,0,,,Primera B,2015,zonas,,Fecha 42,Juan Pasquale,false,https://es.wikipedia.org/wiki/Campeonato_de_Primera_B_2015_(Argentina)
2015-11-14,17:30,Deportivo Morón,Brown de Adrogué,1,2,,,Primera B,2015,zonas,,Fecha 42,Nuevo Francisco Urbano,false,https://es.wikipedia.org/wiki/Campeonato_de_Primera_B_2015_(Argentina)
2015-11-14,21:30,Patronato,Atlético Paraná,2,1,,,Primera Nacional,2015,zonas,,Fecha 42,Presbítero Bartolomé Grella,false,https://es.wikipedia.org/wiki/Campeonato_de_Primera_B_Nacional_2015
2015-11-15,17:00,Acassuso,Deportivo Armenio,1,0,,,Primera B,2015,zonas,,Fecha 42,Ciudad de Vicente López,false,https://es.wikipedia.org/wiki/Campeonato_de_Primera_B_2015_(Argentina)
2015-11-15,17:00,Berazategui,San Telmo,2,2,,,Primera C,2015,zonas,,Fecha 38,Gildo Francisco Ghersinich,false,https://es.wikipedia.org/wiki/Campeonato_de_Primera_C_2015_(Argentina)
2015-11-15,17:00,Central Córdoba (SdE),Ferro Carril Oeste,1,0,,,Primera Nacional,2015,zonas,,Fecha 42,Alfredo Terrera,false,https://es.wikipedia.org/wiki/Campeonato_de_Primera_B_Nacional_2015
2015-11-15,17:00,Defensores Unidos,Sacachispas,1,0,,,Primera C,2015,zonas,,Fecha 38,Gigante de Villa Fox,false,https://es.wikipedia.org/wiki/Campeonato_de_Primera_C_2015_(Argentina)
2015-11-15,17:00,Gimnasia y Esgrima (J),Guaraní Antonio Franco,1,0,,,Primera Nacional,2015,zonas,,Fecha 42,23 de agosto,false,https://es.wikipedia.org/wiki/Campeonato_de_Primera_B_Nacional_2015
2015-11-15,17:00,Gimnasia y Esgrima (M),Villa Dálmine,1,0,,,Primera Nacional,2015,zonas,,Fecha 42,Víctor Antonio Legrotaglie,false,https://es.wikipedia.org/wiki/Campeonato_de_Primera_B_Nacional_2015
2015-11-15,17:00,Los Andes,Guillermo Brown,2,2,,,Primera Nacional,2015,zonas,,Fecha 42,Eduardo Gallardón,false,https://es.wikipedia.org/wiki/Campeonato_de_Primera_B_Nacional_2015
2015-11-15,17:00,San Martín (B),Talleres (RdE),1,1,,,Primera C,2015,zonas,,Fecha 38,Francisco Boga,false,https://es.wikipedia.org/wiki/Campeonato_de_Primera_C_2015_(Argentina)
2015-11-15,17:00,Sportivo Belgrano,Ramón Santamarina,2,0,,,Primera Nacional,2015,zonas,,Fecha 42,Oscar C. Boero,false,https://es.wikipedia.org/wiki/Campeonato_de_Primera_B_Nacional_2015
2015-11-15,17:00,Sportivo Estudiantes (SL),Chacarita Juniors,3,2,,,Primera Nacional,2015,zonas,,Fecha 42,El Coliseo,false,https://es.wikipedia.org/wiki/Campeonato_de_Primera_B_Nacional_2015
2015-11-15,17:00,Unión (MdP),Instituto,2,2,,,Primera Nacional,2015,zonas,,Fecha 42,José María Minella,false,https://es.wikipedia.org/wiki/Campeonato_de_Primera_B_Nacional_2015
2015-11-15,17:30,Douglas Haig,Independiente Rivadavia,3,1,,,Primera Nacional,2015,zonas,,Fecha 42,Miguel Morales,false,https://es.wikipedia.org/wiki/Campeonato_de_Primera_B_Nacional_2015
2015-11-16,17:00,Deportivo Laferrere,Defensores de Cambaceres,0,0,,,Primera C,2015,zonas,,Fecha 38,José Luis Sánchez,false,https://es.wikipedia.org/wiki/Campeonato_de_Primera_C_2015_(Argentina)
2015-11-18,,Atlanta,Almagro,1,2,,,Primera B,2015,eliminacion,,Cuartos,Estadio Don León Kolbowsky,false,https://es.wikipedia.org/wiki/Campeonato_de_Primera_B_2015_(Argentina)
2015-11-18,,Barracas Central,Deportivo Morón,0,2,,,Primera B,2015,eliminacion,,Cuartos,Estadio Claudio Chiqui Tapia,false,https://es.wikipedia.org/wiki/Campeonato_de_Primera_B_2015_(Argentina)
2015-11-18,,Defensores de Belgrano,Tristán Suárez,1,1,3,2,Primera B,2015,eliminacion,,Cuartos,Estadio Juan Pasquale,false,https://es.wikipedia.org/wiki/Campeonato_de_Primera_B_2015_(Argentina)
2015-11-18,,Estudiantes (BA),Platense,2,0,,,Primera B,2015,eliminacion,,Cuartos,Estadio Ciudad de Caseros,false,https://es.wikipedia.org/wiki/Campeonato_de_Primera_B_2015_(Argentina)
2015-11-18,17:00,Argentino de Merlo,Ferrocarril Midland,0,1,,,Primera C,2015,zonas,,Fecha 38,Ramón Roque Martín,false,https://es.wikipedia.org/wiki/Campeonato_de_Primera_C_2015_(Argentina)
2015-11-19,19:00,Instituto,Patronato,1,1,,,Primera Nacional,2015,eliminacion,,Semifinal 1,Juan D. Perón,false,https://es.wikipedia.org/wiki/Campeonato_de_Primera_B_Nacional_2015
2015-11-19,19:00,Tigre,Colón,1,4,,,Primera Division,2015,eliminacion,,Llave 2,Monumental de Victoria,false,https://es.wikipedia.org/wiki/Campeonato_de_Primera_División_2015_(Argentina)
2015-11-19,21:15,Ramón Santamarina,Ferro Carril Oeste,2,2,,,Primera Nacional,2015,eliminacion,,Semifinal 2,Municipal Gral. San Martín,false,https://es.wikipedia.org/wiki/Campeonato_de_Primera_B_Nacional_2015
2015-11-19,21:30,Independiente,Belgrano,4,1,,,Primera Division,2015,eliminacion,,Semifinal 2,Libertadores de América,false,https://es.wikipedia.org/wiki/Campeonato_de_Primera_División_2015_(Argentina)
2015-11-20,17:00,Gimnasia y Esgrima (LP),San Martín (SJ),5,1,,,Primera Division,2015,eliminacion,,Llave 4,Juan Carmelo Zerillo,false,https://es.wikipedia.org/wiki/Campeonato_de_Primera_División_2015_(Argentina)
2015-11-20,21:30,Racing Club,Estudiantes (LP),2,1,,,Primera Division,2015,eliminacion,,Semifinal 1,El Cilindro,false,https://es.wikipedia.org/wiki/Campeonato_de_Primera_División_2015_(Argentina)
2015-11-20,21:30,Unión,Aldosivi,1,2,,,Primera Division,2015,eliminacion,,Llave 6,15 de abril,false,https://es.wikipedia.org/wiki/Campeonato_de_Primera_División_2015_(Argentina)
2015-11-23,19:00,Quilmes,Olimpo,0,1,,,Primera Division,2015,eliminacion,,Llave 3,Centenario,false,https://es.wikipedia.org/wiki/Campeonato_de_Primera_División_2015_(Argentina)
2015-11-23,21:30,Lanús,Newell's Old Boys,2,1,,,Primera Division,2015,eliminacion,,Llave 5,Ciudad de Lanús,false,https://es.wikipedia.org/wiki/Campeonato_de_Primera_División_2015_(Argentina)
2015-11-24,,Central Córdoba (R),Deportivo Laferrere,0,1,,,Primera C,2015,eliminacion,,Semifinales,Estadio Gabino Sosa,false,https://es.wikipedia.org/wiki/Campeonato_de_Primera_C_2015_(Argentina)
2015-11-24,,Defensores de Belgrano,Deportivo Morón,1,2,,,Primera B,2015,eliminacion,,Semifinales,Estadio Juan Pasquale,false,https://es.wikipedia.org/wiki/Campeonato_de_Primera_B_2015_(Argentina)
2015-11-24,,Dock Sud,Talleres (RdE),0,0,,,Primera C,2015,eliminacion,,Semifinales,Estadio De los Inmigrantes,false,https://es.wikipedia.org/wiki/Campeonato_de_Primera_C_2015_(Argentina)
2015-11-24,,Estudiantes (BA),Almagro,1,3,,,Primera B,2015,eliminacion,,Semifinales,Estadio Ciudad de Caseros,false,https://es.wikipedia.org/wiki/Campeonato_de_Primera_B_2015_(Argentina)
2015-11-24,21:15,Banfield,Argentinos Juniors,1,0,,,Primera Division,2015,eliminacion,,Llave 1,Florencio Sola,false,https://es.wikipedia.org/wiki/Campeonato_de_Primera_División_2015_(Argentina)
2015-11-25,,Gimnasia y Esgrima (M),Guillermo Brown,1,1,,,Primera Nacional,2015,eliminacion,,Desempate,Diego A. Maradona,true,https://es.wikipedia.org/wiki/Campeonato_de_Primera_B_Nacional_2015
2015-11-25,19:00,Ferro Carril Oeste,Ramón Santamarina,0,2,,,Primera Nacional,2015,eliminacion,,Semifinal 2,Arq. Ricardo Etcheverri,false,https://es.wikipedia.org/wiki/Campeonato_de_Primera_B_Nacional_2015
2015-11-25,21:30,Patronato,Instituto,3,1,,,Primera Nacional,2015,eliminacion,,Semifinal 1,Presbítero Bartolomé Grella,false,https://es.wikipedia.org/wiki/Campeonato_de_Primera_B_Nacional_2015
2015-11-28,,Almagro,Deportivo Morón,4,0,,,Primera B,2015,eliminacion,,Final,Estadio Tres de Febrero,false,https://es.wikipedia.org/wiki/Campeonato_de_Primera_B_2015_(Argentina)
2015-11-28,17:00,Colón,Belgrano,0,1,,,Primera Division,2015,eliminacion,,Llave 1,Brigadier Estanislao López,false,https://es.wikipedia.org/wiki/Campeonato_de_Primera_División_2015_(Argentina)
2015-11-28,18:00,Olimpo,Estudiantes (LP),0,1,,,Primera Division,2015,eliminacion,,Llave 2,Roberto N. Carminatti,false,https://es.wikipedia.org/wiki/Campeonato_de_Primera_División_2015_(Argentina)
2015-11-28,20:15,Lanús,Gimnasia y Esgrima (LP),1,0,,,Primera Division,2015,eliminacion,,Llave 4,Ciudad de Lanús,false,https://es.wikipedia.org/wiki/Campeonato_de_Primera_División_2015_(Argentina)
2015-11-29,18:15,Independiente,Racing Club,0,2,,,Primera Division,2015,eliminacion,,Final,Libertadores de América,false,https://es.wikipedia.org/wiki/Campeonato_de_Primera_División_2015_(Argentina)
2015-11-29,20:30,Ramón Santamarina,Patronato,3,1,,,Primera Nacional,2015,eliminacion,,Final,Municipal Gral. San Martín,false,https://es.wikipedia.org/wiki/Campeonato_de_Primera_B_Nacional_2015
2015-11-29,21:30,Aldosivi,Banfield,2,3,,,Primera Division,2015,eliminacion,,Llave 3,José María Minella,false,https://es.wikipedia.org/wiki/Campeonato_de_Primera_División_2015_(Argentina)
2015-11-30,,Deportivo Laferrere,Central Córdoba (R),0,1,3,5,Primera C,2015,eliminacion,,Semifinales,Estadio José Luis Sánchez,false,https://es.wikipedia.org/wiki/Campeonato_de_Primera_C_2015_(Argentina)
2015-11-30,,Talleres (RdE),Dock Sud,2,0,,,Primera C,2015,eliminacion,,Semifinales,Estadio Talleres (RdE),false,https://es.wikipedia.org/wiki/Campeonato_de_Primera_C_2015_(Argentina)
2015-12-04,,Central Córdoba (R),Talleres (RdE),0,1,,,Primera C,2015,eliminacion,,Final,Estadio Gabino Sosa,false,https://es.wikipedia.org/wiki/Campeonato_de_Primera_C_2015_(Argentina)
2015-12-05,18:00,Banfield,Aldosivi,1,1,,,Primera Division,2015,eliminacion,,Llave 3,Florencio Sola,false,https://es.wikipedia.org/wiki/Campeonato_de_Primera_División_2015_(Argentina)
2015-12-05,19:00,Belgrano,Colón,1,1,,,Primera Division,2015,eliminacion,,Llave 1,Mario Alberto Kempes,false,https://es.wikipedia.org/wiki/Campeonato_de_Primera_División_2015_(Argentina)
2015-12-05,21:30,Estudiantes (LP),Olimpo,4,0,,,Primera Division,2015,eliminacion,,Llave 2,El Viaducto,false,https://es.wikipedia.org/wiki/Campeonato_de_Primera_División_2015_(Argentina)
2015-12-06,18:15,Racing Club,Independiente,1,2,,,Primera Division,2015,eliminacion,,Final,El Cilindro,false,https://es.wikipedia.org/wiki/Campeonato_de_Primera_División_2015_(Argentina)
2015-12-06,21:30,Gimnasia y Esgrima (LP),Lanús,1,2,,,Primera Division,2015,eliminacion,,Llave 4,Juan Carmelo Zerillo,false,https://es.wikipedia.org/wiki/Campeonato_de_Primera_División_2015_(Argentina)
2015-12-07,,Deportivo Morón,Almagro,1,1,,,Primera B,2015,eliminacion,,Final,Estadio Nuevo Francisco Urbano,false,https://es.wikipedia.org/wiki/Campeonato_de_Primera_B_2015_(Argentina)
2015-12-08,,Talleres (RdE),Central Córdoba (R),0,0,,,Primera C,2015,eliminacion,,Final,Estadio Talleres (RdE),false,https://es.wikipedia.org/wiki/Campeonato_de_Primera_C_2015_(Argentina)
