date,time,home_team,away_team,home_score,away_score,home_pens,away_pens,tournament,season,phase,group,matchday,venue,neutral,source
2017-04-25,,Rosario Central,Cañuelas,1,0,,,Copa Argentina,2017,eliminacion,,Treintaidosavos,15 de abril,true,https://es.wikipedia.org/wiki/Copa_Argentina_2016-17
2017-05-03,,Banfield,Chaco For Ever,1,0,,,Copa Argentina,2017,eliminacion,,Treintaidosavos,Centenario Ciudad de Quilmes,true,https://es.wikipedia.org/wiki/Copa_Argentina_2016-17
2017-05-23,,Talleres (C),Defensores de Belgrano,1,0,,,Copa Argentina,2017,eliminacion,,Treintaidosavos,Nuevo Monumental,true,https://es.wikipedia.org/wiki/Copa_Argentina_2016-17
2017-05-24,,Defensa y Justicia,Sol de Mayo (V),3,0,,,Copa Argentina,2017,eliminacion,,Treintaidosavos,Florencio Sola,true,https://es.wikipedia.org/wiki/Copa_Argentina_2016-17
2017-05-25,,Vélez Sarsfield,Leandro N. Alem,1,0,,,Copa Argentina,2017,eliminacion,,Treintaidosavos,Antonio Romero,true,https://es.wikipedia.org/wiki/Copa_Argentina_2016-17
2017-06-01,,Patronato,Deportivo Morón,0,2,,,Copa Argentina,2017,eliminacion,,Treintaidosavos,Florencio Sola,true,https://es.wikipedia.org/wiki/Copa_Argentina_2016-17
2017-06-07,,Atlético de Rafaela,Almagro,1,0,,,Copa Argentina,2017,eliminacion,,Treintaidosavos,Julio Humberto Grondona,true,https://es.wikipedia.org/wiki/Copa_Argentina_2016-17
2017-06-07,,Colón,Independiente Rivadavia,1,0,,,Copa Argentina,2017,eliminacion,,Treintaidosavos,Centenario Ciudad de Quilmes,true,https://es.wikipedia.org/wiki/Copa_Argentina_2016-17
2017-06-07,,Sarmiento (J),Brown de Adrogué,1,0,,,Copa Argentina,2017,eliminacion,,Treintaidosavos,Ciudad de Caseros,true,https://es.wikipedia.org/wiki/Copa_Argentina_2016-17
2017-06-08,,Lanús,Sportivo Barracas,5,1,,,Copa Argentina,2017,eliminacion,,Treintaidosavos,Antonio Romero,true,https://es.wikipedia.org/wiki/Copa_Argentina_2016-17
2017-06-08,,Olimpo,Ferro Carril Oeste,1,0,,,Copa Argentina,2017,eliminacion,,Treintaidosavos,Centenario Ciudad de Quilmes,true,https://es.wikipedia.org/wiki/Copa_Argentina_2016-17
2017-06-09,,Gimnasia y Esgrima (LP),Defensores de Belgrano (VR),0,1,,,Copa Argentina,2017,eliminacion,,Treintaidosavos,Florencio Sola,true,https://es.wikipedia.org/wiki/Copa_Argentina_2016-17
2017-06-11,,Estudiantes (LP),Pacífico,2,3,,,Copa Argentina,2017,eliminacion,,Treintaidosavos,Florencio Sola,true,https://es.wikipedia.org/wiki/Copa_Argentina_2016-17
2017-06-11,,Newell's Old Boys,Central Norte (S),4,1,,,Copa Argentina,2017,eliminacion,,Treintaidosavos,15 de abril,true,https://es.wikipedia.org/wiki/Copa_Argentina_2016-17
2017-06-12,,Aldosivi,Central Córdoba (SdE),2,1,,,Copa Argentina,2017,eliminacion,,Treintaidosavos,Ciudad de Caseros,true,https://es.wikipedia.org/wiki/Copa_Argentina_2016-17
2017-06-12,,San Martín (SJ),Atlanta,0,3,,,Copa Argentina,2017,eliminacion,,Treintaidosavos,Julio Humberto Grondona,true,https://es.wikipedia.org/wiki/Copa_Argentina_2016-17
2017-06-13,,Godoy Cruz,Ramón Santamarina,3,0,,,Copa Argentina,2017,eliminacion,,Treintaidosavos,Julio Humberto Grondona,true,https://es.wikipedia.org/wiki/Copa_Argentina_2016-17
2017-06-30,,Temperley,Sportivo Las Parejas,2,0,,,Copa Argentina,2017,eliminacion,,Treintaidosavos,Ciudad de Caseros,true,https://es.wikipedia.org/wiki/Copa_Argentina_2016-17
2017-07-05,,Guillermo Brown,Chacarita Juniors,1,0,,,Copa Argentina,2017,eliminacion,,Treintaidosavos,Coloso del Ruca Quimey,true,https://es.wikipedia.org/wiki/Copa_Argentina_2016-17
2017-07-19,,Argentinos Juniors,Instituto,0,1,,,Copa Argentina,2017,eliminacion,,Treintaidosavos,Coloso del Ruca Quimey,true,https://es.wikipedia.org/wiki/Copa_Argentina_2016-17
2017-08-14,,Boca Juniors,Gimnasia y Tiro (S),5,0,,,Copa Argentina,2017,eliminacion,,Treintaidosavos,Antonio Romero,true,https://es.wikipedia.org/wiki/Copa_Argentina_2016-17
2017-08-15,,River Plate,Atlas,3,0,,,Copa Argentina,2017,eliminacion,,Treintaidosavos,Padre Ernesto Martearena,true,https://es.wikipedia.org/wiki/Copa_Argentina_2016-17
2017-08-16,,Lanús,Unión,1,2,,,Copa Argentina,2017,eliminacion,,Dieciseisavos,Julio Humberto Grondona,true,https://es.wikipedia.org/wiki/Copa_Argentina_2016-17
2017-08-18,,Racing Club,Mitre (SdE),2,1,,,Copa Argentina,2017,eliminacion,,Treintaidosavos,Florencio Sola,true,https://es.wikipedia.org/wiki/Copa_Argentina_2016-17
2017-08-20,,Deportivo Morón,San Lorenzo,1,0,,,Copa Argentina,2017,eliminacion,,Dieciseisavos,Ciudad de Lanús,true,https://es.wikipedia.org/wiki/Copa_Argentina_2016-17
2017-08-20,,River Plate,Instituto,4,1,,,Copa Argentina,2017,eliminacion,,Dieciseisavos,José María Minella,true,https://es.wikipedia.org/wiki/Copa_Argentina_2016-17
2017-08-21,,Temperley,Defensa y Justicia,0,2,,,Copa Argentina,2017,eliminacion,,Dieciseisavos,Presidente Perón,true,https://es.wikipedia.org/wiki/Copa_Argentina_2016-17
2017-08-25,19:05,Tigre,Vélez Sarsfield,0,3,,,Primera Division,2017,zonas,,Fecha 1,Monumental de Victoria,false,https://es.wikipedia.org/wiki/Campeonato_de_Primera_División_2017-18_(Argentina)
2017-08-25,21:05,Banfield,Belgrano,2,1,,,Primera Division,2017,zonas,,Fecha 1,Florencio Sola,false,https://es.wikipedia.org/wiki/Campeonato_de_Primera_División_2017-18_(Argentina)
2017-08-26,14:05,Defensa y Justicia,Gimnasia y Esgrima (LP),4,4,,,Primera Division,2017,zonas,,Fecha 1,Norberto Tomaghello,false,https://es.wikipedia.org/wiki/Campeonato_de_Primera_División_2017-18_(Argentina)
2017-08-26,16:15,Colón,Rosario Central,1,1,,,Primera Division,2017,zonas,,Fecha 1,Brigadier Estanislao López,false,https://es.wikipedia.org/wiki/Campeonato_de_Primera_División_2017-18_(Argentina)
2017-08-26,18:05,Talleres (C),Lanús,5,2,,,Primera Division,2017,zonas,,Fecha 1,Mario Alberto Kempes,false,https://es.wikipedia.org/wiki/Campeonato_de_Primera_División_2017-18_(Argentina)
2017-08-26,20:05,Independiente,Huracán,3,1,,,Primera Division,2017,zonas,,Fecha 1,Libertadores de América,false,https://es.wikipedia.org/wiki/Campeonato_de_Primera_División_2017-18_(Argentina)
2017-08-27,11:05,San Martín (SJ),Patronato,2,0,,,Primera Division,2017,zonas,,Fecha 1,Ingeniero Hilario Sánchez,false,https://es.wikipedia.org/wiki/Campeonato_de_Primera_División_2017-18_(Argentina)
2017-08-27,14:05,Atlético Tucumán,Godoy Cruz,2,1,,,Primera Division,2017,zonas,,Fecha 1,Monumental José Fierro,false,https://es.wikipedia.org/wiki/Campeonato_de_Primera_División_2017-18_(Argentina)
2017-08-27,16:05,San Lorenzo,Racing Club,1,1,,,Primera Division,2017,zonas,,Fecha 1,Nuevo Gasómetro,false,https://es.wikipedia.org/wiki/Campeonato_de_Primera_División_2017-18_(Argentina)
2017-08-27,18:05,Boca Juniors,Olimpo,3,0,,,Primera Division,2017,zonas,,Fecha 1,La Bombonera,false,https://es.wikipedia.org/wiki/Campeonato_de_Primera_División_2017-18_(Argentina)
2017-08-27,20:05,Temperley,River Plate,0,1,,,Primera Division,2017,zonas,,Fecha 1,Alfredo Beranger,false,https://es.wikipedia.org/wiki/Campeonato_de_Primera_División_2017-18_(Argentina)
2017-08-28,19:05,Newell's Old Boys,Unión,1,1,,,Primera Division,2017,zonas,,Fecha 1,Marcelo Bielsa,false,https://es.wikipedia.org/wiki/Campeonato_de_Primera_División_2017-18_(Argentina)
2017-08-28,21:05,Estudiantes (LP),Arsenal,2,1,,,Primera Division,2017,zonas,,Fecha 1,Ciudad de La Plata,false,https://es.wikipedia.org/wiki/Campeonato_de_Primera_División_2017-18_(Argentina)
2017-09-01,,Atlético de Rafaela,Banfield,2,4,,,Copa Argentina,2017,eliminacion,,Dieciseisavos,Antonio Romero,true,https://es.wikipedia.org/wiki/Copa_Argentina_2016-17
2017-09-01,,Huracán,Colón,1,0,,,Copa Argentina,2017,eliminacion,,Dieciseisavos,Diego Armando Maradona,true,https://es.wikipedia.org/wiki/Copa_Argentina_2016-17
2017-09-01,,Racing Club,Olimpo,2,4,,,Copa Argentina,2017,eliminacion,,Dieciseisavos,Florencio Sola,true,https://es.wikipedia.org/wiki/Copa_Argentina_2016-17
2017-09-02,12:00,Deportivo Merlo,Excursionistas,1,1,,,Primera C,2017,zonas,,Fecha 1,José Manuel Moreno,false,https://es.wikipedia.org/wiki/Campeonato_de_Primera_C_2017-18_(Argentina)
2017-09-02,13:05,Platense,Defensores de Belgrano,2,0,,,Primera B,2017,zonas,,Fecha 1,Ciudad de Vicente López,false,https://es.wikipedia.org/wiki/Campeonato_de_Primera_B_2017-18_(Argentina)
2017-09-02,15:30,Argentino de Quilmes,Central Córdoba (R),1,1,,,Primera C,2017,zonas,,Fecha 1,Argentino de Quilmes,false,https://es.wikipedia.org/wiki/Campeonato_de_Primera_C_2017-18_(Argentina)
2017-09-02,15:30,Barracas Central,Acassuso,2,0,,,Primera B,2017,zonas,,Fecha 1,Claudio Chiqui Tapia,false,https://es.wikipedia.org/wiki/Campeonato_de_Primera_B_2017-18_(Argentina)
2017-09-02,15:30,J. J. de Urquiza,Berazategui,2,1,,,Primera C,2017,zonas,,Fecha 1,Ramón Roque Martín,false,https://es.wikipedia.org/wiki/Campeonato_de_Primera_C_2017-18_(Argentina)
2017-09-02,15:30,Leandro N. Alem,Sportivo Italiano,1,0,,,Primera C,2017,zonas,,Fecha 1,Leandro N. Alem,false,https://es.wikipedia.org/wiki/Campeonato_de_Primera_C_2017-18_(Argentina)
2017-09-02,15:30,Tristán Suárez,Fénix,2,0,,,Primera B,2017,zonas,,Fecha 1,20 de Octubre,false,https://es.wikipedia.org/wiki/Campeonato_de_Primera_B_2017-18_(Argentina)
2017-09-02,18:00,Talleres (RdE),Sacachispas,0,1,,,Primera B,2017,zonas,,Fecha 1,Talleres,false,https://es.wikipedia.org/wiki/Campeonato_de_Primera_B_2017-18_(Argentina)
2017-09-03,,Rosario Central,Deportivo Riestra,2,1,,,Copa Argentina,2017,eliminacion,,Dieciseisavos,Diego Armando Maradona,true,https://es.wikipedia.org/wiki/Copa_Argentina_2016-17
2017-09-03,12:00,San Martín (B),El Porvenir,0,1,,,Primera C,2017,zonas,,Fecha 1,Francisco Boga,false,https://es.wikipedia.org/wiki/Campeonato_de_Primera_C_2017-18_(Argentina)
2017-09-03,15:00,Estudiantes (BA),UAI Urquiza,0,0,,,Primera B,2017,zonas,,Fecha 1,Ciudad de Caseros,false,https://es.wikipedia.org/wiki/Campeonato_de_Primera_B_2017-18_(Argentina)
2017-09-03,15:30,Deportivo Armenio,Cañuelas,1,0,,,Primera C,2017,zonas,,Fecha 1,Armenia,false,https://es.wikipedia.org/wiki/Campeonato_de_Primera_C_2017-18_(Argentina)
2017-09-03,15:30,Deportivo Laferrere,Luján,1,1,,,Primera C,2017,zonas,,Fecha 1,Municipal de la Ciudad de Luján,false,https://es.wikipedia.org/wiki/Campeonato_de_Primera_C_2017-18_(Argentina)
2017-09-03,15:30,Dock Sud,Ituzaingó,1,1,,,Primera C,2017,zonas,,Fecha 1,De los Inmigrantes,false,https://es.wikipedia.org/wiki/Campeonato_de_Primera_C_2017-18_(Argentina)
2017-09-04,,Aldosivi,Vélez Sarsfield,0,1,,,Copa Argentina,2017,eliminacion,,Dieciseisavos,Julio Humberto Grondona,true,https://es.wikipedia.org/wiki/Copa_Argentina_2016-17
2017-09-04,,Newell's Old Boys,Godoy Cruz,1,2,,,Copa Argentina,2017,eliminacion,,Dieciseisavos,15 de abril,true,https://es.wikipedia.org/wiki/Copa_Argentina_2016-17
2017-09-04,21:05,Atlanta,Colegiales,1,0,,,Primera B,2017,zonas,,Fecha 1,Don León Kolbowsky,false,https://es.wikipedia.org/wiki/Campeonato_de_Primera_B_2017-18_(Argentina)
2017-09-06,,Sarmiento (J),Sacachispas,3,1,,,Copa Argentina,2017,eliminacion,,Dieciseisavos,Julio Humberto Grondona,true,https://es.wikipedia.org/wiki/Copa_Argentina_2016-17
2017-09-06,16:00,Sportivo Barracas,Ferrocarril Midland,0,2,,,Primera C,2017,zonas,,Fecha 1,Don León Kolbowsky,false,https://es.wikipedia.org/wiki/Campeonato_de_Primera_C_2017-18_(Argentina)
2017-09-08,15:30,Fénix,Barracas Central,2,3,,,Primera B,2017,zonas,,Fecha 2,Malvinas Argentinas,false,https://es.wikipedia.org/wiki/Campeonato_de_Primera_B_2017-18_(Argentina)
2017-09-08,15:30,UAI Urquiza,Tristán Suárez,0,4,,,Primera B,2017,zonas,,Fecha 2,Monumental de Villa Lynch,false,https://es.wikipedia.org/wiki/Campeonato_de_Primera_B_2017-18_(Argentina)
2017-09-08,15:30,Villa San Carlos,Estudiantes (BA),1,3,,,Primera B,2017,zonas,,Fecha 2,Genacio Sálice,false,https://es.wikipedia.org/wiki/Campeonato_de_Primera_B_2017-18_(Argentina)
2017-09-08,19:05,Arsenal,Colón,0,1,,,Primera Division,2017,zonas,,Fecha 2,El Viaducto,false,https://es.wikipedia.org/wiki/Campeonato_de_Primera_División_2017-18_(Argentina)
2017-09-08,19:05,Vélez Sarsfield,Atlético Tucumán,2,0,,,Primera Division,2017,zonas,,Fecha 2,José Amalfitani,false,https://es.wikipedia.org/wiki/Campeonato_de_Primera_División_2017-18_(Argentina)
2017-09-08,21:05,Acassuso,Talleres (RdE),3,0,,,Primera B,2017,zonas,,Fecha 2,República de Italia,false,https://es.wikipedia.org/wiki/Campeonato_de_Primera_B_2017-18_(Argentina)
2017-09-08,21:15,Olimpo,Independiente,1,1,,,Primera Division,2017,zonas,,Fecha 2,Roberto N. Carminati,false,https://es.wikipedia.org/wiki/Campeonato_de_Primera_División_2017-18_(Argentina)
2017-09-09,12:00,San Telmo,Almirante Brown,0,1,,,Primera B,2017,zonas,,Fecha 2,Dr. Osvaldo Baletto,false,https://es.wikipedia.org/wiki/Campeonato_de_Primera_B_2017-18_(Argentina)
2017-09-09,13:05,Colegiales,Deportivo Español,1,3,,,Primera B,2017,zonas,,Fecha 2,Colegiales,false,https://es.wikipedia.org/wiki/Campeonato_de_Primera_B_2017-18_(Argentina)
2017-09-09,14:05,Belgrano,San Martín (SJ),1,0,,,Primera Division,2017,zonas,,Fecha 2,Gigante de Alberdi,false,https://es.wikipedia.org/wiki/Campeonato_de_Primera_División_2017-18_(Argentina)
2017-09-09,15:05,Sacachispas,Defensores de Belgrano,0,3,,,Primera B,2017,zonas,,Fecha 2,Beto Larrosa,false,https://es.wikipedia.org/wiki/Campeonato_de_Primera_B_2017-18_(Argentina)
2017-09-09,15:30,Central Córdoba (R),Defensores de Cambaceres,1,1,,,Primera C,2017,zonas,,Fecha 2,Gabino Sosa,false,https://es.wikipedia.org/wiki/Campeonato_de_Primera_C_2017-18_(Argentina)
2017-09-09,15:30,Defensores Unidos,Ferrocarril Midland,1,1,,,Primera C,2017,zonas,,Fecha 2,Gigante de Villa Fox,false,https://es.wikipedia.org/wiki/Campeonato_de_Primera_C_2017-18_(Argentina)
2017-09-09,15:30,Excursionistas,Deportivo Armenio,1,1,,,Primera C,2017,zonas,,Fecha 2,Excursionistas,false,https://es.wikipedia.org/wiki/Campeonato_de_Primera_C_2017-18_(Argentina)
2017-09-09,15:30,Luján,Leandro N. Alem,1,0,,,Primera C,2017,zonas,,Fecha 2,Municipal de la Ciudad de Luján,false,https://es.wikipedia.org/wiki/Campeonato_de_Primera_C_2017-18_(Argentina)
2017-09-09,15:30,Sportivo Italiano,Dock Sud,1,1,,,Primera C,2017,zonas,,Fecha 2,República de Italia,false,https://es.wikipedia.org/wiki/Campeonato_de_Primera_C_2017-18_(Argentina)
2017-09-09,16:05,Estudiantes (LP),Defensa y Justicia,0,1,,,Primera Division,2017,zonas,,Fecha 2,Ciudad de La Plata,false,https://es.wikipedia.org/wiki/Campeonato_de_Primera_División_2017-18_(Argentina)
2017-09-09,18:05,Patronato,Argentinos Juniors,2,1,,,Primera Division,2017,zonas,,Fecha 2,Presbítero Bartolomé Grella,false,https://es.wikipedia.org/wiki/Campeonato_de_Primera_División_2017-18_(Argentina)
2017-09-09,20:05,Atlanta,Platense,2,1,,,Primera B,2017,zonas,,Fecha 2,Don León Kolbowsky,false,https://es.wikipedia.org/wiki/Campeonato_de_Primera_B_2017-18_(Argentina)
2017-09-09,20:05,Racing Club,Temperley,4,1,,,Primera Division,2017,zonas,,Fecha 2,El Cilindro,false,https://es.wikipedia.org/wiki/Campeonato_de_Primera_División_2017-18_(Argentina)
2017-09-10,11:05,Chacarita Juniors,Tigre,1,1,,,Primera Division,2017,zonas,,Fecha 2,Chacarita Juniors,false,https://es.wikipedia.org/wiki/Campeonato_de_Primera_División_2017-18_(Argentina)
2017-09-10,14:05,Godoy Cruz,Talleres (C),2,1,,,Primera Division,2017,zonas,,Fecha 2,Malvinas Argentinas,false,https://es.wikipedia.org/wiki/Campeonato_de_Primera_División_2017-18_(Argentina)
2017-09-10,15:30,Berazategui,San Martín (B),0,1,,,Primera C,2017,zonas,,Fecha 2,Norman Lee,false,https://es.wikipedia.org/wiki/Campeonato_de_Primera_C_2017-18_(Argentina)
2017-09-10,15:30,Cañuelas,J. J. de Urquiza,2,0,,,Primera C,2017,zonas,,Fecha 2,Jose Alfredo Arín,false,https://es.wikipedia.org/wiki/Campeonato_de_Primera_C_2017-18_(Argentina)
2017-09-10,16:05,Rosario Central,San Lorenzo,0,0,,,Primera Division,2017,zonas,,Fecha 2,Gigante de Arroyito,false,https://es.wikipedia.org/wiki/Campeonato_de_Primera_División_2017-18_(Argentina)
2017-09-10,18:05,River Plate,Banfield,3,1,,,Primera Division,2017,zonas,,Fecha 2,Monumental,false,https://es.wikipedia.org/wiki/Campeonato_de_Primera_División_2017-18_(Argentina)
2017-09-10,20:05,Lanús,Boca Juniors,0,1,,,Primera Division,2017,zonas,,Fecha 2,Ciudad de Lanús,false,https://es.wikipedia.org/wiki/Campeonato_de_Primera_División_2017-18_(Argentina)
2017-09-11,15:30,Deportivo Merlo,Sportivo Barracas,1,1,,,Primera C,2017,zonas,,Fecha 2,José Manuel Moreno,false,https://es.wikipedia.org/wiki/Campeonato_de_Primera_C_2017-18_(Argentina)
2017-09-11,15:30,El Porvenir,Deportivo Laferrere,0,0,,,Primera C,2017,zonas,,Fecha 2,Gildo Francisco Ghersinich,false,https://es.wikipedia.org/wiki/Campeonato_de_Primera_C_2017-18_(Argentina)
2017-09-11,15:30,Ituzaingó,Argentino de Quilmes,1,0,,,Primera C,2017,zonas,,Fecha 2,Ituzaingó,false,https://es.wikipedia.org/wiki/Campeonato_de_Primera_C_2017-18_(Argentina)
2017-09-11,19:05,Unión,Gimnasia y Esgrima (LP),1,0,,,Primera Division,2017,zonas,,Fecha 2,15 de abril,false,https://es.wikipedia.org/wiki/Campeonato_de_Primera_División_2017-18_(Argentina)
2017-09-11,21:05,Huracán,Newell's Old Boys,1,0,,,Primera Division,2017,zonas,,Fecha 2,Tomás A. Ducó,false,https://es.wikipedia.org/wiki/Campeonato_de_Primera_División_2017-18_(Argentina)
2017-09-12,15:30,Estudiantes (BA),Comunicaciones,0,2,,,Primera B,2017,zonas,,Fecha 3,Ciudad de Caseros,false,https://es.wikipedia.org/wiki/Campeonato_de_Primera_B_2017-18_(Argentina)
2017-09-12,15:40,Barracas Central,UAI Urquiza,0,1,,,Primera B,2017,zonas,,Fecha 3,Claudio Chiqui Tapia,false,https://es.wikipedia.org/wiki/Campeonato_de_Primera_B_2017-18_(Argentina)
2017-09-12,21:05,Deportivo Español,Atlanta,0,2,,,Primera B,2017,zonas,,Fecha 3,Nueva España,false,https://es.wikipedia.org/wiki/Campeonato_de_Primera_B_2017-18_(Argentina)
2017-09-13,,Guillermo Brown,Boca Juniors,0,1,,,Copa Argentina,2017,eliminacion,,Dieciseisavos,Malvinas Argentinas,true,https://es.wikipedia.org/wiki/Copa_Argentina_2016-17
2017-09-13,15:30,Almirante Brown,Colegiales,0,1,,,Primera B,2017,zonas,,Fecha 3,Monumental de Villa Lynch,false,https://es.wikipedia.org/wiki/Campeonato_de_Primera_B_2017-18_(Argentina)
2017-09-13,15:30,Talleres (RdE),Fénix,0,2,,,Primera B,2017,zonas,,Fecha 3,Talleres,false,https://es.wikipedia.org/wiki/Campeonato_de_Primera_B_2017-18_(Argentina)
2017-09-13,15:30,Tristán Suárez,Villa San Carlos,2,0,,,Primera B,2017,zonas,,Fecha 3,20 de Octubre,false,https://es.wikipedia.org/wiki/Campeonato_de_Primera_B_2017-18_(Argentina)
2017-09-13,15:40,San Miguel,San Telmo,1,1,,,Primera B,2017,zonas,,Fecha 3,Malvinas Argentinas,false,https://es.wikipedia.org/wiki/Campeonato_de_Primera_B_2017-18_(Argentina)
2017-09-13,20:05,Defensores de Belgrano,Acassuso,2,1,,,Primera B,2017,zonas,,Fecha 3,Juan Pasquale,false,https://es.wikipedia.org/wiki/Campeonato_de_Primera_B_2017-18_(Argentina)
2017-09-13,21:00,Platense,Sacachispas,0,0,,,Primera B,2017,zonas,,Fecha 3,Ciudad de Vicente López,false,https://es.wikipedia.org/wiki/Campeonato_de_Primera_B_2017-18_(Argentina)
2017-09-15,15:30,Argentino de Quilmes,Sportivo Italiano,1,1,,,Primera C,2017,zonas,,Fecha 3,Argentino de Quilmes,false,https://es.wikipedia.org/wiki/Campeonato_de_Primera_C_2017-18_(Argentina)
2017-09-15,15:30,Defensores de Cambaceres,Ituzaingó,0,0,,,Primera C,2017,zonas,,Fecha 3,12 de Octubre,false,https://es.wikipedia.org/wiki/Campeonato_de_Primera_C_2017-18_(Argentina)
2017-09-15,15:30,Deportivo Armenio,Deportivo Merlo,0,2,,,Primera C,2017,zonas,,Fecha 3,Armenia,false,https://es.wikipedia.org/wiki/Campeonato_de_Primera_C_2017-18_(Argentina)
2017-09-15,15:30,Deportivo Laferrere,Berazategui,0,1,,,Primera C,2017,zonas,,Fecha 3,Ciudad de Laferrere,false,https://es.wikipedia.org/wiki/Campeonato_de_Primera_C_2017-18_(Argentina)
2017-09-15,15:30,J. J. de Urquiza,Excursionistas,2,1,,,Primera C,2017,zonas,,Fecha 3,Ramón Roque Martín,false,https://es.wikipedia.org/wiki/Campeonato_de_Primera_C_2017-18_(Argentina)
2017-09-15,15:30,Leandro N. Alem,El Porvenir,0,0,,,Primera C,2017,zonas,,Fecha 3,Leandro N. Alem,false,https://es.wikipedia.org/wiki/Campeonato_de_Primera_C_2017-18_(Argentina)
2017-09-15,16:00,Sportivo Barracas,Defensores Unidos,0,2,,,Primera C,2017,zonas,,Fecha 3,Don León Kolbowsky,false,https://es.wikipedia.org/wiki/Campeonato_de_Primera_C_2017-18_(Argentina)
2017-09-15,19:05,Tigre,Patronato,1,3,,,Primera Division,2017,zonas,,Fecha 3,Monumental de Victoria,false,https://es.wikipedia.org/wiki/Campeonato_de_Primera_División_2017-18_(Argentina)
2017-09-15,21:05,Colón,Estudiantes (LP),0,0,,,Primera Division,2017,zonas,,Fecha 3,Brigadier Estanislao López,false,https://es.wikipedia.org/wiki/Campeonato_de_Primera_División_2017-18_(Argentina)
2017-09-15,21:05,Los Andes,Deportivo Morón,0,0,,,Primera Nacional,2017,zonas,,Fecha 1,Eduardo Gallardón,false,https://es.wikipedia.org/wiki/Campeonato_de_Primera_B_Nacional_2017-18
2017-09-15,21:30,Gimnasia y Esgrima (J),Atlético de Rafaela,0,2,,,Primera Nacional,2017,zonas,,Fecha 1,23 de Agosto,false,https://es.wikipedia.org/wiki/Campeonato_de_Primera_B_Nacional_2017-18
2017-09-16,12:00,Dock Sud,Luján,1,0,,,Primera C,2017,zonas,,Fecha 3,De los Inmigrantes,false,https://es.wikipedia.org/wiki/Campeonato_de_Primera_C_2017-18_(Argentina)
2017-09-16,13:05,Villa San Carlos,Barracas Central,4,2,,,Primera B,2017,zonas,,Fecha 4,Genacio Sálice,false,https://es.wikipedia.org/wiki/Campeonato_de_Primera_B_2017-18_(Argentina)
2017-09-16,14:05,Argentinos Juniors,Belgrano,1,2,,,Primera Division,2017,zonas,,Fecha 3,Diego Armando Maradona,false,https://es.wikipedia.org/wiki/Campeonato_de_Primera_División_2017-18_(Argentina)
2017-09-16,14:05,Defensa y Justicia,Unión,1,3,,,Primera Division,2017,zonas,,Fecha 3,Norberto Tomaghello,false,https://es.wikipedia.org/wiki/Campeonato_de_Primera_División_2017-18_(Argentina)
2017-09-16,15:05,San Martín (T),Ferro Carril Oeste,1,0,,,Primera Nacional,2017,zonas,,Fecha 1,La Ciudadela,false,https://es.wikipedia.org/wiki/Campeonato_de_Primera_B_Nacional_2017-18
2017-09-16,15:30,Acassuso,Sacachispas,1,0,,,Primera B,2017,zonas,,Fecha 4,República de Italia,false,https://es.wikipedia.org/wiki/Campeonato_de_Primera_B_2017-18_(Argentina)
2017-09-16,15:30,Almagro,Brown de Adrogué,0,1,,,Primera Nacional,2017,zonas,,Fecha 1,Tres de Febrero,false,https://es.wikipedia.org/wiki/Campeonato_de_Primera_B_Nacional_2017-18
2017-09-16,15:30,Colegiales,San Miguel,2,0,,,Primera B,2017,zonas,,Fecha 4,Colegiales,false,https://es.wikipedia.org/wiki/Campeonato_de_Primera_B_2017-18_(Argentina)
2017-09-16,15:30,Comunicaciones,Tristán Suárez,0,1,,,Primera B,2017,zonas,,Fecha 4,Alfredo Ramos,false,https://es.wikipedia.org/wiki/Campeonato_de_Primera_B_2017-18_(Argentina)
2017-09-16,15:30,San Martín (B),Cañuelas,1,0,,,Primera C,2017,zonas,,Fecha 3,Francisco Boga,false,https://es.wikipedia.org/wiki/Campeonato_de_Primera_C_2017-18_(Argentina)
2017-09-16,15:30,Villa Dálmine,Boca Unidos,2,0,,,Primera Nacional,2017,zonas,,Fecha 1,El Coliseo de Mitre y Puccini,false,https://es.wikipedia.org/wiki/Campeonato_de_Primera_B_Nacional_2017-18
2017-09-16,16:15,Newell's Old Boys,Olimpo,2,0,,,Primera Division,2017,zonas,,Fecha 3,Marcelo Bielsa,false,https://es.wikipedia.org/wiki/Campeonato_de_Primera_División_2017-18_(Argentina)
2017-09-16,16:45,Deportivo Maipú,Huracán Las Heras,0,0,,,Torneo Federal A,2017,zonas,Zona 2,Fecha 1,Malvinas Argentinas,false,https://es.wikipedia.org/wiki/Torneo_Federal_A_2017-18
2017-09-16,17:00,Sportivo Estudiantes (SL),All Boys,2,0,,,Primera Nacional,2017,zonas,,Fecha 1,Juan Gilberto Funes,false,https://es.wikipedia.org/wiki/Campeonato_de_Primera_B_Nacional_2017-18
2017-09-16,18:05,San Lorenzo,Arsenal,1,0,,,Primera Division,2017,zonas,,Fecha 3,Nuevo Gasómetro,false,https://es.wikipedia.org/wiki/Campeonato_de_Primera_División_2017-18_(Argentina)
2017-09-16,20:05,Atlanta,Almirante Brown,1,0,,,Primera B,2017,zonas,,Fecha 4,Don León Kolbowsky,false,https://es.wikipedia.org/wiki/Campeonato_de_Primera_B_2017-18_(Argentina)
2017-09-16,20:05,Independiente,Lanús,0,1,,,Primera Division,2017,zonas,,Fecha 3,Libertadores de América,false,https://es.wikipedia.org/wiki/Campeonato_de_Primera_División_2017-18_(Argentina)
2017-09-16,20:30,Ramón Santamarina,Aldosivi,1,2,,,Primera Nacional,2017,zonas,,Fecha 1,Municipal General San Martín,false,https://es.wikipedia.org/wiki/Campeonato_de_Primera_B_Nacional_2017-18
2017-09-17,11:05,Talleres (C),Vélez Sarsfield,0,0,,,Primera Division,2017,zonas,,Fecha 3,Mario Alberto Kempes,false,https://es.wikipedia.org/wiki/Campeonato_de_Primera_División_2017-18_(Argentina)
2017-09-17,13:30,Deportivo Español,Platense,0,1,,,Primera B,2017,zonas,,Fecha 4,Nueva España,false,https://es.wikipedia.org/wiki/Campeonato_de_Primera_B_2017-18_(Argentina)
2017-09-17,14:05,Atlético Tucumán,Chacarita Juniors,1,1,,,Primera Division,2017,zonas,,Fecha 3,Monumental José Fierro,false,https://es.wikipedia.org/wiki/Campeonato_de_Primera_División_2017-18_(Argentina)
2017-09-17,14:30,Defensores de Pronunciamiento,Sportivo Las Parejas,0,0,,,Torneo Federal A,2017,zonas,Zona 3,Fecha 1,Delio Cardozo,false,https://es.wikipedia.org/wiki/Torneo_Federal_A_2017-18
2017-09-17,15:00,Juventud Unida (G),Flandria,1,0,,,Primera Nacional,2017,zonas,,Fecha 1,De los Eucaliptos,false,https://es.wikipedia.org/wiki/Campeonato_de_Primera_B_Nacional_2017-18
2017-09-17,15:30,Cipolletti,Rivadavia (L),1,1,,,Torneo Federal A,2017,zonas,Zona 1,Fecha 1,La Visera de Cemento,false,https://es.wikipedia.org/wiki/Torneo_Federal_A_2017-18
2017-09-17,15:30,Deportivo Madryn,Ferro Carril Oeste (GP),0,0,,,Torneo Federal A,2017,zonas,Zona 1,Fecha 1,Abel Sastre,false,https://es.wikipedia.org/wiki/Torneo_Federal_A_2017-18
2017-09-17,15:30,Ferrocarril Midland,Central Córdoba (R),2,0,,,Primera C,2017,zonas,,Fecha 3,Ricardo Puga,false,https://es.wikipedia.org/wiki/Campeonato_de_Primera_C_2017-18_(Argentina)
2017-09-17,15:30,Fénix,Defensores de Belgrano,0,0,,,Primera B,2017,zonas,,Fecha 4,Malvinas Argentinas,false,https://es.wikipedia.org/wiki/Campeonato_de_Primera_B_2017-18_(Argentina)
2017-09-17,15:30,Nueva Chicago,Independiente Rivadavia,1,1,,,Primera Nacional,2017,zonas,,Fecha 1,Nueva Chicago,false,https://es.wikipedia.org/wiki/Campeonato_de_Primera_B_Nacional_2017-18
2017-09-17,15:30,Sportivo Belgrano,Gimnasia y Esgrima (CdU),2,1,,,Torneo Federal A,2017,zonas,Zona 3,Fecha 1,Oscar C. Boero,false,https://es.wikipedia.org/wiki/Torneo_Federal_A_2017-18
2017-09-17,15:30,UAI Urquiza,Talleres (RdE),0,0,,,Primera B,2017,zonas,,Fecha 4,Monumental de Villa Lynch,false,https://es.wikipedia.org/wiki/Campeonato_de_Primera_B_2017-18_(Argentina)
2017-09-17,16:00,Alvarado,Deportivo Roca,3,0,,,Torneo Federal A,2017,zonas,Zona 1,Fecha 1,José María Minella,false,https://es.wikipedia.org/wiki/Torneo_Federal_A_2017-18
2017-09-17,16:00,Central Córdoba (SdE),Douglas Haig,2,1,,,Torneo Federal A,2017,zonas,Zona 3,Fecha 1,Alfredo Terrera,false,https://es.wikipedia.org/wiki/Torneo_Federal_A_2017-18
2017-09-17,16:00,Defensores de Belgrano (VR),Atlético Paraná,2,0,,,Torneo Federal A,2017,zonas,Zona 3,Fecha 1,Salomón Boeseldín,false,https://es.wikipedia.org/wiki/Torneo_Federal_A_2017-18
2017-09-17,16:00,Deportivo Mandiyú,Crucero del Norte,0,0,,,Torneo Federal A,2017,zonas,Zona 4,Fecha 1,José Antonio Romero Feris,false,https://es.wikipedia.org/wiki/Torneo_Federal_A_2017-18
2017-09-17,16:00,Estudiantes (RC),Desamparados,0,2,,,Torneo Federal A,2017,zonas,Zona 2,Fecha 1,Ciudad de Río Cuarto Antonio Candini,false,https://es.wikipedia.org/wiki/Torneo_Federal_A_2017-18
2017-09-17,16:00,Instituto,Guillermo Brown,1,0,,,Primera Nacional,2017,zonas,,Fecha 1,Juan Domingo Perón,false,https://es.wikipedia.org/wiki/Campeonato_de_Primera_B_Nacional_2017-18
2017-09-17,16:00,Libertad (S),Unión (S),1,0,,,Torneo Federal A,2017,zonas,Zona 3,Fecha 1,Dr. Plácido Tita,false,https://es.wikipedia.org/wiki/Torneo_Federal_A_2017-18
2017-09-17,16:00,Sportivo Patria,Gimnasia y Tiro (S),2,2,,,Torneo Federal A,2017,zonas,Zona 4,Fecha 1,Antonio Romero,false,https://es.wikipedia.org/wiki/Torneo_Federal_A_2017-18
2017-09-17,16:00,Villa Mitre,Independiente (N),1,0,,,Torneo Federal A,2017,zonas,Zona 1,Fecha 1,El Fortín,false,https://es.wikipedia.org/wiki/Torneo_Federal_A_2017-18
2017-09-17,16:05,Banfield,Racing Club,1,0,,,Primera Division,2017,zonas,,Fecha 3,Florencio Sola,false,https://es.wikipedia.org/wiki/Campeonato_de_Primera_División_2017-18_(Argentina)
2017-09-17,16:30,Juventud Antoniana,San Jorge (T),1,0,,,Torneo Federal A,2017,zonas,Zona 4,Fecha 1,Fray Honorato Pistoia,false,https://es.wikipedia.org/wiki/Torneo_Federal_A_2017-18
2017-09-17,16:30,San Lorenzo de Alem,Gimnasia y Esgrima (M),1,1,,,Torneo Federal A,2017,zonas,Zona 2,Fecha 1,Malvinas Argentinas,false,https://es.wikipedia.org/wiki/Torneo_Federal_A_2017-18
2017-09-17,17:00,Chaco For Ever,Sarmiento (R),1,1,,,Torneo Federal A,2017,zonas,Zona 4,Fecha 1,Juan Alberto García,false,https://es.wikipedia.org/wiki/Torneo_Federal_A_2017-18
2017-09-17,18:00,Guaraní Antonio Franco,Altos Hornos Zapla,0,1,,,Torneo Federal A,2017,zonas,Zona 4,Fecha 1,Clemente A. Fernández de Oliveira,false,https://es.wikipedia.org/wiki/Torneo_Federal_A_2017-18
2017-09-17,18:05,Boca Juniors,Godoy Cruz,4,1,,,Primera Division,2017,zonas,,Fecha 3,La Bombonera,false,https://es.wikipedia.org/wiki/Campeonato_de_Primera_División_2017-18_(Argentina)
2017-09-17,20:05,San Martín (SJ),River Plate,1,3,,,Primera Division,2017,zonas,,Fecha 3,Ingeniero Hilario Sánchez,false,https://es.wikipedia.org/wiki/Campeonato_de_Primera_División_2017-18_(Argentina)
2017-09-18,15:30,San Telmo,Estudiantes (BA),2,1,,,Primera B,2017,zonas,,Fecha 4,Dr. Osvaldo Baletto,false,https://es.wikipedia.org/wiki/Campeonato_de_Primera_B_2017-18_(Argentina)
2017-09-18,19:05,Gimnasia y Esgrima (LP),Huracán,1,3,,,Primera Division,2017,zonas,,Fecha 3,Del Bosque,false,https://es.wikipedia.org/wiki/Campeonato_de_Primera_División_2017-18_(Argentina)
2017-09-18,21:05,Sarmiento (J),Quilmes,0,0,,,Primera Nacional,2017,zonas,,Fecha 1,Eva Perón,false,https://es.wikipedia.org/wiki/Campeonato_de_Primera_B_Nacional_2017-18
2017-09-18,21:05,Temperley,Rosario Central,1,1,,,Primera Division,2017,zonas,,Fecha 3,Alfredo Beranger,false,https://es.wikipedia.org/wiki/Campeonato_de_Primera_División_2017-18_(Argentina)
2017-09-19,,Independiente,Atlético Tucumán,1,2,,,Copa Argentina,2017,eliminacion,,Dieciseisavos,Malvinas Argentinas,true,https://es.wikipedia.org/wiki/Copa_Argentina_2016-17
2017-09-19,15:30,Deportivo Armenio,Sportivo Barracas,2,1,,,Primera C,2017,zonas,,Fecha 4,Armenia,false,https://es.wikipedia.org/wiki/Campeonato_de_Primera_C_2017-18_(Argentina)
2017-09-19,15:30,El Porvenir,Dock Sud,1,3,,,Primera C,2017,zonas,,Fecha 4,Gildo Francisco Ghersinich,false,https://es.wikipedia.org/wiki/Campeonato_de_Primera_C_2017-18_(Argentina)
2017-09-19,15:30,Luján,Argentino de Quilmes,1,0,,,Primera C,2017,zonas,,Fecha 4,Municipal de la Ciudad de Luján,false,https://es.wikipedia.org/wiki/Campeonato_de_Primera_C_2017-18_(Argentina)
2017-09-20,,Atlanta,Pacífico,3,1,,,Copa Argentina,2017,eliminacion,,Dieciseisavos,Ciudad de Caseros,true,https://es.wikipedia.org/wiki/Copa_Argentina_2016-17
2017-09-20,15:30,Berazategui,Leandro N. Alem,1,4,,,Primera C,2017,zonas,,Fecha 4,Norman Lee,false,https://es.wikipedia.org/wiki/Campeonato_de_Primera_C_2017-18_(Argentina)
2017-09-20,15:30,Cañuelas,Deportivo Laferrere,0,0,,,Primera C,2017,zonas,,Fecha 4,Jose Alfredo Arín,false,https://es.wikipedia.org/wiki/Campeonato_de_Primera_C_2017-18_(Argentina)
2017-09-20,15:30,Central Córdoba (R),Defensores Unidos,0,3,,,Primera C,2017,zonas,,Fecha 4,Gabino Sosa,false,https://es.wikipedia.org/wiki/Campeonato_de_Primera_C_2017-18_(Argentina)
2017-09-20,15:30,Deportivo Merlo,J. J. de Urquiza,0,0,,,Primera C,2017,zonas,,Fecha 4,José Manuel Moreno,false,https://es.wikipedia.org/wiki/Campeonato_de_Primera_C_2017-18_(Argentina)
2017-09-20,15:30,Ituzaingó,Ferrocarril Midland,1,1,,,Primera C,2017,zonas,,Fecha 4,Ituzaingó,false,https://es.wikipedia.org/wiki/Campeonato_de_Primera_C_2017-18_(Argentina)
2017-09-20,15:30,Sportivo Italiano,Defensores de Cambaceres,2,2,,,Primera C,2017,zonas,,Fecha 4,República de Italia,false,https://es.wikipedia.org/wiki/Campeonato_de_Primera_C_2017-18_(Argentina)
2017-09-20,19:00,Excursionistas,San Martín (B),4,0,,,Primera C,2017,zonas,,Fecha 4,Excursionistas,false,https://es.wikipedia.org/wiki/Campeonato_de_Primera_C_2017-18_(Argentina)
2017-09-22,15:30,Barracas Central,Comunicaciones,1,1,,,Primera B,2017,zonas,,Fecha 5,Claudio Chiqui Tapia,false,https://es.wikipedia.org/wiki/Campeonato_de_Primera_B_2017-18_(Argentina)
2017-09-22,15:30,Tristán Suárez,San Telmo,0,1,,,Primera B,2017,zonas,,Fecha 5,20 de Octubre,false,https://es.wikipedia.org/wiki/Campeonato_de_Primera_B_2017-18_(Argentina)
2017-09-22,19:05,Belgrano,Tigre,0,0,,,Primera Division,2017,zonas,,Fecha 4,Gigante de Alberdi,false,https://es.wikipedia.org/wiki/Campeonato_de_Primera_División_2017-18_(Argentina)
2017-09-22,20:00,Talleres (RdE),Villa San Carlos,2,1,,,Primera B,2017,zonas,,Fecha 5,Talleres,false,https://es.wikipedia.org/wiki/Campeonato_de_Primera_B_2017-18_(Argentina)
2017-09-22,21:00,Atlético de Rafaela,Los Andes,0,1,,,Primera Nacional,2017,zonas,,Fecha 2,Nuevo Monumental,false,https://es.wikipedia.org/wiki/Campeonato_de_Primera_B_Nacional_2017-18
2017-09-22,21:05,Deportivo Morón,Deportivo Riestra,1,3,,,Primera Nacional,2017,zonas,,Fecha 2,Nuevo Francisco Urbano,false,https://es.wikipedia.org/wiki/Campeonato_de_Primera_B_Nacional_2017-18
2017-09-22,21:05,Patronato,Atlético Tucumán,2,1,,,Primera Division,2017,zonas,,Fecha 4,Presbítero Bartolomé Grella,false,https://es.wikipedia.org/wiki/Campeonato_de_Primera_División_2017-18_(Argentina)
2017-09-22,21:30,Independiente Rivadavia,San Martín (T),0,0,,,Primera Nacional,2017,zonas,,Fecha 2,Bautista Gargantini,false,https://es.wikipedia.org/wiki/Campeonato_de_Primera_B_Nacional_2017-18
2017-09-23,13:05,Brown de Adrogué,Instituto,1,0,,,Primera Nacional,2017,zonas,,Fecha 2,Lorenzo Arandilla,false,https://es.wikipedia.org/wiki/Campeonato_de_Primera_B_Nacional_2017-18
2017-09-23,13:05,San Miguel,Atlanta,1,0,,,Primera B,2017,zonas,,Fecha 5,Malvinas Argentinas,false,https://es.wikipedia.org/wiki/Campeonato_de_Primera_B_2017-18_(Argentina)
2017-09-23,14:05,Arsenal,Temperley,0,1,,,Primera Division,2017,zonas,,Fecha 4,El Viaducto,false,https://es.wikipedia.org/wiki/Campeonato_de_Primera_División_2017-18_(Argentina)
2017-09-23,14:05,Huracán,Unión,0,0,,,Primera Division,2017,zonas,,Fecha 4,Tomás A. Ducó,false,https://es.wikipedia.org/wiki/Campeonato_de_Primera_División_2017-18_(Argentina)
2017-09-23,15:30,Defensores de Belgrano,UAI Urquiza,0,1,,,Primera B,2017,zonas,,Fecha 5,Juan Pasquale,false,https://es.wikipedia.org/wiki/Campeonato_de_Primera_B_2017-18_(Argentina)
2017-09-23,15:30,Sacachispas,Fénix,2,3,,,Primera B,2017,zonas,,Fecha 5,Beto Larrosa,false,https://es.wikipedia.org/wiki/Campeonato_de_Primera_B_2017-18_(Argentina)
2017-09-23,16:00,Ferro Carril Oeste,Almagro,1,0,,,Primera Nacional,2017,zonas,,Fecha 2,Arquitecto Ricardo Etcheverri,false,https://es.wikipedia.org/wiki/Campeonato_de_Primera_B_Nacional_2017-18
2017-09-23,16:00,San Jorge (T),Deportivo Mandiyú,1,1,,,Torneo Federal A,2017,zonas,Zona 4,Fecha 2,Ángel Pascual Sáez,false,https://es.wikipedia.org/wiki/Torneo_Federal_A_2017-18
2017-09-23,16:15,Chacarita Juniors,Talleres (C),0,1,,,Primera Division,2017,zonas,,Fecha 4,Chacarita Juniors,false,https://es.wikipedia.org/wiki/Campeonato_de_Primera_División_2017-18_(Argentina)
2017-09-23,18:05,Quilmes,Villa Dálmine,1,0,,,Primera Nacional,2017,zonas,,Fecha 2,Centenario,false,https://es.wikipedia.org/wiki/Campeonato_de_Primera_B_Nacional_2017-18
2017-09-23,18:05,Vélez Sarsfield,Boca Juniors,0,4,,,Primera Division,2017,zonas,,Fecha 4,José Amalfitani,false,https://es.wikipedia.org/wiki/Campeonato_de_Primera_División_2017-18_(Argentina)
2017-09-23,19:00,Sportivo Las Parejas,Central Córdoba (SdE),1,3,,,Torneo Federal A,2017,zonas,Zona 3,Fecha 2,4 de Septiembre,false,https://es.wikipedia.org/wiki/Torneo_Federal_A_2017-18
2017-09-23,20:05,Godoy Cruz,Independiente,1,0,,,Primera Division,2017,zonas,,Fecha 4,Malvinas Argentinas,false,https://es.wikipedia.org/wiki/Campeonato_de_Primera_División_2017-18_(Argentina)
2017-09-23,20:30,Atlético Paraná,Gimnasia y Esgrima (CdU),0,0,,,Torneo Federal A,2017,zonas,Zona 3,Fecha 2,Pedro Mutio,false,https://es.wikipedia.org/wiki/Torneo_Federal_A_2017-18
2017-09-24,11:05,Colón,Defensa y Justicia,3,1,,,Primera Division,2017,zonas,,Fecha 4,Brigadier Estanislao López,false,https://es.wikipedia.org/wiki/Campeonato_de_Primera_División_2017-18_(Argentina)
2017-09-24,12:00,Dock Sud,Berazategui,2,0,,,Primera C,2017,zonas,,Fecha 5,De los Inmigrantes,false,https://es.wikipedia.org/wiki/Campeonato_de_Primera_C_2017-18_(Argentina)
2017-09-24,13:30,Almirante Brown,Deportivo Español,0,2,,,Primera B,2017,zonas,,Fecha 5,Fragata Presidente Sarmiento,false,https://es.wikipedia.org/wiki/Campeonato_de_Primera_B_2017-18_(Argentina)
2017-09-24,14:05,Olimpo,Gimnasia y Esgrima (LP),0,1,,,Primera Division,2017,zonas,,Fecha 4,Roberto N. Carminati,false,https://es.wikipedia.org/wiki/Campeonato_de_Primera_División_2017-18_(Argentina)
2017-09-24,15:00,Defensores de Pronunciamiento,Sportivo Belgrano,5,2,,,Torneo Federal A,2017,zonas,Zona 3,Fecha 2,Delio Cardozo,false,https://es.wikipedia.org/wiki/Torneo_Federal_A_2017-18
2017-09-24,15:00,Flandria,Agropecuario,0,1,,,Primera Nacional,2017,zonas,,Fecha 2,Carlos V,false,https://es.wikipedia.org/wiki/Campeonato_de_Primera_B_Nacional_2017-18
2017-09-24,15:30,Argentino de Quilmes,El Porvenir,0,1,,,Primera C,2017,zonas,,Fecha 5,Argentino de Quilmes,false,https://es.wikipedia.org/wiki/Campeonato_de_Primera_C_2017-18_(Argentina)
2017-09-24,15:30,Defensores Unidos,Ituzaingó,1,0,,,Primera C,2017,zonas,,Fecha 5,Gigante de Villa Fox,false,https://es.wikipedia.org/wiki/Campeonato_de_Primera_C_2017-18_(Argentina)
2017-09-24,15:30,Deportivo Roca,Deportivo Madryn,1,0,,,Torneo Federal A,2017,zonas,Zona 1,Fecha 2,Luis Maiolino,false,https://es.wikipedia.org/wiki/Torneo_Federal_A_2017-18
2017-09-24,15:30,Douglas Haig,Libertad (S),2,1,,,Torneo Federal A,2017,zonas,Zona 3,Fecha 2,Miguel Morales,false,https://es.wikipedia.org/wiki/Torneo_Federal_A_2017-18
2017-09-24,15:30,Estudiantes (BA),Colegiales,1,1,,,Primera B,2017,zonas,,Fecha 5,Ciudad de Caseros,false,https://es.wikipedia.org/wiki/Campeonato_de_Primera_B_2017-18_(Argentina)
2017-09-24,15:30,Leandro N. Alem,Cañuelas,0,0,,,Primera C,2017,zonas,,Fecha 5,Leandro N. Alem,false,https://es.wikipedia.org/wiki/Campeonato_de_Primera_C_2017-18_(Argentina)
2017-09-24,15:30,Sportivo Barracas,Central Córdoba (R),2,2,,,Primera C,2017,zonas,,Fecha 5,Don León Kolbowsky,false,https://es.wikipedia.org/wiki/Campeonato_de_Primera_C_2017-18_(Argentina)
2017-09-24,15:35,All Boys,Ramón Santamarina,1,0,,,Primera Nacional,2017,zonas,,Fecha 2,Islas Malvinas,false,https://es.wikipedia.org/wiki/Campeonato_de_Primera_B_Nacional_2017-18
2017-09-24,16:00,Altos Hornos Zapla,Gimnasia y Tiro (S),1,1,,,Torneo Federal A,2017,zonas,Zona 4,Fecha 2,Emilio Fabrizzi,false,https://es.wikipedia.org/wiki/Torneo_Federal_A_2017-18
2017-09-24,16:00,Boca Unidos,Gimnasia y Esgrima (J),0,2,,,Primera Nacional,2017,zonas,,Fecha 2,Leoncio Benítez,false,https://es.wikipedia.org/wiki/Campeonato_de_Primera_B_Nacional_2017-18
2017-09-24,16:00,Desamparados,Unión Aconquija,1,0,,,Torneo Federal A,2017,zonas,Zona 2,Fecha 2,San Juan del Bicentenario,false,https://es.wikipedia.org/wiki/Torneo_Federal_A_2017-18
2017-09-24,16:00,Ferro Carril Oeste (GP),Cipolletti,2,1,,,Torneo Federal A,2017,zonas,Zona 1,Fecha 2,El Coloso del Barrio Talleres,false,https://es.wikipedia.org/wiki/Torneo_Federal_A_2017-18
2017-09-24,16:00,Guillermo Brown,Juventud Unida (G),3,0,,,Primera Nacional,2017,zonas,,Fecha 2,Raúl Conti,false,https://es.wikipedia.org/wiki/Campeonato_de_Primera_B_Nacional_2017-18
2017-09-24,16:00,Gutiérrez,San Lorenzo de Alem,0,1,,,Torneo Federal A,2017,zonas,Zona 2,Fecha 2,General Gutiérrez,false,https://es.wikipedia.org/wiki/Torneo_Federal_A_2017-18
2017-09-24,16:00,Independiente (N),Alvarado,2,1,,,Torneo Federal A,2017,zonas,Zona 1,Fecha 2,La Nueva Caldera,false,https://es.wikipedia.org/wiki/Torneo_Federal_A_2017-18
2017-09-24,16:00,Rivadavia (L),Sansinena,2,2,,,Torneo Federal A,2017,zonas,Zona 1,Fecha 2,El Coliseo,false,https://es.wikipedia.org/wiki/Torneo_Federal_A_2017-18
2017-09-24,16:00,Unión (S),Defensores de Belgrano (VR),0,2,,,Torneo Federal A,2017,zonas,Zona 3,Fecha 2,De la Avenida,false,https://es.wikipedia.org/wiki/Torneo_Federal_A_2017-18
2017-09-24,16:05,Rosario Central,Banfield,0,4,,,Primera Division,2017,zonas,,Fecha 4,Gigante de Arroyito,false,https://es.wikipedia.org/wiki/Campeonato_de_Primera_División_2017-18_(Argentina)
2017-09-24,16:30,Gimnasia y Esgrima (M),Deportivo Maipú,2,0,,,Torneo Federal A,2017,zonas,Zona 2,Fecha 2,Víctor Antonio Legrotaglie,false,https://es.wikipedia.org/wiki/Torneo_Federal_A_2017-18
2017-09-24,16:30,Huracán Las Heras,Estudiantes (RC),0,1,,,Torneo Federal A,2017,zonas,Zona 2,Fecha 2,General San Martín,false,https://es.wikipedia.org/wiki/Torneo_Federal_A_2017-18
2017-09-24,16:30,Juventud Antoniana,Sportivo Patria,1,0,,,Torneo Federal A,2017,zonas,Zona 4,Fecha 2,Fray Honorato Pistoia,false,https://es.wikipedia.org/wiki/Torneo_Federal_A_2017-18
2017-09-24,16:30,Mitre (SdE),Sportivo Estudiantes (SL),1,0,,,Primera Nacional,2017,zonas,,Fecha 2,Dres. José y Antonio Castiglione,false,https://es.wikipedia.org/wiki/Campeonato_de_Primera_B_Nacional_2017-18
2017-09-24,16:30,Unión (VK),Juventud Unida Universitario,1,2,,,Torneo Federal A,2017,zonas,Zona 2,Fecha 2,12 de Octubre,false,https://es.wikipedia.org/wiki/Torneo_Federal_A_2017-18
2017-09-24,17:00,Sarmiento (R),Guaraní Antonio Franco,3,1,,,Torneo Federal A,2017,zonas,Zona 4,Fecha 2,Centenario,false,https://es.wikipedia.org/wiki/Torneo_Federal_A_2017-18
2017-09-24,17:30,Crucero del Norte,Chaco For Ever,2,0,,,Torneo Federal A,2017,zonas,Zona 4,Fecha 2,Comandante Andrés Guacurarí,false,https://es.wikipedia.org/wiki/Torneo_Federal_A_2017-18
2017-09-24,18:05,River Plate,Argentinos Juniors,1,1,,,Primera Division,2017,zonas,,Fecha 4,Monumental,false,https://es.wikipedia.org/wiki/Campeonato_de_Primera_División_2017-18_(Argentina)
2017-09-24,20:05,Racing Club,San Martín (SJ),0,0,,,Primera Division,2017,zonas,,Fecha 4,El Cilindro,false,https://es.wikipedia.org/wiki/Campeonato_de_Primera_División_2017-18_(Argentina)
2017-09-25,15:30,Ferrocarril Midland,Sportivo Italiano,1,0,,,Primera C,2017,zonas,,Fecha 5,Ricardo Puga,false,https://es.wikipedia.org/wiki/Campeonato_de_Primera_C_2017-18_(Argentina)
2017-09-25,15:30,J. J. de Urquiza,Deportivo Armenio,0,0,,,Primera C,2017,zonas,,Fecha 5,Ramón Roque Martín,false,https://es.wikipedia.org/wiki/Campeonato_de_Primera_C_2017-18_(Argentina)
2017-09-25,15:30,San Martín (B),Deportivo Merlo,0,2,,,Primera C,2017,zonas,,Fecha 5,Francisco Boga,false,https://es.wikipedia.org/wiki/Campeonato_de_Primera_C_2017-18_(Argentina)
2017-09-25,18:00,Deportivo Laferrere,Excursionistas,2,1,,,Primera C,2017,zonas,,Fecha 5,Ciudad de Laferrere,false,https://es.wikipedia.org/wiki/Campeonato_de_Primera_C_2017-18_(Argentina)
2017-09-25,19:05,Lanús,Newell's Old Boys,1,0,,,Primera Division,2017,zonas,,Fecha 4,Ciudad de Lanús,false,https://es.wikipedia.org/wiki/Campeonato_de_Primera_División_2017-18_(Argentina)
2017-09-25,21:05,Aldosivi,Nueva Chicago,3,0,,,Primera Nacional,2017,zonas,,Fecha 2,José María Minella,false,https://es.wikipedia.org/wiki/Campeonato_de_Primera_B_Nacional_2017-18
2017-09-25,21:05,Estudiantes (LP),San Lorenzo,1,3,,,Primera Division,2017,zonas,,Fecha 4,Centenario,false,https://es.wikipedia.org/wiki/Campeonato_de_Primera_División_2017-18_(Argentina)
2017-09-26,15:30,Defensores de Cambaceres,Luján,0,0,,,Primera C,2017,zonas,,Fecha 5,12 de Octubre,false,https://es.wikipedia.org/wiki/Campeonato_de_Primera_C_2017-18_(Argentina)
2017-09-26,15:30,San Miguel,Villa San Carlos,2,0,,,Primera B,2017,zonas,,Fecha 1,Malvinas Argentinas,false,https://es.wikipedia.org/wiki/Campeonato_de_Primera_B_2017-18_(Argentina)
2017-09-26,21:05,Platense,Acassuso,2,0,,,Primera B,2017,zonas,,Fecha 5,Ciudad de Vicente López,false,https://es.wikipedia.org/wiki/Campeonato_de_Primera_B_2017-18_(Argentina)
2017-09-27,,Rosario Central,Boca Juniors,1,0,,,Copa Argentina,2017,eliminacion,,Octavos,Malvinas Argentinas,true,https://es.wikipedia.org/wiki/Copa_Argentina_2016-17
2017-09-27,15:30,Almirante Brown,Comunicaciones,2,2,,,Primera B,2017,zonas,,Fecha 1,Malvinas Argentinas,false,https://es.wikipedia.org/wiki/Campeonato_de_Primera_B_2017-18_(Argentina)
2017-09-27,15:30,Deportivo Español,San Telmo,3,1,,,Primera B,2017,zonas,,Fecha 1,Nueva España,false,https://es.wikipedia.org/wiki/Campeonato_de_Primera_B_2017-18_(Argentina)
2017-09-27,15:30,Juventud Unida Universitario,Unión Aconquija,0,0,,,Torneo Federal A,2017,zonas,Zona 2,Fecha 1,Mario Sebastián Diez,false,https://es.wikipedia.org/wiki/Torneo_Federal_A_2017-18
2017-09-27,21:45,Unión (VK),Gutiérrez,1,0,,,Torneo Federal A,2017,zonas,Zona 2,Fecha 1,San Juan del Bicentenario,false,https://es.wikipedia.org/wiki/Torneo_Federal_A_2017-18
2017-09-28,,Godoy Cruz,Banfield,2,1,,,Copa Argentina,2017,eliminacion,,Octavos,Juan Domingo Perón,true,https://es.wikipedia.org/wiki/Copa_Argentina_2016-17
2017-09-29,15:30,Deportivo Riestra,Atlético de Rafaela,2,2,,,Primera Nacional,2017,zonas,,Fecha 3,Ciudad de Caseros,false,https://es.wikipedia.org/wiki/Campeonato_de_Primera_B_Nacional_2017-18
2017-09-29,15:30,El Porvenir,Defensores de Cambaceres,0,1,,,Primera C,2017,zonas,,Fecha 6,Gildo Francisco Ghersinich,false,https://es.wikipedia.org/wiki/Campeonato_de_Primera_C_2017-18_(Argentina)
2017-09-29,15:30,Sportivo Italiano,Defensores Unidos,2,1,,,Primera C,2017,zonas,,Fecha 6,República de Italia,false,https://es.wikipedia.org/wiki/Campeonato_de_Primera_C_2017-18_(Argentina)
2017-09-29,19:00,Libertad (S),Sportivo Las Parejas,1,3,,,Torneo Federal A,2017,zonas,Zona 3,Fecha 3,Dr. Plácido Tita,false,https://es.wikipedia.org/wiki/Torneo_Federal_A_2017-18
2017-09-29,19:05,Defensa y Justicia,Huracán,0,0,,,Primera Division,2017,zonas,,Fecha 5,Norberto Tomaghello,false,https://es.wikipedia.org/wiki/Campeonato_de_Primera_División_2017-18_(Argentina)
2017-09-29,19:05,Unión,Olimpo,2,0,,,Primera Division,2017,zonas,,Fecha 5,15 de abril,false,https://es.wikipedia.org/wiki/Campeonato_de_Primera_División_2017-18_(Argentina)
2017-09-29,21:00,Cipolletti,Deportivo Roca,2,1,,,Torneo Federal A,2017,zonas,Zona 1,Fecha 3,La Visera de Cemento,false,https://es.wikipedia.org/wiki/Torneo_Federal_A_2017-18
2017-09-29,21:00,Gimnasia y Esgrima (CdU),Unión (S),1,1,,,Torneo Federal A,2017,zonas,Zona 3,Fecha 3,Manuel y Ramón Núñez,false,https://es.wikipedia.org/wiki/Torneo_Federal_A_2017-18
2017-09-29,21:00,Los Andes,Boca Unidos,1,1,,,Primera Nacional,2017,zonas,,Fecha 3,Eduardo Gallardón,false,https://es.wikipedia.org/wiki/Campeonato_de_Primera_B_Nacional_2017-18
2017-09-29,21:00,Sportivo Belgrano,Atlético Paraná,3,2,,,Torneo Federal A,2017,zonas,Zona 3,Fecha 3,Oscar C. Boero,false,https://es.wikipedia.org/wiki/Torneo_Federal_A_2017-18
2017-09-29,21:05,Villa Dálmine,Sarmiento (J),2,0,,,Primera Nacional,2017,zonas,,Fecha 3,El Coliseo de Mitre y Puccini,false,https://es.wikipedia.org/wiki/Campeonato_de_Primera_B_Nacional_2017-18
2017-09-29,21:15,Atlético Tucumán,Belgrano,0,0,,,Primera Division,2017,zonas,,Fecha 5,Monumental José Fierro,false,https://es.wikipedia.org/wiki/Campeonato_de_Primera_División_2017-18_(Argentina)
2017-09-29,21:30,Estudiantes (RC),Gimnasia y Esgrima (M),1,1,,,Torneo Federal A,2017,zonas,Zona 2,Fecha 3,Ciudad de Río Cuarto Antonio Candini,false,https://es.wikipedia.org/wiki/Torneo_Federal_A_2017-18
2017-09-29,21:30,Gimnasia y Tiro (S),Sarmiento (R),1,2,,,Torneo Federal A,2017,zonas,Zona 4,Fecha 3,El Gigante del Norte,false,https://es.wikipedia.org/wiki/Torneo_Federal_A_2017-18
2017-09-29,22:00,Central Córdoba (SdE),Defensores de Pronunciamiento,1,1,,,Torneo Federal A,2017,zonas,Zona 3,Fecha 3,Alfredo Terrera,false,https://es.wikipedia.org/wiki/Torneo_Federal_A_2017-18
2017-09-30,11:00,J. J. de Urquiza,Sportivo Barracas,2,2,,,Primera C,2017,zonas,,Fecha 6,Ramón Roque Martín,false,https://es.wikipedia.org/wiki/Campeonato_de_Primera_C_2017-18_(Argentina)
2017-09-30,13:05,Almirante Brown,Platense,0,2,,,Primera B,2017,zonas,,Fecha 6,Fragata Presidente Sarmiento,false,https://es.wikipedia.org/wiki/Campeonato_de_Primera_B_2017-18_(Argentina)
2017-09-30,13:15,Colegiales,Tristán Suárez,0,1,,,Primera B,2017,zonas,,Fecha 6,Colegiales,false,https://es.wikipedia.org/wiki/Campeonato_de_Primera_B_2017-18_(Argentina)
2017-09-30,14:05,San Lorenzo,Colón,0,0,,,Primera Division,2017,zonas,,Fecha 5,Nuevo Gasómetro,false,https://es.wikipedia.org/wiki/Campeonato_de_Primera_División_2017-18_(Argentina)
2017-09-30,15:30,Almagro,Independiente Rivadavia,2,1,,,Primera Nacional,2017,zonas,,Fecha 3,Tres de Febrero,false,https://es.wikipedia.org/wiki/Campeonato_de_Primera_B_Nacional_2017-18
2017-09-30,15:30,Cañuelas,Dock Sud,1,0,,,Primera C,2017,zonas,,Fecha 6,Jose Alfredo Arín,false,https://es.wikipedia.org/wiki/Campeonato_de_Primera_C_2017-18_(Argentina)
2017-09-30,15:30,Excursionistas,Leandro N. Alem,1,2,,,Primera C,2017,zonas,,Fecha 6,Excursionistas,false,https://es.wikipedia.org/wiki/Campeonato_de_Primera_C_2017-18_(Argentina)
2017-09-30,16:00,Agropecuario,Guillermo Brown,2,0,,,Primera Nacional,2017,zonas,,Fecha 3,Ofelia Rosenzuaig,false,https://es.wikipedia.org/wiki/Campeonato_de_Primera_B_Nacional_2017-18
2017-09-30,16:00,Deportivo Madryn,Independiente (N),0,0,,,Torneo Federal A,2017,zonas,Zona 1,Fecha 3,Abel Sastre,false,https://es.wikipedia.org/wiki/Torneo_Federal_A_2017-18
2017-09-30,16:00,Deportivo Mandiyú,Juventud Antoniana,1,1,,,Torneo Federal A,2017,zonas,Zona 4,Fecha 3,José Antonio Romero Feris,false,https://es.wikipedia.org/wiki/Torneo_Federal_A_2017-18
2017-09-30,16:00,Sansinena,Ferro Carril Oeste (GP),0,2,,,Torneo Federal A,2017,zonas,Zona 1,Fecha 3,Luis Molina,false,https://es.wikipedia.org/wiki/Torneo_Federal_A_2017-18
2017-09-30,16:00,Unión Aconquija,Huracán Las Heras,0,0,,,Torneo Federal A,2017,zonas,Zona 2,Fecha 3,Municipal de Aconquija,false,https://es.wikipedia.org/wiki/Torneo_Federal_A_2017-18
2017-09-30,16:05,Temperley,Estudiantes (LP),0,3,,,Primera Division,2017,zonas,,Fecha 5,Alberto Beranger,false,https://es.wikipedia.org/wiki/Campeonato_de_Primera_División_2017-18_(Argentina)
2017-09-30,16:30,Sportivo Patria,Altos Hornos Zapla,2,0,,,Torneo Federal A,2017,zonas,Zona 4,Fecha 3,Antonio Romero,false,https://es.wikipedia.org/wiki/Torneo_Federal_A_2017-18
2017-09-30,17:00,Defensores de Belgrano (VR),Douglas Haig,5,0,,,Torneo Federal A,2017,zonas,Zona 3,Fecha 3,Salomón Boeseldín,false,https://es.wikipedia.org/wiki/Torneo_Federal_A_2017-18
2017-09-30,17:00,San Lorenzo de Alem,Unión (VK),0,0,,,Torneo Federal A,2017,zonas,Zona 2,Fecha 3,Malvinas Argentinas,false,https://es.wikipedia.org/wiki/Torneo_Federal_A_2017-18
2017-09-30,17:00,Sportivo Estudiantes (SL),Deportivo Morón,0,0,,,Primera Nacional,2017,zonas,,Fecha 3,Juan Gilberto Funes,false,https://es.wikipedia.org/wiki/Campeonato_de_Primera_B_Nacional_2017-18
2017-09-30,17:05,Instituto,Ferro Carril Oeste,3,1,,,Primera Nacional,2017,zonas,,Fecha 3,Juan Domingo Perón,false,https://es.wikipedia.org/wiki/Campeonato_de_Primera_B_Nacional_2017-18
2017-09-30,18:05,Gimnasia y Esgrima (LP),Lanús,1,3,,,Primera Division,2017,zonas,,Fecha 5,Del Bosque,false,https://es.wikipedia.org/wiki/Campeonato_de_Primera_División_2017-18_(Argentina)
2017-09-30,20:00,Alvarado,Villa Mitre,1,1,,,Torneo Federal A,2017,zonas,Zona 1,Fecha 3,José María Minella,false,https://es.wikipedia.org/wiki/Torneo_Federal_A_2017-18
2017-09-30,20:05,Argentinos Juniors,Racing Club,2,0,,,Primera Division,2017,zonas,,Fecha 5,Diego Armando Maradona,false,https://es.wikipedia.org/wiki/Campeonato_de_Primera_División_2017-18_(Argentina)
2017-09-30,20:05,Atlanta,Estudiantes (BA),0,1,,,Primera B,2017,zonas,,Fecha 6,Don León Kolbowsky,false,https://es.wikipedia.org/wiki/Campeonato_de_Primera_B_2017-18_(Argentina)
2017-09-30,20:30,Ramón Santamarina,Mitre (SdE),1,1,,,Primera Nacional,2017,zonas,,Fecha 3,Municipal General San Martín,false,https://es.wikipedia.org/wiki/Campeonato_de_Primera_B_Nacional_2017-18
2017-09-30,21:00,Guaraní Antonio Franco,Crucero del Norte,0,1,,,Torneo Federal A,2017,zonas,Zona 4,Fecha 3,Clemente A. Fernández de Oliveira,false,https://es.wikipedia.org/wiki/Torneo_Federal_A_2017-18
2017-09-30,21:30,Chaco For Ever,San Jorge (T),1,0,,,Torneo Federal A,2017,zonas,Zona 4,Fecha 3,Juan Alberto García,false,https://es.wikipedia.org/wiki/Torneo_Federal_A_2017-18
2017-10-01,11:05,Talleres (C),Patronato,1,0,,,Primera Division,2017,zonas,,Fecha 5,Mario Alberto Kempes,false,https://es.wikipedia.org/wiki/Campeonato_de_Primera_División_2017-18_(Argentina)
2017-10-01,14:05,San Martín (SJ),Rosario Central,3,1,,,Primera Division,2017,zonas,,Fecha 5,Ingeniero Hilario Sánchez,false,https://es.wikipedia.org/wiki/Campeonato_de_Primera_División_2017-18_(Argentina)
2017-10-01,15:00,Deportivo Maipú,Gutiérrez,1,1,,,Torneo Federal A,2017,zonas,Zona 2,Fecha 3,Omar Higinio Sperdutti,false,https://es.wikipedia.org/wiki/Torneo_Federal_A_2017-18
2017-10-01,15:00,Juventud Unida (G),Brown de Adrogué,1,1,,,Primera Nacional,2017,zonas,,Fecha 3,De los Eucaliptos,false,https://es.wikipedia.org/wiki/Campeonato_de_Primera_B_Nacional_2017-18
2017-10-01,15:05,Nueva Chicago,All Boys,2,0,,,Primera Nacional,2017,zonas,,Fecha 3,Nueva Chicago,false,https://es.wikipedia.org/wiki/Campeonato_de_Primera_B_Nacional_2017-18
2017-10-01,15:30,Berazategui,Argentino de Quilmes,3,1,,,Primera C,2017,zonas,,Fecha 6,Norman Lee,false,https://es.wikipedia.org/wiki/Campeonato_de_Primera_C_2017-18_(Argentina)
2017-10-01,15:30,Comunicaciones,Talleres (RdE),2,0,,,Primera B,2017,zonas,,Fecha 6,Alfredo Ramos,false,https://es.wikipedia.org/wiki/Campeonato_de_Primera_B_2017-18_(Argentina)
2017-10-01,15:30,Deportivo Armenio,San Martín (B),0,0,,,Primera C,2017,zonas,,Fecha 6,Armenia,false,https://es.wikipedia.org/wiki/Campeonato_de_Primera_C_2017-18_(Argentina)
2017-10-01,15:30,Fénix,Acassuso,0,0,,,Primera B,2017,zonas,,Fecha 6,Malvinas Argentinas,false,https://es.wikipedia.org/wiki/Campeonato_de_Primera_B_2017-18_(Argentina)
2017-10-01,15:30,UAI Urquiza,Sacachispas,2,1,,,Primera B,2017,zonas,,Fecha 6,Monumental de Villa Lynch,false,https://es.wikipedia.org/wiki/Campeonato_de_Primera_B_2017-18_(Argentina)
2017-10-01,16:05,Independiente,Vélez Sarsfield,1,0,,,Primera Division,2017,zonas,,Fecha 5,Libertadores de América,false,https://es.wikipedia.org/wiki/Campeonato_de_Primera_División_2017-18_(Argentina)
2017-10-01,16:30,Juventud Unida Universitario,Desamparados,2,0,,,Torneo Federal A,2017,zonas,Zona 2,Fecha 3,Mario Sebastián Diez,false,https://es.wikipedia.org/wiki/Torneo_Federal_A_2017-18
2017-10-01,17:00,Gimnasia y Esgrima (J),Quilmes,2,0,,,Primera Nacional,2017,zonas,,Fecha 3,23 de Agosto,false,https://es.wikipedia.org/wiki/Campeonato_de_Primera_B_Nacional_2017-18
2017-10-01,17:00,San Martín (T),Aldosivi,0,0,,,Primera Nacional,2017,zonas,,Fecha 3,La Ciudadela,false,https://es.wikipedia.org/wiki/Campeonato_de_Primera_B_Nacional_2017-18
2017-10-01,18:05,Boca Juniors,Chacarita Juniors,1,0,,,Primera Division,2017,zonas,,Fecha 5,La Bombonera,false,https://es.wikipedia.org/wiki/Campeonato_de_Primera_División_2017-18_(Argentina)
2017-10-01,20:05,Tigre,River Plate,1,1,,,Primera Division,2017,zonas,,Fecha 5,Monumental de Victoria,false,https://es.wikipedia.org/wiki/Campeonato_de_Primera_División_2017-18_(Argentina)
2017-10-02,15:30,Deportivo Merlo,Deportivo Laferrere,3,1,,,Primera C,2017,zonas,,Fecha 6,José Manuel Moreno,false,https://es.wikipedia.org/wiki/Campeonato_de_Primera_C_2017-18_(Argentina)
2017-10-02,15:30,Ituzaingó,Central Córdoba (R),0,2,,,Primera C,2017,zonas,,Fecha 6,Ituzaingó,false,https://es.wikipedia.org/wiki/Campeonato_de_Primera_C_2017-18_(Argentina)
2017-10-02,15:30,Luján,Ferrocarril Midland,0,1,,,Primera C,2017,zonas,,Fecha 6,Municipal de la Ciudad de Luján,false,https://es.wikipedia.org/wiki/Campeonato_de_Primera_C_2017-18_(Argentina)
2017-10-02,15:30,San Telmo,Barracas Central,1,1,,,Primera B,2017,zonas,,Fecha 6,Dr. Osvaldo Baletto,false,https://es.wikipedia.org/wiki/Campeonato_de_Primera_B_2017-18_(Argentina)
2017-10-02,15:30,Villa San Carlos,Defensores de Belgrano,0,2,,,Primera B,2017,zonas,,Fecha 6,Genacio Sálice,false,https://es.wikipedia.org/wiki/Campeonato_de_Primera_B_2017-18_(Argentina)
2017-10-02,19:05,Banfield,Arsenal,1,2,,,Primera Division,2017,zonas,,Fecha 5,Florencio Sola,false,https://es.wikipedia.org/wiki/Campeonato_de_Primera_División_2017-18_(Argentina)
2017-10-02,21:05,Deportivo Español,San Miguel,0,1,,,Primera B,2017,zonas,,Fecha 6,Nueva España,false,https://es.wikipedia.org/wiki/Campeonato_de_Primera_B_2017-18_(Argentina)
2017-10-02,21:05,Newell's Old Boys,Godoy Cruz,0,0,,,Primera Division,2017,zonas,,Fecha 5,Marcelo Bielsa,false,https://es.wikipedia.org/wiki/Campeonato_de_Primera_División_2017-18_(Argentina)
2017-10-03,21:00,Unión (S),Atlético Paraná,0,0,,,Torneo Federal A,2017,zonas,Zona 3,Fecha 4,De la Avenida,false,https://es.wikipedia.org/wiki/Torneo_Federal_A_2017-18
2017-10-04,,Atlético Tucumán,Sarmiento (J),4,0,,,Copa Argentina,2017,eliminacion,,Octavos,Padre Ernesto Martearena,true,https://es.wikipedia.org/wiki/Copa_Argentina_2016-17
2017-10-04,,Olimpo,Gimnasia y Esgrima (M),3,2,,,Copa Argentina,2017,eliminacion,,Octavos,Julio Humberto Grondona,true,https://es.wikipedia.org/wiki/Copa_Argentina_2016-17
2017-10-04,15:00,Defensores de Pronunciamiento,Libertad (S),0,0,,,Torneo Federal A,2017,zonas,Zona 3,Fecha 4,Delio Cardozo,false,https://es.wikipedia.org/wiki/Torneo_Federal_A_2017-18
2017-10-04,15:30,Defensores de Cambaceres,Defensores Unidos,1,2,,,Primera C,2017,zonas,,Fecha 1,12 de Octubre,false,https://es.wikipedia.org/wiki/Campeonato_de_Primera_C_2017-18_(Argentina)
2017-10-04,15:30,Tristán Suárez,Atlanta,1,1,,,Primera B,2017,zonas,,Fecha 7,20 de Octubre,false,https://es.wikipedia.org/wiki/Campeonato_de_Primera_B_2017-18_(Argentina)
2017-10-04,16:00,Deportivo Mandiyú,Sportivo Patria,0,1,,,Torneo Federal A,2017,zonas,Zona 4,Fecha 4,José Antonio Romero Feris,false,https://es.wikipedia.org/wiki/Torneo_Federal_A_2017-18
2017-10-04,16:00,Huracán Las Heras,Desamparados,0,0,,,Torneo Federal A,2017,zonas,Zona 2,Fecha 4,General San Martín,false,https://es.wikipedia.org/wiki/Torneo_Federal_A_2017-18
2017-10-04,16:00,Independiente (N),Cipolletti,0,1,,,Torneo Federal A,2017,zonas,Zona 1,Fecha 4,La Nueva Caldera,false,https://es.wikipedia.org/wiki/Torneo_Federal_A_2017-18
2017-10-04,16:00,San Jorge (T),Guaraní Antonio Franco,3,0,,,Torneo Federal A,2017,zonas,Zona 4,Fecha 4,Ángel Pascual Sáez,false,https://es.wikipedia.org/wiki/Torneo_Federal_A_2017-18
2017-10-04,16:30,Gutiérrez,Estudiantes (RC),2,2,,,Torneo Federal A,2017,zonas,Zona 2,Fecha 4,General Gutiérrez,false,https://es.wikipedia.org/wiki/Torneo_Federal_A_2017-18
2017-10-04,20:30,Douglas Haig,Gimnasia y Esgrima (CdU),1,0,,,Torneo Federal A,2017,zonas,Zona 3,Fecha 4,Miguel Morales,false,https://es.wikipedia.org/wiki/Torneo_Federal_A_2017-18
2017-10-04,20:30,Sportivo Las Parejas,Defensores de Belgrano (VR),0,0,,,Torneo Federal A,2017,zonas,Zona 3,Fecha 4,4 de Septiembre,false,https://es.wikipedia.org/wiki/Torneo_Federal_A_2017-18
2017-10-04,20:30,Villa Mitre,Deportivo Madryn,1,0,,,Torneo Federal A,2017,zonas,Zona 1,Fecha 4,El Fortín,false,https://es.wikipedia.org/wiki/Torneo_Federal_A_2017-18
2017-10-04,21:00,Crucero del Norte,Gimnasia y Tiro (S),1,2,,,Torneo Federal A,2017,zonas,Zona 4,Fecha 4,Comandante Andrés Guacurarí,false,https://es.wikipedia.org/wiki/Torneo_Federal_A_2017-18
2017-10-04,21:00,Ferro Carril Oeste (GP),Rivadavia (L),0,0,,,Torneo Federal A,2017,zonas,Zona 1,Fecha 4,El Coloso del Barrio Talleres,false,https://es.wikipedia.org/wiki/Torneo_Federal_A_2017-18
2017-10-04,21:00,San Lorenzo de Alem,Juventud Unida Universitario,0,1,,,Torneo Federal A,2017,zonas,Zona 2,Fecha 4,Malvinas Argentinas,false,https://es.wikipedia.org/wiki/Torneo_Federal_A_2017-18
2017-10-04,21:00,Sarmiento (R),Altos Hornos Zapla,0,0,,,Torneo Federal A,2017,zonas,Zona 4,Fecha 4,Centenario,false,https://es.wikipedia.org/wiki/Torneo_Federal_A_2017-18
2017-10-04,21:30,Deportivo Roca,Sansinena,0,0,,,Torneo Federal A,2017,zonas,Zona 1,Fecha 4,Luis Maiolino,false,https://es.wikipedia.org/wiki/Torneo_Federal_A_2017-18
2017-10-04,21:45,Unión (VK),Deportivo Maipú,3,2,,,Torneo Federal A,2017,zonas,Zona 2,Fecha 4,San Juan del Bicentenario,false,https://es.wikipedia.org/wiki/Torneo_Federal_A_2017-18
2017-10-04,22:00,Central Córdoba (SdE),Sportivo Belgrano,0,1,,,Torneo Federal A,2017,zonas,Zona 3,Fecha 4,Alfredo Terrera,false,https://es.wikipedia.org/wiki/Torneo_Federal_A_2017-18
2017-10-06,21:00,Boca Unidos,Deportivo Riestra,1,1,,,Primera Nacional,2017,zonas,,Fecha 4,Leoncio Benítez,false,https://es.wikipedia.org/wiki/Campeonato_de_Primera_B_Nacional_2017-18
2017-10-06,21:30,Independiente Rivadavia,Instituto,2,0,,,Primera Nacional,2017,zonas,,Fecha 4,Bautista Gargantini,false,https://es.wikipedia.org/wiki/Campeonato_de_Primera_B_Nacional_2017-18
2017-10-07,,River Plate,Defensa y Justicia,3,0,,,Copa Argentina,2017,eliminacion,,Octavos,Antonio Romero,true,https://es.wikipedia.org/wiki/Copa_Argentina_2016-17
2017-10-07,13:05,Platense,Fénix,4,0,,,Primera B,2017,zonas,,Fecha 7,Ciudad de Vicente López,false,https://es.wikipedia.org/wiki/Campeonato_de_Primera_B_2017-18_(Argentina)
2017-10-07,13:15,Barracas Central,Colegiales,1,2,,,Primera B,2017,zonas,,Fecha 7,Claudio Chiqui Tapia,false,https://es.wikipedia.org/wiki/Campeonato_de_Primera_B_2017-18_(Argentina)
2017-10-07,15:05,Quilmes,Los Andes,1,0,,,Primera Nacional,2017,zonas,,Fecha 4,Centenario,false,https://es.wikipedia.org/wiki/Campeonato_de_Primera_B_Nacional_2017-18
2017-10-07,15:30,Acassuso,UAI Urquiza,0,1,,,Primera B,2017,zonas,,Fecha 7,República de Italia,false,https://es.wikipedia.org/wiki/Campeonato_de_Primera_B_2017-18_(Argentina)
2017-10-07,15:30,Brown de Adrogué,Agropecuario,3,1,,,Primera Nacional,2017,zonas,,Fecha 4,Lorenzo Arandilla,false,https://es.wikipedia.org/wiki/Campeonato_de_Primera_B_Nacional_2017-18
2017-10-07,15:30,Central Córdoba (R),Sportivo Italiano,1,2,,,Primera C,2017,zonas,,Fecha 7,Gabino Sosa,false,https://es.wikipedia.org/wiki/Campeonato_de_Primera_C_2017-18_(Argentina)
2017-10-07,15:30,Defensores de Belgrano,Comunicaciones,1,2,,,Primera B,2017,zonas,,Fecha 7,Juan Pasquale,false,https://es.wikipedia.org/wiki/Campeonato_de_Primera_B_2017-18_(Argentina)
2017-10-07,15:30,Dock Sud,Excursionistas,2,0,,,Primera C,2017,zonas,,Fecha 7,De los Inmigrantes,false,https://es.wikipedia.org/wiki/Campeonato_de_Primera_C_2017-18_(Argentina)
2017-10-07,15:30,Estudiantes (BA),Deportivo Español,1,0,,,Primera B,2017,zonas,,Fecha 7,Ciudad de Caseros,false,https://es.wikipedia.org/wiki/Campeonato_de_Primera_B_2017-18_(Argentina)
2017-10-07,15:30,Leandro N. Alem,Deportivo Merlo,0,0,,,Primera C,2017,zonas,,Fecha 7,Leandro N. Alem,false,https://es.wikipedia.org/wiki/Campeonato_de_Primera_C_2017-18_(Argentina)
2017-10-07,16:00,Aldosivi,Almagro,1,3,,,Primera Nacional,2017,zonas,,Fecha 4,José María Minella,false,https://es.wikipedia.org/wiki/Campeonato_de_Primera_B_Nacional_2017-18
2017-10-07,16:30,Ferro Carril Oeste,Juventud Unida (G),0,1,,,Primera Nacional,2017,zonas,,Fecha 4,Arquitecto Ricardo Etcheverri,false,https://es.wikipedia.org/wiki/Campeonato_de_Primera_B_Nacional_2017-18
2017-10-07,18:00,All Boys,San Martín (T),1,1,,,Primera Nacional,2017,zonas,,Fecha 4,Islas Malvinas,false,https://es.wikipedia.org/wiki/Campeonato_de_Primera_B_Nacional_2017-18
2017-10-08,11:00,San Martín (B),J. J. de Urquiza,1,1,,,Primera C,2017,zonas,,Fecha 7,Francisco Boga,false,https://es.wikipedia.org/wiki/Campeonato_de_Primera_C_2017-18_(Argentina)
2017-10-08,15:05,San Miguel,Almirante Brown,2,0,,,Primera B,2017,zonas,,Fecha 7,Malvinas Argentinas,false,https://es.wikipedia.org/wiki/Campeonato_de_Primera_B_2017-18_(Argentina)
2017-10-08,15:30,Deportivo Laferrere,Deportivo Armenio,1,0,,,Primera C,2017,zonas,,Fecha 7,Ciudad de Laferrere,false,https://es.wikipedia.org/wiki/Campeonato_de_Primera_C_2017-18_(Argentina)
2017-10-08,15:30,Guillermo Brown,Flandria,3,0,,,Primera Nacional,2017,zonas,,Fecha 4,Raul Conti,false,https://es.wikipedia.org/wiki/Campeonato_de_Primera_B_Nacional_2017-18
2017-10-08,15:30,Sportivo Barracas,Ituzaingó,2,0,,,Primera C,2017,zonas,,Fecha 7,Don León Kolbowsky,false,https://es.wikipedia.org/wiki/Campeonato_de_Primera_C_2017-18_(Argentina)
2017-10-08,15:30,Talleres (RdE),San Telmo,3,1,,,Primera B,2017,zonas,,Fecha 7,Talleres,false,https://es.wikipedia.org/wiki/Campeonato_de_Primera_B_2017-18_(Argentina)
2017-10-08,16:00,Argentinos Juniors,Chacarita Juniors,1,0,,,Primera Division,2017,zonas,,Fecha 1,Diego Armando Maradona,false,https://es.wikipedia.org/wiki/Campeonato_de_Primera_División_2017-18_(Argentina)
2017-10-08,16:00,Deportivo Madryn,Alvarado,1,2,,,Torneo Federal A,2017,zonas,Zona 1,Fecha 5,Abel Sastre,false,https://es.wikipedia.org/wiki/Torneo_Federal_A_2017-18
2017-10-08,16:00,Gimnasia y Esgrima (CdU),Sportivo Las Parejas,2,0,,,Torneo Federal A,2017,zonas,Zona 3,Fecha 5,Manuel y Ramón Núñez,false,https://es.wikipedia.org/wiki/Torneo_Federal_A_2017-18
2017-10-08,16:00,Mitre (SdE),Nueva Chicago,0,1,,,Primera Nacional,2017,zonas,,Fecha 4,Dres. José y Antonio Castiglione,false,https://es.wikipedia.org/wiki/Campeonato_de_Primera_B_Nacional_2017-18
2017-10-08,16:00,Rivadavia (L),Deportivo Roca,1,0,,,Torneo Federal A,2017,zonas,Zona 1,Fecha 5,El Coliseo,false,https://es.wikipedia.org/wiki/Torneo_Federal_A_2017-18
2017-10-08,16:00,Sansinena,Independiente (N),1,2,,,Torneo Federal A,2017,zonas,Zona 1,Fecha 5,Luis Molina,false,https://es.wikipedia.org/wiki/Torneo_Federal_A_2017-18
2017-10-08,16:00,Unión Aconquija,Gutiérrez,0,0,,,Torneo Federal A,2017,zonas,Zona 2,Fecha 5,Peñarol de Belén,false,https://es.wikipedia.org/wiki/Torneo_Federal_A_2017-18
2017-10-08,16:30,Deportivo Maipú,San Lorenzo de Alem,1,0,,,Torneo Federal A,2017,zonas,Zona 2,Fecha 5,Omar Higinio Sperdutti,false,https://es.wikipedia.org/wiki/Torneo_Federal_A_2017-18
2017-10-08,16:30,Juventud Unida Universitario,Huracán Las Heras,2,2,,,Torneo Federal A,2017,zonas,Zona 2,Fecha 5,Mario Sebastián Diez,false,https://es.wikipedia.org/wiki/Torneo_Federal_A_2017-18
2017-10-08,16:30,Sportivo Patria,Sarmiento (R),1,3,,,Torneo Federal A,2017,zonas,Zona 4,Fecha 5,Antonio Romero,false,https://es.wikipedia.org/wiki/Torneo_Federal_A_2017-18
2017-10-08,17:00,Altos Hornos Zapla,Crucero del Norte,0,0,,,Torneo Federal A,2017,zonas,Zona 4,Fecha 5,Emilio Fabrizzi,false,https://es.wikipedia.org/wiki/Torneo_Federal_A_2017-18
2017-10-08,17:00,Defensores de Belgrano (VR),Defensores de Pronunciamiento,1,1,,,Torneo Federal A,2017,zonas,Zona 3,Fecha 5,Salomón Boeseldín,false,https://es.wikipedia.org/wiki/Torneo_Federal_A_2017-18
2017-10-08,17:00,Estudiantes (RC),Unión (VK),0,0,,,Torneo Federal A,2017,zonas,Zona 2,Fecha 5,Ciudad de Río Cuarto Antonio Candini,false,https://es.wikipedia.org/wiki/Torneo_Federal_A_2017-18
2017-10-08,17:00,Gimnasia y Tiro (S),San Jorge (T),1,0,,,Torneo Federal A,2017,zonas,Zona 4,Fecha 5,El Gigante del Norte,false,https://es.wikipedia.org/wiki/Torneo_Federal_A_2017-18
2017-10-08,17:00,Sportivo Belgrano,Unión (S),0,0,,,Torneo Federal A,2017,zonas,Zona 3,Fecha 5,Oscar C. Boero,false,https://es.wikipedia.org/wiki/Torneo_Federal_A_2017-18
2017-10-08,18:00,Atlético Paraná,Douglas Haig,1,2,,,Torneo Federal A,2017,zonas,Zona 3,Fecha 5,Pedro Mutio,false,https://es.wikipedia.org/wiki/Torneo_Federal_A_2017-18
2017-10-08,18:00,Chaco For Ever,Deportivo Mandiyú,1,1,,,Torneo Federal A,2017,zonas,Zona 4,Fecha 5,Juan Alberto García,false,https://es.wikipedia.org/wiki/Torneo_Federal_A_2017-18
2017-10-08,18:00,Cipolletti,Villa Mitre,1,2,,,Torneo Federal A,2017,zonas,Zona 1,Fecha 5,La Visera de Cemento,false,https://es.wikipedia.org/wiki/Torneo_Federal_A_2017-18
2017-10-08,18:00,Libertad (S),Central Córdoba (SdE),2,6,,,Torneo Federal A,2017,zonas,Zona 3,Fecha 5,Dr. Plácido Tita,false,https://es.wikipedia.org/wiki/Torneo_Federal_A_2017-18
2017-10-08,19:05,Deportivo Morón,Ramón Santamarina,1,0,,,Primera Nacional,2017,zonas,,Fecha 4,Nuevo Francisco Urbano,false,https://es.wikipedia.org/wiki/Campeonato_de_Primera_B_Nacional_2017-18
2017-10-08,20:00,Guaraní Antonio Franco,Juventud Antoniana,2,3,,,Torneo Federal A,2017,zonas,Zona 4,Fecha 5,Clemente A. Fernández de Oliveira,false,https://es.wikipedia.org/wiki/Torneo_Federal_A_2017-18
2017-10-08,20:45,Desamparados,Gimnasia y Esgrima (M),0,0,,,Torneo Federal A,2017,zonas,Zona 2,Fecha 5,El Serpentario,false,https://es.wikipedia.org/wiki/Torneo_Federal_A_2017-18
2017-10-09,,Belgrano,Atlanta,1,2,,,Copa Argentina,2017,eliminacion,,Octavos,15 de abril,true,https://es.wikipedia.org/wiki/Copa_Argentina_2016-17
2017-10-09,15:30,Argentino de Quilmes,Cañuelas,0,0,,,Primera C,2017,zonas,,Fecha 7,Argentino de Quilmes,false,https://es.wikipedia.org/wiki/Campeonato_de_Primera_C_2017-18_(Argentina)
2017-10-09,15:30,Defensores Unidos,Luján,1,4,,,Primera C,2017,zonas,,Fecha 7,Gigante de Villa Fox,false,https://es.wikipedia.org/wiki/Campeonato_de_Primera_C_2017-18_(Argentina)
2017-10-09,15:30,Defensores de Cambaceres,Berazategui,1,1,,,Primera C,2017,zonas,,Fecha 7,12 de Octubre,false,https://es.wikipedia.org/wiki/Campeonato_de_Primera_C_2017-18_(Argentina)
2017-10-09,15:30,Ferrocarril Midland,El Porvenir,2,1,,,Primera C,2017,zonas,,Fecha 7,Colegiales,false,https://es.wikipedia.org/wiki/Campeonato_de_Primera_C_2017-18_(Argentina)
2017-10-09,15:30,Sacachispas,Villa San Carlos,1,0,,,Primera B,2017,zonas,,Fecha 7,Beto Larrosa,false,https://es.wikipedia.org/wiki/Campeonato_de_Primera_B_2017-18_(Argentina)
2017-10-09,21:00,Atlético de Rafaela,Sportivo Estudiantes (SL),2,0,,,Primera Nacional,2017,zonas,,Fecha 4,Nuevo Monumental,false,https://es.wikipedia.org/wiki/Campeonato_de_Primera_B_Nacional_2017-18
2017-10-09,21:05,Sarmiento (J),Gimnasia y Esgrima (J),0,0,,,Primera Nacional,2017,zonas,,Fecha 4,Eva Perón,false,https://es.wikipedia.org/wiki/Campeonato_de_Primera_B_Nacional_2017-18
2017-10-12,14:00,Gimnasia y Esgrima (M),Unión Aconquija,5,0,,,Torneo Federal A,2017,zonas,Zona 2,Fecha 4,Víctor Antonio Legrotaglie,false,https://es.wikipedia.org/wiki/Torneo_Federal_A_2017-18
2017-10-12,21:30,Chaco For Ever,Sportivo Patria,0,0,,,Torneo Federal A,2017,zonas,Zona 4,Fecha 6,Juan Alberto García,false,https://es.wikipedia.org/wiki/Torneo_Federal_A_2017-18
2017-10-13,15:30,Berazategui,Ferrocarril Midland,0,1,,,Primera C,2017,zonas,,Fecha 8,Norman Lee,false,https://es.wikipedia.org/wiki/Campeonato_de_Primera_C_2017-18_(Argentina)
2017-10-13,15:30,Cañuelas,Defensores de Cambaceres,4,0,,,Primera C,2017,zonas,,Fecha 8,Jose Alfredo Arín,false,https://es.wikipedia.org/wiki/Campeonato_de_Primera_C_2017-18_(Argentina)
2017-10-13,15:30,Deportivo Armenio,Leandro N. Alem,3,1,,,Primera C,2017,zonas,,Fecha 8,Armenia,false,https://es.wikipedia.org/wiki/Campeonato_de_Primera_C_2017-18_(Argentina)
2017-10-13,15:30,Luján,Central Córdoba (R),2,2,,,Primera C,2017,zonas,,Fecha 8,Municipal de la Ciudad de Luján,false,https://es.wikipedia.org/wiki/Campeonato_de_Primera_C_2017-18_(Argentina)
2017-10-13,15:30,San Miguel,Platense,1,1,,,Primera B,2017,zonas,,Fecha 8,Malvinas Argentinas,false,https://es.wikipedia.org/wiki/Campeonato_de_Primera_B_2017-18_(Argentina)
2017-10-13,15:30,Sportivo Italiano,Ituzaingó,0,1,,,Primera C,2017,zonas,,Fecha 8,República de Italia,false,https://es.wikipedia.org/wiki/Campeonato_de_Primera_C_2017-18_(Argentina)
2017-10-13,15:30,UAI Urquiza,Fénix,3,1,,,Primera B,2017,zonas,,Fecha 8,Monumental de Villa Lynch,false,https://es.wikipedia.org/wiki/Campeonato_de_Primera_B_2017-18_(Argentina)
2017-10-13,15:30,Villa San Carlos,Acassuso,0,0,,,Primera B,2017,zonas,,Fecha 8,Genacio Sálice,false,https://es.wikipedia.org/wiki/Campeonato_de_Primera_B_2017-18_(Argentina)
2017-10-13,19:05,Lanús,Unión,2,1,,,Primera Division,2017,zonas,,Fecha 6,Ciudad de Lanús,false,https://es.wikipedia.org/wiki/Campeonato_de_Primera_División_2017-18_(Argentina)
2017-10-13,21:05,San Lorenzo,Defensa y Justicia,3,1,,,Primera Division,2017,zonas,,Fecha 6,Nuevo Gasómetro,false,https://es.wikipedia.org/wiki/Campeonato_de_Primera_División_2017-18_(Argentina)
2017-10-13,21:30,Deportivo Maipú,Juventud Unida Universitario,1,1,,,Torneo Federal A,2017,zonas,Zona 2,Fecha 6,Omar Higinio Sperdutti,false,https://es.wikipedia.org/wiki/Torneo_Federal_A_2017-18
2017-10-14,12:00,Almirante Brown,Estudiantes (BA),2,0,,,Primera B,2017,zonas,,Fecha 8,Fragata Presidente Sarmiento,false,https://es.wikipedia.org/wiki/Campeonato_de_Primera_B_2017-18_(Argentina)
2017-10-14,12:00,El Porvenir,Defensores Unidos,0,1,,,Primera C,2017,zonas,,Fecha 8,Gildo Francisco Ghersinich,false,https://es.wikipedia.org/wiki/Campeonato_de_Primera_C_2017-18_(Argentina)
2017-10-14,12:00,J. J. de Urquiza,Deportivo Laferrere,3,0,,,Primera C,2017,zonas,,Fecha 8,Ramón Roque Martín,false,https://es.wikipedia.org/wiki/Campeonato_de_Primera_C_2017-18_(Argentina)
2017-10-14,13:00,Colegiales,Talleres (RdE),0,0,,,Primera B,2017,zonas,,Fecha 8,Colegiales,false,https://es.wikipedia.org/wiki/Campeonato_de_Primera_B_2017-18_(Argentina)
2017-10-14,13:05,Atlanta,Barracas Central,2,2,,,Primera B,2017,zonas,,Fecha 8,Don León Kolbowsky,false,https://es.wikipedia.org/wiki/Campeonato_de_Primera_B_2017-18_(Argentina)
2017-10-14,14:05,Colón,Temperley,2,0,,,Primera Division,2017,zonas,,Fecha 6,Brigadier Estanislao López,false,https://es.wikipedia.org/wiki/Campeonato_de_Primera_División_2017-18_(Argentina)
2017-10-14,14:05,Rosario Central,Argentinos Juniors,1,3,,,Primera Division,2017,zonas,,Fecha 6,Gigante de Arroyito,false,https://es.wikipedia.org/wiki/Campeonato_de_Primera_División_2017-18_(Argentina)
2017-10-14,15:30,Comunicaciones,Sacachispas,1,0,,,Primera B,2017,zonas,,Fecha 8,Alfredo Ramos,false,https://es.wikipedia.org/wiki/Campeonato_de_Primera_B_2017-18_(Argentina)
2017-10-14,15:30,Defensores de Pronunciamiento,Gimnasia y Esgrima (CdU),2,1,,,Torneo Federal A,2017,zonas,Zona 3,Fecha 6,Delio Cardozo,false,https://es.wikipedia.org/wiki/Torneo_Federal_A_2017-18
2017-10-14,15:30,Excursionistas,Argentino de Quilmes,0,4,,,Primera C,2017,zonas,,Fecha 8,Excursionistas,false,https://es.wikipedia.org/wiki/Campeonato_de_Primera_C_2017-18_(Argentina)
2017-10-14,16:00,Agropecuario,Ferro Carril Oeste,2,0,,,Primera Nacional,2017,zonas,,Fecha 5,Ofelia Rosenzuaig,false,https://es.wikipedia.org/wiki/Campeonato_de_Primera_B_Nacional_2017-18
2017-10-14,16:00,Deportivo Mandiyú,Guaraní Antonio Franco,0,1,,,Torneo Federal A,2017,zonas,Zona 4,Fecha 6,José Antonio Romero Feris,false,https://es.wikipedia.org/wiki/Torneo_Federal_A_2017-18
2017-10-14,16:00,Independiente (N),Rivadavia (L),0,1,,,Torneo Federal A,2017,zonas,Zona 1,Fecha 6,La Nueva Caldera,false,https://es.wikipedia.org/wiki/Torneo_Federal_A_2017-18
2017-10-14,16:00,San Jorge (T),Altos Hornos Zapla,1,2,,,Torneo Federal A,2017,zonas,Zona 4,Fecha 6,Ángel Pascual Sáez,false,https://es.wikipedia.org/wiki/Torneo_Federal_A_2017-18
2017-10-14,16:00,Villa Mitre,Sansinena,0,0,,,Torneo Federal A,2017,zonas,Zona 1,Fecha 6,El Fortín,false,https://es.wikipedia.org/wiki/Torneo_Federal_A_2017-18
2017-10-14,16:15,Estudiantes (LP),Banfield,1,1,,,Primera Division,2017,zonas,,Fecha 6,Centenario,false,https://es.wikipedia.org/wiki/Campeonato_de_Primera_División_2017-18_(Argentina)
2017-10-14,16:30,Gutiérrez,Desamparados,1,2,,,Torneo Federal A,2017,zonas,Zona 2,Fecha 6,General Gutiérrez,false,https://es.wikipedia.org/wiki/Torneo_Federal_A_2017-18
2017-10-14,16:30,Libertad (S),Sportivo Belgrano,1,1,,,Torneo Federal A,2017,zonas,Zona 3,Fecha 6,Dr. Plácido Tita,false,https://es.wikipedia.org/wiki/Torneo_Federal_A_2017-18
2017-10-14,16:30,Unión (VK),Unión Aconquija,0,0,,,Torneo Federal A,2017,zonas,Zona 2,Fecha 6,12 de Octubre,false,https://es.wikipedia.org/wiki/Torneo_Federal_A_2017-18
2017-10-14,17:05,Deportivo Riestra,Quilmes,0,1,,,Primera Nacional,2017,zonas,,Fecha 5,Ciudad de Caseros,false,https://es.wikipedia.org/wiki/Campeonato_de_Primera_B_Nacional_2017-18
2017-10-14,18:00,Instituto,Aldosivi,1,1,,,Primera Nacional,2017,zonas,,Fecha 5,Juan Domingo Perón,false,https://es.wikipedia.org/wiki/Campeonato_de_Primera_B_Nacional_2017-18
2017-10-14,18:05,Vélez Sarsfield,Newell's Old Boys,1,0,,,Primera Division,2017,zonas,,Fecha 6,José Amalfitani,false,https://es.wikipedia.org/wiki/Campeonato_de_Primera_División_2017-18_(Argentina)
2017-10-14,19:00,Sportivo Las Parejas,Atlético Paraná,2,0,,,Torneo Federal A,2017,zonas,Zona 3,Fecha 6,4 de Septiembre,false,https://es.wikipedia.org/wiki/Torneo_Federal_A_2017-18
2017-10-14,20:05,Deportivo Español,Tristán Suárez,0,1,,,Primera B,2017,zonas,,Fecha 8,Nueva España,false,https://es.wikipedia.org/wiki/Campeonato_de_Primera_B_2017-18_(Argentina)
2017-10-14,20:05,Racing Club,Tigre,1,0,,,Primera Division,2017,zonas,,Fecha 6,El Cilindro,false,https://es.wikipedia.org/wiki/Campeonato_de_Primera_División_2017-18_(Argentina)
2017-10-14,20:30,Douglas Haig,Unión (S),3,1,,,Torneo Federal A,2017,zonas,Zona 3,Fecha 6,Miguel Morales,false,https://es.wikipedia.org/wiki/Torneo_Federal_A_2017-18
2017-10-14,20:30,Ramón Santamarina,Atlético de Rafaela,1,0,,,Primera Nacional,2017,zonas,,Fecha 5,Municipal General San Martin,false,https://es.wikipedia.org/wiki/Campeonato_de_Primera_B_Nacional_2017-18
2017-10-14,20:30,San Lorenzo de Alem,Estudiantes (RC),2,1,,,Torneo Federal A,2017,zonas,Zona 2,Fecha 6,Malvinas Argentinas,false,https://es.wikipedia.org/wiki/Torneo_Federal_A_2017-18
2017-10-14,21:00,Central Córdoba (SdE),Defensores de Belgrano (VR),4,1,,,Torneo Federal A,2017,zonas,Zona 3,Fecha 6,Alfredo Terrera,false,https://es.wikipedia.org/wiki/Torneo_Federal_A_2017-18
2017-10-14,21:00,Crucero del Norte,Sarmiento (R),2,3,,,Torneo Federal A,2017,zonas,Zona 4,Fecha 6,Comandante Andrés Guacurarí,false,https://es.wikipedia.org/wiki/Torneo_Federal_A_2017-18
2017-10-14,21:00,Deportivo Roca,Ferro Carril Oeste (GP),2,3,,,Torneo Federal A,2017,zonas,Zona 1,Fecha 6,Luis Maiolino,false,https://es.wikipedia.org/wiki/Torneo_Federal_A_2017-18
2017-10-15,11:00,San Telmo,Defensores de Belgrano,1,0,,,Primera B,2017,zonas,,Fecha 8,Dr. Osvaldo Baletto,false,https://es.wikipedia.org/wiki/Campeonato_de_Primera_B_2017-18_(Argentina)
2017-10-15,11:05,Chacarita Juniors,Independiente,1,2,,,Primera Division,2017,zonas,,Fecha 6,Chacarita Juniors,false,https://es.wikipedia.org/wiki/Campeonato_de_Primera_División_2017-18_(Argentina)
2017-10-15,14:05,Godoy Cruz,Gimnasia y Esgrima (LP),3,0,,,Primera Division,2017,zonas,,Fecha 6,Malvinas Argentinas,false,https://es.wikipedia.org/wiki/Campeonato_de_Primera_División_2017-18_(Argentina)
2017-10-15,14:35,Nueva Chicago,Deportivo Morón,1,1,,,Primera Nacional,2017,zonas,,Fecha 5,Nueva Chicago,false,https://es.wikipedia.org/wiki/Campeonato_de_Primera_B_Nacional_2017-18
2017-10-15,15:30,Deportivo Merlo,Dock Sud,1,0,,,Primera C,2017,zonas,,Fecha 8,José Manuel Moreno,false,https://es.wikipedia.org/wiki/Campeonato_de_Primera_C_2017-18_(Argentina)
2017-10-15,15:30,Flandria,Brown de Adrogué,0,0,,,Primera Nacional,2017,zonas,,Fecha 5,Carlos V,false,https://es.wikipedia.org/wiki/Campeonato_de_Primera_B_Nacional_2017-18
2017-10-15,15:30,San Martín (B),Sportivo Barracas,2,0,,,Primera C,2017,zonas,,Fecha 8,Francisco Boga,false,https://es.wikipedia.org/wiki/Campeonato_de_Primera_C_2017-18_(Argentina)
2017-10-15,16:00,Alvarado,Cipolletti,2,1,,,Torneo Federal A,2017,zonas,Zona 1,Fecha 6,José María Minella,false,https://es.wikipedia.org/wiki/Torneo_Federal_A_2017-18
2017-10-15,16:00,Juventud Unida (G),Independiente Rivadavia,1,0,,,Primera Nacional,2017,zonas,,Fecha 5,De los Eucaliptos,false,https://es.wikipedia.org/wiki/Campeonato_de_Primera_B_Nacional_2017-18
2017-10-15,16:05,Belgrano,Talleres (C),0,0,,,Primera Division,2017,zonas,,Fecha 6,Gigante de Alberdi,false,https://es.wikipedia.org/wiki/Campeonato_de_Primera_División_2017-18_(Argentina)
2017-10-15,17:00,Gimnasia y Esgrima (J),Villa Dálmine,0,1,,,Primera Nacional,2017,zonas,,Fecha 5,23 de Agosto,false,https://es.wikipedia.org/wiki/Campeonato_de_Primera_B_Nacional_2017-18
2017-10-15,17:00,Juventud Antoniana,Gimnasia y Tiro (S),1,1,,,Torneo Federal A,2017,zonas,Zona 4,Fecha 6,Fray Honorato Pistoia,false,https://es.wikipedia.org/wiki/Torneo_Federal_A_2017-18
2017-10-15,17:00,Sportivo Estudiantes (SL),Boca Unidos,2,0,,,Primera Nacional,2017,zonas,,Fecha 5,Juan Gilberto Funes,false,https://es.wikipedia.org/wiki/Campeonato_de_Primera_B_Nacional_2017-18
2017-10-15,18:00,Almagro,All Boys,2,0,,,Primera Nacional,2017,zonas,,Fecha 5,Tres de Febrero,false,https://es.wikipedia.org/wiki/Campeonato_de_Primera_B_Nacional_2017-18
2017-10-15,18:05,River Plate,Atlético Tucumán,2,2,,,Primera Division,2017,zonas,,Fecha 6,Monumental,false,https://es.wikipedia.org/wiki/Campeonato_de_Primera_División_2017-18_(Argentina)
2017-10-15,20:05,Patronato,Boca Juniors,0,2,,,Primera Division,2017,zonas,,Fecha 6,Presbítero Bartolomé Grella,false,https://es.wikipedia.org/wiki/Campeonato_de_Primera_División_2017-18_(Argentina)
2017-10-16,16:30,Gimnasia y Esgrima (M),Huracán Las Heras,2,0,,,Torneo Federal A,2017,zonas,Zona 2,Fecha 6,Víctor Antonio Legrotaglie,false,https://es.wikipedia.org/wiki/Torneo_Federal_A_2017-18
2017-10-16,17:00,San Martín (T),Mitre (SdE),1,1,,,Primera Nacional,2017,zonas,,Fecha 5,La Ciudadela,false,https://es.wikipedia.org/wiki/Campeonato_de_Primera_B_Nacional_2017-18
2017-10-16,19:05,Olimpo,Huracán,0,2,,,Primera Division,2017,zonas,,Fecha 6,Roberto N. Carminati,false,https://es.wikipedia.org/wiki/Campeonato_de_Primera_División_2017-18_(Argentina)
2017-10-16,21:05,Arsenal,San Martín (SJ),0,1,,,Primera Division,2017,zonas,,Fecha 6,El Viaducto,false,https://es.wikipedia.org/wiki/Campeonato_de_Primera_División_2017-18_(Argentina)
2017-10-16,21:05,Los Andes,Sarmiento (J),1,0,,,Primera Nacional,2017,zonas,,Fecha 5,Eduardo Gallardón,false,https://es.wikipedia.org/wiki/Campeonato_de_Primera_B_Nacional_2017-18
2017-10-17,15:30,Acassuso,Comunicaciones,2,0,,,Primera B,2017,zonas,,Fecha 9,República de Italia,false,https://es.wikipedia.org/wiki/Campeonato_de_Primera_B_2017-18_(Argentina)
2017-10-17,15:30,Central Córdoba (R),El Porvenir,1,0,,,Primera C,2017,zonas,,Fecha 9,Gabino Sosa,false,https://es.wikipedia.org/wiki/Campeonato_de_Primera_C_2017-18_(Argentina)
2017-10-17,15:30,Ituzaingó,Luján,2,1,,,Primera C,2017,zonas,,Fecha 9,Ituzaingó,false,https://es.wikipedia.org/wiki/Campeonato_de_Primera_C_2017-18_(Argentina)
2017-10-17,15:30,Leandro N. Alem,J. J. de Urquiza,1,2,,,Primera C,2017,zonas,,Fecha 9,Leandro N. Alem,false,https://es.wikipedia.org/wiki/Campeonato_de_Primera_C_2017-18_(Argentina)
2017-10-17,15:35,Barracas Central,Deportivo Español,0,0,,,Primera B,2017,zonas,,Fecha 9,Claudio Chiqui Tapia,false,https://es.wikipedia.org/wiki/Campeonato_de_Primera_B_2017-18_(Argentina)
2017-10-17,20:05,Platense,UAI Urquiza,0,1,,,Primera B,2017,zonas,,Fecha 9,Ciudad de Vicente López,false,https://es.wikipedia.org/wiki/Campeonato_de_Primera_B_2017-18_(Argentina)
2017-10-18,,River Plate,Atlanta,4,1,,,Copa Argentina,2017,eliminacion,,Cuartos,San Juan del Bicentenario,true,https://es.wikipedia.org/wiki/Copa_Argentina_2016-17
2017-10-18,15:30,Argentino de Quilmes,Deportivo Merlo,1,0,,,Primera C,2017,zonas,,Fecha 9,Argentino de Quilmes,false,https://es.wikipedia.org/wiki/Campeonato_de_Primera_C_2017-18_(Argentina)
2017-10-18,15:30,Defensores Unidos,Berazategui,5,0,,,Primera C,2017,zonas,,Fecha 9,Gigante de Villa Fox,false,https://es.wikipedia.org/wiki/Campeonato_de_Primera_C_2017-18_(Argentina)
2017-10-18,15:30,Defensores de Belgrano,Colegiales,1,0,,,Primera B,2017,zonas,,Fecha 9,Juan Pasquale,false,https://es.wikipedia.org/wiki/Campeonato_de_Primera_B_2017-18_(Argentina)
2017-10-18,15:30,Defensores de Cambaceres,Excursionistas,2,1,,,Primera C,2017,zonas,,Fecha 9,12 de Octubre,false,https://es.wikipedia.org/wiki/Campeonato_de_Primera_C_2017-18_(Argentina)
2017-10-18,15:30,Deportivo Laferrere,San Martín (B),2,0,,,Primera C,2017,zonas,,Fecha 9,Ciudad de Laferrere,false,https://es.wikipedia.org/wiki/Campeonato_de_Primera_C_2017-18_(Argentina)
2017-10-18,15:30,Dock Sud,Deportivo Armenio,0,2,,,Primera C,2017,zonas,,Fecha 9,De los Inmigrantes,false,https://es.wikipedia.org/wiki/Campeonato_de_Primera_C_2017-18_(Argentina)
2017-10-18,15:30,Estudiantes (BA),San Miguel,4,0,,,Primera B,2017,zonas,,Fecha 9,Ciudad de Caseros,false,https://es.wikipedia.org/wiki/Campeonato_de_Primera_B_2017-18_(Argentina)
2017-10-18,15:30,Ferrocarril Midland,Cañuelas,0,2,,,Primera C,2017,zonas,,Fecha 9,Colegiales,false,https://es.wikipedia.org/wiki/Campeonato_de_Primera_C_2017-18_(Argentina)
2017-10-18,15:30,Fénix,Villa San Carlos,3,1,,,Primera B,2017,zonas,,Fecha 9,Malvinas Argentinas,false,https://es.wikipedia.org/wiki/Campeonato_de_Primera_B_2017-18_(Argentina)
2017-10-18,15:30,Sacachispas,San Telmo,1,0,,,Primera B,2017,zonas,,Fecha 9,Beto Larrosa,false,https://es.wikipedia.org/wiki/Campeonato_de_Primera_B_2017-18_(Argentina)
2017-10-18,15:30,Sportivo Barracas,Sportivo Italiano,1,4,,,Primera C,2017,zonas,,Fecha 9,Don León Kolbowsky,false,https://es.wikipedia.org/wiki/Campeonato_de_Primera_C_2017-18_(Argentina)
2017-10-18,15:35,Tristán Suárez,Almirante Brown,3,0,,,Primera B,2017,zonas,,Fecha 9,20 de Octubre,false,https://es.wikipedia.org/wiki/Campeonato_de_Primera_B_2017-18_(Argentina)
2017-10-19,13:30,Rivadavia (L),Villa Mitre,1,1,,,Torneo Federal A,2017,zonas,Zona 1,Fecha 7,El Coliseo,false,https://es.wikipedia.org/wiki/Torneo_Federal_A_2017-18
2017-10-19,16:00,Sansinena,Alvarado,0,2,,,Torneo Federal A,2017,zonas,Zona 1,Fecha 7,Luis Molina,false,https://es.wikipedia.org/wiki/Torneo_Federal_A_2017-18
2017-10-19,16:00,Unión Aconquija,San Lorenzo de Alem,1,0,,,Torneo Federal A,2017,zonas,Zona 2,Fecha 7,Peñarol de Belén,false,https://es.wikipedia.org/wiki/Torneo_Federal_A_2017-18
2017-10-19,17:00,Sportivo Patria,Crucero del Norte,0,2,,,Torneo Federal A,2017,zonas,Zona 4,Fecha 7,Antonio Romero,false,https://es.wikipedia.org/wiki/Torneo_Federal_A_2017-18
2017-10-19,18:00,Atlético Paraná,Defensores de Pronunciamiento,1,1,,,Torneo Federal A,2017,zonas,Zona 3,Fecha 7,Pedro Mutio,false,https://es.wikipedia.org/wiki/Torneo_Federal_A_2017-18
2017-10-19,20:30,Defensores de Belgrano (VR),Libertad (S),1,0,,,Torneo Federal A,2017,zonas,Zona 3,Fecha 7,Salomón Boeseldín,false,https://es.wikipedia.org/wiki/Torneo_Federal_A_2017-18
2017-10-19,21:00,Cipolletti,Deportivo Madryn,2,1,,,Torneo Federal A,2017,zonas,Zona 1,Fecha 7,La Visera de Cemento,false,https://es.wikipedia.org/wiki/Torneo_Federal_A_2017-18
2017-10-19,21:00,Ferro Carril Oeste (GP),Independiente (N),2,0,,,Torneo Federal A,2017,zonas,Zona 1,Fecha 7,El Coloso del Barrio Talleres,false,https://es.wikipedia.org/wiki/Torneo_Federal_A_2017-18
2017-10-19,21:00,Gimnasia y Esgrima (CdU),Central Córdoba (SdE),3,0,,,Torneo Federal A,2017,zonas,Zona 3,Fecha 7,Manuel y Ramón Núñez,false,https://es.wikipedia.org/wiki/Torneo_Federal_A_2017-18
2017-10-19,21:00,Guaraní Antonio Franco,Chaco For Ever,1,2,,,Torneo Federal A,2017,zonas,Zona 4,Fecha 7,Clemente A. Fernández de Oliveira,false,https://es.wikipedia.org/wiki/Torneo_Federal_A_2017-18
2017-10-19,21:00,Sportivo Belgrano,Douglas Haig,1,1,,,Torneo Federal A,2017,zonas,Zona 3,Fecha 7,Oscar C. Boero,false,https://es.wikipedia.org/wiki/Torneo_Federal_A_2017-18
2017-10-19,21:00,Unión (S),Sportivo Las Parejas,0,0,,,Torneo Federal A,2017,zonas,Zona 3,Fecha 7,De la Avenida,false,https://es.wikipedia.org/wiki/Torneo_Federal_A_2017-18
2017-10-19,21:30,Desamparados,Unión (VK),3,0,,,Torneo Federal A,2017,zonas,Zona 2,Fecha 7,El Serpentario,false,https://es.wikipedia.org/wiki/Torneo_Federal_A_2017-18
2017-10-19,21:30,Estudiantes (RC),Deportivo Maipú,2,0,,,Torneo Federal A,2017,zonas,Zona 2,Fecha 7,Ciudad de Río Cuarto Antonio Candini,false,https://es.wikipedia.org/wiki/Torneo_Federal_A_2017-18
2017-10-19,21:30,Gimnasia y Tiro (S),Deportivo Mandiyú,0,0,,,Torneo Federal A,2017,zonas,Zona 4,Fecha 7,El Gigante del Norte,false,https://es.wikipedia.org/wiki/Torneo_Federal_A_2017-18
2017-10-19,21:30,Sarmiento (R),San Jorge (T),1,1,,,Torneo Federal A,2017,zonas,Zona 4,Fecha 7,Centenario,false,https://es.wikipedia.org/wiki/Torneo_Federal_A_2017-18
2017-10-19,22:00,Altos Hornos Zapla,Juventud Antoniana,0,0,,,Torneo Federal A,2017,zonas,Zona 4,Fecha 7,Emilio Fabrizzi,false,https://es.wikipedia.org/wiki/Torneo_Federal_A_2017-18
2017-10-20,14:30,Huracán Las Heras,Gutiérrez,1,1,,,Torneo Federal A,2017,zonas,Zona 2,Fecha 7,General San Martín,false,https://es.wikipedia.org/wiki/Torneo_Federal_A_2017-18
2017-10-20,15:30,Deportivo Riestra,Mitre (SdE),2,1,,,Primera Nacional,2017,zonas,,Fecha 1,Ciudad de Caseros,false,https://es.wikipedia.org/wiki/Campeonato_de_Primera_B_Nacional_2017-18
2017-10-20,21:30,Juventud Unida Universitario,Gimnasia y Esgrima (M),1,1,,,Torneo Federal A,2017,zonas,Zona 2,Fecha 7,Mario Sebastián Diez,false,https://es.wikipedia.org/wiki/Torneo_Federal_A_2017-18
2017-10-23,,Godoy Cruz,Rosario Central,2,3,,,Copa Argentina,2017,eliminacion,,Cuartos,Juan Domingo Perón,true,https://es.wikipedia.org/wiki/Copa_Argentina_2016-17
2017-10-23,,Olimpo,Deportivo Morón,0,1,,,Copa Argentina,2017,eliminacion,,Cuartos,Ciudad de Lanús,true,https://es.wikipedia.org/wiki/Copa_Argentina_2016-17
2017-10-23,15:30,Comunicaciones,San Miguel,0,0,,,Primera B,2017,zonas,,Fecha 2,Alfredo Ramos,false,https://es.wikipedia.org/wiki/Campeonato_de_Primera_B_2017-18_(Argentina)
2017-10-24,,Atlético Tucumán,Vélez Sarsfield,1,0,,,Copa Argentina,2017,eliminacion,,Cuartos,15 de abril,true,https://es.wikipedia.org/wiki/Copa_Argentina_2016-17
2017-10-24,16:00,Deportivo Mandiyú,Altos Hornos Zapla,1,2,,,Torneo Federal A,2017,zonas,Zona 4,Fecha 8,José Antonio Romero Feris,false,https://es.wikipedia.org/wiki/Torneo_Federal_A_2017-18
2017-10-24,16:00,San Jorge (T),Crucero del Norte,0,1,,,Torneo Federal A,2017,zonas,Zona 4,Fecha 8,Ángel Pascual Sáez,false,https://es.wikipedia.org/wiki/Torneo_Federal_A_2017-18
2017-10-24,21:00,Guaraní Antonio Franco,Sportivo Patria,2,2,,,Torneo Federal A,2017,zonas,Zona 4,Fecha 8,Clemente A. Fernández de Oliveira,false,https://es.wikipedia.org/wiki/Torneo_Federal_A_2017-18
2017-10-24,21:30,Chaco For Ever,Gimnasia y Tiro (S),2,0,,,Torneo Federal A,2017,zonas,Zona 4,Fecha 8,Juan Alberto García,false,https://es.wikipedia.org/wiki/Torneo_Federal_A_2017-18
2017-10-24,22:00,Juventud Antoniana,Sarmiento (R),0,1,,,Torneo Federal A,2017,zonas,Zona 4,Fecha 8,Fray Honorato Pistoia,false,https://es.wikipedia.org/wiki/Torneo_Federal_A_2017-18
2017-10-25,14:30,Deportivo Maipú,Unión Aconquija,3,1,,,Torneo Federal A,2017,zonas,Zona 2,Fecha 8,Omar Higinio Sperdutti,false,https://es.wikipedia.org/wiki/Torneo_Federal_A_2017-18
2017-10-25,15:30,Defensores de Pronunciamiento,Unión (S),2,2,,,Torneo Federal A,2017,zonas,Zona 3,Fecha 8,Delio Cardozo,false,https://es.wikipedia.org/wiki/Torneo_Federal_A_2017-18
2017-10-25,16:00,Deportivo Madryn,Sansinena,2,1,,,Torneo Federal A,2017,zonas,Zona 1,Fecha 8,Abel Sastre,false,https://es.wikipedia.org/wiki/Torneo_Federal_A_2017-18
2017-10-25,16:30,Libertad (S),Gimnasia y Esgrima (CdU),2,1,,,Torneo Federal A,2017,zonas,Zona 3,Fecha 8,Dr. Plácido Tita,false,https://es.wikipedia.org/wiki/Torneo_Federal_A_2017-18
2017-10-25,16:30,Unión (VK),Huracán Las Heras,1,1,,,Torneo Federal A,2017,zonas,Zona 2,Fecha 8,12 de Octubre,false,https://es.wikipedia.org/wiki/Torneo_Federal_A_2017-18
2017-10-25,17:00,Independiente (N),Deportivo Roca,1,2,,,Torneo Federal A,2017,zonas,Zona 1,Fecha 8,La Nueva Caldera,false,https://es.wikipedia.org/wiki/Torneo_Federal_A_2017-18
2017-10-25,17:30,Gutiérrez,Gimnasia y Esgrima (M),0,1,,,Torneo Federal A,2017,zonas,Zona 2,Fecha 8,General Gutiérrez,false,https://es.wikipedia.org/wiki/Torneo_Federal_A_2017-18
2017-10-25,20:00,Alvarado,Rivadavia (L),2,0,,,Torneo Federal A,2017,zonas,Zona 1,Fecha 8,José María Minella,false,https://es.wikipedia.org/wiki/Torneo_Federal_A_2017-18
2017-10-25,20:30,Defensores de Belgrano (VR),Sportivo Belgrano,0,2,,,Torneo Federal A,2017,zonas,Zona 3,Fecha 8,Salomón Boeseldín,false,https://es.wikipedia.org/wiki/Torneo_Federal_A_2017-18
2017-10-25,20:30,Villa Mitre,Ferro Carril Oeste (GP),0,0,,,Torneo Federal A,2017,zonas,Zona 1,Fecha 8,El Fortín,false,https://es.wikipedia.org/wiki/Torneo_Federal_A_2017-18
2017-10-25,21:00,San Lorenzo de Alem,Desamparados,1,0,,,Torneo Federal A,2017,zonas,Zona 2,Fecha 8,Malvinas Argentinas,false,https://es.wikipedia.org/wiki/Torneo_Federal_A_2017-18
2017-10-25,21:30,Estudiantes (RC),Juventud Unida Universitario,1,0,,,Torneo Federal A,2017,zonas,Zona 2,Fecha 8,Ciudad de Río Cuarto Antonio Candini,false,https://es.wikipedia.org/wiki/Torneo_Federal_A_2017-18
2017-10-25,22:00,Central Córdoba (SdE),Atlético Paraná,1,0,,,Torneo Federal A,2017,zonas,Zona 3,Fecha 8,Alfredo Terrera,false,https://es.wikipedia.org/wiki/Torneo_Federal_A_2017-18
2017-10-26,16:30,Sportivo Las Parejas,Douglas Haig,0,0,,,Torneo Federal A,2017,zonas,Zona 3,Fecha 8,4 de Septiembre,false,https://es.wikipedia.org/wiki/Torneo_Federal_A_2017-18
2017-10-27,19:05,Banfield,Colón,1,1,,,Primera Division,2017,zonas,,Fecha 7,Florencio Sola,false,https://es.wikipedia.org/wiki/Campeonato_de_Primera_División_2017-18_(Argentina)
2017-10-27,20:00,Ferro Carril Oeste,Flandria,2,0,,,Primera Nacional,2017,zonas,,Fecha 6,Arquitecto Ricardo Etcheverri,false,https://es.wikipedia.org/wiki/Campeonato_de_Primera_B_Nacional_2017-18
2017-10-27,21:00,Sarmiento (J),Deportivo Riestra,1,0,,,Primera Nacional,2017,zonas,,Fecha 6,Eva Perón,false,https://es.wikipedia.org/wiki/Campeonato_de_Primera_B_Nacional_2017-18
2017-10-27,21:05,Argentinos Juniors,Arsenal,3,2,,,Primera Division,2017,zonas,,Fecha 7,Diego Armando Maradona,false,https://es.wikipedia.org/wiki/Campeonato_de_Primera_División_2017-18_(Argentina)
2017-10-27,21:10,Atlético de Rafaela,Nueva Chicago,0,0,,,Primera Nacional,2017,zonas,,Fecha 6,Nuevo Monumental,false,https://es.wikipedia.org/wiki/Campeonato_de_Primera_B_Nacional_2017-18
2017-10-27,21:30,Independiente Rivadavia,Agropecuario,0,3,,,Primera Nacional,2017,zonas,,Fecha 6,Bautista Gargantini,false,https://es.wikipedia.org/wiki/Campeonato_de_Primera_B_Nacional_2017-18
2017-10-27,22:00,Mitre (SdE),Almagro,1,0,,,Primera Nacional,2017,zonas,,Fecha 6,Dres. José y Antonio Castiglione,false,https://es.wikipedia.org/wiki/Campeonato_de_Primera_B_Nacional_2017-18
2017-10-28,13:05,Atlanta,Defensores de Belgrano,2,0,,,Primera B,2017,zonas,,Fecha 10,Don León Kolbowsky,false,https://es.wikipedia.org/wiki/Campeonato_de_Primera_B_2017-18_(Argentina)
2017-10-28,14:00,Huracán,Lanús,4,0,,,Primera Division,2017,zonas,,Fecha 7,Tomás A. Ducó,false,https://es.wikipedia.org/wiki/Campeonato_de_Primera_División_2017-18_(Argentina)
2017-10-28,14:00,Unión,Godoy Cruz,2,0,,,Primera Division,2017,zonas,,Fecha 7,15 de abril,false,https://es.wikipedia.org/wiki/Campeonato_de_Primera_División_2017-18_(Argentina)
2017-10-28,15:10,Quilmes,Sportivo Estudiantes (SL),0,0,,,Primera Nacional,2017,zonas,,Fecha 6,Centenario,false,https://es.wikipedia.org/wiki/Campeonato_de_Primera_B_Nacional_2017-18
2017-10-28,15:30,All Boys,Instituto,1,0,,,Primera Nacional,2017,zonas,,Fecha 6,Islas Malvinas,false,https://es.wikipedia.org/wiki/Campeonato_de_Primera_B_Nacional_2017-18
2017-10-28,15:30,Brown de Adrogué,Guillermo Brown,1,2,,,Primera Nacional,2017,zonas,,Fecha 6,Lorenzo Arandilla,false,https://es.wikipedia.org/wiki/Campeonato_de_Primera_B_Nacional_2017-18
2017-10-28,15:30,Colegiales,Sacachispas,3,3,,,Primera B,2017,zonas,,Fecha 10,Colegiales,false,https://es.wikipedia.org/wiki/Campeonato_de_Primera_B_2017-18_(Argentina)
2017-10-28,15:30,Comunicaciones,Fénix,0,3,,,Primera B,2017,zonas,,Fecha 10,Alfredo Ramos,false,https://es.wikipedia.org/wiki/Campeonato_de_Primera_B_2017-18_(Argentina)
2017-10-28,15:30,Deportivo Español,Talleres (RdE),2,2,,,Primera B,2017,zonas,,Fecha 10,Nueva España,false,https://es.wikipedia.org/wiki/Campeonato_de_Primera_B_2017-18_(Argentina)
2017-10-28,15:30,El Porvenir,Ituzaingó,0,1,,,Primera C,2017,zonas,,Fecha 10,Gildo Francisco Ghersinich,false,https://es.wikipedia.org/wiki/Campeonato_de_Primera_C_2017-18_(Argentina)
2017-10-28,15:35,Villa Dálmine,Los Andes,2,0,,,Primera Nacional,2017,zonas,,Fecha 6,El Coliseo de Mitre y Puccini,false,https://es.wikipedia.org/wiki/Campeonato_de_Primera_B_Nacional_2017-18
2017-10-28,16:00,Excursionistas,Ferrocarril Midland,0,1,,,Primera C,2017,zonas,,Fecha 10,Excursionistas,false,https://es.wikipedia.org/wiki/Campeonato_de_Primera_C_2017-18_(Argentina)
2017-10-28,16:10,San Martín (SJ),Estudiantes (LP),1,0,,,Primera Division,2017,zonas,,Fecha 7,Ingeniero Hilario Sánchez,false,https://es.wikipedia.org/wiki/Campeonato_de_Primera_División_2017-18_(Argentina)
2017-10-28,18:00,Deportivo Morón,San Martín (T),1,1,,,Primera Nacional,2017,zonas,,Fecha 6,Nuevo Francisco Urbano,false,https://es.wikipedia.org/wiki/Campeonato_de_Primera_B_Nacional_2017-18
2017-10-28,18:20,Atlético Tucumán,Racing Club,3,1,,,Primera Division,2017,zonas,,Fecha 7,Monumental José Fierro,false,https://es.wikipedia.org/wiki/Campeonato_de_Primera_División_2017-18_(Argentina)
2017-10-28,20:20,Talleres (C),River Plate,4,0,,,Primera Division,2017,zonas,,Fecha 7,Mario Alberto Kempes,false,https://es.wikipedia.org/wiki/Campeonato_de_Primera_División_2017-18_(Argentina)
2017-10-28,21:30,Altos Hornos Zapla,Chaco For Ever,1,0,,,Torneo Federal A,2017,zonas,Zona 4,Fecha 9,Emilio Fabrizzi,false,https://es.wikipedia.org/wiki/Torneo_Federal_A_2017-18
2017-10-28,21:30,Crucero del Norte,Juventud Antoniana,2,0,,,Torneo Federal A,2017,zonas,Zona 4,Fecha 9,Comandante Andrés Guacurarí,false,https://es.wikipedia.org/wiki/Torneo_Federal_A_2017-18
2017-10-29,11:05,Newell's Old Boys,Chacarita Juniors,2,1,,,Primera Division,2017,zonas,,Fecha 7,Marcelo Bielsa,false,https://es.wikipedia.org/wiki/Campeonato_de_Primera_División_2017-18_(Argentina)
2017-10-29,14:05,Gimnasia y Esgrima (LP),Vélez Sarsfield,4,0,,,Primera Division,2017,zonas,,Fecha 7,Del Bosque,false,https://es.wikipedia.org/wiki/Campeonato_de_Primera_División_2017-18_(Argentina)
2017-10-29,15:30,Cañuelas,Defensores Unidos,0,1,,,Primera C,2017,zonas,,Fecha 10,Jose Alfredo Arín,false,https://es.wikipedia.org/wiki/Campeonato_de_Primera_C_2017-18_(Argentina)
2017-10-29,15:30,Deportivo Armenio,Argentino de Quilmes,0,2,,,Primera C,2017,zonas,,Fecha 10,Armenia,false,https://es.wikipedia.org/wiki/Campeonato_de_Primera_C_2017-18_(Argentina)
2017-10-29,15:30,J. J. de Urquiza,Dock Sud,1,1,,,Primera C,2017,zonas,,Fecha 10,Ramón Roque Martín,false,https://es.wikipedia.org/wiki/Campeonato_de_Primera_C_2017-18_(Argentina)
2017-10-29,16:00,Deportivo Roca,Villa Mitre,2,2,,,Torneo Federal A,2017,zonas,Zona 1,Fecha 9,Luis Maiolino,false,https://es.wikipedia.org/wiki/Torneo_Federal_A_2017-18
2017-10-29,16:00,Rivadavia (L),Deportivo Madryn,6,0,,,Torneo Federal A,2017,zonas,Zona 1,Fecha 9,El Coliseo,false,https://es.wikipedia.org/wiki/Torneo_Federal_A_2017-18
2017-10-29,16:00,Sansinena,Cipolletti,0,0,,,Torneo Federal A,2017,zonas,Zona 1,Fecha 9,Luis Molina,false,https://es.wikipedia.org/wiki/Torneo_Federal_A_2017-18
2017-10-29,16:00,Unión Aconquija,Estudiantes (RC),0,2,,,Torneo Federal A,2017,zonas,Zona 2,Fecha 9,Peñarol de Belén,false,https://es.wikipedia.org/wiki/Torneo_Federal_A_2017-18
2017-10-29,16:05,Temperley,San Lorenzo,0,2,,,Primera Division,2017,zonas,,Fecha 7,Alfredo Beranger,false,https://es.wikipedia.org/wiki/Campeonato_de_Primera_División_2017-18_(Argentina)
2017-10-29,16:30,Huracán Las Heras,San Lorenzo de Alem,1,1,,,Torneo Federal A,2017,zonas,Zona 2,Fecha 9,General San Martín,false,https://es.wikipedia.org/wiki/Torneo_Federal_A_2017-18
2017-10-29,16:30,Juventud Unida Universitario,Gutiérrez,2,2,,,Torneo Federal A,2017,zonas,Zona 2,Fecha 9,Mario Sebastián Diez,false,https://es.wikipedia.org/wiki/Torneo_Federal_A_2017-18
2017-10-29,16:30,Sportivo Patria,San Jorge (T),2,3,,,Torneo Federal A,2017,zonas,Zona 4,Fecha 9,Antonio Romero,false,https://es.wikipedia.org/wiki/Torneo_Federal_A_2017-18
2017-10-29,17:00,Boca Unidos,Ramón Santamarina,1,1,,,Primera Nacional,2017,zonas,,Fecha 6,Leoncio Benítez,false,https://es.wikipedia.org/wiki/Campeonato_de_Primera_B_Nacional_2017-18
2017-10-29,17:00,Unión (S),Central Córdoba (SdE),1,1,,,Torneo Federal A,2017,zonas,Zona 3,Fecha 9,De la Avenida,false,https://es.wikipedia.org/wiki/Torneo_Federal_A_2017-18
2017-10-29,17:30,Gimnasia y Tiro (S),Guaraní Antonio Franco,1,0,,,Torneo Federal A,2017,zonas,Zona 4,Fecha 9,El Gigante del Norte,false,https://es.wikipedia.org/wiki/Torneo_Federal_A_2017-18
2017-10-29,18:00,Atlético Paraná,Libertad (S),1,0,,,Torneo Federal A,2017,zonas,Zona 3,Fecha 9,Pedro Mutio,false,https://es.wikipedia.org/wiki/Torneo_Federal_A_2017-18
2017-10-29,18:00,Sarmiento (R),Deportivo Mandiyú,1,0,,,Torneo Federal A,2017,zonas,Zona 4,Fecha 9,Centenario,false,https://es.wikipedia.org/wiki/Torneo_Federal_A_2017-18
2017-10-29,18:05,Boca Juniors,Belgrano,4,0,,,Primera Division,2017,zonas,,Fecha 7,La Bombonera,false,https://es.wikipedia.org/wiki/Campeonato_de_Primera_División_2017-18_(Argentina)
2017-10-29,19:00,Ferro Carril Oeste (GP),Alvarado,0,0,,,Torneo Federal A,2017,zonas,Zona 1,Fecha 9,El Coloso del Barrio Talleres,false,https://es.wikipedia.org/wiki/Torneo_Federal_A_2017-18
2017-10-29,19:00,Gimnasia y Esgrima (M),Unión (VK),3,1,,,Torneo Federal A,2017,zonas,Zona 2,Fecha 9,Víctor Antonio Legrotaglie,false,https://es.wikipedia.org/wiki/Torneo_Federal_A_2017-18
2017-10-29,20:00,Desamparados,Deportivo Maipú,1,2,,,Torneo Federal A,2017,zonas,Zona 2,Fecha 9,El Serpentario,false,https://es.wikipedia.org/wiki/Torneo_Federal_A_2017-18
2017-10-29,20:00,Gimnasia y Esgrima (CdU),Defensores de Belgrano (VR),2,2,,,Torneo Federal A,2017,zonas,Zona 3,Fecha 9,Manuel y Ramón Núñez,false,https://es.wikipedia.org/wiki/Torneo_Federal_A_2017-18
2017-10-29,20:00,Sportivo Belgrano,Sportivo Las Parejas,4,0,,,Torneo Federal A,2017,zonas,Zona 3,Fecha 9,Oscar C. Boero,false,https://es.wikipedia.org/wiki/Torneo_Federal_A_2017-18
2017-10-29,20:05,Independiente,Patronato,1,1,,,Primera Division,2017,zonas,,Fecha 7,Libertadores de América,false,https://es.wikipedia.org/wiki/Campeonato_de_Primera_División_2017-18_(Argentina)
2017-10-30,15:05,San Miguel,Tristán Suárez,2,2,,,Primera B,2017,zonas,,Fecha 10,Malvinas Argentinas,false,https://es.wikipedia.org/wiki/Campeonato_de_Primera_B_2017-18_(Argentina)
2017-10-30,15:30,Almirante Brown,Barracas Central,0,0,,,Primera B,2017,zonas,,Fecha 10,Monumental de Villa Lynch,false,https://es.wikipedia.org/wiki/Campeonato_de_Primera_B_2017-18_(Argentina)
2017-10-30,15:30,Luján,Sportivo Italiano,1,1,,,Primera C,2017,zonas,,Fecha 10,Municipal de la Ciudad de Luján,false,https://es.wikipedia.org/wiki/Campeonato_de_Primera_C_2017-18_(Argentina)
2017-10-30,15:30,San Telmo,Acassuso,0,1,,,Primera B,2017,zonas,,Fecha 10,Dr. Osvaldo Baletto,false,https://es.wikipedia.org/wiki/Campeonato_de_Primera_B_2017-18_(Argentina)
2017-10-30,15:30,Villa San Carlos,UAI Urquiza,2,3,,,Primera B,2017,zonas,,Fecha 10,Genacio Sálice,false,https://es.wikipedia.org/wiki/Campeonato_de_Primera_B_2017-18_(Argentina)
2017-10-30,16:00,Deportivo Merlo,Defensores de Cambaceres,0,1,,,Primera C,2017,zonas,,Fecha 10,José Manuel Moreno,false,https://es.wikipedia.org/wiki/Campeonato_de_Primera_C_2017-18_(Argentina)
2017-10-30,19:05,Defensa y Justicia,Olimpo,1,1,,,Primera Division,2017,zonas,,Fecha 7,Norberto Tomaghello,false,https://es.wikipedia.org/wiki/Campeonato_de_Primera_División_2017-18_(Argentina)
2017-10-30,21:05,Tigre,Rosario Central,1,1,,,Primera Division,2017,zonas,,Fecha 7,Monumental de Victoria,false,https://es.wikipedia.org/wiki/Campeonato_de_Primera_División_2017-18_(Argentina)
2017-10-30,21:10,Aldosivi,Juventud Unida (G),2,0,,,Primera Nacional,2017,zonas,,Fecha 6,José María Minella,false,https://es.wikipedia.org/wiki/Campeonato_de_Primera_B_Nacional_2017-18
2017-10-31,15:30,Berazategui,Central Córdoba (R),0,4,,,Primera C,2017,zonas,,Fecha 10,Norman Lee,false,https://es.wikipedia.org/wiki/Campeonato_de_Primera_C_2017-18_(Argentina)
2017-10-31,15:30,Deportivo Laferrere,Sportivo Barracas,0,0,,,Primera C,2017,zonas,,Fecha 10,Ciudad de Laferrere,false,https://es.wikipedia.org/wiki/Campeonato_de_Primera_C_2017-18_(Argentina)
2017-10-31,15:30,San Martín (B),Leandro N. Alem,1,0,,,Primera C,2017,zonas,,Fecha 10,Francisco Boga,false,https://es.wikipedia.org/wiki/Campeonato_de_Primera_C_2017-18_(Argentina)
2017-10-31,21:05,Estudiantes (BA),Platense,2,1,,,Primera B,2017,zonas,,Fecha 10,Ciudad de Caseros,false,https://es.wikipedia.org/wiki/Campeonato_de_Primera_B_2017-18_(Argentina)
2017-10-31,22:00,Juventud Antoniana,Chaco For Ever,1,2,,,Torneo Federal A,2017,zonas,Zona 4,Fecha 4,Fray Honorato Pistoia,false,https://es.wikipedia.org/wiki/Torneo_Federal_A_2017-18
2017-11-03,15:30,Argentino de Quilmes,J. J. de Urquiza,3,1,,,Primera C,2017,zonas,,Fecha 11,Argentino de Quilmes,false,https://es.wikipedia.org/wiki/Campeonato_de_Primera_C_2017-18_(Argentina)
2017-11-03,15:30,Defensores de Cambaceres,Deportivo Armenio,0,1,,,Primera C,2017,zonas,,Fecha 11,12 de Octubre,false,https://es.wikipedia.org/wiki/Campeonato_de_Primera_C_2017-18_(Argentina)
2017-11-03,15:30,Ferrocarril Midland,Deportivo Merlo,1,1,,,Primera C,2017,zonas,,Fecha 11,Colegiales,false,https://es.wikipedia.org/wiki/Campeonato_de_Primera_C_2017-18_(Argentina)
2017-11-03,19:05,Chacarita Juniors,Gimnasia y Esgrima (LP),2,0,,,Primera Division,2017,zonas,,Fecha 8,Chacarita Juniors,false,https://es.wikipedia.org/wiki/Campeonato_de_Primera_División_2017-18_(Argentina)
2017-11-03,20:00,Sportivo Las Parejas,Defensores de Pronunciamiento,1,1,,,Torneo Federal A,2017,zonas,Zona 3,Fecha 10,4 de Septiembre,false,https://es.wikipedia.org/wiki/Torneo_Federal_A_2017-18
2017-11-03,21:00,Los Andes,Gimnasia y Esgrima (J),1,1,,,Primera Nacional,2017,zonas,,Fecha 7,Eduardo Gallardón,false,https://es.wikipedia.org/wiki/Campeonato_de_Primera_B_Nacional_2017-18
2017-11-03,21:05,Godoy Cruz,Huracán,2,1,,,Primera Division,2017,zonas,,Fecha 8,Malvinas Argentinas,false,https://es.wikipedia.org/wiki/Campeonato_de_Primera_División_2017-18_(Argentina)
2017-11-03,21:30,Desamparados,Estudiantes (RC),1,0,,,Torneo Federal A,2017,zonas,Zona 2,Fecha 10,El Serpentario,false,https://es.wikipedia.org/wiki/Torneo_Federal_A_2017-18
2017-11-03,21:45,San Martín (T),Atlético de Rafaela,0,2,,,Primera Nacional,2017,zonas,,Fecha 7,La Ciudadela,false,https://es.wikipedia.org/wiki/Campeonato_de_Primera_B_Nacional_2017-18
2017-11-04,13:05,Tristán Suárez,Estudiantes (BA),0,2,,,Primera B,2017,zonas,,Fecha 11,20 de Octubre,false,https://es.wikipedia.org/wiki/Campeonato_de_Primera_B_2017-18_(Argentina)
2017-11-04,14:00,Douglas Haig,Central Córdoba (SdE),1,2,,,Torneo Federal A,2017,zonas,Zona 3,Fecha 10,Miguel Morales,false,https://es.wikipedia.org/wiki/Torneo_Federal_A_2017-18
2017-11-04,14:05,Colón,San Martín (SJ),3,3,,,Primera Division,2017,zonas,,Fecha 8,Brigadier Estanislao López,false,https://es.wikipedia.org/wiki/Campeonato_de_Primera_División_2017-18_(Argentina)
2017-11-04,14:05,Lanús,Olimpo,0,2,,,Primera Division,2017,zonas,,Fecha 8,Ciudad de Lanús,false,https://es.wikipedia.org/wiki/Campeonato_de_Primera_División_2017-18_(Argentina)
2017-11-04,15:30,Barracas Central,San Miguel,2,2,,,Primera B,2017,zonas,,Fecha 11,Claudio Chiqui Tapia,false,https://es.wikipedia.org/wiki/Campeonato_de_Primera_B_2017-18_(Argentina)
2017-11-04,15:30,Defensores Unidos,Excursionistas,1,0,,,Primera C,2017,zonas,,Fecha 11,Gigante de Villa Fox,false,https://es.wikipedia.org/wiki/Campeonato_de_Primera_C_2017-18_(Argentina)
2017-11-04,15:30,Ituzaingó,Berazategui,4,1,,,Primera C,2017,zonas,,Fecha 11,Ituzaingó,false,https://es.wikipedia.org/wiki/Campeonato_de_Primera_C_2017-18_(Argentina)
2017-11-04,15:30,Platense,Villa San Carlos,1,1,,,Primera B,2017,zonas,,Fecha 11,Ciudad de Vicente López,false,https://es.wikipedia.org/wiki/Campeonato_de_Primera_B_2017-18_(Argentina)
2017-11-04,15:30,Sportivo Italiano,El Porvenir,2,2,,,Primera C,2017,zonas,,Fecha 11,República de Italia,false,https://es.wikipedia.org/wiki/Campeonato_de_Primera_C_2017-18_(Argentina)
2017-11-04,15:30,UAI Urquiza,Comunicaciones,0,1,,,Primera B,2017,zonas,,Fecha 11,Monumental de Villa Lynch,false,https://es.wikipedia.org/wiki/Campeonato_de_Primera_B_2017-18_(Argentina)
2017-11-04,16:05,Nueva Chicago,Boca Unidos,1,1,,,Primera Nacional,2017,zonas,,Fecha 7,Nueva Chicago,false,https://es.wikipedia.org/wiki/Campeonato_de_Primera_B_Nacional_2017-18
2017-11-04,16:15,San Lorenzo,Banfield,0,1,,,Primera Division,2017,zonas,,Fecha 8,Nuevo Gasómetro,false,https://es.wikipedia.org/wiki/Campeonato_de_Primera_División_2017-18_(Argentina)
2017-11-04,16:30,Gutiérrez,Unión (VK),2,1,,,Torneo Federal A,2017,zonas,Zona 2,Fecha 10,General Gutiérrez,false,https://es.wikipedia.org/wiki/Torneo_Federal_A_2017-18
2017-11-04,16:30,Huracán Las Heras,Deportivo Maipú,3,1,,,Torneo Federal A,2017,zonas,Zona 2,Fecha 10,General San Martín,false,https://es.wikipedia.org/wiki/Torneo_Federal_A_2017-18
2017-11-04,16:30,Unión Aconquija,Juventud Unida Universitario,0,2,,,Torneo Federal A,2017,zonas,Zona 2,Fecha 10,Peñarol de Belén,false,https://es.wikipedia.org/wiki/Torneo_Federal_A_2017-18
2017-11-04,17:00,Agropecuario,Aldosivi,2,0,,,Primera Nacional,2017,zonas,,Fecha 7,Ofelia Rosenzuaig,false,https://es.wikipedia.org/wiki/Campeonato_de_Primera_B_Nacional_2017-18
2017-11-04,17:00,Unión (S),Libertad (S),3,0,,,Torneo Federal A,2017,zonas,Zona 3,Fecha 10,De la Avenida,false,https://es.wikipedia.org/wiki/Torneo_Federal_A_2017-18
2017-11-04,18:00,Atlético Paraná,Defensores de Belgrano (VR),0,0,,,Torneo Federal A,2017,zonas,Zona 3,Fecha 10,Pedro Mutio,false,https://es.wikipedia.org/wiki/Torneo_Federal_A_2017-18
2017-11-04,18:05,Rosario Central,Atlético Tucumán,0,1,,,Primera Division,2017,zonas,,Fecha 8,Gigante de Arroyito,false,https://es.wikipedia.org/wiki/Campeonato_de_Primera_División_2017-18_(Argentina)
2017-11-04,19:00,Instituto,Mitre (SdE),0,0,,,Primera Nacional,2017,zonas,,Fecha 7,Juan Domingo Perón,false,https://es.wikipedia.org/wiki/Campeonato_de_Primera_B_Nacional_2017-18
2017-11-04,19:00,Sportivo Estudiantes (SL),Sarmiento (J),1,1,,,Primera Nacional,2017,zonas,,Fecha 7,Juan Gilberto Funes,false,https://es.wikipedia.org/wiki/Campeonato_de_Primera_B_Nacional_2017-18
2017-11-04,19:05,Ramón Santamarina,Quilmes,3,2,,,Primera Nacional,2017,zonas,,Fecha 7,Municipal General San Martín,false,https://es.wikipedia.org/wiki/Campeonato_de_Primera_B_Nacional_2017-18
2017-11-04,20:00,Gimnasia y Esgrima (M),San Lorenzo de Alem,1,0,,,Torneo Federal A,2017,zonas,Zona 2,Fecha 10,Víctor Antonio Legrotaglie,false,https://es.wikipedia.org/wiki/Torneo_Federal_A_2017-18
2017-11-04,20:30,Crucero del Norte,Deportivo Mandiyú,0,0,,,Torneo Federal A,2017,zonas,Zona 4,Fecha 10,Comandante Andrés Guacurarí,false,https://es.wikipedia.org/wiki/Torneo_Federal_A_2017-18
2017-11-04,20:30,Gimnasia y Tiro (S),Sportivo Patria,2,0,,,Torneo Federal A,2017,zonas,Zona 4,Fecha 10,El Gigante del Norte,false,https://es.wikipedia.org/wiki/Torneo_Federal_A_2017-18
2017-11-04,21:00,Gimnasia y Esgrima (CdU),Sportivo Belgrano,3,1,,,Torneo Federal A,2017,zonas,Zona 3,Fecha 10,Manuel y Ramón Núñez,false,https://es.wikipedia.org/wiki/Torneo_Federal_A_2017-18
2017-11-04,21:30,Racing Club,Talleres (C),1,1,,,Primera Division,2017,zonas,,Fecha 8,El Cilindro,false,https://es.wikipedia.org/wiki/Campeonato_de_Primera_División_2017-18_(Argentina)
2017-11-04,22:00,Altos Hornos Zapla,Guaraní Antonio Franco,3,1,,,Torneo Federal A,2017,zonas,Zona 4,Fecha 10,Emilio Fabrizzi,false,https://es.wikipedia.org/wiki/Torneo_Federal_A_2017-18
2017-11-05,11:00,Independiente (N),Villa Mitre,0,0,,,Torneo Federal A,2017,zonas,Zona 1,Fecha 10,La Nueva Caldera,false,https://es.wikipedia.org/wiki/Torneo_Federal_A_2017-18
2017-11-05,11:00,Rivadavia (L),Cipolletti,0,1,,,Torneo Federal A,2017,zonas,Zona 1,Fecha 10,El Coliseo,false,https://es.wikipedia.org/wiki/Torneo_Federal_A_2017-18
2017-11-05,11:05,Temperley,Defensa y Justicia,1,4,,,Primera Division,2017,zonas,,Fecha 8,Alfredo Beranger,false,https://es.wikipedia.org/wiki/Campeonato_de_Primera_División_2017-18_(Argentina)
2017-11-05,14:05,Belgrano,Independiente,0,0,,,Primera Division,2017,zonas,,Fecha 8,Gigante de Alberdi,false,https://es.wikipedia.org/wiki/Campeonato_de_Primera_División_2017-18_(Argentina)
2017-11-05,14:05,Estudiantes (LP),Argentinos Juniors,1,0,,,Primera Division,2017,zonas,,Fecha 8,Centenario,false,https://es.wikipedia.org/wiki/Campeonato_de_Primera_División_2017-18_(Argentina)
2017-11-05,14:30,Sacachispas,Atlanta,0,3,,,Primera B,2017,zonas,,Fecha 11,Beto Larrosa,false,https://es.wikipedia.org/wiki/Campeonato_de_Primera_B_2017-18_(Argentina)
2017-11-05,15:00,Guillermo Brown,Ferro Carril Oeste,3,0,,,Primera Nacional,2017,zonas,,Fecha 7,Cayetano Castro,false,https://es.wikipedia.org/wiki/Campeonato_de_Primera_B_Nacional_2017-18
2017-11-05,15:30,Acassuso,Colegiales,5,0,,,Primera B,2017,zonas,,Fecha 11,República de Italia,false,https://es.wikipedia.org/wiki/Campeonato_de_Primera_B_2017-18_(Argentina)
2017-11-05,15:30,Almagro,Deportivo Morón,2,2,,,Primera Nacional,2017,zonas,,Fecha 7,Tres de Febrero,false,https://es.wikipedia.org/wiki/Campeonato_de_Primera_B_Nacional_2017-18
2017-11-05,15:30,Central Córdoba (R),Cañuelas,1,2,,,Primera C,2017,zonas,,Fecha 11,Gabino Sosa,false,https://es.wikipedia.org/wiki/Campeonato_de_Primera_C_2017-18_(Argentina)
2017-11-05,15:30,Deportivo Roca,Alvarado,1,1,,,Torneo Federal A,2017,zonas,Zona 1,Fecha 10,Luis Maiolino,false,https://es.wikipedia.org/wiki/Torneo_Federal_A_2017-18
2017-11-05,15:30,Dock Sud,San Martín (B),2,0,,,Primera C,2017,zonas,,Fecha 11,De los Inmigrantes,false,https://es.wikipedia.org/wiki/Campeonato_de_Primera_C_2017-18_(Argentina)
2017-11-05,15:30,Ferro Carril Oeste (GP),Deportivo Madryn,4,1,,,Torneo Federal A,2017,zonas,Zona 1,Fecha 10,El Coloso del Barrio Talleres,false,https://es.wikipedia.org/wiki/Torneo_Federal_A_2017-18
2017-11-05,15:30,Flandria,Independiente Rivadavia,2,2,,,Primera Nacional,2017,zonas,,Fecha 7,Carlos V,false,https://es.wikipedia.org/wiki/Campeonato_de_Primera_B_Nacional_2017-18
2017-11-05,15:30,Leandro N. Alem,Deportivo Laferrere,1,0,,,Primera C,2017,zonas,,Fecha 11,Leandro N. Alem,false,https://es.wikipedia.org/wiki/Campeonato_de_Primera_C_2017-18_(Argentina)
2017-11-05,15:30,Sportivo Barracas,Luján,0,2,,,Primera C,2017,zonas,,Fecha 11,Don León Kolbowsky,false,https://es.wikipedia.org/wiki/Campeonato_de_Primera_C_2017-18_(Argentina)
2017-11-05,16:30,San Jorge (T),Juventud Antoniana,1,1,,,Torneo Federal A,2017,zonas,Zona 4,Fecha 10,Ángel Pascual Sáez,false,https://es.wikipedia.org/wiki/Torneo_Federal_A_2017-18
2017-11-05,18:00,Sarmiento (R),Chaco For Ever,0,0,,,Torneo Federal A,2017,zonas,Zona 4,Fecha 10,Centenario,false,https://es.wikipedia.org/wiki/Torneo_Federal_A_2017-18
2017-11-05,18:05,River Plate,Boca Juniors,1,2,,,Primera Division,2017,zonas,,Fecha 8,Monumental,false,https://es.wikipedia.org/wiki/Campeonato_de_Primera_División_2017-18_(Argentina)
2017-11-06,15:30,Deportivo Riestra,Villa Dálmine,1,1,,,Primera Nacional,2017,zonas,,Fecha 7,Ciudad de Caseros,false,https://es.wikipedia.org/wiki/Campeonato_de_Primera_B_Nacional_2017-18
2017-11-06,15:30,Fénix,San Telmo,0,1,,,Primera B,2017,zonas,,Fecha 11,Malvinas Argentinas,false,https://es.wikipedia.org/wiki/Campeonato_de_Primera_B_2017-18_(Argentina)
2017-11-06,17:05,Arsenal,Tigre,0,0,,,Primera Division,2017,zonas,,Fecha 8,El Viaducto,false,https://es.wikipedia.org/wiki/Campeonato_de_Primera_División_2017-18_(Argentina)
2017-11-06,19:05,Patronato,Newell's Old Boys,0,0,,,Primera Division,2017,zonas,,Fecha 8,Presbítero Bartolomé Grella,false,https://es.wikipedia.org/wiki/Campeonato_de_Primera_División_2017-18_(Argentina)
2017-11-06,19:45,Talleres (RdE),Almirante Brown,2,1,,,Primera B,2017,zonas,,Fecha 11,Talleres,false,https://es.wikipedia.org/wiki/Campeonato_de_Primera_B_2017-18_(Argentina)
2017-11-06,21:05,Juventud Unida (G),All Boys,3,1,,,Primera Nacional,2017,zonas,,Fecha 7,De los Eucaliptos,false,https://es.wikipedia.org/wiki/Campeonato_de_Primera_B_Nacional_2017-18
2017-11-06,21:05,Vélez Sarsfield,Unión,0,2,,,Primera Division,2017,zonas,,Fecha 8,José Amalfitani,false,https://es.wikipedia.org/wiki/Campeonato_de_Primera_División_2017-18_(Argentina)
2017-11-07,15:30,Deportivo Armenio,Ferrocarril Midland,0,0,,,Primera C,2017,zonas,,Fecha 12,Armenia,false,https://es.wikipedia.org/wiki/Campeonato_de_Primera_C_2017-18_(Argentina)
2017-11-07,15:30,J. J. de Urquiza,Defensores de Cambaceres,1,0,,,Primera C,2017,zonas,,Fecha 12,Ramón Roque Martín,false,https://es.wikipedia.org/wiki/Campeonato_de_Primera_C_2017-18_(Argentina)
2017-11-07,16:00,Deportivo Merlo,Defensores Unidos,2,0,,,Primera C,2017,zonas,,Fecha 12,José Manuel Moreno,false,https://es.wikipedia.org/wiki/Campeonato_de_Primera_C_2017-18_(Argentina)
2017-11-07,21:05,Defensores de Belgrano,Deportivo Español,2,0,,,Primera B,2017,zonas,,Fecha 11,Juan Pasquale,false,https://es.wikipedia.org/wiki/Campeonato_de_Primera_B_2017-18_(Argentina)
2017-11-08,15:30,Berazategui,Sportivo Italiano,1,1,,,Primera C,2017,zonas,,Fecha 12,Norman Lee,false,https://es.wikipedia.org/wiki/Campeonato_de_Primera_C_2017-18_(Argentina)
2017-11-08,15:30,Cañuelas,Ituzaingó,0,0,,,Primera C,2017,zonas,,Fecha 12,Jose Alfredo Arín,false,https://es.wikipedia.org/wiki/Campeonato_de_Primera_C_2017-18_(Argentina)
2017-11-08,15:30,El Porvenir,Luján,0,1,,,Primera C,2017,zonas,,Fecha 12,Gildo Francisco Ghersinich,false,https://es.wikipedia.org/wiki/Campeonato_de_Primera_C_2017-18_(Argentina)
2017-11-08,15:30,Excursionistas,Central Córdoba (R),0,1,,,Primera C,2017,zonas,,Fecha 12,Excursionistas,false,https://es.wikipedia.org/wiki/Campeonato_de_Primera_C_2017-18_(Argentina)
2017-11-08,15:30,Juventud Unida Universitario,Unión (VK),2,1,,,Torneo Federal A,2017,zonas,Zona 2,Fecha 11,Mario Sebastián Diez,false,https://es.wikipedia.org/wiki/Torneo_Federal_A_2017-18
2017-11-08,15:30,Leandro N. Alem,Sportivo Barracas,4,0,,,Primera C,2017,zonas,,Fecha 12,Leandro N. Alem,false,https://es.wikipedia.org/wiki/Campeonato_de_Primera_C_2017-18_(Argentina)
2017-11-08,15:30,San Martín (B),Argentino de Quilmes,0,3,,,Primera C,2017,zonas,,Fecha 12,Francisco Boga,false,https://es.wikipedia.org/wiki/Campeonato_de_Primera_C_2017-18_(Argentina)
2017-11-08,16:30,Unión Aconquija,Desamparados,0,0,,,Torneo Federal A,2017,zonas,Zona 2,Fecha 11,Peñarol de Belén,false,https://es.wikipedia.org/wiki/Torneo_Federal_A_2017-18
2017-11-08,17:00,Deportivo Laferrere,Dock Sud,2,1,,,Primera C,2017,zonas,,Fecha 12,Ciudad de Laferrere,false,https://es.wikipedia.org/wiki/Campeonato_de_Primera_C_2017-18_(Argentina)
2017-11-08,17:30,Libertad (S),Douglas Haig,1,2,,,Torneo Federal A,2017,zonas,Zona 3,Fecha 11,Dr. Plácido Tita,false,https://es.wikipedia.org/wiki/Torneo_Federal_A_2017-18
2017-11-08,20:30,Defensores de Belgrano (VR),Unión (S),3,0,,,Torneo Federal A,2017,zonas,Zona 3,Fecha 11,Salomón Boeseldín,false,https://es.wikipedia.org/wiki/Torneo_Federal_A_2017-18
2017-11-08,21:00,Gimnasia y Esgrima (CdU),Atlético Paraná,2,1,,,Torneo Federal A,2017,zonas,Zona 3,Fecha 11,Manuel y Ramón Núñez,false,https://es.wikipedia.org/wiki/Torneo_Federal_A_2017-18
2017-11-08,21:00,San Lorenzo de Alem,Gutiérrez,2,0,,,Torneo Federal A,2017,zonas,Zona 2,Fecha 11,Malvinas Argentinas,false,https://es.wikipedia.org/wiki/Torneo_Federal_A_2017-18
2017-11-08,21:00,Sportivo Belgrano,Defensores de Pronunciamiento,3,0,,,Torneo Federal A,2017,zonas,Zona 3,Fecha 11,Oscar C. Boero,false,https://es.wikipedia.org/wiki/Torneo_Federal_A_2017-18
2017-11-08,21:30,Deportivo Maipú,Gimnasia y Esgrima (M),1,2,,,Torneo Federal A,2017,zonas,Zona 2,Fecha 11,Omar Higinio Sperdutti,false,https://es.wikipedia.org/wiki/Torneo_Federal_A_2017-18
2017-11-08,21:30,Estudiantes (RC),Huracán Las Heras,4,0,,,Torneo Federal A,2017,zonas,Zona 2,Fecha 11,Ciudad de Río Cuarto Antonio Candini,false,https://es.wikipedia.org/wiki/Torneo_Federal_A_2017-18
2017-11-08,22:00,Central Córdoba (SdE),Sportivo Las Parejas,1,0,,,Torneo Federal A,2017,zonas,Zona 3,Fecha 11,Alfredo Terrera,false,https://es.wikipedia.org/wiki/Torneo_Federal_A_2017-18
2017-11-10,20:00,Alvarado,Independiente (N),4,0,,,Torneo Federal A,2017,zonas,Zona 1,Fecha 11,José María Minella,false,https://es.wikipedia.org/wiki/Torneo_Federal_A_2017-18
2017-11-10,21:00,Atlético de Rafaela,Almagro,1,1,,,Primera Nacional,2017,zonas,,Fecha 8,Nuevo Monumental,false,https://es.wikipedia.org/wiki/Campeonato_de_Primera_B_Nacional_2017-18
2017-11-10,21:00,Cipolletti,Ferro Carril Oeste (GP),1,1,,,Torneo Federal A,2017,zonas,Zona 1,Fecha 11,La Visera de Cemento,false,https://es.wikipedia.org/wiki/Torneo_Federal_A_2017-18
2017-11-10,21:30,Gimnasia y Tiro (S),Altos Hornos Zapla,0,0,,,Torneo Federal A,2017,zonas,Zona 4,Fecha 11,El Gigante del Norte,false,https://es.wikipedia.org/wiki/Torneo_Federal_A_2017-18
2017-11-10,21:30,Independiente Rivadavia,Guillermo Brown,0,0,,,Primera Nacional,2017,zonas,,Fecha 8,Bautista Gargantini,false,https://es.wikipedia.org/wiki/Campeonato_de_Primera_B_Nacional_2017-18
2017-11-11,13:05,Tristán Suárez,Platense,0,1,,,Primera B,2017,zonas,,Fecha 12,20 de Octubre,false,https://es.wikipedia.org/wiki/Campeonato_de_Primera_B_2017-18_(Argentina)
2017-11-11,15:30,Central Córdoba (R),Deportivo Merlo,3,0,,,Primera C,2017,zonas,,Fecha 13,Gabino Sosa,false,https://es.wikipedia.org/wiki/Campeonato_de_Primera_C_2017-18_(Argentina)
2017-11-11,15:30,Colegiales,Fénix,0,1,,,Primera B,2017,zonas,,Fecha 12,Colegiales,false,https://es.wikipedia.org/wiki/Campeonato_de_Primera_B_2017-18_(Argentina)
2017-11-11,15:30,Defensores Unidos,Deportivo Armenio,1,0,,,Primera C,2017,zonas,,Fecha 13,Gigante de Villa Fox,false,https://es.wikipedia.org/wiki/Campeonato_de_Primera_C_2017-18_(Argentina)
2017-11-11,15:30,Dock Sud,Leandro N. Alem,0,3,,,Primera C,2017,zonas,,Fecha 13,De los Inmigrantes,false,https://es.wikipedia.org/wiki/Campeonato_de_Primera_C_2017-18_(Argentina)
2017-11-11,15:30,Sportivo Barracas,El Porvenir,3,0,,,Primera C,2017,zonas,,Fecha 13,Don León Kolbowsky,false,https://es.wikipedia.org/wiki/Campeonato_de_Primera_C_2017-18_(Argentina)
2017-11-11,15:35,Almirante Brown,Defensores de Belgrano,0,1,,,Primera B,2017,zonas,,Fecha 12,Fragata Presidente Sarmiento,false,https://es.wikipedia.org/wiki/Campeonato_de_Primera_B_2017-18_(Argentina)
2017-11-11,16:00,Deportivo Madryn,Deportivo Roca,2,1,,,Torneo Federal A,2017,zonas,Zona 1,Fecha 11,Abel Sastre,false,https://es.wikipedia.org/wiki/Torneo_Federal_A_2017-18
2017-11-11,16:00,Deportivo Mandiyú,San Jorge (T),2,1,,,Torneo Federal A,2017,zonas,Zona 4,Fecha 11,José Antonio Romero Feris,false,https://es.wikipedia.org/wiki/Torneo_Federal_A_2017-18
2017-11-11,16:00,Sansinena,Rivadavia (L),1,0,,,Torneo Federal A,2017,zonas,Zona 1,Fecha 11,Luis Molina,false,https://es.wikipedia.org/wiki/Torneo_Federal_A_2017-18
2017-11-11,17:00,Aldosivi,Flandria,2,2,,,Primera Nacional,2017,zonas,,Fecha 8,José María Minella,false,https://es.wikipedia.org/wiki/Campeonato_de_Primera_B_Nacional_2017-18
2017-11-11,17:00,Sportivo Patria,Juventud Antoniana,1,1,,,Torneo Federal A,2017,zonas,Zona 4,Fecha 11,Antonio Romero,false,https://es.wikipedia.org/wiki/Torneo_Federal_A_2017-18
2017-11-11,17:05,Quilmes,Nueva Chicago,1,1,,,Primera Nacional,2017,zonas,,Fecha 8,Centenario,false,https://es.wikipedia.org/wiki/Campeonato_de_Primera_B_Nacional_2017-18
2017-11-11,18:00,Sarmiento (J),Ramón Santamarina,3,3,,,Primera Nacional,2017,zonas,,Fecha 8,Eva Perón,false,https://es.wikipedia.org/wiki/Campeonato_de_Primera_B_Nacional_2017-18
2017-11-11,21:00,Guaraní Antonio Franco,Sarmiento (R),0,0,,,Torneo Federal A,2017,zonas,Zona 4,Fecha 11,Clemente A. Fernández de Oliveira,false,https://es.wikipedia.org/wiki/Torneo_Federal_A_2017-18
2017-11-12,,River Plate,Deportivo Morón,3,0,,,Copa Argentina,2017,eliminacion,,Semifinales,Malvinas Argentinas,true,https://es.wikipedia.org/wiki/Copa_Argentina_2016-17
2017-11-12,15:05,All Boys,Agropecuario,4,0,,,Primera Nacional,2017,zonas,,Fecha 8,Islas Malvinas,false,https://es.wikipedia.org/wiki/Campeonato_de_Primera_B_Nacional_2017-18
2017-11-12,15:05,Villa Dálmine,Sportivo Estudiantes (SL),2,1,,,Primera Nacional,2017,zonas,,Fecha 8,El Coliseo de Mitre y Puccini,false,https://es.wikipedia.org/wiki/Campeonato_de_Primera_B_Nacional_2017-18
2017-11-12,15:30,Argentino de Quilmes,Deportivo Laferrere,0,0,,,Primera C,2017,zonas,,Fecha 13,Argentino de Quilmes,false,https://es.wikipedia.org/wiki/Campeonato_de_Primera_C_2017-18_(Argentina)
2017-11-12,15:30,Comunicaciones,Villa San Carlos,3,0,,,Primera B,2017,zonas,,Fecha 12,Alfredo Ramos,false,https://es.wikipedia.org/wiki/Campeonato_de_Primera_B_2017-18_(Argentina)
2017-11-12,15:30,Deportivo Español,Sacachispas,0,0,,,Primera B,2017,zonas,,Fecha 12,Nueva España,false,https://es.wikipedia.org/wiki/Campeonato_de_Primera_B_2017-18_(Argentina)
2017-11-12,15:30,Ferrocarril Midland,J. J. de Urquiza,1,1,,,Primera C,2017,zonas,,Fecha 13,Ciudad de Libertad,false,https://es.wikipedia.org/wiki/Campeonato_de_Primera_C_2017-18_(Argentina)
2017-11-12,15:30,Ituzaingó,Excursionistas,1,3,,,Primera C,2017,zonas,,Fecha 13,Ituzaingó,false,https://es.wikipedia.org/wiki/Campeonato_de_Primera_C_2017-18_(Argentina)
2017-11-12,15:30,Luján,Berazategui,0,0,,,Primera C,2017,zonas,,Fecha 13,Municipal de la Ciudad de Luján,false,https://es.wikipedia.org/wiki/Campeonato_de_Primera_C_2017-18_(Argentina)
2017-11-12,15:30,San Miguel,Talleres (RdE),0,2,,,Primera B,2017,zonas,,Fecha 12,Malvinas Argentinas,false,https://es.wikipedia.org/wiki/Campeonato_de_Primera_B_2017-18_(Argentina)
2017-11-12,15:30,San Telmo,UAI Urquiza,0,0,,,Primera B,2017,zonas,,Fecha 12,Dr. Osvaldo Baletto,false,https://es.wikipedia.org/wiki/Campeonato_de_Primera_B_2017-18_(Argentina)
2017-11-12,15:30,Sportivo Italiano,Cañuelas,1,1,,,Primera C,2017,zonas,,Fecha 13,República de Italia,false,https://es.wikipedia.org/wiki/Campeonato_de_Primera_C_2017-18_(Argentina)
2017-11-12,16:30,Unión (VK),San Lorenzo de Alem,1,0,,,Torneo Federal A,2017,zonas,Zona 2,Fecha 12,12 de Octubre,false,https://es.wikipedia.org/wiki/Torneo_Federal_A_2017-18
2017-11-12,17:00,Boca Unidos,San Martín (T),1,2,,,Primera Nacional,2017,zonas,,Fecha 8,Leoncio Benítez,false,https://es.wikipedia.org/wiki/Campeonato_de_Primera_B_Nacional_2017-18
2017-11-12,17:00,Gimnasia y Esgrima (J),Deportivo Riestra,0,0,,,Primera Nacional,2017,zonas,,Fecha 8,23 de Agosto,false,https://es.wikipedia.org/wiki/Campeonato_de_Primera_B_Nacional_2017-18
2017-11-12,17:00,Unión (S),Gimnasia y Esgrima (CdU),1,0,,,Torneo Federal A,2017,zonas,Zona 3,Fecha 12,De la Avenida,false,https://es.wikipedia.org/wiki/Torneo_Federal_A_2017-18
2017-11-12,17:05,Ferro Carril Oeste,Brown de Adrogué,2,2,,,Primera Nacional,2017,zonas,,Fecha 8,Arquitecto Ricardo Etcheverri,false,https://es.wikipedia.org/wiki/Campeonato_de_Primera_B_Nacional_2017-18
2017-11-12,17:30,Defensores de Pronunciamiento,Central Córdoba (SdE),2,2,,,Torneo Federal A,2017,zonas,Zona 3,Fecha 12,Delio Cardozo,false,https://es.wikipedia.org/wiki/Torneo_Federal_A_2017-18
2017-11-12,18:00,Atlético Paraná,Sportivo Belgrano,2,2,,,Torneo Federal A,2017,zonas,Zona 3,Fecha 12,Pedro Mutio,false,https://es.wikipedia.org/wiki/Torneo_Federal_A_2017-18
2017-11-12,19:00,Mitre (SdE),Juventud Unida (G),0,0,,,Primera Nacional,2017,zonas,,Fecha 8,Dres. José y Antonio Castiglione,false,https://es.wikipedia.org/wiki/Campeonato_de_Primera_B_Nacional_2017-18
2017-11-12,20:00,Desamparados,Juventud Unida Universitario,3,0,,,Torneo Federal A,2017,zonas,Zona 2,Fecha 12,El Serpentario,false,https://es.wikipedia.org/wiki/Torneo_Federal_A_2017-18
2017-11-12,20:00,Douglas Haig,Defensores de Belgrano (VR),0,2,,,Torneo Federal A,2017,zonas,Zona 3,Fecha 12,Miguel Morales,false,https://es.wikipedia.org/wiki/Torneo_Federal_A_2017-18
2017-11-13,15:30,Defensores de Cambaceres,San Martín (B),2,0,,,Primera C,2017,zonas,,Fecha 13,12 de Octubre,false,https://es.wikipedia.org/wiki/Campeonato_de_Primera_C_2017-18_(Argentina)
2017-11-13,16:30,Huracán Las Heras,Unión Aconquija,0,0,,,Torneo Federal A,2017,zonas,Zona 2,Fecha 12,General San Martín,false,https://es.wikipedia.org/wiki/Torneo_Federal_A_2017-18
2017-11-13,17:00,Gutiérrez,Deportivo Maipú,2,3,,,Torneo Federal A,2017,zonas,Zona 2,Fecha 12,General Gutiérrez,false,https://es.wikipedia.org/wiki/Torneo_Federal_A_2017-18
2017-11-13,20:00,Sportivo Las Parejas,Libertad (S),2,1,,,Torneo Federal A,2017,zonas,Zona 3,Fecha 12,4 de Septiembre,false,https://es.wikipedia.org/wiki/Torneo_Federal_A_2017-18
2017-11-13,21:05,Estudiantes (BA),Barracas Central,1,0,,,Primera B,2017,zonas,,Fecha 12,Ciudad de Caseros,false,https://es.wikipedia.org/wiki/Campeonato_de_Primera_B_2017-18_(Argentina)
2017-11-13,21:30,Gimnasia y Esgrima (M),Estudiantes (RC),1,0,,,Torneo Federal A,2017,zonas,Zona 2,Fecha 12,Víctor Antonio Legrotaglie,false,https://es.wikipedia.org/wiki/Torneo_Federal_A_2017-18
2017-11-14,20:05,Atlanta,Acassuso,0,2,,,Primera B,2017,zonas,,Fecha 12,Don León Kolbowsky,false,https://es.wikipedia.org/wiki/Campeonato_de_Primera_B_2017-18_(Argentina)
2017-11-15,17:00,Independiente (N),Deportivo Madryn,1,0,,,Torneo Federal A,2017,zonas,Zona 1,Fecha 12,La Nueva Caldera,false,https://es.wikipedia.org/wiki/Torneo_Federal_A_2017-18
2017-11-15,17:00,San Jorge (T),Chaco For Ever,0,0,,,Torneo Federal A,2017,zonas,Zona 4,Fecha 12,Ángel Pascual Sáez,false,https://es.wikipedia.org/wiki/Torneo_Federal_A_2017-18
2017-11-15,20:30,Villa Mitre,Alvarado,2,1,,,Torneo Federal A,2017,zonas,Zona 1,Fecha 12,El Fortín,false,https://es.wikipedia.org/wiki/Torneo_Federal_A_2017-18
2017-11-15,21:00,Crucero del Norte,Guaraní Antonio Franco,0,0,,,Torneo Federal A,2017,zonas,Zona 4,Fecha 12,Comandante Andrés Guacurarí,false,https://es.wikipedia.org/wiki/Torneo_Federal_A_2017-18
2017-11-15,21:00,Ferro Carril Oeste (GP),Sansinena,1,0,,,Torneo Federal A,2017,zonas,Zona 1,Fecha 12,El Coloso del Barrio Talleres,false,https://es.wikipedia.org/wiki/Torneo_Federal_A_2017-18
2017-11-15,21:00,Sarmiento (R),Gimnasia y Tiro (S),1,1,,,Torneo Federal A,2017,zonas,Zona 4,Fecha 12,Centenario,false,https://es.wikipedia.org/wiki/Torneo_Federal_A_2017-18
2017-11-15,21:30,Deportivo Roca,Cipolletti,3,1,,,Torneo Federal A,2017,zonas,Zona 1,Fecha 12,Luis Maiolino,false,https://es.wikipedia.org/wiki/Torneo_Federal_A_2017-18
2017-11-15,22:00,Altos Hornos Zapla,Sportivo Patria,1,0,,,Torneo Federal A,2017,zonas,Zona 4,Fecha 12,Emilio Fabrizzi,false,https://es.wikipedia.org/wiki/Torneo_Federal_A_2017-18
2017-11-15,22:00,Juventud Antoniana,Deportivo Mandiyú,2,1,,,Torneo Federal A,2017,zonas,Zona 4,Fecha 12,Fray Honorato Pistoia,false,https://es.wikipedia.org/wiki/Torneo_Federal_A_2017-18
2017-11-16,21:00,Deportivo Morón,Instituto,0,1,,,Primera Nacional,2017,zonas,,Fecha 8,Nuevo Francisco Urbano,false,https://es.wikipedia.org/wiki/Campeonato_de_Primera_B_Nacional_2017-18
2017-11-17,17:00,Argentinos Juniors,Colón,0,1,,,Primera Division,2017,zonas,,Fecha 9,Diego Armando Maradona,false,https://es.wikipedia.org/wiki/Campeonato_de_Primera_División_2017-18_(Argentina)
2017-11-17,17:00,Cañuelas,Luján,0,0,,,Primera C,2017,zonas,,Fecha 14,Jose Alfredo Arín,false,https://es.wikipedia.org/wiki/Campeonato_de_Primera_C_2017-18_(Argentina)
2017-11-17,17:00,Dock Sud,Sportivo Barracas,2,0,,,Primera C,2017,zonas,,Fecha 14,De los Inmigrantes,false,https://es.wikipedia.org/wiki/Campeonato_de_Primera_C_2017-18_(Argentina)
2017-11-17,17:00,UAI Urquiza,Colegiales,0,0,,,Primera B,2017,zonas,,Fecha 13,Monumental de Villa Lynch,false,https://es.wikipedia.org/wiki/Campeonato_de_Primera_B_2017-18_(Argentina)
2017-11-17,19:15,Atlético Tucumán,Arsenal,0,0,,,Primera Division,2017,zonas,,Fecha 9,Monumental José Fierro,false,https://es.wikipedia.org/wiki/Campeonato_de_Primera_División_2017-18_(Argentina)
2017-11-17,21:30,Estudiantes (RC),Gutiérrez,4,1,,,Torneo Federal A,2017,zonas,Zona 2,Fecha 13,Ciudad de Río Cuarto Antonio Candini,false,https://es.wikipedia.org/wiki/Torneo_Federal_A_2017-18
2017-11-17,21:30,Newell's Old Boys,Belgrano,0,1,,,Primera Division,2017,zonas,,Fecha 9,Marcelo Bielsa,false,https://es.wikipedia.org/wiki/Campeonato_de_Primera_División_2017-18_(Argentina)
2017-11-18,17:00,Agropecuario,Mitre (SdE),2,0,,,Primera Nacional,2017,zonas,,Fecha 9,Ofelia Rosenzuaig,false,https://es.wikipedia.org/wiki/Campeonato_de_Primera_B_Nacional_2017-18
2017-11-18,17:00,Banfield,Temperley,0,0,,,Primera Division,2017,zonas,,Fecha 9,Florencio Sola,false,https://es.wikipedia.org/wiki/Campeonato_de_Primera_División_2017-18_(Argentina)
2017-11-18,17:00,Defensa y Justicia,Lanús,3,0,,,Primera Division,2017,zonas,,Fecha 9,Norberto Tormaghello,false,https://es.wikipedia.org/wiki/Campeonato_de_Primera_División_2017-18_(Argentina)
2017-11-18,17:00,Sacachispas,Almirante Brown,1,1,,,Primera B,2017,zonas,,Fecha 13,Beto Larrosa,false,https://es.wikipedia.org/wiki/Campeonato_de_Primera_B_2017-18_(Argentina)
2017-11-18,17:05,Nueva Chicago,Sarmiento (J),0,2,,,Primera Nacional,2017,zonas,,Fecha 9,Nueva Chicago,false,https://es.wikipedia.org/wiki/Campeonato_de_Primera_B_Nacional_2017-18
2017-11-18,18:00,Atlético Paraná,Unión (S),1,1,,,Torneo Federal A,2017,zonas,Zona 3,Fecha 13,Pedro Mutio,false,https://es.wikipedia.org/wiki/Torneo_Federal_A_2017-18
2017-11-18,18:00,Libertad (S),Defensores de Pronunciamiento,4,0,,,Torneo Federal A,2017,zonas,Zona 3,Fecha 13,Dr. Plácido Tita,false,https://es.wikipedia.org/wiki/Torneo_Federal_A_2017-18
2017-11-18,19:05,Defensores de Belgrano,San Miguel,3,0,,,Primera B,2017,zonas,,Fecha 13,Juan Pasquale,false,https://es.wikipedia.org/wiki/Campeonato_de_Primera_B_2017-18_(Argentina)
2017-11-18,19:15,San Martín (SJ),San Lorenzo,1,3,,,Primera Division,2017,zonas,,Fecha 9,Ingeniero Hilario Sánchez,false,https://es.wikipedia.org/wiki/Campeonato_de_Primera_División_2017-18_(Argentina)
2017-11-18,19:45,Gimnasia y Esgrima (CdU),Douglas Haig,4,3,,,Torneo Federal A,2017,zonas,Zona 3,Fecha 13,Manuel y Ramón Núñez,false,https://es.wikipedia.org/wiki/Torneo_Federal_A_2017-18
2017-11-18,20:00,Juventud Unida Universitario,San Lorenzo de Alem,0,0,,,Torneo Federal A,2017,zonas,Zona 2,Fecha 13,Mario Sebastián Diez,false,https://es.wikipedia.org/wiki/Torneo_Federal_A_2017-18
2017-11-18,21:30,Independiente,River Plate,1,0,,,Primera Division,2017,zonas,,Fecha 9,Libertadores de América,false,https://es.wikipedia.org/wiki/Campeonato_de_Primera_División_2017-18_(Argentina)
2017-11-19,17:00,Almagro,Boca Unidos,2,1,,,Primera Nacional,2017,zonas,,Fecha 9,Tres de Febrero,false,https://es.wikipedia.org/wiki/Campeonato_de_Primera_B_Nacional_2017-18
2017-11-19,17:00,Brown de Adrogué,Independiente Rivadavia,0,0,,,Primera Nacional,2017,zonas,,Fecha 9,Lorenzo Arandilla,false,https://es.wikipedia.org/wiki/Campeonato_de_Primera_B_Nacional_2017-18
2017-11-19,17:00,Deportivo Armenio,Central Córdoba (R),0,0,,,Primera C,2017,zonas,,Fecha 14,Armenia,false,https://es.wikipedia.org/wiki/Campeonato_de_Primera_C_2017-18_(Argentina)
2017-11-19,17:00,Deportivo Laferrere,Defensores de Cambaceres,3,1,,,Primera C,2017,zonas,,Fecha 14,Ciudad de Laferrere,false,https://es.wikipedia.org/wiki/Campeonato_de_Primera_C_2017-18_(Argentina)
2017-11-19,17:00,Excursionistas,Sportivo Italiano,2,0,,,Primera C,2017,zonas,,Fecha 14,Excursionistas,false,https://es.wikipedia.org/wiki/Campeonato_de_Primera_C_2017-18_(Argentina)
2017-11-19,17:00,Flandria,All Boys,2,0,,,Primera Nacional,2017,zonas,,Fecha 9,Carlos V,false,https://es.wikipedia.org/wiki/Campeonato_de_Primera_B_Nacional_2017-18
2017-11-19,17:00,Guillermo Brown,Aldosivi,1,1,,,Primera Nacional,2017,zonas,,Fecha 9,Raúl Conti,false,https://es.wikipedia.org/wiki/Campeonato_de_Primera_B_Nacional_2017-18
2017-11-19,17:00,Sansinena,Deportivo Roca,2,0,,,Torneo Federal A,2017,zonas,Zona 1,Fecha 13,Luis Molina,false,https://es.wikipedia.org/wiki/Torneo_Federal_A_2017-18
2017-11-19,17:00,Sportivo Patria,Deportivo Mandiyú,4,1,,,Torneo Federal A,2017,zonas,Zona 4,Fecha 13,Antonio Romero,false,https://es.wikipedia.org/wiki/Torneo_Federal_A_2017-18
2017-11-19,17:00,Tigre,Estudiantes (LP),2,0,,,Primera Division,2017,zonas,,Fecha 9,Monumental de Victoria,false,https://es.wikipedia.org/wiki/Campeonato_de_Primera_División_2017-18_(Argentina)
2017-11-19,17:00,Unión,Chacarita Juniors,0,0,,,Primera Division,2017,zonas,,Fecha 9,15 de abril,false,https://es.wikipedia.org/wiki/Campeonato_de_Primera_División_2017-18_(Argentina)
2017-11-19,17:00,Villa San Carlos,San Telmo,1,0,,,Primera B,2017,zonas,,Fecha 13,Genacio Sálice,false,https://es.wikipedia.org/wiki/Campeonato_de_Primera_B_2017-18_(Argentina)
2017-11-19,17:30,Unión Aconquija,Gimnasia y Esgrima (M),0,0,,,Torneo Federal A,2017,zonas,Zona 2,Fecha 13,Peñarol de Belén,false,https://es.wikipedia.org/wiki/Torneo_Federal_A_2017-18
2017-11-19,18:00,Chaco For Ever,Juventud Antoniana,0,0,,,Torneo Federal A,2017,zonas,Zona 4,Fecha 13,Juan Alberto García,false,https://es.wikipedia.org/wiki/Torneo_Federal_A_2017-18
2017-11-19,18:00,Deportivo Maipú,Unión (VK),3,0,,,Torneo Federal A,2017,zonas,Zona 2,Fecha 13,Omar Higinio Sperdutti,false,https://es.wikipedia.org/wiki/Torneo_Federal_A_2017-18
2017-11-19,18:00,San Martín (T),Quilmes,1,1,,,Primera Nacional,2017,zonas,,Fecha 9,La Ciudadela,false,https://es.wikipedia.org/wiki/Campeonato_de_Primera_B_Nacional_2017-18
2017-11-19,18:30,Gimnasia y Tiro (S),Crucero del Norte,4,2,,,Torneo Federal A,2017,zonas,Zona 4,Fecha 13,El Gigante del Norte,false,https://es.wikipedia.org/wiki/Torneo_Federal_A_2017-18
2017-11-19,19:00,Altos Hornos Zapla,Sarmiento (R),0,1,,,Torneo Federal A,2017,zonas,Zona 4,Fecha 13,Emilio Fabrizzi,false,https://es.wikipedia.org/wiki/Torneo_Federal_A_2017-18
2017-11-19,19:00,Sportivo Estudiantes (SL),Gimnasia y Esgrima (J),0,0,,,Primera Nacional,2017,zonas,,Fecha 9,Juan Gilberto Funes,false,https://es.wikipedia.org/wiki/Campeonato_de_Primera_B_Nacional_2017-18
2017-11-19,19:15,Boca Juniors,Racing Club,1,2,,,Primera Division,2017,zonas,,Fecha 9,La Bombonera,false,https://es.wikipedia.org/wiki/Campeonato_de_Primera_División_2017-18_(Argentina)
2017-11-19,19:45,Cipolletti,Independiente (N),1,1,,,Torneo Federal A,2017,zonas,Zona 1,Fecha 13,La Visera de Cemento,false,https://es.wikipedia.org/wiki/Torneo_Federal_A_2017-18
2017-11-19,20:30,Defensores de Belgrano (VR),Sportivo Las Parejas,1,1,,,Torneo Federal A,2017,zonas,Zona 3,Fecha 13,Salomón Boeseldín,false,https://es.wikipedia.org/wiki/Torneo_Federal_A_2017-18
2017-11-19,21:00,Guaraní Antonio Franco,San Jorge (T),2,0,,,Torneo Federal A,2017,zonas,Zona 4,Fecha 13,Clemente A. Fernández de Oliveira,false,https://es.wikipedia.org/wiki/Torneo_Federal_A_2017-18
2017-11-19,21:30,Talleres (C),Rosario Central,0,1,,,Primera Division,2017,zonas,,Fecha 9,Mario Alberto Kempes,false,https://es.wikipedia.org/wiki/Campeonato_de_Primera_División_2017-18_(Argentina)
2017-11-20,16:00,Deportivo Madryn,Villa Mitre,1,0,,,Torneo Federal A,2017,zonas,Zona 1,Fecha 13,Abel Sastre,false,https://es.wikipedia.org/wiki/Torneo_Federal_A_2017-18
2017-11-20,17:00,Acassuso,Deportivo Español,0,0,,,Primera B,2017,zonas,,Fecha 13,República de Italia,false,https://es.wikipedia.org/wiki/Campeonato_de_Primera_B_2017-18_(Argentina)
2017-11-20,17:00,Berazategui,El Porvenir,1,1,,,Primera C,2017,zonas,,Fecha 14,Norman Lee,false,https://es.wikipedia.org/wiki/Campeonato_de_Primera_C_2017-18_(Argentina)
2017-11-20,17:00,Deportivo Riestra,Los Andes,0,1,,,Primera Nacional,2017,zonas,,Fecha 9,Guillermo Laza,false,https://es.wikipedia.org/wiki/Campeonato_de_Primera_B_Nacional_2017-18
2017-11-20,17:00,Gimnasia y Esgrima (LP),Patronato,2,0,,,Primera Division,2017,zonas,,Fecha 9,Del Bosque,false,https://es.wikipedia.org/wiki/Campeonato_de_Primera_División_2017-18_(Argentina)
2017-11-20,17:00,J. J. de Urquiza,Defensores Unidos,1,1,,,Primera C,2017,zonas,,Fecha 14,Ramón Roque Martín,false,https://es.wikipedia.org/wiki/Campeonato_de_Primera_C_2017-18_(Argentina)
2017-11-20,17:00,Rivadavia (L),Ferro Carril Oeste (GP),4,0,,,Torneo Federal A,2017,zonas,Zona 1,Fecha 13,El Coliseo,false,https://es.wikipedia.org/wiki/Torneo_Federal_A_2017-18
2017-11-20,17:00,San Martín (B),Ferrocarril Midland,1,1,,,Primera C,2017,zonas,,Fecha 14,Francisco Boga,false,https://es.wikipedia.org/wiki/Campeonato_de_Primera_C_2017-18_(Argentina)
2017-11-20,17:05,Platense,Comunicaciones,1,1,,,Primera B,2017,zonas,,Fecha 13,Ciudad de Vicente López,false,https://es.wikipedia.org/wiki/Campeonato_de_Primera_B_2017-18_(Argentina)
2017-11-20,19:00,Instituto,Atlético de Rafaela,0,0,,,Primera Nacional,2017,zonas,,Fecha 9,Juan Domingo Perón,false,https://es.wikipedia.org/wiki/Campeonato_de_Primera_B_Nacional_2017-18
2017-11-20,19:15,Olimpo,Godoy Cruz,1,1,,,Primera Division,2017,zonas,,Fecha 9,Roberto N. Carminati,false,https://es.wikipedia.org/wiki/Campeonato_de_Primera_División_2017-18_(Argentina)
2017-11-20,19:30,Sportivo Belgrano,Central Córdoba (SdE),0,0,,,Torneo Federal A,2017,zonas,Zona 3,Fecha 13,Oscar C. Boero,false,https://es.wikipedia.org/wiki/Torneo_Federal_A_2017-18
2017-11-20,20:30,Ramón Santamarina,Villa Dálmine,1,0,,,Primera Nacional,2017,zonas,,Fecha 9,Municipal General San Martín,false,https://es.wikipedia.org/wiki/Campeonato_de_Primera_B_Nacional_2017-18
2017-11-20,20:45,Desamparados,Huracán Las Heras,2,0,,,Torneo Federal A,2017,zonas,Zona 2,Fecha 13,El Serpentario,false,https://es.wikipedia.org/wiki/Torneo_Federal_A_2017-18
2017-11-20,21:05,Juventud Unida (G),Deportivo Morón,1,0,,,Primera Nacional,2017,zonas,,Fecha 9,De los Eucaliptos,false,https://es.wikipedia.org/wiki/Campeonato_de_Primera_B_Nacional_2017-18
2017-11-20,21:30,Huracán,Vélez Sarsfield,1,0,,,Primera Division,2017,zonas,,Fecha 9,Tomás A. Ducó,false,https://es.wikipedia.org/wiki/Campeonato_de_Primera_División_2017-18_(Argentina)
2017-11-21,17:00,Fénix,Atlanta,3,1,,,Primera B,2017,zonas,,Fecha 13,Malvinas Argentinas,false,https://es.wikipedia.org/wiki/Campeonato_de_Primera_B_2017-18_(Argentina)
2017-11-21,17:00,Leandro N. Alem,Argentino de Quilmes,2,1,,,Primera C,2017,zonas,,Fecha 14,Leandro N. Alem,false,https://es.wikipedia.org/wiki/Campeonato_de_Primera_C_2017-18_(Argentina)
2017-11-21,17:05,Barracas Central,Tristán Suárez,1,2,,,Primera B,2017,zonas,,Fecha 13,Claudio Chiqui Tapia,false,https://es.wikipedia.org/wiki/Campeonato_de_Primera_B_2017-18_(Argentina)
2017-11-21,21:05,Talleres (RdE),Estudiantes (BA),1,0,,,Primera B,2017,zonas,,Fecha 13,Talleres,false,https://es.wikipedia.org/wiki/Campeonato_de_Primera_B_2017-18_(Argentina)
2017-11-22,17:00,Deportivo Merlo,Ituzaingó,2,1,,,Primera C,2017,zonas,,Fecha 14,José Manuel Moreno,false,https://es.wikipedia.org/wiki/Campeonato_de_Primera_C_2017-18_(Argentina)
2017-11-22,19:15,River Plate,Unión,2,0,,,Primera Division,2017,zonas,,Fecha 12,Monumental,false,https://es.wikipedia.org/wiki/Campeonato_de_Primera_División_2017-18_(Argentina)
2017-11-22,21:00,Douglas Haig,Defensores de Pronunciamiento,1,1,,,Torneo Federal A,2017,zonas,Zona 3,Fecha 9,Miguel Morales,false,https://es.wikipedia.org/wiki/Torneo_Federal_A_2017-18
2017-11-23,19:15,Vélez Sarsfield,Godoy Cruz,0,1,,,Primera Division,2017,zonas,,Fecha 12,José Amalfitani,false,https://es.wikipedia.org/wiki/Campeonato_de_Primera_División_2017-18_(Argentina)
2017-11-24,17:00,Banfield,Defensa y Justicia,0,1,,,Primera Division,2017,zonas,,Fecha 10,Florencio Sola,false,https://es.wikipedia.org/wiki/Campeonato_de_Primera_División_2017-18_(Argentina)
2017-11-24,17:00,Huracán Las Heras,Juventud Unida Universitario,1,1,,,Torneo Federal A,2017,zonas,Zona 2,Fecha 14,General San Martín,false,https://es.wikipedia.org/wiki/Torneo_Federal_A_2017-18
2017-11-24,17:00,Independiente (N),Sansinena,0,0,,,Torneo Federal A,2017,zonas,Zona 1,Fecha 14,La Nueva Caldera,false,https://es.wikipedia.org/wiki/Torneo_Federal_A_2017-18
2017-11-24,17:00,San Jorge (T),Gimnasia y Tiro (S),0,0,,,Torneo Federal A,2017,zonas,Zona 4,Fecha 14,Ángel Pascual Sáez,false,https://es.wikipedia.org/wiki/Torneo_Federal_A_2017-18
2017-11-24,17:00,San Telmo,Comunicaciones,1,0,,,Primera B,2017,zonas,,Fecha 14,Dr. Osvaldo Baletto,false,https://es.wikipedia.org/wiki/Campeonato_de_Primera_B_2017-18_(Argentina)
2017-11-24,17:05,San Miguel,Sacachispas,1,1,,,Primera B,2017,zonas,,Fecha 14,Malvinas Argentinas,false,https://es.wikipedia.org/wiki/Campeonato_de_Primera_B_2017-18_(Argentina)
2017-11-24,19:15,Chacarita Juniors,Huracán,0,2,,,Primera Division,2017,zonas,,Fecha 10,Chacarita Juniors,false,https://es.wikipedia.org/wiki/Campeonato_de_Primera_División_2017-18_(Argentina)
2017-11-24,20:00,Sportivo Las Parejas,Gimnasia y Esgrima (CdU),1,0,,,Torneo Federal A,2017,zonas,Zona 3,Fecha 14,4 de Septiembre,false,https://es.wikipedia.org/wiki/Torneo_Federal_A_2017-18
2017-11-24,20:30,Alvarado,Deportivo Madryn,1,1,,,Torneo Federal A,2017,zonas,Zona 1,Fecha 14,José María Minella,false,https://es.wikipedia.org/wiki/Torneo_Federal_A_2017-18
2017-11-24,21:00,Crucero del Norte,Altos Hornos Zapla,5,1,,,Torneo Federal A,2017,zonas,Zona 4,Fecha 14,Comandante Andrés Guacurarí,false,https://es.wikipedia.org/wiki/Torneo_Federal_A_2017-18
2017-11-24,21:00,San Lorenzo de Alem,Deportivo Maipú,1,0,,,Torneo Federal A,2017,zonas,Zona 2,Fecha 14,Malvinas Argentinas,false,https://es.wikipedia.org/wiki/Torneo_Federal_A_2017-18
2017-11-24,21:00,Sarmiento (J),San Martín (T),0,2,,,Primera Nacional,2017,zonas,,Fecha 10,Eva Perón,false,https://es.wikipedia.org/wiki/Campeonato_de_Primera_B_Nacional_2017-18
2017-11-24,21:00,Sarmiento (R),Sportivo Patria,4,2,,,Torneo Federal A,2017,zonas,Zona 4,Fecha 14,Centenario,false,https://es.wikipedia.org/wiki/Torneo_Federal_A_2017-18
2017-11-24,21:00,Villa Mitre,Cipolletti,1,1,,,Torneo Federal A,2017,zonas,Zona 1,Fecha 14,El Fortín,false,https://es.wikipedia.org/wiki/Torneo_Federal_A_2017-18
2017-11-24,21:30,Colón,Tigre,3,1,,,Primera Division,2017,zonas,,Fecha 10,Brigadier Estanislao López,false,https://es.wikipedia.org/wiki/Campeonato_de_Primera_División_2017-18_(Argentina)
2017-11-24,21:30,Deportivo Roca,Rivadavia (L),2,1,,,Torneo Federal A,2017,zonas,Zona 1,Fecha 14,Luis Maiolino,false,https://es.wikipedia.org/wiki/Torneo_Federal_A_2017-18
2017-11-24,21:30,Independiente Rivadavia,Ferro Carril Oeste,2,0,,,Primera Nacional,2017,zonas,,Fecha 10,Bautista Gargantini,false,https://es.wikipedia.org/wiki/Campeonato_de_Primera_B_Nacional_2017-18
2017-11-24,21:55,Unión (VK),Estudiantes (RC),0,1,,,Torneo Federal A,2017,zonas,Zona 2,Fecha 14,12 de Octubre,false,https://es.wikipedia.org/wiki/Torneo_Federal_A_2017-18
2017-11-24,22:00,Central Córdoba (SdE),Libertad (S),6,1,,,Torneo Federal A,2017,zonas,Zona 3,Fecha 14,Alfredo Terrera,false,https://es.wikipedia.org/wiki/Torneo_Federal_A_2017-18
2017-11-24,22:00,Juventud Antoniana,Guaraní Antonio Franco,1,0,,,Torneo Federal A,2017,zonas,Zona 4,Fecha 14,Fray Honorato Pistoia,false,https://es.wikipedia.org/wiki/Torneo_Federal_A_2017-18
2017-11-25,09:30,Gutiérrez,Unión Aconquija,1,1,,,Torneo Federal A,2017,zonas,Zona 2,Fecha 14,General Gutiérrez,false,https://es.wikipedia.org/wiki/Torneo_Federal_A_2017-18
2017-11-25,17:00,Barracas Central,Platense,1,0,,,Primera B,2017,zonas,,Fecha 14,Claudio Chiqui Tapia,false,https://es.wikipedia.org/wiki/Campeonato_de_Primera_B_2017-18_(Argentina)
2017-11-25,17:00,Belgrano,Gimnasia y Esgrima (LP),2,0,,,Primera Division,2017,zonas,,Fecha 10,Gigante de Alberdi,false,https://es.wikipedia.org/wiki/Campeonato_de_Primera_División_2017-18_(Argentina)
2017-11-25,17:00,Central Córdoba (R),J. J. de Urquiza,3,2,,,Primera C,2017,zonas,,Fecha 15,Gabino Sosa,false,https://es.wikipedia.org/wiki/Campeonato_de_Primera_C_2017-18_(Argentina)
2017-11-25,17:00,Colegiales,Villa San Carlos,1,2,,,Primera B,2017,zonas,,Fecha 14,Colegiales,false,https://es.wikipedia.org/wiki/Campeonato_de_Primera_B_2017-18_(Argentina)
2017-11-25,17:00,Defensores Unidos,San Martín (B),1,0,,,Primera C,2017,zonas,,Fecha 15,Gigante de Villa Fox,false,https://es.wikipedia.org/wiki/Campeonato_de_Primera_C_2017-18_(Argentina)
2017-11-25,17:00,Deportivo Mandiyú,Chaco For Ever,1,0,,,Torneo Federal A,2017,zonas,Zona 4,Fecha 14,José Antonio Romero Feris,false,https://es.wikipedia.org/wiki/Torneo_Federal_A_2017-18
2017-11-25,17:00,Ituzaingó,Deportivo Armenio,1,0,,,Primera C,2017,zonas,,Fecha 15,Ituzaingó,false,https://es.wikipedia.org/wiki/Campeonato_de_Primera_C_2017-18_(Argentina)
2017-11-25,17:00,Patronato,Unión,2,3,,,Primera Division,2017,zonas,,Fecha 10,Presbítero Bartolomé Grella,false,https://es.wikipedia.org/wiki/Campeonato_de_Primera_División_2017-18_(Argentina)
2017-11-25,17:00,Tristán Suárez,Talleres (RdE),1,2,,,Primera B,2017,zonas,,Fecha 14,20 de Octubre,false,https://es.wikipedia.org/wiki/Campeonato_de_Primera_B_2017-18_(Argentina)
2017-11-25,17:05,Quilmes,Almagro,0,2,,,Primera Nacional,2017,zonas,,Fecha 10,Centenario,false,https://es.wikipedia.org/wiki/Campeonato_de_Primera_B_Nacional_2017-18
2017-11-25,18:00,Defensores de Pronunciamiento,Defensores de Belgrano (VR),1,0,,,Torneo Federal A,2017,zonas,Zona 3,Fecha 14,Delio Cardozo,false,https://es.wikipedia.org/wiki/Torneo_Federal_A_2017-18
2017-11-25,18:00,Unión (S),Sportivo Belgrano,2,1,,,Torneo Federal A,2017,zonas,Zona 3,Fecha 14,De la Avenida,false,https://es.wikipedia.org/wiki/Torneo_Federal_A_2017-18
2017-11-25,19:00,Atlético de Rafaela,Juventud Unida (G),3,0,,,Primera Nacional,2017,zonas,,Fecha 10,Nuevo Monumental,false,https://es.wikipedia.org/wiki/Campeonato_de_Primera_B_Nacional_2017-18
2017-11-25,19:15,San Lorenzo,Argentinos Juniors,1,0,,,Primera Division,2017,zonas,,Fecha 10,Nuevo Gasómetro,false,https://es.wikipedia.org/wiki/Campeonato_de_Primera_División_2017-18_(Argentina)
2017-11-25,19:35,Atlanta,UAI Urquiza,0,1,,,Primera B,2017,zonas,,Fecha 14,Don León Kolbowsky,false,https://es.wikipedia.org/wiki/Campeonato_de_Primera_B_2017-18_(Argentina)
2017-11-25,20:00,Douglas Haig,Atlético Paraná,2,1,,,Torneo Federal A,2017,zonas,Zona 3,Fecha 14,Miguel Morales,false,https://es.wikipedia.org/wiki/Torneo_Federal_A_2017-18
2017-11-25,20:00,Gimnasia y Esgrima (M),Desamparados,1,0,,,Torneo Federal A,2017,zonas,Zona 2,Fecha 14,Víctor Antonio Legrotaglie,false,https://es.wikipedia.org/wiki/Torneo_Federal_A_2017-18
2017-11-25,21:30,All Boys,Guillermo Brown,2,0,,,Primera Nacional,2017,zonas,,Fecha 10,Islas Malvinas,false,https://es.wikipedia.org/wiki/Campeonato_de_Primera_B_Nacional_2017-18
2017-11-25,21:30,Racing Club,Independiente,0,1,,,Primera Division,2017,zonas,,Fecha 10,El Cilindro,false,https://es.wikipedia.org/wiki/Campeonato_de_Primera_División_2017-18_(Argentina)
2017-11-26,17:00,Aldosivi,Brown de Adrogué,1,0,,,Primera Nacional,2017,zonas,,Fecha 10,José María Minella,false,https://es.wikipedia.org/wiki/Campeonato_de_Primera_B_Nacional_2017-18
2017-11-26,17:00,Almirante Brown,Acassuso,0,0,,,Primera B,2017,zonas,,Fecha 14,Fragata Presidente Sarmiento,false,https://es.wikipedia.org/wiki/Campeonato_de_Primera_B_2017-18_(Argentina)
2017-11-26,17:00,Boca Unidos,Instituto,2,0,,,Primera Nacional,2017,zonas,,Fecha 10,Leoncio Benítez,false,https://es.wikipedia.org/wiki/Campeonato_de_Primera_B_Nacional_2017-18
2017-11-26,17:00,Deportivo Español,Fénix,1,1,,,Primera B,2017,zonas,,Fecha 14,Nueva España,false,https://es.wikipedia.org/wiki/Campeonato_de_Primera_B_2017-18_(Argentina)
2017-11-26,17:00,Estudiantes (BA),Defensores de Belgrano,1,0,,,Primera B,2017,zonas,,Fecha 14,Ciudad de Caseros,false,https://es.wikipedia.org/wiki/Campeonato_de_Primera_B_2017-18_(Argentina)
2017-11-26,17:00,Estudiantes (LP),Atlético Tucumán,1,0,,,Primera Division,2017,zonas,,Fecha 10,Centenario,false,https://es.wikipedia.org/wiki/Campeonato_de_Primera_División_2017-18_(Argentina)
2017-11-26,17:00,Gimnasia y Esgrima (J),Ramón Santamarina,3,1,,,Primera Nacional,2017,zonas,,Fecha 10,23 de Agosto,false,https://es.wikipedia.org/wiki/Campeonato_de_Primera_B_Nacional_2017-18
2017-11-26,17:00,Los Andes,Sportivo Estudiantes (SL),1,1,,,Primera Nacional,2017,zonas,,Fecha 10,Eduardo Gallardón,false,https://es.wikipedia.org/wiki/Campeonato_de_Primera_B_Nacional_2017-18
2017-11-26,19:15,River Plate,Newell's Old Boys,1,3,,,Primera Division,2017,zonas,,Fecha 10,Monumental,false,https://es.wikipedia.org/wiki/Campeonato_de_Primera_División_2017-18_(Argentina)
2017-11-26,20:15,Villa Dálmine,Nueva Chicago,2,1,,,Primera Nacional,2017,zonas,,Fecha 10,El Coliseo de Mitre y Puccini,false,https://es.wikipedia.org/wiki/Campeonato_de_Primera_B_Nacional_2017-18
2017-11-26,21:00,Mitre (SdE),Flandria,2,1,,,Primera Nacional,2017,zonas,,Fecha 10,Dres. José y Antonio Castiglione,false,https://es.wikipedia.org/wiki/Campeonato_de_Primera_B_Nacional_2017-18
2017-11-26,21:30,Rosario Central,Boca Juniors,1,0,,,Primera Division,2017,zonas,,Fecha 10,Gigante de Arroyito,false,https://es.wikipedia.org/wiki/Campeonato_de_Primera_División_2017-18_(Argentina)
2017-11-27,17:00,Argentino de Quilmes,Dock Sud,1,0,,,Primera C,2017,zonas,,Fecha 15,Argentino de Quilmes,false,https://es.wikipedia.org/wiki/Campeonato_de_Primera_C_2017-18_(Argentina)
2017-11-27,17:00,Arsenal,Talleres (C),0,1,,,Primera Division,2017,zonas,,Fecha 10,El Viaducto,false,https://es.wikipedia.org/wiki/Campeonato_de_Primera_División_2017-18_(Argentina)
2017-11-27,17:00,Defensores de Cambaceres,Leandro N. Alem,3,1,,,Primera C,2017,zonas,,Fecha 15,12 de Octubre,false,https://es.wikipedia.org/wiki/Campeonato_de_Primera_C_2017-18_(Argentina)
2017-11-27,17:00,Ferrocarril Midland,Deportivo Laferrere,2,0,,,Primera C,2017,zonas,,Fecha 15,Colegiales,false,https://es.wikipedia.org/wiki/Campeonato_de_Primera_C_2017-18_(Argentina)
2017-11-27,17:00,Luján,Excursionistas,1,0,,,Primera C,2017,zonas,,Fecha 15,Municipal de la Ciudad de Luján,false,https://es.wikipedia.org/wiki/Campeonato_de_Primera_C_2017-18_(Argentina)
2017-11-27,17:00,Sportivo Barracas,Berazategui,0,0,,,Primera C,2017,zonas,,Fecha 15,Don León Kolbowsky,false,https://es.wikipedia.org/wiki/Campeonato_de_Primera_C_2017-18_(Argentina)
2017-11-27,17:00,Sportivo Italiano,Deportivo Merlo,1,0,,,Primera C,2017,zonas,,Fecha 15,República de Italia,false,https://es.wikipedia.org/wiki/Campeonato_de_Primera_C_2017-18_(Argentina)
2017-11-27,19:15,Vélez Sarsfield,Olimpo,3,0,,,Primera Division,2017,zonas,,Fecha 10,José Amalfitani,false,https://es.wikipedia.org/wiki/Campeonato_de_Primera_División_2017-18_(Argentina)
2017-11-27,21:05,Deportivo Morón,Agropecuario,2,1,,,Primera Nacional,2017,zonas,,Fecha 10,Nuevo Francisco Urbano,false,https://es.wikipedia.org/wiki/Campeonato_de_Primera_B_Nacional_2017-18
2017-11-27,21:30,Temperley,San Martín (SJ),1,0,,,Primera Division,2017,zonas,,Fecha 10,Alfredo Beranger,false,https://es.wikipedia.org/wiki/Campeonato_de_Primera_División_2017-18_(Argentina)
2017-11-28,17:00,Comunicaciones,Colegiales,0,1,,,Primera B,2017,zonas,,Fecha 15,Alfredo Ramos,false,https://es.wikipedia.org/wiki/Campeonato_de_Primera_B_2017-18_(Argentina)
2017-11-28,17:00,El Porvenir,Cañuelas,1,1,,,Primera C,2017,zonas,,Fecha 15,Gildo Francisco Ghersinich,false,https://es.wikipedia.org/wiki/Campeonato_de_Primera_C_2017-18_(Argentina)
2017-11-28,17:00,Rivadavia (L),Independiente (N),1,2,,,Torneo Federal A,2017,zonas,Zona 1,Fecha 15,El Coliseo,false,https://es.wikipedia.org/wiki/Torneo_Federal_A_2017-18
2017-11-28,17:00,Sansinena,Villa Mitre,1,1,,,Torneo Federal A,2017,zonas,Zona 1,Fecha 15,Luis Molina,false,https://es.wikipedia.org/wiki/Torneo_Federal_A_2017-18
2017-11-28,17:30,Huracán Las Heras,Gimnasia y Esgrima (M),2,2,,,Torneo Federal A,2017,zonas,Zona 2,Fecha 15,General San Martín,false,https://es.wikipedia.org/wiki/Torneo_Federal_A_2017-18
2017-11-28,21:00,Cipolletti,Alvarado,1,0,,,Torneo Federal A,2017,zonas,Zona 1,Fecha 15,La Visera de Cemento,false,https://es.wikipedia.org/wiki/Torneo_Federal_A_2017-18
2017-11-28,21:00,Ferro Carril Oeste (GP),Deportivo Roca,1,2,,,Torneo Federal A,2017,zonas,Zona 1,Fecha 15,El Coloso del Barrio Talleres,false,https://es.wikipedia.org/wiki/Torneo_Federal_A_2017-18
2017-11-28,21:00,Sarmiento (R),Crucero del Norte,1,1,,,Torneo Federal A,2017,zonas,Zona 4,Fecha 15,Centenario,false,https://es.wikipedia.org/wiki/Torneo_Federal_A_2017-18
2017-11-28,21:05,Platense,San Telmo,4,0,,,Primera B,2017,zonas,,Fecha 15,Ciudad de Vicente López,false,https://es.wikipedia.org/wiki/Campeonato_de_Primera_B_2017-18_(Argentina)
2017-11-28,21:30,Estudiantes (RC),San Lorenzo de Alem,5,1,,,Torneo Federal A,2017,zonas,Zona 2,Fecha 15,Ciudad de Río Cuarto Antonio Candini,false,https://es.wikipedia.org/wiki/Torneo_Federal_A_2017-18
2017-11-28,21:30,Juventud Unida Universitario,Deportivo Maipú,0,0,,,Torneo Federal A,2017,zonas,Zona 2,Fecha 15,Mario Sebastián Diez,false,https://es.wikipedia.org/wiki/Torneo_Federal_A_2017-18
2017-11-28,22:00,Altos Hornos Zapla,San Jorge (T),0,1,,,Torneo Federal A,2017,zonas,Zona 4,Fecha 15,Emilio Fabrizzi,false,https://es.wikipedia.org/wiki/Torneo_Federal_A_2017-18
2017-11-28,22:00,Gimnasia y Tiro (S),Juventud Antoniana,0,0,,,Torneo Federal A,2017,zonas,Zona 4,Fecha 15,El Gigante del Norte,false,https://es.wikipedia.org/wiki/Torneo_Federal_A_2017-18
2017-11-29,17:00,Fénix,Almirante Brown,3,1,,,Primera B,2017,zonas,,Fecha 15,Malvinas Argentinas,false,https://es.wikipedia.org/wiki/Campeonato_de_Primera_B_2017-18_(Argentina)
2017-11-29,17:00,Sacachispas,Estudiantes (BA),0,2,,,Primera B,2017,zonas,,Fecha 15,Beto Larrosa,false,https://es.wikipedia.org/wiki/Campeonato_de_Primera_B_2017-18_(Argentina)
2017-11-29,17:00,Sportivo Patria,Chaco For Ever,0,1,,,Torneo Federal A,2017,zonas,Zona 4,Fecha 15,Antonio Romero,false,https://es.wikipedia.org/wiki/Torneo_Federal_A_2017-18
2017-11-29,17:00,UAI Urquiza,Deportivo Español,1,2,,,Primera B,2017,zonas,,Fecha 15,Monumental de Villa Lynch,false,https://es.wikipedia.org/wiki/Campeonato_de_Primera_B_2017-18_(Argentina)
2017-11-29,17:00,Villa San Carlos,Atlanta,1,0,,,Primera B,2017,zonas,,Fecha 15,Genacio Sálice,false,https://es.wikipedia.org/wiki/Campeonato_de_Primera_B_2017-18_(Argentina)
2017-11-29,17:05,Defensores de Belgrano,Tristán Suárez,2,0,,,Primera B,2017,zonas,,Fecha 15,Juan Pasquale,false,https://es.wikipedia.org/wiki/Campeonato_de_Primera_B_2017-18_(Argentina)
2017-11-29,18:00,Unión Aconquija,Unión (VK),1,2,,,Torneo Federal A,2017,zonas,Zona 2,Fecha 15,Peñarol de Belén,false,https://es.wikipedia.org/wiki/Torneo_Federal_A_2017-18
2017-11-29,20:30,Atlético Paraná,Sportivo Las Parejas,1,0,,,Torneo Federal A,2017,zonas,Zona 3,Fecha 15,Pedro Mutio,false,https://es.wikipedia.org/wiki/Torneo_Federal_A_2017-18
2017-11-29,21:00,Defensores de Belgrano (VR),Central Córdoba (SdE),0,0,,,Torneo Federal A,2017,zonas,Zona 3,Fecha 15,Salomón Boeseldín,false,https://es.wikipedia.org/wiki/Torneo_Federal_A_2017-18
2017-11-29,21:00,Guaraní Antonio Franco,Deportivo Mandiyú,2,1,,,Torneo Federal A,2017,zonas,Zona 4,Fecha 15,Clemente A. Fernández de Oliveira,false,https://es.wikipedia.org/wiki/Torneo_Federal_A_2017-18
2017-11-29,21:00,Sportivo Belgrano,Libertad (S),3,0,,,Torneo Federal A,2017,zonas,Zona 3,Fecha 15,Oscar C. Boero,false,https://es.wikipedia.org/wiki/Torneo_Federal_A_2017-18
2017-11-29,21:20,Gimnasia y Esgrima (CdU),Defensores de Pronunciamiento,3,0,,,Torneo Federal A,2017,zonas,Zona 3,Fecha 15,Manuel y Ramón Núñez,false,https://es.wikipedia.org/wiki/Torneo_Federal_A_2017-18
2017-11-29,21:20,Unión (S),Douglas Haig,2,0,,,Torneo Federal A,2017,zonas,Zona 3,Fecha 15,De la Avenida,false,https://es.wikipedia.org/wiki/Torneo_Federal_A_2017-18
2017-11-29,21:45,Desamparados,Gutiérrez,0,1,,,Torneo Federal A,2017,zonas,Zona 2,Fecha 15,El Serpentario,false,https://es.wikipedia.org/wiki/Torneo_Federal_A_2017-18
2017-11-30,19:15,San Lorenzo,Atlético Tucumán,2,0,,,Primera Division,2017,zonas,,Fecha 12,Nuevo Gasómetro,false,https://es.wikipedia.org/wiki/Campeonato_de_Primera_División_2017-18_(Argentina)
2017-11-30,20:05,Acassuso,San Miguel,1,1,,,Primera B,2017,zonas,,Fecha 15,República de Italia,false,https://es.wikipedia.org/wiki/Campeonato_de_Primera_B_2017-18_(Argentina)
2017-12-01,17:00,Deportivo Armenio,Sportivo Italiano,0,0,,,Primera C,2017,zonas,,Fecha 16,Armenia,false,https://es.wikipedia.org/wiki/Campeonato_de_Primera_C_2017-18_(Argentina)
2017-12-01,17:00,Deportivo Laferrere,Defensores Unidos,2,0,,,Primera C,2017,zonas,,Fecha 16,Ciudad de Laferrere,false,https://es.wikipedia.org/wiki/Campeonato_de_Primera_C_2017-18_(Argentina)
2017-12-01,17:00,Dock Sud,Defensores de Cambaceres,0,0,,,Primera C,2017,zonas,,Fecha 16,De los Inmigrantes,false,https://es.wikipedia.org/wiki/Campeonato_de_Primera_C_2017-18_(Argentina)
2017-12-01,17:00,San Martín (B),Central Córdoba (R),1,2,,,Primera C,2017,zonas,,Fecha 16,Francisco Boga,false,https://es.wikipedia.org/wiki/Campeonato_de_Primera_C_2017-18_(Argentina)
2017-12-01,17:00,Unión,Belgrano,1,1,,,Primera Division,2017,zonas,,Fecha 11,15 de abril,false,https://es.wikipedia.org/wiki/Campeonato_de_Primera_División_2017-18_(Argentina)
2017-12-01,19:15,Defensa y Justicia,Godoy Cruz,3,2,,,Primera Division,2017,zonas,,Fecha 11,Norberto Tomaghello,false,https://es.wikipedia.org/wiki/Campeonato_de_Primera_División_2017-18_(Argentina)
2017-12-01,20:00,Ferro Carril Oeste,Aldosivi,0,2,,,Primera Nacional,2017,zonas,,Fecha 11,Arquitecto Ricardo Etcheverri,false,https://es.wikipedia.org/wiki/Campeonato_de_Primera_B_Nacional_2017-18
2017-12-01,20:30,Villa Mitre,Rivadavia (L),2,0,,,Torneo Federal A,2017,zonas,Zona 1,Fecha 16,El Fortín,false,https://es.wikipedia.org/wiki/Torneo_Federal_A_2017-18
2017-12-01,21:30,Huracán,Patronato,1,1,,,Primera Division,2017,zonas,,Fecha 11,Tomás A. Ducó,false,https://es.wikipedia.org/wiki/Campeonato_de_Primera_División_2017-18_(Argentina)
2017-12-02,17:00,Argentino de Quilmes,Sportivo Barracas,0,1,,,Primera C,2017,zonas,,Fecha 16,Argentino de Quilmes,false,https://es.wikipedia.org/wiki/Campeonato_de_Primera_C_2017-18_(Argentina)
2017-12-02,17:00,Argentinos Juniors,Temperley,2,2,,,Primera Division,2017,zonas,,Fecha 11,Diego Armando Maradona,false,https://es.wikipedia.org/wiki/Campeonato_de_Primera_División_2017-18_(Argentina)
2017-12-02,17:00,Brown de Adrogué,All Boys,3,0,,,Primera Nacional,2017,zonas,,Fecha 11,Lorenzo Arandilla,false,https://es.wikipedia.org/wiki/Campeonato_de_Primera_B_Nacional_2017-18
2017-12-02,17:00,Cañuelas,Berazategui,0,0,,,Primera C,2017,zonas,,Fecha 16,Jose Alfredo Arín,false,https://es.wikipedia.org/wiki/Campeonato_de_Primera_C_2017-18_(Argentina)
2017-12-02,17:00,Colegiales,San Telmo,0,1,,,Primera B,2017,zonas,,Fecha 16,Colegiales,false,https://es.wikipedia.org/wiki/Campeonato_de_Primera_B_2017-18_(Argentina)
2017-12-02,17:00,Deportivo Madryn,Cipolletti,1,0,,,Torneo Federal A,2017,zonas,Zona 1,Fecha 16,Abel Sastre,false,https://es.wikipedia.org/wiki/Torneo_Federal_A_2017-18
2017-12-02,17:00,Deportivo Mandiyú,Gimnasia y Tiro (S),1,2,,,Torneo Federal A,2017,zonas,Zona 4,Fecha 16,José Antonio Romero Feris,false,https://es.wikipedia.org/wiki/Torneo_Federal_A_2017-18
2017-12-02,17:00,Deportivo Merlo,Luján,0,1,,,Primera C,2017,zonas,,Fecha 16,José Manuel Moreno,false,https://es.wikipedia.org/wiki/Campeonato_de_Primera_C_2017-18_(Argentina)
2017-12-02,17:00,Excursionistas,El Porvenir,4,1,,,Primera C,2017,zonas,,Fecha 16,Excursionistas,false,https://es.wikipedia.org/wiki/Campeonato_de_Primera_C_2017-18_(Argentina)
2017-12-02,17:00,J. J. de Urquiza,Ituzaingó,2,2,,,Primera C,2017,zonas,,Fecha 16,Ramón Roque Martín,false,https://es.wikipedia.org/wiki/Campeonato_de_Primera_C_2017-18_(Argentina)
2017-12-02,17:00,Leandro N. Alem,Ferrocarril Midland,1,1,,,Primera C,2017,zonas,,Fecha 16,Leandro N. Alem,false,https://es.wikipedia.org/wiki/Campeonato_de_Primera_C_2017-18_(Argentina)
2017-12-02,17:00,Nueva Chicago,Gimnasia y Esgrima (J),1,1,,,Primera Nacional,2017,zonas,,Fecha 11,Nueva Chicago,false,https://es.wikipedia.org/wiki/Campeonato_de_Primera_B_Nacional_2017-18
2017-12-02,17:00,Olimpo,Chacarita Juniors,2,0,,,Primera Division,2017,zonas,,Fecha 11,Roberto N. Carminati,false,https://es.wikipedia.org/wiki/Campeonato_de_Primera_División_2017-18_(Argentina)
2017-12-02,17:00,San Jorge (T),Sarmiento (R),0,1,,,Torneo Federal A,2017,zonas,Zona 4,Fecha 16,Ángel Pascual Sáez,false,https://es.wikipedia.org/wiki/Torneo_Federal_A_2017-18
2017-12-02,17:05,Tristán Suárez,Sacachispas,2,0,,,Primera B,2017,zonas,,Fecha 16,20 de Octubre,false,https://es.wikipedia.org/wiki/Campeonato_de_Primera_B_2017-18_(Argentina)
2017-12-02,18:00,Independiente (N),Ferro Carril Oeste (GP),4,2,,,Torneo Federal A,2017,zonas,Zona 1,Fecha 16,La Nueva Caldera,false,https://es.wikipedia.org/wiki/Torneo_Federal_A_2017-18
2017-12-02,18:30,Chaco For Ever,Guaraní Antonio Franco,2,1,,,Torneo Federal A,2017,zonas,Zona 4,Fecha 16,Juan Alberto García,false,https://es.wikipedia.org/wiki/Torneo_Federal_A_2017-18
2017-12-02,19:00,Crucero del Norte,Sportivo Patria,4,2,,,Torneo Federal A,2017,zonas,Zona 4,Fecha 16,Comandante Andrés Guacurarí,false,https://es.wikipedia.org/wiki/Torneo_Federal_A_2017-18
2017-12-02,19:05,Instituto,Quilmes,1,0,,,Primera Nacional,2017,zonas,,Fecha 11,Juan Domingo Perón,false,https://es.wikipedia.org/wiki/Campeonato_de_Primera_B_Nacional_2017-18
2017-12-02,20:00,San Lorenzo de Alem,Unión Aconquija,2,2,,,Torneo Federal A,2017,zonas,Zona 2,Fecha 16,Malvinas Argentinas,false,https://es.wikipedia.org/wiki/Torneo_Federal_A_2017-18
2017-12-02,20:30,Alvarado,Sansinena,1,1,,,Torneo Federal A,2017,zonas,Zona 1,Fecha 16,José María Minella,false,https://es.wikipedia.org/wiki/Torneo_Federal_A_2017-18
2017-12-02,20:30,Juventud Antoniana,Altos Hornos Zapla,0,0,,,Torneo Federal A,2017,zonas,Zona 4,Fecha 16,Fray Honorato Pistoia,false,https://es.wikipedia.org/wiki/Torneo_Federal_A_2017-18
2017-12-02,21:00,Juventud Unida (G),Boca Unidos,2,0,,,Primera Nacional,2017,zonas,,Fecha 11,De los Eucaliptos,false,https://es.wikipedia.org/wiki/Campeonato_de_Primera_B_Nacional_2017-18
2017-12-02,21:30,Newell's Old Boys,Racing Club,2,2,,,Primera Division,2017,zonas,,Fecha 11,Marcelo Bielsa,false,https://es.wikipedia.org/wiki/Campeonato_de_Primera_División_2017-18_(Argentina)
2017-12-03,17:00,Almirante Brown,UAI Urquiza,0,1,,,Primera B,2017,zonas,,Fecha 16,Fragata Presidente Sarmiento,false,https://es.wikipedia.org/wiki/Campeonato_de_Primera_B_2017-18_(Argentina)
2017-12-03,17:00,Flandria,Deportivo Morón,2,2,,,Primera Nacional,2017,zonas,,Fecha 11,Carlos V,false,https://es.wikipedia.org/wiki/Campeonato_de_Primera_B_Nacional_2017-18
2017-12-03,17:00,Gimnasia y Esgrima (M),Juventud Unida Universitario,2,0,,,Torneo Federal A,2017,zonas,Zona 2,Fecha 16,Víctor Antonio Legrotaglie,false,https://es.wikipedia.org/wiki/Torneo_Federal_A_2017-18
2017-12-03,17:00,Guillermo Brown,Mitre (SdE),3,1,,,Primera Nacional,2017,zonas,,Fecha 11,Raul Conti,false,https://es.wikipedia.org/wiki/Campeonato_de_Primera_B_Nacional_2017-18
2017-12-03,17:00,Gutiérrez,Huracán Las Heras,0,1,,,Torneo Federal A,2017,zonas,Zona 2,Fecha 16,General Gutiérrez,false,https://es.wikipedia.org/wiki/Torneo_Federal_A_2017-18
2017-12-03,17:00,Sportivo Estudiantes (SL),Deportivo Riestra,3,2,,,Primera Nacional,2017,zonas,,Fecha 11,Héctor Odicino y Pedro Benoza,false,https://es.wikipedia.org/wiki/Campeonato_de_Primera_B_Nacional_2017-18
2017-12-03,17:00,Talleres (RdE),Platense,0,2,,,Primera B,2017,zonas,,Fecha 16,Talleres,false,https://es.wikipedia.org/wiki/Campeonato_de_Primera_B_2017-18_(Argentina)
2017-12-03,17:00,Tigre,San Lorenzo,1,2,,,Primera Division,2017,zonas,,Fecha 11,Monumental de Victoria,false,https://es.wikipedia.org/wiki/Campeonato_de_Primera_División_2017-18_(Argentina)
2017-12-03,17:30,Talleres (C),Estudiantes (LP),0,1,,,Primera Division,2017,zonas,,Fecha 11,Mario Alberto Kempes,false,https://es.wikipedia.org/wiki/Campeonato_de_Primera_División_2017-18_(Argentina)
2017-12-03,17:40,Unión (VK),Desamparados,1,1,,,Torneo Federal A,2017,zonas,Zona 2,Fecha 16,12 de Octubre,false,https://es.wikipedia.org/wiki/Torneo_Federal_A_2017-18
2017-12-03,18:00,Central Córdoba (SdE),Gimnasia y Esgrima (CdU),4,1,,,Torneo Federal A,2017,zonas,Zona 3,Fecha 16,Alfredo Terrera,false,https://es.wikipedia.org/wiki/Torneo_Federal_A_2017-18
2017-12-03,18:00,Defensores de Pronunciamiento,Atlético Paraná,1,0,,,Torneo Federal A,2017,zonas,Zona 3,Fecha 16,Delio Cardozo,false,https://es.wikipedia.org/wiki/Torneo_Federal_A_2017-18
2017-12-03,18:00,Libertad (S),Defensores de Belgrano (VR),3,1,,,Torneo Federal A,2017,zonas,Zona 3,Fecha 16,Dr. Plácido Tita,false,https://es.wikipedia.org/wiki/Torneo_Federal_A_2017-18
2017-12-03,18:00,San Martín (T),Villa Dálmine,1,1,,,Primera Nacional,2017,zonas,,Fecha 11,La Ciudadela,false,https://es.wikipedia.org/wiki/Campeonato_de_Primera_B_Nacional_2017-18
2017-12-03,18:05,Agropecuario,Atlético de Rafaela,1,3,,,Primera Nacional,2017,zonas,,Fecha 11,Ofelia Rosenzuaig,false,https://es.wikipedia.org/wiki/Campeonato_de_Primera_B_Nacional_2017-18
2017-12-03,19:30,Boca Juniors,Arsenal,2,0,,,Primera Division,2017,zonas,,Fecha 11,La Bombonera,false,https://es.wikipedia.org/wiki/Campeonato_de_Primera_División_2017-18_(Argentina)
2017-12-03,20:00,Deportivo Maipú,Estudiantes (RC),2,1,,,Torneo Federal A,2017,zonas,Zona 2,Fecha 16,Omar Higinio Sperdutti,false,https://es.wikipedia.org/wiki/Torneo_Federal_A_2017-18
2017-12-03,20:00,Douglas Haig,Sportivo Belgrano,4,1,,,Torneo Federal A,2017,zonas,Zona 3,Fecha 16,Miguel Morales,false,https://es.wikipedia.org/wiki/Torneo_Federal_A_2017-18
2017-12-03,20:00,Sportivo Las Parejas,Unión (S),2,2,,,Torneo Federal A,2017,zonas,Zona 3,Fecha 16,4 de Septiembre,false,https://es.wikipedia.org/wiki/Torneo_Federal_A_2017-18
2017-12-03,20:30,Atlanta,Comunicaciones,2,0,,,Primera B,2017,zonas,,Fecha 16,Don León Kolbowsky,false,https://es.wikipedia.org/wiki/Campeonato_de_Primera_B_2017-18_(Argentina)
2017-12-03,21:30,Gimnasia y Esgrima (LP),River Plate,2,1,,,Primera Division,2017,zonas,,Fecha 11,Del Bosque,false,https://es.wikipedia.org/wiki/Campeonato_de_Primera_División_2017-18_(Argentina)
2017-12-04,17:00,Barracas Central,Defensores de Belgrano,0,3,,,Primera B,2017,zonas,,Fecha 16,Claudio Chiqui Tapia,false,https://es.wikipedia.org/wiki/Campeonato_de_Primera_B_2017-18_(Argentina)
2017-12-04,17:00,Deportivo Español,Villa San Carlos,0,0,,,Primera B,2017,zonas,,Fecha 16,Nueva España,false,https://es.wikipedia.org/wiki/Campeonato_de_Primera_B_2017-18_(Argentina)
2017-12-04,17:00,Lanús,Vélez Sarsfield,0,0,,,Primera Division,2017,zonas,,Fecha 11,Ciudad de Lanús,false,https://es.wikipedia.org/wiki/Campeonato_de_Primera_División_2017-18_(Argentina)
2017-12-04,19:15,Atlético Tucumán,Colón,2,0,,,Primera Division,2017,zonas,,Fecha 11,Monumental José Fierro,false,https://es.wikipedia.org/wiki/Campeonato_de_Primera_División_2017-18_(Argentina)
2017-12-04,20:30,Ramón Santamarina,Los Andes,1,1,,,Primera Nacional,2017,zonas,,Fecha 11,Municipal General San Martín,false,https://es.wikipedia.org/wiki/Campeonato_de_Primera_B_Nacional_2017-18
2017-12-04,21:10,Almagro,Sarmiento (J),3,0,,,Primera Nacional,2017,zonas,,Fecha 11,Tres de Febrero,false,https://es.wikipedia.org/wiki/Campeonato_de_Primera_B_Nacional_2017-18
2017-12-04,21:30,San Martín (SJ),Banfield,2,1,,,Primera Division,2017,zonas,,Fecha 11,Ingeniero Hilario Sánchez,false,https://es.wikipedia.org/wiki/Campeonato_de_Primera_División_2017-18_(Argentina)
2017-12-05,17:00,Ferrocarril Midland,Dock Sud,1,2,,,Primera C,2017,zonas,,Fecha 17,Colegiales,false,https://es.wikipedia.org/wiki/Campeonato_de_Primera_C_2017-18_(Argentina)
2017-12-05,17:00,Ituzaingó,San Martín (B),1,3,,,Primera C,2017,zonas,,Fecha 17,Ituzaingó,false,https://es.wikipedia.org/wiki/Campeonato_de_Primera_C_2017-18_(Argentina)
2017-12-05,17:00,Luján,Deportivo Armenio,2,1,,,Primera C,2017,zonas,,Fecha 17,Municipal de la Ciudad de Luján,false,https://es.wikipedia.org/wiki/Campeonato_de_Primera_C_2017-18_(Argentina)
2017-12-05,17:00,San Miguel,Fénix,2,0,,,Primera B,2017,zonas,,Fecha 16,Malvinas Argentinas,false,https://es.wikipedia.org/wiki/Campeonato_de_Primera_B_2017-18_(Argentina)
2017-12-05,17:00,Sportivo Barracas,Cañuelas,2,2,,,Primera C,2017,zonas,,Fecha 17,Don León Kolbowsky,false,https://es.wikipedia.org/wiki/Campeonato_de_Primera_C_2017-18_(Argentina)
2017-12-05,17:00,Sportivo Italiano,J. J. de Urquiza,0,2,,,Primera C,2017,zonas,,Fecha 17,República de Italia,false,https://es.wikipedia.org/wiki/Campeonato_de_Primera_C_2017-18_(Argentina)
2017-12-05,21:05,Estudiantes (BA),Acassuso,0,0,,,Primera B,2017,zonas,,Fecha 16,Ciudad de Caseros,false,https://es.wikipedia.org/wiki/Campeonato_de_Primera_B_2017-18_(Argentina)
2017-12-06,17:00,Berazategui,Excursionistas,1,1,,,Primera C,2017,zonas,,Fecha 17,Norman Lee,false,https://es.wikipedia.org/wiki/Campeonato_de_Primera_C_2017-18_(Argentina)
2017-12-06,17:00,Central Córdoba (R),Deportivo Laferrere,1,0,,,Primera C,2017,zonas,,Fecha 17,Gabino Sosa,false,https://es.wikipedia.org/wiki/Campeonato_de_Primera_C_2017-18_(Argentina)
2017-12-06,17:00,Defensores Unidos,Leandro N. Alem,1,2,,,Primera C,2017,zonas,,Fecha 17,Gigante de Villa Fox,false,https://es.wikipedia.org/wiki/Campeonato_de_Primera_C_2017-18_(Argentina)
2017-12-06,17:00,Defensores de Cambaceres,Argentino de Quilmes,0,1,,,Primera C,2017,zonas,,Fecha 17,12 de Octubre,false,https://es.wikipedia.org/wiki/Campeonato_de_Primera_C_2017-18_(Argentina)
2017-12-06,17:00,El Porvenir,Deportivo Merlo,2,3,,,Primera C,2017,zonas,,Fecha 17,Gildo Francisco Ghersinich,false,https://es.wikipedia.org/wiki/Campeonato_de_Primera_C_2017-18_(Argentina)
2017-12-06,17:00,Rivadavia (L),Alvarado,0,1,,,Torneo Federal A,2017,zonas,Zona 1,Fecha 17,El Coliseo,false,https://es.wikipedia.org/wiki/Torneo_Federal_A_2017-18
2017-12-06,17:00,Sansinena,Deportivo Madryn,3,0,,,Torneo Federal A,2017,zonas,Zona 1,Fecha 17,Luis Molina,false,https://es.wikipedia.org/wiki/Torneo_Federal_A_2017-18
2017-12-06,17:00,Sportivo Patria,Guaraní Antonio Franco,2,1,,,Torneo Federal A,2017,zonas,Zona 4,Fecha 17,Antonio Romero,false,https://es.wikipedia.org/wiki/Torneo_Federal_A_2017-18
2017-12-06,17:30,Huracán Las Heras,Unión (VK),1,0,,,Torneo Federal A,2017,zonas,Zona 2,Fecha 17,General San Martín,false,https://es.wikipedia.org/wiki/Torneo_Federal_A_2017-18
2017-12-06,18:00,Unión Aconquija,Deportivo Maipú,1,1,,,Torneo Federal A,2017,zonas,Zona 2,Fecha 17,Peñarol de Belén,false,https://es.wikipedia.org/wiki/Torneo_Federal_A_2017-18
2017-12-06,21:00,Crucero del Norte,San Jorge (T),1,2,,,Torneo Federal A,2017,zonas,Zona 4,Fecha 17,Comandante Andrés Guacurarí,false,https://es.wikipedia.org/wiki/Torneo_Federal_A_2017-18
2017-12-06,21:00,Ferro Carril Oeste (GP),Villa Mitre,0,1,,,Torneo Federal A,2017,zonas,Zona 1,Fecha 17,El Coloso del Barrio Talleres,false,https://es.wikipedia.org/wiki/Torneo_Federal_A_2017-18
2017-12-06,21:30,Deportivo Roca,Independiente (N),4,0,,,Torneo Federal A,2017,zonas,Zona 1,Fecha 17,Luis Maiolino,false,https://es.wikipedia.org/wiki/Torneo_Federal_A_2017-18
2017-12-06,21:30,Gimnasia y Esgrima (M),Gutiérrez,0,0,,,Torneo Federal A,2017,zonas,Zona 2,Fecha 17,Víctor Antonio Legrotaglie,false,https://es.wikipedia.org/wiki/Torneo_Federal_A_2017-18
2017-12-06,21:30,Gimnasia y Tiro (S),Chaco For Ever,1,3,,,Torneo Federal A,2017,zonas,Zona 4,Fecha 17,El Gigante del Norte,false,https://es.wikipedia.org/wiki/Torneo_Federal_A_2017-18
2017-12-06,21:30,Juventud Unida Universitario,Estudiantes (RC),0,1,,,Torneo Federal A,2017,zonas,Zona 2,Fecha 17,Mario Sebastián Diez,false,https://es.wikipedia.org/wiki/Torneo_Federal_A_2017-18
2017-12-06,21:30,Sarmiento (R),Juventud Antoniana,2,0,,,Torneo Federal A,2017,zonas,Zona 4,Fecha 17,Centenario,false,https://es.wikipedia.org/wiki/Torneo_Federal_A_2017-18
2017-12-06,21:45,Desamparados,San Lorenzo de Alem,2,0,,,Torneo Federal A,2017,zonas,Zona 2,Fecha 17,El Serpentario,false,https://es.wikipedia.org/wiki/Torneo_Federal_A_2017-18
2017-12-06,22:00,Altos Hornos Zapla,Deportivo Mandiyú,2,1,,,Torneo Federal A,2017,zonas,Zona 4,Fecha 17,Emilio Fabrizzi,false,https://es.wikipedia.org/wiki/Torneo_Federal_A_2017-18
2017-12-07,20:05,Talleres (RdE),Atlanta,1,0,,,Primera B,2017,zonas,,Fecha 9,Talleres,false,https://es.wikipedia.org/wiki/Campeonato_de_Primera_B_2017-18_(Argentina)
2017-12-07,20:30,Atlético Paraná,Central Córdoba (SdE),1,1,,,Torneo Federal A,2017,zonas,Zona 3,Fecha 17,Pedro Mutio,false,https://es.wikipedia.org/wiki/Torneo_Federal_A_2017-18
2017-12-07,21:00,Douglas Haig,Sportivo Las Parejas,2,2,,,Torneo Federal A,2017,zonas,Zona 3,Fecha 17,Miguel Morales,false,https://es.wikipedia.org/wiki/Torneo_Federal_A_2017-18
2017-12-07,21:00,Gimnasia y Esgrima (CdU),Libertad (S),3,1,,,Torneo Federal A,2017,zonas,Zona 3,Fecha 17,Manuel y Ramón Núñez,false,https://es.wikipedia.org/wiki/Torneo_Federal_A_2017-18
2017-12-07,21:00,Sportivo Belgrano,Defensores de Belgrano (VR),0,0,,,Torneo Federal A,2017,zonas,Zona 3,Fecha 17,Oscar C. Boero,false,https://es.wikipedia.org/wiki/Torneo_Federal_A_2017-18
2017-12-07,21:00,Unión (S),Defensores de Pronunciamiento,2,1,,,Torneo Federal A,2017,zonas,Zona 3,Fecha 17,De la Avenida,false,https://es.wikipedia.org/wiki/Torneo_Federal_A_2017-18
2017-12-08,17:00,Temperley,Tigre,2,1,,,Primera Division,2017,zonas,,Fecha 12,Alfredo Beranger,false,https://es.wikipedia.org/wiki/Campeonato_de_Primera_División_2017-18_(Argentina)
2017-12-08,17:00,Villa San Carlos,Almirante Brown,1,0,,,Primera B,2017,zonas,,Fecha 17,Genacio Sálice,false,https://es.wikipedia.org/wiki/Campeonato_de_Primera_B_2017-18_(Argentina)
2017-12-08,19:15,Patronato,Olimpo,1,0,,,Primera Division,2017,zonas,,Fecha 12,Presbítero Bartolomé Grella,false,https://es.wikipedia.org/wiki/Campeonato_de_Primera_División_2017-18_(Argentina)
2017-12-08,20:05,Quilmes,Juventud Unida (G),0,0,,,Primera Nacional,2017,zonas,,Fecha 12,Centenario,false,https://es.wikipedia.org/wiki/Campeonato_de_Primera_B_Nacional_2017-18
2017-12-08,21:30,Belgrano,Huracán,1,0,,,Primera Division,2017,zonas,,Fecha 12,Gigante de Alberdi,false,https://es.wikipedia.org/wiki/Campeonato_de_Primera_División_2017-18_(Argentina)
2017-12-09,,River Plate,Atlético Tucumán,2,1,,,Copa Argentina,2017,eliminacion,,Final,Malvinas Argentinas,true,https://es.wikipedia.org/wiki/Copa_Argentina_2016-17
2017-12-09,17:00,Acassuso,Tristán Suárez,3,1,,,Primera B,2017,zonas,,Fecha 17,República de Italia,false,https://es.wikipedia.org/wiki/Campeonato_de_Primera_B_2017-18_(Argentina)
2017-12-09,17:00,Aldosivi,Independiente Rivadavia,0,0,,,Primera Nacional,2017,zonas,,Fecha 12,José María Minella,false,https://es.wikipedia.org/wiki/Campeonato_de_Primera_B_Nacional_2017-18
2017-12-09,17:00,Banfield,Argentinos Juniors,2,3,,,Primera Division,2017,zonas,,Fecha 12,Florencio Sola,false,https://es.wikipedia.org/wiki/Campeonato_de_Primera_División_2017-18_(Argentina)
2017-12-09,17:00,Deportivo Armenio,El Porvenir,0,0,,,Primera C,2017,zonas,,Fecha 18,Armenia,false,https://es.wikipedia.org/wiki/Campeonato_de_Primera_C_2017-18_(Argentina)
2017-12-09,17:00,Deportivo Merlo,Berazategui,0,0,,,Primera C,2017,zonas,,Fecha 18,José Manuel Moreno,false,https://es.wikipedia.org/wiki/Campeonato_de_Primera_C_2017-18_(Argentina)
2017-12-09,17:00,UAI Urquiza,San Miguel,2,1,,,Primera B,2017,zonas,,Fecha 17,Monumental de Villa Lynch,false,https://es.wikipedia.org/wiki/Campeonato_de_Primera_B_2017-18_(Argentina)
2017-12-09,21:30,Arsenal,Independiente,1,2,,,Primera Division,2017,zonas,,Fecha 12,El Viaducto,false,https://es.wikipedia.org/wiki/Campeonato_de_Primera_División_2017-18_(Argentina)
2017-12-10,17:00,Deportivo Madryn,Rivadavia (L),1,1,,,Torneo Federal A,2017,zonas,Zona 1,Fecha 18,Abel Sastre,false,https://es.wikipedia.org/wiki/Torneo_Federal_A_2017-18
2017-12-10,17:00,Deportivo Morón,Guillermo Brown,1,0,,,Primera Nacional,2017,zonas,,Fecha 12,Nuevo Francisco Urbano,false,https://es.wikipedia.org/wiki/Campeonato_de_Primera_B_Nacional_2017-18
2017-12-10,17:00,Estudiantes (RC),Unión Aconquija,1,0,,,Torneo Federal A,2017,zonas,Zona 2,Fecha 18,Ciudad de Río Cuarto Antonio Candini,false,https://es.wikipedia.org/wiki/Torneo_Federal_A_2017-18
2017-12-10,17:00,Gimnasia y Esgrima (J),San Martín (T),0,0,,,Primera Nacional,2017,zonas,,Fecha 12,23 de Agosto,false,https://es.wikipedia.org/wiki/Campeonato_de_Primera_B_Nacional_2017-18
2017-12-10,17:00,Gutiérrez,Juventud Unida Universitario,0,1,,,Torneo Federal A,2017,zonas,Zona 2,Fecha 18,General Gutiérrez,false,https://es.wikipedia.org/wiki/Torneo_Federal_A_2017-18
2017-12-10,17:00,J. J. de Urquiza,Luján,3,1,,,Primera C,2017,zonas,,Fecha 18,Ramón Roque Martín,false,https://es.wikipedia.org/wiki/Campeonato_de_Primera_C_2017-18_(Argentina)
2017-12-10,17:00,Los Andes,Nueva Chicago,0,0,,,Primera Nacional,2017,zonas,,Fecha 12,Eduardo Gallardón,false,https://es.wikipedia.org/wiki/Campeonato_de_Primera_B_Nacional_2017-18
2017-12-10,17:00,Rosario Central,Newell's Old Boys,1,0,,,Primera Division,2017,zonas,,Fecha 12,Gigante de Arroyito,false,https://es.wikipedia.org/wiki/Campeonato_de_Primera_División_2017-18_(Argentina)
2017-12-10,17:00,San Jorge (T),Sportivo Patria,1,0,,,Torneo Federal A,2017,zonas,Zona 4,Fecha 18,Ángel Pascual Sáez,false,https://es.wikipedia.org/wiki/Torneo_Federal_A_2017-18
2017-12-10,17:00,Unión (VK),Gimnasia y Esgrima (M),2,3,,,Torneo Federal A,2017,zonas,Zona 2,Fecha 18,12 de Octubre,false,https://es.wikipedia.org/wiki/Torneo_Federal_A_2017-18
2017-12-10,17:05,Boca Unidos,Agropecuario,1,4,,,Primera Nacional,2017,zonas,,Fecha 12,Leoncio Benítez,false,https://es.wikipedia.org/wiki/Campeonato_de_Primera_B_Nacional_2017-18
2017-12-10,17:05,Fénix,Estudiantes (BA),0,1,,,Primera B,2017,zonas,,Fecha 17,Malvinas Argentinas,false,https://es.wikipedia.org/wiki/Campeonato_de_Primera_B_2017-18_(Argentina)
2017-12-10,18:00,Chaco For Ever,Altos Hornos Zapla,3,0,,,Torneo Federal A,2017,zonas,Zona 4,Fecha 18,Juan Alberto García,false,https://es.wikipedia.org/wiki/Torneo_Federal_A_2017-18
2017-12-10,18:00,Guaraní Antonio Franco,Gimnasia y Tiro (S),1,3,,,Torneo Federal A,2017,zonas,Zona 4,Fecha 18,Clemente A. Fernández de Oliveira,false,https://es.wikipedia.org/wiki/Torneo_Federal_A_2017-18
2017-12-10,18:00,Juventud Antoniana,Crucero del Norte,1,1,,,Torneo Federal A,2017,zonas,Zona 4,Fecha 18,Fray Honorato Pistoia,false,https://es.wikipedia.org/wiki/Torneo_Federal_A_2017-18
2017-12-10,18:00,San Lorenzo de Alem,Huracán Las Heras,0,1,,,Torneo Federal A,2017,zonas,Zona 2,Fecha 18,Malvinas Argentinas,false,https://es.wikipedia.org/wiki/Torneo_Federal_A_2017-18
2017-12-10,19:15,Colón,Talleres (C),0,2,,,Primera Division,2017,zonas,,Fecha 12,Brigadier Estanislao López,false,https://es.wikipedia.org/wiki/Campeonato_de_Primera_División_2017-18_(Argentina)
2017-12-10,19:15,Racing Club,Gimnasia y Esgrima (LP),3,1,,,Primera Division,2017,zonas,,Fecha 12,El Cilindro,false,https://es.wikipedia.org/wiki/Campeonato_de_Primera_División_2017-18_(Argentina)
2017-12-10,19:30,Villa Dálmine,Almagro,0,0,,,Primera Nacional,2017,zonas,,Fecha 12,El Coliseo de Mitre y Puccini,false,https://es.wikipedia.org/wiki/Campeonato_de_Primera_B_Nacional_2017-18
2017-12-10,20:00,Alvarado,Ferro Carril Oeste (GP),1,0,,,Torneo Federal A,2017,zonas,Zona 1,Fecha 18,José María Minella,false,https://es.wikipedia.org/wiki/Torneo_Federal_A_2017-18
2017-12-10,20:00,Atlético de Rafaela,Flandria,4,1,,,Primera Nacional,2017,zonas,,Fecha 12,Nuevo Monumental,false,https://es.wikipedia.org/wiki/Campeonato_de_Primera_B_Nacional_2017-18
2017-12-10,20:00,Cipolletti,Sansinena,3,0,,,Torneo Federal A,2017,zonas,Zona 1,Fecha 18,La Visera de Cemento,false,https://es.wikipedia.org/wiki/Torneo_Federal_A_2017-18
2017-12-10,20:00,Deportivo Maipú,Desamparados,2,1,,,Torneo Federal A,2017,zonas,Zona 2,Fecha 18,Omar Higinio Sperdutti,false,https://es.wikipedia.org/wiki/Torneo_Federal_A_2017-18
2017-12-10,20:00,Villa Mitre,Deportivo Roca,1,2,,,Torneo Federal A,2017,zonas,Zona 1,Fecha 18,El Fortín,false,https://es.wikipedia.org/wiki/Torneo_Federal_A_2017-18
2017-12-10,21:00,Mitre (SdE),Brown de Adrogué,1,0,,,Primera Nacional,2017,zonas,,Fecha 12,Dres. José y Antonio Castiglione,false,https://es.wikipedia.org/wiki/Campeonato_de_Primera_B_Nacional_2017-18
2017-12-10,21:30,Estudiantes (LP),Boca Juniors,0,1,,,Primera Division,2017,zonas,,Fecha 12,Centenario,false,https://es.wikipedia.org/wiki/Campeonato_de_Primera_División_2017-18_(Argentina)
2017-12-11,17:00,Argentino de Quilmes,Ferrocarril Midland,1,1,,,Primera C,2017,zonas,,Fecha 18,Argentino de Quilmes,false,https://es.wikipedia.org/wiki/Campeonato_de_Primera_C_2017-18_(Argentina)
2017-12-11,17:00,Defensores de Cambaceres,Sportivo Barracas,4,0,,,Primera C,2017,zonas,,Fecha 18,12 de Octubre,false,https://es.wikipedia.org/wiki/Campeonato_de_Primera_C_2017-18_(Argentina)
2017-12-11,17:00,Deportivo Laferrere,Ituzaingó,2,3,,,Primera C,2017,zonas,,Fecha 18,Ciudad de Laferrere,false,https://es.wikipedia.org/wiki/Campeonato_de_Primera_C_2017-18_(Argentina)
2017-12-11,17:00,Deportivo Mandiyú,Sarmiento (R),2,0,,,Torneo Federal A,2017,zonas,Zona 4,Fecha 18,José Antonio Romero Feris,false,https://es.wikipedia.org/wiki/Torneo_Federal_A_2017-18
2017-12-11,17:00,Deportivo Riestra,Ramón Santamarina,1,0,,,Primera Nacional,2017,zonas,,Fecha 12,Eduardo Gallardón,false,https://es.wikipedia.org/wiki/Campeonato_de_Primera_B_Nacional_2017-18
2017-12-11,17:00,Leandro N. Alem,Central Córdoba (R),0,0,,,Primera C,2017,zonas,,Fecha 18,Leandro N. Alem,false,https://es.wikipedia.org/wiki/Campeonato_de_Primera_C_2017-18_(Argentina)
2017-12-11,17:00,San Telmo,Atlanta,1,2,,,Primera B,2017,zonas,,Fecha 17,Dr. Osvaldo Baletto,false,https://es.wikipedia.org/wiki/Campeonato_de_Primera_B_2017-18_(Argentina)
2017-12-11,18:00,Libertad (S),Atlético Paraná,0,1,,,Torneo Federal A,2017,zonas,Zona 3,Fecha 18,Dr. Plácido Tita,false,https://es.wikipedia.org/wiki/Torneo_Federal_A_2017-18
2017-12-11,19:15,San Martín (SJ),Defensa y Justicia,1,0,,,Primera Division,2017,zonas,,Fecha 12,Ingeniero Hilario Sánchez,false,https://es.wikipedia.org/wiki/Campeonato_de_Primera_División_2017-18_(Argentina)
2017-12-11,20:00,Central Córdoba (SdE),Unión (S),1,2,,,Torneo Federal A,2017,zonas,Zona 3,Fecha 18,Alfredo Terrera,false,https://es.wikipedia.org/wiki/Torneo_Federal_A_2017-18
2017-12-11,20:00,Defensores de Belgrano (VR),Gimnasia y Esgrima (CdU),2,2,,,Torneo Federal A,2017,zonas,Zona 3,Fecha 18,Salomón Boeseldín,false,https://es.wikipedia.org/wiki/Torneo_Federal_A_2017-18
2017-12-11,20:00,Defensores de Pronunciamiento,Douglas Haig,1,1,,,Torneo Federal A,2017,zonas,Zona 3,Fecha 18,Delio Cardozo,false,https://es.wikipedia.org/wiki/Torneo_Federal_A_2017-18
2017-12-11,20:00,Sportivo Las Parejas,Sportivo Belgrano,2,0,,,Torneo Federal A,2017,zonas,Zona 3,Fecha 18,4 de Septiembre,false,https://es.wikipedia.org/wiki/Torneo_Federal_A_2017-18
2017-12-11,21:05,Sarmiento (J),Instituto,3,0,,,Primera Nacional,2017,zonas,,Fecha 12,Eva Perón,false,https://es.wikipedia.org/wiki/Campeonato_de_Primera_B_Nacional_2017-18
2017-12-11,21:30,Chacarita Juniors,Lanús,3,0,,,Primera Division,2017,zonas,,Fecha 12,Chacarita Juniors,false,https://es.wikipedia.org/wiki/Campeonato_de_Primera_División_2017-18_(Argentina)
2017-12-12,17:00,Dock Sud,Defensores Unidos,2,0,,,Primera C,2017,zonas,,Fecha 18,De los Inmigrantes,false,https://es.wikipedia.org/wiki/Campeonato_de_Primera_C_2017-18_(Argentina)
2017-12-12,17:00,San Martín (B),Sportivo Italiano,1,0,,,Primera C,2017,zonas,,Fecha 18,Francisco Boga,false,https://es.wikipedia.org/wiki/Campeonato_de_Primera_C_2017-18_(Argentina)
2017-12-12,21:05,Platense,Colegiales,3,1,,,Primera B,2017,zonas,,Fecha 17,Ciudad de Vicente López,false,https://es.wikipedia.org/wiki/Campeonato_de_Primera_B_2017-18_(Argentina)
2018-01-17,18:00,Chaco For Ever,Crucero del Norte,0,0,,,Torneo Federal A,2017,zonas,Zona 4,Fecha 11,Juan Alberto García,false,https://es.wikipedia.org/wiki/Torneo_Federal_A_2017-18
2018-01-24,21:10,Independiente,Rosario Central,1,1,,,Primera Division,2017,zonas,,Fecha 11,Libertadores de América,false,https://es.wikipedia.org/wiki/Campeonato_de_Primera_División_2017-18_(Argentina)
2018-01-25,17:05,Talleres (RdE),Barracas Central,2,0,,,Primera B,2017,zonas,,Fecha 15,Talleres,false,https://es.wikipedia.org/wiki/Campeonato_de_Primera_B_2017-18_(Argentina)
2018-01-26,17:00,Ituzaingó,Leandro N. Alem,0,1,,,Primera C,2017,zonas,,Fecha 19,Ituzaingó,false,https://es.wikipedia.org/wiki/Campeonato_de_Primera_C_2017-18_(Argentina)
2018-01-26,19:00,Godoy Cruz,Chacarita Juniors,1,0,,,Primera Division,2017,zonas,,Fecha 13,Malvinas Argentinas,false,https://es.wikipedia.org/wiki/Campeonato_de_Primera_División_2017-18_(Argentina)
2018-01-26,19:00,Tigre,Banfield,1,2,,,Primera Division,2017,zonas,,Fecha 13,Monumental de Victoria,false,https://es.wikipedia.org/wiki/Campeonato_de_Primera_División_2017-18_(Argentina)
2018-01-26,21:15,Talleres (C),San Lorenzo,2,0,,,Primera Division,2017,zonas,,Fecha 13,Mario Alberto Kempes,false,https://es.wikipedia.org/wiki/Campeonato_de_Primera_División_2017-18_(Argentina)
2018-01-27,17:00,Cañuelas,Deportivo Merlo,0,1,,,Primera C,2017,zonas,,Fecha 19,Jose Alfredo Arín,false,https://es.wikipedia.org/wiki/Campeonato_de_Primera_C_2017-18_(Argentina)
2018-01-27,17:00,Colegiales,Atlanta,3,3,,,Primera B,2017,zonas,,Fecha 18,Colegiales,false,https://es.wikipedia.org/wiki/Campeonato_de_Primera_B_2017-18_(Argentina)
2018-01-27,17:00,Defensa y Justicia,Vélez Sarsfield,0,1,,,Primera Division,2017,zonas,,Fecha 13,Norberto Tomaghello,false,https://es.wikipedia.org/wiki/Campeonato_de_Primera_División_2017-18_(Argentina)
2018-01-27,17:00,Ferrocarril Midland,Defensores de Cambaceres,3,1,,,Primera C,2017,zonas,,Fecha 19,Ciudad de Libertad,false,https://es.wikipedia.org/wiki/Campeonato_de_Primera_C_2017-18_(Argentina)
2018-01-27,17:00,Fénix,Tristán Suárez,3,2,,,Primera B,2017,zonas,,Fecha 18,Malvinas Argentinas,false,https://es.wikipedia.org/wiki/Campeonato_de_Primera_B_2017-18_(Argentina)
2018-01-27,17:00,Newell's Old Boys,Arsenal,2,1,,,Primera Division,2017,zonas,,Fecha 13,Marcelo Bielsa,false,https://es.wikipedia.org/wiki/Campeonato_de_Primera_División_2017-18_(Argentina)
2018-01-27,17:05,Comunicaciones,Almirante Brown,1,2,,,Primera B,2017,zonas,,Fecha 18,Alfredo Ramos,false,https://es.wikipedia.org/wiki/Campeonato_de_Primera_B_2017-18_(Argentina)
2018-01-27,17:05,UAI Urquiza,Estudiantes (BA),0,0,,,Primera B,2017,zonas,,Fecha 18,Monumental de Villa Lynch,false,https://es.wikipedia.org/wiki/Campeonato_de_Primera_B_2017-18_(Argentina)
2018-01-27,19:15,Lanús,Patronato,1,1,,,Primera Division,2017,zonas,,Fecha 13,Ciudad de Lanús,false,https://es.wikipedia.org/wiki/Campeonato_de_Primera_División_2017-18_(Argentina)
2018-01-27,21:30,Boca Juniors,Colón,2,0,,,Primera Division,2017,zonas,,Fecha 13,La Bombonera,false,https://es.wikipedia.org/wiki/Campeonato_de_Primera_División_2017-18_(Argentina)
2018-01-28,17:00,Argentinos Juniors,San Martín (SJ),2,0,,,Primera Division,2017,zonas,,Fecha 13,Diego Armando Maradona,false,https://es.wikipedia.org/wiki/Campeonato_de_Primera_División_2017-18_(Argentina)
2018-01-28,17:00,Berazategui,Deportivo Armenio,1,0,,,Primera C,2017,zonas,,Fecha 19,Norman Lee,false,https://es.wikipedia.org/wiki/Campeonato_de_Primera_C_2017-18_(Argentina)
2018-01-28,17:00,Central Córdoba (R),Dock Sud,2,1,,,Primera C,2017,zonas,,Fecha 19,Gabino Sosa,false,https://es.wikipedia.org/wiki/Campeonato_de_Primera_C_2017-18_(Argentina)
2018-01-28,17:00,Defensores Unidos,Argentino de Quilmes,1,0,,,Primera C,2017,zonas,,Fecha 19,Gigante de Villa Fox,false,https://es.wikipedia.org/wiki/Campeonato_de_Primera_C_2017-18_(Argentina)
2018-01-28,17:00,El Porvenir,J. J. de Urquiza,1,1,,,Primera C,2017,zonas,,Fecha 19,Gildo Francisco Ghersinich,false,https://es.wikipedia.org/wiki/Campeonato_de_Primera_C_2017-18_(Argentina)
2018-01-28,17:00,Luján,San Martín (B),4,0,,,Primera C,2017,zonas,,Fecha 19,Municipal de la Ciudad de Luján,false,https://es.wikipedia.org/wiki/Campeonato_de_Primera_C_2017-18_(Argentina)
2018-01-28,17:00,Olimpo,Belgrano,1,2,,,Primera Division,2017,zonas,,Fecha 13,Roberto N. Carminati,false,https://es.wikipedia.org/wiki/Campeonato_de_Primera_División_2017-18_(Argentina)
2018-01-28,17:00,San Telmo,Deportivo Español,2,1,,,Primera B,2017,zonas,,Fecha 18,Monumental de Villa Lynch,false,https://es.wikipedia.org/wiki/Campeonato_de_Primera_B_2017-18_(Argentina)
2018-01-28,17:00,Sportivo Italiano,Deportivo Laferrere,2,2,,,Primera C,2017,zonas,,Fecha 19,República de Italia,false,https://es.wikipedia.org/wiki/Campeonato_de_Primera_C_2017-18_(Argentina)
2018-01-28,17:05,Villa San Carlos,San Miguel,2,2,,,Primera B,2017,zonas,,Fecha 18,Genacio Sálice,false,https://es.wikipedia.org/wiki/Campeonato_de_Primera_B_2017-18_(Argentina)
2018-01-28,19:15,Huracán,River Plate,1,0,,,Primera Division,2017,zonas,,Fecha 13,Tomás A. Ducó,false,https://es.wikipedia.org/wiki/Campeonato_de_Primera_División_2017-18_(Argentina)
2018-01-28,21:30,Unión,Racing Club,2,1,,,Primera Division,2017,zonas,,Fecha 13,15 de abril,false,https://es.wikipedia.org/wiki/Campeonato_de_Primera_División_2017-18_(Argentina)
2018-01-29,17:00,Sacachispas,Talleres (RdE),1,0,,,Primera B,2017,zonas,,Fecha 18,Beto Larrosa,false,https://es.wikipedia.org/wiki/Campeonato_de_Primera_B_2017-18_(Argentina)
2018-01-29,17:00,Sportivo Barracas,Excursionistas,2,0,,,Primera C,2017,zonas,,Fecha 19,Don León Kolbowsky,false,https://es.wikipedia.org/wiki/Campeonato_de_Primera_C_2017-18_(Argentina)
2018-01-29,19:00,Atlético Tucumán,Temperley,3,0,,,Primera Division,2017,zonas,,Fecha 13,Monumental José Fierro,false,https://es.wikipedia.org/wiki/Campeonato_de_Primera_División_2017-18_(Argentina)
2018-01-29,19:00,Gimnasia y Esgrima (LP),Rosario Central,2,1,,,Primera Division,2017,zonas,,Fecha 13,Del Bosque,false,https://es.wikipedia.org/wiki/Campeonato_de_Primera_División_2017-18_(Argentina)
2018-01-29,21:05,Acassuso,Barracas Central,1,1,,,Primera B,2017,zonas,,Fecha 18,República de Italia,false,https://es.wikipedia.org/wiki/Campeonato_de_Primera_B_2017-18_(Argentina)
2018-01-29,21:15,Independiente,Estudiantes (LP),1,2,,,Primera Division,2017,zonas,,Fecha 13,Libertadores de América,false,https://es.wikipedia.org/wiki/Campeonato_de_Primera_División_2017-18_(Argentina)
2018-01-30,21:05,Defensores de Belgrano,Platense,0,1,,,Primera B,2017,zonas,,Fecha 18,Juan Pasquale,false,https://es.wikipedia.org/wiki/Campeonato_de_Primera_B_2017-18_(Argentina)
2018-02-01,17:00,Excursionistas,Cañuelas,1,1,,,Primera C,2017,zonas,,Fecha 18,Excursionistas,false,https://es.wikipedia.org/wiki/Campeonato_de_Primera_C_2017-18_(Argentina)
2018-02-02,17:00,El Porvenir,San Martín (B),2,1,,,Primera C,2017,zonas,,Fecha 20,Gildo Francisco Ghersinich,false,https://es.wikipedia.org/wiki/Campeonato_de_Primera_C_2017-18_(Argentina)
2018-02-02,17:00,Estudiantes (BA),Villa San Carlos,1,1,,,Primera B,2017,zonas,,Fecha 19,Ciudad de Caseros,false,https://es.wikipedia.org/wiki/Campeonato_de_Primera_B_2017-18_(Argentina)
2018-02-02,17:00,Ferrocarril Midland,Sportivo Barracas,1,1,,,Primera C,2017,zonas,,Fecha 20,Ciudad de Libertad,false,https://es.wikipedia.org/wiki/Campeonato_de_Primera_C_2017-18_(Argentina)
2018-02-02,17:00,San Miguel,Comunicaciones,0,3,,,Primera B,2017,zonas,,Fecha 19,Malvinas Argentinas,false,https://es.wikipedia.org/wiki/Campeonato_de_Primera_B_2017-18_(Argentina)
2018-02-02,17:00,Tristán Suárez,UAI Urquiza,2,0,,,Primera B,2017,zonas,,Fecha 19,20 de Octubre,false,https://es.wikipedia.org/wiki/Campeonato_de_Primera_B_2017-18_(Argentina)
2018-02-02,19:00,Argentinos Juniors,Defensa y Justicia,2,1,,,Primera Division,2017,zonas,,Fecha 14,Diego Armando Maradona,false,https://es.wikipedia.org/wiki/Campeonato_de_Primera_División_2017-18_(Argentina)
2018-02-02,19:00,Patronato,Godoy Cruz,0,0,,,Primera Division,2017,zonas,,Fecha 14,Presbítero Bartolomé Grella,false,https://es.wikipedia.org/wiki/Campeonato_de_Primera_División_2017-18_(Argentina)
2018-02-02,20:00,Ferro Carril Oeste,Mitre (SdE),0,0,,,Primera Nacional,2017,zonas,,Fecha 13,Arquitecto Ricardo Etcheverri,false,https://es.wikipedia.org/wiki/Campeonato_de_Primera_B_Nacional_2017-18
2018-02-02,20:15,Talleres (RdE),Acassuso,0,0,,,Primera B,2017,zonas,,Fecha 19,Talleres,false,https://es.wikipedia.org/wiki/Campeonato_de_Primera_B_2017-18_(Argentina)
2018-02-02,21:00,Juventud Unida (G),Sarmiento (J),2,2,,,Primera Nacional,2017,zonas,,Fecha 13,De los Eucaliptos,false,https://es.wikipedia.org/wiki/Campeonato_de_Primera_B_Nacional_2017-18
2018-02-02,21:05,Instituto,Villa Dálmine,1,1,,,Primera Nacional,2017,zonas,,Fecha 13,Juan Domingo Perón,false,https://es.wikipedia.org/wiki/Campeonato_de_Primera_B_Nacional_2017-18
2018-02-02,21:15,Belgrano,Lanús,0,0,,,Primera Division,2017,zonas,,Fecha 14,Gigante de Alberdi,false,https://es.wikipedia.org/wiki/Campeonato_de_Primera_División_2017-18_(Argentina)
2018-02-02,21:30,Independiente Rivadavia,All Boys,1,1,,,Primera Nacional,2017,zonas,,Fecha 13,Bautista Gargantini,false,https://es.wikipedia.org/wiki/Campeonato_de_Primera_B_Nacional_2017-18
2018-02-02,21:45,Deportivo Maipú,Unión (VK),3,2,,,Torneo Federal A,2017,zonas,Zona B,Fecha 1,Omar Higinio Sperdutti,false,https://es.wikipedia.org/wiki/Torneo_Federal_A_2017-18
2018-02-02,22:00,Central Córdoba (SdE),Crucero del Norte,2,1,,,Torneo Federal A,2017,zonas,Zona B,Fecha 1,Alfredo Terrera,false,https://es.wikipedia.org/wiki/Torneo_Federal_A_2017-18
2018-02-03,17:00,Almirante Brown,San Telmo,0,1,,,Primera B,2017,zonas,,Fecha 19,Fragata Presidente Sarmiento,false,https://es.wikipedia.org/wiki/Campeonato_de_Primera_B_2017-18_(Argentina)
2018-02-03,17:00,Banfield,Atlético Tucumán,0,0,,,Primera Division,2017,zonas,,Fecha 14,Florencio Sola,false,https://es.wikipedia.org/wiki/Campeonato_de_Primera_División_2017-18_(Argentina)
2018-02-03,17:00,Barracas Central,Fénix,2,1,,,Primera B,2017,zonas,,Fecha 19,Claudio Chiqui Tapia,false,https://es.wikipedia.org/wiki/Campeonato_de_Primera_B_2017-18_(Argentina)
2018-02-03,17:00,Berazategui,J. J. de Urquiza,1,3,,,Primera C,2017,zonas,,Fecha 20,Norman Lee,false,https://es.wikipedia.org/wiki/Campeonato_de_Primera_C_2017-18_(Argentina)
2018-02-03,17:00,Brown de Adrogué,Deportivo Morón,0,1,,,Primera Nacional,2017,zonas,,Fecha 13,Lorenzo Arandilla,false,https://es.wikipedia.org/wiki/Campeonato_de_Primera_B_Nacional_2017-18
2018-02-03,17:00,Central Córdoba (R),Argentino de Quilmes,2,2,,,Primera C,2017,zonas,,Fecha 20,Gabino Sosa,false,https://es.wikipedia.org/wiki/Campeonato_de_Primera_C_2017-18_(Argentina)
2018-02-03,17:00,Deportivo Español,Colegiales,2,2,,,Primera B,2017,zonas,,Fecha 19,Nueva España,false,https://es.wikipedia.org/wiki/Campeonato_de_Primera_B_2017-18_(Argentina)
2018-02-03,17:00,Flandria,Boca Unidos,0,1,,,Primera Nacional,2017,zonas,,Fecha 13,Carlos V,false,https://es.wikipedia.org/wiki/Campeonato_de_Primera_B_Nacional_2017-18
2018-02-03,17:00,Rosario Central,Unión,1,0,,,Primera Division,2017,zonas,,Fecha 14,Gigante de Arroyito,false,https://es.wikipedia.org/wiki/Campeonato_de_Primera_División_2017-18_(Argentina)
2018-02-03,17:05,Nueva Chicago,Deportivo Riestra,1,0,,,Primera Nacional,2017,zonas,,Fecha 13,Nueva Chicago,false,https://es.wikipedia.org/wiki/Campeonato_de_Primera_B_Nacional_2017-18
2018-02-03,17:40,San Jorge (T),Sportivo Patria,2,3,,,Torneo Federal A,2017,zonas,Zona D,Fecha 1,Ángel Pascual Sáez,false,https://es.wikipedia.org/wiki/Torneo_Federal_A_2017-18
2018-02-03,19:05,Almagro,Gimnasia y Esgrima (J),0,0,,,Primera Nacional,2017,zonas,,Fecha 13,Tres de Febrero,false,https://es.wikipedia.org/wiki/Campeonato_de_Primera_B_Nacional_2017-18
2018-02-03,19:15,Colón,Independiente,0,1,,,Primera Division,2017,zonas,,Fecha 14,Brigadier Estanislao López,false,https://es.wikipedia.org/wiki/Campeonato_de_Primera_División_2017-18_(Argentina)
2018-02-03,19:15,Platense,Atlanta,2,1,,,Primera B,2017,zonas,,Fecha 19,Ciudad de Vicente López,false,https://es.wikipedia.org/wiki/Campeonato_de_Primera_B_2017-18_(Argentina)
2018-02-03,20:30,Ramón Santamarina,Sportivo Estudiantes (SL),0,0,,,Primera Nacional,2017,zonas,,Fecha 13,Municipal General San Martín,false,https://es.wikipedia.org/wiki/Campeonato_de_Primera_B_Nacional_2017-18
2018-02-03,21:30,River Plate,Olimpo,2,0,,,Primera Division,2017,zonas,,Fecha 14,Monumental,false,https://es.wikipedia.org/wiki/Campeonato_de_Primera_División_2017-18_(Argentina)
2018-02-03,21:30,Sarmiento (R),Unión (S),0,2,,,Torneo Federal A,2017,zonas,Zona B,Fecha 1,Centenario,false,https://es.wikipedia.org/wiki/Torneo_Federal_A_2017-18
2018-02-04,17:00,Arsenal,Gimnasia y Esgrima (LP),0,0,,,Primera Division,2017,zonas,,Fecha 14,El Viaducto,false,https://es.wikipedia.org/wiki/Campeonato_de_Primera_División_2017-18_(Argentina)
2018-02-04,17:00,Cañuelas,Deportivo Armenio,2,3,,,Primera C,2017,zonas,,Fecha 20,José Alfredo Arín,false,https://es.wikipedia.org/wiki/Campeonato_de_Primera_C_2017-18_(Argentina)
2018-02-04,17:00,Defensores Unidos,Defensores de Cambaceres,2,0,,,Primera C,2017,zonas,,Fecha 20,Gigante de Villa Fox,false,https://es.wikipedia.org/wiki/Campeonato_de_Primera_C_2017-18_(Argentina)
2018-02-04,17:00,Defensores de Belgrano,Sacachispas,2,1,,,Primera B,2017,zonas,,Fecha 19,Juan Pasquale,false,https://es.wikipedia.org/wiki/Campeonato_de_Primera_B_2017-18_(Argentina)
2018-02-04,17:00,Deportivo Madryn,Independiente (N),1,1,,,Torneo Federal A,2017,zonas,Zona A,Fecha 1,Abel Sastre,false,https://es.wikipedia.org/wiki/Torneo_Federal_A_2017-18
2018-02-04,17:00,Deportivo Mandiyú,Altos Hornos Zapla,0,0,,,Torneo Federal A,2017,zonas,Zona D,Fecha 1,José Antonio Romero Feris,false,https://es.wikipedia.org/wiki/Torneo_Federal_A_2017-18
2018-02-04,17:00,Estudiantes (LP),Newell's Old Boys,4,2,,,Primera Division,2017,zonas,,Fecha 14,Ciudad de La Plata,false,https://es.wikipedia.org/wiki/Campeonato_de_Primera_División_2017-18_(Argentina)
2018-02-04,17:00,Guillermo Brown,Atlético de Rafaela,1,3,,,Primera Nacional,2017,zonas,,Fecha 13,Raúl Conti,false,https://es.wikipedia.org/wiki/Campeonato_de_Primera_B_Nacional_2017-18
2018-02-04,17:00,Gutiérrez,Huracán Las Heras,0,1,,,Torneo Federal A,2017,zonas,Zona B,Fecha 1,General Gutiérrez,false,https://es.wikipedia.org/wiki/Torneo_Federal_A_2017-18
2018-02-04,17:00,Juventud Antoniana,Guaraní Antonio Franco,1,0,,,Torneo Federal A,2017,zonas,Zona D,Fecha 1,Fray Honorato Pistoia,false,https://es.wikipedia.org/wiki/Torneo_Federal_A_2017-18
2018-02-04,17:00,Luján,Deportivo Laferrere,2,1,,,Primera C,2017,zonas,,Fecha 20,Municipal de la Ciudad de Luján,false,https://es.wikipedia.org/wiki/Campeonato_de_Primera_C_2017-18_(Argentina)
2018-02-04,18:00,Libertad (S),Sportivo Las Parejas,0,1,,,Torneo Federal A,2017,zonas,Zona C,Fecha 1,Dr. Plácido Tita,false,https://es.wikipedia.org/wiki/Torneo_Federal_A_2017-18
2018-02-04,18:00,San Martín (T),Los Andes,1,0,,,Primera Nacional,2017,zonas,,Fecha 13,La Ciudadela,false,https://es.wikipedia.org/wiki/Campeonato_de_Primera_B_Nacional_2017-18
2018-02-04,18:30,Chaco For Ever,Defensores de Belgrano (VR),0,1,,,Torneo Federal A,2017,zonas,Zona B,Fecha 1,Juan Alberto García,false,https://es.wikipedia.org/wiki/Torneo_Federal_A_2017-18
2018-02-04,19:00,Defensores de Pronunciamiento,Douglas Haig,4,1,,,Torneo Federal A,2017,zonas,Zona C,Fecha 1,Delio Cardozo,false,https://es.wikipedia.org/wiki/Torneo_Federal_A_2017-18
2018-02-04,19:00,Gimnasia y Esgrima (M),Ferro Carril Oeste (GP),1,0,,,Torneo Federal A,2017,zonas,Zona A,Fecha 1,Víctor Antonio Legrotaglie,false,https://es.wikipedia.org/wiki/Torneo_Federal_A_2017-18
2018-02-04,19:15,San Lorenzo,Boca Juniors,1,1,,,Primera Division,2017,zonas,,Fecha 14,Nuevo Gasómetro,false,https://es.wikipedia.org/wiki/Campeonato_de_Primera_División_2017-18_(Argentina)
2018-02-04,19:30,Atlético Paraná,Gimnasia y Esgrima (CdU),1,0,,,Torneo Federal A,2017,zonas,Zona C,Fecha 1,Pedro Mutio,false,https://es.wikipedia.org/wiki/Torneo_Federal_A_2017-18
2018-02-04,19:40,Sportivo Belgrano,Gimnasia y Tiro (S),0,0,,,Torneo Federal A,2017,zonas,Zona B,Fecha 1,Óscar Boero,false,https://es.wikipedia.org/wiki/Torneo_Federal_A_2017-18
2018-02-04,20:30,Estudiantes (RC),Deportivo Roca,6,1,,,Torneo Federal A,2017,zonas,Zona A,Fecha 1,Ciudad de Río Cuarto Antonio Candini,false,https://es.wikipedia.org/wiki/Torneo_Federal_A_2017-18
2018-02-04,20:30,Villa Mitre,Juventud Unida Universitario,0,1,,,Torneo Federal A,2017,zonas,Zona A,Fecha 1,El Fortín,false,https://es.wikipedia.org/wiki/Torneo_Federal_A_2017-18
2018-02-04,21:00,Alvarado,Desamparados,0,0,,,Torneo Federal A,2017,zonas,Zona A,Fecha 1,José María Minella,false,https://es.wikipedia.org/wiki/Torneo_Federal_A_2017-18
2018-02-04,21:00,San Lorenzo de Alem,Unión Aconquija,0,0,,,Torneo Federal A,2017,zonas,Zona B,Fecha 1,Malvinas Argentinas,false,https://es.wikipedia.org/wiki/Torneo_Federal_A_2017-18
2018-02-04,21:30,Cipolletti,Sansinena,0,1,,,Torneo Federal A,2017,zonas,Zona A,Fecha 1,La Visera de Cemento,false,https://es.wikipedia.org/wiki/Torneo_Federal_A_2017-18
2018-02-04,21:30,Racing Club,Huracán,4,0,,,Primera Division,2017,zonas,,Fecha 14,El Cilindro,false,https://es.wikipedia.org/wiki/Campeonato_de_Primera_División_2017-18_(Argentina)
2018-02-05,17:00,Ituzaingó,Dock Sud,2,1,,,Primera C,2017,zonas,,Fecha 20,Ituzaingó,false,https://es.wikipedia.org/wiki/Campeonato_de_Primera_C_2017-18_(Argentina)
2018-02-05,17:00,Sportivo Italiano,Leandro N. Alem,1,5,,,Primera C,2017,zonas,,Fecha 20,República de Italia,false,https://es.wikipedia.org/wiki/Campeonato_de_Primera_C_2017-18_(Argentina)
2018-02-05,19:00,Chacarita Juniors,Vélez Sarsfield,2,0,,,Primera Division,2017,zonas,,Fecha 14,Chacarita Juniors,false,https://es.wikipedia.org/wiki/Campeonato_de_Primera_División_2017-18_(Argentina)
2018-02-05,19:00,Temperley,Talleres (C),0,1,,,Primera Division,2017,zonas,,Fecha 14,Alfredo Beranger,false,https://es.wikipedia.org/wiki/Campeonato_de_Primera_División_2017-18_(Argentina)
2018-02-05,21:05,Agropecuario,Quilmes,1,1,,,Primera Nacional,2017,zonas,,Fecha 13,Ofelia Rosenzuaig,false,https://es.wikipedia.org/wiki/Campeonato_de_Primera_B_Nacional_2017-18
2018-02-05,21:15,San Martín (SJ),Tigre,0,0,,,Primera Division,2017,zonas,,Fecha 14,Ingeniero Hilario Sánchez,false,https://es.wikipedia.org/wiki/Campeonato_de_Primera_División_2017-18_(Argentina)
2018-02-06,17:00,Colegiales,Almirante Brown,0,1,,,Primera B,2017,zonas,,Fecha 20,Colegiales,false,https://es.wikipedia.org/wiki/Campeonato_de_Primera_B_2017-18_(Argentina)
2018-02-06,17:00,Excursionistas,Deportivo Merlo,2,1,,,Primera C,2017,zonas,,Fecha 20,Excursionistas,false,https://es.wikipedia.org/wiki/Campeonato_de_Primera_C_2017-18_(Argentina)
2018-02-06,17:00,Fénix,Talleres (RdE),1,1,,,Primera B,2017,zonas,,Fecha 20,Malvinas Argentinas,false,https://es.wikipedia.org/wiki/Campeonato_de_Primera_B_2017-18_(Argentina)
2018-02-06,17:05,Comunicaciones,Estudiantes (BA),0,2,,,Primera B,2017,zonas,,Fecha 20,Alfredo Ramos,false,https://es.wikipedia.org/wiki/Campeonato_de_Primera_B_2017-18_(Argentina)
2018-02-06,17:30,San Telmo,San Miguel,0,0,,,Primera B,2017,zonas,,Fecha 20,Nueva España,false,https://es.wikipedia.org/wiki/Campeonato_de_Primera_B_2017-18_(Argentina)
2018-02-06,20:05,Atlanta,Deportivo Español,2,0,,,Primera B,2017,zonas,,Fecha 20,Don León Kolbowsky,false,https://es.wikipedia.org/wiki/Campeonato_de_Primera_B_2017-18_(Argentina)
2018-02-07,17:00,UAI Urquiza,Barracas Central,1,2,,,Primera B,2017,zonas,,Fecha 20,Monumental de Villa Lynch,false,https://es.wikipedia.org/wiki/Campeonato_de_Primera_B_2017-18_(Argentina)
2018-02-07,17:05,Sacachispas,Platense,1,2,,,Primera B,2017,zonas,,Fecha 20,Beto Larrosa,false,https://es.wikipedia.org/wiki/Campeonato_de_Primera_B_2017-18_(Argentina)
2018-02-07,17:15,Villa San Carlos,Tristán Suárez,2,1,,,Primera B,2017,zonas,,Fecha 20,Genacio Sálice,false,https://es.wikipedia.org/wiki/Campeonato_de_Primera_B_2017-18_(Argentina)
2018-02-07,20:00,All Boys,Ferro Carril Oeste,3,3,,,Primera Nacional,2017,zonas,,Fecha 12,Islas Malvinas,false,https://es.wikipedia.org/wiki/Campeonato_de_Primera_B_Nacional_2017-18
2018-02-07,21:05,Acassuso,Defensores de Belgrano,0,0,,,Primera B,2017,zonas,,Fecha 20,República de Italia,false,https://es.wikipedia.org/wiki/Campeonato_de_Primera_B_2017-18_(Argentina)
2018-02-07,21:30,Godoy Cruz,Lanús,4,1,,,Primera Division,2017,zonas,,Fecha 10,Malvinas Argentinas,false,https://es.wikipedia.org/wiki/Campeonato_de_Primera_División_2017-18_(Argentina)
2018-02-09,19:00,Defensa y Justicia,Chacarita Juniors,4,2,,,Primera Division,2017,zonas,,Fecha 15,Norberto Tormaghello,false,https://es.wikipedia.org/wiki/Campeonato_de_Primera_División_2017-18_(Argentina)
2018-02-09,19:00,Unión,Arsenal,0,0,,,Primera Division,2017,zonas,,Fecha 15,15 de abril,false,https://es.wikipedia.org/wiki/Campeonato_de_Primera_División_2017-18_(Argentina)
2018-02-09,20:05,Villa Dálmine,Juventud Unida (G),2,0,,,Primera Nacional,2017,zonas,,Fecha 14,El Coliseo de Mitre y Puccini,false,https://es.wikipedia.org/wiki/Campeonato_de_Primera_B_Nacional_2017-18
2018-02-09,20:30,Sportivo Las Parejas,Douglas Haig,2,2,,,Torneo Federal A,2017,zonas,Zona C,Fecha 2,4 de Septiembre,false,https://es.wikipedia.org/wiki/Torneo_Federal_A_2017-18
2018-02-09,21:00,San Lorenzo de Alem,Deportivo Maipú,1,1,,,Torneo Federal A,2017,zonas,Zona B,Fecha 2,Malvinas Argentinas,false,https://es.wikipedia.org/wiki/Torneo_Federal_A_2017-18
2018-02-09,21:00,Unión (S),Sportivo Belgrano,4,0,,,Torneo Federal A,2017,zonas,Zona B,Fecha 2,De la Avenida,false,https://es.wikipedia.org/wiki/Torneo_Federal_A_2017-18
2018-02-09,21:15,Newell's Old Boys,Colón,0,1,,,Primera Division,2017,zonas,,Fecha 15,Marcelo Bielsa,false,https://es.wikipedia.org/wiki/Campeonato_de_Primera_División_2017-18_(Argentina)
2018-02-09,21:30,Gimnasia y Esgrima (J),Instituto,1,0,,,Primera Nacional,2017,zonas,,Fecha 14,23 de Agosto,false,https://es.wikipedia.org/wiki/Campeonato_de_Primera_B_Nacional_2017-18
2018-02-09,22:00,Mitre (SdE),Independiente Rivadavia,3,1,,,Primera Nacional,2017,zonas,,Fecha 14,Dres. José y Antonio Castiglione,false,https://es.wikipedia.org/wiki/Campeonato_de_Primera_B_Nacional_2017-18
2018-02-10,17:00,Almirante Brown,Atlanta,0,1,,,Primera B,2017,zonas,,Fecha 21,Fragata Presidente Sarmiento,false,https://es.wikipedia.org/wiki/Campeonato_de_Primera_B_2017-18_(Argentina)
2018-02-10,17:00,Barracas Central,Villa San Carlos,3,1,,,Primera B,2017,zonas,,Fecha 21,Claudio Chiqui Tapia,false,https://es.wikipedia.org/wiki/Campeonato_de_Primera_B_2017-18_(Argentina)
2018-02-10,17:00,Dock Sud,Sportivo Italiano,0,1,,,Primera C,2017,zonas,,Fecha 21,De los Inmigrantes,false,https://es.wikipedia.org/wiki/Campeonato_de_Primera_C_2017-18_(Argentina)
2018-02-10,17:00,Gimnasia y Esgrima (LP),Estudiantes (LP),0,0,,,Primera Division,2017,zonas,,Fecha 15,Del Bosque,false,https://es.wikipedia.org/wiki/Campeonato_de_Primera_División_2017-18_(Argentina)
2018-02-10,17:00,Independiente (N),Cipolletti,0,3,,,Torneo Federal A,2017,zonas,Zona A,Fecha 2,La Nueva Caldera,false,https://es.wikipedia.org/wiki/Torneo_Federal_A_2017-18
2018-02-10,17:00,Unión Aconquija,Gutiérrez,1,0,,,Torneo Federal A,2017,zonas,Zona B,Fecha 2,Municipal de Aconquija,false,https://es.wikipedia.org/wiki/Torneo_Federal_A_2017-18
2018-02-10,17:00,Vélez Sarsfield,Patronato,0,2,,,Primera Division,2017,zonas,,Fecha 15,José Amalfitani,false,https://es.wikipedia.org/wiki/Campeonato_de_Primera_División_2017-18_(Argentina)
2018-02-10,17:05,Estudiantes (BA),San Telmo,2,0,,,Primera B,2017,zonas,,Fecha 21,Ciudad de Caseros,false,https://es.wikipedia.org/wiki/Campeonato_de_Primera_B_2017-18_(Argentina)
2018-02-10,18:00,Huracán Las Heras,Unión (VK),0,0,,,Torneo Federal A,2017,zonas,Zona B,Fecha 2,General San Martín,false,https://es.wikipedia.org/wiki/Torneo_Federal_A_2017-18
2018-02-10,19:10,Sarmiento (J),Agropecuario,2,1,,,Primera Nacional,2017,zonas,,Fecha 14,Eva Perón,false,https://es.wikipedia.org/wiki/Campeonato_de_Primera_B_Nacional_2017-18
2018-02-10,19:15,Olimpo,Racing Club,1,2,,,Primera Division,2017,zonas,,Fecha 15,Roberto N. Carminati,false,https://es.wikipedia.org/wiki/Campeonato_de_Primera_División_2017-18_(Argentina)
2018-02-10,19:30,Atlético Paraná,Defensores de Pronunciamiento,1,0,,,Torneo Federal A,2017,zonas,Zona C,Fecha 2,Pedro Mutio,false,https://es.wikipedia.org/wiki/Torneo_Federal_A_2017-18
2018-02-10,20:05,Atlético de Rafaela,Brown de Adrogué,2,3,,,Primera Nacional,2017,zonas,,Fecha 14,Nuevo Monumental,false,https://es.wikipedia.org/wiki/Campeonato_de_Primera_B_Nacional_2017-18
2018-02-10,21:00,Gimnasia y Esgrima (CdU),Libertad (S),2,2,,,Torneo Federal A,2017,zonas,Zona C,Fecha 2,Manuel y Ramón Núñez,false,https://es.wikipedia.org/wiki/Torneo_Federal_A_2017-18
2018-02-11,17:00,All Boys,Aldosivi,0,1,,,Primera Nacional,2017,zonas,,Fecha 14,Islas Malvinas,false,https://es.wikipedia.org/wiki/Campeonato_de_Primera_B_Nacional_2017-18
2018-02-11,17:00,Deportivo Armenio,Excursionistas,0,0,,,Primera C,2017,zonas,,Fecha 21,Armenia,false,https://es.wikipedia.org/wiki/Campeonato_de_Primera_C_2017-18_(Argentina)
2018-02-11,17:00,Deportivo Morón,Ferro Carril Oeste,0,0,,,Primera Nacional,2017,zonas,,Fecha 14,Nuevo Francisco Urbano,false,https://es.wikipedia.org/wiki/Campeonato_de_Primera_B_Nacional_2017-18
2018-02-11,17:00,Godoy Cruz,Belgrano,2,1,,,Primera Division,2017,zonas,,Fecha 15,Malvinas Argentinas,false,https://es.wikipedia.org/wiki/Campeonato_de_Primera_División_2017-18_(Argentina)
2018-02-11,17:00,Leandro N. Alem,Luján,0,1,,,Primera C,2017,zonas,,Fecha 21,Leandro N. Alem,false,https://es.wikipedia.org/wiki/Campeonato_de_Primera_C_2017-18_(Argentina)
2018-02-11,17:00,Los Andes,Almagro,1,1,,,Primera Nacional,2017,zonas,,Fecha 14,Eduardo Gallardón,false,https://es.wikipedia.org/wiki/Campeonato_de_Primera_B_Nacional_2017-18
2018-02-11,17:00,Quilmes,Flandria,0,2,,,Primera Nacional,2017,zonas,,Fecha 14,Centenario,false,https://es.wikipedia.org/wiki/Campeonato_de_Primera_B_Nacional_2017-18
2018-02-11,17:00,Sportivo Patria,Juventud Antoniana,1,2,,,Torneo Federal A,2017,zonas,Zona D,Fecha 2,Antonio Romero,false,https://es.wikipedia.org/wiki/Torneo_Federal_A_2017-18
2018-02-11,17:00,Talleres (C),Banfield,1,0,,,Primera Division,2017,zonas,,Fecha 15,Mario Alberto Kempes,false,https://es.wikipedia.org/wiki/Campeonato_de_Primera_División_2017-18_(Argentina)
2018-02-11,17:25,Sansinena,Rivadavia (L),0,3,,,Torneo Federal A,2017,zonas,Zona A,Fecha 2,Luis Molina,false,https://es.wikipedia.org/wiki/Torneo_Federal_A_2017-18
2018-02-11,17:30,San Jorge (T),Deportivo Mandiyú,1,1,,,Torneo Federal A,2017,zonas,Zona D,Fecha 2,Ángel Pascual Sáez,false,https://es.wikipedia.org/wiki/Torneo_Federal_A_2017-18
2018-02-11,18:00,Crucero del Norte,Defensores de Belgrano (VR),2,1,,,Torneo Federal A,2017,zonas,Zona B,Fecha 2,Comandante Andrés Guacurarí,false,https://es.wikipedia.org/wiki/Torneo_Federal_A_2017-18
2018-02-11,18:00,Sportivo Estudiantes (SL),Nueva Chicago,0,0,,,Primera Nacional,2017,zonas,,Fecha 14,Héctor Odicino y Pedro Benoza,false,https://es.wikipedia.org/wiki/Campeonato_de_Primera_B_Nacional_2017-18
2018-02-11,19:15,Boca Juniors,Temperley,1,0,,,Primera Division,2017,zonas,,Fecha 15,La Bombonera,false,https://es.wikipedia.org/wiki/Campeonato_de_Primera_División_2017-18_(Argentina)
2018-02-11,19:50,Sarmiento (R),Chaco For Ever,1,0,,,Torneo Federal A,2017,zonas,Zona B,Fecha 2,Centenario,false,https://es.wikipedia.org/wiki/Torneo_Federal_A_2017-18
2018-02-11,20:00,Gimnasia y Tiro (S),Central Córdoba (SdE),3,5,,,Torneo Federal A,2017,zonas,Zona B,Fecha 2,Gigante del Norte,false,https://es.wikipedia.org/wiki/Torneo_Federal_A_2017-18
2018-02-11,20:00,Guaraní Antonio Franco,Altos Hornos Zapla,0,0,,,Torneo Federal A,2017,zonas,Zona D,Fecha 2,Clemente A. Fernández de Oliveira,false,https://es.wikipedia.org/wiki/Torneo_Federal_A_2017-18
2018-02-11,21:00,Alvarado,Villa Mitre,1,0,,,Torneo Federal A,2017,zonas,Zona A,Fecha 2,José María Minella,false,https://es.wikipedia.org/wiki/Torneo_Federal_A_2017-18
2018-02-11,21:00,Desamparados,Estudiantes (RC),0,1,,,Torneo Federal A,2017,zonas,Zona A,Fecha 2,El Serpentario,false,https://es.wikipedia.org/wiki/Torneo_Federal_A_2017-18
2018-02-11,21:00,Ferro Carril Oeste (GP),Juventud Unida Universitario,1,1,,,Torneo Federal A,2017,zonas,Zona A,Fecha 2,El Coloso,false,https://es.wikipedia.org/wiki/Torneo_Federal_A_2017-18
2018-02-11,21:30,Deportivo Roca,Gimnasia y Esgrima (M),0,2,,,Torneo Federal A,2017,zonas,Zona A,Fecha 2,Luis Maiolino,false,https://es.wikipedia.org/wiki/Torneo_Federal_A_2017-18
2018-02-11,21:30,Lanús,River Plate,1,0,,,Primera Division,2017,zonas,,Fecha 15,Ciudad de Lanús,false,https://es.wikipedia.org/wiki/Campeonato_de_Primera_División_2017-18_(Argentina)
2018-02-12,17:00,Argentino de Quilmes,Ituzaingó,0,0,,,Primera C,2017,zonas,,Fecha 21,De los Inmigrantes,false,https://es.wikipedia.org/wiki/Campeonato_de_Primera_C_2017-18_(Argentina)
2018-02-12,17:00,Defensores de Belgrano,Fénix,2,2,,,Primera B,2017,zonas,,Fecha 21,Juan Pasquale,false,https://es.wikipedia.org/wiki/Campeonato_de_Primera_B_2017-18_(Argentina)
2018-02-12,17:00,Deportivo Riestra,San Martín (T),3,0,,,Primera Nacional,2017,zonas,,Fecha 14,Eduardo Gallardón,false,https://es.wikipedia.org/wiki/Campeonato_de_Primera_B_Nacional_2017-18
2018-02-12,17:00,Ferrocarril Midland,Defensores Unidos,2,2,,,Primera C,2017,zonas,,Fecha 21,Ciudad de Libertad,false,https://es.wikipedia.org/wiki/Campeonato_de_Primera_C_2017-18_(Argentina)
2018-02-12,17:00,Sacachispas,Acassuso,3,2,,,Primera B,2017,zonas,,Fecha 21,Beto Larrosa,false,https://es.wikipedia.org/wiki/Campeonato_de_Primera_B_2017-18_(Argentina)
2018-02-12,17:00,San Miguel,Colegiales,0,1,,,Primera B,2017,zonas,,Fecha 21,Malvinas Argentinas,false,https://es.wikipedia.org/wiki/Campeonato_de_Primera_B_2017-18_(Argentina)
2018-02-12,17:00,Sportivo Barracas,Deportivo Merlo,3,0,,,Primera C,2017,zonas,,Fecha 21,Don León Kolbowsky,false,https://es.wikipedia.org/wiki/Campeonato_de_Primera_C_2017-18_(Argentina)
2018-02-12,17:00,Tristán Suárez,Comunicaciones,2,0,,,Primera B,2017,zonas,,Fecha 21,20 de Octubre,false,https://es.wikipedia.org/wiki/Campeonato_de_Primera_B_2017-18_(Argentina)
2018-02-12,19:00,Atlético Tucumán,San Martín (SJ),2,1,,,Primera Division,2017,zonas,,Fecha 15,Monumental José Fierro,false,https://es.wikipedia.org/wiki/Campeonato_de_Primera_División_2017-18_(Argentina)
2018-02-12,19:00,Tigre,Argentinos Juniors,2,0,,,Primera Division,2017,zonas,,Fecha 15,Monumental de Victoria,false,https://es.wikipedia.org/wiki/Campeonato_de_Primera_División_2017-18_(Argentina)
2018-02-12,20:00,Talleres (RdE),UAI Urquiza,1,0,,,Primera B,2017,zonas,,Fecha 21,Talleres,false,https://es.wikipedia.org/wiki/Campeonato_de_Primera_B_2017-18_(Argentina)
2018-02-12,21:15,Huracán,Rosario Central,2,3,,,Primera Division,2017,zonas,,Fecha 15,Tomás A. Ducó,false,https://es.wikipedia.org/wiki/Campeonato_de_Primera_División_2017-18_(Argentina)
2018-02-13,17:00,Deportivo Laferrere,El Porvenir,1,1,,,Primera C,2017,zonas,,Fecha 21,Ciudad de Laferrere,false,https://es.wikipedia.org/wiki/Campeonato_de_Primera_C_2017-18_(Argentina)
2018-02-13,17:00,J. J. de Urquiza,Cañuelas,2,3,,,Primera C,2017,zonas,,Fecha 21,Tres de Febrero,false,https://es.wikipedia.org/wiki/Campeonato_de_Primera_C_2017-18_(Argentina)
2018-02-13,17:00,San Martín (B),Berazategui,3,1,,,Primera C,2017,zonas,,Fecha 21,Francisco Boga,false,https://es.wikipedia.org/wiki/Campeonato_de_Primera_C_2017-18_(Argentina)
2018-02-13,19:05,Platense,Deportivo Español,2,0,,,Primera B,2017,zonas,,Fecha 21,Ciudad de Vicente López,false,https://es.wikipedia.org/wiki/Campeonato_de_Primera_B_2017-18_(Argentina)
2018-02-13,20:00,Deportivo Maipú,Huracán Las Heras,2,2,,,Torneo Federal A,2017,zonas,Zona B,Fecha 3,Omar Higinio Sperdutti,false,https://es.wikipedia.org/wiki/Torneo_Federal_A_2017-18
2018-02-14,17:00,Defensores de Cambaceres,Central Córdoba (R),3,2,,,Primera C,2017,zonas,,Fecha 21,12 de Octubre,false,https://es.wikipedia.org/wiki/Campeonato_de_Primera_C_2017-18_(Argentina)
2018-02-14,17:30,Gutiérrez,San Lorenzo de Alem,4,1,,,Torneo Federal A,2017,zonas,Zona B,Fecha 3,General Gutiérrez,false,https://es.wikipedia.org/wiki/Torneo_Federal_A_2017-18
2018-02-14,18:00,Libertad (S),Atlético Paraná,2,1,,,Torneo Federal A,2017,zonas,Zona C,Fecha 3,Dr. Plácido Tita,false,https://es.wikipedia.org/wiki/Torneo_Federal_A_2017-18
2018-02-14,21:00,Defensores de Pronunciamiento,Sportivo Las Parejas,1,0,,,Torneo Federal A,2017,zonas,Zona C,Fecha 3,Delio Cardozo,false,https://es.wikipedia.org/wiki/Torneo_Federal_A_2017-18
2018-02-14,21:00,Douglas Haig,Gimnasia y Esgrima (CdU),4,2,,,Torneo Federal A,2017,zonas,Zona C,Fecha 3,Miguel Morales,false,https://es.wikipedia.org/wiki/Torneo_Federal_A_2017-18
2018-02-14,21:05,Boca Unidos,Guillermo Brown,2,0,,,Primera Nacional,2017,zonas,,Fecha 14,Leoncio Benítez,false,https://es.wikipedia.org/wiki/Campeonato_de_Primera_B_Nacional_2017-18
2018-02-14,21:30,Cipolletti,Deportivo Madryn,0,1,,,Torneo Federal A,2017,zonas,Zona A,Fecha 3,La Visera de Cemento,false,https://es.wikipedia.org/wiki/Torneo_Federal_A_2017-18
2018-02-14,21:45,Unión (VK),Unión Aconquija,1,0,,,Torneo Federal A,2017,zonas,Zona B,Fecha 3,12 de Octubre,false,https://es.wikipedia.org/wiki/Torneo_Federal_A_2017-18
2018-02-15,17:00,Deportivo Mandiyú,Guaraní Antonio Franco,0,0,,,Torneo Federal A,2017,zonas,Zona D,Fecha 3,José Antonio Romero Feris,false,https://es.wikipedia.org/wiki/Torneo_Federal_A_2017-18
2018-02-15,21:00,Rivadavia (L),Independiente (N),4,0,,,Torneo Federal A,2017,zonas,Zona A,Fecha 3,El Coliseo,false,https://es.wikipedia.org/wiki/Torneo_Federal_A_2017-18
2018-02-15,22:00,Altos Hornos Zapla,Sportivo Patria,2,1,,,Torneo Federal A,2017,zonas,Zona D,Fecha 3,Emilio Fabrizzi,false,https://es.wikipedia.org/wiki/Torneo_Federal_A_2017-18
2018-02-15,22:00,Juventud Antoniana,San Jorge (T),1,2,,,Torneo Federal A,2017,zonas,Zona D,Fecha 3,Fray Honorato Pistoia,false,https://es.wikipedia.org/wiki/Torneo_Federal_A_2017-18
2018-02-16,17:00,Colegiales,Estudiantes (BA),2,2,,,Primera B,2017,zonas,,Fecha 22,Colegiales,false,https://es.wikipedia.org/wiki/Campeonato_de_Primera_B_2017-18_(Argentina)
2018-02-16,19:00,Estudiantes (LP),Unión,2,0,,,Primera Division,2017,zonas,,Fecha 16,Ciudad de La Plata,false,https://es.wikipedia.org/wiki/Campeonato_de_Primera_División_2017-18_(Argentina)
2018-02-16,19:00,Racing Club,Lanús,3,1,,,Primera Division,2017,zonas,,Fecha 16,El Cilindro,false,https://es.wikipedia.org/wiki/Campeonato_de_Primera_División_2017-18_(Argentina)
2018-02-16,21:00,Instituto,Los Andes,1,0,,,Primera Nacional,2017,zonas,,Fecha 15,Juan Domingo Perón,false,https://es.wikipedia.org/wiki/Campeonato_de_Primera_B_Nacional_2017-18
2018-02-16,21:00,Juventud Unida (G),Gimnasia y Esgrima (J),0,0,,,Primera Nacional,2017,zonas,,Fecha 15,De los Eucaliptos,false,https://es.wikipedia.org/wiki/Campeonato_de_Primera_B_Nacional_2017-18
2018-02-16,21:15,Belgrano,Vélez Sarsfield,2,2,,,Primera Division,2017,zonas,,Fecha 16,Gigante de Alberdi,false,https://es.wikipedia.org/wiki/Campeonato_de_Primera_División_2017-18_(Argentina)
2018-02-16,21:30,Independiente Rivadavia,Deportivo Morón,0,1,,,Primera Nacional,2017,zonas,,Fecha 15,Bautista Gargantini,false,https://es.wikipedia.org/wiki/Campeonato_de_Primera_B_Nacional_2017-18
2018-02-17,17:00,Almagro,Deportivo Riestra,0,1,,,Primera Nacional,2017,zonas,,Fecha 15,Tres de Febrero,false,https://es.wikipedia.org/wiki/Campeonato_de_Primera_B_Nacional_2017-18
2018-02-17,17:00,Argentinos Juniors,Atlético Tucumán,2,2,,,Primera Division,2017,zonas,,Fecha 16,Diego Armando Maradona,false,https://es.wikipedia.org/wiki/Campeonato_de_Primera_División_2017-18_(Argentina)
2018-02-17,17:00,Comunicaciones,Barracas Central,1,3,,,Primera B,2017,zonas,,Fecha 22,Alfredo Ramos,false,https://es.wikipedia.org/wiki/Campeonato_de_Primera_B_2017-18_(Argentina)
2018-02-17,17:00,Deportivo Merlo,Deportivo Armenio,1,2,,,Primera C,2017,zonas,,Fecha 22,José Manuel Moreno,false,https://es.wikipedia.org/wiki/Campeonato_de_Primera_C_2017-18_(Argentina)
2018-02-17,17:00,El Porvenir,Leandro N. Alem,3,1,,,Primera C,2017,zonas,,Fecha 22,Gildo Francisco Ghersinich,false,https://es.wikipedia.org/wiki/Campeonato_de_Primera_C_2017-18_(Argentina)
2018-02-17,17:00,Excursionistas,J. J. de Urquiza,1,1,,,Primera C,2017,zonas,,Fecha 22,Excursionistas,false,https://es.wikipedia.org/wiki/Campeonato_de_Primera_C_2017-18_(Argentina)
2018-02-17,17:00,Flandria,Sarmiento (J),3,5,,,Primera Nacional,2017,zonas,,Fecha 15,Carlos V,false,https://es.wikipedia.org/wiki/Campeonato_de_Primera_B_Nacional_2017-18
2018-02-17,17:00,Fénix,Sacachispas,1,2,,,Primera B,2017,zonas,,Fecha 22,Malvinas Argentinas,false,https://es.wikipedia.org/wiki/Campeonato_de_Primera_B_2017-18_(Argentina)
2018-02-17,17:00,San Lorenzo,Newell's Old Boys,1,0,,,Primera Division,2017,zonas,,Fecha 16,Nuevo Gasómetro,false,https://es.wikipedia.org/wiki/Campeonato_de_Primera_División_2017-18_(Argentina)
2018-02-17,17:00,UAI Urquiza,Defensores de Belgrano,2,0,,,Primera B,2017,zonas,,Fecha 22,Monumental de Villa Lynch,false,https://es.wikipedia.org/wiki/Campeonato_de_Primera_B_2017-18_(Argentina)
2018-02-17,17:00,Villa San Carlos,Talleres (RdE),1,2,,,Primera B,2017,zonas,,Fecha 22,Genacio Sálice,false,https://es.wikipedia.org/wiki/Campeonato_de_Primera_B_2017-18_(Argentina)
2018-02-17,19:05,Acassuso,Platense,3,0,,,Primera B,2017,zonas,,Fecha 22,República de Italia,false,https://es.wikipedia.org/wiki/Campeonato_de_Primera_B_2017-18_(Argentina)
2018-02-17,19:05,Agropecuario,Villa Dálmine,2,1,,,Primera Nacional,2017,zonas,,Fecha 15,Ofelia Rosenzuaig,false,https://es.wikipedia.org/wiki/Campeonato_de_Primera_B_Nacional_2017-18
2018-02-17,19:15,Temperley,Independiente,0,0,,,Primera Division,2017,zonas,,Fecha 16,Alfredo Beranger,false,https://es.wikipedia.org/wiki/Campeonato_de_Primera_División_2017-18_(Argentina)
2018-02-17,19:30,Gimnasia y Esgrima (M),Desamparados,1,1,,,Torneo Federal A,2017,zonas,Zona A,Fecha 3,Víctor Antonio Legrotaglie,false,https://es.wikipedia.org/wiki/Torneo_Federal_A_2017-18
2018-02-17,21:30,Rosario Central,Olimpo,5,0,,,Primera Division,2017,zonas,,Fecha 16,Gigante de Arroyito,false,https://es.wikipedia.org/wiki/Campeonato_de_Primera_División_2017-18_(Argentina)
2018-02-18,17:00,Arsenal,Huracán,1,1,,,Primera Division,2017,zonas,,Fecha 16,El Viaducto,false,https://es.wikipedia.org/wiki/Campeonato_de_Primera_División_2017-18_(Argentina)
2018-02-18,17:00,Brown de Adrogué,Boca Unidos,3,0,,,Primera Nacional,2017,zonas,,Fecha 15,Lorenzo Arandilla,false,https://es.wikipedia.org/wiki/Campeonato_de_Primera_B_Nacional_2017-18
2018-02-18,17:00,Cañuelas,San Martín (B),0,0,,,Primera C,2017,zonas,,Fecha 22,José Alfredo Arín,false,https://es.wikipedia.org/wiki/Campeonato_de_Primera_C_2017-18_(Argentina)
2018-02-18,17:00,Defensores Unidos,Sportivo Barracas,2,1,,,Primera C,2017,zonas,,Fecha 22,Gigante de Villa Fox,false,https://es.wikipedia.org/wiki/Campeonato_de_Primera_C_2017-18_(Argentina)
2018-02-18,17:00,Deportivo Español,Almirante Brown,4,2,,,Primera B,2017,zonas,,Fecha 22,Nueva España,false,https://es.wikipedia.org/wiki/Campeonato_de_Primera_B_2017-18_(Argentina)
2018-02-18,17:00,Guillermo Brown,Quilmes,1,2,,,Primera Nacional,2017,zonas,,Fecha 15,Raúl Conti,false,https://es.wikipedia.org/wiki/Campeonato_de_Primera_B_Nacional_2017-18
2018-02-18,17:00,Juventud Antoniana,Deportivo Mandiyú,0,2,,,Torneo Federal A,2017,zonas,Zona D,Fecha 4,Fray Honorato Pistoia,false,https://es.wikipedia.org/wiki/Torneo_Federal_A_2017-18
2018-02-18,17:00,Luján,Dock Sud,1,0,,,Primera C,2017,zonas,,Fecha 22,Municipal de la Ciudad de Luján,false,https://es.wikipedia.org/wiki/Campeonato_de_Primera_C_2017-18_(Argentina)
2018-02-18,17:00,San Martín (SJ),Talleres (C),1,1,,,Primera Division,2017,zonas,,Fecha 16,Ingeniero Hilario Sánchez,false,https://es.wikipedia.org/wiki/Campeonato_de_Primera_División_2017-18_(Argentina)
2018-02-18,17:00,Sportivo Italiano,Argentino de Quilmes,0,2,,,Primera C,2017,zonas,,Fecha 22,República de Italia,false,https://es.wikipedia.org/wiki/Campeonato_de_Primera_C_2017-18_(Argentina)
2018-02-18,17:00,Sportivo Patria,Guaraní Antonio Franco,2,2,,,Torneo Federal A,2017,zonas,Zona D,Fecha 4,Antonio Romero,false,https://es.wikipedia.org/wiki/Torneo_Federal_A_2017-18
2018-02-18,17:00,Unión Aconquija,Huracán Las Heras,0,0,,,Torneo Federal A,2017,zonas,Zona B,Fecha 4,Municipal de Aconquija,false,https://es.wikipedia.org/wiki/Torneo_Federal_A_2017-18
2018-02-18,17:30,Gutiérrez,Deportivo Maipú,0,2,,,Torneo Federal A,2017,zonas,Zona B,Fecha 4,General Gutiérrez,false,https://es.wikipedia.org/wiki/Torneo_Federal_A_2017-18
2018-02-18,17:30,San Jorge (T),Altos Hornos Zapla,2,0,,,Torneo Federal A,2017,zonas,Zona D,Fecha 4,Ángel Pascual Sáez,false,https://es.wikipedia.org/wiki/Torneo_Federal_A_2017-18
2018-02-18,18:00,Libertad (S),Defensores de Pronunciamiento,1,1,,,Torneo Federal A,2017,zonas,Zona C,Fecha 4,Dr. Plácido Tita,false,https://es.wikipedia.org/wiki/Torneo_Federal_A_2017-18
2018-02-18,18:00,San Lorenzo de Alem,Unión (VK),1,1,,,Torneo Federal A,2017,zonas,Zona B,Fecha 4,Malvinas Argentinas,false,https://es.wikipedia.org/wiki/Torneo_Federal_A_2017-18
2018-02-18,18:00,San Martín (T),Sportivo Estudiantes (SL),1,1,,,Primera Nacional,2017,zonas,,Fecha 15,La Ciudadela,false,https://es.wikipedia.org/wiki/Campeonato_de_Primera_B_Nacional_2017-18
2018-02-18,18:30,Chaco For Ever,Crucero del Norte,1,0,,,Torneo Federal A,2017,zonas,Zona B,Fecha 3,Juan Alberto García,false,https://es.wikipedia.org/wiki/Torneo_Federal_A_2017-18
2018-02-18,19:00,Ferro Carril Oeste,Atlético de Rafaela,0,2,,,Primera Nacional,2017,zonas,,Fecha 15,Arquitecto Ricardo Etcheverri,false,https://es.wikipedia.org/wiki/Campeonato_de_Primera_B_Nacional_2017-18
2018-02-18,19:00,Sportivo Belgrano,Sarmiento (R),4,0,,,Torneo Federal A,2017,zonas,Zona B,Fecha 3,Oscar C. Boero,false,https://es.wikipedia.org/wiki/Torneo_Federal_A_2017-18
2018-02-18,19:15,River Plate,Godoy Cruz,2,2,,,Primera Division,2017,zonas,,Fecha 16,Monumental,false,https://es.wikipedia.org/wiki/Campeonato_de_Primera_División_2017-18_(Argentina)
2018-02-18,19:30,Atlético Paraná,Douglas Haig,5,1,,,Torneo Federal A,2017,zonas,Zona C,Fecha 4,Pedro Mutio,false,https://es.wikipedia.org/wiki/Torneo_Federal_A_2017-18
2018-02-18,20:00,Central Córdoba (SdE),Unión (S),0,0,,,Torneo Federal A,2017,zonas,Zona B,Fecha 3,Alfredo Terrera,false,https://es.wikipedia.org/wiki/Torneo_Federal_A_2017-18
2018-02-18,20:00,Defensores de Belgrano (VR),Gimnasia y Tiro (S),5,0,,,Torneo Federal A,2017,zonas,Zona B,Fecha 3,Salomón Boeseldín,false,https://es.wikipedia.org/wiki/Torneo_Federal_A_2017-18
2018-02-18,20:20,Gimnasia y Esgrima (CdU),Sportivo Las Parejas,1,0,,,Torneo Federal A,2017,zonas,Zona C,Fecha 4,Manuel y Ramón Núñez,false,https://es.wikipedia.org/wiki/Torneo_Federal_A_2017-18
2018-02-18,20:30,Central Córdoba (R),Ferrocarril Midland,1,0,,,Primera C,2017,zonas,,Fecha 22,Gabino Sosa,false,https://es.wikipedia.org/wiki/Campeonato_de_Primera_C_2017-18_(Argentina)
2018-02-18,20:30,Estudiantes (RC),Alvarado,1,0,,,Torneo Federal A,2017,zonas,Zona A,Fecha 3,Ciudad de Río Cuarto Antonio Candini,false,https://es.wikipedia.org/wiki/Torneo_Federal_A_2017-18
2018-02-18,20:30,Juventud Unida Universitario,Deportivo Roca,2,0,,,Torneo Federal A,2017,zonas,Zona A,Fecha 3,Mario Sebastián Diez,false,https://es.wikipedia.org/wiki/Torneo_Federal_A_2017-18
2018-02-18,20:30,Villa Mitre,Ferro Carril Oeste (GP),1,1,,,Torneo Federal A,2017,zonas,Zona A,Fecha 3,El Fortín,false,https://es.wikipedia.org/wiki/Torneo_Federal_A_2017-18
2018-02-18,21:30,Banfield,Boca Juniors,0,1,,,Primera Division,2017,zonas,,Fecha 16,Florencio Sola,false,https://es.wikipedia.org/wiki/Campeonato_de_Primera_División_2017-18_(Argentina)
2018-02-19,17:00,Berazategui,Deportivo Laferrere,1,1,,,Primera C,2017,zonas,,Fecha 22,Norman Lee,false,https://es.wikipedia.org/wiki/Campeonato_de_Primera_C_2017-18_(Argentina)
2018-02-19,17:00,Deportivo Madryn,Rivadavia (L),0,0,,,Torneo Federal A,2017,zonas,Zona A,Fecha 4,Abel Sastre,false,https://es.wikipedia.org/wiki/Torneo_Federal_A_2017-18
2018-02-19,17:00,Independiente (N),Sansinena,1,1,,,Torneo Federal A,2017,zonas,Zona A,Fecha 4,La Nueva Caldera,false,https://es.wikipedia.org/wiki/Torneo_Federal_A_2017-18
2018-02-19,17:00,Ituzaingó,Defensores de Cambaceres,2,1,,,Primera C,2017,zonas,,Fecha 22,Ituzaingó,false,https://es.wikipedia.org/wiki/Campeonato_de_Primera_C_2017-18_(Argentina)
2018-02-19,17:00,Nueva Chicago,Ramón Santamarina,1,1,,,Primera Nacional,2017,zonas,,Fecha 15,Nueva Chicago,false,https://es.wikipedia.org/wiki/Campeonato_de_Primera_B_Nacional_2017-18
2018-02-19,17:00,San Telmo,Tristán Suárez,3,3,,,Primera B,2017,zonas,,Fecha 22,Dr. Osvaldo Baletto,false,https://es.wikipedia.org/wiki/Campeonato_de_Primera_B_2017-18_(Argentina)
2018-02-19,19:00,Patronato,Chacarita Juniors,3,0,,,Primera Division,2017,zonas,,Fecha 16,Presbítero Bartolomé Grella,false,https://es.wikipedia.org/wiki/Campeonato_de_Primera_División_2017-18_(Argentina)
2018-02-19,19:00,Tigre,Defensa y Justicia,1,1,,,Primera Division,2017,zonas,,Fecha 16,Monumental de Victoria,false,https://es.wikipedia.org/wiki/Campeonato_de_Primera_División_2017-18_(Argentina)
2018-02-19,21:00,Atlanta,San Miguel,2,0,,,Primera B,2017,zonas,,Fecha 22,Don León Kolbowsky,false,https://es.wikipedia.org/wiki/Campeonato_de_Primera_B_2017-18_(Argentina)
2018-02-19,21:05,Aldosivi,Mitre (SdE),1,0,,,Primera Nacional,2017,zonas,,Fecha 15,José María Minella,false,https://es.wikipedia.org/wiki/Campeonato_de_Primera_B_Nacional_2017-18
2018-02-19,21:15,Colón,Gimnasia y Esgrima (LP),1,0,,,Primera Division,2017,zonas,,Fecha 16,Brigadier Estanislao López,false,https://es.wikipedia.org/wiki/Campeonato_de_Primera_División_2017-18_(Argentina)
2018-02-21,21:05,Defensores de Belgrano,Talleres (RdE),1,1,,,Primera B,2017,zonas,,Fecha 17,Juan Pasquale,false,https://es.wikipedia.org/wiki/Campeonato_de_Primera_B_2017-18_(Argentina)
2018-02-22,17:00,Argentino de Quilmes,Luján,1,1,,,Primera C,2017,zonas,,Fecha 23,Argentino de Quilmes,false,https://es.wikipedia.org/wiki/Campeonato_de_Primera_C_2017-18_(Argentina)
2018-02-22,17:00,Comunicaciones,Deportivo Español,3,0,,,Primera B,2017,zonas,,Fecha 17,Alfredo Ramos,false,https://es.wikipedia.org/wiki/Campeonato_de_Primera_B_2017-18_(Argentina)
2018-02-22,17:00,Defensores Unidos,Central Córdoba (R),0,0,,,Primera C,2017,zonas,,Fecha 23,Gigante de Villa Fox,false,https://es.wikipedia.org/wiki/Campeonato_de_Primera_C_2017-18_(Argentina)
2018-02-22,17:00,Defensores de Cambaceres,Sportivo Italiano,3,0,,,Primera C,2017,zonas,,Fecha 23,12 de Octubre,false,https://es.wikipedia.org/wiki/Campeonato_de_Primera_C_2017-18_(Argentina)
2018-02-22,17:00,Deportivo Laferrere,Cañuelas,2,2,,,Primera C,2017,zonas,,Fecha 23,Ciudad de Laferrere,false,https://es.wikipedia.org/wiki/Campeonato_de_Primera_C_2017-18_(Argentina)
2018-02-22,17:00,Dock Sud,El Porvenir,1,2,,,Primera C,2017,zonas,,Fecha 23,De los Inmigrantes,false,https://es.wikipedia.org/wiki/Campeonato_de_Primera_C_2017-18_(Argentina)
2018-02-22,17:00,Ferrocarril Midland,Ituzaingó,0,2,,,Primera C,2017,zonas,,Fecha 23,Ciudad de Libertad,false,https://es.wikipedia.org/wiki/Campeonato_de_Primera_C_2017-18_(Argentina)
2018-02-22,17:00,J. J. de Urquiza,Deportivo Merlo,1,2,,,Primera C,2017,zonas,,Fecha 23,Tres de Febrero,false,https://es.wikipedia.org/wiki/Campeonato_de_Primera_C_2017-18_(Argentina)
2018-02-22,17:00,Leandro N. Alem,Berazategui,4,2,,,Primera C,2017,zonas,,Fecha 23,Leandro N. Alem,false,https://es.wikipedia.org/wiki/Campeonato_de_Primera_C_2017-18_(Argentina)
2018-02-22,17:00,San Martín (B),Excursionistas,2,1,,,Primera C,2017,zonas,,Fecha 23,Francisco Boga,false,https://es.wikipedia.org/wiki/Campeonato_de_Primera_C_2017-18_(Argentina)
2018-02-22,17:00,Sportivo Barracas,Deportivo Armenio,0,0,,,Primera C,2017,zonas,,Fecha 23,Don León Kolbowsky,false,https://es.wikipedia.org/wiki/Campeonato_de_Primera_C_2017-18_(Argentina)
2018-02-23,17:00,Barracas Central,San Telmo,2,0,,,Primera B,2017,zonas,,Fecha 23,Claudio Chiqui Tapia,false,https://es.wikipedia.org/wiki/Campeonato_de_Primera_B_2017-18_(Argentina)
2018-02-23,19:00,Huracán,Estudiantes (LP),1,0,,,Primera Division,2017,zonas,,Fecha 17,Tomás A. Ducó,false,https://es.wikipedia.org/wiki/Campeonato_de_Primera_División_2017-18_(Argentina)
2018-02-23,19:00,Olimpo,Arsenal,2,1,,,Primera Division,2017,zonas,,Fecha 17,Roberto N. Carminati,false,https://es.wikipedia.org/wiki/Campeonato_de_Primera_División_2017-18_(Argentina)
2018-02-23,21:00,Sarmiento (J),Guillermo Brown,2,0,,,Primera Nacional,2017,zonas,,Fecha 16,Eva Perón,false,https://es.wikipedia.org/wiki/Campeonato_de_Primera_B_Nacional_2017-18
2018-02-23,21:15,Godoy Cruz,Racing Club,1,2,,,Primera Division,2017,zonas,,Fecha 17,Malvinas Argentinas,false,https://es.wikipedia.org/wiki/Campeonato_de_Primera_División_2017-18_(Argentina)
2018-02-24,17:00,Acassuso,Fénix,0,0,,,Primera B,2017,zonas,,Fecha 23,República de Italia,false,https://es.wikipedia.org/wiki/Campeonato_de_Primera_B_2017-18_(Argentina)
2018-02-24,17:00,Defensa y Justicia,Patronato,1,0,,,Primera Division,2017,zonas,,Fecha 17,Norberto Tomaghello,false,https://es.wikipedia.org/wiki/Campeonato_de_Primera_División_2017-18_(Argentina)
2018-02-24,17:00,Deportivo Mandiyú,Sportivo Patria,1,1,,,Torneo Federal A,2017,zonas,Zona D,Fecha 5,José Antonio Romero Feris,false,https://es.wikipedia.org/wiki/Torneo_Federal_A_2017-18
2018-02-24,17:00,Deportivo Morón,Aldosivi,3,3,,,Primera Nacional,2017,zonas,,Fecha 16,Nuevo Francisco Urbano,false,https://es.wikipedia.org/wiki/Campeonato_de_Primera_B_Nacional_2017-18
2018-02-24,17:00,Estudiantes (BA),Atlanta,1,0,,,Primera B,2017,zonas,,Fecha 23,Ciudad de Caseros,false,https://es.wikipedia.org/wiki/Campeonato_de_Primera_B_2017-18_(Argentina)
2018-02-24,17:00,Lanús,Rosario Central,1,1,,,Primera Division,2017,zonas,,Fecha 17,Ciudad de Lanús,false,https://es.wikipedia.org/wiki/Campeonato_de_Primera_División_2017-18_(Argentina)
2018-02-24,17:00,Los Andes,Juventud Unida (G),1,0,,,Primera Nacional,2017,zonas,,Fecha 16,Eduardo Gallardón,false,https://es.wikipedia.org/wiki/Campeonato_de_Primera_B_Nacional_2017-18
2018-02-24,17:00,Sacachispas,UAI Urquiza,2,1,,,Primera B,2017,zonas,,Fecha 23,Beto Larrosa,false,https://es.wikipedia.org/wiki/Campeonato_de_Primera_B_2017-18_(Argentina)
2018-02-24,17:05,Platense,Almirante Brown,2,1,,,Primera B,2017,zonas,,Fecha 23,Ciudad de Vicente López,false,https://es.wikipedia.org/wiki/Campeonato_de_Primera_B_2017-18_(Argentina)
2018-02-24,18:00,Sportivo Estudiantes (SL),Almagro,1,0,,,Primera Nacional,2017,zonas,,Fecha 16,Héctor Odicino y Pedro Benoza,false,https://es.wikipedia.org/wiki/Campeonato_de_Primera_B_Nacional_2017-18
2018-02-24,19:00,Villa Dálmine,Flandria,0,1,,,Primera Nacional,2017,zonas,,Fecha 16,El Coliseo de Mitre y Puccini,false,https://es.wikipedia.org/wiki/Campeonato_de_Primera_B_Nacional_2017-18
2018-02-24,19:05,Atlético de Rafaela,Independiente Rivadavia,1,1,,,Primera Nacional,2017,zonas,,Fecha 16,Nuevo Monumental,false,https://es.wikipedia.org/wiki/Campeonato_de_Primera_B_Nacional_2017-18
2018-02-24,19:15,Vélez Sarsfield,River Plate,1,0,,,Primera Division,2017,zonas,,Fecha 17,José Amalfitani,false,https://es.wikipedia.org/wiki/Campeonato_de_Primera_División_2017-18_(Argentina)
2018-02-24,21:00,Rivadavia (L),Cipolletti,1,1,,,Torneo Federal A,2017,zonas,Zona A,Fecha 5,El Coliseo,false,https://es.wikipedia.org/wiki/Torneo_Federal_A_2017-18
2018-02-24,21:30,Atlético Tucumán,Tigre,0,0,,,Primera Division,2017,zonas,,Fecha 17,Monumental José Fierro,false,https://es.wikipedia.org/wiki/Campeonato_de_Primera_División_2017-18_(Argentina)
2018-02-25,17:00,Altos Hornos Zapla,Juventud Antoniana,2,2,,,Torneo Federal A,2017,zonas,Zona D,Fecha 5,Emilio Fabrizzi,false,https://es.wikipedia.org/wiki/Torneo_Federal_A_2017-18
2018-02-25,17:00,Chacarita Juniors,Belgrano,0,1,,,Primera Division,2017,zonas,,Fecha 17,Chacarita Juniors,false,https://es.wikipedia.org/wiki/Campeonato_de_Primera_División_2017-18_(Argentina)
2018-02-25,17:00,Deportivo Armenio,J. J. de Urquiza,2,3,,,Primera C,2017,zonas,,Fecha 24,Armenia,false,https://es.wikipedia.org/wiki/Campeonato_de_Primera_C_2017-18_(Argentina)
2018-02-25,17:00,Excursionistas,Deportivo Laferrere,1,0,,,Primera C,2017,zonas,,Fecha 24,Excursionistas,false,https://es.wikipedia.org/wiki/Campeonato_de_Primera_C_2017-18_(Argentina)
2018-02-25,17:00,Independiente,Banfield,1,0,,,Primera Division,2017,zonas,,Fecha 17,Libertadores de América,false,https://es.wikipedia.org/wiki/Campeonato_de_Primera_División_2017-18_(Argentina)
2018-02-25,17:00,Sansinena,Deportivo Madryn,2,1,,,Torneo Federal A,2017,zonas,Zona A,Fecha 5,Luis Molina,false,https://es.wikipedia.org/wiki/Torneo_Federal_A_2017-18
2018-02-25,17:00,Tristán Suárez,Colegiales,2,0,,,Primera B,2017,zonas,,Fecha 23,20 de Octubre,false,https://es.wikipedia.org/wiki/Campeonato_de_Primera_B_2017-18_(Argentina)
2018-02-25,17:30,Desamparados,Juventud Unida Universitario,0,1,,,Torneo Federal A,2017,zonas,Zona A,Fecha 4,El Serpentario,false,https://es.wikipedia.org/wiki/Torneo_Federal_A_2017-18
2018-02-25,17:30,Huracán Las Heras,San Lorenzo de Alem,3,0,,,Torneo Federal A,2017,zonas,Zona B,Fecha 5,General San Martín,false,https://es.wikipedia.org/wiki/Torneo_Federal_A_2017-18
2018-02-25,18:00,Gimnasia y Tiro (S),Crucero del Norte,0,0,,,Torneo Federal A,2017,zonas,Zona B,Fecha 4,Gigante del Norte,false,https://es.wikipedia.org/wiki/Torneo_Federal_A_2017-18
2018-02-25,18:30,Deportivo Roca,Ferro Carril Oeste (GP),4,1,,,Torneo Federal A,2017,zonas,Zona A,Fecha 4,Luis Maiolino,false,https://es.wikipedia.org/wiki/Torneo_Federal_A_2017-18
2018-02-25,18:30,Douglas Haig,Libertad (S),2,2,,,Torneo Federal A,2017,zonas,Zona C,Fecha 5,Miguel Morales,false,https://es.wikipedia.org/wiki/Torneo_Federal_A_2017-18
2018-02-25,19:00,Boca Unidos,Ferro Carril Oeste,3,1,,,Primera Nacional,2017,zonas,,Fecha 16,Leoncio Benítez,false,https://es.wikipedia.org/wiki/Campeonato_de_Primera_B_Nacional_2017-18
2018-02-25,19:00,Guaraní Antonio Franco,San Jorge (T),2,3,,,Torneo Federal A,2017,zonas,Zona D,Fecha 5,Clemente A. Fernández de Oliveira,false,https://es.wikipedia.org/wiki/Torneo_Federal_A_2017-18
2018-02-25,19:00,Unión (S),Defensores de Belgrano (VR),0,1,,,Torneo Federal A,2017,zonas,Zona B,Fecha 4,De la Avenida,false,https://es.wikipedia.org/wiki/Torneo_Federal_A_2017-18
2018-02-25,19:15,Boca Juniors,San Martín (SJ),4,2,,,Primera Division,2017,zonas,,Fecha 17,La Bombonera,false,https://es.wikipedia.org/wiki/Campeonato_de_Primera_División_2017-18_(Argentina)
2018-02-25,19:15,Unión,Colón,1,1,,,Primera Division,2017,zonas,,Fecha 17,15 de abril,false,https://es.wikipedia.org/wiki/Campeonato_de_Primera_División_2017-18_(Argentina)
2018-02-25,19:30,Sportivo Las Parejas,Atlético Paraná,3,0,,,Torneo Federal A,2017,zonas,Zona C,Fecha 5,4 de Septiembre,false,https://es.wikipedia.org/wiki/Torneo_Federal_A_2017-18
2018-02-25,19:45,Sarmiento (R),Central Córdoba (SdE),0,0,,,Torneo Federal A,2017,zonas,Zona B,Fecha 4,Centenario,false,https://es.wikipedia.org/wiki/Torneo_Federal_A_2017-18
2018-02-25,20:00,Defensores de Pronunciamiento,Gimnasia y Esgrima (CdU),2,2,,,Torneo Federal A,2017,zonas,Zona C,Fecha 5,Delio Cardozo,false,https://es.wikipedia.org/wiki/Torneo_Federal_A_2017-18
2018-02-25,20:00,Sportivo Belgrano,Chaco For Ever,3,0,,,Torneo Federal A,2017,zonas,Zona B,Fecha 4,Oscar C. Boero,false,https://es.wikipedia.org/wiki/Torneo_Federal_A_2017-18
2018-02-25,20:30,Estudiantes (RC),Villa Mitre,1,0,,,Torneo Federal A,2017,zonas,Zona A,Fecha 4,Ciudad de Río Cuarto Antonio Candini,false,https://es.wikipedia.org/wiki/Torneo_Federal_A_2017-18
2018-02-25,20:30,Unión (VK),Gutiérrez,1,2,,,Torneo Federal A,2017,zonas,Zona B,Fecha 5,12 de Octubre,false,https://es.wikipedia.org/wiki/Torneo_Federal_A_2017-18
2018-02-25,20:45,Deportivo Maipú,Unión Aconquija,2,2,,,Torneo Federal A,2017,zonas,Zona B,Fecha 5,Omar Higinio Sperdutti,false,https://es.wikipedia.org/wiki/Torneo_Federal_A_2017-18
2018-02-25,22:00,Mitre (SdE),All Boys,1,2,,,Primera Nacional,2017,zonas,,Fecha 16,Dres. José y Antonio Castiglione,false,https://es.wikipedia.org/wiki/Campeonato_de_Primera_B_Nacional_2017-18
2018-02-26,17:00,Cañuelas,Leandro N. Alem,1,0,,,Primera C,2017,zonas,,Fecha 24,José Alfredo Arín,false,https://es.wikipedia.org/wiki/Campeonato_de_Primera_C_2017-18_(Argentina)
2018-02-26,17:00,Deportivo Riestra,Instituto,2,3,,,Primera Nacional,2017,zonas,,Fecha 16,Eduardo Gallardón,false,https://es.wikipedia.org/wiki/Campeonato_de_Primera_B_Nacional_2017-18
2018-02-26,17:00,Luján,Defensores de Cambaceres,2,2,,,Primera C,2017,zonas,,Fecha 24,Municipal de la Ciudad de Luján,false,https://es.wikipedia.org/wiki/Campeonato_de_Primera_C_2017-18_(Argentina)
2018-02-26,17:00,San Miguel,Deportivo Español,1,0,,,Primera B,2017,zonas,,Fecha 23,Malvinas Argentinas,false,https://es.wikipedia.org/wiki/Campeonato_de_Primera_B_2017-18_(Argentina)
2018-02-26,19:00,Newell's Old Boys,Temperley,0,0,,,Primera Division,2017,zonas,,Fecha 17,Marcelo Bielsa,false,https://es.wikipedia.org/wiki/Campeonato_de_Primera_División_2017-18_(Argentina)
2018-02-26,19:00,Talleres (C),Argentinos Juniors,2,0,,,Primera Division,2017,zonas,,Fecha 17,Mario Alberto Kempes,false,https://es.wikipedia.org/wiki/Campeonato_de_Primera_División_2017-18_(Argentina)
2018-02-26,20:00,Quilmes,Brown de Adrogué,3,0,,,Primera Nacional,2017,zonas,,Fecha 16,Centenario,false,https://es.wikipedia.org/wiki/Campeonato_de_Primera_B_Nacional_2017-18
2018-02-26,20:00,Talleres (RdE),Comunicaciones,1,0,,,Primera B,2017,zonas,,Fecha 23,Talleres,false,https://es.wikipedia.org/wiki/Campeonato_de_Primera_B_2017-18_(Argentina)
2018-02-26,20:30,Ramón Santamarina,San Martín (T),1,2,,,Primera Nacional,2017,zonas,,Fecha 16,Municipal General San Martín,false,https://es.wikipedia.org/wiki/Campeonato_de_Primera_B_Nacional_2017-18
2018-02-26,21:00,Alvarado,Gimnasia y Esgrima (M),1,2,,,Torneo Federal A,2017,zonas,Zona A,Fecha 4,José María Minella,false,https://es.wikipedia.org/wiki/Torneo_Federal_A_2017-18
2018-02-26,21:15,Gimnasia y Esgrima (LP),San Lorenzo,1,0,,,Primera Division,2017,zonas,,Fecha 17,Del Bosque,false,https://es.wikipedia.org/wiki/Campeonato_de_Primera_División_2017-18_(Argentina)
2018-02-26,21:30,Gimnasia y Esgrima (J),Agropecuario,1,0,,,Primera Nacional,2017,zonas,,Fecha 16,23 de Agosto,false,https://es.wikipedia.org/wiki/Campeonato_de_Primera_B_Nacional_2017-18
2018-02-27,17:00,Berazategui,Dock Sud,4,1,,,Primera C,2017,zonas,,Fecha 24,Norman Lee,false,https://es.wikipedia.org/wiki/Campeonato_de_Primera_C_2017-18_(Argentina)
2018-02-27,17:00,Deportivo Merlo,San Martín (B),1,3,,,Primera C,2017,zonas,,Fecha 24,José Manuel Moreno,false,https://es.wikipedia.org/wiki/Campeonato_de_Primera_C_2017-18_(Argentina)
2018-02-27,17:00,El Porvenir,Argentino de Quilmes,0,2,,,Primera C,2017,zonas,,Fecha 24,Gildo Francisco Ghersinich,false,https://es.wikipedia.org/wiki/Campeonato_de_Primera_C_2017-18_(Argentina)
2018-02-27,17:00,Ituzaingó,Defensores Unidos,0,1,,,Primera C,2017,zonas,,Fecha 24,Ituzaingó,false,https://es.wikipedia.org/wiki/Campeonato_de_Primera_C_2017-18_(Argentina)
2018-02-27,17:00,Sportivo Italiano,Ferrocarril Midland,1,1,,,Primera C,2017,zonas,,Fecha 24,República de Italia,false,https://es.wikipedia.org/wiki/Campeonato_de_Primera_C_2017-18_(Argentina)
2018-02-27,20:30,Central Córdoba (R),Sportivo Barracas,1,0,,,Primera C,2017,zonas,,Fecha 24,Gabino Sosa,false,https://es.wikipedia.org/wiki/Campeonato_de_Primera_C_2017-18_(Argentina)
2018-02-28,17:00,Sacachispas,Barracas Central,0,0,,,Primera B,2017,zonas,,Fecha 17,Beto Larrosa,false,https://es.wikipedia.org/wiki/Campeonato_de_Primera_B_2017-18_(Argentina)
2018-02-28,21:40,Defensores de Belgrano,Villa San Carlos,0,0,,,Primera B,2017,zonas,,Fecha 23,Juan Pasquale,false,https://es.wikipedia.org/wiki/Campeonato_de_Primera_B_2017-18_(Argentina)
2018-03-01,17:00,Huracán Las Heras,Gutiérrez,1,1,,,Torneo Federal A,2017,zonas,Zona B,Fecha 6,General San Martín,false,https://es.wikipedia.org/wiki/Torneo_Federal_A_2017-18
2018-03-02,19:00,Arsenal,Lanús,2,1,,,Primera Division,2017,zonas,,Fecha 18,El Viaducto,false,https://es.wikipedia.org/wiki/Campeonato_de_Primera_División_2017-18_(Argentina)
2018-03-02,19:00,Belgrano,Patronato,2,2,,,Primera Division,2017,zonas,,Fecha 18,Gigante de Alberdi,false,https://es.wikipedia.org/wiki/Campeonato_de_Primera_División_2017-18_(Argentina)
2018-03-02,21:00,Gimnasia y Esgrima (CdU),Atlético Paraná,1,3,,,Torneo Federal A,2017,zonas,Zona C,Fecha 6,Manuel y Ramón Núñez,false,https://es.wikipedia.org/wiki/Torneo_Federal_A_2017-18
2018-03-02,21:15,Colón,Huracán,0,0,,,Primera Division,2017,zonas,,Fecha 18,Brigadier Estanislao López,false,https://es.wikipedia.org/wiki/Campeonato_de_Primera_División_2017-18_(Argentina)
2018-03-02,21:45,Unión (VK),Deportivo Maipú,0,0,,,Torneo Federal A,2017,zonas,Zona B,Fecha 6,12 de Octubre,false,https://es.wikipedia.org/wiki/Torneo_Federal_A_2017-18
2018-03-02,22:00,Altos Hornos Zapla,Deportivo Mandiyú,0,0,,,Torneo Federal A,2017,zonas,Zona D,Fecha 6,Emilio Fabrizzi,false,https://es.wikipedia.org/wiki/Torneo_Federal_A_2017-18
2018-03-03,17:00,Almirante Brown,San Miguel,1,2,,,Primera B,2017,zonas,,Fecha 24,Fragata Presidente Sarmiento,false,https://es.wikipedia.org/wiki/Campeonato_de_Primera_B_2017-18_(Argentina)
2018-03-03,17:00,Argentino de Quilmes,Berazategui,4,0,,,Primera C,2017,zonas,,Fecha 25,Argentino de Quilmes,false,https://es.wikipedia.org/wiki/Campeonato_de_Primera_C_2017-18_(Argentina)
2018-03-03,17:00,Brown de Adrogué,Sarmiento (J),2,1,,,Primera Nacional,2017,zonas,,Fecha 17,Lorenzo Arandilla,false,https://es.wikipedia.org/wiki/Campeonato_de_Primera_B_Nacional_2017-18
2018-03-03,17:00,Flandria,Gimnasia y Esgrima (J),0,0,,,Primera Nacional,2017,zonas,,Fecha 17,Carlos V,false,https://es.wikipedia.org/wiki/Campeonato_de_Primera_B_Nacional_2017-18
2018-03-03,17:00,Independiente (N),Deportivo Madryn,1,2,,,Torneo Federal A,2017,zonas,Zona A,Fecha 6,La Nueva Caldera,false,https://es.wikipedia.org/wiki/Torneo_Federal_A_2017-18
2018-03-03,17:00,San Lorenzo,Unión,0,0,,,Primera Division,2017,zonas,,Fecha 18,Nuevo Gasómetro,false,https://es.wikipedia.org/wiki/Campeonato_de_Primera_División_2017-18_(Argentina)
2018-03-03,17:00,Sansinena,Cipolletti,3,1,,,Torneo Federal A,2017,zonas,Zona A,Fecha 6,Luis Molina,false,https://es.wikipedia.org/wiki/Torneo_Federal_A_2017-18
2018-03-03,17:00,Sportivo Patria,San Jorge (T),2,2,,,Torneo Federal A,2017,zonas,Zona D,Fecha 6,Antonio Romero,false,https://es.wikipedia.org/wiki/Torneo_Federal_A_2017-18
2018-03-03,17:00,Tigre,Talleres (C),0,0,,,Primera Division,2017,zonas,,Fecha 18,Monumental de Victoria,false,https://es.wikipedia.org/wiki/Campeonato_de_Primera_División_2017-18_(Argentina)
2018-03-03,17:00,Unión Aconquija,San Lorenzo de Alem,0,1,,,Torneo Federal A,2017,zonas,Zona B,Fecha 6,Municipal de Aconquija,false,https://es.wikipedia.org/wiki/Torneo_Federal_A_2017-18
2018-03-03,17:05,All Boys,Deportivo Morón,0,1,,,Primera Nacional,2017,zonas,,Fecha 17,Islas Malvinas,false,https://es.wikipedia.org/wiki/Campeonato_de_Primera_B_Nacional_2017-18
2018-03-03,19:00,Almagro,Ramón Santamarina,1,0,,,Primera Nacional,2017,zonas,,Fecha 17,Tres de Febrero,false,https://es.wikipedia.org/wiki/Campeonato_de_Primera_B_Nacional_2017-18
2018-03-03,19:15,Rosario Central,Godoy Cruz,1,2,,,Primera Division,2017,zonas,,Fecha 18,Gigante de Arroyito,false,https://es.wikipedia.org/wiki/Campeonato_de_Primera_División_2017-18_(Argentina)
2018-03-03,19:30,Douglas Haig,Defensores de Pronunciamiento,1,1,,,Torneo Federal A,2017,zonas,Zona C,Fecha 6,Miguel Morales,false,https://es.wikipedia.org/wiki/Torneo_Federal_A_2017-18
2018-03-03,19:30,San Martín (T),Nueva Chicago,2,1,,,Primera Nacional,2017,zonas,,Fecha 17,La Ciudadela,false,https://es.wikipedia.org/wiki/Campeonato_de_Primera_B_Nacional_2017-18
2018-03-03,19:35,Aldosivi,Atlético de Rafaela,2,2,,,Primera Nacional,2017,zonas,,Fecha 17,José María Minella,false,https://es.wikipedia.org/wiki/Campeonato_de_Primera_B_Nacional_2017-18
2018-03-03,19:40,Sportivo Las Parejas,Libertad (S),2,1,,,Torneo Federal A,2017,zonas,Zona C,Fecha 6,4 de Septiembre,false,https://es.wikipedia.org/wiki/Torneo_Federal_A_2017-18
2018-03-03,20:00,Ferro Carril Oeste (GP),Desamparados,0,1,,,Torneo Federal A,2017,zonas,Zona A,Fecha 5,El Coloso,false,https://es.wikipedia.org/wiki/Torneo_Federal_A_2017-18
2018-03-03,20:00,Instituto,Sportivo Estudiantes (SL),2,0,,,Primera Nacional,2017,zonas,,Fecha 17,Juan Domingo Perón,false,https://es.wikipedia.org/wiki/Campeonato_de_Primera_B_Nacional_2017-18
2018-03-03,21:00,Guaraní Antonio Franco,Juventud Antoniana,1,4,,,Torneo Federal A,2017,zonas,Zona D,Fecha 6,Clemente A. Fernández de Oliveira,false,https://es.wikipedia.org/wiki/Torneo_Federal_A_2017-18
2018-03-03,21:30,Chaco For Ever,Gimnasia y Tiro (S),1,2,,,Torneo Federal A,2017,zonas,Zona B,Fecha 5,Juan Alberto García,false,https://es.wikipedia.org/wiki/Torneo_Federal_A_2017-18
2018-03-03,21:30,Temperley,Gimnasia y Esgrima (LP),1,1,,,Primera Division,2017,zonas,,Fecha 18,Alfredo Beranger,false,https://es.wikipedia.org/wiki/Campeonato_de_Primera_División_2017-18_(Argentina)
2018-03-04,17:00,Atlético Tucumán,Defensa y Justicia,0,1,,,Primera Division,2017,zonas,,Fecha 18,Monumental José Fierro,false,https://es.wikipedia.org/wiki/Campeonato_de_Primera_División_2017-18_(Argentina)
2018-03-04,17:00,Banfield,Newell's Old Boys,1,0,,,Primera Division,2017,zonas,,Fecha 18,Florencio Sola,false,https://es.wikipedia.org/wiki/Campeonato_de_Primera_División_2017-18_(Argentina)
2018-03-04,17:00,Comunicaciones,Defensores de Belgrano,0,0,,,Primera B,2017,zonas,,Fecha 24,Alfredo Ramos,false,https://es.wikipedia.org/wiki/Campeonato_de_Primera_B_2017-18_(Argentina)
2018-03-04,17:00,Crucero del Norte,Unión (S),3,1,,,Torneo Federal A,2017,zonas,Zona B,Fecha 5,Comandante Andrés Guacurarí,false,https://es.wikipedia.org/wiki/Torneo_Federal_A_2017-18
2018-03-04,17:00,Guillermo Brown,Villa Dálmine,1,1,,,Primera Nacional,2017,zonas,,Fecha 17,Raul Conti,false,https://es.wikipedia.org/wiki/Campeonato_de_Primera_B_Nacional_2017-18
2018-03-04,17:00,Sportivo Barracas,J. J. de Urquiza,1,4,,,Primera C,2017,zonas,,Fecha 25,Don León Kolbowsky,false,https://es.wikipedia.org/wiki/Campeonato_de_Primera_C_2017-18_(Argentina)
2018-03-04,17:00,UAI Urquiza,Acassuso,1,3,,,Primera B,2017,zonas,,Fecha 24,Monumental de Villa Lynch,false,https://es.wikipedia.org/wiki/Campeonato_de_Primera_B_2017-18_(Argentina)
2018-03-04,17:05,Fénix,Platense,0,0,,,Primera B,2017,zonas,,Fecha 24,Malvinas Argentinas,false,https://es.wikipedia.org/wiki/Campeonato_de_Primera_B_2017-18_(Argentina)
2018-03-04,19:00,Central Córdoba (SdE),Sportivo Belgrano,2,0,,,Torneo Federal A,2017,zonas,Zona B,Fecha 5,Alfredo Terrera,false,https://es.wikipedia.org/wiki/Torneo_Federal_A_2017-18
2018-03-04,19:05,Deportivo Español,Estudiantes (BA),1,3,,,Primera B,2017,zonas,,Fecha 24,Nueva España,false,https://es.wikipedia.org/wiki/Campeonato_de_Primera_B_2017-18_(Argentina)
2018-03-04,19:15,River Plate,Chacarita Juniors,1,1,,,Primera Division,2017,zonas,,Fecha 18,Monumental,false,https://es.wikipedia.org/wiki/Campeonato_de_Primera_División_2017-18_(Argentina)
2018-03-04,19:30,Juventud Unida (G),Deportivo Riestra,3,2,,,Primera Nacional,2017,zonas,,Fecha 17,De los Eucaliptos,false,https://es.wikipedia.org/wiki/Campeonato_de_Primera_B_Nacional_2017-18
2018-03-04,20:00,Agropecuario,Los Andes,1,1,,,Primera Nacional,2017,zonas,,Fecha 17,Ofelia Rosenzuaig,false,https://es.wikipedia.org/wiki/Campeonato_de_Primera_B_Nacional_2017-18
2018-03-04,20:00,Central Córdoba (R),Ituzaingó,3,0,,,Primera C,2017,zonas,,Fecha 25,Gabino Sosa,false,https://es.wikipedia.org/wiki/Campeonato_de_Primera_C_2017-18_(Argentina)
2018-03-04,20:00,Defensores de Belgrano (VR),Sarmiento (R),2,2,,,Torneo Federal A,2017,zonas,Zona B,Fecha 5,Salomón Boeseldín,false,https://es.wikipedia.org/wiki/Torneo_Federal_A_2017-18
2018-03-04,20:30,Juventud Unida Universitario,Alvarado,0,1,,,Torneo Federal A,2017,zonas,Zona A,Fecha 5,Mario Sebastián Diez,false,https://es.wikipedia.org/wiki/Torneo_Federal_A_2017-18
2018-03-04,20:30,Villa Mitre,Deportivo Roca,0,3,,,Torneo Federal A,2017,zonas,Zona A,Fecha 5,El Fortín,false,https://es.wikipedia.org/wiki/Torneo_Federal_A_2017-18
2018-03-04,21:30,Racing Club,Vélez Sarsfield,2,1,,,Primera Division,2017,zonas,,Fecha 18,El Cilindro,false,https://es.wikipedia.org/wiki/Campeonato_de_Primera_División_2017-18_(Argentina)
2018-03-05,17:00,Colegiales,Barracas Central,1,1,,,Primera B,2017,zonas,,Fecha 24,Colegiales,false,https://es.wikipedia.org/wiki/Campeonato_de_Primera_B_2017-18_(Argentina)
2018-03-05,17:00,Defensores Unidos,Sportivo Italiano,2,2,,,Primera C,2017,zonas,,Fecha 25,Gigante de Villa Fox,false,https://es.wikipedia.org/wiki/Campeonato_de_Primera_C_2017-18_(Argentina)
2018-03-05,17:00,Deportivo Laferrere,Deportivo Merlo,2,0,,,Primera C,2017,zonas,,Fecha 25,Ciudad de Laferrere,false,https://es.wikipedia.org/wiki/Campeonato_de_Primera_C_2017-18_(Argentina)
2018-03-05,17:00,Leandro N. Alem,Excursionistas,2,0,,,Primera C,2017,zonas,,Fecha 25,Leandro N. Alem,false,https://es.wikipedia.org/wiki/Campeonato_de_Primera_C_2017-18_(Argentina)
2018-03-05,17:00,San Martín (B),Deportivo Armenio,1,0,,,Primera C,2017,zonas,,Fecha 25,Francisco Boga,false,https://es.wikipedia.org/wiki/Campeonato_de_Primera_C_2017-18_(Argentina)
2018-03-05,17:00,San Telmo,Talleres (RdE),0,0,,,Primera B,2017,zonas,,Fecha 24,Dr. Osvaldo Baletto,false,https://es.wikipedia.org/wiki/Campeonato_de_Primera_B_2017-18_(Argentina)
2018-03-05,19:00,Estudiantes (LP),Olimpo,1,0,,,Primera Division,2017,zonas,,Fecha 18,Ciudad de La Plata,false,https://es.wikipedia.org/wiki/Campeonato_de_Primera_División_2017-18_(Argentina)
2018-03-05,19:00,San Martín (SJ),Independiente,0,4,,,Primera Division,2017,zonas,,Fecha 18,Ingeniero Hilario Sánchez,false,https://es.wikipedia.org/wiki/Campeonato_de_Primera_División_2017-18_(Argentina)
2018-03-05,20:00,Ferro Carril Oeste,Quilmes,1,0,,,Primera Nacional,2017,zonas,,Fecha 17,Arquitecto Ricardo Etcheverri,false,https://es.wikipedia.org/wiki/Campeonato_de_Primera_B_Nacional_2017-18
2018-03-05,21:15,Argentinos Juniors,Boca Juniors,2,0,,,Primera Division,2017,zonas,,Fecha 18,Diego Armando Maradona,false,https://es.wikipedia.org/wiki/Campeonato_de_Primera_División_2017-18_(Argentina)
2018-03-06,17:00,Dock Sud,Cañuelas,0,1,,,Primera C,2017,zonas,,Fecha 25,De los Inmigrantes,false,https://es.wikipedia.org/wiki/Campeonato_de_Primera_C_2017-18_(Argentina)
2018-03-06,17:00,Ferrocarril Midland,Luján,2,1,,,Primera C,2017,zonas,,Fecha 25,Ciudad de Libertad,false,https://es.wikipedia.org/wiki/Campeonato_de_Primera_C_2017-18_(Argentina)
2018-03-06,17:00,Villa San Carlos,Sacachispas,3,1,,,Primera B,2017,zonas,,Fecha 24,Genacio Sálice,false,https://es.wikipedia.org/wiki/Campeonato_de_Primera_B_2017-18_(Argentina)
2018-03-06,21:05,Atlanta,Tristán Suárez,1,1,,,Primera B,2017,zonas,,Fecha 24,Don León Kolbowsky,false,https://es.wikipedia.org/wiki/Campeonato_de_Primera_B_2017-18_(Argentina)
2018-03-06,21:30,Cipolletti,Independiente (N),0,1,,,Torneo Federal A,2017,zonas,Zona A,Fecha 7,La Visera de Cemento,false,https://es.wikipedia.org/wiki/Torneo_Federal_A_2017-18
2018-03-06,21:30,Independiente Rivadavia,Boca Unidos,1,1,,,Primera Nacional,2017,zonas,,Fecha 17,Bautista Gargantini,false,https://es.wikipedia.org/wiki/Campeonato_de_Primera_B_Nacional_2017-18
2018-03-07,17:00,Defensores de Cambaceres,El Porvenir,0,1,,,Primera C,2017,zonas,,Fecha 25,12 de Octubre,false,https://es.wikipedia.org/wiki/Campeonato_de_Primera_C_2017-18_(Argentina)
2018-03-07,17:00,Deportivo Mandiyú,San Jorge (T),0,1,,,Torneo Federal A,2017,zonas,Zona D,Fecha 7,José Antonio Romero Feris,false,https://es.wikipedia.org/wiki/Torneo_Federal_A_2017-18
2018-03-07,17:30,Gutiérrez,Unión Aconquija,3,4,,,Torneo Federal A,2017,zonas,Zona B,Fecha 7,General Gutiérrez,false,https://es.wikipedia.org/wiki/Torneo_Federal_A_2017-18
2018-03-07,18:00,Libertad (S),Gimnasia y Esgrima (CdU),2,1,,,Torneo Federal A,2017,zonas,Zona C,Fecha 7,Dr. Plácido Tita,false,https://es.wikipedia.org/wiki/Torneo_Federal_A_2017-18
2018-03-07,20:30,Rivadavia (L),Sansinena,0,2,,,Torneo Federal A,2017,zonas,Zona A,Fecha 7,El Coliseo,false,https://es.wikipedia.org/wiki/Torneo_Federal_A_2017-18
2018-03-07,21:00,Defensores de Pronunciamiento,Atlético Paraná,0,0,,,Torneo Federal A,2017,zonas,Zona C,Fecha 7,Delio Cardozo,false,https://es.wikipedia.org/wiki/Torneo_Federal_A_2017-18
2018-03-07,21:00,Douglas Haig,Sportivo Las Parejas,1,0,,,Torneo Federal A,2017,zonas,Zona C,Fecha 7,Miguel Morales,false,https://es.wikipedia.org/wiki/Torneo_Federal_A_2017-18
2018-03-07,21:30,Deportivo Maipú,San Lorenzo de Alem,2,2,,,Torneo Federal A,2017,zonas,Zona B,Fecha 7,Omar Higinio Sperdutti,false,https://es.wikipedia.org/wiki/Torneo_Federal_A_2017-18
2018-03-07,21:30,Gimnasia y Esgrima (M),Estudiantes (RC),2,0,,,Torneo Federal A,2017,zonas,Zona A,Fecha 5,Víctor Antonio Legrotaglie,false,https://es.wikipedia.org/wiki/Torneo_Federal_A_2017-18
2018-03-07,21:45,Unión (VK),Huracán Las Heras,1,2,,,Torneo Federal A,2017,zonas,Zona B,Fecha 7,12 de Octubre,false,https://es.wikipedia.org/wiki/Torneo_Federal_A_2017-18
2018-03-07,22:00,Altos Hornos Zapla,Guaraní Antonio Franco,2,3,,,Torneo Federal A,2017,zonas,Zona D,Fecha 7,Emilio Fabrizzi,false,https://es.wikipedia.org/wiki/Torneo_Federal_A_2017-18
2018-03-07,22:00,Juventud Antoniana,Sportivo Patria,1,2,,,Torneo Federal A,2017,zonas,Zona D,Fecha 7,Fray Honorato Pistoia,false,https://es.wikipedia.org/wiki/Torneo_Federal_A_2017-18
2018-03-09,17:00,Fénix,UAI Urquiza,0,0,,,Primera B,2017,zonas,,Fecha 25,Malvinas Argentinas,false,https://es.wikipedia.org/wiki/Campeonato_de_Primera_B_2017-18_(Argentina)
2018-03-09,19:00,Gimnasia y Esgrima (LP),Banfield,0,2,,,Primera Division,2017,zonas,,Fecha 19,Del Bosque,false,https://es.wikipedia.org/wiki/Campeonato_de_Primera_División_2017-18_(Argentina)
2018-03-09,19:00,Godoy Cruz,Arsenal,1,0,,,Primera Division,2017,zonas,,Fecha 19,Malvinas Argentinas,false,https://es.wikipedia.org/wiki/Campeonato_de_Primera_División_2017-18_(Argentina)
2018-03-09,20:00,Talleres (RdE),Colegiales,1,2,,,Primera B,2017,zonas,,Fecha 25,Talleres,false,https://es.wikipedia.org/wiki/Campeonato_de_Primera_B_2017-18_(Argentina)
2018-03-09,20:05,Estudiantes (BA),Almirante Brown,1,1,,,Primera B,2017,zonas,,Fecha 25,Ciudad de Caseros,false,https://es.wikipedia.org/wiki/Campeonato_de_Primera_B_2017-18_(Argentina)
2018-03-09,21:00,Atlético de Rafaela,All Boys,1,1,,,Primera Nacional,2017,zonas,,Fecha 18,Nuevo Monumental,false,https://es.wikipedia.org/wiki/Campeonato_de_Primera_B_Nacional_2017-18
2018-03-09,21:00,Platense,San Miguel,0,0,,,Primera B,2017,zonas,,Fecha 25,Ciudad de Vicente López,false,https://es.wikipedia.org/wiki/Campeonato_de_Primera_B_2017-18_(Argentina)
2018-03-09,21:15,Talleres (C),Atlético Tucumán,3,1,,,Primera Division,2017,zonas,,Fecha 19,Mario Alberto Kempes,false,https://es.wikipedia.org/wiki/Campeonato_de_Primera_División_2017-18_(Argentina)
2018-03-10,17:00,Acassuso,Villa San Carlos,2,0,,,Primera B,2017,zonas,,Fecha 25,República de Italia,false,https://es.wikipedia.org/wiki/Campeonato_de_Primera_B_2017-18_(Argentina)
2018-03-10,17:00,Barracas Central,Atlanta,3,1,,,Primera B,2017,zonas,,Fecha 25,Claudio Chiqui Tapia,false,https://es.wikipedia.org/wiki/Campeonato_de_Primera_B_2017-18_(Argentina)
2018-03-10,17:00,Chacarita Juniors,Racing Club,1,1,,,Primera Division,2017,zonas,,Fecha 19,Chacarita Juniors,false,https://es.wikipedia.org/wiki/Campeonato_de_Primera_División_2017-18_(Argentina)
2018-03-10,17:00,Defensores de Belgrano,San Telmo,2,2,,,Primera B,2017,zonas,,Fecha 25,Juan Pasquale,false,https://es.wikipedia.org/wiki/Campeonato_de_Primera_B_2017-18_(Argentina)
2018-03-10,17:00,Los Andes,Flandria,0,0,,,Primera Nacional,2017,zonas,,Fecha 18,Eduardo Gallardón,false,https://es.wikipedia.org/wiki/Campeonato_de_Primera_B_Nacional_2017-18
2018-03-10,17:00,Nueva Chicago,Almagro,2,4,,,Primera Nacional,2017,zonas,,Fecha 18,Nueva Chicago,false,https://es.wikipedia.org/wiki/Campeonato_de_Primera_B_Nacional_2017-18
2018-03-10,17:00,Olimpo,Colón,0,3,,,Primera Division,2017,zonas,,Fecha 19,Roberto N. Carminati,false,https://es.wikipedia.org/wiki/Campeonato_de_Primera_División_2017-18_(Argentina)
2018-03-10,17:00,Tristán Suárez,Deportivo Español,1,1,,,Primera B,2017,zonas,,Fecha 25,20 de Octubre,false,https://es.wikipedia.org/wiki/Campeonato_de_Primera_B_2017-18_(Argentina)
2018-03-10,17:05,Deportivo Morón,Mitre (SdE),1,1,,,Primera Nacional,2017,zonas,,Fecha 18,Nuevo Francisco Urbano,false,https://es.wikipedia.org/wiki/Campeonato_de_Primera_B_Nacional_2017-18
2018-03-10,17:05,Deportivo Riestra,Agropecuario,0,0,,,Primera Nacional,2017,zonas,,Fecha 18,Guillermo Laza,false,https://es.wikipedia.org/wiki/Campeonato_de_Primera_B_Nacional_2017-18
2018-03-10,19:00,Sarmiento (J),Ferro Carril Oeste,1,2,,,Primera Nacional,2017,zonas,,Fecha 18,Eva Perón,false,https://es.wikipedia.org/wiki/Campeonato_de_Primera_B_Nacional_2017-18
2018-03-10,19:00,Villa Dálmine,Brown de Adrogué,0,0,,,Primera Nacional,2017,zonas,,Fecha 18,El Coliseo de Mitre y Puccini,false,https://es.wikipedia.org/wiki/Campeonato_de_Primera_B_Nacional_2017-18
2018-03-10,19:15,Boca Juniors,Tigre,2,1,,,Primera Division,2017,zonas,,Fecha 19,La Bombonera,false,https://es.wikipedia.org/wiki/Campeonato_de_Primera_División_2017-18_(Argentina)
2018-03-10,21:30,Patronato,River Plate,0,1,,,Primera Division,2017,zonas,,Fecha 19,Presbítero Bartolomé Grella,false,https://es.wikipedia.org/wiki/Campeonato_de_Primera_División_2017-18_(Argentina)
2018-03-11,17:00,Cañuelas,Argentino de Quilmes,1,3,,,Primera C,2017,zonas,,Fecha 26,José Alfredo Arín,false,https://es.wikipedia.org/wiki/Campeonato_de_Primera_C_2017-18_(Argentina)
2018-03-11,17:00,Deportivo Armenio,Deportivo Laferrere,0,0,,,Primera C,2017,zonas,,Fecha 26,Armenia,false,https://es.wikipedia.org/wiki/Campeonato_de_Primera_C_2017-18_(Argentina)
2018-03-11,17:00,Deportivo Madryn,Cipolletti,2,1,,,Torneo Federal A,2017,zonas,Zona A,Fecha 8,Abel Sastre,false,https://es.wikipedia.org/wiki/Torneo_Federal_A_2017-18
2018-03-11,17:00,Excursionistas,Dock Sud,4,0,,,Primera C,2017,zonas,,Fecha 26,Excursionistas,false,https://es.wikipedia.org/wiki/Campeonato_de_Primera_C_2017-18_(Argentina)
2018-03-11,17:00,Gimnasia y Esgrima (J),Guillermo Brown,2,0,,,Primera Nacional,2017,zonas,,Fecha 18,23 De Agosto,false,https://es.wikipedia.org/wiki/Campeonato_de_Primera_B_Nacional_2017-18
2018-03-11,17:00,Huracán,San Lorenzo,1,1,,,Primera Division,2017,zonas,,Fecha 19,Tomás A. Ducó,false,https://es.wikipedia.org/wiki/Campeonato_de_Primera_División_2017-18_(Argentina)
2018-03-11,17:00,Independiente (N),Rivadavia (L),3,1,,,Torneo Federal A,2017,zonas,Zona A,Fecha 8,La Nueva Caldera,false,https://es.wikipedia.org/wiki/Torneo_Federal_A_2017-18
2018-03-11,17:00,Ituzaingó,Sportivo Barracas,1,1,,,Primera C,2017,zonas,,Fecha 26,Ituzaingó,false,https://es.wikipedia.org/wiki/Campeonato_de_Primera_C_2017-18_(Argentina)
2018-03-11,17:00,J. J. de Urquiza,San Martín (B),1,0,,,Primera C,2017,zonas,,Fecha 26,Tres de Febrero,false,https://es.wikipedia.org/wiki/Campeonato_de_Primera_C_2017-18_(Argentina)
2018-03-11,17:00,Lanús,Estudiantes (LP),0,0,,,Primera Division,2017,zonas,,Fecha 19,Ciudad de Lanús,false,https://es.wikipedia.org/wiki/Campeonato_de_Primera_División_2017-18_(Argentina)
2018-03-11,17:00,Luján,Defensores Unidos,2,1,,,Primera C,2017,zonas,,Fecha 26,Municipal de la Ciudad de Luján,false,https://es.wikipedia.org/wiki/Campeonato_de_Primera_C_2017-18_(Argentina)
2018-03-11,17:00,Sacachispas,Comunicaciones,2,1,,,Primera B,2017,zonas,,Fecha 25,Beto Larrosa,false,https://es.wikipedia.org/wiki/Campeonato_de_Primera_B_2017-18_(Argentina)
2018-03-11,17:00,San Jorge (T),Juventud Antoniana,0,0,,,Torneo Federal A,2017,zonas,Zona D,Fecha 8,Ángel Pascual Sáez,false,https://es.wikipedia.org/wiki/Torneo_Federal_A_2017-18
2018-03-11,17:00,Sportivo Italiano,Central Córdoba (R),1,2,,,Primera C,2017,zonas,,Fecha 26,República de Italia,false,https://es.wikipedia.org/wiki/Campeonato_de_Primera_C_2017-18_(Argentina)
2018-03-11,17:00,Sportivo Patria,Altos Hornos Zapla,1,1,,,Torneo Federal A,2017,zonas,Zona D,Fecha 8,Antonio Romero,false,https://es.wikipedia.org/wiki/Torneo_Federal_A_2017-18
2018-03-11,17:00,Unión Aconquija,Unión (VK),0,1,,,Torneo Federal A,2017,zonas,Zona B,Fecha 8,Municipal de Aconquija,false,https://es.wikipedia.org/wiki/Torneo_Federal_A_2017-18
2018-03-11,17:05,Sportivo Estudiantes (SL),Juventud Unida (G),1,0,,,Primera Nacional,2017,zonas,,Fecha 18,Héctor Odicino y Pedro Benoza,false,https://es.wikipedia.org/wiki/Campeonato_de_Primera_B_Nacional_2017-18
2018-03-11,17:40,Huracán Las Heras,Deportivo Maipú,2,0,,,Torneo Federal A,2017,zonas,Zona B,Fecha 8,General San Martín,false,https://es.wikipedia.org/wiki/Torneo_Federal_A_2017-18
2018-03-11,18:00,San Lorenzo de Alem,Gutiérrez,1,0,,,Torneo Federal A,2017,zonas,Zona B,Fecha 8,Malvinas Argentinas,false,https://es.wikipedia.org/wiki/Torneo_Federal_A_2017-18
2018-03-11,18:30,Unión (S),Gimnasia y Tiro (S),2,1,,,Torneo Federal A,2017,zonas,Zona B,Fecha 6,De la Avenida,false,https://es.wikipedia.org/wiki/Torneo_Federal_A_2017-18
2018-03-11,19:00,Guaraní Antonio Franco,Deportivo Mandiyú,2,4,,,Torneo Federal A,2017,zonas,Zona D,Fecha 8,Clemente A. Fernández de Oliveira,false,https://es.wikipedia.org/wiki/Torneo_Federal_A_2017-18
2018-03-11,19:00,Quilmes,Independiente Rivadavia,0,1,,,Primera Nacional,2017,zonas,,Fecha 18,Centenario,false,https://es.wikipedia.org/wiki/Campeonato_de_Primera_B_Nacional_2017-18
2018-03-11,19:00,Sarmiento (R),Crucero del Norte,1,0,,,Torneo Federal A,2017,zonas,Zona B,Fecha 6,Centenario,false,https://es.wikipedia.org/wiki/Torneo_Federal_A_2017-18
2018-03-11,19:15,Vélez Sarsfield,Rosario Central,2,2,,,Primera Division,2017,zonas,,Fecha 19,José Amalfitani,false,https://es.wikipedia.org/wiki/Campeonato_de_Primera_División_2017-18_(Argentina)
2018-03-11,19:30,Atlético Paraná,Libertad (S),2,0,,,Torneo Federal A,2017,zonas,Zona C,Fecha 8,Pedro Mutio,false,https://es.wikipedia.org/wiki/Torneo_Federal_A_2017-18
2018-03-11,19:30,Sportivo Las Parejas,Defensores de Pronunciamiento,2,1,,,Torneo Federal A,2017,zonas,Zona C,Fecha 8,4 de Septiembre,false,https://es.wikipedia.org/wiki/Torneo_Federal_A_2017-18
2018-03-11,20:00,Central Córdoba (SdE),Chaco For Ever,1,0,,,Torneo Federal A,2017,zonas,Zona B,Fecha 6,Alfredo Terrera,false,https://es.wikipedia.org/wiki/Torneo_Federal_A_2017-18
2018-03-11,20:00,Gimnasia y Esgrima (CdU),Douglas Haig,0,0,,,Torneo Federal A,2017,zonas,Zona C,Fecha 8,Manuel y Ramón Núñez,false,https://es.wikipedia.org/wiki/Torneo_Federal_A_2017-18
2018-03-11,20:00,Sportivo Belgrano,Defensores de Belgrano (VR),1,0,,,Torneo Federal A,2017,zonas,Zona B,Fecha 6,Oscar C. Boero,false,https://es.wikipedia.org/wiki/Torneo_Federal_A_2017-18
2018-03-11,20:30,Alvarado,Ferro Carril Oeste (GP),3,1,,,Torneo Federal A,2017,zonas,Zona A,Fecha 6,José María Minella,false,https://es.wikipedia.org/wiki/Torneo_Federal_A_2017-18
2018-03-11,20:30,Desamparados,Deportivo Roca,1,0,,,Torneo Federal A,2017,zonas,Zona A,Fecha 6,El Serpentario,false,https://es.wikipedia.org/wiki/Torneo_Federal_A_2017-18
2018-03-11,20:30,Estudiantes (RC),Juventud Unida Universitario,4,2,,,Torneo Federal A,2017,zonas,Zona A,Fecha 6,Ciudad de Río Cuarto Antonio Candini,false,https://es.wikipedia.org/wiki/Torneo_Federal_A_2017-18
2018-03-11,21:30,Independiente,Argentinos Juniors,2,1,,,Primera Division,2017,zonas,,Fecha 19,Libertadores de América,false,https://es.wikipedia.org/wiki/Campeonato_de_Primera_División_2017-18_(Argentina)
2018-03-12,17:00,Deportivo Merlo,Leandro N. Alem,3,0,,,Primera C,2017,zonas,,Fecha 26,José Manuel Moreno,false,https://es.wikipedia.org/wiki/Campeonato_de_Primera_C_2017-18_(Argentina)
2018-03-12,17:00,El Porvenir,Ferrocarril Midland,0,0,,,Primera C,2017,zonas,,Fecha 26,Gildo Francisco Ghersinich,false,https://es.wikipedia.org/wiki/Campeonato_de_Primera_C_2017-18_(Argentina)
2018-03-12,19:00,Defensa y Justicia,Belgrano,1,1,,,Primera Division,2017,zonas,,Fecha 19,Norberto Tomaghello,false,https://es.wikipedia.org/wiki/Campeonato_de_Primera_División_2017-18_(Argentina)
2018-03-12,19:00,Unión,Temperley,3,0,,,Primera Division,2017,zonas,,Fecha 19,15 de abril,false,https://es.wikipedia.org/wiki/Campeonato_de_Primera_División_2017-18_(Argentina)
2018-03-12,20:30,Ramón Santamarina,Instituto,1,0,,,Primera Nacional,2017,zonas,,Fecha 18,Municipal General San Martin,false,https://es.wikipedia.org/wiki/Campeonato_de_Primera_B_Nacional_2017-18
2018-03-12,21:10,Boca Unidos,Aldosivi,0,1,,,Primera Nacional,2017,zonas,,Fecha 18,Leoncio Benítez,false,https://es.wikipedia.org/wiki/Campeonato_de_Primera_B_Nacional_2017-18
2018-03-12,21:15,Newell's Old Boys,San Martín (SJ),2,0,,,Primera Division,2017,zonas,,Fecha 19,Marcelo Bielsa,false,https://es.wikipedia.org/wiki/Campeonato_de_Primera_División_2017-18_(Argentina)
2018-03-12,21:30,Gimnasia y Esgrima (M),Villa Mitre,2,2,,,Torneo Federal A,2017,zonas,Zona A,Fecha 6,Víctor Antonio Legrotaglie,false,https://es.wikipedia.org/wiki/Torneo_Federal_A_2017-18
2018-03-13,17:00,Berazategui,Defensores de Cambaceres,1,3,,,Primera C,2017,zonas,,Fecha 26,Norman Lee,false,https://es.wikipedia.org/wiki/Campeonato_de_Primera_C_2017-18_(Argentina)
2018-03-13,17:00,Colegiales,Defensores de Belgrano,1,3,,,Primera B,2017,zonas,,Fecha 26,Colegiales,false,https://es.wikipedia.org/wiki/Campeonato_de_Primera_B_2017-18_(Argentina)
2018-03-14,15:10,San Miguel,Estudiantes (BA),3,0,,,Primera B,2017,zonas,,Fecha 26,Malvinas Argentinas,false,https://es.wikipedia.org/wiki/Campeonato_de_Primera_B_2017-18_(Argentina)
2018-03-14,15:10,UAI Urquiza,Platense,0,0,,,Primera B,2017,zonas,,Fecha 26,Monumental de Villa Lynch,false,https://es.wikipedia.org/wiki/Campeonato_de_Primera_B_2017-18_(Argentina)
2018-03-14,16:00,Atlanta,Talleres (RdE),3,0,,,Primera B,2017,zonas,,Fecha 26,Don León Kolbowsky,false,https://es.wikipedia.org/wiki/Campeonato_de_Primera_B_2017-18_(Argentina)
2018-03-14,16:00,Comunicaciones,Acassuso,1,0,,,Primera B,2017,zonas,,Fecha 26,Alfredo Ramos,false,https://es.wikipedia.org/wiki/Campeonato_de_Primera_B_2017-18_(Argentina)
2018-03-14,16:00,San Telmo,Sacachispas,0,0,,,Primera B,2017,zonas,,Fecha 26,Dr. Osvaldo Baletto,false,https://es.wikipedia.org/wiki/Campeonato_de_Primera_B_2017-18_(Argentina)
2018-03-14,16:35,Villa San Carlos,Fénix,2,1,,,Primera B,2017,zonas,,Fecha 26,Genacio Sálice,false,https://es.wikipedia.org/wiki/Campeonato_de_Primera_B_2017-18_(Argentina)
2018-03-15,16:05,Deportivo Español,Barracas Central,1,0,,,Primera B,2017,zonas,,Fecha 26,Nueva España,false,https://es.wikipedia.org/wiki/Campeonato_de_Primera_B_2017-18_(Argentina)
2018-03-16,16:00,Defensores Unidos,El Porvenir,2,0,,,Primera C,2017,zonas,,Fecha 27,Gigante de Villa Fox,false,https://es.wikipedia.org/wiki/Campeonato_de_Primera_C_2017-18_(Argentina)
2018-03-16,16:00,Dock Sud,Deportivo Merlo,1,1,,,Primera C,2017,zonas,,Fecha 27,De los Inmigrantes,false,https://es.wikipedia.org/wiki/Campeonato_de_Primera_C_2017-18_(Argentina)
2018-03-16,16:00,Ituzaingó,Sportivo Italiano,2,0,,,Primera C,2017,zonas,,Fecha 27,Ituzaingó,false,https://es.wikipedia.org/wiki/Campeonato_de_Primera_C_2017-18_(Argentina)
2018-03-16,16:00,Leandro N. Alem,Deportivo Armenio,3,1,,,Primera C,2017,zonas,,Fecha 27,Leandro N. Alem,false,https://es.wikipedia.org/wiki/Campeonato_de_Primera_C_2017-18_(Argentina)
2018-03-16,16:05,Sportivo Barracas,San Martín (B),0,2,,,Primera C,2017,zonas,,Fecha 27,Don León Kolbowsky,false,https://es.wikipedia.org/wiki/Campeonato_de_Primera_C_2017-18_(Argentina)
2018-03-16,19:00,Rosario Central,Chacarita Juniors,3,1,,,Primera Division,2017,zonas,,Fecha 20,Gigante de Arroyito,false,https://es.wikipedia.org/wiki/Campeonato_de_Primera_División_2017-18_(Argentina)
2018-03-16,21:00,Defensores de Pronunciamiento,Libertad (S),2,1,,,Torneo Federal A,2017,zonas,Zona C,Fecha 9,Delio Cardozo,false,https://es.wikipedia.org/wiki/Torneo_Federal_A_2017-18
2018-03-16,21:15,Colón,Lanús,1,2,,,Primera Division,2017,zonas,,Fecha 20,Brigadier Estanislao López,false,https://es.wikipedia.org/wiki/Campeonato_de_Primera_División_2017-18_(Argentina)
2018-03-17,11:00,Flandria,Deportivo Riestra,1,1,,,Primera Nacional,2017,zonas,,Fecha 19,Carlos V,false,https://es.wikipedia.org/wiki/Campeonato_de_Primera_B_Nacional_2017-18
2018-03-17,13:10,Defensores de Belgrano,Atlanta,1,1,,,Primera B,2017,zonas,,Fecha 27,Juan Pasquale,false,https://es.wikipedia.org/wiki/Campeonato_de_Primera_B_2017-18_(Argentina)
2018-03-17,13:15,Argentinos Juniors,Newell's Old Boys,1,0,,,Primera Division,2017,zonas,,Fecha 20,Diego Armando Maradona,false,https://es.wikipedia.org/wiki/Campeonato_de_Primera_División_2017-18_(Argentina)
2018-03-17,13:15,Temperley,Huracán,1,2,,,Primera Division,2017,zonas,,Fecha 20,Alfredo Beranger,false,https://es.wikipedia.org/wiki/Campeonato_de_Primera_División_2017-18_(Argentina)
2018-03-17,15:30,Brown de Adrogué,Gimnasia y Esgrima (J),0,2,,,Primera Nacional,2017,zonas,,Fecha 19,Lorenzo Arandilla,false,https://es.wikipedia.org/wiki/Campeonato_de_Primera_B_Nacional_2017-18
2018-03-17,15:30,San Martín (SJ),Gimnasia y Esgrima (LP),3,0,,,Primera Division,2017,zonas,,Fecha 20,Ingeniero Hilario Sánchez,false,https://es.wikipedia.org/wiki/Campeonato_de_Primera_División_2017-18_(Argentina)
2018-03-17,16:00,Argentino de Quilmes,Excursionistas,2,1,,,Primera C,2017,zonas,,Fecha 27,Argentino de Quilmes,false,https://es.wikipedia.org/wiki/Campeonato_de_Primera_C_2017-18_(Argentina)
2018-03-17,16:00,Defensores de Cambaceres,Cañuelas,3,2,,,Primera C,2017,zonas,,Fecha 27,12 de Octubre,false,https://es.wikipedia.org/wiki/Campeonato_de_Primera_C_2017-18_(Argentina)
2018-03-17,16:00,Deportivo Laferrere,J. J. de Urquiza,1,0,,,Primera C,2017,zonas,,Fecha 27,Ciudad de Laferrere,false,https://es.wikipedia.org/wiki/Campeonato_de_Primera_C_2017-18_(Argentina)
2018-03-17,16:00,Ferrocarril Midland,Berazategui,1,2,,,Primera C,2017,zonas,,Fecha 27,Ciudad de Libertad,false,https://es.wikipedia.org/wiki/Campeonato_de_Primera_C_2017-18_(Argentina)
2018-03-17,17:00,Ferro Carril Oeste,Villa Dálmine,2,1,,,Primera Nacional,2017,zonas,,Fecha 19,Arquitecto Ricardo Etcheverri,false,https://es.wikipedia.org/wiki/Campeonato_de_Primera_B_Nacional_2017-18
2018-03-17,17:05,Almagro,San Martín (T),1,1,,,Primera Nacional,2017,zonas,,Fecha 19,Tres de Febrero,false,https://es.wikipedia.org/wiki/Campeonato_de_Primera_B_Nacional_2017-18
2018-03-17,17:45,San Lorenzo,Olimpo,2,0,,,Primera Division,2017,zonas,,Fecha 20,Nuevo Gasómetro,false,https://es.wikipedia.org/wiki/Campeonato_de_Primera_División_2017-18_(Argentina)
2018-03-17,19:00,Central Córdoba (R),Luján,0,0,,,Primera C,2017,zonas,,Fecha 27,Gabino Sosa,false,https://es.wikipedia.org/wiki/Campeonato_de_Primera_C_2017-18_(Argentina)
2018-03-17,19:05,Agropecuario,Sportivo Estudiantes (SL),1,0,,,Primera Nacional,2017,zonas,,Fecha 19,Ofelia Rosenzuaig,false,https://es.wikipedia.org/wiki/Campeonato_de_Primera_B_Nacional_2017-18
2018-03-17,20:00,Talleres (C),Defensa y Justicia,1,0,,,Primera Division,2017,zonas,,Fecha 20,Mario Alberto Kempes,false,https://es.wikipedia.org/wiki/Campeonato_de_Primera_División_2017-18_(Argentina)
2018-03-18,11:00,Racing Club,Patronato,5,0,,,Primera Division,2017,zonas,,Fecha 20,El Cilindro,false,https://es.wikipedia.org/wiki/Campeonato_de_Primera_División_2017-18_(Argentina)
2018-03-18,13:15,Arsenal,Vélez Sarsfield,1,1,,,Primera Division,2017,zonas,,Fecha 20,El Viaducto,false,https://es.wikipedia.org/wiki/Campeonato_de_Primera_División_2017-18_(Argentina)
2018-03-18,15:30,Douglas Haig,Atlético Paraná,1,1,,,Torneo Federal A,2017,zonas,Zona C,Fecha 9,Miguel Morales,false,https://es.wikipedia.org/wiki/Torneo_Federal_A_2017-18
2018-03-18,15:30,Estudiantes (LP),Godoy Cruz,0,1,,,Primera Division,2017,zonas,,Fecha 20,Ciudad de La Plata,false,https://es.wikipedia.org/wiki/Campeonato_de_Primera_División_2017-18_(Argentina)
2018-03-18,15:30,Guillermo Brown,Los Andes,0,0,,,Primera Nacional,2017,zonas,,Fecha 19,Raul Conti,false,https://es.wikipedia.org/wiki/Campeonato_de_Primera_B_Nacional_2017-18
2018-03-18,16:00,Acassuso,San Telmo,1,0,,,Primera B,2017,zonas,,Fecha 27,República de Italia,false,https://es.wikipedia.org/wiki/Campeonato_de_Primera_B_2017-18_(Argentina)
2018-03-18,16:00,Deportivo Mandiyú,Juventud Antoniana,1,0,,,Torneo Federal A,2017,zonas,Zona D,Fecha 9,José Antonio Romero Feris,false,https://es.wikipedia.org/wiki/Torneo_Federal_A_2017-18
2018-03-18,16:00,Fénix,Comunicaciones,1,1,,,Primera B,2017,zonas,,Fecha 27,Malvinas Argentinas,false,https://es.wikipedia.org/wiki/Campeonato_de_Primera_B_2017-18_(Argentina)
2018-03-18,16:00,Juventud Unida (G),Ramón Santamarina,2,0,,,Primera Nacional,2017,zonas,,Fecha 19,De los Eucaliptos,false,https://es.wikipedia.org/wiki/Campeonato_de_Primera_B_Nacional_2017-18
2018-03-18,16:00,Sacachispas,Colegiales,0,3,,,Primera B,2017,zonas,,Fecha 27,Beto Larrosa,false,https://es.wikipedia.org/wiki/Campeonato_de_Primera_B_2017-18_(Argentina)
2018-03-18,16:30,Chaco For Ever,Unión (S),3,0,,,Torneo Federal A,2017,zonas,Zona B,Fecha 7,Juan Alberto García,false,https://es.wikipedia.org/wiki/Torneo_Federal_A_2017-18
2018-03-18,16:30,Crucero del Norte,Sportivo Belgrano,1,0,,,Torneo Federal A,2017,zonas,Zona B,Fecha 7,Comandante Andrés Guacurarí,false,https://es.wikipedia.org/wiki/Torneo_Federal_A_2017-18
2018-03-18,16:30,Defensores de Belgrano (VR),Central Córdoba (SdE),1,0,,,Torneo Federal A,2017,zonas,Zona B,Fecha 7,Salomón Boeseldín,false,https://es.wikipedia.org/wiki/Torneo_Federal_A_2017-18
2018-03-18,16:30,Deportivo Roca,Alvarado,4,2,,,Torneo Federal A,2017,zonas,Zona A,Fecha 7,Luis Maiolino,false,https://es.wikipedia.org/wiki/Torneo_Federal_A_2017-18
2018-03-18,16:30,Ferro Carril Oeste (GP),Estudiantes (RC),1,0,,,Torneo Federal A,2017,zonas,Zona A,Fecha 7,El Coloso,false,https://es.wikipedia.org/wiki/Torneo_Federal_A_2017-18
2018-03-18,16:30,Gimnasia y Tiro (S),Sarmiento (R),1,1,,,Torneo Federal A,2017,zonas,Zona B,Fecha 7,Gigante del Norte,false,https://es.wikipedia.org/wiki/Torneo_Federal_A_2017-18
2018-03-18,16:30,Juventud Unida Universitario,Gimnasia y Esgrima (M),2,1,,,Torneo Federal A,2017,zonas,Zona A,Fecha 7,Mario Sebastián Diez,false,https://es.wikipedia.org/wiki/Torneo_Federal_A_2017-18
2018-03-18,16:30,Rivadavia (L),Deportivo Madryn,0,2,,,Torneo Federal A,2017,zonas,Zona A,Fecha 9,El Coliseo,false,https://es.wikipedia.org/wiki/Torneo_Federal_A_2017-18
2018-03-18,16:30,Sansinena,Independiente (N),0,0,,,Torneo Federal A,2017,zonas,Zona A,Fecha 9,Luis Molina,false,https://es.wikipedia.org/wiki/Torneo_Federal_A_2017-18
2018-03-18,16:30,Villa Mitre,Desamparados,3,1,,,Torneo Federal A,2017,zonas,Zona A,Fecha 7,El Fortín,false,https://es.wikipedia.org/wiki/Torneo_Federal_A_2017-18
2018-03-18,17:00,Altos Hornos Zapla,San Jorge (T),0,1,,,Torneo Federal A,2017,zonas,Zona D,Fecha 9,Emilio Fabrizzi,false,https://es.wikipedia.org/wiki/Torneo_Federal_A_2017-18
2018-03-18,17:00,Huracán Las Heras,Unión Aconquija,3,0,,,Torneo Federal A,2017,zonas,Zona B,Fecha 9,General San Martín,false,https://es.wikipedia.org/wiki/Torneo_Federal_A_2017-18
2018-03-18,17:00,Mitre (SdE),Atlético de Rafaela,1,0,,,Primera Nacional,2017,zonas,,Fecha 19,Dres. José y Antonio Castiglione,false,https://es.wikipedia.org/wiki/Campeonato_de_Primera_B_Nacional_2017-18
2018-03-18,17:00,Unión (VK),San Lorenzo de Alem,1,0,,,Torneo Federal A,2017,zonas,Zona B,Fecha 9,12 de Octubre,false,https://es.wikipedia.org/wiki/Torneo_Federal_A_2017-18
2018-03-18,17:45,Atlético Tucumán,Boca Juniors,1,1,,,Primera Division,2017,zonas,,Fecha 20,Monumental José Fierro,false,https://es.wikipedia.org/wiki/Campeonato_de_Primera_División_2017-18_(Argentina)
2018-03-18,17:45,Deportivo Maipú,Gutiérrez,1,1,,,Torneo Federal A,2017,zonas,Zona B,Fecha 9,Omar Higinio Sperdutti,false,https://es.wikipedia.org/wiki/Torneo_Federal_A_2017-18
2018-03-18,18:00,Instituto,Nueva Chicago,1,0,,,Primera Nacional,2017,zonas,,Fecha 19,Mario Alberto Kempes,false,https://es.wikipedia.org/wiki/Campeonato_de_Primera_B_Nacional_2017-18
2018-03-18,18:00,Sportivo Las Parejas,Gimnasia y Esgrima (CdU),2,0,,,Torneo Federal A,2017,zonas,Zona C,Fecha 9,4 de Septiembre,false,https://es.wikipedia.org/wiki/Torneo_Federal_A_2017-18
2018-03-18,19:00,All Boys,Boca Unidos,0,2,,,Primera Nacional,2017,zonas,,Fecha 19,Islas Malvinas,false,https://es.wikipedia.org/wiki/Campeonato_de_Primera_B_Nacional_2017-18
2018-03-18,19:30,Guaraní Antonio Franco,Sportivo Patria,0,0,,,Torneo Federal A,2017,zonas,Zona D,Fecha 9,Clemente A. Fernández de Oliveira,false,https://es.wikipedia.org/wiki/Torneo_Federal_A_2017-18
2018-03-18,19:30,Independiente Rivadavia,Sarmiento (J),0,1,,,Primera Nacional,2017,zonas,,Fecha 19,Bautista Gargantini,false,https://es.wikipedia.org/wiki/Campeonato_de_Primera_B_Nacional_2017-18
2018-03-18,20:00,River Plate,Belgrano,3,1,,,Primera Division,2017,zonas,,Fecha 20,Monumental,false,https://es.wikipedia.org/wiki/Campeonato_de_Primera_División_2017-18_(Argentina)
2018-03-19,15:05,Tristán Suárez,San Miguel,2,3,,,Primera B,2017,zonas,,Fecha 27,20 de Octubre,false,https://es.wikipedia.org/wiki/Campeonato_de_Primera_B_2017-18_(Argentina)
2018-03-19,16:00,Barracas Central,Almirante Brown,3,1,,,Primera B,2017,zonas,,Fecha 27,Claudio Chiqui Tapia,false,https://es.wikipedia.org/wiki/Campeonato_de_Primera_B_2017-18_(Argentina)
2018-03-19,16:00,Talleres (RdE),Deportivo Español,1,1,,,Primera B,2017,zonas,,Fecha 27,Talleres,false,https://es.wikipedia.org/wiki/Campeonato_de_Primera_B_2017-18_(Argentina)
2018-03-19,16:00,UAI Urquiza,Villa San Carlos,1,1,,,Primera B,2017,zonas,,Fecha 27,Monumental de Villa Lynch,false,https://es.wikipedia.org/wiki/Campeonato_de_Primera_B_2017-18_(Argentina)
2018-03-19,19:00,Banfield,Unión,0,2,,,Primera Division,2017,zonas,,Fecha 20,Florencio Sola,false,https://es.wikipedia.org/wiki/Campeonato_de_Primera_División_2017-18_(Argentina)
2018-03-19,21:05,Aldosivi,Quilmes,1,3,,,Primera Nacional,2017,zonas,,Fecha 19,José María Minella,false,https://es.wikipedia.org/wiki/Campeonato_de_Primera_B_Nacional_2017-18
2018-03-19,21:15,Tigre,Independiente,1,1,,,Primera Division,2017,zonas,,Fecha 20,Monumental de Victoria,false,https://es.wikipedia.org/wiki/Campeonato_de_Primera_División_2017-18_(Argentina)
2018-03-20,16:00,Deportivo Armenio,Dock Sud,0,1,,,Primera C,2017,zonas,,Fecha 28,Armenia,false,https://es.wikipedia.org/wiki/Campeonato_de_Primera_C_2017-18_(Argentina)
2018-03-20,21:05,Platense,Estudiantes (BA),0,1,,,Primera B,2017,zonas,,Fecha 27,Ciudad de Vicente López,false,https://es.wikipedia.org/wiki/Campeonato_de_Primera_B_2017-18_(Argentina)
2018-03-21,16:00,Cañuelas,Ferrocarril Midland,3,0,,,Primera C,2017,zonas,,Fecha 28,José Alfredo Arín,false,https://es.wikipedia.org/wiki/Campeonato_de_Primera_C_2017-18_(Argentina)
2018-03-21,16:00,Deportivo Merlo,Argentino de Quilmes,2,3,,,Primera C,2017,zonas,,Fecha 28,José Manuel Moreno,false,https://es.wikipedia.org/wiki/Campeonato_de_Primera_C_2017-18_(Argentina)
2018-03-21,16:00,Excursionistas,Defensores de Cambaceres,2,2,,,Primera C,2017,zonas,,Fecha 28,Excursionistas,false,https://es.wikipedia.org/wiki/Campeonato_de_Primera_C_2017-18_(Argentina)
2018-03-21,16:00,Luján,Ituzaingó,0,0,,,Primera C,2017,zonas,,Fecha 28,Municipal de la Ciudad de Luján,false,https://es.wikipedia.org/wiki/Campeonato_de_Primera_C_2017-18_(Argentina)
2018-03-21,16:00,Sportivo Italiano,Sportivo Barracas,1,0,,,Primera C,2017,zonas,,Fecha 28,República de Italia,false,https://es.wikipedia.org/wiki/Campeonato_de_Primera_C_2017-18_(Argentina)
2018-03-21,16:05,El Porvenir,Central Córdoba (R),1,2,,,Primera C,2017,zonas,,Fecha 28,Gildo Francisco Ghersinich,false,https://es.wikipedia.org/wiki/Campeonato_de_Primera_C_2017-18_(Argentina)
2018-03-22,16:00,Berazategui,Defensores Unidos,0,1,,,Primera C,2017,zonas,,Fecha 28,Norman Lee,false,https://es.wikipedia.org/wiki/Campeonato_de_Primera_C_2017-18_(Argentina)
2018-03-22,16:00,J. J. de Urquiza,Leandro N. Alem,2,0,,,Primera C,2017,zonas,,Fecha 28,Ramón Roque Martín,false,https://es.wikipedia.org/wiki/Campeonato_de_Primera_C_2017-18_(Argentina)
2018-03-22,16:00,San Martín (B),Deportivo Laferrere,0,0,,,Primera C,2017,zonas,,Fecha 28,Francisco Boga,false,https://es.wikipedia.org/wiki/Campeonato_de_Primera_C_2017-18_(Argentina)
2018-03-22,17:00,Juventud Antoniana,Altos Hornos Zapla,1,1,,,Torneo Federal A,2017,zonas,Zona D,Fecha 10,Fray Honorato Pistoia,false,https://es.wikipedia.org/wiki/Torneo_Federal_A_2017-18
2018-03-23,14:00,Deportivo Riestra,Guillermo Brown,2,2,,,Primera Nacional,2017,zonas,,Fecha 20,Guillermo Laza,false,https://es.wikipedia.org/wiki/Campeonato_de_Primera_B_Nacional_2017-18
2018-03-23,21:00,Libertad (S),Douglas Haig,2,2,,,Torneo Federal A,2017,zonas,Zona C,Fecha 10,Dr. Plácido Tita,false,https://es.wikipedia.org/wiki/Torneo_Federal_A_2017-18
2018-03-24,12:00,Almirante Brown,Talleres (RdE),2,0,,,Primera B,2017,zonas,,Fecha 28,Fragata Presidente Sarmiento,false,https://es.wikipedia.org/wiki/Campeonato_de_Primera_B_2017-18_(Argentina)
2018-03-24,16:00,Argentino de Quilmes,Deportivo Armenio,0,1,,,Primera C,2017,zonas,,Fecha 29,Argentino de Quilmes,false,https://es.wikipedia.org/wiki/Campeonato_de_Primera_C_2017-18_(Argentina)
2018-03-24,16:00,Comunicaciones,UAI Urquiza,3,1,,,Primera B,2017,zonas,,Fecha 28,Alfredo Ramos,false,https://es.wikipedia.org/wiki/Campeonato_de_Primera_B_2017-18_(Argentina)
2018-03-24,16:00,San Miguel,Barracas Central,1,2,,,Primera B,2017,zonas,,Fecha 28,Malvinas Argentinas,false,https://es.wikipedia.org/wiki/Campeonato_de_Primera_B_2017-18_(Argentina)
2018-03-24,16:00,Sportivo Italiano,Luján,0,1,,,Primera C,2017,zonas,,Fecha 29,República de Italia,false,https://es.wikipedia.org/wiki/Campeonato_de_Primera_C_2017-18_(Argentina)
2018-03-24,16:00,Villa Dálmine,Independiente Rivadavia,0,1,,,Primera Nacional,2017,zonas,,Fecha 20,El Coliseo de Mitre y Puccini,false,https://es.wikipedia.org/wiki/Campeonato_de_Primera_B_Nacional_2017-18
2018-03-24,16:30,Unión Aconquija,Deportivo Maipú,2,2,,,Torneo Federal A,2017,zonas,Zona B,Fecha 10,Municipal de Aconquija,false,https://es.wikipedia.org/wiki/Torneo_Federal_A_2017-18
2018-03-24,17:05,Los Andes,Brown de Adrogué,2,0,,,Primera Nacional,2017,zonas,,Fecha 20,Eduardo Gallardón,false,https://es.wikipedia.org/wiki/Campeonato_de_Primera_B_Nacional_2017-18
2018-03-24,17:05,San Jorge (T),Guaraní Antonio Franco,0,0,,,Torneo Federal A,2017,zonas,Zona D,Fecha 10,Ángel Pascual Sáez,false,https://es.wikipedia.org/wiki/Torneo_Federal_A_2017-18
2018-03-24,19:05,Sarmiento (J),Aldosivi,1,0,,,Primera Nacional,2017,zonas,,Fecha 20,Eva Perón,false,https://es.wikipedia.org/wiki/Campeonato_de_Primera_B_Nacional_2017-18
2018-03-25,15:05,Villa San Carlos,Platense,0,1,,,Primera B,2017,zonas,,Fecha 28,Genacio Sálice,false,https://es.wikipedia.org/wiki/Campeonato_de_Primera_B_2017-18_(Argentina)
2018-03-25,15:30,Nueva Chicago,Juventud Unida (G),1,1,,,Primera Nacional,2017,zonas,,Fecha 20,Nueva Chicago,false,https://es.wikipedia.org/wiki/Campeonato_de_Primera_B_Nacional_2017-18
2018-03-25,15:30,Sportivo Estudiantes (SL),Flandria,0,1,,,Primera Nacional,2017,zonas,,Fecha 20,Héctor Odicino y Pedro Benoza,false,https://es.wikipedia.org/wiki/Campeonato_de_Primera_B_Nacional_2017-18
2018-03-25,16:00,Colegiales,Acassuso,0,1,,,Primera B,2017,zonas,,Fecha 28,Colegiales,false,https://es.wikipedia.org/wiki/Campeonato_de_Primera_B_2017-18_(Argentina)
2018-03-25,16:00,Defensores Unidos,Cañuelas,3,0,,,Primera C,2017,zonas,,Fecha 29,Gigante de Villa Fox,false,https://es.wikipedia.org/wiki/Campeonato_de_Primera_C_2017-18_(Argentina)
2018-03-25,16:00,Deportivo Español,Defensores de Belgrano,0,1,,,Primera B,2017,zonas,,Fecha 28,Nueva España,false,https://es.wikipedia.org/wiki/Campeonato_de_Primera_B_2017-18_(Argentina)
2018-03-25,16:00,Deportivo Madryn,Sansinena,1,0,,,Torneo Federal A,2017,zonas,Zona A,Fecha 10,Abel Sastre,false,https://es.wikipedia.org/wiki/Torneo_Federal_A_2017-18
2018-03-25,16:00,Leandro N. Alem,San Martín (B),2,0,,,Primera C,2017,zonas,,Fecha 29,Leandro N. Alem,false,https://es.wikipedia.org/wiki/Campeonato_de_Primera_C_2017-18_(Argentina)
2018-03-25,16:00,San Telmo,Fénix,3,1,,,Primera B,2017,zonas,,Fecha 28,Dr. Osvaldo Baletto,false,https://es.wikipedia.org/wiki/Campeonato_de_Primera_B_2017-18_(Argentina)
2018-03-25,16:30,Cipolletti,Rivadavia (L),3,0,,,Torneo Federal A,2017,zonas,Zona A,Fecha 10,El Coliseo,false,https://es.wikipedia.org/wiki/Torneo_Federal_A_2017-18
2018-03-25,16:30,Gimnasia y Esgrima (CdU),Defensores de Pronunciamiento,3,0,,,Torneo Federal A,2017,zonas,Zona C,Fecha 10,Manuel y Ramón Núñez,false,https://es.wikipedia.org/wiki/Torneo_Federal_A_2017-18
2018-03-25,16:30,Gutiérrez,Unión (VK),0,1,,,Torneo Federal A,2017,zonas,Zona B,Fecha 10,General Gutiérrez,false,https://es.wikipedia.org/wiki/Torneo_Federal_A_2017-18
2018-03-25,16:30,San Lorenzo de Alem,Huracán Las Heras,3,1,,,Torneo Federal A,2017,zonas,Zona B,Fecha 10,Malvinas Argentinas,false,https://es.wikipedia.org/wiki/Torneo_Federal_A_2017-18
2018-03-25,16:30,Sportivo Patria,Deportivo Mandiyú,5,1,,,Torneo Federal A,2017,zonas,Zona D,Fecha 10,Antonio Romero,false,https://es.wikipedia.org/wiki/Torneo_Federal_A_2017-18
2018-03-25,16:35,Atlanta,Sacachispas,1,0,,,Primera B,2017,zonas,,Fecha 28,Don León Kolbowsky,false,https://es.wikipedia.org/wiki/Campeonato_de_Primera_B_2017-18_(Argentina)
2018-03-25,17:00,Gimnasia y Esgrima (J),Ferro Carril Oeste,0,0,,,Primera Nacional,2017,zonas,,Fecha 20,23 de Agosto,false,https://es.wikipedia.org/wiki/Campeonato_de_Primera_B_Nacional_2017-18
2018-03-25,17:10,Estudiantes (BA),Tristán Suárez,1,1,,,Primera B,2017,zonas,,Fecha 28,Ciudad de Caseros,false,https://es.wikipedia.org/wiki/Campeonato_de_Primera_B_2017-18_(Argentina)
2018-03-25,19:00,Boca Unidos,Mitre (SdE),1,2,,,Primera Nacional,2017,zonas,,Fecha 20,Leoncio Benítez,false,https://es.wikipedia.org/wiki/Campeonato_de_Primera_B_Nacional_2017-18
2018-03-25,19:00,Central Córdoba (R),Berazategui,1,1,,,Primera C,2017,zonas,,Fecha 29,Gabino Sosa,false,https://es.wikipedia.org/wiki/Campeonato_de_Primera_C_2017-18_(Argentina)
2018-03-25,19:00,San Martín (T),Instituto,0,0,,,Primera Nacional,2017,zonas,,Fecha 20,La Ciudadela,false,https://es.wikipedia.org/wiki/Campeonato_de_Primera_B_Nacional_2017-18
2018-03-25,19:05,Atlético de Rafaela,Deportivo Morón,0,0,,,Primera Nacional,2017,zonas,,Fecha 20,Nuevo Monumental,false,https://es.wikipedia.org/wiki/Campeonato_de_Primera_B_Nacional_2017-18
2018-03-25,19:30,Atlético Paraná,Sportivo Las Parejas,1,1,,,Torneo Federal A,2017,zonas,Zona C,Fecha 10,Pedro Mutio,false,https://es.wikipedia.org/wiki/Torneo_Federal_A_2017-18
2018-03-26,16:00,Defensores de Cambaceres,Deportivo Merlo,1,2,,,Primera C,2017,zonas,,Fecha 29,12 de Octubre,false,https://es.wikipedia.org/wiki/Campeonato_de_Primera_C_2017-18_(Argentina)
2018-03-26,16:00,Dock Sud,J. J. de Urquiza,0,1,,,Primera C,2017,zonas,,Fecha 29,De los Inmigrantes,false,https://es.wikipedia.org/wiki/Campeonato_de_Primera_C_2017-18_(Argentina)
2018-03-26,16:00,Ferrocarril Midland,Excursionistas,2,0,,,Primera C,2017,zonas,,Fecha 29,Ciudad de Libertad,false,https://es.wikipedia.org/wiki/Campeonato_de_Primera_C_2017-18_(Argentina)
2018-03-26,16:00,Ituzaingó,El Porvenir,1,3,,,Primera C,2017,zonas,,Fecha 29,Ituzaingó,false,https://es.wikipedia.org/wiki/Campeonato_de_Primera_C_2017-18_(Argentina)
2018-03-26,16:00,Sportivo Barracas,Deportivo Laferrere,1,2,,,Primera C,2017,zonas,,Fecha 29,Don León Kolbowsky,false,https://es.wikipedia.org/wiki/Campeonato_de_Primera_C_2017-18_(Argentina)
2018-03-26,20:30,Ramón Santamarina,Agropecuario,0,0,,,Primera Nacional,2017,zonas,,Fecha 20,Municipal General San Martin,false,https://es.wikipedia.org/wiki/Campeonato_de_Primera_B_Nacional_2017-18
2018-03-26,21:05,Quilmes,All Boys,2,3,,,Primera Nacional,2017,zonas,,Fecha 20,Centenario,false,https://es.wikipedia.org/wiki/Campeonato_de_Primera_B_Nacional_2017-18
2018-03-30,15:05,Platense,Tristán Suárez,1,1,,,Primera B,2017,zonas,,Fecha 29,Ciudad de Vicente López,false,https://es.wikipedia.org/wiki/Campeonato_de_Primera_B_2017-18_(Argentina)
2018-03-30,16:00,Berazategui,Ituzaingó,1,1,,,Primera C,2017,zonas,,Fecha 30,Norman Lee,false,https://es.wikipedia.org/wiki/Campeonato_de_Primera_C_2017-18_(Argentina)
2018-03-30,16:00,Cañuelas,Central Córdoba (R),1,2,,,Primera C,2017,zonas,,Fecha 30,José Alfredo Arín,false,https://es.wikipedia.org/wiki/Campeonato_de_Primera_C_2017-18_(Argentina)
2018-03-30,16:00,Deportivo Merlo,Ferrocarril Midland,1,0,,,Primera C,2017,zonas,,Fecha 30,José Manuel Moreno,false,https://es.wikipedia.org/wiki/Campeonato_de_Primera_C_2017-18_(Argentina)
2018-03-30,16:00,J. J. de Urquiza,Argentino de Quilmes,1,4,,,Primera C,2017,zonas,,Fecha 30,Tres de Febrero,false,https://es.wikipedia.org/wiki/Campeonato_de_Primera_C_2017-18_(Argentina)
2018-03-30,16:00,Luján,Sportivo Barracas,0,1,,,Primera C,2017,zonas,,Fecha 30,Municipal de la Ciudad de Luján,false,https://es.wikipedia.org/wiki/Campeonato_de_Primera_C_2017-18_(Argentina)
2018-03-30,16:00,San Martín (B),Dock Sud,2,0,,,Primera C,2017,zonas,,Fecha 30,Francisco Boga,false,https://es.wikipedia.org/wiki/Campeonato_de_Primera_C_2017-18_(Argentina)
2018-03-30,16:00,Talleres (RdE),San Miguel,1,1,,,Primera B,2017,zonas,,Fecha 29,Talleres,false,https://es.wikipedia.org/wiki/Campeonato_de_Primera_B_2017-18_(Argentina)
2018-03-30,19:00,Huracán,Banfield,1,1,,,Primera Division,2017,zonas,,Fecha 21,Tomás A. Ducó,false,https://es.wikipedia.org/wiki/Campeonato_de_Primera_División_2017-18_(Argentina)
2018-03-30,21:15,Belgrano,Racing Club,2,2,,,Primera Division,2017,zonas,,Fecha 21,Gigante de Alberdi,false,https://es.wikipedia.org/wiki/Campeonato_de_Primera_División_2017-18_(Argentina)
2018-03-31,11:00,El Porvenir,Sportivo Italiano,4,1,,,Primera C,2017,zonas,,Fecha 30,Gildo Francisco Ghersinich,false,https://es.wikipedia.org/wiki/Campeonato_de_Primera_C_2017-18_(Argentina)
2018-03-31,13:15,Newell's Old Boys,Tigre,2,1,,,Primera Division,2017,zonas,,Fecha 21,Marcelo Bielsa,false,https://es.wikipedia.org/wiki/Campeonato_de_Primera_División_2017-18_(Argentina)
2018-03-31,13:15,Vélez Sarsfield,Estudiantes (LP),3,3,,,Primera Division,2017,zonas,,Fecha 21,José Amalfitani,false,https://es.wikipedia.org/wiki/Campeonato_de_Primera_División_2017-18_(Argentina)
2018-03-31,13:35,Barracas Central,Estudiantes (BA),1,1,,,Primera B,2017,zonas,,Fecha 29,Claudio Chiqui Tapia,false,https://es.wikipedia.org/wiki/Campeonato_de_Primera_B_2017-18_(Argentina)
2018-03-31,15:30,Brown de Adrogué,Deportivo Riestra,1,1,,,Primera Nacional,2017,zonas,,Fecha 21,Lorenzo Arandilla,false,https://es.wikipedia.org/wiki/Campeonato_de_Primera_B_Nacional_2017-18
2018-03-31,15:30,Gimnasia y Esgrima (LP),Argentinos Juniors,1,3,,,Primera Division,2017,zonas,,Fecha 21,Del Bosque,false,https://es.wikipedia.org/wiki/Campeonato_de_Primera_División_2017-18_(Argentina)
2018-03-31,16:00,Deportivo Armenio,Defensores de Cambaceres,0,1,,,Primera C,2017,zonas,,Fecha 30,Armenia,false,https://es.wikipedia.org/wiki/Campeonato_de_Primera_C_2017-18_(Argentina)
2018-03-31,16:00,Deportivo Laferrere,Leandro N. Alem,1,1,,,Primera C,2017,zonas,,Fecha 30,Ciudad de Laferrere,false,https://es.wikipedia.org/wiki/Campeonato_de_Primera_C_2017-18_(Argentina)
2018-03-31,16:00,San Jorge (T),Alvarado,1,1,,,Torneo Federal A,2017,eliminacion,,Partidos de ida,Monumental José Fierro,false,https://es.wikipedia.org/wiki/Torneo_Federal_A_2017-18
2018-03-31,16:00,UAI Urquiza,San Telmo,0,0,,,Primera B,2017,zonas,,Fecha 29,Monumental de Villa Lynch,false,https://es.wikipedia.org/wiki/Campeonato_de_Primera_B_2017-18_(Argentina)
2018-03-31,17:00,Ferro Carril Oeste,Los Andes,4,1,,,Primera Nacional,2017,zonas,,Fecha 21,Arquitecto Ricardo Etcheverri,false,https://es.wikipedia.org/wiki/Campeonato_de_Primera_B_Nacional_2017-18
2018-03-31,17:35,Defensores de Belgrano,Almirante Brown,2,1,,,Primera B,2017,zonas,,Fecha 29,Juan Pasquale,false,https://es.wikipedia.org/wiki/Campeonato_de_Primera_B_2017-18_(Argentina)
2018-03-31,17:45,Unión,San Martín (SJ),1,1,,,Primera Division,2017,zonas,,Fecha 21,15 de abril,false,https://es.wikipedia.org/wiki/Campeonato_de_Primera_División_2017-18_(Argentina)
2018-03-31,20:00,Independiente,Atlético Tucumán,0,2,,,Primera Division,2017,zonas,,Fecha 21,Libertadores de América,false,https://es.wikipedia.org/wiki/Campeonato_de_Primera_División_2017-18_(Argentina)
2018-03-31,21:00,Gimnasia y Esgrima (M),Juventud Unida Universitario,4,2,,,Torneo Federal A,2017,zonas,Tercera fase,Fecha 1,Víctor Antonio Legrotaglie,false,https://es.wikipedia.org/wiki/Torneo_Federal_A_2017-18
2018-04-01,11:00,Defensa y Justicia,River Plate,1,3,,,Primera Division,2017,zonas,,Fecha 21,Norberto Tomaghello,false,https://es.wikipedia.org/wiki/Campeonato_de_Primera_División_2017-18_(Argentina)
2018-04-01,13:15,Chacarita Juniors,Arsenal,2,2,,,Primera Division,2017,zonas,,Fecha 21,Chacarita Juniors,false,https://es.wikipedia.org/wiki/Campeonato_de_Primera_División_2017-18_(Argentina)
2018-04-01,14:35,Agropecuario,Nueva Chicago,1,2,,,Primera Nacional,2017,zonas,,Fecha 21,Ofelia Rosenzuaig,false,https://es.wikipedia.org/wiki/Campeonato_de_Primera_B_Nacional_2017-18
2018-04-01,15:30,All Boys,Sarmiento (J),1,1,,,Primera Nacional,2017,zonas,,Fecha 21,Islas Malvinas,false,https://es.wikipedia.org/wiki/Campeonato_de_Primera_B_Nacional_2017-18
2018-04-01,15:30,Excursionistas,Defensores Unidos,1,2,,,Primera C,2017,zonas,,Fecha 30,Excursionistas,false,https://es.wikipedia.org/wiki/Campeonato_de_Primera_C_2017-18_(Argentina)
2018-04-01,15:30,Ferro Carril Oeste (GP),Sarmiento (R),0,2,,,Torneo Federal A,2017,eliminacion,,Partidos de ida,El Coloso,false,https://es.wikipedia.org/wiki/Torneo_Federal_A_2017-18
2018-04-01,15:30,Flandria,Ramón Santamarina,1,1,,,Primera Nacional,2017,zonas,,Fecha 21,Carlos V,false,https://es.wikipedia.org/wiki/Campeonato_de_Primera_B_Nacional_2017-18
2018-04-01,15:30,Guillermo Brown,Sportivo Estudiantes (SL),2,0,,,Primera Nacional,2017,zonas,,Fecha 21,Raul Conti,false,https://es.wikipedia.org/wiki/Campeonato_de_Primera_B_Nacional_2017-18
2018-04-01,15:30,Patronato,Rosario Central,3,0,,,Primera Division,2017,zonas,,Fecha 21,Presbítero Bartolomé Grella,false,https://es.wikipedia.org/wiki/Campeonato_de_Primera_División_2017-18_(Argentina)
2018-04-01,16:00,Deportivo Madryn,Deportivo Roca,1,0,,,Torneo Federal A,2017,eliminacion,,Partidos de ida,Abel Sastre,false,https://es.wikipedia.org/wiki/Torneo_Federal_A_2017-18
2018-04-01,16:00,Juventud Unida (G),San Martín (T),0,2,,,Primera Nacional,2017,zonas,,Fecha 21,De los Eucaliptos,false,https://es.wikipedia.org/wiki/Campeonato_de_Primera_B_Nacional_2017-18
2018-04-01,16:00,Villa Mitre,Chaco For Ever,0,0,,,Torneo Federal A,2017,eliminacion,,Partidos de ida,El Fortín,false,https://es.wikipedia.org/wiki/Torneo_Federal_A_2017-18
2018-04-01,16:30,Defensores de Belgrano (VR),Estudiantes (RC),2,0,,,Torneo Federal A,2017,zonas,Tercera fase,Fecha 1,Salomón Boeseldín,false,https://es.wikipedia.org/wiki/Torneo_Federal_A_2017-18
2018-04-01,16:30,Huracán Las Heras,Crucero del Norte,1,0,,,Torneo Federal A,2017,eliminacion,,Partidos de ida,General San Martín,false,https://es.wikipedia.org/wiki/Torneo_Federal_A_2017-18
2018-04-01,17:00,Mitre (SdE),Quilmes,1,1,,,Primera Nacional,2017,zonas,,Fecha 21,Dres. José y Antonio Castiglione,false,https://es.wikipedia.org/wiki/Campeonato_de_Primera_B_Nacional_2017-18
2018-04-01,17:45,Boca Juniors,Talleres (C),2,1,,,Primera Division,2017,zonas,,Fecha 21,La Bombonera,false,https://es.wikipedia.org/wiki/Campeonato_de_Primera_División_2017-18_(Argentina)
2018-04-01,19:30,Atlético Paraná,Sportivo Belgrano,1,1,,,Torneo Federal A,2017,eliminacion,,Partidos de ida,Pedro Mutio,false,https://es.wikipedia.org/wiki/Torneo_Federal_A_2017-18
2018-04-01,19:30,Independiente Rivadavia,Gimnasia y Esgrima (J),2,1,,,Primera Nacional,2017,zonas,,Fecha 21,Bautista Gargantini,false,https://es.wikipedia.org/wiki/Campeonato_de_Primera_B_Nacional_2017-18
2018-04-01,20:00,Lanús,San Lorenzo,0,2,,,Primera Division,2017,zonas,,Fecha 21,Ciudad de Lanús,false,https://es.wikipedia.org/wiki/Campeonato_de_Primera_División_2017-18_(Argentina)
2018-04-01,20:30,Gimnasia y Tiro (S),Desamparados,1,0,,,Torneo Federal A,2017,eliminacion,,Partidos de ida,Gigante del Norte,false,https://es.wikipedia.org/wiki/Torneo_Federal_A_2017-18
2018-04-02,15:00,Acassuso,Atlanta,1,1,,,Primera B,2017,zonas,,Fecha 29,República de Italia,false,https://es.wikipedia.org/wiki/Campeonato_de_Primera_B_2017-18_(Argentina)
2018-04-02,15:30,Sacachispas,Deportivo Español,3,2,,,Primera B,2017,zonas,,Fecha 29,Claudio Chiqui Tapia,false,https://es.wikipedia.org/wiki/Campeonato_de_Primera_B_2017-18_(Argentina)
2018-04-02,15:30,Villa San Carlos,Comunicaciones,4,1,,,Primera B,2017,zonas,,Fecha 29,Genacio Sálice,false,https://es.wikipedia.org/wiki/Campeonato_de_Primera_B_2017-18_(Argentina)
2018-04-02,19:00,Olimpo,Temperley,1,1,,,Primera Division,2017,zonas,,Fecha 21,Roberto N. Carminati,false,https://es.wikipedia.org/wiki/Campeonato_de_Primera_División_2017-18_(Argentina)
2018-04-02,20:00,Instituto,Almagro,0,0,,,Primera Nacional,2017,zonas,,Fecha 21,Juan Domingo Perón,false,https://es.wikipedia.org/wiki/Campeonato_de_Primera_B_Nacional_2017-18
2018-04-02,21:05,Aldosivi,Villa Dálmine,1,0,,,Primera Nacional,2017,zonas,,Fecha 21,José María Minella,false,https://es.wikipedia.org/wiki/Campeonato_de_Primera_B_Nacional_2017-18
2018-04-02,21:15,Godoy Cruz,Colón,2,1,,,Primera Division,2017,zonas,,Fecha 21,Malvinas Argentinas,false,https://es.wikipedia.org/wiki/Campeonato_de_Primera_División_2017-18_(Argentina)
2018-04-03,15:30,Defensores de Cambaceres,J. J. de Urquiza,0,1,,,Primera C,2017,zonas,,Fecha 31,12 de Octubre,false,https://es.wikipedia.org/wiki/Campeonato_de_Primera_C_2017-18_(Argentina)
2018-04-03,15:30,Dock Sud,Deportivo Laferrere,0,1,,,Primera C,2017,zonas,,Fecha 31,De los Inmigrantes,false,https://es.wikipedia.org/wiki/Campeonato_de_Primera_C_2017-18_(Argentina)
2018-04-03,15:30,Fénix,Colegiales,0,2,,,Primera B,2017,zonas,,Fecha 29,Malvinas Argentinas,false,https://es.wikipedia.org/wiki/Campeonato_de_Primera_B_2017-18_(Argentina)
2018-04-03,15:45,Ferrocarril Midland,Deportivo Armenio,0,0,,,Primera C,2017,zonas,,Fecha 31,Ciudad de Libertad,false,https://es.wikipedia.org/wiki/Campeonato_de_Primera_C_2017-18_(Argentina)
2018-04-03,21:05,Deportivo Morón,Boca Unidos,1,1,,,Primera Nacional,2017,zonas,,Fecha 21,Nuevo Francisco Urbano,false,https://es.wikipedia.org/wiki/Campeonato_de_Primera_B_Nacional_2017-18
2018-04-04,15:30,Almirante Brown,Tristán Suárez,2,0,,,Primera B,2017,zonas,,Fecha 26,Talleres,false,https://es.wikipedia.org/wiki/Campeonato_de_Primera_B_2017-18_(Argentina)
2018-04-04,15:30,Argentino de Quilmes,San Martín (B),3,1,,,Primera C,2017,zonas,,Fecha 31,Argentino de Quilmes,false,https://es.wikipedia.org/wiki/Campeonato_de_Primera_C_2017-18_(Argentina)
2018-04-04,15:30,Defensores Unidos,Deportivo Merlo,0,0,,,Primera C,2017,zonas,,Fecha 31,Gigante de Villa Fox,false,https://es.wikipedia.org/wiki/Campeonato_de_Primera_C_2017-18_(Argentina)
2018-04-04,15:30,Ituzaingó,Cañuelas,1,2,,,Primera C,2017,zonas,,Fecha 31,Ituzaingó,false,https://es.wikipedia.org/wiki/Campeonato_de_Primera_C_2017-18_(Argentina)
2018-04-04,15:30,Luján,El Porvenir,0,1,,,Primera C,2017,zonas,,Fecha 31,Municipal de la Ciudad de Luján,false,https://es.wikipedia.org/wiki/Campeonato_de_Primera_C_2017-18_(Argentina)
2018-04-04,15:30,Sportivo Barracas,Leandro N. Alem,1,2,,,Primera C,2017,zonas,,Fecha 31,Don León Kolbowsky,false,https://es.wikipedia.org/wiki/Campeonato_de_Primera_C_2017-18_(Argentina)
2018-04-04,15:30,Sportivo Italiano,Berazategui,0,4,,,Primera C,2017,zonas,,Fecha 31,República de Italia,false,https://es.wikipedia.org/wiki/Campeonato_de_Primera_C_2017-18_(Argentina)
2018-04-04,20:00,Central Córdoba (R),Excursionistas,1,0,,,Primera C,2017,zonas,,Fecha 31,Gabino Sosa,false,https://es.wikipedia.org/wiki/Campeonato_de_Primera_C_2017-18_(Argentina)
2018-04-04,20:00,Independiente,San Lorenzo,0,1,,,Primera Division,2017,zonas,,Fecha 15,Libertadores de América,false,https://es.wikipedia.org/wiki/Campeonato_de_Primera_División_2017-18_(Argentina)
2018-04-06,15:30,Deportivo Riestra,Ferro Carril Oeste,1,0,,,Primera Nacional,2017,zonas,,Fecha 22,Guillermo Laza,false,https://es.wikipedia.org/wiki/Campeonato_de_Primera_B_Nacional_2017-18
2018-04-06,15:30,San Telmo,Villa San Carlos,1,1,,,Primera B,2017,zonas,,Fecha 30,Dr. Osvaldo Baletto,false,https://es.wikipedia.org/wiki/Campeonato_de_Primera_B_2017-18_(Argentina)
2018-04-06,15:35,San Miguel,Defensores de Belgrano,0,0,,,Primera B,2017,zonas,,Fecha 30,Malvinas Argentinas,false,https://es.wikipedia.org/wiki/Campeonato_de_Primera_B_2017-18_(Argentina)
2018-04-06,19:00,Tigre,Gimnasia y Esgrima (LP),2,0,,,Primera Division,2017,zonas,,Fecha 22,Monumental de Victoria,false,https://es.wikipedia.org/wiki/Campeonato_de_Primera_División_2017-18_(Argentina)
2018-04-06,21:15,Argentinos Juniors,Unión,3,1,,,Primera Division,2017,zonas,,Fecha 22,Diego Armando Maradona,false,https://es.wikipedia.org/wiki/Campeonato_de_Primera_División_2017-18_(Argentina)
2018-04-06,21:15,Juventud Unida Universitario,Defensores de Belgrano (VR),0,0,,,Torneo Federal A,2017,zonas,Tercera fase,Fecha 2,Mario Sebastián Diez,false,https://es.wikipedia.org/wiki/Torneo_Federal_A_2017-18
2018-04-07,13:15,Rosario Central,Belgrano,2,1,,,Primera Division,2017,zonas,,Fecha 22,Gigante de Arroyito,false,https://es.wikipedia.org/wiki/Campeonato_de_Primera_División_2017-18_(Argentina)
2018-04-07,13:15,Temperley,Lanús,2,2,,,Primera Division,2017,zonas,,Fecha 22,Alfredo Beranger,false,https://es.wikipedia.org/wiki/Campeonato_de_Primera_División_2017-18_(Argentina)
2018-04-07,15:00,Sarmiento (J),Mitre (SdE),2,1,,,Primera Nacional,2017,zonas,,Fecha 22,Eva Perón,false,https://es.wikipedia.org/wiki/Campeonato_de_Primera_B_Nacional_2017-18
2018-04-07,15:30,Colegiales,UAI Urquiza,0,2,,,Primera B,2017,zonas,,Fecha 30,Colegiales,false,https://es.wikipedia.org/wiki/Campeonato_de_Primera_B_2017-18_(Argentina)
2018-04-07,15:30,Colón,Vélez Sarsfield,0,1,,,Primera Division,2017,zonas,,Fecha 22,Brigadier Estanislao López,false,https://es.wikipedia.org/wiki/Campeonato_de_Primera_División_2017-18_(Argentina)
2018-04-07,15:30,Deportivo Español,Acassuso,0,0,,,Primera B,2017,zonas,,Fecha 30,Nueva España,false,https://es.wikipedia.org/wiki/Campeonato_de_Primera_B_2017-18_(Argentina)
2018-04-07,15:30,Nueva Chicago,Flandria,2,5,,,Primera Nacional,2017,zonas,,Fecha 22,Nueva Chicago,false,https://es.wikipedia.org/wiki/Campeonato_de_Primera_B_Nacional_2017-18
2018-04-07,15:30,Tristán Suárez,Barracas Central,0,1,,,Primera B,2017,zonas,,Fecha 30,20 de Octubre,false,https://es.wikipedia.org/wiki/Campeonato_de_Primera_B_2017-18_(Argentina)
2018-04-07,15:35,Atlanta,Fénix,1,1,,,Primera B,2017,zonas,,Fecha 30,Don León Kolbovsky,false,https://es.wikipedia.org/wiki/Campeonato_de_Primera_B_2017-18_(Argentina)
2018-04-07,17:45,Banfield,Olimpo,3,0,,,Primera Division,2017,zonas,,Fecha 22,Florencio Sola,false,https://es.wikipedia.org/wiki/Campeonato_de_Primera_División_2017-18_(Argentina)
2018-04-07,19:00,San Martín (T),Agropecuario,4,2,,,Primera Nacional,2017,zonas,,Fecha 22,La Ciudadela,false,https://es.wikipedia.org/wiki/Campeonato_de_Primera_B_Nacional_2017-18
2018-04-07,20:00,Boca Juniors,Defensa y Justicia,1,2,,,Primera Division,2017,zonas,,Fecha 22,La Bombonera,false,https://es.wikipedia.org/wiki/Campeonato_de_Primera_División_2017-18_(Argentina)
2018-04-07,20:30,Estudiantes (RC),Central Córdoba (SdE),0,2,,,Torneo Federal A,2017,zonas,Tercera fase,Fecha 2,Ciudad de Río Cuarto Antonio Candini,false,https://es.wikipedia.org/wiki/Torneo_Federal_A_2017-18
2018-04-08,11:00,Deportivo Armenio,Defensores Unidos,0,0,,,Primera C,2017,zonas,,Fecha 32,Armenia,false,https://es.wikipedia.org/wiki/Campeonato_de_Primera_C_2017-18_(Argentina)
2018-04-08,11:00,San Lorenzo,Godoy Cruz,0,5,,,Primera Division,2017,zonas,,Fecha 22,Nuevo Gasómetro,false,https://es.wikipedia.org/wiki/Campeonato_de_Primera_División_2017-18_(Argentina)
2018-04-08,12:00,Almirante Brown,Sacachispas,2,2,,,Primera B,2017,zonas,,Fecha 30,Fragata Presidente Sarmiento,false,https://es.wikipedia.org/wiki/Campeonato_de_Primera_B_2017-18_(Argentina)
2018-04-08,12:00,Berazategui,Luján,1,1,,,Primera C,2017,zonas,,Fecha 32,Norman Lee,false,https://es.wikipedia.org/wiki/Campeonato_de_Primera_C_2017-18_(Argentina)
2018-04-08,12:00,Cañuelas,Sportivo Italiano,1,1,,,Primera C,2017,zonas,,Fecha 32,José Alfredo Arín,false,https://es.wikipedia.org/wiki/Campeonato_de_Primera_C_2017-18_(Argentina)
2018-04-08,12:00,Leandro N. Alem,Dock Sud,0,0,,,Primera C,2017,zonas,,Fecha 32,Leandro N. Alem,false,https://es.wikipedia.org/wiki/Campeonato_de_Primera_C_2017-18_(Argentina)
2018-04-08,12:00,San Martín (B),Defensores de Cambaceres,3,0,,,Primera C,2017,zonas,,Fecha 32,Francisco Boga,false,https://es.wikipedia.org/wiki/Campeonato_de_Primera_C_2017-18_(Argentina)
2018-04-08,12:05,Los Andes,Independiente Rivadavia,0,2,,,Primera Nacional,2017,zonas,,Fecha 22,Eduardo Gallardón,false,https://es.wikipedia.org/wiki/Campeonato_de_Primera_B_Nacional_2017-18
2018-04-08,13:15,San Martín (SJ),Huracán,0,1,,,Primera Division,2017,zonas,,Fecha 22,Ingeniero Hilario Sánchez,false,https://es.wikipedia.org/wiki/Campeonato_de_Primera_División_2017-18_(Argentina)
2018-04-08,15:00,Crucero del Norte,Huracán Las Heras,2,0,,,Torneo Federal A,2017,eliminacion,,Partidos de vuelta,Comandante Andrés Guacurarí,false,https://es.wikipedia.org/wiki/Torneo_Federal_A_2017-18
2018-04-08,15:05,Comunicaciones,Platense,3,3,,,Primera B,2017,zonas,,Fecha 30,Alfredo Ramos,false,https://es.wikipedia.org/wiki/Campeonato_de_Primera_B_2017-18_(Argentina)
2018-04-08,15:10,Estudiantes (BA),Talleres (RdE),3,2,,,Primera B,2017,zonas,,Fecha 30,Ciudad de Caseros,false,https://es.wikipedia.org/wiki/Campeonato_de_Primera_B_2017-18_(Argentina)
2018-04-08,15:30,Atlético Tucumán,Newell's Old Boys,1,1,,,Primera Division,2017,zonas,,Fecha 22,Monumental José Fierro,false,https://es.wikipedia.org/wiki/Campeonato_de_Primera_División_2017-18_(Argentina)
2018-04-08,15:30,Excursionistas,Ituzaingó,0,0,,,Primera C,2017,zonas,,Fecha 32,Excursionistas,false,https://es.wikipedia.org/wiki/Campeonato_de_Primera_C_2017-18_(Argentina)
2018-04-08,15:30,Villa Dálmine,All Boys,1,0,,,Primera Nacional,2017,zonas,,Fecha 22,El Coliseo de Mitre y Puccini,false,https://es.wikipedia.org/wiki/Campeonato_de_Primera_B_Nacional_2017-18
2018-04-08,16:00,Deportivo Roca,Deportivo Madryn,1,1,,,Torneo Federal A,2017,eliminacion,,Partidos de vuelta,Luis Maiolino,false,https://es.wikipedia.org/wiki/Torneo_Federal_A_2017-18
2018-04-08,16:00,Sportivo Estudiantes (SL),Brown de Adrogué,0,0,,,Primera Nacional,2017,zonas,,Fecha 22,Héctor Odicino y Pedro Benoza,false,https://es.wikipedia.org/wiki/Campeonato_de_Primera_B_Nacional_2017-18
2018-04-08,16:30,Chaco For Ever,Villa Mitre,2,0,,,Torneo Federal A,2017,eliminacion,,Partidos de vuelta,Juan Alberto García,false,https://es.wikipedia.org/wiki/Torneo_Federal_A_2017-18
2018-04-08,17:00,Alvarado,San Jorge (T),0,0,,,Torneo Federal A,2017,eliminacion,,Partidos de vuelta,José María Minella,false,https://es.wikipedia.org/wiki/Torneo_Federal_A_2017-18
2018-04-08,17:00,Gimnasia y Esgrima (J),Aldosivi,1,2,,,Primera Nacional,2017,zonas,,Fecha 22,23 de Agosto,false,https://es.wikipedia.org/wiki/Campeonato_de_Primera_B_Nacional_2017-18
2018-04-08,18:00,Talleres (C),Independiente,0,2,,,Primera Division,2017,zonas,,Fecha 22,Mario Alberto Kempes,false,https://es.wikipedia.org/wiki/Campeonato_de_Primera_División_2017-18_(Argentina)
2018-04-08,19:00,Sarmiento (R),Ferro Carril Oeste (GP),0,0,,,Torneo Federal A,2017,eliminacion,,Partidos de vuelta,Centenario,false,https://es.wikipedia.org/wiki/Torneo_Federal_A_2017-18
2018-04-08,19:15,Sportivo Belgrano,Atlético Paraná,4,2,,,Torneo Federal A,2017,eliminacion,,Partidos de vuelta,Oscar C. Boero,false,https://es.wikipedia.org/wiki/Torneo_Federal_A_2017-18
2018-04-08,19:30,Desamparados,Gimnasia y Tiro (S),1,0,,,Torneo Federal A,2017,eliminacion,,Partidos de vuelta,El Serpentario,false,https://es.wikipedia.org/wiki/Torneo_Federal_A_2017-18
2018-04-08,20:00,Racing Club,River Plate,0,2,,,Primera Division,2017,zonas,,Fecha 22,El Cilindro,false,https://es.wikipedia.org/wiki/Campeonato_de_Primera_División_2017-18_(Argentina)
2018-04-09,15:30,Deportivo Laferrere,Argentino de Quilmes,1,2,,,Primera C,2017,zonas,,Fecha 32,Ciudad de Laferrere,false,https://es.wikipedia.org/wiki/Campeonato_de_Primera_C_2017-18_(Argentina)
2018-04-09,15:30,Deportivo Merlo,Central Córdoba (R),0,2,,,Primera C,2017,zonas,,Fecha 32,José Manuel Moreno,false,https://es.wikipedia.org/wiki/Campeonato_de_Primera_C_2017-18_(Argentina)
2018-04-09,15:30,El Porvenir,Sportivo Barracas,0,2,,,Primera C,2017,zonas,,Fecha 32,Gildo Francisco Ghersinich,false,https://es.wikipedia.org/wiki/Campeonato_de_Primera_C_2017-18_(Argentina)
2018-04-09,19:00,Arsenal,Patronato,1,1,,,Primera Division,2017,zonas,,Fecha 22,El Viaducto,false,https://es.wikipedia.org/wiki/Campeonato_de_Primera_División_2017-18_(Argentina)
2018-04-09,20:00,Almagro,Juventud Unida (G),3,0,,,Primera Nacional,2017,zonas,,Fecha 22,Tres de Febrero,false,https://es.wikipedia.org/wiki/Campeonato_de_Primera_B_Nacional_2017-18
2018-04-09,20:30,Ramón Santamarina,Guillermo Brown,1,1,,,Primera Nacional,2017,zonas,,Fecha 22,Municipal General San Martin,false,https://es.wikipedia.org/wiki/Campeonato_de_Primera_B_Nacional_2017-18
2018-04-09,21:05,Boca Unidos,Atlético de Rafaela,2,0,,,Primera Nacional,2017,zonas,,Fecha 22,Leoncio Benítez,false,https://es.wikipedia.org/wiki/Campeonato_de_Primera_B_Nacional_2017-18
2018-04-09,21:15,Estudiantes (LP),Chacarita Juniors,0,2,,,Primera Division,2017,zonas,,Fecha 22,Centenario,false,https://es.wikipedia.org/wiki/Campeonato_de_Primera_División_2017-18_(Argentina)
2018-04-10,15:40,J. J. de Urquiza,Ferrocarril Midland,1,3,,,Primera C,2017,zonas,,Fecha 32,Tres de Febrero,false,https://es.wikipedia.org/wiki/Campeonato_de_Primera_C_2017-18_(Argentina)
2018-04-10,21:05,Quilmes,Deportivo Morón,2,1,,,Primera Nacional,2017,zonas,,Fecha 22,Centenario,false,https://es.wikipedia.org/wiki/Campeonato_de_Primera_B_Nacional_2017-18
2018-04-11,20:30,Defensores de Belgrano (VR),Gimnasia y Esgrima (M),0,1,,,Torneo Federal A,2017,zonas,Tercera fase,Fecha 3,Salomón Boeseldín,false,https://es.wikipedia.org/wiki/Torneo_Federal_A_2017-18
2018-04-11,22:00,Central Córdoba (SdE),Juventud Unida Universitario,3,1,,,Torneo Federal A,2017,zonas,Tercera fase,Fecha 3,Alfredo Terrera,false,https://es.wikipedia.org/wiki/Torneo_Federal_A_2017-18
2018-04-13,15:30,Acassuso,Almirante Brown,1,0,,,Primera B,2017,zonas,,Fecha 31,República de Italia,false,https://es.wikipedia.org/wiki/Campeonato_de_Primera_B_2017-18_(Argentina)
2018-04-13,15:30,Fénix,Deportivo Español,2,0,,,Primera B,2017,zonas,,Fecha 31,Malvinas Argentinas,false,https://es.wikipedia.org/wiki/Campeonato_de_Primera_B_2017-18_(Argentina)
2018-04-13,15:30,Ituzaingó,Deportivo Merlo,1,2,,,Primera C,2017,zonas,,Fecha 33,Ituzaingó,false,https://es.wikipedia.org/wiki/Campeonato_de_Primera_C_2017-18_(Argentina)
2018-04-13,15:30,UAI Urquiza,Atlanta,1,0,,,Primera B,2017,zonas,,Fecha 31,Monumental de Villa Lynch,false,https://es.wikipedia.org/wiki/Campeonato_de_Primera_B_2017-18_(Argentina)
2018-04-13,19:00,Gimnasia y Esgrima (LP),Atlético Tucumán,1,2,,,Primera Division,2017,zonas,,Fecha 23,Del Bosque,false,https://es.wikipedia.org/wiki/Campeonato_de_Primera_División_2017-18_(Argentina)
2018-04-13,20:00,Talleres (RdE),Tristán Suárez,1,0,,,Primera B,2017,zonas,,Fecha 31,Talleres,false,https://es.wikipedia.org/wiki/Campeonato_de_Primera_B_2017-18_(Argentina)
2018-04-13,20:05,Defensores de Belgrano,Estudiantes (BA),1,0,,,Primera B,2017,zonas,,Fecha 31,Juan Pasquale,false,https://es.wikipedia.org/wiki/Campeonato_de_Primera_B_2017-18_(Argentina)
2018-04-13,20:05,Platense,Barracas Central,1,0,,,Primera B,2017,zonas,,Fecha 31,Ciudad de Vicente López,false,https://es.wikipedia.org/wiki/Campeonato_de_Primera_B_2017-18_(Argentina)
2018-04-13,21:15,Huracán,Argentinos Juniors,1,0,,,Primera Division,2017,zonas,,Fecha 23,Tomás A. Ducó,false,https://es.wikipedia.org/wiki/Campeonato_de_Primera_División_2017-18_(Argentina)
2018-04-14,12:00,Luján,Cañuelas,2,0,,,Primera C,2017,zonas,,Fecha 33,Municipal de la Ciudad de Luján,false,https://es.wikipedia.org/wiki/Campeonato_de_Primera_C_2017-18_(Argentina)
2018-04-14,12:00,Villa San Carlos,Colegiales,0,2,,,Primera B,2017,zonas,,Fecha 31,Genacio Sálice,false,https://es.wikipedia.org/wiki/Campeonato_de_Primera_B_2017-18_(Argentina)
2018-04-14,13:05,All Boys,Gimnasia y Esgrima (J),0,0,,,Primera Nacional,2017,zonas,,Fecha 23,Islas Malvinas,false,https://es.wikipedia.org/wiki/Campeonato_de_Primera_B_Nacional_2017-18
2018-04-14,13:15,Godoy Cruz,Temperley,3,0,,,Primera Division,2017,zonas,,Fecha 23,Malvinas Argentinas,false,https://es.wikipedia.org/wiki/Campeonato_de_Primera_División_2017-18_(Argentina)
2018-04-14,13:15,Olimpo,San Martín (SJ),0,2,,,Primera Division,2017,zonas,,Fecha 23,Roberto N. Carminati,false,https://es.wikipedia.org/wiki/Campeonato_de_Primera_División_2017-18_(Argentina)
2018-04-14,15:30,Central Córdoba (R),Deportivo Armenio,0,0,,,Primera C,2017,zonas,,Fecha 33,Gabino Sosa,false,https://es.wikipedia.org/wiki/Campeonato_de_Primera_C_2017-18_(Argentina)
2018-04-14,15:30,Comunicaciones,San Telmo,1,2,,,Primera B,2017,zonas,,Fecha 31,Alfredo Ramos,false,https://es.wikipedia.org/wiki/Campeonato_de_Primera_B_2017-18_(Argentina)
2018-04-14,15:30,Lanús,Banfield,0,0,,,Primera Division,2017,zonas,,Fecha 23,Ciudad de Lanús,false,https://es.wikipedia.org/wiki/Campeonato_de_Primera_División_2017-18_(Argentina)
2018-04-14,15:30,Sacachispas,San Miguel,3,0,,,Primera B,2017,zonas,,Fecha 31,Beto Larrosa,false,https://es.wikipedia.org/wiki/Campeonato_de_Primera_B_2017-18_(Argentina)
2018-04-14,15:30,Sportivo Italiano,Excursionistas,1,0,,,Primera C,2017,zonas,,Fecha 33,República de Italia,false,https://es.wikipedia.org/wiki/Campeonato_de_Primera_C_2017-18_(Argentina)
2018-04-14,16:30,Ferro Carril Oeste,Sportivo Estudiantes (SL),1,0,,,Primera Nacional,2017,zonas,,Fecha 23,Arquitecto Ricardo Etcheverri,false,https://es.wikipedia.org/wiki/Campeonato_de_Primera_B_Nacional_2017-18
2018-04-14,17:05,Aldosivi,Los Andes,1,1,,,Primera Nacional,2017,zonas,,Fecha 23,José María Minella,false,https://es.wikipedia.org/wiki/Campeonato_de_Primera_B_Nacional_2017-18
2018-04-14,17:45,Belgrano,Arsenal,3,0,,,Primera Division,2017,zonas,,Fecha 23,Gigante de Alberdi,false,https://es.wikipedia.org/wiki/Campeonato_de_Primera_División_2017-18_(Argentina)
2018-04-14,20:00,Defensa y Justicia,Racing Club,3,2,,,Primera Division,2017,zonas,,Fecha 23,Norberto Tomaghello,false,https://es.wikipedia.org/wiki/Campeonato_de_Primera_División_2017-18_(Argentina)
2018-04-15,11:00,Unión,Tigre,3,3,,,Primera Division,2017,zonas,,Fecha 23,15 de abril,false,https://es.wikipedia.org/wiki/Campeonato_de_Primera_División_2017-18_(Argentina)
2018-04-15,12:00,Argentino de Quilmes,Leandro N. Alem,2,1,,,Primera C,2017,zonas,,Fecha 33,Argentino de Quilmes,false,https://es.wikipedia.org/wiki/Campeonato_de_Primera_C_2017-18_(Argentina)
2018-04-15,12:00,El Porvenir,Berazategui,2,0,,,Primera C,2017,zonas,,Fecha 33,Gildo Francisco Ghersinich,false,https://es.wikipedia.org/wiki/Campeonato_de_Primera_C_2017-18_(Argentina)
2018-04-15,13:15,Patronato,Estudiantes (LP),0,1,,,Primera Division,2017,zonas,,Fecha 23,Presbítero Bartolomé Grella,false,https://es.wikipedia.org/wiki/Campeonato_de_Primera_División_2017-18_(Argentina)
2018-04-15,14:35,Flandria,San Martín (T),3,3,,,Primera Nacional,2017,zonas,,Fecha 23,Carlos V,false,https://es.wikipedia.org/wiki/Campeonato_de_Primera_B_Nacional_2017-18
2018-04-15,15:30,Brown de Adrogué,Ramón Santamarina,3,0,,,Primera Nacional,2017,zonas,,Fecha 23,Lorenzo Arandilla,false,https://es.wikipedia.org/wiki/Campeonato_de_Primera_B_Nacional_2017-18
2018-04-15,15:30,Chacarita Juniors,Colón,0,2,,,Primera Division,2017,zonas,,Fecha 23,Chacarita Juniors,false,https://es.wikipedia.org/wiki/Campeonato_de_Primera_División_2017-18_(Argentina)
2018-04-15,15:30,Defensores Unidos,J. J. de Urquiza,4,1,,,Primera C,2017,zonas,,Fecha 33,Gigante de Villa Fox,false,https://es.wikipedia.org/wiki/Campeonato_de_Primera_C_2017-18_(Argentina)
2018-04-15,15:30,Guillermo Brown,Nueva Chicago,2,0,,,Primera Nacional,2017,zonas,,Fecha 23,Raul Conti,false,https://es.wikipedia.org/wiki/Campeonato_de_Primera_B_Nacional_2017-18
2018-04-15,16:00,Deportivo Madryn,Unión (S),2,0,,,Torneo Federal A,2017,eliminacion,,Partidos de ida,Abel Sastre,false,https://es.wikipedia.org/wiki/Torneo_Federal_A_2017-18
2018-04-15,16:00,Juventud Unida (G),Instituto,2,4,,,Primera Nacional,2017,zonas,,Fecha 23,De los Eucaliptos,false,https://es.wikipedia.org/wiki/Campeonato_de_Primera_B_Nacional_2017-18
2018-04-15,16:30,Juventud Unida Universitario,Estudiantes (RC),1,0,,,Torneo Federal A,2017,zonas,Tercera fase,Fecha 4,Mario Sebastián Diez,false,https://es.wikipedia.org/wiki/Torneo_Federal_A_2017-18
2018-04-15,16:45,Chaco For Ever,Alvarado,2,1,,,Torneo Federal A,2017,eliminacion,,Partidos de ida,Juan Alberto García,false,https://es.wikipedia.org/wiki/Torneo_Federal_A_2017-18
2018-04-15,17:00,Mitre (SdE),Villa Dálmine,0,1,,,Primera Nacional,2017,zonas,,Fecha 23,Dres. José y Antonio Castiglione,false,https://es.wikipedia.org/wiki/Campeonato_de_Primera_B_Nacional_2017-18
2018-04-15,17:30,Gimnasia y Tiro (S),Sportivo Belgrano,2,1,,,Torneo Federal A,2017,eliminacion,,Partidos de ida,Gigante del Norte,false,https://es.wikipedia.org/wiki/Torneo_Federal_A_2017-18
2018-04-15,17:45,Independiente Rivadavia,Deportivo Riestra,0,1,,,Primera Nacional,2017,zonas,,Fecha 23,Bautista Gargantini,false,https://es.wikipedia.org/wiki/Campeonato_de_Primera_B_Nacional_2017-18
2018-04-15,17:45,River Plate,Rosario Central,2,0,,,Primera Division,2017,zonas,,Fecha 23,Monumental,false,https://es.wikipedia.org/wiki/Campeonato_de_Primera_División_2017-18_(Argentina)
2018-04-15,19:00,Sarmiento (R),Crucero del Norte,0,1,,,Torneo Federal A,2017,eliminacion,,Partidos de ida,Centenario,false,https://es.wikipedia.org/wiki/Torneo_Federal_A_2017-18
2018-04-15,20:00,Independiente,Boca Juniors,1,0,,,Primera Division,2017,zonas,,Fecha 23,Libertadores de América,false,https://es.wikipedia.org/wiki/Campeonato_de_Primera_División_2017-18_(Argentina)
2018-04-16,15:30,Defensores de Cambaceres,Deportivo Laferrere,0,1,,,Primera C,2017,zonas,,Fecha 33,12 de Octubre,false,https://es.wikipedia.org/wiki/Campeonato_de_Primera_C_2017-18_(Argentina)
2018-04-16,15:30,Ferrocarril Midland,San Martín (B),0,3,,,Primera C,2017,zonas,,Fecha 33,Ciudad de Libertad,false,https://es.wikipedia.org/wiki/Campeonato_de_Primera_C_2017-18_(Argentina)
2018-04-16,15:35,Sportivo Barracas,Dock Sud,2,2,,,Primera C,2017,zonas,,Fecha 33,Don León Kolbowsky,false,https://es.wikipedia.org/wiki/Campeonato_de_Primera_C_2017-18_(Argentina)
2018-04-16,19:00,Newell's Old Boys,Talleres (C),2,1,,,Primera Division,2017,zonas,,Fecha 23,Marcelo Bielsa,false,https://es.wikipedia.org/wiki/Campeonato_de_Primera_División_2017-18_(Argentina)
2018-04-16,20:00,Agropecuario,Almagro,0,2,,,Primera Nacional,2017,zonas,,Fecha 23,Ofelia Rosenzuaig,false,https://es.wikipedia.org/wiki/Campeonato_de_Primera_B_Nacional_2017-18
2018-04-16,20:00,Deportivo Morón,Sarmiento (J),1,0,,,Primera Nacional,2017,zonas,,Fecha 23,Nuevo Francisco Urbano,false,https://es.wikipedia.org/wiki/Campeonato_de_Primera_B_Nacional_2017-18
2018-04-16,21:05,Atlético de Rafaela,Quilmes,0,2,,,Primera Nacional,2017,zonas,,Fecha 23,Nuevo Monumental,false,https://es.wikipedia.org/wiki/Campeonato_de_Primera_B_Nacional_2017-18
2018-04-16,21:15,Vélez Sarsfield,San Lorenzo,2,2,,,Primera Division,2017,zonas,,Fecha 23,José Amalfitani,false,https://es.wikipedia.org/wiki/Campeonato_de_Primera_División_2017-18_(Argentina)
2018-04-16,21:30,Gimnasia y Esgrima (M),Central Córdoba (SdE),1,1,,,Torneo Federal A,2017,zonas,Tercera fase,Fecha 4,Víctor Antonio Legrotaglie,false,https://es.wikipedia.org/wiki/Torneo_Federal_A_2017-18
2018-04-17,15:30,Barracas Central,Talleres (RdE),0,0,,,Primera B,2017,zonas,,Fecha 32,Claudio Chiqui Tapia,false,https://es.wikipedia.org/wiki/Campeonato_de_Primera_B_2017-18_(Argentina)
2018-04-17,15:30,Tristán Suárez,Defensores de Belgrano,2,0,,,Primera B,2017,zonas,,Fecha 32,20 de Octubre,false,https://es.wikipedia.org/wiki/Campeonato_de_Primera_B_2017-18_(Argentina)
2018-04-17,21:05,Estudiantes (BA),Sacachispas,0,0,,,Primera B,2017,zonas,,Fecha 32,Ciudad de Caseros,false,https://es.wikipedia.org/wiki/Campeonato_de_Primera_B_2017-18_(Argentina)
2018-04-18,15:30,Almirante Brown,Fénix,0,0,,,Primera B,2017,zonas,,Fecha 32,República de Italia,false,https://es.wikipedia.org/wiki/Campeonato_de_Primera_B_2017-18_(Argentina)
2018-04-18,15:30,San Miguel,Acassuso,0,1,,,Primera B,2017,zonas,,Fecha 32,Malvinas Argentinas,false,https://es.wikipedia.org/wiki/Campeonato_de_Primera_B_2017-18_(Argentina)
2018-04-18,15:35,San Telmo,Platense,0,1,,,Primera B,2017,zonas,,Fecha 32,Dr. Osvaldo Baletto,false,https://es.wikipedia.org/wiki/Campeonato_de_Primera_B_2017-18_(Argentina)
2018-04-18,15:40,Deportivo Español,UAI Urquiza,1,0,,,Primera B,2017,zonas,,Fecha 32,Nueva España,false,https://es.wikipedia.org/wiki/Campeonato_de_Primera_B_2017-18_(Argentina)
2018-04-18,16:05,Colegiales,Comunicaciones,1,3,,,Primera B,2017,zonas,,Fecha 32,Colegiales,false,https://es.wikipedia.org/wiki/Campeonato_de_Primera_B_2017-18_(Argentina)
2018-04-18,20:05,Atlanta,Villa San Carlos,2,0,,,Primera B,2017,zonas,,Fecha 32,Don León Kolbovsky,false,https://es.wikipedia.org/wiki/Campeonato_de_Primera_B_2017-18_(Argentina)
2018-04-20,15:30,Leandro N. Alem,Defensores de Cambaceres,3,1,,,Primera C,2017,zonas,,Fecha 34,Leandro N. Alem,false,https://es.wikipedia.org/wiki/Campeonato_de_Primera_C_2017-18_(Argentina)
2018-04-20,15:35,Dock Sud,Argentino de Quilmes,0,0,,,Primera C,2017,zonas,,Fecha 34,De los Inmigrantes,false,https://es.wikipedia.org/wiki/Campeonato_de_Primera_C_2017-18_(Argentina)
2018-04-20,15:45,San Martín (B),Defensores Unidos,1,2,,,Primera C,2017,zonas,,Fecha 34,Francisco Boga,false,https://es.wikipedia.org/wiki/Campeonato_de_Primera_C_2017-18_(Argentina)
2018-04-20,19:00,Argentinos Juniors,Olimpo,1,0,,,Primera Division,2017,zonas,,Fecha 24,Diego Armando Maradona,false,https://es.wikipedia.org/wiki/Campeonato_de_Primera_División_2017-18_(Argentina)
2018-04-20,21:15,Estudiantes (LP),Belgrano,0,1,,,Primera Division,2017,zonas,,Fecha 24,Ciudad de La Plata,false,https://es.wikipedia.org/wiki/Campeonato_de_Primera_División_2017-18_(Argentina)
2018-04-21,11:00,Berazategui,Sportivo Barracas,3,1,,,Primera C,2017,zonas,,Fecha 34,Norman Lee,false,https://es.wikipedia.org/wiki/Campeonato_de_Primera_C_2017-18_(Argentina)
2018-04-21,13:05,Defensores de Belgrano,Barracas Central,2,2,,,Primera B,2017,zonas,,Fecha 33,Juan Pasquale,false,https://es.wikipedia.org/wiki/Campeonato_de_Primera_B_2017-18_(Argentina)
2018-04-21,13:15,San Martín (SJ),Lanús,1,1,,,Primera Division,2017,zonas,,Fecha 24,Ingeniero Hilario Sánchez,false,https://es.wikipedia.org/wiki/Campeonato_de_Primera_División_2017-18_(Argentina)
2018-04-21,13:15,Temperley,Vélez Sarsfield,2,4,,,Primera Division,2017,zonas,,Fecha 24,Alfredo Beranger,false,https://es.wikipedia.org/wiki/Campeonato_de_Primera_División_2017-18_(Argentina)
2018-04-21,15:10,San Martín (T),Guillermo Brown,3,0,,,Primera Nacional,2017,zonas,,Fecha 24,La Ciudadela,false,https://es.wikipedia.org/wiki/Campeonato_de_Primera_B_Nacional_2017-18
2018-04-21,15:30,Cañuelas,El Porvenir,1,2,,,Primera C,2017,zonas,,Fecha 34,José Alfredo Arín,false,https://es.wikipedia.org/wiki/Campeonato_de_Primera_C_2017-18_(Argentina)
2018-04-21,15:30,Deportivo Laferrere,Ferrocarril Midland,2,4,,,Primera C,2017,zonas,,Fecha 34,Ciudad de Laferrere,false,https://es.wikipedia.org/wiki/Campeonato_de_Primera_C_2017-18_(Argentina)
2018-04-21,15:30,Nueva Chicago,Brown de Adrogué,0,2,,,Primera Nacional,2017,zonas,,Fecha 24,Nueva Chicago,false,https://es.wikipedia.org/wiki/Campeonato_de_Primera_B_Nacional_2017-18
2018-04-21,15:30,Talleres (C),Gimnasia y Esgrima (LP),2,0,,,Primera Division,2017,zonas,,Fecha 24,Mario Alberto Kempes,false,https://es.wikipedia.org/wiki/Campeonato_de_Primera_División_2017-18_(Argentina)
2018-04-21,16:00,Deportivo Armenio,Ituzaingó,0,0,,,Primera C,2017,zonas,,Fecha 34,Armenia,false,https://es.wikipedia.org/wiki/Campeonato_de_Primera_C_2017-18_(Argentina)
2018-04-21,17:45,Banfield,Godoy Cruz,1,1,,,Primera Division,2017,zonas,,Fecha 24,Florencio Sola,false,https://es.wikipedia.org/wiki/Campeonato_de_Primera_División_2017-18_(Argentina)
2018-04-21,20:00,San Lorenzo,Chacarita Juniors,1,0,,,Primera Division,2017,zonas,,Fecha 24,Nuevo Gasómetro,false,https://es.wikipedia.org/wiki/Campeonato_de_Primera_División_2017-18_(Argentina)
2018-04-22,11:00,Deportivo Merlo,Sportivo Italiano,1,1,,,Primera C,2017,zonas,,Fecha 34,José Manuel Moreno,false,https://es.wikipedia.org/wiki/Campeonato_de_Primera_C_2017-18_(Argentina)
2018-04-22,11:00,Los Andes,All Boys,2,2,,,Primera Nacional,2017,zonas,,Fecha 24,Eduardo Gallardón,false,https://es.wikipedia.org/wiki/Campeonato_de_Primera_B_Nacional_2017-18
2018-04-22,11:00,Tigre,Huracán,0,2,,,Primera Division,2017,zonas,,Fecha 24,Monumental de Victoria,false,https://es.wikipedia.org/wiki/Campeonato_de_Primera_División_2017-18_(Argentina)
2018-04-22,13:15,Rosario Central,Racing Club,0,2,,,Primera Division,2017,zonas,,Fecha 24,Gigante de Arroyito,false,https://es.wikipedia.org/wiki/Campeonato_de_Primera_División_2017-18_(Argentina)
2018-04-22,14:35,Acassuso,Estudiantes (BA),1,2,,,Primera B,2017,zonas,,Fecha 33,República de Italia,false,https://es.wikipedia.org/wiki/Campeonato_de_Primera_B_2017-18_(Argentina)
2018-04-22,14:40,Almagro,Flandria,2,1,,,Primera Nacional,2017,zonas,,Fecha 24,Tres de Febrero,false,https://es.wikipedia.org/wiki/Campeonato_de_Primera_B_Nacional_2017-18
2018-04-22,15:00,Crucero del Norte,Sarmiento (R),0,0,,,Torneo Federal A,2017,eliminacion,,Partidos de vuelta,Comandante Andrés Guacurarí,false,https://es.wikipedia.org/wiki/Torneo_Federal_A_2017-18
2018-04-22,15:30,Atlético Tucumán,Unión,0,0,,,Primera Division,2017,zonas,,Fecha 24,Monumental José Fierro,false,https://es.wikipedia.org/wiki/Campeonato_de_Primera_División_2017-18_(Argentina)
2018-04-22,15:30,Comunicaciones,Atlanta,1,2,,,Primera B,2017,zonas,,Fecha 33,Alfredo Ramos,false,https://es.wikipedia.org/wiki/Campeonato_de_Primera_B_2017-18_(Argentina)
2018-04-22,15:30,Excursionistas,Luján,2,1,,,Primera C,2017,zonas,,Fecha 34,Excursionistas,false,https://es.wikipedia.org/wiki/Campeonato_de_Primera_C_2017-18_(Argentina)
2018-04-22,15:30,Sacachispas,Tristán Suárez,2,2,,,Primera B,2017,zonas,,Fecha 33,Beto Larrosa,false,https://es.wikipedia.org/wiki/Campeonato_de_Primera_B_2017-18_(Argentina)
2018-04-22,15:30,Villa Dálmine,Deportivo Morón,3,0,,,Primera Nacional,2017,zonas,,Fecha 24,El Coliseo de Mitre y Puccini,false,https://es.wikipedia.org/wiki/Campeonato_de_Primera_B_Nacional_2017-18
2018-04-22,16:00,Sportivo Estudiantes (SL),Independiente Rivadavia,0,0,,,Primera Nacional,2017,zonas,,Fecha 24,Héctor Odicino y Pedro Benoza,false,https://es.wikipedia.org/wiki/Campeonato_de_Primera_B_Nacional_2017-18
2018-04-22,16:00,Unión (S),Deportivo Madryn,1,1,,,Torneo Federal A,2017,eliminacion,,Partidos de vuelta,De la Avenida,false,https://es.wikipedia.org/wiki/Torneo_Federal_A_2017-18
2018-04-22,17:00,Alvarado,Chaco For Ever,3,1,,,Torneo Federal A,2017,eliminacion,,Partidos de vuelta,José María Minella,false,https://es.wikipedia.org/wiki/Torneo_Federal_A_2017-18
2018-04-22,17:00,Gimnasia y Esgrima (J),Mitre (SdE),0,0,,,Primera Nacional,2017,zonas,,Fecha 24,23 de Agosto,false,https://es.wikipedia.org/wiki/Campeonato_de_Primera_B_Nacional_2017-18
2018-04-22,17:00,Quilmes,Boca Unidos,1,1,,,Primera Nacional,2017,zonas,,Fecha 24,Centenario,false,https://es.wikipedia.org/wiki/Campeonato_de_Primera_B_Nacional_2017-18
2018-04-22,17:45,Arsenal,River Plate,0,3,,,Primera Division,2017,zonas,,Fecha 24,El Viaducto,false,https://es.wikipedia.org/wiki/Campeonato_de_Primera_División_2017-18_(Argentina)
2018-04-22,18:00,Central Córdoba (SdE),Defensores de Belgrano (VR),2,1,,,Torneo Federal A,2017,zonas,Tercera fase,Fecha 5,Alfredo Terrera,false,https://es.wikipedia.org/wiki/Torneo_Federal_A_2017-18
2018-04-22,18:00,Estudiantes (RC),Gimnasia y Esgrima (M),2,1,,,Torneo Federal A,2017,zonas,Tercera fase,Fecha 5,Ciudad de Río Cuarto Antonio Candini,false,https://es.wikipedia.org/wiki/Torneo_Federal_A_2017-18
2018-04-22,18:35,Instituto,Agropecuario,1,1,,,Primera Nacional,2017,zonas,,Fecha 24,Juan Domingo Perón,false,https://es.wikipedia.org/wiki/Campeonato_de_Primera_B_Nacional_2017-18
2018-04-22,19:25,Sportivo Belgrano,Gimnasia y Tiro (S),2,1,,,Torneo Federal A,2017,eliminacion,,Partidos de vuelta,Oscar C. Boero,false,https://es.wikipedia.org/wiki/Torneo_Federal_A_2017-18
2018-04-22,20:00,Boca Juniors,Newell's Old Boys,3,1,,,Primera Division,2017,zonas,,Fecha 24,La Bombonera,false,https://es.wikipedia.org/wiki/Campeonato_de_Primera_División_2017-18_(Argentina)
2018-04-23,15:30,Fénix,San Miguel,1,1,,,Primera B,2017,zonas,,Fecha 33,Ricardo Puga,false,https://es.wikipedia.org/wiki/Campeonato_de_Primera_B_2017-18_(Argentina)
2018-04-23,15:30,San Telmo,Colegiales,0,1,,,Primera B,2017,zonas,,Fecha 33,Dr. Osvaldo Baletto,false,https://es.wikipedia.org/wiki/Campeonato_de_Primera_B_2017-18_(Argentina)
2018-04-23,15:30,UAI Urquiza,Almirante Brown,1,1,,,Primera B,2017,zonas,,Fecha 33,Monumental de Villa Lynch,false,https://es.wikipedia.org/wiki/Campeonato_de_Primera_B_2017-18_(Argentina)
2018-04-23,15:30,Villa San Carlos,Deportivo Español,1,0,,,Primera B,2017,zonas,,Fecha 33,Génacio Sálice,false,https://es.wikipedia.org/wiki/Campeonato_de_Primera_B_2017-18_(Argentina)
2018-04-23,15:35,Deportivo Riestra,Aldosivi,1,0,,,Primera Nacional,2017,zonas,,Fecha 24,Guillermo Laza,false,https://es.wikipedia.org/wiki/Campeonato_de_Primera_B_Nacional_2017-18
2018-04-23,19:00,Colón,Patronato,4,0,,,Primera Division,2017,zonas,,Fecha 24,Brigadier Estanislao López,false,https://es.wikipedia.org/wiki/Campeonato_de_Primera_División_2017-18_(Argentina)
2018-04-23,20:30,Ramón Santamarina,Ferro Carril Oeste,2,1,,,Primera Nacional,2017,zonas,,Fecha 24,Municipal General San Martin,false,https://es.wikipedia.org/wiki/Campeonato_de_Primera_B_Nacional_2017-18
2018-04-23,21:05,Platense,Talleres (RdE),3,0,,,Primera B,2017,zonas,,Fecha 33,Ciudad de Vicente López,false,https://es.wikipedia.org/wiki/Campeonato_de_Primera_B_2017-18_(Argentina)
2018-04-23,21:05,Sarmiento (J),Atlético de Rafaela,2,2,,,Primera Nacional,2017,zonas,,Fecha 24,Eva Perón,false,https://es.wikipedia.org/wiki/Campeonato_de_Primera_B_Nacional_2017-18
2018-04-23,21:15,Independiente,Defensa y Justicia,0,1,,,Primera Division,2017,zonas,,Fecha 24,Libertadores de América,false,https://es.wikipedia.org/wiki/Campeonato_de_Primera_División_2017-18_(Argentina)
2018-04-24,15:45,J. J. de Urquiza,Central Córdoba (R),1,1,,,Primera C,2017,zonas,,Fecha 34,Malvinas Argentinas,false,https://es.wikipedia.org/wiki/Campeonato_de_Primera_C_2017-18_(Argentina)
2018-04-27,15:30,Berazategui,Cañuelas,0,1,,,Primera C,2017,zonas,,Fecha 35,Norman Lee,false,https://es.wikipedia.org/wiki/Campeonato_de_Primera_C_2017-18_(Argentina)
2018-04-27,15:30,Defensores de Cambaceres,Dock Sud,0,0,,,Primera C,2017,zonas,,Fecha 35,12 de Octubre,false,https://es.wikipedia.org/wiki/Campeonato_de_Primera_C_2017-18_(Argentina)
2018-04-27,15:30,El Porvenir,Excursionistas,1,2,,,Primera C,2017,zonas,,Fecha 35,Gildo Francisco Ghersinich,false,https://es.wikipedia.org/wiki/Campeonato_de_Primera_C_2017-18_(Argentina)
2018-04-27,15:30,Ferrocarril Midland,Leandro N. Alem,2,2,,,Primera C,2017,zonas,,Fecha 35,Ciudad de Libertad,false,https://es.wikipedia.org/wiki/Campeonato_de_Primera_C_2017-18_(Argentina)
2018-04-27,15:30,Ituzaingó,J. J. de Urquiza,2,1,,,Primera C,2017,zonas,,Fecha 35,Ituzaingó,false,https://es.wikipedia.org/wiki/Campeonato_de_Primera_C_2017-18_(Argentina)
2018-04-27,15:30,Sportivo Barracas,Argentino de Quilmes,0,1,,,Primera C,2017,zonas,,Fecha 35,Don León Kolbowsky,false,https://es.wikipedia.org/wiki/Campeonato_de_Primera_C_2017-18_(Argentina)
2018-04-27,19:00,Chacarita Juniors,Temperley,1,2,,,Primera Division,2017,zonas,,Fecha 25,Chacarita Juniors,false,https://es.wikipedia.org/wiki/Campeonato_de_Primera_División_2017-18_(Argentina)
2018-04-27,21:15,Godoy Cruz,San Martín (SJ),2,0,,,Primera Division,2017,zonas,,Fecha 25,Malvinas Argentinas,false,https://es.wikipedia.org/wiki/Campeonato_de_Primera_División_2017-18_(Argentina)
2018-04-28,13:15,Defensa y Justicia,Rosario Central,3,1,,,Primera Division,2017,zonas,,Fecha 25,Norberto Tomaghello,false,https://es.wikipedia.org/wiki/Campeonato_de_Primera_División_2017-18_(Argentina)
2018-04-28,13:15,Vélez Sarsfield,Banfield,1,0,,,Primera Division,2017,zonas,,Fecha 25,José Amalfitani,false,https://es.wikipedia.org/wiki/Campeonato_de_Primera_División_2017-18_(Argentina)
2018-04-28,13:30,Colegiales,Platense,0,0,,,Primera B,2017,zonas,,Fecha 34,Colegiales,false,https://es.wikipedia.org/wiki/Campeonato_de_Primera_B_2017-18_(Argentina)
2018-04-28,13:30,Estudiantes (BA),Fénix,2,1,,,Primera B,2017,zonas,,Fecha 34,Ciudad de Caseros,false,https://es.wikipedia.org/wiki/Campeonato_de_Primera_B_2017-18_(Argentina)
2018-04-28,15:30,Atlanta,San Telmo,1,2,,,Primera B,2017,zonas,,Fecha 34,Don León Kolbovsky,false,https://es.wikipedia.org/wiki/Campeonato_de_Primera_B_2017-18_(Argentina)
2018-04-28,15:30,Barracas Central,Sacachispas,3,1,,,Primera B,2017,zonas,,Fecha 34,Claudio Chiqui Tapia,false,https://es.wikipedia.org/wiki/Campeonato_de_Primera_B_2017-18_(Argentina)
2018-04-28,15:30,Newell's Old Boys,Independiente,0,1,,,Primera Division,2017,zonas,,Fecha 25,Marcelo Bielsa,false,https://es.wikipedia.org/wiki/Campeonato_de_Primera_División_2017-18_(Argentina)
2018-04-28,15:30,San Miguel,UAI Urquiza,1,0,,,Primera B,2017,zonas,,Fecha 34,Malvinas Argentinas,false,https://es.wikipedia.org/wiki/Campeonato_de_Primera_B_2017-18_(Argentina)
2018-04-28,15:30,Tristán Suárez,Acassuso,3,2,,,Primera B,2017,zonas,,Fecha 34,20 de Octubre,false,https://es.wikipedia.org/wiki/Campeonato_de_Primera_B_2017-18_(Argentina)
2018-04-28,15:35,Almirante Brown,Villa San Carlos,2,1,,,Primera B,2017,zonas,,Fecha 34,Fragata Presidente Sarmiento,false,https://es.wikipedia.org/wiki/Campeonato_de_Primera_B_2017-18_(Argentina)
2018-04-28,17:45,Lanús,Argentinos Juniors,0,0,,,Primera Division,2017,zonas,,Fecha 25,Ciudad de Lanús,false,https://es.wikipedia.org/wiki/Campeonato_de_Primera_División_2017-18_(Argentina)
2018-04-28,20:00,Huracán,Atlético Tucumán,3,2,,,Primera Division,2017,zonas,,Fecha 25,Tomás A. Ducó,false,https://es.wikipedia.org/wiki/Campeonato_de_Primera_División_2017-18_(Argentina)
2018-04-29,11:00,Gimnasia y Esgrima (LP),Boca Juniors,2,2,,,Primera Division,2017,zonas,,Fecha 25,Del Bosque,false,https://es.wikipedia.org/wiki/Campeonato_de_Primera_División_2017-18_(Argentina)
2018-04-29,12:00,Sportivo Italiano,Deportivo Armenio,2,5,,,Primera C,2017,zonas,,Fecha 35,República de Italia,false,https://es.wikipedia.org/wiki/Campeonato_de_Primera_C_2017-18_(Argentina)
2018-04-29,12:00,Talleres (RdE),Defensores de Belgrano,3,1,,,Primera B,2017,zonas,,Fecha 34,Talleres,false,https://es.wikipedia.org/wiki/Campeonato_de_Primera_B_2017-18_(Argentina)
2018-04-29,13:15,Patronato,San Lorenzo,0,0,,,Primera Division,2017,zonas,,Fecha 25,Presbítero Bartolomé Grella,false,https://es.wikipedia.org/wiki/Campeonato_de_Primera_División_2017-18_(Argentina)
2018-04-29,15:00,Crucero del Norte,Estudiantes (RC),0,0,,,Torneo Federal A,2017,eliminacion,,Partidos de ida,Comandante Andrés Guacurarí,false,https://es.wikipedia.org/wiki/Torneo_Federal_A_2017-18
2018-04-29,15:30,Belgrano,Colón,1,0,,,Primera Division,2017,zonas,,Fecha 25,Gigante de Alberdi,false,https://es.wikipedia.org/wiki/Campeonato_de_Primera_División_2017-18_(Argentina)
2018-04-29,15:30,Central Córdoba (R),San Martín (B),2,0,,,Primera C,2017,zonas,,Fecha 35,Gabino Sosa,false,https://es.wikipedia.org/wiki/Campeonato_de_Primera_C_2017-18_(Argentina)
2018-04-29,15:30,Defensores Unidos,Deportivo Laferrere,4,1,,,Primera C,2017,zonas,,Fecha 35,Gigante de Villa Fox,false,https://es.wikipedia.org/wiki/Campeonato_de_Primera_C_2017-18_(Argentina)
2018-04-29,15:30,Deportivo Español,Comunicaciones,0,0,,,Primera B,2017,zonas,,Fecha 34,Nueva España,false,https://es.wikipedia.org/wiki/Campeonato_de_Primera_B_2017-18_(Argentina)
2018-04-29,15:30,Luján,Deportivo Merlo,2,0,,,Primera C,2017,zonas,,Fecha 35,Municipal de la Ciudad de Luján,false,https://es.wikipedia.org/wiki/Campeonato_de_Primera_C_2017-18_(Argentina)
2018-04-29,16:00,Deportivo Madryn,Gimnasia y Esgrima (M),4,2,,,Torneo Federal A,2017,eliminacion,,Partidos de ida,Abel Sastre,false,https://es.wikipedia.org/wiki/Torneo_Federal_A_2017-18
2018-04-29,17:00,Alvarado,Defensores de Belgrano (VR),0,0,,,Torneo Federal A,2017,eliminacion,,Partidos de ida,José María Minella,false,https://es.wikipedia.org/wiki/Torneo_Federal_A_2017-18
2018-04-29,19:15,Sportivo Belgrano,Juventud Unida Universitario,2,2,,,Torneo Federal A,2017,eliminacion,,Partidos de ida,Oscar C. Boero,false,https://es.wikipedia.org/wiki/Torneo_Federal_A_2017-18
2018-04-29,20:00,Racing Club,Arsenal,2,0,,,Primera Division,2017,zonas,,Fecha 25,El Cilindro,false,https://es.wikipedia.org/wiki/Campeonato_de_Primera_División_2017-18_(Argentina)
2018-04-30,15:35,Agropecuario,Juventud Unida (G),1,0,,,Primera Nacional,2017,zonas,,Fecha 25,Ofelia Rosenzuaig,false,https://es.wikipedia.org/wiki/Campeonato_de_Primera_B_Nacional_2017-18
2018-04-30,15:35,Aldosivi,Sportivo Estudiantes (SL),2,0,,,Primera Nacional,2017,zonas,,Fecha 25,José María Minella,false,https://es.wikipedia.org/wiki/Campeonato_de_Primera_B_Nacional_2017-18
2018-04-30,15:35,All Boys,Deportivo Riestra,1,2,,,Primera Nacional,2017,zonas,,Fecha 25,Islas Malvinas,false,https://es.wikipedia.org/wiki/Campeonato_de_Primera_B_Nacional_2017-18
2018-04-30,15:35,Atlético de Rafaela,Villa Dálmine,2,0,,,Primera Nacional,2017,zonas,,Fecha 25,Nuevo Monumental,false,https://es.wikipedia.org/wiki/Campeonato_de_Primera_B_Nacional_2017-18
2018-04-30,15:35,Boca Unidos,Sarmiento (J),0,1,,,Primera Nacional,2017,zonas,,Fecha 25,Leoncio Benítez,false,https://es.wikipedia.org/wiki/Campeonato_de_Primera_B_Nacional_2017-18
2018-04-30,15:35,Brown de Adrogué,San Martín (T),1,0,,,Primera Nacional,2017,zonas,,Fecha 25,Lorenzo Arandilla,false,https://es.wikipedia.org/wiki/Campeonato_de_Primera_B_Nacional_2017-18
2018-04-30,15:35,Deportivo Morón,Gimnasia y Esgrima (J),1,1,,,Primera Nacional,2017,zonas,,Fecha 25,Nuevo Francisco Urbano,false,https://es.wikipedia.org/wiki/Campeonato_de_Primera_B_Nacional_2017-18
2018-04-30,15:35,Ferro Carril Oeste,Nueva Chicago,0,1,,,Primera Nacional,2017,zonas,,Fecha 25,Arquitecto Ricardo Etcheverri,false,https://es.wikipedia.org/wiki/Campeonato_de_Primera_B_Nacional_2017-18
2018-04-30,15:35,Flandria,Instituto,0,2,,,Primera Nacional,2017,zonas,,Fecha 25,Carlos V,false,https://es.wikipedia.org/wiki/Campeonato_de_Primera_B_Nacional_2017-18
2018-04-30,15:35,Guillermo Brown,Almagro,0,0,,,Primera Nacional,2017,zonas,,Fecha 25,Raul Conti,false,https://es.wikipedia.org/wiki/Campeonato_de_Primera_B_Nacional_2017-18
2018-04-30,15:35,Independiente Rivadavia,Ramón Santamarina,2,0,,,Primera Nacional,2017,zonas,,Fecha 25,Bautista Gargantini,false,https://es.wikipedia.org/wiki/Campeonato_de_Primera_B_Nacional_2017-18
2018-04-30,15:35,Mitre (SdE),Los Andes,2,1,,,Primera Nacional,2017,zonas,,Fecha 25,Dres. José y Antonio Castiglione,false,https://es.wikipedia.org/wiki/Campeonato_de_Primera_B_Nacional_2017-18
2018-04-30,19:00,Unión,Talleres (C),3,0,,,Primera Division,2017,zonas,,Fecha 25,15 de abril,false,https://es.wikipedia.org/wiki/Campeonato_de_Primera_División_2017-18_(Argentina)
2018-04-30,21:15,Olimpo,Tigre,1,5,,,Primera Division,2017,zonas,,Fecha 25,Roberto N. Carminati,false,https://es.wikipedia.org/wiki/Campeonato_de_Primera_División_2017-18_(Argentina)
2018-05-02,15:30,Argentino de Quilmes,Defensores de Cambaceres,2,1,,,Primera C,2017,zonas,,Fecha 36,Argentino de Quilmes,false,https://es.wikipedia.org/wiki/Campeonato_de_Primera_C_2017-18_(Argentina)
2018-05-02,15:30,Cañuelas,Sportivo Barracas,1,0,,,Primera C,2017,zonas,,Fecha 36,José Alfredo Arín,false,https://es.wikipedia.org/wiki/Campeonato_de_Primera_C_2017-18_(Argentina)
2018-05-02,15:30,Deportivo Armenio,Luján,0,1,,,Primera C,2017,zonas,,Fecha 36,Armenia,false,https://es.wikipedia.org/wiki/Campeonato_de_Primera_C_2017-18_(Argentina)
2018-05-02,15:30,Deportivo Laferrere,Central Córdoba (R),1,3,,,Primera C,2017,zonas,,Fecha 36,Ciudad de Laferrere,false,https://es.wikipedia.org/wiki/Campeonato_de_Primera_C_2017-18_(Argentina)
2018-05-02,15:30,Deportivo Merlo,El Porvenir,1,1,,,Primera C,2017,zonas,,Fecha 36,José Manuel Moreno,false,https://es.wikipedia.org/wiki/Campeonato_de_Primera_C_2017-18_(Argentina)
2018-05-02,15:30,Dock Sud,Ferrocarril Midland,4,1,,,Primera C,2017,zonas,,Fecha 36,De los Inmigrantes,false,https://es.wikipedia.org/wiki/Campeonato_de_Primera_C_2017-18_(Argentina)
2018-05-02,15:30,Excursionistas,Berazategui,0,1,,,Primera C,2017,zonas,,Fecha 36,Excursionistas,false,https://es.wikipedia.org/wiki/Campeonato_de_Primera_C_2017-18_(Argentina)
2018-05-02,15:30,J. J. de Urquiza,Sportivo Italiano,1,0,,,Primera C,2017,zonas,,Fecha 36,Malvinas Argentinas,false,https://es.wikipedia.org/wiki/Campeonato_de_Primera_C_2017-18_(Argentina)
2018-05-02,15:30,Leandro N. Alem,Defensores Unidos,0,3,,,Primera C,2017,zonas,,Fecha 36,Leandro N. Alem,false,https://es.wikipedia.org/wiki/Campeonato_de_Primera_C_2017-18_(Argentina)
2018-05-02,15:30,San Martín (B),Ituzaingó,2,4,,,Primera C,2017,zonas,,Fecha 36,Francisco Boga,false,https://es.wikipedia.org/wiki/Campeonato_de_Primera_C_2017-18_(Argentina)
2018-05-02,19:40,Platense,Estudiantes (BA),1,0,,,Primera B,2017,eliminacion,,Desempate,Ciudad de Lanús,true,https://es.wikipedia.org/wiki/Campeonato_de_Primera_B_2017-18_(Argentina)
2018-05-04,19:00,San Martín (SJ),Vélez Sarsfield,0,2,,,Primera Division,2017,zonas,,Fecha 26,Ingeniero Hilario Sánchez,false,https://es.wikipedia.org/wiki/Campeonato_de_Primera_División_2017-18_(Argentina)
2018-05-04,19:10,Almagro,Aldosivi,1,3,,,Primera Nacional,2017,zonas,,,Julio Humberto Grondona,true,https://es.wikipedia.org/wiki/Campeonato_de_Primera_B_Nacional_2017-18
2018-05-04,21:15,San Lorenzo,Belgrano,2,0,,,Primera Division,2017,zonas,,Fecha 26,Nuevo Gasómetro,false,https://es.wikipedia.org/wiki/Campeonato_de_Primera_División_2017-18_(Argentina)
2018-05-05,,Atlanta,Tristán Suárez,0,1,,,Primera B,2017,eliminacion,,Cuartos,Estadio Don León Kolbowsky,false,https://es.wikipedia.org/wiki/Campeonato_de_Primera_B_2017-18_(Argentina)
2018-05-05,,Defensores de Belgrano,Barracas Central,0,0,,,Primera B,2017,eliminacion,,Cuartos,Estadio Juan Pasquale,false,https://es.wikipedia.org/wiki/Campeonato_de_Primera_B_2017-18_(Argentina)
2018-05-05,13:15,Argentinos Juniors,Godoy Cruz,1,2,,,Primera Division,2017,zonas,,Fecha 26,Diego Armando Maradona,false,https://es.wikipedia.org/wiki/Campeonato_de_Primera_División_2017-18_(Argentina)
2018-05-05,13:15,Arsenal,Rosario Central,4,0,,,Primera Division,2017,zonas,,Fecha 26,El Viaducto,false,https://es.wikipedia.org/wiki/Campeonato_de_Primera_División_2017-18_(Argentina)
2018-05-05,15:30,Newell's Old Boys,Defensa y Justicia,1,0,,,Primera Division,2017,zonas,,Fecha 26,Marcelo Bielsa,false,https://es.wikipedia.org/wiki/Campeonato_de_Primera_División_2017-18_(Argentina)
2018-05-05,16:00,Defensores de Belgrano (VR),Alvarado,0,0,,,Torneo Federal A,2017,eliminacion,,Partidos de vuelta,Salomón Boeseldín,false,https://es.wikipedia.org/wiki/Torneo_Federal_A_2017-18
2018-05-05,16:00,Juventud Unida Universitario,Sportivo Belgrano,1,2,,,Torneo Federal A,2017,eliminacion,,Partidos de vuelta,Mario Sebastián Diez,false,https://es.wikipedia.org/wiki/Torneo_Federal_A_2017-18
2018-05-05,17:45,Talleres (C),Huracán,0,0,,,Primera Division,2017,zonas,,Fecha 26,Mario Alberto Kempes,false,https://es.wikipedia.org/wiki/Campeonato_de_Primera_División_2017-18_(Argentina)
2018-05-05,20:00,Atlético Tucumán,Olimpo,1,1,,,Primera Division,2017,zonas,,Fecha 26,Monumental José Fierro,false,https://es.wikipedia.org/wiki/Campeonato_de_Primera_División_2017-18_(Argentina)
2018-05-05,20:30,Estudiantes (RC),Crucero del Norte,0,0,,,Torneo Federal A,2017,eliminacion,,Partidos de vuelta,Ciudad de Río Cuarto Antonio Candini,false,https://es.wikipedia.org/wiki/Torneo_Federal_A_2017-18
2018-05-05,21:00,Gimnasia y Esgrima (M),Deportivo Madryn,3,0,,,Torneo Federal A,2017,eliminacion,,Partidos de vuelta,Víctor Antonio Legrotaglie,false,https://es.wikipedia.org/wiki/Torneo_Federal_A_2017-18
2018-05-06,,Acassuso,UAI Urquiza,0,1,,,Primera B,2017,eliminacion,,Cuartos,Estadio República de Italia,false,https://es.wikipedia.org/wiki/Campeonato_de_Primera_B_2017-18_(Argentina)
2018-05-06,,Brown de Adrogué,Atlético de Rafaela,0,0,,,Primera Nacional,2017,eliminacion,,Cuartos,Estadio Lorenzo Arandilla,false,https://es.wikipedia.org/wiki/Campeonato_de_Primera_B_Nacional_2017-18
2018-05-06,,Estudiantes (BA),Talleres (RdE),4,1,,,Primera B,2017,eliminacion,,Cuartos,Estadio Ciudad de Caseros,false,https://es.wikipedia.org/wiki/Campeonato_de_Primera_B_2017-18_(Argentina)
2018-05-06,,San Martín (T),Villa Dálmine,3,3,,,Primera Nacional,2017,eliminacion,,Cuartos,Estadio La Ciudadela,false,https://es.wikipedia.org/wiki/Campeonato_de_Primera_B_Nacional_2017-18
2018-05-06,,Sarmiento (J),Instituto,0,0,,,Primera Nacional,2017,eliminacion,,Cuartos,Estadio Eva Perón,false,https://es.wikipedia.org/wiki/Campeonato_de_Primera_B_Nacional_2017-18
2018-05-06,11:00,Temperley,Patronato,1,2,,,Primera Division,2017,zonas,,Fecha 26,Alfredo Beranger,false,https://es.wikipedia.org/wiki/Campeonato_de_Primera_División_2017-18_(Argentina)
2018-05-06,13:15,Independiente,Gimnasia y Esgrima (LP),2,2,,,Primera Division,2017,zonas,,Fecha 26,Libertadores de América,false,https://es.wikipedia.org/wiki/Campeonato_de_Primera_División_2017-18_(Argentina)
2018-05-06,15:30,Tigre,Lanús,0,0,,,Primera Division,2017,zonas,,Fecha 26,Monumental de Victoria,false,https://es.wikipedia.org/wiki/Campeonato_de_Primera_División_2017-18_(Argentina)
2018-05-06,17:45,Boca Juniors,Unión,2,0,,,Primera Division,2017,zonas,,Fecha 26,La Bombonera,false,https://es.wikipedia.org/wiki/Campeonato_de_Primera_División_2017-18_(Argentina)
2018-05-06,20:00,Estudiantes (LP),Racing Club,1,2,,,Primera Division,2017,zonas,,Fecha 26,Ciudad de La Plata,false,https://es.wikipedia.org/wiki/Campeonato_de_Primera_División_2017-18_(Argentina)
2018-05-07,19:15,Banfield,Chacarita Juniors,2,1,,,Primera Division,2017,zonas,,Fecha 26,Florencio Sola,false,https://es.wikipedia.org/wiki/Campeonato_de_Primera_División_2017-18_(Argentina)
2018-05-07,21:15,Colón,River Plate,0,0,,,Primera Division,2017,zonas,,Fecha 26,Brigadier Estanislao López,false,https://es.wikipedia.org/wiki/Campeonato_de_Primera_División_2017-18_(Argentina)
2018-05-08,,Almagro,Agropecuario,0,2,,,Primera Nacional,2017,eliminacion,,Cuartos,Estadio Tres de Febrero,false,https://es.wikipedia.org/wiki/Campeonato_de_Primera_B_Nacional_2017-18
2018-05-08,15:30,Berazategui,Deportivo Merlo,2,2,,,Primera C,2017,zonas,,Fecha 37,Norman Lee,false,https://es.wikipedia.org/wiki/Campeonato_de_Primera_C_2017-18_(Argentina)
2018-05-08,15:30,Cañuelas,Excursionistas,3,0,,,Primera C,2017,zonas,,Fecha 37,José Alfredo Arín,false,https://es.wikipedia.org/wiki/Campeonato_de_Primera_C_2017-18_(Argentina)
2018-05-08,15:30,Central Córdoba (R),Leandro N. Alem,2,1,,,Primera C,2017,zonas,,Fecha 37,Gabino Sosa,false,https://es.wikipedia.org/wiki/Campeonato_de_Primera_C_2017-18_(Argentina)
2018-05-08,15:30,Defensores Unidos,Dock Sud,3,1,,,Primera C,2017,zonas,,Fecha 37,Gigante de Villa Fox,false,https://es.wikipedia.org/wiki/Campeonato_de_Primera_C_2017-18_(Argentina)
2018-05-08,15:30,El Porvenir,Deportivo Armenio,0,4,,,Primera C,2017,zonas,,Fecha 37,Gildo Francisco Ghersinich,false,https://es.wikipedia.org/wiki/Campeonato_de_Primera_C_2017-18_(Argentina)
2018-05-08,15:30,Ferrocarril Midland,Argentino de Quilmes,1,2,,,Primera C,2017,zonas,,Fecha 37,Ciudad de Libertad,false,https://es.wikipedia.org/wiki/Campeonato_de_Primera_C_2017-18_(Argentina)
2018-05-08,15:30,Ituzaingó,Deportivo Laferrere,2,2,,,Primera C,2017,zonas,,Fecha 37,Ituzaingó,false,https://es.wikipedia.org/wiki/Campeonato_de_Primera_C_2017-18_(Argentina)
2018-05-08,15:30,Luján,J. J. de Urquiza,0,0,,,Primera C,2017,zonas,,Fecha 37,Municipal de la Ciudad de Luján,false,https://es.wikipedia.org/wiki/Campeonato_de_Primera_C_2017-18_(Argentina)
2018-05-08,15:30,Sportivo Barracas,Defensores de Cambaceres,2,2,,,Primera C,2017,zonas,,Fecha 37,Don León Kolbowsky,false,https://es.wikipedia.org/wiki/Campeonato_de_Primera_C_2017-18_(Argentina)
2018-05-08,15:30,Sportivo Italiano,San Martín (B),2,1,,,Primera C,2017,zonas,,Fecha 37,República de Italia,false,https://es.wikipedia.org/wiki/Campeonato_de_Primera_C_2017-18_(Argentina)
2018-05-09,20:30,Defensores de Belgrano (VR),Estudiantes (RC),1,1,,,Torneo Federal A,2017,eliminacion,,Partidos de ida,Salomón Boeseldín,false,https://es.wikipedia.org/wiki/Torneo_Federal_A_2017-18
2018-05-09,21:00,Sportivo Belgrano,Gimnasia y Esgrima (M),0,1,,,Torneo Federal A,2017,eliminacion,,Partidos de ida,Oscar C. Boero,false,https://es.wikipedia.org/wiki/Torneo_Federal_A_2017-18
2018-05-10,,Tristán Suárez,Defensores de Belgrano,0,0,,,Primera B,2017,eliminacion,,Semifinales,Estadio 20 de Octubre,false,https://es.wikipedia.org/wiki/Campeonato_de_Primera_B_2017-18_(Argentina)
2018-05-10,,UAI Urquiza,Estudiantes (BA),3,1,,,Primera B,2017,eliminacion,,Semifinales,Estadio Monumental de Villa Lynch,false,https://es.wikipedia.org/wiki/Campeonato_de_Primera_B_2017-18_(Argentina)
2018-05-10,20:00,River Plate,Estudiantes (LP),2,0,,,Primera Division,2017,zonas,,Fecha 25,Monumental,false,https://es.wikipedia.org/wiki/Campeonato_de_Primera_División_2017-18_(Argentina)
2018-05-11,19:00,Chacarita Juniors,San Martín (SJ),1,4,,,Primera Division,2017,zonas,,Fecha 27,Chacarita Juniors,false,https://es.wikipedia.org/wiki/Campeonato_de_Primera_División_2017-18_(Argentina)
2018-05-11,21:15,Lanús,Atlético Tucumán,0,0,,,Primera Division,2017,zonas,,Fecha 27,Ciudad de Lanús,false,https://es.wikipedia.org/wiki/Campeonato_de_Primera_División_2017-18_(Argentina)
2018-05-12,11:00,Huracán,Boca Juniors,3,3,,,Primera Division,2017,zonas,,Fecha 27,Tomás A. Ducó,false,https://es.wikipedia.org/wiki/Campeonato_de_Primera_División_2017-18_(Argentina)
2018-05-12,13:15,Patronato,Banfield,0,0,,,Primera Division,2017,zonas,,Fecha 27,Presbítero Bartolomé Grella,false,https://es.wikipedia.org/wiki/Campeonato_de_Primera_División_2017-18_(Argentina)
2018-05-12,15:30,Defensa y Justicia,Arsenal,2,0,,,Primera Division,2017,zonas,,Fecha 27,Norberto Tomaghello,false,https://es.wikipedia.org/wiki/Campeonato_de_Primera_División_2017-18_(Argentina)
2018-05-12,15:30,Olimpo,Talleres (C),2,2,,,Primera Division,2017,zonas,,Fecha 27,Roberto N. Carminati,false,https://es.wikipedia.org/wiki/Campeonato_de_Primera_División_2017-18_(Argentina)
2018-05-12,17:45,Unión,Independiente,1,0,,,Primera Division,2017,zonas,,Fecha 27,15 de abril,false,https://es.wikipedia.org/wiki/Campeonato_de_Primera_División_2017-18_(Argentina)
2018-05-12,20:00,Belgrano,Temperley,2,3,,,Primera Division,2017,zonas,,Fecha 27,Gigante de Alberdi,false,https://es.wikipedia.org/wiki/Campeonato_de_Primera_División_2017-18_(Argentina)
2018-05-13,,Agropecuario,San Martín (T),0,0,,,Primera Nacional,2017,eliminacion,,Semifinales,Estadio Ofelia Rosenzuaig,false,https://es.wikipedia.org/wiki/Campeonato_de_Primera_B_Nacional_2017-18
2018-05-13,,Sarmiento (J),Brown de Adrogué,1,1,,,Primera Nacional,2017,eliminacion,,Semifinales,Estadio Eva Perón,false,https://es.wikipedia.org/wiki/Campeonato_de_Primera_B_Nacional_2017-18
2018-05-13,16:30,Estudiantes (RC),Defensores de Belgrano (VR),1,1,,,Torneo Federal A,2017,eliminacion,,Partidos de vuelta,Ciudad de Río Cuarto Antonio Candini,false,https://es.wikipedia.org/wiki/Torneo_Federal_A_2017-18
2018-05-13,17:45,Godoy Cruz,Tigre,2,0,,,Primera Division,2017,zonas,,Fecha 27,Malvinas Argentinas,false,https://es.wikipedia.org/wiki/Campeonato_de_Primera_División_2017-18_(Argentina)
2018-05-13,20:00,Vélez Sarsfield,Argentinos Juniors,1,1,,,Primera Division,2017,zonas,,Fecha 27,José Amalfitani,false,https://es.wikipedia.org/wiki/Campeonato_de_Primera_División_2017-18_(Argentina)
2018-05-14,19:00,Racing Club,Colón,1,3,,,Primera Division,2017,zonas,,Fecha 27,El Cilindro,false,https://es.wikipedia.org/wiki/Campeonato_de_Primera_División_2017-18_(Argentina)
2018-05-14,19:00,Rosario Central,Estudiantes (LP),1,1,,,Primera Division,2017,zonas,,Fecha 27,Gigante de Arroyito,false,https://es.wikipedia.org/wiki/Campeonato_de_Primera_División_2017-18_(Argentina)
2018-05-14,21:00,Gimnasia y Esgrima (M),Sportivo Belgrano,1,0,,,Torneo Federal A,2017,eliminacion,,Partidos de vuelta,Víctor Antonio Legrotaglie,false,https://es.wikipedia.org/wiki/Torneo_Federal_A_2017-18
2018-05-14,21:15,Gimnasia y Esgrima (LP),Newell's Old Boys,2,0,,,Primera Division,2017,zonas,,Fecha 27,Del Bosque,false,https://es.wikipedia.org/wiki/Campeonato_de_Primera_División_2017-18_(Argentina)
2018-05-14,21:15,River Plate,San Lorenzo,2,0,,,Primera Division,2017,zonas,,Fecha 27,Monumental,false,https://es.wikipedia.org/wiki/Campeonato_de_Primera_División_2017-18_(Argentina)
2018-05-15,,Defensores de Belgrano,Tristán Suárez,1,0,,,Primera B,2017,eliminacion,,Semifinales,Estadio Juan Pasquale,false,https://es.wikipedia.org/wiki/Campeonato_de_Primera_B_2017-18_(Argentina)
2018-05-15,,Estudiantes (BA),UAI Urquiza,2,1,,,Primera B,2017,eliminacion,,Semifinales,Estadio Ciudad de Caseros,false,https://es.wikipedia.org/wiki/Campeonato_de_Primera_B_2017-18_(Argentina)
2018-05-19,,UAI Urquiza,Defensores de Belgrano,0,0,,,Primera B,2017,eliminacion,,Final,Estadio Monumental de Villa Lynch,false,https://es.wikipedia.org/wiki/Campeonato_de_Primera_B_2017-18_(Argentina)
2018-05-19,15:30,Argentino de Quilmes,Defensores Unidos,3,1,,,Primera C,2017,zonas,,Fecha 38,Argentino de Quilmes,false,https://es.wikipedia.org/wiki/Campeonato_de_Primera_C_2017-18_(Argentina)
2018-05-19,15:30,Defensores de Cambaceres,Ferrocarril Midland,2,1,,,Primera C,2017,zonas,,Fecha 38,12 de Octubre,false,https://es.wikipedia.org/wiki/Campeonato_de_Primera_C_2017-18_(Argentina)
2018-05-19,15:30,Deportivo Armenio,Berazategui,1,2,,,Primera C,2017,zonas,,Fecha 38,Armenia,false,https://es.wikipedia.org/wiki/Campeonato_de_Primera_C_2017-18_(Argentina)
2018-05-19,15:30,Deportivo Laferrere,Sportivo Italiano,3,2,,,Primera C,2017,zonas,,Fecha 38,Ciudad de Laferrere,false,https://es.wikipedia.org/wiki/Campeonato_de_Primera_C_2017-18_(Argentina)
2018-05-19,15:30,Deportivo Merlo,Cañuelas,2,0,,,Primera C,2017,zonas,,Fecha 38,José Manuel Moreno,false,https://es.wikipedia.org/wiki/Campeonato_de_Primera_C_2017-18_(Argentina)
2018-05-19,15:30,Dock Sud,Central Córdoba (R),0,0,,,Primera C,2017,zonas,,Fecha 38,De los Inmigrantes,false,https://es.wikipedia.org/wiki/Campeonato_de_Primera_C_2017-18_(Argentina)
2018-05-19,15:30,Excursionistas,Sportivo Barracas,1,0,,,Primera C,2017,zonas,,Fecha 38,Excursionistas,false,https://es.wikipedia.org/wiki/Campeonato_de_Primera_C_2017-18_(Argentina)
2018-05-19,15:30,J. J. de Urquiza,El Porvenir,2,0,,,Primera C,2017,zonas,,Fecha 38,Malvinas Argentinas,false,https://es.wikipedia.org/wiki/Campeonato_de_Primera_C_2017-18_(Argentina)
2018-05-19,15:30,Leandro N. Alem,Ituzaingó,0,0,,,Primera C,2017,zonas,,Fecha 38,Leandro N. Alem,false,https://es.wikipedia.org/wiki/Campeonato_de_Primera_C_2017-18_(Argentina)
2018-05-19,15:30,San Martín (B),Luján,0,0,,,Primera C,2017,zonas,,Fecha 38,Francisco Boga,false,https://es.wikipedia.org/wiki/Campeonato_de_Primera_C_2017-18_(Argentina)
2018-05-20,,Brown de Adrogué,Sarmiento (J),2,4,,,Primera Nacional,2017,eliminacion,,Semifinales,Estadio Lorenzo Arandilla,false,https://es.wikipedia.org/wiki/Campeonato_de_Primera_B_Nacional_2017-18
2018-05-20,,San Martín (T),Agropecuario,3,0,,,Primera Nacional,2017,eliminacion,,Semifinales,Estadio La Ciudadela,false,https://es.wikipedia.org/wiki/Campeonato_de_Primera_B_Nacional_2017-18
2018-05-20,16:00,Defensores de Belgrano (VR),Gimnasia y Esgrima (M),0,0,,,Torneo Federal A,2017,eliminacion,,Partido de ida,Salomón Boeseldín,false,https://es.wikipedia.org/wiki/Torneo_Federal_A_2017-18
2018-05-22,,Argentino de Quilmes,Deportivo Merlo,2,0,,,Primera C,2017,eliminacion,,Cuartos,Estadio Argentino de Quilmes,false,https://es.wikipedia.org/wiki/Campeonato_de_Primera_C_2017-18_(Argentina)
2018-05-22,,Central Córdoba (R),Cañuelas,0,0,,,Primera C,2017,eliminacion,,Cuartos,Estadio Jose Alfredo Arín,false,https://es.wikipedia.org/wiki/Campeonato_de_Primera_C_2017-18_(Argentina)
2018-05-22,,J. J. de Urquiza,Leandro N. Alem,2,0,,,Primera C,2017,eliminacion,,Cuartos,Estadio Malvinas Argentinas,false,https://es.wikipedia.org/wiki/Campeonato_de_Primera_C_2017-18_(Argentina)
2018-05-22,,Luján,Ferrocarril Midland,2,1,,,Primera C,2017,eliminacion,,Cuartos,Estadio Municipal de la Ciudad de Luján,false,https://es.wikipedia.org/wiki/Campeonato_de_Primera_C_2017-18_(Argentina)
2018-05-26,,Defensores de Belgrano,UAI Urquiza,1,1,4,2,Primera B,2017,eliminacion,,Final,Estadio Juan Pasquale,false,https://es.wikipedia.org/wiki/Campeonato_de_Primera_B_2017-18_(Argentina)
2018-05-26,,J. J. de Urquiza,Central Córdoba (R),1,2,,,Primera C,2017,eliminacion,,Semifinales,Estadio Malvinas Argentinas,false,https://es.wikipedia.org/wiki/Campeonato_de_Primera_C_2017-18_(Argentina)
2018-05-26,,Luján,Argentino de Quilmes,1,0,,,Primera C,2017,eliminacion,,Semifinales,Estadio Municipal de la Ciudad de Luján,false,https://es.wikipedia.org/wiki/Campeonato_de_Primera_C_2017-18_(Argentina)
2018-05-27,,Sarmiento (J),San Martín (T),1,0,,,Primera Nacional,2017,eliminacion,,Final,Estadio Eva Perón,false,https://es.wikipedia.org/wiki/Campeonato_de_Primera_B_Nacional_2017-18
2018-05-27,19:00,Gimnasia y Esgrima (M),Defensores de Belgrano (VR),1,0,,,Torneo Federal A,2017,eliminacion,,Partido de vuelta,Víctor Antonio Legrotaglie,false,https://es.wikipedia.org/wiki/Torneo_Federal_A_2017-18
2018-05-30,,Argentino de Quilmes,Luján,2,1,5,4,Primera C,2017,eliminacion,,Semifinales,Estadio Argentino de Quilmes,false,https://es.wikipedia.org/wiki/Campeonato_de_Primera_C_2017-18_(Argentina)
2018-05-30,,Central Córdoba (R),J. J. de Urquiza,0,2,,,Primera C,2017,eliminacion,,Semifinales,Estadio Gabino Sosa,false,https://es.wikipedia.org/wiki/Campeonato_de_Primera_C_2017-18_(Argentina)
2018-06-02,,J. J. de Urquiza,Argentino de Quilmes,1,0,,,Primera C,2017,eliminacion,,Final,Estadio Malvinas Argentinas,false,https://es.wikipedia.org/wiki/Campeonato_de_Primera_C_2017-18_(Argentina)
2018-06-03,,San Martín (T),Sarmiento (J),5,1,,,Primera Nacional,2017,eliminacion,,Final,Estadio La Ciudadela,false,https://es.wikipedia.org/wiki/Campeonato_de_Primera_B_Nacional_2017-18
2018-06-09,,Argentino de Quilmes,J. J. de Urquiza,2,1,1,3,Primera C,2017,eliminacion,,Final,Estadio Argentino de Quilmes,false,https://es.wikipedia.org/wiki/Campeonato_de_Primera_C_2017-18_(Argentina)
