date,time,home_team,away_team,home_score,away_score,home_pens,away_pens,tournament,season,phase,group,matchday,venue,neutral,source
2025-01-22,,Boca Juniors,Argentino (MM),5,0,,,Copa Argentina,2025,eliminacion,,Treintaidosavos,Brigadier General Estanislao López,true,https://es.wikipedia.org/wiki/Copa_Argentina_2025
2025-01-23,19:00,Godoy Cruz,Rosario Central,0,3,,,Primera Division - Apertura,2025,zonas,Zona B,Fecha 1,Víctor Antonio Legrotaglie,false,https://es.wikipedia.org/wiki/Anexo:Torneo_Apertura_2025_(Argentina)
2025-01-23,19:00,Tigre,Vélez Sarsfield,3,0,,,Primera Division - Apertura,2025,zonas,Interzonal,Fecha 1,Monumental de Victoria,false,https://es.wikipedia.org/wiki/Anexo:Torneo_Apertura_2025_(Argentina)
2025-01-23,21:30,Defensa y Justicia,Banfield,0,1,,,Primera Division - Apertura,2025,zonas,Zona A,Fecha 1,Norberto Tomaghello,false,https://es.wikipedia.org/wiki/Anexo:Torneo_Apertura_2025_(Argentina)
2025-01-23,21:30,Lanús,Deportivo Riestra,0,2,,,Primera Division - Apertura,2025,zonas,Zona B,Fecha 1,Ciudad de Lanús,false,https://es.wikipedia.org/wiki/Anexo:Torneo_Apertura_2025_(Argentina)
2025-01-23,21:30,Newell's Old Boys,Independiente Rivadavia,0,1,,,Primera Division - Apertura,2025,zonas,Zona A,Fecha 1,Marcelo Bielsa,false,https://es.wikipedia.org/wiki/Anexo:Torneo_Apertura_2025_(Argentina)
2025-01-24,17:00,Barracas Central,Racing Club,1,3,,,Primera Division - Apertura,2025,zonas,Zona A,Fecha 1,El Viaducto,false,https://es.wikipedia.org/wiki/Anexo:Torneo_Apertura_2025_(Argentina)
2025-01-24,19:15,Independiente,Sarmiento (J),2,1,,,Primera Division - Apertura,2025,zonas,Zona B,Fecha 1,Libertadores de América,false,https://es.wikipedia.org/wiki/Anexo:Torneo_Apertura_2025_(Argentina)
2025-01-24,21:00,Belgrano,Huracán,1,1,,,Primera Division - Apertura,2025,zonas,Zona A,Fecha 1,Gigante de Alberdi,false,https://es.wikipedia.org/wiki/Anexo:Torneo_Apertura_2025_(Argentina)
2025-01-24,21:30,San Martín (SJ),Atlético Tucumán,0,1,,,Primera Division - Apertura,2025,zonas,Zona B,Fecha 1,Ingeniero Hilario Sánchez,false,https://es.wikipedia.org/wiki/Anexo:Torneo_Apertura_2025_(Argentina)
2025-01-25,17:00,San Lorenzo,Talleres (C),1,0,,,Primera Division - Apertura,2025,zonas,Zona B,Fecha 1,Nuevo Gasómetro,false,https://es.wikipedia.org/wiki/Anexo:Torneo_Apertura_2025_(Argentina)
2025-01-25,19:15,Estudiantes (LP),Unión,3,1,,,Primera Division - Apertura,2025,zonas,Zona A,Fecha 1,Jorge Luis Hirschi,false,https://es.wikipedia.org/wiki/Anexo:Torneo_Apertura_2025_(Argentina)
2025-01-25,19:15,Instituto,Gimnasia y Esgrima (LP),3,0,,,Primera Division - Apertura,2025,zonas,Zona B,Fecha 1,Monumental de Alta Córdoba,false,https://es.wikipedia.org/wiki/Anexo:Torneo_Apertura_2025_(Argentina)
2025-01-25,21:30,Platense,River Plate,1,1,,,Primera Division - Apertura,2025,zonas,Zona B,Fecha 1,Ciudad de Vicente López,false,https://es.wikipedia.org/wiki/Anexo:Torneo_Apertura_2025_(Argentina)
2025-01-26,19:00,Boca Juniors,Argentinos Juniors,0,0,,,Primera Division - Apertura,2025,zonas,Zona A,Fecha 1,La Bombonera,false,https://es.wikipedia.org/wiki/Anexo:Torneo_Apertura_2025_(Argentina)
2025-01-26,21:00,Central Córdoba (SdE),Aldosivi,1,0,,,Primera Division - Apertura,2025,zonas,Zona A,Fecha 1,Único Madre de Ciudades,false,https://es.wikipedia.org/wiki/Anexo:Torneo_Apertura_2025_(Argentina)
2025-01-27,20:00,Banfield,Newell's Old Boys,3,0,,,Primera Division - Apertura,2025,zonas,Zona A,Fecha 2,Florencio Sola,false,https://es.wikipedia.org/wiki/Anexo:Torneo_Apertura_2025_(Argentina)
2025-01-28,17:00,Deportivo Riestra,San Martín (SJ),0,0,,,Primera Division - Apertura,2025,zonas,Zona B,Fecha 2,Guillermo Laza,false,https://es.wikipedia.org/wiki/Anexo:Torneo_Apertura_2025_(Argentina)
2025-01-28,19:15,Rosario Central,Lanús,2,1,,,Primera Division - Apertura,2025,zonas,Zona B,Fecha 2,Gigante de Arroyito,false,https://es.wikipedia.org/wiki/Anexo:Torneo_Apertura_2025_(Argentina)
2025-01-28,19:15,Sarmiento (J),Godoy Cruz,0,0,,,Primera Division - Apertura,2025,zonas,Zona B,Fecha 2,Eva Perón,false,https://es.wikipedia.org/wiki/Anexo:Torneo_Apertura_2025_(Argentina)
2025-01-28,21:30,Independiente Rivadavia,Barracas Central,0,0,,,Primera Division - Apertura,2025,zonas,Zona A,Fecha 2,Bautista Gargantini,false,https://es.wikipedia.org/wiki/Anexo:Torneo_Apertura_2025_(Argentina)
2025-01-28,21:30,Vélez Sarsfield,Platense,0,1,,,Primera Division - Apertura,2025,zonas,Zona B,Fecha 2,José Amalfitani,false,https://es.wikipedia.org/wiki/Anexo:Torneo_Apertura_2025_(Argentina)
2025-01-29,17:00,Gimnasia y Esgrima (LP),San Lorenzo,0,2,,,Primera Division - Apertura,2025,zonas,Zona B,Fecha 2,Del Bosque,false,https://es.wikipedia.org/wiki/Anexo:Torneo_Apertura_2025_(Argentina)
2025-01-29,17:00,Talleres (C),Independiente,2,3,,,Primera Division - Apertura,2025,zonas,Zona B,Fecha 2,Mario Alberto Kempes,false,https://es.wikipedia.org/wiki/Anexo:Torneo_Apertura_2025_(Argentina)
2025-01-29,19:00,Huracán,Estudiantes (LP),0,0,,,Primera Division - Apertura,2025,zonas,Zona A,Fecha 2,Tomás Adolfo Ducó,false,https://es.wikipedia.org/wiki/Anexo:Torneo_Apertura_2025_(Argentina)
2025-01-29,19:00,Unión,Boca Juniors,1,1,,,Primera Division - Apertura,2025,zonas,Zona A,Fecha 2,15 de Abril,false,https://es.wikipedia.org/wiki/Anexo:Torneo_Apertura_2025_(Argentina)
2025-01-29,21:30,River Plate,Instituto,1,0,,,Primera Division - Apertura,2025,zonas,Zona B,Fecha 2,Monumental,false,https://es.wikipedia.org/wiki/Anexo:Torneo_Apertura_2025_(Argentina)
2025-01-30,17:00,Aldosivi,Defensa y Justicia,0,5,,,Primera Division - Apertura,2025,zonas,Zona A,Fecha 2,José María Minella,false,https://es.wikipedia.org/wiki/Anexo:Torneo_Apertura_2025_(Argentina)
2025-01-30,19:15,Racing Club,Belgrano,4,0,,,Primera Division - Apertura,2025,zonas,Zona A,Fecha 2,El Cilindro,false,https://es.wikipedia.org/wiki/Anexo:Torneo_Apertura_2025_(Argentina)
2025-01-30,21:30,Argentinos Juniors,Tigre,1,0,,,Primera Division - Apertura,2025,zonas,Zona A,Fecha 2,Diego Armando Maradona,false,https://es.wikipedia.org/wiki/Anexo:Torneo_Apertura_2025_(Argentina)
2025-01-30,21:30,Central Córdoba (SdE),Atlético Tucumán,2,0,,,Primera Division - Apertura,2025,zonas,Interzonal,Fecha 2,Único Madre de Ciudades,false,https://es.wikipedia.org/wiki/Anexo:Torneo_Apertura_2025_(Argentina)
2025-02-01,17:00,Barracas Central,Banfield,1,0,,,Primera Division - Apertura,2025,zonas,Zona A,Fecha 3,El Viaducto,false,https://es.wikipedia.org/wiki/Anexo:Torneo_Apertura_2025_(Argentina)
2025-02-01,19:00,San Martín (SJ),Rosario Central,0,0,,,Primera Division - Apertura,2025,zonas,Zona B,Fecha 3,Ingeniero Hilario Sánchez,false,https://es.wikipedia.org/wiki/Anexo:Torneo_Apertura_2025_(Argentina)
2025-02-01,21:00,Lanús,Sarmiento (J),2,0,,,Primera Division - Apertura,2025,zonas,Zona B,Fecha 3,Ciudad de Lanús,false,https://es.wikipedia.org/wiki/Anexo:Torneo_Apertura_2025_(Argentina)
2025-02-02,17:00,San Lorenzo,River Plate,0,0,,,Primera Division - Apertura,2025,zonas,Zona B,Fecha 3,Nuevo Gasómetro,false,https://es.wikipedia.org/wiki/Anexo:Torneo_Apertura_2025_(Argentina)
2025-02-02,19:15,Boca Juniors,Huracán,2,1,,,Primera Division - Apertura,2025,zonas,Zona A,Fecha 3,La Bombonera,false,https://es.wikipedia.org/wiki/Anexo:Torneo_Apertura_2025_(Argentina)
2025-02-02,19:15,Newell's Old Boys,Aldosivi,1,0,,,Primera Division - Apertura,2025,zonas,Zona A,Fecha 3,Marcelo Bielsa,false,https://es.wikipedia.org/wiki/Anexo:Torneo_Apertura_2025_(Argentina)
2025-02-02,21:30,Independiente,Gimnasia y Esgrima (LP),2,0,,,Primera Division - Apertura,2025,zonas,Zona B,Fecha 3,Libertadores de América,false,https://es.wikipedia.org/wiki/Anexo:Torneo_Apertura_2025_(Argentina)
2025-02-02,21:30,Instituto,Vélez Sarsfield,2,0,,,Primera Division - Apertura,2025,zonas,Zona B,Fecha 3,Monumental de Alta Córdoba,false,https://es.wikipedia.org/wiki/Anexo:Torneo_Apertura_2025_(Argentina)
2025-02-03,17:00,Defensa y Justicia,Central Córdoba (SdE),2,1,,,Primera Division - Apertura,2025,zonas,Zona A,Fecha 3,Norberto Tomaghello,false,https://es.wikipedia.org/wiki/Anexo:Torneo_Apertura_2025_(Argentina)
2025-02-03,19:15,Estudiantes (LP),Racing Club,2,0,,,Primera Division - Apertura,2025,zonas,Zona A,Fecha 3,Jorge Luis Hirschi,false,https://es.wikipedia.org/wiki/Anexo:Torneo_Apertura_2025_(Argentina)
2025-02-03,19:15,Tigre,Unión,1,0,,,Primera Division - Apertura,2025,zonas,Zona A,Fecha 3,Monumental de Victoria,false,https://es.wikipedia.org/wiki/Anexo:Torneo_Apertura_2025_(Argentina)
2025-02-03,21:30,Argentinos Juniors,Platense,1,0,,,Primera Division - Apertura,2025,zonas,Interzonal,Fecha 3,Diego Armando Maradona,false,https://es.wikipedia.org/wiki/Anexo:Torneo_Apertura_2025_(Argentina)
2025-02-03,21:30,Belgrano,Independiente Rivadavia,0,3,,,Primera Division - Apertura,2025,zonas,Zona A,Fecha 3,Gigante de Alberdi,false,https://es.wikipedia.org/wiki/Anexo:Torneo_Apertura_2025_(Argentina)
2025-02-04,21:00,Atlético Tucumán,Deportivo Riestra,0,3,,,Primera Division - Apertura,2025,zonas,Zona B,Fecha 3,Monumental José Fierro,false,https://es.wikipedia.org/wiki/Anexo:Torneo_Apertura_2025_(Argentina)
2025-02-04,"url=https://www.tycsports.com/liga-profesional-de-futbol/godoy-cruz-talleres-dia-horario-reanudacion-escandalo-apertura-2025--id641084.html|título=Tras el escándalo, se confirmó el día y horario para la reanudación de Godoy Cruz y Talleres|fechaacceso=mismo día|fecha=2025-03-11",Godoy Cruz,Talleres (C),0,0,,,Primera Division - Apertura,2025,zonas,Zona B,Fecha 3,Víctor Antonio Legrotaglie,false,https://es.wikipedia.org/wiki/Anexo:Torneo_Apertura_2025_(Argentina)
2025-02-05,,Gimnasia y Esgrima (LP),Deportivo Español,1,0,,,Copa Argentina,2025,eliminacion,,Treintaidosavos,Centenario Ciudad de Quilmes,true,https://es.wikipedia.org/wiki/Copa_Argentina_2025
2025-02-05,,Lanús,General Lamadrid,4,0,,,Copa Argentina,2025,eliminacion,,Treintaidosavos,Julio Humberto Grondona,true,https://es.wikipedia.org/wiki/Copa_Argentina_2025
2025-02-06,17:00,Aldosivi,Barracas Central,1,3,,,Primera Division - Apertura,2025,zonas,Zona A,Fecha 4,José María Minella,false,https://es.wikipedia.org/wiki/Anexo:Torneo_Apertura_2025_(Argentina)
2025-02-06,20:00,Sarmiento (J),San Martín (SJ),1,1,,,Primera Division - Apertura,2025,zonas,Zona B,Fecha 4,Eva Perón,false,https://es.wikipedia.org/wiki/Anexo:Torneo_Apertura_2025_(Argentina)
2025-02-06,21:10,Colón,Temperley,0,0,,,Primera Nacional,2025,zonas,Zona B,Fecha 1,Brigadier General Estanislao López,false,https://es.wikipedia.org/wiki/Campeonato_de_Primera_Nacional_2025
2025-02-07,17:00,Arsenal,All Boys,0,0,,,Primera Nacional,2025,zonas,Zona A,Fecha 1,El Viaducto,false,https://es.wikipedia.org/wiki/Campeonato_de_Primera_Nacional_2025
2025-02-07,17:45,Banfield,Belgrano,1,1,,,Primera Division - Apertura,2025,zonas,Zona A,Fecha 4,Florencio Sola,false,https://es.wikipedia.org/wiki/Anexo:Torneo_Apertura_2025_(Argentina)
2025-02-07,19:00,Nueva Chicago,San Telmo,0,2,,,Primera Nacional,2025,zonas,Zona B,Fecha 1,Nueva Chicago,false,https://es.wikipedia.org/wiki/Campeonato_de_Primera_Nacional_2025
2025-02-07,20:00,Argentino de Merlo,Acassuso,1,2,,,Primera B,2025,zonas,Torneo Apertura,Fecha 1,Juan Carlos Brieva,false,https://es.wikipedia.org/wiki/Campeonato_de_Primera_B_2025_(Argentina)
2025-02-07,20:00,Central Córdoba (SdE),Newell's Old Boys,2,0,,,Primera Division - Apertura,2025,zonas,Zona A,Fecha 4,Único Madre de Ciudades,false,https://es.wikipedia.org/wiki/Anexo:Torneo_Apertura_2025_(Argentina)
2025-02-07,20:00,Huracán,Tigre,2,0,,,Primera Division - Apertura,2025,zonas,Zona A,Fecha 4,Tomás Adolfo Ducó,false,https://es.wikipedia.org/wiki/Anexo:Torneo_Apertura_2025_(Argentina)
2025-02-07,21:30,Chaco For Ever,Estudiantes (BA),0,1,,,Primera Nacional,2025,zonas,Zona B,Fecha 1,Juan Alberto García,false,https://es.wikipedia.org/wiki/Campeonato_de_Primera_Nacional_2025
2025-02-07,22:15,Independiente Rivadavia,Estudiantes (LP),2,2,,,Primera Division - Apertura,2025,zonas,Zona A,Fecha 4,Bautista Gargantini,false,https://es.wikipedia.org/wiki/Anexo:Torneo_Apertura_2025_(Argentina)
2025-02-07,22:15,Unión,Argentinos Juniors,0,1,,,Primera Division - Apertura,2025,zonas,Zona A,Fecha 4,15 de Abril,false,https://es.wikipedia.org/wiki/Anexo:Torneo_Apertura_2025_(Argentina)
2025-02-08,17:00,Almagro,San Martín (T),0,0,,,Primera Nacional,2025,zonas,Zona A,Fecha 1,Tres de Febrero,false,https://es.wikipedia.org/wiki/Campeonato_de_Primera_Nacional_2025
2025-02-08,17:00,Colegiales,Alvarado,0,0,,,Primera Nacional,2025,zonas,Zona A,Fecha 1,Libertarios Unidos,false,https://es.wikipedia.org/wiki/Campeonato_de_Primera_Nacional_2025
2025-02-08,17:00,Deportivo Armenio,Deportivo Merlo,3,0,,,Primera B,2025,zonas,Torneo Apertura,Fecha 1,Armenia,false,https://es.wikipedia.org/wiki/Campeonato_de_Primera_B_2025_(Argentina)
2025-02-08,17:00,Deportivo Laferrere,Real Pilar,1,2,,,Primera B,2025,zonas,Torneo Apertura,Fecha 1,Ciudad de Laferrere,false,https://es.wikipedia.org/wiki/Campeonato_de_Primera_B_2025_(Argentina)
2025-02-08,17:00,Flandria,Sportivo Italiano,1,1,,,Primera B,2025,zonas,Torneo Apertura,Fecha 1,Carlos V,false,https://es.wikipedia.org/wiki/Campeonato_de_Primera_B_2025_(Argentina)
2025-02-08,17:00,Gimnasia y Esgrima (M),Estudiantes (RC),1,1,,,Primera Nacional,2025,zonas,Zona B,Fecha 1,Víctor Antonio Legrotaglie,false,https://es.wikipedia.org/wiki/Campeonato_de_Primera_Nacional_2025
2025-02-08,17:00,Los Andes,Patronato,1,3,,,Primera Nacional,2025,zonas,Zona A,Fecha 1,Eduardo Gallardón,false,https://es.wikipedia.org/wiki/Campeonato_de_Primera_Nacional_2025
2025-02-08,17:00,Quilmes,Gimnasia y Tiro (S),1,1,,,Primera Nacional,2025,zonas,Zona A,Fecha 1,Centenario Ciudad de Quilmes,false,https://es.wikipedia.org/wiki/Campeonato_de_Primera_Nacional_2025
2025-02-08,17:00,San Miguel,Tristán Suárez,2,1,,,Primera Nacional,2025,zonas,Zona A,Fecha 1,Malvinas Argentinas,false,https://es.wikipedia.org/wiki/Campeonato_de_Primera_Nacional_2025
2025-02-08,18:00,Vélez Sarsfield,San Lorenzo,0,0,,,Primera Division - Apertura,2025,zonas,Zona B,Fecha 4,José Amalfitani,false,https://es.wikipedia.org/wiki/Anexo:Torneo_Apertura_2025_(Argentina)
2025-02-08,19:10,San Martín (B),Sacachispas,0,0,,,Primera B,2025,zonas,Torneo Apertura,Fecha 1,Francisco Boga,false,https://es.wikipedia.org/wiki/Campeonato_de_Primera_B_2025_(Argentina)
2025-02-08,19:30,Rosario Central,Atlético Tucumán,3,1,,,Primera Division - Apertura,2025,zonas,Zona B,Fecha 4,Gigante de Arroyito,false,https://es.wikipedia.org/wiki/Anexo:Torneo_Apertura_2025_(Argentina)
2025-02-08,20:15,River Plate,Independiente,2,0,,,Primera Division - Apertura,2025,zonas,Zona B,Fecha 4,Monumental,false,https://es.wikipedia.org/wiki/Anexo:Torneo_Apertura_2025_(Argentina)
2025-02-08,22:15,Racing Club,Boca Juniors,2,0,,,Primera Division - Apertura,2025,zonas,Zona A,Fecha 4,El Cilindro,false,https://es.wikipedia.org/wiki/Anexo:Torneo_Apertura_2025_(Argentina)
2025-02-09,17:00,Argentino de Quilmes,Excursionistas,2,1,,,Primera B,2025,zonas,Torneo Apertura,Fecha 1,Argentino de Quilmes,false,https://es.wikipedia.org/wiki/Campeonato_de_Primera_B_2025_(Argentina)
2025-02-09,17:00,Central Norte (S),Talleres (RdE),1,0,,,Primera Nacional,2025,zonas,Zona B,Fecha 1,Padre Ernesto Martearena,false,https://es.wikipedia.org/wiki/Campeonato_de_Primera_Nacional_2025
2025-02-09,17:00,Comunicaciones,Dock Sud,2,1,,,Primera B,2025,zonas,Torneo Apertura,Fecha 1,Alfredo Ramos,false,https://es.wikipedia.org/wiki/Campeonato_de_Primera_B_2025_(Argentina)
2025-02-09,17:00,Deportivo Riestra,Defensa y Justicia,1,1,,,Primera Division - Apertura,2025,zonas,Interzonal,Fecha 4,Guillermo Laza,false,https://es.wikipedia.org/wiki/Anexo:Torneo_Apertura_2025_(Argentina)
2025-02-09,17:00,Fénix,UAI Urquiza,1,0,,,Primera B,2025,zonas,Torneo Apertura,Fecha 1,Raúl Salvucci,false,https://es.wikipedia.org/wiki/Campeonato_de_Primera_B_2025_(Argentina)
2025-02-09,17:00,Gimnasia y Esgrima (J),Defensores de Belgrano,0,0,,,Primera Nacional,2025,zonas,Zona B,Fecha 1,23 de Agosto,false,https://es.wikipedia.org/wiki/Campeonato_de_Primera_Nacional_2025
2025-02-09,17:00,Liniers,Villa San Carlos,0,1,,,Primera B,2025,zonas,Torneo Apertura,Fecha 1,Juan Antonio Arias,false,https://es.wikipedia.org/wiki/Campeonato_de_Primera_B_2025_(Argentina)
2025-02-09,17:00,Mitre (SdE),Defensores Unidos,0,1,,,Primera Nacional,2025,zonas,Zona B,Fecha 1,Doctores José y Antonio Castiglione,false,https://es.wikipedia.org/wiki/Campeonato_de_Primera_Nacional_2025
2025-02-09,17:00,Platense,Instituto,1,0,,,Primera Division - Apertura,2025,zonas,Zona B,Fecha 4,Ciudad de Vicente López,false,https://es.wikipedia.org/wiki/Anexo:Torneo_Apertura_2025_(Argentina)
2025-02-09,17:00,Villa Dálmine,Ferrocarril Midland,0,0,,,Primera B,2025,zonas,Torneo Apertura,Fecha 1,El Coliseo de Mitre y Puccini,false,https://es.wikipedia.org/wiki/Campeonato_de_Primera_B_2025_(Argentina)
2025-02-09,19:00,Racing Club,Deportivo Maipú,0,1,,,Primera Nacional,2025,zonas,Zona A,Fecha 1,Miguel Sancho,false,https://es.wikipedia.org/wiki/Campeonato_de_Primera_Nacional_2025
2025-02-09,19:15,Almirante Brown,Deportivo Morón,1,1,,,Primera Nacional,2025,zonas,Zona B,Fecha 1,Fragata Presidente Sarmiento,false,https://es.wikipedia.org/wiki/Campeonato_de_Primera_Nacional_2025
2025-02-09,19:15,Gimnasia y Esgrima (LP),Godoy Cruz,3,0,,,Primera Division - Apertura,2025,zonas,Zona B,Fecha 4,Del Bosque,false,https://es.wikipedia.org/wiki/Anexo:Torneo_Apertura_2025_(Argentina)
2025-02-09,21:30,Ferro Carril Oeste,Güemes (SdE),0,0,,,Primera Nacional,2025,zonas,Zona A,Fecha 1,Arquitecto Ricardo Etcheverri,false,https://es.wikipedia.org/wiki/Campeonato_de_Primera_Nacional_2025
2025-02-09,21:30,Talleres (C),Lanús,0,1,,,Primera Division - Apertura,2025,zonas,Zona B,Fecha 4,Mario Alberto Kempes,false,https://es.wikipedia.org/wiki/Anexo:Torneo_Apertura_2025_(Argentina)
2025-02-10,17:30,Agropecuario,Chacarita Juniors,0,1,,,Primera Nacional,2025,zonas,Zona B,Fecha 1,Ofelia Rosenzuaig,false,https://es.wikipedia.org/wiki/Campeonato_de_Primera_Nacional_2025
2025-02-10,20:00,Atlanta,Deportivo Madryn,1,0,,,Primera Nacional,2025,zonas,Zona A,Fecha 1,Don León Kolbowsky,false,https://es.wikipedia.org/wiki/Campeonato_de_Primera_Nacional_2025
2025-02-11,17:45,Barracas Central,Central Córdoba (SdE),3,3,,,Primera Division - Apertura,2025,zonas,Zona A,Fecha 5,El Viaducto,false,https://es.wikipedia.org/wiki/Anexo:Torneo_Apertura_2025_(Argentina)
2025-02-11,20:00,Boca Juniors,Independiente Rivadavia,2,0,,,Primera Division - Apertura,2025,zonas,Zona A,Fecha 5,La Bombonera,false,https://es.wikipedia.org/wiki/Anexo:Torneo_Apertura_2025_(Argentina)
2025-02-11,20:00,Estudiantes (LP),Banfield,1,0,,,Primera Division - Apertura,2025,zonas,Zona A,Fecha 5,Jorge Luis Hirschi,false,https://es.wikipedia.org/wiki/Anexo:Torneo_Apertura_2025_(Argentina)
2025-02-11,22:15,Belgrano,Aldosivi,2,0,,,Primera Division - Apertura,2025,zonas,Zona A,Fecha 5,Gigante de Alberdi,false,https://es.wikipedia.org/wiki/Anexo:Torneo_Apertura_2025_(Argentina)
2025-02-11,22:15,Tigre,Racing Club,1,0,,,Primera Division - Apertura,2025,zonas,Zona A,Fecha 5,Monumental de Victoria,false,https://es.wikipedia.org/wiki/Anexo:Torneo_Apertura_2025_(Argentina)
2025-02-12,,Gimnasia y Esgrima (M),Nueva Chicago,2,0,,,Copa Argentina,2025,eliminacion,,Treintaidosavos,Único de San Nicolás,true,https://es.wikipedia.org/wiki/Copa_Argentina_2025
2025-02-12,,San Martín (T),Colón,0,0,3,1,Copa Argentina,2025,eliminacion,,Treintaidosavos,Nuevo Monumental,true,https://es.wikipedia.org/wiki/Copa_Argentina_2025
2025-02-12,17:00,Deportivo Riestra,Rosario Central,0,0,,,Primera Division - Apertura,2025,zonas,Zona B,Fecha 5,Guillermo Laza,false,https://es.wikipedia.org/wiki/Anexo:Torneo_Apertura_2025_(Argentina)
2025-02-12,17:00,Newell's Old Boys,Defensa y Justicia,0,1,,,Primera Division - Apertura,2025,zonas,Zona A,Fecha 5,Marcelo Bielsa,false,https://es.wikipedia.org/wiki/Anexo:Torneo_Apertura_2025_(Argentina)
2025-02-12,20:00,Argentinos Juniors,Huracán,1,1,,,Primera Division - Apertura,2025,zonas,Zona A,Fecha 5,Diego Armando Maradona,false,https://es.wikipedia.org/wiki/Anexo:Torneo_Apertura_2025_(Argentina)
2025-02-12,20:00,Independiente,Vélez Sarsfield,3,0,,,Primera Division - Apertura,2025,zonas,Zona B,Fecha 5,Libertadores de América,false,https://es.wikipedia.org/wiki/Anexo:Torneo_Apertura_2025_(Argentina)
2025-02-12,22:15,Godoy Cruz,River Plate,0,0,,,Primera Division - Apertura,2025,zonas,Zona B,Fecha 5,Malvinas Argentinas,false,https://es.wikipedia.org/wiki/Anexo:Torneo_Apertura_2025_(Argentina)
2025-02-13,17:45,Lanús,Gimnasia y Esgrima (LP),0,0,,,Primera Division - Apertura,2025,zonas,Zona B,Fecha 5,Ciudad de Lanús,false,https://es.wikipedia.org/wiki/Anexo:Torneo_Apertura_2025_(Argentina)
2025-02-13,20:00,San Lorenzo,Platense,2,1,,,Primera Division - Apertura,2025,zonas,Zona B,Fecha 5,Nuevo Gasómetro,false,https://es.wikipedia.org/wiki/Anexo:Torneo_Apertura_2025_(Argentina)
2025-02-13,20:00,San Martín (SJ),Talleres (C),0,1,,,Primera Division - Apertura,2025,zonas,Zona B,Fecha 5,Ingeniero Hilario Sánchez,false,https://es.wikipedia.org/wiki/Anexo:Torneo_Apertura_2025_(Argentina)
2025-02-13,22:15,Atlético Tucumán,Sarmiento (J),5,0,,,Primera Division - Apertura,2025,zonas,Zona B,Fecha 5,Monumental José Fierro,false,https://es.wikipedia.org/wiki/Anexo:Torneo_Apertura_2025_(Argentina)
2025-02-13,22:15,Unión,Instituto,0,0,,,Primera Division - Apertura,2025,zonas,Interzonal,Fecha 5,15 de Abril,false,https://es.wikipedia.org/wiki/Anexo:Torneo_Apertura_2025_(Argentina)
2025-02-14,17:00,Dock Sud,Liniers,1,1,,,Primera B,2025,zonas,Torneo Apertura,Fecha 2,De los Inmigrantes,false,https://es.wikipedia.org/wiki/Campeonato_de_Primera_B_2025_(Argentina)
2025-02-14,17:00,UAI Urquiza,Flandria,0,2,,,Primera B,2025,zonas,Torneo Apertura,Fecha 2,Monumental de Villa Lynch,false,https://es.wikipedia.org/wiki/Campeonato_de_Primera_B_2025_(Argentina)
2025-02-14,20:00,Banfield,Boca Juniors,0,1,,,Primera Division - Apertura,2025,zonas,Zona A,Fecha 6,Florencio Sola,false,https://es.wikipedia.org/wiki/Anexo:Torneo_Apertura_2025_(Argentina)
2025-02-14,20:00,Ferrocarril Midland,Argentino de Quilmes,2,0,,,Primera B,2025,zonas,Torneo Apertura,Fecha 2,Ciudad de Libertad,false,https://es.wikipedia.org/wiki/Campeonato_de_Primera_B_2025_(Argentina)
2025-02-14,20:00,Sportivo Italiano,Villa Dálmine,0,0,,,Primera B,2025,zonas,Torneo Apertura,Fecha 2,República de Italia,false,https://es.wikipedia.org/wiki/Campeonato_de_Primera_B_2025_(Argentina)
2025-02-14,21:00,Tristán Suárez,Almagro,2,1,,,Primera Nacional,2025,zonas,Zona A,Fecha 2,20 de Octubre,false,https://es.wikipedia.org/wiki/Campeonato_de_Primera_Nacional_2025
2025-02-14,21:30,Güemes (SdE),Patronato,1,1,,,Primera Nacional,2025,zonas,Zona A,Fecha 2,Arturo Miranda,false,https://es.wikipedia.org/wiki/Campeonato_de_Primera_Nacional_2025
2025-02-15,17:00,Acassuso,Brown de Adrogué,0,1,,,Primera B,2025,zonas,Torneo Apertura,Fecha 2,Armenia,false,https://es.wikipedia.org/wiki/Campeonato_de_Primera_B_2025_(Argentina)
2025-02-15,17:00,Aldosivi,Estudiantes (LP),2,2,,,Primera Division - Apertura,2025,zonas,Zona A,Fecha 6,José María Minella,false,https://es.wikipedia.org/wiki/Anexo:Torneo_Apertura_2025_(Argentina)
2025-02-15,17:00,Defensa y Justicia,Barracas Central,1,1,,,Primera Division - Apertura,2025,zonas,Zona A,Fecha 6,Norberto Tomaghello,false,https://es.wikipedia.org/wiki/Anexo:Torneo_Apertura_2025_(Argentina)
2025-02-15,17:00,Defensores Unidos,Chaco For Ever,0,2,,,Primera Nacional,2025,zonas,Zona B,Fecha 2,Gigante de Villa Fox,false,https://es.wikipedia.org/wiki/Campeonato_de_Primera_Nacional_2025
2025-02-15,17:00,Deportivo Merlo,Comunicaciones,0,2,,,Primera B,2025,zonas,Torneo Apertura,Fecha 2,José Manuel Moreno,false,https://es.wikipedia.org/wiki/Campeonato_de_Primera_B_2025_(Argentina)
2025-02-15,17:00,Excursionistas,Argentino de Merlo,0,0,,,Primera B,2025,zonas,Torneo Apertura,Fecha 2,Excursionistas,false,https://es.wikipedia.org/wiki/Campeonato_de_Primera_B_2025_(Argentina)
2025-02-15,17:00,Real Pilar,Fénix,5,1,,,Primera B,2025,zonas,Torneo Apertura,Fecha 2,Carlos Barraza,false,https://es.wikipedia.org/wiki/Campeonato_de_Primera_B_2025_(Argentina)
2025-02-15,17:00,Sacachispas,Deportivo Armenio,1,1,,,Primera B,2025,zonas,Torneo Apertura,Fecha 2,Beto Larrosa,false,https://es.wikipedia.org/wiki/Campeonato_de_Primera_B_2025_(Argentina)
2025-02-15,17:00,Talleres (RdE),Gimnasia y Esgrima (M),0,1,,,Primera Nacional,2025,zonas,Zona B,Fecha 2,Pablo Comelli,false,https://es.wikipedia.org/wiki/Campeonato_de_Primera_Nacional_2025
2025-02-15,17:00,Villa San Carlos,Deportivo Laferrere,2,0,,,Primera B,2025,zonas,Torneo Apertura,Fecha 2,Genacio Sálice,false,https://es.wikipedia.org/wiki/Campeonato_de_Primera_B_2025_(Argentina)
2025-02-15,19:00,Deportivo Madryn,Racing Club,1,2,,,Primera Nacional,2025,zonas,Zona A,Fecha 2,Abel Sastre,false,https://es.wikipedia.org/wiki/Campeonato_de_Primera_Nacional_2025
2025-02-15,19:00,Estudiantes (BA),Almirante Brown,5,2,,,Primera Nacional,2025,zonas,Zona B,Fecha 2,Ciudad de Caseros,false,https://es.wikipedia.org/wiki/Campeonato_de_Primera_Nacional_2025
2025-02-15,19:15,Central Córdoba (SdE),Belgrano,4,0,,,Primera Division - Apertura,2025,zonas,Zona A,Fecha 6,Único Madre de Ciudades,false,https://es.wikipedia.org/wiki/Anexo:Torneo_Apertura_2025_(Argentina)
2025-02-15,19:15,Independiente Rivadavia,Tigre,1,4,,,Primera Division - Apertura,2025,zonas,Zona A,Fecha 6,Bautista Gargantini,false,https://es.wikipedia.org/wiki/Anexo:Torneo_Apertura_2025_(Argentina)
2025-02-15,21:00,All Boys,Colegiales,0,0,,,Primera Nacional,2025,zonas,Zona A,Fecha 2,Islas Malvinas,false,https://es.wikipedia.org/wiki/Campeonato_de_Primera_Nacional_2025
2025-02-15,21:30,Racing Club,Argentinos Juniors,2,3,,,Primera Division - Apertura,2025,zonas,Zona A,Fecha 6,El Cilindro,false,https://es.wikipedia.org/wiki/Anexo:Torneo_Apertura_2025_(Argentina)
2025-02-16,17:00,Arsenal,Los Andes,1,1,,,Primera Nacional,2025,zonas,Zona A,Fecha 2,Julio Humberto Grondona,false,https://es.wikipedia.org/wiki/Campeonato_de_Primera_Nacional_2025
2025-02-16,17:00,Chacarita Juniors,San Telmo,1,1,,,Primera Nacional,2025,zonas,Zona B,Fecha 2,Chacarita Juniors,false,https://es.wikipedia.org/wiki/Campeonato_de_Primera_Nacional_2025
2025-02-16,17:00,Deportivo Morón,Central Norte (S),2,0,,,Primera Nacional,2025,zonas,Zona B,Fecha 2,Nuevo Francisco Urbano,false,https://es.wikipedia.org/wiki/Campeonato_de_Primera_Nacional_2025
2025-02-16,17:00,Gimnasia y Tiro (S),San Miguel,1,0,,,Primera Nacional,2025,zonas,Zona A,Fecha 2,El Gigante del Norte,false,https://es.wikipedia.org/wiki/Campeonato_de_Primera_Nacional_2025
2025-02-16,17:00,Newell's Old Boys,Rosario Central,1,2,,,Primera Division - Apertura,2025,zonas,Interzonal,Fecha 6,Marcelo Bielsa,false,https://es.wikipedia.org/wiki/Anexo:Torneo_Apertura_2025_(Argentina)
2025-02-16,17:00,Temperley,Mitre (SdE),2,0,,,Primera Nacional,2025,zonas,Zona B,Fecha 2,Alfredo Beranger,false,https://es.wikipedia.org/wiki/Campeonato_de_Primera_Nacional_2025
2025-02-16,17:30,Alvarado,Atlanta,0,0,,,Primera Nacional,2025,zonas,Zona A,Fecha 2,José María Minella,false,https://es.wikipedia.org/wiki/Campeonato_de_Primera_Nacional_2025
2025-02-16,18:00,Deportivo Maipú,Quilmes,2,0,,,Primera Nacional,2025,zonas,Zona A,Fecha 2,Omar Higinio Sperdutti,false,https://es.wikipedia.org/wiki/Campeonato_de_Primera_Nacional_2025
2025-02-16,18:00,Estudiantes (RC),Gimnasia y Esgrima (J),1,1,,,Primera Nacional,2025,zonas,Zona B,Fecha 2,Antonio Candini,false,https://es.wikipedia.org/wiki/Campeonato_de_Primera_Nacional_2025
2025-02-16,19:15,River Plate,Lanús,1,0,,,Primera Division - Apertura,2025,zonas,Zona B,Fecha 6,Monumental,false,https://es.wikipedia.org/wiki/Anexo:Torneo_Apertura_2025_(Argentina)
2025-02-16,21:30,Huracán,Unión,1,0,,,Primera Division - Apertura,2025,zonas,Zona A,Fecha 6,Tomás Adolfo Ducó,false,https://es.wikipedia.org/wiki/Anexo:Torneo_Apertura_2025_(Argentina)
2025-02-16,21:30,Talleres (C),Atlético Tucumán,1,1,,,Primera Division - Apertura,2025,zonas,Zona B,Fecha 6,Mario Alberto Kempes,false,https://es.wikipedia.org/wiki/Anexo:Torneo_Apertura_2025_(Argentina)
2025-02-17,17:00,Defensores de Belgrano,Agropecuario,1,1,,,Primera Nacional,2025,zonas,Zona B,Fecha 2,Alfredo Ramos,false,https://es.wikipedia.org/wiki/Campeonato_de_Primera_Nacional_2025
2025-02-17,17:00,Gimnasia y Esgrima (LP),San Martín (SJ),1,0,,,Primera Division - Apertura,2025,zonas,Zona B,Fecha 6,Del Bosque,false,https://es.wikipedia.org/wiki/Anexo:Torneo_Apertura_2025_(Argentina)
2025-02-17,17:00,Sarmiento (J),Deportivo Riestra,2,1,,,Primera Division - Apertura,2025,zonas,Zona B,Fecha 6,Eva Perón,false,https://es.wikipedia.org/wiki/Anexo:Torneo_Apertura_2025_(Argentina)
2025-02-17,19:15,Platense,Independiente,1,1,,,Primera Division - Apertura,2025,zonas,Zona B,Fecha 6,Ciudad de Vicente López,false,https://es.wikipedia.org/wiki/Anexo:Torneo_Apertura_2025_(Argentina)
2025-02-17,20:00,Colón,Nueva Chicago,2,1,,,Primera Nacional,2025,zonas,Zona B,Fecha 2,Brigadier Estanislao López,false,https://es.wikipedia.org/wiki/Campeonato_de_Primera_Nacional_2025
2025-02-17,21:30,Instituto,San Lorenzo,0,1,,,Primera Division - Apertura,2025,zonas,Zona B,Fecha 6,Monumental de Alta Córdoba,false,https://es.wikipedia.org/wiki/Anexo:Torneo_Apertura_2025_(Argentina)
2025-02-17,21:30,Vélez Sarsfield,Godoy Cruz,0,2,,,Primera Division - Apertura,2025,zonas,Zona B,Fecha 6,José Amalfitani,false,https://es.wikipedia.org/wiki/Anexo:Torneo_Apertura_2025_(Argentina)
2025-02-17,22:00,San Martín (T),Ferro Carril Oeste,1,0,,,Primera Nacional,2025,zonas,Zona A,Fecha 2,La Ciudadela,false,https://es.wikipedia.org/wiki/Campeonato_de_Primera_Nacional_2025
2025-02-18,17:00,Argentino de Quilmes,Sportivo Italiano,0,0,,,Primera B,2025,zonas,Torneo Apertura,Fecha 3,Argentino de Quilmes,false,https://es.wikipedia.org/wiki/Campeonato_de_Primera_B_2025_(Argentina)
2025-02-18,17:00,Deportivo Armenio,San Martín (B),1,1,,,Primera B,2025,zonas,Torneo Apertura,Fecha 3,Armenia,false,https://es.wikipedia.org/wiki/Campeonato_de_Primera_B_2025_(Argentina)
2025-02-18,17:00,Flandria,Real Pilar,0,1,,,Primera B,2025,zonas,Torneo Apertura,Fecha 3,Carlos V,false,https://es.wikipedia.org/wiki/Campeonato_de_Primera_B_2025_(Argentina)
2025-02-18,17:00,Liniers,Deportivo Merlo,0,2,,,Primera B,2025,zonas,Torneo Apertura,Fecha 3,Juan Antonio Arias,false,https://es.wikipedia.org/wiki/Campeonato_de_Primera_B_2025_(Argentina)
2025-02-18,17:00,Villa Dálmine,UAI Urquiza,0,1,,,Primera B,2025,zonas,Torneo Apertura,Fecha 3,El Coliseo de Mitre y Puccini,false,https://es.wikipedia.org/wiki/Campeonato_de_Primera_B_2025_(Argentina)
2025-02-18,20:00,Argentino de Merlo,Ferrocarril Midland,1,2,,,Primera B,2025,zonas,Torneo Apertura,Fecha 3,Juan Carlos Brieva,false,https://es.wikipedia.org/wiki/Campeonato_de_Primera_B_2025_(Argentina)
2025-02-18,21:00,Brown de Adrogué,Excursionistas,2,0,,,Primera B,2025,zonas,Torneo Apertura,Fecha 3,Lorenzo Arandilla,false,https://es.wikipedia.org/wiki/Campeonato_de_Primera_B_2025_(Argentina)
2025-02-19,,Defensa y Justicia,Racing (C),3,1,,,Copa Argentina,2025,eliminacion,,Treintaidosavos,Único de San Nicolás,true,https://es.wikipedia.org/wiki/Copa_Argentina_2025
2025-02-19,17:00,Deportivo Laferrere,Dock Sud,2,3,,,Primera B,2025,zonas,Torneo Apertura,Fecha 3,Ciudad de Laferrere,false,https://es.wikipedia.org/wiki/Campeonato_de_Primera_B_2025_(Argentina)
2025-02-19,17:00,Fénix,Villa San Carlos,0,1,,,Primera B,2025,zonas,Torneo Apertura,Fecha 3,Raúl Salvucci,false,https://es.wikipedia.org/wiki/Campeonato_de_Primera_B_2025_(Argentina)
2025-02-19,20:00,Comunicaciones,Sacachispas,3,0,,,Primera B,2025,zonas,Torneo Apertura,Fecha 3,Alfredo Ramos,false,https://es.wikipedia.org/wiki/Campeonato_de_Primera_B_2025_(Argentina)
2025-02-21,17:00,Deportivo Riestra,Talleres (C),0,0,,,Primera Division - Apertura,2025,zonas,Zona B,Fecha 7,Guillermo Laza,false,https://es.wikipedia.org/wiki/Anexo:Torneo_Apertura_2025_(Argentina)
2025-02-21,19:15,Estudiantes (LP),Central Córdoba (SdE),3,2,,,Primera Division - Apertura,2025,zonas,Zona A,Fecha 7,Jorge Luis Hirschi,false,https://es.wikipedia.org/wiki/Anexo:Torneo_Apertura_2025_(Argentina)
2025-02-21,19:15,Godoy Cruz,Platense,1,1,,,Primera Division - Apertura,2025,zonas,Zona B,Fecha 7,Malvinas Argentinas,false,https://es.wikipedia.org/wiki/Anexo:Torneo_Apertura_2025_(Argentina)
2025-02-21,20:30,Excursionistas,Acassuso,1,1,,,Primera B,2025,zonas,Torneo Apertura,Fecha 4,Excursionistas,false,https://es.wikipedia.org/wiki/Campeonato_de_Primera_B_2025_(Argentina)
2025-02-21,21:30,Lanús,Vélez Sarsfield,0,0,,,Primera Division - Apertura,2025,zonas,Zona B,Fecha 7,Ciudad de Lanús,false,https://es.wikipedia.org/wiki/Anexo:Torneo_Apertura_2025_(Argentina)
2025-02-22,17:00,Almagro,Gimnasia y Tiro (S),0,1,,,Primera Nacional,2025,zonas,Zona A,Fecha 3,Tres de Febrero,false,https://es.wikipedia.org/wiki/Campeonato_de_Primera_Nacional_2025
2025-02-22,17:00,Almirante Brown,Defensores Unidos,1,1,,,Primera Nacional,2025,zonas,Zona B,Fecha 3,Fragata Presidente Sarmiento,false,https://es.wikipedia.org/wiki/Campeonato_de_Primera_Nacional_2025
2025-02-22,17:00,Atlanta,All Boys,0,0,,,Primera Nacional,2025,zonas,Zona A,Fecha 3,Don León Kolbowsky,false,https://es.wikipedia.org/wiki/Campeonato_de_Primera_Nacional_2025
2025-02-22,17:00,Los Andes,Güemes (SdE),2,0,,,Primera Nacional,2025,zonas,Zona A,Fecha 3,Eduardo Gallardón,false,https://es.wikipedia.org/wiki/Campeonato_de_Primera_Nacional_2025
2025-02-22,17:00,Real Pilar,Villa Dálmine,0,0,,,Primera B,2025,zonas,Torneo Apertura,Fecha 4,Carlos Barraza,false,https://es.wikipedia.org/wiki/Campeonato_de_Primera_B_2025_(Argentina)
2025-02-22,17:00,San Miguel,Deportivo Maipú,2,0,,,Primera Nacional,2025,zonas,Zona A,Fecha 3,Malvinas Argentinas,false,https://es.wikipedia.org/wiki/Campeonato_de_Primera_Nacional_2025
2025-02-22,18:00,Colegiales,Arsenal,1,1,,,Primera Nacional,2025,zonas,Zona A,Fecha 3,Libertarios Unidos,false,https://es.wikipedia.org/wiki/Campeonato_de_Primera_Nacional_2025
2025-02-22,18:00,Independiente,Instituto,2,0,,,Primera Division - Apertura,2025,zonas,Zona B,Fecha 7,Libertadores de América,false,https://es.wikipedia.org/wiki/Anexo:Torneo_Apertura_2025_(Argentina)
2025-02-22,19:00,Ferrocarril Midland,Brown de Adrogué,0,1,,,Primera B,2025,zonas,Torneo Apertura,Fecha 4,Ciudad de Libertad,false,https://es.wikipedia.org/wiki/Campeonato_de_Primera_B_2025_(Argentina)
2025-02-22,19:30,Boca Juniors,Aldosivi,2,1,,,Primera Division - Apertura,2025,zonas,Zona A,Fecha 7,La Bombonera,false,https://es.wikipedia.org/wiki/Anexo:Torneo_Apertura_2025_(Argentina)
2025-02-22,20:00,Chaco For Ever,Temperley,2,0,,,Primera Nacional,2025,zonas,Zona B,Fecha 3,Juan Alberto García,false,https://es.wikipedia.org/wiki/Campeonato_de_Primera_Nacional_2025
2025-02-22,21:30,San Martín (SJ),River Plate,0,2,,,Primera Division - Apertura,2025,zonas,Zona B,Fecha 7,Ingeniero Hilario Sánchez,false,https://es.wikipedia.org/wiki/Anexo:Torneo_Apertura_2025_(Argentina)
2025-02-22,21:45,Rosario Central,Sarmiento (J),1,0,,,Primera Division - Apertura,2025,zonas,Zona B,Fecha 7,Gigante de Arroyito,false,https://es.wikipedia.org/wiki/Anexo:Torneo_Apertura_2025_(Argentina)
2025-02-23,17:00,Deportivo Merlo,Deportivo Laferrere,1,1,,,Primera B,2025,zonas,Torneo Apertura,Fecha 4,José Manuel Moreno,false,https://es.wikipedia.org/wiki/Campeonato_de_Primera_B_2025_(Argentina)
2025-02-23,17:00,Gimnasia y Esgrima (J),Talleres (RdE),1,0,,,Primera Nacional,2025,zonas,Zona B,Fecha 3,23 de Agosto,false,https://es.wikipedia.org/wiki/Campeonato_de_Primera_Nacional_2025
2025-02-23,17:00,Mitre (SdE),Colón,0,1,,,Primera Nacional,2025,zonas,Zona B,Fecha 3,Doctores José y Antonio Castiglione,false,https://es.wikipedia.org/wiki/Campeonato_de_Primera_Nacional_2025
2025-02-23,17:00,San Telmo,Defensores de Belgrano,0,3,,,Primera Nacional,2025,zonas,Zona B,Fecha 3,Doctor Osvaldo Baletto,false,https://es.wikipedia.org/wiki/Campeonato_de_Primera_Nacional_2025
2025-02-23,17:00,UAI Urquiza,Argentino de Quilmes,2,2,,,Primera B,2025,zonas,Torneo Apertura,Fecha 4,Monumental de Villa Lynch,false,https://es.wikipedia.org/wiki/Campeonato_de_Primera_B_2025_(Argentina)
2025-02-23,17:00,Villa San Carlos,Flandria,2,1,,,Primera B,2025,zonas,Torneo Apertura,Fecha 4,Genacio Sálice,false,https://es.wikipedia.org/wiki/Campeonato_de_Primera_B_2025_(Argentina)
2025-02-23,18:00,Central Norte (S),Estudiantes (BA),1,1,,,Primera Nacional,2025,zonas,Zona B,Fecha 3,Padre Ernesto Martearena,false,https://es.wikipedia.org/wiki/Campeonato_de_Primera_Nacional_2025
2025-02-23,18:00,Huracán,San Lorenzo,2,0,,,Primera Division - Apertura,2025,zonas,Interzonal,Fecha 7,Tomás Adolfo Ducó,false,https://es.wikipedia.org/wiki/Anexo:Torneo_Apertura_2025_(Argentina)
2025-02-23,19:00,Ferro Carril Oeste,Tristán Suárez,0,0,,,Primera Nacional,2025,zonas,Zona A,Fecha 3,Arquitecto Ricardo Etcheverri,false,https://es.wikipedia.org/wiki/Campeonato_de_Primera_Nacional_2025
2025-02-23,19:00,Patronato,San Martín (T),0,1,,,Primera Nacional,2025,zonas,Zona A,Fecha 3,Presbítero Bartolomé Grella,false,https://es.wikipedia.org/wiki/Campeonato_de_Primera_Nacional_2025
2025-02-23,19:05,Sportivo Italiano,Argentino de Merlo,0,0,,,Primera B,2025,zonas,Torneo Apertura,Fecha 4,República de Italia,false,https://es.wikipedia.org/wiki/Campeonato_de_Primera_B_2025_(Argentina)
2025-02-23,20:30,Gimnasia y Esgrima (M),Deportivo Morón,1,0,,,Primera Nacional,2025,zonas,Zona B,Fecha 3,Víctor Antonio Legrotaglie,false,https://es.wikipedia.org/wiki/Campeonato_de_Primera_Nacional_2025
2025-02-23,21:00,Agropecuario,Estudiantes (RC),2,1,,,Primera Nacional,2025,zonas,Zona B,Fecha 3,Ofelia Rosenzuaig,false,https://es.wikipedia.org/wiki/Campeonato_de_Primera_Nacional_2025
2025-02-23,21:00,Atlético Tucumán,Gimnasia y Esgrima (LP),0,1,,,Primera Division - Apertura,2025,zonas,Zona B,Fecha 7,Monumental José Fierro,false,https://es.wikipedia.org/wiki/Anexo:Torneo_Apertura_2025_(Argentina)
2025-02-23,21:00,Belgrano,Defensa y Justicia,2,0,,,Primera Division - Apertura,2025,zonas,Zona A,Fecha 7,Gigante de Alberdi,false,https://es.wikipedia.org/wiki/Anexo:Torneo_Apertura_2025_(Argentina)
2025-02-23,21:00,Quilmes,Deportivo Madryn,1,1,,,Primera Nacional,2025,zonas,Zona A,Fecha 3,Centenario Ciudad de Quilmes,false,https://es.wikipedia.org/wiki/Campeonato_de_Primera_Nacional_2025
2025-02-24,17:00,Barracas Central,Newell's Old Boys,2,0,,,Primera Division - Apertura,2025,zonas,Zona A,Fecha 7,El Viaducto,false,https://es.wikipedia.org/wiki/Anexo:Torneo_Apertura_2025_(Argentina)
2025-02-24,17:00,Dock Sud,Fénix,3,2,,,Primera B,2025,zonas,Torneo Apertura,Fecha 4,De los Inmigrantes,false,https://es.wikipedia.org/wiki/Campeonato_de_Primera_B_2025_(Argentina)
2025-02-24,17:00,Sacachispas,Liniers,1,3,,,Primera B,2025,zonas,Torneo Apertura,Fecha 4,Beto Larrosa,false,https://es.wikipedia.org/wiki/Campeonato_de_Primera_B_2025_(Argentina)
2025-02-24,19:00,Argentinos Juniors,Independiente Rivadavia,0,0,,,Primera Division - Apertura,2025,zonas,Zona A,Fecha 7,Diego Armando Maradona,false,https://es.wikipedia.org/wiki/Anexo:Torneo_Apertura_2025_(Argentina)
2025-02-24,19:00,Nueva Chicago,Chacarita Juniors,1,1,,,Primera Nacional,2025,zonas,Zona B,Fecha 3,Nueva Chicago,false,https://es.wikipedia.org/wiki/Campeonato_de_Primera_Nacional_2025
2025-02-24,21:00,Racing Club,Alvarado,2,1,,,Primera Nacional,2025,zonas,Zona A,Fecha 3,Miguel Sancho,false,https://es.wikipedia.org/wiki/Campeonato_de_Primera_Nacional_2025
2025-02-24,21:00,Tigre,Banfield,1,0,,,Primera Division - Apertura,2025,zonas,Zona A,Fecha 7,Monumental de Victoria,false,https://es.wikipedia.org/wiki/Anexo:Torneo_Apertura_2025_(Argentina)
2025-02-24,21:10,San Martín (B),Comunicaciones,1,0,,,Primera B,2025,zonas,Torneo Apertura,Fecha 4,Francisco Boga,false,https://es.wikipedia.org/wiki/Campeonato_de_Primera_B_2025_(Argentina)
2025-02-25,,Estudiantes (LP),Sarmiento (LB),2,1,,,Copa Argentina,2025,eliminacion,,Treintaidosavos,15 de Abril,true,https://es.wikipedia.org/wiki/Copa_Argentina_2025
2025-02-26,,Independiente,Sportivo Belgrano,2,0,,,Copa Argentina,2025,eliminacion,,Treintaidosavos,Único de San Nicolás,true,https://es.wikipedia.org/wiki/Copa_Argentina_2025
2025-02-26,,Vélez Sarsfield,Ferrocarril Midland,1,0,,,Copa Argentina,2025,eliminacion,,Treintaidosavos,Ciudad de Vicente López,true,https://es.wikipedia.org/wiki/Copa_Argentina_2025
2025-02-27,,Godoy Cruz,Excursionistas,0,1,,,Copa Argentina,2025,eliminacion,,Treintaidosavos,Julio César Villagra,true,https://es.wikipedia.org/wiki/Copa_Argentina_2025
2025-02-28,17:00,Arsenal,Atlanta,1,1,,,Primera Nacional,2025,zonas,Zona A,Fecha 4,El Viaducto,false,https://es.wikipedia.org/wiki/Campeonato_de_Primera_Nacional_2025
2025-02-28,20:00,Boca Juniors,Rosario Central,1,0,,,Primera Division - Apertura,2025,zonas,Interzonal,Fecha 8,La Bombonera,false,https://es.wikipedia.org/wiki/Anexo:Torneo_Apertura_2025_(Argentina)
2025-02-28,21:00,Colegiales,Los Andes,0,1,,,Primera Nacional,2025,zonas,Zona A,Fecha 4,Libertarios Unidos,false,https://es.wikipedia.org/wiki/Campeonato_de_Primera_Nacional_2025
2025-02-28,21:00,Estudiantes (RC),San Telmo,1,0,,,Primera Nacional,2025,zonas,Zona B,Fecha 4,Antonio Candini,false,https://es.wikipedia.org/wiki/Campeonato_de_Primera_Nacional_2025
2025-02-28,22:15,Central Córdoba (SdE),Deportivo Riestra,0,0,,,Primera Division - Apertura,2025,zonas,Interzonal,Fecha 8,Único Madre de Ciudades,false,https://es.wikipedia.org/wiki/Anexo:Torneo_Apertura_2025_(Argentina)
2025-02-28,22:15,San Martín (SJ),Belgrano,3,1,,,Primera Division - Apertura,2025,zonas,Interzonal,Fecha 8,Ingeniero Hilario Sánchez,false,https://es.wikipedia.org/wiki/Anexo:Torneo_Apertura_2025_(Argentina)
2025-03-01,17:00,Aldosivi,Sarmiento (J),2,2,,,Primera Division - Apertura,2025,zonas,Interzonal,Fecha 8,José María Minella,false,https://es.wikipedia.org/wiki/Anexo:Torneo_Apertura_2025_(Argentina)
2025-03-01,17:00,Argentino de Merlo,UAI Urquiza,0,0,,,Primera B,2025,zonas,Torneo Apertura,Fecha 5,Juan Carlos Brieva,false,https://es.wikipedia.org/wiki/Campeonato_de_Primera_B_2025_(Argentina)
2025-03-01,17:00,Argentino de Quilmes,Real Pilar,2,0,,,Primera B,2025,zonas,Torneo Apertura,Fecha 5,Argentino de Quilmes,false,https://es.wikipedia.org/wiki/Campeonato_de_Primera_B_2025_(Argentina)
2025-03-01,17:00,Defensores Unidos,Central Norte (S),1,1,,,Primera Nacional,2025,zonas,Zona B,Fecha 4,Gigante de Villa Fox,false,https://es.wikipedia.org/wiki/Campeonato_de_Primera_Nacional_2025
2025-03-01,17:00,Deportivo Laferrere,Sacachispas,0,0,,,Primera B,2025,zonas,Torneo Apertura,Fecha 5,Ciudad de Laferrere,false,https://es.wikipedia.org/wiki/Campeonato_de_Primera_B_2025_(Argentina)
2025-03-01,17:00,Flandria,Dock Sud,1,2,,,Primera B,2025,zonas,Torneo Apertura,Fecha 5,Carlos V,false,https://es.wikipedia.org/wiki/Campeonato_de_Primera_B_2025_(Argentina)
2025-03-01,17:00,Fénix,Deportivo Merlo,1,1,,,Primera B,2025,zonas,Torneo Apertura,Fecha 5,Raúl Salvucci,false,https://es.wikipedia.org/wiki/Campeonato_de_Primera_B_2025_(Argentina)
2025-03-01,17:00,Talleres (RdE),Agropecuario,2,0,,,Primera Nacional,2025,zonas,Zona B,Fecha 4,Pablo Comelli,false,https://es.wikipedia.org/wiki/Campeonato_de_Primera_Nacional_2025
2025-03-01,19:15,River Plate,Estudiantes (LP),0,2,,,Primera Division - Apertura,2025,zonas,Interzonal,Fecha 8,Monumental,false,https://es.wikipedia.org/wiki/Anexo:Torneo_Apertura_2025_(Argentina)
2025-03-01,20:00,Tristán Suárez,Patronato,2,0,,,Primera Nacional,2025,zonas,Zona A,Fecha 4,20 de Octubre,false,https://es.wikipedia.org/wiki/Campeonato_de_Primera_Nacional_2025
2025-03-01,21:30,Talleres (C),Tigre,1,2,,,Primera Division - Apertura,2025,zonas,Interzonal,Fecha 8,Mario Alberto Kempes,false,https://es.wikipedia.org/wiki/Anexo:Torneo_Apertura_2025_(Argentina)
2025-03-01,21:30,Temperley,Almirante Brown,2,0,,,Primera Nacional,2025,zonas,Zona B,Fecha 4,Alfredo Beranger,false,https://es.wikipedia.org/wiki/Campeonato_de_Primera_Nacional_2025
2025-03-01,21:30,Unión,Gimnasia y Esgrima (LP),1,0,,,Primera Division - Apertura,2025,zonas,Interzonal,Fecha 8,15 de Abril,false,https://es.wikipedia.org/wiki/Anexo:Torneo_Apertura_2025_(Argentina)
2025-03-02,17:00,Alvarado,Quilmes,0,0,,,Primera Nacional,2025,zonas,Zona A,Fecha 4,José María Minella,false,https://es.wikipedia.org/wiki/Campeonato_de_Primera_Nacional_2025
2025-03-02,17:00,Argentinos Juniors,Instituto,2,0,,,Primera Division - Apertura,2025,zonas,Interzonal,Fecha 8,Diego Armando Maradona,false,https://es.wikipedia.org/wiki/Anexo:Torneo_Apertura_2025_(Argentina)
2025-03-02,17:00,Deportivo Madryn,San Miguel,2,1,,,Primera Nacional,2025,zonas,Zona A,Fecha 4,Abel Sastre,false,https://es.wikipedia.org/wiki/Campeonato_de_Primera_Nacional_2025
2025-03-02,17:00,Estudiantes (BA),Gimnasia y Esgrima (M),0,0,,,Primera Nacional,2025,zonas,Zona B,Fecha 4,Ciudad de Caseros,false,https://es.wikipedia.org/wiki/Campeonato_de_Primera_Nacional_2025
2025-03-02,17:00,Gimnasia y Tiro (S),Ferro Carril Oeste,1,2,,,Primera Nacional,2025,zonas,Zona A,Fecha 4,El Gigante del Norte,false,https://es.wikipedia.org/wiki/Campeonato_de_Primera_Nacional_2025
2025-03-02,17:00,Independiente Rivadavia,Lanús,1,1,,,Primera Division - Apertura,2025,zonas,Interzonal,Fecha 8,Bautista Gargantini,false,https://es.wikipedia.org/wiki/Anexo:Torneo_Apertura_2025_(Argentina)
2025-03-02,17:00,Liniers,San Martín (B),5,0,,,Primera B,2025,zonas,Torneo Apertura,Fecha 5,Juan Antonio Arias,false,https://es.wikipedia.org/wiki/Campeonato_de_Primera_B_2025_(Argentina)
2025-03-02,17:00,Mitre (SdE),Nueva Chicago,0,1,,,Primera Nacional,2025,zonas,Zona B,Fecha 4,Doctores José y Antonio Castiglione,false,https://es.wikipedia.org/wiki/Campeonato_de_Primera_Nacional_2025
2025-03-02,17:00,Villa Dálmine,Villa San Carlos,3,2,,,Primera B,2025,zonas,Torneo Apertura,Fecha 5,El Coliseo de Mitre y Puccini,false,https://es.wikipedia.org/wiki/Campeonato_de_Primera_B_2025_(Argentina)
2025-03-02,18:00,Deportivo Maipú,Almagro,3,1,,,Primera Nacional,2025,zonas,Zona A,Fecha 4,Omar Higinio Sperdutti,false,https://es.wikipedia.org/wiki/Campeonato_de_Primera_Nacional_2025
2025-03-02,19:15,Defensores de Belgrano,Chacarita Juniors,1,0,,,Primera Nacional,2025,zonas,Zona B,Fecha 4,Juan Pasquale,false,https://es.wikipedia.org/wiki/Campeonato_de_Primera_Nacional_2025
2025-03-02,19:15,Vélez Sarsfield,Huracán,0,2,,,Primera Division - Apertura,2025,zonas,Interzonal,Fecha 8,José Amalfitani,false,https://es.wikipedia.org/wiki/Anexo:Torneo_Apertura_2025_(Argentina)
2025-03-02,20:00,San Martín (T),Güemes (SdE),1,1,,,Primera Nacional,2025,zonas,Zona A,Fecha 4,La Ciudadela,false,https://es.wikipedia.org/wiki/Campeonato_de_Primera_Nacional_2025
2025-03-02,21:15,Deportivo Morón,Gimnasia y Esgrima (J),0,0,,,Primera Nacional,2025,zonas,Zona B,Fecha 4,Nuevo Francisco Urbano,false,https://es.wikipedia.org/wiki/Campeonato_de_Primera_Nacional_2025
2025-03-02,21:30,Colón,Chaco For Ever,2,1,,,Primera Nacional,2025,zonas,Zona B,Fecha 4,Brigadier Estanislao López,false,https://es.wikipedia.org/wiki/Campeonato_de_Primera_Nacional_2025
2025-03-02,"sitioweb=TyC Sports}} Se completó el 4 de marzo, a partir de las 19:30.}}",Platense,Defensa y Justicia,0,1,,,Primera Division - Apertura,2025,zonas,Interzonal,Fecha 8,Ciudad de Vicente López,false,https://es.wikipedia.org/wiki/Anexo:Torneo_Apertura_2025_(Argentina)
2025-03-02,"sitioweb=TyC Sports}} Se completó el 4 de marzo, a partir de las 20:00.}}",Banfield,Independiente,0,0,,,Primera Division - Apertura,2025,zonas,Interzonal,Fecha 8,Florencio Sola,false,https://es.wikipedia.org/wiki/Anexo:Torneo_Apertura_2025_(Argentina)
2025-03-03,17:00,Acassuso,Ferrocarril Midland,1,1,,,Primera B,2025,zonas,Torneo Apertura,Fecha 5,La Quema,false,https://es.wikipedia.org/wiki/Campeonato_de_Primera_B_2025_(Argentina)
2025-03-03,17:00,Barracas Central,Godoy Cruz,1,2,,,Primera Division - Apertura,2025,zonas,Interzonal,Fecha 8,El Viaducto,false,https://es.wikipedia.org/wiki/Anexo:Torneo_Apertura_2025_(Argentina)
2025-03-03,19:00,San Lorenzo,Racing Club,3,2,,,Primera Division - Apertura,2025,zonas,Interzonal,Fecha 8,Nuevo Gasómetro,false,https://es.wikipedia.org/wiki/Anexo:Torneo_Apertura_2025_(Argentina)
2025-03-03,20:00,Comunicaciones,Deportivo Armenio,0,1,,,Primera B,2025,zonas,Torneo Apertura,Fecha 5,Alfredo Ramos,false,https://es.wikipedia.org/wiki/Campeonato_de_Primera_B_2025_(Argentina)
2025-03-03,20:30,Brown de Adrogué,Sportivo Italiano,0,0,,,Primera B,2025,zonas,Torneo Apertura,Fecha 5,Lorenzo Arandilla,false,https://es.wikipedia.org/wiki/Campeonato_de_Primera_B_2025_(Argentina)
2025-03-03,21:00,Atlético Tucumán,Newell's Old Boys,1,2,,,Primera Division - Apertura,2025,zonas,Interzonal,Fecha 8,Monumental José Fierro,false,https://es.wikipedia.org/wiki/Anexo:Torneo_Apertura_2025_(Argentina)
2025-03-03,21:10,All Boys,Racing Club,4,0,,,Primera Nacional,2025,zonas,Zona A,Fecha 4,Islas Malvinas,false,https://es.wikipedia.org/wiki/Campeonato_de_Primera_Nacional_2025
2025-03-05,,Deportivo Riestra,San Telmo,2,2,3,1,Copa Argentina,2025,eliminacion,,Treintaidosavos,Ciudad de Caseros,true,https://es.wikipedia.org/wiki/Copa_Argentina_2025
2025-03-05,,Unión,Colegiales,3,1,,,Copa Argentina,2025,eliminacion,,Treintaidosavos,Único de San Nicolás,true,https://es.wikipedia.org/wiki/Copa_Argentina_2025
2025-03-07,19:00,Banfield,Argentinos Juniors,1,2,,,Primera Division - Apertura,2025,zonas,Zona A,Fecha 9,Florencio Sola,false,https://es.wikipedia.org/wiki/Anexo:Torneo_Apertura_2025_(Argentina)
2025-03-07,19:00,Mercedes,Defensores de Cambaceres,1,0,,,Primera C,2025,zonas,Zona A,Fecha 1,Liga Mercedina,false,https://es.wikipedia.org/wiki/Campeonato_de_Primera_C_2025_(Argentina)
2025-03-07,19:00,Vélez Sarsfield,San Martín (SJ),1,0,,,Primera Division - Apertura,2025,zonas,Zona B,Fecha 9,José Amalfitani,false,https://es.wikipedia.org/wiki/Anexo:Torneo_Apertura_2025_(Argentina)
2025-03-07,20:30,Ituzaingó,Deportivo Español,3,0,,,Primera C,2025,zonas,Zona A,Fecha 1,Carlos Sacaan,false,https://es.wikipedia.org/wiki/Campeonato_de_Primera_C_2025_(Argentina)
2025-03-07,21:15,Central Córdoba (SdE),Boca Juniors,0,3,,,Primera Division - Apertura,2025,zonas,Zona A,Fecha 9,Único Madre de Ciudades,false,https://es.wikipedia.org/wiki/Anexo:Torneo_Apertura_2025_(Argentina)
2025-03-08,17:00,Almagro,Deportivo Madryn,1,0,,,Primera Nacional,2025,zonas,Zona A,Fecha 5,Tres de Febrero,false,https://es.wikipedia.org/wiki/Campeonato_de_Primera_Nacional_2025
2025-03-08,17:00,Cañuelas,Luján,0,1,,,Primera C,2025,zonas,Zona B,Fecha 1,Jorge Arin,false,https://es.wikipedia.org/wiki/Campeonato_de_Primera_C_2025_(Argentina)
2025-03-08,17:00,Deportivo Merlo,Flandria,0,0,,,Primera B,2025,zonas,Torneo Apertura,Fecha 6,José Manuel Moreno,false,https://es.wikipedia.org/wiki/Campeonato_de_Primera_B_2025_(Argentina)
2025-03-08,17:00,Estrella del Sur,Juventud Unida,0,2,,,Primera C,2025,zonas,Zona B,Fecha 1,Lorenzo Arandilla,false,https://es.wikipedia.org/wiki/Campeonato_de_Primera_C_2025_(Argentina)
2025-03-08,17:00,General Lamadrid,Centro Español,3,1,,,Primera C,2025,zonas,Zona B,Fecha 1,Enrique Sexto,false,https://es.wikipedia.org/wiki/Campeonato_de_Primera_C_2025_(Argentina)
2025-03-08,17:00,Güemes (SdE),Tristán Suárez,0,1,,,Primera Nacional,2025,zonas,Zona A,Fecha 5,Arturo Miranda,false,https://es.wikipedia.org/wiki/Campeonato_de_Primera_Nacional_2025
2025-03-08,17:00,Los Andes,San Martín (T),1,1,,,Primera Nacional,2025,zonas,Zona A,Fecha 5,Eduardo Gallardón,false,https://es.wikipedia.org/wiki/Campeonato_de_Primera_Nacional_2025
2025-03-08,17:00,Lugano,Muñiz,1,0,,,Primera C,2025,zonas,Zona A,Fecha 1,José María Moraños,false,https://es.wikipedia.org/wiki/Campeonato_de_Primera_C_2025_(Argentina)
2025-03-08,17:00,Puerto Nuevo,J. J. de Urquiza,1,2,,,Primera C,2025,zonas,Zona A,Fecha 1,Rubén Carlos Vallejos,false,https://es.wikipedia.org/wiki/Campeonato_de_Primera_C_2025_(Argentina)
2025-03-08,17:00,San Lorenzo,Independiente,1,2,,,Primera Division - Apertura,2025,zonas,Zona B,Fecha 9,Nuevo Gasómetro,false,https://es.wikipedia.org/wiki/Anexo:Torneo_Apertura_2025_(Argentina)
2025-03-08,17:00,Sportivo Italiano,Acassuso,0,1,,,Primera B,2025,zonas,Torneo Apertura,Fecha 6,República de Italia,false,https://es.wikipedia.org/wiki/Campeonato_de_Primera_B_2025_(Argentina)
2025-03-08,17:00,UAI Urquiza,Brown de Adrogué,2,1,,,Primera B,2025,zonas,Torneo Apertura,Fecha 6,Monumental de Villa Lynch,false,https://es.wikipedia.org/wiki/Campeonato_de_Primera_B_2025_(Argentina)
2025-03-08,17:00,Villa San Carlos,Argentino de Quilmes,2,2,,,Primera B,2025,zonas,Torneo Apertura,Fecha 6,Genacio Sálice,false,https://es.wikipedia.org/wiki/Campeonato_de_Primera_B_2025_(Argentina)
2025-03-08,19:05,Ferro Carril Oeste,Deportivo Maipú,2,0,,,Primera Nacional,2025,zonas,Zona A,Fecha 5,Arquitecto Ricardo Etcheverri,false,https://es.wikipedia.org/wiki/Campeonato_de_Primera_Nacional_2025
2025-03-08,19:05,Real Pilar,Argentino de Merlo,3,1,,,Primera B,2025,zonas,Torneo Apertura,Fecha 6,Carlos Barraza,false,https://es.wikipedia.org/wiki/Campeonato_de_Primera_B_2025_(Argentina)
2025-03-08,19:15,Racing Club,Huracán,0,1,,,Primera Division - Apertura,2025,zonas,Zona A,Fecha 9,El Cilindro,false,https://es.wikipedia.org/wiki/Anexo:Torneo_Apertura_2025_(Argentina)
2025-03-08,21:00,Chaco For Ever,Mitre (SdE),0,1,,,Primera Nacional,2025,zonas,Zona B,Fecha 5,Juan Alberto García,false,https://es.wikipedia.org/wiki/Campeonato_de_Primera_Nacional_2025
2025-03-08,21:10,Quilmes,All Boys,3,1,,,Primera Nacional,2025,zonas,Zona A,Fecha 5,Centenario Ciudad de Quilmes,false,https://es.wikipedia.org/wiki/Campeonato_de_Primera_Nacional_2025
2025-03-08,21:30,Platense,Lanús,0,0,,,Primera Division - Apertura,2025,zonas,Zona B,Fecha 9,Ciudad de Vicente López,false,https://es.wikipedia.org/wiki/Anexo:Torneo_Apertura_2025_(Argentina)
2025-03-08,21:30,Sarmiento (J),Barracas Central,1,1,,,Primera Division - Apertura,2025,zonas,Interzonal,Fecha 9,Eva Perón,false,https://es.wikipedia.org/wiki/Anexo:Torneo_Apertura_2025_(Argentina)
2025-03-09,17:00,Agropecuario,Deportivo Morón,1,0,,,Primera Nacional,2025,zonas,Zona B,Fecha 5,Ofelia Rosenzuaig,false,https://es.wikipedia.org/wiki/Campeonato_de_Primera_Nacional_2025
2025-03-09,17:00,Aldosivi,Tigre,0,2,,,Primera Division - Apertura,2025,zonas,Zona A,Fecha 9,José María Minella,false,https://es.wikipedia.org/wiki/Anexo:Torneo_Apertura_2025_(Argentina)
2025-03-09,17:00,Berazategui,Claypole,1,1,,,Primera C,2025,zonas,Zona A,Fecha 1,Norman Lee,false,https://es.wikipedia.org/wiki/Campeonato_de_Primera_C_2025_(Argentina)
2025-03-09,17:00,Chacarita Juniors,Estudiantes (RC),0,2,,,Primera Nacional,2025,zonas,Zona B,Fecha 5,Chacarita Juniors,false,https://es.wikipedia.org/wiki/Campeonato_de_Primera_Nacional_2025
2025-03-09,17:00,Defensa y Justicia,Estudiantes (LP),1,0,,,Primera Division - Apertura,2025,zonas,Zona A,Fecha 9,Norberto Tomaghello,false,https://es.wikipedia.org/wiki/Anexo:Torneo_Apertura_2025_(Argentina)
2025-03-09,17:00,Deportivo Armenio,Liniers,0,1,,,Primera B,2025,zonas,Torneo Apertura,Fecha 6,Armenia,false,https://es.wikipedia.org/wiki/Campeonato_de_Primera_B_2025_(Argentina)
2025-03-09,17:00,Dock Sud,Villa Dálmine,1,1,,,Primera B,2025,zonas,Torneo Apertura,Fecha 6,De los Inmigrantes,false,https://es.wikipedia.org/wiki/Campeonato_de_Primera_B_2025_(Argentina)
2025-03-09,17:00,Ferrocarril Midland,Excursionistas,0,0,,,Primera B,2025,zonas,Torneo Apertura,Fecha 6,Ciudad de Libertad,false,https://es.wikipedia.org/wiki/Campeonato_de_Primera_B_2025_(Argentina)
2025-03-09,17:00,Racing Club,Arsenal,3,0,,,Primera Nacional,2025,zonas,Zona A,Fecha 5,Miguel Sancho,false,https://es.wikipedia.org/wiki/Campeonato_de_Primera_Nacional_2025
2025-03-09,17:00,Sacachispas,Fénix,0,0,,,Primera B,2025,zonas,Torneo Apertura,Fecha 6,Beto Larrosa,false,https://es.wikipedia.org/wiki/Campeonato_de_Primera_B_2025_(Argentina)
2025-03-09,17:00,San Martín (B),Deportivo Laferrere,1,1,,,Primera B,2025,zonas,Torneo Apertura,Fecha 6,Francisco Boga,false,https://es.wikipedia.org/wiki/Campeonato_de_Primera_B_2025_(Argentina)
2025-03-09,17:00,San Miguel,Alvarado,2,0,,,Primera Nacional,2025,zonas,Zona A,Fecha 5,Malvinas Argentinas,false,https://es.wikipedia.org/wiki/Campeonato_de_Primera_Nacional_2025
2025-03-09,17:00,Victoriano Arenas,Argentino de Rosario,1,2,,,Primera C,2025,zonas,Zona B,Fecha 1,Saturnino Moure,false,https://es.wikipedia.org/wiki/Campeonato_de_Primera_C_2025_(Argentina)
2025-03-09,18:00,Central Norte (S),Temperley,2,0,,,Primera Nacional,2025,zonas,Zona B,Fecha 5,Padre Ernesto Martearena,false,https://es.wikipedia.org/wiki/Campeonato_de_Primera_Nacional_2025
2025-03-09,19:00,Patronato,Gimnasia y Tiro (S),0,0,,,Primera Nacional,2025,zonas,Zona A,Fecha 5,Presbítero Bartolomé Grella,false,https://es.wikipedia.org/wiki/Campeonato_de_Primera_Nacional_2025
2025-03-09,19:15,River Plate,Atlético Tucumán,1,0,,,Primera Division - Apertura,2025,zonas,Zona B,Fecha 9,Monumental,false,https://es.wikipedia.org/wiki/Anexo:Torneo_Apertura_2025_(Argentina)
2025-03-09,20:00,Gimnasia y Esgrima (J),Estudiantes (BA),0,1,,,Primera Nacional,2025,zonas,Zona B,Fecha 5,23 de Agosto,false,https://es.wikipedia.org/wiki/Campeonato_de_Primera_Nacional_2025
2025-03-09,21:30,Almirante Brown,Colón,2,0,,,Primera Nacional,2025,zonas,Zona B,Fecha 5,Fragata Presidente Sarmiento,false,https://es.wikipedia.org/wiki/Campeonato_de_Primera_Nacional_2025
2025-03-09,21:30,Instituto,Godoy Cruz,1,1,,,Primera Division - Apertura,2025,zonas,Zona B,Fecha 9,Monumental de Alta Córdoba,false,https://es.wikipedia.org/wiki/Anexo:Torneo_Apertura_2025_(Argentina)
2025-03-09,21:30,Newell's Old Boys,Belgrano,0,0,,,Primera Division - Apertura,2025,zonas,Zona A,Fecha 9,Marcelo Bielsa,false,https://es.wikipedia.org/wiki/Anexo:Torneo_Apertura_2025_(Argentina)
2025-03-10,17:00,Atlas,Deportivo Paraguayo,3,2,,,Primera C,2025,zonas,Zona B,Fecha 1,Ricardo Puga,false,https://es.wikipedia.org/wiki/Campeonato_de_Primera_C_2025_(Argentina)
2025-03-10,17:00,Central Ballester,Deportivo Camioneros,1,1,,,Primera C,2025,zonas,Zona B,Fecha 1,Predio Cacique,false,https://es.wikipedia.org/wiki/Campeonato_de_Primera_C_2025_(Argentina)
2025-03-10,17:00,San Telmo,Talleres (RdE),1,0,,,Primera Nacional,2025,zonas,Zona B,Fecha 5,Doctor Osvaldo Baletto,false,https://es.wikipedia.org/wiki/Campeonato_de_Primera_Nacional_2025
2025-03-10,17:00,Sportivo Barracas,Yupanqui,1,0,,,Primera C,2025,zonas,Zona B,Fecha 1,Tres de Febrero,false,https://es.wikipedia.org/wiki/Campeonato_de_Primera_C_2025_(Argentina)
2025-03-10,19:00,Gimnasia y Esgrima (LP),Deportivo Riestra,1,1,,,Primera Division - Apertura,2025,zonas,Zona B,Fecha 9,Del Bosque,false,https://es.wikipedia.org/wiki/Anexo:Torneo_Apertura_2025_(Argentina)
2025-03-10,19:00,Nueva Chicago,Defensores de Belgrano,0,0,,,Primera Nacional,2025,zonas,Zona B,Fecha 5,Nueva Chicago,false,https://es.wikipedia.org/wiki/Campeonato_de_Primera_Nacional_2025
2025-03-10,21:15,Independiente Rivadavia,Unión,2,0,,,Primera Division - Apertura,2025,zonas,Zona A,Fecha 9,Bautista Gargantini,false,https://es.wikipedia.org/wiki/Anexo:Torneo_Apertura_2025_(Argentina)
2025-03-10,21:15,Talleres (C),Rosario Central,0,0,,,Primera Division - Apertura,2025,zonas,Zona B,Fecha 9,Mario Alberto Kempes,false,https://es.wikipedia.org/wiki/Anexo:Torneo_Apertura_2025_(Argentina)
2025-03-11,20:10,Atlanta,Colegiales,1,0,,,Primera Nacional,2025,zonas,Zona A,Fecha 5,Don León Kolbowsky,false,https://es.wikipedia.org/wiki/Campeonato_de_Primera_Nacional_2025
2025-03-11,21:00,Gimnasia y Esgrima (M),Defensores Unidos,2,0,,,Primera Nacional,2025,zonas,Zona B,Fecha 5,Víctor Antonio Legrotaglie,false,https://es.wikipedia.org/wiki/Campeonato_de_Primera_Nacional_2025
2025-03-12,,Huracán,San Martín (F),2,1,,,Copa Argentina,2025,eliminacion,,Treintaidosavos,Julio Humberto Grondona,true,https://es.wikipedia.org/wiki/Copa_Argentina_2025
2025-03-12,,Platense,Argentino de Quilmes,2,0,,,Copa Argentina,2025,eliminacion,,Treintaidosavos,Ciudad de Caseros,true,https://es.wikipedia.org/wiki/Copa_Argentina_2025
2025-03-14,19:00,Argentinos Juniors,Aldosivi,0,2,,,Primera Division - Apertura,2025,zonas,Zona A,Fecha 10,Diego Armando Maradona,false,https://es.wikipedia.org/wiki/Anexo:Torneo_Apertura_2025_(Argentina)
2025-03-14,21:00,Atenas (RC),San Martín (SM),0,1,,,Torneo Federal A,2025,zonas,Zona 2,Fecha 1,9 de Julio,false,https://es.wikipedia.org/wiki/Torneo_Federal_A_2025
2025-03-14,21:00,Godoy Cruz,San Lorenzo,0,0,,,Primera Division - Apertura,2025,zonas,Zona B,Fecha 10,Malvinas Argentinas,false,https://es.wikipedia.org/wiki/Anexo:Torneo_Apertura_2025_(Argentina)
2025-03-14,21:10,All Boys,San Miguel,2,1,,,Primera Nacional,2025,zonas,Zona A,Fecha 6,Islas Malvinas,false,https://es.wikipedia.org/wiki/Campeonato_de_Primera_Nacional_2025
2025-03-14,22:00,Juventud Antoniana,Sarmiento (LB),1,0,,,Torneo Federal A,2025,zonas,Zona 4,Fecha 1,Padre Ernesto Martearena,false,https://es.wikipedia.org/wiki/Torneo_Federal_A_2025
2025-03-15,15:30,Argentino de Rosario,Central Ballester,0,0,,,Primera C,2025,zonas,Zona B,Fecha 2,José Martín Olaeta,false,https://es.wikipedia.org/wiki/Campeonato_de_Primera_C_2025_(Argentina)
2025-03-15,15:30,Deportivo Camioneros,Sportivo Barracas,1,0,,,Primera C,2025,zonas,Zona B,Fecha 2,Hugo Moyano,false,https://es.wikipedia.org/wiki/Campeonato_de_Primera_C_2025_(Argentina)
2025-03-15,15:30,Deportivo Laferrere,Deportivo Armenio,2,0,,,Primera B,2025,zonas,Torneo Apertura,Fecha 7,Ciudad de Laferrere,false,https://es.wikipedia.org/wiki/Campeonato_de_Primera_B_2025_(Argentina)
2025-03-15,15:30,Flandria,Sacachispas,1,0,,,Primera B,2025,zonas,Torneo Apertura,Fecha 7,Carlos V,false,https://es.wikipedia.org/wiki/Campeonato_de_Primera_B_2025_(Argentina)
2025-03-15,15:30,Juventud Unida,General Lamadrid,3,1,,,Primera C,2025,zonas,Zona B,Fecha 2,Ciudad de San Miguel,false,https://es.wikipedia.org/wiki/Campeonato_de_Primera_C_2025_(Argentina)
2025-03-15,15:30,Villa Dálmine,Deportivo Merlo,0,2,,,Primera B,2025,zonas,Torneo Apertura,Fecha 7,El Coliseo de Mitre y Puccini,false,https://es.wikipedia.org/wiki/Campeonato_de_Primera_B_2025_(Argentina)
2025-03-15,15:30,Yupanqui,Estrella del Sur,0,0,,,Primera C,2025,zonas,Zona B,Fecha 2,Ciudad Evita,false,https://es.wikipedia.org/wiki/Campeonato_de_Primera_C_2025_(Argentina)
2025-03-15,16:00,Acassuso,UAI Urquiza,1,1,,,Primera B,2025,zonas,Torneo Apertura,Fecha 7,Armenia,false,https://es.wikipedia.org/wiki/Campeonato_de_Primera_B_2025_(Argentina)
2025-03-15,16:00,Deportivo Riestra,River Plate,0,0,,,Primera Division - Apertura,2025,zonas,Zona B,Fecha 10,Guillermo Laza,false,https://es.wikipedia.org/wiki/Anexo:Torneo_Apertura_2025_(Argentina)
2025-03-15,17:00,Ciudad de Bolívar,Huracán Las Heras,3,1,,,Torneo Federal A,2025,zonas,Zona 2,Fecha 1,Municipal Eva Perón,false,https://es.wikipedia.org/wiki/Torneo_Federal_A_2025
2025-03-15,17:00,Deportivo Rincón,Cipolletti,1,0,,,Torneo Federal A,2025,zonas,Zona 1,Fecha 1,Elías Moisés Gómez,false,https://es.wikipedia.org/wiki/Torneo_Federal_A_2025
2025-03-15,17:00,Estudiantes (BA),Agropecuario,2,1,,,Primera Nacional,2025,zonas,Zona B,Fecha 6,Ciudad de Caseros,false,https://es.wikipedia.org/wiki/Campeonato_de_Primera_Nacional_2025
2025-03-15,17:00,Ramón Santamarina,Villa Mitre,1,1,,,Torneo Federal A,2025,zonas,Zona 1,Fecha 1,Municipal General San Martín,false,https://es.wikipedia.org/wiki/Torneo_Federal_A_2025
2025-03-15,17:30,Chaco For Ever,Nueva Chicago,2,1,,,Primera Nacional,2025,zonas,Zona B,Fecha 6,Juan Alberto García,false,https://es.wikipedia.org/wiki/Campeonato_de_Primera_Nacional_2025
2025-03-15,18:00,Deportivo Morón,San Telmo,1,1,,,Primera Nacional,2025,zonas,Zona B,Fecha 6,Nuevo Francisco Urbano,false,https://es.wikipedia.org/wiki/Campeonato_de_Primera_Nacional_2025
2025-03-15,18:30,Estudiantes (LP),Newell's Old Boys,1,1,,,Primera Division - Apertura,2025,zonas,Zona A,Fecha 10,Jorge Luis Hirschi,false,https://es.wikipedia.org/wiki/Anexo:Torneo_Apertura_2025_(Argentina)
2025-03-15,18:30,Rosario Central,Gimnasia y Esgrima (LP),2,1,,,Primera Division - Apertura,2025,zonas,Zona B,Fecha 10,Gigante de Arroyito,false,https://es.wikipedia.org/wiki/Anexo:Torneo_Apertura_2025_(Argentina)
2025-03-15,19:00,Tristán Suárez,San Martín (T),0,0,,,Primera Nacional,2025,zonas,Zona A,Fecha 6,20 de Octubre,false,https://es.wikipedia.org/wiki/Campeonato_de_Primera_Nacional_2025
2025-03-15,19:05,Arsenal,Quilmes,0,1,,,Primera Nacional,2025,zonas,Zona A,Fecha 6,El Viaducto,false,https://es.wikipedia.org/wiki/Campeonato_de_Primera_Nacional_2025
2025-03-15,20:00,Costa Brava,Juventud Unida Universitario,1,1,,,Torneo Federal A,2025,zonas,Zona 2,Fecha 1,Nuevo Pacaembú,false,https://es.wikipedia.org/wiki/Torneo_Federal_A_2025
2025-03-15,20:00,Excursionistas,Sportivo Italiano,2,0,,,Primera B,2025,zonas,Torneo Apertura,Fecha 7,Excursionistas,false,https://es.wikipedia.org/wiki/Campeonato_de_Primera_B_2025_(Argentina)
2025-03-15,20:00,Talleres (RdE),Chacarita Juniors,0,2,,,Primera Nacional,2025,zonas,Zona B,Fecha 6,Pablo Comelli,false,https://es.wikipedia.org/wiki/Campeonato_de_Primera_Nacional_2025
2025-03-15,20:30,Brown de Adrogué,Real Pilar,0,0,,,Primera B,2025,zonas,Torneo Apertura,Fecha 7,Lorenzo Arandilla,false,https://es.wikipedia.org/wiki/Campeonato_de_Primera_B_2025_(Argentina)
2025-03-15,21:00,Huracán,Independiente Rivadavia,2,0,,,Primera Division - Apertura,2025,zonas,Zona A,Fecha 10,Tomás Adolfo Ducó,false,https://es.wikipedia.org/wiki/Anexo:Torneo_Apertura_2025_(Argentina)
2025-03-15,21:00,Sarmiento (J),Talleres (C),0,0,,,Primera Division - Apertura,2025,zonas,Zona B,Fecha 10,Eva Perón,false,https://es.wikipedia.org/wiki/Anexo:Torneo_Apertura_2025_(Argentina)
2025-03-15,22:00,Colón,Central Norte (S),2,0,,,Primera Nacional,2025,zonas,Zona B,Fecha 6,Brigadier Estanislao López,false,https://es.wikipedia.org/wiki/Campeonato_de_Primera_Nacional_2025
2025-03-16,11:00,Kimberley,Círculo Deportivo,0,1,,,Torneo Federal A,2025,zonas,Zona 1,Fecha 1,José Alberto Valle,false,https://es.wikipedia.org/wiki/Torneo_Federal_A_2025
2025-03-16,15:30,Atlas,Cañuelas,0,0,,,Primera C,2025,zonas,Zona B,Fecha 2,Ricardo Puga,false,https://es.wikipedia.org/wiki/Campeonato_de_Primera_C_2025_(Argentina)
2025-03-16,15:30,Claypole,Lugano,1,2,,,Primera C,2025,zonas,Zona A,Fecha 2,Rodolfo Capocasa,false,https://es.wikipedia.org/wiki/Campeonato_de_Primera_C_2025_(Argentina)
2025-03-16,15:30,Defensores de Cambaceres,Leandro N. Alem,0,1,,,Primera C,2025,zonas,Zona A,Fecha 2,12 de Octubre,false,https://es.wikipedia.org/wiki/Campeonato_de_Primera_C_2025_(Argentina)
2025-03-16,15:30,J. J. de Urquiza,Central Córdoba (R),1,1,,,Primera C,2025,zonas,Zona A,Fecha 2,Ramón Roque Martín,false,https://es.wikipedia.org/wiki/Campeonato_de_Primera_C_2025_(Argentina)
2025-03-16,15:30,Liniers,Comunicaciones,2,0,,,Primera B,2025,zonas,Torneo Apertura,Fecha 7,Juan Antonio Arias,false,https://es.wikipedia.org/wiki/Campeonato_de_Primera_B_2025_(Argentina)
2025-03-16,15:30,Luján,Victoriano Arenas,3,1,,,Primera C,2025,zonas,Zona B,Fecha 2,1.º de Abril,false,https://es.wikipedia.org/wiki/Campeonato_de_Primera_C_2025_(Argentina)
2025-03-16,16:00,Defensores Unidos,Gimnasia y Esgrima (J),0,3,,,Primera Nacional,2025,zonas,Zona B,Fecha 6,Gigante de Villa Fox,false,https://es.wikipedia.org/wiki/Campeonato_de_Primera_Nacional_2025
2025-03-16,16:00,Deportivo Madryn,Ferro Carril Oeste,1,0,,,Primera Nacional,2025,zonas,Zona A,Fecha 6,Abel Sastre,false,https://es.wikipedia.org/wiki/Campeonato_de_Primera_Nacional_2025
2025-03-16,16:00,Germinal,Guillermo Brown,1,2,,,Torneo Federal A,2025,zonas,Zona 1,Fecha 1,El Fortín (R),false,https://es.wikipedia.org/wiki/Torneo_Federal_A_2025
2025-03-16,16:00,Independiente,Racing Club,1,1,,,Primera Division - Apertura,2025,zonas,Interzonal,Fecha 10,Libertadores de América,false,https://es.wikipedia.org/wiki/Anexo:Torneo_Apertura_2025_(Argentina)
2025-03-16,16:45,Sol de América (F),Atlético de Rafaela,3,1,,,Torneo Federal A,2025,zonas,Zona 4,Fecha 1,Sol de América,false,https://es.wikipedia.org/wiki/Torneo_Federal_A_2025
2025-03-16,17:00,Alvarado,Almagro,1,1,,,Primera Nacional,2025,zonas,Zona A,Fecha 6,José María Minella,false,https://es.wikipedia.org/wiki/Campeonato_de_Primera_Nacional_2025
2025-03-16,17:00,Colegiales,Racing Club,0,1,,,Primera Nacional,2025,zonas,Zona A,Fecha 6,Libertarios Unidos,false,https://es.wikipedia.org/wiki/Campeonato_de_Primera_Nacional_2025
2025-03-16,17:00,Crucero del Norte,Bartolomé Mitre (P),1,3,,,Torneo Federal A,2025,zonas,Zona 4,Fecha 1,Comandante Andrés Guacurarí,false,https://es.wikipedia.org/wiki/Torneo_Federal_A_2025
2025-03-16,17:00,El Linqueño,Gimnasia y Esgrima (CdU),0,1,,,Torneo Federal A,2025,zonas,Zona 3,Fecha 1,Leonardo Costa,false,https://es.wikipedia.org/wiki/Torneo_Federal_A_2025
2025-03-16,17:00,Gimnasia y Esgrima (C),Independiente (C),1,0,,,Torneo Federal A,2025,zonas,Zona 3,Fecha 1,José María Paz,false,https://es.wikipedia.org/wiki/Torneo_Federal_A_2025
2025-03-16,17:00,Gimnasia y Tiro (S),Güemes (SdE),1,0,,,Primera Nacional,2025,zonas,Zona A,Fecha 6,El Gigante del Norte,false,https://es.wikipedia.org/wiki/Campeonato_de_Primera_Nacional_2025
2025-03-16,17:00,Sportivo Estudiantes (SL),Argentino (MM),0,0,,,Torneo Federal A,2025,zonas,Zona 2,Fecha 1,Héctor Odicino y Pedro Benoza,false,https://es.wikipedia.org/wiki/Torneo_Federal_A_2025
2025-03-16,17:30,Deportivo Maipú,Patronato,1,1,,,Primera Nacional,2025,zonas,Zona A,Fecha 6,Omar Higinio Sperdutti,false,https://es.wikipedia.org/wiki/Campeonato_de_Primera_Nacional_2025
2025-03-16,18:30,Boca Juniors,Defensa y Justicia,4,0,,,Primera Division - Apertura,2025,zonas,Zona A,Fecha 10,La Bombonera,false,https://es.wikipedia.org/wiki/Anexo:Torneo_Apertura_2025_(Argentina)
2025-03-16,18:30,Sportivo Las Parejas,Ben Hur,3,0,,,Torneo Federal A,2025,zonas,Zona 3,Fecha 1,4 de Septiembre,false,https://es.wikipedia.org/wiki/Torneo_Federal_A_2025
2025-03-16,19:05,Sportivo Belgrano,Douglas Haig,0,0,,,Torneo Federal A,2025,zonas,Zona 3,Fecha 1,Juan Pablo Francia,false,https://es.wikipedia.org/wiki/Torneo_Federal_A_2025
2025-03-16,19:30,Estudiantes (RC),Defensores de Belgrano,1,1,,,Primera Nacional,2025,zonas,Zona B,Fecha 6,Antonio Candini,false,https://es.wikipedia.org/wiki/Campeonato_de_Primera_Nacional_2025
2025-03-16,19:30,Sarmiento (R),Boca Unidos,2,1,,,Torneo Federal A,2025,zonas,Zona 4,Fecha 1,Centenario,false,https://es.wikipedia.org/wiki/Torneo_Federal_A_2025
2025-03-16,20:00,9 de Julio (R),Defensores de Belgrano (VR),1,1,,,Torneo Federal A,2025,zonas,Zona 3,Fecha 1,Germán Solterman,false,https://es.wikipedia.org/wiki/Torneo_Federal_A_2025
2025-03-16,20:30,Mitre (SdE),Almirante Brown,1,0,,,Primera Nacional,2025,zonas,Zona B,Fecha 6,Doctores José y Antonio Castiglione,false,https://es.wikipedia.org/wiki/Campeonato_de_Primera_Nacional_2025
2025-03-16,21:00,Belgrano,Barracas Central,1,1,,,Primera Division - Apertura,2025,zonas,Zona A,Fecha 10,Gigante de Alberdi,false,https://es.wikipedia.org/wiki/Anexo:Torneo_Apertura_2025_(Argentina)
2025-03-16,21:00,Lanús,Instituto,4,1,,,Primera Division - Apertura,2025,zonas,Zona B,Fecha 10,Ciudad de Lanús,false,https://es.wikipedia.org/wiki/Anexo:Torneo_Apertura_2025_(Argentina)
2025-03-17,15:30,Argentino de Quilmes,Dock Sud,2,1,,,Primera B,2025,zonas,Torneo Apertura,Fecha 7,Argentino de Quilmes,false,https://es.wikipedia.org/wiki/Campeonato_de_Primera_B_2025_(Argentina)
2025-03-17,15:30,Deportivo Español,Berazategui,1,1,,,Primera C,2025,zonas,Zona A,Fecha 2,Nueva España,false,https://es.wikipedia.org/wiki/Campeonato_de_Primera_C_2025_(Argentina)
2025-03-17,15:30,Deportivo Paraguayo,Centro Español,0,0,,,Primera C,2025,zonas,Zona B,Fecha 2,Deportivo Paraguayo,false,https://es.wikipedia.org/wiki/Campeonato_de_Primera_C_2025_(Argentina)
2025-03-17,15:30,Fénix,San Martín (B),1,2,,,Primera B,2025,zonas,Torneo Apertura,Fecha 7,Raúl Salvucci,false,https://es.wikipedia.org/wiki/Campeonato_de_Primera_B_2025_(Argentina)
2025-03-17,15:30,Muñiz,Puerto Nuevo,0,1,,,Primera C,2025,zonas,Zona A,Fecha 2,Ciudad de San Miguel,false,https://es.wikipedia.org/wiki/Campeonato_de_Primera_C_2025_(Argentina)
2025-03-17,18:10,Atlanta,Los Andes,2,1,,,Primera Nacional,2025,zonas,Zona A,Fecha 6,Don León Kolbowsky,false,https://es.wikipedia.org/wiki/Campeonato_de_Primera_Nacional_2025
2025-03-17,19:00,Tigre,Central Córdoba (SdE),1,2,,,Primera Division - Apertura,2025,zonas,Zona A,Fecha 10,Monumental de Victoria,false,https://es.wikipedia.org/wiki/Anexo:Torneo_Apertura_2025_(Argentina)
2025-03-17,19:00,Unión,Banfield,3,1,,,Primera Division - Apertura,2025,zonas,Zona A,Fecha 10,15 de Abril,false,https://es.wikipedia.org/wiki/Anexo:Torneo_Apertura_2025_(Argentina)
2025-03-17,21:15,Atlético Tucumán,Vélez Sarsfield,1,2,,,Primera Division - Apertura,2025,zonas,Zona B,Fecha 10,Monumental José Fierro,false,https://es.wikipedia.org/wiki/Anexo:Torneo_Apertura_2025_(Argentina)
2025-03-17,21:15,San Martín (SJ),Platense,0,2,,,Primera Division - Apertura,2025,zonas,Zona B,Fecha 10,Ingeniero Hilario Sánchez,false,https://es.wikipedia.org/wiki/Anexo:Torneo_Apertura_2025_(Argentina)
2025-03-17,21:45,Temperley,Gimnasia y Esgrima (M),0,2,,,Primera Nacional,2025,zonas,Zona B,Fecha 6,Alfredo Beranger,false,https://es.wikipedia.org/wiki/Campeonato_de_Primera_Nacional_2025
2025-03-18,15:30,El Porvenir,Mercedes,2,1,,,Primera C,2025,zonas,Zona A,Fecha 2,Gildo Francisco Ghersinich,false,https://es.wikipedia.org/wiki/Campeonato_de_Primera_C_2025_(Argentina)
2025-03-18,21:10,Argentino de Merlo,Villa San Carlos,1,0,,,Primera B,2025,zonas,Torneo Apertura,Fecha 7,Juan Carlos Brieva,false,https://es.wikipedia.org/wiki/Campeonato_de_Primera_B_2025_(Argentina)
2025-03-19,,Aldosivi,Gimnasia y Tiro (S),1,1,6,5,Copa Argentina,2025,eliminacion,,Treintaidosavos,Julio Humberto Grondona,true,https://es.wikipedia.org/wiki/Copa_Argentina_2025
2025-03-19,,River Plate,Ciudad de Bolívar,2,0,,,Copa Argentina,2025,eliminacion,,Treintaidosavos,Único Madre de Ciudades,true,https://es.wikipedia.org/wiki/Copa_Argentina_2025
2025-03-19,,Talleres (C),Deportivo Armenio,3,3,4,5,Copa Argentina,2025,eliminacion,,Treintaidosavos,Brigadier General Estanislao López,true,https://es.wikipedia.org/wiki/Copa_Argentina_2025
2025-03-19,16:00,Círculo Deportivo,Ramón Santamarina,2,2,,,Torneo Federal A,2025,zonas,Zona 1,Fecha 2,Guillermo Trama,false,https://es.wikipedia.org/wiki/Torneo_Federal_A_2025
2025-03-20,Olé]]}} }},Unión,Racing Club,0,1,,,Primera Division - Apertura,2025,zonas,Zona A,Fecha 7,15 de Abril,false,https://es.wikipedia.org/wiki/Anexo:Torneo_Apertura_2025_(Argentina)
2025-03-22,,Central Córdoba (SdE),Quilmes,0,1,,,Copa Argentina,2025,eliminacion,,Treintaidosavos,Julio César Villagra,true,https://es.wikipedia.org/wiki/Copa_Argentina_2025
2025-03-22,,Tigre,Berazategui,3,0,,,Copa Argentina,2025,eliminacion,,Treintaidosavos,Nuevo Francisco Urbano,true,https://es.wikipedia.org/wiki/Copa_Argentina_2025
2025-03-22,13:45,San Miguel,Arsenal,1,1,,,Primera Nacional,2025,zonas,Zona A,Fecha 7,Malvinas Argentinas,false,https://es.wikipedia.org/wiki/Campeonato_de_Primera_Nacional_2025
2025-03-22,15:00,Nueva Chicago,Estudiantes (RC),1,2,,,Primera Nacional,2025,zonas,Zona B,Fecha 7,Nueva Chicago,false,https://es.wikipedia.org/wiki/Campeonato_de_Primera_Nacional_2025
2025-03-22,15:30,Cañuelas,Deportivo Paraguayo,2,0,,,Primera C,2025,zonas,Zona B,Fecha 3,Jorge Arin,false,https://es.wikipedia.org/wiki/Campeonato_de_Primera_C_2025_(Argentina)
2025-03-22,15:30,Central Ballester,Luján,0,1,,,Primera C,2025,zonas,Zona B,Fecha 3,Predio Cacique,false,https://es.wikipedia.org/wiki/Campeonato_de_Primera_C_2025_(Argentina)
2025-03-22,15:30,Central Córdoba (R),Muñiz,1,0,,,Primera C,2025,zonas,Zona A,Fecha 3,Gabino Sosa,false,https://es.wikipedia.org/wiki/Campeonato_de_Primera_C_2025_(Argentina)
2025-03-22,15:30,Centro Español,Juventud Unida,0,1,,,Primera C,2025,zonas,Zona B,Fecha 3,Ricardo Puga,false,https://es.wikipedia.org/wiki/Campeonato_de_Primera_C_2025_(Argentina)
2025-03-22,15:30,Puerto Nuevo,Claypole,0,0,,,Primera C,2025,zonas,Zona A,Fecha 3,Rubén Carlos Vallejos,false,https://es.wikipedia.org/wiki/Campeonato_de_Primera_C_2025_(Argentina)
2025-03-22,15:30,Sacachispas,Villa Dálmine,1,1,,,Primera B,2025,zonas,Torneo Apertura,Fecha 8,Beto Larrosa,false,https://es.wikipedia.org/wiki/Campeonato_de_Primera_B_2025_(Argentina)
2025-03-22,15:30,Sportivo Italiano,Ferrocarril Midland,0,1,,,Primera B,2025,zonas,Torneo Apertura,Fecha 8,República de Italia,false,https://es.wikipedia.org/wiki/Campeonato_de_Primera_B_2025_(Argentina)
2025-03-22,15:30,UAI Urquiza,Excursionistas,1,2,,,Primera B,2025,zonas,Torneo Apertura,Fecha 8,Monumental de Villa Lynch,false,https://es.wikipedia.org/wiki/Campeonato_de_Primera_B_2025_(Argentina)
2025-03-22,15:30,Victoriano Arenas,Atlas,1,3,,,Primera C,2025,zonas,Zona B,Fecha 3,Saturnino Moure,false,https://es.wikipedia.org/wiki/Campeonato_de_Primera_C_2025_(Argentina)
2025-03-22,15:35,Almagro,All Boys,1,0,,,Primera Nacional,2025,zonas,Zona A,Fecha 7,Tres de Febrero,false,https://es.wikipedia.org/wiki/Campeonato_de_Primera_Nacional_2025
2025-03-22,16:00,Kimberley,Deportivo Rincón,0,1,,,Torneo Federal A,2025,zonas,Zona 1,Fecha 2,José Alberto Valle,false,https://es.wikipedia.org/wiki/Torneo_Federal_A_2025
2025-03-22,16:00,San Telmo,Estudiantes (BA),1,0,,,Primera Nacional,2025,zonas,Zona B,Fecha 7,Doctor Osvaldo Baletto,false,https://es.wikipedia.org/wiki/Campeonato_de_Primera_Nacional_2025
2025-03-22,16:30,Agropecuario,Defensores Unidos,3,0,,,Primera Nacional,2025,zonas,Zona B,Fecha 7,Ofelia Rosenzuaig,false,https://es.wikipedia.org/wiki/Campeonato_de_Primera_Nacional_2025
2025-03-22,17:00,Gimnasia y Esgrima (J),Temperley,2,0,,,Primera Nacional,2025,zonas,Zona B,Fecha 7,23 de Agosto,false,https://es.wikipedia.org/wiki/Campeonato_de_Primera_Nacional_2025
2025-03-22,17:45,Comunicaciones,Deportivo Laferrere,2,2,,,Primera B,2025,zonas,Torneo Apertura,Fecha 8,Alfredo Ramos,false,https://es.wikipedia.org/wiki/Campeonato_de_Primera_B_2025_(Argentina)
2025-03-22,18:00,Atlético de Rafaela,Juventud Antoniana,1,0,,,Torneo Federal A,2025,zonas,Zona 4,Fecha 2,Nuevo Monumental,false,https://es.wikipedia.org/wiki/Torneo_Federal_A_2025
2025-03-22,19:00,Real Pilar,Acassuso,2,0,,,Primera B,2025,zonas,Torneo Apertura,Fecha 8,Carlos Barraza,false,https://es.wikipedia.org/wiki/Campeonato_de_Primera_B_2025_(Argentina)
2025-03-22,20:00,Deportivo Merlo,Argentino de Quilmes,1,0,,,Primera B,2025,zonas,Torneo Apertura,Fecha 8,José Manuel Moreno,false,https://es.wikipedia.org/wiki/Campeonato_de_Primera_B_2025_(Argentina)
2025-03-22,20:00,San Martín (B),Flandria,1,0,,,Primera B,2025,zonas,Torneo Apertura,Fecha 8,Francisco Boga,false,https://es.wikipedia.org/wiki/Campeonato_de_Primera_B_2025_(Argentina)
2025-03-23,,Racing Club,Ramón Santamarina,2,0,,,Copa Argentina,2025,eliminacion,,Treintaidosavos,Ciudad de Lanús,true,https://es.wikipedia.org/wiki/Copa_Argentina_2025
2025-03-23,,San Lorenzo,Sportivo Las Parejas,0,0,6,5,Copa Argentina,2025,eliminacion,,Treintaidosavos,Único de San Nicolás,true,https://es.wikipedia.org/wiki/Copa_Argentina_2025
2025-03-23,11:00,Guillermo Brown,Olimpo,0,1,,,Torneo Federal A,2025,zonas,Zona 1,Fecha 2,Raúl Conti,false,https://es.wikipedia.org/wiki/Torneo_Federal_A_2025
2025-03-23,14:45,Chacarita Juniors,Deportivo Morón,1,1,,,Primera Nacional,2025,zonas,Zona B,Fecha 7,Chacarita Juniors,false,https://es.wikipedia.org/wiki/Campeonato_de_Primera_Nacional_2025
2025-03-23,14:45,Ferro Carril Oeste,Alvarado,0,0,,,Primera Nacional,2025,zonas,Zona A,Fecha 7,Arquitecto Ricardo Etcheverri,false,https://es.wikipedia.org/wiki/Campeonato_de_Primera_Nacional_2025
2025-03-23,15:30,Deportivo Armenio,Fénix,1,1,,,Primera B,2025,zonas,Torneo Apertura,Fecha 8,Armenia,false,https://es.wikipedia.org/wiki/Campeonato_de_Primera_B_2025_(Argentina)
2025-03-23,15:30,Dock Sud,Argentino de Merlo,1,2,,,Primera B,2025,zonas,Torneo Apertura,Fecha 8,De los Inmigrantes,false,https://es.wikipedia.org/wiki/Campeonato_de_Primera_B_2025_(Argentina)
2025-03-23,15:30,General Lamadrid,Yupanqui,0,0,,,Primera C,2025,zonas,Zona B,Fecha 3,Enrique Sexto,false,https://es.wikipedia.org/wiki/Campeonato_de_Primera_C_2025_(Argentina)
2025-03-23,15:30,Gimnasia y Esgrima (CdU),Defensores de Belgrano (VR),0,0,,,Torneo Federal A,2025,zonas,Zona 3,Fecha 2,Manuel y Ramón Núñez,false,https://es.wikipedia.org/wiki/Torneo_Federal_A_2025
2025-03-23,15:30,Leandro N. Alem,El Porvenir,2,1,,,Primera C,2025,zonas,Zona A,Fecha 3,Leandro N. Alem,false,https://es.wikipedia.org/wiki/Campeonato_de_Primera_C_2025_(Argentina)
2025-03-23,15:30,Lugano,Deportivo Español,0,0,,,Primera C,2025,zonas,Zona A,Fecha 3,José María Moraños,false,https://es.wikipedia.org/wiki/Campeonato_de_Primera_C_2025_(Argentina)
2025-03-23,15:30,Sol de Mayo (V),Cipolletti,3,2,,,Torneo Federal A,2025,zonas,Zona 1,Fecha 2,Sol de Mayo,false,https://es.wikipedia.org/wiki/Torneo_Federal_A_2025
2025-03-23,15:30,Sportivo Barracas,Argentino de Rosario,0,1,,,Primera C,2025,zonas,Zona B,Fecha 3,Tres de Febrero,false,https://es.wikipedia.org/wiki/Campeonato_de_Primera_C_2025_(Argentina)
2025-03-23,15:30,Villa San Carlos,Brown de Adrogué,2,1,,,Primera B,2025,zonas,Torneo Apertura,Fecha 8,Genacio Sálice,false,https://es.wikipedia.org/wiki/Campeonato_de_Primera_B_2025_(Argentina)
2025-03-23,16:00,Almirante Brown,Chaco For Ever,0,0,,,Primera Nacional,2025,zonas,Zona B,Fecha 7,Fragata Presidente Sarmiento,false,https://es.wikipedia.org/wiki/Campeonato_de_Primera_Nacional_2025
2025-03-23,16:00,Argentino (MM),Atenas (RC),3,0,,,Torneo Federal A,2025,zonas,Zona 2,Fecha 2,Modesto Marrone,false,https://es.wikipedia.org/wiki/Torneo_Federal_A_2025
2025-03-23,16:00,Defensores de Belgrano,Talleres (RdE),0,0,,,Primera Nacional,2025,zonas,Zona B,Fecha 7,Juan Pasquale,false,https://es.wikipedia.org/wiki/Campeonato_de_Primera_Nacional_2025
2025-03-23,16:00,Huracán Las Heras,Sportivo Estudiantes (SL),1,0,,,Torneo Federal A,2025,zonas,Zona 2,Fecha 2,General San Martín,false,https://es.wikipedia.org/wiki/Torneo_Federal_A_2025
2025-03-23,16:00,Independiente (C),El Linqueño,2,2,,,Torneo Federal A,2025,zonas,Zona 3,Fecha 2,Raúl Orlando Lungarzo,false,https://es.wikipedia.org/wiki/Torneo_Federal_A_2025
2025-03-23,16:00,Juventud Unida Universitario,Gutiérrez,1,0,,,Torneo Federal A,2025,zonas,Zona 2,Fecha 2,Juan Gilberto Funes,false,https://es.wikipedia.org/wiki/Torneo_Federal_A_2025
2025-03-23,16:00,Racing Club,Atlanta,1,1,,,Primera Nacional,2025,zonas,Zona A,Fecha 7,Miguel Sancho,false,https://es.wikipedia.org/wiki/Campeonato_de_Primera_Nacional_2025
2025-03-23,16:30,Boca Unidos,San Martín (F),0,3,,,Torneo Federal A,2025,zonas,Zona 4,Fecha 2,Leoncio Benítez,false,https://es.wikipedia.org/wiki/Torneo_Federal_A_2025
2025-03-23,16:30,Douglas Haig,Gimnasia y Esgrima (C),0,0,,,Torneo Federal A,2025,zonas,Zona 3,Fecha 2,Miguel Morales,false,https://es.wikipedia.org/wiki/Torneo_Federal_A_2025
2025-03-23,16:30,San Martín (SM),Costa Brava,0,0,,,Torneo Federal A,2025,zonas,Zona 2,Fecha 2,Libertador General San Martín,false,https://es.wikipedia.org/wiki/Torneo_Federal_A_2025
2025-03-23,16:30,Villa Mitre,Germinal,2,0,,,Torneo Federal A,2025,zonas,Zona 1,Fecha 2,Dr. Alejandro Pérez,false,https://es.wikipedia.org/wiki/Torneo_Federal_A_2025
2025-03-23,17:00,Bartolomé Mitre (P),Sarmiento (R),1,0,,,Torneo Federal A,2025,zonas,Zona 4,Fecha 2,Ernesto Cucchiaroni,false,https://es.wikipedia.org/wiki/Torneo_Federal_A_2025
2025-03-23,17:00,Güemes (SdE),Deportivo Maipú,1,1,,,Primera Nacional,2025,zonas,Zona A,Fecha 7,Arturo Miranda,false,https://es.wikipedia.org/wiki/Campeonato_de_Primera_Nacional_2025
2025-03-23,18:00,Central Norte (S),Mitre (SdE),0,2,,,Primera Nacional,2025,zonas,Zona B,Fecha 7,Padre Ernesto Martearena,false,https://es.wikipedia.org/wiki/Campeonato_de_Primera_Nacional_2025
2025-03-23,18:00,Patronato,Deportivo Madryn,0,0,,,Primera Nacional,2025,zonas,Zona A,Fecha 7,Presbítero Bartolomé Grella,false,https://es.wikipedia.org/wiki/Campeonato_de_Primera_Nacional_2025
2025-03-23,18:00,Sarmiento (LB),Crucero del Norte,4,1,,,Torneo Federal A,2025,zonas,Zona 4,Fecha 2,Ciudad de La Banda,false,https://es.wikipedia.org/wiki/Torneo_Federal_A_2025
2025-03-23,19:30,Ben Hur,Sportivo Belgrano,1,1,,,Torneo Federal A,2025,zonas,Zona 3,Fecha 2,Néstor Zenklusen,false,https://es.wikipedia.org/wiki/Torneo_Federal_A_2025
2025-03-23,19:30,Los Andes,Tristán Suárez,2,0,,,Primera Nacional,2025,zonas,Zona A,Fecha 7,Eduardo Gallardón,false,https://es.wikipedia.org/wiki/Campeonato_de_Primera_Nacional_2025
2025-03-23,20:00,Estrella del Sur,Deportivo Camioneros,0,0,,,Primera C,2025,zonas,Zona B,Fecha 3,Lorenzo Arandilla,false,https://es.wikipedia.org/wiki/Campeonato_de_Primera_C_2025_(Argentina)
2025-03-23,20:00,San Martín (T),Gimnasia y Tiro (S),1,0,,,Primera Nacional,2025,zonas,Zona A,Fecha 7,La Ciudadela,false,https://es.wikipedia.org/wiki/Campeonato_de_Primera_Nacional_2025
2025-03-23,21:30,Gimnasia y Esgrima (M),Colón,1,1,,,Primera Nacional,2025,zonas,Zona B,Fecha 7,Víctor Antonio Legrotaglie,false,https://es.wikipedia.org/wiki/Campeonato_de_Primera_Nacional_2025
2025-03-26,,San Martín (SJ),Gimnasia y Esgrima (J),0,0,3,0,Copa Argentina,2025,eliminacion,,Treintaidosavos,Julio César Villagra,true,https://es.wikipedia.org/wiki/Copa_Argentina_2025
2025-03-26,15:35,Berazategui,Ituzaingó,0,1,,,Primera C,2025,zonas,Zona A,Fecha 3,Norman Lee,false,https://es.wikipedia.org/wiki/Campeonato_de_Primera_C_2025_(Argentina)
2025-03-26,19:00,Mercedes,J. J. de Urquiza,0,1,,,Primera C,2025,zonas,Zona A,Fecha 3,Liga Mercedina,false,https://es.wikipedia.org/wiki/Campeonato_de_Primera_C_2025_(Argentina)
2025-03-26,21:00,Quilmes,Colegiales,1,0,,,Primera Nacional,2025,zonas,Zona A,Fecha 7,Centenario Ciudad de Quilmes,false,https://es.wikipedia.org/wiki/Campeonato_de_Primera_Nacional_2025
2025-03-26,21:00,Sportivo Las Parejas,9 de Julio (R),3,0,,,Torneo Federal A,2025,zonas,Zona 3,Fecha 2,4 de Septiembre,false,https://es.wikipedia.org/wiki/Torneo_Federal_A_2025
2025-03-27,15:30,Aldosivi,Unión,2,1,,,Primera Division - Apertura,2025,zonas,Zona A,Fecha 11,José María Minella,false,https://es.wikipedia.org/wiki/Anexo:Torneo_Apertura_2025_(Argentina)
2025-03-27,18:00,Barracas Central,Estudiantes (LP),2,1,,,Primera Division - Apertura,2025,zonas,Zona A,Fecha 11,El Viaducto,false,https://es.wikipedia.org/wiki/Anexo:Torneo_Apertura_2025_(Argentina)
2025-03-27,21:00,Independiente Rivadavia,Racing Club,2,1,,,Primera Division - Apertura,2025,zonas,Zona A,Fecha 11,Bautista Gargantini,false,https://es.wikipedia.org/wiki/Anexo:Torneo_Apertura_2025_(Argentina)
2025-03-28,17:00,Defensa y Justicia,Tigre,1,2,,,Primera Division - Apertura,2025,zonas,Zona A,Fecha 11,Norberto Tomaghello,false,https://es.wikipedia.org/wiki/Anexo:Torneo_Apertura_2025_(Argentina)
2025-03-28,19:15,Banfield,Huracán,0,0,,,Primera Division - Apertura,2025,zonas,Zona A,Fecha 11,Florencio Sola,false,https://es.wikipedia.org/wiki/Anexo:Torneo_Apertura_2025_(Argentina)
2025-03-28,19:15,San Lorenzo,Lanús,1,1,,,Primera Division - Apertura,2025,zonas,Zona B,Fecha 11,Nuevo Gasómetro,false,https://es.wikipedia.org/wiki/Anexo:Torneo_Apertura_2025_(Argentina)
2025-03-28,20:00,Argentino de Merlo,Deportivo Merlo,0,1,,,Primera B,2025,zonas,Torneo Apertura,Fecha 9,Juan Carlos Brieva,false,https://es.wikipedia.org/wiki/Campeonato_de_Primera_B_2025_(Argentina)
2025-03-28,21:00,Racing Club,Los Andes,1,1,,,Primera Nacional,2025,zonas,Zona A,Fecha 8,Miguel Sancho,false,https://es.wikipedia.org/wiki/Campeonato_de_Primera_Nacional_2025
2025-03-28,21:30,Platense,Atlético Tucumán,2,1,,,Primera Division - Apertura,2025,zonas,Zona B,Fecha 11,Ciudad de Vicente López,false,https://es.wikipedia.org/wiki/Anexo:Torneo_Apertura_2025_(Argentina)
2025-03-28,21:30,Vélez Sarsfield,Deportivo Riestra,0,1,,,Primera Division - Apertura,2025,zonas,Zona B,Fecha 11,José Amalfitani,false,https://es.wikipedia.org/wiki/Anexo:Torneo_Apertura_2025_(Argentina)
2025-03-28,22:00,Juventud Antoniana,Sol de América (F),2,2,,,Torneo Federal A,2025,zonas,Zona 4,Fecha 3,Padre Ernesto Martearena,false,https://es.wikipedia.org/wiki/Torneo_Federal_A_2025
2025-03-29,15:30,Acassuso,Villa San Carlos,2,1,,,Primera B,2025,zonas,Torneo Apertura,Fecha 9,La Quema,false,https://es.wikipedia.org/wiki/Campeonato_de_Primera_B_2025_(Argentina)
2025-03-29,15:30,Argentino de Quilmes,Sacachispas,1,1,,,Primera B,2025,zonas,Torneo Apertura,Fecha 9,Argentino de Quilmes,false,https://es.wikipedia.org/wiki/Campeonato_de_Primera_B_2025_(Argentina)
2025-03-29,15:30,Argentino de Rosario,Estrella del Sur,1,2,,,Primera C,2025,zonas,Zona B,Fecha 4,José Martín Olaeta,false,https://es.wikipedia.org/wiki/Campeonato_de_Primera_C_2025_(Argentina)
2025-03-29,15:30,Atlas,Central Ballester,1,0,,,Primera C,2025,zonas,Zona B,Fecha 4,Ricardo Puga,false,https://es.wikipedia.org/wiki/Campeonato_de_Primera_C_2025_(Argentina)
2025-03-29,15:30,Claypole,Central Córdoba (R),1,3,,,Primera C,2025,zonas,Zona A,Fecha 4,Rodolfo Capocasa,false,https://es.wikipedia.org/wiki/Campeonato_de_Primera_C_2025_(Argentina)
2025-03-29,15:30,Deportivo Laferrere,Liniers,3,3,,,Primera B,2025,zonas,Torneo Apertura,Fecha 9,Ciudad de Laferrere,false,https://es.wikipedia.org/wiki/Campeonato_de_Primera_B_2025_(Argentina)
2025-03-29,15:30,El Porvenir,Defensores de Cambaceres,2,1,,,Primera C,2025,zonas,Zona A,Fecha 4,Gildo Francisco Ghersinich,false,https://es.wikipedia.org/wiki/Campeonato_de_Primera_C_2025_(Argentina)
2025-03-29,15:30,Flandria,Deportivo Armenio,0,1,,,Primera B,2025,zonas,Torneo Apertura,Fecha 9,Carlos V,false,https://es.wikipedia.org/wiki/Campeonato_de_Primera_B_2025_(Argentina)
2025-03-29,15:30,Fénix,Comunicaciones,0,2,,,Primera B,2025,zonas,Torneo Apertura,Fecha 9,Raúl Salvucci,false,https://es.wikipedia.org/wiki/Campeonato_de_Primera_B_2025_(Argentina)
2025-03-29,15:30,Temperley,Agropecuario,1,0,,,Primera Nacional,2025,zonas,Zona B,Fecha 8,Alfredo Beranger,false,https://es.wikipedia.org/wiki/Campeonato_de_Primera_Nacional_2025
2025-03-29,15:30,Villa Dálmine,San Martín (B),1,1,,,Primera B,2025,zonas,Torneo Apertura,Fecha 9,El Coliseo de Mitre y Puccini,false,https://es.wikipedia.org/wiki/Campeonato_de_Primera_B_2025_(Argentina)
2025-03-29,15:30,Yupanqui,Centro Español,1,3,,,Primera C,2025,zonas,Zona B,Fecha 4,Ciudad Evita,false,https://es.wikipedia.org/wiki/Campeonato_de_Primera_C_2025_(Argentina)
2025-03-29,15:35,Deportivo Camioneros,General Lamadrid,2,1,,,Primera C,2025,zonas,Zona B,Fecha 4,Hugo Moyano,false,https://es.wikipedia.org/wiki/Campeonato_de_Primera_C_2025_(Argentina)
2025-03-29,16:00,Gutiérrez,San Martín (SM),5,4,,,Torneo Federal A,2025,zonas,Zona 2,Fecha 3,General Gutiérrez,false,https://es.wikipedia.org/wiki/Torneo_Federal_A_2025
2025-03-29,16:00,Olimpo,Villa Mitre,0,0,,,Torneo Federal A,2025,zonas,Zona 1,Fecha 3,Roberto N. Carminatti,false,https://es.wikipedia.org/wiki/Torneo_Federal_A_2025
2025-03-29,16:30,Instituto,San Martín (SJ),1,0,,,Primera Division - Apertura,2025,zonas,Zona B,Fecha 11,Monumental de Alta Córdoba,false,https://es.wikipedia.org/wiki/Anexo:Torneo_Apertura_2025_(Argentina)
2025-03-29,17:00,Crucero del Norte,Atlético de Rafaela,3,2,,,Torneo Federal A,2025,zonas,Zona 4,Fecha 3,Comandante Andrés Guacurarí,false,https://es.wikipedia.org/wiki/Torneo_Federal_A_2025
2025-03-29,17:30,Chaco For Ever,Central Norte (S),1,0,,,Primera Nacional,2025,zonas,Zona B,Fecha 8,Juan Alberto García,false,https://es.wikipedia.org/wiki/Campeonato_de_Primera_Nacional_2025
2025-03-29,17:30,Estudiantes (BA),Chacarita Juniors,0,2,,,Primera Nacional,2025,zonas,Zona B,Fecha 8,Ciudad de Caseros,false,https://es.wikipedia.org/wiki/Campeonato_de_Primera_Nacional_2025
2025-03-29,18:30,Central Córdoba (SdE),Argentinos Juniors,1,1,,,Primera Division - Apertura,2025,zonas,Zona A,Fecha 11,Único Madre de Ciudades,false,https://es.wikipedia.org/wiki/Anexo:Torneo_Apertura_2025_(Argentina)
2025-03-29,18:45,Independiente,Godoy Cruz,4,0,,,Primera Division - Apertura,2025,zonas,Zona B,Fecha 11,Libertadores de América,false,https://es.wikipedia.org/wiki/Anexo:Torneo_Apertura_2025_(Argentina)
2025-03-29,19:00,Ituzaingó,Lugano,2,0,,,Primera C,2025,zonas,Zona A,Fecha 4,Carlos Sacaan,false,https://es.wikipedia.org/wiki/Campeonato_de_Primera_C_2025_(Argentina)
2025-03-29,21:00,River Plate,Rosario Central,2,2,,,Primera Division - Apertura,2025,zonas,Zona B,Fecha 11,Monumental,false,https://es.wikipedia.org/wiki/Anexo:Torneo_Apertura_2025_(Argentina)
2025-03-30,11:00,Ramón Santamarina,Kimberley,0,1,,,Torneo Federal A,2025,zonas,Zona 1,Fecha 3,Municipal General San Martín,false,https://es.wikipedia.org/wiki/Torneo_Federal_A_2025
2025-03-30,13:15,All Boys,Ferro Carril Oeste,0,1,,,Primera Nacional,2025,zonas,Zona A,Fecha 8,Islas Malvinas,false,https://es.wikipedia.org/wiki/Campeonato_de_Primera_Nacional_2025
2025-03-30,15:00,Belgrano,Talleres (C),1,1,,,Primera Division - Apertura,2025,zonas,Interzonal,Fecha 11,Gigante de Alberdi,false,https://es.wikipedia.org/wiki/Anexo:Torneo_Apertura_2025_(Argentina)
2025-03-30,15:30,Arsenal,Almagro,2,2,,,Primera Nacional,2025,zonas,Zona A,Fecha 8,El Viaducto,false,https://es.wikipedia.org/wiki/Campeonato_de_Primera_Nacional_2025
2025-03-30,15:30,Cañuelas,Victoriano Arenas,1,1,,,Primera C,2025,zonas,Zona B,Fecha 4,Jorge Arin,false,https://es.wikipedia.org/wiki/Campeonato_de_Primera_C_2025_(Argentina)
2025-03-30,15:30,Defensores de Belgrano (VR),Independiente (C),0,0,,,Torneo Federal A,2025,zonas,Zona 3,Fecha 3,Único de San Nicolás,false,https://es.wikipedia.org/wiki/Torneo_Federal_A_2025
2025-03-30,15:30,Deportivo Español,Puerto Nuevo,2,0,,,Primera C,2025,zonas,Zona A,Fecha 4,Nueva España,false,https://es.wikipedia.org/wiki/Campeonato_de_Primera_C_2025_(Argentina)
2025-03-30,15:30,J. J. de Urquiza,Leandro N. Alem,1,0,,,Primera C,2025,zonas,Zona A,Fecha 4,Ramón Roque Martín,false,https://es.wikipedia.org/wiki/Campeonato_de_Primera_C_2025_(Argentina)
2025-03-30,15:30,Luján,Sportivo Barracas,3,0,,,Primera C,2025,zonas,Zona B,Fecha 4,1.º de Abril,false,https://es.wikipedia.org/wiki/Campeonato_de_Primera_C_2025_(Argentina)
2025-03-30,15:40,Brown de Adrogué,Dock Sud,1,1,,,Primera B,2025,zonas,Torneo Apertura,Fecha 9,Lorenzo Arandilla,false,https://es.wikipedia.org/wiki/Campeonato_de_Primera_B_2025_(Argentina)
2025-03-30,16:00,Alvarado,Patronato,3,1,,,Primera Nacional,2025,zonas,Zona A,Fecha 8,José María Minella,false,https://es.wikipedia.org/wiki/Campeonato_de_Primera_Nacional_2025
2025-03-30,16:00,Atenas (RC),Huracán Las Heras,1,2,,,Torneo Federal A,2025,zonas,Zona 2,Fecha 3,9 de Julio,false,https://es.wikipedia.org/wiki/Torneo_Federal_A_2025
2025-03-30,16:00,Cipolletti,Guillermo Brown,4,0,,,Torneo Federal A,2025,zonas,Zona 1,Fecha 3,La Visera de Cemento,false,https://es.wikipedia.org/wiki/Torneo_Federal_A_2025
2025-03-30,16:00,Colegiales,San Miguel,0,0,,,Primera Nacional,2025,zonas,Zona A,Fecha 8,Libertarios Unidos,false,https://es.wikipedia.org/wiki/Campeonato_de_Primera_Nacional_2025
2025-03-30,16:00,Defensores Unidos,San Telmo,2,2,,,Primera Nacional,2025,zonas,Zona B,Fecha 8,Gigante de Villa Fox,false,https://es.wikipedia.org/wiki/Campeonato_de_Primera_Nacional_2025
2025-03-30,16:00,Deportivo Madryn,Güemes (SdE),1,0,,,Primera Nacional,2025,zonas,Zona A,Fecha 8,Abel Sastre,false,https://es.wikipedia.org/wiki/Campeonato_de_Primera_Nacional_2025
2025-03-30,16:00,Deportivo Morón,Defensores de Belgrano,1,0,,,Primera Nacional,2025,zonas,Zona B,Fecha 8,Nuevo Francisco Urbano,false,https://es.wikipedia.org/wiki/Campeonato_de_Primera_Nacional_2025
2025-03-30,16:00,Deportivo Rincón,Sol de Mayo (V),2,0,,,Torneo Federal A,2025,zonas,Zona 1,Fecha 3,Elías Moisés Gómez,false,https://es.wikipedia.org/wiki/Torneo_Federal_A_2025
2025-03-30,16:00,Germinal,Círculo Deportivo,2,5,,,Torneo Federal A,2025,zonas,Zona 1,Fecha 3,El Fortín (R),false,https://es.wikipedia.org/wiki/Torneo_Federal_A_2025
2025-03-30,16:00,Gimnasia y Esgrima (C),Ben Hur,2,1,,,Torneo Federal A,2025,zonas,Zona 3,Fecha 3,José María Paz,false,https://es.wikipedia.org/wiki/Torneo_Federal_A_2025
2025-03-30,16:00,San Martín (F),Bartolomé Mitre (P),1,0,,,Torneo Federal A,2025,zonas,Zona 4,Fecha 3,17 de Octubre,false,https://es.wikipedia.org/wiki/Torneo_Federal_A_2025
2025-03-30,16:00,Sportivo Estudiantes (SL),Ciudad de Bolívar,0,0,,,Torneo Federal A,2025,zonas,Zona 2,Fecha 3,Héctor Odicino y Pedro Benoza,false,https://es.wikipedia.org/wiki/Torneo_Federal_A_2025
2025-03-30,16:00,Talleres (RdE),Estudiantes (RC),0,2,,,Primera Nacional,2025,zonas,Zona B,Fecha 8,Pablo Comelli,false,https://es.wikipedia.org/wiki/Campeonato_de_Primera_Nacional_2025
2025-03-30,16:30,Costa Brava,Argentino (MM),3,0,,,Torneo Federal A,2025,zonas,Zona 2,Fecha 3,Nuevo Pacaembú,false,https://es.wikipedia.org/wiki/Torneo_Federal_A_2025
2025-03-30,17:00,9 de Julio (R),Gimnasia y Esgrima (CdU),2,0,,,Torneo Federal A,2025,zonas,Zona 3,Fecha 3,Germán Solterman,false,https://es.wikipedia.org/wiki/Torneo_Federal_A_2025
2025-03-30,17:00,Deportivo Maipú,San Martín (T),0,1,,,Primera Nacional,2025,zonas,Zona A,Fecha 8,Omar Higinio Sperdutti,false,https://es.wikipedia.org/wiki/Campeonato_de_Primera_Nacional_2025
2025-03-30,17:00,Excursionistas,Real Pilar,0,0,,,Primera B,2025,zonas,Torneo Apertura,Fecha 9,Excursionistas,false,https://es.wikipedia.org/wiki/Campeonato_de_Primera_B_2025_(Argentina)
2025-03-30,17:00,Ferrocarril Midland,UAI Urquiza,3,0,,,Primera B,2025,zonas,Torneo Apertura,Fecha 9,Ciudad de Libertad,false,https://es.wikipedia.org/wiki/Campeonato_de_Primera_B_2025_(Argentina)
2025-03-30,17:00,Gimnasia y Tiro (S),Tristán Suárez,1,1,,,Primera Nacional,2025,zonas,Zona A,Fecha 8,El Gigante del Norte,false,https://es.wikipedia.org/wiki/Campeonato_de_Primera_Nacional_2025
2025-03-30,17:00,Sarmiento (R),Sarmiento (LB),1,3,,,Torneo Federal A,2025,zonas,Zona 4,Fecha 3,Centenario,false,https://es.wikipedia.org/wiki/Torneo_Federal_A_2025
2025-03-30,17:30,El Linqueño,Douglas Haig,2,3,,,Torneo Federal A,2025,zonas,Zona 3,Fecha 3,Leonardo Costa,false,https://es.wikipedia.org/wiki/Torneo_Federal_A_2025
2025-03-30,17:30,Gimnasia y Esgrima (LP),Sarmiento (J),0,0,,,Primera Division - Apertura,2025,zonas,Zona B,Fecha 11,Del Bosque,false,https://es.wikipedia.org/wiki/Anexo:Torneo_Apertura_2025_(Argentina)
2025-03-30,18:00,Colón,Gimnasia y Esgrima (J),0,1,,,Primera Nacional,2025,zonas,Zona B,Fecha 8,Brigadier Estanislao López,false,https://es.wikipedia.org/wiki/Campeonato_de_Primera_Nacional_2025
2025-03-30,18:00,Sportivo Belgrano,Sportivo Las Parejas,3,0,,,Torneo Federal A,2025,zonas,Zona 3,Fecha 3,Juan Pablo Francia,false,https://es.wikipedia.org/wiki/Torneo_Federal_A_2025
2025-03-30,19:30,Newell's Old Boys,Boca Juniors,2,0,,,Primera Division - Apertura,2025,zonas,Zona A,Fecha 11,Marcelo Bielsa,false,https://es.wikipedia.org/wiki/Anexo:Torneo_Apertura_2025_(Argentina)
2025-03-30,20:30,Mitre (SdE),Gimnasia y Esgrima (M),1,1,,,Primera Nacional,2025,zonas,Zona B,Fecha 8,Doctores José y Antonio Castiglione,false,https://es.wikipedia.org/wiki/Campeonato_de_Primera_Nacional_2025
2025-03-30,"sitioweb=Página/12}} Se jugó el 28 de mayo, a partir de las 20:30.}}",Almirante Brown,Nueva Chicago,0,0,,,Primera Nacional,2025,zonas,Zona B,Fecha 8,Fragata Presidente Sarmiento,false,https://es.wikipedia.org/wiki/Campeonato_de_Primera_Nacional_2025
2025-03-31,15:30,Deportivo Paraguayo,Juventud Unida,1,0,,,Primera C,2025,zonas,Zona B,Fecha 4,Deportivo Paraguayo,false,https://es.wikipedia.org/wiki/Campeonato_de_Primera_C_2025_(Argentina)
2025-03-31,15:30,Muñiz,Mercedes,0,0,,,Primera C,2025,zonas,Zona A,Fecha 4,José María Moraños,false,https://es.wikipedia.org/wiki/Campeonato_de_Primera_C_2025_(Argentina)
2025-03-31,21:10,Atlanta,Quilmes,2,0,,,Primera Nacional,2025,zonas,Zona A,Fecha 8,Don León Kolbowsky,false,https://es.wikipedia.org/wiki/Campeonato_de_Primera_Nacional_2025
2025-04-01,,Banfield,Villa Mitre,1,0,,,Copa Argentina,2025,eliminacion,,Treintaidosavos,Norberto Tomaghello,true,https://es.wikipedia.org/wiki/Copa_Argentina_2025
2025-04-02,,Atlético Tucumán,All Boys,2,1,,,Copa Argentina,2025,eliminacion,,Treintaidosavos,Nuevo Monumental,true,https://es.wikipedia.org/wiki/Copa_Argentina_2025
2025-04-03,,Instituto,Deportivo Madryn,3,0,,,Copa Argentina,2025,eliminacion,,Treintaidosavos,Ciudad de Caseros,true,https://es.wikipedia.org/wiki/Copa_Argentina_2025
2025-04-03,,Newell's Old Boys,Kimberley,0,0,5,4,Copa Argentina,2025,eliminacion,,Treintaidosavos,Ciudad de Vicente López,true,https://es.wikipedia.org/wiki/Copa_Argentina_2025
2025-04-04,19:00,Estudiantes (LP),Belgrano,0,1,,,Primera Division - Apertura,2025,zonas,Zona A,Fecha 12,Jorge Luis Hirschi,false,https://es.wikipedia.org/wiki/Anexo:Torneo_Apertura_2025_(Argentina)
2025-04-04,20:00,Comunicaciones,Flandria,0,0,,,Primera B,2025,zonas,Torneo Apertura,Fecha 10,Alfredo Ramos,false,https://es.wikipedia.org/wiki/Campeonato_de_Primera_B_2025_(Argentina)
2025-04-04,21:00,Atlético de Rafaela,Sarmiento (R),2,1,,,Torneo Federal A,2025,zonas,Zona 4,Fecha 4,Nuevo Monumental,false,https://es.wikipedia.org/wiki/Torneo_Federal_A_2025
2025-04-04,22:00,San Martín (SJ),San Lorenzo,0,1,,,Primera Division - Apertura,2025,zonas,Zona B,Fecha 12,Ingeniero Hilario Sánchez,false,https://es.wikipedia.org/wiki/Anexo:Torneo_Apertura_2025_(Argentina)
2025-04-05,13:30,Chacarita Juniors,Defensores Unidos,2,0,,,Primera Nacional,2025,zonas,Zona B,Fecha 9,Chacarita Juniors,false,https://es.wikipedia.org/wiki/Campeonato_de_Primera_Nacional_2025
2025-04-05,15:00,Círculo Deportivo,Olimpo,0,1,,,Torneo Federal A,2025,zonas,Zona 1,Fecha 4,Guillermo Trama,false,https://es.wikipedia.org/wiki/Torneo_Federal_A_2025
2025-04-05,15:00,Güemes (SdE),Alvarado,1,1,,,Primera Nacional,2025,zonas,Zona A,Fecha 9,Arturo Miranda,false,https://es.wikipedia.org/wiki/Campeonato_de_Primera_Nacional_2025
2025-04-05,15:30,Central Córdoba (R),Deportivo Español,3,1,,,Primera C,2025,zonas,Zona A,Fecha 5,Gabino Sosa,false,https://es.wikipedia.org/wiki/Campeonato_de_Primera_C_2025_(Argentina)
2025-04-05,15:30,Ciudad de Bolívar,Atenas (RC),2,0,,,Torneo Federal A,2025,zonas,Zona 2,Fecha 4,Municipal Eva Perón,false,https://es.wikipedia.org/wiki/Torneo_Federal_A_2025
2025-04-05,15:30,Defensores de Belgrano,Estudiantes (BA),2,1,,,Primera Nacional,2025,zonas,Zona B,Fecha 9,Juan Pasquale,false,https://es.wikipedia.org/wiki/Campeonato_de_Primera_Nacional_2025
2025-04-05,15:30,Deportivo Armenio,Villa Dálmine,1,4,,,Primera B,2025,zonas,Torneo Apertura,Fecha 10,Armenia,false,https://es.wikipedia.org/wiki/Campeonato_de_Primera_B_2025_(Argentina)
2025-04-05,15:30,Godoy Cruz,Independiente Rivadavia,1,1,,,Primera Division - Apertura,2025,zonas,Interzonal,Fecha 12,Malvinas Argentinas,false,https://es.wikipedia.org/wiki/Anexo:Torneo_Apertura_2025_(Argentina)
2025-04-05,15:30,Leandro N. Alem,Muñiz,2,0,,,Primera C,2025,zonas,Zona A,Fecha 5,Leandro N. Alem,false,https://es.wikipedia.org/wiki/Campeonato_de_Primera_C_2025_(Argentina)
2025-04-05,15:30,Liniers,Fénix,1,0,,,Primera B,2025,zonas,Torneo Apertura,Fecha 10,Juan Antonio Arias,false,https://es.wikipedia.org/wiki/Campeonato_de_Primera_B_2025_(Argentina)
2025-04-05,15:30,Los Andes,Gimnasia y Tiro (S),0,0,,,Primera Nacional,2025,zonas,Zona A,Fecha 9,Eduardo Gallardón,false,https://es.wikipedia.org/wiki/Campeonato_de_Primera_Nacional_2025
2025-04-05,15:30,Lugano,Berazategui,2,0,,,Primera C,2025,zonas,Zona A,Fecha 5,José María Moraños,false,https://es.wikipedia.org/wiki/Campeonato_de_Primera_C_2025_(Argentina)
2025-04-05,15:30,Puerto Nuevo,Ituzaingó,1,0,,,Primera C,2025,zonas,Zona A,Fecha 5,Rubén Carlos Vallejos,false,https://es.wikipedia.org/wiki/Campeonato_de_Primera_C_2025_(Argentina)
2025-04-05,15:30,Rosario Central,Vélez Sarsfield,2,1,,,Primera Division - Apertura,2025,zonas,Zona B,Fecha 12,Gigante de Arroyito,false,https://es.wikipedia.org/wiki/Anexo:Torneo_Apertura_2025_(Argentina)
2025-04-05,15:30,San Miguel,Atlanta,0,0,,,Primera Nacional,2025,zonas,Zona A,Fecha 9,Malvinas Argentinas,false,https://es.wikipedia.org/wiki/Campeonato_de_Primera_Nacional_2025
2025-04-05,15:30,San Telmo,Temperley,0,3,,,Primera Nacional,2025,zonas,Zona B,Fecha 9,Doctor Osvaldo Baletto,false,https://es.wikipedia.org/wiki/Campeonato_de_Primera_Nacional_2025
2025-04-05,15:30,Victoriano Arenas,Deportivo Paraguayo,2,0,,,Primera C,2025,zonas,Zona B,Fecha 5,Saturnino Moure,false,https://es.wikipedia.org/wiki/Campeonato_de_Primera_C_2025_(Argentina)
2025-04-05,15:30,Villa San Carlos,Excursionistas,2,1,,,Primera B,2025,zonas,Torneo Apertura,Fecha 10,Genacio Sálice,false,https://es.wikipedia.org/wiki/Campeonato_de_Primera_B_2025_(Argentina)
2025-04-05,17:30,Nueva Chicago,Talleres (RdE),2,0,,,Primera Nacional,2025,zonas,Zona B,Fecha 9,Nueva Chicago,false,https://es.wikipedia.org/wiki/Campeonato_de_Primera_Nacional_2025
2025-04-05,18:00,Huracán,Aldosivi,3,3,,,Primera Division - Apertura,2025,zonas,Zona A,Fecha 12,Tomás Adolfo Ducó,false,https://es.wikipedia.org/wiki/Anexo:Torneo_Apertura_2025_(Argentina)
2025-04-05,18:00,Mercedes,Claypole,0,1,,,Primera C,2025,zonas,Zona A,Fecha 5,Liga Mercedina,false,https://es.wikipedia.org/wiki/Campeonato_de_Primera_C_2025_(Argentina)
2025-04-05,18:00,Real Pilar,Ferrocarril Midland,0,1,,,Primera B,2025,zonas,Torneo Apertura,Fecha 10,Carlos Barraza,false,https://es.wikipedia.org/wiki/Campeonato_de_Primera_B_2025_(Argentina)
2025-04-05,18:00,Talleres (C),Gimnasia y Esgrima (LP),2,0,,,Primera Division - Apertura,2025,zonas,Zona B,Fecha 12,Mario Alberto Kempes,false,https://es.wikipedia.org/wiki/Anexo:Torneo_Apertura_2025_(Argentina)
2025-04-05,19:00,San Martín (B),Argentino de Quilmes,2,0,,,Primera B,2025,zonas,Torneo Apertura,Fecha 10,Francisco Boga,false,https://es.wikipedia.org/wiki/Campeonato_de_Primera_B_2025_(Argentina)
2025-04-05,19:00,Tristán Suárez,Deportivo Maipú,1,1,,,Primera Nacional,2025,zonas,Zona A,Fecha 9,20 de Octubre,false,https://es.wikipedia.org/wiki/Campeonato_de_Primera_Nacional_2025
2025-04-05,19:05,Deportivo Merlo,Brown de Adrogué,0,1,,,Primera B,2025,zonas,Torneo Apertura,Fecha 10,José Manuel Moreno,false,https://es.wikipedia.org/wiki/Campeonato_de_Primera_B_2025_(Argentina)
2025-04-05,20:30,Sarmiento (J),River Plate,1,1,,,Primera Division - Apertura,2025,zonas,Zona B,Fecha 12,Eva Perón,false,https://es.wikipedia.org/wiki/Anexo:Torneo_Apertura_2025_(Argentina)
2025-04-06,11:00,Guillermo Brown,Sol de Mayo (V),3,1,,,Torneo Federal A,2025,zonas,Zona 1,Fecha 4,Raúl Conti,false,https://es.wikipedia.org/wiki/Torneo_Federal_A_2025
2025-04-06,11:00,Ramón Santamarina,Deportivo Rincón,1,0,,,Torneo Federal A,2025,zonas,Zona 1,Fecha 4,Municipal General San Martín,false,https://es.wikipedia.org/wiki/Torneo_Federal_A_2025
2025-04-06,15:30,Almagro,Colegiales,0,0,,,Primera Nacional,2025,zonas,Zona A,Fecha 9,Tres de Febrero,false,https://es.wikipedia.org/wiki/Campeonato_de_Primera_Nacional_2025
2025-04-06,15:30,Central Ballester,Cañuelas,2,0,,,Primera C,2025,zonas,Zona B,Fecha 5,Predio Cacique,false,https://es.wikipedia.org/wiki/Campeonato_de_Primera_C_2025_(Argentina)
2025-04-06,15:30,Defensores de Cambaceres,J. J. de Urquiza,1,2,,,Primera C,2025,zonas,Zona A,Fecha 5,12 de Octubre,false,https://es.wikipedia.org/wiki/Campeonato_de_Primera_C_2025_(Argentina)
2025-04-06,15:30,Douglas Haig,Defensores de Belgrano (VR),2,0,,,Torneo Federal A,2025,zonas,Zona 3,Fecha 4,Miguel Morales,false,https://es.wikipedia.org/wiki/Torneo_Federal_A_2025
2025-04-06,15:30,Estrella del Sur,Luján,0,0,,,Primera C,2025,zonas,Zona B,Fecha 5,Rodolfo Capocasa,false,https://es.wikipedia.org/wiki/Campeonato_de_Primera_C_2025_(Argentina)
2025-04-06,15:30,Independiente (C),Gimnasia y Esgrima (CdU),3,0,,,Torneo Federal A,2025,zonas,Zona 3,Fecha 4,Raúl Orlando Lungarzo,false,https://es.wikipedia.org/wiki/Torneo_Federal_A_2025
2025-04-06,15:30,Juventud Unida,Yupanqui,1,1,,,Primera C,2025,zonas,Zona B,Fecha 5,Ciudad de San Miguel,false,https://es.wikipedia.org/wiki/Campeonato_de_Primera_C_2025_(Argentina)
2025-04-06,15:30,Lanús,Independiente,1,1,,,Primera Division - Apertura,2025,zonas,Zona B,Fecha 12,Ciudad de Lanús,false,https://es.wikipedia.org/wiki/Anexo:Torneo_Apertura_2025_(Argentina)
2025-04-06,15:30,San Martín (T),Deportivo Madryn,0,0,,,Primera Nacional,2025,zonas,Zona A,Fecha 9,La Ciudadela,false,https://es.wikipedia.org/wiki/Campeonato_de_Primera_Nacional_2025
2025-04-06,15:30,UAI Urquiza,Sportivo Italiano,0,0,,,Primera B,2025,zonas,Torneo Apertura,Fecha 10,Monumental de Villa Lynch,false,https://es.wikipedia.org/wiki/Campeonato_de_Primera_B_2025_(Argentina)
2025-04-06,15:30,Unión,Central Córdoba (SdE),1,0,,,Primera Division - Apertura,2025,zonas,Zona A,Fecha 12,15 de Abril,false,https://es.wikipedia.org/wiki/Anexo:Torneo_Apertura_2025_(Argentina)
2025-04-06,16:00,Argentino (MM),Gutiérrez,1,0,,,Torneo Federal A,2025,zonas,Zona 2,Fecha 4,Modesto Marrone,false,https://es.wikipedia.org/wiki/Torneo_Federal_A_2025
2025-04-06,16:00,Gimnasia y Esgrima (J),Mitre (SdE),0,0,,,Primera Nacional,2025,zonas,Zona B,Fecha 9,23 de Agosto,false,https://es.wikipedia.org/wiki/Campeonato_de_Primera_Nacional_2025
2025-04-06,16:00,Huracán Las Heras,Costa Brava,1,1,,,Torneo Federal A,2025,zonas,Zona 2,Fecha 4,General San Martín,false,https://es.wikipedia.org/wiki/Torneo_Federal_A_2025
2025-04-06,16:00,San Martín (SM),Juventud Unida Universitario,1,1,,,Torneo Federal A,2025,zonas,Zona 2,Fecha 4,Libertador General San Martín,false,https://es.wikipedia.org/wiki/Torneo_Federal_A_2025
2025-04-06,16:00,Villa Mitre,Cipolletti,0,2,,,Torneo Federal A,2025,zonas,Zona 1,Fecha 4,Dr. Alejandro Pérez,false,https://es.wikipedia.org/wiki/Torneo_Federal_A_2025
2025-04-06,16:15,Sol de América (F),Crucero del Norte,4,0,,,Torneo Federal A,2025,zonas,Zona 4,Fecha 4,Sol de América,false,https://es.wikipedia.org/wiki/Torneo_Federal_A_2025
2025-04-06,16:30,Gimnasia y Esgrima (M),Chaco For Ever,2,0,,,Primera Nacional,2025,zonas,Zona B,Fecha 9,Víctor Antonio Legrotaglie,false,https://es.wikipedia.org/wiki/Campeonato_de_Primera_Nacional_2025
2025-04-06,16:30,Sportivo Las Parejas,Gimnasia y Esgrima (C),0,0,,,Torneo Federal A,2025,zonas,Zona 3,Fecha 4,4 de Septiembre,false,https://es.wikipedia.org/wiki/Torneo_Federal_A_2025
2025-04-06,17:00,Bartolomé Mitre (P),Boca Unidos,1,1,,,Torneo Federal A,2025,zonas,Zona 4,Fecha 4,Ernesto Cucchiaroni,false,https://es.wikipedia.org/wiki/Torneo_Federal_A_2025
2025-04-06,18:00,Boca Juniors,Barracas Central,1,0,,,Primera Division - Apertura,2025,zonas,Zona A,Fecha 12,La Bombonera,false,https://es.wikipedia.org/wiki/Anexo:Torneo_Apertura_2025_(Argentina)
2025-04-06,18:00,Central Norte (S),Almirante Brown,2,1,,,Primera Nacional,2025,zonas,Zona B,Fecha 9,Padre Ernesto Martearena,false,https://es.wikipedia.org/wiki/Campeonato_de_Primera_Nacional_2025
2025-04-06,18:00,Sarmiento (LB),San Martín (F),1,0,,,Torneo Federal A,2025,zonas,Zona 4,Fecha 4,Ciudad de La Banda,false,https://es.wikipedia.org/wiki/Torneo_Federal_A_2025
2025-04-06,19:00,Ben Hur,El Linqueño,2,0,,,Torneo Federal A,2025,zonas,Zona 3,Fecha 4,Néstor Zenklusen,false,https://es.wikipedia.org/wiki/Torneo_Federal_A_2025
2025-04-06,19:00,Estudiantes (RC),Deportivo Morón,1,0,,,Primera Nacional,2025,zonas,Zona B,Fecha 9,Antonio Candini,false,https://es.wikipedia.org/wiki/Campeonato_de_Primera_Nacional_2025
2025-04-06,20:15,Argentinos Juniors,Defensa y Justicia,4,1,,,Primera Division - Apertura,2025,zonas,Zona A,Fecha 12,Diego Armando Maradona,false,https://es.wikipedia.org/wiki/Anexo:Torneo_Apertura_2025_(Argentina)
2025-04-06,20:15,Racing Club,Banfield,4,1,,,Primera Division - Apertura,2025,zonas,Zona A,Fecha 12,El Cilindro,false,https://es.wikipedia.org/wiki/Anexo:Torneo_Apertura_2025_(Argentina)
2025-04-07,15:05,General Lamadrid,Argentino de Rosario,3,1,,,Primera C,2025,zonas,Zona B,Fecha 5,Enrique Sexto,false,https://es.wikipedia.org/wiki/Campeonato_de_Primera_C_2025_(Argentina)
2025-04-07,15:30,Centro Español,Deportivo Camioneros,0,3,,,Primera C,2025,zonas,Zona B,Fecha 5,Carlos Sacaan,false,https://es.wikipedia.org/wiki/Campeonato_de_Primera_C_2025_(Argentina)
2025-04-07,15:30,Deportivo Riestra,Platense,1,0,,,Primera Division - Apertura,2025,zonas,Zona B,Fecha 12,Guillermo Laza,false,https://es.wikipedia.org/wiki/Anexo:Torneo_Apertura_2025_(Argentina)
2025-04-07,15:30,Dock Sud,Acassuso,3,1,,,Primera B,2025,zonas,Torneo Apertura,Fecha 10,De los Inmigrantes,false,https://es.wikipedia.org/wiki/Campeonato_de_Primera_B_2025_(Argentina)
2025-04-07,15:30,Kimberley,Germinal,0,0,,,Torneo Federal A,2025,zonas,Zona 1,Fecha 4,José Alberto Valle,false,https://es.wikipedia.org/wiki/Torneo_Federal_A_2025
2025-04-07,15:30,Sportivo Barracas,Atlas,2,2,,,Primera C,2025,zonas,Zona B,Fecha 5,Tres de Febrero,false,https://es.wikipedia.org/wiki/Campeonato_de_Primera_C_2025_(Argentina)
2025-04-07,18:00,Agropecuario,Colón,2,1,,,Primera Nacional,2025,zonas,Zona B,Fecha 9,Ofelia Rosenzuaig,false,https://es.wikipedia.org/wiki/Campeonato_de_Primera_Nacional_2025
2025-04-07,19:00,Ferro Carril Oeste,Arsenal,2,0,,,Primera Nacional,2025,zonas,Zona A,Fecha 9,Arquitecto Ricardo Etcheverri,false,https://es.wikipedia.org/wiki/Campeonato_de_Primera_Nacional_2025
2025-04-07,19:00,Tigre,Newell's Old Boys,0,2,,,Primera Division - Apertura,2025,zonas,Zona A,Fecha 12,Monumental de Victoria,false,https://es.wikipedia.org/wiki/Anexo:Torneo_Apertura_2025_(Argentina)
2025-04-07,20:15,Sportivo Belgrano,9 de Julio (R),1,0,,,Torneo Federal A,2025,zonas,Zona 3,Fecha 4,Juan Pablo Francia,false,https://es.wikipedia.org/wiki/Torneo_Federal_A_2025
2025-04-07,20:30,Patronato,All Boys,3,1,,,Primera Nacional,2025,zonas,Zona A,Fecha 9,Presbítero Bartolomé Grella,false,https://es.wikipedia.org/wiki/Campeonato_de_Primera_Nacional_2025
2025-04-07,21:00,Atlético Tucumán,Instituto,3,2,,,Primera Division - Apertura,2025,zonas,Zona B,Fecha 12,Monumental José Fierro,false,https://es.wikipedia.org/wiki/Anexo:Torneo_Apertura_2025_(Argentina)
2025-04-07,21:10,Quilmes,Racing Club,3,0,,,Primera Nacional,2025,zonas,Zona A,Fecha 9,Centenario Ciudad de Quilmes,false,https://es.wikipedia.org/wiki/Campeonato_de_Primera_Nacional_2025
2025-04-08,15:30,Sacachispas,Argentino de Merlo,1,2,,,Primera B,2025,zonas,Torneo Apertura,Fecha 10,Beto Larrosa,false,https://es.wikipedia.org/wiki/Campeonato_de_Primera_B_2025_(Argentina)
2025-04-09,,Rosario Central,Los Andes,1,0,,,Copa Argentina,2025,eliminacion,,Treintaidosavos,Único de San Nicolás,true,https://es.wikipedia.org/wiki/Copa_Argentina_2025
2025-04-09,,Sarmiento (J),Central Córdoba (R),0,1,,,Copa Argentina,2025,eliminacion,,Treintaidosavos,Ciudad de Caseros,true,https://es.wikipedia.org/wiki/Copa_Argentina_2025
2025-04-11,19:00,Banfield,Independiente Rivadavia,1,1,,,Primera Division - Apertura,2025,zonas,Zona A,Fecha 13,Florencio Sola,false,https://es.wikipedia.org/wiki/Anexo:Torneo_Apertura_2025_(Argentina)
2025-04-11,21:00,Newell's Old Boys,Argentinos Juniors,0,0,,,Primera Division - Apertura,2025,zonas,Zona A,Fecha 13,Marcelo Bielsa,false,https://es.wikipedia.org/wiki/Anexo:Torneo_Apertura_2025_(Argentina)
2025-04-12,15:00,Brown de Adrogué,Sacachispas,0,3,,,Primera B,2025,zonas,Torneo Apertura,Fecha 11,Lorenzo Arandilla,false,https://es.wikipedia.org/wiki/Campeonato_de_Primera_B_2025_(Argentina)
2025-04-12,15:30,Acassuso,Deportivo Merlo,1,0,,,Primera B,2025,zonas,Torneo Apertura,Fecha 11,La Quema,false,https://es.wikipedia.org/wiki/Campeonato_de_Primera_B_2025_(Argentina)
2025-04-12,15:30,All Boys,Güemes (SdE),3,1,,,Primera Nacional,2025,zonas,Zona A,Fecha 10,Islas Malvinas,false,https://es.wikipedia.org/wiki/Campeonato_de_Primera_Nacional_2025
2025-04-12,15:30,Alvarado,San Martín (T),0,2,,,Primera Nacional,2025,zonas,Zona A,Fecha 10,José María Minella,false,https://es.wikipedia.org/wiki/Campeonato_de_Primera_Nacional_2025
2025-04-12,15:30,Argentino de Quilmes,Deportivo Armenio,1,1,,,Primera B,2025,zonas,Torneo Apertura,Fecha 11,Argentino de Quilmes,false,https://es.wikipedia.org/wiki/Campeonato_de_Primera_B_2025_(Argentina)
2025-04-12,15:30,Berazategui,Puerto Nuevo,3,0,,,Primera C,2025,zonas,Zona A,Fecha 6,Norman Lee,false,https://es.wikipedia.org/wiki/Campeonato_de_Primera_C_2025_(Argentina)
2025-04-12,15:30,Cañuelas,Sportivo Barracas,1,3,,,Primera C,2025,zonas,Zona B,Fecha 6,Jorge Arin,false,https://es.wikipedia.org/wiki/Campeonato_de_Primera_C_2025_(Argentina)
2025-04-12,15:30,Defensores Unidos,Defensores de Belgrano,1,2,,,Primera Nacional,2025,zonas,Zona B,Fecha 10,Gigante de Villa Fox,false,https://es.wikipedia.org/wiki/Campeonato_de_Primera_Nacional_2025
2025-04-12,15:30,Deportivo Paraguayo,Yupanqui,1,2,,,Primera C,2025,zonas,Zona B,Fecha 6,Deportivo Paraguayo,false,https://es.wikipedia.org/wiki/Campeonato_de_Primera_C_2025_(Argentina)
2025-04-12,15:30,Estudiantes (BA),Estudiantes (RC),1,0,,,Primera Nacional,2025,zonas,Zona B,Fecha 10,Ciudad de Caseros,false,https://es.wikipedia.org/wiki/Campeonato_de_Primera_Nacional_2025
2025-04-12,15:30,Ferrocarril Midland,Villa San Carlos,2,0,,,Primera B,2025,zonas,Torneo Apertura,Fecha 11,Ciudad de Libertad,false,https://es.wikipedia.org/wiki/Campeonato_de_Primera_B_2025_(Argentina)
2025-04-12,15:30,Flandria,Liniers,1,0,,,Primera B,2025,zonas,Torneo Apertura,Fecha 11,Carlos V,false,https://es.wikipedia.org/wiki/Campeonato_de_Primera_B_2025_(Argentina)
2025-04-12,15:30,San Lorenzo,Atlético Tucumán,1,0,,,Primera Division - Apertura,2025,zonas,Zona B,Fecha 13,Nuevo Gasómetro,false,https://es.wikipedia.org/wiki/Anexo:Torneo_Apertura_2025_(Argentina)
2025-04-12,15:30,Victoriano Arenas,Central Ballester,0,0,,,Primera C,2025,zonas,Zona B,Fecha 6,Saturnino Moure,false,https://es.wikipedia.org/wiki/Campeonato_de_Primera_C_2025_(Argentina)
2025-04-12,15:30,Villa Dálmine,Comunicaciones,2,1,,,Primera B,2025,zonas,Torneo Apertura,Fecha 11,El Coliseo de Mitre y Puccini,false,https://es.wikipedia.org/wiki/Campeonato_de_Primera_B_2025_(Argentina)
2025-04-12,15:35,Sportivo Italiano,Real Pilar,2,2,,,Primera B,2025,zonas,Torneo Apertura,Fecha 11,República de Italia,false,https://es.wikipedia.org/wiki/Campeonato_de_Primera_B_2025_(Argentina)
2025-04-12,16:00,Central Norte (S),Nueva Chicago,1,1,,,Primera Nacional,2025,zonas,Zona B,Fecha 10,Padre Ernesto Martearena,false,https://es.wikipedia.org/wiki/Campeonato_de_Primera_Nacional_2025
2025-04-12,16:00,Gutiérrez,Huracán Las Heras,0,1,,,Torneo Federal A,2025,zonas,Zona 2,Fecha 5,General Gutiérrez,false,https://es.wikipedia.org/wiki/Torneo_Federal_A_2025
2025-04-12,16:00,Olimpo,Kimberley,2,1,,,Torneo Federal A,2025,zonas,Zona 1,Fecha 5,Roberto N. Carminatti,false,https://es.wikipedia.org/wiki/Torneo_Federal_A_2025
2025-04-12,16:00,Sol de Mayo (V),Villa Mitre,0,3,,,Torneo Federal A,2025,zonas,Zona 1,Fecha 5,Sol de Mayo,false,https://es.wikipedia.org/wiki/Torneo_Federal_A_2025
2025-04-12,16:30,Crucero del Norte,Juventud Antoniana,1,0,,,Torneo Federal A,2025,zonas,Zona 4,Fecha 5,Comandante Andrés Guacurarí,false,https://es.wikipedia.org/wiki/Torneo_Federal_A_2025
2025-04-12,17:00,Excursionistas,Dock Sud,1,1,,,Primera B,2025,zonas,Torneo Apertura,Fecha 11,Excursionistas,false,https://es.wikipedia.org/wiki/Campeonato_de_Primera_B_2025_(Argentina)
2025-04-12,17:10,Colegiales,Ferro Carril Oeste,1,0,,,Primera Nacional,2025,zonas,Zona A,Fecha 10,Libertarios Unidos,false,https://es.wikipedia.org/wiki/Campeonato_de_Primera_Nacional_2025
2025-04-12,18:00,Barracas Central,Tigre,1,0,,,Primera Division - Apertura,2025,zonas,Zona A,Fecha 13,El Viaducto,false,https://es.wikipedia.org/wiki/Anexo:Torneo_Apertura_2025_(Argentina)
2025-04-12,18:00,Costa Brava,Ciudad de Bolívar,1,1,,,Torneo Federal A,2025,zonas,Zona 2,Fecha 5,Nuevo Pacaembú,false,https://es.wikipedia.org/wiki/Torneo_Federal_A_2025
2025-04-12,20:00,Sarmiento (R),Sol de América (F),1,0,,,Torneo Federal A,2025,zonas,Zona 4,Fecha 5,Centenario,false,https://es.wikipedia.org/wiki/Torneo_Federal_A_2025
2025-04-12,20:30,Belgrano,Boca Juniors,1,3,,,Primera Division - Apertura,2025,zonas,Zona A,Fecha 13,Gigante de Alberdi,false,https://es.wikipedia.org/wiki/Anexo:Torneo_Apertura_2025_(Argentina)
2025-04-13,11:00,Deportivo Camioneros,Juventud Unida,0,1,,,Primera C,2025,zonas,Zona B,Fecha 6,Hugo Moyano,false,https://es.wikipedia.org/wiki/Campeonato_de_Primera_C_2025_(Argentina)
2025-04-13,13:00,Fénix,Deportivo Laferrere,0,0,,,Primera B,2025,zonas,Torneo Apertura,Fecha 11,Raúl Salvucci,false,https://es.wikipedia.org/wiki/Campeonato_de_Primera_B_2025_(Argentina)
2025-04-13,15:00,Almirante Brown,Gimnasia y Esgrima (M),1,1,,,Primera Nacional,2025,zonas,Zona B,Fecha 10,Fragata Presidente Sarmiento,false,https://es.wikipedia.org/wiki/Campeonato_de_Primera_Nacional_2025
2025-04-13,15:00,Deportivo Rincón,Guillermo Brown,3,4,,,Torneo Federal A,2025,zonas,Zona 1,Fecha 5,Elías Moisés Gómez,false,https://es.wikipedia.org/wiki/Torneo_Federal_A_2025
2025-04-13,15:30,Argentino de Merlo,San Martín (B),2,0,,,Primera B,2025,zonas,Torneo Apertura,Fecha 11,Juan Carlos Brieva,false,https://es.wikipedia.org/wiki/Campeonato_de_Primera_B_2025_(Argentina)
2025-04-13,15:30,Atlas,Estrella del Sur,2,4,,,Primera C,2025,zonas,Zona B,Fecha 6,Ricardo Puga,false,https://es.wikipedia.org/wiki/Campeonato_de_Primera_C_2025_(Argentina)
2025-04-13,15:30,Boca Unidos,Sarmiento (LB),2,1,,,Torneo Federal A,2025,zonas,Zona 4,Fecha 5,Leoncio Benítez,false,https://es.wikipedia.org/wiki/Torneo_Federal_A_2025
2025-04-13,15:30,Cipolletti,Círculo Deportivo,2,0,,,Torneo Federal A,2025,zonas,Zona 1,Fecha 5,La Visera de Cemento,false,https://es.wikipedia.org/wiki/Torneo_Federal_A_2025
2025-04-13,15:30,Claypole,Leandro N. Alem,1,1,,,Primera C,2025,zonas,Zona A,Fecha 6,Rodolfo Capocasa,false,https://es.wikipedia.org/wiki/Campeonato_de_Primera_C_2025_(Argentina)
2025-04-13,15:30,Deportivo Español,Mercedes,1,0,,,Primera C,2025,zonas,Zona A,Fecha 6,Nueva España,false,https://es.wikipedia.org/wiki/Campeonato_de_Primera_C_2025_(Argentina)
2025-04-13,15:30,Germinal,Ramón Santamarina,1,1,,,Torneo Federal A,2025,zonas,Zona 1,Fecha 5,El Fortín (R),false,https://es.wikipedia.org/wiki/Torneo_Federal_A_2025
2025-04-13,15:30,Gimnasia y Esgrima (C),Sportivo Belgrano,2,1,,,Torneo Federal A,2025,zonas,Zona 3,Fecha 5,José María Paz,false,https://es.wikipedia.org/wiki/Torneo_Federal_A_2025
2025-04-13,15:30,Gimnasia y Esgrima (LP),Estudiantes (LP),1,1,,,Primera Division - Apertura,2025,zonas,Interzonal,Fecha 13,Del Bosque,false,https://es.wikipedia.org/wiki/Anexo:Torneo_Apertura_2025_(Argentina)
2025-04-13,15:30,Instituto,Deportivo Riestra,3,0,,,Primera Division - Apertura,2025,zonas,Zona B,Fecha 13,Monumental de Alta Córdoba,false,https://es.wikipedia.org/wiki/Anexo:Torneo_Apertura_2025_(Argentina)
2025-04-13,15:30,J. J. de Urquiza,El Porvenir,2,1,,,Primera C,2025,zonas,Zona A,Fecha 6,Ramón Roque Martín,false,https://es.wikipedia.org/wiki/Campeonato_de_Primera_C_2025_(Argentina)
2025-04-13,15:30,Luján,General Lamadrid,1,1,,,Primera C,2025,zonas,Zona B,Fecha 6,1.º de Abril,false,https://es.wikipedia.org/wiki/Campeonato_de_Primera_C_2025_(Argentina)
2025-04-13,15:35,Quilmes,Los Andes,2,0,,,Primera Nacional,2025,zonas,Zona A,Fecha 10,Centenario Ciudad de Quilmes,false,https://es.wikipedia.org/wiki/Campeonato_de_Primera_Nacional_2025
2025-04-13,16:00,Atenas (RC),Sportivo Estudiantes (SL),1,0,,,Torneo Federal A,2025,zonas,Zona 2,Fecha 5,9 de Julio,false,https://es.wikipedia.org/wiki/Torneo_Federal_A_2025
2025-04-13,16:00,Defensores de Belgrano (VR),Ben Hur,1,0,,,Torneo Federal A,2025,zonas,Zona 3,Fecha 5,Único de San Nicolás,false,https://es.wikipedia.org/wiki/Torneo_Federal_A_2025
2025-04-13,16:00,Deportivo Morón,Talleres (RdE),3,0,,,Primera Nacional,2025,zonas,Zona B,Fecha 10,Nuevo Francisco Urbano,false,https://es.wikipedia.org/wiki/Campeonato_de_Primera_Nacional_2025
2025-04-13,16:00,El Linqueño,Sportivo Las Parejas,0,0,,,Torneo Federal A,2025,zonas,Zona 3,Fecha 5,Leonardo Costa,false,https://es.wikipedia.org/wiki/Torneo_Federal_A_2025
2025-04-13,16:00,Gimnasia y Esgrima (CdU),Douglas Haig,0,0,,,Torneo Federal A,2025,zonas,Zona 3,Fecha 5,Manuel y Ramón Núñez,false,https://es.wikipedia.org/wiki/Torneo_Federal_A_2025
2025-04-13,16:00,Juventud Unida Universitario,Argentino (MM),1,1,,,Torneo Federal A,2025,zonas,Zona 2,Fecha 5,Juan Gilberto Funes,false,https://es.wikipedia.org/wiki/Torneo_Federal_A_2025
2025-04-13,16:00,Racing Club,San Miguel,1,1,,,Primera Nacional,2025,zonas,Zona A,Fecha 10,Miguel Sancho,false,https://es.wikipedia.org/wiki/Campeonato_de_Primera_Nacional_2025
2025-04-13,16:00,San Martín (F),Atlético de Rafaela,1,1,,,Torneo Federal A,2025,zonas,Zona 4,Fecha 5,17 de Octubre,false,https://es.wikipedia.org/wiki/Torneo_Federal_A_2025
2025-04-13,16:30,Chaco For Ever,Gimnasia y Esgrima (J),2,1,,,Primera Nacional,2025,zonas,Zona B,Fecha 10,Juan Alberto García,false,https://es.wikipedia.org/wiki/Campeonato_de_Primera_Nacional_2025
2025-04-13,16:30,Deportivo Maipú,Gimnasia y Tiro (S),1,0,,,Primera Nacional,2025,zonas,Zona A,Fecha 10,Omar Higinio Sperdutti,false,https://es.wikipedia.org/wiki/Campeonato_de_Primera_Nacional_2025
2025-04-13,17:00,Mitre (SdE),Agropecuario,3,0,,,Primera Nacional,2025,zonas,Zona B,Fecha 10,Doctores José y Antonio Castiglione,false,https://es.wikipedia.org/wiki/Campeonato_de_Primera_Nacional_2025
2025-04-13,17:00,Temperley,Chacarita Juniors,0,3,,,Primera Nacional,2025,zonas,Zona B,Fecha 10,Alfredo Beranger,false,https://es.wikipedia.org/wiki/Campeonato_de_Primera_Nacional_2025
2025-04-13,17:30,Deportivo Madryn,Tristán Suárez,0,0,,,Primera Nacional,2025,zonas,Zona A,Fecha 10,Abel Sastre,false,https://es.wikipedia.org/wiki/Campeonato_de_Primera_Nacional_2025
2025-04-13,17:35,Ituzaingó,Central Córdoba (R),0,2,,,Primera C,2025,zonas,Zona A,Fecha 6,Carlos Sacaan,false,https://es.wikipedia.org/wiki/Campeonato_de_Primera_C_2025_(Argentina)
2025-04-13,18:00,Independiente,San Martín (SJ),2,0,,,Primera Division - Apertura,2025,zonas,Zona B,Fecha 13,Libertadores de América,false,https://es.wikipedia.org/wiki/Anexo:Torneo_Apertura_2025_(Argentina)
2025-04-13,20:15,River Plate,Talleres (C),1,1,,,Primera Division - Apertura,2025,zonas,Zona B,Fecha 13,Monumental,false,https://es.wikipedia.org/wiki/Anexo:Torneo_Apertura_2025_(Argentina)
2025-04-14,14:00,Arsenal,Patronato,0,1,,,Primera Nacional,2025,zonas,Zona A,Fecha 10,El Viaducto,false,https://es.wikipedia.org/wiki/Campeonato_de_Primera_Nacional_2025
2025-04-14,15:30,Aldosivi,Racing Club,0,2,,,Primera Division - Apertura,2025,zonas,Zona A,Fecha 13,José María Minella,false,https://es.wikipedia.org/wiki/Anexo:Torneo_Apertura_2025_(Argentina)
2025-04-14,15:30,Argentino de Rosario,Centro Español,1,0,,,Primera C,2025,zonas,Zona B,Fecha 6,José Martín Olaeta,false,https://es.wikipedia.org/wiki/Campeonato_de_Primera_C_2025_(Argentina)
2025-04-14,15:30,Muñiz,Defensores de Cambaceres,2,0,,,Primera C,2025,zonas,Zona A,Fecha 6,Ciudad de San Miguel,false,https://es.wikipedia.org/wiki/Campeonato_de_Primera_C_2025_(Argentina)
2025-04-14,18:00,Central Córdoba (SdE),Huracán,1,2,,,Primera Division - Apertura,2025,zonas,Zona A,Fecha 13,Único Madre de Ciudades,false,https://es.wikipedia.org/wiki/Anexo:Torneo_Apertura_2025_(Argentina)
2025-04-14,18:00,Colón,San Telmo,0,1,,,Primera Nacional,2025,zonas,Zona B,Fecha 10,Brigadier Estanislao López,false,https://es.wikipedia.org/wiki/Campeonato_de_Primera_Nacional_2025
2025-04-14,19:00,Defensa y Justicia,Unión,0,0,,,Primera Division - Apertura,2025,zonas,Zona A,Fecha 13,Norberto Tomaghello,false,https://es.wikipedia.org/wiki/Anexo:Torneo_Apertura_2025_(Argentina)
2025-04-14,20:30,9 de Julio (R),Independiente (C),0,2,,,Torneo Federal A,2025,zonas,Zona 3,Fecha 5,Germán Solterman,false,https://es.wikipedia.org/wiki/Torneo_Federal_A_2025
2025-04-14,21:10,Atlanta,Almagro,1,0,,,Primera Nacional,2025,zonas,Zona A,Fecha 10,Don León Kolbowsky,false,https://es.wikipedia.org/wiki/Campeonato_de_Primera_Nacional_2025
2025-04-14,21:15,Godoy Cruz,Lanús,0,0,,,Primera Division - Apertura,2025,zonas,Zona B,Fecha 13,Malvinas Argentinas,false,https://es.wikipedia.org/wiki/Anexo:Torneo_Apertura_2025_(Argentina)
2025-04-14,21:15,Vélez Sarsfield,Sarmiento (J),0,1,,,Primera Division - Apertura,2025,zonas,Zona B,Fecha 13,José Amalfitani,false,https://es.wikipedia.org/wiki/Anexo:Torneo_Apertura_2025_(Argentina)
2025-04-15,20:00,Platense,Rosario Central,0,0,,,Primera Division - Apertura,2025,zonas,Zona B,Fecha 13,Ciudad de Vicente López,false,https://es.wikipedia.org/wiki/Anexo:Torneo_Apertura_2025_(Argentina)
2025-04-16,,Argentinos Juniors,Central Norte (S),3,0,,,Copa Argentina,2025,eliminacion,,Treintaidosavos,Ciudad de Caseros,true,https://es.wikipedia.org/wiki/Copa_Argentina_2025
2025-04-16,,Belgrano,Real Pilar,3,1,,,Copa Argentina,2025,eliminacion,,Treintaidosavos,Nuevo Monumental,true,https://es.wikipedia.org/wiki/Copa_Argentina_2025
2025-04-16,,Independiente Rivadavia,Estudiantes (BA),1,0,,,Copa Argentina,2025,eliminacion,,Treintaidosavos,Juan Gilberto Funes,true,https://es.wikipedia.org/wiki/Copa_Argentina_2025
2025-04-16,15:30,Olimpo,Sol de Mayo (V),1,1,,,Torneo Federal A,2025,zonas,Zona 1,Fecha 1,Roberto N. Carminatti,false,https://es.wikipedia.org/wiki/Torneo_Federal_A_2025
2025-04-17,,Barracas Central,Defensores de Belgrano,0,2,,,Copa Argentina,2025,eliminacion,,Treintaidosavos,Julio Humberto Grondona,true,https://es.wikipedia.org/wiki/Copa_Argentina_2025
2025-04-18,15:30,Ciudad de Bolívar,Gutiérrez,4,0,,,Torneo Federal A,2025,zonas,Zona 2,Fecha 6,Municipal Eva Perón,false,https://es.wikipedia.org/wiki/Torneo_Federal_A_2025
2025-04-18,15:30,Comunicaciones,Argentino de Quilmes,1,2,,,Primera B,2025,zonas,Torneo Apertura,Fecha 12,Alfredo Ramos,false,https://es.wikipedia.org/wiki/Campeonato_de_Primera_B_2025_(Argentina)
2025-04-18,15:30,El Porvenir,Muñiz,2,0,,,Primera C,2025,zonas,Zona A,Fecha 7,Gildo Francisco Ghersinich,false,https://es.wikipedia.org/wiki/Campeonato_de_Primera_C_2025_(Argentina)
2025-04-18,15:30,Juventud Unida,Argentino de Rosario,0,1,,,Primera C,2025,zonas,Zona B,Fecha 7,Ciudad de San Miguel,false,https://es.wikipedia.org/wiki/Campeonato_de_Primera_C_2025_(Argentina)
2025-04-18,15:30,Mercedes,Ituzaingó,1,0,,,Primera C,2025,zonas,Zona A,Fecha 7,Liga Mercedina,false,https://es.wikipedia.org/wiki/Campeonato_de_Primera_C_2025_(Argentina)
2025-04-18,17:00,Gimnasia y Esgrima (LP),River Plate,0,3,,,Primera Division - Apertura,2025,zonas,Zona B,Fecha 14,Del Bosque,false,https://es.wikipedia.org/wiki/Anexo:Torneo_Apertura_2025_(Argentina)
2025-04-18,18:00,Sarmiento (LB),Bartolomé Mitre (P),1,0,,,Torneo Federal A,2025,zonas,Zona 4,Fecha 6,Ciudad de La Banda,false,https://es.wikipedia.org/wiki/Torneo_Federal_A_2025
2025-04-18,19:15,Racing Club,Central Córdoba (SdE),1,0,,,Primera Division - Apertura,2025,zonas,Zona A,Fecha 14,El Cilindro,false,https://es.wikipedia.org/wiki/Anexo:Torneo_Apertura_2025_(Argentina)
2025-04-18,19:15,Talleres (C),Vélez Sarsfield,0,1,,,Primera Division - Apertura,2025,zonas,Zona B,Fecha 14,Mario Alberto Kempes,false,https://es.wikipedia.org/wiki/Anexo:Torneo_Apertura_2025_(Argentina)
2025-04-18,21:30,Unión,Newell's Old Boys,1,1,,,Primera Division - Apertura,2025,zonas,Zona A,Fecha 14,15 de Abril,false,https://es.wikipedia.org/wiki/Anexo:Torneo_Apertura_2025_(Argentina)
2025-04-18,22:00,Juventud Antoniana,Sarmiento (R),3,0,,,Torneo Federal A,2025,zonas,Zona 4,Fecha 6,Padre Ernesto Martearena,false,https://es.wikipedia.org/wiki/Torneo_Federal_A_2025
2025-04-18,título=La lluvia dejó en veremos un duelo clave por la Liga Profesional|fechaacceso=mismo día|fecha=2025-04-19,Atlético Tucumán,Independiente,2,0,,,Primera Division - Apertura,2025,zonas,Zona B,Fecha 14,Monumental José Fierro,false,https://es.wikipedia.org/wiki/Anexo:Torneo_Apertura_2025_(Argentina)
2025-04-19,15:00,Güemes (SdE),Arsenal,1,0,,,Primera Nacional,2025,zonas,Zona A,Fecha 11,Arturo Miranda,false,https://es.wikipedia.org/wiki/Campeonato_de_Primera_Nacional_2025
2025-04-19,15:30,Almagro,Racing Club,1,1,,,Primera Nacional,2025,zonas,Zona A,Fecha 11,Tres de Febrero,false,https://es.wikipedia.org/wiki/Campeonato_de_Primera_Nacional_2025
2025-04-19,15:30,Central Córdoba (R),Berazategui,4,1,,,Primera C,2025,zonas,Zona A,Fecha 7,Gabino Sosa,false,https://es.wikipedia.org/wiki/Campeonato_de_Primera_C_2025_(Argentina)
2025-04-19,15:30,Deportivo Armenio,Argentino de Merlo,0,0,,,Primera B,2025,zonas,Torneo Apertura,Fecha 12,Armenia,false,https://es.wikipedia.org/wiki/Campeonato_de_Primera_B_2025_(Argentina)
2025-04-19,15:30,Deportivo Laferrere,Flandria,3,0,,,Primera B,2025,zonas,Torneo Apertura,Fecha 12,Ciudad de Laferrere,false,https://es.wikipedia.org/wiki/Campeonato_de_Primera_B_2025_(Argentina)
2025-04-19,15:30,Dock Sud,Ferrocarril Midland,1,1,,,Primera B,2025,zonas,Torneo Apertura,Fecha 12,De los Inmigrantes,false,https://es.wikipedia.org/wiki/Campeonato_de_Primera_B_2025_(Argentina)
2025-04-19,15:30,Puerto Nuevo,Lugano,1,0,,,Primera C,2025,zonas,Zona A,Fecha 7,Rubén Carlos Vallejos,false,https://es.wikipedia.org/wiki/Campeonato_de_Primera_C_2025_(Argentina)
2025-04-19,15:30,Tristán Suárez,Alvarado,2,1,,,Primera Nacional,2025,zonas,Zona A,Fecha 11,20 de Octubre,false,https://es.wikipedia.org/wiki/Campeonato_de_Primera_Nacional_2025
2025-04-19,15:30,Villa San Carlos,Sportivo Italiano,2,1,,,Primera B,2025,zonas,Torneo Apertura,Fecha 12,Genacio Sálice,false,https://es.wikipedia.org/wiki/Campeonato_de_Primera_B_2025_(Argentina)
2025-04-19,15:30,Yupanqui,Deportivo Camioneros,0,2,,,Primera C,2025,zonas,Zona B,Fecha 7,Ciudad Evita,false,https://es.wikipedia.org/wiki/Campeonato_de_Primera_C_2025_(Argentina)
2025-04-19,15:35,San Miguel,Quilmes,2,2,,,Primera Nacional,2025,zonas,Zona A,Fecha 11,Malvinas Argentinas,false,https://es.wikipedia.org/wiki/Campeonato_de_Primera_Nacional_2025
2025-04-19,16:00,Gimnasia y Esgrima (M),Central Norte (S),1,0,,,Primera Nacional,2025,zonas,Zona B,Fecha 11,Víctor Antonio Legrotaglie,false,https://es.wikipedia.org/wiki/Campeonato_de_Primera_Nacional_2025
2025-04-19,16:00,San Martín (T),All Boys,1,1,,,Primera Nacional,2025,zonas,Zona A,Fecha 11,La Ciudadela,false,https://es.wikipedia.org/wiki/Campeonato_de_Primera_Nacional_2025
2025-04-19,16:15,Lanús,Banfield,1,1,,,Primera Division - Apertura,2025,zonas,Interzonal,Fecha 14,Ciudad de Lanús,false,https://es.wikipedia.org/wiki/Anexo:Torneo_Apertura_2025_(Argentina)
2025-04-19,17:00,Agropecuario,Chaco For Ever,2,0,,,Primera Nacional,2025,zonas,Zona B,Fecha 11,Ofelia Rosenzuaig,false,https://es.wikipedia.org/wiki/Campeonato_de_Primera_Nacional_2025
2025-04-19,17:00,Atlético de Rafaela,Boca Unidos,2,0,,,Torneo Federal A,2025,zonas,Zona 4,Fecha 6,Nuevo Monumental,false,https://es.wikipedia.org/wiki/Torneo_Federal_A_2025
2025-04-19,17:45,San Martín (B),Brown de Adrogué,1,2,,,Primera B,2025,zonas,Torneo Apertura,Fecha 12,Francisco Boga,false,https://es.wikipedia.org/wiki/Campeonato_de_Primera_B_2025_(Argentina)
2025-04-19,18:15,Huracán,Defensa y Justicia,1,1,,,Primera Division - Apertura,2025,zonas,Zona A,Fecha 14,Tomás Adolfo Ducó,false,https://es.wikipedia.org/wiki/Anexo:Torneo_Apertura_2025_(Argentina)
2025-04-19,20:30,Boca Juniors,Estudiantes (LP),2,0,,,Primera Division - Apertura,2025,zonas,Zona A,Fecha 14,La Bombonera,false,https://es.wikipedia.org/wiki/Anexo:Torneo_Apertura_2025_(Argentina)
2025-04-19,21:00,Gimnasia y Esgrima (J),Almirante Brown,1,0,,,Primera Nacional,2025,zonas,Zona B,Fecha 11,23 de Agosto,false,https://es.wikipedia.org/wiki/Campeonato_de_Primera_Nacional_2025
2025-04-20,11:00,Kimberley,Cipolletti,1,0,,,Torneo Federal A,2025,zonas,Zona 1,Fecha 6,José Alberto Valle,false,https://es.wikipedia.org/wiki/Torneo_Federal_A_2025
2025-04-20,13:00,Real Pilar,UAI Urquiza,2,2,,,Primera B,2025,zonas,Torneo Apertura,Fecha 12,Carlos Barraza,false,https://es.wikipedia.org/wiki/Campeonato_de_Primera_B_2025_(Argentina)
2025-04-20,14:05,Leandro N. Alem,Deportivo Español,2,0,,,Primera C,2025,zonas,Zona A,Fecha 7,Leandro N. Alem,false,https://es.wikipedia.org/wiki/Campeonato_de_Primera_C_2025_(Argentina)
2025-04-20,15:00,Chacarita Juniors,Colón,3,2,,,Primera Nacional,2025,zonas,Zona B,Fecha 11,Chacarita Juniors,false,https://es.wikipedia.org/wiki/Campeonato_de_Primera_Nacional_2025
2025-04-20,15:00,Círculo Deportivo,Sol de Mayo (V),1,0,,,Torneo Federal A,2025,zonas,Zona 1,Fecha 6,Guillermo Trama,false,https://es.wikipedia.org/wiki/Torneo_Federal_A_2025
2025-04-20,15:30,Defensores de Cambaceres,Claypole,2,1,,,Primera C,2025,zonas,Zona A,Fecha 7,12 de Octubre,false,https://es.wikipedia.org/wiki/Campeonato_de_Primera_C_2025_(Argentina)
2025-04-20,15:30,Deportivo Merlo,Excursionistas,3,2,,,Primera B,2025,zonas,Torneo Apertura,Fecha 12,José Manuel Moreno,false,https://es.wikipedia.org/wiki/Campeonato_de_Primera_B_2025_(Argentina)
2025-04-20,15:30,Deportivo Riestra,San Lorenzo,0,0,,,Primera Division - Apertura,2025,zonas,Zona B,Fecha 14,Guillermo Laza,false,https://es.wikipedia.org/wiki/Anexo:Torneo_Apertura_2025_(Argentina)
2025-04-20,15:30,Estrella del Sur,Cañuelas,1,0,,,Primera C,2025,zonas,Zona B,Fecha 7,Rodolfo Capocasa,false,https://es.wikipedia.org/wiki/Campeonato_de_Primera_C_2025_(Argentina)
2025-04-20,15:30,Estudiantes (RC),Defensores Unidos,0,0,,,Primera Nacional,2025,zonas,Zona B,Fecha 11,Antonio Candini,false,https://es.wikipedia.org/wiki/Campeonato_de_Primera_Nacional_2025
2025-04-20,15:30,General Lamadrid,Atlas,1,1,,,Primera C,2025,zonas,Zona B,Fecha 7,Enrique Sexto,false,https://es.wikipedia.org/wiki/Campeonato_de_Primera_C_2025_(Argentina)
2025-04-20,15:30,Germinal,Deportivo Rincón,0,3,,,Torneo Federal A,2025,zonas,Zona 1,Fecha 6,El Fortín (R),false,https://es.wikipedia.org/wiki/Torneo_Federal_A_2025
2025-04-20,15:30,Liniers,Villa Dálmine,4,0,,,Primera B,2025,zonas,Torneo Apertura,Fecha 12,Juan Antonio Arias,false,https://es.wikipedia.org/wiki/Campeonato_de_Primera_B_2025_(Argentina)
2025-04-20,15:30,Los Andes,Deportivo Maipú,3,0,,,Primera Nacional,2025,zonas,Zona A,Fecha 11,Eduardo Gallardón,false,https://es.wikipedia.org/wiki/Campeonato_de_Primera_Nacional_2025
2025-04-20,15:30,San Telmo,Mitre (SdE),0,0,,,Primera Nacional,2025,zonas,Zona B,Fecha 11,Doctor Osvaldo Baletto,false,https://es.wikipedia.org/wiki/Campeonato_de_Primera_Nacional_2025
2025-04-20,15:30,Talleres (RdE),Estudiantes (BA),0,1,,,Primera Nacional,2025,zonas,Zona B,Fecha 11,Pablo Comelli,false,https://es.wikipedia.org/wiki/Campeonato_de_Primera_Nacional_2025
2025-04-20,16:00,Argentino (MM),San Martín (SM),0,1,,,Torneo Federal A,2025,zonas,Zona 2,Fecha 6,Modesto Marrone,false,https://es.wikipedia.org/wiki/Torneo_Federal_A_2025
2025-04-20,16:00,Huracán Las Heras,Juventud Unida Universitario,1,1,,,Torneo Federal A,2025,zonas,Zona 2,Fecha 6,General San Martín,false,https://es.wikipedia.org/wiki/Torneo_Federal_A_2025
2025-04-20,16:00,Sol de América (F),San Martín (F),1,1,,,Torneo Federal A,2025,zonas,Zona 4,Fecha 6,Sol de América,false,https://es.wikipedia.org/wiki/Torneo_Federal_A_2025
2025-04-20,16:00,Sportivo Estudiantes (SL),Costa Brava,2,0,,,Torneo Federal A,2025,zonas,Zona 2,Fecha 6,Héctor Odicino y Pedro Benoza,false,https://es.wikipedia.org/wiki/Torneo_Federal_A_2025
2025-04-20,16:00,Villa Mitre,Guillermo Brown,2,1,,,Torneo Federal A,2025,zonas,Zona 1,Fecha 6,El Fortín (BB),false,https://es.wikipedia.org/wiki/Torneo_Federal_A_2025
2025-04-20,16:15,Gimnasia y Esgrima (C),9 de Julio (R),2,1,,,Torneo Federal A,2025,zonas,Zona 3,Fecha 6,José María Paz,false,https://es.wikipedia.org/wiki/Torneo_Federal_A_2025
2025-04-20,16:15,Ramón Santamarina,Olimpo,1,1,,,Torneo Federal A,2025,zonas,Zona 1,Fecha 6,Municipal General San Martín,false,https://es.wikipedia.org/wiki/Torneo_Federal_A_2025
2025-04-20,16:30,Douglas Haig,Independiente (C),1,1,,,Torneo Federal A,2025,zonas,Zona 3,Fecha 6,Miguel Morales,false,https://es.wikipedia.org/wiki/Torneo_Federal_A_2025
2025-04-20,16:30,San Martín (SJ),Godoy Cruz,1,0,,,Primera Division - Apertura,2025,zonas,Zona B,Fecha 14,Ingeniero Hilario Sánchez,false,https://es.wikipedia.org/wiki/Anexo:Torneo_Apertura_2025_(Argentina)
2025-04-20,16:30,Sportivo Las Parejas,Defensores de Belgrano (VR),0,0,,,Torneo Federal A,2025,zonas,Zona 3,Fecha 6,4 de Septiembre,false,https://es.wikipedia.org/wiki/Torneo_Federal_A_2025
2025-04-20,17:00,Gimnasia y Tiro (S),Deportivo Madryn,1,1,,,Primera Nacional,2025,zonas,Zona A,Fecha 11,El Gigante del Norte,false,https://es.wikipedia.org/wiki/Campeonato_de_Primera_Nacional_2025
2025-04-20,17:00,Patronato,Colegiales,0,1,,,Primera Nacional,2025,zonas,Zona A,Fecha 11,Presbítero Bartolomé Grella,false,https://es.wikipedia.org/wiki/Campeonato_de_Primera_Nacional_2025
2025-04-20,17:10,Nueva Chicago,Deportivo Morón,1,2,,,Primera Nacional,2025,zonas,Zona B,Fecha 11,Nueva Chicago,false,https://es.wikipedia.org/wiki/Campeonato_de_Primera_Nacional_2025
2025-04-20,18:00,Ben Hur,Gimnasia y Esgrima (CdU),2,0,,,Torneo Federal A,2025,zonas,Zona 3,Fecha 6,Néstor Zenklusen,false,https://es.wikipedia.org/wiki/Torneo_Federal_A_2025
2025-04-20,18:00,Sarmiento (J),Platense,0,1,,,Primera Division - Apertura,2025,zonas,Zona B,Fecha 14,Eva Perón,false,https://es.wikipedia.org/wiki/Anexo:Torneo_Apertura_2025_(Argentina)
2025-04-20,20:00,Sportivo Belgrano,El Linqueño,3,1,,,Torneo Federal A,2025,zonas,Zona 3,Fecha 6,Juan Pablo Francia,false,https://es.wikipedia.org/wiki/Torneo_Federal_A_2025
2025-04-20,20:30,Rosario Central,Instituto,3,0,,,Primera Division - Apertura,2025,zonas,Zona B,Fecha 14,Gigante de Arroyito,false,https://es.wikipedia.org/wiki/Anexo:Torneo_Apertura_2025_(Argentina)
2025-04-21,,Central Ballester,Deportivo Paraguayo,3,1,,,Primera C,2025,zonas,Zona B,Fecha 7,Predio Cacique,false,https://es.wikipedia.org/wiki/Campeonato_de_Primera_C_2025_(Argentina)
2025-04-21,,Centro Español,Luján,1,2,,,Primera C,2025,zonas,Zona B,Fecha 7,Carlos Sacaan,false,https://es.wikipedia.org/wiki/Campeonato_de_Primera_C_2025_(Argentina)
2025-04-21,17:10,Defensores de Belgrano,Temperley,0,0,,,Primera Nacional,2025,zonas,Zona B,Fecha 11,Juan Pasquale,false,https://es.wikipedia.org/wiki/Campeonato_de_Primera_Nacional_2025
2025-04-21,21:15,Argentinos Juniors,Barracas Central,3,0,,,Primera Division - Apertura,2025,zonas,Zona A,Fecha 14,Diego Armando Maradona,false,https://es.wikipedia.org/wiki/Anexo:Torneo_Apertura_2025_(Argentina)
2025-04-21,21:15,Independiente Rivadavia,Aldosivi,1,0,,,Primera Division - Apertura,2025,zonas,Zona A,Fecha 14,Bautista Gargantini,false,https://es.wikipedia.org/wiki/Anexo:Torneo_Apertura_2025_(Argentina)
2025-04-21,título=Tras muerte del Papa Francisco la AFA suspende partidos del futbol argentino |fechaacceso=mismo día|fecha=2025-04-21,Ferro Carril Oeste,Atlanta,0,1,,,Primera Nacional,2025,zonas,Zona A,Fecha 11,Arquitecto Ricardo Etcheverri,false,https://es.wikipedia.org/wiki/Campeonato_de_Primera_Nacional_2025
2025-04-21,título=Tras muerte del Papa Francisco la AFA suspende partidos del futbol argentino |fechaacceso=mismo día|fecha=2025-04-21,Sacachispas,Acassuso,1,1,,,Primera B,2025,zonas,Torneo Apertura,Fecha 12,Beto Larrosa,false,https://es.wikipedia.org/wiki/Campeonato_de_Primera_B_2025_(Argentina)
2025-04-21,título=Tras muerte del Papa Francisco la AFA suspende partidos del futbol argentino |fechaacceso=mismo día|fecha=2025-04-21,Sportivo Barracas,Victoriano Arenas,2,0,,,Primera C,2025,zonas,Zona B,Fecha 7,Tres de Febrero,false,https://es.wikipedia.org/wiki/Campeonato_de_Primera_C_2025_(Argentina)
2025-04-21,título=Tras muerte del Papa Francisco la AFA suspende partidos del futbol argentino |fechaacceso=mismo día|fecha=2025-04-21,Tigre,Belgrano,0,0,,,Primera Division - Apertura,2025,zonas,Zona A,Fecha 14,Monumental de Victoria,false,https://es.wikipedia.org/wiki/Anexo:Torneo_Apertura_2025_(Argentina)
2025-04-23,sitioweb=TyC Sports}} }},Central Córdoba (R),El Porvenir,3,1,,,Primera C,2025,zonas,Zona A,Fecha 1,Gabino Sosa,false,https://es.wikipedia.org/wiki/Campeonato_de_Primera_C_2025_(Argentina)
2025-04-25,19:00,Ituzaingó,Leandro N. Alem,2,1,,,Primera C,2025,zonas,Zona A,Fecha 8,Carlos Sacaan,false,https://es.wikipedia.org/wiki/Campeonato_de_Primera_C_2025_(Argentina)
2025-04-25,20:00,Argentino de Merlo,Comunicaciones,1,1,,,Primera B,2025,zonas,Torneo Apertura,Fecha 13,Juan Carlos Brieva,false,https://es.wikipedia.org/wiki/Campeonato_de_Primera_B_2025_(Argentina)
2025-04-25,20:00,Excursionistas,Sacachispas,3,1,,,Primera B,2025,zonas,Torneo Apertura,Fecha 13,Excursionistas,false,https://es.wikipedia.org/wiki/Campeonato_de_Primera_B_2025_(Argentina)
2025-04-25,21:05,San Martín (SM),Huracán Las Heras,4,0,,,Torneo Federal A,2025,zonas,Zona 2,Fecha 7,Libertador General San Martín,false,https://es.wikipedia.org/wiki/Torneo_Federal_A_2025
2025-04-26,13:40,Atlanta,Patronato,1,1,,,Primera Nacional,2025,zonas,Zona A,Fecha 12,Don León Kolbowsky,false,https://es.wikipedia.org/wiki/Campeonato_de_Primera_Nacional_2025
2025-04-26,15:00,Aldosivi,Banfield,2,1,,,Primera Division - Apertura,2025,zonas,Zona A,Fecha 15,José María Minella,false,https://es.wikipedia.org/wiki/Anexo:Torneo_Apertura_2025_(Argentina)
2025-04-26,15:30,Argentino de Quilmes,Liniers,1,1,,,Primera B,2025,zonas,Torneo Apertura,Fecha 13,Argentino de Quilmes,false,https://es.wikipedia.org/wiki/Campeonato_de_Primera_B_2025_(Argentina)
2025-04-26,15:30,Boca Unidos,Sol de América (F),2,0,,,Torneo Federal A,2025,zonas,Zona 4,Fecha 7,Leoncio Benítez,false,https://es.wikipedia.org/wiki/Torneo_Federal_A_2025
2025-04-26,15:30,Claypole,El Porvenir,4,2,,,Primera C,2025,zonas,Zona A,Fecha 8,Rodolfo Capocasa,false,https://es.wikipedia.org/wiki/Campeonato_de_Primera_C_2025_(Argentina)
2025-04-26,15:30,Colegiales,Güemes (SdE),1,0,,,Primera Nacional,2025,zonas,Zona A,Fecha 12,Libertarios Unidos,false,https://es.wikipedia.org/wiki/Campeonato_de_Primera_Nacional_2025
2025-04-26,15:30,Defensores Unidos,Talleres (RdE),0,0,,,Primera Nacional,2025,zonas,Zona B,Fecha 12,Gigante de Villa Fox,false,https://es.wikipedia.org/wiki/Campeonato_de_Primera_Nacional_2025
2025-04-26,15:30,Deportivo Paraguayo,Deportivo Camioneros,0,3,,,Primera C,2025,zonas,Zona B,Fecha 8,Deportivo Paraguayo,false,https://es.wikipedia.org/wiki/Campeonato_de_Primera_C_2025_(Argentina)
2025-04-26,15:30,Flandria,Fénix,2,0,,,Primera B,2025,zonas,Torneo Apertura,Fecha 13,Carlos V,false,https://es.wikipedia.org/wiki/Campeonato_de_Primera_B_2025_(Argentina)
2025-04-26,15:30,Lugano,Central Córdoba (R),1,3,,,Primera C,2025,zonas,Zona A,Fecha 8,José María Moraños,false,https://es.wikipedia.org/wiki/Campeonato_de_Primera_C_2025_(Argentina)
2025-04-26,15:30,San Miguel,Los Andes,1,0,,,Primera Nacional,2025,zonas,Zona A,Fecha 12,Malvinas Argentinas,false,https://es.wikipedia.org/wiki/Campeonato_de_Primera_Nacional_2025
2025-04-26,15:30,Victoriano Arenas,Estrella del Sur,0,0,,,Primera C,2025,zonas,Zona B,Fecha 8,Saturnino Moure,false,https://es.wikipedia.org/wiki/Campeonato_de_Primera_C_2025_(Argentina)
2025-04-26,15:35,Argentino de Rosario,Yupanqui,2,2,,,Primera C,2025,zonas,Zona B,Fecha 8,José Martín Olaeta,false,https://es.wikipedia.org/wiki/Campeonato_de_Primera_C_2025_(Argentina)
2025-04-26,16:00,Defensores de Belgrano (VR),Sportivo Belgrano,2,1,,,Torneo Federal A,2025,zonas,Zona 3,Fecha 7,Salomón Boeseldín,false,https://es.wikipedia.org/wiki/Torneo_Federal_A_2025
2025-04-26,16:00,Deportivo Rincón,Villa Mitre,0,2,,,Torneo Federal A,2025,zonas,Zona 1,Fecha 7,Elías Moisés Gómez,false,https://es.wikipedia.org/wiki/Torneo_Federal_A_2025
2025-04-26,16:00,Gutiérrez,Sportivo Estudiantes (SL),1,3,,,Torneo Federal A,2025,zonas,Zona 2,Fecha 7,General Gutiérrez,false,https://es.wikipedia.org/wiki/Torneo_Federal_A_2025
2025-04-26,16:00,Juventud Unida Universitario,Ciudad de Bolívar,0,2,,,Torneo Federal A,2025,zonas,Zona 2,Fecha 7,Juan Gilberto Funes,false,https://es.wikipedia.org/wiki/Torneo_Federal_A_2025
2025-04-26,16:00,San Martín (F),Juventud Antoniana,0,0,,,Torneo Federal A,2025,zonas,Zona 4,Fecha 7,17 de Octubre,false,https://es.wikipedia.org/wiki/Torneo_Federal_A_2025
2025-04-26,16:30,Bartolomé Mitre (P),Atlético de Rafaela,0,1,,,Torneo Federal A,2025,zonas,Zona 4,Fecha 7,Ernesto Cucchiaroni,false,https://es.wikipedia.org/wiki/Torneo_Federal_A_2025
2025-04-26,16:30,Chaco For Ever,San Telmo,1,2,,,Primera Nacional,2025,zonas,Zona B,Fecha 12,Juan Alberto García,false,https://es.wikipedia.org/wiki/Campeonato_de_Primera_Nacional_2025
2025-04-26,17:00,San Lorenzo,Rosario Central,0,1,,,Primera Division - Apertura,2025,zonas,Zona B,Fecha 15,Nuevo Gasómetro,false,https://es.wikipedia.org/wiki/Anexo:Torneo_Apertura_2025_(Argentina)
2025-04-26,17:10,Estudiantes (BA),Deportivo Morón,0,1,,,Primera Nacional,2025,zonas,Zona B,Fecha 12,Ciudad de Caseros,false,https://es.wikipedia.org/wiki/Campeonato_de_Primera_Nacional_2025
2025-04-26,17:45,Ferrocarril Midland,Deportivo Merlo,0,0,,,Primera B,2025,zonas,Torneo Apertura,Fecha 13,Ciudad de Libertad,false,https://es.wikipedia.org/wiki/Campeonato_de_Primera_B_2025_(Argentina)
2025-04-26,18:00,Deportivo Madryn,Deportivo Maipú,1,1,,,Primera Nacional,2025,zonas,Zona A,Fecha 12,Abel Sastre,false,https://es.wikipedia.org/wiki/Campeonato_de_Primera_Nacional_2025
2025-04-26,19:00,Belgrano,Argentinos Juniors,1,1,,,Primera Division - Apertura,2025,zonas,Zona A,Fecha 15,Gigante de Alberdi,false,https://es.wikipedia.org/wiki/Anexo:Torneo_Apertura_2025_(Argentina)
2025-04-26,19:00,Costa Brava,Atenas (RC),1,0,,,Torneo Federal A,2025,zonas,Zona 2,Fecha 7,Nuevo Pacaembú,false,https://es.wikipedia.org/wiki/Torneo_Federal_A_2025
2025-04-26,19:10,Quilmes,Almagro,0,1,,,Primera Nacional,2025,zonas,Zona A,Fecha 12,Centenario Ciudad de Quilmes,false,https://es.wikipedia.org/wiki/Campeonato_de_Primera_Nacional_2025
2025-04-26,19:30,Gimnasia y Esgrima (CdU),Sportivo Las Parejas,3,0,,,Torneo Federal A,2025,zonas,Zona 3,Fecha 7,Manuel y Ramón Núñez,false,https://es.wikipedia.org/wiki/Torneo_Federal_A_2025
2025-04-26,20:00,Arsenal,San Martín (T),0,1,,,Primera Nacional,2025,zonas,Zona A,Fecha 12,El Viaducto,false,https://es.wikipedia.org/wiki/Campeonato_de_Primera_Nacional_2025
2025-04-27,11:00,9 de Julio (R),Douglas Haig,0,1,,,Torneo Federal A,2025,zonas,Zona 3,Fecha 7,Germán Solterman,false,https://es.wikipedia.org/wiki/Torneo_Federal_A_2025
2025-04-27,11:00,Guillermo Brown,Círculo Deportivo,0,1,,,Torneo Federal A,2025,zonas,Zona 1,Fecha 7,Raúl Conti,false,https://es.wikipedia.org/wiki/Torneo_Federal_A_2025
2025-04-27,11:00,Independiente (C),Ben Hur,2,1,,,Torneo Federal A,2025,zonas,Zona 3,Fecha 7,Raúl Orlando Lungarzo,false,https://es.wikipedia.org/wiki/Torneo_Federal_A_2025
2025-04-27,11:00,Olimpo,Germinal,1,2,,,Torneo Federal A,2025,zonas,Zona 1,Fecha 7,Roberto N. Carminatti,false,https://es.wikipedia.org/wiki/Torneo_Federal_A_2025
2025-04-27,11:00,Sol de Mayo (V),Kimberley,1,2,,,Torneo Federal A,2025,zonas,Zona 1,Fecha 7,Sol de Mayo,false,https://es.wikipedia.org/wiki/Torneo_Federal_A_2025
2025-04-27,11:00,Villa Dálmine,Deportivo Laferrere,2,0,,,Primera B,2025,zonas,Torneo Apertura,Fecha 13,El Coliseo de Mitre y Puccini,false,https://es.wikipedia.org/wiki/Campeonato_de_Primera_B_2025_(Argentina)
2025-04-27,11:45,Brown de Adrogué,Deportivo Armenio,1,1,,,Primera B,2025,zonas,Torneo Apertura,Fecha 13,Lorenzo Arandilla,false,https://es.wikipedia.org/wiki/Campeonato_de_Primera_B_2025_(Argentina)
2025-04-27,12:00,Alvarado,Gimnasia y Tiro (S),2,1,,,Primera Nacional,2025,zonas,Zona A,Fecha 12,José María Minella,false,https://es.wikipedia.org/wiki/Campeonato_de_Primera_Nacional_2025
2025-04-27,13:00,Cipolletti,Ramón Santamarina,3,0,,,Torneo Federal A,2025,zonas,Zona 1,Fecha 7,La Visera de Cemento,false,https://es.wikipedia.org/wiki/Torneo_Federal_A_2025
2025-04-27,13:00,Luján,Juventud Unida,1,1,,,Primera C,2025,zonas,Zona B,Fecha 8,1.º de Abril,false,https://es.wikipedia.org/wiki/Campeonato_de_Primera_C_2025_(Argentina)
2025-04-27,15:00,Almirante Brown,Agropecuario,0,0,,,Primera Nacional,2025,zonas,Zona B,Fecha 12,Fragata Presidente Sarmiento,false,https://es.wikipedia.org/wiki/Campeonato_de_Primera_Nacional_2025
2025-04-27,15:30,Atlas,Centro Español,1,1,,,Primera C,2025,zonas,Zona B,Fecha 8,Ricardo Puga,false,https://es.wikipedia.org/wiki/Campeonato_de_Primera_C_2025_(Argentina)
2025-04-27,15:30,Berazategui,Mercedes,3,1,,,Primera C,2025,zonas,Zona A,Fecha 8,Norman Lee,false,https://es.wikipedia.org/wiki/Campeonato_de_Primera_C_2025_(Argentina)
2025-04-27,15:30,Cañuelas,General Lamadrid,2,1,,,Primera C,2025,zonas,Zona B,Fecha 8,Jorge Arin,false,https://es.wikipedia.org/wiki/Campeonato_de_Primera_C_2025_(Argentina)
2025-04-27,15:30,Central Ballester,Sportivo Barracas,0,0,,,Primera C,2025,zonas,Zona B,Fecha 8,Predio Cacique,false,https://es.wikipedia.org/wiki/Campeonato_de_Primera_C_2025_(Argentina)
2025-04-27,15:30,Muñiz,J. J. de Urquiza,1,1,,,Primera C,2025,zonas,Zona A,Fecha 8,Ciudad de San Miguel,false,https://es.wikipedia.org/wiki/Campeonato_de_Primera_C_2025_(Argentina)
2025-04-27,15:30,River Plate,Boca Juniors,2,1,,,Primera Division - Apertura,2025,zonas,Interzonal,Fecha 15,Monumental,false,https://es.wikipedia.org/wiki/Anexo:Torneo_Apertura_2025_(Argentina)
2025-04-27,15:30,Temperley,Estudiantes (RC),1,0,,,Primera Nacional,2025,zonas,Zona B,Fecha 12,Alfredo Beranger,false,https://es.wikipedia.org/wiki/Campeonato_de_Primera_Nacional_2025
2025-04-27,15:30,UAI Urquiza,Villa San Carlos,1,1,,,Primera B,2025,zonas,Torneo Apertura,Fecha 13,Monumental de Villa Lynch,false,https://es.wikipedia.org/wiki/Campeonato_de_Primera_B_2025_(Argentina)
2025-04-27,16:00,Gimnasia y Esgrima (M),Nueva Chicago,1,1,,,Primera Nacional,2025,zonas,Zona B,Fecha 12,Víctor Antonio Legrotaglie,false,https://es.wikipedia.org/wiki/Campeonato_de_Primera_Nacional_2025
2025-04-27,16:00,Racing Club,Ferro Carril Oeste,4,0,,,Primera Nacional,2025,zonas,Zona A,Fecha 12,Miguel Sancho,false,https://es.wikipedia.org/wiki/Campeonato_de_Primera_Nacional_2025
2025-04-27,17:00,Mitre (SdE),Chacarita Juniors,0,0,,,Primera Nacional,2025,zonas,Zona B,Fecha 12,Doctores José y Antonio Castiglione,false,https://es.wikipedia.org/wiki/Campeonato_de_Primera_Nacional_2025
2025-04-27,18:30,Central Norte (S),Gimnasia y Esgrima (J),1,2,,,Primera Nacional,2025,zonas,Zona B,Fecha 12,Padre Ernesto Martearena,false,https://es.wikipedia.org/wiki/Campeonato_de_Primera_Nacional_2025
2025-04-27,19:00,Instituto,Sarmiento (J),1,1,,,Primera Division - Apertura,2025,zonas,Zona B,Fecha 15,Monumental de Alta Córdoba,false,https://es.wikipedia.org/wiki/Anexo:Torneo_Apertura_2025_(Argentina)
2025-04-27,19:00,Lanús,San Martín (SJ),1,0,,,Primera Division - Apertura,2025,zonas,Zona B,Fecha 15,Ciudad de Lanús,false,https://es.wikipedia.org/wiki/Anexo:Torneo_Apertura_2025_(Argentina)
2025-04-27,19:00,Sarmiento (R),Crucero del Norte,0,0,,,Torneo Federal A,2025,zonas,Zona 4,Fecha 7,Centenario,false,https://es.wikipedia.org/wiki/Torneo_Federal_A_2025
2025-04-27,20:15,Colón,Defensores de Belgrano,0,1,,,Primera Nacional,2025,zonas,Zona B,Fecha 12,Brigadier Estanislao López,false,https://es.wikipedia.org/wiki/Campeonato_de_Primera_Nacional_2025
2025-04-27,21:15,Independiente,Deportivo Riestra,0,0,,,Primera Division - Apertura,2025,zonas,Zona B,Fecha 15,Libertadores de América,false,https://es.wikipedia.org/wiki/Anexo:Torneo_Apertura_2025_(Argentina)
2025-04-28,15:00,Barracas Central,Unión,2,1,,,Primera Division - Apertura,2025,zonas,Zona A,Fecha 15,El Viaducto,false,https://es.wikipedia.org/wiki/Anexo:Torneo_Apertura_2025_(Argentina)
2025-04-28,15:30,Acassuso,San Martín (B),1,2,,,Primera B,2025,zonas,Torneo Apertura,Fecha 13,La Quema,false,https://es.wikipedia.org/wiki/Campeonato_de_Primera_B_2025_(Argentina)
2025-04-28,15:30,Deportivo Español,Defensores de Cambaceres,2,0,,,Primera C,2025,zonas,Zona A,Fecha 8,Nueva España,false,https://es.wikipedia.org/wiki/Campeonato_de_Primera_C_2025_(Argentina)
2025-04-28,17:15,Godoy Cruz,Atlético Tucumán,1,0,,,Primera Division - Apertura,2025,zonas,Zona B,Fecha 15,Malvinas Argentinas,false,https://es.wikipedia.org/wiki/Anexo:Torneo_Apertura_2025_(Argentina)
2025-04-28,19:30,Defensa y Justicia,Racing Club,1,2,,,Primera Division - Apertura,2025,zonas,Zona A,Fecha 15,Norberto Tomaghello,false,https://es.wikipedia.org/wiki/Anexo:Torneo_Apertura_2025_(Argentina)
2025-04-28,19:30,Estudiantes (LP),Tigre,0,0,,,Primera Division - Apertura,2025,zonas,Zona A,Fecha 15,Jorge Luis Hirschi,false,https://es.wikipedia.org/wiki/Anexo:Torneo_Apertura_2025_(Argentina)
2025-04-28,20:30,El Linqueño,Gimnasia y Esgrima (C),0,0,,,Torneo Federal A,2025,zonas,Zona 3,Fecha 7,Leonardo Costa,false,https://es.wikipedia.org/wiki/Torneo_Federal_A_2025
2025-04-28,21:10,All Boys,Tristán Suárez,0,2,,,Primera Nacional,2025,zonas,Zona A,Fecha 12,Islas Malvinas,false,https://es.wikipedia.org/wiki/Campeonato_de_Primera_Nacional_2025
2025-04-28,21:45,Central Córdoba (SdE),Independiente Rivadavia,1,2,,,Primera Division - Apertura,2025,zonas,Zona A,Fecha 15,Único Madre de Ciudades,false,https://es.wikipedia.org/wiki/Anexo:Torneo_Apertura_2025_(Argentina)
2025-04-28,21:45,Vélez Sarsfield,Gimnasia y Esgrima (LP),1,0,,,Primera Division - Apertura,2025,zonas,Zona B,Fecha 15,José Amalfitani,false,https://es.wikipedia.org/wiki/Anexo:Torneo_Apertura_2025_(Argentina)
2025-04-29,19:00,Newell's Old Boys,Huracán,2,0,,,Primera Division - Apertura,2025,zonas,Zona A,Fecha 15,Marcelo Bielsa,false,https://es.wikipedia.org/wiki/Anexo:Torneo_Apertura_2025_(Argentina)
2025-04-29,19:00,Platense,Talleres (C),2,1,,,Primera Division - Apertura,2025,zonas,Zona B,Fecha 15,Ciudad de Vicente López,false,https://es.wikipedia.org/wiki/Anexo:Torneo_Apertura_2025_(Argentina)
2025-04-29,20:00,Sportivo Italiano,Dock Sud,0,1,,,Primera B,2025,zonas,Torneo Apertura,Fecha 13,República de Italia,false,https://es.wikipedia.org/wiki/Campeonato_de_Primera_B_2025_(Argentina)
2025-05-02,12:00,Yupanqui,Luján,1,2,,,Primera C,2025,zonas,Zona B,Fecha 9,Ciudad Evita,false,https://es.wikipedia.org/wiki/Campeonato_de_Primera_C_2025_(Argentina)
2025-05-02,15:05,Leandro N. Alem,Berazategui,0,1,,,Primera C,2025,zonas,Zona A,Fecha 9,Leandro N. Alem,false,https://es.wikipedia.org/wiki/Campeonato_de_Primera_C_2025_(Argentina)
2025-05-02,15:30,Argentinos Juniors,Estudiantes (LP),4,0,,,Primera Division - Apertura,2025,zonas,Zona A,Fecha 16,Diego Armando Maradona,false,https://es.wikipedia.org/wiki/Anexo:Torneo_Apertura_2025_(Argentina)
2025-05-02,15:30,Banfield,Central Córdoba (SdE),3,1,,,Primera Division - Apertura,2025,zonas,Zona A,Fecha 16,Florencio Sola,false,https://es.wikipedia.org/wiki/Anexo:Torneo_Apertura_2025_(Argentina)
2025-05-02,15:30,Centro Español,Cañuelas,1,1,,,Primera C,2025,zonas,Zona B,Fecha 9,Carlos Sacaan,false,https://es.wikipedia.org/wiki/Campeonato_de_Primera_C_2025_(Argentina)
2025-05-02,15:30,Ciudad de Bolívar,San Martín (SM),2,1,,,Torneo Federal A,2025,zonas,Zona 2,Fecha 8,Municipal Eva Perón,false,https://es.wikipedia.org/wiki/Torneo_Federal_A_2025
2025-05-02,15:30,Defensores de Cambaceres,Ituzaingó,0,0,,,Primera C,2025,zonas,Zona A,Fecha 9,12 de Octubre,false,https://es.wikipedia.org/wiki/Campeonato_de_Primera_C_2025_(Argentina)
2025-05-02,15:30,Independiente Rivadavia,Defensa y Justicia,3,2,,,Primera Division - Apertura,2025,zonas,Zona A,Fecha 16,Bautista Gargantini,false,https://es.wikipedia.org/wiki/Anexo:Torneo_Apertura_2025_(Argentina)
2025-05-02,15:30,Mercedes,Lugano,1,1,,,Primera C,2025,zonas,Zona A,Fecha 9,Liga Mercedina,false,https://es.wikipedia.org/wiki/Campeonato_de_Primera_C_2025_(Argentina)
2025-05-02,15:30,Racing Club,Newell's Old Boys,1,0,,,Primera Division - Apertura,2025,zonas,Zona A,Fecha 16,El Cilindro,false,https://es.wikipedia.org/wiki/Anexo:Torneo_Apertura_2025_(Argentina)
2025-05-02,18:00,Unión,Belgrano,1,1,,,Primera Division - Apertura,2025,zonas,Zona A,Fecha 16,15 de Abril,false,https://es.wikipedia.org/wiki/Anexo:Torneo_Apertura_2025_(Argentina)
2025-05-02,20:10,San Martín (T),Colegiales,2,0,,,Primera Nacional,2025,zonas,Zona A,Fecha 13,La Ciudadela,false,https://es.wikipedia.org/wiki/Campeonato_de_Primera_Nacional_2025
2025-05-02,20:15,Sportivo Belgrano,Gimnasia y Esgrima (CdU),4,0,,,Torneo Federal A,2025,zonas,Zona 3,Fecha 8,Juan Pablo Francia,false,https://es.wikipedia.org/wiki/Torneo_Federal_A_2025
2025-05-02,22:00,Juventud Antoniana,Boca Unidos,2,1,,,Torneo Federal A,2025,zonas,Zona 4,Fecha 8,Padre Ernesto Martearena,false,https://es.wikipedia.org/wiki/Torneo_Federal_A_2025
2025-05-03,11:00,Estrella del Sur,Central Ballester,1,1,,,Primera C,2025,zonas,Zona B,Fecha 9,Lorenzo Arandilla,false,https://es.wikipedia.org/wiki/Campeonato_de_Primera_C_2025_(Argentina)
2025-05-03,15:00,Güemes (SdE),Atlanta,2,0,,,Primera Nacional,2025,zonas,Zona A,Fecha 13,Arturo Miranda,false,https://es.wikipedia.org/wiki/Campeonato_de_Primera_Nacional_2025
2025-05-03,15:30,Almagro,San Miguel,1,0,,,Primera Nacional,2025,zonas,Zona A,Fecha 13,Tres de Febrero,false,https://es.wikipedia.org/wiki/Campeonato_de_Primera_Nacional_2025
2025-05-03,15:30,Deportivo Armenio,Acassuso,0,3,,,Primera B,2025,zonas,Torneo Apertura,Fecha 14,Armenia,false,https://es.wikipedia.org/wiki/Campeonato_de_Primera_B_2025_(Argentina)
2025-05-03,15:30,Deportivo Camioneros,Argentino de Rosario,2,0,,,Primera C,2025,zonas,Zona B,Fecha 9,Hugo Moyano,false,https://es.wikipedia.org/wiki/Campeonato_de_Primera_C_2025_(Argentina)
2025-05-03,15:30,Deportivo Laferrere,Argentino de Quilmes,0,0,,,Primera B,2025,zonas,Torneo Apertura,Fecha 14,Ciudad de Laferrere,false,https://es.wikipedia.org/wiki/Campeonato_de_Primera_B_2025_(Argentina)
2025-05-03,15:30,El Porvenir,Deportivo Español,0,1,,,Primera C,2025,zonas,Zona A,Fecha 9,Gildo Francisco Ghersinich,false,https://es.wikipedia.org/wiki/Campeonato_de_Primera_C_2025_(Argentina)
2025-05-03,15:30,J. J. de Urquiza,Claypole,1,2,,,Primera C,2025,zonas,Zona A,Fecha 9,Ramón Roque Martín,false,https://es.wikipedia.org/wiki/Campeonato_de_Primera_C_2025_(Argentina)
2025-05-03,15:30,Juventud Unida,Atlas,2,1,,,Primera C,2025,zonas,Zona B,Fecha 9,Ciudad de San Miguel,false,https://es.wikipedia.org/wiki/Campeonato_de_Primera_C_2025_(Argentina)
2025-05-03,15:30,San Martín (B),Excursionistas,0,1,,,Primera B,2025,zonas,Torneo Apertura,Fecha 14,Francisco Boga,false,https://es.wikipedia.org/wiki/Campeonato_de_Primera_B_2025_(Argentina)
2025-05-03,15:30,San Telmo,Almirante Brown,0,1,,,Primera Nacional,2025,zonas,Zona B,Fecha 13,Doctor Osvaldo Baletto,false,https://es.wikipedia.org/wiki/Campeonato_de_Primera_Nacional_2025
2025-05-03,15:30,Villa San Carlos,Real Pilar,1,2,,,Primera B,2025,zonas,Torneo Apertura,Fecha 14,Genacio Sálice,false,https://es.wikipedia.org/wiki/Campeonato_de_Primera_B_2025_(Argentina)
2025-05-03,16:00,Deportivo Riestra,Godoy Cruz,3,0,,,Primera Division - Apertura,2025,zonas,Zona B,Fecha 16,Guillermo Laza,false,https://es.wikipedia.org/wiki/Anexo:Torneo_Apertura_2025_(Argentina)
2025-05-03,16:00,Sarmiento (J),San Lorenzo,1,1,,,Primera Division - Apertura,2025,zonas,Zona B,Fecha 16,Eva Perón,false,https://es.wikipedia.org/wiki/Anexo:Torneo_Apertura_2025_(Argentina)
2025-05-03,16:00,Talleres (C),Instituto,1,2,,,Primera Division - Apertura,2025,zonas,Zona B,Fecha 16,Mario Alberto Kempes,false,https://es.wikipedia.org/wiki/Anexo:Torneo_Apertura_2025_(Argentina)
2025-05-03,17:05,Los Andes,Deportivo Madryn,2,1,,,Primera Nacional,2025,zonas,Zona A,Fecha 13,Eduardo Gallardón,false,https://es.wikipedia.org/wiki/Campeonato_de_Primera_Nacional_2025
2025-05-03,18:05,Atlético de Rafaela,Sarmiento (LB),2,1,,,Torneo Federal A,2025,zonas,Zona 4,Fecha 8,Nuevo Monumental,false,https://es.wikipedia.org/wiki/Torneo_Federal_A_2025
2025-05-03,18:30,Rosario Central,Independiente,1,0,,,Primera Division - Apertura,2025,zonas,Zona B,Fecha 16,Gigante de Arroyito,false,https://es.wikipedia.org/wiki/Anexo:Torneo_Apertura_2025_(Argentina)
2025-05-03,19:05,Deportivo Morón,Defensores Unidos,4,0,,,Primera Nacional,2025,zonas,Zona B,Fecha 13,Nuevo Francisco Urbano,false,https://es.wikipedia.org/wiki/Campeonato_de_Primera_Nacional_2025
2025-05-03,20:10,Deportivo Merlo,Sportivo Italiano,1,2,,,Primera B,2025,zonas,Torneo Apertura,Fecha 14,José Manuel Moreno,false,https://es.wikipedia.org/wiki/Campeonato_de_Primera_B_2025_(Argentina)
2025-05-03,21:00,Atlético Tucumán,Lanús,1,0,,,Primera Division - Apertura,2025,zonas,Zona B,Fecha 16,Monumental José Fierro,false,https://es.wikipedia.org/wiki/Anexo:Torneo_Apertura_2025_(Argentina)
2025-05-03,21:00,Huracán,Barracas Central,0,1,,,Primera Division - Apertura,2025,zonas,Zona A,Fecha 16,Tomás Adolfo Ducó,false,https://es.wikipedia.org/wiki/Anexo:Torneo_Apertura_2025_(Argentina)
2025-05-03,21:10,Ferro Carril Oeste,Quilmes,1,0,,,Primera Nacional,2025,zonas,Zona A,Fecha 13,Arquitecto Ricardo Etcheverri,false,https://es.wikipedia.org/wiki/Campeonato_de_Primera_Nacional_2025
2025-05-04,11:00,Kimberley,Guillermo Brown,1,1,,,Torneo Federal A,2025,zonas,Zona 1,Fecha 8,José Alberto Valle,false,https://es.wikipedia.org/wiki/Torneo_Federal_A_2025
2025-05-04,11:00,Ramón Santamarina,Sol de Mayo (V),0,1,,,Torneo Federal A,2025,zonas,Zona 1,Fecha 8,Municipal General San Martín,false,https://es.wikipedia.org/wiki/Torneo_Federal_A_2025
2025-05-04,15:00,Chacarita Juniors,Chaco For Ever,0,3,,,Primera Nacional,2025,zonas,Zona B,Fecha 13,Chacarita Juniors,false,https://es.wikipedia.org/wiki/Campeonato_de_Primera_Nacional_2025
2025-05-04,15:00,Círculo Deportivo,Villa Mitre,1,0,,,Torneo Federal A,2025,zonas,Zona 1,Fecha 8,Guillermo Trama,false,https://es.wikipedia.org/wiki/Torneo_Federal_A_2025
2025-05-04,15:00,Germinal,Cipolletti,0,1,,,Torneo Federal A,2025,zonas,Zona 1,Fecha 8,El Fortín (R),false,https://es.wikipedia.org/wiki/Torneo_Federal_A_2025
2025-05-04,15:30,Central Córdoba (R),Puerto Nuevo,2,1,,,Primera C,2025,zonas,Zona A,Fecha 9,Gabino Sosa,false,https://es.wikipedia.org/wiki/Campeonato_de_Primera_C_2025_(Argentina)
2025-05-04,15:30,Comunicaciones,Brown de Adrogué,2,0,,,Primera B,2025,zonas,Torneo Apertura,Fecha 14,Alfredo Ramos,false,https://es.wikipedia.org/wiki/Campeonato_de_Primera_B_2025_(Argentina)
2025-05-04,15:30,Deportivo Maipú,Alvarado,3,0,,,Primera Nacional,2025,zonas,Zona A,Fecha 13,Omar Higinio Sperdutti,false,https://es.wikipedia.org/wiki/Campeonato_de_Primera_Nacional_2025
2025-05-04,15:30,Dock Sud,UAI Urquiza,0,0,,,Primera B,2025,zonas,Torneo Apertura,Fecha 14,De los Inmigrantes,false,https://es.wikipedia.org/wiki/Campeonato_de_Primera_B_2025_(Argentina)
2025-05-04,15:30,Gimnasia y Esgrima (C),Defensores de Belgrano (VR),2,1,,,Torneo Federal A,2025,zonas,Zona 3,Fecha 8,José María Paz,false,https://es.wikipedia.org/wiki/Torneo_Federal_A_2025
2025-05-04,15:30,Gimnasia y Esgrima (LP),Platense,1,0,,,Primera Division - Apertura,2025,zonas,Zona B,Fecha 16,Del Bosque,false,https://es.wikipedia.org/wiki/Anexo:Torneo_Apertura_2025_(Argentina)
2025-05-04,15:30,Liniers,Argentino de Merlo,1,3,,,Primera B,2025,zonas,Torneo Apertura,Fecha 14,Juan Antonio Arias,false,https://es.wikipedia.org/wiki/Campeonato_de_Primera_B_2025_(Argentina)
2025-05-04,15:30,Olimpo,Deportivo Rincón,2,1,,,Torneo Federal A,2025,zonas,Zona 1,Fecha 8,Roberto N. Carminatti,false,https://es.wikipedia.org/wiki/Torneo_Federal_A_2025
2025-05-04,15:30,San Martín (SJ),Aldosivi,0,3,,,Primera Division - Apertura,2025,zonas,Interzonal,Fecha 16,Ingeniero Hilario Sánchez,false,https://es.wikipedia.org/wiki/Anexo:Torneo_Apertura_2025_(Argentina)
2025-05-04,15:30,Talleres (RdE),Temperley,0,0,,,Primera Nacional,2025,zonas,Zona B,Fecha 13,Pablo Comelli,false,https://es.wikipedia.org/wiki/Campeonato_de_Primera_Nacional_2025
2025-05-04,15:35,Tristán Suárez,Arsenal,3,1,,,Primera Nacional,2025,zonas,Zona A,Fecha 13,20 de Octubre,false,https://es.wikipedia.org/wiki/Campeonato_de_Primera_Nacional_2025
2025-05-04,15:45,Sol de América (F),Bartolomé Mitre (P),0,1,,,Torneo Federal A,2025,zonas,Zona 4,Fecha 8,Sol de América,false,https://es.wikipedia.org/wiki/Torneo_Federal_A_2025
2025-05-04,16:00,Crucero del Norte,San Martín (F),0,1,,,Torneo Federal A,2025,zonas,Zona 4,Fecha 8,Comandante Andrés Guacurarí,false,https://es.wikipedia.org/wiki/Torneo_Federal_A_2025
2025-05-04,16:00,El Linqueño,9 de Julio (R),1,1,,,Torneo Federal A,2025,zonas,Zona 3,Fecha 8,Leonardo Costa,false,https://es.wikipedia.org/wiki/Torneo_Federal_A_2025
2025-05-04,16:00,Estudiantes (RC),Colón,2,1,,,Primera Nacional,2025,zonas,Zona B,Fecha 13,Antonio Candini,false,https://es.wikipedia.org/wiki/Campeonato_de_Primera_Nacional_2025
2025-05-04,16:00,Gimnasia y Esgrima (J),Gimnasia y Esgrima (M),2,0,,,Primera Nacional,2025,zonas,Zona B,Fecha 13,23 de Agosto,false,https://es.wikipedia.org/wiki/Campeonato_de_Primera_Nacional_2025
2025-05-04,16:00,Huracán Las Heras,Argentino (MM),2,1,,,Torneo Federal A,2025,zonas,Zona 2,Fecha 8,General San Martín,false,https://es.wikipedia.org/wiki/Torneo_Federal_A_2025
2025-05-04,16:30,Sportivo Las Parejas,Independiente (C),0,1,,,Torneo Federal A,2025,zonas,Zona 3,Fecha 8,4 de Septiembre,false,https://es.wikipedia.org/wiki/Torneo_Federal_A_2025
2025-05-04,17:00,Ben Hur,Douglas Haig,3,2,,,Torneo Federal A,2025,zonas,Zona 3,Fecha 8,Néstor Zenklusen,false,https://es.wikipedia.org/wiki/Torneo_Federal_A_2025
2025-05-04,17:00,Gimnasia y Tiro (S),All Boys,0,0,,,Primera Nacional,2025,zonas,Zona A,Fecha 13,El Gigante del Norte,false,https://es.wikipedia.org/wiki/Campeonato_de_Primera_Nacional_2025
2025-05-04,17:00,Patronato,Racing Club,3,2,,,Primera Nacional,2025,zonas,Zona A,Fecha 13,Presbítero Bartolomé Grella,false,https://es.wikipedia.org/wiki/Campeonato_de_Primera_Nacional_2025
2025-05-04,18:00,Tigre,Boca Juniors,1,1,,,Primera Division - Apertura,2025,zonas,Zona A,Fecha 16,Monumental de Victoria,false,https://es.wikipedia.org/wiki/Anexo:Torneo_Apertura_2025_(Argentina)
2025-05-04,20:30,River Plate,Vélez Sarsfield,4,1,,,Primera Division - Apertura,2025,zonas,Zona B,Fecha 16,Monumental,false,https://es.wikipedia.org/wiki/Anexo:Torneo_Apertura_2025_(Argentina)
2025-05-05,15:30,Fénix,Villa Dálmine,1,1,,,Primera B,2025,zonas,Torneo Apertura,Fecha 14,Raúl Salvucci,false,https://es.wikipedia.org/wiki/Campeonato_de_Primera_B_2025_(Argentina)
2025-05-05,15:30,Sportivo Barracas,Deportivo Paraguayo,0,0,,,Primera C,2025,zonas,Zona B,Fecha 9,Tres de Febrero,false,https://es.wikipedia.org/wiki/Campeonato_de_Primera_C_2025_(Argentina)
2025-05-05,17:05,Nueva Chicago,Estudiantes (BA),2,1,,,Primera Nacional,2025,zonas,Zona B,Fecha 13,Nueva Chicago,false,https://es.wikipedia.org/wiki/Campeonato_de_Primera_Nacional_2025
2025-05-05,20:00,Agropecuario,Central Norte (S),2,0,,,Primera Nacional,2025,zonas,Zona B,Fecha 13,Ofelia Rosenzuaig,false,https://es.wikipedia.org/wiki/Campeonato_de_Primera_Nacional_2025
2025-05-05,21:00,Atenas (RC),Gutiérrez,4,1,,,Torneo Federal A,2025,zonas,Zona 2,Fecha 8,9 de Julio,false,https://es.wikipedia.org/wiki/Torneo_Federal_A_2025
2025-05-05,21:10,Defensores de Belgrano,Mitre (SdE),1,0,,,Primera Nacional,2025,zonas,Zona B,Fecha 13,Juan Pasquale,false,https://es.wikipedia.org/wiki/Campeonato_de_Primera_Nacional_2025
2025-05-05,sitioweb=Interior Futbolero}} Se dio por finalizado.}},Sportivo Estudiantes (SL),Juventud Unida Universitario,1,1,,,Torneo Federal A,2025,zonas,Zona 2,Fecha 8,Héctor Odicino y Pedro Benoza,false,https://es.wikipedia.org/wiki/Torneo_Federal_A_2025
2025-05-06,15:30,General Lamadrid,Victoriano Arenas,0,2,,,Primera C,2025,zonas,Zona B,Fecha 9,Enrique Sexto,false,https://es.wikipedia.org/wiki/Campeonato_de_Primera_C_2025_(Argentina)
2025-05-06,15:35,Sacachispas,Ferrocarril Midland,0,0,,,Primera B,2025,zonas,Torneo Apertura,Fecha 14,Beto Larrosa,false,https://es.wikipedia.org/wiki/Campeonato_de_Primera_B_2025_(Argentina)
2025-05-09,20:00,Arsenal,Gimnasia y Tiro (S),0,0,,,Primera Nacional,2025,zonas,Zona A,Fecha 14,El Viaducto,false,https://es.wikipedia.org/wiki/Campeonato_de_Primera_Nacional_2025
2025-05-09,20:00,Excursionistas,Deportivo Armenio,1,0,,,Primera B,2025,zonas,Torneo Apertura,Fecha 15,Excursionistas,false,https://es.wikipedia.org/wiki/Campeonato_de_Primera_B_2025_(Argentina)
2025-05-10,,Boca Juniors,Lanús,0,0,4,2,Primera Division - Apertura,2025,eliminacion,,Octavos,Estadio La Bombonera,false,https://es.wikipedia.org/wiki/Anexo:Torneo_Apertura_2025_(Argentina)
2025-05-10,,Racing Club,Platense,0,1,,,Primera Division - Apertura,2025,eliminacion,,Octavos,Estadio El Cilindro,false,https://es.wikipedia.org/wiki/Anexo:Torneo_Apertura_2025_(Argentina)
2025-05-10,,Rosario Central,Estudiantes (LP),2,0,,,Primera Division - Apertura,2025,eliminacion,,Octavos,Estadio Gigante de Arroyito,false,https://es.wikipedia.org/wiki/Anexo:Torneo_Apertura_2025_(Argentina)
2025-05-10,,San Lorenzo,Tigre,2,1,,,Primera Division - Apertura,2025,eliminacion,,Octavos,Estadio Nuevo Gasómetro,false,https://es.wikipedia.org/wiki/Anexo:Torneo_Apertura_2025_(Argentina)
2025-05-10,13:35,Real Pilar,Dock Sud,3,1,,,Primera B,2025,zonas,Torneo Apertura,Fecha 15,Carlos Barraza,false,https://es.wikipedia.org/wiki/Campeonato_de_Primera_B_2025_(Argentina)
2025-05-10,15:00,Brown de Adrogué,Liniers,0,1,,,Primera B,2025,zonas,Torneo Apertura,Fecha 15,Lorenzo Arandilla,false,https://es.wikipedia.org/wiki/Campeonato_de_Primera_B_2025_(Argentina)
2025-05-10,15:30,Acassuso,Comunicaciones,0,0,,,Primera B,2025,zonas,Torneo Apertura,Fecha 15,La Quema,false,https://es.wikipedia.org/wiki/Campeonato_de_Primera_B_2025_(Argentina)
2025-05-10,15:30,Almagro,Los Andes,1,0,,,Primera Nacional,2025,zonas,Zona A,Fecha 14,Tres de Febrero,false,https://es.wikipedia.org/wiki/Campeonato_de_Primera_Nacional_2025
2025-05-10,15:30,Argentino de Merlo,Deportivo Laferrere,0,2,,,Primera B,2025,zonas,Torneo Apertura,Fecha 15,Juan Carlos Brieva,false,https://es.wikipedia.org/wiki/Campeonato_de_Primera_B_2025_(Argentina)
2025-05-10,15:30,Cañuelas,Juventud Unida,2,0,,,Primera C,2025,zonas,Zona B,Fecha 10,Jorge Arin,false,https://es.wikipedia.org/wiki/Campeonato_de_Primera_C_2025_(Argentina)
2025-05-10,15:30,Deportivo Paraguayo,Argentino de Rosario,1,1,,,Primera C,2025,zonas,Zona B,Fecha 10,Deportivo Paraguayo,false,https://es.wikipedia.org/wiki/Campeonato_de_Primera_C_2025_(Argentina)
2025-05-10,15:30,Independiente (C),Sportivo Belgrano,1,2,,,Torneo Federal A,2025,zonas,Zona 3,Fecha 9,Raúl Orlando Lungarzo,false,https://es.wikipedia.org/wiki/Torneo_Federal_A_2025
2025-05-10,15:30,San Miguel,Ferro Carril Oeste,2,0,,,Primera Nacional,2025,zonas,Zona A,Fecha 14,Malvinas Argentinas,false,https://es.wikipedia.org/wiki/Campeonato_de_Primera_Nacional_2025
2025-05-10,15:30,Sportivo Italiano,Sacachispas,2,0,,,Primera B,2025,zonas,Torneo Apertura,Fecha 15,República de Italia,false,https://es.wikipedia.org/wiki/Campeonato_de_Primera_B_2025_(Argentina)
2025-05-10,15:30,UAI Urquiza,Deportivo Merlo,1,1,,,Primera B,2025,zonas,Torneo Apertura,Fecha 15,Monumental de Villa Lynch,false,https://es.wikipedia.org/wiki/Campeonato_de_Primera_B_2025_(Argentina)
2025-05-10,15:30,Villa Dálmine,Flandria,1,1,,,Primera B,2025,zonas,Torneo Apertura,Fecha 15,El Coliseo de Mitre y Puccini,false,https://es.wikipedia.org/wiki/Campeonato_de_Primera_B_2025_(Argentina)
2025-05-10,16:00,Defensores de Belgrano (VR),El Linqueño,1,0,,,Torneo Federal A,2025,zonas,Zona 3,Fecha 9,Salomón Boeseldín,false,https://es.wikipedia.org/wiki/Torneo_Federal_A_2025
2025-05-10,16:00,Gimnasia y Esgrima (J),Nueva Chicago,2,1,,,Primera Nacional,2025,zonas,Zona B,Fecha 14,23 de Agosto,false,https://es.wikipedia.org/wiki/Campeonato_de_Primera_Nacional_2025
2025-05-10,16:00,San Martín (F),Sarmiento (R),5,0,,,Torneo Federal A,2025,zonas,Zona 4,Fecha 9,17 de Octubre,false,https://es.wikipedia.org/wiki/Torneo_Federal_A_2025
2025-05-10,18:00,Colegiales,Tristán Suárez,1,0,,,Primera Nacional,2025,zonas,Zona A,Fecha 14,Libertarios Unidos,false,https://es.wikipedia.org/wiki/Campeonato_de_Primera_Nacional_2025
2025-05-10,18:10,Quilmes,Patronato,1,1,,,Primera Nacional,2025,zonas,Zona A,Fecha 14,Centenario Ciudad de Quilmes,false,https://es.wikipedia.org/wiki/Campeonato_de_Primera_Nacional_2025
2025-05-10,20:05,Ituzaingó,El Porvenir,2,1,,,Primera C,2025,zonas,Zona A,Fecha 10,Carlos Sacaan,false,https://es.wikipedia.org/wiki/Campeonato_de_Primera_C_2025_(Argentina)
2025-05-10,20:30,San Martín (SM),Sportivo Estudiantes (SL),0,1,,,Torneo Federal A,2025,zonas,Zona 2,Fecha 9,Libertador General San Martín,false,https://es.wikipedia.org/wiki/Torneo_Federal_A_2025
2025-05-11,,Argentinos Juniors,Instituto,3,1,,,Primera Division - Apertura,2025,eliminacion,,Octavos,Estadio Diego Armando Maradona,false,https://es.wikipedia.org/wiki/Anexo:Torneo_Apertura_2025_(Argentina)
2025-05-11,,Central Córdoba (R),Gimnasia y Esgrima (LP),1,1,5,4,Copa Argentina,2025,eliminacion,,Dieciseisavos,Único de San Nicolás,true,https://es.wikipedia.org/wiki/Copa_Argentina_2025
2025-05-11,,Huracán,Deportivo Riestra,3,2,,,Primera Division - Apertura,2025,eliminacion,,Octavos,Estadio Tomás Adolfo Ducó,false,https://es.wikipedia.org/wiki/Anexo:Torneo_Apertura_2025_(Argentina)
2025-05-11,,Independiente,Independiente Rivadavia,1,0,,,Primera Division - Apertura,2025,eliminacion,,Octavos,Estadio Libertadores de América,false,https://es.wikipedia.org/wiki/Anexo:Torneo_Apertura_2025_(Argentina)
2025-05-11,11:00,Guillermo Brown,Ramón Santamarina,1,4,,,Torneo Federal A,2025,zonas,Zona 1,Fecha 9,Raúl Conti,false,https://es.wikipedia.org/wiki/Torneo_Federal_A_2025
2025-05-11,13:30,Atlanta,San Martín (T),3,1,,,Primera Nacional,2025,zonas,Zona A,Fecha 14,Don León Kolbowsky,false,https://es.wikipedia.org/wiki/Campeonato_de_Primera_Nacional_2025
2025-05-11,15:00,Alvarado,Deportivo Madryn,0,2,,,Primera Nacional,2025,zonas,Zona A,Fecha 14,José María Minella,false,https://es.wikipedia.org/wiki/Campeonato_de_Primera_Nacional_2025
2025-05-11,15:00,Deportivo Rincón,Círculo Deportivo,1,0,,,Torneo Federal A,2025,zonas,Zona 1,Fecha 9,Elías Moisés Gómez,false,https://es.wikipedia.org/wiki/Torneo_Federal_A_2025
2025-05-11,15:00,Sol de Mayo (V),Germinal,1,1,,,Torneo Federal A,2025,zonas,Zona 1,Fecha 9,Sol de Mayo,false,https://es.wikipedia.org/wiki/Torneo_Federal_A_2025
2025-05-11,15:30,Argentino de Quilmes,Fénix,3,0,,,Primera B,2025,zonas,Torneo Apertura,Fecha 15,Argentino de Quilmes,false,https://es.wikipedia.org/wiki/Campeonato_de_Primera_B_2025_(Argentina)
2025-05-11,15:30,Atlas,Yupanqui,1,4,,,Primera C,2025,zonas,Zona B,Fecha 10,Ricardo Puga,false,https://es.wikipedia.org/wiki/Campeonato_de_Primera_C_2025_(Argentina)
2025-05-11,15:30,Berazategui,Defensores de Cambaceres,2,0,,,Primera C,2025,zonas,Zona A,Fecha 10,Norman Lee,false,https://es.wikipedia.org/wiki/Campeonato_de_Primera_C_2025_(Argentina)
2025-05-11,15:30,Boca Unidos,Crucero del Norte,2,2,,,Torneo Federal A,2025,zonas,Zona 4,Fecha 9,Leoncio Benítez,false,https://es.wikipedia.org/wiki/Torneo_Federal_A_2025
2025-05-11,15:30,Central Ballester,General Lamadrid,2,0,,,Primera C,2025,zonas,Zona B,Fecha 10,Predio Cacique,false,https://es.wikipedia.org/wiki/Campeonato_de_Primera_C_2025_(Argentina)
2025-05-11,15:30,Cipolletti,Olimpo,2,1,,,Torneo Federal A,2025,zonas,Zona 1,Fecha 9,La Visera de Cemento,false,https://es.wikipedia.org/wiki/Torneo_Federal_A_2025
2025-05-11,15:30,Defensores Unidos,Estudiantes (BA),1,1,,,Primera Nacional,2025,zonas,Zona B,Fecha 14,Gigante de Villa Fox,false,https://es.wikipedia.org/wiki/Campeonato_de_Primera_Nacional_2025
2025-05-11,15:30,Gimnasia y Esgrima (M),Agropecuario,2,1,,,Primera Nacional,2025,zonas,Zona B,Fecha 14,Víctor Antonio Legrotaglie,false,https://es.wikipedia.org/wiki/Campeonato_de_Primera_Nacional_2025
2025-05-11,15:30,Lugano,Leandro N. Alem,0,2,,,Primera C,2025,zonas,Zona A,Fecha 10,José María Moraños,false,https://es.wikipedia.org/wiki/Campeonato_de_Primera_C_2025_(Argentina)
2025-05-11,15:30,Luján,Deportivo Camioneros,0,1,,,Primera C,2025,zonas,Zona B,Fecha 10,1.º de Abril,false,https://es.wikipedia.org/wiki/Campeonato_de_Primera_C_2025_(Argentina)
2025-05-11,15:30,Puerto Nuevo,Mercedes,1,2,,,Primera C,2025,zonas,Zona A,Fecha 10,Rubén Carlos Vallejos,false,https://es.wikipedia.org/wiki/Campeonato_de_Primera_C_2025_(Argentina)
2025-05-11,15:30,Victoriano Arenas,Centro Español,3,1,,,Primera C,2025,zonas,Zona B,Fecha 10,Saturnino Moure,false,https://es.wikipedia.org/wiki/Campeonato_de_Primera_C_2025_(Argentina)
2025-05-11,15:30,Villa Mitre,Kimberley,1,0,,,Torneo Federal A,2025,zonas,Zona 1,Fecha 9,El Fortín (BB),false,https://es.wikipedia.org/wiki/Torneo_Federal_A_2025
2025-05-11,15:45,Argentino (MM),Ciudad de Bolívar,1,0,,,Torneo Federal A,2025,zonas,Zona 2,Fecha 9,Modesto Marrone,false,https://es.wikipedia.org/wiki/Torneo_Federal_A_2025
2025-05-11,16:00,9 de Julio (R),Ben Hur,2,0,,,Torneo Federal A,2025,zonas,Zona 3,Fecha 9,Germán Solterman,false,https://es.wikipedia.org/wiki/Torneo_Federal_A_2025
2025-05-11,16:00,Bartolomé Mitre (P),Juventud Antoniana,2,0,,,Torneo Federal A,2025,zonas,Zona 4,Fecha 9,Ernesto Cucchiaroni,false,https://es.wikipedia.org/wiki/Torneo_Federal_A_2025
2025-05-11,16:00,Gutiérrez,Costa Brava,0,1,,,Torneo Federal A,2025,zonas,Zona 2,Fecha 9,General Gutiérrez,false,https://es.wikipedia.org/wiki/Torneo_Federal_A_2025
2025-05-11,16:00,Racing Club,Güemes (SdE),2,2,,,Primera Nacional,2025,zonas,Zona A,Fecha 14,Miguel Sancho,false,https://es.wikipedia.org/wiki/Campeonato_de_Primera_Nacional_2025
2025-05-11,16:05,Douglas Haig,Sportivo Las Parejas,1,0,,,Torneo Federal A,2025,zonas,Zona 3,Fecha 9,Miguel Morales,false,https://es.wikipedia.org/wiki/Torneo_Federal_A_2025
2025-05-11,16:30,Gimnasia y Esgrima (CdU),Gimnasia y Esgrima (C),2,2,,,Torneo Federal A,2025,zonas,Zona 3,Fecha 9,Manuel y Ramón Núñez,false,https://es.wikipedia.org/wiki/Torneo_Federal_A_2025
2025-05-11,17:00,Colón,Talleres (RdE),1,0,,,Primera Nacional,2025,zonas,Zona B,Fecha 14,Brigadier Estanislao López,false,https://es.wikipedia.org/wiki/Campeonato_de_Primera_Nacional_2025
2025-05-11,17:00,Mitre (SdE),Estudiantes (RC),0,0,,,Primera Nacional,2025,zonas,Zona B,Fecha 14,Doctores José y Antonio Castiglione,false,https://es.wikipedia.org/wiki/Campeonato_de_Primera_Nacional_2025
2025-05-11,17:00,Sarmiento (LB),Sol de América (F),2,1,,,Torneo Federal A,2025,zonas,Zona 4,Fecha 9,Ciudad de La Banda,false,https://es.wikipedia.org/wiki/Torneo_Federal_A_2025
2025-05-11,17:45,Almirante Brown,Chacarita Juniors,1,3,,,Primera Nacional,2025,zonas,Zona B,Fecha 14,Fragata Presidente Sarmiento,false,https://es.wikipedia.org/wiki/Campeonato_de_Primera_Nacional_2025
2025-05-11,18:10,Ferrocarril Midland,San Martín (B),2,0,,,Primera B,2025,zonas,Torneo Apertura,Fecha 15,Ciudad de Libertad,false,https://es.wikipedia.org/wiki/Campeonato_de_Primera_B_2025_(Argentina)
2025-05-11,19:45,Temperley,Deportivo Morón,1,1,,,Primera Nacional,2025,zonas,Zona B,Fecha 14,Alfredo Beranger,false,https://es.wikipedia.org/wiki/Campeonato_de_Primera_Nacional_2025
2025-05-12,,River Plate,Barracas Central,3,0,,,Primera Division - Apertura,2025,eliminacion,,Octavos,Estadio Monumental,false,https://es.wikipedia.org/wiki/Anexo:Torneo_Apertura_2025_(Argentina)
2025-05-12,15:30,Sportivo Barracas,Estrella del Sur,2,0,,,Primera C,2025,zonas,Zona B,Fecha 10,Tres de Febrero,false,https://es.wikipedia.org/wiki/Campeonato_de_Primera_C_2025_(Argentina)
2025-05-12,15:45,Juventud Unida Universitario,Atenas (RC),1,0,,,Torneo Federal A,2025,zonas,Zona 2,Fecha 9,Juan Gilberto Funes,false,https://es.wikipedia.org/wiki/Torneo_Federal_A_2025
2025-05-12,20:00,All Boys,Deportivo Maipú,0,0,,,Primera Nacional,2025,zonas,Zona A,Fecha 14,Islas Malvinas,false,https://es.wikipedia.org/wiki/Campeonato_de_Primera_Nacional_2025
2025-05-12,21:00,Chaco For Ever,Defensores de Belgrano,1,0,,,Primera Nacional,2025,zonas,Zona B,Fecha 14,Juan Alberto García,false,https://es.wikipedia.org/wiki/Campeonato_de_Primera_Nacional_2025
2025-05-12,21:30,Central Norte (S),San Telmo,1,2,,,Primera Nacional,2025,zonas,Zona B,Fecha 14,Padre Ernesto Martearena,false,https://es.wikipedia.org/wiki/Campeonato_de_Primera_Nacional_2025
2025-05-13,15:30,Claypole,Muñiz,0,0,,,Primera C,2025,zonas,Zona A,Fecha 10,Rodolfo Capocasa,false,https://es.wikipedia.org/wiki/Campeonato_de_Primera_C_2025_(Argentina)
2025-05-13,15:30,Deportivo Español,J. J. de Urquiza,3,0,,,Primera C,2025,zonas,Zona A,Fecha 10,Nueva España,false,https://es.wikipedia.org/wiki/Campeonato_de_Primera_C_2025_(Argentina)
2025-05-16,15:30,Sacachispas,UAI Urquiza,1,1,,,Primera B,2025,zonas,Torneo Apertura,Fecha 16,Beto Larrosa,false,https://es.wikipedia.org/wiki/Campeonato_de_Primera_B_2025_(Argentina)
2025-05-16,18:10,Nueva Chicago,Defensores Unidos,1,0,,,Primera Nacional,2025,zonas,Zona B,Fecha 15,Nueva Chicago,false,https://es.wikipedia.org/wiki/Campeonato_de_Primera_Nacional_2025
2025-05-16,19:00,Mercedes,Central Córdoba (R),0,3,,,Primera C,2025,zonas,Zona A,Fecha 11,Liga Mercedina,false,https://es.wikipedia.org/wiki/Campeonato_de_Primera_C_2025_(Argentina)
2025-05-16,20:05,Ferro Carril Oeste,Almagro,1,1,,,Primera Nacional,2025,zonas,Zona A,Fecha 15,Arquitecto Ricardo Etcheverri,false,https://es.wikipedia.org/wiki/Campeonato_de_Primera_Nacional_2025
2025-05-16,21:05,San Martín (SM),Atenas (RC),1,3,,,Torneo Federal A,2025,zonas,Zona 2,Fecha 10,Libertador General San Martín,false,https://es.wikipedia.org/wiki/Torneo_Federal_A_2025
2025-05-17,13:35,Defensores de Belgrano,Almirante Brown,1,1,,,Primera Nacional,2025,zonas,Zona B,Fecha 15,Juan Pasquale,false,https://es.wikipedia.org/wiki/Campeonato_de_Primera_Nacional_2025
2025-05-17,15:30,Argentino de Rosario,Luján,0,0,,,Primera C,2025,zonas,Zona B,Fecha 11,José Martín Olaeta,false,https://es.wikipedia.org/wiki/Campeonato_de_Primera_C_2025_(Argentina)
2025-05-17,15:30,Defensores de Cambaceres,Lugano,2,0,,,Primera C,2025,zonas,Zona A,Fecha 11,12 de Octubre,false,https://es.wikipedia.org/wiki/Campeonato_de_Primera_C_2025_(Argentina)
2025-05-17,15:30,Deportivo Camioneros,Atlas,4,1,,,Primera C,2025,zonas,Zona B,Fecha 11,Hugo Moyano,false,https://es.wikipedia.org/wiki/Campeonato_de_Primera_C_2025_(Argentina)
2025-05-17,15:30,Deportivo Laferrere,Brown de Adrogué,0,0,,,Primera B,2025,zonas,Torneo Apertura,Fecha 16,Ciudad de Laferrere,false,https://es.wikipedia.org/wiki/Campeonato_de_Primera_B_2025_(Argentina)
2025-05-17,15:30,Dock Sud,Villa San Carlos,3,1,,,Primera B,2025,zonas,Torneo Apertura,Fecha 16,De los Inmigrantes,false,https://es.wikipedia.org/wiki/Campeonato_de_Primera_B_2025_(Argentina)
2025-05-17,15:30,Flandria,Argentino de Quilmes,0,0,,,Primera B,2025,zonas,Torneo Apertura,Fecha 16,Carlos V,false,https://es.wikipedia.org/wiki/Campeonato_de_Primera_B_2025_(Argentina)
2025-05-17,15:30,J. J. de Urquiza,Ituzaingó,0,1,,,Primera C,2025,zonas,Zona A,Fecha 11,Ramón Roque Martín,false,https://es.wikipedia.org/wiki/Campeonato_de_Primera_C_2025_(Argentina)
2025-05-17,15:30,Juventud Unida,Victoriano Arenas,0,1,,,Primera C,2025,zonas,Zona B,Fecha 11,Ciudad de San Miguel,false,https://es.wikipedia.org/wiki/Campeonato_de_Primera_C_2025_(Argentina)
2025-05-17,15:30,Los Andes,Alvarado,1,0,,,Primera Nacional,2025,zonas,Zona A,Fecha 15,Eduardo Gallardón,false,https://es.wikipedia.org/wiki/Campeonato_de_Primera_Nacional_2025
2025-05-17,15:30,San Martín (B),Sportivo Italiano,1,1,,,Primera B,2025,zonas,Torneo Apertura,Fecha 16,Francisco Boga,false,https://es.wikipedia.org/wiki/Campeonato_de_Primera_B_2025_(Argentina)
2025-05-17,15:30,Talleres (RdE),Mitre (SdE),1,3,,,Primera Nacional,2025,zonas,Zona B,Fecha 15,Pablo Comelli,false,https://es.wikipedia.org/wiki/Campeonato_de_Primera_Nacional_2025
2025-05-17,15:30,Tristán Suárez,Atlanta,0,0,,,Primera Nacional,2025,zonas,Zona A,Fecha 15,20 de Octubre,false,https://es.wikipedia.org/wiki/Campeonato_de_Primera_Nacional_2025
2025-05-17,15:30,Yupanqui,Cañuelas,1,1,,,Primera C,2025,zonas,Zona B,Fecha 11,Ciudad Evita,false,https://es.wikipedia.org/wiki/Campeonato_de_Primera_C_2025_(Argentina)
2025-05-17,15:45,Argentino (MM),Sportivo Estudiantes (SL),1,1,,,Torneo Federal A,2025,zonas,Zona 2,Fecha 10,Modesto Marrone,false,https://es.wikipedia.org/wiki/Torneo_Federal_A_2025
2025-05-17,17:05,Deportivo Morón,Colón,1,0,,,Primera Nacional,2025,zonas,Zona B,Fecha 15,Nuevo Francisco Urbano,false,https://es.wikipedia.org/wiki/Campeonato_de_Primera_Nacional_2025
2025-05-17,18:00,Atlético de Rafaela,Sol de América (F),1,0,,,Torneo Federal A,2025,zonas,Zona 4,Fecha 10,Nuevo Monumental,false,https://es.wikipedia.org/wiki/Torneo_Federal_A_2025
2025-05-17,18:00,Estudiantes (RC),Chaco For Ever,0,0,,,Primera Nacional,2025,zonas,Zona B,Fecha 15,Antonio Candini,false,https://es.wikipedia.org/wiki/Campeonato_de_Primera_Nacional_2025
2025-05-17,19:05,Estudiantes (BA),Temperley,0,0,,,Primera Nacional,2025,zonas,Zona B,Fecha 15,Ciudad de Caseros,false,https://es.wikipedia.org/wiki/Campeonato_de_Primera_Nacional_2025
2025-05-17,21:10,San Martín (T),Racing Club,1,1,,,Primera Nacional,2025,zonas,Zona A,Fecha 15,La Ciudadela,false,https://es.wikipedia.org/wiki/Campeonato_de_Primera_Nacional_2025
2025-05-18,,Rosario Central,Huracán,0,1,,,Primera Division - Apertura,2025,eliminacion,,Cuartos,Estadio Gigante de Arroyito,false,https://es.wikipedia.org/wiki/Anexo:Torneo_Apertura_2025_(Argentina)
2025-05-18,11:00,Guillermo Brown,Germinal,1,2,,,Torneo Federal A,2025,zonas,Zona 1,Fecha 10,Raúl Conti,false,https://es.wikipedia.org/wiki/Torneo_Federal_A_2025
2025-05-18,12:00,Deportivo Armenio,Ferrocarril Midland,1,0,,,Primera B,2025,zonas,Torneo Apertura,Fecha 16,Armenia,false,https://es.wikipedia.org/wiki/Campeonato_de_Primera_B_2025_(Argentina)
2025-05-18,13:30,San Telmo,Gimnasia y Esgrima (M),0,0,,,Primera Nacional,2025,zonas,Zona B,Fecha 15,Doctor Osvaldo Baletto,false,https://es.wikipedia.org/wiki/Campeonato_de_Primera_Nacional_2025
2025-05-18,15:00,Círculo Deportivo,Kimberley,0,1,,,Torneo Federal A,2025,zonas,Zona 1,Fecha 10,Guillermo Trama,false,https://es.wikipedia.org/wiki/Torneo_Federal_A_2025
2025-05-18,15:00,Güemes (SdE),Quilmes,0,0,,,Primera Nacional,2025,zonas,Zona A,Fecha 15,Arturo Miranda,false,https://es.wikipedia.org/wiki/Campeonato_de_Primera_Nacional_2025
2025-05-18,15:00,Independiente (C),Gimnasia y Esgrima (C),0,0,,,Torneo Federal A,2025,zonas,Zona 3,Fecha 10,Raúl Orlando Lungarzo,false,https://es.wikipedia.org/wiki/Torneo_Federal_A_2025
2025-05-18,15:00,Sol de Mayo (V),Olimpo,0,0,,,Torneo Federal A,2025,zonas,Zona 1,Fecha 10,Sol de Mayo,false,https://es.wikipedia.org/wiki/Torneo_Federal_A_2025
2025-05-18,15:30,Boca Unidos,Sarmiento (R),0,0,,,Torneo Federal A,2025,zonas,Zona 4,Fecha 10,Leoncio Benítez,false,https://es.wikipedia.org/wiki/Torneo_Federal_A_2025
2025-05-18,15:30,Chacarita Juniors,Central Norte (S),4,0,,,Primera Nacional,2025,zonas,Zona B,Fecha 15,Chacarita Juniors,false,https://es.wikipedia.org/wiki/Campeonato_de_Primera_Nacional_2025
2025-05-18,15:30,Cipolletti,Deportivo Rincón,3,0,,,Torneo Federal A,2025,zonas,Zona 1,Fecha 10,La Visera de Cemento,false,https://es.wikipedia.org/wiki/Torneo_Federal_A_2025
2025-05-18,15:30,Deportivo Madryn,All Boys,2,1,,,Primera Nacional,2025,zonas,Zona A,Fecha 15,Abel Sastre,false,https://es.wikipedia.org/wiki/Campeonato_de_Primera_Nacional_2025
2025-05-18,15:30,Deportivo Maipú,Arsenal,1,1,,,Primera Nacional,2025,zonas,Zona A,Fecha 15,Omar Higinio Sperdutti,false,https://es.wikipedia.org/wiki/Campeonato_de_Primera_Nacional_2025
2025-05-18,15:30,El Porvenir,Berazategui,0,1,,,Primera C,2025,zonas,Zona A,Fecha 11,Gildo Francisco Ghersinich,false,https://es.wikipedia.org/wiki/Campeonato_de_Primera_C_2025_(Argentina)
2025-05-18,15:30,Estrella del Sur,Deportivo Paraguayo,2,1,,,Primera C,2025,zonas,Zona B,Fecha 11,Lorenzo Arandilla,false,https://es.wikipedia.org/wiki/Campeonato_de_Primera_C_2025_(Argentina)
2025-05-18,15:30,Leandro N. Alem,Puerto Nuevo,2,3,,,Primera C,2025,zonas,Zona A,Fecha 11,Leandro N. Alem,false,https://es.wikipedia.org/wiki/Campeonato_de_Primera_C_2025_(Argentina)
2025-05-18,15:30,Liniers,Acassuso,1,2,,,Primera B,2025,zonas,Torneo Apertura,Fecha 16,Juan Antonio Arias,false,https://es.wikipedia.org/wiki/Campeonato_de_Primera_B_2025_(Argentina)
2025-05-18,15:30,Villa Mitre,Ramón Santamarina,3,0,,,Torneo Federal A,2025,zonas,Zona 1,Fecha 10,El Fortín (BB),false,https://es.wikipedia.org/wiki/Torneo_Federal_A_2025
2025-05-18,15:45,Juventud Unida Universitario,Costa Brava,1,1,,,Torneo Federal A,2025,zonas,Zona 2,Fecha 10,Mario Sebastián Diez,false,https://es.wikipedia.org/wiki/Torneo_Federal_A_2025
2025-05-18,16:00,Defensores de Belgrano (VR),9 de Julio (R),0,1,,,Torneo Federal A,2025,zonas,Zona 3,Fecha 10,Salomón Boeseldín,false,https://es.wikipedia.org/wiki/Torneo_Federal_A_2025
2025-05-18,16:00,Gimnasia y Esgrima (CdU),El Linqueño,0,2,,,Torneo Federal A,2025,zonas,Zona 3,Fecha 10,Manuel y Ramón Núñez,false,https://es.wikipedia.org/wiki/Torneo_Federal_A_2025
2025-05-18,16:00,Huracán Las Heras,Ciudad de Bolívar,2,1,,,Torneo Federal A,2025,zonas,Zona 2,Fecha 10,General San Martín,false,https://es.wikipedia.org/wiki/Torneo_Federal_A_2025
2025-05-18,16:00,Patronato,San Miguel,2,1,,,Primera Nacional,2025,zonas,Zona A,Fecha 15,Presbítero Bartolomé Grella,false,https://es.wikipedia.org/wiki/Campeonato_de_Primera_Nacional_2025
2025-05-18,16:05,Douglas Haig,Sportivo Belgrano,0,1,,,Torneo Federal A,2025,zonas,Zona 3,Fecha 10,Miguel Morales,false,https://es.wikipedia.org/wiki/Torneo_Federal_A_2025
2025-05-18,16:30,Bartolomé Mitre (P),Crucero del Norte,0,0,,,Torneo Federal A,2025,zonas,Zona 4,Fecha 10,Ernesto Cucchiaroni,false,https://es.wikipedia.org/wiki/Torneo_Federal_A_2025
2025-05-18,17:00,Ben Hur,Sportivo Las Parejas,1,1,,,Torneo Federal A,2025,zonas,Zona 3,Fecha 10,Néstor Zenklusen,false,https://es.wikipedia.org/wiki/Torneo_Federal_A_2025
2025-05-18,17:00,Gimnasia y Tiro (S),Colegiales,4,0,,,Primera Nacional,2025,zonas,Zona A,Fecha 15,El Gigante del Norte,false,https://es.wikipedia.org/wiki/Campeonato_de_Primera_Nacional_2025
2025-05-18,17:00,Sarmiento (LB),Juventud Antoniana,2,1,,,Torneo Federal A,2025,zonas,Zona 4,Fecha 10,Ciudad de La Banda,false,https://es.wikipedia.org/wiki/Torneo_Federal_A_2025
2025-05-18,17:40,Deportivo Merlo,Real Pilar,1,0,,,Primera B,2025,zonas,Torneo Apertura,Fecha 16,José Manuel Moreno,false,https://es.wikipedia.org/wiki/Campeonato_de_Primera_B_2025_(Argentina)
2025-05-19,,Argentinos Juniors,San Lorenzo,1,1,7,8,Primera Division - Apertura,2025,eliminacion,,Cuartos,Estadio Diego Armando Maradona,false,https://es.wikipedia.org/wiki/Anexo:Torneo_Apertura_2025_(Argentina)
2025-05-19,,Boca Juniors,Independiente,0,1,,,Primera Division - Apertura,2025,eliminacion,,Cuartos,Estadio La Bombonera,false,https://es.wikipedia.org/wiki/Anexo:Torneo_Apertura_2025_(Argentina)
2025-05-19,15:30,Centro Español,Central Ballester,3,1,,,Primera C,2025,zonas,Zona B,Fecha 11,Carlos Sacaan,false,https://es.wikipedia.org/wiki/Campeonato_de_Primera_C_2025_(Argentina)
2025-05-19,15:30,Fénix,Argentino de Merlo,0,2,,,Primera B,2025,zonas,Torneo Apertura,Fecha 16,Ciudad de San Miguel,false,https://es.wikipedia.org/wiki/Campeonato_de_Primera_B_2025_(Argentina)
2025-05-19,20:00,Agropecuario,Gimnasia y Esgrima (J),1,1,,,Primera Nacional,2025,zonas,Zona B,Fecha 15,Ofelia Rosenzuaig,false,https://es.wikipedia.org/wiki/Campeonato_de_Primera_Nacional_2025
2025-05-20,,River Plate,Platense,1,1,2,4,Primera Division - Apertura,2025,eliminacion,,Cuartos,Estadio Monumental,false,https://es.wikipedia.org/wiki/Anexo:Torneo_Apertura_2025_(Argentina)
2025-05-20,15:30,Muñiz,Deportivo Español,0,0,,,Primera C,2025,zonas,Zona A,Fecha 11,Ciudad de San Miguel,false,https://es.wikipedia.org/wiki/Campeonato_de_Primera_C_2025_(Argentina)
2025-05-20,15:35,General Lamadrid,Sportivo Barracas,1,1,,,Primera C,2025,zonas,Zona B,Fecha 11,Enrique Sexto,false,https://es.wikipedia.org/wiki/Campeonato_de_Primera_C_2025_(Argentina)
2025-05-21,,Lanús,Vélez Sarsfield,2,0,,,Copa Argentina,2025,eliminacion,,Dieciseisavos,Nuevo Francisco Urbano,true,https://es.wikipedia.org/wiki/Copa_Argentina_2025
2025-05-21,15:30,Comunicaciones,Excursionistas,0,1,,,Primera B,2025,zonas,Torneo Apertura,Fecha 16,Alfredo Ramos,false,https://es.wikipedia.org/wiki/Campeonato_de_Primera_B_2025_(Argentina)
2025-05-22,,Defensa y Justicia,Newell's Old Boys,0,2,,,Copa Argentina,2025,eliminacion,,Dieciseisavos,Único de San Nicolás,true,https://es.wikipedia.org/wiki/Copa_Argentina_2025
2025-05-23,17:00,Real Pilar,Sacachispas,2,0,,,Primera B,2025,zonas,Torneo Apertura,Fecha 17,Carlos Barraza,false,https://es.wikipedia.org/wiki/Campeonato_de_Primera_B_2025_(Argentina)
2025-05-23,20:00,Almirante Brown,Estudiantes (RC),0,2,,,Primera Nacional,2025,zonas,Zona B,Fecha 16,Fragata Presidente Sarmiento,false,https://es.wikipedia.org/wiki/Campeonato_de_Primera_Nacional_2025
2025-05-23,22:00,Juventud Antoniana,Atlético de Rafaela,2,0,,,Torneo Federal A,2025,zonas,Zona 4,Fecha 11,Padre Ernesto Martearena,false,https://es.wikipedia.org/wiki/Torneo_Federal_A_2025
2025-05-24,,Deportivo Riestra,Deportivo Armenio,2,2,4,3,Copa Argentina,2025,eliminacion,,Dieciseisavos,Ciudad de Caseros,true,https://es.wikipedia.org/wiki/Copa_Argentina_2025
2025-05-24,,Independiente,Huracán,0,0,5,6,Primera Division - Apertura,2025,eliminacion,,Semifinales,Estadio Libertadores de América,false,https://es.wikipedia.org/wiki/Anexo:Torneo_Apertura_2025_(Argentina)
2025-05-24,13:30,Atlanta,Gimnasia y Tiro (S),1,0,,,Primera Nacional,2025,zonas,Zona A,Fecha 16,Don León Kolbowsky,false,https://es.wikipedia.org/wiki/Campeonato_de_Primera_Nacional_2025
2025-05-24,15:00,Colón,Estudiantes (BA),0,0,,,Primera Nacional,2025,zonas,Zona B,Fecha 16,Brigadier Estanislao López,false,https://es.wikipedia.org/wiki/Campeonato_de_Primera_Nacional_2025
2025-05-24,15:00,El Linqueño,Independiente (C),3,1,,,Torneo Federal A,2025,zonas,Zona 3,Fecha 11,Leonardo Costa,false,https://es.wikipedia.org/wiki/Torneo_Federal_A_2025
2025-05-24,15:00,Germinal,Villa Mitre,1,1,,,Torneo Federal A,2025,zonas,Zona 1,Fecha 11,El Fortín (R),false,https://es.wikipedia.org/wiki/Torneo_Federal_A_2025
2025-05-24,15:00,Ramón Santamarina,Círculo Deportivo,2,0,,,Torneo Federal A,2025,zonas,Zona 1,Fecha 11,Municipal General San Martín,false,https://es.wikipedia.org/wiki/Torneo_Federal_A_2025
2025-05-24,15:30,Acassuso,Deportivo Laferrere,1,0,,,Primera B,2025,zonas,Torneo Apertura,Fecha 17,La Quema,false,https://es.wikipedia.org/wiki/Campeonato_de_Primera_B_2025_(Argentina)
2025-05-24,15:30,Agropecuario,Nueva Chicago,1,0,,,Primera Nacional,2025,zonas,Zona B,Fecha 16,Ofelia Rosenzuaig,false,https://es.wikipedia.org/wiki/Campeonato_de_Primera_Nacional_2025
2025-05-24,15:30,Argentino de Quilmes,Villa Dálmine,0,2,,,Primera B,2025,zonas,Torneo Apertura,Fecha 17,Argentino de Quilmes,false,https://es.wikipedia.org/wiki/Campeonato_de_Primera_B_2025_(Argentina)
2025-05-24,15:30,Cañuelas,Deportivo Camioneros,0,0,,,Primera C,2025,zonas,Zona B,Fecha 12,Jorge Arin,false,https://es.wikipedia.org/wiki/Campeonato_de_Primera_C_2025_(Argentina)
2025-05-24,15:30,Deportivo Español,Claypole,0,0,,,Primera C,2025,zonas,Zona A,Fecha 12,Nueva España,false,https://es.wikipedia.org/wiki/Campeonato_de_Primera_C_2025_(Argentina)
2025-05-24,15:30,Deportivo Paraguayo,Luján,1,0,,,Primera C,2025,zonas,Zona B,Fecha 12,Deportivo Paraguayo,false,https://es.wikipedia.org/wiki/Campeonato_de_Primera_C_2025_(Argentina)
2025-05-24,15:30,Deportivo Rincón,Kimberley,2,2,,,Torneo Federal A,2025,zonas,Zona 1,Fecha 11,Elías Moisés Gómez,false,https://es.wikipedia.org/wiki/Torneo_Federal_A_2025
2025-05-24,15:30,Ituzaingó,Muñiz,0,0,,,Primera C,2025,zonas,Zona A,Fecha 12,Carlos Sacaan,false,https://es.wikipedia.org/wiki/Campeonato_de_Primera_C_2025_(Argentina)
2025-05-24,15:30,Olimpo,Guillermo Brown,4,0,,,Torneo Federal A,2025,zonas,Zona 1,Fecha 11,Roberto N. Carminatti,false,https://es.wikipedia.org/wiki/Torneo_Federal_A_2025
2025-05-24,15:30,Puerto Nuevo,Defensores de Cambaceres,1,2,,,Primera C,2025,zonas,Zona A,Fecha 12,Rubén Carlos Vallejos,false,https://es.wikipedia.org/wiki/Campeonato_de_Primera_C_2025_(Argentina)
2025-05-24,15:30,San Miguel,Güemes (SdE),1,1,,,Primera Nacional,2025,zonas,Zona A,Fecha 16,Malvinas Argentinas,false,https://es.wikipedia.org/wiki/Campeonato_de_Primera_Nacional_2025
2025-05-24,15:30,Sportivo Estudiantes (SL),Huracán Las Heras,1,1,,,Torneo Federal A,2025,zonas,Zona 2,Fecha 11,Héctor Odicino y Pedro Benoza,false,https://es.wikipedia.org/wiki/Torneo_Federal_A_2025
2025-05-24,15:30,Temperley,Defensores Unidos,3,0,,,Primera Nacional,2025,zonas,Zona B,Fecha 16,Alfredo Beranger,false,https://es.wikipedia.org/wiki/Campeonato_de_Primera_Nacional_2025
2025-05-24,15:30,UAI Urquiza,San Martín (B),2,1,,,Primera B,2025,zonas,Torneo Apertura,Fecha 17,Monumental de Villa Lynch,false,https://es.wikipedia.org/wiki/Campeonato_de_Primera_B_2025_(Argentina)
2025-05-24,15:30,Victoriano Arenas,Yupanqui,0,2,,,Primera C,2025,zonas,Zona B,Fecha 12,Saturnino Moure,false,https://es.wikipedia.org/wiki/Campeonato_de_Primera_C_2025_(Argentina)
2025-05-24,15:30,Villa San Carlos,Deportivo Merlo,1,1,,,Primera B,2025,zonas,Torneo Apertura,Fecha 17,Genacio Sálice,false,https://es.wikipedia.org/wiki/Campeonato_de_Primera_B_2025_(Argentina)
2025-05-24,16:00,Costa Brava,San Martín (SM),1,0,,,Torneo Federal A,2025,zonas,Zona 2,Fecha 11,Nuevo Pacaembú,false,https://es.wikipedia.org/wiki/Torneo_Federal_A_2025
2025-05-24,16:00,Defensores de Belgrano (VR),Gimnasia y Esgrima (CdU),1,1,,,Torneo Federal A,2025,zonas,Zona 3,Fecha 11,Único de San Nicolás,false,https://es.wikipedia.org/wiki/Torneo_Federal_A_2025
2025-05-24,16:00,Ferro Carril Oeste,Los Andes,2,0,,,Primera Nacional,2025,zonas,Zona A,Fecha 16,Arquitecto Ricardo Etcheverri,false,https://es.wikipedia.org/wiki/Campeonato_de_Primera_Nacional_2025
2025-05-24,16:00,Ferrocarril Midland,Comunicaciones,3,0,,,Primera B,2025,zonas,Torneo Apertura,Fecha 17,Ciudad de Libertad,false,https://es.wikipedia.org/wiki/Campeonato_de_Primera_B_2025_(Argentina)
2025-05-24,16:00,San Martín (F),Boca Unidos,3,0,,,Torneo Federal A,2025,zonas,Zona 4,Fecha 11,17 de Octubre,false,https://es.wikipedia.org/wiki/Torneo_Federal_A_2025
2025-05-24,16:30,Gimnasia y Esgrima (C),Douglas Haig,1,3,,,Torneo Federal A,2025,zonas,Zona 3,Fecha 11,José María Paz,false,https://es.wikipedia.org/wiki/Torneo_Federal_A_2025
2025-05-24,17:00,Sportivo Italiano,Deportivo Armenio,1,1,,,Primera B,2025,zonas,Torneo Apertura,Fecha 17,República de Italia,false,https://es.wikipedia.org/wiki/Campeonato_de_Primera_B_2025_(Argentina)
2025-05-24,17:30,Atenas (RC),Argentino (MM),0,0,,,Torneo Federal A,2025,zonas,Zona 2,Fecha 11,9 de Julio,false,https://es.wikipedia.org/wiki/Torneo_Federal_A_2025
2025-05-24,18:30,9 de Julio (R),Sportivo Las Parejas,4,4,,,Torneo Federal A,2025,zonas,Zona 3,Fecha 11,Germán Solterman,false,https://es.wikipedia.org/wiki/Torneo_Federal_A_2025
2025-05-24,19:00,Chaco For Ever,Talleres (RdE),1,0,,,Primera Nacional,2025,zonas,Zona B,Fecha 16,Juan Alberto García,false,https://es.wikipedia.org/wiki/Campeonato_de_Primera_Nacional_2025
2025-05-24,20:30,Cipolletti,Sol de Mayo (V),1,0,,,Torneo Federal A,2025,zonas,Zona 1,Fecha 11,La Visera de Cemento,false,https://es.wikipedia.org/wiki/Torneo_Federal_A_2025
2025-05-24,20:30,Gutiérrez,Juventud Unida Universitario,0,0,,,Torneo Federal A,2025,zonas,Zona 2,Fecha 11,General Gutiérrez,false,https://es.wikipedia.org/wiki/Torneo_Federal_A_2025
2025-05-25,,San Lorenzo,Platense,0,1,,,Primera Division - Apertura,2025,eliminacion,,Semifinales,Estadio Nuevo Gasómetro,false,https://es.wikipedia.org/wiki/Anexo:Torneo_Apertura_2025_(Argentina)
2025-05-25,13:00,Arsenal,Deportivo Madryn,1,1,,,Primera Nacional,2025,zonas,Zona A,Fecha 16,El Viaducto,false,https://es.wikipedia.org/wiki/Campeonato_de_Primera_Nacional_2025
2025-05-25,14:00,Colegiales,Deportivo Maipú,0,1,,,Primera Nacional,2025,zonas,Zona A,Fecha 16,Libertarios Unidos,false,https://es.wikipedia.org/wiki/Campeonato_de_Primera_Nacional_2025
2025-05-25,15:30,All Boys,Alvarado,1,1,,,Primera Nacional,2025,zonas,Zona A,Fecha 16,Islas Malvinas,false,https://es.wikipedia.org/wiki/Campeonato_de_Primera_Nacional_2025
2025-05-25,15:30,Almagro,Patronato,2,1,,,Primera Nacional,2025,zonas,Zona A,Fecha 16,Tres de Febrero,false,https://es.wikipedia.org/wiki/Campeonato_de_Primera_Nacional_2025
2025-05-25,15:30,Atlas,Argentino de Rosario,1,0,,,Primera C,2025,zonas,Zona B,Fecha 12,Ricardo Puga,false,https://es.wikipedia.org/wiki/Campeonato_de_Primera_C_2025_(Argentina)
2025-05-25,15:30,Berazategui,J. J. de Urquiza,1,0,,,Primera C,2025,zonas,Zona A,Fecha 12,Norman Lee,false,https://es.wikipedia.org/wiki/Campeonato_de_Primera_C_2025_(Argentina)
2025-05-25,15:30,Brown de Adrogué,Fénix,2,0,,,Primera B,2025,zonas,Torneo Apertura,Fecha 17,Lorenzo Arandilla,false,https://es.wikipedia.org/wiki/Campeonato_de_Primera_B_2025_(Argentina)
2025-05-25,15:30,Central Ballester,Juventud Unida,0,3,,,Primera C,2025,zonas,Zona B,Fecha 12,Predio Cacique,false,https://es.wikipedia.org/wiki/Campeonato_de_Primera_C_2025_(Argentina)
2025-05-25,15:30,Central Córdoba (R),Leandro N. Alem,0,1,,,Primera C,2025,zonas,Zona A,Fecha 12,Gabino Sosa,false,https://es.wikipedia.org/wiki/Campeonato_de_Primera_C_2025_(Argentina)
2025-05-25,15:30,Gimnasia y Esgrima (M),Chacarita Juniors,0,0,,,Primera Nacional,2025,zonas,Zona B,Fecha 16,Víctor Antonio Legrotaglie,false,https://es.wikipedia.org/wiki/Campeonato_de_Primera_Nacional_2025
2025-05-25,15:30,Lugano,El Porvenir,2,0,,,Primera C,2025,zonas,Zona A,Fecha 12,José María Moraños,false,https://es.wikipedia.org/wiki/Campeonato_de_Primera_C_2025_(Argentina)
2025-05-25,16:00,Crucero del Norte,Sarmiento (LB),0,2,,,Torneo Federal A,2025,zonas,Zona 4,Fecha 11,Comandante Andrés Guacurarí,false,https://es.wikipedia.org/wiki/Torneo_Federal_A_2025
2025-05-25,16:00,Gimnasia y Esgrima (J),San Telmo,1,1,,,Primera Nacional,2025,zonas,Zona B,Fecha 16,23 de Agosto,false,https://es.wikipedia.org/wiki/Campeonato_de_Primera_Nacional_2025
2025-05-25,16:00,Sarmiento (R),Bartolomé Mitre (P),3,3,,,Torneo Federal A,2025,zonas,Zona 4,Fecha 11,Centenario,false,https://es.wikipedia.org/wiki/Torneo_Federal_A_2025
2025-05-25,17:00,Central Norte (S),Defensores de Belgrano,2,1,,,Primera Nacional,2025,zonas,Zona B,Fecha 16,Padre Ernesto Martearena,false,https://es.wikipedia.org/wiki/Campeonato_de_Primera_Nacional_2025
2025-05-25,17:00,Mitre (SdE),Deportivo Morón,0,0,,,Primera Nacional,2025,zonas,Zona B,Fecha 16,Doctores José y Antonio Castiglione,false,https://es.wikipedia.org/wiki/Campeonato_de_Primera_Nacional_2025
2025-05-25,17:00,Racing Club,Tristán Suárez,1,1,,,Primera Nacional,2025,zonas,Zona A,Fecha 16,Miguel Sancho,false,https://es.wikipedia.org/wiki/Campeonato_de_Primera_Nacional_2025
2025-05-25,17:40,Argentino de Merlo,Flandria,3,0,,,Primera B,2025,zonas,Torneo Apertura,Fecha 17,Juan Carlos Brieva,false,https://es.wikipedia.org/wiki/Campeonato_de_Primera_B_2025_(Argentina)
2025-05-26,15:30,Estrella del Sur,General Lamadrid,1,0,,,Primera C,2025,zonas,Zona B,Fecha 12,Rodolfo Capocasa,false,https://es.wikipedia.org/wiki/Campeonato_de_Primera_C_2025_(Argentina)
2025-05-26,15:30,Sportivo Barracas,Centro Español,0,0,,,Primera C,2025,zonas,Zona B,Fecha 12,Tres de Febrero,false,https://es.wikipedia.org/wiki/Campeonato_de_Primera_C_2025_(Argentina)
2025-05-26,20:00,Excursionistas,Liniers,1,0,,,Primera B,2025,zonas,Torneo Apertura,Fecha 17,Excursionistas,false,https://es.wikipedia.org/wiki/Campeonato_de_Primera_B_2025_(Argentina)
2025-05-26,20:10,Quilmes,San Martín (T),1,2,,,Primera Nacional,2025,zonas,Zona A,Fecha 16,Centenario Ciudad de Quilmes,false,https://es.wikipedia.org/wiki/Campeonato_de_Primera_Nacional_2025
2025-05-26,20:35,Sportivo Belgrano,Ben Hur,0,0,,,Torneo Federal A,2025,zonas,Zona 3,Fecha 11,Juan Pablo Francia,false,https://es.wikipedia.org/wiki/Torneo_Federal_A_2025
2025-05-28,,Excursionistas,Argentinos Juniors,0,3,,,Copa Argentina,2025,eliminacion,,Dieciseisavos,Nuevo Gasómetro,true,https://es.wikipedia.org/wiki/Copa_Argentina_2025
2025-05-30,21:10,San Martín (B),Real Pilar,0,0,,,Primera B,2025,zonas,Torneo Apertura,Fecha 18,Francisco Boga,false,https://es.wikipedia.org/wiki/Campeonato_de_Primera_B_2025_(Argentina)
2025-05-30,21:30,Sarmiento (LB),Sarmiento (R),0,0,,,Torneo Federal A,2025,zonas,Zona 4,Fecha 12,Ciudad de La Banda,false,https://es.wikipedia.org/wiki/Torneo_Federal_A_2025
2025-05-30,22:00,Gimnasia y Tiro (S),Racing Club,2,0,,,Primera Nacional,2025,zonas,Zona A,Fecha 17,El Gigante del Norte,false,https://es.wikipedia.org/wiki/Campeonato_de_Primera_Nacional_2025
2025-05-31,13:30,Tristán Suárez,Quilmes,0,0,,,Primera Nacional,2025,zonas,Zona A,Fecha 17,20 de Octubre,false,https://es.wikipedia.org/wiki/Campeonato_de_Primera_Nacional_2025
2025-05-31,15:00,Ciudad de Bolívar,Sportivo Estudiantes (SL),2,0,,,Torneo Federal A,2025,zonas,Zona 2,Fecha 12,Municipal Eva Perón,false,https://es.wikipedia.org/wiki/Torneo_Federal_A_2025
2025-05-31,15:00,Deportivo Merlo,Dock Sud,0,0,,,Primera B,2025,zonas,Torneo Apertura,Fecha 18,José Manuel Moreno,false,https://es.wikipedia.org/wiki/Campeonato_de_Primera_B_2025_(Argentina)
2025-05-31,15:00,Güemes (SdE),Almagro,1,1,,,Primera Nacional,2025,zonas,Zona A,Fecha 17,Arturo Miranda,false,https://es.wikipedia.org/wiki/Campeonato_de_Primera_Nacional_2025
2025-05-31,15:30,Argentino de Rosario,Cañuelas,1,1,,,Primera C,2025,zonas,Zona B,Fecha 13,José Martín Olaeta,false,https://es.wikipedia.org/wiki/Campeonato_de_Primera_C_2025_(Argentina)
2025-05-31,15:30,Comunicaciones,Sportivo Italiano,1,0,,,Primera B,2025,zonas,Torneo Apertura,Fecha 18,Alfredo Ramos,false,https://es.wikipedia.org/wiki/Campeonato_de_Primera_B_2025_(Argentina)
2025-05-31,15:30,Defensores de Cambaceres,Central Córdoba (R),2,1,,,Primera C,2025,zonas,Zona A,Fecha 13,12 de Octubre,false,https://es.wikipedia.org/wiki/Campeonato_de_Primera_C_2025_(Argentina)
2025-05-31,15:30,Deportivo Armenio,UAI Urquiza,0,0,,,Primera B,2025,zonas,Torneo Apertura,Fecha 18,Armenia,false,https://es.wikipedia.org/wiki/Campeonato_de_Primera_B_2025_(Argentina)
2025-05-31,15:30,Deportivo Camioneros,Victoriano Arenas,2,0,,,Primera C,2025,zonas,Zona B,Fecha 13,Hugo Moyano,false,https://es.wikipedia.org/wiki/Campeonato_de_Primera_C_2025_(Argentina)
2025-05-31,15:30,Deportivo Morón,Chaco For Ever,2,1,,,Primera Nacional,2025,zonas,Zona B,Fecha 17,Nuevo Francisco Urbano,false,https://es.wikipedia.org/wiki/Campeonato_de_Primera_Nacional_2025
2025-05-31,15:30,El Porvenir,Puerto Nuevo,3,1,,,Primera C,2025,zonas,Zona A,Fecha 13,Gildo Francisco Ghersinich,false,https://es.wikipedia.org/wiki/Campeonato_de_Primera_C_2025_(Argentina)
2025-05-31,15:30,Estudiantes (BA),Mitre (SdE),2,0,,,Primera Nacional,2025,zonas,Zona B,Fecha 17,Ciudad de Caseros,false,https://es.wikipedia.org/wiki/Campeonato_de_Primera_Nacional_2025
2025-05-31,15:30,Flandria,Brown de Adrogué,1,1,,,Primera B,2025,zonas,Torneo Apertura,Fecha 18,Carlos V,false,https://es.wikipedia.org/wiki/Campeonato_de_Primera_B_2025_(Argentina)
2025-05-31,15:30,Independiente (C),Defensores de Belgrano (VR),0,0,,,Torneo Federal A,2025,zonas,Zona 3,Fecha 12,Raúl Orlando Lungarzo,false,https://es.wikipedia.org/wiki/Torneo_Federal_A_2025
2025-05-31,15:30,Juventud Unida,Sportivo Barracas,1,3,,,Primera C,2025,zonas,Zona B,Fecha 13,Ciudad de San Miguel,false,https://es.wikipedia.org/wiki/Campeonato_de_Primera_C_2025_(Argentina)
2025-05-31,15:30,Kimberley,Ramón Santamarina,1,1,,,Torneo Federal A,2025,zonas,Zona 1,Fecha 12,José Alberto Valle,false,https://es.wikipedia.org/wiki/Torneo_Federal_A_2025
2025-05-31,15:30,Leandro N. Alem,Mercedes,1,2,,,Primera C,2025,zonas,Zona A,Fecha 13,Leandro N. Alem,false,https://es.wikipedia.org/wiki/Campeonato_de_Primera_C_2025_(Argentina)
2025-05-31,15:30,Liniers,Ferrocarril Midland,0,2,,,Primera B,2025,zonas,Torneo Apertura,Fecha 18,Juan Antonio Arias,false,https://es.wikipedia.org/wiki/Campeonato_de_Primera_B_2025_(Argentina)
2025-05-31,15:30,Sacachispas,Villa San Carlos,0,1,,,Primera B,2025,zonas,Torneo Apertura,Fecha 18,Beto Larrosa,false,https://es.wikipedia.org/wiki/Campeonato_de_Primera_B_2025_(Argentina)
2025-05-31,15:30,Villa Dálmine,Argentino de Merlo,0,2,,,Primera B,2025,zonas,Torneo Apertura,Fecha 18,El Coliseo de Mitre y Puccini,false,https://es.wikipedia.org/wiki/Campeonato_de_Primera_B_2025_(Argentina)
2025-05-31,15:30,Yupanqui,Central Ballester,4,1,,,Primera C,2025,zonas,Zona B,Fecha 13,Ciudad Evita,false,https://es.wikipedia.org/wiki/Campeonato_de_Primera_C_2025_(Argentina)
2025-05-31,16:00,Argentino (MM),Costa Brava,0,2,,,Torneo Federal A,2025,zonas,Zona 2,Fecha 12,Modesto Marrone,false,https://es.wikipedia.org/wiki/Torneo_Federal_A_2025
2025-05-31,17:00,Atlético de Rafaela,Crucero del Norte,3,0,,,Torneo Federal A,2025,zonas,Zona 4,Fecha 12,Nuevo Monumental,false,https://es.wikipedia.org/wiki/Torneo_Federal_A_2025
2025-05-31,18:00,Estudiantes (RC),Central Norte (S),1,0,,,Primera Nacional,2025,zonas,Zona B,Fecha 17,Antonio Candini,false,https://es.wikipedia.org/wiki/Campeonato_de_Primera_Nacional_2025
2025-05-31,19:30,Los Andes,All Boys,1,1,,,Primera Nacional,2025,zonas,Zona A,Fecha 17,Eduardo Gallardón,false,https://es.wikipedia.org/wiki/Campeonato_de_Primera_Nacional_2025
2025-05-31,21:30,San Martín (T),San Miguel,0,1,,,Primera Nacional,2025,zonas,Zona A,Fecha 17,La Ciudadela,false,https://es.wikipedia.org/wiki/Campeonato_de_Primera_Nacional_2025
2025-06-01,,Estudiantes (LP),Aldosivi,1,1,2,4,Copa Argentina,2025,eliminacion,,Dieciseisavos,Norberto Tomaghello,true,https://es.wikipedia.org/wiki/Copa_Argentina_2025
2025-06-01,,Huracán,Platense,0,1,,,Primera Division - Apertura,2025,eliminacion,,Final,Estadio Único Madre de Ciudades,false,https://es.wikipedia.org/wiki/Anexo:Torneo_Apertura_2025_(Argentina)
2025-06-01,11:00,General Lamadrid,Deportivo Paraguayo,0,2,,,Primera C,2025,zonas,Zona B,Fecha 13,Enrique Sexto,false,https://es.wikipedia.org/wiki/Campeonato_de_Primera_C_2025_(Argentina)
2025-06-01,11:00,Guillermo Brown,Cipolletti,0,1,,,Torneo Federal A,2025,zonas,Zona 1,Fecha 12,Raúl Conti,false,https://es.wikipedia.org/wiki/Torneo_Federal_A_2025
2025-06-01,13:00,Claypole,Ituzaingó,0,1,,,Primera C,2025,zonas,Zona A,Fecha 13,Rodolfo Capocasa,false,https://es.wikipedia.org/wiki/Campeonato_de_Primera_C_2025_(Argentina)
2025-06-01,14:30,Chacarita Juniors,Gimnasia y Esgrima (J),0,1,,,Primera Nacional,2025,zonas,Zona B,Fecha 17,Chacarita Juniors,false,https://es.wikipedia.org/wiki/Campeonato_de_Primera_Nacional_2025
2025-06-01,14:30,Sol de Mayo (V),Deportivo Rincón,2,2,,,Torneo Federal A,2025,zonas,Zona 1,Fecha 12,Sol de Mayo,false,https://es.wikipedia.org/wiki/Torneo_Federal_A_2025
2025-06-01,15:00,Círculo Deportivo,Germinal,0,1,,,Torneo Federal A,2025,zonas,Zona 1,Fecha 12,Guillermo Trama,false,https://es.wikipedia.org/wiki/Torneo_Federal_A_2025
2025-06-01,15:00,Douglas Haig,El Linqueño,1,0,,,Torneo Federal A,2025,zonas,Zona 3,Fecha 12,Miguel Morales,false,https://es.wikipedia.org/wiki/Torneo_Federal_A_2025
2025-06-01,15:00,Gimnasia y Esgrima (CdU),9 de Julio (R),1,0,,,Torneo Federal A,2025,zonas,Zona 3,Fecha 12,Manuel y Ramón Núñez,false,https://es.wikipedia.org/wiki/Torneo_Federal_A_2025
2025-06-01,15:10,Villa Mitre,Olimpo,1,0,,,Torneo Federal A,2025,zonas,Zona 1,Fecha 12,El Fortín (BB),false,https://es.wikipedia.org/wiki/Torneo_Federal_A_2025
2025-06-01,15:15,Sportivo Las Parejas,Sportivo Belgrano,0,1,,,Torneo Federal A,2025,zonas,Zona 3,Fecha 12,4 de Septiembre,false,https://es.wikipedia.org/wiki/Torneo_Federal_A_2025
2025-06-01,15:30,Alvarado,Arsenal,0,2,,,Primera Nacional,2025,zonas,Zona A,Fecha 17,José María Minella,false,https://es.wikipedia.org/wiki/Campeonato_de_Primera_Nacional_2025
2025-06-01,15:30,Defensores Unidos,Colón,0,1,,,Primera Nacional,2025,zonas,Zona B,Fecha 17,Gigante de Villa Fox,false,https://es.wikipedia.org/wiki/Campeonato_de_Primera_Nacional_2025
2025-06-01,15:30,Defensores de Belgrano,Gimnasia y Esgrima (M),0,2,,,Primera Nacional,2025,zonas,Zona B,Fecha 17,Juan Pasquale,false,https://es.wikipedia.org/wiki/Campeonato_de_Primera_Nacional_2025
2025-06-01,15:30,Deportivo Laferrere,Excursionistas,2,0,,,Primera B,2025,zonas,Torneo Apertura,Fecha 18,Ciudad de Laferrere,false,https://es.wikipedia.org/wiki/Campeonato_de_Primera_B_2025_(Argentina)
2025-06-01,15:30,Deportivo Madryn,Colegiales,3,1,,,Primera Nacional,2025,zonas,Zona A,Fecha 17,Abel Sastre,false,https://es.wikipedia.org/wiki/Campeonato_de_Primera_Nacional_2025
2025-06-01,15:30,Deportivo Maipú,Atlanta,0,1,,,Primera Nacional,2025,zonas,Zona A,Fecha 17,Omar Higinio Sperdutti,false,https://es.wikipedia.org/wiki/Campeonato_de_Primera_Nacional_2025
2025-06-01,15:30,Huracán Las Heras,Atenas (RC),0,2,,,Torneo Federal A,2025,zonas,Zona 2,Fecha 12,General San Martín,false,https://es.wikipedia.org/wiki/Torneo_Federal_A_2025
2025-06-01,15:30,J. J. de Urquiza,Lugano,3,1,,,Primera C,2025,zonas,Zona A,Fecha 13,Ramón Roque Martín,false,https://es.wikipedia.org/wiki/Campeonato_de_Primera_C_2025_(Argentina)
2025-06-01,15:30,Luján,Atlas,3,1,,,Primera C,2025,zonas,Zona B,Fecha 13,1.º de Abril,false,https://es.wikipedia.org/wiki/Campeonato_de_Primera_C_2025_(Argentina)
2025-06-01,15:30,Muñiz,Berazategui,1,0,,,Primera C,2025,zonas,Zona A,Fecha 13,Ciudad de San Miguel,false,https://es.wikipedia.org/wiki/Campeonato_de_Primera_C_2025_(Argentina)
2025-06-01,15:30,San Telmo,Agropecuario,3,3,,,Primera Nacional,2025,zonas,Zona B,Fecha 17,Doctor Osvaldo Baletto,false,https://es.wikipedia.org/wiki/Campeonato_de_Primera_Nacional_2025
2025-06-01,15:30,Talleres (RdE),Almirante Brown,1,2,,,Primera Nacional,2025,zonas,Zona B,Fecha 17,Pablo Comelli,false,https://es.wikipedia.org/wiki/Campeonato_de_Primera_Nacional_2025
2025-06-01,15:45,Bartolomé Mitre (P),San Martín (F),1,1,,,Torneo Federal A,2025,zonas,Zona 4,Fecha 12,Ernesto Cucchiaroni,false,https://es.wikipedia.org/wiki/Torneo_Federal_A_2025
2025-06-01,16:00,Patronato,Ferro Carril Oeste,3,0,,,Primera Nacional,2025,zonas,Zona A,Fecha 17,Presbítero Bartolomé Grella,false,https://es.wikipedia.org/wiki/Campeonato_de_Primera_Nacional_2025
2025-06-01,16:00,Sol de América (F),Juventud Antoniana,1,1,,,Torneo Federal A,2025,zonas,Zona 4,Fecha 12,Sol de América,false,https://es.wikipedia.org/wiki/Torneo_Federal_A_2025
2025-06-01,16:30,San Martín (SM),Gutiérrez,3,0,,,Torneo Federal A,2025,zonas,Zona 2,Fecha 12,Libertador General San Martín,false,https://es.wikipedia.org/wiki/Torneo_Federal_A_2025
2025-06-01,17:00,Ben Hur,Gimnasia y Esgrima (C),0,0,,,Torneo Federal A,2025,zonas,Zona 3,Fecha 12,Néstor Zenklusen,false,https://es.wikipedia.org/wiki/Torneo_Federal_A_2025
2025-06-02,15:30,Centro Español,Estrella del Sur,1,2,,,Primera C,2025,zonas,Zona B,Fecha 13,Carlos Sacaan,false,https://es.wikipedia.org/wiki/Campeonato_de_Primera_C_2025_(Argentina)
2025-06-02,15:30,Fénix,Acassuso,0,0,,,Primera B,2025,zonas,Torneo Apertura,Fecha 18,Ciudad de San Miguel,false,https://es.wikipedia.org/wiki/Campeonato_de_Primera_B_2025_(Argentina)
2025-06-02,19:00,Nueva Chicago,Temperley,0,1,,,Primera Nacional,2025,zonas,Zona B,Fecha 17,Nueva Chicago,false,https://es.wikipedia.org/wiki/Campeonato_de_Primera_Nacional_2025
2025-06-07,15:00,Brown de Adrogué,Villa Dálmine,4,1,,,Primera B,2025,zonas,Torneo Apertura,Fecha 19,Lorenzo Arandilla,false,https://es.wikipedia.org/wiki/Campeonato_de_Primera_B_2025_(Argentina)
2025-06-07,15:30,Acassuso,Flandria,0,0,,,Primera B,2025,zonas,Torneo Apertura,Fecha 19,La Quema,false,https://es.wikipedia.org/wiki/Campeonato_de_Primera_B_2025_(Argentina)
2025-06-07,15:30,Argentino de Merlo,Argentino de Quilmes,2,1,,,Primera B,2025,zonas,Torneo Apertura,Fecha 19,Juan Carlos Brieva,false,https://es.wikipedia.org/wiki/Campeonato_de_Primera_B_2025_(Argentina)
2025-06-07,15:30,Crucero del Norte,Sol de América (F),0,1,,,Torneo Federal A,2025,zonas,Zona 4,Fecha 13,Comandante Andrés Guacurarí,false,https://es.wikipedia.org/wiki/Torneo_Federal_A_2025
2025-06-07,15:30,Dock Sud,Sacachispas,2,0,,,Primera B,2025,zonas,Torneo Apertura,Fecha 19,De los Inmigrantes,false,https://es.wikipedia.org/wiki/Campeonato_de_Primera_B_2025_(Argentina)
2025-06-07,15:30,Excursionistas,Fénix,1,0,,,Primera B,2025,zonas,Torneo Apertura,Fecha 19,Excursionistas,false,https://es.wikipedia.org/wiki/Campeonato_de_Primera_B_2025_(Argentina)
2025-06-07,15:30,Sportivo Italiano,Liniers,2,0,,,Primera B,2025,zonas,Torneo Apertura,Fecha 19,República de Italia,false,https://es.wikipedia.org/wiki/Campeonato_de_Primera_B_2025_(Argentina)
2025-06-07,15:30,Villa San Carlos,San Martín (B),2,1,,,Primera B,2025,zonas,Torneo Apertura,Fecha 19,Genacio Sálice,false,https://es.wikipedia.org/wiki/Campeonato_de_Primera_B_2025_(Argentina)
2025-06-07,16:00,Costa Brava,Huracán Las Heras,1,0,,,Torneo Federal A,2025,zonas,Zona 2,Fecha 13,Nuevo Pacaembú,false,https://es.wikipedia.org/wiki/Torneo_Federal_A_2025
2025-06-07,16:45,Real Pilar,Deportivo Armenio,1,0,,,Primera B,2025,zonas,Torneo Apertura,Fecha 19,Carlos Barraza,false,https://es.wikipedia.org/wiki/Campeonato_de_Primera_B_2025_(Argentina)
2025-06-07,17:00,Sarmiento (R),Atlético de Rafaela,0,0,,,Torneo Federal A,2025,zonas,Zona 4,Fecha 13,Centenario,false,https://es.wikipedia.org/wiki/Torneo_Federal_A_2025
2025-06-07,18:00,9 de Julio (R),Sportivo Belgrano,3,1,,,Torneo Federal A,2025,zonas,Zona 3,Fecha 13,Germán Solterman,false,https://es.wikipedia.org/wiki/Torneo_Federal_A_2025
2025-06-08,11:00,Deportivo Rincón,Ramón Santamarina,2,0,,,Torneo Federal A,2025,zonas,Zona 1,Fecha 13,Elías Moisés Gómez,false,https://es.wikipedia.org/wiki/Torneo_Federal_A_2025
2025-06-08,15:00,Boca Unidos,Bartolomé Mitre (P),1,2,,,Torneo Federal A,2025,zonas,Zona 4,Fecha 13,Leoncio Benítez,false,https://es.wikipedia.org/wiki/Torneo_Federal_A_2025
2025-06-08,15:00,Germinal,Kimberley,1,2,,,Torneo Federal A,2025,zonas,Zona 1,Fecha 13,El Fortín (R),false,https://es.wikipedia.org/wiki/Torneo_Federal_A_2025
2025-06-08,15:00,Sol de Mayo (V),Guillermo Brown,1,0,,,Torneo Federal A,2025,zonas,Zona 1,Fecha 13,Sol de Mayo,false,https://es.wikipedia.org/wiki/Torneo_Federal_A_2025
2025-06-08,15:05,Olimpo,Círculo Deportivo,1,2,,,Torneo Federal A,2025,zonas,Zona 1,Fecha 13,Roberto N. Carminatti,false,https://es.wikipedia.org/wiki/Torneo_Federal_A_2025
2025-06-08,15:30,Cipolletti,Villa Mitre,1,1,,,Torneo Federal A,2025,zonas,Zona 1,Fecha 13,La Visera de Cemento,false,https://es.wikipedia.org/wiki/Torneo_Federal_A_2025
2025-06-08,15:30,Defensores de Belgrano (VR),Douglas Haig,1,1,,,Torneo Federal A,2025,zonas,Zona 3,Fecha 13,Salomón Boeseldín,false,https://es.wikipedia.org/wiki/Torneo_Federal_A_2025
2025-06-08,15:30,Gimnasia y Esgrima (CdU),Independiente (C),3,0,,,Torneo Federal A,2025,zonas,Zona 3,Fecha 13,Manuel y Ramón Núñez,false,https://es.wikipedia.org/wiki/Torneo_Federal_A_2025
2025-06-08,15:30,Juventud Unida Universitario,San Martín (SM),3,0,,,Torneo Federal A,2025,zonas,Zona 2,Fecha 13,Mario Sebastián Diez,false,https://es.wikipedia.org/wiki/Torneo_Federal_A_2025
2025-06-08,15:30,UAI Urquiza,Comunicaciones,1,0,,,Primera B,2025,zonas,Torneo Apertura,Fecha 19,Monumental de Villa Lynch,false,https://es.wikipedia.org/wiki/Campeonato_de_Primera_B_2025_(Argentina)
2025-06-08,16:00,El Linqueño,Ben Hur,1,0,,,Torneo Federal A,2025,zonas,Zona 3,Fecha 13,Leonardo Costa,false,https://es.wikipedia.org/wiki/Torneo_Federal_A_2025
2025-06-08,16:00,Gimnasia y Esgrima (C),Sportivo Las Parejas,2,2,,,Torneo Federal A,2025,zonas,Zona 3,Fecha 13,José María Paz,false,https://es.wikipedia.org/wiki/Torneo_Federal_A_2025
2025-06-08,16:00,Gutiérrez,Argentino (MM),0,2,,,Torneo Federal A,2025,zonas,Zona 2,Fecha 13,General Gutiérrez,false,https://es.wikipedia.org/wiki/Torneo_Federal_A_2025
2025-06-08,16:00,San Martín (F),Sarmiento (LB),1,0,,,Torneo Federal A,2025,zonas,Zona 4,Fecha 13,17 de Octubre,false,https://es.wikipedia.org/wiki/Torneo_Federal_A_2025
2025-06-08,16:30,Atenas (RC),Ciudad de Bolívar,0,1,,,Torneo Federal A,2025,zonas,Zona 2,Fecha 13,9 de Julio,false,https://es.wikipedia.org/wiki/Torneo_Federal_A_2025
2025-06-08,17:10,Ferrocarril Midland,Deportivo Laferrere,2,0,,,Primera B,2025,zonas,Torneo Apertura,Fecha 19,Ciudad de Libertad,false,https://es.wikipedia.org/wiki/Campeonato_de_Primera_B_2025_(Argentina)
2025-06-13,20:05,Gimnasia y Tiro (S),Quilmes,2,1,,,Primera Nacional,2025,zonas,Zona A,Fecha 18,El Gigante del Norte,false,https://es.wikipedia.org/wiki/Campeonato_de_Primera_Nacional_2025
2025-06-13,21:00,Atlético de Rafaela,San Martín (F),1,1,,,Torneo Federal A,2025,zonas,Zona 4,Fecha 14,Nuevo Monumental,false,https://es.wikipedia.org/wiki/Torneo_Federal_A_2025
2025-06-13,22:00,Juventud Antoniana,Crucero del Norte,1,0,,,Torneo Federal A,2025,zonas,Zona 4,Fecha 14,Padre Ernesto Martearena,false,https://es.wikipedia.org/wiki/Torneo_Federal_A_2025
2025-06-14,13:40,Defensores de Belgrano,Gimnasia y Esgrima (J),0,1,,,Primera Nacional,2025,zonas,Zona B,Fecha 18,Juan Pasquale,false,https://es.wikipedia.org/wiki/Campeonato_de_Primera_Nacional_2025
2025-06-14,14:00,Douglas Haig,Gimnasia y Esgrima (CdU),1,0,,,Torneo Federal A,2025,zonas,Zona 3,Fecha 14,Miguel Morales,false,https://es.wikipedia.org/wiki/Torneo_Federal_A_2025
2025-06-14,14:00,Guillermo Brown,Deportivo Rincón,1,0,,,Torneo Federal A,2025,zonas,Zona 1,Fecha 14,Raúl Conti,false,https://es.wikipedia.org/wiki/Torneo_Federal_A_2025
2025-06-14,14:30,Villa Dálmine,Acassuso,1,2,,,Primera B,2025,zonas,Torneo Apertura,Fecha 20,El Coliseo de Mitre y Puccini,false,https://es.wikipedia.org/wiki/Campeonato_de_Primera_B_2025_(Argentina)
2025-06-14,15:00,Chacarita Juniors,Agropecuario,3,0,,,Primera Nacional,2025,zonas,Zona B,Fecha 18,Chacarita Juniors,false,https://es.wikipedia.org/wiki/Campeonato_de_Primera_Nacional_2025
2025-06-14,15:00,Independiente (C),9 de Julio (R),2,0,,,Torneo Federal A,2025,zonas,Zona 3,Fecha 14,Raúl Orlando Lungarzo,false,https://es.wikipedia.org/wiki/Torneo_Federal_A_2025
2025-06-14,15:00,Kimberley,Olimpo,0,1,,,Torneo Federal A,2025,zonas,Zona 1,Fecha 14,José Alberto Valle,false,https://es.wikipedia.org/wiki/Torneo_Federal_A_2025
2025-06-14,15:00,Talleres (RdE),Central Norte (S),0,1,,,Primera Nacional,2025,zonas,Zona B,Fecha 18,Pablo Comelli,false,https://es.wikipedia.org/wiki/Campeonato_de_Primera_Nacional_2025
2025-06-14,15:00,Tristán Suárez,San Miguel,0,0,,,Primera Nacional,2025,zonas,Zona A,Fecha 18,20 de Octubre,false,https://es.wikipedia.org/wiki/Campeonato_de_Primera_Nacional_2025
2025-06-14,15:30,Argentino de Quilmes,Brown de Adrogué,0,0,,,Primera B,2025,zonas,Torneo Apertura,Fecha 20,Argentino de Quilmes,false,https://es.wikipedia.org/wiki/Campeonato_de_Primera_B_2025_(Argentina)
2025-06-14,15:30,Ciudad de Bolívar,Costa Brava,0,0,,,Torneo Federal A,2025,zonas,Zona 2,Fecha 14,Municipal Eva Perón,false,https://es.wikipedia.org/wiki/Torneo_Federal_A_2025
2025-06-14,15:30,Deportivo Maipú,Racing Club,1,1,,,Primera Nacional,2025,zonas,Zona A,Fecha 18,Omar Higinio Sperdutti,false,https://es.wikipedia.org/wiki/Campeonato_de_Primera_Nacional_2025
2025-06-14,15:30,Estudiantes (BA),Chaco For Ever,1,2,,,Primera Nacional,2025,zonas,Zona B,Fecha 18,Ciudad de Caseros,false,https://es.wikipedia.org/wiki/Campeonato_de_Primera_Nacional_2025
2025-06-14,15:30,Flandria,Excursionistas,1,0,,,Primera B,2025,zonas,Torneo Apertura,Fecha 20,Carlos V,false,https://es.wikipedia.org/wiki/Campeonato_de_Primera_B_2025_(Argentina)
2025-06-14,15:30,Liniers,UAI Urquiza,0,1,,,Primera B,2025,zonas,Torneo Apertura,Fecha 20,Juan Antonio Arias,false,https://es.wikipedia.org/wiki/Campeonato_de_Primera_B_2025_(Argentina)
2025-06-14,15:30,Ramón Santamarina,Germinal,1,0,,,Torneo Federal A,2025,zonas,Zona 1,Fecha 14,Municipal General San Martín,false,https://es.wikipedia.org/wiki/Torneo_Federal_A_2025
2025-06-14,15:30,Sacachispas,Deportivo Merlo,2,0,,,Primera B,2025,zonas,Torneo Apertura,Fecha 20,Beto Larrosa,false,https://es.wikipedia.org/wiki/Campeonato_de_Primera_B_2025_(Argentina)
2025-06-14,15:30,San Martín (B),Dock Sud,4,2,,,Primera B,2025,zonas,Torneo Apertura,Fecha 20,Francisco Boga,false,https://es.wikipedia.org/wiki/Campeonato_de_Primera_B_2025_(Argentina)
2025-06-14,16:00,San Martín (T),Almagro,1,1,,,Primera Nacional,2025,zonas,Zona A,Fecha 18,La Ciudadela,false,https://es.wikipedia.org/wiki/Campeonato_de_Primera_Nacional_2025
2025-06-14,16:40,Temperley,Colón,2,1,,,Primera Nacional,2025,zonas,Zona B,Fecha 18,Alfredo Beranger,false,https://es.wikipedia.org/wiki/Campeonato_de_Primera_Nacional_2025
2025-06-14,18:00,Estudiantes (RC),Gimnasia y Esgrima (M),1,1,,,Primera Nacional,2025,zonas,Zona B,Fecha 18,Antonio Candini,false,https://es.wikipedia.org/wiki/Campeonato_de_Primera_Nacional_2025
2025-06-14,18:40,Deportivo Morón,Almirante Brown,2,0,,,Primera Nacional,2025,zonas,Zona B,Fecha 18,Nuevo Francisco Urbano,false,https://es.wikipedia.org/wiki/Campeonato_de_Primera_Nacional_2025
2025-06-15,13:10,San Telmo,Nueva Chicago,2,2,,,Primera Nacional,2025,zonas,Zona B,Fecha 18,Doctor Osvaldo Baletto,false,https://es.wikipedia.org/wiki/Campeonato_de_Primera_Nacional_2025
2025-06-15,15:00,Círculo Deportivo,Cipolletti,2,0,,,Torneo Federal A,2025,zonas,Zona 1,Fecha 14,Guillermo Trama,false,https://es.wikipedia.org/wiki/Torneo_Federal_A_2025
2025-06-15,15:00,Güemes (SdE),Ferro Carril Oeste,1,1,,,Primera Nacional,2025,zonas,Zona A,Fecha 18,Arturo Miranda,false,https://es.wikipedia.org/wiki/Campeonato_de_Primera_Nacional_2025
2025-06-15,15:00,Sportivo Estudiantes (SL),Atenas (RC),0,2,,,Torneo Federal A,2025,zonas,Zona 2,Fecha 14,Juan Gilberto Funes,false,https://es.wikipedia.org/wiki/Torneo_Federal_A_2025
2025-06-15,15:00,Villa Mitre,Sol de Mayo (V),1,2,,,Torneo Federal A,2025,zonas,Zona 1,Fecha 14,El Fortín (BB),false,https://es.wikipedia.org/wiki/Torneo_Federal_A_2025
2025-06-15,15:15,Comunicaciones,Real Pilar,0,1,,,Primera B,2025,zonas,Torneo Apertura,Fecha 20,Alfredo Ramos,false,https://es.wikipedia.org/wiki/Campeonato_de_Primera_B_2025_(Argentina)
2025-06-15,15:15,Fénix,Ferrocarril Midland,0,0,,,Primera B,2025,zonas,Torneo Apertura,Fecha 20,Raúl Salvucci,false,https://es.wikipedia.org/wiki/Campeonato_de_Primera_B_2025_(Argentina)
2025-06-15,15:30,Alvarado,Colegiales,1,0,,,Primera Nacional,2025,zonas,Zona A,Fecha 18,José María Minella,false,https://es.wikipedia.org/wiki/Campeonato_de_Primera_Nacional_2025
2025-06-15,15:30,Argentino (MM),Juventud Unida Universitario,2,1,,,Torneo Federal A,2025,zonas,Zona 2,Fecha 14,Modesto Marrone,false,https://es.wikipedia.org/wiki/Torneo_Federal_A_2025
2025-06-15,15:30,Defensores Unidos,Mitre (SdE),0,2,,,Primera Nacional,2025,zonas,Zona B,Fecha 18,Gigante de Villa Fox,false,https://es.wikipedia.org/wiki/Campeonato_de_Primera_Nacional_2025
2025-06-15,15:30,Deportivo Laferrere,Sportivo Italiano,2,1,,,Primera B,2025,zonas,Torneo Apertura,Fecha 20,Ciudad de Laferrere,false,https://es.wikipedia.org/wiki/Campeonato_de_Primera_B_2025_(Argentina)
2025-06-15,15:30,Deportivo Madryn,Atlanta,1,1,,,Primera Nacional,2025,zonas,Zona A,Fecha 18,Abel Sastre,false,https://es.wikipedia.org/wiki/Campeonato_de_Primera_Nacional_2025
2025-06-15,16:00,Patronato,Los Andes,0,0,,,Primera Nacional,2025,zonas,Zona A,Fecha 18,Presbítero Bartolomé Grella,false,https://es.wikipedia.org/wiki/Campeonato_de_Primera_Nacional_2025
2025-06-15,16:00,Sol de América (F),Sarmiento (R),2,0,,,Torneo Federal A,2025,zonas,Zona 4,Fecha 14,Sol de América,false,https://es.wikipedia.org/wiki/Torneo_Federal_A_2025
2025-06-15,16:00,Sportivo Las Parejas,El Linqueño,3,1,,,Torneo Federal A,2025,zonas,Zona 3,Fecha 14,4 de Septiembre,false,https://es.wikipedia.org/wiki/Torneo_Federal_A_2025
2025-06-15,17:00,Ben Hur,Defensores de Belgrano (VR),2,0,,,Torneo Federal A,2025,zonas,Zona 3,Fecha 14,Néstor Zenklusen,false,https://es.wikipedia.org/wiki/Torneo_Federal_A_2025
2025-06-15,17:00,Sarmiento (LB),Boca Unidos,1,0,,,Torneo Federal A,2025,zonas,Zona 4,Fecha 14,Ciudad de La Banda,false,https://es.wikipedia.org/wiki/Torneo_Federal_A_2025
2025-06-15,17:00,Sportivo Belgrano,Gimnasia y Esgrima (C),0,0,,,Torneo Federal A,2025,zonas,Zona 3,Fecha 14,Juan Pablo Francia,false,https://es.wikipedia.org/wiki/Torneo_Federal_A_2025
2025-06-15,17:30,All Boys,Arsenal,2,1,,,Primera Nacional,2025,zonas,Zona A,Fecha 18,Islas Malvinas,false,https://es.wikipedia.org/wiki/Campeonato_de_Primera_Nacional_2025
2025-06-16,12:00,Deportivo Armenio,Villa San Carlos,4,0,,,Primera B,2025,zonas,Torneo Apertura,Fecha 20,Armenia,false,https://es.wikipedia.org/wiki/Campeonato_de_Primera_B_2025_(Argentina)
2025-06-16,15:30,Huracán Las Heras,Gutiérrez,1,2,,,Torneo Federal A,2025,zonas,Zona 2,Fecha 14,General San Martín,false,https://es.wikipedia.org/wiki/Torneo_Federal_A_2025
2025-06-20,12:00,Yupanqui,Sportivo Barracas,1,1,,,Primera C,2025,zonas,Zona B,Fecha 14,Ciudad Evita,false,https://es.wikipedia.org/wiki/Campeonato_de_Primera_C_2025_(Argentina)
2025-06-20,15:30,Cipolletti,Kimberley,0,2,,,Torneo Federal A,2025,zonas,Zona 1,Fecha 15,La Visera de Cemento,false,https://es.wikipedia.org/wiki/Torneo_Federal_A_2025
2025-06-20,15:30,Defensores de Cambaceres,Mercedes,2,1,,,Primera C,2025,zonas,Zona A,Fecha 14,12 de Octubre,false,https://es.wikipedia.org/wiki/Campeonato_de_Primera_C_2025_(Argentina)
2025-06-20,15:30,Sarmiento (R),Juventud Antoniana,2,1,,,Torneo Federal A,2025,zonas,Zona 4,Fecha 15,Centenario,false,https://es.wikipedia.org/wiki/Torneo_Federal_A_2025
2025-06-20,16:00,Racing Club,Deportivo Madryn,2,3,,,Primera Nacional,2025,zonas,Zona A,Fecha 19,Miguel Sancho,false,https://es.wikipedia.org/wiki/Campeonato_de_Primera_Nacional_2025
2025-06-20,17:00,Excursionistas,Villa Dálmine,3,0,,,Primera B,2025,zonas,Torneo Apertura,Fecha 21,Excursionistas,false,https://es.wikipedia.org/wiki/Campeonato_de_Primera_B_2025_(Argentina)
2025-06-21,13:00,Ferrocarril Midland,Flandria,2,0,,,Primera B,2025,zonas,Torneo Apertura,Fecha 21,Ciudad de Libertad,false,https://es.wikipedia.org/wiki/Campeonato_de_Primera_B_2025_(Argentina)
2025-06-21,13:00,Real Pilar,Liniers,1,3,,,Primera B,2025,zonas,Torneo Apertura,Fecha 21,Carlos Barraza,false,https://es.wikipedia.org/wiki/Campeonato_de_Primera_B_2025_(Argentina)
2025-06-21,13:05,Deportivo Español,Ituzaingó,0,0,,,Primera C,2025,zonas,Zona A,Fecha 14,Nueva España,false,https://es.wikipedia.org/wiki/Campeonato_de_Primera_C_2025_(Argentina)
2025-06-21,14:00,Guillermo Brown,Villa Mitre,2,1,,,Torneo Federal A,2025,zonas,Zona 1,Fecha 15,Raúl Conti,false,https://es.wikipedia.org/wiki/Torneo_Federal_A_2025
2025-06-21,15:00,Sol de Mayo (V),Círculo Deportivo,4,1,,,Torneo Federal A,2025,zonas,Zona 1,Fecha 15,Sol de Mayo,false,https://es.wikipedia.org/wiki/Torneo_Federal_A_2025
2025-06-21,15:10,Almagro,Tristán Suárez,0,1,,,Primera Nacional,2025,zonas,Zona A,Fecha 19,Tres de Febrero,false,https://es.wikipedia.org/wiki/Campeonato_de_Primera_Nacional_2025
2025-06-21,15:15,Brown de Adrogué,Argentino de Merlo,0,2,,,Primera B,2025,zonas,Torneo Apertura,Fecha 21,Lorenzo Arandilla,false,https://es.wikipedia.org/wiki/Campeonato_de_Primera_B_2025_(Argentina)
2025-06-21,15:30,Acassuso,Argentino de Quilmes,5,2,,,Primera B,2025,zonas,Torneo Apertura,Fecha 21,La Quema,false,https://es.wikipedia.org/wiki/Campeonato_de_Primera_B_2025_(Argentina)
2025-06-21,15:30,Argentino de Rosario,Victoriano Arenas,1,0,,,Primera C,2025,zonas,Zona B,Fecha 14,José Martín Olaeta,false,https://es.wikipedia.org/wiki/Campeonato_de_Primera_C_2025_(Argentina)
2025-06-21,15:30,Centro Español,General Lamadrid,0,0,,,Primera C,2025,zonas,Zona B,Fecha 14,Carlos Sacaan,false,https://es.wikipedia.org/wiki/Campeonato_de_Primera_C_2025_(Argentina)
2025-06-21,15:30,Deportivo Camioneros,Central Ballester,0,0,,,Primera C,2025,zonas,Zona B,Fecha 14,Hugo Moyano,false,https://es.wikipedia.org/wiki/Campeonato_de_Primera_C_2025_(Argentina)
2025-06-21,15:30,Dock Sud,Deportivo Armenio,1,0,,,Primera B,2025,zonas,Torneo Apertura,Fecha 21,De los Inmigrantes,false,https://es.wikipedia.org/wiki/Campeonato_de_Primera_B_2025_(Argentina)
2025-06-21,15:30,El Porvenir,Central Córdoba (R),0,0,,,Primera C,2025,zonas,Zona A,Fecha 14,Gildo Francisco Ghersinich,false,https://es.wikipedia.org/wiki/Campeonato_de_Primera_C_2025_(Argentina)
2025-06-21,15:30,Juventud Unida,Estrella del Sur,1,1,,,Primera C,2025,zonas,Zona B,Fecha 14,Ciudad de San Miguel,false,https://es.wikipedia.org/wiki/Campeonato_de_Primera_C_2025_(Argentina)
2025-06-21,15:30,Luján,Cañuelas,0,0,,,Primera C,2025,zonas,Zona B,Fecha 14,1.º de Abril,false,https://es.wikipedia.org/wiki/Campeonato_de_Primera_C_2025_(Argentina)
2025-06-21,15:30,San Miguel,Gimnasia y Tiro (S),1,0,,,Primera Nacional,2025,zonas,Zona A,Fecha 19,Malvinas Argentinas,false,https://es.wikipedia.org/wiki/Campeonato_de_Primera_Nacional_2025
2025-06-21,15:30,Sportivo Italiano,Fénix,2,0,,,Primera B,2025,zonas,Torneo Apertura,Fecha 21,República de Italia,false,https://es.wikipedia.org/wiki/Campeonato_de_Primera_B_2025_(Argentina)
2025-06-21,15:30,UAI Urquiza,Deportivo Laferrere,0,0,,,Primera B,2025,zonas,Torneo Apertura,Fecha 21,Monumental de Villa Lynch,false,https://es.wikipedia.org/wiki/Campeonato_de_Primera_B_2025_(Argentina)
2025-06-21,15:30,Villa San Carlos,Comunicaciones,0,2,,,Primera B,2025,zonas,Torneo Apertura,Fecha 21,Genacio Sálice,false,https://es.wikipedia.org/wiki/Campeonato_de_Primera_B_2025_(Argentina)
2025-06-21,16:30,Chaco For Ever,Defensores Unidos,2,0,,,Primera Nacional,2025,zonas,Zona B,Fecha 19,Juan Alberto García,false,https://es.wikipedia.org/wiki/Campeonato_de_Primera_Nacional_2025
2025-06-21,17:10,Quilmes,Deportivo Maipú,2,2,,,Primera Nacional,2025,zonas,Zona A,Fecha 19,Centenario Ciudad de Quilmes,false,https://es.wikipedia.org/wiki/Campeonato_de_Primera_Nacional_2025
2025-06-21,19:10,Colegiales,All Boys,2,1,,,Primera Nacional,2025,zonas,Zona A,Fecha 19,Libertarios Unidos,false,https://es.wikipedia.org/wiki/Campeonato_de_Primera_Nacional_2025
2025-06-22,13:10,Atlanta,Alvarado,0,2,,,Primera Nacional,2025,zonas,Zona A,Fecha 19,Don León Kolbowsky,false,https://es.wikipedia.org/wiki/Campeonato_de_Primera_Nacional_2025
2025-06-22,13:10,San Telmo,Chacarita Juniors,0,1,,,Primera Nacional,2025,zonas,Zona B,Fecha 19,Doctor Osvaldo Baletto,false,https://es.wikipedia.org/wiki/Campeonato_de_Primera_Nacional_2025
2025-06-22,15:00,Boca Unidos,Atlético de Rafaela,2,2,,,Torneo Federal A,2025,zonas,Zona 4,Fecha 15,Leoncio Benítez,false,https://es.wikipedia.org/wiki/Torneo_Federal_A_2025
2025-06-22,15:00,Defensores de Belgrano (VR),Sportivo Las Parejas,0,2,,,Torneo Federal A,2025,zonas,Zona 3,Fecha 15,Salomón Boeseldín,false,https://es.wikipedia.org/wiki/Torneo_Federal_A_2025
2025-06-22,15:00,Deportivo Rincón,Germinal,2,0,,,Torneo Federal A,2025,zonas,Zona 1,Fecha 15,Elías Moisés Gómez,false,https://es.wikipedia.org/wiki/Torneo_Federal_A_2025
2025-06-22,15:00,Independiente (C),Douglas Haig,0,0,,,Torneo Federal A,2025,zonas,Zona 3,Fecha 15,Raúl Orlando Lungarzo,false,https://es.wikipedia.org/wiki/Torneo_Federal_A_2025
2025-06-22,15:00,Juventud Unida Universitario,Huracán Las Heras,1,0,,,Torneo Federal A,2025,zonas,Zona 2,Fecha 15,Mario Sebastián Diez,false,https://es.wikipedia.org/wiki/Torneo_Federal_A_2025
2025-06-22,15:00,Los Andes,Arsenal,1,3,,,Primera Nacional,2025,zonas,Zona A,Fecha 19,Eduardo Gallardón,false,https://es.wikipedia.org/wiki/Campeonato_de_Primera_Nacional_2025
2025-06-22,15:10,Ferro Carril Oeste,San Martín (T),0,2,,,Primera Nacional,2025,zonas,Zona A,Fecha 19,Arquitecto Ricardo Etcheverri,false,https://es.wikipedia.org/wiki/Campeonato_de_Primera_Nacional_2025
2025-06-22,15:15,Olimpo,Ramón Santamarina,1,1,,,Torneo Federal A,2025,zonas,Zona 1,Fecha 15,Roberto N. Carminatti,false,https://es.wikipedia.org/wiki/Torneo_Federal_A_2025
2025-06-22,15:30,Agropecuario,Defensores de Belgrano,1,1,,,Primera Nacional,2025,zonas,Zona B,Fecha 19,Ofelia Rosenzuaig,false,https://es.wikipedia.org/wiki/Campeonato_de_Primera_Nacional_2025
2025-06-22,15:30,Almirante Brown,Estudiantes (BA),0,1,,,Primera Nacional,2025,zonas,Zona B,Fecha 19,Fragata Presidente Sarmiento,false,https://es.wikipedia.org/wiki/Campeonato_de_Primera_Nacional_2025
2025-06-22,15:30,Bartolomé Mitre (P),Sarmiento (LB),0,1,,,Torneo Federal A,2025,zonas,Zona 4,Fecha 15,Ernesto Cucchiaroni,false,https://es.wikipedia.org/wiki/Torneo_Federal_A_2025
2025-06-22,15:30,Claypole,Berazategui,0,0,,,Primera C,2025,zonas,Zona A,Fecha 14,Rodolfo Capocasa,false,https://es.wikipedia.org/wiki/Campeonato_de_Primera_C_2025_(Argentina)
2025-06-22,15:30,Deportivo Merlo,San Martín (B),1,0,,,Primera B,2025,zonas,Torneo Apertura,Fecha 21,José Manuel Moreno,false,https://es.wikipedia.org/wiki/Campeonato_de_Primera_B_2025_(Argentina)
2025-06-22,15:30,El Linqueño,Sportivo Belgrano,1,0,,,Torneo Federal A,2025,zonas,Zona 3,Fecha 15,Leonardo Costa,false,https://es.wikipedia.org/wiki/Torneo_Federal_A_2025
2025-06-22,15:30,Gimnasia y Esgrima (CdU),Ben Hur,2,0,,,Torneo Federal A,2025,zonas,Zona 3,Fecha 15,Manuel y Ramón Núñez,false,https://es.wikipedia.org/wiki/Torneo_Federal_A_2025
2025-06-22,15:30,Gimnasia y Esgrima (M),Talleres (RdE),1,1,,,Primera Nacional,2025,zonas,Zona B,Fecha 19,Víctor Antonio Legrotaglie,false,https://es.wikipedia.org/wiki/Campeonato_de_Primera_Nacional_2025
2025-06-22,15:30,Gutiérrez,Ciudad de Bolívar,1,1,,,Torneo Federal A,2025,zonas,Zona 2,Fecha 15,General Gutiérrez,false,https://es.wikipedia.org/wiki/Torneo_Federal_A_2025
2025-06-22,15:30,J. J. de Urquiza,Puerto Nuevo,2,0,,,Primera C,2025,zonas,Zona A,Fecha 14,Ramón Roque Martín,false,https://es.wikipedia.org/wiki/Campeonato_de_Primera_C_2025_(Argentina)
2025-06-22,15:30,Muñiz,Lugano,1,1,,,Primera C,2025,zonas,Zona A,Fecha 14,Ciudad de San Miguel,false,https://es.wikipedia.org/wiki/Campeonato_de_Primera_C_2025_(Argentina)
2025-06-22,15:30,San Martín (SM),Argentino (MM),1,1,,,Torneo Federal A,2025,zonas,Zona 2,Fecha 15,Libertador General San Martín,false,https://es.wikipedia.org/wiki/Torneo_Federal_A_2025
2025-06-22,16:00,9 de Julio (R),Gimnasia y Esgrima (C),2,0,,,Torneo Federal A,2025,zonas,Zona 3,Fecha 15,Germán Solterman,false,https://es.wikipedia.org/wiki/Torneo_Federal_A_2025
2025-06-22,16:00,Gimnasia y Esgrima (J),Estudiantes (RC),2,2,,,Primera Nacional,2025,zonas,Zona B,Fecha 19,23 de Agosto,false,https://es.wikipedia.org/wiki/Campeonato_de_Primera_Nacional_2025
2025-06-22,16:00,Patronato,Güemes (SdE),1,1,,,Primera Nacional,2025,zonas,Zona A,Fecha 19,Presbítero Bartolomé Grella,false,https://es.wikipedia.org/wiki/Campeonato_de_Primera_Nacional_2025
2025-06-22,16:00,San Martín (F),Sol de América (F),4,1,,,Torneo Federal A,2025,zonas,Zona 4,Fecha 15,17 de Octubre,false,https://es.wikipedia.org/wiki/Torneo_Federal_A_2025
2025-06-22,17:00,Central Norte (S),Deportivo Morón,0,0,,,Primera Nacional,2025,zonas,Zona B,Fecha 19,Padre Ernesto Martearena,false,https://es.wikipedia.org/wiki/Campeonato_de_Primera_Nacional_2025
2025-06-22,17:00,Mitre (SdE),Temperley,2,2,,,Primera Nacional,2025,zonas,Zona B,Fecha 19,Doctores José y Antonio Castiglione,false,https://es.wikipedia.org/wiki/Campeonato_de_Primera_Nacional_2025
2025-06-22,20:30,Costa Brava,Sportivo Estudiantes (SL),1,0,,,Torneo Federal A,2025,zonas,Zona 2,Fecha 15,Nuevo Pacaembú,false,https://es.wikipedia.org/wiki/Torneo_Federal_A_2025
2025-06-23,15:30,Deportivo Paraguayo,Atlas,2,1,,,Primera C,2025,zonas,Zona B,Fecha 14,Deportivo Paraguayo,false,https://es.wikipedia.org/wiki/Campeonato_de_Primera_C_2025_(Argentina)
2025-06-23,19:00,Nueva Chicago,Colón,1,0,,,Primera Nacional,2025,zonas,Zona B,Fecha 19,Nueva Chicago,false,https://es.wikipedia.org/wiki/Campeonato_de_Primera_Nacional_2025
2025-06-26,,Tigre,Banfield,2,0,,,Copa Argentina,2025,eliminacion,,Dieciseisavos,Nuevo Francisco Urbano,true,https://es.wikipedia.org/wiki/Copa_Argentina_2025
2025-06-27,,Belgrano,Defensores de Belgrano,3,2,,,Copa Argentina,2025,eliminacion,,Dieciseisavos,La Pedrera,true,https://es.wikipedia.org/wiki/Copa_Argentina_2025
2025-06-27,15:30,Sol de América (F),Boca Unidos,3,1,,,Torneo Federal A,2025,zonas,Zona 4,Fecha 16,Sol de América,false,https://es.wikipedia.org/wiki/Torneo_Federal_A_2025
2025-06-27,18:00,Mercedes,El Porvenir,0,0,,,Primera C,2025,zonas,Zona A,Fecha 15,Liga Mercedina,false,https://es.wikipedia.org/wiki/Campeonato_de_Primera_C_2025_(Argentina)
2025-06-27,20:30,Ben Hur,Independiente (C),0,0,,,Torneo Federal A,2025,zonas,Zona 3,Fecha 16,Néstor Zenklusen,false,https://es.wikipedia.org/wiki/Torneo_Federal_A_2025
2025-06-27,22:00,Juventud Antoniana,San Martín (F),1,1,,,Torneo Federal A,2025,zonas,Zona 4,Fecha 16,Padre Ernesto Martearena,false,https://es.wikipedia.org/wiki/Torneo_Federal_A_2025
2025-06-28,,Rosario Central,Unión,0,0,1,3,Copa Argentina,2025,eliminacion,,Dieciseisavos,Único de San Nicolás,true,https://es.wikipedia.org/wiki/Copa_Argentina_2025
2025-06-28,13:00,Sportivo Italiano,Flandria,0,2,,,Primera B,2025,zonas,Torneo Clausura,Fecha 1,República de Italia,false,https://es.wikipedia.org/wiki/Campeonato_de_Primera_B_2025_(Argentina)
2025-06-28,14:00,Sportivo Estudiantes (SL),Gutiérrez,3,1,,,Torneo Federal A,2025,zonas,Zona 2,Fecha 16,Héctor Odicino y Pedro Benoza,false,https://es.wikipedia.org/wiki/Torneo_Federal_A_2025
2025-06-28,15:00,Atlético de Rafaela,Bartolomé Mitre (P),0,0,,,Torneo Federal A,2025,zonas,Zona 4,Fecha 16,Nuevo Monumental,false,https://es.wikipedia.org/wiki/Torneo_Federal_A_2025
2025-06-28,15:00,Gimnasia y Esgrima (C),El Linqueño,1,1,,,Torneo Federal A,2025,zonas,Zona 3,Fecha 16,José María Paz,false,https://es.wikipedia.org/wiki/Torneo_Federal_A_2025
2025-06-28,15:00,Kimberley,Sol de Mayo (V),3,0,,,Torneo Federal A,2025,zonas,Zona 1,Fecha 16,José Alberto Valle,false,https://es.wikipedia.org/wiki/Torneo_Federal_A_2025
2025-06-28,15:15,Chacarita Juniors,Nueva Chicago,0,0,,,Primera Nacional,2025,zonas,Zona B,Fecha 20,Chacarita Juniors,false,https://es.wikipedia.org/wiki/Campeonato_de_Primera_Nacional_2025
2025-06-28,15:30,Acassuso,Argentino de Merlo,2,1,,,Primera B,2025,zonas,Torneo Clausura,Fecha 1,La Quema,false,https://es.wikipedia.org/wiki/Campeonato_de_Primera_B_2025_(Argentina)
2025-06-28,15:30,Arsenal,Colegiales,0,2,,,Primera Nacional,2025,zonas,Zona A,Fecha 20,El Viaducto,false,https://es.wikipedia.org/wiki/Campeonato_de_Primera_Nacional_2025
2025-06-28,15:30,Berazategui,Deportivo Español,1,0,,,Primera C,2025,zonas,Zona A,Fecha 15,Norman Lee,false,https://es.wikipedia.org/wiki/Campeonato_de_Primera_C_2025_(Argentina)
2025-06-28,15:30,Cañuelas,Atlas,2,1,,,Primera C,2025,zonas,Zona B,Fecha 15,Jorge Arin,false,https://es.wikipedia.org/wiki/Campeonato_de_Primera_C_2025_(Argentina)
2025-06-28,15:30,Centro Español,Deportivo Paraguayo,0,1,,,Primera C,2025,zonas,Zona B,Fecha 15,Carlos Sacaan,false,https://es.wikipedia.org/wiki/Campeonato_de_Primera_C_2025_(Argentina)
2025-06-28,15:30,Ciudad de Bolívar,Juventud Unida Universitario,1,0,,,Torneo Federal A,2025,zonas,Zona 2,Fecha 16,Municipal Eva Perón,false,https://es.wikipedia.org/wiki/Torneo_Federal_A_2025
2025-06-28,15:30,Crucero del Norte,Sarmiento (R),0,1,,,Torneo Federal A,2025,zonas,Zona 4,Fecha 16,Comandante Andrés Guacurarí,false,https://es.wikipedia.org/wiki/Torneo_Federal_A_2025
2025-06-28,15:30,Defensores Unidos,Almirante Brown,1,1,,,Primera Nacional,2025,zonas,Zona B,Fecha 20,Gigante de Villa Fox,false,https://es.wikipedia.org/wiki/Campeonato_de_Primera_Nacional_2025
2025-06-28,15:30,Deportivo Merlo,Deportivo Armenio,0,1,,,Primera B,2025,zonas,Torneo Clausura,Fecha 1,José Manuel Moreno,false,https://es.wikipedia.org/wiki/Campeonato_de_Primera_B_2025_(Argentina)
2025-06-28,15:30,Estrella del Sur,Yupanqui,1,0,,,Primera C,2025,zonas,Zona B,Fecha 15,Lorenzo Arandilla,false,https://es.wikipedia.org/wiki/Campeonato_de_Primera_C_2025_(Argentina)
2025-06-28,15:30,Leandro N. Alem,Defensores de Cambaceres,0,1,,,Primera C,2025,zonas,Zona A,Fecha 15,Leandro N. Alem,false,https://es.wikipedia.org/wiki/Campeonato_de_Primera_C_2025_(Argentina)
2025-06-28,15:30,Talleres (RdE),Gimnasia y Esgrima (J),0,1,,,Primera Nacional,2025,zonas,Zona B,Fecha 20,Pablo Comelli,false,https://es.wikipedia.org/wiki/Campeonato_de_Primera_Nacional_2025
2025-06-28,15:30,Tristán Suárez,Ferro Carril Oeste,1,1,,,Primera Nacional,2025,zonas,Zona A,Fecha 20,20 de Octubre,false,https://es.wikipedia.org/wiki/Campeonato_de_Primera_Nacional_2025
2025-06-28,15:30,Victoriano Arenas,Luján,0,3,,,Primera C,2025,zonas,Zona B,Fecha 15,Saturnino Moure,false,https://es.wikipedia.org/wiki/Campeonato_de_Primera_C_2025_(Argentina)
2025-06-28,15:30,Villa San Carlos,Liniers,2,1,,,Primera B,2025,zonas,Torneo Clausura,Fecha 1,Genacio Sálice,false,https://es.wikipedia.org/wiki/Campeonato_de_Primera_B_2025_(Argentina)
2025-06-28,16:00,Sportivo Las Parejas,Gimnasia y Esgrima (CdU),2,1,,,Torneo Federal A,2025,zonas,Zona 3,Fecha 16,4 de Septiembre,false,https://es.wikipedia.org/wiki/Torneo_Federal_A_2025
2025-06-28,17:00,Excursionistas,Argentino de Quilmes,1,2,,,Primera B,2025,zonas,Torneo Clausura,Fecha 1,Excursionistas,false,https://es.wikipedia.org/wiki/Campeonato_de_Primera_B_2025_(Argentina)
2025-06-28,17:15,Temperley,Chaco For Ever,2,2,,,Primera Nacional,2025,zonas,Zona B,Fecha 20,Alfredo Beranger,false,https://es.wikipedia.org/wiki/Campeonato_de_Primera_Nacional_2025
2025-06-28,18:00,Deportivo Madryn,Quilmes,3,1,,,Primera Nacional,2025,zonas,Zona A,Fecha 20,Abel Sastre,false,https://es.wikipedia.org/wiki/Campeonato_de_Primera_Nacional_2025
2025-06-28,19:15,Real Pilar,Deportivo Laferrere,1,1,,,Primera B,2025,zonas,Torneo Clausura,Fecha 1,Carlos Barraza,false,https://es.wikipedia.org/wiki/Campeonato_de_Primera_B_2025_(Argentina)
2025-06-28,20:00,San Martín (T),Patronato,0,1,,,Primera Nacional,2025,zonas,Zona A,Fecha 20,La Ciudadela,false,https://es.wikipedia.org/wiki/Campeonato_de_Primera_Nacional_2025
2025-06-29,,Gimnasia y Esgrima (M),Independiente,1,2,,,Copa Argentina,2025,eliminacion,,Dieciseisavos,Juan Gilberto Funes,true,https://es.wikipedia.org/wiki/Copa_Argentina_2025
2025-06-29,14:45,All Boys,Atlanta,0,0,,,Primera Nacional,2025,zonas,Zona A,Fecha 20,Islas Malvinas,false,https://es.wikipedia.org/wiki/Campeonato_de_Primera_Nacional_2025
2025-06-29,15:00,Círculo Deportivo,Guillermo Brown,0,0,,,Torneo Federal A,2025,zonas,Zona 1,Fecha 16,Guillermo Trama,false,https://es.wikipedia.org/wiki/Torneo_Federal_A_2025
2025-06-29,15:00,Estudiantes (BA),Central Norte (S),0,1,,,Primera Nacional,2025,zonas,Zona B,Fecha 20,Ciudad de Caseros,false,https://es.wikipedia.org/wiki/Campeonato_de_Primera_Nacional_2025
2025-06-29,15:00,Germinal,Olimpo,0,1,,,Torneo Federal A,2025,zonas,Zona 1,Fecha 16,El Fortín (R),false,https://es.wikipedia.org/wiki/Torneo_Federal_A_2025
2025-06-29,15:00,Ramón Santamarina,Cipolletti,1,2,,,Torneo Federal A,2025,zonas,Zona 1,Fecha 16,Municipal General San Martín,false,https://es.wikipedia.org/wiki/Torneo_Federal_A_2025
2025-06-29,15:00,Villa Mitre,Deportivo Rincón,1,0,,,Torneo Federal A,2025,zonas,Zona 1,Fecha 16,El Fortín (BB),false,https://es.wikipedia.org/wiki/Torneo_Federal_A_2025
2025-06-29,15:30,Alvarado,Racing Club,0,1,,,Primera Nacional,2025,zonas,Zona A,Fecha 20,José María Minella,false,https://es.wikipedia.org/wiki/Campeonato_de_Primera_Nacional_2025
2025-06-29,15:30,Deportivo Maipú,San Miguel,0,1,,,Primera Nacional,2025,zonas,Zona A,Fecha 20,Omar Higinio Sperdutti,false,https://es.wikipedia.org/wiki/Campeonato_de_Primera_Nacional_2025
2025-06-29,15:30,Dock Sud,Comunicaciones,0,0,,,Primera B,2025,zonas,Torneo Clausura,Fecha 1,De los Inmigrantes,false,https://es.wikipedia.org/wiki/Campeonato_de_Primera_B_2025_(Argentina)
2025-06-29,15:30,Ferrocarril Midland,Villa Dálmine,2,0,,,Primera B,2025,zonas,Torneo Clausura,Fecha 1,Ciudad de Libertad,false,https://es.wikipedia.org/wiki/Campeonato_de_Primera_B_2025_(Argentina)
2025-06-29,15:30,General Lamadrid,Juventud Unida,2,0,,,Primera C,2025,zonas,Zona B,Fecha 15,Enrique Sexto,false,https://es.wikipedia.org/wiki/Campeonato_de_Primera_C_2025_(Argentina)
2025-06-29,15:30,Güemes (SdE),Los Andes,2,1,,,Primera Nacional,2025,zonas,Zona A,Fecha 20,Arturo Miranda,false,https://es.wikipedia.org/wiki/Campeonato_de_Primera_Nacional_2025
2025-06-29,15:30,Huracán Las Heras,San Martín (SM),2,0,,,Torneo Federal A,2025,zonas,Zona 2,Fecha 16,General San Martín,false,https://es.wikipedia.org/wiki/Torneo_Federal_A_2025
2025-06-29,15:30,Lugano,Claypole,0,0,,,Primera C,2025,zonas,Zona A,Fecha 15,José María Moraños,false,https://es.wikipedia.org/wiki/Campeonato_de_Primera_C_2025_(Argentina)
2025-06-29,15:30,Puerto Nuevo,Muñiz,0,1,,,Primera C,2025,zonas,Zona A,Fecha 15,Rubén Carlos Vallejos,false,https://es.wikipedia.org/wiki/Campeonato_de_Primera_C_2025_(Argentina)
2025-06-29,15:30,Sacachispas,San Martín (B),1,1,,,Primera B,2025,zonas,Torneo Clausura,Fecha 1,Beto Larrosa,false,https://es.wikipedia.org/wiki/Campeonato_de_Primera_B_2025_(Argentina)
2025-06-29,15:30,Sportivo Belgrano,Defensores de Belgrano (VR),0,1,,,Torneo Federal A,2025,zonas,Zona 3,Fecha 16,Juan Pablo Francia,false,https://es.wikipedia.org/wiki/Torneo_Federal_A_2025
2025-06-29,15:30,UAI Urquiza,Fénix,1,1,,,Primera B,2025,zonas,Torneo Clausura,Fecha 1,Monumental de Villa Lynch,false,https://es.wikipedia.org/wiki/Campeonato_de_Primera_B_2025_(Argentina)
2025-06-29,16:00,Estudiantes (RC),Agropecuario,1,1,,,Primera Nacional,2025,zonas,Zona B,Fecha 20,Antonio Candini,false,https://es.wikipedia.org/wiki/Campeonato_de_Primera_Nacional_2025
2025-06-29,16:00,Gimnasia y Tiro (S),Almagro,1,0,,,Primera Nacional,2025,zonas,Zona A,Fecha 20,El Gigante del Norte,false,https://es.wikipedia.org/wiki/Campeonato_de_Primera_Nacional_2025
2025-06-29,16:15,Douglas Haig,9 de Julio (R),0,1,,,Torneo Federal A,2025,zonas,Zona 3,Fecha 16,Miguel Morales,false,https://es.wikipedia.org/wiki/Torneo_Federal_A_2025
2025-06-30,13:30,Atenas (RC),Costa Brava,1,0,,,Torneo Federal A,2025,zonas,Zona 2,Fecha 16,9 de Julio,false,https://es.wikipedia.org/wiki/Torneo_Federal_A_2025
2025-06-30,15:30,Central Ballester,Argentino de Rosario,0,2,,,Primera C,2025,zonas,Zona B,Fecha 15,Rubén Carlos Vallejos,false,https://es.wikipedia.org/wiki/Campeonato_de_Primera_C_2025_(Argentina)
2025-06-30,15:30,Sportivo Barracas,Deportivo Camioneros,2,2,,,Primera C,2025,zonas,Zona B,Fecha 15,Tres de Febrero,false,https://es.wikipedia.org/wiki/Campeonato_de_Primera_C_2025_(Argentina)
2025-06-30,15:35,Central Córdoba (R),J. J. de Urquiza,0,1,,,Primera C,2025,zonas,Zona A,Fecha 15,Gabino Sosa,false,https://es.wikipedia.org/wiki/Campeonato_de_Primera_C_2025_(Argentina)
2025-06-30,19:00,Colón,Mitre (SdE),0,1,,,Primera Nacional,2025,zonas,Zona B,Fecha 20,Brigadier Estanislao López,false,https://es.wikipedia.org/wiki/Campeonato_de_Primera_Nacional_2025
2025-07-02,,Platense,Independiente Rivadavia,2,2,1,3,Copa Argentina,2025,eliminacion,,Dieciseisavos,Marcelo Bielsa,true,https://es.wikipedia.org/wiki/Copa_Argentina_2025
2025-07-02,,Racing Club,San Martín (SJ),3,1,,,Copa Argentina,2025,eliminacion,,Dieciseisavos,Juan Gilberto Funes,true,https://es.wikipedia.org/wiki/Copa_Argentina_2025
2025-07-03,,Instituto,Huracán,0,0,2,3,Copa Argentina,2025,eliminacion,,Dieciseisavos,Marcelo Bielsa,true,https://es.wikipedia.org/wiki/Copa_Argentina_2025
2025-07-04,15:05,Deportivo Laferrere,Villa San Carlos,0,1,,,Primera B,2025,zonas,Torneo Clausura,Fecha 2,Ciudad de Laferrere,false,https://es.wikipedia.org/wiki/Campeonato_de_Primera_B_2025_(Argentina)
2025-07-04,19:05,Ituzaingó,Berazategui,2,1,,,Primera C,2025,zonas,Zona A,Fecha 16,Carlos Sacaan,false,https://es.wikipedia.org/wiki/Campeonato_de_Primera_C_2025_(Argentina)
2025-07-05,,San Lorenzo,Quilmes,0,0,4,3,Copa Argentina,2025,eliminacion,,Dieciseisavos,Ciudad de Lanús,true,https://es.wikipedia.org/wiki/Copa_Argentina_2025
2025-07-05,13:00,Argentino de Merlo,Excursionistas,2,1,,,Primera B,2025,zonas,Torneo Clausura,Fecha 2,Juan Carlos Brieva,false,https://es.wikipedia.org/wiki/Campeonato_de_Primera_B_2025_(Argentina)
2025-07-05,14:00,Guillermo Brown,Kimberley,1,0,,,Torneo Federal A,2025,zonas,Zona 1,Fecha 17,Raúl Conti,false,https://es.wikipedia.org/wiki/Torneo_Federal_A_2025
2025-07-05,15:00,Boca Unidos,Juventud Antoniana,2,2,,,Torneo Federal A,2025,zonas,Zona 4,Fecha 17,Leoncio Benítez,false,https://es.wikipedia.org/wiki/Torneo_Federal_A_2025
2025-07-05,15:00,Brown de Adrogué,Acassuso,1,1,,,Primera B,2025,zonas,Torneo Clausura,Fecha 2,Lorenzo Arandilla,false,https://es.wikipedia.org/wiki/Campeonato_de_Primera_B_2025_(Argentina)
2025-07-05,15:00,Deportivo Rincón,Olimpo,1,0,,,Torneo Federal A,2025,zonas,Zona 1,Fecha 17,Elías Moisés Gómez,false,https://es.wikipedia.org/wiki/Torneo_Federal_A_2025
2025-07-05,15:00,Independiente (C),Sportivo Las Parejas,1,0,,,Torneo Federal A,2025,zonas,Zona 3,Fecha 17,Raúl Orlando Lungarzo,false,https://es.wikipedia.org/wiki/Torneo_Federal_A_2025
2025-07-05,15:00,Los Andes,Colegiales,0,0,,,Primera Nacional,2025,zonas,Zona A,Fecha 21,Eduardo Gallardón,false,https://es.wikipedia.org/wiki/Campeonato_de_Primera_Nacional_2025
2025-07-05,15:00,San Telmo,Estudiantes (RC),0,1,,,Primera Nacional,2025,zonas,Zona B,Fecha 21,Doctor Osvaldo Baletto,false,https://es.wikipedia.org/wiki/Campeonato_de_Primera_Nacional_2025
2025-07-05,15:30,Almagro,Deportivo Maipú,0,1,,,Primera Nacional,2025,zonas,Zona A,Fecha 21,Tres de Febrero,false,https://es.wikipedia.org/wiki/Campeonato_de_Primera_Nacional_2025
2025-07-05,15:30,Argentino de Quilmes,Ferrocarril Midland,0,0,,,Primera B,2025,zonas,Torneo Clausura,Fecha 2,Argentino de Quilmes,false,https://es.wikipedia.org/wiki/Campeonato_de_Primera_B_2025_(Argentina)
2025-07-05,15:30,Argentino de Rosario,Sportivo Barracas,1,0,,,Primera C,2025,zonas,Zona B,Fecha 16,José Martín Olaeta,false,https://es.wikipedia.org/wiki/Campeonato_de_Primera_C_2025_(Argentina)
2025-07-05,15:30,Bartolomé Mitre (P),Sol de América (F),1,1,,,Torneo Federal A,2025,zonas,Zona 4,Fecha 17,Ernesto Cucchiaroni,false,https://es.wikipedia.org/wiki/Torneo_Federal_A_2025
2025-07-05,15:30,Cipolletti,Germinal,3,1,,,Torneo Federal A,2025,zonas,Zona 1,Fecha 17,La Visera de Cemento,false,https://es.wikipedia.org/wiki/Torneo_Federal_A_2025
2025-07-05,15:30,Comunicaciones,Deportivo Merlo,1,2,,,Primera B,2025,zonas,Torneo Clausura,Fecha 2,Alfredo Ramos,false,https://es.wikipedia.org/wiki/Campeonato_de_Primera_B_2025_(Argentina)
2025-07-05,15:30,Deportivo Armenio,Sacachispas,0,0,,,Primera B,2025,zonas,Torneo Clausura,Fecha 2,Armenia,false,https://es.wikipedia.org/wiki/Campeonato_de_Primera_B_2025_(Argentina)
2025-07-05,15:30,Deportivo Camioneros,Estrella del Sur,0,0,,,Primera C,2025,zonas,Zona B,Fecha 16,Hugo Moyano,false,https://es.wikipedia.org/wiki/Campeonato_de_Primera_C_2025_(Argentina)
2025-07-05,15:30,Deportivo Paraguayo,Cañuelas,0,0,,,Primera C,2025,zonas,Zona B,Fecha 16,Deportivo Paraguayo,false,https://es.wikipedia.org/wiki/Campeonato_de_Primera_C_2025_(Argentina)
2025-07-05,15:30,Flandria,UAI Urquiza,1,0,,,Primera B,2025,zonas,Torneo Clausura,Fecha 2,Carlos V,false,https://es.wikipedia.org/wiki/Campeonato_de_Primera_B_2025_(Argentina)
2025-07-05,15:30,Fénix,Real Pilar,0,2,,,Primera B,2025,zonas,Torneo Clausura,Fecha 2,Ciudad de San Miguel,false,https://es.wikipedia.org/wiki/Campeonato_de_Primera_B_2025_(Argentina)
2025-07-05,15:30,J. J. de Urquiza,Mercedes,0,1,,,Primera C,2025,zonas,Zona A,Fecha 16,Ramón Roque Martín,false,https://es.wikipedia.org/wiki/Campeonato_de_Primera_C_2025_(Argentina)
2025-07-05,15:30,Liniers,Dock Sud,1,2,,,Primera B,2025,zonas,Torneo Clausura,Fecha 2,Juan Antonio Arias,false,https://es.wikipedia.org/wiki/Campeonato_de_Primera_B_2025_(Argentina)
2025-07-05,15:30,San Miguel,Deportivo Madryn,1,1,,,Primera Nacional,2025,zonas,Zona A,Fecha 21,Malvinas Argentinas,false,https://es.wikipedia.org/wiki/Campeonato_de_Primera_Nacional_2025
2025-07-05,15:30,Villa Dálmine,Sportivo Italiano,0,1,,,Primera B,2025,zonas,Torneo Clausura,Fecha 2,El Coliseo de Mitre y Puccini,false,https://es.wikipedia.org/wiki/Campeonato_de_Primera_B_2025_(Argentina)
2025-07-05,15:30,Yupanqui,General Lamadrid,1,2,,,Primera C,2025,zonas,Zona B,Fecha 16,Ciudad Evita,false,https://es.wikipedia.org/wiki/Campeonato_de_Primera_C_2025_(Argentina)
2025-07-05,19:00,Ferro Carril Oeste,Gimnasia y Tiro (S),0,0,,,Primera Nacional,2025,zonas,Zona A,Fecha 21,Arquitecto Ricardo Etcheverri,false,https://es.wikipedia.org/wiki/Campeonato_de_Primera_Nacional_2025
2025-07-06,11:00,Sol de Mayo (V),Ramón Santamarina,0,0,,,Torneo Federal A,2025,zonas,Zona 1,Fecha 17,Sol de Mayo,false,https://es.wikipedia.org/wiki/Torneo_Federal_A_2025
2025-07-06,13:05,Atlanta,Arsenal,4,0,,,Primera Nacional,2025,zonas,Zona A,Fecha 21,Don León Kolbowsky,false,https://es.wikipedia.org/wiki/Campeonato_de_Primera_Nacional_2025
2025-07-06,14:00,Nueva Chicago,Mitre (SdE),2,0,,,Primera Nacional,2025,zonas,Zona B,Fecha 21,Nueva Chicago,false,https://es.wikipedia.org/wiki/Campeonato_de_Primera_Nacional_2025
2025-07-06,15:00,9 de Julio (R),El Linqueño,1,1,,,Torneo Federal A,2025,zonas,Zona 3,Fecha 17,Germán Solterman,false,https://es.wikipedia.org/wiki/Torneo_Federal_A_2025
2025-07-06,15:00,Gimnasia y Esgrima (CdU),Sportivo Belgrano,0,0,,,Torneo Federal A,2025,zonas,Zona 3,Fecha 17,Manuel y Ramón Núñez,false,https://es.wikipedia.org/wiki/Torneo_Federal_A_2025
2025-07-06,15:00,Gutiérrez,Atenas (RC),1,2,,,Torneo Federal A,2025,zonas,Zona 2,Fecha 17,General Gutiérrez,false,https://es.wikipedia.org/wiki/Torneo_Federal_A_2025
2025-07-06,15:00,Juventud Unida Universitario,Sportivo Estudiantes (SL),1,1,,,Torneo Federal A,2025,zonas,Zona 2,Fecha 17,Mario Sebastián Diez,false,https://es.wikipedia.org/wiki/Torneo_Federal_A_2025
2025-07-06,15:00,San Martín (F),Crucero del Norte,5,1,,,Torneo Federal A,2025,zonas,Zona 4,Fecha 17,17 de Octubre,false,https://es.wikipedia.org/wiki/Torneo_Federal_A_2025
2025-07-06,15:00,Villa Mitre,Círculo Deportivo,1,0,,,Torneo Federal A,2025,zonas,Zona 1,Fecha 17,El Fortín (BB),false,https://es.wikipedia.org/wiki/Torneo_Federal_A_2025
2025-07-06,15:05,Chacarita Juniors,Defensores de Belgrano,0,2,,,Primera Nacional,2025,zonas,Zona B,Fecha 21,Chacarita Juniors,false,https://es.wikipedia.org/wiki/Campeonato_de_Primera_Nacional_2025
2025-07-06,15:30,Agropecuario,Talleres (RdE),2,1,,,Primera Nacional,2025,zonas,Zona B,Fecha 21,Ofelia Rosenzuaig,false,https://es.wikipedia.org/wiki/Campeonato_de_Primera_Nacional_2025
2025-07-06,15:30,Argentino (MM),Huracán Las Heras,1,0,,,Torneo Federal A,2025,zonas,Zona 2,Fecha 17,Modesto Marrone,false,https://es.wikipedia.org/wiki/Torneo_Federal_A_2025
2025-07-06,15:30,Defensores de Belgrano (VR),Gimnasia y Esgrima (C),0,1,,,Torneo Federal A,2025,zonas,Zona 3,Fecha 17,Salomón Boeseldín,false,https://es.wikipedia.org/wiki/Torneo_Federal_A_2025
2025-07-06,15:30,El Porvenir,Leandro N. Alem,0,3,,,Primera C,2025,zonas,Zona A,Fecha 16,Gildo Francisco Ghersinich,false,https://es.wikipedia.org/wiki/Campeonato_de_Primera_C_2025_(Argentina)
2025-07-06,15:30,Gimnasia y Esgrima (M),Estudiantes (BA),1,0,,,Primera Nacional,2025,zonas,Zona B,Fecha 21,Víctor Antonio Legrotaglie,false,https://es.wikipedia.org/wiki/Campeonato_de_Primera_Nacional_2025
2025-07-06,15:30,Juventud Unida,Centro Español,2,2,,,Primera C,2025,zonas,Zona B,Fecha 16,Ciudad de San Miguel,false,https://es.wikipedia.org/wiki/Campeonato_de_Primera_C_2025_(Argentina)
2025-07-06,15:30,Luján,Central Ballester,3,1,,,Primera C,2025,zonas,Zona B,Fecha 16,1.º de Abril,false,https://es.wikipedia.org/wiki/Campeonato_de_Primera_C_2025_(Argentina)
2025-07-06,15:30,Patronato,Tristán Suárez,2,0,,,Primera Nacional,2025,zonas,Zona A,Fecha 21,Presbítero Bartolomé Grella,false,https://es.wikipedia.org/wiki/Campeonato_de_Primera_Nacional_2025
2025-07-06,15:30,San Martín (SM),Ciudad de Bolívar,1,0,,,Torneo Federal A,2025,zonas,Zona 2,Fecha 17,Libertador General San Martín,false,https://es.wikipedia.org/wiki/Torneo_Federal_A_2025
2025-07-06,16:00,Chaco For Ever,Colón,2,0,,,Primera Nacional,2025,zonas,Zona B,Fecha 21,Juan Alberto García,false,https://es.wikipedia.org/wiki/Campeonato_de_Primera_Nacional_2025
2025-07-06,16:00,Gimnasia y Esgrima (J),Deportivo Morón,0,0,,,Primera Nacional,2025,zonas,Zona B,Fecha 21,23 de Agosto,false,https://es.wikipedia.org/wiki/Campeonato_de_Primera_Nacional_2025
2025-07-06,16:00,Racing Club,All Boys,0,0,,,Primera Nacional,2025,zonas,Zona A,Fecha 21,Miguel Sancho,false,https://es.wikipedia.org/wiki/Campeonato_de_Primera_Nacional_2025
2025-07-06,16:00,Sarmiento (LB),Atlético de Rafaela,1,0,,,Torneo Federal A,2025,zonas,Zona 4,Fecha 17,Ciudad de La Banda,false,https://es.wikipedia.org/wiki/Torneo_Federal_A_2025
2025-07-06,16:05,Douglas Haig,Ben Hur,2,2,,,Torneo Federal A,2025,zonas,Zona 3,Fecha 17,Miguel Morales,false,https://es.wikipedia.org/wiki/Torneo_Federal_A_2025
2025-07-06,17:00,Central Norte (S),Defensores Unidos,3,0,,,Primera Nacional,2025,zonas,Zona B,Fecha 21,Padre Ernesto Martearena,false,https://es.wikipedia.org/wiki/Campeonato_de_Primera_Nacional_2025
2025-07-06,17:10,Güemes (SdE),San Martín (T),2,1,,,Primera Nacional,2025,zonas,Zona A,Fecha 21,Arturo Miranda,false,https://es.wikipedia.org/wiki/Campeonato_de_Primera_Nacional_2025
2025-07-06,19:10,Almirante Brown,Temperley,0,0,,,Primera Nacional,2025,zonas,Zona B,Fecha 21,Fragata Presidente Sarmiento,false,https://es.wikipedia.org/wiki/Campeonato_de_Primera_Nacional_2025
2025-07-07,15:30,Deportivo Español,Lugano,1,2,,,Primera C,2025,zonas,Zona A,Fecha 16,Nueva España,false,https://es.wikipedia.org/wiki/Campeonato_de_Primera_C_2025_(Argentina)
2025-07-07,15:30,Muñiz,Central Córdoba (R),1,0,,,Primera C,2025,zonas,Zona A,Fecha 16,Ciudad de San Miguel,false,https://es.wikipedia.org/wiki/Campeonato_de_Primera_C_2025_(Argentina)
2025-07-08,15:30,Atlas,Victoriano Arenas,3,2,,,Primera C,2025,zonas,Zona B,Fecha 16,José María Moraños,false,https://es.wikipedia.org/wiki/Campeonato_de_Primera_C_2025_(Argentina)
2025-07-08,15:30,Claypole,Puerto Nuevo,4,1,,,Primera C,2025,zonas,Zona A,Fecha 16,Rodolfo Capocasa,false,https://es.wikipedia.org/wiki/Campeonato_de_Primera_C_2025_(Argentina)
2025-07-08,20:00,Deportivo Merlo,Liniers,0,1,,,Primera B,2025,zonas,Torneo Clausura,Fecha 3,José Manuel Moreno,false,https://es.wikipedia.org/wiki/Campeonato_de_Primera_B_2025_(Argentina)
2025-07-09,15:00,Real Pilar,Flandria,0,0,,,Primera B,2025,zonas,Torneo Clausura,Fecha 3,Carlos Barraza,false,https://es.wikipedia.org/wiki/Campeonato_de_Primera_B_2025_(Argentina)
2025-07-09,15:30,Dock Sud,Deportivo Laferrere,0,1,,,Primera B,2025,zonas,Torneo Clausura,Fecha 3,De los Inmigrantes,false,https://es.wikipedia.org/wiki/Campeonato_de_Primera_B_2025_(Argentina)
2025-07-09,15:30,Sacachispas,Comunicaciones,2,3,,,Primera B,2025,zonas,Torneo Clausura,Fecha 3,Beto Larrosa,false,https://es.wikipedia.org/wiki/Campeonato_de_Primera_B_2025_(Argentina)
2025-07-09,15:30,San Martín (B),Deportivo Armenio,1,1,,,Primera B,2025,zonas,Torneo Clausura,Fecha 3,Francisco Boga,false,https://es.wikipedia.org/wiki/Campeonato_de_Primera_B_2025_(Argentina)
2025-07-09,15:30,Sportivo Italiano,Argentino de Quilmes,3,1,,,Primera B,2025,zonas,Torneo Clausura,Fecha 3,República de Italia,false,https://es.wikipedia.org/wiki/Campeonato_de_Primera_B_2025_(Argentina)
2025-07-09,15:30,UAI Urquiza,Villa Dálmine,1,0,,,Primera B,2025,zonas,Torneo Clausura,Fecha 3,Monumental de Villa Lynch,false,https://es.wikipedia.org/wiki/Campeonato_de_Primera_B_2025_(Argentina)
2025-07-09,15:30,Villa San Carlos,Fénix,2,2,,,Primera B,2025,zonas,Torneo Clausura,Fecha 3,Genacio Sálice,false,https://es.wikipedia.org/wiki/Campeonato_de_Primera_B_2025_(Argentina)
2025-07-09,17:00,Excursionistas,Brown de Adrogué,0,2,,,Primera B,2025,zonas,Torneo Clausura,Fecha 3,Excursionistas,false,https://es.wikipedia.org/wiki/Campeonato_de_Primera_B_2025_(Argentina)
2025-07-09,20:00,Ferrocarril Midland,Argentino de Merlo,2,1,,,Primera B,2025,zonas,Torneo Clausura,Fecha 3,Ciudad de Libertad,false,https://es.wikipedia.org/wiki/Campeonato_de_Primera_B_2025_(Argentina)
2025-07-11,15:00,Kimberley,Villa Mitre,0,0,,,Torneo Federal A,2025,zonas,Zona 1,Fecha 18,José Alberto Valle,false,https://es.wikipedia.org/wiki/Torneo_Federal_A_2025
2025-07-11,15:30,Aldosivi,Central Córdoba (SdE),0,0,,,Primera Division - Clausura,2025,zonas,Zona A,Fecha 1,José María Minella,false,https://es.wikipedia.org/wiki/Anexo:Torneo_Clausura_2025_(Argentina)
2025-07-11,15:30,General Lamadrid,Deportivo Camioneros,0,1,,,Primera C,2025,zonas,Zona B,Fecha 17,Enrique Sexto,false,https://es.wikipedia.org/wiki/Campeonato_de_Primera_C_2025_(Argentina)
2025-07-11,20:00,Talleres (C),San Lorenzo,1,2,,,Primera Division - Clausura,2025,zonas,Zona B,Fecha 1,Mario Alberto Kempes,false,https://es.wikipedia.org/wiki/Anexo:Torneo_Clausura_2025_(Argentina)
2025-07-11,20:30,Sportivo Belgrano,Independiente (C),0,0,,,Torneo Federal A,2025,zonas,Zona 3,Fecha 18,Juan Pablo Francia,false,https://es.wikipedia.org/wiki/Torneo_Federal_A_2025
2025-07-11,22:00,Gimnasia y Tiro (S),Patronato,2,1,,,Primera Nacional,2025,zonas,Zona A,Fecha 22,El Gigante del Norte,false,https://es.wikipedia.org/wiki/Campeonato_de_Primera_Nacional_2025
2025-07-12,13:00,All Boys,Quilmes,0,0,,,Primera Nacional,2025,zonas,Zona A,Fecha 22,Islas Malvinas,false,https://es.wikipedia.org/wiki/Campeonato_de_Primera_Nacional_2025
2025-07-12,13:10,Deportivo Laferrere,Deportivo Merlo,2,2,,,Primera B,2025,zonas,Torneo Clausura,Fecha 4,Ciudad de Laferrere,false,https://es.wikipedia.org/wiki/Campeonato_de_Primera_B_2025_(Argentina)
2025-07-12,15:00,Ciudad de Bolívar,Argentino (MM),4,1,,,Torneo Federal A,2025,zonas,Zona 2,Fecha 18,Municipal Eva Perón,false,https://es.wikipedia.org/wiki/Torneo_Federal_A_2025
2025-07-12,15:00,Crucero del Norte,Boca Unidos,1,1,,,Torneo Federal A,2025,zonas,Zona 4,Fecha 18,Comandante Andrés Guacurarí,false,https://es.wikipedia.org/wiki/Torneo_Federal_A_2025
2025-07-12,15:00,Talleres (RdE),San Telmo,0,0,,,Primera Nacional,2025,zonas,Zona B,Fecha 22,Pablo Comelli,false,https://es.wikipedia.org/wiki/Campeonato_de_Primera_Nacional_2025
2025-07-12,15:00,Tristán Suárez,Güemes (SdE),0,0,,,Primera Nacional,2025,zonas,Zona A,Fecha 22,20 de Octubre,false,https://es.wikipedia.org/wiki/Campeonato_de_Primera_Nacional_2025
2025-07-12,15:05,Colegiales,Atlanta,2,0,,,Primera Nacional,2025,zonas,Zona A,Fecha 22,Libertarios Unidos,false,https://es.wikipedia.org/wiki/Campeonato_de_Primera_Nacional_2025
2025-07-12,15:15,Deportivo Morón,Agropecuario,1,1,,,Primera Nacional,2025,zonas,Zona B,Fecha 22,Nuevo Francisco Urbano,false,https://es.wikipedia.org/wiki/Campeonato_de_Primera_Nacional_2025
2025-07-12,15:30,Centro Español,Yupanqui,3,0,,,Primera C,2025,zonas,Zona B,Fecha 17,Carlos Sacaan,false,https://es.wikipedia.org/wiki/Campeonato_de_Primera_C_2025_(Argentina)
2025-07-12,15:30,Defensores Unidos,Gimnasia y Esgrima (M),0,1,,,Primera Nacional,2025,zonas,Zona B,Fecha 22,Gigante de Villa Fox,false,https://es.wikipedia.org/wiki/Campeonato_de_Primera_Nacional_2025
2025-07-12,15:30,Juventud Unida,Deportivo Paraguayo,2,0,,,Primera C,2025,zonas,Zona B,Fecha 17,Ciudad de San Miguel,false,https://es.wikipedia.org/wiki/Campeonato_de_Primera_C_2025_(Argentina)
2025-07-12,15:30,Lugano,Ituzaingó,1,2,,,Primera C,2025,zonas,Zona A,Fecha 17,José María Moraños,false,https://es.wikipedia.org/wiki/Campeonato_de_Primera_C_2025_(Argentina)
2025-07-12,15:30,Mercedes,Muñiz,1,0,,,Primera C,2025,zonas,Zona A,Fecha 17,Liga Mercedina,false,https://es.wikipedia.org/wiki/Campeonato_de_Primera_C_2025_(Argentina)
2025-07-12,15:30,Puerto Nuevo,Deportivo Español,1,2,,,Primera C,2025,zonas,Zona A,Fecha 17,Rubén Carlos Vallejos,false,https://es.wikipedia.org/wiki/Campeonato_de_Primera_C_2025_(Argentina)
2025-07-12,15:30,Temperley,Central Norte (S),1,0,,,Primera Nacional,2025,zonas,Zona B,Fecha 22,Alfredo Beranger,false,https://es.wikipedia.org/wiki/Campeonato_de_Primera_Nacional_2025
2025-07-12,16:00,Rosario Central,Godoy Cruz,1,1,,,Primera Division - Clausura,2025,zonas,Zona B,Fecha 1,Gigante de Arroyito,false,https://es.wikipedia.org/wiki/Anexo:Torneo_Clausura_2025_(Argentina)
2025-07-12,16:30,Atenas (RC),Juventud Unida Universitario,1,0,,,Torneo Federal A,2025,zonas,Zona 2,Fecha 18,9 de Julio,false,https://es.wikipedia.org/wiki/Torneo_Federal_A_2025
2025-07-12,17:10,Estudiantes (BA),Gimnasia y Esgrima (J),0,0,,,Primera Nacional,2025,zonas,Zona B,Fecha 22,Ciudad de Caseros,false,https://es.wikipedia.org/wiki/Campeonato_de_Primera_Nacional_2025
2025-07-12,18:30,Gimnasia y Esgrima (LP),Instituto,0,1,,,Primera Division - Clausura,2025,zonas,Zona B,Fecha 1,Del Bosque,false,https://es.wikipedia.org/wiki/Anexo:Torneo_Clausura_2025_(Argentina)
2025-07-12,18:30,Huracán,Belgrano,0,3,,,Primera Division - Clausura,2025,zonas,Zona A,Fecha 1,Tomás Adolfo Ducó,false,https://es.wikipedia.org/wiki/Anexo:Torneo_Clausura_2025_(Argentina)
2025-07-12,19:00,San Martín (T),Los Andes,1,0,,,Primera Nacional,2025,zonas,Zona A,Fecha 22,La Ciudadela,false,https://es.wikipedia.org/wiki/Campeonato_de_Primera_Nacional_2025
2025-07-12,19:10,Defensores de Belgrano,Nueva Chicago,1,2,,,Primera Nacional,2025,zonas,Zona B,Fecha 22,Juan Pasquale,false,https://es.wikipedia.org/wiki/Campeonato_de_Primera_Nacional_2025
2025-07-12,20:45,Racing Club,Barracas Central,0,1,,,Primera Division - Clausura,2025,zonas,Zona A,Fecha 1,El Cilindro,false,https://es.wikipedia.org/wiki/Anexo:Torneo_Clausura_2025_(Argentina)
2025-07-13,13:05,Leandro N. Alem,J. J. de Urquiza,0,1,,,Primera C,2025,zonas,Zona A,Fecha 17,Leandro N. Alem,false,https://es.wikipedia.org/wiki/Campeonato_de_Primera_C_2025_(Argentina)
2025-07-13,13:40,Colón,Almirante Brown,1,0,,,Primera Nacional,2025,zonas,Zona B,Fecha 22,Brigadier Estanislao López,false,https://es.wikipedia.org/wiki/Campeonato_de_Primera_Nacional_2025
2025-07-13,14:00,Deportivo Madryn,Almagro,2,1,,,Primera Nacional,2025,zonas,Zona A,Fecha 22,Abel Sastre,false,https://es.wikipedia.org/wiki/Campeonato_de_Primera_Nacional_2025
2025-07-13,14:15,Sarmiento (J),Independiente,2,2,,,Primera Division - Clausura,2025,zonas,Zona B,Fecha 1,Eva Perón,false,https://es.wikipedia.org/wiki/Anexo:Torneo_Clausura_2025_(Argentina)
2025-07-13,15:00,Alvarado,San Miguel,0,0,,,Primera Nacional,2025,zonas,Zona A,Fecha 22,José María Minella,false,https://es.wikipedia.org/wiki/Campeonato_de_Primera_Nacional_2025
2025-07-13,15:00,Arsenal,Racing Club,2,1,,,Primera Nacional,2025,zonas,Zona A,Fecha 22,El Viaducto,false,https://es.wikipedia.org/wiki/Campeonato_de_Primera_Nacional_2025
2025-07-13,15:00,Brown de Adrogué,Ferrocarril Midland,1,2,,,Primera B,2025,zonas,Torneo Clausura,Fecha 4,Lorenzo Arandilla,false,https://es.wikipedia.org/wiki/Campeonato_de_Primera_B_2025_(Argentina)
2025-07-13,15:00,Costa Brava,Gutiérrez,3,0,,,Torneo Federal A,2025,zonas,Zona 2,Fecha 18,Nuevo Pacaembú,false,https://es.wikipedia.org/wiki/Torneo_Federal_A_2025
2025-07-13,15:00,Deportivo Maipú,Ferro Carril Oeste,2,1,,,Primera Nacional,2025,zonas,Zona A,Fecha 22,Omar Higinio Sperdutti,false,https://es.wikipedia.org/wiki/Campeonato_de_Primera_Nacional_2025
2025-07-13,15:00,Germinal,Sol de Mayo (V),3,1,,,Torneo Federal A,2025,zonas,Zona 1,Fecha 18,El Fortín (R),false,https://es.wikipedia.org/wiki/Torneo_Federal_A_2025
2025-07-13,15:00,Sportivo Estudiantes (SL),San Martín (SM),0,1,,,Torneo Federal A,2025,zonas,Zona 2,Fecha 18,Héctor Odicino y Pedro Benoza,false,https://es.wikipedia.org/wiki/Torneo_Federal_A_2025
2025-07-13,15:30,Acassuso,Excursionistas,3,3,,,Primera B,2025,zonas,Torneo Clausura,Fecha 4,La Quema,false,https://es.wikipedia.org/wiki/Campeonato_de_Primera_B_2025_(Argentina)
2025-07-13,15:30,Argentino de Merlo,Sportivo Italiano,1,1,,,Primera B,2025,zonas,Torneo Clausura,Fecha 4,Juan Carlos Brieva,false,https://es.wikipedia.org/wiki/Campeonato_de_Primera_B_2025_(Argentina)
2025-07-13,15:30,Argentino de Quilmes,UAI Urquiza,2,2,,,Primera B,2025,zonas,Torneo Clausura,Fecha 4,Argentino de Quilmes,false,https://es.wikipedia.org/wiki/Campeonato_de_Primera_B_2025_(Argentina)
2025-07-13,15:30,Central Ballester,Atlas,0,0,,,Primera C,2025,zonas,Zona B,Fecha 17,Rubén Carlos Vallejos,false,https://es.wikipedia.org/wiki/Campeonato_de_Primera_C_2025_(Argentina)
2025-07-13,15:30,Central Córdoba (R),Claypole,3,0,,,Primera C,2025,zonas,Zona A,Fecha 17,Gabino Sosa,false,https://es.wikipedia.org/wiki/Campeonato_de_Primera_C_2025_(Argentina)
2025-07-13,15:30,Círculo Deportivo,Deportivo Rincón,2,1,,,Torneo Federal A,2025,zonas,Zona 1,Fecha 18,Guillermo Trama,false,https://es.wikipedia.org/wiki/Torneo_Federal_A_2025
2025-07-13,15:30,Defensores de Cambaceres,El Porvenir,0,1,,,Primera C,2025,zonas,Zona A,Fecha 17,12 de Octubre,false,https://es.wikipedia.org/wiki/Campeonato_de_Primera_C_2025_(Argentina)
2025-07-13,15:30,El Linqueño,Defensores de Belgrano (VR),0,0,,,Torneo Federal A,2025,zonas,Zona 3,Fecha 18,Leonardo Costa,false,https://es.wikipedia.org/wiki/Torneo_Federal_A_2025
2025-07-13,15:30,Flandria,Villa San Carlos,0,1,,,Primera B,2025,zonas,Torneo Clausura,Fecha 4,Carlos V,false,https://es.wikipedia.org/wiki/Campeonato_de_Primera_B_2025_(Argentina)
2025-07-13,15:30,Fénix,Dock Sud,1,1,,,Primera B,2025,zonas,Torneo Clausura,Fecha 4,Ciudad de San Miguel,false,https://es.wikipedia.org/wiki/Campeonato_de_Primera_B_2025_(Argentina)
2025-07-13,15:30,Gimnasia y Esgrima (C),Gimnasia y Esgrima (CdU),1,0,,,Torneo Federal A,2025,zonas,Zona 3,Fecha 18,José María Paz,false,https://es.wikipedia.org/wiki/Torneo_Federal_A_2025
2025-07-13,15:30,Liniers,Sacachispas,0,1,,,Primera B,2025,zonas,Torneo Clausura,Fecha 4,Juan Antonio Arias,false,https://es.wikipedia.org/wiki/Campeonato_de_Primera_B_2025_(Argentina)
2025-07-13,15:30,Mitre (SdE),Chaco For Ever,1,0,,,Primera Nacional,2025,zonas,Zona B,Fecha 22,Doctores José y Antonio Castiglione,false,https://es.wikipedia.org/wiki/Campeonato_de_Primera_Nacional_2025
2025-07-13,15:30,Olimpo,Cipolletti,1,2,,,Torneo Federal A,2025,zonas,Zona 1,Fecha 18,Roberto N. Carminatti,false,https://es.wikipedia.org/wiki/Torneo_Federal_A_2025
2025-07-13,15:30,Ramón Santamarina,Guillermo Brown,2,2,,,Torneo Federal A,2025,zonas,Zona 1,Fecha 18,Municipal General San Martín,false,https://es.wikipedia.org/wiki/Torneo_Federal_A_2025
2025-07-13,15:30,Sarmiento (R),San Martín (F),1,1,,,Torneo Federal A,2025,zonas,Zona 4,Fecha 18,Centenario,false,https://es.wikipedia.org/wiki/Torneo_Federal_A_2025
2025-07-13,15:30,Sol de América (F),Sarmiento (LB),1,1,,,Torneo Federal A,2025,zonas,Zona 4,Fecha 18,Sol de América,false,https://es.wikipedia.org/wiki/Torneo_Federal_A_2025
2025-07-13,15:30,Sportivo Las Parejas,Douglas Haig,0,0,,,Torneo Federal A,2025,zonas,Zona 3,Fecha 18,4 de Septiembre,false,https://es.wikipedia.org/wiki/Torneo_Federal_A_2025
2025-07-13,15:30,Victoriano Arenas,Cañuelas,0,0,,,Primera C,2025,zonas,Zona B,Fecha 17,Saturnino Moure,false,https://es.wikipedia.org/wiki/Campeonato_de_Primera_C_2025_(Argentina)
2025-07-13,15:30,Villa Dálmine,Real Pilar,1,1,,,Primera B,2025,zonas,Torneo Clausura,Fecha 4,El Coliseo de Mitre y Puccini,false,https://es.wikipedia.org/wiki/Campeonato_de_Primera_B_2025_(Argentina)
2025-07-13,15:45,Estudiantes (RC),Chacarita Juniors,1,1,,,Primera Nacional,2025,zonas,Zona B,Fecha 22,Antonio Candini,false,https://es.wikipedia.org/wiki/Campeonato_de_Primera_Nacional_2025
2025-07-13,16:00,Juventud Antoniana,Bartolomé Mitre (P),2,0,,,Torneo Federal A,2025,zonas,Zona 4,Fecha 18,Padre Ernesto Martearena,false,https://es.wikipedia.org/wiki/Torneo_Federal_A_2025
2025-07-13,16:30,Atlético Tucumán,San Martín (SJ),2,1,,,Primera Division - Clausura,2025,zonas,Zona B,Fecha 1,Monumental José Fierro,false,https://es.wikipedia.org/wiki/Anexo:Torneo_Clausura_2025_(Argentina)
2025-07-13,16:30,Independiente Rivadavia,Newell's Old Boys,1,2,,,Primera Division - Clausura,2025,zonas,Zona A,Fecha 1,Bautista Gargantini,false,https://es.wikipedia.org/wiki/Anexo:Torneo_Clausura_2025_(Argentina)
2025-07-13,18:45,Argentinos Juniors,Boca Juniors,0,0,,,Primera Division - Clausura,2025,zonas,Zona A,Fecha 1,Diego Armando Maradona,false,https://es.wikipedia.org/wiki/Anexo:Torneo_Clausura_2025_(Argentina)
2025-07-13,21:00,River Plate,Platense,3,1,,,Primera Division - Clausura,2025,zonas,Zona B,Fecha 1,Monumental,false,https://es.wikipedia.org/wiki/Anexo:Torneo_Clausura_2025_(Argentina)
2025-07-13,sitioweb=Solo Ascenso}} Se le dio por ganado al equipo visitante.}},Ben Hur,9 de Julio (R),0,1,,,Torneo Federal A,2025,zonas,Zona 3,Fecha 18,Néstor Zenklusen,false,https://es.wikipedia.org/wiki/Torneo_Federal_A_2025
2025-07-14,15:00,Estrella del Sur,Argentino de Rosario,0,0,,,Primera C,2025,zonas,Zona B,Fecha 17,Lorenzo Arandilla,false,https://es.wikipedia.org/wiki/Campeonato_de_Primera_C_2025_(Argentina)
2025-07-14,15:30,Sportivo Barracas,Luján,1,2,,,Primera C,2025,zonas,Zona B,Fecha 17,Tres de Febrero,false,https://es.wikipedia.org/wiki/Campeonato_de_Primera_C_2025_(Argentina)
2025-07-14,16:30,Deportivo Riestra,Lanús,1,0,,,Primera Division - Clausura,2025,zonas,Zona B,Fecha 1,Guillermo Laza,false,https://es.wikipedia.org/wiki/Anexo:Torneo_Clausura_2025_(Argentina)
2025-07-14,19:00,Banfield,Defensa y Justicia,0,0,,,Primera Division - Clausura,2025,zonas,Zona A,Fecha 1,Florencio Sola,false,https://es.wikipedia.org/wiki/Anexo:Torneo_Clausura_2025_(Argentina)
2025-07-14,21:10,Comunicaciones,San Martín (B),0,0,,,Primera B,2025,zonas,Torneo Clausura,Fecha 4,Alfredo Ramos,false,https://es.wikipedia.org/wiki/Campeonato_de_Primera_B_2025_(Argentina)
2025-07-14,21:15,Unión,Estudiantes (LP),1,0,,,Primera Division - Clausura,2025,zonas,Zona A,Fecha 1,15 de Abril,false,https://es.wikipedia.org/wiki/Anexo:Torneo_Clausura_2025_(Argentina)
2025-07-14,21:15,Vélez Sarsfield,Tigre,2,1,,,Primera Division - Clausura,2025,zonas,Interzonal,Fecha 1,José Amalfitani,false,https://es.wikipedia.org/wiki/Anexo:Torneo_Clausura_2025_(Argentina)
2025-07-18,19:30,Boca Juniors,Unión,1,1,,,Primera Division - Clausura,2025,zonas,Zona A,Fecha 2,La Bombonera,false,https://es.wikipedia.org/wiki/Anexo:Torneo_Clausura_2025_(Argentina)
2025-07-18,19:30,Ituzaingó,Puerto Nuevo,3,0,,,Primera C,2025,zonas,Zona A,Fecha 18,Carlos Sacaan,false,https://es.wikipedia.org/wiki/Campeonato_de_Primera_C_2025_(Argentina)
2025-07-18,21:30,Atlético Tucumán,Central Córdoba (SdE),1,1,,,Primera Division - Clausura,2025,zonas,Interzonal,Fecha 2,Monumental José Fierro,false,https://es.wikipedia.org/wiki/Anexo:Torneo_Clausura_2025_(Argentina)
2025-07-19,11:00,Yupanqui,Juventud Unida,0,2,,,Primera C,2025,zonas,Zona B,Fecha 18,Ciudad Evita,false,https://es.wikipedia.org/wiki/Campeonato_de_Primera_C_2025_(Argentina)
2025-07-19,14:30,San Lorenzo,Gimnasia y Esgrima (LP),0,0,,,Primera Division - Clausura,2025,zonas,Zona B,Fecha 2,Nuevo Gasómetro,false,https://es.wikipedia.org/wiki/Anexo:Torneo_Clausura_2025_(Argentina)
2025-07-19,14:35,San Telmo,Deportivo Morón,1,2,,,Primera Nacional,2025,zonas,Zona B,Fecha 23,Doctor Osvaldo Baletto,false,https://es.wikipedia.org/wiki/Campeonato_de_Primera_Nacional_2025
2025-07-19,15:30,Almagro,Alvarado,0,0,,,Primera Nacional,2025,zonas,Zona A,Fecha 23,Tres de Febrero,false,https://es.wikipedia.org/wiki/Campeonato_de_Primera_Nacional_2025
2025-07-19,15:30,Argentino de Rosario,General Lamadrid,2,2,,,Primera C,2025,zonas,Zona B,Fecha 18,José Martín Olaeta,false,https://es.wikipedia.org/wiki/Campeonato_de_Primera_C_2025_(Argentina)
2025-07-19,15:30,Cañuelas,Central Ballester,0,0,,,Primera C,2025,zonas,Zona B,Fecha 18,Jorge Arin,false,https://es.wikipedia.org/wiki/Campeonato_de_Primera_C_2025_(Argentina)
2025-07-19,15:30,Ciudad de Bolívar,Deportivo Rincón,2,0,,,Torneo Federal A,2025,zonas,Zona A,Fecha 1,Municipal Eva Perón,false,https://es.wikipedia.org/wiki/Torneo_Federal_A_2025
2025-07-19,15:30,Deportivo Armenio,Comunicaciones,3,0,,,Primera B,2025,zonas,Torneo Clausura,Fecha 5,Armenia,false,https://es.wikipedia.org/wiki/Campeonato_de_Primera_B_2025_(Argentina)
2025-07-19,15:30,Deportivo Camioneros,Centro Español,1,0,,,Primera C,2025,zonas,Zona B,Fecha 18,Hugo Moyano,false,https://es.wikipedia.org/wiki/Campeonato_de_Primera_C_2025_(Argentina)
2025-07-19,15:30,Deportivo Merlo,Fénix,0,1,,,Primera B,2025,zonas,Torneo Clausura,Fecha 5,José Manuel Moreno,false,https://es.wikipedia.org/wiki/Campeonato_de_Primera_B_2025_(Argentina)
2025-07-19,15:30,Deportivo Paraguayo,Victoriano Arenas,0,0,,,Primera C,2025,zonas,Zona B,Fecha 18,Deportivo Paraguayo,false,https://es.wikipedia.org/wiki/Campeonato_de_Primera_C_2025_(Argentina)
2025-07-19,15:30,Luján,Estrella del Sur,0,0,,,Primera C,2025,zonas,Zona B,Fecha 18,1.º de Abril,false,https://es.wikipedia.org/wiki/Campeonato_de_Primera_C_2025_(Argentina)
2025-07-19,15:30,Muñiz,Leandro N. Alem,0,1,,,Primera C,2025,zonas,Zona A,Fecha 18,Ciudad de San Miguel,false,https://es.wikipedia.org/wiki/Campeonato_de_Primera_C_2025_(Argentina)
2025-07-19,15:30,Real Pilar,Argentino de Quilmes,1,0,,,Primera B,2025,zonas,Torneo Clausura,Fecha 5,Carlos Barraza,false,https://es.wikipedia.org/wiki/Campeonato_de_Primera_B_2025_(Argentina)
2025-07-19,15:30,San Miguel,All Boys,1,0,,,Primera Nacional,2025,zonas,Zona A,Fecha 23,Malvinas Argentinas,false,https://es.wikipedia.org/wiki/Campeonato_de_Primera_Nacional_2025
2025-07-19,15:30,Sportivo Italiano,Brown de Adrogué,4,0,,,Primera B,2025,zonas,Torneo Clausura,Fecha 5,República de Italia,false,https://es.wikipedia.org/wiki/Campeonato_de_Primera_B_2025_(Argentina)
2025-07-19,15:30,Sportivo Las Parejas,El Linqueño,0,2,,,Torneo Federal A,2025,zonas,Zona B,Fecha 1,4 de Septiembre,false,https://es.wikipedia.org/wiki/Torneo_Federal_A_2025
2025-07-19,15:30,UAI Urquiza,Argentino de Merlo,0,0,,,Primera B,2025,zonas,Torneo Clausura,Fecha 5,Monumental de Villa Lynch,false,https://es.wikipedia.org/wiki/Campeonato_de_Primera_B_2025_(Argentina)
2025-07-19,15:30,Villa San Carlos,Villa Dálmine,2,2,,,Primera B,2025,zonas,Torneo Clausura,Fecha 5,Genacio Sálice,false,https://es.wikipedia.org/wiki/Campeonato_de_Primera_B_2025_(Argentina)
2025-07-19,16:30,Lanús,Rosario Central,0,1,,,Primera Division - Clausura,2025,zonas,Zona B,Fecha 2,Ciudad de Lanús,false,https://es.wikipedia.org/wiki/Anexo:Torneo_Clausura_2025_(Argentina)
2025-07-19,16:40,San Martín (T),Tristán Suárez,1,1,,,Primera Nacional,2025,zonas,Zona A,Fecha 23,La Ciudadela,false,https://es.wikipedia.org/wiki/Campeonato_de_Primera_Nacional_2025
2025-07-19,18:30,Quilmes,Arsenal,3,1,,,Primera Nacional,2025,zonas,Zona A,Fecha 23,Centenario Ciudad de Quilmes,false,https://es.wikipedia.org/wiki/Campeonato_de_Primera_Nacional_2025
2025-07-19,18:45,Godoy Cruz,Sarmiento (J),0,0,,,Primera Division - Clausura,2025,zonas,Zona B,Fecha 2,Feliciano Gambarte,false,https://es.wikipedia.org/wiki/Anexo:Torneo_Clausura_2025_(Argentina)
2025-07-19,18:45,Los Andes,Atlanta,3,0,,,Primera Nacional,2025,zonas,Zona A,Fecha 23,Eduardo Gallardón,false,https://es.wikipedia.org/wiki/Campeonato_de_Primera_Nacional_2025
2025-07-19,18:45,Platense,Vélez Sarsfield,0,0,,,Primera Division - Clausura,2025,zonas,Zona B,Fecha 2,Ciudad de Vicente López,false,https://es.wikipedia.org/wiki/Anexo:Torneo_Clausura_2025_(Argentina)
2025-07-19,19:00,Ferro Carril Oeste,Deportivo Madryn,1,1,,,Primera Nacional,2025,zonas,Zona A,Fecha 23,Arquitecto Ricardo Etcheverri,false,https://es.wikipedia.org/wiki/Campeonato_de_Primera_Nacional_2025
2025-07-19,19:00,San Martín (B),Liniers,0,0,,,Primera B,2025,zonas,Torneo Clausura,Fecha 5,Francisco Boga,false,https://es.wikipedia.org/wiki/Campeonato_de_Primera_B_2025_(Argentina)
2025-07-19,20:00,Instituto,River Plate,0,4,,,Primera Division - Clausura,2025,zonas,Zona B,Fecha 2,Mario Alberto Kempes,false,https://es.wikipedia.org/wiki/Anexo:Torneo_Clausura_2025_(Argentina)
2025-07-20,11:00,Ramón Santamarina,Juventud Unida Universitario,0,0,,,Torneo Federal A,2025,zonas,Zona A,Fecha 1,Municipal General San Martín,false,https://es.wikipedia.org/wiki/Torneo_Federal_A_2025
2025-07-20,13:00,Berazategui,Lugano,3,0,,,Primera C,2025,zonas,Zona A,Fecha 18,Norman Lee,false,https://es.wikipedia.org/wiki/Campeonato_de_Primera_C_2025_(Argentina)
2025-07-20,14:00,Chacarita Juniors,Talleres (RdE),2,1,,,Primera Nacional,2025,zonas,Zona B,Fecha 23,Chacarita Juniors,false,https://es.wikipedia.org/wiki/Campeonato_de_Primera_Nacional_2025
2025-07-20,14:30,Barracas Central,Independiente Rivadavia,0,3,,,Primera Division - Clausura,2025,zonas,Zona A,Fecha 2,Claudio Chiqui Tapia,false,https://es.wikipedia.org/wiki/Anexo:Torneo_Clausura_2025_(Argentina)
2025-07-20,15:00,Costa Brava,Villa Mitre,1,0,,,Torneo Federal A,2025,zonas,Zona A,Fecha 1,Nuevo Pacaembú,false,https://es.wikipedia.org/wiki/Torneo_Federal_A_2025
2025-07-20,15:00,Círculo Deportivo,Sportivo Estudiantes (SL),0,0,,,Torneo Federal A,2025,zonas,Zona A,Fecha 1,Guillermo Trama,false,https://es.wikipedia.org/wiki/Torneo_Federal_A_2025
2025-07-20,15:00,Gimnasia y Esgrima (M),Temperley,0,1,,,Primera Nacional,2025,zonas,Zona B,Fecha 23,Víctor Antonio Legrotaglie,false,https://es.wikipedia.org/wiki/Campeonato_de_Primera_Nacional_2025
2025-07-20,15:00,Guillermo Brown,Sol de Mayo (V),2,0,,,Torneo Federal A,2025,zonas,Zona A,Fecha 1,Raúl Conti,false,https://es.wikipedia.org/wiki/Torneo_Federal_A_2025
2025-07-20,15:00,Independiente (C),9 de Julio (R),1,1,,,Torneo Federal A,2025,zonas,Zona B,Fecha 1,Raúl Orlando Lungarzo,false,https://es.wikipedia.org/wiki/Torneo_Federal_A_2025
2025-07-20,15:05,Olimpo,Argentino (MM),2,1,,,Torneo Federal A,2025,zonas,Zona A,Fecha 1,Roberto N. Carminatti,false,https://es.wikipedia.org/wiki/Torneo_Federal_A_2025
2025-07-20,15:30,Almirante Brown,Mitre (SdE),2,0,,,Primera Nacional,2025,zonas,Zona B,Fecha 23,Fragata Presidente Sarmiento,false,https://es.wikipedia.org/wiki/Campeonato_de_Primera_Nacional_2025
2025-07-20,15:30,Bartolomé Mitre (P),Crucero del Norte,0,0,,,Torneo Federal A,2025,zonas,Zona B,Fecha 1,Ernesto Cucchiaroni,false,https://es.wikipedia.org/wiki/Torneo_Federal_A_2025
2025-07-20,15:30,Defensores de Belgrano (VR),Ben Hur,1,1,,,Torneo Federal A,2025,zonas,Zona B,Fecha 1,Salomón Boeseldin,false,https://es.wikipedia.org/wiki/Torneo_Federal_A_2025
2025-07-20,15:30,Douglas Haig,Sarmiento (LB),0,1,,,Torneo Federal A,2025,zonas,Zona B,Fecha 1,Miguel Morales,false,https://es.wikipedia.org/wiki/Torneo_Federal_A_2025
2025-07-20,15:30,Gimnasia y Esgrima (CdU),Boca Unidos,0,3,,,Torneo Federal A,2025,zonas,Zona B,Fecha 1,Manuel y Ramón Núñez,false,https://es.wikipedia.org/wiki/Torneo_Federal_A_2025
2025-07-20,15:30,Güemes (SdE),Gimnasia y Tiro (S),1,1,,,Primera Nacional,2025,zonas,Zona A,Fecha 23,Arturo Miranda,false,https://es.wikipedia.org/wiki/Campeonato_de_Primera_Nacional_2025
2025-07-20,15:30,J. J. de Urquiza,Defensores de Cambaceres,2,1,,,Primera C,2025,zonas,Zona A,Fecha 18,Ramón Roque Martín,false,https://es.wikipedia.org/wiki/Campeonato_de_Primera_C_2025_(Argentina)
2025-07-20,15:30,Patronato,Deportivo Maipú,1,0,,,Primera Nacional,2025,zonas,Zona A,Fecha 23,Presbítero Bartolomé Grella,false,https://es.wikipedia.org/wiki/Campeonato_de_Primera_Nacional_2025
2025-07-20,15:30,San Martín (SM),Germinal,2,0,,,Torneo Federal A,2025,zonas,Zona A,Fecha 1,Libertador General San Martín,false,https://es.wikipedia.org/wiki/Torneo_Federal_A_2025
2025-07-20,15:30,Sol de América (F),Sarmiento (R),0,1,,,Torneo Federal A,2025,zonas,Zona B,Fecha 1,Sol de América,false,https://es.wikipedia.org/wiki/Torneo_Federal_A_2025
2025-07-20,16:00,Atenas (RC),Kimberley,0,0,,,Torneo Federal A,2025,zonas,Zona A,Fecha 1,9 de Julio,false,https://es.wikipedia.org/wiki/Torneo_Federal_A_2025
2025-07-20,16:00,Atlético de Rafaela,Gimnasia y Esgrima (C),2,1,,,Torneo Federal A,2025,zonas,Zona B,Fecha 1,Nuevo Monumental,false,https://es.wikipedia.org/wiki/Torneo_Federal_A_2025
2025-07-20,16:00,Defensores de Belgrano,Estudiantes (RC),0,0,,,Primera Nacional,2025,zonas,Zona B,Fecha 23,Juan Pasquale,false,https://es.wikipedia.org/wiki/Campeonato_de_Primera_Nacional_2025
2025-07-20,16:00,Gimnasia y Esgrima (J),Defensores Unidos,1,1,,,Primera Nacional,2025,zonas,Zona B,Fecha 23,23 de Agosto,false,https://es.wikipedia.org/wiki/Campeonato_de_Primera_Nacional_2025
2025-07-20,16:00,Huracán Las Heras,Gutiérrez,1,0,,,Torneo Federal A,2025,zonas,Zona A,Fecha 1,General San Martín,false,https://es.wikipedia.org/wiki/Torneo_Federal_A_2025
2025-07-20,16:00,Racing Club,Colegiales,2,1,,,Primera Nacional,2025,zonas,Zona A,Fecha 23,Miguel Sancho,false,https://es.wikipedia.org/wiki/Campeonato_de_Primera_Nacional_2025
2025-07-20,16:00,Sportivo Belgrano,San Martín (F),3,0,,,Torneo Federal A,2025,zonas,Zona B,Fecha 1,Juan Pablo Francia,false,https://es.wikipedia.org/wiki/Torneo_Federal_A_2025
2025-07-20,16:45,Newell's Old Boys,Banfield,1,2,,,Primera Division - Clausura,2025,zonas,Zona A,Fecha 2,Marcelo Bielsa,false,https://es.wikipedia.org/wiki/Anexo:Torneo_Clausura_2025_(Argentina)
2025-07-20,16:45,Tigre,Argentinos Juniors,2,1,,,Primera Division - Clausura,2025,zonas,Zona A,Fecha 2,Monumental de Victoria,false,https://es.wikipedia.org/wiki/Anexo:Torneo_Clausura_2025_(Argentina)
2025-07-20,17:00,Ferrocarril Midland,Acassuso,2,1,,,Primera B,2025,zonas,Torneo Clausura,Fecha 5,Ciudad de Libertad,false,https://es.wikipedia.org/wiki/Campeonato_de_Primera_B_2025_(Argentina)
2025-07-20,18:00,Central Norte (S),Colón,3,4,,,Primera Nacional,2025,zonas,Zona B,Fecha 23,Padre Ernesto Martearena,false,https://es.wikipedia.org/wiki/Campeonato_de_Primera_Nacional_2025
2025-07-20,18:00,Nueva Chicago,Chaco For Ever,0,0,,,Primera Nacional,2025,zonas,Zona B,Fecha 23,Nueva Chicago,false,https://es.wikipedia.org/wiki/Campeonato_de_Primera_Nacional_2025
2025-07-20,19:00,Belgrano,Racing Club,0,1,,,Primera Division - Clausura,2025,zonas,Zona A,Fecha 2,Gigante de Alberdi,false,https://es.wikipedia.org/wiki/Anexo:Torneo_Clausura_2025_(Argentina)
2025-07-20,21:00,Independiente,Talleres (C),1,2,,,Primera Division - Clausura,2025,zonas,Zona B,Fecha 2,Libertadores de América,false,https://es.wikipedia.org/wiki/Anexo:Torneo_Clausura_2025_(Argentina)
2025-07-21,14:00,Agropecuario,Estudiantes (BA),1,2,,,Primera Nacional,2025,zonas,Zona B,Fecha 23,Ofelia Rosenzuaig,false,https://es.wikipedia.org/wiki/Campeonato_de_Primera_Nacional_2025
2025-07-21,15:30,Deportivo Español,Central Córdoba (R),3,0,,,Primera C,2025,zonas,Zona A,Fecha 18,Nueva España,false,https://es.wikipedia.org/wiki/Campeonato_de_Primera_C_2025_(Argentina)
2025-07-21,15:30,Dock Sud,Flandria,0,1,,,Primera B,2025,zonas,Torneo Clausura,Fecha 5,De los Inmigrantes,false,https://es.wikipedia.org/wiki/Campeonato_de_Primera_B_2025_(Argentina)
2025-07-21,15:30,Sacachispas,Deportivo Laferrere,2,1,,,Primera B,2025,zonas,Torneo Clausura,Fecha 5,Beto Larrosa,false,https://es.wikipedia.org/wiki/Campeonato_de_Primera_B_2025_(Argentina)
2025-07-21,19:00,Estudiantes (LP),Huracán,2,1,,,Primera Division - Clausura,2025,zonas,Zona A,Fecha 2,Jorge Luis Hirschi,false,https://es.wikipedia.org/wiki/Anexo:Torneo_Clausura_2025_(Argentina)
2025-07-21,21:15,Defensa y Justicia,Aldosivi,2,0,,,Primera Division - Clausura,2025,zonas,Zona A,Fecha 2,Norberto Tomaghello,false,https://es.wikipedia.org/wiki/Anexo:Torneo_Clausura_2025_(Argentina)
2025-07-21,21:15,San Martín (SJ),Deportivo Riestra,3,2,,,Primera Division - Clausura,2025,zonas,Zona B,Fecha 2,Ingeniero Hilario Sánchez,false,https://es.wikipedia.org/wiki/Anexo:Torneo_Clausura_2025_(Argentina)
2025-07-22,15:30,Atlas,Sportivo Barracas,0,2,,,Primera C,2025,zonas,Zona B,Fecha 18,José María Moraños,false,https://es.wikipedia.org/wiki/Campeonato_de_Primera_C_2025_(Argentina)
2025-07-22,15:30,Claypole,Mercedes,2,0,,,Primera C,2025,zonas,Zona A,Fecha 18,Rodolfo Capocasa,false,https://es.wikipedia.org/wiki/Campeonato_de_Primera_C_2025_(Argentina)
2025-07-23,,Boca Juniors,Atlético Tucumán,1,2,,,Copa Argentina,2025,eliminacion,,Dieciseisavos,Único Madre de Ciudades,true,https://es.wikipedia.org/wiki/Copa_Argentina_2025
2025-07-25,15:00,Kimberley,Olimpo,0,1,,,Torneo Federal A,2025,zonas,Zona A,Fecha 2,José Alberto Valle,false,https://es.wikipedia.org/wiki/Torneo_Federal_A_2025
2025-07-25,19:00,Excursionistas,Ferrocarril Midland,1,0,,,Primera B,2025,zonas,Torneo Clausura,Fecha 6,Excursionistas,false,https://es.wikipedia.org/wiki/Campeonato_de_Primera_B_2025_(Argentina)
2025-07-25,19:00,Sarmiento (J),Lanús,0,2,,,Primera Division - Clausura,2025,zonas,Zona B,Fecha 3,Eva Perón,false,https://es.wikipedia.org/wiki/Anexo:Torneo_Clausura_2025_(Argentina)
2025-07-25,21:10,Colegiales,Quilmes,1,0,,,Primera Nacional,2025,zonas,Zona A,Fecha 24,Libertarios Unidos,false,https://es.wikipedia.org/wiki/Campeonato_de_Primera_Nacional_2025
2025-07-25,21:15,Independiente Rivadavia,Belgrano,0,0,,,Primera Division - Clausura,2025,zonas,Zona A,Fecha 3,Bautista Gargantini,false,https://es.wikipedia.org/wiki/Anexo:Torneo_Clausura_2025_(Argentina)
2025-07-25,21:15,Unión,Tigre,0,0,,,Primera Division - Clausura,2025,zonas,Zona A,Fecha 3,15 de Abril,false,https://es.wikipedia.org/wiki/Anexo:Torneo_Clausura_2025_(Argentina)
2025-07-25,22:00,Gimnasia y Tiro (S),San Martín (T),2,0,,,Primera Nacional,2025,zonas,Zona A,Fecha 24,El Gigante del Norte,false,https://es.wikipedia.org/wiki/Campeonato_de_Primera_Nacional_2025
2025-07-26,14:30,Aldosivi,Newell's Old Boys,0,0,,,Primera Division - Clausura,2025,zonas,Zona A,Fecha 3,José María Minella,false,https://es.wikipedia.org/wiki/Anexo:Torneo_Clausura_2025_(Argentina)
2025-07-26,14:45,Tristán Suárez,Los Andes,2,1,,,Primera Nacional,2025,zonas,Zona A,Fecha 24,20 de Octubre,false,https://es.wikipedia.org/wiki/Campeonato_de_Primera_Nacional_2025
2025-07-26,15:00,Brown de Adrogué,UAI Urquiza,3,1,,,Primera B,2025,zonas,Torneo Clausura,Fecha 6,Lorenzo Arandilla,false,https://es.wikipedia.org/wiki/Campeonato_de_Primera_B_2025_(Argentina)
2025-07-26,15:00,Círculo Deportivo,Ramón Santamarina,1,0,,,Torneo Federal A,2025,zonas,Zona A,Fecha 2,Guillermo Trama,false,https://es.wikipedia.org/wiki/Torneo_Federal_A_2025
2025-07-26,15:00,Deportivo Madryn,Patronato,2,0,,,Primera Nacional,2025,zonas,Zona A,Fecha 24,Abel Sastre,false,https://es.wikipedia.org/wiki/Campeonato_de_Primera_Nacional_2025
2025-07-26,15:00,Gutiérrez,Juventud Unida Universitario,0,2,,,Torneo Federal A,2025,zonas,Zona A,Fecha 2,General Gutiérrez,false,https://es.wikipedia.org/wiki/Torneo_Federal_A_2025
2025-07-26,15:30,Acassuso,Sportivo Italiano,2,1,,,Primera B,2025,zonas,Torneo Clausura,Fecha 6,La Quema,false,https://es.wikipedia.org/wiki/Campeonato_de_Primera_B_2025_(Argentina)
2025-07-26,15:30,All Boys,Almagro,1,0,,,Primera Nacional,2025,zonas,Zona A,Fecha 24,Islas Malvinas,false,https://es.wikipedia.org/wiki/Campeonato_de_Primera_Nacional_2025
2025-07-26,15:30,Argentino de Quilmes,Villa San Carlos,1,1,,,Primera B,2025,zonas,Torneo Clausura,Fecha 6,Argentino de Quilmes,false,https://es.wikipedia.org/wiki/Campeonato_de_Primera_B_2025_(Argentina)
2025-07-26,15:30,Crucero del Norte,Sol de América (F),2,3,,,Torneo Federal A,2025,zonas,Zona B,Fecha 2,Comandante Andrés Guacurarí,false,https://es.wikipedia.org/wiki/Torneo_Federal_A_2025
2025-07-26,15:30,Defensores de Cambaceres,Muñiz,0,2,,,Primera C,2025,zonas,Zona A,Fecha 19,12 de Octubre,false,https://es.wikipedia.org/wiki/Campeonato_de_Primera_C_2025_(Argentina)
2025-07-26,15:30,Deportivo Rincón,Atenas (RC),0,0,,,Torneo Federal A,2025,zonas,Zona A,Fecha 2,Elías Moisés Gómez,false,https://es.wikipedia.org/wiki/Torneo_Federal_A_2025
2025-07-26,15:30,Flandria,Deportivo Merlo,1,1,,,Primera B,2025,zonas,Torneo Clausura,Fecha 6,Carlos V,false,https://es.wikipedia.org/wiki/Campeonato_de_Primera_B_2025_(Argentina)
2025-07-26,15:30,General Lamadrid,Luján,1,1,,,Primera C,2025,zonas,Zona B,Fecha 19,Enrique Sexto,false,https://es.wikipedia.org/wiki/Campeonato_de_Primera_C_2025_(Argentina)
2025-07-26,15:30,Juventud Unida,Deportivo Camioneros,0,0,,,Primera C,2025,zonas,Zona B,Fecha 19,Ciudad de San Miguel,false,https://es.wikipedia.org/wiki/Campeonato_de_Primera_C_2025_(Argentina)
2025-07-26,15:30,Liniers,Deportivo Armenio,0,0,,,Primera B,2025,zonas,Torneo Clausura,Fecha 6,Juan Antonio Arias,false,https://es.wikipedia.org/wiki/Campeonato_de_Primera_B_2025_(Argentina)
2025-07-26,15:30,San Martín (F),Atlético de Rafaela,0,0,,,Torneo Federal A,2025,zonas,Zona B,Fecha 2,17 de Octubre,false,https://es.wikipedia.org/wiki/Torneo_Federal_A_2025
2025-07-26,15:30,Sarmiento (R),Sportivo Las Parejas,1,2,,,Torneo Federal A,2025,zonas,Zona B,Fecha 2,Centenario,false,https://es.wikipedia.org/wiki/Torneo_Federal_A_2025
2025-07-26,15:30,Talleres (RdE),Defensores de Belgrano,2,0,,,Primera Nacional,2025,zonas,Zona B,Fecha 24,Pablo Comelli,false,https://es.wikipedia.org/wiki/Campeonato_de_Primera_Nacional_2025
2025-07-26,15:30,Villa Dálmine,Dock Sud,1,0,,,Primera B,2025,zonas,Torneo Clausura,Fecha 6,El Coliseo de Mitre y Puccini,false,https://es.wikipedia.org/wiki/Campeonato_de_Primera_B_2025_(Argentina)
2025-07-26,15:30,Yupanqui,Deportivo Paraguayo,1,1,,,Primera C,2025,zonas,Zona B,Fecha 19,Ciudad Evita,false,https://es.wikipedia.org/wiki/Campeonato_de_Primera_C_2025_(Argentina)
2025-07-26,16:45,Rosario Central,San Martín (SJ),0,0,,,Primera Division - Clausura,2025,zonas,Zona B,Fecha 3,Gigante de Arroyito,false,https://es.wikipedia.org/wiki/Anexo:Torneo_Clausura_2025_(Argentina)
2025-07-26,17:00,Deportivo Morón,Chacarita Juniors,0,2,,,Primera Nacional,2025,zonas,Zona B,Fecha 24,Nuevo Francisco Urbano,false,https://es.wikipedia.org/wiki/Campeonato_de_Primera_Nacional_2025
2025-07-26,19:00,Platense,Argentinos Juniors,0,0,,,Primera Division - Clausura,2025,zonas,Interzonal,Fecha 3,Ciudad de Vicente López,false,https://es.wikipedia.org/wiki/Anexo:Torneo_Clausura_2025_(Argentina)
2025-07-26,19:00,Vélez Sarsfield,Instituto,0,0,,,Primera Division - Clausura,2025,zonas,Zona B,Fecha 3,José Amalfitani,false,https://es.wikipedia.org/wiki/Anexo:Torneo_Clausura_2025_(Argentina)
2025-07-26,19:05,Estudiantes (BA),San Telmo,2,0,,,Primera Nacional,2025,zonas,Zona B,Fecha 24,Ciudad de Caseros,false,https://es.wikipedia.org/wiki/Campeonato_de_Primera_Nacional_2025
2025-07-26,21:10,Argentino de Merlo,Real Pilar,0,1,,,Primera B,2025,zonas,Torneo Clausura,Fecha 6,Juan Carlos Brieva,false,https://es.wikipedia.org/wiki/Campeonato_de_Primera_B_2025_(Argentina)
2025-07-26,21:15,Racing Club,Estudiantes (LP),0,1,,,Primera Division - Clausura,2025,zonas,Zona A,Fecha 3,El Cilindro,false,https://es.wikipedia.org/wiki/Anexo:Torneo_Clausura_2025_(Argentina)
2025-07-27,13:05,Central Córdoba (R),Ituzaingó,0,0,,,Primera C,2025,zonas,Zona A,Fecha 19,Gabino Sosa,false,https://es.wikipedia.org/wiki/Campeonato_de_Primera_C_2025_(Argentina)
2025-07-27,13:35,Arsenal,San Miguel,5,2,,,Primera Nacional,2025,zonas,Zona A,Fecha 24,El Viaducto,false,https://es.wikipedia.org/wiki/Campeonato_de_Primera_Nacional_2025
2025-07-27,14:00,Mercedes,Deportivo Español,3,0,,,Primera C,2025,zonas,Zona A,Fecha 19,Liga Mercedina,false,https://es.wikipedia.org/wiki/Campeonato_de_Primera_C_2025_(Argentina)
2025-07-27,15:00,Alvarado,Ferro Carril Oeste,3,0,,,Primera Nacional,2025,zonas,Zona A,Fecha 24,José María Minella,false,https://es.wikipedia.org/wiki/Campeonato_de_Primera_Nacional_2025
2025-07-27,15:00,Estrella del Sur,Atlas,1,2,,,Primera C,2025,zonas,Zona B,Fecha 19,Lorenzo Arandilla,false,https://es.wikipedia.org/wiki/Campeonato_de_Primera_C_2025_(Argentina)
2025-07-27,15:00,Germinal,Guillermo Brown,1,0,,,Torneo Federal A,2025,zonas,Zona A,Fecha 2,El Fortín (R),false,https://es.wikipedia.org/wiki/Torneo_Federal_A_2025
2025-07-27,15:00,Gimnasia y Esgrima (C),Douglas Haig,1,0,,,Torneo Federal A,2025,zonas,Zona B,Fecha 2,José María Paz,false,https://es.wikipedia.org/wiki/Torneo_Federal_A_2025
2025-07-27,15:00,Sol de Mayo (V),Huracán Las Heras,2,1,,,Torneo Federal A,2025,zonas,Zona A,Fecha 2,Sol de Mayo,false,https://es.wikipedia.org/wiki/Torneo_Federal_A_2025
2025-07-27,15:00,Sportivo Estudiantes (SL),San Martín (SM),1,2,,,Torneo Federal A,2025,zonas,Zona A,Fecha 2,Héctor Odicino y Pedro Benoza,false,https://es.wikipedia.org/wiki/Torneo_Federal_A_2025
2025-07-27,15:30,9 de Julio (R),Juventud Antoniana,2,0,,,Torneo Federal A,2025,zonas,Zona B,Fecha 2,Germán Solterman,false,https://es.wikipedia.org/wiki/Torneo_Federal_A_2025
2025-07-27,15:30,Argentino (MM),Cipolletti,2,0,,,Torneo Federal A,2025,zonas,Zona A,Fecha 2,Modesto Marrone,false,https://es.wikipedia.org/wiki/Torneo_Federal_A_2025
2025-07-27,15:30,Bartolomé Mitre (P),Defensores de Belgrano (VR),2,1,,,Torneo Federal A,2025,zonas,Zona B,Fecha 2,Ernesto Cucchiaroni,false,https://es.wikipedia.org/wiki/Torneo_Federal_A_2025
2025-07-27,15:30,Boca Unidos,Ben Hur,3,0,,,Torneo Federal A,2025,zonas,Zona B,Fecha 2,Leoncio Benítez,false,https://es.wikipedia.org/wiki/Torneo_Federal_A_2025
2025-07-27,15:30,Central Ballester,Victoriano Arenas,2,2,,,Primera C,2025,zonas,Zona B,Fecha 19,Rubén Carlos Vallejos,false,https://es.wikipedia.org/wiki/Campeonato_de_Primera_C_2025_(Argentina)
2025-07-27,15:30,Defensores Unidos,Agropecuario,3,2,,,Primera Nacional,2025,zonas,Zona B,Fecha 24,Gigante de Villa Fox,false,https://es.wikipedia.org/wiki/Campeonato_de_Primera_Nacional_2025
2025-07-27,15:30,Deportivo Laferrere,San Martín (B),2,1,,,Primera B,2025,zonas,Torneo Clausura,Fecha 6,Ciudad de Laferrere,false,https://es.wikipedia.org/wiki/Campeonato_de_Primera_B_2025_(Argentina)
2025-07-27,15:30,Deportivo Maipú,Güemes (SdE),1,1,,,Primera Nacional,2025,zonas,Zona A,Fecha 24,Omar Higinio Sperdutti,false,https://es.wikipedia.org/wiki/Campeonato_de_Primera_Nacional_2025
2025-07-27,15:30,El Porvenir,J. J. de Urquiza,0,0,,,Primera C,2025,zonas,Zona A,Fecha 19,Gildo Francisco Ghersinich,false,https://es.wikipedia.org/wiki/Campeonato_de_Primera_C_2025_(Argentina)
2025-07-27,15:30,Fénix,Sacachispas,0,0,,,Primera B,2025,zonas,Torneo Clausura,Fecha 6,Ciudad de San Miguel,false,https://es.wikipedia.org/wiki/Campeonato_de_Primera_B_2025_(Argentina)
2025-07-27,15:30,Leandro N. Alem,Claypole,0,1,,,Primera C,2025,zonas,Zona A,Fecha 19,Leandro N. Alem,false,https://es.wikipedia.org/wiki/Campeonato_de_Primera_C_2025_(Argentina)
2025-07-27,15:30,Mitre (SdE),Central Norte (S),0,2,,,Primera Nacional,2025,zonas,Zona B,Fecha 24,Doctores José y Antonio Castiglione,false,https://es.wikipedia.org/wiki/Campeonato_de_Primera_Nacional_2025
2025-07-27,15:30,Puerto Nuevo,Berazategui,0,4,,,Primera C,2025,zonas,Zona A,Fecha 19,Rubén Carlos Vallejos,false,https://es.wikipedia.org/wiki/Campeonato_de_Primera_C_2025_(Argentina)
2025-07-27,15:30,Temperley,Gimnasia y Esgrima (J),1,0,,,Primera Nacional,2025,zonas,Zona B,Fecha 24,Alfredo Beranger,false,https://es.wikipedia.org/wiki/Campeonato_de_Primera_Nacional_2025
2025-07-27,15:30,Villa Mitre,Ciudad de Bolívar,0,2,,,Torneo Federal A,2025,zonas,Zona A,Fecha 2,El Fortín (BB),false,https://es.wikipedia.org/wiki/Torneo_Federal_A_2025
2025-07-27,15:40,Colón,Gimnasia y Esgrima (M),0,2,,,Primera Nacional,2025,zonas,Zona B,Fecha 24,Brigadier Estanislao López,false,https://es.wikipedia.org/wiki/Campeonato_de_Primera_Nacional_2025
2025-07-27,16:00,Estudiantes (RC),Nueva Chicago,0,1,,,Primera Nacional,2025,zonas,Zona B,Fecha 24,Antonio Candini,false,https://es.wikipedia.org/wiki/Campeonato_de_Primera_Nacional_2025
2025-07-27,16:00,Gimnasia y Esgrima (LP),Independiente,1,0,,,Primera Division - Clausura,2025,zonas,Zona B,Fecha 3,Del Bosque,false,https://es.wikipedia.org/wiki/Anexo:Torneo_Clausura_2025_(Argentina)
2025-07-27,16:00,Sarmiento (LB),Independiente (C),2,1,,,Torneo Federal A,2025,zonas,Zona B,Fecha 2,Ciudad de La Banda,false,https://es.wikipedia.org/wiki/Torneo_Federal_A_2025
2025-07-27,16:00,Talleres (C),Godoy Cruz,0,0,,,Primera Division - Clausura,2025,zonas,Zona B,Fecha 3,Mario Alberto Kempes,false,https://es.wikipedia.org/wiki/Anexo:Torneo_Clausura_2025_(Argentina)
2025-07-27,16:30,Chaco For Ever,Almirante Brown,2,1,,,Primera Nacional,2025,zonas,Zona B,Fecha 24,Juan Alberto García,false,https://es.wikipedia.org/wiki/Campeonato_de_Primera_Nacional_2025
2025-07-27,18:30,Huracán,Boca Juniors,1,0,,,Primera Division - Clausura,2025,zonas,Zona A,Fecha 3,Tomás Adolfo Ducó,false,https://es.wikipedia.org/wiki/Anexo:Torneo_Clausura_2025_(Argentina)
2025-07-27,20:45,River Plate,San Lorenzo,0,0,,,Primera Division - Clausura,2025,zonas,Zona B,Fecha 3,Monumental,false,https://es.wikipedia.org/wiki/Anexo:Torneo_Clausura_2025_(Argentina)
2025-07-28,15:30,Centro Español,Argentino de Rosario,3,0,,,Primera C,2025,zonas,Zona B,Fecha 19,Carlos Sacaan,false,https://es.wikipedia.org/wiki/Campeonato_de_Primera_C_2025_(Argentina)
2025-07-28,15:30,El Linqueño,Gimnasia y Esgrima (CdU),0,0,,,Torneo Federal A,2025,zonas,Zona B,Fecha 2,Leonardo Costa,false,https://es.wikipedia.org/wiki/Torneo_Federal_A_2025
2025-07-28,15:30,Sportivo Barracas,Cañuelas,1,0,,,Primera C,2025,zonas,Zona B,Fecha 19,Tres de Febrero,false,https://es.wikipedia.org/wiki/Campeonato_de_Primera_C_2025_(Argentina)
2025-07-28,16:00,Deportivo Riestra,Atlético Tucumán,1,0,,,Primera Division - Clausura,2025,zonas,Zona B,Fecha 3,Guillermo Laza,false,https://es.wikipedia.org/wiki/Anexo:Torneo_Clausura_2025_(Argentina)
2025-07-28,18:00,Central Córdoba (SdE),Defensa y Justicia,2,1,,,Primera Division - Clausura,2025,zonas,Zona A,Fecha 3,Único Madre de Ciudades,false,https://es.wikipedia.org/wiki/Anexo:Torneo_Clausura_2025_(Argentina)
2025-07-28,20:00,Banfield,Barracas Central,1,3,,,Primera Division - Clausura,2025,zonas,Zona A,Fecha 3,Florencio Sola,false,https://es.wikipedia.org/wiki/Anexo:Torneo_Clausura_2025_(Argentina)
2025-07-28,21:10,Atlanta,Racing Club,2,0,,,Primera Nacional,2025,zonas,Zona A,Fecha 24,Don León Kolbowsky,false,https://es.wikipedia.org/wiki/Campeonato_de_Primera_Nacional_2025
2025-07-30,,Independiente Rivadavia,Central Córdoba (R),2,1,,,Copa Argentina,2025,eliminacion,,Octavos,Juan Gilberto Funes,true,https://es.wikipedia.org/wiki/Copa_Argentina_2025
2025-07-30,21:10,Defensores de Belgrano,San Telmo,1,2,,,Primera Nacional,2025,zonas,Zona B,Fecha 20,Juan Pasquale,false,https://es.wikipedia.org/wiki/Campeonato_de_Primera_Nacional_2025
2025-07-31,,Aldosivi,Argentinos Juniors,1,2,,,Copa Argentina,2025,eliminacion,,Octavos,Norberto Tomaghello,true,https://es.wikipedia.org/wiki/Copa_Argentina_2025
2025-08-01,,Belgrano,Independiente,2,0,,,Copa Argentina,2025,eliminacion,,Octavos,Gigante de Arroyito,true,https://es.wikipedia.org/wiki/Copa_Argentina_2025
2025-08-01,,Lanús,Huracán,2,0,,,Copa Argentina,2025,eliminacion,,Octavos,Centenario Ciudad de Quilmes,true,https://es.wikipedia.org/wiki/Copa_Argentina_2025
2025-08-01,19:05,Ituzaingó,Mercedes,3,2,,,Primera C,2025,zonas,Zona A,Fecha 20,Carlos Sacaan,false,https://es.wikipedia.org/wiki/Campeonato_de_Primera_C_2025_(Argentina)
2025-08-01,22:00,Juventud Antoniana,Sarmiento (LB),3,1,,,Torneo Federal A,2025,zonas,Zona B,Fecha 3,Padre Ernesto Martearena,false,https://es.wikipedia.org/wiki/Torneo_Federal_A_2025
2025-08-02,,San Lorenzo,Tigre,0,1,,,Copa Argentina,2025,eliminacion,,Octavos,Nuevo Francisco Urbano,true,https://es.wikipedia.org/wiki/Copa_Argentina_2025
2025-08-02,,San Martín (T),River Plate,0,3,,,Copa Argentina,2025,eliminacion,,Dieciseisavos,Único Madre de Ciudades,true,https://es.wikipedia.org/wiki/Copa_Argentina_2025
2025-08-02,12:00,Sacachispas,Flandria,1,1,,,Primera B,2025,zonas,Torneo Clausura,Fecha 7,Beto Larrosa,false,https://es.wikipedia.org/wiki/Campeonato_de_Primera_B_2025_(Argentina)
2025-08-02,13:30,Real Pilar,Brown de Adrogué,1,1,,,Primera B,2025,zonas,Torneo Clausura,Fecha 7,Carlos Barraza,false,https://es.wikipedia.org/wiki/Campeonato_de_Primera_B_2025_(Argentina)
2025-08-02,14:00,San Miguel,Colegiales,2,1,,,Primera Nacional,2025,zonas,Zona A,Fecha 25,Malvinas Argentinas,false,https://es.wikipedia.org/wiki/Campeonato_de_Primera_Nacional_2025
2025-08-02,15:00,Tristán Suárez,Gimnasia y Tiro (S),1,0,,,Primera Nacional,2025,zonas,Zona A,Fecha 25,20 de Octubre,false,https://es.wikipedia.org/wiki/Campeonato_de_Primera_Nacional_2025
2025-08-02,15:15,Ramón Santamarina,Gutiérrez,2,0,,,Torneo Federal A,2025,zonas,Zona A,Fecha 3,Municipal General San Martín,false,https://es.wikipedia.org/wiki/Torneo_Federal_A_2025
2025-08-02,15:30,Almagro,Arsenal,3,1,,,Primera Nacional,2025,zonas,Zona A,Fecha 25,Tres de Febrero,false,https://es.wikipedia.org/wiki/Campeonato_de_Primera_Nacional_2025
2025-08-02,15:30,Argentino de Rosario,Juventud Unida,1,1,,,Primera C,2025,zonas,Zona B,Fecha 20,José Martín Olaeta,false,https://es.wikipedia.org/wiki/Campeonato_de_Primera_C_2025_(Argentina)
2025-08-02,15:30,Comunicaciones,Liniers,2,2,,,Primera B,2025,zonas,Torneo Clausura,Fecha 7,Alfredo Ramos,false,https://es.wikipedia.org/wiki/Campeonato_de_Primera_B_2025_(Argentina)
2025-08-02,15:30,Deportivo Armenio,Deportivo Laferrere,1,1,,,Primera B,2025,zonas,Torneo Clausura,Fecha 7,Armenia,false,https://es.wikipedia.org/wiki/Campeonato_de_Primera_B_2025_(Argentina)
2025-08-02,15:30,Deportivo Camioneros,Yupanqui,2,0,,,Primera C,2025,zonas,Zona B,Fecha 20,Hugo Moyano,false,https://es.wikipedia.org/wiki/Campeonato_de_Primera_C_2025_(Argentina)
2025-08-02,15:30,Deportivo Español,Leandro N. Alem,0,0,,,Primera C,2025,zonas,Zona A,Fecha 20,Nueva España,false,https://es.wikipedia.org/wiki/Campeonato_de_Primera_C_2025_(Argentina)
2025-08-02,15:30,Deportivo Paraguayo,Central Ballester,1,1,,,Primera C,2025,zonas,Zona B,Fecha 20,Deportivo Paraguayo,false,https://es.wikipedia.org/wiki/Campeonato_de_Primera_C_2025_(Argentina)
2025-08-02,15:30,Dock Sud,Argentino de Quilmes,1,1,,,Primera B,2025,zonas,Torneo Clausura,Fecha 7,De los Inmigrantes,false,https://es.wikipedia.org/wiki/Campeonato_de_Primera_B_2025_(Argentina)
2025-08-02,15:30,Luján,Centro Español,1,0,,,Primera C,2025,zonas,Zona B,Fecha 20,1.º de Abril,false,https://es.wikipedia.org/wiki/Campeonato_de_Primera_C_2025_(Argentina)
2025-08-02,15:30,San Martín (B),Fénix,3,1,,,Primera B,2025,zonas,Torneo Clausura,Fecha 7,Francisco Boga,false,https://es.wikipedia.org/wiki/Campeonato_de_Primera_B_2025_(Argentina)
2025-08-02,15:30,Sportivo Italiano,Excursionistas,2,1,,,Primera B,2025,zonas,Torneo Clausura,Fecha 7,República de Italia,false,https://es.wikipedia.org/wiki/Campeonato_de_Primera_B_2025_(Argentina)
2025-08-02,15:30,UAI Urquiza,Acassuso,0,0,,,Primera B,2025,zonas,Torneo Clausura,Fecha 7,Monumental de Villa Lynch,false,https://es.wikipedia.org/wiki/Campeonato_de_Primera_B_2025_(Argentina)
2025-08-02,15:30,Victoriano Arenas,Sportivo Barracas,1,0,,,Primera C,2025,zonas,Zona B,Fecha 20,Saturnino Moure,false,https://es.wikipedia.org/wiki/Campeonato_de_Primera_C_2025_(Argentina)
2025-08-02,15:30,Villa San Carlos,Argentino de Merlo,2,0,,,Primera B,2025,zonas,Torneo Clausura,Fecha 7,Genacio Sálice,false,https://es.wikipedia.org/wiki/Campeonato_de_Primera_B_2025_(Argentina)
2025-08-02,16:00,Ciudad de Bolívar,Costa Brava,0,0,,,Torneo Federal A,2025,zonas,Zona A,Fecha 3,Municipal Eva Perón,false,https://es.wikipedia.org/wiki/Torneo_Federal_A_2025
2025-08-02,16:00,Sportivo Las Parejas,Crucero del Norte,2,0,,,Torneo Federal A,2025,zonas,Zona B,Fecha 3,4 de Septiembre,false,https://es.wikipedia.org/wiki/Torneo_Federal_A_2025
2025-08-02,16:30,Atenas (RC),Villa Mitre,1,0,,,Torneo Federal A,2025,zonas,Zona A,Fecha 3,9 de Julio,false,https://es.wikipedia.org/wiki/Torneo_Federal_A_2025
2025-08-03,,Racing Club,Deportivo Riestra,3,0,,,Copa Argentina,2025,eliminacion,,Octavos,Ciudad de Lanús,true,https://es.wikipedia.org/wiki/Copa_Argentina_2025
2025-08-03,13:45,Nueva Chicago,Almirante Brown,1,3,,,Primera Nacional,2025,zonas,Zona B,Fecha 25,Nueva Chicago,false,https://es.wikipedia.org/wiki/Campeonato_de_Primera_Nacional_2025
2025-08-03,14:00,Guillermo Brown,Sportivo Estudiantes (SL),1,0,,,Torneo Federal A,2025,zonas,Zona A,Fecha 3,Raúl Conti,false,https://es.wikipedia.org/wiki/Torneo_Federal_A_2025
2025-08-03,15:00,Agropecuario,Temperley,0,0,,,Primera Nacional,2025,zonas,Zona B,Fecha 25,Ofelia Rosenzuaig,false,https://es.wikipedia.org/wiki/Campeonato_de_Primera_Nacional_2025
2025-08-03,15:00,Atlético de Rafaela,Sportivo Belgrano,2,0,,,Torneo Federal A,2025,zonas,Zona B,Fecha 3,Nuevo Monumental,false,https://es.wikipedia.org/wiki/Torneo_Federal_A_2025
2025-08-03,15:00,Gimnasia y Esgrima (M),Mitre (SdE),1,0,,,Primera Nacional,2025,zonas,Zona B,Fecha 25,Víctor Antonio Legrotaglie,false,https://es.wikipedia.org/wiki/Campeonato_de_Primera_Nacional_2025
2025-08-03,15:00,Independiente (C),Gimnasia y Esgrima (C),1,1,,,Torneo Federal A,2025,zonas,Zona B,Fecha 3,Raúl Orlando Lungarzo,false,https://es.wikipedia.org/wiki/Torneo_Federal_A_2025
2025-08-03,15:00,Los Andes,Racing Club,2,0,,,Primera Nacional,2025,zonas,Zona A,Fecha 25,Eduardo Gallardón,false,https://es.wikipedia.org/wiki/Campeonato_de_Primera_Nacional_2025
2025-08-03,15:00,San Telmo,Defensores Unidos,2,2,,,Primera Nacional,2025,zonas,Zona B,Fecha 25,Doctor Osvaldo Baletto,false,https://es.wikipedia.org/wiki/Campeonato_de_Primera_Nacional_2025
2025-08-03,15:15,Juventud Unida Universitario,Sol de Mayo (V),3,0,,,Torneo Federal A,2025,zonas,Zona A,Fecha 3,Mario Sebastián Diez,false,https://es.wikipedia.org/wiki/Torneo_Federal_A_2025
2025-08-03,15:30,Atlas,General Lamadrid,1,3,,,Primera C,2025,zonas,Zona B,Fecha 20,Ricardo Puga,false,https://es.wikipedia.org/wiki/Campeonato_de_Primera_C_2025_(Argentina)
2025-08-03,15:30,Ben Hur,El Linqueño,1,0,,,Torneo Federal A,2025,zonas,Zona B,Fecha 3,Néstor Zenklusen,false,https://es.wikipedia.org/wiki/Torneo_Federal_A_2025
2025-08-03,15:30,Cañuelas,Estrella del Sur,1,3,,,Primera C,2025,zonas,Zona B,Fecha 20,Jorge Arin,false,https://es.wikipedia.org/wiki/Campeonato_de_Primera_C_2025_(Argentina)
2025-08-03,15:30,Chacarita Juniors,Estudiantes (BA),0,3,,,Primera Nacional,2025,zonas,Zona B,Fecha 25,Chacarita Juniors,false,https://es.wikipedia.org/wiki/Campeonato_de_Primera_Nacional_2025
2025-08-03,15:30,Cipolletti,Kimberley,3,1,,,Torneo Federal A,2025,zonas,Zona A,Fecha 3,La Visera de Cemento,false,https://es.wikipedia.org/wiki/Torneo_Federal_A_2025
2025-08-03,15:30,Defensores de Belgrano (VR),Boca Unidos,0,2,,,Torneo Federal A,2025,zonas,Zona B,Fecha 3,Salomón Boeseldin,false,https://es.wikipedia.org/wiki/Torneo_Federal_A_2025
2025-08-03,15:30,Deportivo Merlo,Villa Dálmine,0,0,,,Primera B,2025,zonas,Torneo Clausura,Fecha 7,José Manuel Moreno,false,https://es.wikipedia.org/wiki/Campeonato_de_Primera_B_2025_(Argentina)
2025-08-03,15:30,Douglas Haig,San Martín (F),1,2,,,Torneo Federal A,2025,zonas,Zona B,Fecha 3,Miguel Morales,false,https://es.wikipedia.org/wiki/Torneo_Federal_A_2025
2025-08-03,15:30,Gimnasia y Esgrima (CdU),Sarmiento (R),1,2,,,Torneo Federal A,2025,zonas,Zona B,Fecha 3,Manuel y Ramón Núñez,false,https://es.wikipedia.org/wiki/Torneo_Federal_A_2025
2025-08-03,15:30,Güemes (SdE),Deportivo Madryn,1,3,,,Primera Nacional,2025,zonas,Zona A,Fecha 25,Arturo Miranda,false,https://es.wikipedia.org/wiki/Campeonato_de_Primera_Nacional_2025
2025-08-03,15:30,Huracán Las Heras,Germinal,1,2,,,Torneo Federal A,2025,zonas,Zona A,Fecha 3,General San Martín,false,https://es.wikipedia.org/wiki/Torneo_Federal_A_2025
2025-08-03,15:30,Lugano,Puerto Nuevo,1,0,,,Primera C,2025,zonas,Zona A,Fecha 20,José María Moraños,false,https://es.wikipedia.org/wiki/Campeonato_de_Primera_C_2025_(Argentina)
2025-08-03,15:30,Olimpo,Deportivo Rincón,0,0,,,Torneo Federal A,2025,zonas,Zona A,Fecha 3,Roberto N. Carminatti,false,https://es.wikipedia.org/wiki/Torneo_Federal_A_2025
2025-08-03,15:30,Patronato,Alvarado,1,0,,,Primera Nacional,2025,zonas,Zona A,Fecha 25,Presbítero Bartolomé Grella,false,https://es.wikipedia.org/wiki/Campeonato_de_Primera_Nacional_2025
2025-08-03,15:30,Sol de América (F),Bartolomé Mitre (P),0,1,,,Torneo Federal A,2025,zonas,Zona B,Fecha 3,Sol de América,false,https://es.wikipedia.org/wiki/Torneo_Federal_A_2025
2025-08-03,16:00,Estudiantes (RC),Talleres (RdE),2,0,,,Primera Nacional,2025,zonas,Zona B,Fecha 25,Antonio Candini,false,https://es.wikipedia.org/wiki/Campeonato_de_Primera_Nacional_2025
2025-08-03,16:00,San Martín (SM),Círculo Deportivo,0,0,,,Torneo Federal A,2025,zonas,Zona A,Fecha 3,Libertador General San Martín,false,https://es.wikipedia.org/wiki/Torneo_Federal_A_2025
2025-08-03,17:00,Central Norte (S),Chaco For Ever,0,1,,,Primera Nacional,2025,zonas,Zona B,Fecha 25,Padre Ernesto Martearena,false,https://es.wikipedia.org/wiki/Campeonato_de_Primera_Nacional_2025
2025-08-03,18:15,Gimnasia y Esgrima (J),Colón,4,0,,,Primera Nacional,2025,zonas,Zona B,Fecha 25,23 de Agosto,false,https://es.wikipedia.org/wiki/Campeonato_de_Primera_Nacional_2025
2025-08-03,20:15,Ferro Carril Oeste,All Boys,0,0,,,Primera Nacional,2025,zonas,Zona A,Fecha 25,Arquitecto Ricardo Etcheverri,false,https://es.wikipedia.org/wiki/Campeonato_de_Primera_Nacional_2025
2025-08-04,15:30,Berazategui,Central Córdoba (R),1,1,,,Primera C,2025,zonas,Zona A,Fecha 20,Norman Lee,false,https://es.wikipedia.org/wiki/Campeonato_de_Primera_C_2025_(Argentina)
2025-08-04,21:10,Defensores de Belgrano,Deportivo Morón,0,0,,,Primera Nacional,2025,zonas,Zona B,Fecha 25,Juan Pasquale,false,https://es.wikipedia.org/wiki/Campeonato_de_Primera_Nacional_2025
2025-08-05,15:30,Claypole,Defensores de Cambaceres,1,1,,,Primera C,2025,zonas,Zona A,Fecha 20,Rodolfo Capocasa,false,https://es.wikipedia.org/wiki/Campeonato_de_Primera_C_2025_(Argentina)
2025-08-05,15:30,Muñiz,El Porvenir,2,2,,,Primera C,2025,zonas,Zona A,Fecha 20,Ciudad de San Miguel,false,https://es.wikipedia.org/wiki/Campeonato_de_Primera_C_2025_(Argentina)
2025-08-05,21:10,Quilmes,Atlanta,2,1,,,Primera Nacional,2025,zonas,Zona A,Fecha 25,Centenario Ciudad de Quilmes,false,https://es.wikipedia.org/wiki/Campeonato_de_Primera_Nacional_2025
2025-08-07,17:00,Godoy Cruz,Gimnasia y Esgrima (LP),1,2,,,Primera Division - Clausura,2025,zonas,Zona B,Fecha 4,Feliciano Gambarte,false,https://es.wikipedia.org/wiki/Anexo:Torneo_Clausura_2025_(Argentina)
2025-08-07,19:00,San Lorenzo,Vélez Sarsfield,1,0,,,Primera Division - Clausura,2025,zonas,Zona B,Fecha 4,Nuevo Gasómetro,false,https://es.wikipedia.org/wiki/Anexo:Torneo_Clausura_2025_(Argentina)
2025-08-07,21:00,Estudiantes (LP),Independiente Rivadavia,2,1,,,Primera Division - Clausura,2025,zonas,Zona A,Fecha 4,Jorge Luis Hirschi,false,https://es.wikipedia.org/wiki/Anexo:Torneo_Clausura_2025_(Argentina)
2025-08-08,15:30,Acassuso,Real Pilar,1,0,,,Primera B,2025,zonas,Torneo Clausura,Fecha 8,La Quema,false,https://es.wikipedia.org/wiki/Campeonato_de_Primera_B_2025_(Argentina)
2025-08-08,18:00,Mercedes,Berazategui,1,3,,,Primera C,2025,zonas,Zona A,Fecha 21,Liga Mercedina,false,https://es.wikipedia.org/wiki/Campeonato_de_Primera_C_2025_(Argentina)
2025-08-08,19:00,Tigre,Huracán,0,1,,,Primera Division - Clausura,2025,zonas,Zona A,Fecha 4,Monumental de Victoria,false,https://es.wikipedia.org/wiki/Anexo:Torneo_Clausura_2025_(Argentina)
2025-08-08,21:00,Newell's Old Boys,Central Córdoba (SdE),1,1,,,Primera Division - Clausura,2025,zonas,Zona A,Fecha 4,Marcelo Bielsa,false,https://es.wikipedia.org/wiki/Anexo:Torneo_Clausura_2025_(Argentina)
2025-08-08,21:10,Ferrocarril Midland,Sportivo Italiano,2,0,,,Primera B,2025,zonas,Torneo Clausura,Fecha 8,Ciudad de Libertad,false,https://es.wikipedia.org/wiki/Campeonato_de_Primera_B_2025_(Argentina)
2025-08-08,21:15,Lanús,Talleres (C),1,0,,,Primera Division - Clausura,2025,zonas,Zona B,Fecha 4,Ciudad de Lanús,false,https://es.wikipedia.org/wiki/Anexo:Torneo_Clausura_2025_(Argentina)
2025-08-09,13:15,Central Córdoba (R),Lugano,1,1,,,Primera C,2025,zonas,Zona A,Fecha 21,Gabino Sosa,false,https://es.wikipedia.org/wiki/Campeonato_de_Primera_C_2025_(Argentina)
2025-08-09,14:10,Defensores Unidos,Chacarita Juniors,0,0,,,Primera Nacional,2025,zonas,Zona B,Fecha 26,Gigante de Villa Fox,false,https://es.wikipedia.org/wiki/Campeonato_de_Primera_Nacional_2025
2025-08-09,14:30,Deportivo Laferrere,Comunicaciones,1,0,,,Primera B,2025,zonas,Torneo Clausura,Fecha 8,Ciudad de Laferrere,false,https://es.wikipedia.org/wiki/Campeonato_de_Primera_B_2025_(Argentina)
2025-08-09,14:30,San Martín (SJ),Sarmiento (J),0,1,,,Primera Division - Clausura,2025,zonas,Zona B,Fecha 4,Ingeniero Hilario Sánchez,false,https://es.wikipedia.org/wiki/Anexo:Torneo_Clausura_2025_(Argentina)
2025-08-09,15:00,Brown de Adrogué,Villa San Carlos,1,0,,,Primera B,2025,zonas,Torneo Clausura,Fecha 8,Lorenzo Arandilla,false,https://es.wikipedia.org/wiki/Campeonato_de_Primera_B_2025_(Argentina)
2025-08-09,15:00,Kimberley,Argentino (MM),1,2,,,Torneo Federal A,2025,zonas,Zona A,Fecha 4,José Alberto Valle,false,https://es.wikipedia.org/wiki/Torneo_Federal_A_2025
2025-08-09,15:00,Sol de Mayo (V),Gutiérrez,5,1,,,Torneo Federal A,2025,zonas,Zona A,Fecha 4,Sol de Mayo,false,https://es.wikipedia.org/wiki/Torneo_Federal_A_2025
2025-08-09,15:30,Argentino de Quilmes,Deportivo Merlo,3,0,,,Primera B,2025,zonas,Torneo Clausura,Fecha 8,Argentino de Quilmes,false,https://es.wikipedia.org/wiki/Campeonato_de_Primera_B_2025_(Argentina)
2025-08-09,15:30,Centro Español,Atlas,5,0,,,Primera C,2025,zonas,Zona B,Fecha 21,Carlos Sacaan,false,https://es.wikipedia.org/wiki/Campeonato_de_Primera_C_2025_(Argentina)
2025-08-09,15:30,Colegiales,Almagro,2,0,,,Primera Nacional,2025,zonas,Zona A,Fecha 26,Libertarios Unidos,false,https://es.wikipedia.org/wiki/Campeonato_de_Primera_Nacional_2025
2025-08-09,15:30,Crucero del Norte,Gimnasia y Esgrima (CdU),1,1,,,Torneo Federal A,2025,zonas,Zona B,Fecha 4,Comandante Andrés Guacurarí,false,https://es.wikipedia.org/wiki/Torneo_Federal_A_2025
2025-08-09,15:30,Defensores de Cambaceres,Deportivo Español,1,1,,,Primera C,2025,zonas,Zona A,Fecha 21,12 de Octubre,false,https://es.wikipedia.org/wiki/Campeonato_de_Primera_C_2025_(Argentina)
2025-08-09,15:30,Deportivo Camioneros,Deportivo Paraguayo,1,0,,,Primera C,2025,zonas,Zona B,Fecha 21,Hugo Moyano,false,https://es.wikipedia.org/wiki/Campeonato_de_Primera_C_2025_(Argentina)
2025-08-09,15:30,Deportivo Maipú,Tristán Suárez,1,0,,,Primera Nacional,2025,zonas,Zona A,Fecha 26,Omar Higinio Sperdutti,false,https://es.wikipedia.org/wiki/Campeonato_de_Primera_Nacional_2025
2025-08-09,15:30,Deportivo Morón,Estudiantes (RC),2,1,,,Primera Nacional,2025,zonas,Zona B,Fecha 26,Nuevo Francisco Urbano,false,https://es.wikipedia.org/wiki/Campeonato_de_Primera_Nacional_2025
2025-08-09,15:30,Deportivo Rincón,Cipolletti,1,0,,,Torneo Federal A,2025,zonas,Zona A,Fecha 4,Elías Moisés Gómez,false,https://es.wikipedia.org/wiki/Torneo_Federal_A_2025
2025-08-09,15:30,Flandria,San Martín (B),1,1,,,Primera B,2025,zonas,Torneo Clausura,Fecha 8,Carlos V,false,https://es.wikipedia.org/wiki/Campeonato_de_Primera_B_2025_(Argentina)
2025-08-09,15:30,Juventud Unida,Luján,0,0,,,Primera C,2025,zonas,Zona B,Fecha 21,Ciudad de San Miguel,false,https://es.wikipedia.org/wiki/Campeonato_de_Primera_C_2025_(Argentina)
2025-08-09,15:30,Talleres (RdE),Nueva Chicago,2,1,,,Primera Nacional,2025,zonas,Zona B,Fecha 26,Pablo Comelli,false,https://es.wikipedia.org/wiki/Campeonato_de_Primera_Nacional_2025
2025-08-09,15:30,Yupanqui,Argentino de Rosario,0,4,,,Primera C,2025,zonas,Zona B,Fecha 21,Ciudad Evita,false,https://es.wikipedia.org/wiki/Campeonato_de_Primera_C_2025_(Argentina)
2025-08-09,16:00,Sol de América (F),Defensores de Belgrano (VR),0,1,,,Torneo Federal A,2025,zonas,Zona B,Fecha 4,Sol de América,false,https://es.wikipedia.org/wiki/Torneo_Federal_A_2025
2025-08-09,16:30,Boca Juniors,Racing Club,1,1,,,Primera Division - Clausura,2025,zonas,Zona A,Fecha 4,La Bombonera,false,https://es.wikipedia.org/wiki/Anexo:Torneo_Clausura_2025_(Argentina)
2025-08-09,17:00,Excursionistas,UAI Urquiza,1,0,,,Primera B,2025,zonas,Torneo Clausura,Fecha 8,Excursionistas,false,https://es.wikipedia.org/wiki/Campeonato_de_Primera_B_2025_(Argentina)
2025-08-09,19:30,Independiente,River Plate,0,0,,,Primera Division - Clausura,2025,zonas,Zona B,Fecha 4,Libertadores de América,false,https://es.wikipedia.org/wiki/Anexo:Torneo_Clausura_2025_(Argentina)
2025-08-09,20:30,Sarmiento (R),Ben Hur,2,1,,,Torneo Federal A,2025,zonas,Zona B,Fecha 4,Centenario,false,https://es.wikipedia.org/wiki/Torneo_Federal_A_2025
2025-08-09,20:45,Atlético Tucumán,Rosario Central,0,0,,,Primera Division - Clausura,2025,zonas,Zona B,Fecha 4,Monumental José Fierro,false,https://es.wikipedia.org/wiki/Anexo:Torneo_Clausura_2025_(Argentina)
2025-08-09,20:45,Belgrano,Banfield,2,1,,,Primera Division - Clausura,2025,zonas,Zona A,Fecha 4,Gigante de Alberdi,false,https://es.wikipedia.org/wiki/Anexo:Torneo_Clausura_2025_(Argentina)
2025-08-10,13:30,Atlanta,San Miguel,1,1,,,Primera Nacional,2025,zonas,Zona A,Fecha 26,Don León Kolbowsky,false,https://es.wikipedia.org/wiki/Campeonato_de_Primera_Nacional_2025
2025-08-10,14:00,Costa Brava,Atenas (RC),1,1,,,Torneo Federal A,2025,zonas,Zona A,Fecha 4,Nuevo Pacaembú,false,https://es.wikipedia.org/wiki/Torneo_Federal_A_2025
2025-08-10,15:00,Alvarado,Güemes (SdE),1,1,,,Primera Nacional,2025,zonas,Zona A,Fecha 26,José María Minella,false,https://es.wikipedia.org/wiki/Campeonato_de_Primera_Nacional_2025
2025-08-10,15:00,Barracas Central,Aldosivi,3,1,,,Primera Division - Clausura,2025,zonas,Zona A,Fecha 4,Claudio Chiqui Tapia,false,https://es.wikipedia.org/wiki/Anexo:Torneo_Clausura_2025_(Argentina)
2025-08-10,15:00,Círculo Deportivo,Guillermo Brown,0,0,,,Torneo Federal A,2025,zonas,Zona A,Fecha 4,Guillermo Trama,false,https://es.wikipedia.org/wiki/Torneo_Federal_A_2025
2025-08-10,15:00,Estrella del Sur,Victoriano Arenas,2,1,,,Primera C,2025,zonas,Zona B,Fecha 21,Lorenzo Arandilla,false,https://es.wikipedia.org/wiki/Campeonato_de_Primera_C_2025_(Argentina)
2025-08-10,15:00,Germinal,Juventud Unida Universitario,0,0,,,Torneo Federal A,2025,zonas,Zona A,Fecha 4,El Fortín (R),false,https://es.wikipedia.org/wiki/Torneo_Federal_A_2025
2025-08-10,15:30,Almirante Brown,Central Norte (S),0,0,,,Primera Nacional,2025,zonas,Zona B,Fecha 26,Fragata Presidente Sarmiento,false,https://es.wikipedia.org/wiki/Campeonato_de_Primera_Nacional_2025
2025-08-10,15:30,Argentino de Merlo,Dock Sud,2,0,,,Primera B,2025,zonas,Torneo Clausura,Fecha 8,Juan Carlos Brieva,false,https://es.wikipedia.org/wiki/Campeonato_de_Primera_B_2025_(Argentina)
2025-08-10,15:30,Bartolomé Mitre (P),Sportivo Las Parejas,0,1,,,Torneo Federal A,2025,zonas,Zona B,Fecha 4,Ernesto Cucchiaroni,false,https://es.wikipedia.org/wiki/Torneo_Federal_A_2025
2025-08-10,15:30,Deportivo Madryn,San Martín (T),3,1,,,Primera Nacional,2025,zonas,Zona A,Fecha 26,Abel Sastre,false,https://es.wikipedia.org/wiki/Campeonato_de_Primera_Nacional_2025
2025-08-10,15:30,El Linqueño,Boca Unidos,1,0,,,Torneo Federal A,2025,zonas,Zona B,Fecha 4,Leonardo Costa,false,https://es.wikipedia.org/wiki/Torneo_Federal_A_2025
2025-08-10,15:30,El Porvenir,Claypole,0,0,,,Primera C,2025,zonas,Zona A,Fecha 21,Gildo Francisco Ghersinich,false,https://es.wikipedia.org/wiki/Campeonato_de_Primera_C_2025_(Argentina)
2025-08-10,15:30,Fénix,Deportivo Armenio,0,1,,,Primera B,2025,zonas,Torneo Clausura,Fecha 8,Ciudad de San Miguel,false,https://es.wikipedia.org/wiki/Campeonato_de_Primera_B_2025_(Argentina)
2025-08-10,15:30,Gimnasia y Esgrima (C),Juventud Antoniana,1,0,,,Torneo Federal A,2025,zonas,Zona B,Fecha 4,José María Paz,false,https://es.wikipedia.org/wiki/Torneo_Federal_A_2025
2025-08-10,15:30,J. J. de Urquiza,Muñiz,0,0,,,Primera C,2025,zonas,Zona A,Fecha 21,Ramón Roque Martín,false,https://es.wikipedia.org/wiki/Campeonato_de_Primera_C_2025_(Argentina)
2025-08-10,15:30,Leandro N. Alem,Ituzaingó,1,1,,,Primera C,2025,zonas,Zona A,Fecha 21,Leandro N. Alem,false,https://es.wikipedia.org/wiki/Campeonato_de_Primera_C_2025_(Argentina)
2025-08-10,15:30,Mitre (SdE),Gimnasia y Esgrima (J),1,1,,,Primera Nacional,2025,zonas,Zona B,Fecha 26,Doctores José y Antonio Castiglione,false,https://es.wikipedia.org/wiki/Campeonato_de_Primera_Nacional_2025
2025-08-10,15:30,San Martín (F),Independiente (C),3,1,,,Torneo Federal A,2025,zonas,Zona B,Fecha 4,17 de Octubre,false,https://es.wikipedia.org/wiki/Torneo_Federal_A_2025
2025-08-10,15:30,Temperley,San Telmo,0,0,,,Primera Nacional,2025,zonas,Zona B,Fecha 26,Alfredo Beranger,false,https://es.wikipedia.org/wiki/Campeonato_de_Primera_Nacional_2025
2025-08-10,15:30,Villa Dálmine,Sacachispas,1,0,,,Primera B,2025,zonas,Torneo Clausura,Fecha 8,El Coliseo de Mitre y Puccini,false,https://es.wikipedia.org/wiki/Campeonato_de_Primera_B_2025_(Argentina)
2025-08-10,15:35,Villa Mitre,Olimpo,1,1,,,Torneo Federal A,2025,zonas,Zona A,Fecha 4,El Fortín (BB),false,https://es.wikipedia.org/wiki/Torneo_Federal_A_2025
2025-08-10,16:00,Colón,Agropecuario,0,1,,,Primera Nacional,2025,zonas,Zona B,Fecha 26,Brigadier Estanislao López,false,https://es.wikipedia.org/wiki/Campeonato_de_Primera_Nacional_2025
2025-08-10,16:00,San Martín (SM),Ramón Santamarina,2,1,,,Torneo Federal A,2025,zonas,Zona A,Fecha 4,Libertador General San Martín,false,https://es.wikipedia.org/wiki/Torneo_Federal_A_2025
2025-08-10,16:00,Sarmiento (LB),9 de Julio (R),0,0,,,Torneo Federal A,2025,zonas,Zona B,Fecha 4,Ciudad de La Banda,false,https://es.wikipedia.org/wiki/Torneo_Federal_A_2025
2025-08-10,16:30,Chaco For Ever,Gimnasia y Esgrima (M),0,2,,,Primera Nacional,2025,zonas,Zona B,Fecha 26,Juan Alberto García,false,https://es.wikipedia.org/wiki/Campeonato_de_Primera_Nacional_2025
2025-08-10,17:00,Gimnasia y Tiro (S),Los Andes,0,0,,,Primera Nacional,2025,zonas,Zona A,Fecha 26,El Gigante del Norte,false,https://es.wikipedia.org/wiki/Campeonato_de_Primera_Nacional_2025
2025-08-10,17:00,Instituto,Platense,1,1,,,Primera Division - Clausura,2025,zonas,Zona B,Fecha 4,Mario Alberto Kempes,false,https://es.wikipedia.org/wiki/Anexo:Torneo_Clausura_2025_(Argentina)
2025-08-10,17:00,Sportivo Estudiantes (SL),Huracán Las Heras,0,1,,,Torneo Federal A,2025,zonas,Zona A,Fecha 4,Héctor Odicino y Pedro Benoza,false,https://es.wikipedia.org/wiki/Torneo_Federal_A_2025
2025-08-10,17:45,Estudiantes (BA),Defensores de Belgrano,2,0,,,Primera Nacional,2025,zonas,Zona B,Fecha 26,Ciudad de Caseros,false,https://es.wikipedia.org/wiki/Campeonato_de_Primera_Nacional_2025
2025-08-10,19:00,Sportivo Belgrano,Douglas Haig,1,0,,,Torneo Federal A,2025,zonas,Zona B,Fecha 4,Juan Pablo Francia,false,https://es.wikipedia.org/wiki/Torneo_Federal_A_2025
2025-08-10,20:00,Argentinos Juniors,Unión,1,0,,,Primera Division - Clausura,2025,zonas,Zona A,Fecha 4,Diego Armando Maradona,false,https://es.wikipedia.org/wiki/Anexo:Torneo_Clausura_2025_(Argentina)
2025-08-10,20:00,Arsenal,Ferro Carril Oeste,2,0,,,Primera Nacional,2025,zonas,Zona A,Fecha 26,El Viaducto,false,https://es.wikipedia.org/wiki/Campeonato_de_Primera_Nacional_2025
2025-08-11,15:30,General Lamadrid,Cañuelas,2,1,,,Primera C,2025,zonas,Zona B,Fecha 21,Enrique Sexto,false,https://es.wikipedia.org/wiki/Campeonato_de_Primera_C_2025_(Argentina)
2025-08-11,15:30,Sportivo Barracas,Central Ballester,4,2,,,Primera C,2025,zonas,Zona B,Fecha 21,Tres de Febrero,false,https://es.wikipedia.org/wiki/Campeonato_de_Primera_C_2025_(Argentina)
2025-08-11,19:00,Defensa y Justicia,Deportivo Riestra,1,0,,,Primera Division - Clausura,2025,zonas,Interzonal,Fecha 4,Norberto Tomaghello,false,https://es.wikipedia.org/wiki/Anexo:Torneo_Clausura_2025_(Argentina)
2025-08-11,19:10,All Boys,Patronato,1,0,,,Primera Nacional,2025,zonas,Zona A,Fecha 26,Islas Malvinas,false,https://es.wikipedia.org/wiki/Campeonato_de_Primera_Nacional_2025
2025-08-11,21:10,Racing Club,Quilmes,2,0,,,Primera Nacional,2025,zonas,Zona A,Fecha 26,Miguel Sancho,false,https://es.wikipedia.org/wiki/Campeonato_de_Primera_Nacional_2025
2025-08-13,,Atlético Tucumán,Newell's Old Boys,2,3,,,Copa Argentina,2025,eliminacion,,Octavos,Padre Ernesto Martearena,true,https://es.wikipedia.org/wiki/Copa_Argentina_2025
2025-08-15,15:30,Aldosivi,Belgrano,0,0,,,Primera Division - Clausura,2025,zonas,Zona A,Fecha 5,José María Minella,false,https://es.wikipedia.org/wiki/Anexo:Torneo_Clausura_2025_(Argentina)
2025-08-15,15:30,Deportivo Paraguayo,Sportivo Barracas,0,1,,,Primera C,2025,zonas,Zona B,Fecha 22,Deportivo Paraguayo,false,https://es.wikipedia.org/wiki/Campeonato_de_Primera_C_2025_(Argentina)
2025-08-15,15:30,Sacachispas,Argentino de Quilmes,3,1,,,Primera B,2025,zonas,Torneo Clausura,Fecha 9,Beto Larrosa,false,https://es.wikipedia.org/wiki/Campeonato_de_Primera_B_2025_(Argentina)
2025-08-15,19:00,Instituto,Unión,0,4,,,Primera Division - Clausura,2025,zonas,Interzonal,Fecha 5,Juan Domingo Perón,false,https://es.wikipedia.org/wiki/Anexo:Torneo_Clausura_2025_(Argentina)
2025-08-15,20:05,Ituzaingó,Defensores de Cambaceres,1,0,,,Primera C,2025,zonas,Zona A,Fecha 22,Carlos Sacaan,false,https://es.wikipedia.org/wiki/Campeonato_de_Primera_C_2025_(Argentina)
2025-08-15,21:00,Racing Club,Tigre,1,2,,,Primera Division - Clausura,2025,zonas,Zona A,Fecha 5,El Cilindro,false,https://es.wikipedia.org/wiki/Anexo:Torneo_Clausura_2025_(Argentina)
2025-08-15,21:10,Ferro Carril Oeste,Colegiales,1,0,,,Primera Nacional,2025,zonas,Zona A,Fecha 27,Arquitecto Ricardo Etcheverri,false,https://es.wikipedia.org/wiki/Campeonato_de_Primera_Nacional_2025
2025-08-15,22:00,Gimnasia y Tiro (S),Deportivo Maipú,1,0,,,Primera Nacional,2025,zonas,Zona A,Fecha 27,El Gigante del Norte,false,https://es.wikipedia.org/wiki/Campeonato_de_Primera_Nacional_2025
2025-08-16,14:00,San Telmo,Colón,1,0,,,Primera Nacional,2025,zonas,Zona B,Fecha 27,Doctor Osvaldo Baletto,false,https://es.wikipedia.org/wiki/Campeonato_de_Primera_Nacional_2025
2025-08-16,14:05,Chacarita Juniors,Temperley,0,0,,,Primera Nacional,2025,zonas,Zona B,Fecha 27,Chacarita Juniors,false,https://es.wikipedia.org/wiki/Campeonato_de_Primera_Nacional_2025
2025-08-16,14:15,Platense,San Lorenzo,2,1,,,Primera Division - Clausura,2025,zonas,Zona B,Fecha 5,Ciudad de Vicente López,false,https://es.wikipedia.org/wiki/Anexo:Torneo_Clausura_2025_(Argentina)
2025-08-16,15:00,Gutiérrez,Germinal,0,1,,,Torneo Federal A,2025,zonas,Zona A,Fecha 5,General Gutiérrez,false,https://es.wikipedia.org/wiki/Torneo_Federal_A_2025
2025-08-16,15:00,Tristán Suárez,Deportivo Madryn,2,2,,,Primera Nacional,2025,zonas,Zona A,Fecha 27,20 de Octubre,false,https://es.wikipedia.org/wiki/Campeonato_de_Primera_Nacional_2025
2025-08-16,15:30,Atlas,Juventud Unida,1,0,,,Primera C,2025,zonas,Zona B,Fecha 22,Ricardo Puga,false,https://es.wikipedia.org/wiki/Campeonato_de_Primera_C_2025_(Argentina)
2025-08-16,15:30,Berazategui,Leandro N. Alem,5,1,,,Primera C,2025,zonas,Zona A,Fecha 22,Norman Lee,false,https://es.wikipedia.org/wiki/Campeonato_de_Primera_C_2025_(Argentina)
2025-08-16,15:30,Boca Unidos,Sarmiento (R),1,0,,,Torneo Federal A,2025,zonas,Zona B,Fecha 5,Leoncio Benítez,false,https://es.wikipedia.org/wiki/Torneo_Federal_A_2025
2025-08-16,15:30,Cañuelas,Centro Español,0,1,,,Primera C,2025,zonas,Zona B,Fecha 22,Jorge Arin,false,https://es.wikipedia.org/wiki/Campeonato_de_Primera_C_2025_(Argentina)
2025-08-16,15:30,Defensores de Belgrano (VR),El Linqueño,1,1,,,Torneo Federal A,2025,zonas,Zona B,Fecha 5,Salomón Boeseldin,false,https://es.wikipedia.org/wiki/Torneo_Federal_A_2025
2025-08-16,15:30,Deportivo Armenio,Flandria,0,0,,,Primera B,2025,zonas,Torneo Clausura,Fecha 9,Armenia,false,https://es.wikipedia.org/wiki/Campeonato_de_Primera_B_2025_(Argentina)
2025-08-16,15:30,Liniers,Deportivo Laferrere,2,3,,,Primera B,2025,zonas,Torneo Clausura,Fecha 9,Juan Antonio Arias,false,https://es.wikipedia.org/wiki/Campeonato_de_Primera_B_2025_(Argentina)
2025-08-16,15:30,Luján,Yupanqui,1,0,,,Primera C,2025,zonas,Zona B,Fecha 22,1.º de Abril,false,https://es.wikipedia.org/wiki/Campeonato_de_Primera_C_2025_(Argentina)
2025-08-16,15:30,Puerto Nuevo,Central Córdoba (R),1,2,,,Primera C,2025,zonas,Zona A,Fecha 22,Rubén Carlos Vallejos,false,https://es.wikipedia.org/wiki/Campeonato_de_Primera_C_2025_(Argentina)
2025-08-16,15:30,Real Pilar,Excursionistas,1,2,,,Primera B,2025,zonas,Torneo Clausura,Fecha 9,Carlos Barraza,false,https://es.wikipedia.org/wiki/Campeonato_de_Primera_B_2025_(Argentina)
2025-08-16,15:30,Talleres (RdE),Deportivo Morón,2,1,,,Primera Nacional,2025,zonas,Zona B,Fecha 27,Pablo Comelli,false,https://es.wikipedia.org/wiki/Campeonato_de_Primera_Nacional_2025
2025-08-16,15:30,Villa San Carlos,Acassuso,2,4,,,Primera B,2025,zonas,Torneo Clausura,Fecha 9,Genacio Sálice,false,https://es.wikipedia.org/wiki/Campeonato_de_Primera_B_2025_(Argentina)
2025-08-16,16:00,Ramón Santamarina,Sol de Mayo (V),2,0,,,Torneo Federal A,2025,zonas,Zona A,Fecha 5,Municipal General San Martín,false,https://es.wikipedia.org/wiki/Torneo_Federal_A_2025
2025-08-16,16:10,Gimnasia y Esgrima (M),Almirante Brown,2,1,,,Primera Nacional,2025,zonas,Zona B,Fecha 27,Víctor Antonio Legrotaglie,false,https://es.wikipedia.org/wiki/Campeonato_de_Primera_Nacional_2025
2025-08-16,16:15,Huracán,Argentinos Juniors,1,0,,,Primera Division - Clausura,2025,zonas,Zona A,Fecha 5,Tomás Adolfo Ducó,false,https://es.wikipedia.org/wiki/Anexo:Torneo_Clausura_2025_(Argentina)
2025-08-16,16:30,Atenas (RC),Ciudad de Bolívar,1,1,,,Torneo Federal A,2025,zonas,Zona A,Fecha 5,9 de Julio,false,https://es.wikipedia.org/wiki/Torneo_Federal_A_2025
2025-08-16,18:15,Los Andes,Quilmes,1,0,,,Primera Nacional,2025,zonas,Zona A,Fecha 27,Eduardo Gallardón,false,https://es.wikipedia.org/wiki/Campeonato_de_Primera_Nacional_2025
2025-08-16,18:30,Rosario Central,Deportivo Riestra,1,1,,,Primera Division - Clausura,2025,zonas,Zona B,Fecha 5,Gigante de Arroyito,false,https://es.wikipedia.org/wiki/Anexo:Torneo_Clausura_2025_(Argentina)
2025-08-16,18:45,San Martín (B),Villa Dálmine,1,0,,,Primera B,2025,zonas,Torneo Clausura,Fecha 9,Francisco Boga,false,https://es.wikipedia.org/wiki/Campeonato_de_Primera_B_2025_(Argentina)
2025-08-16,20:30,Vélez Sarsfield,Independiente,2,1,,,Primera Division - Clausura,2025,zonas,Zona B,Fecha 5,José Amalfitani,false,https://es.wikipedia.org/wiki/Anexo:Torneo_Clausura_2025_(Argentina)
2025-08-17,14:00,Defensa y Justicia,Newell's Old Boys,1,1,,,Primera Division - Clausura,2025,zonas,Zona A,Fecha 5,Norberto Tomaghello,false,https://es.wikipedia.org/wiki/Anexo:Torneo_Clausura_2025_(Argentina)
2025-08-17,14:00,Gimnasia y Esgrima (LP),Lanús,1,2,,,Primera Division - Clausura,2025,zonas,Zona B,Fecha 5,Del Bosque,false,https://es.wikipedia.org/wiki/Anexo:Torneo_Clausura_2025_(Argentina)
2025-08-17,15:15,Guillermo Brown,San Martín (SM),1,1,,,Torneo Federal A,2025,zonas,Zona A,Fecha 5,Raúl Conti,false,https://es.wikipedia.org/wiki/Torneo_Federal_A_2025
2025-08-17,15:30,Argentino (MM),Deportivo Rincón,2,0,,,Torneo Federal A,2025,zonas,Zona A,Fecha 5,Modesto Marrone,false,https://es.wikipedia.org/wiki/Torneo_Federal_A_2025
2025-08-17,15:30,Argentino de Rosario,Deportivo Camioneros,2,0,,,Primera C,2025,zonas,Zona B,Fecha 22,José Martín Olaeta,false,https://es.wikipedia.org/wiki/Campeonato_de_Primera_C_2025_(Argentina)
2025-08-17,15:30,Cipolletti,Villa Mitre,0,0,,,Torneo Federal A,2025,zonas,Zona A,Fecha 5,La Visera de Cemento,false,https://es.wikipedia.org/wiki/Torneo_Federal_A_2025
2025-08-17,15:30,Comunicaciones,Fénix,2,0,,,Primera B,2025,zonas,Torneo Clausura,Fecha 9,Alfredo Ramos,false,https://es.wikipedia.org/wiki/Campeonato_de_Primera_B_2025_(Argentina)
2025-08-17,15:30,Dock Sud,Brown de Adrogué,1,3,,,Primera B,2025,zonas,Torneo Clausura,Fecha 9,De los Inmigrantes,false,https://es.wikipedia.org/wiki/Campeonato_de_Primera_B_2025_(Argentina)
2025-08-17,15:30,Huracán Las Heras,Círculo Deportivo,1,0,,,Torneo Federal A,2025,zonas,Zona A,Fecha 5,General San Martín,false,https://es.wikipedia.org/wiki/Torneo_Federal_A_2025
2025-08-17,15:30,Independiente (C),Sportivo Belgrano,2,3,,,Torneo Federal A,2025,zonas,Zona B,Fecha 5,Raúl Orlando Lungarzo,false,https://es.wikipedia.org/wiki/Torneo_Federal_A_2025
2025-08-17,15:30,Juventud Unida Universitario,Sportivo Estudiantes (SL),0,0,,,Torneo Federal A,2025,zonas,Zona A,Fecha 5,Mario Sebastián Diez,false,https://es.wikipedia.org/wiki/Torneo_Federal_A_2025
2025-08-17,15:30,Lugano,Mercedes,0,1,,,Primera C,2025,zonas,Zona A,Fecha 22,José María Moraños,false,https://es.wikipedia.org/wiki/Campeonato_de_Primera_C_2025_(Argentina)
2025-08-17,15:30,Olimpo,Costa Brava,2,0,,,Torneo Federal A,2025,zonas,Zona A,Fecha 5,Roberto N. Carminatti,false,https://es.wikipedia.org/wiki/Torneo_Federal_A_2025
2025-08-17,15:30,San Miguel,Racing Club,1,0,,,Primera Nacional,2025,zonas,Zona A,Fecha 27,Malvinas Argentinas,false,https://es.wikipedia.org/wiki/Campeonato_de_Primera_Nacional_2025
2025-08-17,15:30,UAI Urquiza,Ferrocarril Midland,0,2,,,Primera B,2025,zonas,Torneo Clausura,Fecha 9,Monumental de Villa Lynch,false,https://es.wikipedia.org/wiki/Campeonato_de_Primera_B_2025_(Argentina)
2025-08-17,15:30,Victoriano Arenas,General Lamadrid,0,4,,,Primera C,2025,zonas,Zona B,Fecha 22,Saturnino Moure,false,https://es.wikipedia.org/wiki/Campeonato_de_Primera_C_2025_(Argentina)
2025-08-17,16:00,9 de Julio (R),Gimnasia y Esgrima (C),1,1,,,Torneo Federal A,2025,zonas,Zona B,Fecha 5,Germán Solterman,false,https://es.wikipedia.org/wiki/Torneo_Federal_A_2025
2025-08-17,16:00,Almagro,Atlanta,0,0,,,Primera Nacional,2025,zonas,Zona A,Fecha 27,Tres de Febrero,false,https://es.wikipedia.org/wiki/Campeonato_de_Primera_Nacional_2025
2025-08-17,16:00,Estudiantes (RC),Estudiantes (BA),1,0,,,Primera Nacional,2025,zonas,Zona B,Fecha 27,Antonio Candini,false,https://es.wikipedia.org/wiki/Campeonato_de_Primera_Nacional_2025
2025-08-17,16:00,Gimnasia y Esgrima (CdU),Bartolomé Mitre (P),1,0,,,Torneo Federal A,2025,zonas,Zona B,Fecha 5,Manuel y Ramón Núñez,false,https://es.wikipedia.org/wiki/Torneo_Federal_A_2025
2025-08-17,16:00,Gimnasia y Esgrima (J),Chaco For Ever,2,0,,,Primera Nacional,2025,zonas,Zona B,Fecha 27,23 de Agosto,false,https://es.wikipedia.org/wiki/Campeonato_de_Primera_Nacional_2025
2025-08-17,16:00,Güemes (SdE),All Boys,1,2,,,Primera Nacional,2025,zonas,Zona A,Fecha 27,Arturo Miranda,false,https://es.wikipedia.org/wiki/Campeonato_de_Primera_Nacional_2025
2025-08-17,16:00,Patronato,Arsenal,1,0,,,Primera Nacional,2025,zonas,Zona A,Fecha 27,Presbítero Bartolomé Grella,false,https://es.wikipedia.org/wiki/Campeonato_de_Primera_Nacional_2025
2025-08-17,16:00,Sportivo Las Parejas,Sol de América (F),0,0,,,Torneo Federal A,2025,zonas,Zona B,Fecha 5,4 de Septiembre,false,https://es.wikipedia.org/wiki/Torneo_Federal_A_2025
2025-08-17,16:15,Banfield,Estudiantes (LP),3,2,,,Primera Division - Clausura,2025,zonas,Zona A,Fecha 5,Florencio Sola,false,https://es.wikipedia.org/wiki/Anexo:Torneo_Clausura_2025_(Argentina)
2025-08-17,16:15,Central Córdoba (SdE),Barracas Central,1,1,,,Primera Division - Clausura,2025,zonas,Zona A,Fecha 5,Alfredo Terrera,false,https://es.wikipedia.org/wiki/Anexo:Torneo_Clausura_2025_(Argentina)
2025-08-17,16:15,Douglas Haig,Atlético de Rafaela,1,2,,,Torneo Federal A,2025,zonas,Zona B,Fecha 5,Miguel Morales,false,https://es.wikipedia.org/wiki/Torneo_Federal_A_2025
2025-08-17,16:30,Juventud Antoniana,San Martín (F),1,1,,,Torneo Federal A,2025,zonas,Zona B,Fecha 5,Padre Ernesto Martearena,false,https://es.wikipedia.org/wiki/Torneo_Federal_A_2025
2025-08-17,17:00,Ben Hur,Crucero del Norte,3,1,,,Torneo Federal A,2025,zonas,Zona B,Fecha 5,Néstor Zenklusen,false,https://es.wikipedia.org/wiki/Torneo_Federal_A_2025
2025-08-17,17:10,San Martín (T),Alvarado,0,0,,,Primera Nacional,2025,zonas,Zona A,Fecha 27,La Ciudadela,false,https://es.wikipedia.org/wiki/Campeonato_de_Primera_Nacional_2025
2025-08-17,18:30,River Plate,Godoy Cruz,4,2,,,Primera Division - Clausura,2025,zonas,Zona B,Fecha 5,Monumental,false,https://es.wikipedia.org/wiki/Anexo:Torneo_Clausura_2025_(Argentina)
2025-08-17,20:30,Independiente Rivadavia,Boca Juniors,0,3,,,Primera Division - Clausura,2025,zonas,Zona A,Fecha 5,Bautista Gargantini,false,https://es.wikipedia.org/wiki/Anexo:Torneo_Clausura_2025_(Argentina)
2025-08-18,14:00,Agropecuario,Mitre (SdE),2,1,,,Primera Nacional,2025,zonas,Zona B,Fecha 27,Ofelia Rosenzuaig,false,https://es.wikipedia.org/wiki/Campeonato_de_Primera_Nacional_2025
2025-08-18,15:30,Central Ballester,Estrella del Sur,0,2,,,Primera C,2025,zonas,Zona B,Fecha 22,Rubén Carlos Vallejos,false,https://es.wikipedia.org/wiki/Campeonato_de_Primera_C_2025_(Argentina)
2025-08-18,15:30,Claypole,J. J. de Urquiza,0,0,,,Primera C,2025,zonas,Zona A,Fecha 22,Rodolfo Capocasa,false,https://es.wikipedia.org/wiki/Campeonato_de_Primera_C_2025_(Argentina)
2025-08-18,15:30,Defensores de Belgrano,Defensores Unidos,3,1,,,Primera Nacional,2025,zonas,Zona B,Fecha 27,Juan Pasquale,false,https://es.wikipedia.org/wiki/Campeonato_de_Primera_Nacional_2025
2025-08-18,15:30,Deportivo Español,El Porvenir,0,2,,,Primera C,2025,zonas,Zona A,Fecha 22,Nueva España,false,https://es.wikipedia.org/wiki/Campeonato_de_Primera_C_2025_(Argentina)
2025-08-18,15:30,Nueva Chicago,Central Norte (S),0,0,,,Primera Nacional,2025,zonas,Zona B,Fecha 27,Nueva Chicago,false,https://es.wikipedia.org/wiki/Campeonato_de_Primera_Nacional_2025
2025-08-18,19:00,Sarmiento (J),Atlético Tucumán,2,2,,,Primera Division - Clausura,2025,zonas,Zona B,Fecha 5,Eva Perón,false,https://es.wikipedia.org/wiki/Anexo:Torneo_Clausura_2025_(Argentina)
2025-08-18,21:00,Talleres (C),San Martín (SJ),0,0,,,Primera Division - Clausura,2025,zonas,Zona B,Fecha 5,Mario Alberto Kempes,false,https://es.wikipedia.org/wiki/Anexo:Torneo_Clausura_2025_(Argentina)
2025-08-18,21:10,Deportivo Merlo,Argentino de Merlo,2,2,,,Primera B,2025,zonas,Torneo Clausura,Fecha 9,José Manuel Moreno,false,https://es.wikipedia.org/wiki/Campeonato_de_Primera_B_2025_(Argentina)
2025-08-20,21:30,San Martín (T),Deportivo Maipú,2,1,,,Primera Nacional,2025,zonas,Zona A,Fecha 25,La Ciudadela,false,https://es.wikipedia.org/wiki/Campeonato_de_Primera_Nacional_2025
2025-08-22,15:30,Argentino de Rosario,Deportivo Paraguayo,3,0,,,Primera C,2025,zonas,Zona B,Fecha 23,José Martín Olaeta,false,https://es.wikipedia.org/wiki/Campeonato_de_Primera_C_2025_(Argentina)
2025-08-22,15:30,Barracas Central,Defensa y Justicia,1,1,,,Primera Division - Clausura,2025,zonas,Zona A,Fecha 6,Claudio Chiqui Tapia,false,https://es.wikipedia.org/wiki/Anexo:Torneo_Clausura_2025_(Argentina)
2025-08-22,17:35,Sportivo Italiano,UAI Urquiza,0,0,,,Primera B,2025,zonas,Torneo Clausura,Fecha 10,República de Italia,false,https://es.wikipedia.org/wiki/Campeonato_de_Primera_B_2025_(Argentina)
2025-08-22,18:00,Quilmes,San Miguel,2,0,,,Primera Nacional,2025,zonas,Zona A,Fecha 28,Centenario Ciudad de Quilmes,false,https://es.wikipedia.org/wiki/Campeonato_de_Primera_Nacional_2025
2025-08-22,20:00,Argentino de Quilmes,San Martín (B),2,1,,,Primera B,2025,zonas,Torneo Clausura,Fecha 10,Argentino de Quilmes,false,https://es.wikipedia.org/wiki/Campeonato_de_Primera_B_2025_(Argentina)
2025-08-22,20:00,Tigre,Independiente Rivadavia,1,1,,,Primera Division - Clausura,2025,zonas,Zona A,Fecha 6,Monumental de Victoria,false,https://es.wikipedia.org/wiki/Anexo:Torneo_Clausura_2025_(Argentina)
2025-08-22,20:30,Excursionistas,Villa San Carlos,0,0,,,Primera B,2025,zonas,Torneo Clausura,Fecha 10,Excursionistas,false,https://es.wikipedia.org/wiki/Campeonato_de_Primera_B_2025_(Argentina)
2025-08-23,12:00,Deportivo Camioneros,Luján,1,0,,,Primera C,2025,zonas,Zona B,Fecha 23,Hugo Moyano,false,https://es.wikipedia.org/wiki/Campeonato_de_Primera_C_2025_(Argentina)
2025-08-23,13:00,Arsenal,Güemes (SdE),2,1,,,Primera Nacional,2025,zonas,Zona A,Fecha 28,El Viaducto,false,https://es.wikipedia.org/wiki/Campeonato_de_Primera_Nacional_2025
2025-08-23,14:00,Guillermo Brown,Ramón Santamarina,4,1,,,Torneo Federal A,2025,zonas,Zona A,Fecha 6,Guillermo Trama,false,https://es.wikipedia.org/wiki/Torneo_Federal_A_2025
2025-08-23,14:30,San Lorenzo,Instituto,1,0,,,Primera Division - Clausura,2025,zonas,Zona B,Fecha 6,Nuevo Gasómetro,false,https://es.wikipedia.org/wiki/Anexo:Torneo_Clausura_2025_(Argentina)
2025-08-23,15:00,Alvarado,Tristán Suárez,0,0,,,Primera Nacional,2025,zonas,Zona A,Fecha 28,José María Minella,false,https://es.wikipedia.org/wiki/Campeonato_de_Primera_Nacional_2025
2025-08-23,15:00,Atlanta,Ferro Carril Oeste,2,1,,,Primera Nacional,2025,zonas,Zona A,Fecha 28,Don León Kolbowsky,false,https://es.wikipedia.org/wiki/Campeonato_de_Primera_Nacional_2025
2025-08-23,15:00,Brown de Adrogué,Deportivo Merlo,1,0,,,Primera B,2025,zonas,Torneo Clausura,Fecha 10,Lorenzo Arandilla,false,https://es.wikipedia.org/wiki/Campeonato_de_Primera_B_2025_(Argentina)
2025-08-23,15:30,Acassuso,Dock Sud,0,0,,,Primera B,2025,zonas,Torneo Clausura,Fecha 10,La Quema,false,https://es.wikipedia.org/wiki/Campeonato_de_Primera_B_2025_(Argentina)
2025-08-23,15:30,Centro Español,Victoriano Arenas,4,2,,,Primera C,2025,zonas,Zona B,Fecha 23,Carlos Sacaan,false,https://es.wikipedia.org/wiki/Campeonato_de_Primera_C_2025_(Argentina)
2025-08-23,15:30,Flandria,Comunicaciones,0,1,,,Primera B,2025,zonas,Torneo Clausura,Fecha 10,Carlos V,false,https://es.wikipedia.org/wiki/Campeonato_de_Primera_B_2025_(Argentina)
2025-08-23,15:30,General Lamadrid,Central Ballester,3,0,,,Primera C,2025,zonas,Zona B,Fecha 23,Enrique Sexto,false,https://es.wikipedia.org/wiki/Campeonato_de_Primera_C_2025_(Argentina)
2025-08-23,15:30,Juventud Unida,Cañuelas,0,1,,,Primera C,2025,zonas,Zona B,Fecha 23,Ciudad de San Miguel,false,https://es.wikipedia.org/wiki/Campeonato_de_Primera_C_2025_(Argentina)
2025-08-23,15:30,Sarmiento (R),El Linqueño,2,1,,,Torneo Federal A,2025,zonas,Zona B,Fecha 6,Centenario,false,https://es.wikipedia.org/wiki/Torneo_Federal_A_2025
2025-08-23,15:30,Villa Dálmine,Deportivo Armenio,1,2,,,Primera B,2025,zonas,Torneo Clausura,Fecha 10,El Coliseo de Mitre y Puccini,false,https://es.wikipedia.org/wiki/Campeonato_de_Primera_B_2025_(Argentina)
2025-08-23,16:00,Atlético de Rafaela,Independiente (C),1,0,,,Torneo Federal A,2025,zonas,Zona B,Fecha 6,Nuevo Monumental,false,https://es.wikipedia.org/wiki/Torneo_Federal_A_2025
2025-08-23,16:00,Crucero del Norte,Boca Unidos,1,4,,,Torneo Federal A,2025,zonas,Zona B,Fecha 6,Comandante Andrés Guacurarí,false,https://es.wikipedia.org/wiki/Torneo_Federal_A_2025
2025-08-23,16:00,Sportivo Estudiantes (SL),Gutiérrez,2,1,,,Torneo Federal A,2025,zonas,Zona A,Fecha 6,Héctor Odicino y Pedro Benoza,false,https://es.wikipedia.org/wiki/Torneo_Federal_A_2025
2025-08-23,17:05,Colón,Chacarita Juniors,1,1,,,Primera Nacional,2025,zonas,Zona B,Fecha 28,Brigadier Estanislao López,false,https://es.wikipedia.org/wiki/Campeonato_de_Primera_Nacional_2025
2025-08-23,17:30,Rosario Central,Newell's Old Boys,1,0,,,Primera Division - Clausura,2025,zonas,Interzonal,Fecha 6,Gigante de Arroyito,false,https://es.wikipedia.org/wiki/Anexo:Torneo_Clausura_2025_(Argentina)
2025-08-23,18:40,Ferrocarril Midland,Real Pilar,0,1,,,Primera B,2025,zonas,Torneo Clausura,Fecha 10,Ciudad de Libertad,false,https://es.wikipedia.org/wiki/Campeonato_de_Primera_B_2025_(Argentina)
2025-08-23,19:00,Sol de América (F),Gimnasia y Esgrima (CdU),3,1,,,Torneo Federal A,2025,zonas,Zona B,Fecha 6,Sol de América,false,https://es.wikipedia.org/wiki/Torneo_Federal_A_2025
2025-08-23,19:10,Estudiantes (BA),Talleres (RdE),2,0,,,Primera Nacional,2025,zonas,Zona B,Fecha 28,Ciudad de Caseros,false,https://es.wikipedia.org/wiki/Campeonato_de_Primera_Nacional_2025
2025-08-23,20:00,Atlético Tucumán,Talleres (C),3,0,,,Primera Division - Clausura,2025,zonas,Zona B,Fecha 6,Monumental José Fierro,false,https://es.wikipedia.org/wiki/Anexo:Torneo_Clausura_2025_(Argentina)
2025-08-23,20:00,San Martín (SJ),Gimnasia y Esgrima (LP),1,0,,,Primera Division - Clausura,2025,zonas,Zona B,Fecha 6,Ingeniero Hilario Sánchez,false,https://es.wikipedia.org/wiki/Anexo:Torneo_Clausura_2025_(Argentina)
2025-08-23,21:00,Central Norte (S),Gimnasia y Esgrima (M),1,0,,,Primera Nacional,2025,zonas,Zona B,Fecha 28,Padre Ernesto Martearena,false,https://es.wikipedia.org/wiki/Campeonato_de_Primera_Nacional_2025
2025-08-23,21:15,Deportivo Morón,Nueva Chicago,1,0,,,Primera Nacional,2025,zonas,Zona B,Fecha 28,Nuevo Francisco Urbano,false,https://es.wikipedia.org/wiki/Campeonato_de_Primera_Nacional_2025
2025-08-24,13:00,Colegiales,Patronato,0,0,,,Primera Nacional,2025,zonas,Zona A,Fecha 28,Libertarios Unidos,false,https://es.wikipedia.org/wiki/Campeonato_de_Primera_Nacional_2025
2025-08-24,14:00,Almirante Brown,Gimnasia y Esgrima (J),0,0,,,Primera Nacional,2025,zonas,Zona B,Fecha 28,Fragata Presidente Sarmiento,false,https://es.wikipedia.org/wiki/Campeonato_de_Primera_Nacional_2025
2025-08-24,14:00,Unión,Huracán,1,1,,,Primera Division - Clausura,2025,zonas,Zona A,Fecha 6,15 de Abril,false,https://es.wikipedia.org/wiki/Anexo:Torneo_Clausura_2025_(Argentina)
2025-08-24,15:00,Costa Brava,Cipolletti,1,1,,,Torneo Federal A,2025,zonas,Zona A,Fecha 6,Nuevo Pacaembú,false,https://es.wikipedia.org/wiki/Torneo_Federal_A_2025
2025-08-24,15:00,Círculo Deportivo,Juventud Unida Universitario,0,0,,,Torneo Federal A,2025,zonas,Zona A,Fecha 6,Guillermo Trama,false,https://es.wikipedia.org/wiki/Torneo_Federal_A_2025
2025-08-24,15:00,Deportivo Rincón,Kimberley,3,1,,,Torneo Federal A,2025,zonas,Zona A,Fecha 6,Elías Moisés Gómez,false,https://es.wikipedia.org/wiki/Torneo_Federal_A_2025
2025-08-24,15:00,Estrella del Sur,Sportivo Barracas,1,3,,,Primera C,2025,zonas,Zona B,Fecha 23,Lorenzo Arandilla,false,https://es.wikipedia.org/wiki/Campeonato_de_Primera_C_2025_(Argentina)
2025-08-24,15:00,Germinal,Sol de Mayo (V),1,2,,,Torneo Federal A,2025,zonas,Zona A,Fecha 6,El Fortín (R),false,https://es.wikipedia.org/wiki/Torneo_Federal_A_2025
2025-08-24,15:00,Independiente,Platense,3,0,,,Primera Division - Clausura,2025,zonas,Zona B,Fecha 6,Libertadores de América,false,https://es.wikipedia.org/wiki/Anexo:Torneo_Clausura_2025_(Argentina)
2025-08-24,15:30,Argentino de Merlo,Sacachispas,1,1,,,Primera B,2025,zonas,Torneo Clausura,Fecha 10,Juan Carlos Brieva,false,https://es.wikipedia.org/wiki/Campeonato_de_Primera_B_2025_(Argentina)
2025-08-24,15:30,Bartolomé Mitre (P),Ben Hur,4,1,,,Torneo Federal A,2025,zonas,Zona B,Fecha 6,Ernesto Cucchiaroni,false,https://es.wikipedia.org/wiki/Torneo_Federal_A_2025
2025-08-24,15:30,Ciudad de Bolívar,Olimpo,2,0,,,Torneo Federal A,2025,zonas,Zona A,Fecha 6,Municipal Eva Perón,false,https://es.wikipedia.org/wiki/Torneo_Federal_A_2025
2025-08-24,15:30,Defensores Unidos,Estudiantes (RC),1,2,,,Primera Nacional,2025,zonas,Zona B,Fecha 28,Gigante de Villa Fox,false,https://es.wikipedia.org/wiki/Campeonato_de_Primera_Nacional_2025
2025-08-24,15:30,Defensores de Cambaceres,Berazategui,0,1,,,Primera C,2025,zonas,Zona A,Fecha 23,12 de Octubre,false,https://es.wikipedia.org/wiki/Campeonato_de_Primera_C_2025_(Argentina)
2025-08-24,15:30,Deportivo Madryn,Gimnasia y Tiro (S),2,0,,,Primera Nacional,2025,zonas,Zona A,Fecha 28,Abel Sastre,false,https://es.wikipedia.org/wiki/Campeonato_de_Primera_Nacional_2025
2025-08-24,15:30,Deportivo Maipú,Los Andes,1,1,,,Primera Nacional,2025,zonas,Zona A,Fecha 28,Omar Higinio Sperdutti,false,https://es.wikipedia.org/wiki/Campeonato_de_Primera_Nacional_2025
2025-08-24,15:30,El Porvenir,Ituzaingó,1,1,,,Primera C,2025,zonas,Zona A,Fecha 23,Gildo Francisco Ghersinich,false,https://es.wikipedia.org/wiki/Campeonato_de_Primera_C_2025_(Argentina)
2025-08-24,15:30,Fénix,Liniers,1,1,,,Primera B,2025,zonas,Torneo Clausura,Fecha 10,Ciudad de San Miguel,false,https://es.wikipedia.org/wiki/Campeonato_de_Primera_B_2025_(Argentina)
2025-08-24,15:30,J. J. de Urquiza,Deportivo Español,2,0,,,Primera C,2025,zonas,Zona A,Fecha 23,Ramón Roque Martín,false,https://es.wikipedia.org/wiki/Campeonato_de_Primera_C_2025_(Argentina)
2025-08-24,15:30,Leandro N. Alem,Lugano,0,0,,,Primera C,2025,zonas,Zona A,Fecha 23,Leandro N. Alem,false,https://es.wikipedia.org/wiki/Campeonato_de_Primera_C_2025_(Argentina)
2025-08-24,15:30,Mercedes,Puerto Nuevo,1,1,,,Primera C,2025,zonas,Zona A,Fecha 23,Liga Mercedina,false,https://es.wikipedia.org/wiki/Campeonato_de_Primera_C_2025_(Argentina)
2025-08-24,15:30,Mitre (SdE),San Telmo,3,0,,,Primera Nacional,2025,zonas,Zona B,Fecha 28,Doctores José y Antonio Castiglione,false,https://es.wikipedia.org/wiki/Campeonato_de_Primera_Nacional_2025
2025-08-24,15:30,San Martín (F),9 de Julio (R),2,0,,,Torneo Federal A,2025,zonas,Zona B,Fecha 6,17 de Octubre,false,https://es.wikipedia.org/wiki/Torneo_Federal_A_2025
2025-08-24,15:30,Temperley,Defensores de Belgrano,1,1,,,Primera Nacional,2025,zonas,Zona B,Fecha 28,Alfredo Beranger,false,https://es.wikipedia.org/wiki/Campeonato_de_Primera_Nacional_2025
2025-08-24,15:30,Yupanqui,Atlas,1,2,,,Primera C,2025,zonas,Zona B,Fecha 23,Ciudad Evita,false,https://es.wikipedia.org/wiki/Campeonato_de_Primera_C_2025_(Argentina)
2025-08-24,16:00,Gimnasia y Esgrima (C),Sarmiento (LB),3,0,,,Torneo Federal A,2025,zonas,Zona B,Fecha 6,José María Paz,false,https://es.wikipedia.org/wiki/Torneo_Federal_A_2025
2025-08-24,16:00,Sportivo Belgrano,Juventud Antoniana,3,2,,,Torneo Federal A,2025,zonas,Zona B,Fecha 6,Juan Pablo Francia,false,https://es.wikipedia.org/wiki/Torneo_Federal_A_2025
2025-08-24,16:00,Sportivo Las Parejas,Defensores de Belgrano (VR),2,3,,,Torneo Federal A,2025,zonas,Zona B,Fecha 6,4 de Septiembre,false,https://es.wikipedia.org/wiki/Torneo_Federal_A_2025
2025-08-24,16:15,Argentinos Juniors,Racing Club,4,1,,,Primera Division - Clausura,2025,zonas,Zona A,Fecha 6,Diego Armando Maradona,false,https://es.wikipedia.org/wiki/Anexo:Torneo_Clausura_2025_(Argentina)
2025-08-24,16:30,Chaco For Ever,Agropecuario,1,1,,,Primera Nacional,2025,zonas,Zona B,Fecha 28,Juan Alberto García,false,https://es.wikipedia.org/wiki/Campeonato_de_Primera_Nacional_2025
2025-08-24,16:30,Racing Club,Almagro,1,1,,,Primera Nacional,2025,zonas,Zona A,Fecha 28,Miguel Sancho,false,https://es.wikipedia.org/wiki/Campeonato_de_Primera_Nacional_2025
2025-08-24,16:45,San Martín (SM),Huracán Las Heras,0,0,,,Torneo Federal A,2025,zonas,Zona A,Fecha 6,Libertador General San Martín,false,https://es.wikipedia.org/wiki/Torneo_Federal_A_2025
2025-08-24,18:15,Boca Juniors,Banfield,2,0,,,Primera Division - Clausura,2025,zonas,Zona A,Fecha 6,La Bombonera,false,https://es.wikipedia.org/wiki/Anexo:Torneo_Clausura_2025_(Argentina)
2025-08-25,15:00,Deportivo Riestra,Sarmiento (J),3,0,,,Primera Division - Clausura,2025,zonas,Zona B,Fecha 6,Guillermo Laza,false,https://es.wikipedia.org/wiki/Anexo:Torneo_Clausura_2025_(Argentina)
2025-08-25,15:00,Villa Mitre,Argentino (MM),1,0,,,Torneo Federal A,2025,zonas,Zona A,Fecha 6,El Fortín (BB),false,https://es.wikipedia.org/wiki/Torneo_Federal_A_2025
2025-08-25,17:00,Godoy Cruz,Vélez Sarsfield,0,2,,,Primera Division - Clausura,2025,zonas,Zona B,Fecha 6,Feliciano Gambarte,false,https://es.wikipedia.org/wiki/Anexo:Torneo_Clausura_2025_(Argentina)
2025-08-25,19:00,Belgrano,Central Córdoba (SdE),0,3,,,Primera Division - Clausura,2025,zonas,Zona A,Fecha 6,Gigante de Alberdi,false,https://es.wikipedia.org/wiki/Anexo:Torneo_Clausura_2025_(Argentina)
2025-08-25,19:15,Estudiantes (LP),Aldosivi,1,0,,,Primera Division - Clausura,2025,zonas,Zona A,Fecha 6,Jorge Luis Hirschi,false,https://es.wikipedia.org/wiki/Anexo:Torneo_Clausura_2025_(Argentina)
2025-08-25,21:05,All Boys,San Martín (T),0,0,,,Primera Nacional,2025,zonas,Zona A,Fecha 28,Islas Malvinas,false,https://es.wikipedia.org/wiki/Campeonato_de_Primera_Nacional_2025
2025-08-25,21:15,Lanús,River Plate,1,1,,,Primera Division - Clausura,2025,zonas,Zona B,Fecha 6,Ciudad de Lanús,false,https://es.wikipedia.org/wiki/Anexo:Torneo_Clausura_2025_(Argentina)
2025-08-26,15:30,Muñiz,Claypole,1,0,,,Primera C,2025,zonas,Zona A,Fecha 23,Ciudad de San Miguel,false,https://es.wikipedia.org/wiki/Campeonato_de_Primera_C_2025_(Argentina)
2025-08-27,21:10,Deportivo Morón,Gimnasia y Esgrima (M),1,0,,,Primera Nacional,2025,zonas,Zona B,Fecha 20,Nuevo Francisco Urbano,false,https://es.wikipedia.org/wiki/Campeonato_de_Primera_Nacional_2025
2025-08-28,,Unión,River Plate,0,0,3,4,Copa Argentina,2025,eliminacion,,Octavos,Malvinas Argentinas,true,https://es.wikipedia.org/wiki/Copa_Argentina_2025
2025-08-28,20:00,Quilmes,Alvarado,0,0,,,Primera Nacional,2025,zonas,Zona A,Fecha 21,Centenario Ciudad de Quilmes,false,https://es.wikipedia.org/wiki/Campeonato_de_Primera_Nacional_2025
2025-08-29,15:30,Berazategui,El Porvenir,0,0,,,Primera C,2025,zonas,Zona A,Fecha 24,Norman Lee,false,https://es.wikipedia.org/wiki/Campeonato_de_Primera_C_2025_(Argentina)
2025-08-29,15:30,Dock Sud,Excursionistas,1,0,,,Primera B,2025,zonas,Torneo Clausura,Fecha 11,De los Inmigrantes,false,https://es.wikipedia.org/wiki/Campeonato_de_Primera_B_2025_(Argentina)
2025-08-29,15:30,Sacachispas,Brown de Adrogué,1,1,,,Primera B,2025,zonas,Torneo Clausura,Fecha 11,Beto Larrosa,false,https://es.wikipedia.org/wiki/Campeonato_de_Primera_B_2025_(Argentina)
2025-08-29,16:00,Banfield,Tigre,1,0,,,Primera Division - Clausura,2025,zonas,Zona A,Fecha 7,Florencio Sola,false,https://es.wikipedia.org/wiki/Anexo:Torneo_Clausura_2025_(Argentina)
2025-08-29,16:00,Newell's Old Boys,Barracas Central,1,2,,,Primera Division - Clausura,2025,zonas,Zona A,Fecha 7,Marcelo Bielsa,false,https://es.wikipedia.org/wiki/Anexo:Torneo_Clausura_2025_(Argentina)
2025-08-29,18:15,Instituto,Independiente,0,0,,,Primera Division - Clausura,2025,zonas,Zona B,Fecha 7,Juan Domingo Perón,false,https://es.wikipedia.org/wiki/Anexo:Torneo_Clausura_2025_(Argentina)
2025-08-29,20:05,Ituzaingó,J. J. de Urquiza,1,0,,,Primera C,2025,zonas,Zona A,Fecha 24,Carlos Sacaan,false,https://es.wikipedia.org/wiki/Campeonato_de_Primera_C_2025_(Argentina)
2025-08-30,13:10,Tristán Suárez,All Boys,2,0,,,Primera Nacional,2025,zonas,Zona A,Fecha 29,20 de Octubre,false,https://es.wikipedia.org/wiki/Campeonato_de_Primera_Nacional_2025
2025-08-30,14:00,Chacarita Juniors,Mitre (SdE),2,2,,,Primera Nacional,2025,zonas,Zona B,Fecha 29,Chacarita Juniors,false,https://es.wikipedia.org/wiki/Campeonato_de_Primera_Nacional_2025
2025-08-30,14:45,San Lorenzo,Huracán,0,0,,,Primera Division - Clausura,2025,zonas,Interzonal,Fecha 7,Nuevo Gasómetro,false,https://es.wikipedia.org/wiki/Anexo:Torneo_Clausura_2025_(Argentina)
2025-08-30,15:00,Kimberley,Villa Mitre,0,0,,,Torneo Federal A,2025,zonas,Zona A,Fecha 7,José Alberto Valle,false,https://es.wikipedia.org/wiki/Torneo_Federal_A_2025
2025-08-30,15:00,Ramón Santamarina,Germinal,0,2,,,Torneo Federal A,2025,zonas,Zona A,Fecha 7,Municipal General San Martín,false,https://es.wikipedia.org/wiki/Torneo_Federal_A_2025
2025-08-30,15:00,Sol de Mayo (V),Sportivo Estudiantes (SL),2,1,,,Torneo Federal A,2025,zonas,Zona A,Fecha 7,Sol de Mayo,false,https://es.wikipedia.org/wiki/Torneo_Federal_A_2025
2025-08-30,15:30,Boca Unidos,Bartolomé Mitre (P),2,0,,,Torneo Federal A,2025,zonas,Zona B,Fecha 7,Leoncio Benítez,false,https://es.wikipedia.org/wiki/Torneo_Federal_A_2025
2025-08-30,15:30,Cañuelas,Yupanqui,0,0,,,Primera C,2025,zonas,Zona B,Fecha 24,Jorge Arin,false,https://es.wikipedia.org/wiki/Campeonato_de_Primera_C_2025_(Argentina)
2025-08-30,15:30,Central Córdoba (R),Mercedes,2,0,,,Primera C,2025,zonas,Zona A,Fecha 24,Gabino Sosa,false,https://es.wikipedia.org/wiki/Campeonato_de_Primera_C_2025_(Argentina)
2025-08-30,15:30,Deportivo Armenio,Argentino de Quilmes,1,2,,,Primera B,2025,zonas,Torneo Clausura,Fecha 11,Armenia,false,https://es.wikipedia.org/wiki/Campeonato_de_Primera_B_2025_(Argentina)
2025-08-30,15:30,Deportivo Laferrere,Fénix,1,1,,,Primera B,2025,zonas,Torneo Clausura,Fecha 11,Ciudad de Laferrere,false,https://es.wikipedia.org/wiki/Campeonato_de_Primera_B_2025_(Argentina)
2025-08-30,15:30,Gutiérrez,Círculo Deportivo,1,2,,,Torneo Federal A,2025,zonas,Zona A,Fecha 7,General Gutiérrez,false,https://es.wikipedia.org/wiki/Torneo_Federal_A_2025
2025-08-30,15:30,Lugano,Defensores de Cambaceres,2,2,,,Primera C,2025,zonas,Zona A,Fecha 24,José María Moraños,false,https://es.wikipedia.org/wiki/Campeonato_de_Primera_C_2025_(Argentina)
2025-08-30,15:30,Puerto Nuevo,Leandro N. Alem,1,0,,,Primera C,2025,zonas,Zona A,Fecha 24,Rubén Carlos Vallejos,false,https://es.wikipedia.org/wiki/Campeonato_de_Primera_C_2025_(Argentina)
2025-08-30,15:30,San Martín (B),Argentino de Merlo,3,0,,,Primera B,2025,zonas,Torneo Clausura,Fecha 11,Francisco Boga,false,https://es.wikipedia.org/wiki/Campeonato_de_Primera_B_2025_(Argentina)
2025-08-30,15:30,San Telmo,Chaco For Ever,0,2,,,Primera Nacional,2025,zonas,Zona B,Fecha 29,Doctor Osvaldo Baletto,false,https://es.wikipedia.org/wiki/Campeonato_de_Primera_Nacional_2025
2025-08-30,15:30,Talleres (RdE),Defensores Unidos,0,1,,,Primera Nacional,2025,zonas,Zona B,Fecha 29,Pablo Comelli,false,https://es.wikipedia.org/wiki/Campeonato_de_Primera_Nacional_2025
2025-08-30,15:30,Villa San Carlos,Ferrocarril Midland,0,0,,,Primera B,2025,zonas,Torneo Clausura,Fecha 11,Genacio Sálice,false,https://es.wikipedia.org/wiki/Campeonato_de_Primera_B_2025_(Argentina)
2025-08-30,17:00,Central Córdoba (SdE),Estudiantes (LP),2,0,,,Primera Division - Clausura,2025,zonas,Zona A,Fecha 7,Alfredo Terrera,false,https://es.wikipedia.org/wiki/Anexo:Torneo_Clausura_2025_(Argentina)
2025-08-30,17:00,Independiente Rivadavia,Argentinos Juniors,2,1,,,Primera Division - Clausura,2025,zonas,Zona A,Fecha 7,Bautista Gargantini,false,https://es.wikipedia.org/wiki/Anexo:Torneo_Clausura_2025_(Argentina)
2025-08-30,18:45,Deportivo Merlo,Acassuso,3,1,,,Primera B,2025,zonas,Torneo Clausura,Fecha 11,José Manuel Moreno,false,https://es.wikipedia.org/wiki/Campeonato_de_Primera_B_2025_(Argentina)
2025-08-30,19:00,Gimnasia y Esgrima (CdU),Sportivo Las Parejas,3,0,,,Torneo Federal A,2025,zonas,Zona B,Fecha 7,Manuel y Ramón Núñez,false,https://es.wikipedia.org/wiki/Torneo_Federal_A_2025
2025-08-30,19:10,Real Pilar,Sportivo Italiano,1,1,,,Primera B,2025,zonas,Torneo Clausura,Fecha 11,Carlos Barraza,false,https://es.wikipedia.org/wiki/Campeonato_de_Primera_B_2025_(Argentina)
2025-08-30,19:15,Sarmiento (J),Rosario Central,0,1,,,Primera Division - Clausura,2025,zonas,Zona B,Fecha 7,Eva Perón,false,https://es.wikipedia.org/wiki/Anexo:Torneo_Clausura_2025_(Argentina)
2025-08-30,21:30,Vélez Sarsfield,Lanús,3,0,,,Primera Division - Clausura,2025,zonas,Zona B,Fecha 7,José Amalfitani,false,https://es.wikipedia.org/wiki/Anexo:Torneo_Clausura_2025_(Argentina)
2025-08-31,14:30,Aldosivi,Boca Juniors,0,2,,,Primera Division - Clausura,2025,zonas,Zona A,Fecha 7,José María Minella,false,https://es.wikipedia.org/wiki/Anexo:Torneo_Clausura_2025_(Argentina)
2025-08-31,15:30,Almagro,Quilmes,2,2,,,Primera Nacional,2025,zonas,Zona A,Fecha 29,Tres de Febrero,false,https://es.wikipedia.org/wiki/Campeonato_de_Primera_Nacional_2025
2025-08-31,15:30,Argentino (MM),Costa Brava,3,2,,,Torneo Federal A,2025,zonas,Zona A,Fecha 7,Modesto Marrone,false,https://es.wikipedia.org/wiki/Torneo_Federal_A_2025
2025-08-31,15:30,Atlas,Deportivo Camioneros,0,2,,,Primera C,2025,zonas,Zona B,Fecha 24,Ricardo Puga,false,https://es.wikipedia.org/wiki/Campeonato_de_Primera_C_2025_(Argentina)
2025-08-31,15:30,Cipolletti,Ciudad de Bolívar,0,1,,,Torneo Federal A,2025,zonas,Zona A,Fecha 7,La Visera de Cemento,false,https://es.wikipedia.org/wiki/Torneo_Federal_A_2025
2025-08-31,15:30,Comunicaciones,Villa Dálmine,1,1,,,Primera B,2025,zonas,Torneo Clausura,Fecha 11,Alfredo Ramos,false,https://es.wikipedia.org/wiki/Campeonato_de_Primera_B_2025_(Argentina)
2025-08-31,15:30,Deportivo Paraguayo,Estrella del Sur,1,2,,,Primera C,2025,zonas,Zona B,Fecha 24,Deportivo Paraguayo,false,https://es.wikipedia.org/wiki/Campeonato_de_Primera_C_2025_(Argentina)
2025-08-31,15:30,El Linqueño,Crucero del Norte,3,0,,,Torneo Federal A,2025,zonas,Zona B,Fecha 7,Leonardo Costa,false,https://es.wikipedia.org/wiki/Torneo_Federal_A_2025
2025-08-31,15:30,Independiente (C),Douglas Haig,2,0,,,Torneo Federal A,2025,zonas,Zona B,Fecha 7,Raúl Orlando Lungarzo,false,https://es.wikipedia.org/wiki/Torneo_Federal_A_2025
2025-08-31,15:30,Juventud Unida Universitario,San Martín (SM),2,1,,,Torneo Federal A,2025,zonas,Zona A,Fecha 7,Mario Sebastián Diez,false,https://es.wikipedia.org/wiki/Torneo_Federal_A_2025
2025-08-31,15:30,Liniers,Flandria,0,0,,,Primera B,2025,zonas,Torneo Clausura,Fecha 11,Juan Antonio Arias,false,https://es.wikipedia.org/wiki/Campeonato_de_Primera_B_2025_(Argentina)
2025-08-31,15:30,Luján,Argentino de Rosario,1,0,,,Primera C,2025,zonas,Zona B,Fecha 24,1.º de Abril,false,https://es.wikipedia.org/wiki/Campeonato_de_Primera_C_2025_(Argentina)
2025-08-31,15:30,Olimpo,Atenas (RC),0,0,,,Torneo Federal A,2025,zonas,Zona A,Fecha 7,Roberto N. Carminatti,false,https://es.wikipedia.org/wiki/Torneo_Federal_A_2025
2025-08-31,16:00,Defensores de Belgrano (VR),Sarmiento (R),2,2,,,Torneo Federal A,2025,zonas,Zona B,Fecha 7,Salomón Boeseldin,false,https://es.wikipedia.org/wiki/Torneo_Federal_A_2025
2025-08-31,16:00,Deportivo Maipú,Deportivo Madryn,2,1,,,Primera Nacional,2025,zonas,Zona A,Fecha 29,Omar Higinio Sperdutti,false,https://es.wikipedia.org/wiki/Campeonato_de_Primera_Nacional_2025
2025-08-31,16:00,Estudiantes (RC),Temperley,1,0,,,Primera Nacional,2025,zonas,Zona B,Fecha 29,Antonio Candini,false,https://es.wikipedia.org/wiki/Campeonato_de_Primera_Nacional_2025
2025-08-31,16:00,Gimnasia y Esgrima (J),Central Norte (S),1,0,,,Primera Nacional,2025,zonas,Zona B,Fecha 29,23 de Agosto,false,https://es.wikipedia.org/wiki/Campeonato_de_Primera_Nacional_2025
2025-08-31,16:00,Gimnasia y Tiro (S),Alvarado,3,0,,,Primera Nacional,2025,zonas,Zona A,Fecha 29,El Gigante del Norte,false,https://es.wikipedia.org/wiki/Campeonato_de_Primera_Nacional_2025
2025-08-31,16:00,Güemes (SdE),Colegiales,1,0,,,Primera Nacional,2025,zonas,Zona A,Fecha 29,Arturo Miranda,false,https://es.wikipedia.org/wiki/Campeonato_de_Primera_Nacional_2025
2025-08-31,16:00,Huracán Las Heras,Guillermo Brown,3,4,,,Torneo Federal A,2025,zonas,Zona A,Fecha 7,General San Martín,false,https://es.wikipedia.org/wiki/Torneo_Federal_A_2025
2025-08-31,16:00,Patronato,Atlanta,0,0,,,Primera Nacional,2025,zonas,Zona A,Fecha 29,Presbítero Bartolomé Grella,false,https://es.wikipedia.org/wiki/Campeonato_de_Primera_Nacional_2025
2025-08-31,16:00,Sarmiento (LB),San Martín (F),1,0,,,Torneo Federal A,2025,zonas,Zona B,Fecha 7,Ciudad de La Banda,false,https://es.wikipedia.org/wiki/Torneo_Federal_A_2025
2025-08-31,16:45,Defensa y Justicia,Belgrano,2,1,,,Primera Division - Clausura,2025,zonas,Zona A,Fecha 7,Norberto Tomaghello,false,https://es.wikipedia.org/wiki/Anexo:Torneo_Clausura_2025_(Argentina)
2025-08-31,16:45,Talleres (C),Deportivo Riestra,0,1,,,Primera Division - Clausura,2025,zonas,Zona B,Fecha 7,Mario Alberto Kempes,false,https://es.wikipedia.org/wiki/Anexo:Torneo_Clausura_2025_(Argentina)
2025-08-31,17:00,Juventud Antoniana,Atlético de Rafaela,2,0,,,Torneo Federal A,2025,zonas,Zona B,Fecha 7,Padre Ernesto Martearena,false,https://es.wikipedia.org/wiki/Torneo_Federal_A_2025
2025-08-31,17:30,Ben Hur,Sol de América (F),0,2,,,Torneo Federal A,2025,zonas,Zona B,Fecha 7,Néstor Zenklusen,false,https://es.wikipedia.org/wiki/Torneo_Federal_A_2025
2025-08-31,19:00,Los Andes,San Miguel,0,0,,,Primera Nacional,2025,zonas,Zona A,Fecha 29,Eduardo Gallardón,false,https://es.wikipedia.org/wiki/Campeonato_de_Primera_Nacional_2025
2025-08-31,19:15,River Plate,San Martín (SJ),2,0,,,Primera Division - Clausura,2025,zonas,Zona B,Fecha 7,Monumental,false,https://es.wikipedia.org/wiki/Anexo:Torneo_Clausura_2025_(Argentina)
2025-08-31,21:00,San Martín (T),Arsenal,0,3,,,Primera Nacional,2025,zonas,Zona A,Fecha 29,La Ciudadela,false,https://es.wikipedia.org/wiki/Campeonato_de_Primera_Nacional_2025
2025-08-31,21:15,Deportivo Morón,Estudiantes (BA),1,1,,,Primera Nacional,2025,zonas,Zona B,Fecha 29,Nuevo Francisco Urbano,false,https://es.wikipedia.org/wiki/Campeonato_de_Primera_Nacional_2025
2025-08-31,21:15,Racing Club,Unión,2,3,,,Primera Division - Clausura,2025,zonas,Zona A,Fecha 7,El Cilindro,false,https://es.wikipedia.org/wiki/Anexo:Torneo_Clausura_2025_(Argentina)
2025-09-01,14:00,Agropecuario,Almirante Brown,3,1,,,Primera Nacional,2025,zonas,Zona B,Fecha 29,Ofelia Rosenzuaig,false,https://es.wikipedia.org/wiki/Campeonato_de_Primera_Nacional_2025
2025-09-01,15:30,Central Ballester,Centro Español,0,0,,,Primera C,2025,zonas,Zona B,Fecha 24,Rubén Carlos Vallejos,false,https://es.wikipedia.org/wiki/Campeonato_de_Primera_C_2025_(Argentina)
2025-09-01,15:30,Sportivo Barracas,General Lamadrid,2,2,,,Primera C,2025,zonas,Zona B,Fecha 24,Tres de Febrero,false,https://es.wikipedia.org/wiki/Campeonato_de_Primera_C_2025_(Argentina)
2025-09-01,15:30,Victoriano Arenas,Juventud Unida,1,1,,,Primera C,2025,zonas,Zona B,Fecha 24,Saturnino Moure,false,https://es.wikipedia.org/wiki/Campeonato_de_Primera_C_2025_(Argentina)
2025-09-01,17:00,Gimnasia y Esgrima (LP),Atlético Tucumán,1,0,,,Primera Division - Clausura,2025,zonas,Zona B,Fecha 7,Del Bosque,false,https://es.wikipedia.org/wiki/Anexo:Torneo_Clausura_2025_(Argentina)
2025-09-01,17:10,Nueva Chicago,Gimnasia y Esgrima (M),1,1,,,Primera Nacional,2025,zonas,Zona B,Fecha 29,Nueva Chicago,false,https://es.wikipedia.org/wiki/Campeonato_de_Primera_Nacional_2025
2025-09-01,19:10,Defensores de Belgrano,Colón,1,0,,,Primera Nacional,2025,zonas,Zona B,Fecha 29,Juan Pasquale,false,https://es.wikipedia.org/wiki/Campeonato_de_Primera_Nacional_2025
2025-09-01,19:15,Platense,Godoy Cruz,1,3,,,Primera Division - Clausura,2025,zonas,Zona B,Fecha 7,Ciudad de Vicente López,false,https://es.wikipedia.org/wiki/Anexo:Torneo_Clausura_2025_(Argentina)
2025-09-01,20:30,9 de Julio (R),Sportivo Belgrano,0,0,,,Torneo Federal A,2025,zonas,Zona B,Fecha 7,Germán Solterman,false,https://es.wikipedia.org/wiki/Torneo_Federal_A_2025
2025-09-01,21:15,Ferro Carril Oeste,Racing Club,2,2,,,Primera Nacional,2025,zonas,Zona A,Fecha 29,Arquitecto Ricardo Etcheverri,false,https://es.wikipedia.org/wiki/Campeonato_de_Primera_Nacional_2025
2025-09-02,15:30,Deportivo Español,Muñiz,1,0,,,Primera C,2025,zonas,Zona A,Fecha 24,Nueva España,false,https://es.wikipedia.org/wiki/Campeonato_de_Primera_C_2025_(Argentina)
2025-09-05,,Tigre,Independiente Rivadavia,1,3,,,Copa Argentina,2025,eliminacion,,Cuartos,Marcelo Bielsa,true,https://es.wikipedia.org/wiki/Copa_Argentina_2025
2025-09-05,15:30,Acassuso,Sacachispas,0,2,,,Primera B,2025,zonas,Torneo Clausura,Fecha 12,La Quema,false,https://es.wikipedia.org/wiki/Campeonato_de_Primera_B_2025_(Argentina)
2025-09-05,15:30,Argentino de Merlo,Deportivo Armenio,1,1,,,Primera B,2025,zonas,Torneo Clausura,Fecha 12,Juan Carlos Brieva,false,https://es.wikipedia.org/wiki/Campeonato_de_Primera_B_2025_(Argentina)
2025-09-05,15:30,Argentino de Quilmes,Comunicaciones,2,3,,,Primera B,2025,zonas,Torneo Clausura,Fecha 12,Argentino de Quilmes,false,https://es.wikipedia.org/wiki/Campeonato_de_Primera_B_2025_(Argentina)
2025-09-05,15:30,Círculo Deportivo,Sol de Mayo (V),4,0,,,Torneo Federal A,2025,zonas,Zona A,Fecha 8,Guillermo Trama,false,https://es.wikipedia.org/wiki/Torneo_Federal_A_2025
2025-09-05,15:30,Defensores Unidos,Deportivo Morón,0,1,,,Primera Nacional,2025,zonas,Zona B,Fecha 30,Gigante de Villa Fox,false,https://es.wikipedia.org/wiki/Campeonato_de_Primera_Nacional_2025
2025-09-05,15:30,Defensores de Cambaceres,Puerto Nuevo,2,1,,,Primera C,2025,zonas,Zona A,Fecha 25,12 de Octubre,false,https://es.wikipedia.org/wiki/Campeonato_de_Primera_C_2025_(Argentina)
2025-09-05,15:30,El Porvenir,Lugano,2,1,,,Primera C,2025,zonas,Zona A,Fecha 25,Gildo Francisco Ghersinich,false,https://es.wikipedia.org/wiki/Campeonato_de_Primera_C_2025_(Argentina)
2025-09-05,15:30,J. J. de Urquiza,Berazategui,0,1,,,Primera C,2025,zonas,Zona A,Fecha 25,Ramón Roque Martín,false,https://es.wikipedia.org/wiki/Campeonato_de_Primera_C_2025_(Argentina)
2025-09-05,15:30,San Miguel,Almagro,1,1,,,Primera Nacional,2025,zonas,Zona A,Fecha 30,Malvinas Argentinas,false,https://es.wikipedia.org/wiki/Campeonato_de_Primera_Nacional_2025
2025-09-05,15:30,Sportivo Italiano,Villa San Carlos,0,0,,,Primera B,2025,zonas,Torneo Clausura,Fecha 12,República de Italia,false,https://es.wikipedia.org/wiki/Campeonato_de_Primera_B_2025_(Argentina)
2025-09-05,15:30,Villa Mitre,Deportivo Rincón,1,0,,,Torneo Federal A,2025,zonas,Zona A,Fecha 8,El Fortín (BB),false,https://es.wikipedia.org/wiki/Torneo_Federal_A_2025
2025-09-05,19:00,Colegiales,San Martín (T),2,0,,,Primera Nacional,2025,zonas,Zona A,Fecha 30,Libertarios Unidos,false,https://es.wikipedia.org/wiki/Campeonato_de_Primera_Nacional_2025
2025-09-05,20:00,All Boys,Gimnasia y Tiro (S),1,1,,,Primera Nacional,2025,zonas,Zona A,Fecha 30,Islas Malvinas,false,https://es.wikipedia.org/wiki/Campeonato_de_Primera_Nacional_2025
2025-09-05,20:00,Ciudad de Bolívar,Argentino (MM),3,2,,,Torneo Federal A,2025,zonas,Zona A,Fecha 8,Municipal Eva Perón,false,https://es.wikipedia.org/wiki/Torneo_Federal_A_2025
2025-09-05,20:00,Temperley,Talleres (RdE),1,0,,,Primera Nacional,2025,zonas,Zona B,Fecha 30,Alfredo Beranger,false,https://es.wikipedia.org/wiki/Campeonato_de_Primera_Nacional_2025
2025-09-05,20:05,Estudiantes (BA),Nueva Chicago,2,0,,,Primera Nacional,2025,zonas,Zona B,Fecha 30,Ciudad de Caseros,false,https://es.wikipedia.org/wiki/Campeonato_de_Primera_Nacional_2025
2025-09-05,20:30,Douglas Haig,Juventud Antoniana,0,0,,,Torneo Federal A,2025,zonas,Zona B,Fecha 8,Miguel Morales,false,https://es.wikipedia.org/wiki/Torneo_Federal_A_2025
2025-09-06,13:30,Atlanta,Güemes (SdE),1,0,,,Primera Nacional,2025,zonas,Zona A,Fecha 30,Don León Kolbowsky,false,https://es.wikipedia.org/wiki/Campeonato_de_Primera_Nacional_2025
2025-09-06,15:30,Excursionistas,Deportivo Merlo,3,1,,,Primera B,2025,zonas,Torneo Clausura,Fecha 12,Excursionistas,false,https://es.wikipedia.org/wiki/Campeonato_de_Primera_B_2025_(Argentina)
2025-09-06,16:00,Crucero del Norte,Sarmiento (R),2,3,,,Torneo Federal A,2025,zonas,Zona B,Fecha 8,Comandante Andrés Guacurarí,false,https://es.wikipedia.org/wiki/Torneo_Federal_A_2025
2025-09-06,19:00,Sol de América (F),Boca Unidos,3,0,,,Torneo Federal A,2025,zonas,Zona B,Fecha 8,Sol de América,false,https://es.wikipedia.org/wiki/Torneo_Federal_A_2025
2025-09-07,14:15,Gimnasia y Esgrima (M),Gimnasia y Esgrima (J),1,0,,,Primera Nacional,2025,zonas,Zona B,Fecha 30,Víctor Antonio Legrotaglie,false,https://es.wikipedia.org/wiki/Campeonato_de_Primera_Nacional_2025
2025-09-07,15:00,Costa Brava,Kimberley,2,0,,,Torneo Federal A,2025,zonas,Zona A,Fecha 8,Nuevo Pacaembú,false,https://es.wikipedia.org/wiki/Torneo_Federal_A_2025
2025-09-07,15:00,Guillermo Brown,Juventud Unida Universitario,2,0,,,Torneo Federal A,2025,zonas,Zona A,Fecha 8,Raúl Conti,false,https://es.wikipedia.org/wiki/Torneo_Federal_A_2025
2025-09-07,15:00,Sportivo Estudiantes (SL),Germinal,2,0,,,Torneo Federal A,2025,zonas,Zona A,Fecha 8,Héctor Odicino y Pedro Benoza,false,https://es.wikipedia.org/wiki/Torneo_Federal_A_2025
2025-09-07,15:30,Argentino de Rosario,Atlas,1,0,,,Primera C,2025,zonas,Zona B,Fecha 25,José Martín Olaeta,false,https://es.wikipedia.org/wiki/Campeonato_de_Primera_C_2025_(Argentina)
2025-09-07,15:30,Bartolomé Mitre (P),El Linqueño,2,1,,,Torneo Federal A,2025,zonas,Zona B,Fecha 8,Ernesto Cucchiaroni,false,https://es.wikipedia.org/wiki/Torneo_Federal_A_2025
2025-09-07,15:30,General Lamadrid,Estrella del Sur,3,2,,,Primera C,2025,zonas,Zona B,Fecha 25,Enrique Sexto,false,https://es.wikipedia.org/wiki/Campeonato_de_Primera_C_2025_(Argentina)
2025-09-07,15:30,San Martín (F),Gimnasia y Esgrima (C),2,0,,,Torneo Federal A,2025,zonas,Zona B,Fecha 8,17 de Octubre,false,https://es.wikipedia.org/wiki/Torneo_Federal_A_2025
2025-09-07,15:30,Sportivo Belgrano,Sarmiento (LB),4,1,,,Torneo Federal A,2025,zonas,Zona B,Fecha 8,Juan Pablo Francia,false,https://es.wikipedia.org/wiki/Torneo_Federal_A_2025
2025-09-07,16:00,Huracán Las Heras,Ramón Santamarina,1,2,,,Torneo Federal A,2025,zonas,Zona A,Fecha 8,General San Martín,false,https://es.wikipedia.org/wiki/Torneo_Federal_A_2025
2025-09-07,16:00,Mitre (SdE),Defensores de Belgrano,1,2,,,Primera Nacional,2025,zonas,Zona B,Fecha 30,Doctores José y Antonio Castiglione,false,https://es.wikipedia.org/wiki/Campeonato_de_Primera_Nacional_2025
2025-09-07,16:00,San Martín (SM),Gutiérrez,2,0,,,Torneo Federal A,2025,zonas,Zona A,Fecha 8,Libertador General San Martín,false,https://es.wikipedia.org/wiki/Torneo_Federal_A_2025
2025-09-07,16:00,Sportivo Las Parejas,Ben Hur,3,1,,,Torneo Federal A,2025,zonas,Zona B,Fecha 8,4 de Septiembre,false,https://es.wikipedia.org/wiki/Torneo_Federal_A_2025
2025-09-07,16:15,Deportivo Madryn,Los Andes,1,0,,,Primera Nacional,2025,zonas,Zona A,Fecha 30,Abel Sastre,false,https://es.wikipedia.org/wiki/Campeonato_de_Primera_Nacional_2025
2025-09-07,16:30,Atenas (RC),Cipolletti,0,0,,,Torneo Federal A,2025,zonas,Zona A,Fecha 8,9 de Julio,false,https://es.wikipedia.org/wiki/Torneo_Federal_A_2025
2025-09-07,17:00,Central Norte (S),Agropecuario,0,2,,,Primera Nacional,2025,zonas,Zona B,Fecha 30,Padre Ernesto Martearena,false,https://es.wikipedia.org/wiki/Campeonato_de_Primera_Nacional_2025
2025-09-07,17:05,Atlético de Rafaela,9 de Julio (R),2,1,,,Torneo Federal A,2025,zonas,Zona B,Fecha 8,Nuevo Monumental,false,https://es.wikipedia.org/wiki/Torneo_Federal_A_2025
2025-09-07,18:00,Racing Club,Patronato,1,0,,,Primera Nacional,2025,zonas,Zona A,Fecha 30,Miguel Sancho,false,https://es.wikipedia.org/wiki/Campeonato_de_Primera_Nacional_2025
2025-09-07,19:00,Chaco For Ever,Chacarita Juniors,0,0,,,Primera Nacional,2025,zonas,Zona B,Fecha 30,Juan Alberto García,false,https://es.wikipedia.org/wiki/Campeonato_de_Primera_Nacional_2025
2025-09-07,19:00,Gimnasia y Esgrima (CdU),Defensores de Belgrano (VR),2,1,,,Torneo Federal A,2025,zonas,Zona B,Fecha 8,Manuel y Ramón Núñez,false,https://es.wikipedia.org/wiki/Torneo_Federal_A_2025
2025-09-08,,Argentinos Juniors,Lanús,1,0,,,Copa Argentina,2025,eliminacion,,Cuartos,El Cilindro,true,https://es.wikipedia.org/wiki/Copa_Argentina_2025
2025-09-08,15:00,Alvarado,Deportivo Maipú,0,0,,,Primera Nacional,2025,zonas,Zona A,Fecha 30,José María Minella,false,https://es.wikipedia.org/wiki/Campeonato_de_Primera_Nacional_2025
2025-09-08,15:00,Arsenal,Tristán Suárez,0,0,,,Primera Nacional,2025,zonas,Zona A,Fecha 30,El Viaducto,false,https://es.wikipedia.org/wiki/Campeonato_de_Primera_Nacional_2025
2025-09-08,15:30,Centro Español,Sportivo Barracas,1,1,,,Primera C,2025,zonas,Zona B,Fecha 25,Carlos Sacaan,false,https://es.wikipedia.org/wiki/Campeonato_de_Primera_C_2025_(Argentina)
2025-09-08,15:30,Flandria,Deportivo Laferrere,0,0,,,Primera B,2025,zonas,Torneo Clausura,Fecha 12,Carlos V,false,https://es.wikipedia.org/wiki/Campeonato_de_Primera_B_2025_(Argentina)
2025-09-08,15:30,Leandro N. Alem,Central Córdoba (R),1,1,,,Primera C,2025,zonas,Zona A,Fecha 25,Leandro N. Alem,false,https://es.wikipedia.org/wiki/Campeonato_de_Primera_C_2025_(Argentina)
2025-09-08,15:30,UAI Urquiza,Real Pilar,0,1,,,Primera B,2025,zonas,Torneo Clausura,Fecha 12,Monumental de Villa Lynch,false,https://es.wikipedia.org/wiki/Campeonato_de_Primera_B_2025_(Argentina)
2025-09-08,15:30,Villa Dálmine,Liniers,2,1,,,Primera B,2025,zonas,Torneo Clausura,Fecha 12,El Coliseo de Mitre y Puccini,false,https://es.wikipedia.org/wiki/Campeonato_de_Primera_B_2025_(Argentina)
2025-09-08,16:00,Almirante Brown,San Telmo,1,0,,,Primera Nacional,2025,zonas,Zona B,Fecha 30,Fragata Presidente Sarmiento,false,https://es.wikipedia.org/wiki/Campeonato_de_Primera_Nacional_2025
2025-09-08,18:35,Brown de Adrogué,San Martín (B),0,0,,,Primera B,2025,zonas,Torneo Clausura,Fecha 12,Lorenzo Arandilla,false,https://es.wikipedia.org/wiki/Campeonato_de_Primera_B_2025_(Argentina)
2025-09-08,19:00,Colón,Estudiantes (RC),0,1,,,Primera Nacional,2025,zonas,Zona B,Fecha 30,Brigadier Estanislao López,false,https://es.wikipedia.org/wiki/Campeonato_de_Primera_Nacional_2025
2025-09-08,19:00,Quilmes,Ferro Carril Oeste,0,0,,,Primera Nacional,2025,zonas,Zona A,Fecha 30,Centenario Ciudad de Quilmes,false,https://es.wikipedia.org/wiki/Campeonato_de_Primera_Nacional_2025
2025-09-08,20:00,Ferrocarril Midland,Dock Sud,3,0,,,Primera B,2025,zonas,Torneo Clausura,Fecha 12,Ciudad de Libertad,false,https://es.wikipedia.org/wiki/Campeonato_de_Primera_B_2025_(Argentina)
2025-09-09,15:30,Claypole,Deportivo Español,0,0,,,Primera C,2025,zonas,Zona A,Fecha 25,Rodolfo Capocasa,false,https://es.wikipedia.org/wiki/Campeonato_de_Primera_C_2025_(Argentina)
2025-09-09,15:30,Deportivo Camioneros,Cañuelas,4,1,,,Primera C,2025,zonas,Zona B,Fecha 25,Hugo Moyano,false,https://es.wikipedia.org/wiki/Campeonato_de_Primera_C_2025_(Argentina)
2025-09-09,15:30,Juventud Unida,Central Ballester,0,0,,,Primera C,2025,zonas,Zona B,Fecha 25,Ciudad de San Miguel,false,https://es.wikipedia.org/wiki/Campeonato_de_Primera_C_2025_(Argentina)
2025-09-09,15:30,Luján,Deportivo Paraguayo,2,0,,,Primera C,2025,zonas,Zona B,Fecha 25,1.º de Abril,false,https://es.wikipedia.org/wiki/Campeonato_de_Primera_C_2025_(Argentina)
2025-09-09,15:30,Yupanqui,Victoriano Arenas,2,0,,,Primera C,2025,zonas,Zona B,Fecha 25,Ciudad Evita,false,https://es.wikipedia.org/wiki/Campeonato_de_Primera_C_2025_(Argentina)
2025-09-10,15:30,Muñiz,Ituzaingó,0,2,,,Primera C,2025,zonas,Zona A,Fecha 25,Ciudad de San Miguel,false,https://es.wikipedia.org/wiki/Campeonato_de_Primera_C_2025_(Argentina)
2025-09-11,20:00,Belgrano,San Martín (SJ),0,0,,,Primera Division - Clausura,2025,zonas,Interzonal,Fecha 8,Gigante de Alberdi,false,https://es.wikipedia.org/wiki/Anexo:Torneo_Clausura_2025_(Argentina)
2025-09-12,14:30,Deportivo Riestra,Central Córdoba (SdE),2,0,,,Primera Division - Clausura,2025,zonas,Interzonal,Fecha 8,Guillermo Laza,false,https://es.wikipedia.org/wiki/Anexo:Torneo_Clausura_2025_(Argentina)
2025-09-12,15:00,Kimberley,Ciudad de Bolívar,2,0,,,Torneo Federal A,2025,zonas,Zona A,Fecha 9,José Alberto Valle,false,https://es.wikipedia.org/wiki/Torneo_Federal_A_2025
2025-09-12,19:00,Huracán,Vélez Sarsfield,0,0,,,Primera Division - Clausura,2025,zonas,Interzonal,Fecha 8,Tomás Adolfo Ducó,false,https://es.wikipedia.org/wiki/Anexo:Torneo_Clausura_2025_(Argentina)
2025-09-12,19:00,Racing Club,San Lorenzo,2,0,,,Primera Division - Clausura,2025,zonas,Interzonal,Fecha 8,El Cilindro,false,https://es.wikipedia.org/wiki/Anexo:Torneo_Clausura_2025_(Argentina)
2025-09-12,21:15,Lanús,Independiente Rivadavia,1,0,,,Primera Division - Clausura,2025,zonas,Interzonal,Fecha 8,Ciudad de Lanús,false,https://es.wikipedia.org/wiki/Anexo:Torneo_Clausura_2025_(Argentina)
2025-09-12,21:15,Newell's Old Boys,Atlético Tucumán,2,0,,,Primera Division - Clausura,2025,zonas,Interzonal,Fecha 8,Marcelo Bielsa,false,https://es.wikipedia.org/wiki/Anexo:Torneo_Clausura_2025_(Argentina)
2025-09-12,22:00,Juventud Antoniana,Independiente (C),0,0,,,Torneo Federal A,2025,zonas,Zona B,Fecha 9,Padre Ernesto Martearena,false,https://es.wikipedia.org/wiki/Torneo_Federal_A_2025
2025-09-13,13:30,Deportivo Laferrere,Villa Dálmine,1,2,,,Primera B,2025,zonas,Torneo Clausura,Fecha 13,Ciudad de Laferrere,false,https://es.wikipedia.org/wiki/Campeonato_de_Primera_B_2025_(Argentina)
2025-09-13,14:30,Godoy Cruz,Barracas Central,0,0,,,Primera Division - Clausura,2025,zonas,Interzonal,Fecha 8,Feliciano Gambarte,false,https://es.wikipedia.org/wiki/Anexo:Torneo_Clausura_2025_(Argentina)
2025-09-13,15:30,Defensores de Belgrano,Chaco For Ever,0,0,,,Primera Nacional,2025,zonas,Zona B,Fecha 31,Juan Pasquale,false,https://es.wikipedia.org/wiki/Campeonato_de_Primera_Nacional_2025
2025-09-13,15:30,Deportivo Armenio,Brown de Adrogué,1,0,,,Primera B,2025,zonas,Torneo Clausura,Fecha 13,Armenia,false,https://es.wikipedia.org/wiki/Campeonato_de_Primera_B_2025_(Argentina)
2025-09-13,15:30,Estudiantes (BA),Defensores Unidos,3,0,,,Primera Nacional,2025,zonas,Zona B,Fecha 31,Ciudad de Caseros,false,https://es.wikipedia.org/wiki/Campeonato_de_Primera_Nacional_2025
2025-09-13,15:30,Fénix,Flandria,0,2,,,Primera B,2025,zonas,Torneo Clausura,Fecha 13,Ciudad de San Miguel,false,https://es.wikipedia.org/wiki/Campeonato_de_Primera_B_2025_(Argentina)
2025-09-13,15:30,Gutiérrez,Guillermo Brown,0,1,,,Torneo Federal A,2025,zonas,Zona A,Fecha 9,General Gutiérrez,false,https://es.wikipedia.org/wiki/Torneo_Federal_A_2025
2025-09-13,15:30,Sacachispas,Excursionistas,1,1,,,Primera B,2025,zonas,Torneo Clausura,Fecha 13,Beto Larrosa,false,https://es.wikipedia.org/wiki/Campeonato_de_Primera_B_2025_(Argentina)
2025-09-13,16:00,Defensores de Belgrano (VR),Crucero del Norte,3,1,,,Torneo Federal A,2025,zonas,Zona B,Fecha 9,Salomón Boeseldin,false,https://es.wikipedia.org/wiki/Torneo_Federal_A_2025
2025-09-13,16:30,Deportivo Morón,Temperley,0,1,,,Primera Nacional,2025,zonas,Zona B,Fecha 31,Nuevo Francisco Urbano,false,https://es.wikipedia.org/wiki/Campeonato_de_Primera_Nacional_2025
2025-09-13,16:45,Independiente,Banfield,0,1,,,Primera Division - Clausura,2025,zonas,Interzonal,Fecha 8,Libertadores de América,false,https://es.wikipedia.org/wiki/Anexo:Torneo_Clausura_2025_(Argentina)
2025-09-13,19:00,Estudiantes (LP),River Plate,1,2,,,Primera Division - Clausura,2025,zonas,Interzonal,Fecha 8,Jorge Luis Hirschi,false,https://es.wikipedia.org/wiki/Anexo:Torneo_Clausura_2025_(Argentina)
2025-09-13,21:15,Sarmiento (J),Aldosivi,2,0,,,Primera Division - Clausura,2025,zonas,Interzonal,Fecha 8,Eva Perón,false,https://es.wikipedia.org/wiki/Anexo:Torneo_Clausura_2025_(Argentina)
2025-09-13,21:30,Gimnasia y Tiro (S),Arsenal,3,0,,,Primera Nacional,2025,zonas,Zona A,Fecha 31,El Gigante del Norte,false,https://es.wikipedia.org/wiki/Campeonato_de_Primera_Nacional_2025
2025-09-14,13:05,Los Andes,Almagro,1,0,,,Primera Nacional,2025,zonas,Zona A,Fecha 31,Eduardo Gallardón,false,https://es.wikipedia.org/wiki/Campeonato_de_Primera_Nacional_2025
2025-09-14,13:30,Nueva Chicago,Gimnasia y Esgrima (J),1,0,,,Primera Nacional,2025,zonas,Zona B,Fecha 31,Nueva Chicago,false,https://es.wikipedia.org/wiki/Campeonato_de_Primera_Nacional_2025
2025-09-14,15:00,9 de Julio (R),Douglas Haig,2,1,,,Torneo Federal A,2025,zonas,Zona B,Fecha 9,Germán Solterman,false,https://es.wikipedia.org/wiki/Torneo_Federal_A_2025
2025-09-14,15:00,Argentino (MM),Atenas (RC),1,0,,,Torneo Federal A,2025,zonas,Zona A,Fecha 9,Modesto Marrone,false,https://es.wikipedia.org/wiki/Torneo_Federal_A_2025
2025-09-14,15:00,Ben Hur,Gimnasia y Esgrima (CdU),2,0,,,Torneo Federal A,2025,zonas,Zona B,Fecha 9,Néstor Zenklusen,false,https://es.wikipedia.org/wiki/Torneo_Federal_A_2025
2025-09-14,15:00,Boca Unidos,Sportivo Las Parejas,0,1,,,Torneo Federal A,2025,zonas,Zona B,Fecha 9,Leoncio Benítez,false,https://es.wikipedia.org/wiki/Torneo_Federal_A_2025
2025-09-14,15:00,Cipolletti,Olimpo,0,1,,,Torneo Federal A,2025,zonas,Zona A,Fecha 9,La Visera de Cemento,false,https://es.wikipedia.org/wiki/Torneo_Federal_A_2025
2025-09-14,15:00,Deportivo Rincón,Costa Brava,2,1,,,Torneo Federal A,2025,zonas,Zona A,Fecha 9,Elías Moisés Gómez,false,https://es.wikipedia.org/wiki/Torneo_Federal_A_2025
2025-09-14,15:00,El Linqueño,Sol de América (F),2,0,,,Torneo Federal A,2025,zonas,Zona B,Fecha 9,Leonardo Costa,false,https://es.wikipedia.org/wiki/Torneo_Federal_A_2025
2025-09-14,15:00,Germinal,Círculo Deportivo,2,0,,,Torneo Federal A,2025,zonas,Zona A,Fecha 9,El Fortín (R),false,https://es.wikipedia.org/wiki/Torneo_Federal_A_2025
2025-09-14,15:00,Gimnasia y Esgrima (C),Sportivo Belgrano,3,0,,,Torneo Federal A,2025,zonas,Zona B,Fecha 9,José María Paz,false,https://es.wikipedia.org/wiki/Torneo_Federal_A_2025
2025-09-14,15:00,Gimnasia y Esgrima (LP),Unión,1,3,,,Primera Division - Clausura,2025,zonas,Interzonal,Fecha 8,Del Bosque,false,https://es.wikipedia.org/wiki/Anexo:Torneo_Clausura_2025_(Argentina)
2025-09-14,15:00,Instituto,Argentinos Juniors,2,0,,,Primera Division - Clausura,2025,zonas,Interzonal,Fecha 8,Juan Domingo Perón,false,https://es.wikipedia.org/wiki/Anexo:Torneo_Clausura_2025_(Argentina)
2025-09-14,15:00,Juventud Unida Universitario,Huracán Las Heras,1,1,,,Torneo Federal A,2025,zonas,Zona A,Fecha 9,Mario Sebastián Diez,false,https://es.wikipedia.org/wiki/Torneo_Federal_A_2025
2025-09-14,15:00,Ramón Santamarina,Sportivo Estudiantes (SL),1,1,,,Torneo Federal A,2025,zonas,Zona A,Fecha 9,Municipal General San Martín,false,https://es.wikipedia.org/wiki/Torneo_Federal_A_2025
2025-09-14,15:00,Sarmiento (LB),Atlético de Rafaela,1,0,,,Torneo Federal A,2025,zonas,Zona B,Fecha 9,Ciudad de La Banda,false,https://es.wikipedia.org/wiki/Torneo_Federal_A_2025
2025-09-14,15:00,Sarmiento (R),Bartolomé Mitre (P),0,2,,,Torneo Federal A,2025,zonas,Zona B,Fecha 9,Centenario,false,https://es.wikipedia.org/wiki/Torneo_Federal_A_2025
2025-09-14,15:00,Sol de Mayo (V),San Martín (SM),1,0,,,Torneo Federal A,2025,zonas,Zona A,Fecha 9,Sol de Mayo,false,https://es.wikipedia.org/wiki/Torneo_Federal_A_2025
2025-09-14,15:00,Tristán Suárez,Colegiales,2,2,,,Primera Nacional,2025,zonas,Zona A,Fecha 31,20 de Octubre,false,https://es.wikipedia.org/wiki/Campeonato_de_Primera_Nacional_2025
2025-09-14,15:30,Chacarita Juniors,Almirante Brown,0,1,,,Primera Nacional,2025,zonas,Zona B,Fecha 31,Chacarita Juniors,false,https://es.wikipedia.org/wiki/Campeonato_de_Primera_Nacional_2025
2025-09-14,15:30,Comunicaciones,Argentino de Merlo,1,3,,,Primera B,2025,zonas,Torneo Clausura,Fecha 13,Alfredo Ramos,false,https://es.wikipedia.org/wiki/Campeonato_de_Primera_B_2025_(Argentina)
2025-09-14,15:30,Ferro Carril Oeste,San Miguel,0,1,,,Primera Nacional,2025,zonas,Zona A,Fecha 31,Arquitecto Ricardo Etcheverri,false,https://es.wikipedia.org/wiki/Campeonato_de_Primera_Nacional_2025
2025-09-14,15:30,Liniers,Argentino de Quilmes,3,2,,,Primera B,2025,zonas,Torneo Clausura,Fecha 13,Juan Antonio Arias,false,https://es.wikipedia.org/wiki/Campeonato_de_Primera_B_2025_(Argentina)
2025-09-14,15:30,San Martín (B),Acassuso,2,0,,,Primera B,2025,zonas,Torneo Clausura,Fecha 13,Francisco Boga,false,https://es.wikipedia.org/wiki/Campeonato_de_Primera_B_2025_(Argentina)
2025-09-14,15:30,San Telmo,Central Norte (S),3,1,,,Primera Nacional,2025,zonas,Zona B,Fecha 31,Doctor Osvaldo Baletto,false,https://es.wikipedia.org/wiki/Campeonato_de_Primera_Nacional_2025
2025-09-14,15:30,Talleres (RdE),Colón,2,0,,,Primera Nacional,2025,zonas,Zona B,Fecha 31,Pablo Comelli,false,https://es.wikipedia.org/wiki/Campeonato_de_Primera_Nacional_2025
2025-09-14,16:00,Deportivo Maipú,All Boys,0,0,,,Primera Nacional,2025,zonas,Zona A,Fecha 31,Omar Higinio Sperdutti,false,https://es.wikipedia.org/wiki/Campeonato_de_Primera_Nacional_2025
2025-09-14,16:00,Güemes (SdE),Racing Club,1,0,,,Primera Nacional,2025,zonas,Zona A,Fecha 31,Arturo Miranda,false,https://es.wikipedia.org/wiki/Campeonato_de_Primera_Nacional_2025
2025-09-14,16:00,Patronato,Quilmes,1,0,,,Primera Nacional,2025,zonas,Zona A,Fecha 31,Presbítero Bartolomé Grella,false,https://es.wikipedia.org/wiki/Campeonato_de_Primera_Nacional_2025
2025-09-14,16:30,Deportivo Madryn,Alvarado,1,0,,,Primera Nacional,2025,zonas,Zona A,Fecha 31,Abel Sastre,false,https://es.wikipedia.org/wiki/Campeonato_de_Primera_Nacional_2025
2025-09-14,17:30,Rosario Central,Boca Juniors,1,1,,,Primera Division - Clausura,2025,zonas,Interzonal,Fecha 8,Gigante de Arroyito,false,https://es.wikipedia.org/wiki/Anexo:Torneo_Clausura_2025_(Argentina)
2025-09-14,19:00,Estudiantes (RC),Mitre (SdE),1,0,,,Primera Nacional,2025,zonas,Zona B,Fecha 31,Antonio Candini,false,https://es.wikipedia.org/wiki/Campeonato_de_Primera_Nacional_2025
2025-09-14,20:00,Defensa y Justicia,Platense,1,2,,,Primera Division - Clausura,2025,zonas,Interzonal,Fecha 8,Norberto Tomaghello,false,https://es.wikipedia.org/wiki/Anexo:Torneo_Clausura_2025_(Argentina)
2025-09-14,20:00,San Martín (T),Atlanta,4,0,,,Primera Nacional,2025,zonas,Zona A,Fecha 31,La Ciudadela,false,https://es.wikipedia.org/wiki/Campeonato_de_Primera_Nacional_2025
2025-09-14,20:00,Tigre,Talleres (C),0,0,,,Primera Division - Clausura,2025,zonas,Interzonal,Fecha 8,Monumental de Victoria,false,https://es.wikipedia.org/wiki/Anexo:Torneo_Clausura_2025_(Argentina)
2025-09-15,15:00,Atlas,Luján,1,1,,,Primera C,2025,zonas,Zona B,Fecha 26,Ricardo Puga,false,https://es.wikipedia.org/wiki/Campeonato_de_Primera_C_2025_(Argentina)
2025-09-15,15:00,Cañuelas,Argentino de Rosario,4,0,,,Primera C,2025,zonas,Zona B,Fecha 26,Jorge Arin,false,https://es.wikipedia.org/wiki/Campeonato_de_Primera_C_2025_(Argentina)
2025-09-15,15:00,Central Ballester,Yupanqui,0,1,,,Primera C,2025,zonas,Zona B,Fecha 26,Rubén Carlos Vallejos,false,https://es.wikipedia.org/wiki/Campeonato_de_Primera_C_2025_(Argentina)
2025-09-15,15:00,Deportivo Paraguayo,General Lamadrid,2,0,,,Primera C,2025,zonas,Zona B,Fecha 26,Deportivo Paraguayo,false,https://es.wikipedia.org/wiki/Campeonato_de_Primera_C_2025_(Argentina)
2025-09-15,15:00,Estrella del Sur,Centro Español,1,1,,,Primera C,2025,zonas,Zona B,Fecha 26,Lorenzo Arandilla,false,https://es.wikipedia.org/wiki/Campeonato_de_Primera_C_2025_(Argentina)
2025-09-15,15:00,Sportivo Barracas,Juventud Unida,0,1,,,Primera C,2025,zonas,Zona B,Fecha 26,Tres de Febrero,false,https://es.wikipedia.org/wiki/Campeonato_de_Primera_C_2025_(Argentina)
2025-09-15,15:00,Victoriano Arenas,Deportivo Camioneros,1,1,,,Primera C,2025,zonas,Zona B,Fecha 26,Saturnino Moure,false,https://es.wikipedia.org/wiki/Campeonato_de_Primera_C_2025_(Argentina)
2025-09-15,15:30,Agropecuario,Gimnasia y Esgrima (M),2,0,,,Primera Nacional,2025,zonas,Zona B,Fecha 31,Ofelia Rosenzuaig,false,https://es.wikipedia.org/wiki/Campeonato_de_Primera_Nacional_2025
2025-09-15,15:30,Dock Sud,Sportivo Italiano,0,0,,,Primera B,2025,zonas,Torneo Clausura,Fecha 13,De los Inmigrantes,false,https://es.wikipedia.org/wiki/Campeonato_de_Primera_B_2025_(Argentina)
2025-09-15,15:30,Villa San Carlos,UAI Urquiza,3,0,,,Primera B,2025,zonas,Torneo Clausura,Fecha 13,Genacio Sálice,false,https://es.wikipedia.org/wiki/Campeonato_de_Primera_B_2025_(Argentina)
2025-09-15,21:10,Deportivo Merlo,Ferrocarril Midland,0,0,,,Primera B,2025,zonas,Torneo Clausura,Fecha 13,José Manuel Moreno,false,https://es.wikipedia.org/wiki/Campeonato_de_Primera_B_2025_(Argentina)
2025-09-16,15:00,Berazategui,Muñiz,4,0,,,Primera C,2025,zonas,Zona A,Fecha 26,Norman Lee,false,https://es.wikipedia.org/wiki/Campeonato_de_Primera_C_2025_(Argentina)
2025-09-16,15:00,Central Córdoba (R),Defensores de Cambaceres,2,1,,,Primera C,2025,zonas,Zona A,Fecha 26,Gabino Sosa,false,https://es.wikipedia.org/wiki/Campeonato_de_Primera_C_2025_(Argentina)
2025-09-16,15:00,Ituzaingó,Claypole,1,1,,,Primera C,2025,zonas,Zona A,Fecha 26,Carlos Sacaan,false,https://es.wikipedia.org/wiki/Campeonato_de_Primera_C_2025_(Argentina)
2025-09-16,15:00,Lugano,J. J. de Urquiza,2,2,,,Primera C,2025,zonas,Zona A,Fecha 26,José María Moraños,false,https://es.wikipedia.org/wiki/Campeonato_de_Primera_C_2025_(Argentina)
2025-09-16,15:00,Mercedes,Leandro N. Alem,0,1,,,Primera C,2025,zonas,Zona A,Fecha 26,Liga Mercedina,false,https://es.wikipedia.org/wiki/Campeonato_de_Primera_C_2025_(Argentina)
2025-09-16,15:00,Puerto Nuevo,El Porvenir,1,2,,,Primera C,2025,zonas,Zona A,Fecha 26,Rubén Carlos Vallejos,false,https://es.wikipedia.org/wiki/Campeonato_de_Primera_C_2025_(Argentina)
2025-09-17,,Newell's Old Boys,Belgrano,1,3,,,Copa Argentina,2025,eliminacion,,Cuartos,La Pedrera,true,https://es.wikipedia.org/wiki/Copa_Argentina_2025
2025-09-19,15:30,Villa Dálmine,Fénix,1,0,,,Primera B,2025,zonas,Torneo Clausura,Fecha 14,El Coliseo de Mitre y Puccini,false,https://es.wikipedia.org/wiki/Campeonato_de_Primera_B_2025_(Argentina)
2025-09-19,17:00,Deportivo Riestra,Gimnasia y Esgrima (LP),1,0,,,Primera Division - Clausura,2025,zonas,Zona B,Fecha 9,Guillermo Laza,false,https://es.wikipedia.org/wiki/Anexo:Torneo_Clausura_2025_(Argentina)
2025-09-19,19:00,Huracán,Racing Club,0,2,,,Primera Division - Clausura,2025,zonas,Zona A,Fecha 9,Tomás Adolfo Ducó,false,https://es.wikipedia.org/wiki/Anexo:Torneo_Clausura_2025_(Argentina)
2025-09-19,19:15,San Martín (SJ),Vélez Sarsfield,1,2,,,Primera Division - Clausura,2025,zonas,Zona B,Fecha 9,Ingeniero Hilario Sánchez,false,https://es.wikipedia.org/wiki/Anexo:Torneo_Clausura_2025_(Argentina)
2025-09-19,20:00,Argentino de Quilmes,Deportivo Laferrere,0,0,,,Primera B,2025,zonas,Torneo Clausura,Fecha 14,Argentino de Quilmes,false,https://es.wikipedia.org/wiki/Campeonato_de_Primera_B_2025_(Argentina)
2025-09-19,21:15,Lanús,Platense,2,1,,,Primera Division - Clausura,2025,zonas,Zona B,Fecha 9,Ciudad de Lanús,false,https://es.wikipedia.org/wiki/Anexo:Torneo_Clausura_2025_(Argentina)
2025-09-20,,Deportivo Rincón,Sportivo Belgrano,2,1,,,Torneo Federal A,2025,eliminacion,,Tercera fase,Estadio Elías Moisés Gómez,false,https://es.wikipedia.org/wiki/Torneo_Federal_A_2025
2025-09-20,,Ituzaingó,Deportivo Camioneros,2,1,,,Primera C,2025,eliminacion,,Final,Estadio Carlos Alberto Sacaan,false,https://es.wikipedia.org/wiki/Campeonato_de_Primera_C_2025_(Argentina)
2025-09-20,13:10,Atlanta,Tristán Suárez,1,0,,,Primera Nacional,2025,zonas,Zona A,Fecha 32,Don León Kolbowsky,false,https://es.wikipedia.org/wiki/Campeonato_de_Primera_Nacional_2025
2025-09-20,14:30,Barracas Central,Sarmiento (J),0,1,,,Primera Division - Clausura,2025,zonas,Interzonal,Fecha 9,Claudio Chiqui Tapia,false,https://es.wikipedia.org/wiki/Anexo:Torneo_Clausura_2025_(Argentina)
2025-09-20,15:00,Brown de Adrogué,Comunicaciones,0,1,,,Primera B,2025,zonas,Torneo Clausura,Fecha 14,Lorenzo Arandilla,false,https://es.wikipedia.org/wiki/Campeonato_de_Primera_B_2025_(Argentina)
2025-09-20,15:10,Almagro,Ferro Carril Oeste,0,1,,,Primera Nacional,2025,zonas,Zona A,Fecha 32,Tres de Febrero,false,https://es.wikipedia.org/wiki/Campeonato_de_Primera_Nacional_2025
2025-09-20,15:30,Argentino de Merlo,Liniers,5,1,,,Primera B,2025,zonas,Torneo Clausura,Fecha 14,Juan Carlos Brieva,false,https://es.wikipedia.org/wiki/Campeonato_de_Primera_B_2025_(Argentina)
2025-09-20,15:30,Arsenal,Deportivo Maipú,1,2,,,Primera Nacional,2025,zonas,Zona A,Fecha 32,El Viaducto,false,https://es.wikipedia.org/wiki/Campeonato_de_Primera_Nacional_2025
2025-09-20,15:30,Colegiales,Gimnasia y Tiro (S),2,0,,,Primera Nacional,2025,zonas,Zona A,Fecha 32,Libertarios Unidos,false,https://es.wikipedia.org/wiki/Campeonato_de_Primera_Nacional_2025
2025-09-20,15:30,San Miguel,Patronato,0,0,,,Primera Nacional,2025,zonas,Zona A,Fecha 32,Malvinas Argentinas,false,https://es.wikipedia.org/wiki/Campeonato_de_Primera_Nacional_2025
2025-09-20,15:30,Sportivo Italiano,Deportivo Merlo,1,0,,,Primera B,2025,zonas,Torneo Clausura,Fecha 14,República de Italia,false,https://es.wikipedia.org/wiki/Campeonato_de_Primera_B_2025_(Argentina)
2025-09-20,16:45,Unión,Independiente Rivadavia,2,2,,,Primera Division - Clausura,2025,zonas,Zona A,Fecha 9,15 de Abril,false,https://es.wikipedia.org/wiki/Anexo:Torneo_Clausura_2025_(Argentina)
2025-09-20,17:10,Temperley,Estudiantes (BA),1,3,,,Primera Nacional,2025,zonas,Zona B,Fecha 32,Alfredo Beranger,false,https://es.wikipedia.org/wiki/Campeonato_de_Primera_Nacional_2025
2025-09-20,17:30,Chaco For Ever,Estudiantes (RC),2,0,,,Primera Nacional,2025,zonas,Zona B,Fecha 32,Juan Alberto García,false,https://es.wikipedia.org/wiki/Campeonato_de_Primera_Nacional_2025
2025-09-20,17:30,Gimnasia y Esgrima (M),San Telmo,2,0,,,Primera Nacional,2025,zonas,Zona B,Fecha 32,Víctor Antonio Legrotaglie,false,https://es.wikipedia.org/wiki/Campeonato_de_Primera_Nacional_2025
2025-09-20,18:05,Real Pilar,Villa San Carlos,1,0,,,Primera B,2025,zonas,Torneo Clausura,Fecha 14,Carlos Barraza,false,https://es.wikipedia.org/wiki/Campeonato_de_Primera_B_2025_(Argentina)
2025-09-20,19:00,Tigre,Aldosivi,2,0,,,Primera Division - Clausura,2025,zonas,Zona A,Fecha 9,Monumental de Victoria,false,https://es.wikipedia.org/wiki/Anexo:Torneo_Clausura_2025_(Argentina)
2025-09-20,21:15,Atlético Tucumán,River Plate,2,0,,,Primera Division - Clausura,2025,zonas,Zona B,Fecha 9,Monumental José Fierro,false,https://es.wikipedia.org/wiki/Anexo:Torneo_Clausura_2025_(Argentina)
2025-09-21,,Gimnasia y Esgrima (C),Argentino (MM),0,1,,,Torneo Federal A,2025,eliminacion,,Tercera fase,Estadio José María Paz,false,https://es.wikipedia.org/wiki/Torneo_Federal_A_2025
2025-09-21,,Olimpo,Atlético de Rafaela,0,0,,,Torneo Federal A,2025,eliminacion,,Tercera fase,Estadio Roberto N. Carminatti,false,https://es.wikipedia.org/wiki/Torneo_Federal_A_2025
2025-09-21,,Puerto Nuevo,Central Ballester,0,2,,,Primera C,2025,eliminacion,,,Estadio Gildo Francisco Ghersinich,false,https://es.wikipedia.org/wiki/Campeonato_de_Primera_C_2025_(Argentina)
2025-09-21,,San Martín (F),Ciudad de Bolívar,0,1,,,Torneo Federal A,2025,eliminacion,,Tercera fase,Estadio 17 de Octubre,false,https://es.wikipedia.org/wiki/Torneo_Federal_A_2025
2025-09-21,14:30,Independiente,San Lorenzo,1,1,,,Primera Division - Clausura,2025,zonas,Zona B,Fecha 9,Libertadores de América,false,https://es.wikipedia.org/wiki/Anexo:Torneo_Clausura_2025_(Argentina)
2025-09-21,15:00,Almirante Brown,Defensores de Belgrano,1,2,,,Primera Nacional,2025,zonas,Zona B,Fecha 32,Fragata Presidente Sarmiento,false,https://es.wikipedia.org/wiki/Campeonato_de_Primera_Nacional_2025
2025-09-21,15:30,Alvarado,Los Andes,1,0,,,Primera Nacional,2025,zonas,Zona A,Fecha 32,José María Minella,false,https://es.wikipedia.org/wiki/Campeonato_de_Primera_Nacional_2025
2025-09-21,15:30,Defensores Unidos,Nueva Chicago,0,0,,,Primera Nacional,2025,zonas,Zona B,Fecha 32,Gigante de Villa Fox,false,https://es.wikipedia.org/wiki/Campeonato_de_Primera_Nacional_2025
2025-09-21,15:30,UAI Urquiza,Dock Sud,0,0,,,Primera B,2025,zonas,Torneo Clausura,Fecha 14,Monumental de Villa Lynch,false,https://es.wikipedia.org/wiki/Campeonato_de_Primera_B_2025_(Argentina)
2025-09-21,16:00,Ferrocarril Midland,Sacachispas,2,1,,,Primera B,2025,zonas,Torneo Clausura,Fecha 14,Ciudad de Libertad,false,https://es.wikipedia.org/wiki/Campeonato_de_Primera_B_2025_(Argentina)
2025-09-21,16:00,Mitre (SdE),Talleres (RdE),2,0,,,Primera Nacional,2025,zonas,Zona B,Fecha 32,Doctores José y Antonio Castiglione,false,https://es.wikipedia.org/wiki/Campeonato_de_Primera_Nacional_2025
2025-09-21,16:45,Godoy Cruz,Instituto,1,1,,,Primera Division - Clausura,2025,zonas,Zona B,Fecha 9,Feliciano Gambarte,false,https://es.wikipedia.org/wiki/Anexo:Torneo_Clausura_2025_(Argentina)
2025-09-21,17:00,Central Norte (S),Chacarita Juniors,2,1,,,Primera Nacional,2025,zonas,Zona B,Fecha 32,Padre Ernesto Martearena,false,https://es.wikipedia.org/wiki/Campeonato_de_Primera_Nacional_2025
2025-09-21,17:00,Colón,Deportivo Morón,0,0,,,Primera Nacional,2025,zonas,Zona B,Fecha 32,Brigadier Estanislao López,false,https://es.wikipedia.org/wiki/Campeonato_de_Primera_Nacional_2025
2025-09-21,18:00,Gimnasia y Esgrima (J),Agropecuario,0,2,,,Primera Nacional,2025,zonas,Zona B,Fecha 32,23 de Agosto,false,https://es.wikipedia.org/wiki/Campeonato_de_Primera_Nacional_2025
2025-09-21,19:00,Argentinos Juniors,Banfield,3,0,,,Primera Division - Clausura,2025,zonas,Zona A,Fecha 9,Diego Armando Maradona,false,https://es.wikipedia.org/wiki/Anexo:Torneo_Clausura_2025_(Argentina)
2025-09-21,19:00,Racing Club,San Martín (T),1,0,,,Primera Nacional,2025,zonas,Zona A,Fecha 32,Miguel Sancho,false,https://es.wikipedia.org/wiki/Campeonato_de_Primera_Nacional_2025
2025-09-21,19:00,Rosario Central,Talleres (C),1,1,,,Primera Division - Clausura,2025,zonas,Zona B,Fecha 9,Gigante de Arroyito,false,https://es.wikipedia.org/wiki/Anexo:Torneo_Clausura_2025_(Argentina)
2025-09-21,21:15,Boca Juniors,Central Córdoba (SdE),2,2,,,Primera Division - Clausura,2025,zonas,Zona A,Fecha 9,La Bombonera,false,https://es.wikipedia.org/wiki/Anexo:Torneo_Clausura_2025_(Argentina)
2025-09-22,15:30,Acassuso,Deportivo Armenio,2,3,,,Primera B,2025,zonas,Torneo Clausura,Fecha 14,La Quema,false,https://es.wikipedia.org/wiki/Campeonato_de_Primera_B_2025_(Argentina)
2025-09-22,17:30,Excursionistas,San Martín (B),4,2,,,Primera B,2025,zonas,Torneo Clausura,Fecha 14,Excursionistas,false,https://es.wikipedia.org/wiki/Campeonato_de_Primera_B_2025_(Argentina)
2025-09-22,19:00,Estudiantes (LP),Defensa y Justicia,1,0,,,Primera Division - Clausura,2025,zonas,Zona A,Fecha 9,Jorge Luis Hirschi,false,https://es.wikipedia.org/wiki/Anexo:Torneo_Clausura_2025_(Argentina)
2025-09-22,21:00,Belgrano,Newell's Old Boys,3,0,,,Primera Division - Clausura,2025,zonas,Zona A,Fecha 9,Gigante de Alberdi,false,https://es.wikipedia.org/wiki/Anexo:Torneo_Clausura_2025_(Argentina)
2025-09-22,21:05,All Boys,Deportivo Madryn,0,0,,,Primera Nacional,2025,zonas,Zona A,Fecha 32,Islas Malvinas,false,https://es.wikipedia.org/wiki/Campeonato_de_Primera_Nacional_2025
2025-09-22,21:05,Quilmes,Güemes (SdE),0,0,,,Primera Nacional,2025,zonas,Zona A,Fecha 32,Centenario Ciudad de Quilmes,false,https://es.wikipedia.org/wiki/Campeonato_de_Primera_Nacional_2025
2025-09-26,,Deportivo Paraguayo,Mercedes,0,0,,,Primera C,2025,eliminacion,,Primera fase,Estadio Deportivo Paraguayo,false,https://es.wikipedia.org/wiki/Campeonato_de_Primera_C_2025_(Argentina)
2025-09-26,15:30,Sacachispas,Sportivo Italiano,0,1,,,Primera B,2025,zonas,Torneo Clausura,Fecha 15,Beto Larrosa,false,https://es.wikipedia.org/wiki/Campeonato_de_Primera_B_2025_(Argentina)
2025-09-26,19:00,Banfield,Unión,0,0,,,Primera Division - Clausura,2025,zonas,Zona A,Fecha 10,Florencio Sola,false,https://es.wikipedia.org/wiki/Anexo:Torneo_Clausura_2025_(Argentina)
2025-09-26,19:00,Platense,San Martín (SJ),2,2,,,Primera Division - Clausura,2025,zonas,Zona B,Fecha 10,Ciudad de Vicente López,false,https://es.wikipedia.org/wiki/Anexo:Torneo_Clausura_2025_(Argentina)
2025-09-26,21:15,Central Córdoba (SdE),Tigre,0,1,,,Primera Division - Clausura,2025,zonas,Zona A,Fecha 10,Alfredo Terrera,false,https://es.wikipedia.org/wiki/Anexo:Torneo_Clausura_2025_(Argentina)
2025-09-26,22:00,Gimnasia y Tiro (S),Atlanta,2,2,,,Primera Nacional,2025,zonas,Zona A,Fecha 33,El Gigante del Norte,false,https://es.wikipedia.org/wiki/Campeonato_de_Primera_Nacional_2025
2025-09-27,,Deportivo Camioneros,Ituzaingó,3,1,,,Primera C,2025,eliminacion,,Final,Estadio Hugo Moyano,false,https://es.wikipedia.org/wiki/Campeonato_de_Primera_C_2025_(Argentina)
2025-09-27,,El Porvenir,Luján,1,1,,,Primera C,2025,eliminacion,,Primera fase,Estadio Gildo Francisco Ghersinich,false,https://es.wikipedia.org/wiki/Campeonato_de_Primera_C_2025_(Argentina)
2025-09-27,,Lugano,Cañuelas,0,2,,,Primera C,2025,eliminacion,,Primera fase,Estadio José María Moraños,false,https://es.wikipedia.org/wiki/Campeonato_de_Primera_C_2025_(Argentina)
2025-09-27,13:05,San Telmo,Gimnasia y Esgrima (J),3,2,,,Primera Nacional,2025,zonas,Zona B,Fecha 33,Doctor Osvaldo Baletto,false,https://es.wikipedia.org/wiki/Campeonato_de_Primera_Nacional_2025
2025-09-27,14:30,Aldosivi,Argentinos Juniors,0,2,,,Primera Division - Clausura,2025,zonas,Zona A,Fecha 10,José María Minella,false,https://es.wikipedia.org/wiki/Anexo:Torneo_Clausura_2025_(Argentina)
2025-09-27,14:30,Gimnasia y Esgrima (LP),Rosario Central,0,3,,,Primera Division - Clausura,2025,zonas,Zona B,Fecha 10,Del Bosque,false,https://es.wikipedia.org/wiki/Anexo:Torneo_Clausura_2025_(Argentina)
2025-09-27,14:30,Nueva Chicago,Agropecuario,1,0,,,Primera Nacional,2025,zonas,Zona B,Fecha 33,Nueva Chicago,false,https://es.wikipedia.org/wiki/Campeonato_de_Primera_Nacional_2025
2025-09-27,15:30,Deportivo Armenio,Excursionistas,2,1,,,Primera B,2025,zonas,Torneo Clausura,Fecha 15,Armenia,false,https://es.wikipedia.org/wiki/Campeonato_de_Primera_B_2025_(Argentina)
2025-09-27,15:30,Deportivo Laferrere,Argentino de Merlo,2,0,,,Primera B,2025,zonas,Torneo Clausura,Fecha 15,Ciudad de Laferrere,false,https://es.wikipedia.org/wiki/Campeonato_de_Primera_B_2025_(Argentina)
2025-09-27,15:30,Fénix,Argentino de Quilmes,3,1,,,Primera B,2025,zonas,Torneo Clausura,Fecha 15,Ciudad de San Miguel,false,https://es.wikipedia.org/wiki/Campeonato_de_Primera_B_2025_(Argentina)
2025-09-27,15:30,Talleres (RdE),Chaco For Ever,1,0,,,Primera Nacional,2025,zonas,Zona B,Fecha 33,Pablo Comelli,false,https://es.wikipedia.org/wiki/Campeonato_de_Primera_Nacional_2025
2025-09-27,16:30,Defensores de Belgrano,Central Norte (S),2,0,,,Primera Nacional,2025,zonas,Zona B,Fecha 33,Juan Pasquale,false,https://es.wikipedia.org/wiki/Campeonato_de_Primera_Nacional_2025
2025-09-27,16:45,San Lorenzo,Godoy Cruz,2,0,,,Primera Division - Clausura,2025,zonas,Zona B,Fecha 10,Nuevo Gasómetro,false,https://es.wikipedia.org/wiki/Anexo:Torneo_Clausura_2025_(Argentina)
2025-09-27,17:30,Estudiantes (BA),Colón,1,0,,,Primera Nacional,2025,zonas,Zona B,Fecha 33,Ciudad de Caseros,false,https://es.wikipedia.org/wiki/Campeonato_de_Primera_Nacional_2025
2025-09-27,19:00,Defensa y Justicia,Boca Juniors,2,1,,,Primera Division - Clausura,2025,zonas,Zona A,Fecha 10,Norberto Tomaghello,false,https://es.wikipedia.org/wiki/Anexo:Torneo_Clausura_2025_(Argentina)
2025-09-27,19:00,Tristán Suárez,Racing Club,4,1,,,Primera Nacional,2025,zonas,Zona A,Fecha 33,20 de Octubre,false,https://es.wikipedia.org/wiki/Campeonato_de_Primera_Nacional_2025
2025-09-27,21:00,Deportivo Morón,Mitre (SdE),3,0,,,Primera Nacional,2025,zonas,Zona B,Fecha 33,Nuevo Francisco Urbano,false,https://es.wikipedia.org/wiki/Campeonato_de_Primera_Nacional_2025
2025-09-27,21:15,Talleres (C),Sarmiento (J),1,0,,,Primera Division - Clausura,2025,zonas,Zona B,Fecha 10,Mario Alberto Kempes,false,https://es.wikipedia.org/wiki/Anexo:Torneo_Clausura_2025_(Argentina)
2025-09-28,,Argentino (MM),Gimnasia y Esgrima (C),3,1,,,Torneo Federal A,2025,eliminacion,,Tercera fase,Estadio Modesto Marrone,false,https://es.wikipedia.org/wiki/Torneo_Federal_A_2025
2025-09-28,,Atlético de Rafaela,Olimpo,2,1,,,Torneo Federal A,2025,eliminacion,,Tercera fase,Estadio Nuevo Monumental,false,https://es.wikipedia.org/wiki/Torneo_Federal_A_2025
2025-09-28,,Ciudad de Bolívar,San Martín (F),4,1,,,Torneo Federal A,2025,eliminacion,,Tercera fase,Estadio Municipal Eva Perón,false,https://es.wikipedia.org/wiki/Torneo_Federal_A_2025
2025-09-28,,Defensores de Cambaceres,Atlas,1,1,,,Primera C,2025,eliminacion,,Primera fase,Estadio 12 de Octubre,false,https://es.wikipedia.org/wiki/Campeonato_de_Primera_C_2025_(Argentina)
2025-09-28,,General Lamadrid,Berazategui,2,0,,,Primera C,2025,eliminacion,,Primera fase,Estadio Enrique Sexto,false,https://es.wikipedia.org/wiki/Campeonato_de_Primera_C_2025_(Argentina)
2025-09-28,,Juventud Unida,Central Córdoba (R),1,2,,,Primera C,2025,eliminacion,,Primera fase,Estadio Ciudad de San Miguel,false,https://es.wikipedia.org/wiki/Campeonato_de_Primera_C_2025_(Argentina)
2025-09-28,,Sportivo Belgrano,Deportivo Rincón,1,0,,,Torneo Federal A,2025,eliminacion,,Tercera fase,Estadio Juan Pablo Francia,false,https://es.wikipedia.org/wiki/Torneo_Federal_A_2025
2025-09-28,,Yupanqui,Muñiz,2,1,,,Primera C,2025,eliminacion,,Primera fase,Estadio Ciudad Evita,false,https://es.wikipedia.org/wiki/Campeonato_de_Primera_C_2025_(Argentina)
2025-09-28,15:15,Chacarita Juniors,Gimnasia y Esgrima (M),1,1,,,Primera Nacional,2025,zonas,Zona B,Fecha 33,Chacarita Juniors,false,https://es.wikipedia.org/wiki/Campeonato_de_Primera_Nacional_2025
2025-09-28,15:15,Racing Club,Independiente,0,0,,,Primera Division - Clausura,2025,zonas,Interzonal,Fecha 10,El Cilindro,false,https://es.wikipedia.org/wiki/Anexo:Torneo_Clausura_2025_(Argentina)
2025-09-28,15:30,Alvarado,All Boys,0,0,,,Primera Nacional,2025,zonas,Zona A,Fecha 33,José María Minella,false,https://es.wikipedia.org/wiki/Campeonato_de_Primera_Nacional_2025
2025-09-28,15:30,Defensores Unidos,Temperley,0,0,,,Primera Nacional,2025,zonas,Zona B,Fecha 33,Gigante de Villa Fox,false,https://es.wikipedia.org/wiki/Campeonato_de_Primera_Nacional_2025
2025-09-28,15:30,Deportivo Madryn,Arsenal,2,1,,,Primera Nacional,2025,zonas,Zona A,Fecha 33,Abel Sastre,false,https://es.wikipedia.org/wiki/Campeonato_de_Primera_Nacional_2025
2025-09-28,15:30,Güemes (SdE),San Miguel,1,0,,,Primera Nacional,2025,zonas,Zona A,Fecha 33,Arturo Miranda,false,https://es.wikipedia.org/wiki/Campeonato_de_Primera_Nacional_2025
2025-09-28,15:30,Liniers,Brown de Adrogué,2,1,,,Primera B,2025,zonas,Torneo Clausura,Fecha 15,Juan Antonio Arias,false,https://es.wikipedia.org/wiki/Campeonato_de_Primera_B_2025_(Argentina)
2025-09-28,15:30,Los Andes,Ferro Carril Oeste,0,1,,,Primera Nacional,2025,zonas,Zona A,Fecha 33,Eduardo Gallardón,false,https://es.wikipedia.org/wiki/Campeonato_de_Primera_Nacional_2025
2025-09-28,15:30,Patronato,Almagro,0,0,,,Primera Nacional,2025,zonas,Zona A,Fecha 33,Presbítero Bartolomé Grella,false,https://es.wikipedia.org/wiki/Campeonato_de_Primera_Nacional_2025
2025-09-28,16:30,Deportivo Maipú,Colegiales,1,2,,,Primera Nacional,2025,zonas,Zona A,Fecha 33,Omar Higinio Sperdutti,false,https://es.wikipedia.org/wiki/Campeonato_de_Primera_Nacional_2025
2025-09-28,18:00,River Plate,Deportivo Riestra,1,2,,,Primera Division - Clausura,2025,zonas,Zona B,Fecha 10,Monumental,false,https://es.wikipedia.org/wiki/Anexo:Torneo_Clausura_2025_(Argentina)
2025-09-28,19:00,Estudiantes (RC),Almirante Brown,1,1,,,Primera Nacional,2025,zonas,Zona B,Fecha 33,Antonio Candini,false,https://es.wikipedia.org/wiki/Campeonato_de_Primera_Nacional_2025
2025-09-28,20:15,Independiente Rivadavia,Huracán,0,0,,,Primera Division - Clausura,2025,zonas,Zona A,Fecha 10,Bautista Gargantini,false,https://es.wikipedia.org/wiki/Anexo:Torneo_Clausura_2025_(Argentina)
2025-09-28,20:15,Instituto,Lanús,0,0,,,Primera Division - Clausura,2025,zonas,Zona B,Fecha 10,Juan Domingo Perón,false,https://es.wikipedia.org/wiki/Anexo:Torneo_Clausura_2025_(Argentina)
2025-09-28,20:30,San Martín (T),Quilmes,1,1,,,Primera Nacional,2025,zonas,Zona A,Fecha 33,La Ciudadela,false,https://es.wikipedia.org/wiki/Campeonato_de_Primera_Nacional_2025
2025-09-29,,Central Ballester,Claypole,1,3,,,Primera C,2025,eliminacion,,Primera fase,Estadio Rubén Carlos Vallejos,false,https://es.wikipedia.org/wiki/Campeonato_de_Primera_C_2025_(Argentina)
2025-09-29,,Leandro N. Alem,Argentino de Rosario,3,0,,,Primera C,2025,eliminacion,,Primera fase,Estadio de Leandro N. Alem,false,https://es.wikipedia.org/wiki/Campeonato_de_Primera_C_2025_(Argentina)
2025-09-29,,Sportivo Barracas,J. J. de Urquiza,3,0,,,Primera C,2025,eliminacion,,Primera fase,Estadio Nuevo Francisco Urbano,false,https://es.wikipedia.org/wiki/Campeonato_de_Primera_C_2025_(Argentina)
2025-09-29,,Victoriano Arenas,Centro Español,0,1,,,Primera C,2025,eliminacion,,Primera fase,Estadio Saturnino Moure,false,https://es.wikipedia.org/wiki/Campeonato_de_Primera_C_2025_(Argentina)
2025-09-29,15:05,Dock Sud,Real Pilar,0,2,,,Primera B,2025,zonas,Torneo Clausura,Fecha 15,De los Inmigrantes,false,https://es.wikipedia.org/wiki/Campeonato_de_Primera_B_2025_(Argentina)
2025-09-29,15:30,Barracas Central,Belgrano,1,1,,,Primera Division - Clausura,2025,zonas,Zona A,Fecha 10,Claudio Chiqui Tapia,false,https://es.wikipedia.org/wiki/Anexo:Torneo_Clausura_2025_(Argentina)
2025-09-29,15:30,Flandria,Villa Dálmine,2,0,,,Primera B,2025,zonas,Torneo Clausura,Fecha 15,Carlos V,false,https://es.wikipedia.org/wiki/Campeonato_de_Primera_B_2025_(Argentina)
2025-09-29,20:00,Comunicaciones,Acassuso,0,0,,,Primera B,2025,zonas,Torneo Clausura,Fecha 15,Alfredo Ramos,false,https://es.wikipedia.org/wiki/Campeonato_de_Primera_B_2025_(Argentina)
2025-09-29,20:00,Deportivo Merlo,UAI Urquiza,1,2,,,Primera B,2025,zonas,Torneo Clausura,Fecha 15,José Manuel Moreno,false,https://es.wikipedia.org/wiki/Campeonato_de_Primera_B_2025_(Argentina)
2025-09-29,20:00,Vélez Sarsfield,Atlético Tucumán,3,1,,,Primera Division - Clausura,2025,zonas,Zona B,Fecha 10,José Amalfitani,false,https://es.wikipedia.org/wiki/Anexo:Torneo_Clausura_2025_(Argentina)
2025-09-29,21:10,San Martín (B),Ferrocarril Midland,1,0,,,Primera B,2025,zonas,Torneo Clausura,Fecha 15,Francisco Boga,false,https://es.wikipedia.org/wiki/Campeonato_de_Primera_B_2025_(Argentina)
2025-09-30,,Deportivo Español,Estrella del Sur,1,0,,,Primera C,2025,eliminacion,,Primera fase,Estadio Nueva España,false,https://es.wikipedia.org/wiki/Campeonato_de_Primera_C_2025_(Argentina)
2025-09-30,19:00,Newell's Old Boys,Estudiantes (LP),1,1,,,Primera Division - Clausura,2025,zonas,Zona A,Fecha 10,Marcelo Bielsa,false,https://es.wikipedia.org/wiki/Anexo:Torneo_Clausura_2025_(Argentina)
2025-10-02,,Racing Club,River Plate,0,1,,,Copa Argentina,2025,eliminacion,,Cuartos,Gigante de Arroyito,true,https://es.wikipedia.org/wiki/Copa_Argentina_2025
2025-10-03,,Luján,El Porvenir,1,0,,,Primera C,2025,eliminacion,,Primera fase,Estadio 1.º de Abril,false,https://es.wikipedia.org/wiki/Campeonato_de_Primera_C_2025_(Argentina)
2025-10-03,,Mercedes,Deportivo Paraguayo,2,0,,,Primera C,2025,eliminacion,,Primera fase,Estadio de la Liga Mercedina,false,https://es.wikipedia.org/wiki/Campeonato_de_Primera_C_2025_(Argentina)
2025-10-03,15:30,Kimberley,Cipolletti,1,0,,,Torneo Federal A,2025,eliminacion,,Partidos de ida,José Alberto Valle,false,https://es.wikipedia.org/wiki/Torneo_Federal_A_2025
2025-10-03,19:00,Tigre,Defensa y Justicia,1,1,,,Primera Division - Clausura,2025,zonas,Zona A,Fecha 11,Monumental de Victoria,false,https://es.wikipedia.org/wiki/Anexo:Torneo_Clausura_2025_(Argentina)
2025-10-03,20:00,Argentino de Merlo,Fénix,1,0,,,Primera B,2025,zonas,Torneo Clausura,Fecha 16,Juan Carlos Brieva,false,https://es.wikipedia.org/wiki/Campeonato_de_Primera_B_2025_(Argentina)
2025-10-03,21:00,Sarmiento (R),Atenas (RC),0,1,,,Torneo Federal A,2025,eliminacion,,Partidos de ida,Centenario,false,https://es.wikipedia.org/wiki/Torneo_Federal_A_2025
2025-10-03,21:15,Argentinos Juniors,Central Córdoba (SdE),0,0,,,Primera Division - Clausura,2025,zonas,Zona A,Fecha 11,Diego Armando Maradona,false,https://es.wikipedia.org/wiki/Anexo:Torneo_Clausura_2025_(Argentina)
2025-10-03,21:15,Unión,Aldosivi,0,2,,,Primera Division - Clausura,2025,zonas,Zona A,Fecha 11,15 de Abril,false,https://es.wikipedia.org/wiki/Anexo:Torneo_Clausura_2025_(Argentina)
2025-10-03,21:30,San Martín (SM),Sarmiento (LB),0,0,,,Torneo Federal A,2025,eliminacion,,Partidos de ida,Libertador General San Martín,false,https://es.wikipedia.org/wiki/Torneo_Federal_A_2025
2025-10-04,,Argentino de Rosario,Leandro N. Alem,2,0,,,Primera C,2025,eliminacion,,Primera fase,Estadio José Martín Olaeta,false,https://es.wikipedia.org/wiki/Campeonato_de_Primera_C_2025_(Argentina)
2025-10-04,,Cañuelas,Lugano,3,1,,,Primera C,2025,eliminacion,,Primera fase,Estadio Jorge Arín,false,https://es.wikipedia.org/wiki/Campeonato_de_Primera_C_2025_(Argentina)
2025-10-04,,Central Córdoba (R),Juventud Unida,1,0,,,Primera C,2025,eliminacion,,Primera fase,Estadio Gabino Sosa,false,https://es.wikipedia.org/wiki/Campeonato_de_Primera_C_2025_(Argentina)
2025-10-04,,Muñiz,Yupanqui,1,4,,,Primera C,2025,eliminacion,,Primera fase,Estadio Ciudad de San Miguel,false,https://es.wikipedia.org/wiki/Campeonato_de_Primera_C_2025_(Argentina)
2025-10-04,14:30,Sarmiento (J),Gimnasia y Esgrima (LP),0,1,,,Primera Division - Clausura,2025,zonas,Zona B,Fecha 11,Eva Perón,false,https://es.wikipedia.org/wiki/Anexo:Torneo_Clausura_2025_(Argentina)
2025-10-04,15:00,Brown de Adrogué,Deportivo Laferrere,1,1,,,Primera B,2025,zonas,Torneo Clausura,Fecha 16,Lorenzo Arandilla,false,https://es.wikipedia.org/wiki/Campeonato_de_Primera_B_2025_(Argentina)
2025-10-04,15:30,Acassuso,Liniers,0,1,,,Primera B,2025,zonas,Torneo Clausura,Fecha 16,La Quema,false,https://es.wikipedia.org/wiki/Campeonato_de_Primera_B_2025_(Argentina)
2025-10-04,15:30,Almagro,Güemes (SdE),0,1,,,Primera Nacional,2025,zonas,Zona A,Fecha 34,Tres de Febrero,false,https://es.wikipedia.org/wiki/Campeonato_de_Primera_Nacional_2025
2025-10-04,15:30,Arsenal,Alvarado,5,0,,,Primera Nacional,2025,zonas,Zona A,Fecha 34,El Viaducto,false,https://es.wikipedia.org/wiki/Campeonato_de_Primera_Nacional_2025
2025-10-04,15:30,Atlanta,Deportivo Maipú,0,3,,,Primera Nacional,2025,zonas,Zona A,Fecha 34,Don León Kolbowsky,false,https://es.wikipedia.org/wiki/Campeonato_de_Primera_Nacional_2025
2025-10-04,15:30,Colegiales,Deportivo Madryn,1,0,,,Primera Nacional,2025,zonas,Zona A,Fecha 34,Libertarios Unidos,false,https://es.wikipedia.org/wiki/Campeonato_de_Primera_Nacional_2025
2025-10-04,15:30,Ferro Carril Oeste,Patronato,3,1,,,Primera Nacional,2025,zonas,Zona A,Fecha 34,Arquitecto Ricardo Etcheverri,false,https://es.wikipedia.org/wiki/Campeonato_de_Primera_Nacional_2025
2025-10-04,15:30,Quilmes,Tristán Suárez,0,1,,,Primera Nacional,2025,zonas,Zona A,Fecha 34,Centenario Ciudad de Quilmes,false,https://es.wikipedia.org/wiki/Campeonato_de_Primera_Nacional_2025
2025-10-04,15:30,Racing Club,Gimnasia y Tiro (S),1,2,,,Primera Nacional,2025,zonas,Zona A,Fecha 34,Miguel Sancho,false,https://es.wikipedia.org/wiki/Campeonato_de_Primera_Nacional_2025
2025-10-04,15:30,Real Pilar,Deportivo Merlo,0,0,,,Primera B,2025,zonas,Torneo Clausura,Fecha 16,Carlos Barraza,false,https://es.wikipedia.org/wiki/Campeonato_de_Primera_B_2025_(Argentina)
2025-10-04,15:30,San Miguel,San Martín (T),2,2,,,Primera Nacional,2025,zonas,Zona A,Fecha 34,Malvinas Argentinas,false,https://es.wikipedia.org/wiki/Campeonato_de_Primera_Nacional_2025
2025-10-04,15:30,Sportivo Italiano,San Martín (B),1,0,,,Primera B,2025,zonas,Torneo Clausura,Fecha 16,República de Italia,false,https://es.wikipedia.org/wiki/Campeonato_de_Primera_B_2025_(Argentina)
2025-10-04,15:30,Villa San Carlos,Dock Sud,2,2,,,Primera B,2025,zonas,Torneo Clausura,Fecha 16,Genacio Sálice,false,https://es.wikipedia.org/wiki/Campeonato_de_Primera_B_2025_(Argentina)
2025-10-04,16:45,San Martín (SJ),Instituto,0,0,,,Primera Division - Clausura,2025,zonas,Zona B,Fecha 11,Ingeniero Hilario Sánchez,false,https://es.wikipedia.org/wiki/Anexo:Torneo_Clausura_2025_(Argentina)
2025-10-04,19:00,Atlético Tucumán,Platense,2,0,,,Primera Division - Clausura,2025,zonas,Zona B,Fecha 11,Monumental José Fierro,false,https://es.wikipedia.org/wiki/Anexo:Torneo_Clausura_2025_(Argentina)
2025-10-04,19:00,Huracán,Banfield,1,0,,,Primera Division - Clausura,2025,zonas,Zona A,Fecha 11,Tomás Adolfo Ducó,false,https://es.wikipedia.org/wiki/Anexo:Torneo_Clausura_2025_(Argentina)
2025-10-04,21:15,Lanús,San Lorenzo,2,1,,,Primera Division - Clausura,2025,zonas,Zona B,Fecha 11,Ciudad de Lanús,false,https://es.wikipedia.org/wiki/Anexo:Torneo_Clausura_2025_(Argentina)
2025-10-05,,Argentino (MM),Ciudad de Bolívar,1,0,,,Torneo Federal A,2025,eliminacion,,,Estadio Modesto Marrone,false,https://es.wikipedia.org/wiki/Torneo_Federal_A_2025
2025-10-05,,Atlético de Rafaela,Sportivo Belgrano,3,0,,,Torneo Federal A,2025,eliminacion,,,Estadio Nuevo Monumental,false,https://es.wikipedia.org/wiki/Torneo_Federal_A_2025
2025-10-05,,Berazategui,General Lamadrid,2,0,6,5,Primera C,2025,eliminacion,,Primera fase,Estadio Norman Lee,false,https://es.wikipedia.org/wiki/Campeonato_de_Primera_C_2025_(Argentina)
2025-10-05,,Claypole,Central Ballester,3,1,,,Primera C,2025,eliminacion,,Primera fase,Estadio Rodolfo Vicente Capocasa,false,https://es.wikipedia.org/wiki/Campeonato_de_Primera_C_2025_(Argentina)
2025-10-05,,J. J. de Urquiza,Sportivo Barracas,0,3,,,Primera C,2025,eliminacion,,Primera fase,Estadio Ramón Roque Martín,false,https://es.wikipedia.org/wiki/Campeonato_de_Primera_C_2025_(Argentina)
2025-10-05,14:30,Godoy Cruz,Independiente,1,1,,,Primera Division - Clausura,2025,zonas,Zona B,Fecha 11,Malvinas Argentinas,false,https://es.wikipedia.org/wiki/Anexo:Torneo_Clausura_2025_(Argentina)
2025-10-05,15:00,Bartolomé Mitre (P),Costa Brava,1,1,,,Torneo Federal A,2025,eliminacion,,Partidos de ida,Ernesto Cucchiaroni,false,https://es.wikipedia.org/wiki/Torneo_Federal_A_2025
2025-10-05,15:00,Germinal,9 de Julio (R),1,1,,,Torneo Federal A,2025,eliminacion,,Partidos de ida,El Fortín (R),false,https://es.wikipedia.org/wiki/Torneo_Federal_A_2025
2025-10-05,15:00,Sol de Mayo (V),San Martín (F),2,1,,,Torneo Federal A,2025,eliminacion,,Partidos de ida,Sol de Mayo,false,https://es.wikipedia.org/wiki/Torneo_Federal_A_2025
2025-10-05,15:30,Agropecuario,San Telmo,2,0,,,Primera Nacional,2025,zonas,Zona B,Fecha 34,Ofelia Rosenzuaig,false,https://es.wikipedia.org/wiki/Campeonato_de_Primera_Nacional_2025
2025-10-05,15:30,Almirante Brown,Talleres (RdE),2,1,,,Primera Nacional,2025,zonas,Zona B,Fecha 34,Fragata Presidente Sarmiento,false,https://es.wikipedia.org/wiki/Campeonato_de_Primera_Nacional_2025
2025-10-05,15:30,Argentino de Quilmes,Flandria,1,1,,,Primera B,2025,zonas,Torneo Clausura,Fecha 16,Argentino de Quilmes,false,https://es.wikipedia.org/wiki/Campeonato_de_Primera_B_2025_(Argentina)
2025-10-05,15:30,Central Norte (S),Estudiantes (RC),1,2,,,Primera Nacional,2025,zonas,Zona B,Fecha 34,Padre Ernesto Martearena,false,https://es.wikipedia.org/wiki/Campeonato_de_Primera_Nacional_2025
2025-10-05,15:30,Chaco For Ever,Deportivo Morón,1,1,,,Primera Nacional,2025,zonas,Zona B,Fecha 34,Juan Alberto García,false,https://es.wikipedia.org/wiki/Campeonato_de_Primera_Nacional_2025
2025-10-05,15:30,Colón,Defensores Unidos,1,0,,,Primera Nacional,2025,zonas,Zona B,Fecha 34,Brigadier Estanislao López,false,https://es.wikipedia.org/wiki/Campeonato_de_Primera_Nacional_2025
2025-10-05,15:30,Gimnasia y Esgrima (J),Chacarita Juniors,2,0,,,Primera Nacional,2025,zonas,Zona B,Fecha 34,23 de Agosto,false,https://es.wikipedia.org/wiki/Campeonato_de_Primera_Nacional_2025
2025-10-05,15:30,Gimnasia y Esgrima (M),Defensores de Belgrano,1,0,,,Primera Nacional,2025,zonas,Zona B,Fecha 34,Víctor Antonio Legrotaglie,false,https://es.wikipedia.org/wiki/Campeonato_de_Primera_Nacional_2025
2025-10-05,15:30,Guillermo Brown,Villa Mitre,3,0,,,Torneo Federal A,2025,eliminacion,,Partidos de ida,Raúl Conti,false,https://es.wikipedia.org/wiki/Torneo_Federal_A_2025
2025-10-05,15:30,Mitre (SdE),Estudiantes (BA),1,1,,,Primera Nacional,2025,zonas,Zona B,Fecha 34,Doctores José y Antonio Castiglione,false,https://es.wikipedia.org/wiki/Campeonato_de_Primera_Nacional_2025
2025-10-05,15:30,Temperley,Nueva Chicago,3,0,,,Primera Nacional,2025,zonas,Zona B,Fecha 34,Alfredo Beranger,false,https://es.wikipedia.org/wiki/Campeonato_de_Primera_Nacional_2025
2025-10-05,16:00,El Linqueño,Gimnasia y Esgrima (C),1,1,,,Torneo Federal A,2025,eliminacion,,Partidos de ida,Leonardo Costa,false,https://es.wikipedia.org/wiki/Torneo_Federal_A_2025
2025-10-05,16:00,Sportivo Las Parejas,Deportivo Rincón,2,0,,,Torneo Federal A,2025,eliminacion,,Partidos de ida,4 de Septiembre,false,https://es.wikipedia.org/wiki/Torneo_Federal_A_2025
2025-10-05,16:15,Juventud Unida Universitario,Olimpo,0,0,,,Torneo Federal A,2025,eliminacion,,Partidos de ida,Mario Sebastián Diez,false,https://es.wikipedia.org/wiki/Torneo_Federal_A_2025
2025-10-05,16:30,Douglas Haig,Independiente (C),4,2,,,Torneo Federal A,2025,eliminacion,,Partidos de ida,Miguel Morales,false,https://es.wikipedia.org/wiki/Torneo_Federal_A_2025
2025-10-05,16:30,Estudiantes (LP),Barracas Central,1,1,,,Primera Division - Clausura,2025,zonas,Zona A,Fecha 11,Jorge Luis Hirschi,false,https://es.wikipedia.org/wiki/Anexo:Torneo_Clausura_2025_(Argentina)
2025-10-05,16:45,Talleres (C),Belgrano,0,0,,,Primera Division - Clausura,2025,zonas,Interzonal,Fecha 11,Mario Alberto Kempes,false,https://es.wikipedia.org/wiki/Anexo:Torneo_Clausura_2025_(Argentina)
2025-10-05,18:00,Boca Unidos,Juventud Antoniana,2,0,,,Torneo Federal A,2025,eliminacion,,Partidos de ida,Leoncio Benítez,false,https://es.wikipedia.org/wiki/Torneo_Federal_A_2025
2025-10-05,19:00,Boca Juniors,Newell's Old Boys,5,0,,,Primera Division - Clausura,2025,zonas,Zona A,Fecha 11,La Bombonera,false,https://es.wikipedia.org/wiki/Anexo:Torneo_Clausura_2025_(Argentina)
2025-10-05,21:15,Rosario Central,River Plate,2,1,,,Primera Division - Clausura,2025,zonas,Zona B,Fecha 11,Gigante de Arroyito,false,https://es.wikipedia.org/wiki/Anexo:Torneo_Clausura_2025_(Argentina)
2025-10-06,,Atlas,Defensores de Cambaceres,2,0,,,Primera C,2025,eliminacion,,Primera fase,Estadio Ricardo Puga,false,https://es.wikipedia.org/wiki/Campeonato_de_Primera_C_2025_(Argentina)
2025-10-06,,Centro Español,Victoriano Arenas,3,1,,,Primera C,2025,eliminacion,,Primera fase,Estadio Carlos Sacaan,false,https://es.wikipedia.org/wiki/Campeonato_de_Primera_C_2025_(Argentina)
2025-10-06,,Estrella del Sur,Deportivo Español,1,1,,,Primera C,2025,eliminacion,,Primera fase,Estadio Lorenzo Arandilla,false,https://es.wikipedia.org/wiki/Campeonato_de_Primera_C_2025_(Argentina)
2025-10-06,15:30,UAI Urquiza,Sacachispas,1,0,,,Primera B,2025,zonas,Torneo Clausura,Fecha 16,Monumental de Villa Lynch,false,https://es.wikipedia.org/wiki/Campeonato_de_Primera_B_2025_(Argentina)
2025-10-06,19:00,Deportivo Riestra,Vélez Sarsfield,2,2,,,Primera Division - Clausura,2025,zonas,Zona B,Fecha 11,Guillermo Laza,false,https://es.wikipedia.org/wiki/Anexo:Torneo_Clausura_2025_(Argentina)
2025-10-06,20:00,All Boys,Los Andes,3,0,,,Primera Nacional,2025,zonas,Zona A,Fecha 34,Islas Malvinas,false,https://es.wikipedia.org/wiki/Campeonato_de_Primera_Nacional_2025
2025-10-06,20:00,Excursionistas,Comunicaciones,1,0,,,Primera B,2025,zonas,Torneo Clausura,Fecha 16,Excursionistas,false,https://es.wikipedia.org/wiki/Campeonato_de_Primera_B_2025_(Argentina)
2025-10-06,21:00,Racing Club,Independiente Rivadavia,0,0,,,Primera Division - Clausura,2025,zonas,Zona A,Fecha 11,El Cilindro,false,https://es.wikipedia.org/wiki/Anexo:Torneo_Clausura_2025_(Argentina)
2025-10-06,21:10,Ferrocarril Midland,Deportivo Armenio,0,0,,,Primera B,2025,zonas,Torneo Clausura,Fecha 16,Ciudad de Libertad,false,https://es.wikipedia.org/wiki/Campeonato_de_Primera_B_2025_(Argentina)
2025-10-10,14:30,San Lorenzo,San Martín (SJ),0,1,,,Primera Division - Clausura,2025,zonas,Zona B,Fecha 12,Nuevo Gasómetro,false,https://es.wikipedia.org/wiki/Anexo:Torneo_Clausura_2025_(Argentina)
2025-10-10,15:30,Deportivo Laferrere,Acassuso,2,1,,,Primera B,2025,zonas,Torneo Clausura,Fecha 17,Ciudad de Laferrere,false,https://es.wikipedia.org/wiki/Campeonato_de_Primera_B_2025_(Argentina)
2025-10-10,16:15,Defensa y Justicia,Argentinos Juniors,1,0,,,Primera Division - Clausura,2025,zonas,Zona A,Fecha 12,Norberto Tomaghello,false,https://es.wikipedia.org/wiki/Anexo:Torneo_Clausura_2025_(Argentina)
2025-10-10,16:45,Central Córdoba (SdE),Unión,3,1,,,Primera Division - Clausura,2025,zonas,Zona A,Fecha 12,Único Madre de Ciudades,false,https://es.wikipedia.org/wiki/Anexo:Torneo_Clausura_2025_(Argentina)
2025-10-10,18:30,Newell's Old Boys,Tigre,1,1,,,Primera Division - Clausura,2025,zonas,Zona A,Fecha 12,Marcelo Bielsa,false,https://es.wikipedia.org/wiki/Anexo:Torneo_Clausura_2025_(Argentina)
2025-10-10,22:00,Juventud Antoniana,Boca Unidos,3,0,,,Torneo Federal A,2025,eliminacion,,Partidos de vuelta,Padre Ernesto Martearena,false,https://es.wikipedia.org/wiki/Torneo_Federal_A_2025
2025-10-11,,Atlanta,Chaco For Ever,3,0,,,Primera Nacional,2025,eliminacion,,Primera fase,Estadio Don León Kolbowsky,false,https://es.wikipedia.org/wiki/Campeonato_de_Primera_Nacional_2025
2025-10-11,,Cañuelas,Claypole,1,2,,,Primera C,2025,eliminacion,,Segunda fase,Estadio Jorge Arín,false,https://es.wikipedia.org/wiki/Campeonato_de_Primera_C_2025_(Argentina)
2025-10-11,,Deportivo Madryn,Gimnasia y Esgrima (M),1,1,0,3,Primera Nacional,2025,eliminacion,,Final,Estadio Ciudad de Vicente López,false,https://es.wikipedia.org/wiki/Campeonato_de_Primera_Nacional_2025
2025-10-11,,Gimnasia y Tiro (S),Temperley,2,0,,,Primera Nacional,2025,eliminacion,,Primera fase,Estadio Gigante del Norte,false,https://es.wikipedia.org/wiki/Campeonato_de_Primera_Nacional_2025
2025-10-11,,Yupanqui,Centro Español,0,1,,,Primera C,2025,eliminacion,,Segunda fase,Estadio Ciudad Evita,false,https://es.wikipedia.org/wiki/Campeonato_de_Primera_C_2025_(Argentina)
2025-10-11,14:30,Barracas Central,Boca Juniors,1,3,,,Primera Division - Clausura,2025,zonas,Zona A,Fecha 12,Claudio Chiqui Tapia,false,https://es.wikipedia.org/wiki/Anexo:Torneo_Clausura_2025_(Argentina)
2025-10-11,15:30,Cipolletti,Kimberley,0,0,,,Torneo Federal A,2025,eliminacion,,Partidos de vuelta,La Visera de Cemento,false,https://es.wikipedia.org/wiki/Torneo_Federal_A_2025
2025-10-11,15:30,Flandria,Argentino de Merlo,1,0,,,Primera B,2025,zonas,Torneo Clausura,Fecha 17,Carlos V,false,https://es.wikipedia.org/wiki/Campeonato_de_Primera_B_2025_(Argentina)
2025-10-11,15:30,Fénix,Brown de Adrogué,1,1,,,Primera B,2025,zonas,Torneo Clausura,Fecha 17,Ciudad de San Miguel,false,https://es.wikipedia.org/wiki/Campeonato_de_Primera_B_2025_(Argentina)
2025-10-11,15:30,San Martín (B),UAI Urquiza,5,0,,,Primera B,2025,zonas,Torneo Clausura,Fecha 17,Francisco Boga,false,https://es.wikipedia.org/wiki/Campeonato_de_Primera_B_2025_(Argentina)
2025-10-11,15:30,Villa Dálmine,Argentino de Quilmes,1,0,,,Primera B,2025,zonas,Torneo Clausura,Fecha 17,El Coliseo de Mitre y Puccini,false,https://es.wikipedia.org/wiki/Campeonato_de_Primera_B_2025_(Argentina)
2025-10-11,16:30,Independiente (C),Douglas Haig,1,0,,,Torneo Federal A,2025,eliminacion,,Partidos de vuelta,Raúl Orlando Lungarzo,false,https://es.wikipedia.org/wiki/Torneo_Federal_A_2025
2025-10-11,16:30,Villa Mitre,Guillermo Brown,2,1,,,Torneo Federal A,2025,eliminacion,,Partidos de vuelta,El Fortín (BB),false,https://es.wikipedia.org/wiki/Torneo_Federal_A_2025
2025-10-11,16:45,Gimnasia y Esgrima (LP),Talleres (C),1,2,,,Primera Division - Clausura,2025,zonas,Zona B,Fecha 12,Del Bosque,false,https://es.wikipedia.org/wiki/Anexo:Torneo_Clausura_2025_(Argentina)
2025-10-11,18:00,Atenas (RC),Sarmiento (R),4,0,,,Torneo Federal A,2025,eliminacion,,Partidos de vuelta,9 de Julio,false,https://es.wikipedia.org/wiki/Torneo_Federal_A_2025
2025-10-11,19:00,Banfield,Racing Club,1,3,,,Primera Division - Clausura,2025,zonas,Zona A,Fecha 12,Florencio Sola,false,https://es.wikipedia.org/wiki/Anexo:Torneo_Clausura_2025_(Argentina)
2025-10-11,21:15,Belgrano,Estudiantes (LP),1,1,,,Primera Division - Clausura,2025,zonas,Zona A,Fecha 12,Gigante de Alberdi,false,https://es.wikipedia.org/wiki/Anexo:Torneo_Clausura_2025_(Argentina)
2025-10-11,22:15,Vélez Sarsfield,Rosario Central,1,2,,,Primera Division - Clausura,2025,zonas,Zona B,Fecha 12,José Amalfitani,false,https://es.wikipedia.org/wiki/Anexo:Torneo_Clausura_2025_(Argentina)
2025-10-12,,Ciudad de Bolívar,Argentino (MM),3,0,,,Torneo Federal A,2025,eliminacion,,,Estadio Municipal Eva Perón,false,https://es.wikipedia.org/wiki/Torneo_Federal_A_2025
2025-10-12,,Deportivo Metalúrgico,Puerto Nuevo,2,1,,,Primera C,2025,eliminacion,,,Estadio Ciudad de San Miguel,false,https://es.wikipedia.org/wiki/Campeonato_de_Primera_C_2025_(Argentina)
2025-10-12,,Deportivo Morón,San Martín (T),0,0,,,Primera Nacional,2025,eliminacion,,Primera fase,Estadio Nuevo Francisco Urbano,false,https://es.wikipedia.org/wiki/Campeonato_de_Primera_Nacional_2025
2025-10-12,,Estudiantes (BA),Deportivo Maipú,1,0,,,Primera Nacional,2025,eliminacion,,Primera fase,Estadio Ciudad de Caseros,false,https://es.wikipedia.org/wiki/Campeonato_de_Primera_Nacional_2025
2025-10-12,,Estudiantes (RC),Patronato,2,1,,,Primera Nacional,2025,eliminacion,,Primera fase,Estadio Antonio Candini,false,https://es.wikipedia.org/wiki/Campeonato_de_Primera_Nacional_2025
2025-10-12,,Gimnasia y Esgrima (J),San Miguel,0,0,,,Primera Nacional,2025,eliminacion,,Primera fase,Estadio 23 de Agosto,false,https://es.wikipedia.org/wiki/Campeonato_de_Primera_Nacional_2025
2025-10-12,,Leandro N. Alem,Berazategui,1,0,,,Primera C,2025,eliminacion,,Segunda fase,Estadio de Leandro N. Alem,false,https://es.wikipedia.org/wiki/Campeonato_de_Primera_C_2025_(Argentina)
2025-10-12,,Sportivo Belgrano,Atlético de Rafaela,0,0,,,Torneo Federal A,2025,eliminacion,,,Estadio Juan Pablo Francia,false,https://es.wikipedia.org/wiki/Torneo_Federal_A_2025
2025-10-12,,Tristán Suárez,Agropecuario,2,1,,,Primera Nacional,2025,eliminacion,,Primera fase,Estadio 20 de Octubre,false,https://es.wikipedia.org/wiki/Campeonato_de_Primera_Nacional_2025
2025-10-12,11:00,Deportivo Rincón,Sportivo Las Parejas,5,0,,,Torneo Federal A,2025,eliminacion,,Partidos de vuelta,Elías Moisés Gómez,false,https://es.wikipedia.org/wiki/Torneo_Federal_A_2025
2025-10-12,14:30,Aldosivi,Huracán,2,0,,,Primera Division - Clausura,2025,zonas,Zona A,Fecha 12,José María Minella,false,https://es.wikipedia.org/wiki/Anexo:Torneo_Clausura_2025_(Argentina)
2025-10-12,15:00,Olimpo,Juventud Unida Universitario,2,0,,,Torneo Federal A,2025,eliminacion,,Partidos de vuelta,Roberto N. Carminatti,false,https://es.wikipedia.org/wiki/Torneo_Federal_A_2025
2025-10-12,15:00,San Martín (F),Sol de Mayo (V),1,0,,,Torneo Federal A,2025,eliminacion,,Partidos de vuelta,17 de Octubre,false,https://es.wikipedia.org/wiki/Torneo_Federal_A_2025
2025-10-12,15:30,Comunicaciones,Ferrocarril Midland,0,0,,,Primera B,2025,zonas,Torneo Clausura,Fecha 17,Alfredo Ramos,false,https://es.wikipedia.org/wiki/Campeonato_de_Primera_B_2025_(Argentina)
2025-10-12,15:30,Deportivo Armenio,Sportivo Italiano,3,2,,,Primera B,2025,zonas,Torneo Clausura,Fecha 17,Armenia,false,https://es.wikipedia.org/wiki/Campeonato_de_Primera_B_2025_(Argentina)
2025-10-12,15:30,Liniers,Excursionistas,1,0,,,Primera B,2025,zonas,Torneo Clausura,Fecha 17,Juan Antonio Arias,false,https://es.wikipedia.org/wiki/Campeonato_de_Primera_B_2025_(Argentina)
2025-10-12,16:00,Gimnasia y Esgrima (C),El Linqueño,2,1,,,Torneo Federal A,2025,eliminacion,,Partidos de vuelta,José María Paz,false,https://es.wikipedia.org/wiki/Torneo_Federal_A_2025
2025-10-12,16:45,Independiente Rivadavia,Godoy Cruz,0,0,,,Primera Division - Clausura,2025,zonas,Interzonal,Fecha 12,Bautista Gargantini,false,https://es.wikipedia.org/wiki/Anexo:Torneo_Clausura_2025_(Argentina)
2025-10-12,16:45,Instituto,Atlético Tucumán,2,0,,,Primera Division - Clausura,2025,zonas,Zona B,Fecha 12,Juan Domingo Perón,false,https://es.wikipedia.org/wiki/Anexo:Torneo_Clausura_2025_(Argentina)
2025-10-12,17:00,Sarmiento (LB),San Martín (SM),1,1,,,Torneo Federal A,2025,eliminacion,,Partidos de vuelta,Centenario,false,https://es.wikipedia.org/wiki/Torneo_Federal_A_2025
2025-10-12,18:00,9 de Julio (R),Germinal,5,0,,,Torneo Federal A,2025,eliminacion,,Partidos de vuelta,Germán Solterman,false,https://es.wikipedia.org/wiki/Torneo_Federal_A_2025
2025-10-12,18:00,Deportivo Merlo,Villa San Carlos,1,1,,,Primera B,2025,zonas,Torneo Clausura,Fecha 17,José Manuel Moreno,false,https://es.wikipedia.org/wiki/Campeonato_de_Primera_B_2025_(Argentina)
2025-10-12,19:00,Costa Brava,Bartolomé Mitre (P),0,0,,,Torneo Federal A,2025,eliminacion,,Partidos de vuelta,Nuevo Pacaembú,false,https://es.wikipedia.org/wiki/Torneo_Federal_A_2025
2025-10-12,19:15,River Plate,Sarmiento (J),0,1,,,Primera Division - Clausura,2025,zonas,Zona B,Fecha 12,Monumental,false,https://es.wikipedia.org/wiki/Anexo:Torneo_Clausura_2025_(Argentina)
2025-10-12,21:15,Independiente,Lanús,0,2,,,Primera Division - Clausura,2025,zonas,Zona B,Fecha 12,Libertadores de América,false,https://es.wikipedia.org/wiki/Anexo:Torneo_Clausura_2025_(Argentina)
2025-10-13,,Atlas,Mercedes,1,2,,,Primera C,2025,eliminacion,,Segunda fase,Estadio Ricardo Puga,false,https://es.wikipedia.org/wiki/Campeonato_de_Primera_C_2025_(Argentina)
2025-10-13,,Deportivo Español,Central Córdoba (R),1,2,,,Primera C,2025,eliminacion,,Segunda fase,Estadio Nueva España,false,https://es.wikipedia.org/wiki/Campeonato_de_Primera_C_2025_(Argentina)
2025-10-13,,Sportivo Barracas,Luján,0,0,,,Primera C,2025,eliminacion,,Segunda fase,Estadio Tres de Febrero,false,https://es.wikipedia.org/wiki/Campeonato_de_Primera_C_2025_(Argentina)
2025-10-13,15:30,Sacachispas,Real Pilar,1,1,,,Primera B,2025,zonas,Torneo Clausura,Fecha 17,Beto Larrosa,false,https://es.wikipedia.org/wiki/Campeonato_de_Primera_B_2025_(Argentina)
2025-10-13,18:30,Platense,Deportivo Riestra,1,1,,,Primera Division - Clausura,2025,zonas,Zona B,Fecha 12,Ciudad de Vicente López,false,https://es.wikipedia.org/wiki/Anexo:Torneo_Clausura_2025_(Argentina)
2025-10-17,19:00,Racing Club,Aldosivi,1,0,,,Primera Division - Clausura,2025,zonas,Zona A,Fecha 13,El Cilindro,false,https://es.wikipedia.org/wiki/Anexo:Torneo_Clausura_2025_(Argentina)
2025-10-17,21:00,Argentino de Merlo,Villa Dálmine,3,1,,,Primera B,2025,zonas,Torneo Clausura,Fecha 18,Juan Carlos Brieva,false,https://es.wikipedia.org/wiki/Campeonato_de_Primera_B_2025_(Argentina)
2025-10-17,21:15,Argentinos Juniors,Newell's Old Boys,3,1,,,Primera Division - Clausura,2025,zonas,Zona A,Fecha 13,Diego Armando Maradona,false,https://es.wikipedia.org/wiki/Anexo:Torneo_Clausura_2025_(Argentina)
2025-10-17,21:15,Lanús,Godoy Cruz,2,0,,,Primera Division - Clausura,2025,zonas,Zona B,Fecha 13,Ciudad de Lanús,false,https://es.wikipedia.org/wiki/Anexo:Torneo_Clausura_2025_(Argentina)
2025-10-17,22:00,Juventud Antoniana,Gimnasia y Esgrima (C),0,0,,,Torneo Federal A,2025,eliminacion,,Partidos de ida,Padre Ernesto Martearena,false,https://es.wikipedia.org/wiki/Torneo_Federal_A_2025
2025-10-18,,Berazategui,Leandro N. Alem,1,2,,,Primera C,2025,eliminacion,,Segunda fase,Estadio Norman Lee,false,https://es.wikipedia.org/wiki/Campeonato_de_Primera_C_2025_(Argentina)
2025-10-18,,Central Córdoba (R),Deportivo Español,0,3,,,Primera C,2025,eliminacion,,Segunda fase,Estadio Gabino Sosa,false,https://es.wikipedia.org/wiki/Campeonato_de_Primera_C_2025_(Argentina)
2025-10-18,,Centro Español,Yupanqui,4,2,,,Primera C,2025,eliminacion,,Segunda fase,Estadio Carlos Sacaan,false,https://es.wikipedia.org/wiki/Campeonato_de_Primera_C_2025_(Argentina)
2025-10-18,,Gimnasia y Tiro (S),Estudiantes (RC),0,0,,,Primera Nacional,2025,eliminacion,,Segunda fase,Estadio Gigante del Norte,false,https://es.wikipedia.org/wiki/Campeonato_de_Primera_Nacional_2025
2025-10-18,,Luján,Sportivo Barracas,1,1,4,5,Primera C,2025,eliminacion,,Segunda fase,Estadio 1.º de Abril,false,https://es.wikipedia.org/wiki/Campeonato_de_Primera_C_2025_(Argentina)
2025-10-18,15:00,Brown de Adrogué,Flandria,1,1,,,Primera B,2025,zonas,Torneo Clausura,Fecha 18,Lorenzo Arandilla,false,https://es.wikipedia.org/wiki/Campeonato_de_Primera_B_2025_(Argentina)
2025-10-18,15:30,Acassuso,Fénix,3,1,,,Primera B,2025,zonas,Torneo Clausura,Fecha 18,La Quema,false,https://es.wikipedia.org/wiki/Campeonato_de_Primera_B_2025_(Argentina)
2025-10-18,15:30,Dock Sud,Deportivo Merlo,1,1,,,Primera B,2025,zonas,Torneo Clausura,Fecha 18,De los Inmigrantes,false,https://es.wikipedia.org/wiki/Campeonato_de_Primera_B_2025_(Argentina)
2025-10-18,15:30,Real Pilar,San Martín (B),4,1,,,Primera B,2025,zonas,Torneo Clausura,Fecha 18,Carlos Barraza,false,https://es.wikipedia.org/wiki/Campeonato_de_Primera_B_2025_(Argentina)
2025-10-18,15:30,Sportivo Italiano,Comunicaciones,1,2,,,Primera B,2025,zonas,Torneo Clausura,Fecha 18,República de Italia,false,https://es.wikipedia.org/wiki/Campeonato_de_Primera_B_2025_(Argentina)
2025-10-18,15:30,Villa San Carlos,Sacachispas,1,2,,,Primera B,2025,zonas,Torneo Clausura,Fecha 18,Genacio Sálice,false,https://es.wikipedia.org/wiki/Campeonato_de_Primera_B_2025_(Argentina)
2025-10-18,15:45,Independiente Rivadavia,Banfield,1,2,,,Primera Division - Clausura,2025,zonas,Zona A,Fecha 13,Bautista Gargantini,false,https://es.wikipedia.org/wiki/Anexo:Torneo_Clausura_2025_(Argentina)
2025-10-18,16:00,Ferrocarril Midland,Liniers,2,1,,,Primera B,2025,zonas,Torneo Clausura,Fecha 18,Ciudad de Libertad,false,https://es.wikipedia.org/wiki/Campeonato_de_Primera_B_2025_(Argentina)
2025-10-18,18:00,Boca Juniors,Belgrano,1,2,,,Primera Division - Clausura,2025,zonas,Zona A,Fecha 13,La Bombonera,false,https://es.wikipedia.org/wiki/Anexo:Torneo_Clausura_2025_(Argentina)
2025-10-18,20:30,Douglas Haig,Argentino (MM),2,0,,,Torneo Federal A,2025,eliminacion,,Partidos de ida,Miguel Morales,false,https://es.wikipedia.org/wiki/Torneo_Federal_A_2025
2025-10-18,20:30,Talleres (C),River Plate,0,2,,,Primera Division - Clausura,2025,zonas,Zona B,Fecha 13,Mario Alberto Kempes,false,https://es.wikipedia.org/wiki/Anexo:Torneo_Clausura_2025_(Argentina)
2025-10-19,,Ciudad de Bolívar,Atlético de Rafaela,0,0,5,4,Torneo Federal A,2025,eliminacion,,,Estadio Único,false,https://es.wikipedia.org/wiki/Torneo_Federal_A_2025
2025-10-19,,Claypole,Cañuelas,1,1,,,Primera C,2025,eliminacion,,Segunda fase,Estadio Rodolfo Vicente Capocasa,false,https://es.wikipedia.org/wiki/Campeonato_de_Primera_C_2025_(Argentina)
2025-10-19,,Deportivo Morón,Atlanta,1,0,,,Primera Nacional,2025,eliminacion,,Segunda fase,Estadio Nuevo Francisco Urbano,false,https://es.wikipedia.org/wiki/Campeonato_de_Primera_Nacional_2025
2025-10-19,,Gimnasia y Esgrima (J),Deportivo Madryn,0,3,,,Primera Nacional,2025,eliminacion,,Segunda fase,Estadio 23 de Agosto,false,https://es.wikipedia.org/wiki/Campeonato_de_Primera_Nacional_2025
2025-10-19,,Mercedes,Atlas,1,1,,,Primera C,2025,eliminacion,,Segunda fase,Estadio de la Liga Mercedina,false,https://es.wikipedia.org/wiki/Campeonato_de_Primera_C_2025_(Argentina)
2025-10-19,,Puerto Nuevo,Deportivo Metalúrgico,3,0,,,Primera C,2025,eliminacion,,,Estadio Carlos Vallejos,false,https://es.wikipedia.org/wiki/Campeonato_de_Primera_C_2025_(Argentina)
2025-10-19,11:00,9 de Julio (R),Deportivo Rincón,2,1,,,Torneo Federal A,2025,eliminacion,,Partidos de ida,Germán Solterman,false,https://es.wikipedia.org/wiki/Torneo_Federal_A_2025
2025-10-19,15:00,Estudiantes (LP),Gimnasia y Esgrima (LP),2,0,,,Primera Division - Clausura,2025,zonas,Interzonal,Fecha 13,Jorge Luis Hirschi,false,https://es.wikipedia.org/wiki/Anexo:Torneo_Clausura_2025_(Argentina)
2025-10-19,15:00,Sarmiento (J),Vélez Sarsfield,0,2,,,Primera Division - Clausura,2025,zonas,Zona B,Fecha 13,Eva Perón,false,https://es.wikipedia.org/wiki/Anexo:Torneo_Clausura_2025_(Argentina)
2025-10-19,15:30,UAI Urquiza,Deportivo Armenio,0,1,,,Primera B,2025,zonas,Torneo Clausura,Fecha 18,Monumental de Villa Lynch,false,https://es.wikipedia.org/wiki/Campeonato_de_Primera_B_2025_(Argentina)
2025-10-19,16:00,Guillermo Brown,Sportivo Belgrano,2,0,,,Torneo Federal A,2025,eliminacion,,Partidos de ida,Raúl Conti,false,https://es.wikipedia.org/wiki/Torneo_Federal_A_2025
2025-10-19,17:00,Costa Brava,San Martín (F),1,1,,,Torneo Federal A,2025,eliminacion,,Partidos de ida,Nuevo Pacaembú,false,https://es.wikipedia.org/wiki/Torneo_Federal_A_2025
2025-10-19,18:00,Atenas (RC),Sarmiento (LB),1,0,,,Torneo Federal A,2025,eliminacion,,Partidos de ida,9 de Julio,false,https://es.wikipedia.org/wiki/Torneo_Federal_A_2025
2025-10-19,18:00,Rosario Central,Platense,1,0,,,Primera Division - Clausura,2025,zonas,Zona B,Fecha 13,Gigante de Arroyito,false,https://es.wikipedia.org/wiki/Anexo:Torneo_Clausura_2025_(Argentina)
2025-10-19,18:00,San Martín (SJ),Independiente,1,0,,,Primera Division - Clausura,2025,zonas,Zona B,Fecha 13,Ingeniero Hilario Sánchez,false,https://es.wikipedia.org/wiki/Anexo:Torneo_Clausura_2025_(Argentina)
2025-10-20,,Tristán Suárez,Estudiantes (BA),0,0,,,Primera Nacional,2025,eliminacion,,Segunda fase,Estadio 20 de Octubre,false,https://es.wikipedia.org/wiki/Campeonato_de_Primera_Nacional_2025
2025-10-20,15:30,Kimberley,Olimpo,1,1,,,Torneo Federal A,2025,eliminacion,,Partidos de ida,José Alberto Valle,false,https://es.wikipedia.org/wiki/Torneo_Federal_A_2025
2025-10-20,19:00,Deportivo Riestra,Instituto,1,0,,,Primera Division - Clausura,2025,zonas,Zona B,Fecha 13,Guillermo Laza,false,https://es.wikipedia.org/wiki/Anexo:Torneo_Clausura_2025_(Argentina)
2025-10-20,19:00,Tigre,Barracas Central,2,2,,,Primera Division - Clausura,2025,zonas,Zona A,Fecha 13,Monumental de Victoria,false,https://es.wikipedia.org/wiki/Anexo:Torneo_Clausura_2025_(Argentina)
2025-10-20,20:00,Excursionistas,Deportivo Laferrere,1,2,,,Primera B,2025,zonas,Torneo Clausura,Fecha 18,Excursionistas,false,https://es.wikipedia.org/wiki/Campeonato_de_Primera_B_2025_(Argentina)
2025-10-20,21:15,Atlético Tucumán,San Lorenzo,1,2,,,Primera Division - Clausura,2025,zonas,Zona B,Fecha 13,Monumental José Fierro,false,https://es.wikipedia.org/wiki/Anexo:Torneo_Clausura_2025_(Argentina)
2025-10-21,19:15,Unión,Defensa y Justicia,3,0,,,Primera Division - Clausura,2025,zonas,Zona A,Fecha 13,15 de Abril,false,https://es.wikipedia.org/wiki/Anexo:Torneo_Clausura_2025_(Argentina)
2025-10-22,19:30,Huracán,Central Córdoba (SdE),0,1,,,Primera Division - Clausura,2025,zonas,Zona A,Fecha 13,Tomás Adolfo Ducó,false,https://es.wikipedia.org/wiki/Anexo:Torneo_Clausura_2025_(Argentina)
2025-10-23,,Belgrano,Argentinos Juniors,1,2,,,Copa Argentina,2025,eliminacion,,Semifinales,Gigante de Arroyito,true,https://es.wikipedia.org/wiki/Copa_Argentina_2025
2025-10-23,,Deportivo Español,Ituzaingó,0,1,,,Primera C,2025,eliminacion,,Semifinales,Estadio Nueva España,false,https://es.wikipedia.org/wiki/Campeonato_de_Primera_C_2025_(Argentina)
2025-10-23,,Leandro N. Alem,Sportivo Barracas,0,1,,,Primera C,2025,eliminacion,,Semifinales,Estadio de Leandro N. Alem,false,https://es.wikipedia.org/wiki/Campeonato_de_Primera_C_2025_(Argentina)
2025-10-24,,Independiente Rivadavia,River Plate,0,0,4,3,Copa Argentina,2025,eliminacion,,Semifinales,Mario Alberto Kempes,true,https://es.wikipedia.org/wiki/Copa_Argentina_2025
2025-10-29,,Ituzaingó,Deportivo Español,2,2,,,Primera C,2025,eliminacion,,Semifinales,Estadio Carlos Sacaan,false,https://es.wikipedia.org/wiki/Campeonato_de_Primera_C_2025_(Argentina)
2025-10-29,,Sportivo Barracas,Leandro N. Alem,1,0,,,Primera C,2025,eliminacion,,Semifinales,Estadio Tres de Febrero,false,https://es.wikipedia.org/wiki/Campeonato_de_Primera_C_2025_(Argentina)
2025-10-31,,Estudiantes (RC),Gimnasia y Tiro (S),2,0,,,Primera Nacional,2025,eliminacion,,Segunda fase,Estadio Antonio Candini,false,https://es.wikipedia.org/wiki/Campeonato_de_Primera_Nacional_2025
2025-10-31,19:00,San Lorenzo,Deportivo Riestra,1,0,,,Primera Division - Clausura,2025,zonas,Zona B,Fecha 14,Nuevo Gasómetro,false,https://es.wikipedia.org/wiki/Anexo:Torneo_Clausura_2025_(Argentina)
2025-10-31,21:15,Instituto,Rosario Central,1,3,,,Primera Division - Clausura,2025,zonas,Zona B,Fecha 14,Juan Domingo Perón,false,https://es.wikipedia.org/wiki/Anexo:Torneo_Clausura_2025_(Argentina)
2025-10-31,21:15,Newell's Old Boys,Unión,0,1,,,Primera Division - Clausura,2025,zonas,Zona A,Fecha 14,Marcelo Bielsa,false,https://es.wikipedia.org/wiki/Anexo:Torneo_Clausura_2025_(Argentina)
2025-10-31,21:15,Sportivo Belgrano,Guillermo Brown,1,0,,,Torneo Federal A,2025,eliminacion,,Partidos de vuelta,Juan Pablo Francia,false,https://es.wikipedia.org/wiki/Torneo_Federal_A_2025
2025-11-01,,Atlanta,Deportivo Morón,0,0,,,Primera Nacional,2025,eliminacion,,Segunda fase,Estadio Don León Kolbowsky,false,https://es.wikipedia.org/wiki/Campeonato_de_Primera_Nacional_2025
2025-11-01,14:45,Aldosivi,Independiente Rivadavia,3,1,,,Primera Division - Clausura,2025,zonas,Zona A,Fecha 14,José María Minella,false,https://es.wikipedia.org/wiki/Anexo:Torneo_Clausura_2025_(Argentina)
2025-11-01,15:30,Flandria,Acassuso,1,2,,,Primera B,2025,zonas,Torneo Clausura,Fecha 19,Carlos V,false,https://es.wikipedia.org/wiki/Campeonato_de_Primera_B_2025_(Argentina)
2025-11-01,15:30,San Martín (B),Villa San Carlos,1,1,,,Primera B,2025,zonas,Torneo Clausura,Fecha 19,Francisco Boga,false,https://es.wikipedia.org/wiki/Campeonato_de_Primera_B_2025_(Argentina)
2025-11-01,16:00,Barracas Central,Argentinos Juniors,2,0,,,Primera Division - Clausura,2025,zonas,Zona A,Fecha 14,Claudio Chiqui Tapia,false,https://es.wikipedia.org/wiki/Anexo:Torneo_Clausura_2025_(Argentina)
2025-11-01,16:00,Deportivo Armenio,Real Pilar,0,1,,,Primera B,2025,zonas,Torneo Clausura,Fecha 19,Armenia,false,https://es.wikipedia.org/wiki/Campeonato_de_Primera_B_2025_(Argentina)
2025-11-01,16:00,Deportivo Laferrere,Ferrocarril Midland,1,4,,,Primera B,2025,zonas,Torneo Clausura,Fecha 19,Ciudad de Laferrere,false,https://es.wikipedia.org/wiki/Campeonato_de_Primera_B_2025_(Argentina)
2025-11-01,16:30,Argentino (MM),Douglas Haig,1,1,,,Torneo Federal A,2025,eliminacion,,Partidos de vuelta,Modesto Marrone,false,https://es.wikipedia.org/wiki/Torneo_Federal_A_2025
2025-11-01,17:00,Vélez Sarsfield,Talleres (C),0,1,,,Primera Division - Clausura,2025,zonas,Zona B,Fecha 14,José Amalfitani,false,https://es.wikipedia.org/wiki/Anexo:Torneo_Clausura_2025_(Argentina)
2025-11-01,20:00,Independiente,Atlético Tucumán,3,0,,,Primera Division - Clausura,2025,zonas,Zona B,Fecha 14,Libertadores de América,false,https://es.wikipedia.org/wiki/Anexo:Torneo_Clausura_2025_(Argentina)
2025-11-02,,Deportivo Madryn,Gimnasia y Esgrima (J),1,0,,,Primera Nacional,2025,eliminacion,,Segunda fase,Estadio Abel Sastre,false,https://es.wikipedia.org/wiki/Campeonato_de_Primera_Nacional_2025
2025-11-02,,Estudiantes (BA),Tristán Suárez,1,0,,,Primera Nacional,2025,eliminacion,,Segunda fase,Estadio Ciudad de Caseros,false,https://es.wikipedia.org/wiki/Campeonato_de_Primera_Nacional_2025
2025-11-02,11:00,Deportivo Rincón,9 de Julio (R),0,0,,,Torneo Federal A,2025,eliminacion,,Partidos de vuelta,Elías Moisés Gómez,false,https://es.wikipedia.org/wiki/Torneo_Federal_A_2025
2025-11-02,15:00,San Martín (F),Costa Brava,2,1,,,Torneo Federal A,2025,eliminacion,,Partidos de vuelta,17 de Octubre,false,https://es.wikipedia.org/wiki/Torneo_Federal_A_2025
2025-11-02,15:30,Fénix,Excursionistas,1,5,,,Primera B,2025,zonas,Torneo Clausura,Fecha 19,Ciudad de San Miguel,false,https://es.wikipedia.org/wiki/Campeonato_de_Primera_B_2025_(Argentina)
2025-11-02,15:30,Liniers,Sportivo Italiano,1,3,,,Primera B,2025,zonas,Torneo Clausura,Fecha 19,Juan Antonio Arias,false,https://es.wikipedia.org/wiki/Campeonato_de_Primera_B_2025_(Argentina)
2025-11-02,15:30,Villa Dálmine,Brown de Adrogué,1,0,,,Primera B,2025,zonas,Torneo Clausura,Fecha 19,El Coliseo de Mitre y Puccini,false,https://es.wikipedia.org/wiki/Campeonato_de_Primera_B_2025_(Argentina)
2025-11-02,16:00,Estudiantes (LP),Boca Juniors,1,2,,,Primera Division - Clausura,2025,zonas,Zona A,Fecha 14,Jorge Luis Hirschi,false,https://es.wikipedia.org/wiki/Anexo:Torneo_Clausura_2025_(Argentina)
2025-11-02,16:00,Olimpo,Kimberley,3,1,,,Torneo Federal A,2025,eliminacion,,Partidos de vuelta,Roberto N. Carminatti,false,https://es.wikipedia.org/wiki/Torneo_Federal_A_2025
2025-11-02,17:00,Gimnasia y Esgrima (C),Juventud Antoniana,2,1,,,Torneo Federal A,2025,eliminacion,,Partidos de vuelta,José María Paz,false,https://es.wikipedia.org/wiki/Torneo_Federal_A_2025
2025-11-02,18:00,Sarmiento (LB),Atenas (RC),0,1,,,Torneo Federal A,2025,eliminacion,,Partidos de vuelta,Ciudad de La Banda,false,https://es.wikipedia.org/wiki/Torneo_Federal_A_2025
2025-11-02,18:30,Godoy Cruz,San Martín (SJ),0,0,,,Primera Division - Clausura,2025,zonas,Zona B,Fecha 14,Feliciano Gambarte,false,https://es.wikipedia.org/wiki/Anexo:Torneo_Clausura_2025_(Argentina)
2025-11-02,20:30,River Plate,Gimnasia y Esgrima (LP),0,1,,,Primera Division - Clausura,2025,zonas,Zona B,Fecha 14,Monumental,false,https://es.wikipedia.org/wiki/Anexo:Torneo_Clausura_2025_(Argentina)
2025-11-03,,Sportivo Barracas,Ituzaingó,0,1,,,Primera C,2025,eliminacion,,Final,Estadio Tres de Febrero,false,https://es.wikipedia.org/wiki/Campeonato_de_Primera_C_2025_(Argentina)
2025-11-03,15:30,Sacachispas,Dock Sud,1,0,,,Primera B,2025,zonas,Torneo Clausura,Fecha 19,Beto Larrosa,false,https://es.wikipedia.org/wiki/Campeonato_de_Primera_B_2025_(Argentina)
2025-11-03,16:45,Defensa y Justicia,Huracán,1,3,,,Primera Division - Clausura,2025,zonas,Zona A,Fecha 14,Norberto Tomaghello,false,https://es.wikipedia.org/wiki/Anexo:Torneo_Clausura_2025_(Argentina)
2025-11-03,16:45,Platense,Sarmiento (J),1,1,,,Primera Division - Clausura,2025,zonas,Zona B,Fecha 14,Ciudad de Vicente López,false,https://es.wikipedia.org/wiki/Anexo:Torneo_Clausura_2025_(Argentina)
2025-11-03,19:00,Central Córdoba (SdE),Racing Club,0,0,,,Primera Division - Clausura,2025,zonas,Zona A,Fecha 14,Único Madre de Ciudades,false,https://es.wikipedia.org/wiki/Anexo:Torneo_Clausura_2025_(Argentina)
2025-11-03,21:10,Comunicaciones,UAI Urquiza,0,3,,,Primera B,2025,zonas,Torneo Clausura,Fecha 19,Alfredo Ramos,false,https://es.wikipedia.org/wiki/Campeonato_de_Primera_B_2025_(Argentina)
2025-11-03,21:15,Banfield,Lanús,2,1,,,Primera Division - Clausura,2025,zonas,Interzonal,Fecha 14,Florencio Sola,false,https://es.wikipedia.org/wiki/Anexo:Torneo_Clausura_2025_(Argentina)
2025-11-03,21:15,Belgrano,Tigre,0,0,,,Primera Division - Clausura,2025,zonas,Zona A,Fecha 14,Gigante de Alberdi,false,https://es.wikipedia.org/wiki/Anexo:Torneo_Clausura_2025_(Argentina)
2025-11-04,,Deportivo Español,Leandro N. Alem,2,1,,,Primera C,2025,eliminacion,,,Estadio Nueva España,false,https://es.wikipedia.org/wiki/Campeonato_de_Primera_C_2025_(Argentina)
2025-11-04,15:30,Argentino de Quilmes,Argentino de Merlo,1,0,,,Primera B,2025,zonas,Torneo Clausura,Fecha 19,Argentino de Quilmes,false,https://es.wikipedia.org/wiki/Campeonato_de_Primera_B_2025_(Argentina)
2025-11-05,,Independiente Rivadavia,Argentinos Juniors,2,2,5,3,Copa Argentina,2025,eliminacion,,Final,Monumental Presidente Perón,true,https://es.wikipedia.org/wiki/Copa_Argentina_2025
2025-11-07,21:00,Rosario Central,San Lorenzo,0,0,,,Primera Division - Clausura,2025,zonas,Zona B,Fecha 15,Gigante de Arroyito,false,https://es.wikipedia.org/wiki/Anexo:Torneo_Clausura_2025_(Argentina)
2025-11-08,,Deportivo Morón,Deportivo Madryn,1,0,,,Primera Nacional,2025,eliminacion,,Semifinales,Estadio Nuevo Francisco Urbano,false,https://es.wikipedia.org/wiki/Campeonato_de_Primera_Nacional_2025
2025-11-08,,Estudiantes (BA),Estudiantes (RC),1,0,,,Primera Nacional,2025,eliminacion,,Semifinales,Estadio Ciudad de Caseros,false,https://es.wikipedia.org/wiki/Campeonato_de_Primera_Nacional_2025
2025-11-08,,Ituzaingó,Sportivo Barracas,0,1,5,3,Primera C,2025,eliminacion,,Final,Estadio Carlos Sacaan,false,https://es.wikipedia.org/wiki/Campeonato_de_Primera_C_2025_(Argentina)
2025-11-08,12:00,Excursionistas,Flandria,0,1,,,Primera B,2025,zonas,Torneo Clausura,Fecha 20,Excursionistas,false,https://es.wikipedia.org/wiki/Campeonato_de_Primera_B_2025_(Argentina)
2025-11-08,15:00,Brown de Adrogué,Argentino de Quilmes,1,1,,,Primera B,2025,zonas,Torneo Clausura,Fecha 20,Lorenzo Arandilla,false,https://es.wikipedia.org/wiki/Campeonato_de_Primera_B_2025_(Argentina)
2025-11-08,15:30,Ferrocarril Midland,Fénix,4,0,,,Primera B,2025,zonas,Torneo Clausura,Fecha 20,Ciudad de Libertad,false,https://es.wikipedia.org/wiki/Campeonato_de_Primera_B_2025_(Argentina)
2025-11-08,15:30,Real Pilar,Comunicaciones,2,1,,,Primera B,2025,zonas,Torneo Clausura,Fecha 20,Carlos Barraza,false,https://es.wikipedia.org/wiki/Campeonato_de_Primera_B_2025_(Argentina)
2025-11-08,15:30,Sportivo Italiano,Deportivo Laferrere,1,0,,,Primera B,2025,zonas,Torneo Clausura,Fecha 20,República de Italia,false,https://es.wikipedia.org/wiki/Campeonato_de_Primera_B_2025_(Argentina)
2025-11-08,15:30,Villa San Carlos,Deportivo Armenio,2,1,,,Primera B,2025,zonas,Torneo Clausura,Fecha 20,Genacio Sálice,false,https://es.wikipedia.org/wiki/Campeonato_de_Primera_B_2025_(Argentina)
2025-11-08,17:00,Racing Club,Defensa y Justicia,1,0,,,Primera Division - Clausura,2025,zonas,Zona A,Fecha 15,El Cilindro,false,https://es.wikipedia.org/wiki/Anexo:Torneo_Clausura_2025_(Argentina)
2025-11-08,18:30,Atenas (RC),San Martín (F),0,1,,,Torneo Federal A,2025,eliminacion,,Partidos de ida,Parque Sarmiento,false,https://es.wikipedia.org/wiki/Torneo_Federal_A_2025
2025-11-08,19:15,Huracán,Newell's Old Boys,0,2,,,Primera Division - Clausura,2025,zonas,Zona A,Fecha 15,Tomás Adolfo Ducó,false,https://es.wikipedia.org/wiki/Anexo:Torneo_Clausura_2025_(Argentina)
2025-11-08,19:15,Talleres (C),Platense,1,0,,,Primera Division - Clausura,2025,zonas,Zona B,Fecha 15,Mario Alberto Kempes,false,https://es.wikipedia.org/wiki/Anexo:Torneo_Clausura_2025_(Argentina)
2025-11-08,21:30,San Martín (SJ),Lanús,1,1,,,Primera Division - Clausura,2025,zonas,Zona B,Fecha 15,Ingeniero Hilario Sánchez,false,https://es.wikipedia.org/wiki/Anexo:Torneo_Clausura_2025_(Argentina)
2025-11-08,21:30,Unión,Barracas Central,0,0,,,Primera Division - Clausura,2025,zonas,Zona A,Fecha 15,15 de Abril,false,https://es.wikipedia.org/wiki/Anexo:Torneo_Clausura_2025_(Argentina)
2025-11-09,,Leandro N. Alem,Deportivo Español,1,1,,,Primera C,2025,eliminacion,,,Estadio de Leandro N. Alem,false,https://es.wikipedia.org/wiki/Campeonato_de_Primera_C_2025_(Argentina)
2025-11-09,11:00,Guillermo Brown,Atlético de Rafaela,1,2,,,Torneo Federal A,2025,eliminacion,,Partidos de ida,Raúl Conti,false,https://es.wikipedia.org/wiki/Torneo_Federal_A_2025
2025-11-09,15:30,Deportivo Merlo,Sacachispas,0,1,,,Primera B,2025,zonas,Torneo Clausura,Fecha 20,José Manuel Moreno,false,https://es.wikipedia.org/wiki/Campeonato_de_Primera_B_2025_(Argentina)
2025-11-09,15:30,Dock Sud,San Martín (B),1,2,,,Primera B,2025,zonas,Torneo Clausura,Fecha 20,De los Inmigrantes,false,https://es.wikipedia.org/wiki/Campeonato_de_Primera_B_2025_(Argentina)
2025-11-09,15:30,UAI Urquiza,Liniers,0,1,,,Primera B,2025,zonas,Torneo Clausura,Fecha 20,Monumental de Villa Lynch,false,https://es.wikipedia.org/wiki/Campeonato_de_Primera_B_2025_(Argentina)
2025-11-09,16:30,Boca Juniors,River Plate,2,0,,,Primera Division - Clausura,2025,zonas,Interzonal,Fecha 15,La Bombonera,false,https://es.wikipedia.org/wiki/Anexo:Torneo_Clausura_2025_(Argentina)
2025-11-09,19:15,9 de Julio (R),Gimnasia y Esgrima (C),1,0,,,Torneo Federal A,2025,eliminacion,,Partidos de ida,Germán Solterman,false,https://es.wikipedia.org/wiki/Torneo_Federal_A_2025
2025-11-09,19:20,Banfield,Aldosivi,0,1,,,Primera Division - Clausura,2025,zonas,Zona A,Fecha 15,Florencio Sola,false,https://es.wikipedia.org/wiki/Anexo:Torneo_Clausura_2025_(Argentina)
2025-11-09,19:20,Sarmiento (J),Instituto,2,1,,,Primera Division - Clausura,2025,zonas,Zona B,Fecha 15,Eva Perón,false,https://es.wikipedia.org/wiki/Anexo:Torneo_Clausura_2025_(Argentina)
2025-11-09,20:00,Douglas Haig,Olimpo,5,0,,,Torneo Federal A,2025,eliminacion,,Partidos de ida,Miguel Morales,false,https://es.wikipedia.org/wiki/Torneo_Federal_A_2025
2025-11-09,21:30,Atlético Tucumán,Godoy Cruz,2,1,,,Primera Division - Clausura,2025,zonas,Zona B,Fecha 15,Monumental José Fierro,false,https://es.wikipedia.org/wiki/Anexo:Torneo_Clausura_2025_(Argentina)
2025-11-09,21:30,Tigre,Estudiantes (LP),1,0,,,Primera Division - Clausura,2025,zonas,Zona A,Fecha 15,Monumental de Victoria,false,https://es.wikipedia.org/wiki/Anexo:Torneo_Clausura_2025_(Argentina)
2025-11-10,15:30,Acassuso,Villa Dálmine,2,2,,,Primera B,2025,zonas,Torneo Clausura,Fecha 20,La Quema,false,https://es.wikipedia.org/wiki/Campeonato_de_Primera_B_2025_(Argentina)
2025-11-10,17:00,Gimnasia y Esgrima (LP),Vélez Sarsfield,2,0,,,Primera Division - Clausura,2025,zonas,Zona B,Fecha 15,Del Bosque,false,https://es.wikipedia.org/wiki/Anexo:Torneo_Clausura_2025_(Argentina)
2025-11-10,19:00,Deportivo Riestra,Independiente,0,1,,,Primera Division - Clausura,2025,zonas,Zona B,Fecha 15,Guillermo Laza,false,https://es.wikipedia.org/wiki/Anexo:Torneo_Clausura_2025_(Argentina)
2025-11-10,21:15,Argentinos Juniors,Belgrano,1,0,,,Primera Division - Clausura,2025,zonas,Zona A,Fecha 15,Diego Armando Maradona,false,https://es.wikipedia.org/wiki/Anexo:Torneo_Clausura_2025_(Argentina)
2025-11-10,21:15,Independiente Rivadavia,Central Córdoba (SdE),0,0,,,Primera Division - Clausura,2025,zonas,Zona A,Fecha 15,Bautista Gargantini,false,https://es.wikipedia.org/wiki/Anexo:Torneo_Clausura_2025_(Argentina)
2025-11-14,,Mercedes,Deportivo Español,0,0,,,Primera C,2025,eliminacion,,Semifinales,Estadio de la Liga Mercedina,false,https://es.wikipedia.org/wiki/Campeonato_de_Primera_C_2025_(Argentina)
2025-11-14,20:00,Lanús,Atlético Tucumán,3,1,,,Primera Division - Clausura,2025,zonas,Zona B,Fecha 16,Ciudad de Lanús,false,https://es.wikipedia.org/wiki/Anexo:Torneo_Clausura_2025_(Argentina)
2025-11-15,,Centro Español,Claypole,1,1,,,Primera C,2025,eliminacion,,Semifinales,Estadio Carlos Sacaan,false,https://es.wikipedia.org/wiki/Campeonato_de_Primera_C_2025_(Argentina)
2025-11-15,,Estudiantes (RC),Estudiantes (BA),1,0,,,Primera Nacional,2025,eliminacion,,Semifinales,Estadio Antonio Candini,false,https://es.wikipedia.org/wiki/Campeonato_de_Primera_Nacional_2025
2025-11-15,17:00,Aldosivi,San Martín (SJ),4,2,,,Primera Division - Clausura,2025,zonas,Interzonal,Fecha 16,José María Minella,false,https://es.wikipedia.org/wiki/Anexo:Torneo_Clausura_2025_(Argentina)
2025-11-15,17:00,Comunicaciones,Villa San Carlos,2,0,,,Primera B,2025,zonas,Torneo Clausura,Fecha 21,Alfredo Ramos,false,https://es.wikipedia.org/wiki/Campeonato_de_Primera_B_2025_(Argentina)
2025-11-15,17:00,Deportivo Armenio,Dock Sud,1,1,,,Primera B,2025,zonas,Torneo Clausura,Fecha 21,Armenia,false,https://es.wikipedia.org/wiki/Campeonato_de_Primera_B_2025_(Argentina)
2025-11-15,17:00,Flandria,Ferrocarril Midland,1,0,,,Primera B,2025,zonas,Torneo Clausura,Fecha 21,Carlos V,false,https://es.wikipedia.org/wiki/Campeonato_de_Primera_B_2025_(Argentina)
2025-11-15,17:00,Fénix,Sportivo Italiano,1,3,,,Primera B,2025,zonas,Torneo Clausura,Fecha 21,Ciudad de San Miguel,false,https://es.wikipedia.org/wiki/Campeonato_de_Primera_B_2025_(Argentina)
2025-11-15,17:00,Godoy Cruz,Deportivo Riestra,1,1,,,Primera Division - Clausura,2025,zonas,Zona B,Fecha 16,Feliciano Gambarte,false,https://es.wikipedia.org/wiki/Anexo:Torneo_Clausura_2025_(Argentina)
2025-11-15,17:00,Liniers,Real Pilar,1,0,,,Primera B,2025,zonas,Torneo Clausura,Fecha 21,Juan Antonio Arias,false,https://es.wikipedia.org/wiki/Campeonato_de_Primera_B_2025_(Argentina)
2025-11-15,17:00,Villa Dálmine,Excursionistas,2,1,,,Primera B,2025,zonas,Torneo Clausura,Fecha 21,El Coliseo de Mitre y Puccini,false,https://es.wikipedia.org/wiki/Campeonato_de_Primera_B_2025_(Argentina)
2025-11-15,18:00,Atlético de Rafaela,Guillermo Brown,1,0,,,Torneo Federal A,2025,eliminacion,,Partidos de vuelta,Nuevo Monumental,false,https://es.wikipedia.org/wiki/Torneo_Federal_A_2025
2025-11-15,19:15,San Lorenzo,Sarmiento (J),1,1,,,Primera Division - Clausura,2025,zonas,Zona B,Fecha 16,Nuevo Gasómetro,false,https://es.wikipedia.org/wiki/Anexo:Torneo_Clausura_2025_(Argentina)
2025-11-15,21:30,Independiente,Rosario Central,1,0,,,Primera Division - Clausura,2025,zonas,Zona B,Fecha 16,Libertadores de América,false,https://es.wikipedia.org/wiki/Anexo:Torneo_Clausura_2025_(Argentina)
2025-11-16,,Deportivo Madryn,Deportivo Morón,1,0,,,Primera Nacional,2025,eliminacion,,Semifinales,Estadio Abel Sastre,false,https://es.wikipedia.org/wiki/Campeonato_de_Primera_Nacional_2025
2025-11-16,17:00,Argentino de Merlo,Brown de Adrogué,2,4,,,Primera B,2025,zonas,Torneo Clausura,Fecha 21,Juan Carlos Brieva,false,https://es.wikipedia.org/wiki/Campeonato_de_Primera_B_2025_(Argentina)
2025-11-16,17:00,Argentino de Quilmes,Acassuso,2,0,,,Primera B,2025,zonas,Torneo Clausura,Fecha 21,Argentino de Quilmes,false,https://es.wikipedia.org/wiki/Campeonato_de_Primera_B_2025_(Argentina)
2025-11-16,17:00,Deportivo Laferrere,UAI Urquiza,1,1,,,Primera B,2025,zonas,Torneo Clausura,Fecha 21,Ciudad de Laferrere,false,https://es.wikipedia.org/wiki/Campeonato_de_Primera_B_2025_(Argentina)
2025-11-16,17:00,Gimnasia y Esgrima (C),9 de Julio (R),1,2,,,Torneo Federal A,2025,eliminacion,,Partidos de vuelta,José María Paz,false,https://es.wikipedia.org/wiki/Torneo_Federal_A_2025
2025-11-16,17:00,Instituto,Talleres (C),0,0,,,Primera Division - Clausura,2025,zonas,Zona B,Fecha 16,Juan Domingo Perón,false,https://es.wikipedia.org/wiki/Anexo:Torneo_Clausura_2025_(Argentina)
2025-11-16,17:00,Olimpo,Douglas Haig,0,1,,,Torneo Federal A,2025,eliminacion,,Partidos de vuelta,Roberto N. Carminatti,false,https://es.wikipedia.org/wiki/Torneo_Federal_A_2025
2025-11-16,17:00,San Martín (B),Deportivo Merlo,1,3,,,Primera B,2025,zonas,Torneo Clausura,Fecha 21,Francisco Boga,false,https://es.wikipedia.org/wiki/Campeonato_de_Primera_B_2025_(Argentina)
2025-11-16,17:00,San Martín (F),Atenas (RC),3,1,,,Torneo Federal A,2025,eliminacion,,Partidos de vuelta,17 de Octubre,false,https://es.wikipedia.org/wiki/Torneo_Federal_A_2025
2025-11-16,17:00,Vélez Sarsfield,River Plate,0,0,,,Primera Division - Clausura,2025,zonas,Zona B,Fecha 16,José Amalfitani,false,https://es.wikipedia.org/wiki/Anexo:Torneo_Clausura_2025_(Argentina)
2025-11-16,20:15,Boca Juniors,Tigre,2,0,,,Primera Division - Clausura,2025,zonas,Zona A,Fecha 16,La Bombonera,false,https://es.wikipedia.org/wiki/Anexo:Torneo_Clausura_2025_(Argentina)
2025-11-16,20:15,Central Córdoba (SdE),Banfield,1,1,,,Primera Division - Clausura,2025,zonas,Zona A,Fecha 16,Único Madre de Ciudades,false,https://es.wikipedia.org/wiki/Anexo:Torneo_Clausura_2025_(Argentina)
2025-11-16,20:15,Estudiantes (LP),Argentinos Juniors,1,2,,,Primera Division - Clausura,2025,zonas,Zona A,Fecha 16,Jorge Luis Hirschi,false,https://es.wikipedia.org/wiki/Anexo:Torneo_Clausura_2025_(Argentina)
2025-11-16,20:15,Newell's Old Boys,Racing Club,0,1,,,Primera Division - Clausura,2025,zonas,Zona A,Fecha 16,Marcelo Bielsa,false,https://es.wikipedia.org/wiki/Anexo:Torneo_Clausura_2025_(Argentina)
2025-11-17,17:00,Barracas Central,Huracán,1,1,,,Primera Division - Clausura,2025,zonas,Zona A,Fecha 16,Claudio Chiqui Tapia,false,https://es.wikipedia.org/wiki/Anexo:Torneo_Clausura_2025_(Argentina)
2025-11-17,17:00,Belgrano,Unión,0,0,,,Primera Division - Clausura,2025,zonas,Zona A,Fecha 16,Gigante de Alberdi,false,https://es.wikipedia.org/wiki/Anexo:Torneo_Clausura_2025_(Argentina)
2025-11-17,17:00,Defensa y Justicia,Independiente Rivadavia,0,2,,,Primera Division - Clausura,2025,zonas,Zona A,Fecha 16,Norberto Tomaghello,false,https://es.wikipedia.org/wiki/Anexo:Torneo_Clausura_2025_(Argentina)
2025-11-17,19:30,Platense,Gimnasia y Esgrima (LP),0,3,,,Primera Division - Clausura,2025,zonas,Zona B,Fecha 16,Ciudad de Vicente López,false,https://es.wikipedia.org/wiki/Anexo:Torneo_Clausura_2025_(Argentina)
2025-11-21,,Excursionistas,Argentino de Merlo,1,3,,,Primera B,2025,eliminacion,,Primera fase,Estadio Excursionistas,false,https://es.wikipedia.org/wiki/Campeonato_de_Primera_B_2025_(Argentina)
2025-11-22,,Central Córdoba (SdE),San Lorenzo,2,1,,,Primera Division - Clausura,2025,eliminacion,,Octavos,Estadio Único Madre de Ciudades,false,https://es.wikipedia.org/wiki/Anexo:Torneo_Clausura_2025_(Argentina)
2025-11-22,,Deportivo Español,Mercedes,2,1,,,Primera C,2025,eliminacion,,Semifinales,Estadio Nueva España,false,https://es.wikipedia.org/wiki/Campeonato_de_Primera_C_2025_(Argentina)
2025-11-22,,Estudiantes (RC),Deportivo Madryn,2,0,,,Primera Nacional,2025,eliminacion,,Final,Estadio Antonio Candini,false,https://es.wikipedia.org/wiki/Campeonato_de_Primera_Nacional_2025
2025-11-22,,Flandria,Real Pilar,1,1,,,Primera B,2025,eliminacion,,Primera fase,Estadio Carlos V,false,https://es.wikipedia.org/wiki/Campeonato_de_Primera_B_2025_(Argentina)
2025-11-22,,Sportivo Italiano,Deportivo Armenio,0,1,,,Primera B,2025,eliminacion,,Primera fase,Estadio República de Italia,false,https://es.wikipedia.org/wiki/Campeonato_de_Primera_B_2025_(Argentina)
2025-11-22,,Villa San Carlos,Acassuso,0,0,,,Primera B,2025,eliminacion,,Primera fase,Estadio Genacio Sálice,false,https://es.wikipedia.org/wiki/Campeonato_de_Primera_B_2025_(Argentina)
2025-11-22,,Vélez Sarsfield,Argentinos Juniors,0,2,,,Primera Division - Clausura,2025,eliminacion,,Octavos,Estadio José Amalfitani,false,https://es.wikipedia.org/wiki/Anexo:Torneo_Clausura_2025_(Argentina)
2025-11-22,17:00,9 de Julio (R),San Martín (F),2,1,,,Torneo Federal A,2025,eliminacion,,Partidos de ida,Germán Solterman,false,https://es.wikipedia.org/wiki/Torneo_Federal_A_2025
2025-11-23,,Boca Juniors,Talleres (C),2,0,,,Primera Division - Clausura,2025,eliminacion,,Octavos,Estadio La Bombonera,false,https://es.wikipedia.org/wiki/Anexo:Torneo_Clausura_2025_(Argentina)
2025-11-23,,Claypole,Centro Español,3,1,,,Primera C,2025,eliminacion,,Semifinales,Estadio Rodolfo Vicente Capocasa,false,https://es.wikipedia.org/wiki/Campeonato_de_Primera_C_2025_(Argentina)
2025-11-23,,Rosario Central,Estudiantes (LP),0,1,,,Primera Division - Clausura,2025,eliminacion,,Octavos,Estadio Gigante de Arroyito,false,https://es.wikipedia.org/wiki/Anexo:Torneo_Clausura_2025_(Argentina)
2025-11-23,20:05,Douglas Haig,Atlético de Rafaela,1,2,,,Torneo Federal A,2025,eliminacion,,Partidos de ida,Miguel Morales,false,https://es.wikipedia.org/wiki/Torneo_Federal_A_2025
2025-11-24,,Deportivo Riestra,Barracas Central,0,1,,,Primera Division - Clausura,2025,eliminacion,,Octavos,Estadio Guillermo Laza,false,https://es.wikipedia.org/wiki/Anexo:Torneo_Clausura_2025_(Argentina)
2025-11-24,,Racing Club,River Plate,3,2,,,Primera Division - Clausura,2025,eliminacion,,Octavos,Estadio El Cilindro,false,https://es.wikipedia.org/wiki/Anexo:Torneo_Clausura_2025_(Argentina)
2025-11-24,,Unión,Gimnasia y Esgrima (LP),1,2,,,Primera Division - Clausura,2025,eliminacion,,Octavos,Estadio 15 de Abril,false,https://es.wikipedia.org/wiki/Anexo:Torneo_Clausura_2025_(Argentina)
2025-11-26,,Lanús,Tigre,0,1,,,Primera Division - Clausura,2025,eliminacion,,Octavos,Estadio Ciudad de Lanús,false,https://es.wikipedia.org/wiki/Anexo:Torneo_Clausura_2025_(Argentina)
2025-11-28,,Argentino de Merlo,Excursionistas,4,0,,,Primera B,2025,eliminacion,,Primera fase,Estadio Juan Carlos Brieva,false,https://es.wikipedia.org/wiki/Campeonato_de_Primera_B_2025_(Argentina)
2025-11-29,,Acassuso,Villa San Carlos,1,0,,,Primera B,2025,eliminacion,,Primera fase,Estadio La Quema,false,https://es.wikipedia.org/wiki/Campeonato_de_Primera_B_2025_(Argentina)
2025-11-29,,Central Córdoba (SdE),Estudiantes (LP),0,1,,,Primera Division - Clausura,2025,eliminacion,,Cuartos,Estadio Único Madre de Ciudades,false,https://es.wikipedia.org/wiki/Anexo:Torneo_Clausura_2025_(Argentina)
2025-11-29,,Deportivo Armenio,Sportivo Italiano,1,1,,,Primera B,2025,eliminacion,,Primera fase,Estadio Armenia,false,https://es.wikipedia.org/wiki/Campeonato_de_Primera_B_2025_(Argentina)
2025-11-29,,Real Pilar,Flandria,2,0,,,Primera B,2025,eliminacion,,Primera fase,Estadio Carlos Barraza,false,https://es.wikipedia.org/wiki/Campeonato_de_Primera_B_2025_(Argentina)
2025-11-30,,Boca Juniors,Argentinos Juniors,1,0,,,Primera Division - Clausura,2025,eliminacion,,Cuartos,Estadio La Bombonera,false,https://es.wikipedia.org/wiki/Anexo:Torneo_Clausura_2025_(Argentina)
2025-11-30,,Claypole,Deportivo Español,0,0,,,Primera C,2025,eliminacion,,Final,Estadio Rodolfo Capocasa,false,https://es.wikipedia.org/wiki/Campeonato_de_Primera_C_2025_(Argentina)
2025-11-30,,Deportivo Madryn,Estudiantes (RC),1,1,,,Primera Nacional,2025,eliminacion,,Final,Estadio Abel Sastre,false,https://es.wikipedia.org/wiki/Campeonato_de_Primera_Nacional_2025
2025-11-30,17:00,San Martín (F),9 de Julio (R),4,1,,,Torneo Federal A,2025,eliminacion,,Partidos de vuelta,17 de Octubre,false,https://es.wikipedia.org/wiki/Torneo_Federal_A_2025
2025-11-30,18:15,Atlético de Rafaela,Douglas Haig,2,1,,,Torneo Federal A,2025,eliminacion,,Partidos de vuelta,Nuevo Monumental,false,https://es.wikipedia.org/wiki/Torneo_Federal_A_2025
2025-12-01,,Barracas Central,Gimnasia y Esgrima (LP),0,2,,,Primera Division - Clausura,2025,eliminacion,,Cuartos,Estadio Claudio Chiqui Tapia,false,https://es.wikipedia.org/wiki/Anexo:Torneo_Clausura_2025_(Argentina)
2025-12-01,,Racing Club,Tigre,0,0,4,2,Primera Division - Clausura,2025,eliminacion,,Cuartos,Estadio El Cilindro,false,https://es.wikipedia.org/wiki/Anexo:Torneo_Clausura_2025_(Argentina)
2025-12-06,,Acassuso,Real Pilar,0,0,,,Primera B,2025,eliminacion,,Semifinales,Estadio La Quema,false,https://es.wikipedia.org/wiki/Campeonato_de_Primera_B_2025_(Argentina)
2025-12-06,,Deportivo Armenio,Argentino de Merlo,0,0,,,Primera B,2025,eliminacion,,Semifinales,Estadio Armenia,false,https://es.wikipedia.org/wiki/Campeonato_de_Primera_B_2025_(Argentina)
2025-12-06,,Deportivo Español,Claypole,0,0,3,5,Primera C,2025,eliminacion,,Final,Estadio Nueva España,false,https://es.wikipedia.org/wiki/Campeonato_de_Primera_C_2025_(Argentina)
2025-12-07,,Boca Juniors,Racing Club,0,1,,,Primera Division - Clausura,2025,eliminacion,,Semifinales,Estadio La Bombonera,false,https://es.wikipedia.org/wiki/Anexo:Torneo_Clausura_2025_(Argentina)
2025-12-07,17:05,San Martín (F),Atlético de Rafaela,0,1,,,Torneo Federal A,2025,eliminacion,,Partido de ida,17 de Octubre,false,https://es.wikipedia.org/wiki/Torneo_Federal_A_2025
2025-12-08,,Gimnasia y Esgrima (LP),Estudiantes (LP),0,1,,,Primera Division - Clausura,2025,eliminacion,,Semifinales,Estadio del Bosque,false,https://es.wikipedia.org/wiki/Anexo:Torneo_Clausura_2025_(Argentina)
2025-12-10,,Argentino de Merlo,Deportivo Armenio,1,1,1,4,Primera B,2025,eliminacion,,Semifinales,Estadio Juan Carlos Brieva,false,https://es.wikipedia.org/wiki/Campeonato_de_Primera_B_2025_(Argentina)
2025-12-10,,Real Pilar,Acassuso,1,1,1,3,Primera B,2025,eliminacion,,Semifinales,Estadio Carlos Barraza,false,https://es.wikipedia.org/wiki/Campeonato_de_Primera_B_2025_(Argentina)
2025-12-13,,Racing Club,Estudiantes (LP),1,1,4,5,Primera Division - Clausura,2025,eliminacion,,Final,Estadio Único Madre de Ciudades,false,https://es.wikipedia.org/wiki/Anexo:Torneo_Clausura_2025_(Argentina)
2025-12-14,,Acassuso,Deportivo Armenio,1,0,,,Primera B,2025,eliminacion,,Final,Estadio La Quema,false,https://es.wikipedia.org/wiki/Campeonato_de_Primera_B_2025_(Argentina)
2025-12-14,18:30,Atlético de Rafaela,San Martín (F),1,0,,,Torneo Federal A,2025,eliminacion,,Partido de vuelta,Nuevo Monumental,false,https://es.wikipedia.org/wiki/Torneo_Federal_A_2025
2025-12-21,,Deportivo Armenio,Acassuso,1,1,,,Primera B,2025,eliminacion,,Final,Estadio Armenia,false,https://es.wikipedia.org/wiki/Campeonato_de_Primera_B_2025_(Argentina)
