date,time,home_team,away_team,home_score,away_score,home_pens,away_pens,tournament,season,phase,group,matchday,venue,neutral,source
2019-02-27,,Banfield,Juventud Unida (G),3,0,,,Copa Argentina,2019,eliminacion,,Treintaidosavos,Centenario Ciudad de Quilmes,true,https://es.wikipedia.org/wiki/Copa_Argentina_2018-19
2019-02-28,,Tigre,Estudiantes (BA),0,3,,,Copa Argentina,2019,eliminacion,,Treintaidosavos,Julio Humberto Grondona,true,https://es.wikipedia.org/wiki/Copa_Argentina_2018-19
2019-03-05,,Argentinos Juniors,Douglas Haig,4,1,,,Copa Argentina,2019,eliminacion,,Treintaidosavos,Julio Humberto Grondona,true,https://es.wikipedia.org/wiki/Copa_Argentina_2018-19
2019-03-06,,Independiente,Atlas,4,0,,,Copa Argentina,2019,eliminacion,,Treintaidosavos,Florencio Sola,true,https://es.wikipedia.org/wiki/Copa_Argentina_2018-19
2019-03-07,,Vélez Sarsfield,Real Pilar,0,1,,,Copa Argentina,2019,eliminacion,,Treintaidosavos,Alfredo Beranger,true,https://es.wikipedia.org/wiki/Copa_Argentina_2018-19
2019-03-19,,Aldosivi,Gimnasia y Esgrima (M),0,1,,,Copa Argentina,2019,eliminacion,,Treintaidosavos,Alfredo Beranger,true,https://es.wikipedia.org/wiki/Copa_Argentina_2018-19
2019-03-20,,Atlético Tucumán,Platense,1,0,,,Copa Argentina,2019,eliminacion,,Treintaidosavos,Padre Ernesto Martearena,true,https://es.wikipedia.org/wiki/Copa_Argentina_2018-19
2019-03-20,,San Martín (SJ),Villa Dálmine,1,0,,,Copa Argentina,2019,eliminacion,,Treintaidosavos,Juan Carmelo Zerillo,true,https://es.wikipedia.org/wiki/Copa_Argentina_2018-19
2019-03-21,,Lanús,Huracán Las Heras,2,0,,,Copa Argentina,2019,eliminacion,,Treintaidosavos,Malvinas Argentinas,true,https://es.wikipedia.org/wiki/Copa_Argentina_2018-19
2019-03-25,,Talleres (C),Deportivo Laferrere,5,0,,,Copa Argentina,2019,eliminacion,,Treintaidosavos,Marcelo Bielsa,true,https://es.wikipedia.org/wiki/Copa_Argentina_2018-19
2019-03-27,,Sarmiento (J),All Boys,0,2,,,Copa Argentina,2019,eliminacion,,Treintaidosavos,Julio Humberto Grondona,true,https://es.wikipedia.org/wiki/Copa_Argentina_2018-19
2019-04-03,,Nueva Chicago,Central Córdoba (SdE),1,2,,,Copa Argentina,2019,eliminacion,,Treintaidosavos,Brigadier General Estanislao López,true,https://es.wikipedia.org/wiki/Copa_Argentina_2018-19
2019-04-10,,Arsenal,Atlanta,2,0,,,Copa Argentina,2019,eliminacion,,Treintaidosavos,Alfredo Beranger,true,https://es.wikipedia.org/wiki/Copa_Argentina_2018-19
2019-04-16,,Defensa y Justicia,Gimnasia y Tiro (S),2,1,,,Copa Argentina,2019,eliminacion,,Treintaidosavos,Florencio Sola,true,https://es.wikipedia.org/wiki/Copa_Argentina_2018-19
2019-04-17,,Mitre (SdE),Deportivo Roca,2,1,,,Copa Argentina,2019,eliminacion,,Treintaidosavos,Centenario Ciudad de Quilmes,true,https://es.wikipedia.org/wiki/Copa_Argentina_2018-19
2019-04-17,,River Plate,Argentino de Merlo,3,0,,,Copa Argentina,2019,eliminacion,,Treintaidosavos,Padre Ernesto Martearena,true,https://es.wikipedia.org/wiki/Copa_Argentina_2018-19
2019-04-19,,Boca Juniors,Estudiantes (RC),2,0,,,Copa Argentina,2019,eliminacion,,Treintaidosavos,José María Minella,true,https://es.wikipedia.org/wiki/Copa_Argentina_2018-19
2019-04-23,,Independiente Rivadavia,Ferrocarril Midland,1,0,,,Copa Argentina,2019,eliminacion,,Treintaidosavos,Juan Gilberto Funes,true,https://es.wikipedia.org/wiki/Copa_Argentina_2018-19
2019-04-24,,Colón,Acassuso,3,0,,,Copa Argentina,2019,eliminacion,,Treintaidosavos,Alfredo Beranger,true,https://es.wikipedia.org/wiki/Copa_Argentina_2018-19
2019-04-25,,Unión,Barracas Central,0,1,,,Copa Argentina,2019,eliminacion,,Treintaidosavos,Julio Humberto Grondona,true,https://es.wikipedia.org/wiki/Copa_Argentina_2018-19
2019-05-08,,Belgrano,Deportivo Riestra,3,0,,,Copa Argentina,2019,eliminacion,,Treintaidosavos,Julio Humberto Grondona,true,https://es.wikipedia.org/wiki/Copa_Argentina_2018-19
2019-05-15,,Huracán,Unión (S),2,0,,,Copa Argentina,2019,eliminacion,,Treintaidosavos,Brigadier General Estanislao López,true,https://es.wikipedia.org/wiki/Copa_Argentina_2018-19
2019-05-22,,Estudiantes (LP),Sarmiento (R),5,1,,,Copa Argentina,2019,eliminacion,,Treintaidosavos,Alfredo Beranger,true,https://es.wikipedia.org/wiki/Copa_Argentina_2018-19
2019-05-22,,San Lorenzo,Sportivo Estudiantes (SL),0,2,,,Copa Argentina,2019,eliminacion,,Treintaidosavos,15 de abril,true,https://es.wikipedia.org/wiki/Copa_Argentina_2018-19
2019-07-20,,Mitre (SdE),Estudiantes (LP),0,2,,,Copa Argentina,2019,eliminacion,,Dieciseisavos,Coloso del Ruca Quimey,true,https://es.wikipedia.org/wiki/Copa_Argentina_2018-19
2019-07-26,21:00,Racing Club,Unión,0,0,,,Primera Division,2019,zonas,,Fecha 1,El Cilindro,false,https://es.wikipedia.org/wiki/Campeonato_de_Primera_División_2019-20_(Argentina)
2019-07-27,,Belgrano,Real Pilar,0,1,,,Copa Argentina,2019,eliminacion,,Dieciseisavos,Coloso del Ruca Quimey,true,https://es.wikipedia.org/wiki/Copa_Argentina_2018-19
2019-07-27,13:15,Colón,Patronato,0,1,,,Primera Division,2019,zonas,,Fecha 1,Brigadier Estanislao López,false,https://es.wikipedia.org/wiki/Campeonato_de_Primera_División_2019-20_(Argentina)
2019-07-27,15:30,San Lorenzo,Godoy Cruz,3,2,,,Primera Division,2019,zonas,,Fecha 1,Nuevo Gasómetro,false,https://es.wikipedia.org/wiki/Campeonato_de_Primera_División_2019-20_(Argentina)
2019-07-27,17:45,Lanús,Gimnasia y Esgrima (LP),1,1,,,Primera Division,2019,zonas,,Fecha 1,Ciudad de Lanús,false,https://es.wikipedia.org/wiki/Campeonato_de_Primera_División_2019-20_(Argentina)
2019-07-27,20:00,Argentinos Juniors,River Plate,1,1,,,Primera Division,2019,zonas,,Fecha 1,Diego Armando Maradona,false,https://es.wikipedia.org/wiki/Campeonato_de_Primera_División_2019-20_(Argentina)
2019-07-28,11:00,Estudiantes (LP),Aldosivi,1,0,,,Primera Division,2019,zonas,,Fecha 1,Ciudad de La Plata,false,https://es.wikipedia.org/wiki/Campeonato_de_Primera_División_2019-20_(Argentina)
2019-07-28,13:15,Newell's Old Boys,Central Córdoba (SdE),2,0,,,Primera Division,2019,zonas,,Fecha 1,Marcelo Bielsa,false,https://es.wikipedia.org/wiki/Campeonato_de_Primera_División_2019-20_(Argentina)
2019-07-28,15:30,Talleres (C),Vélez Sarsfield,1,0,,,Primera Division,2019,zonas,,Fecha 1,Mario Alberto Kempes,false,https://es.wikipedia.org/wiki/Campeonato_de_Primera_División_2019-20_(Argentina)
2019-07-28,17:45,Defensa y Justicia,Independiente,0,1,,,Primera Division,2019,zonas,,Fecha 1,Norberto Tomaghello,false,https://es.wikipedia.org/wiki/Campeonato_de_Primera_División_2019-20_(Argentina)
2019-07-28,20:00,Boca Juniors,Huracán,0,0,,,Primera Division,2019,zonas,,Fecha 1,La Bombonera,false,https://es.wikipedia.org/wiki/Campeonato_de_Primera_División_2019-20_(Argentina)
2019-07-29,19:00,Arsenal,Banfield,1,0,,,Primera Division,2019,zonas,,Fecha 1,El Viaducto,false,https://es.wikipedia.org/wiki/Campeonato_de_Primera_División_2019-20_(Argentina)
2019-07-29,21:10,Atlético Tucumán,Rosario Central,1,2,,,Primera Division,2019,zonas,,Fecha 1,Monumental José Fierro,false,https://es.wikipedia.org/wiki/Campeonato_de_Primera_División_2019-20_(Argentina)
2019-08-02,15:30,Dock Sud,General Lamadrid,1,1,,,Primera C,2019,zonas,Torneo Apertura,Fecha 2,Gildo Francisco Ghersinich,false,https://es.wikipedia.org/wiki/Campeonato_de_Primera_C_2019-20_(Argentina)
2019-08-02,15:30,San Martín (B),Ituzaingó,2,0,,,Primera C,2019,zonas,Torneo Apertura,Fecha 2,Francisco Boga,false,https://es.wikipedia.org/wiki/Campeonato_de_Primera_C_2019-20_(Argentina)
2019-08-02,21:00,Huracán,Colón,2,0,,,Primera Division,2019,zonas,,Fecha 2,Tomás A. Ducó,false,https://es.wikipedia.org/wiki/Campeonato_de_Primera_División_2019-20_(Argentina)
2019-08-03,,Villa Mitre,San Martín (SJ),1,0,,,Copa Argentina,2019,eliminacion,,Dieciseisavos,Coloso del Ruca Quimey,true,https://es.wikipedia.org/wiki/Copa_Argentina_2018-19
2019-08-03,13:15,Aldosivi,Argentinos Juniors,0,0,,,Primera Division,2019,zonas,,Fecha 2,José María Minella,false,https://es.wikipedia.org/wiki/Campeonato_de_Primera_División_2019-20_(Argentina)
2019-08-03,15:30,Colegiales,San Miguel,0,0,,,Primera B,2019,zonas,Torneo Apertura,Fecha 1,Colegiales,false,https://es.wikipedia.org/wiki/Campeonato_de_Primera_B_2019-20_(Argentina)
2019-08-03,15:30,Ferrocarril Midland,El Porvenir,2,1,,,Primera C,2019,zonas,Torneo Apertura,Fecha 2,Ciudad de Libertad,false,https://es.wikipedia.org/wiki/Campeonato_de_Primera_C_2019-20_(Argentina)
2019-08-03,15:30,Flandria,Acassuso,3,0,,,Primera B,2019,zonas,Torneo Apertura,Fecha 1,Carlos V,false,https://es.wikipedia.org/wiki/Campeonato_de_Primera_B_2019-20_(Argentina)
2019-08-03,15:30,Real Pilar,Victoriano Arenas,2,0,,,Primera C,2019,zonas,Torneo Apertura,Fecha 2,Carlos Barraza,false,https://es.wikipedia.org/wiki/Campeonato_de_Primera_C_2019-20_(Argentina)
2019-08-03,15:30,Rosario Central,Talleres (C),1,0,,,Primera Division,2019,zonas,,Fecha 2,Gigante de Arroyito,false,https://es.wikipedia.org/wiki/Campeonato_de_Primera_División_2019-20_(Argentina)
2019-08-03,15:30,Sacachispas,UAI Urquiza,1,1,,,Primera B,2019,zonas,Torneo Apertura,Fecha 1,Beto Larrosa,false,https://es.wikipedia.org/wiki/Campeonato_de_Primera_B_2019-20_(Argentina)
2019-08-03,15:30,Tristán Suárez,Talleres (RdE),4,1,,,Primera B,2019,zonas,Torneo Apertura,Fecha 1,20 de Octubre,false,https://es.wikipedia.org/wiki/Campeonato_de_Primera_B_2019-20_(Argentina)
2019-08-03,15:40,Almirante Brown,Fénix,2,0,,,Primera B,2019,zonas,Torneo Apertura,Fecha 1,Fragata Presidente Sarmiento,false,https://es.wikipedia.org/wiki/Campeonato_de_Primera_B_2019-20_(Argentina)
2019-08-03,17:45,Central Córdoba (SdE),Atlético Tucumán,1,0,,,Primera Division,2019,zonas,,Fecha 2,Alfredo Terrera,false,https://es.wikipedia.org/wiki/Campeonato_de_Primera_División_2019-20_(Argentina)
2019-08-03,20:00,Vélez Sarsfield,Racing Club,2,2,,,Primera Division,2019,zonas,,Fecha 2,José Amalfitani,false,https://es.wikipedia.org/wiki/Campeonato_de_Primera_División_2019-20_(Argentina)
2019-08-04,11:00,Unión,Defensa y Justicia,2,1,,,Primera Division,2019,zonas,,Fecha 2,15 de Abril,false,https://es.wikipedia.org/wiki/Campeonato_de_Primera_División_2019-20_(Argentina)
2019-08-04,13:15,Gimnasia y Esgrima (LP),San Lorenzo,0,1,,,Primera Division,2019,zonas,,Fecha 2,Del Bosque,false,https://es.wikipedia.org/wiki/Campeonato_de_Primera_División_2019-20_(Argentina)
2019-08-04,15:30,Banfield,Estudiantes (LP),1,0,,,Primera Division,2019,zonas,,Fecha 2,Florencio Sola,false,https://es.wikipedia.org/wiki/Campeonato_de_Primera_División_2019-20_(Argentina)
2019-08-04,15:30,Central Córdoba (R),Argentino de Merlo,1,1,,,Primera C,2019,zonas,Torneo Apertura,Fecha 2,Gabino Sosa,false,https://es.wikipedia.org/wiki/Campeonato_de_Primera_C_2019-20_(Argentina)
2019-08-04,15:30,Deportivo Armenio,Defensores Unidos,0,1,,,Primera B,2019,zonas,Torneo Apertura,Fecha 1,Armenia,false,https://es.wikipedia.org/wiki/Campeonato_de_Primera_B_2019-20_(Argentina)
2019-08-04,15:30,Deportivo Merlo,Cañuelas,3,1,,,Primera C,2019,zonas,Torneo Apertura,Fecha 2,José Manuel Moreno,false,https://es.wikipedia.org/wiki/Campeonato_de_Primera_C_2019-20_(Argentina)
2019-08-04,17:45,River Plate,Lanús,3,0,,,Primera Division,2019,zonas,,Fecha 2,Monumental,false,https://es.wikipedia.org/wiki/Campeonato_de_Primera_División_2019-20_(Argentina)
2019-08-04,20:00,Patronato,Boca Juniors,0,2,,,Primera Division,2019,zonas,,Fecha 2,Presbítero Bartolomé Grella,false,https://es.wikipedia.org/wiki/Campeonato_de_Primera_División_2019-20_(Argentina)
2019-08-05,15:30,Berazategui,Leandro N. Alem,0,0,,,Primera C,2019,zonas,Torneo Apertura,Fecha 2,Norman Lee,false,https://es.wikipedia.org/wiki/Campeonato_de_Primera_C_2019-20_(Argentina)
2019-08-05,15:30,Deportivo Laferrere,Sportivo Italiano,0,0,,,Primera C,2019,zonas,Torneo Apertura,Fecha 2,Francisco Boga,false,https://es.wikipedia.org/wiki/Campeonato_de_Primera_C_2019-20_(Argentina)
2019-08-05,15:30,J. J. de Urquiza,Comunicaciones,0,1,,,Primera B,2019,zonas,Torneo Apertura,Fecha 1,Merlo,false,https://es.wikipedia.org/wiki/Campeonato_de_Primera_B_2019-20_(Argentina)
2019-08-05,15:30,Luján,Deportivo Español,3,0,,,Primera C,2019,zonas,Torneo Apertura,Fecha 2,Municipal de la Ciudad de Luján,false,https://es.wikipedia.org/wiki/Campeonato_de_Primera_C_2019-20_(Argentina)
2019-08-05,21:10,Godoy Cruz,Arsenal,0,2,,,Primera Division,2019,zonas,,Fecha 2,Malvinas Argentinas,false,https://es.wikipedia.org/wiki/Campeonato_de_Primera_División_2019-20_(Argentina)
2019-08-13,15:30,Deportivo Español,San Martín (B),2,1,,,Primera C,2019,zonas,Torneo Apertura,Fecha 3,Nueva España,false,https://es.wikipedia.org/wiki/Campeonato_de_Primera_C_2019-20_(Argentina)
2019-08-13,15:30,General Lamadrid,Ferrocarril Midland,1,0,,,Primera C,2019,zonas,Torneo Apertura,Fecha 3,Enrique Sexto,false,https://es.wikipedia.org/wiki/Campeonato_de_Primera_C_2019-20_(Argentina)
2019-08-13,15:30,Ituzaingó,Real Pilar,0,0,,,Primera C,2019,zonas,Torneo Apertura,Fecha 3,Carlos Alberto Sacaan,false,https://es.wikipedia.org/wiki/Campeonato_de_Primera_C_2019-20_(Argentina)
2019-08-13,15:30,Victoriano Arenas,Excursionistas,1,1,,,Primera C,2019,zonas,Torneo Apertura,Fecha 3,Saturnino Moure,false,https://es.wikipedia.org/wiki/Campeonato_de_Primera_C_2019-20_(Argentina)
2019-08-13,20:00,Sportivo Italiano,Deportivo Merlo,2,0,,,Primera C,2019,zonas,Torneo Apertura,Fecha 3,República de Italia,false,https://es.wikipedia.org/wiki/Campeonato_de_Primera_C_2019-20_(Argentina)
2019-08-14,15:30,Argentino de Merlo,Deportivo Laferrere,0,0,,,Primera C,2019,zonas,Torneo Apertura,Fecha 3,Merlo,false,https://es.wikipedia.org/wiki/Campeonato_de_Primera_C_2019-20_(Argentina)
2019-08-14,15:30,Cañuelas,Luján,2,0,,,Primera C,2019,zonas,Torneo Apertura,Fecha 3,José Alfredo Arín,false,https://es.wikipedia.org/wiki/Campeonato_de_Primera_C_2019-20_(Argentina)
2019-08-14,15:30,El Porvenir,Berazategui,0,0,,,Primera C,2019,zonas,Torneo Apertura,Fecha 3,Gildo Francisco Ghersinich,false,https://es.wikipedia.org/wiki/Campeonato_de_Primera_C_2019-20_(Argentina)
2019-08-14,15:30,Leandro N. Alem,Central Córdoba (R),0,1,,,Primera C,2019,zonas,Torneo Apertura,Fecha 3,Leandro N. Alem,false,https://es.wikipedia.org/wiki/Campeonato_de_Primera_C_2019-20_(Argentina)
2019-08-15,15:30,Fénix,Sacachispas,1,0,,,Primera B,2019,zonas,Torneo Apertura,Fecha 2,José Manuel Moreno,false,https://es.wikipedia.org/wiki/Campeonato_de_Primera_B_2019-20_(Argentina)
2019-08-15,21:10,Chacarita Juniors,All Boys,0,0,,,Primera Nacional,2019,zonas,Zona B,Fecha 1,Chacarita Juniors,false,https://es.wikipedia.org/wiki/Campeonato_de_Primera_Nacional_2019-20
2019-08-16,15:30,Argentino de Quilmes,Flandria,1,3,,,Primera B,2019,zonas,Torneo Apertura,Fecha 2,Francisco Boga,false,https://es.wikipedia.org/wiki/Campeonato_de_Primera_B_2019-20_(Argentina)
2019-08-16,15:30,Defensores Unidos,San Telmo,1,0,,,Primera B,2019,zonas,Torneo Apertura,Fecha 2,Mario Losinno,false,https://es.wikipedia.org/wiki/Campeonato_de_Primera_B_2019-20_(Argentina)
2019-08-16,15:30,Villa San Carlos,J. J. de Urquiza,1,0,,,Primera B,2019,zonas,Torneo Apertura,Fecha 2,Genacio Sálice,false,https://es.wikipedia.org/wiki/Campeonato_de_Primera_B_2019-20_(Argentina)
2019-08-16,19:00,Argentinos Juniors,Banfield,3,2,,,Primera Division,2019,zonas,,Fecha 3,Diego Armando Maradona,false,https://es.wikipedia.org/wiki/Campeonato_de_Primera_División_2019-20_(Argentina)
2019-08-16,21:10,Talleres (C),Central Córdoba (SdE),1,1,,,Primera Division,2019,zonas,,Fecha 3,Mario Alberto Kempes,false,https://es.wikipedia.org/wiki/Campeonato_de_Primera_División_2019-20_(Argentina)
2019-08-16,21:30,Estudiantes (RC),Temperley,3,0,,,Primera Nacional,2019,zonas,Zona A,Fecha 1,Antonio Candini,false,https://es.wikipedia.org/wiki/Campeonato_de_Primera_Nacional_2019-20
2019-08-16,22:00,Mitre (SdE),Estudiantes (BA),0,1,,,Primera Nacional,2019,zonas,Zona A,Fecha 1,Doctores José y Antonio Castiglione,false,https://es.wikipedia.org/wiki/Campeonato_de_Primera_Nacional_2019-20
2019-08-17,12:00,Brown de Adrogué,Atlético de Rafaela,1,1,,,Primera Nacional,2019,zonas,Zona B,Fecha 1,Lorenzo Arandilla,false,https://es.wikipedia.org/wiki/Campeonato_de_Primera_Nacional_2019-20
2019-08-17,13:05,Atlanta,Independiente Rivadavia,4,1,,,Primera Nacional,2019,zonas,Zona A,Fecha 1,Don León Kolbowsky,false,https://es.wikipedia.org/wiki/Campeonato_de_Primera_Nacional_2019-20
2019-08-17,15:30,Almirante Brown,Colegiales,0,0,,,Primera B,2019,zonas,Torneo Apertura,Fecha 2,Fragata Presidente Sarmiento,false,https://es.wikipedia.org/wiki/Campeonato_de_Primera_B_2019-20_(Argentina)
2019-08-17,15:30,Comunicaciones,San Miguel,2,0,,,Primera B,2019,zonas,Torneo Apertura,Fecha 2,Alfredo Ramos,false,https://es.wikipedia.org/wiki/Campeonato_de_Primera_B_2019-20_(Argentina)
2019-08-17,15:30,Newell's Old Boys,Unión,2,0,,,Primera Division,2019,zonas,,Fecha 3,Marcelo Bielsa,false,https://es.wikipedia.org/wiki/Campeonato_de_Primera_División_2019-20_(Argentina)
2019-08-17,15:30,Sarmiento (J),Ramón Santamarina,0,0,,,Primera Nacional,2019,zonas,Zona B,Fecha 1,Eva Perón,false,https://es.wikipedia.org/wiki/Campeonato_de_Primera_Nacional_2019-20
2019-08-17,15:30,UAI Urquiza,Tristán Suárez,2,2,,,Primera B,2019,zonas,Torneo Apertura,Fecha 2,Monumental de Villa Lynch,false,https://es.wikipedia.org/wiki/Campeonato_de_Primera_B_2019-20_(Argentina)
2019-08-17,15:30,Villa Dálmine,Instituto,2,0,,,Primera Nacional,2019,zonas,Zona B,Fecha 1,El Coliseo de Mitre y Puccini,false,https://es.wikipedia.org/wiki/Campeonato_de_Primera_Nacional_2019-20
2019-08-17,17:45,San Lorenzo,Rosario Central,2,2,,,Primera Division,2019,zonas,,Fecha 3,Nuevo Gasómetro,false,https://es.wikipedia.org/wiki/Campeonato_de_Primera_División_2019-20_(Argentina)
2019-08-17,18:00,Belgrano,San Martín (SJ),1,1,,,Primera Nacional,2019,zonas,Zona A,Fecha 1,Gigante de Alberdi,false,https://es.wikipedia.org/wiki/Campeonato_de_Primera_Nacional_2019-20
2019-08-17,20:00,Racing Club,River Plate,1,6,,,Primera Division,2019,zonas,,Fecha 3,El Cilindro,false,https://es.wikipedia.org/wiki/Campeonato_de_Primera_División_2019-20_(Argentina)
2019-08-18,11:00,Patronato,Huracán,2,1,,,Primera Division,2019,zonas,,Fecha 3,Presbítero Bartolomé Grella,false,https://es.wikipedia.org/wiki/Campeonato_de_Primera_División_2019-20_(Argentina)
2019-08-18,13:00,Almagro,San Martín (T),0,1,,,Primera Nacional,2019,zonas,Zona B,Fecha 1,Tres de Febrero,false,https://es.wikipedia.org/wiki/Campeonato_de_Primera_Nacional_2019-20
2019-08-18,15:05,Guillermo Brown,Barracas Central,0,2,,,Primera Nacional,2019,zonas,Zona A,Fecha 1,Raúl Conti,false,https://es.wikipedia.org/wiki/Campeonato_de_Primera_Nacional_2019-20
2019-08-18,15:30,Acassuso,Los Andes,2,0,,,Primera B,2019,zonas,Torneo Apertura,Fecha 2,Armenia,false,https://es.wikipedia.org/wiki/Campeonato_de_Primera_B_2019-20_(Argentina)
2019-08-18,15:30,Central Córdoba (R),El Porvenir,2,1,,,Primera C,2019,zonas,Torneo Apertura,Fecha 4,Gabino Sosa,false,https://es.wikipedia.org/wiki/Campeonato_de_Primera_C_2019-20_(Argentina)
2019-08-18,15:30,Defensa y Justicia,Arsenal,0,3,,,Primera Division,2019,zonas,,Fecha 3,Norberto Tomaghello,false,https://es.wikipedia.org/wiki/Campeonato_de_Primera_División_2019-20_(Argentina)
2019-08-18,15:30,Deportivo Riestra,Gimnasia y Esgrima (J),2,1,,,Primera Nacional,2019,zonas,Zona B,Fecha 1,Guillermo Laza,false,https://es.wikipedia.org/wiki/Campeonato_de_Primera_Nacional_2019-20
2019-08-18,15:30,Real Pilar,Deportivo Español,1,1,,,Primera C,2019,zonas,Torneo Apertura,Fecha 4,Carlos Barraza,false,https://es.wikipedia.org/wiki/Campeonato_de_Primera_C_2019-20_(Argentina)
2019-08-18,16:00,Gimnasia y Esgrima (M),Defensores de Belgrano,0,0,,,Primera Nacional,2019,zonas,Zona B,Fecha 1,Víctor Antonio Legrotaglie,false,https://es.wikipedia.org/wiki/Campeonato_de_Primera_Nacional_2019-20
2019-08-18,17:05,Tigre,Quilmes,1,2,,,Primera Nacional,2019,zonas,Zona B,Fecha 1,Monumental de Victoria,false,https://es.wikipedia.org/wiki/Campeonato_de_Primera_Nacional_2019-20
2019-08-18,17:45,Lanús,Vélez Sarsfield,3,1,,,Primera Division,2019,zonas,,Fecha 3,Ciudad de Lanús,false,https://es.wikipedia.org/wiki/Campeonato_de_Primera_División_2019-20_(Argentina)
2019-08-18,18:00,Alvarado,Agropecuario,1,2,,,Primera Nacional,2019,zonas,Zona A,Fecha 1,José María Minella,false,https://es.wikipedia.org/wiki/Campeonato_de_Primera_Nacional_2019-20
2019-08-18,20:00,Boca Juniors,Aldosivi,2,0,,,Primera Division,2019,zonas,,Fecha 3,La Bombonera,false,https://es.wikipedia.org/wiki/Campeonato_de_Primera_División_2019-20_(Argentina)
2019-08-19,15:30,Atlético Tucumán,Godoy Cruz,1,0,,,Primera Division,2019,zonas,,Fecha 3,Monumental José Fierro,false,https://es.wikipedia.org/wiki/Campeonato_de_Primera_División_2019-20_(Argentina)
2019-08-19,15:30,Berazategui,General Lamadrid,2,1,,,Primera C,2019,zonas,Torneo Apertura,Fecha 4,Norman Lee,false,https://es.wikipedia.org/wiki/Campeonato_de_Primera_C_2019-20_(Argentina)
2019-08-19,15:30,Deportivo Laferrere,Leandro N. Alem,2,0,,,Primera C,2019,zonas,Torneo Apertura,Fecha 4,Ciudad de Laferrere,false,https://es.wikipedia.org/wiki/Campeonato_de_Primera_C_2019-20_(Argentina)
2019-08-19,15:30,Deportivo Merlo,Argentino de Merlo,1,0,,,Primera C,2019,zonas,Torneo Apertura,Fecha 4,José Manuel Moreno,false,https://es.wikipedia.org/wiki/Campeonato_de_Primera_C_2019-20_(Argentina)
2019-08-19,15:30,Excursionistas,Ituzaingó,2,0,,,Primera C,2019,zonas,Torneo Apertura,Fecha 4,Excursionistas,false,https://es.wikipedia.org/wiki/Campeonato_de_Primera_C_2019-20_(Argentina)
2019-08-19,15:30,Luján,Sportivo Italiano,2,2,,,Primera C,2019,zonas,Torneo Apertura,Fecha 4,Municipal de la Ciudad de Luján,false,https://es.wikipedia.org/wiki/Campeonato_de_Primera_C_2019-20_(Argentina)
2019-08-19,15:30,San Martín (B),Cañuelas,3,0,,,Primera C,2019,zonas,Torneo Apertura,Fecha 4,Francisco Boga,false,https://es.wikipedia.org/wiki/Campeonato_de_Primera_C_2019-20_(Argentina)
2019-08-19,15:35,Nueva Chicago,Deportivo Morón,0,0,,,Primera Nacional,2019,zonas,Zona A,Fecha 1,Nueva Chicago,false,https://es.wikipedia.org/wiki/Campeonato_de_Primera_Nacional_2019-20
2019-08-19,17:45,Colón,Gimnasia y Esgrima (LP),2,1,,,Primera Division,2019,zonas,,Fecha 3,Brigadier Estanislao López,false,https://es.wikipedia.org/wiki/Campeonato_de_Primera_División_2019-20_(Argentina)
2019-08-19,20:00,Estudiantes (LP),Independiente,3,0,,,Primera Division,2019,zonas,,Fecha 3,Ciudad de La Plata,false,https://es.wikipedia.org/wiki/Campeonato_de_Primera_División_2019-20_(Argentina)
2019-08-19,21:05,Ferro Carril Oeste,Platense,0,2,,,Primera Nacional,2019,zonas,Zona A,Fecha 1,Arquitecto Ricardo Etcheverri,false,https://es.wikipedia.org/wiki/Campeonato_de_Primera_Nacional_2019-20
2019-08-20,15:30,Ferrocarril Midland,Dock Sud,4,1,,,Primera C,2019,zonas,Torneo Apertura,Fecha 4,Ciudad de Libertad,false,https://es.wikipedia.org/wiki/Campeonato_de_Primera_C_2019-20_(Argentina)
2019-08-20,21:05,Talleres (RdE),Deportivo Armenio,3,2,,,Primera B,2019,zonas,Torneo Apertura,Fecha 2,Talleres,false,https://es.wikipedia.org/wiki/Campeonato_de_Primera_B_2019-20_(Argentina)
2019-08-21,,All Boys,Central Córdoba (SdE),0,1,,,Copa Argentina,2019,eliminacion,,Dieciseisavos,15 de abril,true,https://es.wikipedia.org/wiki/Copa_Argentina_2018-19
2019-08-21,15:30,San Telmo,Argentino de Quilmes,2,0,,,Primera B,2019,zonas,Torneo Apertura,Fecha 1,Dr. Osvaldo Baletto,false,https://es.wikipedia.org/wiki/Campeonato_de_Primera_B_2019-20_(Argentina)
2019-08-22,19:15,Instituto,Sarmiento (J),2,3,,,Primera Nacional,2019,zonas,Zona B,Fecha 2,Juan Domingo Perón,false,https://es.wikipedia.org/wiki/Campeonato_de_Primera_Nacional_2019-20
2019-08-22,20:00,Los Andes,Villa San Carlos,1,0,,,Primera B,2019,zonas,Torneo Apertura,Fecha 1,Eduardo Gallardón,false,https://es.wikipedia.org/wiki/Campeonato_de_Primera_B_2019-20_(Argentina)
2019-08-23,15:30,El Porvenir,Deportivo Laferrere,0,1,,,Primera C,2019,zonas,Torneo Apertura,Fecha 5,Gildo Francisco Ghersinich,false,https://es.wikipedia.org/wiki/Campeonato_de_Primera_C_2019-20_(Argentina)
2019-08-23,15:30,Leandro N. Alem,Deportivo Merlo,5,0,,,Primera C,2019,zonas,Torneo Apertura,Fecha 5,Leandro N. Alem,false,https://es.wikipedia.org/wiki/Campeonato_de_Primera_C_2019-20_(Argentina)
2019-08-23,15:30,Sportivo Italiano,San Martín (B),0,1,,,Primera C,2019,zonas,Torneo Apertura,Fecha 5,República de Italia,false,https://es.wikipedia.org/wiki/Campeonato_de_Primera_C_2019-20_(Argentina)
2019-08-23,15:30,Tristán Suárez,Fénix,1,0,,,Primera B,2019,zonas,Torneo Apertura,Fecha 3,20 de Octubre,false,https://es.wikipedia.org/wiki/Campeonato_de_Primera_B_2019-20_(Argentina)
2019-08-23,19:05,Atlético de Rafaela,Tigre,1,2,,,Primera Nacional,2019,zonas,Zona B,Fecha 2,Nuevo Monumental,false,https://es.wikipedia.org/wiki/Campeonato_de_Primera_Nacional_2019-20
2019-08-24,13:05,Temperley,Nueva Chicago,1,1,,,Primera Nacional,2019,zonas,Zona A,Fecha 2,Alfredo Beranger,false,https://es.wikipedia.org/wiki/Campeonato_de_Primera_Nacional_2019-20
2019-08-24,15:30,Atlanta,Mitre (SdE),1,0,,,Primera Nacional,2019,zonas,Zona A,Fecha 2,Don León Kolbowsky,false,https://es.wikipedia.org/wiki/Campeonato_de_Primera_Nacional_2019-20
2019-08-24,15:30,Barracas Central,Alvarado,2,2,,,Primera Nacional,2019,zonas,Zona A,Fecha 2,Claudio Chiqui Tapia,false,https://es.wikipedia.org/wiki/Campeonato_de_Primera_Nacional_2019-20
2019-08-24,15:30,Colegiales,Comunicaciones,2,2,,,Primera B,2019,zonas,Torneo Apertura,Fecha 3,Colegiales,false,https://es.wikipedia.org/wiki/Campeonato_de_Primera_B_2019-20_(Argentina)
2019-08-24,15:30,Deportivo Morón,Guillermo Brown,1,0,,,Primera Nacional,2019,zonas,Zona A,Fecha 2,Nuevo Francisco Urbano,false,https://es.wikipedia.org/wiki/Campeonato_de_Primera_Nacional_2019-20
2019-08-24,15:30,Flandria,Defensores Unidos,1,2,,,Primera B,2019,zonas,Torneo Apertura,Fecha 3,Carlos V,false,https://es.wikipedia.org/wiki/Campeonato_de_Primera_B_2019-20_(Argentina)
2019-08-24,15:30,Sacachispas,Almirante Brown,1,1,,,Primera B,2019,zonas,Torneo Apertura,Fecha 3,Beto Larrosa,false,https://es.wikipedia.org/wiki/Campeonato_de_Primera_B_2019-20_(Argentina)
2019-08-24,17:00,San Martín (SJ),Estudiantes (BA),0,1,,,Primera Nacional,2019,zonas,Zona A,Fecha 2,Ingeniero Hilario Sánchez,false,https://es.wikipedia.org/wiki/Campeonato_de_Primera_Nacional_2019-20
2019-08-24,17:50,Gimnasia y Esgrima (J),Chacarita Juniors,2,1,,,Primera Nacional,2019,zonas,Zona B,Fecha 2,23 de agosto,false,https://es.wikipedia.org/wiki/Campeonato_de_Primera_Nacional_2019-20
2019-08-24,20:00,Independiente Rivadavia,Ferro Carril Oeste,3,2,,,Primera Nacional,2019,zonas,Zona A,Fecha 2,Bautista Gargantini,false,https://es.wikipedia.org/wiki/Campeonato_de_Primera_Nacional_2019-20
2019-08-25,11:00,Dock Sud,Berazategui,1,0,,,Primera C,2019,zonas,Torneo Apertura,Fecha 5,De los Inmigrantes,false,https://es.wikipedia.org/wiki/Campeonato_de_Primera_C_2019-20_(Argentina)
2019-08-25,13:00,Deportivo Armenio,UAI Urquiza,1,1,,,Primera B,2019,zonas,Torneo Apertura,Fecha 3,Armenia,false,https://es.wikipedia.org/wiki/Campeonato_de_Primera_B_2019-20_(Argentina)
2019-08-25,14:00,Agropecuario,Belgrano,1,3,,,Primera Nacional,2019,zonas,Zona A,Fecha 2,Ofelia Rosenzuaig,false,https://es.wikipedia.org/wiki/Campeonato_de_Primera_Nacional_2019-20
2019-08-25,15:30,All Boys,Brown de Adrogué,0,3,,,Primera Nacional,2019,zonas,Zona B,Fecha 2,Islas Malvinas,false,https://es.wikipedia.org/wiki/Campeonato_de_Primera_Nacional_2019-20
2019-08-25,15:30,Almagro,Gimnasia y Esgrima (M),0,1,,,Primera Nacional,2019,zonas,Zona B,Fecha 2,Tres de Febrero,false,https://es.wikipedia.org/wiki/Campeonato_de_Primera_Nacional_2019-20
2019-08-25,15:30,Cañuelas,Real Pilar,3,2,,,Primera C,2019,zonas,Torneo Apertura,Fecha 5,José Alfredo Arín,false,https://es.wikipedia.org/wiki/Campeonato_de_Primera_C_2019-20_(Argentina)
2019-08-25,15:30,Deportivo Español,Excursionistas,0,0,,,Primera C,2019,zonas,Torneo Apertura,Fecha 5,Nueva España,false,https://es.wikipedia.org/wiki/Campeonato_de_Primera_C_2019-20_(Argentina)
2019-08-25,16:00,Platense,Estudiantes (RC),3,1,,,Primera Nacional,2019,zonas,Zona A,Fecha 2,Ciudad de Vicente López,false,https://es.wikipedia.org/wiki/Campeonato_de_Primera_Nacional_2019-20
2019-08-25,16:00,San Martín (T),Villa Dálmine,1,0,,,Primera Nacional,2019,zonas,Zona B,Fecha 2,La Ciudadela,false,https://es.wikipedia.org/wiki/Campeonato_de_Primera_Nacional_2019-20
2019-08-26,15:30,Argentino de Merlo,Luján,0,0,,,Primera C,2019,zonas,Torneo Apertura,Fecha 5,Merlo,false,https://es.wikipedia.org/wiki/Campeonato_de_Primera_C_2019-20_(Argentina)
2019-08-26,15:30,General Lamadrid,Central Córdoba (R),0,0,,,Primera C,2019,zonas,Torneo Apertura,Fecha 5,Enrique Sexto,false,https://es.wikipedia.org/wiki/Campeonato_de_Primera_C_2019-20_(Argentina)
2019-08-26,15:30,Ituzaingó,Victoriano Arenas,0,0,,,Primera C,2019,zonas,Torneo Apertura,Fecha 5,Carlos Alberto Sacaan,false,https://es.wikipedia.org/wiki/Campeonato_de_Primera_C_2019-20_(Argentina)
2019-08-26,15:30,San Miguel,Villa San Carlos,0,1,,,Primera B,2019,zonas,Torneo Apertura,Fecha 3,Malvinas Argentinas,false,https://es.wikipedia.org/wiki/Campeonato_de_Primera_B_2019-20_(Argentina)
2019-08-26,15:30,San Telmo,Talleres (RdE),1,0,,,Primera B,2019,zonas,Torneo Apertura,Fecha 3,Dr. Osvaldo Baletto,false,https://es.wikipedia.org/wiki/Campeonato_de_Primera_B_2019-20_(Argentina)
2019-08-26,20:30,Ramón Santamarina,Deportivo Riestra,0,1,,,Primera Nacional,2019,zonas,Zona B,Fecha 2,Municipal General San Martín,false,https://es.wikipedia.org/wiki/Campeonato_de_Primera_Nacional_2019-20
2019-08-26,21:00,Quilmes,Defensores de Belgrano,1,0,,,Primera Nacional,2019,zonas,Zona B,Fecha 2,Centenario,false,https://es.wikipedia.org/wiki/Campeonato_de_Primera_Nacional_2019-20
2019-08-27,15:30,J. J. de Urquiza,Acassuso,2,2,,,Primera B,2019,zonas,Torneo Apertura,Fecha 3,Merlo,false,https://es.wikipedia.org/wiki/Campeonato_de_Primera_B_2019-20_(Argentina)
2019-08-27,21:05,Los Andes,Argentino de Quilmes,4,0,,,Primera B,2019,zonas,Torneo Apertura,Fecha 3,Eduardo Gallardón,false,https://es.wikipedia.org/wiki/Campeonato_de_Primera_B_2019-20_(Argentina)
2019-08-28,,Arsenal,Estudiantes (BA),2,3,,,Copa Argentina,2019,eliminacion,,Dieciseisavos,Alfredo Beranger,true,https://es.wikipedia.org/wiki/Copa_Argentina_2018-19
2019-08-28,,Patronato,Independiente,0,1,,,Copa Argentina,2019,eliminacion,,Dieciseisavos,Único de Villa Mercedes,true,https://es.wikipedia.org/wiki/Copa_Argentina_2018-19
2019-08-28,,Sol de Mayo (V),Colón,0,4,,,Copa Argentina,2019,eliminacion,,Dieciseisavos,Nuevo Monumental,true,https://es.wikipedia.org/wiki/Copa_Argentina_2018-19
2019-08-29,19:15,Alvarado,Deportivo Morón,2,4,,,Primera Nacional,2019,zonas,Zona A,Fecha 3,José María Minella,false,https://es.wikipedia.org/wiki/Campeonato_de_Primera_Nacional_2019-20
2019-08-30,19:00,Lanús,Central Córdoba (SdE),1,0,,,Primera Division,2019,zonas,,Fecha 5,Ciudad de Lanús,false,https://es.wikipedia.org/wiki/Campeonato_de_Primera_División_2019-20_(Argentina)
2019-08-30,19:30,Excursionistas,Cañuelas,1,2,,,Primera C,2019,zonas,Torneo Apertura,Fecha 6,Excursionistas,false,https://es.wikipedia.org/wiki/Campeonato_de_Primera_C_2019-20_(Argentina)
2019-08-30,21:05,Belgrano,Barracas Central,1,0,,,Primera Nacional,2019,zonas,Zona A,Fecha 3,Gigante de Alberdi,false,https://es.wikipedia.org/wiki/Campeonato_de_Primera_Nacional_2019-20
2019-08-30,21:10,Defensa y Justicia,Banfield,0,0,,,Primera Division,2019,zonas,,Fecha 5,Norberto Tomaghello,false,https://es.wikipedia.org/wiki/Campeonato_de_Primera_División_2019-20_(Argentina)
2019-08-30,21:10,Estudiantes (LP),Vélez Sarsfield,0,1,,,Primera Division,2019,zonas,,Fecha 5,Ciudad de La Plata,false,https://es.wikipedia.org/wiki/Campeonato_de_Primera_División_2019-20_(Argentina)
2019-08-30,22:00,Güemes (SdE),Unión (S),0,2,,,Torneo Federal A,2019,zonas,Etapa clasificatoria,Fecha 1,Arturo Miranda,false,https://es.wikipedia.org/wiki/Torneo_Federal_A_2019-20
2019-08-31,11:35,Chacarita Juniors,Ramón Santamarina,0,3,,,Primera Nacional,2019,zonas,Zona B,Fecha 3,Chacarita Juniors,false,https://es.wikipedia.org/wiki/Campeonato_de_Primera_Nacional_2019-20
2019-08-31,12:00,Deportivo Merlo,El Porvenir,3,2,,,Primera C,2019,zonas,Torneo Apertura,Fecha 6,José Manuel Moreno,false,https://es.wikipedia.org/wiki/Campeonato_de_Primera_C_2019-20_(Argentina)
2019-08-31,12:00,Victoriano Arenas,Deportivo Español,1,4,,,Primera C,2019,zonas,Torneo Apertura,Fecha 6,Saturnino Moure,false,https://es.wikipedia.org/wiki/Campeonato_de_Primera_C_2019-20_(Argentina)
2019-08-31,13:05,Tigre,All Boys,2,0,,,Primera Nacional,2019,zonas,Zona B,Fecha 3,Monumental de Victoria,false,https://es.wikipedia.org/wiki/Campeonato_de_Primera_Nacional_2019-20
2019-08-31,13:15,Argentinos Juniors,Gimnasia y Esgrima (LP),1,0,,,Primera Division,2019,zonas,,Fecha 5,Diego Armando Maradona,false,https://es.wikipedia.org/wiki/Campeonato_de_Primera_División_2019-20_(Argentina)
2019-08-31,15:30,Acassuso,San Miguel,0,0,,,Primera B,2019,zonas,Torneo Apertura,Fecha 4,Armenia,false,https://es.wikipedia.org/wiki/Campeonato_de_Primera_B_2019-20_(Argentina)
2019-08-31,15:30,Brown de Adrogué,Gimnasia y Esgrima (J),0,1,,,Primera Nacional,2019,zonas,Zona B,Fecha 3,Lorenzo Arandilla,false,https://es.wikipedia.org/wiki/Campeonato_de_Primera_Nacional_2019-20
2019-08-31,15:30,Central Córdoba (R),Dock Sud,2,2,,,Primera C,2019,zonas,Torneo Apertura,Fecha 6,Gabino Sosa,false,https://es.wikipedia.org/wiki/Campeonato_de_Primera_C_2019-20_(Argentina)
2019-08-31,15:30,Defensores de Belgrano,Atlético de Rafaela,2,2,,,Primera Nacional,2019,zonas,Zona B,Fecha 3,Juan Pasquale,false,https://es.wikipedia.org/wiki/Campeonato_de_Primera_Nacional_2019-20
2019-08-31,15:30,Real Pilar,Sportivo Italiano,1,0,,,Primera C,2019,zonas,Torneo Apertura,Fecha 6,Carlos Barraza,false,https://es.wikipedia.org/wiki/Campeonato_de_Primera_C_2019-20_(Argentina)
2019-08-31,15:30,San Lorenzo,Unión,2,1,,,Primera Division,2019,zonas,,Fecha 5,Nuevo Gasómetro,false,https://es.wikipedia.org/wiki/Campeonato_de_Primera_División_2019-20_(Argentina)
2019-08-31,15:30,Sansinena,Desamparados,0,0,,,Torneo Federal A,2019,zonas,Etapa clasificatoria,Fecha 1,Luis Molina,false,https://es.wikipedia.org/wiki/Torneo_Federal_A_2019-20
2019-08-31,15:30,Sarmiento (J),San Martín (T),3,1,,,Primera Nacional,2019,zonas,Zona B,Fecha 3,Eva Perón,false,https://es.wikipedia.org/wiki/Campeonato_de_Primera_Nacional_2019-20
2019-08-31,16:00,Defensores de Pronunciamiento,Crucero del Norte,0,1,,,Torneo Federal A,2019,zonas,Etapa clasificatoria,Fecha 1,Delio Cardozo,false,https://es.wikipedia.org/wiki/Torneo_Federal_A_2019-20
2019-08-31,16:00,Sportivo Peñarol (C),Deportivo Maipú,0,0,,,Torneo Federal A,2019,zonas,Etapa clasificatoria,Fecha 1,Ramón Pablo Rojas,false,https://es.wikipedia.org/wiki/Torneo_Federal_A_2019-20
2019-08-31,17:00,Sportivo Estudiantes (SL),Villa Mitre,1,1,,,Torneo Federal A,2019,zonas,Etapa clasificatoria,Fecha 1,Héctor Odicino y Pedro Benoza,false,https://es.wikipedia.org/wiki/Torneo_Federal_A_2019-20
2019-08-31,17:45,Patronato,Independiente,1,0,,,Primera Division,2019,zonas,,Fecha 5,Presbítero Bartolomé Grella,false,https://es.wikipedia.org/wiki/Campeonato_de_Primera_División_2019-20_(Argentina)
2019-08-31,19:00,Sportivo Las Parejas,Sportivo Belgrano,0,0,,,Torneo Federal A,2019,zonas,Etapa clasificatoria,Fecha 1,4 de Septiembre,false,https://es.wikipedia.org/wiki/Torneo_Federal_A_2019-20
2019-08-31,20:00,Racing Club,Godoy Cruz,3,1,,,Primera Division,2019,zonas,,Fecha 5,El Cilindro,false,https://es.wikipedia.org/wiki/Campeonato_de_Primera_División_2019-20_(Argentina)
2019-08-31,21:30,Sarmiento (R),Defensores de Belgrano (VR),2,0,,,Torneo Federal A,2019,zonas,Etapa clasificatoria,Fecha 1,Centenario,false,https://es.wikipedia.org/wiki/Torneo_Federal_A_2019-20
2019-09-01,11:00,Atlético Tucumán,Arsenal,1,0,,,Primera Division,2019,zonas,,Fecha 5,Monumental José Fierro,false,https://es.wikipedia.org/wiki/Campeonato_de_Primera_División_2019-20_(Argentina)
2019-09-01,11:00,Colón,Rosario Central,1,1,,,Primera Division,2019,zonas,,Fecha 5,Brigadier Estanislao López,false,https://es.wikipedia.org/wiki/Campeonato_de_Primera_División_2019-20_(Argentina)
2019-09-01,11:00,Guillermo Brown,Temperley,0,1,,,Primera Nacional,2019,zonas,Zona A,Fecha 3,Raúl Conti,false,https://es.wikipedia.org/wiki/Campeonato_de_Primera_Nacional_2019-20
2019-09-01,11:00,Olimpo,Círculo Deportivo,0,0,,,Torneo Federal A,2019,zonas,Etapa clasificatoria,Fecha 1,Roberto N. Carminatti,false,https://es.wikipedia.org/wiki/Torneo_Federal_A_2019-20
2019-09-01,11:35,Defensores Unidos,Los Andes,1,1,,,Primera B,2019,zonas,Torneo Apertura,Fecha 4,Mario Losinno,false,https://es.wikipedia.org/wiki/Campeonato_de_Primera_B_2019-20_(Argentina)
2019-09-01,12:00,Argentino de Quilmes,J. J. de Urquiza,0,0,,,Primera B,2019,zonas,Torneo Apertura,Fecha 4,Argentino de Quilmes,false,https://es.wikipedia.org/wiki/Campeonato_de_Primera_B_2019-20_(Argentina)
2019-09-01,13:15,Newell's Old Boys,Huracán,4,1,,,Primera Division,2019,zonas,,Fecha 5,Marcelo Bielsa,false,https://es.wikipedia.org/wiki/Campeonato_de_Primera_División_2019-20_(Argentina)
2019-09-01,13:15,Talleres (C),Aldosivi,2,1,,,Primera Division,2019,zonas,,Fecha 5,Mario Alberto Kempes,false,https://es.wikipedia.org/wiki/Campeonato_de_Primera_División_2019-20_(Argentina)
2019-09-01,14:00,Almirante Brown,Tristán Suárez,0,0,,,Primera B,2019,zonas,Torneo Apertura,Fecha 4,Fragata Presidente Sarmiento,false,https://es.wikipedia.org/wiki/Campeonato_de_Primera_B_2019-20_(Argentina)
2019-09-01,14:00,Juventud Unida (G),Central Norte (S),1,1,,,Torneo Federal A,2019,zonas,Etapa clasificatoria,Fecha 1,De los Eucaliptos,false,https://es.wikipedia.org/wiki/Torneo_Federal_A_2019-20
2019-09-01,14:00,Luján,Leandro N. Alem,1,2,,,Primera C,2019,zonas,Torneo Apertura,Fecha 6,Municipal de la Ciudad de Luján,false,https://es.wikipedia.org/wiki/Campeonato_de_Primera_C_2019-20_(Argentina)
2019-09-01,14:00,San Martín (B),Argentino de Merlo,0,2,,,Primera C,2019,zonas,Torneo Apertura,Fecha 6,Francisco Boga,false,https://es.wikipedia.org/wiki/Campeonato_de_Primera_C_2019-20_(Argentina)
2019-09-01,14:00,San Martín (F),Gimnasia y Esgrima (CdU),2,1,,,Torneo Federal A,2019,zonas,Etapa clasificatoria,Fecha 1,17 de Octubre,false,https://es.wikipedia.org/wiki/Torneo_Federal_A_2019-20
2019-09-01,14:00,Talleres (RdE),Flandria,1,1,,,Primera B,2019,zonas,Torneo Apertura,Fecha 4,Talleres,false,https://es.wikipedia.org/wiki/Campeonato_de_Primera_B_2019-20_(Argentina)
2019-09-01,14:00,UAI Urquiza,San Telmo,1,0,,,Primera B,2019,zonas,Torneo Apertura,Fecha 4,Monumental de Villa Lynch,false,https://es.wikipedia.org/wiki/Campeonato_de_Primera_B_2019-20_(Argentina)
2019-09-01,14:30,Douglas Haig,Chaco For Ever,0,2,,,Torneo Federal A,2019,zonas,Etapa clasificatoria,Fecha 1,Miguel Morales,false,https://es.wikipedia.org/wiki/Torneo_Federal_A_2019-20
2019-09-01,14:30,Estudiantes (RC),Independiente Rivadavia,3,1,,,Primera Nacional,2019,zonas,Zona A,Fecha 3,Antonio Candini,false,https://es.wikipedia.org/wiki/Campeonato_de_Primera_Nacional_2019-20
2019-09-01,14:30,Ferro Carril Oeste (GP),Cipolletti,1,1,,,Torneo Federal A,2019,zonas,Etapa clasificatoria,Fecha 1,El Coloso del Barrio Talleres,false,https://es.wikipedia.org/wiki/Torneo_Federal_A_2019-20
2019-09-01,14:45,Deportivo Madryn,Deportivo Camioneros,0,0,,,Torneo Federal A,2019,zonas,Etapa clasificatoria,Fecha 1,Abel Sastre,false,https://es.wikipedia.org/wiki/Torneo_Federal_A_2019-20
2019-09-01,15:00,Huracán Las Heras,Juventud Unida Universitario,1,0,,,Torneo Federal A,2019,zonas,Etapa clasificatoria,Fecha 1,General San Martín,false,https://es.wikipedia.org/wiki/Torneo_Federal_A_2019-20
2019-09-01,17:00,River Plate,Boca Juniors,0,0,,,Primera Division,2019,zonas,,Fecha 5,Monumental,false,https://es.wikipedia.org/wiki/Campeonato_de_Primera_División_2019-20_(Argentina)
2019-09-01,19:30,Villa Dálmine,Almagro,1,1,,,Primera Nacional,2019,zonas,Zona B,Fecha 3,El Coliseo de Mitre y Puccini,false,https://es.wikipedia.org/wiki/Campeonato_de_Primera_Nacional_2019-20
2019-09-01,20:30,Mitre (SdE),San Martín (SJ),0,1,,,Primera Nacional,2019,zonas,Zona A,Fecha 3,Doctores José y Antonio Castiglione,false,https://es.wikipedia.org/wiki/Campeonato_de_Primera_Nacional_2019-20
2019-09-02,15:30,Berazategui,Ferrocarril Midland,0,0,,,Primera C,2019,zonas,Torneo Apertura,Fecha 6,Norman Lee,false,https://es.wikipedia.org/wiki/Campeonato_de_Primera_C_2019-20_(Argentina)
2019-09-02,15:30,Deportivo Riestra,Instituto,0,0,,,Primera Nacional,2019,zonas,Zona B,Fecha 3,Guillermo Laza,false,https://es.wikipedia.org/wiki/Campeonato_de_Primera_Nacional_2019-20
2019-09-02,15:30,Fénix,Deportivo Armenio,1,2,,,Primera B,2019,zonas,Torneo Apertura,Fecha 4,José Manuel Moreno,false,https://es.wikipedia.org/wiki/Campeonato_de_Primera_B_2019-20_(Argentina)
2019-09-02,15:30,Villa San Carlos,Comunicaciones,0,0,,,Primera B,2019,zonas,Torneo Apertura,Fecha 4,Genacio Sálice,false,https://es.wikipedia.org/wiki/Campeonato_de_Primera_B_2019-20_(Argentina)
2019-09-02,19:00,Deportivo Laferrere,General Lamadrid,2,0,,,Primera C,2019,zonas,Torneo Apertura,Fecha 6,Ciudad de Laferrere,false,https://es.wikipedia.org/wiki/Campeonato_de_Primera_C_2019-20_(Argentina)
2019-09-02,19:30,Estudiantes (BA),Agropecuario,1,0,,,Primera Nacional,2019,zonas,Zona A,Fecha 3,Ciudad de Caseros,false,https://es.wikipedia.org/wiki/Campeonato_de_Primera_Nacional_2019-20
2019-09-02,21:05,Gimnasia y Esgrima (M),Quilmes,0,0,,,Primera Nacional,2019,zonas,Zona B,Fecha 3,Víctor Antonio Legrotaglie,false,https://es.wikipedia.org/wiki/Campeonato_de_Primera_Nacional_2019-20
2019-09-03,15:30,Sacachispas,Colegiales,2,3,,,Primera B,2019,zonas,Torneo Apertura,Fecha 4,Beto Larrosa,false,https://es.wikipedia.org/wiki/Campeonato_de_Primera_B_2019-20_(Argentina)
2019-09-03,17:05,Nueva Chicago,Platense,1,1,,,Primera Nacional,2019,zonas,Zona A,Fecha 3,Nueva Chicago,false,https://es.wikipedia.org/wiki/Campeonato_de_Primera_Nacional_2019-20
2019-09-03,21:05,Ferro Carril Oeste,Atlanta,0,2,,,Primera Nacional,2019,zonas,Zona A,Fecha 3,Arquitecto Ricardo Etcheverri,false,https://es.wikipedia.org/wiki/Campeonato_de_Primera_Nacional_2019-20
2019-09-04,19:30,Excursionistas,Real Pilar,2,1,,,Primera C,2019,zonas,Torneo Apertura,Fecha 1,Excursionistas,false,https://es.wikipedia.org/wiki/Campeonato_de_Primera_C_2019-20_(Argentina)
2019-09-06,15:30,Barracas Central,Estudiantes (BA),3,4,,,Primera Nacional,2019,zonas,Zona A,Fecha 4,Claudio Chiqui Tapia,false,https://es.wikipedia.org/wiki/Campeonato_de_Primera_Nacional_2019-20
2019-09-06,15:30,El Porvenir,Luján,1,1,,,Primera C,2019,zonas,Torneo Apertura,Fecha 7,Gildo Francisco Ghersinich,false,https://es.wikipedia.org/wiki/Campeonato_de_Primera_C_2019-20_(Argentina)
2019-09-06,21:05,Deportivo Morón,Belgrano,1,3,,,Primera Nacional,2019,zonas,Zona A,Fecha 4,Nuevo Francisco Urbano,false,https://es.wikipedia.org/wiki/Campeonato_de_Primera_Nacional_2019-20
2019-09-07,,Lanús,Argentinos Juniors,4,1,,,Copa Argentina,2019,eliminacion,,Octavos,Julio Humberto Grondona,true,https://es.wikipedia.org/wiki/Copa_Argentina_2018-19
2019-09-07,13:00,Temperley,Alvarado,0,0,,,Primera Nacional,2019,zonas,Zona A,Fecha 4,Alfredo Beranger,false,https://es.wikipedia.org/wiki/Campeonato_de_Primera_Nacional_2019-20
2019-09-07,13:05,All Boys,Defensores de Belgrano,0,1,,,Primera Nacional,2019,zonas,Zona B,Fecha 4,Islas Malvinas,false,https://es.wikipedia.org/wiki/Campeonato_de_Primera_Nacional_2019-20
2019-09-07,15:05,Almagro,Sarmiento (J),0,0,,,Primera Nacional,2019,zonas,Zona B,Fecha 4,Tres de Febrero,false,https://es.wikipedia.org/wiki/Campeonato_de_Primera_Nacional_2019-20
2019-09-07,15:30,Atlanta,Estudiantes (RC),1,2,,,Primera Nacional,2019,zonas,Zona A,Fecha 4,Don León Kolbowsky,false,https://es.wikipedia.org/wiki/Campeonato_de_Primera_Nacional_2019-20
2019-09-07,15:30,Cañuelas,Victoriano Arenas,2,0,,,Primera C,2019,zonas,Torneo Apertura,Fecha 7,José Alfredo Arín,false,https://es.wikipedia.org/wiki/Campeonato_de_Primera_C_2019-20_(Argentina)
2019-09-07,15:30,Colegiales,Villa San Carlos,0,1,,,Primera B,2019,zonas,Torneo Apertura,Fecha 5,Colegiales,false,https://es.wikipedia.org/wiki/Campeonato_de_Primera_B_2019-20_(Argentina)
2019-09-07,15:30,Comunicaciones,Acassuso,1,1,,,Primera B,2019,zonas,Torneo Apertura,Fecha 5,Alfredo Ramos,false,https://es.wikipedia.org/wiki/Campeonato_de_Primera_B_2019-20_(Argentina)
2019-09-07,15:30,Ferrocarril Midland,Central Córdoba (R),1,2,,,Primera C,2019,zonas,Torneo Apertura,Fecha 7,Ciudad de Libertad,false,https://es.wikipedia.org/wiki/Campeonato_de_Primera_C_2019-20_(Argentina)
2019-09-07,15:30,Leandro N. Alem,San Martín (B),1,0,,,Primera C,2019,zonas,Torneo Apertura,Fecha 7,Leandro N. Alem,false,https://es.wikipedia.org/wiki/Campeonato_de_Primera_C_2019-20_(Argentina)
2019-09-07,15:30,Tristán Suárez,Sacachispas,2,1,,,Primera B,2019,zonas,Torneo Apertura,Fecha 5,20 de Octubre,false,https://es.wikipedia.org/wiki/Campeonato_de_Primera_B_2019-20_(Argentina)
2019-09-07,15:30,Villa Dálmine,Gimnasia y Esgrima (M),2,0,,,Primera Nacional,2019,zonas,Zona B,Fecha 4,El Coliseo de Mitre y Puccini,false,https://es.wikipedia.org/wiki/Campeonato_de_Primera_Nacional_2019-20
2019-09-07,20:00,Instituto,Chacarita Juniors,1,0,,,Primera Nacional,2019,zonas,Zona B,Fecha 4,Juan Domingo Perón,false,https://es.wikipedia.org/wiki/Campeonato_de_Primera_Nacional_2019-20
2019-09-08,11:00,San Telmo,Fénix,4,2,,,Primera B,2019,zonas,Torneo Apertura,Fecha 5,Dr. Osvaldo Baletto,false,https://es.wikipedia.org/wiki/Campeonato_de_Primera_B_2019-20_(Argentina)
2019-09-08,15:00,Círculo Deportivo,Huracán Las Heras,1,1,,,Torneo Federal A,2019,zonas,Etapa clasificatoria,Fecha 2,Guillermo Trama,false,https://es.wikipedia.org/wiki/Torneo_Federal_A_2019-20
2019-09-08,15:30,Argentino de Merlo,Real Pilar,0,1,,,Primera C,2019,zonas,Torneo Apertura,Fecha 7,Merlo,false,https://es.wikipedia.org/wiki/Campeonato_de_Primera_C_2019-20_(Argentina)
2019-09-08,15:30,Deportivo Armenio,Almirante Brown,2,0,,,Primera B,2019,zonas,Torneo Apertura,Fecha 5,Armenia,false,https://es.wikipedia.org/wiki/Campeonato_de_Primera_B_2019-20_(Argentina)
2019-09-08,15:30,Deportivo Camioneros,Olimpo,0,0,,,Torneo Federal A,2019,zonas,Etapa clasificatoria,Fecha 2,Hugo Moyano,false,https://es.wikipedia.org/wiki/Torneo_Federal_A_2019-20
2019-09-08,15:30,Deportivo Español,Ituzaingó,0,3,,,Primera C,2019,zonas,Torneo Apertura,Fecha 7,Nueva España,false,https://es.wikipedia.org/wiki/Campeonato_de_Primera_C_2019-20_(Argentina)
2019-09-08,15:30,Flandria,UAI Urquiza,2,3,,,Primera B,2019,zonas,Torneo Apertura,Fecha 5,Carlos V,false,https://es.wikipedia.org/wiki/Campeonato_de_Primera_B_2019-20_(Argentina)
2019-09-08,15:30,General Lamadrid,Deportivo Merlo,0,0,,,Primera C,2019,zonas,Torneo Apertura,Fecha 7,Enrique Sexto,false,https://es.wikipedia.org/wiki/Campeonato_de_Primera_C_2019-20_(Argentina)
2019-09-08,15:30,Gimnasia y Esgrima (CdU),Sportivo Las Parejas,2,1,,,Torneo Federal A,2019,zonas,Etapa clasificatoria,Fecha 2,Manuel y Ramón Núñez,false,https://es.wikipedia.org/wiki/Torneo_Federal_A_2019-20
2019-09-08,15:30,San Miguel,Argentino de Quilmes,1,2,,,Primera B,2019,zonas,Torneo Apertura,Fecha 5,Malvinas Argentinas,false,https://es.wikipedia.org/wiki/Campeonato_de_Primera_B_2019-20_(Argentina)
2019-09-08,16:00,Agropecuario,San Martín (SJ),0,0,,,Primera Nacional,2019,zonas,Zona A,Fecha 4,Ofelia Rosenzuaig,false,https://es.wikipedia.org/wiki/Campeonato_de_Primera_Nacional_2019-20
2019-09-08,16:00,Cipolletti,Sportivo Peñarol (C),2,2,,,Torneo Federal A,2019,zonas,Etapa clasificatoria,Fecha 2,La Visera de Cemento,false,https://es.wikipedia.org/wiki/Torneo_Federal_A_2019-20
2019-09-08,16:00,Defensores de Belgrano (VR),San Martín (F),2,0,,,Torneo Federal A,2019,zonas,Etapa clasificatoria,Fecha 2,Salomón Boeseldín,false,https://es.wikipedia.org/wiki/Torneo_Federal_A_2019-20
2019-09-08,16:00,Ferro Carril Oeste,Mitre (SdE),0,0,,,Primera Nacional,2019,zonas,Zona A,Fecha 4,Arquitecto Ricardo Etcheverri,false,https://es.wikipedia.org/wiki/Campeonato_de_Primera_Nacional_2019-20
2019-09-08,16:00,Juventud Unida Universitario,Sansinena,1,1,,,Torneo Federal A,2019,zonas,Etapa clasificatoria,Fecha 2,Mario Sebastián Diez,false,https://es.wikipedia.org/wiki/Torneo_Federal_A_2019-20
2019-09-08,16:00,Platense,Guillermo Brown,1,2,,,Primera Nacional,2019,zonas,Zona A,Fecha 4,Ciudad de Vicente López,false,https://es.wikipedia.org/wiki/Campeonato_de_Primera_Nacional_2019-20
2019-09-08,16:00,San Martín (T),Deportivo Riestra,2,0,,,Primera Nacional,2019,zonas,Zona B,Fecha 4,La Ciudadela,false,https://es.wikipedia.org/wiki/Campeonato_de_Primera_Nacional_2019-20
2019-09-08,17:00,Central Norte (S),Sarmiento (R),0,0,,,Torneo Federal A,2019,zonas,Etapa clasificatoria,Fecha 2,Padre Ernesto Martearena,false,https://es.wikipedia.org/wiki/Torneo_Federal_A_2019-20
2019-09-08,17:00,Crucero del Norte,Douglas Haig,1,2,,,Torneo Federal A,2019,zonas,Etapa clasificatoria,Fecha 2,Comandante Andrés Guacurarí,false,https://es.wikipedia.org/wiki/Torneo_Federal_A_2019-20
2019-09-08,17:00,Unión (S),Defensores de Pronunciamiento,3,0,,,Torneo Federal A,2019,zonas,Etapa clasificatoria,Fecha 2,De la Avenida,false,https://es.wikipedia.org/wiki/Torneo_Federal_A_2019-20
2019-09-08,17:30,Deportivo Maipú,Sportivo Estudiantes (SL),2,1,,,Torneo Federal A,2019,zonas,Etapa clasificatoria,Fecha 2,Omar Higinio Sperdutti,false,https://es.wikipedia.org/wiki/Torneo_Federal_A_2019-20
2019-09-08,17:30,Independiente Rivadavia,Nueva Chicago,4,1,,,Primera Nacional,2019,zonas,Zona A,Fecha 4,Bautista Gargantini,false,https://es.wikipedia.org/wiki/Campeonato_de_Primera_Nacional_2019-20
2019-09-08,17:30,Sportivo Belgrano,Güemes (SdE),1,1,,,Torneo Federal A,2019,zonas,Etapa clasificatoria,Fecha 2,Oscar Carlos Boero,false,https://es.wikipedia.org/wiki/Torneo_Federal_A_2019-20
2019-09-08,19:00,Desamparados,Sol de Mayo (V),1,1,,,Torneo Federal A,2019,zonas,Etapa clasificatoria,Fecha 2,El Serpentario,false,https://es.wikipedia.org/wiki/Torneo_Federal_A_2019-20
2019-09-08,19:05,Los Andes,Talleres (RdE),1,0,,,Primera B,2019,zonas,Torneo Apertura,Fecha 5,Eduardo Gallardón,false,https://es.wikipedia.org/wiki/Campeonato_de_Primera_B_2019-20_(Argentina)
2019-09-08,21:05,Gimnasia y Esgrima (J),Tigre,0,0,,,Primera Nacional,2019,zonas,Zona B,Fecha 4,23 de agosto,false,https://es.wikipedia.org/wiki/Campeonato_de_Primera_Nacional_2019-20
2019-09-09,15:30,Dock Sud,Deportivo Laferrere,0,1,,,Primera C,2019,zonas,Torneo Apertura,Fecha 7,De los Inmigrantes,false,https://es.wikipedia.org/wiki/Campeonato_de_Primera_C_2019-20_(Argentina)
2019-09-09,15:30,J. J. de Urquiza,Defensores Unidos,2,1,,,Primera B,2019,zonas,Torneo Apertura,Fecha 5,Merlo,false,https://es.wikipedia.org/wiki/Campeonato_de_Primera_B_2019-20_(Argentina)
2019-09-09,15:30,Sportivo Italiano,Excursionistas,1,0,,,Primera C,2019,zonas,Torneo Apertura,Fecha 7,República de Italia,false,https://es.wikipedia.org/wiki/Campeonato_de_Primera_C_2019-20_(Argentina)
2019-09-09,20:30,Ramón Santamarina,Brown de Adrogué,2,1,,,Primera Nacional,2019,zonas,Zona B,Fecha 4,Municipal General San Martín,false,https://es.wikipedia.org/wiki/Campeonato_de_Primera_Nacional_2019-20
2019-09-09,21:05,Atlético de Rafaela,Quilmes,0,0,,,Primera Nacional,2019,zonas,Zona B,Fecha 4,Nuevo Monumental,false,https://es.wikipedia.org/wiki/Campeonato_de_Primera_Nacional_2019-20
2019-09-10,21:30,Chaco For Ever,Boca Unidos,2,2,,,Torneo Federal A,2019,zonas,Etapa clasificatoria,Fecha 2,Juan Alberto García,false,https://es.wikipedia.org/wiki/Torneo_Federal_A_2019-20
2019-09-12,21:05,Belgrano,Temperley,3,1,,,Primera Nacional,2019,zonas,Zona A,Fecha 5,Gigante de Alberdi,false,https://es.wikipedia.org/wiki/Campeonato_de_Primera_Nacional_2019-20
2019-09-13,15:30,Tristán Suárez,Colegiales,3,1,,,Primera B,2019,zonas,Torneo Apertura,Fecha 6,20 de Octubre,false,https://es.wikipedia.org/wiki/Campeonato_de_Primera_B_2019-20_(Argentina)
2019-09-13,19:10,Estudiantes (RC),Ferro Carril Oeste,2,1,,,Primera Nacional,2019,zonas,Zona A,Fecha 5,Antonio Candini,false,https://es.wikipedia.org/wiki/Campeonato_de_Primera_Nacional_2019-20
2019-09-13,21:10,Estudiantes (BA),Deportivo Morón,1,0,,,Primera Nacional,2019,zonas,Zona A,Fecha 5,Ciudad de Caseros,false,https://es.wikipedia.org/wiki/Campeonato_de_Primera_Nacional_2019-20
2019-09-13,22:00,Güemes (SdE),Gimnasia y Esgrima (CdU),1,0,,,Torneo Federal A,2019,zonas,Etapa clasificatoria,Fecha 3,Arturo Miranda,false,https://es.wikipedia.org/wiki/Torneo_Federal_A_2019-20
2019-09-14,11:00,Luján,General Lamadrid,2,3,,,Primera C,2019,zonas,Torneo Apertura,Fecha 8,Municipal de la Ciudad de Luján,false,https://es.wikipedia.org/wiki/Campeonato_de_Primera_C_2019-20_(Argentina)
2019-09-14,12:00,Deportivo Merlo,Dock Sud,0,3,,,Primera C,2019,zonas,Torneo Apertura,Fecha 8,José Manuel Moreno,false,https://es.wikipedia.org/wiki/Campeonato_de_Primera_C_2019-20_(Argentina)
2019-09-14,13:05,Almirante Brown,San Telmo,1,0,,,Primera B,2019,zonas,Torneo Apertura,Fecha 6,Fragata Presidente Sarmiento,false,https://es.wikipedia.org/wiki/Campeonato_de_Primera_B_2019-20_(Argentina)
2019-09-14,13:15,Arsenal,Unión,4,1,,,Primera Division,2019,zonas,,Fecha 6,El Viaducto,false,https://es.wikipedia.org/wiki/Campeonato_de_Primera_División_2019-20_(Argentina)
2019-09-14,15:30,Acassuso,Villa San Carlos,2,2,,,Primera B,2019,zonas,Torneo Apertura,Fecha 6,Armenia,false,https://es.wikipedia.org/wiki/Campeonato_de_Primera_B_2019-20_(Argentina)
2019-09-14,15:30,Alvarado,Platense,2,0,,,Primera Nacional,2019,zonas,Zona A,Fecha 5,José María Minella,false,https://es.wikipedia.org/wiki/Campeonato_de_Primera_Nacional_2019-20
2019-09-14,15:30,Brown de Adrogué,Instituto,0,3,,,Primera Nacional,2019,zonas,Zona B,Fecha 5,Lorenzo Arandilla,false,https://es.wikipedia.org/wiki/Campeonato_de_Primera_Nacional_2019-20
2019-09-14,15:30,Central Córdoba (R),Berazategui,2,2,,,Primera C,2019,zonas,Torneo Apertura,Fecha 8,Gabino Sosa,false,https://es.wikipedia.org/wiki/Campeonato_de_Primera_C_2019-20_(Argentina)
2019-09-14,15:30,Central Córdoba (SdE),Defensa y Justicia,1,2,,,Primera Division,2019,zonas,,Fecha 6,Alfredo Terrera,false,https://es.wikipedia.org/wiki/Campeonato_de_Primera_División_2019-20_(Argentina)
2019-09-14,15:30,Defensores de Belgrano,Gimnasia y Esgrima (J),3,2,,,Primera Nacional,2019,zonas,Zona B,Fecha 5,Juan Pasquale,false,https://es.wikipedia.org/wiki/Campeonato_de_Primera_Nacional_2019-20
2019-09-14,15:30,Godoy Cruz,Argentinos Juniors,0,1,,,Primera Division,2019,zonas,,Fecha 6,Malvinas Argentinas,false,https://es.wikipedia.org/wiki/Campeonato_de_Primera_División_2019-20_(Argentina)
2019-09-14,15:30,Sarmiento (J),Villa Dálmine,1,0,,,Primera Nacional,2019,zonas,Zona B,Fecha 5,Eva Perón,false,https://es.wikipedia.org/wiki/Campeonato_de_Primera_Nacional_2019-20
2019-09-14,16:00,Sansinena,Círculo Deportivo,1,0,,,Torneo Federal A,2019,zonas,Etapa clasificatoria,Fecha 3,Luis Molina,false,https://es.wikipedia.org/wiki/Torneo_Federal_A_2019-20
2019-09-14,16:00,Sportivo Peñarol (C),Ferro Carril Oeste (GP),0,0,,,Torneo Federal A,2019,zonas,Etapa clasificatoria,Fecha 3,Ramón Pablo Rojas,false,https://es.wikipedia.org/wiki/Torneo_Federal_A_2019-20
2019-09-14,17:05,Nueva Chicago,Atlanta,2,2,,,Primera Nacional,2019,zonas,Zona A,Fecha 5,Nueva Chicago,false,https://es.wikipedia.org/wiki/Campeonato_de_Primera_Nacional_2019-20
2019-09-14,17:45,Colón,San Lorenzo,2,1,,,Primera Division,2019,zonas,,Fecha 6,Brigadier Estanislao López,false,https://es.wikipedia.org/wiki/Campeonato_de_Primera_División_2019-20_(Argentina)
2019-09-14,18:00,Sportivo Estudiantes (SL),Cipolletti,2,2,,,Torneo Federal A,2019,zonas,Etapa clasificatoria,Fecha 3,Héctor Odicino y Pedro Benoza,false,https://es.wikipedia.org/wiki/Torneo_Federal_A_2019-20
2019-09-14,19:00,Talleres (RdE),J. J. de Urquiza,1,2,,,Primera B,2019,zonas,Torneo Apertura,Fecha 6,Talleres,false,https://es.wikipedia.org/wiki/Campeonato_de_Primera_B_2019-20_(Argentina)
2019-09-14,20:00,Huracán,River Plate,0,4,,,Primera Division,2019,zonas,,Fecha 6,Tomás A. Ducó,false,https://es.wikipedia.org/wiki/Campeonato_de_Primera_División_2019-20_(Argentina)
2019-09-14,21:00,Quilmes,All Boys,3,1,,,Primera Nacional,2019,zonas,Zona B,Fecha 5,Centenario,false,https://es.wikipedia.org/wiki/Campeonato_de_Primera_Nacional_2019-20
2019-09-15,11:00,Argentino de Quilmes,Comunicaciones,1,1,,,Primera B,2019,zonas,Torneo Apertura,Fecha 6,Argentino de Quilmes,false,https://es.wikipedia.org/wiki/Campeonato_de_Primera_B_2019-20_(Argentina)
2019-09-15,11:00,Gimnasia y Esgrima (LP),Racing Club,1,2,,,Primera Division,2019,zonas,,Fecha 6,Del Bosque,false,https://es.wikipedia.org/wiki/Campeonato_de_Primera_División_2019-20_(Argentina)
2019-09-15,11:00,Guillermo Brown,Independiente Rivadavia,1,0,,,Primera Nacional,2019,zonas,Zona A,Fecha 5,Raúl Conti,false,https://es.wikipedia.org/wiki/Campeonato_de_Primera_Nacional_2019-20
2019-09-15,13:15,Banfield,Talleres (C),0,1,,,Primera Division,2019,zonas,,Fecha 6,Florencio Sola,false,https://es.wikipedia.org/wiki/Campeonato_de_Primera_División_2019-20_(Argentina)
2019-09-15,15:00,Defensores de Pronunciamiento,Sportivo Belgrano,4,1,,,Torneo Federal A,2019,zonas,Etapa clasificatoria,Fecha 3,Delio Cardozo,false,https://es.wikipedia.org/wiki/Torneo_Federal_A_2019-20
2019-09-15,15:30,Defensores Unidos,San Miguel,0,2,,,Primera B,2019,zonas,Torneo Apertura,Fecha 6,Mario Losinno,false,https://es.wikipedia.org/wiki/Campeonato_de_Primera_B_2019-20_(Argentina)
2019-09-15,15:30,Deportivo Madryn,Deportivo Maipú,3,0,,,Torneo Federal A,2019,zonas,Etapa clasificatoria,Fecha 3,Abel Sastre,false,https://es.wikipedia.org/wiki/Torneo_Federal_A_2019-20
2019-09-15,15:30,Douglas Haig,Unión (S),0,0,,,Torneo Federal A,2019,zonas,Etapa clasificatoria,Fecha 3,Miguel Morales,false,https://es.wikipedia.org/wiki/Torneo_Federal_A_2019-20
2019-09-15,15:30,Excursionistas,Argentino de Merlo,3,1,,,Primera C,2019,zonas,Torneo Apertura,Fecha 8,Excursionistas,false,https://es.wikipedia.org/wiki/Campeonato_de_Primera_C_2019-20_(Argentina)
2019-09-15,15:30,Olimpo,Villa Mitre,0,0,,,Torneo Federal A,2019,zonas,Etapa clasificatoria,Fecha 3,Roberto Natalio Carminatti,false,https://es.wikipedia.org/wiki/Torneo_Federal_A_2019-20
2019-09-15,15:30,Real Pilar,Leandro N. Alem,1,0,,,Primera C,2019,zonas,Torneo Apertura,Fecha 8,Carlos Barraza,false,https://es.wikipedia.org/wiki/Campeonato_de_Primera_C_2019-20_(Argentina)
2019-09-15,15:30,Rosario Central,Newell's Old Boys,1,1,,,Primera Division,2019,zonas,,Fecha 6,Gigante de Arroyito,false,https://es.wikipedia.org/wiki/Campeonato_de_Primera_División_2019-20_(Argentina)
2019-09-15,15:30,Sacachispas,Deportivo Armenio,0,3,,,Primera B,2019,zonas,Torneo Apertura,Fecha 6,Beto Larrosa,false,https://es.wikipedia.org/wiki/Campeonato_de_Primera_B_2019-20_(Argentina)
2019-09-15,15:30,Sol de Mayo (V),Juventud Unida Universitario,5,0,,,Torneo Federal A,2019,zonas,Etapa clasificatoria,Fecha 3,Sol de Mayo,false,https://es.wikipedia.org/wiki/Torneo_Federal_A_2019-20
2019-09-15,16:00,Boca Unidos,Crucero del Norte,0,0,,,Torneo Federal A,2019,zonas,Etapa clasificatoria,Fecha 3,Leoncio Benítez,false,https://es.wikipedia.org/wiki/Torneo_Federal_A_2019-20
2019-09-15,16:00,Gimnasia y Esgrima (M),Atlético de Rafaela,1,2,,,Primera Nacional,2019,zonas,Zona B,Fecha 5,Víctor Antonio Legrotaglie,false,https://es.wikipedia.org/wiki/Campeonato_de_Primera_Nacional_2019-20
2019-09-15,16:00,Huracán Las Heras,Deportivo Camioneros,1,0,,,Torneo Federal A,2019,zonas,Etapa clasificatoria,Fecha 3,General San Martín,false,https://es.wikipedia.org/wiki/Torneo_Federal_A_2019-20
2019-09-15,16:00,Mitre (SdE),Agropecuario,2,1,,,Primera Nacional,2019,zonas,Zona A,Fecha 5,Doctores José y Antonio Castiglione,false,https://es.wikipedia.org/wiki/Campeonato_de_Primera_Nacional_2019-20
2019-09-15,16:00,San Martín (F),Central Norte (S),1,2,,,Torneo Federal A,2019,zonas,Etapa clasificatoria,Fecha 3,17 de Octubre,false,https://es.wikipedia.org/wiki/Torneo_Federal_A_2019-20
2019-09-15,17:00,San Martín (SJ),Barracas Central,0,0,,,Primera Nacional,2019,zonas,Zona A,Fecha 5,Ingeniero Hilario Sánchez,false,https://es.wikipedia.org/wiki/Campeonato_de_Primera_Nacional_2019-20
2019-09-15,17:00,Sarmiento (R),Juventud Unida (G),1,1,,,Torneo Federal A,2019,zonas,Etapa clasificatoria,Fecha 3,Centenario,false,https://es.wikipedia.org/wiki/Torneo_Federal_A_2019-20
2019-09-15,17:45,Independiente,Lanús,2,2,,,Primera Division,2019,zonas,,Fecha 6,Libertadores de América,false,https://es.wikipedia.org/wiki/Campeonato_de_Primera_División_2019-20_(Argentina)
2019-09-15,18:00,Sportivo Las Parejas,Defensores de Belgrano (VR),0,0,,,Torneo Federal A,2019,zonas,Etapa clasificatoria,Fecha 3,4 de Septiembre,false,https://es.wikipedia.org/wiki/Torneo_Federal_A_2019-20
2019-09-15,20:00,Boca Juniors,Estudiantes (LP),1,0,,,Primera Division,2019,zonas,,Fecha 6,La Bombonera,false,https://es.wikipedia.org/wiki/Campeonato_de_Primera_División_2019-20_(Argentina)
2019-09-16,15:30,Deportivo Riestra,Almagro,1,0,,,Primera Nacional,2019,zonas,Zona B,Fecha 5,Guillermo Laza,false,https://es.wikipedia.org/wiki/Campeonato_de_Primera_Nacional_2019-20
2019-09-16,15:30,Fénix,Flandria,1,3,,,Primera B,2019,zonas,Torneo Apertura,Fecha 6,José Manuel Moreno,false,https://es.wikipedia.org/wiki/Campeonato_de_Primera_B_2019-20_(Argentina)
2019-09-16,15:30,Ituzaingó,Cañuelas,0,0,,,Primera C,2019,zonas,Torneo Apertura,Fecha 8,Carlos Alberto Sacaan,false,https://es.wikipedia.org/wiki/Campeonato_de_Primera_C_2019-20_(Argentina)
2019-09-16,15:30,San Martín (B),El Porvenir,0,0,,,Primera C,2019,zonas,Torneo Apertura,Fecha 8,Francisco Boga,false,https://es.wikipedia.org/wiki/Campeonato_de_Primera_C_2019-20_(Argentina)
2019-09-16,15:30,UAI Urquiza,Los Andes,1,2,,,Primera B,2019,zonas,Torneo Apertura,Fecha 6,Monumental de Villa Lynch,false,https://es.wikipedia.org/wiki/Campeonato_de_Primera_B_2019-20_(Argentina)
2019-09-16,15:30,Victoriano Arenas,Sportivo Italiano,2,1,,,Primera C,2019,zonas,Torneo Apertura,Fecha 8,Saturnino Moure,false,https://es.wikipedia.org/wiki/Campeonato_de_Primera_C_2019-20_(Argentina)
2019-09-16,19:00,Aldosivi,Patronato,1,1,,,Primera Division,2019,zonas,,Fecha 6,José María Minella,false,https://es.wikipedia.org/wiki/Campeonato_de_Primera_División_2019-20_(Argentina)
2019-09-16,19:30,Deportivo Laferrere,Ferrocarril Midland,0,0,,,Primera C,2019,zonas,Torneo Apertura,Fecha 8,Ciudad de Laferrere,false,https://es.wikipedia.org/wiki/Campeonato_de_Primera_C_2019-20_(Argentina)
2019-09-16,21:10,Tigre,Ramón Santamarina,1,1,,,Primera Nacional,2019,zonas,Zona B,Fecha 5,Monumental de Victoria,false,https://es.wikipedia.org/wiki/Campeonato_de_Primera_Nacional_2019-20
2019-09-16,21:10,Vélez Sarsfield,Atlético Tucumán,1,0,,,Primera Division,2019,zonas,,Fecha 6,José Amalfitani,false,https://es.wikipedia.org/wiki/Campeonato_de_Primera_División_2019-20_(Argentina)
2019-09-17,21:10,Chacarita Juniors,San Martín (T),2,2,,,Primera Nacional,2019,zonas,Zona B,Fecha 5,Chacarita Juniors,false,https://es.wikipedia.org/wiki/Campeonato_de_Primera_Nacional_2019-20
2019-09-18,,Godoy Cruz,River Plate,0,1,,,Copa Argentina,2019,eliminacion,,Octavos,Ciudad de Lanús,true,https://es.wikipedia.org/wiki/Copa_Argentina_2018-19
2019-09-19,,Sportivo Estudiantes (SL),Barracas Central,2,0,,,Copa Argentina,2019,eliminacion,,Dieciseisavos,Alfredo Beranger,true,https://es.wikipedia.org/wiki/Copa_Argentina_2018-19
2019-09-19,21:10,Gimnasia y Esgrima (J),Quilmes,0,0,,,Primera Nacional,2019,zonas,Zona B,Fecha 6,23 de agosto,false,https://es.wikipedia.org/wiki/Campeonato_de_Primera_Nacional_2019-20
2019-09-20,15:30,El Porvenir,Real Pilar,0,3,,,Primera C,2019,zonas,Torneo Apertura,Fecha 9,Gildo Francisco Ghersinich,false,https://es.wikipedia.org/wiki/Campeonato_de_Primera_C_2019-20_(Argentina)
2019-09-20,15:30,Leandro N. Alem,Excursionistas,0,2,,,Primera C,2019,zonas,Torneo Apertura,Fecha 9,Leandro N. Alem,false,https://es.wikipedia.org/wiki/Campeonato_de_Primera_C_2019-20_(Argentina)
2019-09-20,19:00,Unión,Rosario Central,0,0,,,Primera Division,2019,zonas,,Fecha 7,15 de Abril,false,https://es.wikipedia.org/wiki/Campeonato_de_Primera_División_2019-20_(Argentina)
2019-09-20,21:10,Argentinos Juniors,Central Córdoba (SdE),3,1,,,Primera Division,2019,zonas,,Fecha 7,Diego Armando Maradona,false,https://es.wikipedia.org/wiki/Campeonato_de_Primera_División_2019-20_(Argentina)
2019-09-20,21:10,Ferro Carril Oeste,Nueva Chicago,2,1,,,Primera Nacional,2019,zonas,Zona A,Fecha 6,Arquitecto Ricardo Etcheverri,false,https://es.wikipedia.org/wiki/Campeonato_de_Primera_Nacional_2019-20
2019-09-21,11:00,Ferrocarril Midland,Deportivo Merlo,0,0,,,Primera C,2019,zonas,Torneo Apertura,Fecha 9,Ciudad de Libertad,false,https://es.wikipedia.org/wiki/Campeonato_de_Primera_C_2019-20_(Argentina)
2019-09-21,13:00,San Telmo,Sacachispas,2,1,,,Primera B,2019,zonas,Torneo Apertura,Fecha 7,Dr. Osvaldo Baletto,false,https://es.wikipedia.org/wiki/Campeonato_de_Primera_B_2019-20_(Argentina)
2019-09-21,13:05,Temperley,Estudiantes (BA),1,2,,,Primera Nacional,2019,zonas,Zona A,Fecha 6,Alfredo Beranger,false,https://es.wikipedia.org/wiki/Campeonato_de_Primera_Nacional_2019-20
2019-09-21,13:15,Estudiantes (LP),Patronato,1,0,,,Primera Division,2019,zonas,,Fecha 7,Ciudad de La Plata,false,https://es.wikipedia.org/wiki/Campeonato_de_Primera_División_2019-20_(Argentina)
2019-09-21,15:30,All Boys,Atlético de Rafaela,2,1,,,Primera Nacional,2019,zonas,Zona B,Fecha 6,Islas Malvinas,false,https://es.wikipedia.org/wiki/Campeonato_de_Primera_Nacional_2019-20
2019-09-21,15:30,Almagro,Chacarita Juniors,0,0,,,Primera Nacional,2019,zonas,Zona B,Fecha 6,Tres de Febrero,false,https://es.wikipedia.org/wiki/Campeonato_de_Primera_Nacional_2019-20
2019-09-21,15:30,Atlanta,Guillermo Brown,2,1,,,Primera Nacional,2019,zonas,Zona A,Fecha 6,Don León Kolbowsky,false,https://es.wikipedia.org/wiki/Campeonato_de_Primera_Nacional_2019-20
2019-09-21,15:30,Cañuelas,Deportivo Español,1,1,,,Primera C,2019,zonas,Torneo Apertura,Fecha 9,José Alfredo Arín,false,https://es.wikipedia.org/wiki/Campeonato_de_Primera_C_2019-20_(Argentina)
2019-09-21,15:30,Defensa y Justicia,Huracán,0,1,,,Primera Division,2019,zonas,,Fecha 7,Norberto Tomaghello,false,https://es.wikipedia.org/wiki/Campeonato_de_Primera_División_2019-20_(Argentina)
2019-09-21,15:30,Flandria,Almirante Brown,0,1,,,Primera B,2019,zonas,Torneo Apertura,Fecha 7,Carlos V,false,https://es.wikipedia.org/wiki/Campeonato_de_Primera_B_2019-20_(Argentina)
2019-09-21,15:30,Villa Dálmine,Deportivo Riestra,3,0,,,Primera Nacional,2019,zonas,Zona B,Fecha 6,El Coliseo de Mitre y Puccini,false,https://es.wikipedia.org/wiki/Campeonato_de_Primera_Nacional_2019-20
2019-09-21,17:45,San Lorenzo,Boca Juniors,0,2,,,Primera Division,2019,zonas,,Fecha 7,Nuevo Gasómetro,false,https://es.wikipedia.org/wiki/Campeonato_de_Primera_División_2019-20_(Argentina)
2019-09-21,19:00,Los Andes,Fénix,0,1,,,Primera B,2019,zonas,Torneo Apertura,Fecha 7,Eduardo Gallardón,false,https://es.wikipedia.org/wiki/Campeonato_de_Primera_B_2019-20_(Argentina)
2019-09-21,20:00,Atlético Tucumán,Independiente,0,1,,,Primera Division,2019,zonas,,Fecha 7,Monumental José Fierro,false,https://es.wikipedia.org/wiki/Campeonato_de_Primera_División_2019-20_(Argentina)
2019-09-22,11:00,Berazategui,Deportivo Laferrere,6,4,,,Primera C,2019,zonas,Torneo Apertura,Fecha 9,Norman Lee,false,https://es.wikipedia.org/wiki/Campeonato_de_Primera_C_2019-20_(Argentina)
2019-09-22,11:00,Newell's Old Boys,Aldosivi,2,0,,,Primera Division,2019,zonas,,Fecha 7,Marcelo Bielsa,false,https://es.wikipedia.org/wiki/Campeonato_de_Primera_División_2019-20_(Argentina)
2019-09-22,13:15,Godoy Cruz,Banfield,0,2,,,Primera Division,2019,zonas,,Fecha 7,Malvinas Argentinas,false,https://es.wikipedia.org/wiki/Campeonato_de_Primera_División_2019-20_(Argentina)
2019-09-22,15:00,Círculo Deportivo,Sol de Mayo (V),0,2,,,Torneo Federal A,2019,zonas,Etapa clasificatoria,Fecha 4,Guillermo Trama,false,https://es.wikipedia.org/wiki/Torneo_Federal_A_2019-20
2019-09-22,15:05,San Miguel,Talleres (RdE),1,2,,,Primera B,2019,zonas,Torneo Apertura,Fecha 7,Malvinas Argentinas,false,https://es.wikipedia.org/wiki/Campeonato_de_Primera_B_2019-20_(Argentina)
2019-09-22,15:30,Colegiales,Acassuso,3,3,,,Primera B,2019,zonas,Torneo Apertura,Fecha 7,Colegiales,false,https://es.wikipedia.org/wiki/Campeonato_de_Primera_B_2019-20_(Argentina)
2019-09-22,15:30,Comunicaciones,Defensores Unidos,2,0,,,Primera B,2019,zonas,Torneo Apertura,Fecha 7,Alfredo Ramos,false,https://es.wikipedia.org/wiki/Campeonato_de_Primera_B_2019-20_(Argentina)
2019-09-22,15:30,Deportivo Armenio,Tristán Suárez,0,1,,,Primera B,2019,zonas,Torneo Apertura,Fecha 7,Armenia,false,https://es.wikipedia.org/wiki/Campeonato_de_Primera_B_2019-20_(Argentina)
2019-09-22,15:30,Deportivo Camioneros,Sansinena,1,0,,,Torneo Federal A,2019,zonas,Etapa clasificatoria,Fecha 4,Hugo Moyano,false,https://es.wikipedia.org/wiki/Torneo_Federal_A_2019-20
2019-09-22,15:30,Deportivo Morón,San Martín (SJ),1,1,,,Primera Nacional,2019,zonas,Zona A,Fecha 6,Nuevo Francisco Urbano,false,https://es.wikipedia.org/wiki/Campeonato_de_Primera_Nacional_2019-20
2019-09-22,15:30,General Lamadrid,San Martín (B),1,1,,,Primera C,2019,zonas,Torneo Apertura,Fecha 9,Enrique Sexto,false,https://es.wikipedia.org/wiki/Campeonato_de_Primera_C_2019-20_(Argentina)
2019-09-22,15:30,Gimnasia y Esgrima (CdU),Defensores de Pronunciamiento,0,0,,,Torneo Federal A,2019,zonas,Etapa clasificatoria,Fecha 4,Manuel y Ramón Núñez,false,https://es.wikipedia.org/wiki/Torneo_Federal_A_2019-20
2019-09-22,15:30,Lanús,Colón,3,2,,,Primera Division,2019,zonas,,Fecha 7,Ciudad de Lanús,false,https://es.wikipedia.org/wiki/Campeonato_de_Primera_División_2019-20_(Argentina)
2019-09-22,15:30,Villa Mitre,Huracán Las Heras,2,0,,,Torneo Federal A,2019,zonas,Etapa clasificatoria,Fecha 4,El Fortín,false,https://es.wikipedia.org/wiki/Torneo_Federal_A_2019-20
2019-09-22,16:00,Defensores de Belgrano (VR),Güemes (SdE),1,2,,,Torneo Federal A,2019,zonas,Etapa clasificatoria,Fecha 4,Salomón Boeseldín,false,https://es.wikipedia.org/wiki/Torneo_Federal_A_2019-20
2019-09-22,16:00,Estudiantes (RC),Mitre (SdE),0,0,,,Primera Nacional,2019,zonas,Zona A,Fecha 6,Antonio Candini,false,https://es.wikipedia.org/wiki/Campeonato_de_Primera_Nacional_2019-20
2019-09-22,16:00,Juventud Unida (G),San Martín (F),2,0,,,Torneo Federal A,2019,zonas,Etapa clasificatoria,Fecha 4,De los Eucaliptos,false,https://es.wikipedia.org/wiki/Torneo_Federal_A_2019-20
2019-09-22,16:00,San Martín (T),Brown de Adrogué,2,0,,,Primera Nacional,2019,zonas,Zona B,Fecha 6,La Ciudadela,false,https://es.wikipedia.org/wiki/Campeonato_de_Primera_Nacional_2019-20
2019-09-22,16:00,Unión (S),Boca Unidos,0,2,,,Torneo Federal A,2019,zonas,Etapa clasificatoria,Fecha 4,De la Avenida,false,https://es.wikipedia.org/wiki/Torneo_Federal_A_2019-20
2019-09-22,16:15,Juventud Unida Universitario,Desamparados,0,0,,,Torneo Federal A,2019,zonas,Etapa clasificatoria,Fecha 4,Mario Sebastián Diez,false,https://es.wikipedia.org/wiki/Torneo_Federal_A_2019-20
2019-09-22,16:30,Deportivo Maipú,Olimpo,1,0,,,Torneo Federal A,2019,zonas,Etapa clasificatoria,Fecha 4,Omar Higinio Sperdutti,false,https://es.wikipedia.org/wiki/Torneo_Federal_A_2019-20
2019-09-22,17:00,Central Norte (S),Sportivo Las Parejas,1,1,,,Torneo Federal A,2019,zonas,Etapa clasificatoria,Fecha 4,Padre Ernesto Martearena,false,https://es.wikipedia.org/wiki/Torneo_Federal_A_2019-20
2019-09-22,17:00,Cipolletti,Deportivo Madryn,1,0,,,Torneo Federal A,2019,zonas,Etapa clasificatoria,Fecha 4,La Visera de Cemento,false,https://es.wikipedia.org/wiki/Torneo_Federal_A_2019-20
2019-09-22,17:00,Crucero del Norte,Chaco For Ever,0,2,,,Torneo Federal A,2019,zonas,Etapa clasificatoria,Fecha 4,Comandante Andrés Guacurarí,false,https://es.wikipedia.org/wiki/Torneo_Federal_A_2019-20
2019-09-22,17:00,Sportivo Belgrano,Douglas Haig,3,0,,,Torneo Federal A,2019,zonas,Etapa clasificatoria,Fecha 4,Oscar Carlos Boero,false,https://es.wikipedia.org/wiki/Torneo_Federal_A_2019-20
2019-09-22,17:45,Racing Club,Arsenal,2,1,,,Primera Division,2019,zonas,,Fecha 7,El Cilindro,false,https://es.wikipedia.org/wiki/Campeonato_de_Primera_División_2019-20_(Argentina)
2019-09-22,20:00,Independiente Rivadavia,Alvarado,3,2,,,Primera Nacional,2019,zonas,Zona A,Fecha 6,Bautista Gargantini,false,https://es.wikipedia.org/wiki/Campeonato_de_Primera_Nacional_2019-20
2019-09-22,20:00,River Plate,Vélez Sarsfield,1,2,,,Primera Division,2019,zonas,,Fecha 7,Monumental,false,https://es.wikipedia.org/wiki/Campeonato_de_Primera_División_2019-20_(Argentina)
2019-09-23,15:30,Argentino de Merlo,Victoriano Arenas,5,1,,,Primera C,2019,zonas,Torneo Apertura,Fecha 9,Merlo,false,https://es.wikipedia.org/wiki/Campeonato_de_Primera_C_2019-20_(Argentina)
2019-09-23,15:30,Dock Sud,Luján,0,0,,,Primera C,2019,zonas,Torneo Apertura,Fecha 9,De los Inmigrantes,false,https://es.wikipedia.org/wiki/Campeonato_de_Primera_C_2019-20_(Argentina)
2019-09-23,15:30,Sportivo Italiano,Ituzaingó,1,0,,,Primera C,2019,zonas,Torneo Apertura,Fecha 9,República de Italia,false,https://es.wikipedia.org/wiki/Campeonato_de_Primera_C_2019-20_(Argentina)
2019-09-23,15:30,Villa San Carlos,Argentino de Quilmes,2,0,,,Primera B,2019,zonas,Torneo Apertura,Fecha 7,Genacio Sálice,false,https://es.wikipedia.org/wiki/Campeonato_de_Primera_B_2019-20_(Argentina)
2019-09-23,20:15,Sarmiento (J),Gimnasia y Esgrima (M),4,1,,,Primera Nacional,2019,zonas,Zona B,Fecha 6,Eva Perón,false,https://es.wikipedia.org/wiki/Campeonato_de_Primera_Nacional_2019-20
2019-09-23,20:30,Ramón Santamarina,Defensores de Belgrano,1,2,,,Primera Nacional,2019,zonas,Zona B,Fecha 6,Municipal General San Martín,false,https://es.wikipedia.org/wiki/Campeonato_de_Primera_Nacional_2019-20
2019-09-23,21:00,Ferro Carril Oeste (GP),Sportivo Estudiantes (SL),0,0,,,Torneo Federal A,2019,zonas,Etapa clasificatoria,Fecha 4,El Coloso del Barrio Talleres,false,https://es.wikipedia.org/wiki/Torneo_Federal_A_2019-20
2019-09-23,21:00,Talleres (C),Gimnasia y Esgrima (LP),2,1,,,Primera Division,2019,zonas,,Fecha 7,Mario Alberto Kempes,false,https://es.wikipedia.org/wiki/Campeonato_de_Primera_División_2019-20_(Argentina)
2019-09-23,21:10,Platense,Belgrano,1,4,,,Primera Nacional,2019,zonas,Zona A,Fecha 6,Ciudad de Vicente López,false,https://es.wikipedia.org/wiki/Campeonato_de_Primera_Nacional_2019-20
2019-09-24,15:30,J. J. de Urquiza,UAI Urquiza,1,0,,,Primera B,2019,zonas,Torneo Apertura,Fecha 7,Merlo,false,https://es.wikipedia.org/wiki/Campeonato_de_Primera_B_2019-20_(Argentina)
2019-09-24,21:10,Instituto,Tigre,3,0,,,Primera Nacional,2019,zonas,Zona B,Fecha 6,Juan Domingo Perón,false,https://es.wikipedia.org/wiki/Campeonato_de_Primera_Nacional_2019-20
2019-09-25,15:30,Barracas Central,Agropecuario,1,0,,,Primera Nacional,2019,zonas,Zona A,Fecha 6,Claudio Chiqui Tapia,false,https://es.wikipedia.org/wiki/Campeonato_de_Primera_Nacional_2019-20
2019-09-26,,Defensa y Justicia,Independiente,0,1,,,Copa Argentina,2019,eliminacion,,Octavos,Centenario Ciudad de Quilmes,true,https://es.wikipedia.org/wiki/Copa_Argentina_2018-19
2019-09-26,20:00,Alvarado,Atlanta,1,2,,,Primera Nacional,2019,zonas,Zona A,Fecha 7,José María Minella,false,https://es.wikipedia.org/wiki/Campeonato_de_Primera_Nacional_2019-20
2019-09-27,15:30,Talleres (RdE),Comunicaciones,3,1,,,Primera B,2019,zonas,Torneo Apertura,Fecha 8,Talleres,false,https://es.wikipedia.org/wiki/Campeonato_de_Primera_B_2019-20_(Argentina)
2019-09-27,16:05,Nueva Chicago,Estudiantes (RC),1,1,,,Primera Nacional,2019,zonas,Zona A,Fecha 7,Nueva Chicago,false,https://es.wikipedia.org/wiki/Campeonato_de_Primera_Nacional_2019-20
2019-09-27,19:00,Aldosivi,Unión,1,2,,,Primera Division,2019,zonas,,Fecha 8,José María Minella,false,https://es.wikipedia.org/wiki/Campeonato_de_Primera_División_2019-20_(Argentina)
2019-09-27,19:30,Excursionistas,El Porvenir,0,1,,,Primera C,2019,zonas,Torneo Apertura,Fecha 10,Excursionistas,false,https://es.wikipedia.org/wiki/Campeonato_de_Primera_C_2019-20_(Argentina)
2019-09-27,21:00,Atlético de Rafaela,Gimnasia y Esgrima (J),2,0,,,Primera Nacional,2019,zonas,Zona B,Fecha 7,Nuevo Monumental,false,https://es.wikipedia.org/wiki/Campeonato_de_Primera_Nacional_2019-20
2019-09-27,21:10,Patronato,Lanús,1,1,,,Primera Division,2019,zonas,,Fecha 8,Presbítero Bartolomé Grella,false,https://es.wikipedia.org/wiki/Campeonato_de_Primera_División_2019-20_(Argentina)
2019-09-28,12:00,Chacarita Juniors,Villa Dálmine,1,0,,,Primera Nacional,2019,zonas,Zona B,Fecha 7,Chacarita Juniors,false,https://es.wikipedia.org/wiki/Campeonato_de_Primera_Nacional_2019-20
2019-09-28,12:30,Deportivo Merlo,Berazategui,1,0,,,Primera C,2019,zonas,Torneo Apertura,Fecha 10,José Manuel Moreno,false,https://es.wikipedia.org/wiki/Campeonato_de_Primera_C_2019-20_(Argentina)
2019-09-28,13:10,Almirante Brown,Los Andes,1,0,,,Primera B,2019,zonas,Torneo Apertura,Fecha 8,Fragata Presidente Sarmiento,false,https://es.wikipedia.org/wiki/Campeonato_de_Primera_B_2019-20_(Argentina)
2019-09-28,13:15,Tristán Suárez,San Telmo,0,2,,,Primera B,2019,zonas,Torneo Apertura,Fecha 8,20 de Octubre,false,https://es.wikipedia.org/wiki/Campeonato_de_Primera_B_2019-20_(Argentina)
2019-09-28,15:30,Arsenal,Estudiantes (LP),3,0,,,Primera Division,2019,zonas,,Fecha 8,El Viaducto,false,https://es.wikipedia.org/wiki/Campeonato_de_Primera_División_2019-20_(Argentina)
2019-09-28,15:30,Defensores de Belgrano,Instituto,1,1,,,Primera Nacional,2019,zonas,Zona B,Fecha 7,Juan Pasquale,false,https://es.wikipedia.org/wiki/Campeonato_de_Primera_Nacional_2019-20
2019-09-28,15:30,Deportivo Armenio,Colegiales,1,1,,,Primera B,2019,zonas,Torneo Apertura,Fecha 8,Armenia,false,https://es.wikipedia.org/wiki/Campeonato_de_Primera_B_2019-20_(Argentina)
2019-09-28,15:30,Sacachispas,Flandria,1,0,,,Primera B,2019,zonas,Torneo Apertura,Fecha 8,Beto Larrosa,false,https://es.wikipedia.org/wiki/Campeonato_de_Primera_B_2019-20_(Argentina)
2019-09-28,17:45,Gimnasia y Esgrima (LP),River Plate,0,2,,,Primera Division,2019,zonas,,Fecha 8,Del Bosque,false,https://es.wikipedia.org/wiki/Campeonato_de_Primera_División_2019-20_(Argentina)
2019-09-28,18:15,Quilmes,Ramón Santamarina,0,0,,,Primera Nacional,2019,zonas,Zona B,Fecha 7,Centenario,false,https://es.wikipedia.org/wiki/Campeonato_de_Primera_Nacional_2019-20
2019-09-28,20:00,Boca Juniors,Newell's Old Boys,1,1,,,Primera Division,2019,zonas,,Fecha 8,La Bombonera,false,https://es.wikipedia.org/wiki/Campeonato_de_Primera_División_2019-20_(Argentina)
2019-09-29,11:00,Banfield,San Lorenzo,0,1,,,Primera Division,2019,zonas,,Fecha 8,Florencio Sola,false,https://es.wikipedia.org/wiki/Campeonato_de_Primera_División_2019-20_(Argentina)
2019-09-29,11:00,Guillermo Brown,Ferro Carril Oeste,2,0,,,Primera Nacional,2019,zonas,Zona A,Fecha 7,Raúl Conti,false,https://es.wikipedia.org/wiki/Campeonato_de_Primera_Nacional_2019-20
2019-09-29,11:00,San Martín (B),Dock Sud,0,2,,,Primera C,2019,zonas,Torneo Apertura,Fecha 10,Francisco Boga,false,https://es.wikipedia.org/wiki/Campeonato_de_Primera_C_2019-20_(Argentina)
2019-09-29,13:15,Huracán,Atlético Tucumán,0,0,,,Primera Division,2019,zonas,,Fecha 8,Tomás A. Ducó,false,https://es.wikipedia.org/wiki/Campeonato_de_Primera_División_2019-20_(Argentina)
2019-09-29,15:30,Argentino de Quilmes,Acassuso,2,1,,,Primera B,2019,zonas,Torneo Apertura,Fecha 8,Argentino de Quilmes,false,https://es.wikipedia.org/wiki/Campeonato_de_Primera_B_2019-20_(Argentina)
2019-09-29,15:30,Defensores Unidos,Villa San Carlos,1,1,,,Primera B,2019,zonas,Torneo Apertura,Fecha 8,Mario Losinno,false,https://es.wikipedia.org/wiki/Campeonato_de_Primera_B_2019-20_(Argentina)
2019-09-29,15:30,Deportivo Español,Sportivo Italiano,0,0,,,Primera C,2019,zonas,Torneo Apertura,Fecha 10,Nueva España,false,https://es.wikipedia.org/wiki/Campeonato_de_Primera_C_2019-20_(Argentina)
2019-09-29,15:30,Deportivo Laferrere,Central Córdoba (R),2,1,,,Primera C,2019,zonas,Torneo Apertura,Fecha 10,Ciudad de Laferrere,false,https://es.wikipedia.org/wiki/Campeonato_de_Primera_C_2019-20_(Argentina)
2019-09-29,15:30,Deportivo Madryn,Ferro Carril Oeste (GP),2,0,,,Torneo Federal A,2019,zonas,Etapa clasificatoria,Fecha 5,Abel Sastre,false,https://es.wikipedia.org/wiki/Torneo_Federal_A_2019-20
2019-09-29,15:30,Deportivo Riestra,Sarmiento (J),2,2,,,Primera Nacional,2019,zonas,Zona B,Fecha 7,Guillermo Laza,false,https://es.wikipedia.org/wiki/Campeonato_de_Primera_Nacional_2019-20
2019-09-29,15:30,Ituzaingó,Argentino de Merlo,1,4,,,Primera C,2019,zonas,Torneo Apertura,Fecha 10,Carlos Alberto Sacaan,false,https://es.wikipedia.org/wiki/Campeonato_de_Primera_C_2019-20_(Argentina)
2019-09-29,15:30,Olimpo,Cipolletti,4,1,,,Torneo Federal A,2019,zonas,Etapa clasificatoria,Fecha 5,Roberto Natalio Carminatti,false,https://es.wikipedia.org/wiki/Torneo_Federal_A_2019-20
2019-09-29,15:30,Sol de Mayo (V),Deportivo Camioneros,2,2,,,Torneo Federal A,2019,zonas,Etapa clasificatoria,Fecha 5,Sol de Mayo,false,https://es.wikipedia.org/wiki/Torneo_Federal_A_2019-20
2019-09-29,15:30,UAI Urquiza,San Miguel,4,2,,,Primera B,2019,zonas,Torneo Apertura,Fecha 8,Monumental de Villa Lynch,false,https://es.wikipedia.org/wiki/Campeonato_de_Primera_B_2019-20_(Argentina)
2019-09-29,15:30,Vélez Sarsfield,Defensa y Justicia,0,1,,,Primera Division,2019,zonas,,Fecha 8,José Amalfitani,false,https://es.wikipedia.org/wiki/Campeonato_de_Primera_División_2019-20_(Argentina)
2019-09-29,16:00,Defensores de Pronunciamiento,Defensores de Belgrano (VR),1,0,,,Torneo Federal A,2019,zonas,Etapa clasificatoria,Fecha 5,Delio Cardozo,false,https://es.wikipedia.org/wiki/Torneo_Federal_A_2019-20
2019-09-29,16:00,Douglas Haig,Gimnasia y Esgrima (CdU),1,0,,,Torneo Federal A,2019,zonas,Etapa clasificatoria,Fecha 5,Miguel Morales,false,https://es.wikipedia.org/wiki/Torneo_Federal_A_2019-20
2019-09-29,16:00,Sansinena,Villa Mitre,2,0,,,Torneo Federal A,2019,zonas,Etapa clasificatoria,Fecha 5,Luis Molina,false,https://es.wikipedia.org/wiki/Torneo_Federal_A_2019-20
2019-09-29,16:30,Boca Unidos,Sportivo Belgrano,2,1,,,Torneo Federal A,2019,zonas,Etapa clasificatoria,Fecha 5,Leoncio Benítez,false,https://es.wikipedia.org/wiki/Torneo_Federal_A_2019-20
2019-09-29,17:00,Chaco For Ever,Unión (S),1,1,,,Torneo Federal A,2019,zonas,Etapa clasificatoria,Fecha 5,Juan Alberto García,false,https://es.wikipedia.org/wiki/Torneo_Federal_A_2019-20
2019-09-29,17:00,San Martín (F),Sarmiento (R),0,1,,,Torneo Federal A,2019,zonas,Etapa clasificatoria,Fecha 5,17 de Octubre,false,https://es.wikipedia.org/wiki/Torneo_Federal_A_2019-20
2019-09-29,17:00,Sportivo Estudiantes (SL),Sportivo Peñarol (C),2,1,,,Torneo Federal A,2019,zonas,Etapa clasificatoria,Fecha 5,Héctor Odicino y Pedro Benoza,false,https://es.wikipedia.org/wiki/Torneo_Federal_A_2019-20
2019-09-29,17:30,Belgrano,Independiente Rivadavia,2,2,,,Primera Nacional,2019,zonas,Zona A,Fecha 7,Gigante de Alberdi,false,https://es.wikipedia.org/wiki/Campeonato_de_Primera_Nacional_2019-20
2019-09-29,17:45,Rosario Central,Racing Club,1,1,,,Primera Division,2019,zonas,,Fecha 8,Gigante de Arroyito,false,https://es.wikipedia.org/wiki/Campeonato_de_Primera_División_2019-20_(Argentina)
2019-09-29,18:00,Güemes (SdE),Central Norte (S),2,1,,,Torneo Federal A,2019,zonas,Etapa clasificatoria,Fecha 5,Arturo Miranda,false,https://es.wikipedia.org/wiki/Torneo_Federal_A_2019-20
2019-09-29,18:30,Sportivo Las Parejas,Juventud Unida (G),2,0,,,Torneo Federal A,2019,zonas,Etapa clasificatoria,Fecha 5,4 de Septiembre,false,https://es.wikipedia.org/wiki/Torneo_Federal_A_2019-20
2019-09-29,19:00,Desamparados,Círculo Deportivo,3,1,,,Torneo Federal A,2019,zonas,Etapa clasificatoria,Fecha 5,El Serpentario,false,https://es.wikipedia.org/wiki/Torneo_Federal_A_2019-20
2019-09-29,19:00,San Martín (SJ),Temperley,1,2,,,Primera Nacional,2019,zonas,Zona A,Fecha 7,Ingeniero Hilario Sánchez,false,https://es.wikipedia.org/wiki/Campeonato_de_Primera_Nacional_2019-20
2019-09-29,20:00,Independiente,Talleres (C),3,2,,,Primera Division,2019,zonas,,Fecha 8,Libertadores de América,false,https://es.wikipedia.org/wiki/Campeonato_de_Primera_División_2019-20_(Argentina)
2019-09-30,15:30,Brown de Adrogué,Almagro,1,1,,,Primera Nacional,2019,zonas,Zona B,Fecha 7,Lorenzo Arandilla,false,https://es.wikipedia.org/wiki/Campeonato_de_Primera_Nacional_2019-20
2019-09-30,15:30,Fénix,J. J. de Urquiza,0,1,,,Primera B,2019,zonas,Torneo Apertura,Fecha 8,José Manuel Moreno,false,https://es.wikipedia.org/wiki/Campeonato_de_Primera_B_2019-20_(Argentina)
2019-09-30,15:30,Real Pilar,General Lamadrid,0,1,,,Primera C,2019,zonas,Torneo Apertura,Fecha 10,Carlos Barraza,false,https://es.wikipedia.org/wiki/Campeonato_de_Primera_C_2019-20_(Argentina)
2019-09-30,15:30,Victoriano Arenas,Leandro N. Alem,1,1,,,Primera C,2019,zonas,Torneo Apertura,Fecha 10,Saturnino Moure,false,https://es.wikipedia.org/wiki/Campeonato_de_Primera_C_2019-20_(Argentina)
2019-09-30,16:30,Huracán Las Heras,Deportivo Maipú,1,0,,,Torneo Federal A,2019,zonas,Etapa clasificatoria,Fecha 5,General San Martín,false,https://es.wikipedia.org/wiki/Torneo_Federal_A_2019-20
2019-09-30,18:10,Tigre,San Martín (T),0,1,,,Primera Nacional,2019,zonas,Zona B,Fecha 7,Monumental de Victoria,false,https://es.wikipedia.org/wiki/Campeonato_de_Primera_Nacional_2019-20
2019-09-30,19:00,Central Córdoba (SdE),Godoy Cruz,1,0,,,Primera Division,2019,zonas,,Fecha 8,Alfredo Terrera,false,https://es.wikipedia.org/wiki/Campeonato_de_Primera_División_2019-20_(Argentina)
2019-09-30,21:00,Gimnasia y Esgrima (M),All Boys,0,0,,,Primera Nacional,2019,zonas,Zona B,Fecha 7,Víctor Antonio Legrotaglie,false,https://es.wikipedia.org/wiki/Campeonato_de_Primera_Nacional_2019-20
2019-09-30,21:10,Colón,Argentinos Juniors,1,0,,,Primera Division,2019,zonas,,Fecha 8,Brigadier Estanislao López,false,https://es.wikipedia.org/wiki/Campeonato_de_Primera_División_2019-20_(Argentina)
2019-09-30,21:10,Estudiantes (BA),Platense,1,2,,,Primera Nacional,2019,zonas,Zona A,Fecha 7,Ciudad de Caseros,false,https://es.wikipedia.org/wiki/Campeonato_de_Primera_Nacional_2019-20
2019-10-01,15:30,Luján,Ferrocarril Midland,1,2,,,Primera C,2019,zonas,Torneo Apertura,Fecha 10,Municipal de la Ciudad de Luján,false,https://es.wikipedia.org/wiki/Campeonato_de_Primera_C_2019-20_(Argentina)
2019-10-01,19:30,Agropecuario,Deportivo Morón,0,1,,,Primera Nacional,2019,zonas,Zona A,Fecha 7,Ofelia Rosenzuaig,false,https://es.wikipedia.org/wiki/Campeonato_de_Primera_Nacional_2019-20
2019-10-02,22:00,Mitre (SdE),Barracas Central,4,2,,,Primera Nacional,2019,zonas,Zona A,Fecha 7,Doctores José y Antonio Castiglione,false,https://es.wikipedia.org/wiki/Campeonato_de_Primera_Nacional_2019-20
2019-10-03,21:10,Instituto,Quilmes,1,1,,,Primera Nacional,2019,zonas,Zona B,Fecha 8,Juan Domingo Perón,false,https://es.wikipedia.org/wiki/Campeonato_de_Primera_Nacional_2019-20
2019-10-04,15:10,Flandria,Tristán Suárez,2,0,,,Primera B,2019,zonas,Torneo Apertura,Fecha 9,Carlos V,false,https://es.wikipedia.org/wiki/Campeonato_de_Primera_B_2019-20_(Argentina)
2019-10-04,19:00,Newell's Old Boys,Banfield,0,0,,,Primera Division,2019,zonas,,Fecha 9,Marcelo Bielsa,false,https://es.wikipedia.org/wiki/Campeonato_de_Primera_División_2019-20_(Argentina)
2019-10-04,19:10,Los Andes,Sacachispas,1,0,,,Primera B,2019,zonas,Torneo Apertura,Fecha 9,Eduardo Gallardón,false,https://es.wikipedia.org/wiki/Campeonato_de_Primera_B_2019-20_(Argentina)
2019-10-04,21:10,Atlanta,Belgrano,4,2,,,Primera Nacional,2019,zonas,Zona A,Fecha 8,Don León Kolbowsky,false,https://es.wikipedia.org/wiki/Campeonato_de_Primera_Nacional_2019-20
2019-10-04,21:10,Atlético Tucumán,Talleres (C),2,1,,,Primera Division,2019,zonas,,Fecha 9,Monumental José Fierro,false,https://es.wikipedia.org/wiki/Campeonato_de_Primera_División_2019-20_(Argentina)
2019-10-04,21:30,Estudiantes (RC),Guillermo Brown,3,1,,,Primera Nacional,2019,zonas,Zona A,Fecha 8,Antonio Candini,false,https://es.wikipedia.org/wiki/Campeonato_de_Primera_Nacional_2019-20
2019-10-04,22:00,Central Norte (S),Defensores de Pronunciamiento,1,2,,,Torneo Federal A,2019,zonas,Etapa clasificatoria,Fecha 6,Padre Ernesto Martearena,false,https://es.wikipedia.org/wiki/Torneo_Federal_A_2019-20
2019-10-05,11:00,San Telmo,Deportivo Armenio,3,1,,,Primera B,2019,zonas,Torneo Apertura,Fecha 9,Dr. Osvaldo Baletto,false,https://es.wikipedia.org/wiki/Campeonato_de_Primera_B_2019-20_(Argentina)
2019-10-05,13:15,Argentinos Juniors,Arsenal,2,1,,,Primera Division,2019,zonas,,Fecha 9,Diego Armando Maradona,false,https://es.wikipedia.org/wiki/Campeonato_de_Primera_División_2019-20_(Argentina)
2019-10-05,13:15,Godoy Cruz,Gimnasia y Esgrima (LP),2,4,,,Primera Division,2019,zonas,,Fecha 9,Malvinas Argentinas,false,https://es.wikipedia.org/wiki/Campeonato_de_Primera_División_2019-20_(Argentina)
2019-10-05,15:30,Central Córdoba (R),Deportivo Merlo,0,0,,,Primera C,2019,zonas,Torneo Apertura,Fecha 11,Gabino Sosa,false,https://es.wikipedia.org/wiki/Campeonato_de_Primera_C_2019-20_(Argentina)
2019-10-05,15:30,Comunicaciones,UAI Urquiza,0,3,,,Primera B,2019,zonas,Torneo Apertura,Fecha 9,Alfredo Ramos,false,https://es.wikipedia.org/wiki/Campeonato_de_Primera_B_2019-20_(Argentina)
2019-10-05,15:30,San Lorenzo,Central Córdoba (SdE),1,4,,,Primera Division,2019,zonas,,Fecha 9,Nuevo Gasómetro,false,https://es.wikipedia.org/wiki/Campeonato_de_Primera_División_2019-20_(Argentina)
2019-10-05,15:30,Sportivo Italiano,Cañuelas,1,1,,,Primera C,2019,zonas,Torneo Apertura,Fecha 11,República de Italia,false,https://es.wikipedia.org/wiki/Campeonato_de_Primera_C_2019-20_(Argentina)
2019-10-05,15:30,Villa Dálmine,Brown de Adrogué,1,2,,,Primera Nacional,2019,zonas,Zona B,Fecha 8,El Coliseo de Mitre y Puccini,false,https://es.wikipedia.org/wiki/Campeonato_de_Primera_Nacional_2019-20
2019-10-05,17:45,Estudiantes (LP),Huracán,0,0,,,Primera Division,2019,zonas,,Fecha 9,Ciudad de La Plata,false,https://es.wikipedia.org/wiki/Campeonato_de_Primera_División_2019-20_(Argentina)
2019-10-05,18:10,Platense,San Martín (SJ),0,1,,,Primera Nacional,2019,zonas,Zona A,Fecha 8,Ciudad de Vicente López,false,https://es.wikipedia.org/wiki/Campeonato_de_Primera_Nacional_2019-20
2019-10-05,20:00,Cipolletti,Huracán Las Heras,0,1,,,Torneo Federal A,2019,zonas,Etapa clasificatoria,Fecha 6,La Visera de Cemento,false,https://es.wikipedia.org/wiki/Torneo_Federal_A_2019-20
2019-10-05,20:00,Racing Club,Aldosivi,2,0,,,Primera Division,2019,zonas,,Fecha 9,El Cilindro,false,https://es.wikipedia.org/wiki/Campeonato_de_Primera_División_2019-20_(Argentina)
2019-10-05,20:10,Sarmiento (J),Chacarita Juniors,5,1,,,Primera Nacional,2019,zonas,Zona B,Fecha 8,Eva Perón,false,https://es.wikipedia.org/wiki/Campeonato_de_Primera_Nacional_2019-20
2019-10-06,11:00,Berazategui,Luján,2,1,,,Primera C,2019,zonas,Torneo Apertura,Fecha 11,Norman Lee,false,https://es.wikipedia.org/wiki/Campeonato_de_Primera_C_2019-20_(Argentina)
2019-10-06,11:00,Sportivo Belgrano,Chaco For Ever,2,1,,,Torneo Federal A,2019,zonas,Etapa clasificatoria,Fecha 6,Oscar Carlos Boero,false,https://es.wikipedia.org/wiki/Torneo_Federal_A_2019-20
2019-10-06,11:00,Villa San Carlos,Talleres (RdE),0,1,,,Primera B,2019,zonas,Torneo Apertura,Fecha 9,Genacio Sálice,false,https://es.wikipedia.org/wiki/Campeonato_de_Primera_B_2019-20_(Argentina)
2019-10-06,11:00,Vélez Sarsfield,Independiente,2,0,,,Primera Division,2019,zonas,,Fecha 9,José Amalfitani,false,https://es.wikipedia.org/wiki/Campeonato_de_Primera_División_2019-20_(Argentina)
2019-10-06,13:15,Lanús,Rosario Central,1,1,,,Primera Division,2019,zonas,,Fecha 9,Ciudad de Lanús,false,https://es.wikipedia.org/wiki/Campeonato_de_Primera_División_2019-20_(Argentina)
2019-10-06,15:30,Colegiales,Argentino de Quilmes,0,1,,,Primera B,2019,zonas,Torneo Apertura,Fecha 9,Colegiales,false,https://es.wikipedia.org/wiki/Campeonato_de_Primera_B_2019-20_(Argentina)
2019-10-06,15:30,Deportivo Camioneros,Desamparados,1,0,,,Torneo Federal A,2019,zonas,Etapa clasificatoria,Fecha 6,Hugo Moyano,false,https://es.wikipedia.org/wiki/Torneo_Federal_A_2019-20
2019-10-06,15:30,Deportivo Morón,Barracas Central,1,0,,,Primera Nacional,2019,zonas,Zona A,Fecha 8,Nuevo Francisco Urbano,false,https://es.wikipedia.org/wiki/Campeonato_de_Primera_Nacional_2019-20
2019-10-06,15:30,General Lamadrid,Excursionistas,2,0,,,Primera C,2019,zonas,Torneo Apertura,Fecha 11,Enrique Sexto,false,https://es.wikipedia.org/wiki/Campeonato_de_Primera_C_2019-20_(Argentina)
2019-10-06,15:30,San Martín (T),Defensores de Belgrano,0,0,,,Primera Nacional,2019,zonas,Zona B,Fecha 8,La Ciudadela,false,https://es.wikipedia.org/wiki/Campeonato_de_Primera_Nacional_2019-20
2019-10-06,15:30,Unión,Colón,1,0,,,Primera Division,2019,zonas,,Fecha 9,15 de Abril,false,https://es.wikipedia.org/wiki/Campeonato_de_Primera_División_2019-20_(Argentina)
2019-10-06,16:00,Círculo Deportivo,Juventud Unida Universitario,1,1,,,Torneo Federal A,2019,zonas,Etapa clasificatoria,Fecha 6,Guillermo Trama,false,https://es.wikipedia.org/wiki/Torneo_Federal_A_2019-20
2019-10-06,16:00,Gimnasia y Esgrima (CdU),Boca Unidos,1,2,,,Torneo Federal A,2019,zonas,Etapa clasificatoria,Fecha 6,Manuel y Ramón Núñez,false,https://es.wikipedia.org/wiki/Torneo_Federal_A_2019-20
2019-10-06,16:00,Sportivo Peñarol (C),Deportivo Madryn,0,0,,,Torneo Federal A,2019,zonas,Etapa clasificatoria,Fecha 6,Ramón Pablo Rojas,false,https://es.wikipedia.org/wiki/Torneo_Federal_A_2019-20
2019-10-06,16:00,Villa Mitre,Sol de Mayo (V),2,0,,,Torneo Federal A,2019,zonas,Etapa clasificatoria,Fecha 6,El Fortín,false,https://es.wikipedia.org/wiki/Torneo_Federal_A_2019-20
2019-10-06,16:30,Deportivo Maipú,Sansinena,2,0,,,Torneo Federal A,2019,zonas,Etapa clasificatoria,Fecha 6,Omar Higinio Sperdutti,false,https://es.wikipedia.org/wiki/Torneo_Federal_A_2019-20
2019-10-06,16:30,Juventud Unida (G),Güemes (SdE),1,2,,,Torneo Federal A,2019,zonas,Etapa clasificatoria,Fecha 6,De los Eucaliptos,false,https://es.wikipedia.org/wiki/Torneo_Federal_A_2019-20
2019-10-06,17:00,Defensores de Belgrano (VR),Douglas Haig,0,1,,,Torneo Federal A,2019,zonas,Etapa clasificatoria,Fecha 6,Salomón Boeseldín,false,https://es.wikipedia.org/wiki/Torneo_Federal_A_2019-20
2019-10-06,17:00,Gimnasia y Esgrima (J),All Boys,0,0,,,Primera Nacional,2019,zonas,Zona B,Fecha 8,23 de agosto,false,https://es.wikipedia.org/wiki/Campeonato_de_Primera_Nacional_2019-20
2019-10-06,17:00,Independiente Rivadavia,Estudiantes (BA),0,2,,,Primera Nacional,2019,zonas,Zona A,Fecha 8,Bautista Gargantini,false,https://es.wikipedia.org/wiki/Campeonato_de_Primera_Nacional_2019-20
2019-10-06,17:00,Temperley,Agropecuario,0,0,,,Primera Nacional,2019,zonas,Zona A,Fecha 8,Alfredo Beranger,false,https://es.wikipedia.org/wiki/Campeonato_de_Primera_Nacional_2019-20
2019-10-06,17:00,Unión (S),Crucero del Norte,0,1,,,Torneo Federal A,2019,zonas,Etapa clasificatoria,Fecha 6,De la Avenida,false,https://es.wikipedia.org/wiki/Torneo_Federal_A_2019-20
2019-10-06,17:30,Ferro Carril Oeste (GP),Olimpo,0,1,,,Torneo Federal A,2019,zonas,Etapa clasificatoria,Fecha 6,El Coloso del Barrio Talleres,false,https://es.wikipedia.org/wiki/Torneo_Federal_A_2019-20
2019-10-06,17:45,River Plate,Patronato,2,0,,,Primera Division,2019,zonas,,Fecha 9,Monumental,false,https://es.wikipedia.org/wiki/Campeonato_de_Primera_División_2019-20_(Argentina)
2019-10-06,19:00,Sarmiento (R),Sportivo Las Parejas,0,0,,,Torneo Federal A,2019,zonas,Etapa clasificatoria,Fecha 6,Centenario,false,https://es.wikipedia.org/wiki/Torneo_Federal_A_2019-20
2019-10-06,20:00,Defensa y Justicia,Boca Juniors,0,1,,,Primera Division,2019,zonas,,Fecha 9,Norberto Tomaghello,false,https://es.wikipedia.org/wiki/Campeonato_de_Primera_División_2019-20_(Argentina)
2019-10-07,,Almagro,Talleres (C),1,0,,,Copa Argentina,2019,eliminacion,,Octavos,Marcelo Bielsa,true,https://es.wikipedia.org/wiki/Copa_Argentina_2018-19
2019-10-07,15:30,Acassuso,Defensores Unidos,1,1,,,Primera B,2019,zonas,Torneo Apertura,Fecha 9,Armenia,false,https://es.wikipedia.org/wiki/Campeonato_de_Primera_B_2019-20_(Argentina)
2019-10-07,15:30,Deportivo Riestra,Gimnasia y Esgrima (M),0,0,,,Primera Nacional,2019,zonas,Zona B,Fecha 8,Guillermo Laza,false,https://es.wikipedia.org/wiki/Campeonato_de_Primera_Nacional_2019-20
2019-10-07,15:30,Dock Sud,Real Pilar,2,0,,,Primera C,2019,zonas,Torneo Apertura,Fecha 11,De los Inmigrantes,false,https://es.wikipedia.org/wiki/Campeonato_de_Primera_C_2019-20_(Argentina)
2019-10-07,15:30,El Porvenir,Victoriano Arenas,0,3,,,Primera C,2019,zonas,Torneo Apertura,Fecha 11,Gildo Francisco Ghersinich,false,https://es.wikipedia.org/wiki/Campeonato_de_Primera_C_2019-20_(Argentina)
2019-10-07,15:30,Ferrocarril Midland,San Martín (B),0,0,,,Primera C,2019,zonas,Torneo Apertura,Fecha 11,Ciudad de Libertad,false,https://es.wikipedia.org/wiki/Campeonato_de_Primera_C_2019-20_(Argentina)
2019-10-07,15:30,J. J. de Urquiza,Almirante Brown,2,1,,,Primera B,2019,zonas,Torneo Apertura,Fecha 9,Ramón Roque Martín,false,https://es.wikipedia.org/wiki/Campeonato_de_Primera_B_2019-20_(Argentina)
2019-10-07,15:30,San Miguel,Fénix,0,0,,,Primera B,2019,zonas,Torneo Apertura,Fecha 9,Malvinas Argentinas,false,https://es.wikipedia.org/wiki/Campeonato_de_Primera_B_2019-20_(Argentina)
2019-10-07,15:35,Nueva Chicago,Mitre (SdE),0,0,,,Primera Nacional,2019,zonas,Zona A,Fecha 8,Nueva Chicago,false,https://es.wikipedia.org/wiki/Campeonato_de_Primera_Nacional_2019-20
2019-10-07,20:30,Ramón Santamarina,Atlético de Rafaela,1,1,,,Primera Nacional,2019,zonas,Zona B,Fecha 8,Municipal General San Martín,false,https://es.wikipedia.org/wiki/Campeonato_de_Primera_Nacional_2019-20
2019-10-07,21:10,Ferro Carril Oeste,Alvarado,1,0,,,Primera Nacional,2019,zonas,Zona A,Fecha 8,Arquitecto Ricardo Etcheverri,false,https://es.wikipedia.org/wiki/Campeonato_de_Primera_Nacional_2019-20
2019-10-08,15:30,Argentino de Merlo,Deportivo Español,1,1,,,Primera C,2019,zonas,Torneo Apertura,Fecha 11,Merlo,false,https://es.wikipedia.org/wiki/Campeonato_de_Primera_C_2019-20_(Argentina)
2019-10-08,15:30,Leandro N. Alem,Ituzaingó,2,1,,,Primera C,2019,zonas,Torneo Apertura,Fecha 11,Leandro N. Alem,false,https://es.wikipedia.org/wiki/Campeonato_de_Primera_C_2019-20_(Argentina)
2019-10-11,,River Plate,Almagro,2,0,,,Copa Argentina,2019,eliminacion,,Cuartos,Malvinas Argentinas,true,https://es.wikipedia.org/wiki/Copa_Argentina_2018-19
2019-10-11,21:30,Chaco For Ever,Gimnasia y Esgrima (CdU),4,0,,,Torneo Federal A,2019,zonas,Etapa clasificatoria,Fecha 7,Juan Alberto García,false,https://es.wikipedia.org/wiki/Torneo_Federal_A_2019-20
2019-10-11,22:00,Güemes (SdE),Sarmiento (R),1,1,,,Torneo Federal A,2019,zonas,Etapa clasificatoria,Fecha 7,Arturo Miranda,false,https://es.wikipedia.org/wiki/Torneo_Federal_A_2019-20
2019-10-12,13:00,Victoriano Arenas,General Lamadrid,0,1,,,Primera C,2019,zonas,Torneo Apertura,Fecha 12,Saturnino Moure,false,https://es.wikipedia.org/wiki/Campeonato_de_Primera_C_2019-20_(Argentina)
2019-10-12,13:15,Tristán Suárez,Los Andes,1,1,,,Primera B,2019,zonas,Torneo Apertura,Fecha 10,20 de Octubre,false,https://es.wikipedia.org/wiki/Campeonato_de_Primera_B_2019-20_(Argentina)
2019-10-12,15:30,Defensores Unidos,Argentino de Quilmes,2,0,,,Primera B,2019,zonas,Torneo Apertura,Fecha 10,Mario Losinno,false,https://es.wikipedia.org/wiki/Campeonato_de_Primera_B_2019-20_(Argentina)
2019-10-12,15:30,Real Pilar,Ferrocarril Midland,2,2,,,Primera C,2019,zonas,Torneo Apertura,Fecha 12,Carlos Barraza,false,https://es.wikipedia.org/wiki/Campeonato_de_Primera_C_2019-20_(Argentina)
2019-10-12,15:30,Sacachispas,J. J. de Urquiza,1,1,,,Primera B,2019,zonas,Torneo Apertura,Fecha 10,Beto Larrosa,false,https://es.wikipedia.org/wiki/Campeonato_de_Primera_B_2019-20_(Argentina)
2019-10-12,15:30,UAI Urquiza,Villa San Carlos,1,4,,,Primera B,2019,zonas,Torneo Apertura,Fecha 10,Monumental de Villa Lynch,false,https://es.wikipedia.org/wiki/Campeonato_de_Primera_B_2019-20_(Argentina)
2019-10-12,16:00,Deportivo Merlo,Deportivo Laferrere,0,1,,,Primera C,2019,zonas,Torneo Apertura,Fecha 12,José Manuel Moreno,false,https://es.wikipedia.org/wiki/Campeonato_de_Primera_C_2019-20_(Argentina)
2019-10-12,16:40,Tigre,Villa Dálmine,1,0,,,Primera Nacional,2019,zonas,Zona B,Fecha 9,Monumental de Victoria,false,https://es.wikipedia.org/wiki/Campeonato_de_Primera_Nacional_2019-20
2019-10-12,18:00,Estudiantes (BA),Atlanta,1,2,,,Primera Nacional,2019,zonas,Zona A,Fecha 9,Ciudad de Caseros,false,https://es.wikipedia.org/wiki/Campeonato_de_Primera_Nacional_2019-20
2019-10-12,18:40,Belgrano,Ferro Carril Oeste,2,2,,,Primera Nacional,2019,zonas,Zona A,Fecha 9,Gigante de Alberdi,false,https://es.wikipedia.org/wiki/Campeonato_de_Primera_Nacional_2019-20
2019-10-13,15:10,Almirante Brown,San Miguel,3,0,,,Primera B,2019,zonas,Torneo Apertura,Fecha 10,Fragata Presidente Sarmiento,false,https://es.wikipedia.org/wiki/Campeonato_de_Primera_B_2019-20_(Argentina)
2019-10-13,15:30,All Boys,Ramón Santamarina,1,1,,,Primera Nacional,2019,zonas,Zona B,Fecha 9,Islas Malvinas,false,https://es.wikipedia.org/wiki/Campeonato_de_Primera_Nacional_2019-20
2019-10-13,15:30,Brown de Adrogué,Sarmiento (J),1,1,,,Primera Nacional,2019,zonas,Zona B,Fecha 9,Lorenzo Arandilla,false,https://es.wikipedia.org/wiki/Campeonato_de_Primera_Nacional_2019-20
2019-10-13,15:30,Cañuelas,Argentino de Merlo,2,1,,,Primera C,2019,zonas,Torneo Apertura,Fecha 12,José Alfredo Arín,false,https://es.wikipedia.org/wiki/Campeonato_de_Primera_C_2019-20_(Argentina)
2019-10-13,15:30,Deportivo Armenio,Flandria,1,1,,,Primera B,2019,zonas,Torneo Apertura,Fecha 10,Armenia,false,https://es.wikipedia.org/wiki/Campeonato_de_Primera_B_2019-20_(Argentina)
2019-10-13,15:30,Excursionistas,Dock Sud,0,3,,,Primera C,2019,zonas,Torneo Apertura,Fecha 12,Excursionistas,false,https://es.wikipedia.org/wiki/Campeonato_de_Primera_C_2019-20_(Argentina)
2019-10-13,15:30,Fénix,Comunicaciones,0,3,,,Primera B,2019,zonas,Torneo Apertura,Fecha 10,José Manuel Moreno,false,https://es.wikipedia.org/wiki/Campeonato_de_Primera_B_2019-20_(Argentina)
2019-10-13,15:30,Ituzaingó,El Porvenir,1,0,,,Primera C,2019,zonas,Torneo Apertura,Fecha 12,Carlos Alberto Sacaan,false,https://es.wikipedia.org/wiki/Campeonato_de_Primera_C_2019-20_(Argentina)
2019-10-13,15:30,Luján,Central Córdoba (R),0,0,,,Primera C,2019,zonas,Torneo Apertura,Fecha 12,Municipal de la Ciudad de Luján,false,https://es.wikipedia.org/wiki/Campeonato_de_Primera_C_2019-20_(Argentina)
2019-10-13,15:30,Sol de Mayo (V),Deportivo Maipú,1,2,,,Torneo Federal A,2019,zonas,Etapa clasificatoria,Fecha 7,Sol de Mayo,false,https://es.wikipedia.org/wiki/Torneo_Federal_A_2019-20
2019-10-13,16:00,Defensores de Pronunciamiento,Juventud Unida (G),0,0,,,Torneo Federal A,2019,zonas,Etapa clasificatoria,Fecha 7,Delio Cardozo,false,https://es.wikipedia.org/wiki/Torneo_Federal_A_2019-20
2019-10-13,16:00,Douglas Haig,Central Norte (S),3,1,,,Torneo Federal A,2019,zonas,Etapa clasificatoria,Fecha 7,Miguel Morales,false,https://es.wikipedia.org/wiki/Torneo_Federal_A_2019-20
2019-10-13,16:00,Guillermo Brown,Nueva Chicago,2,0,,,Primera Nacional,2019,zonas,Zona A,Fecha 9,Raúl Conti,false,https://es.wikipedia.org/wiki/Campeonato_de_Primera_Nacional_2019-20
2019-10-13,16:00,Sansinena,Cipolletti,1,3,,,Torneo Federal A,2019,zonas,Etapa clasificatoria,Fecha 7,Luis Molina,false,https://es.wikipedia.org/wiki/Torneo_Federal_A_2019-20
2019-10-13,16:15,Juventud Unida Universitario,Deportivo Camioneros,1,1,,,Torneo Federal A,2019,zonas,Etapa clasificatoria,Fecha 7,Mario Sebastián Diez,false,https://es.wikipedia.org/wiki/Torneo_Federal_A_2019-20
2019-10-13,16:30,Huracán Las Heras,Ferro Carril Oeste (GP),0,1,,,Torneo Federal A,2019,zonas,Etapa clasificatoria,Fecha 7,General San Martín,false,https://es.wikipedia.org/wiki/Torneo_Federal_A_2019-20
2019-10-13,16:30,Olimpo,Sportivo Peñarol (C),0,1,,,Torneo Federal A,2019,zonas,Etapa clasificatoria,Fecha 7,Roberto Natalio Carminatti,false,https://es.wikipedia.org/wiki/Torneo_Federal_A_2019-20
2019-10-13,17:00,Crucero del Norte,Sportivo Belgrano,1,0,,,Torneo Federal A,2019,zonas,Etapa clasificatoria,Fecha 7,Comandante Andrés Guacurarí,false,https://es.wikipedia.org/wiki/Torneo_Federal_A_2019-20
2019-10-13,17:00,Gimnasia y Esgrima (M),Gimnasia y Esgrima (J),2,0,,,Primera Nacional,2019,zonas,Zona B,Fecha 9,Víctor Antonio Legrotaglie,false,https://es.wikipedia.org/wiki/Campeonato_de_Primera_Nacional_2019-20
2019-10-13,17:30,Alvarado,Estudiantes (RC),3,2,,,Primera Nacional,2019,zonas,Zona A,Fecha 9,José María Minella,false,https://es.wikipedia.org/wiki/Campeonato_de_Primera_Nacional_2019-20
2019-10-13,18:10,San Martín (SJ),Independiente Rivadavia,3,1,,,Primera Nacional,2019,zonas,Zona A,Fecha 9,Ingeniero Hilario Sánchez,false,https://es.wikipedia.org/wiki/Campeonato_de_Primera_Nacional_2019-20
2019-10-13,18:30,Boca Unidos,Defensores de Belgrano (VR),2,1,,,Torneo Federal A,2019,zonas,Etapa clasificatoria,Fecha 7,Leoncio Benítez,false,https://es.wikipedia.org/wiki/Torneo_Federal_A_2019-20
2019-10-13,18:30,Sportivo Las Parejas,San Martín (F),3,0,,,Torneo Federal A,2019,zonas,Etapa clasificatoria,Fecha 7,4 de Septiembre,false,https://es.wikipedia.org/wiki/Torneo_Federal_A_2019-20
2019-10-13,21:30,Mitre (SdE),Deportivo Morón,1,1,,,Primera Nacional,2019,zonas,Zona A,Fecha 9,Doctores José y Antonio Castiglione,false,https://es.wikipedia.org/wiki/Campeonato_de_Primera_Nacional_2019-20
2019-10-14,15:30,Deportivo Español,Leandro N. Alem,1,0,,,Primera C,2019,zonas,Torneo Apertura,Fecha 12,Nueva España,false,https://es.wikipedia.org/wiki/Campeonato_de_Primera_C_2019-20_(Argentina)
2019-10-14,15:30,San Martín (B),Berazategui,2,2,,,Primera C,2019,zonas,Torneo Apertura,Fecha 12,Francisco Boga,false,https://es.wikipedia.org/wiki/Campeonato_de_Primera_C_2019-20_(Argentina)
2019-10-14,15:30,San Telmo,Colegiales,0,0,,,Primera B,2019,zonas,Torneo Apertura,Fecha 10,Dr. Osvaldo Baletto,false,https://es.wikipedia.org/wiki/Campeonato_de_Primera_B_2019-20_(Argentina)
2019-10-14,16:00,Talleres (RdE),Acassuso,0,0,,,Primera B,2019,zonas,Torneo Apertura,Fecha 10,Talleres,false,https://es.wikipedia.org/wiki/Campeonato_de_Primera_B_2019-20_(Argentina)
2019-10-14,17:10,Agropecuario,Platense,0,2,,,Primera Nacional,2019,zonas,Zona A,Fecha 9,Ofelia Rosenzuaig,false,https://es.wikipedia.org/wiki/Campeonato_de_Primera_Nacional_2019-20
2019-10-14,19:00,Desamparados,Villa Mitre,0,1,,,Torneo Federal A,2019,zonas,Etapa clasificatoria,Fecha 7,El Serpentario,false,https://es.wikipedia.org/wiki/Torneo_Federal_A_2019-20
2019-10-14,20:00,Atlético de Rafaela,Instituto,3,2,,,Primera Nacional,2019,zonas,Zona B,Fecha 9,Nuevo Monumental,false,https://es.wikipedia.org/wiki/Campeonato_de_Primera_Nacional_2019-20
2019-10-14,21:10,Quilmes,San Martín (T),1,4,,,Primera Nacional,2019,zonas,Zona B,Fecha 9,Centenario,false,https://es.wikipedia.org/wiki/Campeonato_de_Primera_Nacional_2019-20
2019-10-15,15:30,Defensores de Belgrano,Almagro,1,1,,,Primera Nacional,2019,zonas,Zona B,Fecha 9,Juan Pasquale,false,https://es.wikipedia.org/wiki/Campeonato_de_Primera_Nacional_2019-20
2019-10-15,20:00,Chacarita Juniors,Deportivo Riestra,1,1,,,Primera Nacional,2019,zonas,Zona B,Fecha 9,Chacarita Juniors,false,https://es.wikipedia.org/wiki/Campeonato_de_Primera_Nacional_2019-20
2019-10-16,,Central Córdoba (SdE),Estudiantes (LP),1,0,,,Copa Argentina,2019,eliminacion,,Cuartos,Juan Domingo Perón,true,https://es.wikipedia.org/wiki/Copa_Argentina_2018-19
2019-10-16,15:30,Barracas Central,Temperley,0,1,,,Primera Nacional,2019,zonas,Zona A,Fecha 9,Claudio Chiqui Tapia,false,https://es.wikipedia.org/wiki/Campeonato_de_Primera_Nacional_2019-20
2019-10-18,19:00,Arsenal,River Plate,3,3,,,Primera Division,2019,zonas,,Fecha 10,El Viaducto,false,https://es.wikipedia.org/wiki/Campeonato_de_Primera_División_2019-20_(Argentina)
2019-10-18,21:00,Cipolletti,Sol de Mayo (V),2,0,,,Torneo Federal A,2019,zonas,Etapa clasificatoria,Fecha 8,La Visera de Cemento,false,https://es.wikipedia.org/wiki/Torneo_Federal_A_2019-20
2019-10-18,21:00,Ferro Carril Oeste (GP),Sansinena,1,0,,,Torneo Federal A,2019,zonas,Etapa clasificatoria,Fecha 8,El Coloso del Barrio Talleres,false,https://es.wikipedia.org/wiki/Torneo_Federal_A_2019-20
2019-10-18,21:10,Boca Juniors,Racing Club,0,1,,,Primera Division,2019,zonas,,Fecha 10,La Bombonera,false,https://es.wikipedia.org/wiki/Campeonato_de_Primera_División_2019-20_(Argentina)
2019-10-18,21:15,Deportivo Maipú,Desamparados,3,0,,,Torneo Federal A,2019,zonas,Etapa clasificatoria,Fecha 8,Omar Higinio Sperdutti,false,https://es.wikipedia.org/wiki/Torneo_Federal_A_2019-20
2019-10-19,12:00,Ferrocarril Midland,Excursionistas,2,0,,,Primera C,2019,zonas,Torneo Apertura,Fecha 13,Ciudad de Libertad,false,https://es.wikipedia.org/wiki/Campeonato_de_Primera_C_2019-20_(Argentina)
2019-10-19,13:10,Acassuso,UAI Urquiza,2,2,,,Primera B,2019,zonas,Torneo Apertura,Fecha 11,Armenia,false,https://es.wikipedia.org/wiki/Campeonato_de_Primera_B_2019-20_(Argentina)
2019-10-19,13:15,Banfield,Atlético Tucumán,1,2,,,Primera Division,2019,zonas,,Fecha 10,Florencio Sola,false,https://es.wikipedia.org/wiki/Campeonato_de_Primera_División_2019-20_(Argentina)
2019-10-19,14:30,Juventud Unida (G),Douglas Haig,0,0,,,Torneo Federal A,2019,zonas,Etapa clasificatoria,Fecha 8,De los Eucaliptos,false,https://es.wikipedia.org/wiki/Torneo_Federal_A_2019-20
2019-10-19,15:30,Argentino de Quilmes,Talleres (RdE),1,1,,,Primera B,2019,zonas,Torneo Apertura,Fecha 11,Argentino de Quilmes,false,https://es.wikipedia.org/wiki/Campeonato_de_Primera_B_2019-20_(Argentina)
2019-10-19,15:30,Central Córdoba (R),San Martín (B),3,0,,,Primera C,2019,zonas,Torneo Apertura,Fecha 13,Gabino Sosa,false,https://es.wikipedia.org/wiki/Campeonato_de_Primera_C_2019-20_(Argentina)
2019-10-19,15:30,Colegiales,Defensores Unidos,1,2,,,Primera B,2019,zonas,Torneo Apertura,Fecha 11,Colegiales,false,https://es.wikipedia.org/wiki/Campeonato_de_Primera_B_2019-20_(Argentina)
2019-10-19,15:30,Deportivo Madryn,Sportivo Estudiantes (SL),0,1,,,Torneo Federal A,2019,zonas,Etapa clasificatoria,Fecha 7,Abel Sastre,false,https://es.wikipedia.org/wiki/Torneo_Federal_A_2019-20
2019-10-19,15:30,Independiente,Argentinos Juniors,0,1,,,Primera Division,2019,zonas,,Fecha 10,Libertadores de América,false,https://es.wikipedia.org/wiki/Campeonato_de_Primera_División_2019-20_(Argentina)
2019-10-19,15:30,Nueva Chicago,Alvarado,0,1,,,Primera Nacional,2019,zonas,Zona A,Fecha 10,Nueva Chicago,false,https://es.wikipedia.org/wiki/Campeonato_de_Primera_Nacional_2019-20
2019-10-19,16:00,Deportivo Camioneros,Círculo Deportivo,1,1,,,Torneo Federal A,2019,zonas,Etapa clasificatoria,Fecha 8,Hugo Moyano,false,https://es.wikipedia.org/wiki/Torneo_Federal_A_2019-20
2019-10-19,16:00,Gimnasia y Esgrima (CdU),Crucero del Norte,1,1,,,Torneo Federal A,2019,zonas,Etapa clasificatoria,Fecha 8,Manuel y Ramón Núñez,false,https://es.wikipedia.org/wiki/Torneo_Federal_A_2019-20
2019-10-19,16:00,Sportivo Peñarol (C),Huracán Las Heras,1,2,,,Torneo Federal A,2019,zonas,Etapa clasificatoria,Fecha 8,Ramón Pablo Rojas,false,https://es.wikipedia.org/wiki/Torneo_Federal_A_2019-20
2019-10-19,17:00,San Martín (F),Güemes (SdE),1,1,,,Torneo Federal A,2019,zonas,Etapa clasificatoria,Fecha 8,17 de Octubre,false,https://es.wikipedia.org/wiki/Torneo_Federal_A_2019-20
2019-10-19,17:00,Villa Mitre,Juventud Unida Universitario,0,1,,,Torneo Federal A,2019,zonas,Etapa clasificatoria,Fecha 8,El Fortín,false,https://es.wikipedia.org/wiki/Torneo_Federal_A_2019-20
2019-10-19,17:10,Estudiantes (RC),Belgrano,1,1,,,Primera Nacional,2019,zonas,Zona A,Fecha 10,Antonio Candini,false,https://es.wikipedia.org/wiki/Campeonato_de_Primera_Nacional_2019-20
2019-10-19,17:45,Patronato,Newell's Old Boys,1,3,,,Primera Division,2019,zonas,,Fecha 10,Presbítero Bartolomé Grella,false,https://es.wikipedia.org/wiki/Campeonato_de_Primera_División_2019-20_(Argentina)
2019-10-19,19:00,Defensores de Belgrano (VR),Chaco For Ever,2,0,,,Torneo Federal A,2019,zonas,Etapa clasificatoria,Fecha 8,Salomón Boeseldín,false,https://es.wikipedia.org/wiki/Torneo_Federal_A_2019-20
2019-10-19,19:00,Sportivo Belgrano,Unión (S),2,2,,,Torneo Federal A,2019,zonas,Etapa clasificatoria,Fecha 8,Oscar Carlos Boero,false,https://es.wikipedia.org/wiki/Torneo_Federal_A_2019-20
2019-10-19,20:00,Talleres (C),Lanús,2,4,,,Primera Division,2019,zonas,,Fecha 10,Mario Alberto Kempes,false,https://es.wikipedia.org/wiki/Campeonato_de_Primera_División_2019-20_(Argentina)
2019-10-19,21:00,Sarmiento (R),Defensores de Pronunciamiento,3,1,,,Torneo Federal A,2019,zonas,Etapa clasificatoria,Fecha 8,Centenario,false,https://es.wikipedia.org/wiki/Torneo_Federal_A_2019-20
2019-10-19,21:30,Central Norte (S),Boca Unidos,6,2,,,Torneo Federal A,2019,zonas,Etapa clasificatoria,Fecha 8,El Gigante del Norte,false,https://es.wikipedia.org/wiki/Torneo_Federal_A_2019-20
2019-10-20,11:00,Aldosivi,Defensa y Justicia,1,0,,,Primera Division,2019,zonas,,Fecha 10,José María Minella,false,https://es.wikipedia.org/wiki/Campeonato_de_Primera_División_2019-20_(Argentina)
2019-10-20,11:00,El Porvenir,Deportivo Español,0,1,,,Primera C,2019,zonas,Torneo Apertura,Fecha 13,Gildo Francisco Ghersinich,false,https://es.wikipedia.org/wiki/Campeonato_de_Primera_C_2019-20_(Argentina)
2019-10-20,11:00,Guillermo Brown,Mitre (SdE),0,1,,,Primera Nacional,2019,zonas,Zona A,Fecha 10,Raúl Conti,false,https://es.wikipedia.org/wiki/Campeonato_de_Primera_Nacional_2019-20
2019-10-20,13:15,Flandria,San Telmo,1,1,,,Primera B,2019,zonas,Torneo Apertura,Fecha 11,Carlos V,false,https://es.wikipedia.org/wiki/Campeonato_de_Primera_B_2019-20_(Argentina)
2019-10-20,13:15,Gimnasia y Esgrima (LP),Unión,0,1,,,Primera Division,2019,zonas,,Fecha 10,Del Bosque,false,https://es.wikipedia.org/wiki/Campeonato_de_Primera_División_2019-20_(Argentina)
2019-10-20,15:30,Atlanta,San Martín (SJ),3,1,,,Primera Nacional,2019,zonas,Zona A,Fecha 10,Don León Kolbowsky,false,https://es.wikipedia.org/wiki/Campeonato_de_Primera_Nacional_2019-20
2019-10-20,15:30,Berazategui,Real Pilar,1,1,,,Primera C,2019,zonas,Torneo Apertura,Fecha 13,Norman Lee,false,https://es.wikipedia.org/wiki/Campeonato_de_Primera_C_2019-20_(Argentina)
2019-10-20,15:30,General Lamadrid,Ituzaingó,1,0,,,Primera C,2019,zonas,Torneo Apertura,Fecha 13,Enrique Sexto,false,https://es.wikipedia.org/wiki/Campeonato_de_Primera_C_2019-20_(Argentina)
2019-10-20,15:30,Huracán,San Lorenzo,2,0,,,Primera Division,2019,zonas,,Fecha 10,Tomás A. Ducó,false,https://es.wikipedia.org/wiki/Campeonato_de_Primera_División_2019-20_(Argentina)
2019-10-20,15:30,Los Andes,Deportivo Armenio,1,2,,,Primera B,2019,zonas,Torneo Apertura,Fecha 11,Eduardo Gallardón,false,https://es.wikipedia.org/wiki/Campeonato_de_Primera_B_2019-20_(Argentina)
2019-10-20,15:30,San Miguel,Sacachispas,1,1,,,Primera B,2019,zonas,Torneo Apertura,Fecha 11,Malvinas Argentinas,false,https://es.wikipedia.org/wiki/Campeonato_de_Primera_B_2019-20_(Argentina)
2019-10-20,17:00,San Martín (T),Atlético de Rafaela,3,0,,,Primera Nacional,2019,zonas,Zona B,Fecha 10,La Ciudadela,false,https://es.wikipedia.org/wiki/Campeonato_de_Primera_Nacional_2019-20
2019-10-20,17:45,Rosario Central,Vélez Sarsfield,0,1,,,Primera Division,2019,zonas,,Fecha 10,Gigante de Arroyito,false,https://es.wikipedia.org/wiki/Campeonato_de_Primera_División_2019-20_(Argentina)
2019-10-20,18:00,Almagro,Quilmes,2,1,,,Primera Nacional,2019,zonas,Zona B,Fecha 10,Tres de Febrero,false,https://es.wikipedia.org/wiki/Campeonato_de_Primera_Nacional_2019-20
2019-10-20,18:00,Instituto,All Boys,1,1,,,Primera Nacional,2019,zonas,Zona B,Fecha 10,Juan Domingo Perón,false,https://es.wikipedia.org/wiki/Campeonato_de_Primera_Nacional_2019-20
2019-10-20,18:30,Independiente Rivadavia,Agropecuario,1,1,,,Primera Nacional,2019,zonas,Zona A,Fecha 10,Bautista Gargantini,false,https://es.wikipedia.org/wiki/Campeonato_de_Primera_Nacional_2019-20
2019-10-20,19:00,Villa Dálmine,Defensores de Belgrano,0,0,,,Primera Nacional,2019,zonas,Zona B,Fecha 10,El Coliseo de Mitre y Puccini,false,https://es.wikipedia.org/wiki/Campeonato_de_Primera_Nacional_2019-20
2019-10-20,19:30,Deportivo Laferrere,Luján,1,0,,,Primera C,2019,zonas,Torneo Apertura,Fecha 13,Ciudad de Laferrere,false,https://es.wikipedia.org/wiki/Campeonato_de_Primera_C_2019-20_(Argentina)
2019-10-20,20:00,Sarmiento (J),Tigre,1,1,,,Primera Nacional,2019,zonas,Zona B,Fecha 10,Eva Perón,false,https://es.wikipedia.org/wiki/Campeonato_de_Primera_Nacional_2019-20
2019-10-21,15:30,Argentino de Merlo,Sportivo Italiano,2,0,,,Primera C,2019,zonas,Torneo Apertura,Fecha 13,Merlo,false,https://es.wikipedia.org/wiki/Campeonato_de_Primera_C_2019-20_(Argentina)
2019-10-21,15:30,Comunicaciones,Almirante Brown,0,1,,,Primera B,2019,zonas,Torneo Apertura,Fecha 11,Alfredo Ramos,false,https://es.wikipedia.org/wiki/Campeonato_de_Primera_B_2019-20_(Argentina)
2019-10-21,15:30,Deportivo Riestra,Brown de Adrogué,1,0,,,Primera Nacional,2019,zonas,Zona B,Fecha 10,Guillermo Laza,false,https://es.wikipedia.org/wiki/Campeonato_de_Primera_Nacional_2019-20
2019-10-21,15:30,Dock Sud,Victoriano Arenas,2,0,,,Primera C,2019,zonas,Torneo Apertura,Fecha 13,De los Inmigrantes,false,https://es.wikipedia.org/wiki/Campeonato_de_Primera_C_2019-20_(Argentina)
2019-10-21,15:30,J. J. de Urquiza,Tristán Suárez,0,3,,,Primera B,2019,zonas,Torneo Apertura,Fecha 11,Ramón Roque Martín,false,https://es.wikipedia.org/wiki/Campeonato_de_Primera_B_2019-20_(Argentina)
2019-10-21,15:30,Leandro N. Alem,Cañuelas,0,1,,,Primera C,2019,zonas,Torneo Apertura,Fecha 13,Leandro N. Alem,false,https://es.wikipedia.org/wiki/Campeonato_de_Primera_C_2019-20_(Argentina)
2019-10-21,15:30,Villa San Carlos,Fénix,0,0,,,Primera B,2019,zonas,Torneo Apertura,Fecha 11,Genacio Sálice,false,https://es.wikipedia.org/wiki/Campeonato_de_Primera_B_2019-20_(Argentina)
2019-10-21,19:00,Central Córdoba (SdE),Estudiantes (LP),0,1,,,Primera Division,2019,zonas,,Fecha 10,Alfredo Terrera,false,https://es.wikipedia.org/wiki/Campeonato_de_Primera_División_2019-20_(Argentina)
2019-10-21,20:00,Chacarita Juniors,Gimnasia y Esgrima (M),1,0,,,Primera Nacional,2019,zonas,Zona B,Fecha 10,Chacarita Juniors,false,https://es.wikipedia.org/wiki/Campeonato_de_Primera_Nacional_2019-20
2019-10-21,20:30,Ramón Santamarina,Gimnasia y Esgrima (J),0,0,,,Primera Nacional,2019,zonas,Zona B,Fecha 10,Municipal General San Martín,false,https://es.wikipedia.org/wiki/Campeonato_de_Primera_Nacional_2019-20
2019-10-21,21:10,Ferro Carril Oeste,Estudiantes (BA),1,0,,,Primera Nacional,2019,zonas,Zona A,Fecha 10,Arquitecto Ricardo Etcheverri,false,https://es.wikipedia.org/wiki/Campeonato_de_Primera_Nacional_2019-20
2019-10-21,21:20,Colón,Godoy Cruz,2,1,,,Primera Division,2019,zonas,,Fecha 10,Brigadier Estanislao López,false,https://es.wikipedia.org/wiki/Campeonato_de_Primera_División_2019-20_(Argentina)
2019-10-24,16:00,Círculo Deportivo,Villa Mitre,0,0,,,Torneo Federal A,2019,zonas,Etapa clasificatoria,Fecha 9,Guillermo Trama,false,https://es.wikipedia.org/wiki/Torneo_Federal_A_2019-20
2019-10-24,16:00,Huracán Las Heras,Sportivo Estudiantes (SL),1,0,,,Torneo Federal A,2019,zonas,Etapa clasificatoria,Fecha 9,General San Martín,false,https://es.wikipedia.org/wiki/Torneo_Federal_A_2019-20
2019-10-24,16:00,Sansinena,Sportivo Peñarol (C),2,0,,,Torneo Federal A,2019,zonas,Etapa clasificatoria,Fecha 9,Luis Molina,false,https://es.wikipedia.org/wiki/Torneo_Federal_A_2019-20
2019-10-24,16:00,Sol de Mayo (V),Ferro Carril Oeste (GP),0,2,,,Torneo Federal A,2019,zonas,Etapa clasificatoria,Fecha 9,Sol de Mayo,false,https://es.wikipedia.org/wiki/Torneo_Federal_A_2019-20
2019-10-24,17:00,Defensores de Pronunciamiento,San Martín (F),2,2,,,Torneo Federal A,2019,zonas,Etapa clasificatoria,Fecha 9,Delio Cardozo,false,https://es.wikipedia.org/wiki/Torneo_Federal_A_2019-20
2019-10-24,20:30,Olimpo,Deportivo Madryn,0,2,,,Torneo Federal A,2019,zonas,Etapa clasificatoria,Fecha 9,Roberto Natalio Carminatti,false,https://es.wikipedia.org/wiki/Torneo_Federal_A_2019-20
2019-10-24,21:00,Crucero del Norte,Defensores de Belgrano (VR),0,0,,,Torneo Federal A,2019,zonas,Etapa clasificatoria,Fecha 9,Comandante Andrés Guacurarí,false,https://es.wikipedia.org/wiki/Torneo_Federal_A_2019-20
2019-10-24,21:00,Douglas Haig,Sarmiento (R),2,1,,,Torneo Federal A,2019,zonas,Etapa clasificatoria,Fecha 9,Miguel Morales,false,https://es.wikipedia.org/wiki/Torneo_Federal_A_2019-20
2019-10-24,21:00,Unión (S),Gimnasia y Esgrima (CdU),3,1,,,Torneo Federal A,2019,zonas,Etapa clasificatoria,Fecha 9,De la Avenida,false,https://es.wikipedia.org/wiki/Torneo_Federal_A_2019-20
2019-10-24,21:15,Juventud Unida Universitario,Deportivo Maipú,0,1,,,Torneo Federal A,2019,zonas,Etapa clasificatoria,Fecha 9,Mario Sebastián Diez,false,https://es.wikipedia.org/wiki/Torneo_Federal_A_2019-20
2019-10-24,21:30,Boca Unidos,Juventud Unida (G),2,1,,,Torneo Federal A,2019,zonas,Etapa clasificatoria,Fecha 9,Leoncio Benítez,false,https://es.wikipedia.org/wiki/Torneo_Federal_A_2019-20
2019-10-24,21:30,Desamparados,Cipolletti,0,0,,,Torneo Federal A,2019,zonas,Etapa clasificatoria,Fecha 9,El Serpentario,false,https://es.wikipedia.org/wiki/Torneo_Federal_A_2019-20
2019-10-24,22:00,Chaco For Ever,Central Norte (S),1,1,,,Torneo Federal A,2019,zonas,Etapa clasificatoria,Fecha 9,Juan Alberto García,false,https://es.wikipedia.org/wiki/Torneo_Federal_A_2019-20
2019-10-24,22:00,Güemes (SdE),Sportivo Las Parejas,0,1,,,Torneo Federal A,2019,zonas,Etapa clasificatoria,Fecha 9,Arturo Miranda,false,https://es.wikipedia.org/wiki/Torneo_Federal_A_2019-20
2019-10-25,,Independiente,Lanús,0,2,,,Copa Argentina,2019,eliminacion,,Cuartos,Marcelo Bielsa,true,https://es.wikipedia.org/wiki/Copa_Argentina_2018-19
2019-10-28,18:10,Temperley,Deportivo Morón,3,0,,,Primera Nacional,2019,zonas,Zona A,Fecha 10,Alfredo Beranger,false,https://es.wikipedia.org/wiki/Campeonato_de_Primera_Nacional_2019-20
2019-10-29,15:00,Godoy Cruz,Aldosivi,3,2,,,Primera Division,2019,zonas,,Fecha 11,Malvinas Argentinas,false,https://es.wikipedia.org/wiki/Campeonato_de_Primera_División_2019-20_(Argentina)
2019-10-29,15:30,Real Pilar,Central Córdoba (R),3,3,,,Primera C,2019,zonas,Torneo Apertura,Fecha 14,Carlos Barraza,false,https://es.wikipedia.org/wiki/Campeonato_de_Primera_C_2019-20_(Argentina)
2019-10-29,17:00,Estudiantes (LP),Rosario Central,3,0,,,Primera Division,2019,zonas,,Fecha 11,Ciudad de La Plata,false,https://es.wikipedia.org/wiki/Campeonato_de_Primera_División_2019-20_(Argentina)
2019-10-29,18:10,Platense,Barracas Central,1,0,,,Primera Nacional,2019,zonas,Zona A,Fecha 10,Ciudad de Vicente López,false,https://es.wikipedia.org/wiki/Campeonato_de_Primera_Nacional_2019-20
2019-10-29,19:10,Atlético Tucumán,Patronato,2,0,,,Primera Division,2019,zonas,,Fecha 11,Monumental José Fierro,false,https://es.wikipedia.org/wiki/Campeonato_de_Primera_División_2019-20_(Argentina)
2019-10-29,19:10,Newell's Old Boys,Gimnasia y Esgrima (LP),0,4,,,Primera Division,2019,zonas,,Fecha 11,Marcelo Bielsa,false,https://es.wikipedia.org/wiki/Campeonato_de_Primera_División_2019-20_(Argentina)
2019-10-29,21:20,River Plate,Colón,2,1,,,Primera Division,2019,zonas,,Fecha 11,Monumental,false,https://es.wikipedia.org/wiki/Campeonato_de_Primera_División_2019-20_(Argentina)
2019-10-30,15:00,Argentinos Juniors,Talleres (C),1,0,,,Primera Division,2019,zonas,,Fecha 11,Diego Armando Maradona,false,https://es.wikipedia.org/wiki/Campeonato_de_Primera_División_2019-20_(Argentina)
2019-10-30,17:00,San Lorenzo,Defensa y Justicia,1,3,,,Primera Division,2019,zonas,,Fecha 11,Nuevo Gasómetro,false,https://es.wikipedia.org/wiki/Campeonato_de_Primera_División_2019-20_(Argentina)
2019-10-30,19:10,Unión,Independiente,2,2,,,Primera Division,2019,zonas,,Fecha 11,15 de Abril,false,https://es.wikipedia.org/wiki/Campeonato_de_Primera_División_2019-20_(Argentina)
2019-10-30,20:00,Sportivo Las Parejas,Defensores de Pronunciamiento,0,0,,,Torneo Federal A,2019,zonas,Etapa clasificatoria,Fecha 10,4 de Septiembre,false,https://es.wikipedia.org/wiki/Torneo_Federal_A_2019-20
2019-10-30,21:20,Racing Club,Banfield,0,0,,,Primera Division,2019,zonas,,Fecha 11,El Cilindro,false,https://es.wikipedia.org/wiki/Campeonato_de_Primera_División_2019-20_(Argentina)
2019-10-31,17:00,Arsenal,Central Córdoba (SdE),2,2,,,Primera Division,2019,zonas,,Fecha 11,El Viaducto,false,https://es.wikipedia.org/wiki/Campeonato_de_Primera_División_2019-20_(Argentina)
2019-10-31,19:10,Vélez Sarsfield,Huracán,0,0,,,Primera Division,2019,zonas,,Fecha 11,José Amalfitani,false,https://es.wikipedia.org/wiki/Campeonato_de_Primera_División_2019-20_(Argentina)
2019-10-31,21:00,Sportivo Estudiantes (SL),Olimpo,3,1,,,Torneo Federal A,2019,zonas,Etapa clasificatoria,Fecha 8,Héctor Odicino y Pedro Benoza,false,https://es.wikipedia.org/wiki/Torneo_Federal_A_2019-20
2019-10-31,21:20,Lanús,Boca Juniors,2,1,,,Primera Division,2019,zonas,,Fecha 11,Ciudad de Lanús,false,https://es.wikipedia.org/wiki/Campeonato_de_Primera_División_2019-20_(Argentina)
2019-11-01,15:30,Cañuelas,El Porvenir,3,0,,,Primera C,2019,zonas,Torneo Apertura,Fecha 14,José Alfredo Arín,false,https://es.wikipedia.org/wiki/Campeonato_de_Primera_C_2019-20_(Argentina)
2019-11-01,15:30,Victoriano Arenas,Ferrocarril Midland,3,2,,,Primera C,2019,zonas,Torneo Apertura,Fecha 14,Saturnino Moure,false,https://es.wikipedia.org/wiki/Campeonato_de_Primera_C_2019-20_(Argentina)
2019-11-01,21:00,Atlético de Rafaela,Almagro,3,1,,,Primera Nacional,2019,zonas,Zona B,Fecha 11,Nuevo Monumental,false,https://es.wikipedia.org/wiki/Campeonato_de_Primera_Nacional_2019-20
2019-11-01,21:30,San Martín (SJ),Ferro Carril Oeste,1,0,,,Primera Nacional,2019,zonas,Zona A,Fecha 11,Ingeniero Hilario Sánchez,false,https://es.wikipedia.org/wiki/Campeonato_de_Primera_Nacional_2019-20
2019-11-01,22:00,Central Norte (S),Crucero del Norte,1,0,,,Torneo Federal A,2019,zonas,Etapa clasificatoria,Fecha 10,El Gigante del Norte,false,https://es.wikipedia.org/wiki/Torneo_Federal_A_2019-20
2019-11-02,13:10,San Telmo,Los Andes,3,2,,,Primera B,2019,zonas,Torneo Apertura,Fecha 12,Dr. Osvaldo Baletto,false,https://es.wikipedia.org/wiki/Campeonato_de_Primera_B_2019-20_(Argentina)
2019-11-02,13:15,Colón,Atlético Tucumán,0,2,,,Primera Division,2019,zonas,,Fecha 12,Brigadier Estanislao López,false,https://es.wikipedia.org/wiki/Campeonato_de_Primera_División_2019-20_(Argentina)
2019-11-02,14:15,All Boys,San Martín (T),1,1,,,Primera Nacional,2019,zonas,Zona B,Fecha 11,Islas Malvinas,false,https://es.wikipedia.org/wiki/Campeonato_de_Primera_Nacional_2019-20
2019-11-02,15:10,Estudiantes (BA),Estudiantes (RC),0,1,,,Primera Nacional,2019,zonas,Zona A,Fecha 11,Ciudad de Caseros,false,https://es.wikipedia.org/wiki/Campeonato_de_Primera_Nacional_2019-20
2019-11-02,15:30,Brown de Adrogué,Chacarita Juniors,0,1,,,Primera Nacional,2019,zonas,Zona B,Fecha 11,Lorenzo Arandilla,false,https://es.wikipedia.org/wiki/Campeonato_de_Primera_Nacional_2019-20
2019-11-02,15:30,Deportivo Español,General Lamadrid,2,1,,,Primera C,2019,zonas,Torneo Apertura,Fecha 14,Nueva España,false,https://es.wikipedia.org/wiki/Campeonato_de_Primera_C_2019-20_(Argentina)
2019-11-02,15:30,Excursionistas,Berazategui,2,4,,,Primera C,2019,zonas,Torneo Apertura,Fecha 14,Excursionistas,false,https://es.wikipedia.org/wiki/Campeonato_de_Primera_C_2019-20_(Argentina)
2019-11-02,15:30,Flandria,Colegiales,4,2,,,Primera B,2019,zonas,Torneo Apertura,Fecha 12,Carlos V,false,https://es.wikipedia.org/wiki/Campeonato_de_Primera_B_2019-20_(Argentina)
2019-11-02,15:30,Gimnasia y Esgrima (LP),Estudiantes (LP),0,1,,,Primera Division,2019,zonas,,Fecha 12,Del Bosque,false,https://es.wikipedia.org/wiki/Campeonato_de_Primera_División_2019-20_(Argentina)
2019-11-02,15:30,Ituzaingó,Dock Sud,1,2,,,Primera C,2019,zonas,Torneo Apertura,Fecha 14,Carlos Alberto Sacaan,false,https://es.wikipedia.org/wiki/Campeonato_de_Primera_C_2019-20_(Argentina)
2019-11-02,15:30,Quilmes,Villa Dálmine,1,2,,,Primera Nacional,2019,zonas,Zona B,Fecha 11,Centenario,false,https://es.wikipedia.org/wiki/Campeonato_de_Primera_Nacional_2019-20
2019-11-02,15:30,Sportivo Italiano,Leandro N. Alem,4,2,,,Primera C,2019,zonas,Torneo Apertura,Fecha 14,República de Italia,false,https://es.wikipedia.org/wiki/Campeonato_de_Primera_C_2019-20_(Argentina)
2019-11-02,17:00,Agropecuario,Atlanta,2,2,,,Primera Nacional,2019,zonas,Zona A,Fecha 11,Ofelia Rosenzuaig,false,https://es.wikipedia.org/wiki/Campeonato_de_Primera_Nacional_2019-20
2019-11-02,17:00,Gimnasia y Esgrima (M),Ramón Santamarina,1,0,,,Primera Nacional,2019,zonas,Zona B,Fecha 11,Víctor Antonio Legrotaglie,false,https://es.wikipedia.org/wiki/Campeonato_de_Primera_Nacional_2019-20
2019-11-02,17:10,Belgrano,Nueva Chicago,1,1,,,Primera Nacional,2019,zonas,Zona A,Fecha 11,Gigante de Alberdi,false,https://es.wikipedia.org/wiki/Campeonato_de_Primera_Nacional_2019-20
2019-11-02,17:45,Rosario Central,Godoy Cruz,5,2,,,Primera Division,2019,zonas,,Fecha 12,Gigante de Arroyito,false,https://es.wikipedia.org/wiki/Campeonato_de_Primera_División_2019-20_(Argentina)
2019-11-02,19:30,Talleres (RdE),Defensores Unidos,1,0,,,Primera B,2019,zonas,Torneo Apertura,Fecha 12,Talleres,false,https://es.wikipedia.org/wiki/Campeonato_de_Primera_B_2019-20_(Argentina)
2019-11-02,20:00,Aldosivi,River Plate,1,2,,,Primera Division,2019,zonas,,Fecha 12,José María Minella,false,https://es.wikipedia.org/wiki/Campeonato_de_Primera_División_2019-20_(Argentina)
2019-11-02,21:00,Sarmiento (R),Boca Unidos,3,0,,,Torneo Federal A,2019,zonas,Etapa clasificatoria,Fecha 10,Centenario,false,https://es.wikipedia.org/wiki/Torneo_Federal_A_2019-20
2019-11-03,11:00,Boca Juniors,Arsenal,5,1,,,Primera Division,2019,zonas,,Fecha 12,La Bombonera,false,https://es.wikipedia.org/wiki/Campeonato_de_Primera_División_2019-20_(Argentina)
2019-11-03,13:15,Banfield,Unión,3,3,,,Primera Division,2019,zonas,,Fecha 12,Florencio Sola,false,https://es.wikipedia.org/wiki/Campeonato_de_Primera_División_2019-20_(Argentina)
2019-11-03,14:30,Almirante Brown,Villa San Carlos,1,0,,,Primera B,2019,zonas,Torneo Apertura,Fecha 12,Fragata Presidente Sarmiento,false,https://es.wikipedia.org/wiki/Campeonato_de_Primera_B_2019-20_(Argentina)
2019-11-03,15:10,Defensores de Belgrano,Sarmiento (J),3,0,,,Primera Nacional,2019,zonas,Zona B,Fecha 11,Juan Pasquale,false,https://es.wikipedia.org/wiki/Campeonato_de_Primera_Nacional_2019-20
2019-11-03,15:30,Barracas Central,Independiente Rivadavia,1,0,,,Primera Nacional,2019,zonas,Zona A,Fecha 11,Claudio Chiqui Tapia,false,https://es.wikipedia.org/wiki/Campeonato_de_Primera_Nacional_2019-20
2019-11-03,15:30,Deportivo Armenio,J. J. de Urquiza,2,0,,,Primera B,2019,zonas,Torneo Apertura,Fecha 12,Armenia,false,https://es.wikipedia.org/wiki/Campeonato_de_Primera_B_2019-20_(Argentina)
2019-11-03,15:30,Deportivo Madryn,Huracán Las Heras,0,0,,,Torneo Federal A,2019,zonas,Etapa clasificatoria,Fecha 10,Abel Sastre,false,https://es.wikipedia.org/wiki/Torneo_Federal_A_2019-20
2019-11-03,15:30,Fénix,Acassuso,0,1,,,Primera B,2019,zonas,Torneo Apertura,Fecha 12,José Manuel Moreno,false,https://es.wikipedia.org/wiki/Campeonato_de_Primera_B_2019-20_(Argentina)
2019-11-03,15:30,Luján,Deportivo Merlo,3,0,,,Primera C,2019,zonas,Torneo Apertura,Fecha 14,Municipal de la Ciudad de Luján,false,https://es.wikipedia.org/wiki/Campeonato_de_Primera_C_2019-20_(Argentina)
2019-11-03,15:30,Sacachispas,Comunicaciones,0,3,,,Primera B,2019,zonas,Torneo Apertura,Fecha 12,Beto Larrosa,false,https://es.wikipedia.org/wiki/Campeonato_de_Primera_B_2019-20_(Argentina)
2019-11-03,15:30,Talleres (C),Newell's Old Boys,1,0,,,Primera Division,2019,zonas,,Fecha 12,Mario Alberto Kempes,false,https://es.wikipedia.org/wiki/Campeonato_de_Primera_División_2019-20_(Argentina)
2019-11-03,15:30,Tristán Suárez,San Miguel,0,0,,,Primera B,2019,zonas,Torneo Apertura,Fecha 12,20 de Octubre,false,https://es.wikipedia.org/wiki/Campeonato_de_Primera_B_2019-20_(Argentina)
2019-11-03,15:30,UAI Urquiza,Argentino de Quilmes,1,1,,,Primera B,2019,zonas,Torneo Apertura,Fecha 12,Monumental de Villa Lynch,false,https://es.wikipedia.org/wiki/Campeonato_de_Primera_B_2019-20_(Argentina)
2019-11-03,16:00,Gimnasia y Esgrima (CdU),Sportivo Belgrano,2,1,,,Torneo Federal A,2019,zonas,Etapa clasificatoria,Fecha 10,Manuel y Ramón Núñez,false,https://es.wikipedia.org/wiki/Torneo_Federal_A_2019-20
2019-11-03,16:00,Sportivo Peñarol (C),Sol de Mayo (V),5,0,,,Torneo Federal A,2019,zonas,Etapa clasificatoria,Fecha 10,Ramón Pablo Rojas,false,https://es.wikipedia.org/wiki/Torneo_Federal_A_2019-20
2019-11-03,17:00,Gimnasia y Esgrima (J),Instituto,3,0,,,Primera Nacional,2019,zonas,Zona B,Fecha 11,23 de agosto,false,https://es.wikipedia.org/wiki/Campeonato_de_Primera_Nacional_2019-20
2019-11-03,17:00,Juventud Unida (G),Chaco For Ever,0,1,,,Torneo Federal A,2019,zonas,Etapa clasificatoria,Fecha 10,De los Eucaliptos,false,https://es.wikipedia.org/wiki/Torneo_Federal_A_2019-20
2019-11-03,17:00,San Martín (F),Douglas Haig,3,1,,,Torneo Federal A,2019,zonas,Etapa clasificatoria,Fecha 10,17 de Octubre,false,https://es.wikipedia.org/wiki/Torneo_Federal_A_2019-20
2019-11-03,17:00,Villa Mitre,Deportivo Camioneros,0,0,,,Torneo Federal A,2019,zonas,Etapa clasificatoria,Fecha 10,El Fortín,false,https://es.wikipedia.org/wiki/Torneo_Federal_A_2019-20
2019-11-03,17:30,Alvarado,Guillermo Brown,0,0,,,Primera Nacional,2019,zonas,Zona A,Fecha 11,José María Minella,false,https://es.wikipedia.org/wiki/Campeonato_de_Primera_Nacional_2019-20
2019-11-03,17:30,Deportivo Maipú,Círculo Deportivo,2,2,,,Torneo Federal A,2019,zonas,Etapa clasificatoria,Fecha 10,Omar Higinio Sperdutti,false,https://es.wikipedia.org/wiki/Torneo_Federal_A_2019-20
2019-11-03,17:45,Patronato,Racing Club,1,1,,,Primera Division,2019,zonas,,Fecha 12,Presbítero Bartolomé Grella,false,https://es.wikipedia.org/wiki/Campeonato_de_Primera_División_2019-20_(Argentina)
2019-11-03,18:00,Defensores de Belgrano (VR),Unión (S),0,0,,,Torneo Federal A,2019,zonas,Etapa clasificatoria,Fecha 10,Salomón Boeseldín,false,https://es.wikipedia.org/wiki/Torneo_Federal_A_2019-20
2019-11-03,19:00,Cipolletti,Juventud Unida Universitario,1,1,,,Torneo Federal A,2019,zonas,Etapa clasificatoria,Fecha 10,La Visera de Cemento,false,https://es.wikipedia.org/wiki/Torneo_Federal_A_2019-20
2019-11-03,19:30,Ferro Carril Oeste (GP),Desamparados,0,0,,,Torneo Federal A,2019,zonas,Etapa clasificatoria,Fecha 10,El Coloso del Barrio Talleres,false,https://es.wikipedia.org/wiki/Torneo_Federal_A_2019-20
2019-11-03,20:00,Independiente,San Lorenzo,2,1,,,Primera Division,2019,zonas,,Fecha 12,Libertadores de América,false,https://es.wikipedia.org/wiki/Campeonato_de_Primera_División_2019-20_(Argentina)
2019-11-03,21:00,Mitre (SdE),Temperley,0,1,,,Primera Nacional,2019,zonas,Zona A,Fecha 11,Doctores José y Antonio Castiglione,false,https://es.wikipedia.org/wiki/Campeonato_de_Primera_Nacional_2019-20
2019-11-04,15:30,San Martín (B),Deportivo Laferrere,1,2,,,Primera C,2019,zonas,Torneo Apertura,Fecha 14,Francisco Boga,false,https://es.wikipedia.org/wiki/Campeonato_de_Primera_C_2019-20_(Argentina)
2019-11-04,19:00,Defensa y Justicia,Argentinos Juniors,0,0,,,Primera Division,2019,zonas,,Fecha 12,Norberto Tomaghello,false,https://es.wikipedia.org/wiki/Campeonato_de_Primera_División_2019-20_(Argentina)
2019-11-04,21:00,Sportivo Estudiantes (SL),Sansinena,1,0,,,Torneo Federal A,2019,zonas,Etapa clasificatoria,Fecha 10,Héctor Odicino y Pedro Benoza,false,https://es.wikipedia.org/wiki/Torneo_Federal_A_2019-20
2019-11-04,21:10,Central Córdoba (SdE),Vélez Sarsfield,0,0,,,Primera Division,2019,zonas,,Fecha 12,Alfredo Terrera,false,https://es.wikipedia.org/wiki/Campeonato_de_Primera_División_2019-20_(Argentina)
2019-11-04,21:10,Deportivo Morón,Platense,0,1,,,Primera Nacional,2019,zonas,Zona A,Fecha 11,Nuevo Francisco Urbano,false,https://es.wikipedia.org/wiki/Campeonato_de_Primera_Nacional_2019-20
2019-11-04,21:10,Huracán,Lanús,0,1,,,Primera Division,2019,zonas,,Fecha 12,Tomás A. Ducó,false,https://es.wikipedia.org/wiki/Campeonato_de_Primera_División_2019-20_(Argentina)
2019-11-05,21:10,Tigre,Deportivo Riestra,0,0,,,Primera Nacional,2019,zonas,Zona B,Fecha 11,Monumental de Victoria,false,https://es.wikipedia.org/wiki/Campeonato_de_Primera_Nacional_2019-20
2019-11-08,19:00,Estudiantes (LP),Talleres (C),1,0,,,Primera Division,2019,zonas,,Fecha 13,Ciudad de La Plata,false,https://es.wikipedia.org/wiki/Campeonato_de_Primera_División_2019-20_(Argentina)
2019-11-08,21:10,Sarmiento (J),Quilmes,3,1,,,Primera Nacional,2019,zonas,Zona B,Fecha 12,Eva Perón,false,https://es.wikipedia.org/wiki/Campeonato_de_Primera_Nacional_2019-20
2019-11-08,21:10,Unión,Atlético Tucumán,0,1,,,Primera Division,2019,zonas,,Fecha 13,15 de Abril,false,https://es.wikipedia.org/wiki/Campeonato_de_Primera_División_2019-20_(Argentina)
2019-11-08,21:30,Estudiantes (RC),San Martín (SJ),0,1,,,Primera Nacional,2019,zonas,Zona A,Fecha 12,Antonio Candini,false,https://es.wikipedia.org/wiki/Campeonato_de_Primera_Nacional_2019-20
2019-11-09,11:00,Dock Sud,Deportivo Español,0,0,,,Primera C,2019,zonas,Torneo Apertura,Fecha 15,De los Inmigrantes,false,https://es.wikipedia.org/wiki/Campeonato_de_Primera_C_2019-20_(Argentina)
2019-11-09,13:10,Nueva Chicago,Estudiantes (BA),2,1,,,Primera Nacional,2019,zonas,Zona A,Fecha 12,Nueva Chicago,false,https://es.wikipedia.org/wiki/Campeonato_de_Primera_Nacional_2019-20
2019-11-09,15:30,Almagro,All Boys,1,0,,,Primera Nacional,2019,zonas,Zona B,Fecha 12,Tres de Febrero,false,https://es.wikipedia.org/wiki/Campeonato_de_Primera_Nacional_2019-20
2019-11-09,15:30,Argentino de Quilmes,Fénix,0,3,,,Primera B,2019,zonas,Torneo Apertura,Fecha 13,Argentino de Quilmes,false,https://es.wikipedia.org/wiki/Campeonato_de_Primera_B_2019-20_(Argentina)
2019-11-09,15:30,Central Córdoba (R),Excursionistas,2,2,,,Primera C,2019,zonas,Torneo Apertura,Fecha 15,Gabino Sosa,false,https://es.wikipedia.org/wiki/Campeonato_de_Primera_C_2019-20_(Argentina)
2019-11-09,15:30,Comunicaciones,Tristán Suárez,3,1,,,Primera B,2019,zonas,Torneo Apertura,Fecha 13,Alfredo Ramos,false,https://es.wikipedia.org/wiki/Campeonato_de_Primera_B_2019-20_(Argentina)
2019-11-09,15:30,Deportivo Merlo,San Martín (B),0,0,,,Primera C,2019,zonas,Torneo Apertura,Fecha 15,José Manuel Moreno,false,https://es.wikipedia.org/wiki/Campeonato_de_Primera_C_2019-20_(Argentina)
2019-11-09,15:30,Lanús,Banfield,0,1,,,Primera Division,2019,zonas,,Fecha 13,Ciudad de Lanús,false,https://es.wikipedia.org/wiki/Campeonato_de_Primera_División_2019-20_(Argentina)
2019-11-09,15:30,San Miguel,Deportivo Armenio,1,1,,,Primera B,2019,zonas,Torneo Apertura,Fecha 13,Malvinas Argentinas,false,https://es.wikipedia.org/wiki/Campeonato_de_Primera_B_2019-20_(Argentina)
2019-11-09,15:30,Villa Dálmine,Atlético de Rafaela,0,0,,,Primera Nacional,2019,zonas,Zona B,Fecha 12,El Coliseo de Mitre y Puccini,false,https://es.wikipedia.org/wiki/Campeonato_de_Primera_Nacional_2019-20
2019-11-09,16:00,Ferro Carril Oeste,Agropecuario,0,1,,,Primera Nacional,2019,zonas,Zona A,Fecha 12,Arquitecto Ricardo Etcheverri,false,https://es.wikipedia.org/wiki/Campeonato_de_Primera_Nacional_2019-20
2019-11-09,17:00,Crucero del Norte,Juventud Unida (G),2,2,,,Torneo Federal A,2019,zonas,Etapa clasificatoria,Fecha 11,Comandante Andrés Guacurarí,false,https://es.wikipedia.org/wiki/Torneo_Federal_A_2019-20
2019-11-09,17:00,Juventud Unida Universitario,Ferro Carril Oeste (GP),1,1,,,Torneo Federal A,2019,zonas,Etapa clasificatoria,Fecha 11,Mario Sebastián Diez,false,https://es.wikipedia.org/wiki/Torneo_Federal_A_2019-20
2019-11-09,17:45,San Lorenzo,Argentinos Juniors,3,0,,,Primera Division,2019,zonas,,Fecha 13,Nuevo Gasómetro,false,https://es.wikipedia.org/wiki/Campeonato_de_Primera_División_2019-20_(Argentina)
2019-11-09,19:00,Instituto,Ramón Santamarina,2,0,,,Primera Nacional,2019,zonas,Zona B,Fecha 12,Juan Domingo Perón,false,https://es.wikipedia.org/wiki/Campeonato_de_Primera_Nacional_2019-20
2019-11-09,20:00,Alvarado,Mitre (SdE),2,0,,,Primera Nacional,2019,zonas,Zona A,Fecha 12,José María Minella,false,https://es.wikipedia.org/wiki/Campeonato_de_Primera_Nacional_2019-20
2019-11-09,20:00,Godoy Cruz,Independiente,1,2,,,Primera Division,2019,zonas,,Fecha 13,Malvinas Argentinas,false,https://es.wikipedia.org/wiki/Campeonato_de_Primera_División_2019-20_(Argentina)
2019-11-09,20:10,Platense,Temperley,0,1,,,Primera Nacional,2019,zonas,Zona A,Fecha 12,Ciudad de Vicente López,false,https://es.wikipedia.org/wiki/Campeonato_de_Primera_Nacional_2019-20
2019-11-09,21:10,Central Córdoba (SdE),Patronato,3,2,,,Primera Division,2019,zonas,,Fecha 13,Alfredo Terrera,false,https://es.wikipedia.org/wiki/Campeonato_de_Primera_División_2019-20_(Argentina)
2019-11-10,11:00,River Plate,Rosario Central,0,1,,,Primera Division,2019,zonas,,Fecha 13,Monumental,false,https://es.wikipedia.org/wiki/Campeonato_de_Primera_División_2019-20_(Argentina)
2019-11-10,12:00,Berazategui,Victoriano Arenas,1,0,,,Primera C,2019,zonas,Torneo Apertura,Fecha 15,Norman Lee,false,https://es.wikipedia.org/wiki/Campeonato_de_Primera_C_2019-20_(Argentina)
2019-11-10,13:15,Aldosivi,Gimnasia y Esgrima (LP),0,3,,,Primera Division,2019,zonas,,Fecha 13,José María Minella,false,https://es.wikipedia.org/wiki/Campeonato_de_Primera_División_2019-20_(Argentina)
2019-11-10,13:35,Acassuso,Almirante Brown,0,1,,,Primera B,2019,zonas,Torneo Apertura,Fecha 13,Armenia,false,https://es.wikipedia.org/wiki/Campeonato_de_Primera_B_2019-20_(Argentina)
2019-11-10,14:30,Atlanta,Barracas Central,1,1,,,Primera Nacional,2019,zonas,Zona A,Fecha 12,Don León Kolbowsky,false,https://es.wikipedia.org/wiki/Campeonato_de_Primera_Nacional_2019-20
2019-11-10,15:30,Brown de Adrogué,Gimnasia y Esgrima (M),1,1,,,Primera Nacional,2019,zonas,Zona B,Fecha 12,Lorenzo Arandilla,false,https://es.wikipedia.org/wiki/Campeonato_de_Primera_Nacional_2019-20
2019-11-10,15:30,Colegiales,Talleres (RdE),1,3,,,Primera B,2019,zonas,Torneo Apertura,Fecha 13,Colegiales,false,https://es.wikipedia.org/wiki/Campeonato_de_Primera_B_2019-20_(Argentina)
2019-11-10,15:30,Defensores Unidos,UAI Urquiza,2,0,,,Primera B,2019,zonas,Torneo Apertura,Fecha 13,Mario Losinno,false,https://es.wikipedia.org/wiki/Campeonato_de_Primera_B_2019-20_(Argentina)
2019-11-10,15:30,Deportivo Laferrere,Real Pilar,1,1,,,Primera C,2019,zonas,Torneo Apertura,Fecha 15,Ciudad de Laferrere,false,https://es.wikipedia.org/wiki/Campeonato_de_Primera_C_2019-20_(Argentina)
2019-11-10,15:30,Ferrocarril Midland,Ituzaingó,0,1,,,Primera C,2019,zonas,Torneo Apertura,Fecha 15,Ciudad de Libertad,false,https://es.wikipedia.org/wiki/Campeonato_de_Primera_C_2019-20_(Argentina)
2019-11-10,15:30,General Lamadrid,Cañuelas,0,1,,,Primera C,2019,zonas,Torneo Apertura,Fecha 15,Enrique Sexto,false,https://es.wikipedia.org/wiki/Campeonato_de_Primera_C_2019-20_(Argentina)
2019-11-10,15:30,J. J. de Urquiza,San Telmo,3,0,,,Primera B,2019,zonas,Torneo Apertura,Fecha 13,Ramón Roque Martín,false,https://es.wikipedia.org/wiki/Campeonato_de_Primera_B_2019-20_(Argentina)
2019-11-10,15:30,Newell's Old Boys,Defensa y Justicia,2,0,,,Primera Division,2019,zonas,,Fecha 13,Marcelo Bielsa,false,https://es.wikipedia.org/wiki/Campeonato_de_Primera_División_2019-20_(Argentina)
2019-11-10,15:30,Villa San Carlos,Sacachispas,2,1,,,Primera B,2019,zonas,Torneo Apertura,Fecha 13,Genacio Sálice,false,https://es.wikipedia.org/wiki/Campeonato_de_Primera_B_2019-20_(Argentina)
2019-11-10,15:45,Guillermo Brown,Belgrano,2,1,,,Primera Nacional,2019,zonas,Zona A,Fecha 12,Raúl Conti,false,https://es.wikipedia.org/wiki/Campeonato_de_Primera_Nacional_2019-20
2019-11-10,16:00,Círculo Deportivo,Cipolletti,0,0,,,Torneo Federal A,2019,zonas,Etapa clasificatoria,Fecha 11,Guillermo Trama,false,https://es.wikipedia.org/wiki/Torneo_Federal_A_2019-20
2019-11-10,16:00,Defensores de Pronunciamiento,Güemes (SdE),1,1,,,Torneo Federal A,2019,zonas,Etapa clasificatoria,Fecha 11,Delio Cardozo,false,https://es.wikipedia.org/wiki/Torneo_Federal_A_2019-20
2019-11-10,16:00,Sansinena,Deportivo Madryn,1,0,,,Torneo Federal A,2019,zonas,Etapa clasificatoria,Fecha 11,Luis Molina,false,https://es.wikipedia.org/wiki/Torneo_Federal_A_2019-20
2019-11-10,16:00,Sol de Mayo (V),Sportivo Estudiantes (SL),2,0,,,Torneo Federal A,2019,zonas,Etapa clasificatoria,Fecha 11,Sol de Mayo,false,https://es.wikipedia.org/wiki/Torneo_Federal_A_2019-20
2019-11-10,17:00,Deportivo Camioneros,Deportivo Maipú,0,1,,,Torneo Federal A,2019,zonas,Etapa clasificatoria,Fecha 11,Hugo Moyano,false,https://es.wikipedia.org/wiki/Torneo_Federal_A_2019-20
2019-11-10,17:00,Huracán Las Heras,Olimpo,3,1,,,Torneo Federal A,2019,zonas,Etapa clasificatoria,Fecha 11,General San Martín,false,https://es.wikipedia.org/wiki/Torneo_Federal_A_2019-20
2019-11-10,17:00,Sportivo Belgrano,Defensores de Belgrano (VR),1,1,,,Torneo Federal A,2019,zonas,Etapa clasificatoria,Fecha 11,Oscar Carlos Boero,false,https://es.wikipedia.org/wiki/Torneo_Federal_A_2019-20
2019-11-10,17:30,Douglas Haig,Sportivo Las Parejas,1,1,,,Torneo Federal A,2019,zonas,Etapa clasificatoria,Fecha 11,Miguel Morales,false,https://es.wikipedia.org/wiki/Torneo_Federal_A_2019-20
2019-11-10,17:45,Racing Club,Huracán,1,0,,,Primera Division,2019,zonas,,Fecha 13,El Cilindro,false,https://es.wikipedia.org/wiki/Campeonato_de_Primera_División_2019-20_(Argentina)
2019-11-10,18:00,Independiente Rivadavia,Deportivo Morón,2,1,,,Primera Nacional,2019,zonas,Zona A,Fecha 12,Bautista Gargantini,false,https://es.wikipedia.org/wiki/Campeonato_de_Primera_Nacional_2019-20
2019-11-10,18:00,San Martín (T),Gimnasia y Esgrima (J),2,0,,,Primera Nacional,2019,zonas,Zona B,Fecha 12,La Ciudadela,false,https://es.wikipedia.org/wiki/Campeonato_de_Primera_Nacional_2019-20
2019-11-10,18:00,Unión (S),Central Norte (S),1,2,,,Torneo Federal A,2019,zonas,Etapa clasificatoria,Fecha 11,De la Avenida,false,https://es.wikipedia.org/wiki/Torneo_Federal_A_2019-20
2019-11-10,19:00,Desamparados,Sportivo Peñarol (C),0,2,,,Torneo Federal A,2019,zonas,Etapa clasificatoria,Fecha 11,El Serpentario,false,https://es.wikipedia.org/wiki/Torneo_Federal_A_2019-20
2019-11-10,20:00,Boca Unidos,San Martín (F),1,1,,,Torneo Federal A,2019,zonas,Etapa clasificatoria,Fecha 11,Leoncio Benítez,false,https://es.wikipedia.org/wiki/Torneo_Federal_A_2019-20
2019-11-10,20:00,Vélez Sarsfield,Boca Juniors,0,0,,,Primera Division,2019,zonas,,Fecha 13,José Amalfitani,false,https://es.wikipedia.org/wiki/Campeonato_de_Primera_División_2019-20_(Argentina)
2019-11-11,15:30,Deportivo Riestra,Defensores de Belgrano,0,0,,,Primera Nacional,2019,zonas,Zona B,Fecha 12,Guillermo Laza,false,https://es.wikipedia.org/wiki/Campeonato_de_Primera_Nacional_2019-20
2019-11-11,15:30,El Porvenir,Sportivo Italiano,0,1,,,Primera C,2019,zonas,Torneo Apertura,Fecha 15,Gildo Francisco Ghersinich,false,https://es.wikipedia.org/wiki/Campeonato_de_Primera_C_2019-20_(Argentina)
2019-11-11,15:30,Leandro N. Alem,Argentino de Merlo,2,1,,,Primera C,2019,zonas,Torneo Apertura,Fecha 15,Leandro N. Alem,false,https://es.wikipedia.org/wiki/Campeonato_de_Primera_C_2019-20_(Argentina)
2019-11-11,18:15,Chacarita Juniors,Tigre,0,3,,,Primera Nacional,2019,zonas,Zona B,Fecha 12,Chacarita Juniors,false,https://es.wikipedia.org/wiki/Campeonato_de_Primera_Nacional_2019-20
2019-11-11,21:10,Los Andes,Flandria,2,2,,,Primera B,2019,zonas,Torneo Apertura,Fecha 13,Eduardo Gallardón,false,https://es.wikipedia.org/wiki/Campeonato_de_Primera_B_2019-20_(Argentina)
2019-11-11,21:30,Chaco For Ever,Sarmiento (R),3,0,,,Torneo Federal A,2019,zonas,Etapa clasificatoria,Fecha 11,Juan Alberto García,false,https://es.wikipedia.org/wiki/Torneo_Federal_A_2019-20
2019-11-14,,Central Córdoba (SdE),Lanús,1,0,,,Copa Argentina,2019,eliminacion,,Semifinales,Carlos Augusto Mercado Luna,true,https://es.wikipedia.org/wiki/Copa_Argentina_2018-19
2019-11-15,20:00,Belgrano,Alvarado,2,2,,,Primera Nacional,2019,zonas,Zona A,Fecha 13,Gigante de Alberdi,false,https://es.wikipedia.org/wiki/Campeonato_de_Primera_Nacional_2019-20
2019-11-15,21:30,Deportivo Maipú,Villa Mitre,1,1,,,Torneo Federal A,2019,zonas,Etapa clasificatoria,Fecha 12,Omar Higinio Sperdutti,false,https://es.wikipedia.org/wiki/Torneo_Federal_A_2019-20
2019-11-15,21:30,Gimnasia y Esgrima (J),Almagro,0,0,,,Primera Nacional,2019,zonas,Zona B,Fecha 13,23 de agosto,false,https://es.wikipedia.org/wiki/Campeonato_de_Primera_Nacional_2019-20
2019-11-15,21:30,San Martín (SJ),Nueva Chicago,1,0,,,Primera Nacional,2019,zonas,Zona A,Fecha 13,Ingeniero Hilario Sánchez,false,https://es.wikipedia.org/wiki/Campeonato_de_Primera_Nacional_2019-20
2019-11-16,17:00,All Boys,Villa Dálmine,0,1,,,Primera Nacional,2019,zonas,Zona B,Fecha 13,Islas Malvinas,false,https://es.wikipedia.org/wiki/Campeonato_de_Primera_Nacional_2019-20
2019-11-16,17:00,Deportivo Español,Ferrocarril Midland,1,1,,,Primera C,2019,zonas,Torneo Apertura,Fecha 16,Nueva España,false,https://es.wikipedia.org/wiki/Campeonato_de_Primera_C_2019-20_(Argentina)
2019-11-16,17:00,Deportivo Madryn,Sol de Mayo (V),2,0,,,Torneo Federal A,2019,zonas,Etapa clasificatoria,Fecha 12,Abel Sastre,false,https://es.wikipedia.org/wiki/Torneo_Federal_A_2019-20
2019-11-16,17:00,Flandria,J. J. de Urquiza,1,3,,,Primera B,2019,zonas,Torneo Apertura,Fecha 14,Carlos V,false,https://es.wikipedia.org/wiki/Campeonato_de_Primera_B_2019-20_(Argentina)
2019-11-16,17:00,Fénix,Defensores Unidos,0,0,,,Primera B,2019,zonas,Torneo Apertura,Fecha 14,José Manuel Moreno,false,https://es.wikipedia.org/wiki/Campeonato_de_Primera_B_2019-20_(Argentina)
2019-11-16,17:00,Ituzaingó,Berazategui,1,1,,,Primera C,2019,zonas,Torneo Apertura,Fecha 16,Carlos Alberto Sacaan,false,https://es.wikipedia.org/wiki/Campeonato_de_Primera_C_2019-20_(Argentina)
2019-11-16,17:00,Los Andes,Colegiales,1,0,,,Primera B,2019,zonas,Torneo Apertura,Fecha 14,Eduardo Gallardón,false,https://es.wikipedia.org/wiki/Campeonato_de_Primera_B_2019-20_(Argentina)
2019-11-16,17:00,Quilmes,Deportivo Riestra,1,1,,,Primera Nacional,2019,zonas,Zona B,Fecha 13,Centenario,false,https://es.wikipedia.org/wiki/Campeonato_de_Primera_Nacional_2019-20
2019-11-16,17:00,Tristán Suárez,Villa San Carlos,0,1,,,Primera B,2019,zonas,Torneo Apertura,Fecha 14,20 de Octubre,false,https://es.wikipedia.org/wiki/Campeonato_de_Primera_B_2019-20_(Argentina)
2019-11-16,17:10,Defensores de Belgrano,Chacarita Juniors,2,1,,,Primera Nacional,2019,zonas,Zona B,Fecha 13,Juan Pasquale,false,https://es.wikipedia.org/wiki/Campeonato_de_Primera_Nacional_2019-20
2019-11-16,18:00,Agropecuario,Estudiantes (RC),1,2,,,Primera Nacional,2019,zonas,Zona A,Fecha 13,Ofelia Rosenzuaig,false,https://es.wikipedia.org/wiki/Campeonato_de_Primera_Nacional_2019-20
2019-11-16,19:10,Atlético de Rafaela,Sarmiento (J),1,1,,,Primera Nacional,2019,zonas,Zona B,Fecha 13,Nuevo Monumental,false,https://es.wikipedia.org/wiki/Campeonato_de_Primera_Nacional_2019-20
2019-11-17,17:00,Deportivo Armenio,Comunicaciones,2,1,,,Primera B,2019,zonas,Torneo Apertura,Fecha 14,Armenia,false,https://es.wikipedia.org/wiki/Campeonato_de_Primera_B_2019-20_(Argentina)
2019-11-17,17:00,Excursionistas,Deportivo Laferrere,1,2,,,Primera C,2019,zonas,Torneo Apertura,Fecha 16,Excursionistas,false,https://es.wikipedia.org/wiki/Campeonato_de_Primera_C_2019-20_(Argentina)
2019-11-17,17:00,Juventud Unida (G),Unión (S),1,1,,,Torneo Federal A,2019,zonas,Etapa clasificatoria,Fecha 12,De los Eucaliptos,false,https://es.wikipedia.org/wiki/Torneo_Federal_A_2019-20
2019-11-17,17:00,Olimpo,Sansinena,0,1,,,Torneo Federal A,2019,zonas,Etapa clasificatoria,Fecha 12,Roberto Natalio Carminatti,false,https://es.wikipedia.org/wiki/Torneo_Federal_A_2019-20
2019-11-17,17:00,Real Pilar,Deportivo Merlo,2,0,,,Primera C,2019,zonas,Torneo Apertura,Fecha 16,Carlos Barraza,false,https://es.wikipedia.org/wiki/Campeonato_de_Primera_C_2019-20_(Argentina)
2019-11-17,17:00,Sacachispas,Acassuso,0,0,,,Primera B,2019,zonas,Torneo Apertura,Fecha 14,Beto Larrosa,false,https://es.wikipedia.org/wiki/Campeonato_de_Primera_B_2019-20_(Argentina)
2019-11-17,17:00,San Martín (B),Luján,3,1,,,Primera C,2019,zonas,Torneo Apertura,Fecha 16,Francisco Boga,false,https://es.wikipedia.org/wiki/Campeonato_de_Primera_C_2019-20_(Argentina)
2019-11-17,17:00,San Martín (F),Chaco For Ever,1,0,,,Torneo Federal A,2019,zonas,Etapa clasificatoria,Fecha 12,17 de Octubre,false,https://es.wikipedia.org/wiki/Torneo_Federal_A_2019-20
2019-11-17,17:00,San Telmo,San Miguel,1,2,,,Primera B,2019,zonas,Torneo Apertura,Fecha 14,Dr. Osvaldo Baletto,false,https://es.wikipedia.org/wiki/Campeonato_de_Primera_B_2019-20_(Argentina)
2019-11-17,17:00,Sportivo Peñarol (C),Juventud Unida Universitario,1,0,,,Torneo Federal A,2019,zonas,Etapa clasificatoria,Fecha 12,Ramón Pablo Rojas,false,https://es.wikipedia.org/wiki/Torneo_Federal_A_2019-20
2019-11-17,17:00,UAI Urquiza,Talleres (RdE),0,1,,,Primera B,2019,zonas,Torneo Apertura,Fecha 14,Monumental de Villa Lynch,false,https://es.wikipedia.org/wiki/Campeonato_de_Primera_B_2019-20_(Argentina)
2019-11-17,17:10,Almirante Brown,Argentino de Quilmes,1,0,,,Primera B,2019,zonas,Torneo Apertura,Fecha 14,Fragata Presidente Sarmiento,false,https://es.wikipedia.org/wiki/Campeonato_de_Primera_B_2019-20_(Argentina)
2019-11-17,17:30,Gimnasia y Esgrima (M),Instituto,2,1,,,Primera Nacional,2019,zonas,Zona B,Fecha 13,Víctor Antonio Legrotaglie,false,https://es.wikipedia.org/wiki/Campeonato_de_Primera_Nacional_2019-20
2019-11-17,18:00,Cipolletti,Deportivo Camioneros,2,1,,,Torneo Federal A,2019,zonas,Etapa clasificatoria,Fecha 12,La Visera de Cemento,false,https://es.wikipedia.org/wiki/Torneo_Federal_A_2019-20
2019-11-17,18:00,Defensores de Belgrano (VR),Gimnasia y Esgrima (CdU),1,0,,,Torneo Federal A,2019,zonas,Etapa clasificatoria,Fecha 12,Salomón Boeseldín,false,https://es.wikipedia.org/wiki/Torneo_Federal_A_2019-20
2019-11-17,19:00,Güemes (SdE),Douglas Haig,3,1,,,Torneo Federal A,2019,zonas,Etapa clasificatoria,Fecha 12,Arturo Miranda,false,https://es.wikipedia.org/wiki/Torneo_Federal_A_2019-20
2019-11-17,19:15,Tigre,Brown de Adrogué,1,2,,,Primera Nacional,2019,zonas,Zona B,Fecha 13,Monumental de Victoria,false,https://es.wikipedia.org/wiki/Campeonato_de_Primera_Nacional_2019-20
2019-11-17,19:30,Sarmiento (R),Crucero del Norte,2,2,,,Torneo Federal A,2019,zonas,Etapa clasificatoria,Fecha 12,Centenario,false,https://es.wikipedia.org/wiki/Torneo_Federal_A_2019-20
2019-11-17,20:00,Central Norte (S),Sportivo Belgrano,0,1,,,Torneo Federal A,2019,zonas,Etapa clasificatoria,Fecha 12,El Gigante del Norte,false,https://es.wikipedia.org/wiki/Torneo_Federal_A_2019-20
2019-11-17,20:00,Ferro Carril Oeste (GP),Círculo Deportivo,3,2,,,Torneo Federal A,2019,zonas,Etapa clasificatoria,Fecha 12,El Coloso del Barrio Talleres,false,https://es.wikipedia.org/wiki/Torneo_Federal_A_2019-20
2019-11-17,20:00,Sportivo Estudiantes (SL),Desamparados,0,1,,,Torneo Federal A,2019,zonas,Etapa clasificatoria,Fecha 12,Héctor Odicino y Pedro Benoza,false,https://es.wikipedia.org/wiki/Torneo_Federal_A_2019-20
2019-11-17,21:15,Temperley,Independiente Rivadavia,2,0,,,Primera Nacional,2019,zonas,Zona A,Fecha 13,Alfredo Beranger,false,https://es.wikipedia.org/wiki/Campeonato_de_Primera_Nacional_2019-20
2019-11-18,17:00,Argentino de Merlo,El Porvenir,3,0,,,Primera C,2019,zonas,Torneo Apertura,Fecha 16,Merlo,false,https://es.wikipedia.org/wiki/Campeonato_de_Primera_C_2019-20_(Argentina)
2019-11-18,17:00,Cañuelas,Dock Sud,1,2,,,Primera C,2019,zonas,Torneo Apertura,Fecha 16,José Alfredo Arín,false,https://es.wikipedia.org/wiki/Campeonato_de_Primera_C_2019-20_(Argentina)
2019-11-18,17:00,Sportivo Italiano,General Lamadrid,2,1,,,Primera C,2019,zonas,Torneo Apertura,Fecha 16,República de Italia,false,https://es.wikipedia.org/wiki/Campeonato_de_Primera_C_2019-20_(Argentina)
2019-11-18,17:00,Victoriano Arenas,Central Córdoba (R),1,0,,,Primera C,2019,zonas,Torneo Apertura,Fecha 16,Saturnino Moure,false,https://es.wikipedia.org/wiki/Campeonato_de_Primera_C_2019-20_(Argentina)
2019-11-18,20:30,Ramón Santamarina,San Martín (T),1,3,,,Primera Nacional,2019,zonas,Zona B,Fecha 13,Municipal General San Martín,false,https://es.wikipedia.org/wiki/Campeonato_de_Primera_Nacional_2019-20
2019-11-18,20:30,Sportivo Las Parejas,Boca Unidos,2,1,,,Torneo Federal A,2019,zonas,Etapa clasificatoria,Fecha 12,4 de Septiembre,false,https://es.wikipedia.org/wiki/Torneo_Federal_A_2019-20
2019-11-18,22:00,Mitre (SdE),Platense,0,1,,,Primera Nacional,2019,zonas,Zona A,Fecha 13,Doctores José y Antonio Castiglione,false,https://es.wikipedia.org/wiki/Campeonato_de_Primera_Nacional_2019-20
2019-11-19,17:00,Barracas Central,Ferro Carril Oeste,0,0,,,Primera Nacional,2019,zonas,Zona A,Fecha 13,Claudio Chiqui Tapia,false,https://es.wikipedia.org/wiki/Campeonato_de_Primera_Nacional_2019-20
2019-11-19,21:10,Deportivo Morón,Atlanta,1,0,,,Primera Nacional,2019,zonas,Zona A,Fecha 13,Nuevo Francisco Urbano,false,https://es.wikipedia.org/wiki/Campeonato_de_Primera_Nacional_2019-20
2019-11-20,21:00,Villa Mitre,Deportivo Madryn,0,2,,,Torneo Federal A,2019,zonas,Etapa clasificatoria,Fecha 2,El Fortín,false,https://es.wikipedia.org/wiki/Torneo_Federal_A_2019-20
2019-11-22,20:00,Deportivo Laferrere,Victoriano Arenas,0,1,,,Primera C,2019,zonas,Torneo Apertura,Fecha 17,Ciudad de Laferrere,false,https://es.wikipedia.org/wiki/Campeonato_de_Primera_C_2019-20_(Argentina)
2019-11-22,21:00,Sarmiento (J),All Boys,1,0,,,Primera Nacional,2019,zonas,Zona B,Fecha 14,Eva Perón,false,https://es.wikipedia.org/wiki/Campeonato_de_Primera_Nacional_2019-20
2019-11-23,17:00,Acassuso,Tristán Suárez,2,0,,,Primera B,2019,zonas,Torneo Apertura,Fecha 15,Armenia,false,https://es.wikipedia.org/wiki/Campeonato_de_Primera_B_2019-20_(Argentina)
2019-11-23,17:00,Almagro,Ramón Santamarina,1,0,,,Primera Nacional,2019,zonas,Zona B,Fecha 14,Tres de Febrero,false,https://es.wikipedia.org/wiki/Campeonato_de_Primera_Nacional_2019-20
2019-11-23,17:00,Brown de Adrogué,Defensores de Belgrano,0,0,,,Primera Nacional,2019,zonas,Zona B,Fecha 14,Lorenzo Arandilla,false,https://es.wikipedia.org/wiki/Campeonato_de_Primera_Nacional_2019-20
2019-11-23,17:00,Central Córdoba (R),Ituzaingó,2,1,,,Primera C,2019,zonas,Torneo Apertura,Fecha 17,Gabino Sosa,false,https://es.wikipedia.org/wiki/Campeonato_de_Primera_C_2019-20_(Argentina)
2019-11-23,17:00,Comunicaciones,San Telmo,1,0,,,Primera B,2019,zonas,Torneo Apertura,Fecha 15,Alfredo Ramos,false,https://es.wikipedia.org/wiki/Campeonato_de_Primera_B_2019-20_(Argentina)
2019-11-23,17:00,Defensores Unidos,Almirante Brown,2,2,,,Primera B,2019,zonas,Torneo Apertura,Fecha 15,Mario Losinno,false,https://es.wikipedia.org/wiki/Campeonato_de_Primera_B_2019-20_(Argentina)
2019-11-23,17:00,Deportivo Merlo,Excursionistas,3,0,,,Primera C,2019,zonas,Torneo Apertura,Fecha 17,José Manuel Moreno,false,https://es.wikipedia.org/wiki/Campeonato_de_Primera_C_2019-20_(Argentina)
2019-11-23,17:00,Deportivo Riestra,Atlético de Rafaela,1,0,,,Primera Nacional,2019,zonas,Zona B,Fecha 14,Guillermo Laza,false,https://es.wikipedia.org/wiki/Campeonato_de_Primera_Nacional_2019-20
2019-11-23,17:00,Nueva Chicago,Agropecuario,1,3,,,Primera Nacional,2019,zonas,Zona A,Fecha 14,Nueva Chicago,false,https://es.wikipedia.org/wiki/Campeonato_de_Primera_Nacional_2019-20
2019-11-23,17:00,Talleres (RdE),Fénix,2,1,,,Primera B,2019,zonas,Torneo Apertura,Fecha 15,Talleres,false,https://es.wikipedia.org/wiki/Campeonato_de_Primera_B_2019-20_(Argentina)
2019-11-23,17:00,Villa San Carlos,Deportivo Armenio,1,1,,,Primera B,2019,zonas,Torneo Apertura,Fecha 15,Genacio Sálice,false,https://es.wikipedia.org/wiki/Campeonato_de_Primera_B_2019-20_(Argentina)
2019-11-23,19:40,Defensa y Justicia,Lanús,2,0,,,Primera Division,2019,zonas,,Fecha 14,Norberto Tomaghello,false,https://es.wikipedia.org/wiki/Campeonato_de_Primera_División_2019-20_(Argentina)
2019-11-23,19:40,Huracán,Central Córdoba (SdE),1,1,,,Primera Division,2019,zonas,,Fecha 14,Tomás A. Ducó,false,https://es.wikipedia.org/wiki/Campeonato_de_Primera_División_2019-20_(Argentina)
2019-11-23,20:30,Alvarado,Estudiantes (BA),4,2,,,Primera Nacional,2019,zonas,Zona A,Fecha 14,José María Minella,false,https://es.wikipedia.org/wiki/Campeonato_de_Primera_Nacional_2019-20
2019-11-23,21:10,Belgrano,Mitre (SdE),1,1,,,Primera Nacional,2019,zonas,Zona A,Fecha 14,Gigante de Alberdi,false,https://es.wikipedia.org/wiki/Campeonato_de_Primera_Nacional_2019-20
2019-11-23,21:45,Atlético Tucumán,San Lorenzo,2,2,,,Primera Division,2019,zonas,,Fecha 14,Monumental José Fierro,false,https://es.wikipedia.org/wiki/Campeonato_de_Primera_División_2019-20_(Argentina)
2019-11-24,17:00,Argentino de Quilmes,Sacachispas,2,1,,,Primera B,2019,zonas,Torneo Apertura,Fecha 15,Argentino de Quilmes,false,https://es.wikipedia.org/wiki/Campeonato_de_Primera_B_2019-20_(Argentina)
2019-11-24,17:00,Colegiales,UAI Urquiza,0,1,,,Primera B,2019,zonas,Torneo Apertura,Fecha 15,Colegiales,false,https://es.wikipedia.org/wiki/Campeonato_de_Primera_B_2019-20_(Argentina)
2019-11-24,17:00,Círculo Deportivo,Sportivo Peñarol (C),2,1,,,Torneo Federal A,2019,zonas,Etapa clasificatoria,Fecha 13,Guillermo Trama,false,https://es.wikipedia.org/wiki/Torneo_Federal_A_2019-20
2019-11-24,17:00,Deportivo Camioneros,Ferro Carril Oeste (GP),1,1,,,Torneo Federal A,2019,zonas,Etapa clasificatoria,Fecha 13,Hugo Moyano,false,https://es.wikipedia.org/wiki/Torneo_Federal_A_2019-20
2019-11-24,17:00,Ferrocarril Midland,Cañuelas,1,2,,,Primera C,2019,zonas,Torneo Apertura,Fecha 17,Ciudad de Libertad,false,https://es.wikipedia.org/wiki/Campeonato_de_Primera_C_2019-20_(Argentina)
2019-11-24,17:00,General Lamadrid,Argentino de Merlo,1,1,,,Primera C,2019,zonas,Torneo Apertura,Fecha 17,Enrique Sexto,false,https://es.wikipedia.org/wiki/Campeonato_de_Primera_C_2019-20_(Argentina)
2019-11-24,17:00,Gimnasia y Esgrima (CdU),Central Norte (S),0,0,,,Torneo Federal A,2019,zonas,Etapa clasificatoria,Fecha 13,Manuel y Ramón Núñez,false,https://es.wikipedia.org/wiki/Torneo_Federal_A_2019-20
2019-11-24,17:00,Guillermo Brown,San Martín (SJ),0,0,,,Primera Nacional,2019,zonas,Zona A,Fecha 14,Raúl Conti,false,https://es.wikipedia.org/wiki/Campeonato_de_Primera_Nacional_2019-20
2019-11-24,17:00,J. J. de Urquiza,Los Andes,1,1,,,Primera B,2019,zonas,Torneo Apertura,Fecha 15,Ramón Roque Martín,false,https://es.wikipedia.org/wiki/Campeonato_de_Primera_B_2019-20_(Argentina)
2019-11-24,17:00,Sansinena,Huracán Las Heras,1,1,,,Torneo Federal A,2019,zonas,Etapa clasificatoria,Fecha 13,Luis Molina,false,https://es.wikipedia.org/wiki/Torneo_Federal_A_2019-20
2019-11-24,17:00,Sol de Mayo (V),Olimpo,1,0,,,Torneo Federal A,2019,zonas,Etapa clasificatoria,Fecha 13,Sol de Mayo,false,https://es.wikipedia.org/wiki/Torneo_Federal_A_2019-20
2019-11-24,17:00,Villa Dálmine,Gimnasia y Esgrima (J),0,1,,,Primera Nacional,2019,zonas,Zona B,Fecha 14,El Coliseo de Mitre y Puccini,false,https://es.wikipedia.org/wiki/Campeonato_de_Primera_Nacional_2019-20
2019-11-24,17:10,Boca Juniors,Unión,2,0,,,Primera Division,2019,zonas,,Fecha 14,La Bombonera,false,https://es.wikipedia.org/wiki/Campeonato_de_Primera_División_2019-20_(Argentina)
2019-11-24,17:30,Douglas Haig,Defensores de Pronunciamiento,1,1,,,Torneo Federal A,2019,zonas,Etapa clasificatoria,Fecha 13,Miguel Morales,false,https://es.wikipedia.org/wiki/Torneo_Federal_A_2019-20
2019-11-24,18:00,Crucero del Norte,San Martín (F),1,2,,,Torneo Federal A,2019,zonas,Etapa clasificatoria,Fecha 13,Comandante Andrés Guacurarí,false,https://es.wikipedia.org/wiki/Torneo_Federal_A_2019-20
2019-11-24,18:00,San Martín (T),Instituto,1,1,,,Primera Nacional,2019,zonas,Zona B,Fecha 14,La Ciudadela,false,https://es.wikipedia.org/wiki/Campeonato_de_Primera_Nacional_2019-20
2019-11-24,18:30,Unión (S),Sarmiento (R),0,0,,,Torneo Federal A,2019,zonas,Etapa clasificatoria,Fecha 13,De la Avenida,false,https://es.wikipedia.org/wiki/Torneo_Federal_A_2019-20
2019-11-24,19:00,Ferro Carril Oeste,Deportivo Morón,1,0,,,Primera Nacional,2019,zonas,Zona A,Fecha 14,Arquitecto Ricardo Etcheverri,false,https://es.wikipedia.org/wiki/Campeonato_de_Primera_Nacional_2019-20
2019-11-24,19:30,Chaco For Ever,Sportivo Las Parejas,1,0,,,Torneo Federal A,2019,zonas,Etapa clasificatoria,Fecha 13,Juan Alberto García,false,https://es.wikipedia.org/wiki/Torneo_Federal_A_2019-20
2019-11-24,19:30,Sportivo Belgrano,Juventud Unida (G),0,1,,,Torneo Federal A,2019,zonas,Etapa clasificatoria,Fecha 13,Oscar Carlos Boero,false,https://es.wikipedia.org/wiki/Torneo_Federal_A_2019-20
2019-11-24,19:40,Banfield,Vélez Sarsfield,1,0,,,Primera Division,2019,zonas,,Fecha 14,Florencio Sola,false,https://es.wikipedia.org/wiki/Campeonato_de_Primera_División_2019-20_(Argentina)
2019-11-24,19:40,Gimnasia y Esgrima (LP),Arsenal,0,1,,,Primera Division,2019,zonas,,Fecha 14,Del Bosque,false,https://es.wikipedia.org/wiki/Campeonato_de_Primera_División_2019-20_(Argentina)
2019-11-24,20:00,Boca Unidos,Güemes (SdE),2,1,,,Torneo Federal A,2019,zonas,Etapa clasificatoria,Fecha 13,Leoncio Benítez,false,https://es.wikipedia.org/wiki/Torneo_Federal_A_2019-20
2019-11-24,20:00,Desamparados,Deportivo Madryn,1,1,,,Torneo Federal A,2019,zonas,Etapa clasificatoria,Fecha 13,El Serpentario,false,https://es.wikipedia.org/wiki/Torneo_Federal_A_2019-20
2019-11-24,20:00,Independiente Rivadavia,Platense,4,1,,,Primera Nacional,2019,zonas,Zona A,Fecha 14,Bautista Gargantini,false,https://es.wikipedia.org/wiki/Campeonato_de_Primera_Nacional_2019-20
2019-11-24,20:30,Juventud Unida Universitario,Sportivo Estudiantes (SL),0,1,,,Torneo Federal A,2019,zonas,Etapa clasificatoria,Fecha 13,Mario Sebastián Diez,false,https://es.wikipedia.org/wiki/Torneo_Federal_A_2019-20
2019-11-24,21:45,Talleres (C),Racing Club,3,3,,,Primera Division,2019,zonas,,Fecha 14,Mario Alberto Kempes,false,https://es.wikipedia.org/wiki/Campeonato_de_Primera_División_2019-20_(Argentina)
2019-11-25,17:00,Berazategui,Deportivo Español,3,0,,,Primera C,2019,zonas,Torneo Apertura,Fecha 17,Norman Lee,false,https://es.wikipedia.org/wiki/Campeonato_de_Primera_C_2019-20_(Argentina)
2019-11-25,17:00,Dock Sud,Sportivo Italiano,4,0,,,Primera C,2019,zonas,Torneo Apertura,Fecha 17,De los Inmigrantes,false,https://es.wikipedia.org/wiki/Campeonato_de_Primera_C_2019-20_(Argentina)
2019-11-25,17:00,Luján,Real Pilar,0,2,,,Primera C,2019,zonas,Torneo Apertura,Fecha 17,Municipal de la Ciudad de Luján,false,https://es.wikipedia.org/wiki/Campeonato_de_Primera_C_2019-20_(Argentina)
2019-11-25,17:10,Estudiantes (RC),Barracas Central,0,0,,,Primera Nacional,2019,zonas,Zona A,Fecha 14,Antonio Candini,false,https://es.wikipedia.org/wiki/Campeonato_de_Primera_Nacional_2019-20
2019-11-25,19:00,Colón,Estudiantes (LP),3,2,,,Primera Division,2019,zonas,,Fecha 14,Brigadier Estanislao López,false,https://es.wikipedia.org/wiki/Campeonato_de_Primera_División_2019-20_(Argentina)
2019-11-25,19:00,Patronato,Godoy Cruz,0,2,,,Primera Division,2019,zonas,,Fecha 14,Presbítero Bartolomé Grella,false,https://es.wikipedia.org/wiki/Campeonato_de_Primera_División_2019-20_(Argentina)
2019-11-25,20:30,Villa Mitre,Cipolletti,1,0,,,Torneo Federal A,2019,zonas,Etapa clasificatoria,Fecha 13,El Fortín,false,https://es.wikipedia.org/wiki/Torneo_Federal_A_2019-20
2019-11-25,21:10,Argentinos Juniors,Newell's Old Boys,1,0,,,Primera Division,2019,zonas,,Fecha 14,Diego Armando Maradona,false,https://es.wikipedia.org/wiki/Campeonato_de_Primera_División_2019-20_(Argentina)
2019-11-25,21:10,Rosario Central,Aldosivi,5,1,,,Primera Division,2019,zonas,,Fecha 14,Gigante de Arroyito,false,https://es.wikipedia.org/wiki/Campeonato_de_Primera_División_2019-20_(Argentina)
2019-11-25,21:10,Tigre,Gimnasia y Esgrima (M),1,0,,,Primera Nacional,2019,zonas,Zona B,Fecha 14,Monumental de Victoria,false,https://es.wikipedia.org/wiki/Campeonato_de_Primera_Nacional_2019-20
2019-11-26,17:00,Chacarita Juniors,Quilmes,1,0,,,Primera Nacional,2019,zonas,Zona B,Fecha 14,Tres de Febrero,false,https://es.wikipedia.org/wiki/Campeonato_de_Primera_Nacional_2019-20
2019-11-26,17:00,El Porvenir,Leandro N. Alem,2,2,,,Primera C,2019,zonas,Torneo Apertura,Fecha 17,Gildo Francisco Ghersinich,false,https://es.wikipedia.org/wiki/Campeonato_de_Primera_C_2019-20_(Argentina)
2019-11-26,17:00,San Miguel,Flandria,0,0,,,Primera B,2019,zonas,Torneo Apertura,Fecha 15,Malvinas Argentinas,false,https://es.wikipedia.org/wiki/Campeonato_de_Primera_B_2019-20_(Argentina)
2019-11-26,21:10,Atlanta,Temperley,1,1,,,Primera Nacional,2019,zonas,Zona A,Fecha 14,Don León Kolbowsky,false,https://es.wikipedia.org/wiki/Campeonato_de_Primera_Nacional_2019-20
2019-11-27,22:00,Central Norte (S),Defensores de Belgrano (VR),1,1,,,Torneo Federal A,2019,zonas,Etapa clasificatoria,Fecha 14,Padre Ernesto Martearena,false,https://es.wikipedia.org/wiki/Torneo_Federal_A_2019-20
2019-11-29,19:00,Banfield,Gimnasia y Esgrima (LP),1,1,,,Primera Division,2019,zonas,,Fecha 15,Florencio Sola,false,https://es.wikipedia.org/wiki/Campeonato_de_Primera_División_2019-20_(Argentina)
2019-11-29,21:10,Gimnasia y Esgrima (J),Sarmiento (J),1,3,,,Primera Nacional,2019,zonas,Zona B,Fecha 15,23 de agosto,false,https://es.wikipedia.org/wiki/Campeonato_de_Primera_Nacional_2019-20
2019-11-29,21:10,Racing Club,Defensa y Justicia,1,1,,,Primera Division,2019,zonas,,Fecha 15,El Cilindro,false,https://es.wikipedia.org/wiki/Campeonato_de_Primera_División_2019-20_(Argentina)
2019-11-30,17:00,All Boys,Deportivo Riestra,2,0,,,Primera Nacional,2019,zonas,Zona B,Fecha 15,Islas Malvinas,false,https://es.wikipedia.org/wiki/Campeonato_de_Primera_Nacional_2019-20
2019-11-30,17:00,Argentino de Merlo,Dock Sud,2,0,,,Primera C,2019,zonas,Torneo Apertura,Fecha 18,Merlo,false,https://es.wikipedia.org/wiki/Campeonato_de_Primera_C_2019-20_(Argentina)
2019-11-30,17:00,Cañuelas,Berazategui,1,0,,,Primera C,2019,zonas,Torneo Apertura,Fecha 18,José Alfredo Arín,false,https://es.wikipedia.org/wiki/Campeonato_de_Primera_C_2019-20_(Argentina)
2019-11-30,17:00,Ituzaingó,Deportivo Laferrere,0,1,,,Primera C,2019,zonas,Torneo Apertura,Fecha 18,Carlos Alberto Sacaan,false,https://es.wikipedia.org/wiki/Campeonato_de_Primera_C_2019-20_(Argentina)
2019-11-30,17:00,Leandro N. Alem,General Lamadrid,1,2,,,Primera C,2019,zonas,Torneo Apertura,Fecha 18,Leandro N. Alem,false,https://es.wikipedia.org/wiki/Campeonato_de_Primera_C_2019-20_(Argentina)
2019-11-30,17:00,Sacachispas,Defensores Unidos,0,0,,,Primera B,2019,zonas,Torneo Apertura,Fecha 16,Beto Larrosa,false,https://es.wikipedia.org/wiki/Campeonato_de_Primera_B_2019-20_(Argentina)
2019-11-30,17:00,San Telmo,Villa San Carlos,0,1,,,Primera B,2019,zonas,Torneo Apertura,Fecha 16,Dr. Osvaldo Baletto,false,https://es.wikipedia.org/wiki/Campeonato_de_Primera_B_2019-20_(Argentina)
2019-11-30,17:00,Sportivo Italiano,Ferrocarril Midland,0,1,,,Primera C,2019,zonas,Torneo Apertura,Fecha 18,República de Italia,false,https://es.wikipedia.org/wiki/Campeonato_de_Primera_C_2019-20_(Argentina)
2019-11-30,17:00,Tristán Suárez,Argentino de Quilmes,1,0,,,Primera B,2019,zonas,Torneo Apertura,Fecha 16,20 de Octubre,false,https://es.wikipedia.org/wiki/Campeonato_de_Primera_B_2019-20_(Argentina)
2019-11-30,17:00,Victoriano Arenas,Deportivo Merlo,0,0,,,Primera C,2019,zonas,Torneo Apertura,Fecha 18,Saturnino Moure,false,https://es.wikipedia.org/wiki/Campeonato_de_Primera_C_2019-20_(Argentina)
2019-11-30,17:35,Estudiantes (LP),Atlético Tucumán,1,1,,,Primera Division,2019,zonas,,Fecha 15,Jorge Luis Hirschi,false,https://es.wikipedia.org/wiki/Campeonato_de_Primera_División_2019-20_(Argentina)
2019-11-30,19:10,Estudiantes (BA),Belgrano,0,0,,,Primera Nacional,2019,zonas,Zona A,Fecha 15,Ciudad de Caseros,false,https://es.wikipedia.org/wiki/Campeonato_de_Primera_Nacional_2019-20
2019-11-30,19:40,Boca Juniors,Argentinos Juniors,1,1,,,Primera Division,2019,zonas,,Fecha 15,La Bombonera,false,https://es.wikipedia.org/wiki/Campeonato_de_Primera_División_2019-20_(Argentina)
2019-11-30,21:00,Güemes (SdE),Chaco For Ever,3,0,,,Torneo Federal A,2019,zonas,Etapa clasificatoria,Fecha 14,Arturo Miranda,false,https://es.wikipedia.org/wiki/Torneo_Federal_A_2019-20
2019-11-30,21:45,Newell's Old Boys,River Plate,2,3,,,Primera Division,2019,zonas,,Fecha 15,Marcelo Bielsa,false,https://es.wikipedia.org/wiki/Campeonato_de_Primera_División_2019-20_(Argentina)
2019-12-01,17:00,Almirante Brown,Talleres (RdE),0,0,,,Primera B,2019,zonas,Torneo Apertura,Fecha 16,Fragata Presidente Sarmiento,false,https://es.wikipedia.org/wiki/Campeonato_de_Primera_B_2019-20_(Argentina)
2019-12-01,17:00,Barracas Central,Nueva Chicago,2,1,,,Primera Nacional,2019,zonas,Zona A,Fecha 15,Claudio Chiqui Tapia,false,https://es.wikipedia.org/wiki/Campeonato_de_Primera_Nacional_2019-20
2019-12-01,17:00,Deportivo Armenio,Acassuso,0,3,,,Primera B,2019,zonas,Torneo Apertura,Fecha 16,Armenia,false,https://es.wikipedia.org/wiki/Campeonato_de_Primera_B_2019-20_(Argentina)
2019-12-01,17:00,Deportivo Madryn,Juventud Unida Universitario,4,1,,,Torneo Federal A,2019,zonas,Etapa clasificatoria,Fecha 14,Abel Sastre,false,https://es.wikipedia.org/wiki/Torneo_Federal_A_2019-20
2019-12-01,17:00,Deportivo Morón,Estudiantes (RC),1,3,,,Primera Nacional,2019,zonas,Zona A,Fecha 15,Nuevo Francisco Urbano,false,https://es.wikipedia.org/wiki/Campeonato_de_Primera_Nacional_2019-20
2019-12-01,17:00,Flandria,Comunicaciones,0,0,,,Primera B,2019,zonas,Torneo Apertura,Fecha 16,Carlos V,false,https://es.wikipedia.org/wiki/Campeonato_de_Primera_B_2019-20_(Argentina)
2019-12-01,17:00,Fénix,UAI Urquiza,1,0,,,Primera B,2019,zonas,Torneo Apertura,Fecha 16,José Manuel Moreno,false,https://es.wikipedia.org/wiki/Campeonato_de_Primera_B_2019-20_(Argentina)
2019-12-01,17:00,Huracán Las Heras,Sol de Mayo (V),0,0,,,Torneo Federal A,2019,zonas,Etapa clasificatoria,Fecha 14,General San Martín,false,https://es.wikipedia.org/wiki/Torneo_Federal_A_2019-20
2019-12-01,17:00,J. J. de Urquiza,Colegiales,3,1,,,Primera B,2019,zonas,Torneo Apertura,Fecha 16,Ramón Roque Martín,false,https://es.wikipedia.org/wiki/Campeonato_de_Primera_B_2019-20_(Argentina)
2019-12-01,17:00,Los Andes,San Miguel,1,0,,,Primera B,2019,zonas,Torneo Apertura,Fecha 16,Eduardo Gallardón,false,https://es.wikipedia.org/wiki/Campeonato_de_Primera_B_2019-20_(Argentina)
2019-12-01,17:00,Olimpo,Desamparados,2,0,,,Torneo Federal A,2019,zonas,Etapa clasificatoria,Fecha 14,Roberto Natalio Carminatti,false,https://es.wikipedia.org/wiki/Torneo_Federal_A_2019-20
2019-12-01,17:00,San Martín (F),Unión (S),3,0,,,Torneo Federal A,2019,zonas,Etapa clasificatoria,Fecha 14,17 de Octubre,false,https://es.wikipedia.org/wiki/Torneo_Federal_A_2019-20
2019-12-01,17:00,Sportivo Peñarol (C),Deportivo Camioneros,0,0,,,Torneo Federal A,2019,zonas,Etapa clasificatoria,Fecha 14,Ramón Pablo Rojas,false,https://es.wikipedia.org/wiki/Torneo_Federal_A_2019-20
2019-12-01,17:10,San Lorenzo,Patronato,2,0,,,Primera Division,2019,zonas,,Fecha 15,Nuevo Gasómetro,false,https://es.wikipedia.org/wiki/Campeonato_de_Primera_División_2019-20_(Argentina)
2019-12-01,17:15,Juventud Unida (G),Gimnasia y Esgrima (CdU),2,0,,,Torneo Federal A,2019,zonas,Etapa clasificatoria,Fecha 14,De los Eucaliptos,false,https://es.wikipedia.org/wiki/Torneo_Federal_A_2019-20
2019-12-01,17:30,Defensores de Pronunciamiento,Boca Unidos,2,1,,,Torneo Federal A,2019,zonas,Etapa clasificatoria,Fecha 14,Delio Cardozo,false,https://es.wikipedia.org/wiki/Torneo_Federal_A_2019-20
2019-12-01,18:00,Ferro Carril Oeste (GP),Villa Mitre,1,3,,,Torneo Federal A,2019,zonas,Etapa clasificatoria,Fecha 14,El Coloso del Barrio Talleres,false,https://es.wikipedia.org/wiki/Torneo_Federal_A_2019-20
2019-12-01,18:00,Instituto,Almagro,2,1,,,Primera Nacional,2019,zonas,Zona B,Fecha 15,Juan Domingo Perón,false,https://es.wikipedia.org/wiki/Campeonato_de_Primera_Nacional_2019-20
2019-12-01,19:00,Agropecuario,Guillermo Brown,3,0,,,Primera Nacional,2019,zonas,Zona A,Fecha 15,Ofelia Rosenzuaig,false,https://es.wikipedia.org/wiki/Campeonato_de_Primera_Nacional_2019-20
2019-12-01,19:10,Defensores de Belgrano,Tigre,2,1,,,Primera Nacional,2019,zonas,Zona B,Fecha 15,Juan Pasquale,false,https://es.wikipedia.org/wiki/Campeonato_de_Primera_Nacional_2019-20
2019-12-01,19:30,Sarmiento (R),Sportivo Belgrano,1,1,,,Torneo Federal A,2019,zonas,Etapa clasificatoria,Fecha 14,Centenario,false,https://es.wikipedia.org/wiki/Torneo_Federal_A_2019-20
2019-12-01,19:40,Godoy Cruz,Talleres (C),0,5,,,Primera Division,2019,zonas,,Fecha 15,Malvinas Argentinas,false,https://es.wikipedia.org/wiki/Campeonato_de_Primera_División_2019-20_(Argentina)
2019-12-01,19:40,Vélez Sarsfield,Colón,3,1,,,Primera Division,2019,zonas,,Fecha 15,José Amalfitani,false,https://es.wikipedia.org/wiki/Campeonato_de_Primera_División_2019-20_(Argentina)
2019-12-01,20:00,Cipolletti,Deportivo Maipú,1,2,,,Torneo Federal A,2019,zonas,Etapa clasificatoria,Fecha 14,La Visera de Cemento,false,https://es.wikipedia.org/wiki/Torneo_Federal_A_2019-20
2019-12-01,20:00,Sportivo Estudiantes (SL),Círculo Deportivo,0,2,,,Torneo Federal A,2019,zonas,Etapa clasificatoria,Fecha 14,Héctor Odicino y Pedro Benoza,false,https://es.wikipedia.org/wiki/Torneo_Federal_A_2019-20
2019-12-01,20:30,Sportivo Las Parejas,Crucero del Norte,0,0,,,Torneo Federal A,2019,zonas,Etapa clasificatoria,Fecha 14,4 de Septiembre,false,https://es.wikipedia.org/wiki/Torneo_Federal_A_2019-20
2019-12-01,21:45,Aldosivi,Independiente,0,0,,,Primera Division,2019,zonas,,Fecha 15,José María Minella,false,https://es.wikipedia.org/wiki/Campeonato_de_Primera_División_2019-20_(Argentina)
2019-12-01,21:45,Central Córdoba (SdE),Rosario Central,1,1,,,Primera Division,2019,zonas,,Fecha 15,Alfredo Terrera,false,https://es.wikipedia.org/wiki/Campeonato_de_Primera_División_2019-20_(Argentina)
2019-12-02,17:00,Deportivo Español,Central Córdoba (R),2,2,,,Primera C,2019,zonas,Torneo Apertura,Fecha 18,Nueva España,false,https://es.wikipedia.org/wiki/Campeonato_de_Primera_C_2019-20_(Argentina)
2019-12-02,17:00,Excursionistas,Luján,0,1,,,Primera C,2019,zonas,Torneo Apertura,Fecha 18,Excursionistas,false,https://es.wikipedia.org/wiki/Campeonato_de_Primera_C_2019-20_(Argentina)
2019-12-02,17:00,Real Pilar,San Martín (B),2,0,,,Primera C,2019,zonas,Torneo Apertura,Fecha 18,Carlos Barraza,false,https://es.wikipedia.org/wiki/Campeonato_de_Primera_C_2019-20_(Argentina)
2019-12-02,19:00,Arsenal,Lanús,1,1,,,Primera Division,2019,zonas,,Fecha 15,El Viaducto,false,https://es.wikipedia.org/wiki/Campeonato_de_Primera_División_2019-20_(Argentina)
2019-12-02,20:30,Ramón Santamarina,Villa Dálmine,2,1,,,Primera Nacional,2019,zonas,Zona B,Fecha 15,Municipal General San Martín,false,https://es.wikipedia.org/wiki/Campeonato_de_Primera_Nacional_2019-20
2019-12-02,21:00,Atlético de Rafaela,Chacarita Juniors,2,0,,,Primera Nacional,2019,zonas,Zona B,Fecha 15,Nuevo Monumental,false,https://es.wikipedia.org/wiki/Campeonato_de_Primera_Nacional_2019-20
2019-12-02,21:00,Quilmes,Brown de Adrogué,1,1,,,Primera Nacional,2019,zonas,Zona B,Fecha 15,Centenario,false,https://es.wikipedia.org/wiki/Campeonato_de_Primera_Nacional_2019-20
2019-12-02,21:10,Platense,Atlanta,2,1,,,Primera Nacional,2019,zonas,Zona A,Fecha 15,Ciudad de Vicente López,false,https://es.wikipedia.org/wiki/Campeonato_de_Primera_Nacional_2019-20
2019-12-02,21:10,Unión,Huracán,1,0,,,Primera Division,2019,zonas,,Fecha 15,15 de Abril,false,https://es.wikipedia.org/wiki/Campeonato_de_Primera_División_2019-20_(Argentina)
2019-12-02,21:30,Gimnasia y Esgrima (M),San Martín (T),0,3,,,Primera Nacional,2019,zonas,Zona B,Fecha 15,Víctor Antonio Legrotaglie,false,https://es.wikipedia.org/wiki/Campeonato_de_Primera_Nacional_2019-20
2019-12-02,21:30,Mitre (SdE),Independiente Rivadavia,0,0,,,Primera Nacional,2019,zonas,Zona A,Fecha 15,Doctores José y Antonio Castiglione,false,https://es.wikipedia.org/wiki/Campeonato_de_Primera_Nacional_2019-20
2019-12-02,21:30,San Martín (SJ),Alvarado,1,1,,,Primera Nacional,2019,zonas,Zona A,Fecha 15,Ingeniero Hilario Sánchez,false,https://es.wikipedia.org/wiki/Campeonato_de_Primera_Nacional_2019-20
2019-12-03,21:10,Temperley,Ferro Carril Oeste,0,1,,,Primera Nacional,2019,zonas,Zona A,Fecha 15,Alfredo Beranger,false,https://es.wikipedia.org/wiki/Campeonato_de_Primera_Nacional_2019-20
2019-12-06,17:00,Colegiales,Fénix,0,0,,,Primera B,2019,zonas,Torneo Apertura,Fecha 17,Colegiales,false,https://es.wikipedia.org/wiki/Campeonato_de_Primera_B_2019-20_(Argentina)
2019-12-06,19:00,Colón,Aldosivi,0,2,,,Primera Division,2019,zonas,,Fecha 16,Brigadier Estanislao López,false,https://es.wikipedia.org/wiki/Campeonato_de_Primera_División_2019-20_(Argentina)
2019-12-06,21:10,Independiente,Banfield,0,1,,,Primera Division,2019,zonas,,Fecha 16,Libertadores de América,false,https://es.wikipedia.org/wiki/Campeonato_de_Primera_División_2019-20_(Argentina)
2019-12-06,21:45,Deportivo Maipú,Ferro Carril Oeste (GP),0,1,,,Torneo Federal A,2019,zonas,Etapa clasificatoria,Fecha 15,Omar Higinio Sperdutti,false,https://es.wikipedia.org/wiki/Torneo_Federal_A_2019-20
2019-12-06,21:45,Desamparados,Huracán Las Heras,2,2,,,Torneo Federal A,2019,zonas,Etapa clasificatoria,Fecha 15,El Serpentario,false,https://es.wikipedia.org/wiki/Torneo_Federal_A_2019-20
2019-12-07,17:00,Acassuso,San Telmo,0,1,,,Primera B,2019,zonas,Torneo Apertura,Fecha 17,Armenia,false,https://es.wikipedia.org/wiki/Campeonato_de_Primera_B_2019-20_(Argentina)
2019-12-07,17:00,Argentino de Quilmes,Deportivo Armenio,3,1,,,Primera B,2019,zonas,Torneo Apertura,Fecha 17,Argentino de Quilmes,false,https://es.wikipedia.org/wiki/Campeonato_de_Primera_B_2019-20_(Argentina)
2019-12-07,17:00,Central Córdoba (R),Cañuelas,0,1,,,Primera C,2019,zonas,Torneo Apertura,Fecha 19,Gabino Sosa,false,https://es.wikipedia.org/wiki/Campeonato_de_Primera_C_2019-20_(Argentina)
2019-12-07,17:00,Círculo Deportivo,Deportivo Madryn,2,1,,,Torneo Federal A,2019,zonas,Etapa clasificatoria,Fecha 15,Guillermo Trama,false,https://es.wikipedia.org/wiki/Torneo_Federal_A_2019-20
2019-12-07,17:00,Deportivo Camioneros,Sportivo Estudiantes (SL),2,0,,,Torneo Federal A,2019,zonas,Etapa clasificatoria,Fecha 15,Hugo Moyano,false,https://es.wikipedia.org/wiki/Torneo_Federal_A_2019-20
2019-12-07,17:00,Deportivo Laferrere,Deportivo Español,3,1,,,Primera C,2019,zonas,Torneo Apertura,Fecha 19,Ciudad de Laferrere,false,https://es.wikipedia.org/wiki/Campeonato_de_Primera_C_2019-20_(Argentina)
2019-12-07,17:00,General Lamadrid,El Porvenir,3,0,,,Primera C,2019,zonas,Torneo Apertura,Fecha 19,Enrique Sexto,false,https://es.wikipedia.org/wiki/Campeonato_de_Primera_C_2019-20_(Argentina)
2019-12-07,17:00,Gimnasia y Esgrima (CdU),Sarmiento (R),0,1,,,Torneo Federal A,2019,zonas,Etapa clasificatoria,Fecha 15,Manuel y Ramón Núñez,false,https://es.wikipedia.org/wiki/Torneo_Federal_A_2019-20
2019-12-07,17:00,Sol de Mayo (V),Sansinena,0,1,,,Torneo Federal A,2019,zonas,Etapa clasificatoria,Fecha 15,Sol de Mayo,false,https://es.wikipedia.org/wiki/Torneo_Federal_A_2019-20
2019-12-07,17:00,UAI Urquiza,Almirante Brown,0,0,,,Primera B,2019,zonas,Torneo Apertura,Fecha 17,Ciudad de Vicente López,false,https://es.wikipedia.org/wiki/Campeonato_de_Primera_B_2019-20_(Argentina)
2019-12-07,17:00,Villa San Carlos,Flandria,0,0,,,Primera B,2019,zonas,Torneo Apertura,Fecha 17,Genacio Sálice,false,https://es.wikipedia.org/wiki/Campeonato_de_Primera_B_2019-20_(Argentina)
2019-12-07,17:30,Juventud Unida Universitario,Olimpo,2,0,,,Torneo Federal A,2019,zonas,Etapa clasificatoria,Fecha 15,Mario Sebastián Diez,false,https://es.wikipedia.org/wiki/Torneo_Federal_A_2019-20
2019-12-07,17:30,Sportivo Belgrano,San Martín (F),2,1,,,Torneo Federal A,2019,zonas,Etapa clasificatoria,Fecha 15,Oscar Carlos Boero,false,https://es.wikipedia.org/wiki/Torneo_Federal_A_2019-20
2019-12-07,17:35,Huracán,Arsenal,0,2,,,Primera Division,2019,zonas,,Fecha 16,Tomás A. Ducó,false,https://es.wikipedia.org/wiki/Campeonato_de_Primera_División_2019-20_(Argentina)
2019-12-07,18:00,Crucero del Norte,Güemes (SdE),2,2,,,Torneo Federal A,2019,zonas,Etapa clasificatoria,Fecha 15,Villa Olímpica de Puerto Piray,false,https://es.wikipedia.org/wiki/Torneo_Federal_A_2019-20
2019-12-07,18:00,Villa Mitre,Sportivo Peñarol (C),2,0,,,Torneo Federal A,2019,zonas,Etapa clasificatoria,Fecha 15,El Fortín,false,https://es.wikipedia.org/wiki/Torneo_Federal_A_2019-20
2019-12-07,18:30,Unión (S),Sportivo Las Parejas,4,2,,,Torneo Federal A,2019,zonas,Etapa clasificatoria,Fecha 15,De la Avenida,false,https://es.wikipedia.org/wiki/Torneo_Federal_A_2019-20
2019-12-07,19:10,Almagro,Tigre,0,3,,,Primera Nacional,2019,zonas,Zona B,Fecha 8,Tres de Febrero,false,https://es.wikipedia.org/wiki/Campeonato_de_Primera_Nacional_2019-20
2019-12-07,19:40,Atlético Tucumán,Newell's Old Boys,2,2,,,Primera Division,2019,zonas,,Fecha 16,Monumental José Fierro,false,https://es.wikipedia.org/wiki/Campeonato_de_Primera_División_2019-20_(Argentina)
2019-12-07,19:40,Talleres (C),Unión,0,0,,,Primera Division,2019,zonas,,Fecha 16,Mario Alberto Kempes,false,https://es.wikipedia.org/wiki/Campeonato_de_Primera_División_2019-20_(Argentina)
2019-12-07,20:00,Defensores de Belgrano (VR),Juventud Unida (G),2,1,,,Torneo Federal A,2019,zonas,Etapa clasificatoria,Fecha 15,Salomón Boeseldín,false,https://es.wikipedia.org/wiki/Torneo_Federal_A_2019-20
2019-12-07,21:30,Boca Unidos,Douglas Haig,1,2,,,Torneo Federal A,2019,zonas,Etapa clasificatoria,Fecha 15,Leoncio Benítez,false,https://es.wikipedia.org/wiki/Torneo_Federal_A_2019-20
2019-12-07,21:45,Chaco For Ever,Defensores de Pronunciamiento,1,0,,,Torneo Federal A,2019,zonas,Etapa clasificatoria,Fecha 15,Juan Alberto García,false,https://es.wikipedia.org/wiki/Torneo_Federal_A_2019-20
2019-12-07,21:45,Lanús,Racing Club,1,0,,,Primera Division,2019,zonas,,Fecha 16,Ciudad de Lanús,false,https://es.wikipedia.org/wiki/Campeonato_de_Primera_División_2019-20_(Argentina)
2019-12-08,17:00,Comunicaciones,Los Andes,1,0,,,Primera B,2019,zonas,Torneo Apertura,Fecha 17,Alfredo Ramos,false,https://es.wikipedia.org/wiki/Campeonato_de_Primera_B_2019-20_(Argentina)
2019-12-08,17:00,Defensores Unidos,Tristán Suárez,1,1,,,Primera B,2019,zonas,Torneo Apertura,Fecha 17,Mario Losinno,false,https://es.wikipedia.org/wiki/Campeonato_de_Primera_B_2019-20_(Argentina)
2019-12-08,17:00,Dock Sud,Leandro N. Alem,1,1,,,Primera C,2019,zonas,Torneo Apertura,Fecha 19,De los Inmigrantes,false,https://es.wikipedia.org/wiki/Campeonato_de_Primera_C_2019-20_(Argentina)
2019-12-08,17:00,Ferrocarril Midland,Argentino de Merlo,2,3,,,Primera C,2019,zonas,Torneo Apertura,Fecha 19,Ciudad de Libertad,false,https://es.wikipedia.org/wiki/Campeonato_de_Primera_C_2019-20_(Argentina)
2019-12-08,17:00,San Miguel,J. J. de Urquiza,1,0,,,Primera B,2019,zonas,Torneo Apertura,Fecha 17,Malvinas Argentinas,false,https://es.wikipedia.org/wiki/Campeonato_de_Primera_B_2019-20_(Argentina)
2019-12-08,17:10,Estudiantes (BA),Guillermo Brown,1,1,,,Primera Nacional,2019,zonas,Zona A,Fecha 13,Ciudad de Caseros,false,https://es.wikipedia.org/wiki/Campeonato_de_Primera_Nacional_2019-20
2019-12-08,17:35,Defensa y Justicia,Godoy Cruz,2,0,,,Primera Division,2019,zonas,,Fecha 16,Norberto Tomaghello,false,https://es.wikipedia.org/wiki/Campeonato_de_Primera_División_2019-20_(Argentina)
2019-12-08,17:35,Gimnasia y Esgrima (LP),Central Córdoba (SdE),2,1,,,Primera Division,2019,zonas,,Fecha 16,Del Bosque,false,https://es.wikipedia.org/wiki/Campeonato_de_Primera_División_2019-20_(Argentina)
2019-12-08,19:40,Rosario Central,Boca Juniors,1,0,,,Primera Division,2019,zonas,,Fecha 16,Gigante de Arroyito,false,https://es.wikipedia.org/wiki/Campeonato_de_Primera_División_2019-20_(Argentina)
2019-12-08,21:45,River Plate,San Lorenzo,0,1,,,Primera Division,2019,zonas,,Fecha 16,Monumental,false,https://es.wikipedia.org/wiki/Campeonato_de_Primera_División_2019-20_(Argentina)
2019-12-09,17:00,Berazategui,Sportivo Italiano,3,1,,,Primera C,2019,zonas,Torneo Apertura,Fecha 19,Norman Lee,false,https://es.wikipedia.org/wiki/Campeonato_de_Primera_C_2019-20_(Argentina)
2019-12-09,17:00,Deportivo Merlo,Ituzaingó,0,0,,,Primera C,2019,zonas,Torneo Apertura,Fecha 19,José Manuel Moreno,false,https://es.wikipedia.org/wiki/Campeonato_de_Primera_C_2019-20_(Argentina)
2019-12-09,17:00,Luján,Victoriano Arenas,2,1,,,Primera C,2019,zonas,Torneo Apertura,Fecha 19,Municipal de la Ciudad de Luján,false,https://es.wikipedia.org/wiki/Campeonato_de_Primera_C_2019-20_(Argentina)
2019-12-09,17:00,San Martín (B),Excursionistas,2,0,,,Primera C,2019,zonas,Torneo Apertura,Fecha 19,Francisco Boga,false,https://es.wikipedia.org/wiki/Campeonato_de_Primera_C_2019-20_(Argentina)
2019-12-09,19:00,Patronato,Vélez Sarsfield,0,1,,,Primera Division,2019,zonas,,Fecha 16,Presbítero Bartolomé Grella,false,https://es.wikipedia.org/wiki/Campeonato_de_Primera_División_2019-20_(Argentina)
2019-12-09,21:10,Argentinos Juniors,Estudiantes (LP),1,1,,,Primera Division,2019,zonas,,Fecha 16,Diego Armando Maradona,false,https://es.wikipedia.org/wiki/Campeonato_de_Primera_División_2019-20_(Argentina)
2019-12-09,21:10,Talleres (RdE),Sacachispas,0,0,,,Primera B,2019,zonas,Torneo Apertura,Fecha 17,Talleres,false,https://es.wikipedia.org/wiki/Campeonato_de_Primera_B_2019-20_(Argentina)
2019-12-12,21:00,Arsenal,Colón,2,1,,,Primera Division,2019,zonas,,Fecha 13,El Viaducto,false,https://es.wikipedia.org/wiki/Campeonato_de_Primera_División_2019-20_(Argentina)
2019-12-13,17:10,Independiente,Newell's Old Boys,2,3,,,Primera Division,2019,zonas,,Fecha 2,Libertadores de América,false,https://es.wikipedia.org/wiki/Campeonato_de_Primera_División_2019-20_(Argentina)
2020-01-19,19:10,Independiente,River Plate,1,2,,,Primera Division,2019,zonas,,Fecha 14,Libertadores de América,false,https://es.wikipedia.org/wiki/Campeonato_de_Primera_División_2019-20_(Argentina)
2020-01-24,17:00,Dock Sud,El Porvenir,0,0,,,Primera C,2019,zonas,Torneo Clausura,Fecha 1,De los Inmigrantes,false,https://es.wikipedia.org/wiki/Campeonato_de_Primera_C_2019-20_(Argentina)
2020-01-24,17:35,Aldosivi,Lanús,2,0,,,Primera Division,2019,zonas,,Fecha 17,José María Minella,false,https://es.wikipedia.org/wiki/Campeonato_de_Primera_División_2019-20_(Argentina)
2020-01-24,19:40,Gimnasia y Esgrima (LP),Vélez Sarsfield,0,0,,,Primera Division,2019,zonas,,Fecha 17,Del Bosque,false,https://es.wikipedia.org/wiki/Campeonato_de_Primera_División_2019-20_(Argentina)
2020-01-24,21:45,Rosario Central,Huracán,2,1,,,Primera Division,2019,zonas,,Fecha 17,Gigante de Arroyito,false,https://es.wikipedia.org/wiki/Campeonato_de_Primera_División_2019-20_(Argentina)
2020-01-24,21:45,Unión,Argentinos Juniors,1,0,,,Primera Division,2019,zonas,,Fecha 17,15 de Abril,false,https://es.wikipedia.org/wiki/Campeonato_de_Primera_División_2019-20_(Argentina)
2020-01-25,17:00,Acassuso,Flandria,1,1,,,Primera B,2019,zonas,Torneo Clausura,Fecha 1,Armenia,false,https://es.wikipedia.org/wiki/Campeonato_de_Primera_B_2019-20_(Argentina)
2020-01-25,17:00,Central Córdoba (R),Sportivo Italiano,0,0,,,Primera C,2019,zonas,Torneo Clausura,Fecha 1,Gabino Sosa,false,https://es.wikipedia.org/wiki/Campeonato_de_Primera_C_2019-20_(Argentina)
2020-01-25,17:00,Comunicaciones,J. J. de Urquiza,1,0,,,Primera B,2019,zonas,Torneo Clausura,Fecha 1,Alfredo Ramos,false,https://es.wikipedia.org/wiki/Campeonato_de_Primera_B_2019-20_(Argentina)
2020-01-25,17:00,Deportivo Laferrere,Cañuelas,1,0,,,Primera C,2019,zonas,Torneo Clausura,Fecha 1,Ciudad de Laferrere,false,https://es.wikipedia.org/wiki/Campeonato_de_Primera_C_2019-20_(Argentina)
2020-01-25,17:00,Deportivo Merlo,Deportivo Español,1,0,,,Primera C,2019,zonas,Torneo Clausura,Fecha 1,José Manuel Moreno,false,https://es.wikipedia.org/wiki/Campeonato_de_Primera_C_2019-20_(Argentina)
2020-01-25,17:00,Luján,Ituzaingó,2,1,,,Primera C,2019,zonas,Torneo Clausura,Fecha 1,Municipal de la Ciudad de Luján,false,https://es.wikipedia.org/wiki/Campeonato_de_Primera_C_2019-20_(Argentina)
2020-01-25,17:00,San Martín (B),Victoriano Arenas,1,1,,,Primera C,2019,zonas,Torneo Clausura,Fecha 1,Francisco Boga,false,https://es.wikipedia.org/wiki/Campeonato_de_Primera_C_2019-20_(Argentina)
2020-01-25,17:00,San Miguel,Colegiales,0,0,,,Primera B,2019,zonas,Torneo Clausura,Fecha 1,Malvinas Argentinas,false,https://es.wikipedia.org/wiki/Campeonato_de_Primera_B_2019-20_(Argentina)
2020-01-25,17:00,UAI Urquiza,Sacachispas,1,0,,,Primera B,2019,zonas,Torneo Clausura,Fecha 1,Monumental de Villa Lynch,false,https://es.wikipedia.org/wiki/Campeonato_de_Primera_B_2019-20_(Argentina)
2020-01-25,17:00,Villa San Carlos,Los Andes,0,1,,,Primera B,2019,zonas,Torneo Clausura,Fecha 1,Genacio Sálice,false,https://es.wikipedia.org/wiki/Campeonato_de_Primera_B_2019-20_(Argentina)
2020-01-25,17:05,Argentino de Quilmes,San Telmo,1,1,,,Primera B,2019,zonas,Torneo Clausura,Fecha 1,Argentino de Quilmes,false,https://es.wikipedia.org/wiki/Campeonato_de_Primera_B_2019-20_(Argentina)
2020-01-25,17:35,Arsenal,Newell's Old Boys,1,1,,,Primera Division,2019,zonas,,Fecha 17,El Viaducto,false,https://es.wikipedia.org/wiki/Campeonato_de_Primera_División_2019-20_(Argentina)
2020-01-25,19:40,Central Córdoba (SdE),Colón,1,0,,,Primera Division,2019,zonas,,Fecha 17,Alfredo Terrera,false,https://es.wikipedia.org/wiki/Campeonato_de_Primera_División_2019-20_(Argentina)
2020-01-25,19:40,San Lorenzo,Estudiantes (LP),1,1,,,Primera Division,2019,zonas,,Fecha 17,Nuevo Gasómetro,false,https://es.wikipedia.org/wiki/Campeonato_de_Primera_División_2019-20_(Argentina)
2020-01-25,20:30,Sportivo Belgrano,Sportivo Las Parejas,0,0,,,Torneo Federal A,2019,zonas,Etapa clasificatoria,Fecha 16,Oscar Carlos Boero,false,https://es.wikipedia.org/wiki/Torneo_Federal_A_2019-20
2020-01-25,21:45,Godoy Cruz,River Plate,0,1,,,Primera Division,2019,zonas,,Fecha 17,Malvinas Argentinas,false,https://es.wikipedia.org/wiki/Campeonato_de_Primera_División_2019-20_(Argentina)
2020-01-26,17:00,Defensores Unidos,Deportivo Armenio,1,0,,,Primera B,2019,zonas,Torneo Clausura,Fecha 1,Gigante de Villa Fox,false,https://es.wikipedia.org/wiki/Campeonato_de_Primera_B_2019-20_(Argentina)
2020-01-26,17:00,Deportivo Camioneros,Deportivo Madryn,2,1,,,Torneo Federal A,2019,zonas,Etapa clasificatoria,Fecha 16,Hugo Moyano,false,https://es.wikipedia.org/wiki/Torneo_Federal_A_2019-20
2020-01-26,17:00,Ferrocarril Midland,Leandro N. Alem,1,2,,,Primera C,2019,zonas,Torneo Clausura,Fecha 1,Ciudad de Libertad,false,https://es.wikipedia.org/wiki/Campeonato_de_Primera_C_2019-20_(Argentina)
2020-01-26,17:00,Real Pilar,Excursionistas,1,1,,,Primera C,2019,zonas,Torneo Clausura,Fecha 1,Carlos Barraza,false,https://es.wikipedia.org/wiki/Campeonato_de_Primera_C_2019-20_(Argentina)
2020-01-26,17:05,Fénix,Almirante Brown,0,2,,,Primera B,2019,zonas,Torneo Clausura,Fecha 1,República de Italia,false,https://es.wikipedia.org/wiki/Campeonato_de_Primera_B_2019-20_(Argentina)
2020-01-26,17:30,Círculo Deportivo,Olimpo,1,0,,,Torneo Federal A,2019,zonas,Etapa clasificatoria,Fecha 16,Guillermo Trama,false,https://es.wikipedia.org/wiki/Torneo_Federal_A_2019-20
2020-01-26,17:30,Gimnasia y Esgrima (CdU),San Martín (F),1,0,,,Torneo Federal A,2019,zonas,Etapa clasificatoria,Fecha 16,Manuel y Ramón Núñez,false,https://es.wikipedia.org/wiki/Torneo_Federal_A_2019-20
2020-01-26,17:35,Banfield,Patronato,3,3,,,Primera Division,2019,zonas,,Fecha 17,Florencio Sola,false,https://es.wikipedia.org/wiki/Campeonato_de_Primera_División_2019-20_(Argentina)
2020-01-26,17:35,Defensa y Justicia,Talleres (C),4,1,,,Primera Division,2019,zonas,,Fecha 17,Norberto Tomaghello,false,https://es.wikipedia.org/wiki/Campeonato_de_Primera_División_2019-20_(Argentina)
2020-01-26,18:00,Crucero del Norte,Defensores de Pronunciamiento,2,0,,,Torneo Federal A,2019,zonas,Etapa clasificatoria,Fecha 16,Comandante Andrés Guacurarí,false,https://es.wikipedia.org/wiki/Torneo_Federal_A_2019-20
2020-01-26,19:00,Unión (S),Güemes (SdE),0,0,,,Torneo Federal A,2019,zonas,Etapa clasificatoria,Fecha 16,De la Avenida,false,https://es.wikipedia.org/wiki/Torneo_Federal_A_2019-20
2020-01-26,19:30,Chaco For Ever,Douglas Haig,2,1,,,Torneo Federal A,2019,zonas,Etapa clasificatoria,Fecha 16,Juan Alberto García,false,https://es.wikipedia.org/wiki/Torneo_Federal_A_2019-20
2020-01-26,19:30,Cipolletti,Ferro Carril Oeste (GP),1,1,,,Torneo Federal A,2019,zonas,Etapa clasificatoria,Fecha 16,La Visera de Cemento,false,https://es.wikipedia.org/wiki/Torneo_Federal_A_2019-20
2020-01-26,19:40,Racing Club,Atlético Tucumán,1,1,,,Primera Division,2019,zonas,,Fecha 17,El Cilindro,false,https://es.wikipedia.org/wiki/Campeonato_de_Primera_División_2019-20_(Argentina)
2020-01-26,20:00,Central Norte (S),Juventud Unida (G),2,0,,,Torneo Federal A,2019,zonas,Etapa clasificatoria,Fecha 16,Padre Ernesto Martearena,false,https://es.wikipedia.org/wiki/Torneo_Federal_A_2019-20
2020-01-26,20:00,Defensores de Belgrano (VR),Sarmiento (R),0,0,,,Torneo Federal A,2019,zonas,Etapa clasificatoria,Fecha 16,Salomón Boeseldín,false,https://es.wikipedia.org/wiki/Torneo_Federal_A_2019-20
2020-01-26,21:30,Juventud Unida Universitario,Huracán Las Heras,3,0,,,Torneo Federal A,2019,zonas,Etapa clasificatoria,Fecha 16,Mario Sebastián Diez,false,https://es.wikipedia.org/wiki/Torneo_Federal_A_2019-20
2020-01-26,21:45,Boca Juniors,Independiente,0,0,,,Primera Division,2019,zonas,,Fecha 17,La Bombonera,false,https://es.wikipedia.org/wiki/Campeonato_de_Primera_División_2019-20_(Argentina)
2020-01-27,17:00,Berazategui,Argentino de Merlo,2,0,,,Primera C,2019,zonas,Torneo Clausura,Fecha 1,Norman Lee,false,https://es.wikipedia.org/wiki/Campeonato_de_Primera_C_2019-20_(Argentina)
2020-01-27,21:00,Villa Mitre,Sportivo Estudiantes (SL),1,0,,,Torneo Federal A,2019,zonas,Etapa clasificatoria,Fecha 16,El Fortín,false,https://es.wikipedia.org/wiki/Torneo_Federal_A_2019-20
2020-01-27,21:40,Deportivo Maipú,Sportivo Peñarol (C),1,0,,,Torneo Federal A,2019,zonas,Etapa clasificatoria,Fecha 16,Omar Higinio Sperdutti,false,https://es.wikipedia.org/wiki/Torneo_Federal_A_2019-20
2020-01-27,21:45,Desamparados,Sansinena,2,0,,,Torneo Federal A,2019,zonas,Etapa clasificatoria,Fecha 16,El Serpentario,false,https://es.wikipedia.org/wiki/Torneo_Federal_A_2019-20
2020-01-28,21:05,Talleres (RdE),Tristán Suárez,1,1,,,Primera B,2019,zonas,Torneo Clausura,Fecha 1,Talleres,false,https://es.wikipedia.org/wiki/Campeonato_de_Primera_B_2019-20_(Argentina)
2020-01-30,21:10,Vélez Sarsfield,Aldosivi,1,1,,,Primera Division,2019,zonas,,Fecha 18,José Amalfitani,false,https://es.wikipedia.org/wiki/Campeonato_de_Primera_División_2019-20_(Argentina)
2020-01-31,17:00,El Porvenir,Ferrocarril Midland,1,2,,,Primera C,2019,zonas,Torneo Clausura,Fecha 2,Gildo Francisco Ghersinich,false,https://es.wikipedia.org/wiki/Campeonato_de_Primera_C_2019-20_(Argentina)
2020-01-31,17:00,Ituzaingó,San Martín (B),1,1,,,Primera C,2019,zonas,Torneo Clausura,Fecha 2,Carlos Alberto Sacaan,false,https://es.wikipedia.org/wiki/Campeonato_de_Primera_C_2019-20_(Argentina)
2020-01-31,17:00,Leandro N. Alem,Berazategui,3,3,,,Primera C,2019,zonas,Torneo Clausura,Fecha 2,Leandro N. Alem,false,https://es.wikipedia.org/wiki/Campeonato_de_Primera_C_2019-20_(Argentina)
2020-01-31,17:00,Sportivo Italiano,Deportivo Laferrere,1,1,,,Primera C,2019,zonas,Torneo Clausura,Fecha 2,República de Italia,false,https://es.wikipedia.org/wiki/Campeonato_de_Primera_C_2019-20_(Argentina)
2020-01-31,17:45,San Martín (F),Defensores de Belgrano (VR),1,2,,,Torneo Federal A,2019,zonas,Etapa clasificatoria,Fecha 17,17 de Octubre,false,https://es.wikipedia.org/wiki/Torneo_Federal_A_2019-20
2020-01-31,21:00,Boca Unidos,Chaco For Ever,2,0,,,Torneo Federal A,2019,zonas,Etapa clasificatoria,Fecha 17,Leoncio Benítez,false,https://es.wikipedia.org/wiki/Torneo_Federal_A_2019-20
2020-01-31,21:00,Sarmiento (R),Central Norte (S),1,0,,,Torneo Federal A,2019,zonas,Etapa clasificatoria,Fecha 17,Centenario,false,https://es.wikipedia.org/wiki/Torneo_Federal_A_2019-20
2020-01-31,21:10,Huracán,Gimnasia y Esgrima (LP),1,1,,,Primera Division,2019,zonas,,Fecha 18,Tomás A. Ducó,false,https://es.wikipedia.org/wiki/Campeonato_de_Primera_División_2019-20_(Argentina)
2020-02-01,17:00,Argentino de Merlo,Central Córdoba (R),1,0,,,Primera C,2019,zonas,Torneo Clausura,Fecha 2,Merlo,false,https://es.wikipedia.org/wiki/Campeonato_de_Primera_C_2019-20_(Argentina)
2020-02-01,17:00,Cañuelas,Deportivo Merlo,0,4,,,Primera C,2019,zonas,Torneo Clausura,Fecha 2,José Alfredo Arín,false,https://es.wikipedia.org/wiki/Campeonato_de_Primera_C_2019-20_(Argentina)
2020-02-01,17:00,Colegiales,Almirante Brown,2,1,,,Primera B,2019,zonas,Torneo Clausura,Fecha 2,Colegiales,false,https://es.wikipedia.org/wiki/Campeonato_de_Primera_B_2019-20_(Argentina)
2020-02-01,17:00,Deportivo Armenio,Talleres (RdE),0,3,,,Primera B,2019,zonas,Torneo Clausura,Fecha 2,Armenia,false,https://es.wikipedia.org/wiki/Campeonato_de_Primera_B_2019-20_(Argentina)
2020-02-01,17:00,Deportivo Español,Luján,1,1,,,Primera C,2019,zonas,Torneo Clausura,Fecha 2,Nueva España,false,https://es.wikipedia.org/wiki/Campeonato_de_Primera_C_2019-20_(Argentina)
2020-02-01,17:00,General Lamadrid,Dock Sud,3,0,,,Primera C,2019,zonas,Torneo Clausura,Fecha 2,Enrique Sexto,false,https://es.wikipedia.org/wiki/Campeonato_de_Primera_C_2019-20_(Argentina)
2020-02-01,17:00,Tristán Suárez,UAI Urquiza,3,0,,,Primera B,2019,zonas,Torneo Clausura,Fecha 2,20 de Octubre,false,https://es.wikipedia.org/wiki/Campeonato_de_Primera_B_2019-20_(Argentina)
2020-02-01,17:00,Victoriano Arenas,Real Pilar,1,2,,,Primera C,2019,zonas,Torneo Clausura,Fecha 2,Saturnino Moure,false,https://es.wikipedia.org/wiki/Campeonato_de_Primera_C_2019-20_(Argentina)
2020-02-01,17:35,Independiente,Rosario Central,5,0,,,Primera Division,2019,zonas,,Fecha 18,Libertadores de América,false,https://es.wikipedia.org/wiki/Campeonato_de_Primera_División_2019-20_(Argentina)
2020-02-01,18:00,Douglas Haig,Crucero del Norte,2,0,,,Torneo Federal A,2019,zonas,Etapa clasificatoria,Fecha 17,Miguel Morales,false,https://es.wikipedia.org/wiki/Torneo_Federal_A_2019-20
2020-02-01,19:40,Atlético Tucumán,Defensa y Justicia,1,1,,,Primera Division,2019,zonas,,Fecha 18,Monumental José Fierro,false,https://es.wikipedia.org/wiki/Campeonato_de_Primera_División_2019-20_(Argentina)
2020-02-01,19:40,Estudiantes (LP),Unión,3,1,,,Primera Division,2019,zonas,,Fecha 18,Jorge Luis Hirschi,false,https://es.wikipedia.org/wiki/Campeonato_de_Primera_División_2019-20_(Argentina)
2020-02-01,20:30,Güemes (SdE),Sportivo Belgrano,2,0,,,Torneo Federal A,2019,zonas,Etapa clasificatoria,Fecha 17,Arturo Miranda,false,https://es.wikipedia.org/wiki/Torneo_Federal_A_2019-20
2020-02-01,21:30,Defensores de Pronunciamiento,Unión (S),3,2,,,Torneo Federal A,2019,zonas,Etapa clasificatoria,Fecha 17,Delio Cardozo,false,https://es.wikipedia.org/wiki/Torneo_Federal_A_2019-20
2020-02-01,21:45,Argentinos Juniors,Racing Club,1,1,,,Primera Division,2019,zonas,,Fecha 18,Diego Armando Maradona,false,https://es.wikipedia.org/wiki/Campeonato_de_Primera_División_2019-20_(Argentina)
2020-02-02,17:00,Flandria,Argentino de Quilmes,0,1,,,Primera B,2019,zonas,Torneo Clausura,Fecha 2,Carlos V,false,https://es.wikipedia.org/wiki/Campeonato_de_Primera_B_2019-20_(Argentina)
2020-02-02,17:00,J. J. de Urquiza,Villa San Carlos,3,2,,,Primera B,2019,zonas,Torneo Clausura,Fecha 2,Ramón Roque Martín,false,https://es.wikipedia.org/wiki/Campeonato_de_Primera_B_2019-20_(Argentina)
2020-02-02,17:00,Sacachispas,Fénix,1,1,,,Primera B,2019,zonas,Torneo Clausura,Fecha 2,Beto Larrosa,false,https://es.wikipedia.org/wiki/Campeonato_de_Primera_B_2019-20_(Argentina)
2020-02-02,17:00,San Miguel,Comunicaciones,0,1,,,Primera B,2019,zonas,Torneo Clausura,Fecha 2,Malvinas Argentinas,false,https://es.wikipedia.org/wiki/Campeonato_de_Primera_B_2019-20_(Argentina)
2020-02-02,17:00,San Telmo,Defensores Unidos,1,2,,,Primera B,2019,zonas,Torneo Clausura,Fecha 2,Dr. Osvaldo Baletto,false,https://es.wikipedia.org/wiki/Campeonato_de_Primera_B_2019-20_(Argentina)
2020-02-02,17:30,Olimpo,Deportivo Camioneros,2,0,,,Torneo Federal A,2019,zonas,Etapa clasificatoria,Fecha 17,Roberto Natalio Carminatti,false,https://es.wikipedia.org/wiki/Torneo_Federal_A_2019-20
2020-02-02,17:30,Sansinena,Juventud Unida Universitario,0,3,,,Torneo Federal A,2019,zonas,Etapa clasificatoria,Fecha 17,Luis Molina,false,https://es.wikipedia.org/wiki/Torneo_Federal_A_2019-20
2020-02-02,17:30,Sol de Mayo (V),Desamparados,0,1,,,Torneo Federal A,2019,zonas,Etapa clasificatoria,Fecha 17,Sol de Mayo,false,https://es.wikipedia.org/wiki/Torneo_Federal_A_2019-20
2020-02-02,17:35,River Plate,Central Córdoba (SdE),2,0,,,Primera Division,2019,zonas,,Fecha 18,Monumental,false,https://es.wikipedia.org/wiki/Campeonato_de_Primera_División_2019-20_(Argentina)
2020-02-02,18:00,Huracán Las Heras,Círculo Deportivo,1,0,,,Torneo Federal A,2019,zonas,Etapa clasificatoria,Fecha 17,General San Martín,false,https://es.wikipedia.org/wiki/Torneo_Federal_A_2019-20
2020-02-02,18:00,Sportivo Las Parejas,Gimnasia y Esgrima (CdU),3,1,,,Torneo Federal A,2019,zonas,Etapa clasificatoria,Fecha 17,4 de Septiembre,false,https://es.wikipedia.org/wiki/Torneo_Federal_A_2019-20
2020-02-02,19:40,Colón,Banfield,0,1,,,Primera Division,2019,zonas,,Fecha 18,Brigadier Estanislao López,false,https://es.wikipedia.org/wiki/Campeonato_de_Primera_División_2019-20_(Argentina)
2020-02-02,19:40,Lanús,Godoy Cruz,2,0,,,Primera Division,2019,zonas,,Fecha 18,Ciudad de Lanús,false,https://es.wikipedia.org/wiki/Campeonato_de_Primera_División_2019-20_(Argentina)
2020-02-02,21:00,Sportivo Estudiantes (SL),Deportivo Maipú,0,1,,,Torneo Federal A,2019,zonas,Etapa clasificatoria,Fecha 17,Héctor Odicino y Pedro Benoza,false,https://es.wikipedia.org/wiki/Torneo_Federal_A_2019-20
2020-02-02,21:45,Talleres (C),Boca Juniors,1,2,,,Primera Division,2019,zonas,,Fecha 18,Mario Alberto Kempes,false,https://es.wikipedia.org/wiki/Campeonato_de_Primera_División_2019-20_(Argentina)
2020-02-03,17:00,Deportivo Madryn,Villa Mitre,0,0,,,Torneo Federal A,2019,zonas,Etapa clasificatoria,Fecha 17,Abel Sastre,false,https://es.wikipedia.org/wiki/Torneo_Federal_A_2019-20
2020-02-03,17:00,Sportivo Peñarol (C),Cipolletti,2,2,,,Torneo Federal A,2019,zonas,Etapa clasificatoria,Fecha 17,Ramón Pablo Rojas,false,https://es.wikipedia.org/wiki/Torneo_Federal_A_2019-20
2020-02-03,19:00,Patronato,Arsenal,2,2,,,Primera Division,2019,zonas,,Fecha 18,Presbítero Bartolomé Grella,false,https://es.wikipedia.org/wiki/Campeonato_de_Primera_División_2019-20_(Argentina)
2020-02-03,21:10,Newell's Old Boys,San Lorenzo,1,0,,,Primera Division,2019,zonas,,Fecha 18,Marcelo Bielsa,false,https://es.wikipedia.org/wiki/Campeonato_de_Primera_División_2019-20_(Argentina)
2020-02-04,17:00,Berazategui,El Porvenir,0,1,,,Primera C,2019,zonas,Torneo Clausura,Fecha 3,Norman Lee,false,https://es.wikipedia.org/wiki/Campeonato_de_Primera_C_2019-20_(Argentina)
2020-02-04,17:00,Central Córdoba (R),Leandro N. Alem,0,0,,,Primera C,2019,zonas,Torneo Clausura,Fecha 3,Gabino Sosa,false,https://es.wikipedia.org/wiki/Campeonato_de_Primera_C_2019-20_(Argentina)
2020-02-04,17:00,Deportivo Merlo,Sportivo Italiano,1,1,,,Primera C,2019,zonas,Torneo Clausura,Fecha 3,José Manuel Moreno,false,https://es.wikipedia.org/wiki/Campeonato_de_Primera_C_2019-20_(Argentina)
2020-02-04,17:00,Excursionistas,Victoriano Arenas,1,0,,,Primera C,2019,zonas,Torneo Clausura,Fecha 3,Excursionistas,false,https://es.wikipedia.org/wiki/Campeonato_de_Primera_C_2019-20_(Argentina)
2020-02-04,20:00,Deportivo Laferrere,Argentino de Merlo,3,3,,,Primera C,2019,zonas,Torneo Clausura,Fecha 3,Ciudad de Laferrere,false,https://es.wikipedia.org/wiki/Campeonato_de_Primera_C_2019-20_(Argentina)
2020-02-04,21:05,Los Andes,Acassuso,1,3,,,Primera B,2019,zonas,Torneo Clausura,Fecha 2,Eduardo Gallardón,false,https://es.wikipedia.org/wiki/Campeonato_de_Primera_B_2019-20_(Argentina)
2020-02-05,17:00,Luján,Cañuelas,1,0,,,Primera C,2019,zonas,Torneo Clausura,Fecha 3,Municipal de la Ciudad de Luján,false,https://es.wikipedia.org/wiki/Campeonato_de_Primera_C_2019-20_(Argentina)
2020-02-05,17:00,Real Pilar,Ituzaingó,0,1,,,Primera C,2019,zonas,Torneo Clausura,Fecha 3,Carlos Barraza,false,https://es.wikipedia.org/wiki/Campeonato_de_Primera_C_2019-20_(Argentina)
2020-02-05,17:00,San Martín (B),Deportivo Español,1,0,,,Primera C,2019,zonas,Torneo Clausura,Fecha 3,Francisco Boga,false,https://es.wikipedia.org/wiki/Campeonato_de_Primera_C_2019-20_(Argentina)
2020-02-05,17:30,Ferrocarril Midland,General Lamadrid,0,0,,,Primera C,2019,zonas,Torneo Clausura,Fecha 3,Ciudad de Libertad,false,https://es.wikipedia.org/wiki/Campeonato_de_Primera_C_2019-20_(Argentina)
2020-02-07,17:00,Defensores Unidos,Flandria,1,1,,,Primera B,2019,zonas,Torneo Clausura,Fecha 3,Gigante de Villa Fox,false,https://es.wikipedia.org/wiki/Campeonato_de_Primera_B_2019-20_(Argentina)
2020-02-07,17:00,UAI Urquiza,Deportivo Armenio,2,1,,,Primera B,2019,zonas,Torneo Clausura,Fecha 3,Monumental de Villa Lynch,false,https://es.wikipedia.org/wiki/Campeonato_de_Primera_B_2019-20_(Argentina)
2020-02-07,17:05,Barracas Central,Guillermo Brown,1,1,,,Primera Nacional,2019,zonas,Zona A,Fecha 16,Claudio Chiqui Tapia,false,https://es.wikipedia.org/wiki/Campeonato_de_Primera_Nacional_2019-20
2020-02-07,19:00,Aldosivi,Central Córdoba (SdE),0,2,,,Primera Division,2019,zonas,,Fecha 19,José María Minella,false,https://es.wikipedia.org/wiki/Campeonato_de_Primera_División_2019-20_(Argentina)
2020-02-07,19:00,Quilmes,Tigre,2,1,,,Primera Nacional,2019,zonas,Zona B,Fecha 16,Centenario,false,https://es.wikipedia.org/wiki/Campeonato_de_Primera_Nacional_2019-20
2020-02-07,21:00,Atlético de Rafaela,Brown de Adrogué,2,0,,,Primera Nacional,2019,zonas,Zona B,Fecha 16,Nuevo Monumental,false,https://es.wikipedia.org/wiki/Campeonato_de_Primera_Nacional_2019-20
2020-02-07,21:00,Temperley,Estudiantes (RC),0,0,,,Primera Nacional,2019,zonas,Zona A,Fecha 16,Alfredo Beranger,false,https://es.wikipedia.org/wiki/Campeonato_de_Primera_Nacional_2019-20
2020-02-07,21:10,Argentinos Juniors,Lanús,0,0,,,Primera Division,2019,zonas,,Fecha 19,Diego Armando Maradona,false,https://es.wikipedia.org/wiki/Campeonato_de_Primera_División_2019-20_(Argentina)
2020-02-07,21:30,Ferro Carril Oeste (GP),Sportivo Peñarol (C),1,0,,,Torneo Federal A,2019,zonas,Etapa clasificatoria,Fecha 18,El Coloso del Barrio Talleres,false,https://es.wikipedia.org/wiki/Torneo_Federal_A_2019-20
2020-02-07,21:30,Gimnasia y Esgrima (J),Deportivo Riestra,0,1,,,Primera Nacional,2019,zonas,Zona B,Fecha 16,23 de agosto,false,https://es.wikipedia.org/wiki/Campeonato_de_Primera_Nacional_2019-20
2020-02-08,17:00,Almirante Brown,Sacachispas,1,1,,,Primera B,2019,zonas,Torneo Clausura,Fecha 3,Fragata Presidente Sarmiento,false,https://es.wikipedia.org/wiki/Campeonato_de_Primera_B_2019-20_(Argentina)
2020-02-08,17:00,Comunicaciones,Colegiales,1,0,,,Primera B,2019,zonas,Torneo Clausura,Fecha 3,Alfredo Ramos,false,https://es.wikipedia.org/wiki/Campeonato_de_Primera_B_2019-20_(Argentina)
2020-02-08,17:00,Defensores de Belgrano,Gimnasia y Esgrima (M),1,0,,,Primera Nacional,2019,zonas,Zona B,Fecha 16,Juan Pasquale,false,https://es.wikipedia.org/wiki/Campeonato_de_Primera_Nacional_2019-20
2020-02-08,17:00,Deportivo Español,Real Pilar,0,2,,,Primera C,2019,zonas,Torneo Clausura,Fecha 4,Nueva España,false,https://es.wikipedia.org/wiki/Campeonato_de_Primera_C_2019-20_(Argentina)
2020-02-08,17:00,Talleres (RdE),San Telmo,1,1,,,Primera B,2019,zonas,Torneo Clausura,Fecha 3,Talleres,false,https://es.wikipedia.org/wiki/Campeonato_de_Primera_B_2019-20_(Argentina)
2020-02-08,17:05,All Boys,Chacarita Juniors,1,1,,,Primera Nacional,2019,zonas,Zona B,Fecha 16,Islas Malvinas,false,https://es.wikipedia.org/wiki/Campeonato_de_Primera_Nacional_2019-20
2020-02-08,17:30,Estudiantes (BA),Mitre (SdE),3,2,,,Primera Nacional,2019,zonas,Zona A,Fecha 16,Ciudad de Caseros,false,https://es.wikipedia.org/wiki/Campeonato_de_Primera_Nacional_2019-20
2020-02-08,17:35,Defensa y Justicia,Colón,0,0,,,Primera Division,2019,zonas,,Fecha 19,Norberto Tomaghello,false,https://es.wikipedia.org/wiki/Campeonato_de_Primera_División_2019-20_(Argentina)
2020-02-08,17:35,Gimnasia y Esgrima (LP),Patronato,1,1,,,Primera Division,2019,zonas,,Fecha 19,Del Bosque,false,https://es.wikipedia.org/wiki/Campeonato_de_Primera_División_2019-20_(Argentina)
2020-02-08,19:05,Platense,Ferro Carril Oeste,0,3,,,Primera Nacional,2019,zonas,Zona A,Fecha 16,Ciudad de Vicente López,false,https://es.wikipedia.org/wiki/Campeonato_de_Primera_Nacional_2019-20
2020-02-08,19:40,Banfield,Rosario Central,1,1,,,Primera Division,2019,zonas,,Fecha 19,Florencio Sola,false,https://es.wikipedia.org/wiki/Campeonato_de_Primera_División_2019-20_(Argentina)
2020-02-08,19:40,Newell's Old Boys,Estudiantes (LP),0,0,,,Primera Division,2019,zonas,,Fecha 19,Marcelo Bielsa,false,https://es.wikipedia.org/wiki/Campeonato_de_Primera_División_2019-20_(Argentina)
2020-02-08,20:00,San Martín (SJ),Belgrano,0,1,,,Primera Nacional,2019,zonas,Zona A,Fecha 16,Ingeniero Hilario Sánchez,false,https://es.wikipedia.org/wiki/Campeonato_de_Primera_Nacional_2019-20
2020-02-08,21:45,Boca Juniors,Atlético Tucumán,2,0,,,Primera Division,2019,zonas,,Fecha 19,La Bombonera,false,https://es.wikipedia.org/wiki/Campeonato_de_Primera_División_2019-20_(Argentina)
2020-02-09,17:00,Acassuso,J. J. de Urquiza,3,1,,,Primera B,2019,zonas,Torneo Clausura,Fecha 3,Armenia,false,https://es.wikipedia.org/wiki/Campeonato_de_Primera_B_2019-20_(Argentina)
2020-02-09,17:00,Argentino de Merlo,Deportivo Merlo,1,2,,,Primera C,2019,zonas,Torneo Clausura,Fecha 4,Merlo,false,https://es.wikipedia.org/wiki/Campeonato_de_Primera_C_2019-20_(Argentina)
2020-02-09,17:00,Argentino de Quilmes,Los Andes,1,2,,,Primera B,2019,zonas,Torneo Clausura,Fecha 3,Argentino de Quilmes,false,https://es.wikipedia.org/wiki/Campeonato_de_Primera_B_2019-20_(Argentina)
2020-02-09,17:00,Cañuelas,San Martín (B),0,1,,,Primera C,2019,zonas,Torneo Clausura,Fecha 4,José Alfredo Arín,false,https://es.wikipedia.org/wiki/Campeonato_de_Primera_C_2019-20_(Argentina)
2020-02-09,17:00,Círculo Deportivo,Sansinena,0,1,,,Torneo Federal A,2019,zonas,Etapa clasificatoria,Fecha 18,Guillermo Trama,false,https://es.wikipedia.org/wiki/Torneo_Federal_A_2019-20
2020-02-09,17:00,Deportivo Camioneros,Huracán Las Heras,1,1,,,Torneo Federal A,2019,zonas,Etapa clasificatoria,Fecha 18,Hugo Moyano,false,https://es.wikipedia.org/wiki/Torneo_Federal_A_2019-20
2020-02-09,17:00,General Lamadrid,Berazategui,0,2,,,Primera C,2019,zonas,Torneo Clausura,Fecha 4,Enrique Sexto,false,https://es.wikipedia.org/wiki/Campeonato_de_Primera_C_2019-20_(Argentina)
2020-02-09,17:00,Villa San Carlos,San Miguel,1,2,,,Primera B,2019,zonas,Torneo Clausura,Fecha 3,Genacio Sálice,false,https://es.wikipedia.org/wiki/Campeonato_de_Primera_B_2019-20_(Argentina)
2020-02-09,17:05,Deportivo Morón,Nueva Chicago,0,0,,,Primera Nacional,2019,zonas,Zona A,Fecha 16,Nuevo Francisco Urbano,false,https://es.wikipedia.org/wiki/Campeonato_de_Primera_Nacional_2019-20
2020-02-09,17:30,Crucero del Norte,Boca Unidos,1,0,,,Torneo Federal A,2019,zonas,Etapa clasificatoria,Fecha 18,Comandante Andrés Guacurarí,false,https://es.wikipedia.org/wiki/Torneo_Federal_A_2019-20
2020-02-09,17:30,Gimnasia y Esgrima (CdU),Güemes (SdE),1,1,,,Torneo Federal A,2019,zonas,Etapa clasificatoria,Fecha 18,Manuel y Ramón Núñez,false,https://es.wikipedia.org/wiki/Torneo_Federal_A_2019-20
2020-02-09,17:30,Juventud Unida (G),Sarmiento (R),0,1,,,Torneo Federal A,2019,zonas,Etapa clasificatoria,Fecha 18,De los Eucaliptos,false,https://es.wikipedia.org/wiki/Torneo_Federal_A_2019-20
2020-02-09,17:35,San Lorenzo,Vélez Sarsfield,1,0,,,Primera Division,2019,zonas,,Fecha 19,Nuevo Gasómetro,false,https://es.wikipedia.org/wiki/Campeonato_de_Primera_División_2019-20_(Argentina)
2020-02-09,18:00,Central Norte (S),San Martín (F),4,0,,,Torneo Federal A,2019,zonas,Etapa clasificatoria,Fecha 18,Padre Ernesto Martearena,false,https://es.wikipedia.org/wiki/Torneo_Federal_A_2019-20
2020-02-09,18:00,San Martín (T),Almagro,1,1,,,Primera Nacional,2019,zonas,Zona B,Fecha 16,La Ciudadela,false,https://es.wikipedia.org/wiki/Campeonato_de_Primera_Nacional_2019-20
2020-02-09,18:30,Deportivo Maipú,Deportivo Madryn,1,4,,,Torneo Federal A,2019,zonas,Etapa clasificatoria,Fecha 18,Omar Higinio Sperdutti,false,https://es.wikipedia.org/wiki/Torneo_Federal_A_2019-20
2020-02-09,19:00,Agropecuario,Alvarado,1,0,,,Primera Nacional,2019,zonas,Zona A,Fecha 16,Ofelia Rosenzuaig,false,https://es.wikipedia.org/wiki/Campeonato_de_Primera_Nacional_2019-20
2020-02-09,19:00,Instituto,Villa Dálmine,1,2,,,Primera Nacional,2019,zonas,Zona B,Fecha 16,Juan Domingo Perón,false,https://es.wikipedia.org/wiki/Campeonato_de_Primera_Nacional_2019-20
2020-02-09,19:00,Unión (S),Douglas Haig,1,1,,,Torneo Federal A,2019,zonas,Etapa clasificatoria,Fecha 18,De la Avenida,false,https://es.wikipedia.org/wiki/Torneo_Federal_A_2019-20
2020-02-09,19:40,Racing Club,Independiente,1,0,,,Primera Division,2019,zonas,,Fecha 19,El Cilindro,false,https://es.wikipedia.org/wiki/Campeonato_de_Primera_División_2019-20_(Argentina)
2020-02-09,20:00,Cipolletti,Sportivo Estudiantes (SL),2,1,,,Torneo Federal A,2019,zonas,Etapa clasificatoria,Fecha 18,La Visera de Cemento,false,https://es.wikipedia.org/wiki/Torneo_Federal_A_2019-20
2020-02-09,20:00,Independiente Rivadavia,Atlanta,0,1,,,Primera Nacional,2019,zonas,Zona A,Fecha 16,Bautista Gargantini,false,https://es.wikipedia.org/wiki/Campeonato_de_Primera_Nacional_2019-20
2020-02-09,20:30,Sportivo Belgrano,Defensores de Pronunciamiento,1,2,,,Torneo Federal A,2019,zonas,Etapa clasificatoria,Fecha 18,Oscar Carlos Boero,false,https://es.wikipedia.org/wiki/Torneo_Federal_A_2019-20
2020-02-09,21:00,Villa Mitre,Olimpo,2,0,,,Torneo Federal A,2019,zonas,Etapa clasificatoria,Fecha 18,El Fortín,false,https://es.wikipedia.org/wiki/Torneo_Federal_A_2019-20
2020-02-09,21:30,Juventud Unida Universitario,Sol de Mayo (V),1,0,,,Torneo Federal A,2019,zonas,Etapa clasificatoria,Fecha 18,Mario Sebastián Diez,false,https://es.wikipedia.org/wiki/Torneo_Federal_A_2019-20
2020-02-09,21:45,Unión,River Plate,1,2,,,Primera Division,2019,zonas,,Fecha 19,15 de Abril,false,https://es.wikipedia.org/wiki/Campeonato_de_Primera_División_2019-20_(Argentina)
2020-02-10,17:00,Fénix,Tristán Suárez,0,1,,,Primera B,2019,zonas,Torneo Clausura,Fecha 3,José Manuel Moreno,false,https://es.wikipedia.org/wiki/Campeonato_de_Primera_B_2019-20_(Argentina)
2020-02-10,17:00,Ituzaingó,Excursionistas,2,1,,,Primera C,2019,zonas,Torneo Clausura,Fecha 4,Carlos Alberto Sacaan,false,https://es.wikipedia.org/wiki/Campeonato_de_Primera_C_2019-20_(Argentina)
2020-02-10,17:00,Leandro N. Alem,Deportivo Laferrere,1,0,,,Primera C,2019,zonas,Torneo Clausura,Fecha 4,Leandro N. Alem,false,https://es.wikipedia.org/wiki/Campeonato_de_Primera_C_2019-20_(Argentina)
2020-02-10,17:00,Sportivo Italiano,Luján,2,0,,,Primera C,2019,zonas,Torneo Clausura,Fecha 4,República de Italia,false,https://es.wikipedia.org/wiki/Campeonato_de_Primera_C_2019-20_(Argentina)
2020-02-10,19:00,Arsenal,Talleres (C),1,1,,,Primera Division,2019,zonas,,Fecha 19,El Viaducto,false,https://es.wikipedia.org/wiki/Campeonato_de_Primera_División_2019-20_(Argentina)
2020-02-10,20:30,Ramón Santamarina,Sarmiento (J),1,1,,,Primera Nacional,2019,zonas,Zona B,Fecha 16,Municipal General San Martín,false,https://es.wikipedia.org/wiki/Campeonato_de_Primera_Nacional_2019-20
2020-02-10,21:00,Defensores de Belgrano (VR),Sportivo Las Parejas,1,1,,,Torneo Federal A,2019,zonas,Etapa clasificatoria,Fecha 18,Salomón Boeseldín,false,https://es.wikipedia.org/wiki/Torneo_Federal_A_2019-20
2020-02-10,21:10,Godoy Cruz,Huracán,2,1,,,Primera Division,2019,zonas,,Fecha 19,Malvinas Argentinas,false,https://es.wikipedia.org/wiki/Campeonato_de_Primera_División_2019-20_(Argentina)
2020-02-11,17:00,Dock Sud,Ferrocarril Midland,2,1,,,Primera C,2019,zonas,Torneo Clausura,Fecha 4,De los Inmigrantes,false,https://es.wikipedia.org/wiki/Campeonato_de_Primera_C_2019-20_(Argentina)
2020-02-11,17:00,El Porvenir,Central Córdoba (R),0,4,,,Primera C,2019,zonas,Torneo Clausura,Fecha 4,Gildo Francisco Ghersinich,false,https://es.wikipedia.org/wiki/Campeonato_de_Primera_C_2019-20_(Argentina)
2020-02-14,19:00,Patronato,Unión,1,0,,,Primera Division,2019,zonas,,Fecha 20,Presbítero Bartolomé Grella,false,https://es.wikipedia.org/wiki/Campeonato_de_Primera_División_2019-20_(Argentina)
2020-02-14,21:10,Colón,Racing Club,1,1,,,Primera Division,2019,zonas,,Fecha 20,Brigadier Estanislao López,false,https://es.wikipedia.org/wiki/Campeonato_de_Primera_División_2019-20_(Argentina)
2020-02-14,21:30,Sportivo Estudiantes (SL),Ferro Carril Oeste (GP),2,2,,,Torneo Federal A,2019,zonas,Etapa clasificatoria,Fecha 19,Héctor Odicino y Pedro Benoza,false,https://es.wikipedia.org/wiki/Torneo_Federal_A_2019-20
2020-02-15,17:00,Brown de Adrogué,All Boys,2,1,,,Primera Nacional,2019,zonas,Zona B,Fecha 17,Lorenzo Arandilla,false,https://es.wikipedia.org/wiki/Campeonato_de_Primera_Nacional_2019-20
2020-02-15,17:00,Chacarita Juniors,Gimnasia y Esgrima (J),0,0,,,Primera Nacional,2019,zonas,Zona B,Fecha 17,Chacarita Juniors,false,https://es.wikipedia.org/wiki/Campeonato_de_Primera_Nacional_2019-20
2020-02-15,17:00,Comunicaciones,Villa San Carlos,0,1,,,Primera B,2019,zonas,Torneo Clausura,Fecha 4,Alfredo Ramos,false,https://es.wikipedia.org/wiki/Campeonato_de_Primera_B_2019-20_(Argentina)
2020-02-15,17:00,Deportivo Armenio,Fénix,3,2,,,Primera B,2019,zonas,Torneo Clausura,Fecha 4,Armenia,false,https://es.wikipedia.org/wiki/Campeonato_de_Primera_B_2019-20_(Argentina)
2020-02-15,17:00,Deportivo Merlo,Leandro N. Alem,0,0,,,Primera C,2019,zonas,Torneo Clausura,Fecha 5,José Manuel Moreno,false,https://es.wikipedia.org/wiki/Campeonato_de_Primera_C_2019-20_(Argentina)
2020-02-15,17:00,Deportivo Riestra,Ramón Santamarina,1,0,,,Primera Nacional,2019,zonas,Zona B,Fecha 17,Guillermo Laza,false,https://es.wikipedia.org/wiki/Campeonato_de_Primera_Nacional_2019-20
2020-02-15,17:00,Güemes (SdE),Defensores de Belgrano (VR),2,0,,,Torneo Federal A,2019,zonas,Etapa clasificatoria,Fecha 19,Arturo Miranda,false,https://es.wikipedia.org/wiki/Torneo_Federal_A_2019-20
2020-02-15,17:00,Real Pilar,Cañuelas,0,1,,,Primera C,2019,zonas,Torneo Clausura,Fecha 5,Carlos Barraza,false,https://es.wikipedia.org/wiki/Campeonato_de_Primera_C_2019-20_(Argentina)
2020-02-15,17:00,San Telmo,UAI Urquiza,2,1,,,Primera B,2019,zonas,Torneo Clausura,Fecha 4,Dr. Osvaldo Baletto,false,https://es.wikipedia.org/wiki/Campeonato_de_Primera_B_2019-20_(Argentina)
2020-02-15,17:00,Victoriano Arenas,Ituzaingó,2,1,,,Primera C,2019,zonas,Torneo Clausura,Fecha 5,Saturnino Moure,false,https://es.wikipedia.org/wiki/Campeonato_de_Primera_C_2019-20_(Argentina)
2020-02-15,17:30,Estudiantes (BA),San Martín (SJ),5,3,,,Primera Nacional,2019,zonas,Zona A,Fecha 17,Ciudad de Caseros,false,https://es.wikipedia.org/wiki/Campeonato_de_Primera_Nacional_2019-20
2020-02-15,17:35,Huracán,Aldosivi,0,2,,,Primera Division,2019,zonas,,Fecha 20,Tomás A. Ducó,false,https://es.wikipedia.org/wiki/Campeonato_de_Primera_División_2019-20_(Argentina)
2020-02-15,17:45,San Martín (F),Juventud Unida (G),2,1,,,Torneo Federal A,2019,zonas,Etapa clasificatoria,Fecha 19,17 de Octubre,false,https://es.wikipedia.org/wiki/Torneo_Federal_A_2019-20
2020-02-15,18:35,Defensores de Belgrano,Quilmes,2,0,,,Primera Nacional,2019,zonas,Zona B,Fecha 17,Juan Pasquale,false,https://es.wikipedia.org/wiki/Campeonato_de_Primera_Nacional_2019-20
2020-02-15,19:00,Sportivo Las Parejas,Central Norte (S),3,0,,,Torneo Federal A,2019,zonas,Etapa clasificatoria,Fecha 19,4 de Septiembre,false,https://es.wikipedia.org/wiki/Torneo_Federal_A_2019-20
2020-02-15,19:40,Atlético Tucumán,Argentinos Juniors,0,2,,,Primera Division,2019,zonas,,Fecha 20,Monumental José Fierro,false,https://es.wikipedia.org/wiki/Campeonato_de_Primera_División_2019-20_(Argentina)
2020-02-15,19:45,Rosario Central,Gimnasia y Esgrima (LP),1,0,,,Primera Division,2019,zonas,,Fecha 20,Gigante de Arroyito,false,https://es.wikipedia.org/wiki/Campeonato_de_Primera_División_2019-20_(Argentina)
2020-02-15,20:00,Ferro Carril Oeste,Independiente Rivadavia,1,0,,,Primera Nacional,2019,zonas,Zona A,Fecha 17,Arquitecto Ricardo Etcheverri,false,https://es.wikipedia.org/wiki/Campeonato_de_Primera_Nacional_2019-20
2020-02-15,20:35,Tigre,Atlético de Rafaela,2,0,,,Primera Nacional,2019,zonas,Zona B,Fecha 17,Monumental de Victoria,false,https://es.wikipedia.org/wiki/Campeonato_de_Primera_Nacional_2019-20
2020-02-15,21:00,Alvarado,Barracas Central,2,0,,,Primera Nacional,2019,zonas,Zona A,Fecha 17,José María Minella,false,https://es.wikipedia.org/wiki/Campeonato_de_Primera_Nacional_2019-20
2020-02-15,21:00,Deportivo Laferrere,El Porvenir,2,1,,,Primera C,2019,zonas,Torneo Clausura,Fecha 5,Ciudad de Laferrere,false,https://es.wikipedia.org/wiki/Campeonato_de_Primera_C_2019-20_(Argentina)
2020-02-15,21:30,Mitre (SdE),Atlanta,0,1,,,Primera Nacional,2019,zonas,Zona A,Fecha 17,Doctores José y Antonio Castiglione,false,https://es.wikipedia.org/wiki/Campeonato_de_Primera_Nacional_2019-20
2020-02-15,21:50,Talleres (C),San Lorenzo,1,0,,,Primera Division,2019,zonas,,Fecha 20,Mario Alberto Kempes,false,https://es.wikipedia.org/wiki/Campeonato_de_Primera_División_2019-20_(Argentina)
2020-02-16,17:00,Berazategui,Dock Sud,2,3,,,Primera C,2019,zonas,Torneo Clausura,Fecha 5,Norman Lee,false,https://es.wikipedia.org/wiki/Campeonato_de_Primera_C_2019-20_(Argentina)
2020-02-16,17:00,Central Córdoba (R),General Lamadrid,1,1,,,Primera C,2019,zonas,Torneo Clausura,Fecha 5,Gabino Sosa,false,https://es.wikipedia.org/wiki/Campeonato_de_Primera_C_2019-20_(Argentina)
2020-02-16,17:00,Colegiales,Sacachispas,3,1,,,Primera B,2019,zonas,Torneo Clausura,Fecha 4,Colegiales,false,https://es.wikipedia.org/wiki/Campeonato_de_Primera_B_2019-20_(Argentina)
2020-02-16,17:00,Deportivo Madryn,Cipolletti,2,1,,,Torneo Federal A,2019,zonas,Etapa clasificatoria,Fecha 19,Abel Sastre,false,https://es.wikipedia.org/wiki/Torneo_Federal_A_2019-20
2020-02-16,17:00,Flandria,Talleres (RdE),3,1,,,Primera B,2019,zonas,Torneo Clausura,Fecha 4,Carlos V,false,https://es.wikipedia.org/wiki/Campeonato_de_Primera_B_2019-20_(Argentina)
2020-02-16,17:00,Guillermo Brown,Deportivo Morón,1,2,,,Primera Nacional,2019,zonas,Zona A,Fecha 17,Raúl Conti,false,https://es.wikipedia.org/wiki/Campeonato_de_Primera_Nacional_2019-20
2020-02-16,17:00,Huracán Las Heras,Villa Mitre,0,0,,,Torneo Federal A,2019,zonas,Etapa clasificatoria,Fecha 19,General San Martín,false,https://es.wikipedia.org/wiki/Torneo_Federal_A_2019-20
2020-02-16,17:00,J. J. de Urquiza,Argentino de Quilmes,2,1,,,Primera B,2019,zonas,Torneo Clausura,Fecha 4,Ramón Roque Martín,false,https://es.wikipedia.org/wiki/Campeonato_de_Primera_B_2019-20_(Argentina)
2020-02-16,17:00,Olimpo,Deportivo Maipú,3,0,,,Torneo Federal A,2019,zonas,Etapa clasificatoria,Fecha 19,Roberto Natalio Carminatti,false,https://es.wikipedia.org/wiki/Torneo_Federal_A_2019-20
2020-02-16,17:00,San Martín (B),Sportivo Italiano,0,0,,,Primera C,2019,zonas,Torneo Clausura,Fecha 5,Francisco Boga,false,https://es.wikipedia.org/wiki/Campeonato_de_Primera_C_2019-20_(Argentina)
2020-02-16,17:00,San Miguel,Acassuso,0,0,,,Primera B,2019,zonas,Torneo Clausura,Fecha 4,Malvinas Argentinas,false,https://es.wikipedia.org/wiki/Campeonato_de_Primera_B_2019-20_(Argentina)
2020-02-16,17:00,Sansinena,Deportivo Camioneros,1,1,,,Torneo Federal A,2019,zonas,Etapa clasificatoria,Fecha 19,Luis Molina,false,https://es.wikipedia.org/wiki/Torneo_Federal_A_2019-20
2020-02-16,17:00,Sol de Mayo (V),Círculo Deportivo,1,1,,,Torneo Federal A,2019,zonas,Etapa clasificatoria,Fecha 19,Sol de Mayo,false,https://es.wikipedia.org/wiki/Torneo_Federal_A_2019-20
2020-02-16,17:00,Tristán Suárez,Almirante Brown,2,1,,,Primera B,2019,zonas,Torneo Clausura,Fecha 4,20 de Octubre,false,https://es.wikipedia.org/wiki/Campeonato_de_Primera_B_2019-20_(Argentina)
2020-02-16,17:00,Villa Dálmine,San Martín (T),1,2,,,Primera Nacional,2019,zonas,Zona B,Fecha 17,El Coliseo de Mitre y Puccini,false,https://es.wikipedia.org/wiki/Campeonato_de_Primera_Nacional_2019-20
2020-02-16,17:30,Defensores de Pronunciamiento,Gimnasia y Esgrima (CdU),1,0,,,Torneo Federal A,2019,zonas,Etapa clasificatoria,Fecha 19,Delio Cardozo,false,https://es.wikipedia.org/wiki/Torneo_Federal_A_2019-20
2020-02-16,17:30,Douglas Haig,Sportivo Belgrano,2,1,,,Torneo Federal A,2019,zonas,Etapa clasificatoria,Fecha 19,Miguel Morales,false,https://es.wikipedia.org/wiki/Torneo_Federal_A_2019-20
2020-02-16,17:30,Gimnasia y Esgrima (M),Almagro,1,0,,,Primera Nacional,2019,zonas,Zona B,Fecha 17,Víctor Antonio Legrotaglie,false,https://es.wikipedia.org/wiki/Campeonato_de_Primera_Nacional_2019-20
2020-02-16,17:30,Nueva Chicago,Temperley,1,1,,,Primera Nacional,2019,zonas,Zona A,Fecha 17,Nueva Chicago,false,https://es.wikipedia.org/wiki/Campeonato_de_Primera_Nacional_2019-20
2020-02-16,19:00,Belgrano,Agropecuario,1,1,,,Primera Nacional,2019,zonas,Zona A,Fecha 17,Gigante de Alberdi,false,https://es.wikipedia.org/wiki/Campeonato_de_Primera_Nacional_2019-20
2020-02-16,19:30,Chaco For Ever,Crucero del Norte,3,2,,,Torneo Federal A,2019,zonas,Etapa clasificatoria,Fecha 19,Juan Alberto García,false,https://es.wikipedia.org/wiki/Torneo_Federal_A_2019-20
2020-02-16,19:30,Sarmiento (J),Instituto,2,1,,,Primera Nacional,2019,zonas,Zona B,Fecha 17,Eva Perón,false,https://es.wikipedia.org/wiki/Campeonato_de_Primera_Nacional_2019-20
2020-02-16,19:40,Lanús,Newell's Old Boys,1,1,,,Primera Division,2019,zonas,,Fecha 20,Ciudad de Lanús,false,https://es.wikipedia.org/wiki/Campeonato_de_Primera_División_2019-20_(Argentina)
2020-02-16,19:40,River Plate,Banfield,1,0,,,Primera Division,2019,zonas,,Fecha 20,Monumental,false,https://es.wikipedia.org/wiki/Campeonato_de_Primera_División_2019-20_(Argentina)
2020-02-16,20:00,Boca Unidos,Unión (S),1,2,,,Torneo Federal A,2019,zonas,Etapa clasificatoria,Fecha 19,Leoncio Benítez,false,https://es.wikipedia.org/wiki/Torneo_Federal_A_2019-20
2020-02-16,20:30,Desamparados,Juventud Unida Universitario,0,1,,,Torneo Federal A,2019,zonas,Etapa clasificatoria,Fecha 19,El Serpentario,false,https://es.wikipedia.org/wiki/Torneo_Federal_A_2019-20
2020-02-16,21:50,Central Córdoba (SdE),Boca Juniors,0,4,,,Primera Division,2019,zonas,,Fecha 20,Alfredo Terrera,false,https://es.wikipedia.org/wiki/Campeonato_de_Primera_División_2019-20_(Argentina)
2020-02-17,17:00,Luján,Argentino de Merlo,1,1,,,Primera C,2019,zonas,Torneo Clausura,Fecha 5,Municipal de la Ciudad de Luján,false,https://es.wikipedia.org/wiki/Campeonato_de_Primera_C_2019-20_(Argentina)
2020-02-17,18:00,Excursionistas,Deportivo Español,3,1,,,Primera C,2019,zonas,Torneo Clausura,Fecha 5,Excursionistas,false,https://es.wikipedia.org/wiki/Campeonato_de_Primera_C_2019-20_(Argentina)
2020-02-17,19:00,Estudiantes (LP),Defensa y Justicia,1,2,,,Primera Division,2019,zonas,,Fecha 20,Jorge Luis Hirschi,false,https://es.wikipedia.org/wiki/Campeonato_de_Primera_División_2019-20_(Argentina)
2020-02-17,21:10,Estudiantes (RC),Platense,3,2,,,Primera Nacional,2019,zonas,Zona A,Fecha 17,Antonio Candini,false,https://es.wikipedia.org/wiki/Campeonato_de_Primera_Nacional_2019-20
2020-02-17,21:10,Independiente,Arsenal,1,1,,,Primera Division,2019,zonas,,Fecha 20,Libertadores de América,false,https://es.wikipedia.org/wiki/Campeonato_de_Primera_División_2019-20_(Argentina)
2020-02-18,21:10,Los Andes,Defensores Unidos,1,0,,,Primera B,2019,zonas,Torneo Clausura,Fecha 4,Eduardo Gallardón,false,https://es.wikipedia.org/wiki/Campeonato_de_Primera_B_2019-20_(Argentina)
2020-02-21,17:00,Dock Sud,Central Córdoba (R),1,0,,,Primera C,2019,zonas,Torneo Clausura,Fecha 6,De los Inmigrantes,false,https://es.wikipedia.org/wiki/Campeonato_de_Primera_C_2019-20_(Argentina)
2020-02-21,19:00,Banfield,Aldosivi,0,1,,,Primera Division,2019,zonas,,Fecha 21,Florencio Sola,false,https://es.wikipedia.org/wiki/Campeonato_de_Primera_División_2019-20_(Argentina)
2020-02-21,20:00,Atlético de Rafaela,Defensores de Belgrano,1,3,,,Primera Nacional,2019,zonas,Zona B,Fecha 18,Nuevo Monumental,false,https://es.wikipedia.org/wiki/Campeonato_de_Primera_Nacional_2019-20
2020-02-21,21:10,Argentinos Juniors,Patronato,1,1,,,Primera Division,2019,zonas,,Fecha 21,Diego Armando Maradona,false,https://es.wikipedia.org/wiki/Campeonato_de_Primera_División_2019-20_(Argentina)
2020-02-21,21:15,Sportivo Belgrano,Boca Unidos,2,2,,,Torneo Federal A,2019,zonas,Etapa clasificatoria,Fecha 20,Oscar Carlos Boero,false,https://es.wikipedia.org/wiki/Torneo_Federal_A_2019-20
2020-02-21,21:30,Gimnasia y Esgrima (J),Brown de Adrogué,1,1,,,Primera Nacional,2019,zonas,Zona B,Fecha 18,23 de agosto,false,https://es.wikipedia.org/wiki/Campeonato_de_Primera_Nacional_2019-20
2020-02-21,22:00,Central Norte (S),Güemes (SdE),0,0,,,Torneo Federal A,2019,zonas,Etapa clasificatoria,Fecha 20,Padre Ernesto Martearena,false,https://es.wikipedia.org/wiki/Torneo_Federal_A_2019-20
2020-02-22,17:00,Acassuso,Comunicaciones,1,0,,,Primera B,2019,zonas,Torneo Clausura,Fecha 5,Armenia,false,https://es.wikipedia.org/wiki/Campeonato_de_Primera_B_2019-20_(Argentina)
2020-02-22,17:00,Argentino de Quilmes,San Miguel,1,0,,,Primera B,2019,zonas,Torneo Clausura,Fecha 5,Argentino de Quilmes,false,https://es.wikipedia.org/wiki/Campeonato_de_Primera_B_2019-20_(Argentina)
2020-02-22,17:00,Barracas Central,Belgrano,2,3,,,Primera Nacional,2019,zonas,Zona A,Fecha 18,Claudio Chiqui Tapia,false,https://es.wikipedia.org/wiki/Campeonato_de_Primera_Nacional_2019-20
2020-02-22,17:00,Ferrocarril Midland,Berazategui,3,1,,,Primera C,2019,zonas,Torneo Clausura,Fecha 6,Ciudad de Libertad,false,https://es.wikipedia.org/wiki/Campeonato_de_Primera_C_2019-20_(Argentina)
2020-02-22,17:00,Independiente Rivadavia,Estudiantes (RC),0,0,,,Primera Nacional,2019,zonas,Zona A,Fecha 18,Omar Higinio Sperdutti,false,https://es.wikipedia.org/wiki/Campeonato_de_Primera_Nacional_2019-20
2020-02-22,17:00,Talleres (RdE),Los Andes,0,0,,,Primera B,2019,zonas,Torneo Clausura,Fecha 5,Talleres,false,https://es.wikipedia.org/wiki/Campeonato_de_Primera_B_2019-20_(Argentina)
2020-02-22,17:00,UAI Urquiza,Flandria,1,1,,,Primera B,2019,zonas,Torneo Clausura,Fecha 5,Monumental de Villa Lynch,false,https://es.wikipedia.org/wiki/Campeonato_de_Primera_B_2019-20_(Argentina)
2020-02-22,17:00,Villa San Carlos,Colegiales,2,1,,,Primera B,2019,zonas,Torneo Clausura,Fecha 5,Genacio Sálice,false,https://es.wikipedia.org/wiki/Campeonato_de_Primera_B_2019-20_(Argentina)
2020-02-22,17:35,San Lorenzo,Racing Club,0,1,,,Primera Division,2019,zonas,,Fecha 21,Nuevo Gasómetro,false,https://es.wikipedia.org/wiki/Campeonato_de_Primera_División_2019-20_(Argentina)
2020-02-22,19:00,Agropecuario,Estudiantes (BA),0,1,,,Primera Nacional,2019,zonas,Zona A,Fecha 18,Ofelia Rosenzuaig,false,https://es.wikipedia.org/wiki/Campeonato_de_Primera_Nacional_2019-20
2020-02-22,19:00,Instituto,Deportivo Riestra,0,0,,,Primera Nacional,2019,zonas,Zona B,Fecha 18,Juan Domingo Perón,false,https://es.wikipedia.org/wiki/Campeonato_de_Primera_Nacional_2019-20
2020-02-22,19:35,All Boys,Tigre,2,1,,,Primera Nacional,2019,zonas,Zona B,Fecha 18,Islas Malvinas,false,https://es.wikipedia.org/wiki/Campeonato_de_Primera_Nacional_2019-20
2020-02-22,19:40,Independiente,Gimnasia y Esgrima (LP),0,1,,,Primera Division,2019,zonas,,Fecha 21,Libertadores de América,false,https://es.wikipedia.org/wiki/Campeonato_de_Primera_División_2019-20_(Argentina)
2020-02-22,21:00,Deportivo Morón,Alvarado,1,0,,,Primera Nacional,2019,zonas,Zona A,Fecha 18,Nuevo Francisco Urbano,false,https://es.wikipedia.org/wiki/Campeonato_de_Primera_Nacional_2019-20
2020-02-22,21:30,Ferro Carril Oeste (GP),Deportivo Madryn,2,1,,,Torneo Federal A,2019,zonas,Etapa clasificatoria,Fecha 20,El Coloso del Barrio Talleres,false,https://es.wikipedia.org/wiki/Torneo_Federal_A_2019-20
2020-02-22,21:40,Atlanta,Ferro Carril Oeste,2,1,,,Primera Nacional,2019,zonas,Zona A,Fecha 18,Don León Kolbowsky,false,https://es.wikipedia.org/wiki/Campeonato_de_Primera_Nacional_2019-20
2020-02-22,21:45,Newell's Old Boys,Colón,4,0,,,Primera Division,2019,zonas,,Fecha 21,Marcelo Bielsa,false,https://es.wikipedia.org/wiki/Campeonato_de_Primera_División_2019-20_(Argentina)
2020-02-22,21:50,Atlético Tucumán,Lanús,2,2,,,Primera Division,2019,zonas,,Fecha 21,Monumental José Fierro,false,https://es.wikipedia.org/wiki/Campeonato_de_Primera_División_2019-20_(Argentina)
2020-02-23,17:00,Almagro,Villa Dálmine,0,0,,,Primera Nacional,2019,zonas,Zona B,Fecha 18,Tres de Febrero,false,https://es.wikipedia.org/wiki/Campeonato_de_Primera_Nacional_2019-20
2020-02-23,17:00,Defensores Unidos,J. J. de Urquiza,0,2,,,Primera B,2019,zonas,Torneo Clausura,Fecha 5,Gigante de Villa Fox,false,https://es.wikipedia.org/wiki/Campeonato_de_Primera_B_2019-20_(Argentina)
2020-02-23,17:00,Deportivo Camioneros,Sol de Mayo (V),3,2,,,Torneo Federal A,2019,zonas,Etapa clasificatoria,Fecha 20,Hugo Moyano,false,https://es.wikipedia.org/wiki/Torneo_Federal_A_2019-20
2020-02-23,17:00,Deportivo Maipú,Huracán Las Heras,0,0,,,Torneo Federal A,2019,zonas,Etapa clasificatoria,Fecha 20,Omar Higinio Sperdutti,false,https://es.wikipedia.org/wiki/Torneo_Federal_A_2019-20
2020-02-23,17:00,Fénix,San Telmo,1,3,,,Primera B,2019,zonas,Torneo Clausura,Fecha 5,José Manuel Moreno,false,https://es.wikipedia.org/wiki/Campeonato_de_Primera_B_2019-20_(Argentina)
2020-02-23,17:00,General Lamadrid,Deportivo Laferrere,1,0,,,Primera C,2019,zonas,Torneo Clausura,Fecha 6,Enrique Sexto,false,https://es.wikipedia.org/wiki/Campeonato_de_Primera_C_2019-20_(Argentina)
2020-02-23,17:00,Gimnasia y Esgrima (CdU),Douglas Haig,0,0,,,Torneo Federal A,2019,zonas,Etapa clasificatoria,Fecha 20,Manuel y Ramón Núñez,false,https://es.wikipedia.org/wiki/Torneo_Federal_A_2019-20
2020-02-23,17:00,Leandro N. Alem,Luján,1,2,,,Primera C,2019,zonas,Torneo Clausura,Fecha 6,Leandro N. Alem,false,https://es.wikipedia.org/wiki/Campeonato_de_Primera_C_2019-20_(Argentina)
2020-02-23,17:00,Sacachispas,Tristán Suárez,0,0,,,Primera B,2019,zonas,Torneo Clausura,Fecha 5,Beto Larrosa,false,https://es.wikipedia.org/wiki/Campeonato_de_Primera_B_2019-20_(Argentina)
2020-02-23,17:30,Juventud Unida (G),Sportivo Las Parejas,1,0,,,Torneo Federal A,2019,zonas,Etapa clasificatoria,Fecha 20,De los Eucaliptos,false,https://es.wikipedia.org/wiki/Torneo_Federal_A_2019-20
2020-02-23,17:35,Arsenal,Vélez Sarsfield,0,4,,,Primera Division,2019,zonas,,Fecha 21,El Viaducto,false,https://es.wikipedia.org/wiki/Campeonato_de_Primera_División_2019-20_(Argentina)
2020-02-23,18:30,Quilmes,Gimnasia y Esgrima (M),2,2,,,Primera Nacional,2019,zonas,Zona B,Fecha 18,Centenario,false,https://es.wikipedia.org/wiki/Campeonato_de_Primera_Nacional_2019-20
2020-02-23,18:30,Unión (S),Chaco For Ever,2,0,,,Torneo Federal A,2019,zonas,Etapa clasificatoria,Fecha 20,De la Avenida,false,https://es.wikipedia.org/wiki/Torneo_Federal_A_2019-20
2020-02-23,19:00,San Martín (SJ),Mitre (SdE),0,0,,,Primera Nacional,2019,zonas,Zona A,Fecha 18,Ingeniero Hilario Sánchez,false,https://es.wikipedia.org/wiki/Campeonato_de_Primera_Nacional_2019-20
2020-02-23,19:30,Sarmiento (R),San Martín (F),1,0,,,Torneo Federal A,2019,zonas,Etapa clasificatoria,Fecha 20,Centenario,false,https://es.wikipedia.org/wiki/Torneo_Federal_A_2019-20
2020-02-23,19:40,Boca Juniors,Godoy Cruz,3,0,,,Primera Division,2019,zonas,,Fecha 21,La Bombonera,false,https://es.wikipedia.org/wiki/Campeonato_de_Primera_División_2019-20_(Argentina)
2020-02-23,20:00,Cipolletti,Olimpo,0,5,,,Torneo Federal A,2019,zonas,Etapa clasificatoria,Fecha 20,La Visera de Cemento,false,https://es.wikipedia.org/wiki/Torneo_Federal_A_2019-20
2020-02-23,20:00,Defensores de Belgrano (VR),Defensores de Pronunciamiento,0,1,,,Torneo Federal A,2019,zonas,Etapa clasificatoria,Fecha 20,Salomón Boeseldín,false,https://es.wikipedia.org/wiki/Torneo_Federal_A_2019-20
2020-02-23,21:45,Estudiantes (LP),River Plate,0,2,,,Primera Division,2019,zonas,,Fecha 21,Jorge Luis Hirschi,false,https://es.wikipedia.org/wiki/Campeonato_de_Primera_División_2019-20_(Argentina)
2020-02-24,17:00,Argentino de Merlo,San Martín (B),4,1,,,Primera C,2019,zonas,Torneo Clausura,Fecha 6,Merlo,false,https://es.wikipedia.org/wiki/Campeonato_de_Primera_C_2019-20_(Argentina)
2020-02-24,17:00,Cañuelas,Excursionistas,1,2,,,Primera C,2019,zonas,Torneo Clausura,Fecha 6,Talleres de Remedios de Escalada,false,https://es.wikipedia.org/wiki/Campeonato_de_Primera_C_2019-20_(Argentina)
2020-02-24,17:00,Círculo Deportivo,Desamparados,2,2,,,Torneo Federal A,2019,zonas,Etapa clasificatoria,Fecha 20,Guillermo Trama,false,https://es.wikipedia.org/wiki/Torneo_Federal_A_2019-20
2020-02-24,17:00,El Porvenir,Deportivo Merlo,0,3,,,Primera C,2019,zonas,Torneo Clausura,Fecha 6,Gildo Francisco Ghersinich,false,https://es.wikipedia.org/wiki/Campeonato_de_Primera_C_2019-20_(Argentina)
2020-02-24,17:00,Sportivo Italiano,Real Pilar,1,3,,,Primera C,2019,zonas,Torneo Clausura,Fecha 6,República de Italia,false,https://es.wikipedia.org/wiki/Campeonato_de_Primera_C_2019-20_(Argentina)
2020-02-24,17:00,Villa Mitre,Sansinena,0,0,,,Torneo Federal A,2019,zonas,Etapa clasificatoria,Fecha 20,El Fortín,false,https://es.wikipedia.org/wiki/Torneo_Federal_A_2019-20
2020-02-24,17:05,Platense,Nueva Chicago,0,1,,,Primera Nacional,2019,zonas,Zona A,Fecha 18,Ciudad de Vicente López,false,https://es.wikipedia.org/wiki/Campeonato_de_Primera_Nacional_2019-20
2020-02-24,17:30,Sportivo Peñarol (C),Sportivo Estudiantes (SL),1,3,,,Torneo Federal A,2019,zonas,Etapa clasificatoria,Fecha 20,Ramón Pablo Rojas,false,https://es.wikipedia.org/wiki/Torneo_Federal_A_2019-20
2020-02-24,19:10,Temperley,Guillermo Brown,1,3,,,Primera Nacional,2019,zonas,Zona A,Fecha 18,Alfredo Beranger,false,https://es.wikipedia.org/wiki/Campeonato_de_Primera_Nacional_2019-20
2020-02-24,19:40,Defensa y Justicia,Rosario Central,3,0,,,Primera Division,2019,zonas,,Fecha 21,Norberto Tomaghello,false,https://es.wikipedia.org/wiki/Campeonato_de_Primera_División_2019-20_(Argentina)
2020-02-24,20:30,Ramón Santamarina,Chacarita Juniors,2,1,,,Primera Nacional,2019,zonas,Zona B,Fecha 18,Municipal General San Martín,false,https://es.wikipedia.org/wiki/Campeonato_de_Primera_Nacional_2019-20
2020-02-24,21:45,Unión,Central Córdoba (SdE),0,0,,,Primera Division,2019,zonas,,Fecha 21,15 de Abril,false,https://es.wikipedia.org/wiki/Campeonato_de_Primera_División_2019-20_(Argentina)
2020-02-24,21:50,San Martín (T),Sarmiento (J),2,0,,,Primera Nacional,2019,zonas,Zona B,Fecha 18,La Ciudadela,false,https://es.wikipedia.org/wiki/Campeonato_de_Primera_Nacional_2019-20
2020-02-24,21:50,Talleres (C),Huracán,4,2,,,Primera Division,2019,zonas,,Fecha 21,Mario Alberto Kempes,false,https://es.wikipedia.org/wiki/Campeonato_de_Primera_División_2019-20_(Argentina)
2020-02-25,17:00,Deportivo Español,Victoriano Arenas,0,2,,,Primera C,2019,zonas,Torneo Clausura,Fecha 6,Nueva España,false,https://es.wikipedia.org/wiki/Campeonato_de_Primera_C_2019-20_(Argentina)
2020-02-25,17:30,Almirante Brown,Deportivo Armenio,2,0,,,Primera B,2019,zonas,Torneo Clausura,Fecha 5,Fragata Presidente Sarmiento,false,https://es.wikipedia.org/wiki/Campeonato_de_Primera_B_2019-20_(Argentina)
2020-02-28,17:00,Deportivo Laferrere,Dock Sud,1,1,,,Primera C,2019,zonas,Torneo Clausura,Fecha 7,Ciudad de Laferrere,false,https://es.wikipedia.org/wiki/Campeonato_de_Primera_C_2019-20_(Argentina)
2020-02-28,17:05,Defensores de Belgrano,All Boys,0,2,,,Primera Nacional,2019,zonas,Zona B,Fecha 19,Juan Pasquale,false,https://es.wikipedia.org/wiki/Campeonato_de_Primera_Nacional_2019-20
2020-02-28,19:00,Racing Club,Newell's Old Boys,1,1,,,Primera Division,2019,zonas,,Fecha 22,El Cilindro,false,https://es.wikipedia.org/wiki/Campeonato_de_Primera_División_2019-20_(Argentina)
2020-02-28,19:30,Tigre,Gimnasia y Esgrima (J),3,1,,,Primera Nacional,2019,zonas,Zona B,Fecha 19,Monumental de Victoria,false,https://es.wikipedia.org/wiki/Campeonato_de_Primera_Nacional_2019-20
2020-02-28,21:10,Colón,Boca Juniors,0,4,,,Primera Division,2019,zonas,,Fecha 22,Brigadier Estanislao López,false,https://es.wikipedia.org/wiki/Campeonato_de_Primera_División_2019-20_(Argentina)
2020-02-29,17:00,Brown de Adrogué,Ramón Santamarina,0,0,,,Primera Nacional,2019,zonas,Zona B,Fecha 19,Lorenzo Arandilla,false,https://es.wikipedia.org/wiki/Campeonato_de_Primera_Nacional_2019-20
2020-02-29,17:00,Central Córdoba (R),Ferrocarril Midland,0,1,,,Primera C,2019,zonas,Torneo Clausura,Fecha 7,Gabino Sosa,false,https://es.wikipedia.org/wiki/Campeonato_de_Primera_C_2019-20_(Argentina)
2020-02-29,17:00,Comunicaciones,Argentino de Quilmes,2,1,,,Primera B,2019,zonas,Torneo Clausura,Fecha 6,Alfredo Ramos,false,https://es.wikipedia.org/wiki/Campeonato_de_Primera_B_2019-20_(Argentina)
2020-02-29,17:00,Defensores de Pronunciamiento,Central Norte (S),1,4,,,Torneo Federal A,2019,zonas,Etapa clasificatoria,Fecha 21,Delio Cardozo,false,https://es.wikipedia.org/wiki/Torneo_Federal_A_2019-20
2020-02-29,17:00,Deportivo Armenio,Sacachispas,0,0,,,Primera B,2019,zonas,Torneo Clausura,Fecha 6,Armenia,false,https://es.wikipedia.org/wiki/Campeonato_de_Primera_B_2019-20_(Argentina)
2020-02-29,17:00,Deportivo Madryn,Sportivo Peñarol (C),1,0,,,Torneo Federal A,2019,zonas,Etapa clasificatoria,Fecha 21,Abel Sastre,false,https://es.wikipedia.org/wiki/Torneo_Federal_A_2019-20
2020-02-29,17:00,Douglas Haig,Defensores de Belgrano (VR),2,5,,,Torneo Federal A,2019,zonas,Etapa clasificatoria,Fecha 21,Miguel Morales,false,https://es.wikipedia.org/wiki/Torneo_Federal_A_2019-20
2020-02-29,17:00,Flandria,Fénix,1,0,,,Primera B,2019,zonas,Torneo Clausura,Fecha 6,Carlos V,false,https://es.wikipedia.org/wiki/Campeonato_de_Primera_B_2019-20_(Argentina)
2020-02-29,17:00,Ituzaingó,Deportivo Español,1,1,,,Primera C,2019,zonas,Torneo Clausura,Fecha 7,Carlos Alberto Sacaan,false,https://es.wikipedia.org/wiki/Campeonato_de_Primera_C_2019-20_(Argentina)
2020-02-29,17:00,Los Andes,UAI Urquiza,0,1,,,Primera B,2019,zonas,Torneo Clausura,Fecha 6,Eduardo Gallardón,false,https://es.wikipedia.org/wiki/Campeonato_de_Primera_B_2019-20_(Argentina)
2020-02-29,17:00,Real Pilar,Argentino de Merlo,0,0,,,Primera C,2019,zonas,Torneo Clausura,Fecha 7,Carlos Barraza,false,https://es.wikipedia.org/wiki/Campeonato_de_Primera_C_2019-20_(Argentina)
2020-02-29,17:00,San Telmo,Almirante Brown,0,0,,,Primera B,2019,zonas,Torneo Clausura,Fecha 6,Dr. Osvaldo Baletto,false,https://es.wikipedia.org/wiki/Campeonato_de_Primera_B_2019-20_(Argentina)
2020-02-29,17:30,Gimnasia y Esgrima (LP),Atlético Tucumán,1,0,,,Primera Division,2019,zonas,,Fecha 22,Del Bosque,false,https://es.wikipedia.org/wiki/Campeonato_de_Primera_División_2019-20_(Argentina)
2020-02-29,19:05,Belgrano,Deportivo Morón,1,0,,,Primera Nacional,2019,zonas,Zona A,Fecha 19,Gigante de Alberdi,false,https://es.wikipedia.org/wiki/Campeonato_de_Primera_Nacional_2019-20
2020-02-29,19:40,River Plate,Defensa y Justicia,1,1,,,Primera Division,2019,zonas,,Fecha 22,Monumental,false,https://es.wikipedia.org/wiki/Campeonato_de_Primera_División_2019-20_(Argentina)
2020-02-29,21:05,Alvarado,Temperley,0,2,,,Primera Nacional,2019,zonas,Zona A,Fecha 19,José María Minella,false,https://es.wikipedia.org/wiki/Campeonato_de_Primera_Nacional_2019-20
2020-02-29,21:50,Central Córdoba (SdE),Banfield,1,1,,,Primera Division,2019,zonas,,Fecha 22,Alfredo Terrera,false,https://es.wikipedia.org/wiki/Campeonato_de_Primera_División_2019-20_(Argentina)
2020-02-29,21:50,Godoy Cruz,Unión,1,3,,,Primera Division,2019,zonas,,Fecha 22,Malvinas Argentinas,false,https://es.wikipedia.org/wiki/Campeonato_de_Primera_División_2019-20_(Argentina)
2020-03-01,17:00,Colegiales,Tristán Suárez,1,0,,,Primera B,2019,zonas,Torneo Clausura,Fecha 6,Colegiales,false,https://es.wikipedia.org/wiki/Campeonato_de_Primera_B_2019-20_(Argentina)
2020-03-01,17:00,Crucero del Norte,Unión (S),0,0,,,Torneo Federal A,2019,zonas,Etapa clasificatoria,Fecha 21,Comandante Andrés Guacurarí,false,https://es.wikipedia.org/wiki/Torneo_Federal_A_2019-20
2020-03-01,17:00,Deportivo Merlo,General Lamadrid,2,1,,,Primera C,2019,zonas,Torneo Clausura,Fecha 7,José Manuel Moreno,false,https://es.wikipedia.org/wiki/Campeonato_de_Primera_C_2019-20_(Argentina)
2020-03-01,17:00,Estudiantes (BA),Barracas Central,2,0,,,Primera Nacional,2019,zonas,Zona A,Fecha 19,Ciudad de Caseros,false,https://es.wikipedia.org/wiki/Campeonato_de_Primera_Nacional_2019-20
2020-03-01,17:00,Excursionistas,Sportivo Italiano,1,0,,,Primera C,2019,zonas,Torneo Clausura,Fecha 7,Excursionistas,false,https://es.wikipedia.org/wiki/Campeonato_de_Primera_C_2019-20_(Argentina)
2020-03-01,17:00,Guillermo Brown,Platense,1,1,,,Primera Nacional,2019,zonas,Zona A,Fecha 19,Raúl Conti,false,https://es.wikipedia.org/wiki/Campeonato_de_Primera_Nacional_2019-20
2020-03-01,17:00,Luján,El Porvenir,0,0,,,Primera C,2019,zonas,Torneo Clausura,Fecha 7,Municipal de la Ciudad de Luján,false,https://es.wikipedia.org/wiki/Campeonato_de_Primera_C_2019-20_(Argentina)
2020-03-01,17:00,Olimpo,Ferro Carril Oeste (GP),2,1,,,Torneo Federal A,2019,zonas,Etapa clasificatoria,Fecha 21,Roberto Natalio Carminatti,false,https://es.wikipedia.org/wiki/Torneo_Federal_A_2019-20
2020-03-01,17:00,San Martín (B),Leandro N. Alem,1,2,,,Primera C,2019,zonas,Torneo Clausura,Fecha 7,Francisco Boga,false,https://es.wikipedia.org/wiki/Campeonato_de_Primera_C_2019-20_(Argentina)
2020-03-01,17:00,San Miguel,Defensores Unidos,1,1,,,Primera B,2019,zonas,Torneo Clausura,Fecha 6,Malvinas Argentinas,false,https://es.wikipedia.org/wiki/Campeonato_de_Primera_B_2019-20_(Argentina)
2020-03-01,17:00,Sansinena,Deportivo Maipú,1,1,,,Torneo Federal A,2019,zonas,Etapa clasificatoria,Fecha 21,Luis Molina,false,https://es.wikipedia.org/wiki/Torneo_Federal_A_2019-20
2020-03-01,17:00,Sol de Mayo (V),Villa Mitre,1,3,,,Torneo Federal A,2019,zonas,Etapa clasificatoria,Fecha 21,Sol de Mayo,false,https://es.wikipedia.org/wiki/Torneo_Federal_A_2019-20
2020-03-01,17:00,Victoriano Arenas,Cañuelas,2,2,,,Primera C,2019,zonas,Torneo Clausura,Fecha 7,Saturnino Moure,false,https://es.wikipedia.org/wiki/Campeonato_de_Primera_C_2019-20_(Argentina)
2020-03-01,17:00,Villa San Carlos,Acassuso,3,0,,,Primera B,2019,zonas,Torneo Clausura,Fecha 6,Genacio Sálice,false,https://es.wikipedia.org/wiki/Campeonato_de_Primera_B_2019-20_(Argentina)
2020-03-01,17:30,Gimnasia y Esgrima (M),Villa Dálmine,3,1,,,Primera Nacional,2019,zonas,Zona B,Fecha 19,Víctor Antonio Legrotaglie,false,https://es.wikipedia.org/wiki/Campeonato_de_Primera_Nacional_2019-20
2020-03-01,17:30,Huracán Las Heras,Cipolletti,0,0,,,Torneo Federal A,2019,zonas,Etapa clasificatoria,Fecha 21,General San Martín,false,https://es.wikipedia.org/wiki/Torneo_Federal_A_2019-20
2020-03-01,17:35,Aldosivi,San Lorenzo,1,3,,,Primera Division,2019,zonas,,Fecha 22,José María Minella,false,https://es.wikipedia.org/wiki/Campeonato_de_Primera_División_2019-20_(Argentina)
2020-03-01,19:00,Chaco For Ever,Sportivo Belgrano,2,0,,,Torneo Federal A,2019,zonas,Etapa clasificatoria,Fecha 21,Juan Alberto García,false,https://es.wikipedia.org/wiki/Torneo_Federal_A_2019-20
2020-03-01,19:00,San Martín (SJ),Agropecuario,3,2,,,Primera Nacional,2019,zonas,Zona A,Fecha 19,Ingeniero Hilario Sánchez,false,https://es.wikipedia.org/wiki/Campeonato_de_Primera_Nacional_2019-20
2020-03-01,19:05,Mitre (SdE),Ferro Carril Oeste,0,1,,,Primera Nacional,2019,zonas,Zona A,Fecha 19,Doctores José y Antonio Castiglione,false,https://es.wikipedia.org/wiki/Campeonato_de_Primera_Nacional_2019-20
2020-03-01,19:40,Lanús,Estudiantes (LP),1,1,,,Primera Division,2019,zonas,,Fecha 22,Ciudad de Lanús,false,https://es.wikipedia.org/wiki/Campeonato_de_Primera_División_2019-20_(Argentina)
2020-03-01,19:45,Rosario Central,Arsenal,3,1,,,Primera Division,2019,zonas,,Fecha 22,Gigante de Arroyito,false,https://es.wikipedia.org/wiki/Campeonato_de_Primera_División_2019-20_(Argentina)
2020-03-01,20:00,Boca Unidos,Gimnasia y Esgrima (CdU),1,4,,,Torneo Federal A,2019,zonas,Etapa clasificatoria,Fecha 21,Leoncio Benítez,false,https://es.wikipedia.org/wiki/Torneo_Federal_A_2019-20
2020-03-01,20:00,Sportivo Las Parejas,Sarmiento (R),3,1,,,Torneo Federal A,2019,zonas,Etapa clasificatoria,Fecha 21,4 de Septiembre,false,https://es.wikipedia.org/wiki/Torneo_Federal_A_2019-20
2020-03-01,20:30,Desamparados,Deportivo Camioneros,2,1,,,Torneo Federal A,2019,zonas,Etapa clasificatoria,Fecha 21,El Serpentario,false,https://es.wikipedia.org/wiki/Torneo_Federal_A_2019-20
2020-03-01,20:30,Juventud Unida Universitario,Círculo Deportivo,1,0,,,Torneo Federal A,2019,zonas,Etapa clasificatoria,Fecha 21,Mario Sebastián Diez,false,https://es.wikipedia.org/wiki/Torneo_Federal_A_2019-20
2020-03-01,21:10,Estudiantes (RC),Atlanta,1,0,,,Primera Nacional,2019,zonas,Zona A,Fecha 19,Antonio Candini,false,https://es.wikipedia.org/wiki/Campeonato_de_Primera_Nacional_2019-20
2020-03-01,21:50,Vélez Sarsfield,Argentinos Juniors,2,0,,,Primera Division,2019,zonas,,Fecha 22,José Amalfitani,false,https://es.wikipedia.org/wiki/Campeonato_de_Primera_División_2019-20_(Argentina)
2020-03-02,17:00,Deportivo Riestra,San Martín (T),0,1,,,Primera Nacional,2019,zonas,Zona B,Fecha 19,Guillermo Laza,false,https://es.wikipedia.org/wiki/Campeonato_de_Primera_Nacional_2019-20
2020-03-02,17:00,J. J. de Urquiza,Talleres (RdE),1,0,,,Primera B,2019,zonas,Torneo Clausura,Fecha 6,Ramón Roque Martín,false,https://es.wikipedia.org/wiki/Campeonato_de_Primera_B_2019-20_(Argentina)
2020-03-02,17:00,Nueva Chicago,Independiente Rivadavia,1,1,,,Primera Nacional,2019,zonas,Zona A,Fecha 19,Juan Pasquale,false,https://es.wikipedia.org/wiki/Campeonato_de_Primera_Nacional_2019-20
2020-03-02,19:00,Patronato,Talleres (C),3,2,,,Primera Division,2019,zonas,,Fecha 22,Presbítero Bartolomé Grella,false,https://es.wikipedia.org/wiki/Campeonato_de_Primera_División_2019-20_(Argentina)
2020-03-02,20:00,Quilmes,Atlético de Rafaela,1,1,,,Primera Nacional,2019,zonas,Zona B,Fecha 19,Centenario,false,https://es.wikipedia.org/wiki/Campeonato_de_Primera_Nacional_2019-20
2020-03-02,21:10,Huracán,Independiente,1,0,,,Primera Division,2019,zonas,,Fecha 22,Tomás A. Ducó,false,https://es.wikipedia.org/wiki/Campeonato_de_Primera_División_2019-20_(Argentina)
2020-03-02,21:10,Sarmiento (J),Almagro,0,1,,,Primera Nacional,2019,zonas,Zona B,Fecha 19,Eva Perón,false,https://es.wikipedia.org/wiki/Campeonato_de_Primera_Nacional_2019-20
2020-03-02,22:00,Güemes (SdE),Juventud Unida (G),3,0,,,Torneo Federal A,2019,zonas,Etapa clasificatoria,Fecha 21,Arturo Miranda,false,https://es.wikipedia.org/wiki/Torneo_Federal_A_2019-20
2020-03-03,19:10,Chacarita Juniors,Instituto,1,0,,,Primera Nacional,2019,zonas,Zona B,Fecha 19,Chacarita Juniors,false,https://es.wikipedia.org/wiki/Campeonato_de_Primera_Nacional_2019-20
2020-03-04,19:00,Vélez Sarsfield,Godoy Cruz,0,1,,,Primera Division,2019,zonas,,Fecha 20,José Amalfitani,false,https://es.wikipedia.org/wiki/Campeonato_de_Primera_División_2019-20_(Argentina)
2020-03-06,17:00,Berazategui,Central Córdoba (R),1,2,,,Primera C,2019,zonas,Torneo Clausura,Fecha 8,Norman Lee,false,https://es.wikipedia.org/wiki/Campeonato_de_Primera_C_2019-20_(Argentina)
2020-03-06,17:00,Cañuelas,Ituzaingó,0,2,,,Primera C,2019,zonas,Torneo Clausura,Fecha 8,Talleres (RE),false,https://es.wikipedia.org/wiki/Campeonato_de_Primera_C_2019-20_(Argentina)
2020-03-06,17:00,Fénix,Los Andes,0,0,,,Primera B,2019,zonas,Torneo Clausura,Fecha 7,Armenia,false,https://es.wikipedia.org/wiki/Campeonato_de_Primera_B_2019-20_(Argentina)
2020-03-06,17:00,Leandro N. Alem,Real Pilar,1,3,,,Primera C,2019,zonas,Torneo Clausura,Fecha 8,Leandro N. Alem,false,https://es.wikipedia.org/wiki/Campeonato_de_Primera_C_2019-20_(Argentina)
2020-03-06,19:00,Arsenal,Aldosivi,4,0,,,Primera Division,2019,zonas,,Fecha 23,El Viaducto,false,https://es.wikipedia.org/wiki/Campeonato_de_Primera_División_2019-20_(Argentina)
2020-03-06,20:00,Argentino de Merlo,Excursionistas,2,0,,,Primera C,2019,zonas,Torneo Clausura,Fecha 8,Merlo,false,https://es.wikipedia.org/wiki/Campeonato_de_Primera_C_2019-20_(Argentina)
2020-03-06,21:00,Platense,Alvarado,0,2,,,Primera Nacional,2019,zonas,Zona A,Fecha 20,Ciudad de Vicente López,false,https://es.wikipedia.org/wiki/Campeonato_de_Primera_Nacional_2019-20
2020-03-06,21:10,Argentinos Juniors,Rosario Central,2,1,,,Primera Division,2019,zonas,,Fecha 23,Diego Armando Maradona,false,https://es.wikipedia.org/wiki/Campeonato_de_Primera_División_2019-20_(Argentina)
2020-03-06,21:30,Gimnasia y Esgrima (J),Defensores de Belgrano,0,1,,,Primera Nacional,2019,zonas,Zona B,Fecha 20,23 de agosto,false,https://es.wikipedia.org/wiki/Campeonato_de_Primera_Nacional_2019-20
2020-03-06,21:30,Sportivo Estudiantes (SL),Deportivo Madryn,1,0,,,Torneo Federal A,2019,zonas,Etapa clasificatoria,Fecha 22,Héctor Odicino y Pedro Benoza,false,https://es.wikipedia.org/wiki/Torneo_Federal_A_2019-20
2020-03-06,22:00,Central Norte (S),Douglas Haig,1,0,,,Torneo Federal A,2019,zonas,Etapa clasificatoria,Fecha 22,Padre Ernesto Martearena,false,https://es.wikipedia.org/wiki/Torneo_Federal_A_2019-20
2020-03-07,17:00,Acassuso,Colegiales,2,1,,,Primera B,2019,zonas,Torneo Clausura,Fecha 7,Armenia,false,https://es.wikipedia.org/wiki/Campeonato_de_Primera_B_2019-20_(Argentina)
2020-03-07,17:00,Agropecuario,Mitre (SdE),2,0,,,Primera Nacional,2019,zonas,Zona A,Fecha 20,Ofelia Rosenzuaig,false,https://es.wikipedia.org/wiki/Campeonato_de_Primera_Nacional_2019-20
2020-03-07,17:00,Deportivo Camioneros,Juventud Unida Universitario,0,1,,,Torneo Federal A,2019,zonas,Etapa clasificatoria,Fecha 22,Hugo Moyano,false,https://es.wikipedia.org/wiki/Torneo_Federal_A_2019-20
2020-03-07,17:00,Deportivo Morón,Estudiantes (BA),1,0,,,Primera Nacional,2019,zonas,Zona A,Fecha 20,Nuevo Francisco Urbano,false,https://es.wikipedia.org/wiki/Campeonato_de_Primera_Nacional_2019-20
2020-03-07,17:00,Gimnasia y Esgrima (CdU),Chaco For Ever,0,0,,,Torneo Federal A,2019,zonas,Etapa clasificatoria,Fecha 22,Manuel y Ramón Núñez,false,https://es.wikipedia.org/wiki/Torneo_Federal_A_2019-20
2020-03-07,17:00,Sportivo Italiano,Victoriano Arenas,1,1,,,Primera C,2019,zonas,Torneo Clausura,Fecha 8,República de Italia,false,https://es.wikipedia.org/wiki/Campeonato_de_Primera_C_2019-20_(Argentina)
2020-03-07,17:00,Tristán Suárez,Deportivo Armenio,2,1,,,Primera B,2019,zonas,Torneo Clausura,Fecha 7,20 de Octubre,false,https://es.wikipedia.org/wiki/Campeonato_de_Primera_B_2019-20_(Argentina)
2020-03-07,17:00,Villa Mitre,Desamparados,2,0,,,Torneo Federal A,2019,zonas,Etapa clasificatoria,Fecha 22,El Fortín,false,https://es.wikipedia.org/wiki/Torneo_Federal_A_2019-20
2020-03-07,17:20,San Martín (F),Sportivo Las Parejas,0,2,,,Torneo Federal A,2019,zonas,Etapa clasificatoria,Fecha 22,17 de Octubre,false,https://es.wikipedia.org/wiki/Torneo_Federal_A_2019-20
2020-03-07,18:00,Banfield,Huracán,0,3,,,Primera Division,2019,zonas,,Fecha 23,Florencio Sola,false,https://es.wikipedia.org/wiki/Campeonato_de_Primera_División_2019-20_(Argentina)
2020-03-07,18:00,Defensa y Justicia,Patronato,2,0,,,Primera Division,2019,zonas,,Fecha 23,Norberto Tomaghello,false,https://es.wikipedia.org/wiki/Campeonato_de_Primera_División_2019-20_(Argentina)
2020-03-07,19:00,Atlético de Rafaela,Gimnasia y Esgrima (M),1,5,,,Primera Nacional,2019,zonas,Zona B,Fecha 20,Nuevo Monumental,false,https://es.wikipedia.org/wiki/Campeonato_de_Primera_Nacional_2019-20
2020-03-07,19:00,Villa Dálmine,Sarmiento (J),1,0,,,Primera Nacional,2019,zonas,Zona B,Fecha 20,El Coliseo de Mitre y Puccini,false,https://es.wikipedia.org/wiki/Campeonato_de_Primera_Nacional_2019-20
2020-03-07,19:10,Sarmiento (R),Güemes (SdE),2,0,,,Torneo Federal A,2019,zonas,Etapa clasificatoria,Fecha 22,Centenario,false,https://es.wikipedia.org/wiki/Torneo_Federal_A_2019-20
2020-03-07,21:00,Atlético Tucumán,River Plate,1,1,,,Primera Division,2019,zonas,,Fecha 23,Monumental José Fierro,false,https://es.wikipedia.org/wiki/Campeonato_de_Primera_División_2019-20_(Argentina)
2020-03-07,21:00,Boca Juniors,Gimnasia y Esgrima (LP),1,0,,,Primera Division,2019,zonas,,Fecha 23,La Bombonera,false,https://es.wikipedia.org/wiki/Campeonato_de_Primera_División_2019-20_(Argentina)
2020-03-08,17:00,All Boys,Quilmes,1,0,,,Primera Nacional,2019,zonas,Zona B,Fecha 20,Islas Malvinas,false,https://es.wikipedia.org/wiki/Campeonato_de_Primera_Nacional_2019-20
2020-03-08,17:00,Almagro,Deportivo Riestra,0,2,,,Primera Nacional,2019,zonas,Zona B,Fecha 20,Tres de Febrero,false,https://es.wikipedia.org/wiki/Campeonato_de_Primera_Nacional_2019-20
2020-03-08,17:00,Almirante Brown,Flandria,1,1,,,Primera B,2019,zonas,Torneo Clausura,Fecha 7,Fragata Presidente Sarmiento,false,https://es.wikipedia.org/wiki/Campeonato_de_Primera_B_2019-20_(Argentina)
2020-03-08,17:00,Argentino de Quilmes,Villa San Carlos,0,0,,,Primera B,2019,zonas,Torneo Clausura,Fecha 7,Argentino de Quilmes,false,https://es.wikipedia.org/wiki/Campeonato_de_Primera_B_2019-20_(Argentina)
2020-03-08,17:00,Ferrocarril Midland,Deportivo Laferrere,1,0,,,Primera C,2019,zonas,Torneo Clausura,Fecha 8,Ciudad de Libertad,false,https://es.wikipedia.org/wiki/Campeonato_de_Primera_C_2019-20_(Argentina)
2020-03-08,17:00,General Lamadrid,Luján,1,0,,,Primera C,2019,zonas,Torneo Clausura,Fecha 8,Enrique Sexto,false,https://es.wikipedia.org/wiki/Campeonato_de_Primera_C_2019-20_(Argentina)
2020-03-08,17:00,Juventud Unida (G),Defensores de Pronunciamiento,1,0,,,Torneo Federal A,2019,zonas,Etapa clasificatoria,Fecha 22,De los Eucaliptos,false,https://es.wikipedia.org/wiki/Torneo_Federal_A_2019-20
2020-03-08,17:00,UAI Urquiza,J. J. de Urquiza,1,0,,,Primera B,2019,zonas,Torneo Clausura,Fecha 7,Monumental de Villa Lynch,false,https://es.wikipedia.org/wiki/Campeonato_de_Primera_B_2019-20_(Argentina)
2020-03-08,17:10,Atlanta,Nueva Chicago,2,0,,,Primera Nacional,2019,zonas,Zona A,Fecha 20,Don León Kolbowsky,false,https://es.wikipedia.org/wiki/Campeonato_de_Primera_Nacional_2019-20
2020-03-08,17:30,Deportivo Maipú,Sol de Mayo (V),3,0,,,Torneo Federal A,2019,zonas,Etapa clasificatoria,Fecha 22,Omar Higinio Sperdutti,false,https://es.wikipedia.org/wiki/Torneo_Federal_A_2019-20
2020-03-08,17:35,San Lorenzo,Lanús,4,3,,,Primera Division,2019,zonas,,Fecha 23,Nuevo Gasómetro,false,https://es.wikipedia.org/wiki/Campeonato_de_Primera_División_2019-20_(Argentina)
2020-03-08,18:00,Sportivo Belgrano,Crucero del Norte,0,1,,,Torneo Federal A,2019,zonas,Etapa clasificatoria,Fecha 22,Oscar Carlos Boero,false,https://es.wikipedia.org/wiki/Torneo_Federal_A_2019-20
2020-03-08,19:00,Instituto,Brown de Adrogué,1,1,,,Primera Nacional,2019,zonas,Zona B,Fecha 20,Juan Domingo Perón,false,https://es.wikipedia.org/wiki/Campeonato_de_Primera_Nacional_2019-20
2020-03-08,19:15,Ferro Carril Oeste (GP),Huracán Las Heras,1,1,,,Torneo Federal A,2019,zonas,Etapa clasificatoria,Fecha 22,El Coloso del Barrio Talleres,false,https://es.wikipedia.org/wiki/Torneo_Federal_A_2019-20
2020-03-08,19:15,San Martín (T),Chacarita Juniors,0,1,,,Primera Nacional,2019,zonas,Zona B,Fecha 20,La Ciudadela,false,https://es.wikipedia.org/wiki/Campeonato_de_Primera_Nacional_2019-20
2020-03-08,19:40,Independiente,Central Córdoba (SdE),3,0,,,Primera Division,2019,zonas,,Fecha 23,Libertadores de América,false,https://es.wikipedia.org/wiki/Campeonato_de_Primera_División_2019-20_(Argentina)
2020-03-08,20:00,Defensores de Belgrano (VR),Boca Unidos,1,0,,,Torneo Federal A,2019,zonas,Etapa clasificatoria,Fecha 22,Salomón Boeseldín,false,https://es.wikipedia.org/wiki/Torneo_Federal_A_2019-20
2020-03-08,20:00,Sportivo Peñarol (C),Olimpo,3,0,,,Torneo Federal A,2019,zonas,Etapa clasificatoria,Fecha 22,Ramón Pablo Rojas,false,https://es.wikipedia.org/wiki/Torneo_Federal_A_2019-20
2020-03-08,21:00,Temperley,Belgrano,1,1,,,Primera Nacional,2019,zonas,Zona A,Fecha 20,Alfredo Beranger,false,https://es.wikipedia.org/wiki/Campeonato_de_Primera_Nacional_2019-20
2020-03-08,21:45,Newell's Old Boys,Godoy Cruz,0,2,,,Primera Division,2019,zonas,,Fecha 23,Marcelo Bielsa,false,https://es.wikipedia.org/wiki/Campeonato_de_Primera_División_2019-20_(Argentina)
2020-03-08,21:50,Talleres (C),Colón,2,0,,,Primera Division,2019,zonas,,Fecha 23,Mario Alberto Kempes,false,https://es.wikipedia.org/wiki/Campeonato_de_Primera_División_2019-20_(Argentina)
2020-03-09,17:00,Barracas Central,San Martín (SJ),2,0,,,Primera Nacional,2019,zonas,Zona A,Fecha 20,Claudio Chiqui Tapia,false,https://es.wikipedia.org/wiki/Campeonato_de_Primera_Nacional_2019-20
2020-03-09,17:00,Defensores Unidos,Comunicaciones,1,1,,,Primera B,2019,zonas,Torneo Clausura,Fecha 7,Gigante de Villa Fox,false,https://es.wikipedia.org/wiki/Campeonato_de_Primera_B_2019-20_(Argentina)
2020-03-09,17:00,El Porvenir,San Martín (B),1,0,,,Primera C,2019,zonas,Torneo Clausura,Fecha 8,Gildo Francisco Ghersinich,false,https://es.wikipedia.org/wiki/Campeonato_de_Primera_C_2019-20_(Argentina)
2020-03-09,17:00,Independiente Rivadavia,Guillermo Brown,0,0,,,Primera Nacional,2019,zonas,Zona A,Fecha 20,Omar Higinio Sperdutti,false,https://es.wikipedia.org/wiki/Campeonato_de_Primera_Nacional_2019-20
2020-03-09,17:00,Sacachispas,San Telmo,1,0,,,Primera B,2019,zonas,Torneo Clausura,Fecha 7,Beto Larrosa,false,https://es.wikipedia.org/wiki/Campeonato_de_Primera_B_2019-20_(Argentina)
2020-03-09,19:00,Unión,Vélez Sarsfield,0,3,,,Primera Division,2019,zonas,,Fecha 23,15 de Abril,false,https://es.wikipedia.org/wiki/Campeonato_de_Primera_División_2019-20_(Argentina)
2020-03-09,21:10,Estudiantes (LP),Racing Club,1,2,,,Primera Division,2019,zonas,,Fecha 23,Jorge Luis Hirschi,false,https://es.wikipedia.org/wiki/Campeonato_de_Primera_División_2019-20_(Argentina)
2020-03-09,21:10,Ferro Carril Oeste,Estudiantes (RC),2,1,,,Primera Nacional,2019,zonas,Zona A,Fecha 20,Arquitecto Ricardo Etcheverri,false,https://es.wikipedia.org/wiki/Campeonato_de_Primera_Nacional_2019-20
2020-03-09,21:20,Cipolletti,Sansinena,2,3,,,Torneo Federal A,2019,zonas,Etapa clasificatoria,Fecha 22,La Visera de Cemento,false,https://es.wikipedia.org/wiki/Torneo_Federal_A_2019-20
2020-03-10,17:00,Dock Sud,Deportivo Merlo,3,1,,,Primera C,2019,zonas,Torneo Clausura,Fecha 8,De los Inmigrantes,false,https://es.wikipedia.org/wiki/Campeonato_de_Primera_C_2019-20_(Argentina)
2020-03-10,20:00,Talleres (RdE),San Miguel,1,2,,,Primera B,2019,zonas,Torneo Clausura,Fecha 7,Talleres,false,https://es.wikipedia.org/wiki/Campeonato_de_Primera_B_2019-20_(Argentina)
2020-03-13,17:00,Ituzaingó,Sportivo Italiano,1,1,,,Primera C,2019,zonas,Torneo Clausura,Fecha 9,Carlos Alberto Sacaan,false,https://es.wikipedia.org/wiki/Campeonato_de_Primera_C_2019-20_(Argentina)
2020-03-13,17:05,Círculo Deportivo,Deportivo Camioneros,2,0,,,Torneo Federal A,2019,zonas,Etapa clasificatoria,Fecha 23,Guillermo Trama,false,https://es.wikipedia.org/wiki/Torneo_Federal_A_2019-20
2020-03-13,20:10,Defensores de Belgrano,Ramón Santamarina,1,0,,,Primera Nacional,2019,zonas,Zona B,Fecha 21,Juan Pasquale,false,https://es.wikipedia.org/wiki/Campeonato_de_Primera_Nacional_2019-20
2020-03-13,21:00,Atlético de Rafaela,All Boys,3,2,,,Primera Nacional,2019,zonas,Zona B,Fecha 21,Nuevo Monumental,false,https://es.wikipedia.org/wiki/Campeonato_de_Primera_Nacional_2019-20
2020-03-13,21:30,Juventud Unida Universitario,Villa Mitre,0,0,,,Torneo Federal A,2019,zonas,Etapa clasificatoria,Fecha 23,Mario Sebastián Diez,false,https://es.wikipedia.org/wiki/Torneo_Federal_A_2019-20
2020-03-13,22:00,Güemes (SdE),San Martín (F),1,0,,,Torneo Federal A,2019,zonas,Etapa clasificatoria,Fecha 23,Arturo Miranda,false,https://es.wikipedia.org/wiki/Torneo_Federal_A_2019-20
2020-03-14,13:10,Los Andes,Almirante Brown,1,3,,,Primera B,2019,zonas,Torneo Clausura,Fecha 8,Eduardo Gallardón,false,https://es.wikipedia.org/wiki/Campeonato_de_Primera_B_2019-20_(Argentina)
2020-03-14,14:10,Comunicaciones,Talleres (RdE),2,1,,,Primera B,2019,zonas,Torneo Clausura,Fecha 8,Alfredo Ramos,false,https://es.wikipedia.org/wiki/Campeonato_de_Primera_B_2019-20_(Argentina)
2020-03-14,16:00,Acassuso,Argentino de Quilmes,1,0,,,Primera B,2019,zonas,Torneo Clausura,Fecha 8,Armenia,false,https://es.wikipedia.org/wiki/Campeonato_de_Primera_B_2019-20_(Argentina)
2020-03-14,16:00,Colegiales,Deportivo Armenio,1,2,,,Primera B,2019,zonas,Torneo Clausura,Fecha 8,Colegiales,false,https://es.wikipedia.org/wiki/Campeonato_de_Primera_B_2019-20_(Argentina)
2020-03-14,16:00,Deportivo Laferrere,Berazategui,1,0,,,Primera C,2019,zonas,Torneo Clausura,Fecha 9,Ciudad de Laferrere,false,https://es.wikipedia.org/wiki/Campeonato_de_Primera_C_2019-20_(Argentina)
2020-03-14,16:00,Estudiantes (BA),Temperley,2,2,,,Primera Nacional,2019,zonas,Zona A,Fecha 21,Ciudad de Caseros,false,https://es.wikipedia.org/wiki/Campeonato_de_Primera_Nacional_2019-20
2020-03-14,16:00,San Miguel,UAI Urquiza,2,4,,,Primera B,2019,zonas,Torneo Clausura,Fecha 8,Malvinas Argentinas,false,https://es.wikipedia.org/wiki/Campeonato_de_Primera_B_2019-20_(Argentina)
2020-03-14,17:00,Mitre (SdE),Estudiantes (RC),0,0,,,Primera Nacional,2019,zonas,Zona A,Fecha 21,Doctores José y Antonio Castiglione,false,https://es.wikipedia.org/wiki/Campeonato_de_Primera_Nacional_2019-20
2020-03-14,17:30,Defensores de Pronunciamiento,Sarmiento (R),0,0,,,Torneo Federal A,2019,zonas,Etapa clasificatoria,Fecha 23,Delio Cardozo,false,https://es.wikipedia.org/wiki/Torneo_Federal_A_2019-20
2020-03-14,19:30,Alvarado,Independiente Rivadavia,0,3,,,Primera Nacional,2019,zonas,Zona A,Fecha 21,José María Minella,false,https://es.wikipedia.org/wiki/Campeonato_de_Primera_Nacional_2019-20
2020-03-15,11:00,Victoriano Arenas,Argentino de Merlo,5,1,,,Primera C,2019,zonas,Torneo Clausura,Fecha 9,Saturnino Moure,false,https://es.wikipedia.org/wiki/Campeonato_de_Primera_C_2019-20_(Argentina)
2020-03-15,14:10,Brown de Adrogué,San Martín (T),1,0,,,Primera Nacional,2019,zonas,Zona B,Fecha 21,Lorenzo Arandilla,false,https://es.wikipedia.org/wiki/Campeonato_de_Primera_Nacional_2019-20
2020-03-15,15:05,Nueva Chicago,Ferro Carril Oeste,1,1,,,Primera Nacional,2019,zonas,Zona A,Fecha 21,Juan Pasquale,false,https://es.wikipedia.org/wiki/Campeonato_de_Primera_Nacional_2019-20
2020-03-15,16:00,Deportivo Español,Cañuelas,1,1,,,Primera C,2019,zonas,Torneo Clausura,Fecha 9,Nueva España,false,https://es.wikipedia.org/wiki/Campeonato_de_Primera_C_2019-20_(Argentina)
2020-03-15,16:00,Deportivo Merlo,Ferrocarril Midland,3,1,,,Primera C,2019,zonas,Torneo Clausura,Fecha 9,José Manuel Moreno,false,https://es.wikipedia.org/wiki/Campeonato_de_Primera_C_2019-20_(Argentina)
2020-03-15,16:00,Flandria,Sacachispas,2,2,,,Primera B,2019,zonas,Torneo Clausura,Fecha 8,Carlos V,false,https://es.wikipedia.org/wiki/Campeonato_de_Primera_B_2019-20_(Argentina)
2020-03-15,16:00,J. J. de Urquiza,Fénix,2,1,,,Primera B,2019,zonas,Torneo Clausura,Fecha 8,Ramón Roque Martín,false,https://es.wikipedia.org/wiki/Campeonato_de_Primera_B_2019-20_(Argentina)
2020-03-15,16:00,Real Pilar,El Porvenir,1,1,,,Primera C,2019,zonas,Torneo Clausura,Fecha 9,Carlos Barraza,false,https://es.wikipedia.org/wiki/Campeonato_de_Primera_C_2019-20_(Argentina)
2020-03-15,16:00,San Telmo,Tristán Suárez,0,3,,,Primera B,2019,zonas,Torneo Clausura,Fecha 8,Dr. Osvaldo Baletto,false,https://es.wikipedia.org/wiki/Campeonato_de_Primera_B_2019-20_(Argentina)
2020-03-15,16:00,Villa San Carlos,Defensores Unidos,2,1,,,Primera B,2019,zonas,Torneo Clausura,Fecha 8,Genacio Sálice,false,https://es.wikipedia.org/wiki/Campeonato_de_Primera_B_2019-20_(Argentina)
2020-03-15,16:05,Sol de Mayo (V),Cipolletti,1,1,,,Torneo Federal A,2019,zonas,Etapa clasificatoria,Fecha 23,Sol de Mayo,false,https://es.wikipedia.org/wiki/Torneo_Federal_A_2019-20
2020-03-15,16:30,Quilmes,Gimnasia y Esgrima (J),1,0,,,Primera Nacional,2019,zonas,Zona B,Fecha 21,Centenario,false,https://es.wikipedia.org/wiki/Campeonato_de_Primera_Nacional_2019-20
2020-03-15,17:05,Crucero del Norte,Gimnasia y Esgrima (CdU),2,1,,,Torneo Federal A,2019,zonas,Etapa clasificatoria,Fecha 23,Comandante Andrés Guacurarí,false,https://es.wikipedia.org/wiki/Torneo_Federal_A_2019-20
2020-03-15,17:05,Guillermo Brown,Atlanta,0,0,,,Primera Nacional,2019,zonas,Zona A,Fecha 21,Raúl Conti,false,https://es.wikipedia.org/wiki/Campeonato_de_Primera_Nacional_2019-20
2020-03-15,17:05,Huracán Las Heras,Sportivo Peñarol (C),0,0,,,Torneo Federal A,2019,zonas,Etapa clasificatoria,Fecha 23,General San Martín,false,https://es.wikipedia.org/wiki/Torneo_Federal_A_2019-20
2020-03-15,17:05,Olimpo,Sportivo Estudiantes (SL),2,0,,,Torneo Federal A,2019,zonas,Etapa clasificatoria,Fecha 23,Roberto Natalio Carminatti,false,https://es.wikipedia.org/wiki/Torneo_Federal_A_2019-20
2020-03-15,17:05,Sansinena,Ferro Carril Oeste (GP),1,1,,,Torneo Federal A,2019,zonas,Etapa clasificatoria,Fecha 23,Luis Molina,false,https://es.wikipedia.org/wiki/Torneo_Federal_A_2019-20
2020-03-15,17:05,Tigre,Instituto,0,3,,,Primera Nacional,2019,zonas,Zona B,Fecha 21,Monumental de Victoria,false,https://es.wikipedia.org/wiki/Campeonato_de_Primera_Nacional_2019-20
2020-03-15,17:15,Desamparados,Deportivo Maipú,1,1,,,Torneo Federal A,2019,zonas,Etapa clasificatoria,Fecha 23,El Serpentario,false,https://es.wikipedia.org/wiki/Torneo_Federal_A_2019-20
2020-03-15,17:45,San Martín (SJ),Deportivo Morón,0,2,,,Primera Nacional,2019,zonas,Zona A,Fecha 21,Ingeniero Hilario Sánchez,false,https://es.wikipedia.org/wiki/Campeonato_de_Primera_Nacional_2019-20
2020-03-15,18:30,Unión (S),Sportivo Belgrano,1,1,,,Torneo Federal A,2019,zonas,Etapa clasificatoria,Fecha 23,De la Avenida,false,https://es.wikipedia.org/wiki/Torneo_Federal_A_2019-20
2020-03-15,19:00,Boca Unidos,Central Norte (S),1,1,,,Torneo Federal A,2019,zonas,Etapa clasificatoria,Fecha 23,Leoncio Benítez,false,https://es.wikipedia.org/wiki/Torneo_Federal_A_2019-20
2020-03-15,19:00,Chaco For Ever,Defensores de Belgrano (VR),0,0,,,Torneo Federal A,2019,zonas,Etapa clasificatoria,Fecha 23,Juan Alberto García,false,https://es.wikipedia.org/wiki/Torneo_Federal_A_2019-20
2020-03-15,19:10,Belgrano,Platense,1,1,,,Primera Nacional,2019,zonas,Zona A,Fecha 21,Gigante de Alberdi,false,https://es.wikipedia.org/wiki/Campeonato_de_Primera_Nacional_2019-20
2020-03-16,16:00,Deportivo Riestra,Villa Dálmine,1,1,,,Primera Nacional,2019,zonas,Zona B,Fecha 21,Guillermo Laza,false,https://es.wikipedia.org/wiki/Campeonato_de_Primera_Nacional_2019-20
2020-03-16,16:00,Douglas Haig,Juventud Unida (G),1,1,,,Torneo Federal A,2019,zonas,Etapa clasificatoria,Fecha 23,Miguel Morales,false,https://es.wikipedia.org/wiki/Torneo_Federal_A_2019-20
2020-03-16,16:00,Luján,Dock Sud,2,1,,,Primera C,2019,zonas,Torneo Clausura,Fecha 9,Municipal de la Ciudad de Luján,false,https://es.wikipedia.org/wiki/Campeonato_de_Primera_C_2019-20_(Argentina)
2020-03-16,16:00,San Martín (B),General Lamadrid,2,1,,,Primera C,2019,zonas,Torneo Clausura,Fecha 9,Francisco Boga,false,https://es.wikipedia.org/wiki/Campeonato_de_Primera_C_2019-20_(Argentina)
2020-03-16,18:00,Excursionistas,Leandro N. Alem,3,1,,,Primera C,2019,zonas,Torneo Clausura,Fecha 9,Excursionistas,false,https://es.wikipedia.org/wiki/Campeonato_de_Primera_C_2019-20_(Argentina)
2020-03-16,20:00,Agropecuario,Barracas Central,2,0,,,Primera Nacional,2019,zonas,Zona A,Fecha 21,Ofelia Rosenzuaig,false,https://es.wikipedia.org/wiki/Campeonato_de_Primera_Nacional_2019-20
2020-03-16,21:10,Chacarita Juniors,Almagro,1,2,,,Primera Nacional,2019,zonas,Zona B,Fecha 21,Chacarita Juniors,false,https://es.wikipedia.org/wiki/Campeonato_de_Primera_Nacional_2019-20
2020-07-27,12:00,Victoriano Arenas,San Martín (B),0,0,,,Primera C,2019,zonas,Torneo Apertura,Fecha 1,Saturnino Moure,false,https://es.wikipedia.org/wiki/Campeonato_de_Primera_C_2019-20_(Argentina)
2020-07-27,15:30,Argentino de Merlo,Berazategui,2,1,,,Primera C,2019,zonas,Torneo Apertura,Fecha 1,Merlo,false,https://es.wikipedia.org/wiki/Campeonato_de_Primera_C_2019-20_(Argentina)
2020-07-27,15:30,Cañuelas,Deportivo Laferrere,1,0,,,Primera C,2019,zonas,Torneo Apertura,Fecha 1,José Alfredo Arín,false,https://es.wikipedia.org/wiki/Campeonato_de_Primera_C_2019-20_(Argentina)
2020-07-27,15:30,Leandro N. Alem,Ferrocarril Midland,1,1,,,Primera C,2019,zonas,Torneo Apertura,Fecha 1,Leandro N. Alem,false,https://es.wikipedia.org/wiki/Campeonato_de_Primera_C_2019-20_(Argentina)
2020-07-28,15:30,El Porvenir,Dock Sud,0,0,,,Primera C,2019,zonas,Torneo Apertura,Fecha 1,Gildo Francisco Ghersinich,false,https://es.wikipedia.org/wiki/Campeonato_de_Primera_C_2019-20_(Argentina)
2020-07-28,15:30,Ituzaingó,Luján,2,1,,,Primera C,2019,zonas,Torneo Apertura,Fecha 1,Carlos Alberto Sacaan,false,https://es.wikipedia.org/wiki/Campeonato_de_Primera_C_2019-20_(Argentina)
2020-07-28,15:30,Sportivo Italiano,Central Córdoba (R),1,0,,,Primera C,2019,zonas,Torneo Apertura,Fecha 1,República de Italia,false,https://es.wikipedia.org/wiki/Campeonato_de_Primera_C_2019-20_(Argentina)
2020-07-30,15:30,Deportivo Español,Deportivo Merlo,0,3,,,Primera C,2019,zonas,Torneo Apertura,Fecha 1,Islas Malvinas,false,https://es.wikipedia.org/wiki/Campeonato_de_Primera_C_2019-20_(Argentina)
